seed,method,config,features,threshold,train_n,validation_n,selection_seconds,accuracy,balanced_accuracy,auc,fit_seconds,prediction_seconds
42,PSS SC-CV,"{""method"":""PSS SC-CV"",""n_min"":5,""noise"":0.0001,""tau"":0.9}",5,60.0,9669,4145,56.860797000001185,0.7117008443908324,0.7048151301967276,0.7650592045884375,1.0707918329862878,1.277226917038206
42,PSS SC-CV,"{""method"":""PSS SC-CV"",""n_min"":5,""noise"":0.0001,""tau"":0.9}",10,60.0,9669,4145,56.860797000001185,0.7558504221954162,0.751028133765762,0.8329908171328632,0.894412541994825,1.1599923750036396
42,PSS SC-CV,"{""method"":""PSS SC-CV"",""n_min"":5,""noise"":0.0001,""tau"":0.9}",20,60.0,9669,4145,56.860797000001185,0.8159227985524728,0.8127530250656321,0.8900745358944495,0.8652432500384748,1.1333607080159709
42,PSS SC-CV,"{""method"":""PSS SC-CV"",""n_min"":10,""noise"":0.0001,""tau"":0.9}",5,60.0,9669,4145,48.945722625008784,0.7020506634499397,0.695645019642797,0.7612133874368492,1.0736845000064932,1.3556124169845134
42,PSS SC-CV,"{""method"":""PSS SC-CV"",""n_min"":10,""noise"":0.0001,""tau"":0.9}",10,60.0,9669,4145,48.945722625008784,0.7700844390832328,0.7665974846359247,0.8496249330571981,0.8679738329956308,1.103284624987282
42,PSS SC-CV,"{""method"":""PSS SC-CV"",""n_min"":10,""noise"":0.0001,""tau"":0.9}",20,60.0,9669,4145,48.945722625008784,0.8161640530759952,0.8124104698542052,0.889492648463218,0.8860143750207499,1.173580957984086
42,PSS SC-CV,"{""method"":""PSS SC-CV"",""n_min"":5,""noise"":0.0001,""tau"":0.95}",5,60.0,9669,4145,40.98345895798411,0.6979493365500603,0.6900145682516974,0.7699273038622719,0.9278872500290164,1.3257652090396732
42,PSS SC-CV,"{""method"":""PSS SC-CV"",""n_min"":5,""noise"":0.0001,""tau"":0.95}",10,60.0,9669,4145,40.98345895798411,0.7657418576598312,0.7631890193207225,0.8503404720263352,0.8496949169784784,1.1401469170232303
42,PSS SC-CV,"{""method"":""PSS SC-CV"",""n_min"":5,""noise"":0.0001,""tau"":0.95}",20,60.0,9669,4145,40.98345895798411,0.8159227985524728,0.8127530250656321,0.8900745358944495,0.8652432500384748,1.1333607080159709
42,PSS SC-CV,"{""method"":""PSS SC-CV"",""n_min"":10,""noise"":0.0001,""tau"":0.95}",5,60.0,9669,4145,0.0017974160145968,0.6979493365500603,0.6900145682516974,0.7699273038622719,0.9278872500290164,1.3257652090396732
42,PSS SC-CV,"{""method"":""PSS SC-CV"",""n_min"":10,""noise"":0.0001,""tau"":0.95}",10,60.0,9669,4145,0.0017974160145968,0.7657418576598312,0.7631890193207225,0.8503404720263352,0.8496949169784784,1.1401469170232303
42,PSS SC-CV,"{""method"":""PSS SC-CV"",""n_min"":10,""noise"":0.0001,""tau"":0.95}",20,60.0,9669,4145,0.0017974160145968,0.8159227985524728,0.8127530250656321,0.8900745358944495,0.8652432500384748,1.1333607080159709
42,PSS SC-CV,"{""method"":""PSS SC-CV"",""n_min"":5,""noise"":0.0001,""tau"":0.99}",5,60.0,9669,4145,57.72080633294536,0.6887816646562123,0.682996224051472,0.7613662323654871,0.9662353749736212,1.451480750052724
42,PSS SC-CV,"{""method"":""PSS SC-CV"",""n_min"":5,""noise"":0.0001,""tau"":0.99}",10,60.0,9669,4145,57.72080633294536,0.7683956574185766,0.7684989176800152,0.8427064178953557,0.9778496669605374,1.2495745829655789
42,PSS SC-CV,"{""method"":""PSS SC-CV"",""n_min"":5,""noise"":0.0001,""tau"":0.99}",20,60.0,9669,4145,57.72080633294536,0.8173703256936068,0.8138537192109925,0.889671474689067,0.9203503750031814,1.1523921669577248
42,PSS SC-CV,"{""method"":""PSS SC-CV"",""n_min"":10,""noise"":0.0001,""tau"":0.99}",5,60.0,9669,4145,0.0018945419578813,0.6887816646562123,0.682996224051472,0.7613662323654871,0.9662353749736212,1.451480750052724
42,PSS SC-CV,"{""method"":""PSS SC-CV"",""n_min"":10,""noise"":0.0001,""tau"":0.99}",10,60.0,9669,4145,0.0018945419578813,0.7683956574185766,0.7684989176800152,0.8427064178953557,0.9778496669605374,1.2495745829655789
42,PSS SC-CV,"{""method"":""PSS SC-CV"",""n_min"":10,""noise"":0.0001,""tau"":0.99}",20,60.0,9669,4145,0.0018945419578813,0.8173703256936068,0.8138537192109925,0.889671474689067,0.9203503750031814,1.1523921669577248
42,Joint Ross MI,"{""k"":1,""method"":""Joint Ross MI"",""noise"":0.0001}",5,60.0,9669,4145,7.973708917037584,0.6829915560916767,0.6717494822465817,0.739401269198072,0.934435582952574,1.5004837500164283
42,Joint Ross MI,"{""k"":1,""method"":""Joint Ross MI"",""noise"":0.0001}",10,60.0,9669,4145,7.973708917037584,0.75729794933655,0.7496465607316334,0.8339341020676431,0.9124299169634468,1.2900195000111123
42,Joint Ross MI,"{""k"":1,""method"":""Joint Ross MI"",""noise"":0.0001}",20,60.0,9669,4145,7.973708917037584,0.8108564535585042,0.8076417314872725,0.8794278216156902,0.9248536250088364,1.231548625044525
42,Joint Ross MI,"{""k"":3,""method"":""Joint Ross MI"",""noise"":0.0001}",5,60.0,9669,4145,13.27305412502028,0.7201447527141134,0.7161944702436905,0.7843257408648823,0.9515382919926196,1.3459801249555312
42,Joint Ross MI,"{""k"":3,""method"":""Joint Ross MI"",""noise"":0.0001}",10,60.0,9669,4145,13.27305412502028,0.7606755126658625,0.755311770885218,0.8335392331631832,0.9362129580113104,1.2720209170365706
42,Joint Ross MI,"{""k"":3,""method"":""Joint Ross MI"",""noise"":0.0001}",20,60.0,9669,4145,13.27305412502028,0.8060313630880579,0.8028971018916258,0.8769553851973082,0.9395363329676912,1.2467199580278248
42,Joint Ross MI,"{""k"":5,""method"":""Joint Ross MI"",""noise"":0.0001}",5,60.0,9669,4145,18.73526333400514,0.7170084439083233,0.7090874151277624,0.7776424617723833,0.9575995420455,1.4185853750095705
42,Joint Ross MI,"{""k"":5,""method"":""Joint Ross MI"",""noise"":0.0001}",10,60.0,9669,4145,18.73526333400514,0.7819059107358263,0.7792094148730989,0.8466171882899719,0.8973778749932535,1.3301769170211628
42,Joint Ross MI,"{""k"":5,""method"":""Joint Ross MI"",""noise"":0.0001}",20,60.0,9669,4145,18.73526333400514,0.8108564535585042,0.8076417314872725,0.8794278216156902,0.9248536250088364,1.231548625044525
42,Joint Ross MI,"{""k"":10,""method"":""Joint Ross MI"",""noise"":0.0001}",5,60.0,9669,4145,29.8402437089826,0.7430639324487334,0.7434743641838222,0.8056329793010985,0.9365665839868598,1.53610754100373
42,Joint Ross MI,"{""k"":10,""method"":""Joint Ross MI"",""noise"":0.0001}",10,60.0,9669,4145,29.8402437089826,0.7857659831121834,0.7827001542961363,0.857432429901992,0.8771028330083936,1.283736624987796
42,Joint Ross MI,"{""k"":10,""method"":""Joint Ross MI"",""noise"":0.0001}",20,60.0,9669,4145,29.8402437089826,0.8108564535585042,0.8072161999707885,0.878626614585479,0.9453181250137276,1.2880437500425614
42,Joint Ross MI,"{""k"":15,""method"":""Joint Ross MI"",""noise"":0.0001}",5,60.0,9669,4145,50.74521779199131,0.7394451145958987,0.7401020620255487,0.8012969114557391,0.8970191249973141,1.2906922090332955
42,Joint Ross MI,"{""k"":15,""method"":""Joint Ross MI"",""noise"":0.0001}",10,60.0,9669,4145,50.74521779199131,0.7961399276236429,0.7920837328055307,0.8674771270958246,0.8333634580485523,1.1699045419809408
42,Joint Ross MI,"{""k"":15,""method"":""Joint Ross MI"",""noise"":0.0001}",20,60.0,9669,4145,50.74521779199131,0.8171290711700845,0.8138416648253495,0.8904476366850299,0.9012703750049696,1.2161244169692509
42,Joint Ross MI,"{""k"":20,""method"":""Joint Ross MI"",""noise"":0.0001}",5,60.0,9669,4145,50.600892334012315,0.7331724969843184,0.7282638360940608,0.7995208206157614,0.8576437499723397,1.270107208983973
42,Joint Ross MI,"{""k"":20,""method"":""Joint Ross MI"",""noise"":0.0001}",10,60.0,9669,4145,50.600892334012315,0.7963811821471652,0.7925567796673645,0.8618073526602977,0.8290915410034359,1.1382406660122797
42,Joint Ross MI,"{""k"":20,""method"":""Joint Ross MI"",""noise"":0.0001}",20,60.0,9669,4145,50.600892334012315,0.8118214716525934,0.808576473022519,0.8894067463364029,0.8581422499846667,1.1454005829873497
42,Univariate Ross MI,"{""k"":1,""method"":""Univariate Ross MI"",""noise"":0.0001}",5,60.0,9669,4145,6.0999998822808266e-05,0.6993968636911942,0.6949095850857054,0.7743289101150106,0.9469152499805203,1.3661788750323467
42,Univariate Ross MI,"{""k"":1,""method"":""Univariate Ross MI"",""noise"":0.0001}",10,60.0,9669,4145,6.0999998822808266e-05,0.7447527141133896,0.740580024267936,0.8235589040480265,0.9630848749657162,1.2952424999675711
42,Univariate Ross MI,"{""k"":1,""method"":""Univariate Ross MI"",""noise"":0.0001}",20,60.0,9669,4145,6.0999998822808266e-05,0.8159227985524728,0.8117246572341295,0.8881039364239998,0.9426425410201772,1.1913260410074145
42,Univariate Ross MI,"{""k"":3,""method"":""Univariate Ross MI"",""noise"":0.0001}",5,60.0,9669,4145,2.358300844207406e-05,0.7010856453558504,0.6970152404885046,0.7725941318782559,0.9311960419872776,1.3670418330002576
42,Univariate Ross MI,"{""k"":3,""method"":""Univariate Ross MI"",""noise"":0.0001}",10,60.0,9669,4145,2.358300844207406e-05,0.753437876960193,0.7498792220778296,0.8342917545193412,0.8959722089930438,1.198738333012443
42,Univariate Ross MI,"{""k"":3,""method"":""Univariate Ross MI"",""noise"":0.0001}",20,60.0,9669,4145,2.358300844207406e-05,0.8084439083232811,0.8048261546931117,0.8860773952415372,0.8735128749976866,1.155254791956395
42,Univariate Ross MI,"{""k"":5,""method"":""Univariate Ross MI"",""noise"":0.0001}",5,60.0,9669,4145,2.8332986403256655e-05,0.7010856453558504,0.6970152404885046,0.7725941318782559,0.9311960419872776,1.3670418330002576
42,Univariate Ross MI,"{""k"":5,""method"":""Univariate Ross MI"",""noise"":0.0001}",10,60.0,9669,4145,2.8332986403256655e-05,0.7589867310012063,0.7572486648890153,0.8456373890996521,0.8504800419905223,1.1372721249936149
42,Univariate Ross MI,"{""k"":5,""method"":""Univariate Ross MI"",""noise"":0.0001}",20,60.0,9669,4145,2.8332986403256655e-05,0.81978287092883,0.8163856083274973,0.8911133196514105,0.8476297499728389,1.1091220420203172
42,Univariate Ross MI,"{""k"":10,""method"":""Univariate Ross MI"",""noise"":0.0001}",5,60.0,9669,4145,1.816597068682313e-05,0.6952955367913148,0.6891018288960711,0.758064266962276,0.9697920000180602,1.3898282499867491
42,Univariate Ross MI,"{""k"":10,""method"":""Univariate Ross MI"",""noise"":0.0001}",10,60.0,9669,4145,1.816597068682313e-05,0.7724969843184559,0.7726754697231284,0.8494980694257711,0.8510005419957452,1.1304355410393327
42,Univariate Ross MI,"{""k"":10,""method"":""Univariate Ross MI"",""noise"":0.0001}",20,60.0,9669,4145,1.816597068682313e-05,0.81978287092883,0.8163856083274973,0.8911133196514105,0.8476297499728389,1.1091220420203172
42,Univariate Ross MI,"{""k"":15,""method"":""Univariate Ross MI"",""noise"":0.0001}",5,60.0,9669,4145,2.9958959203213453e-05,0.6858866103739445,0.6794827802515926,0.7369719008759676,0.9958656670060008,1.4255829580361024
42,Univariate Ross MI,"{""k"":15,""method"":""Univariate Ross MI"",""noise"":0.0001}",10,60.0,9669,4145,2.9958959203213453e-05,0.7659831121833535,0.7661443333620455,0.8466513618881054,0.8443815839709714,1.1161566249793395
42,Univariate Ross MI,"{""k"":15,""method"":""Univariate Ross MI"",""noise"":0.0001}",20,60.0,9669,4145,2.9958959203213453e-05,0.81978287092883,0.8163856083274973,0.8911133196514105,0.8476297499728389,1.1091220420203172
42,Univariate Ross MI,"{""k"":20,""method"":""Univariate Ross MI"",""noise"":0.0001}",5,60.0,9669,4145,1.9499973859637976e-05,0.7027744270205066,0.6965322458326935,0.768913448106689,0.978926000010688,1.2602704169694334
42,Univariate Ross MI,"{""k"":20,""method"":""Univariate Ross MI"",""noise"":0.0001}",10,60.0,9669,4145,1.9499973859637976e-05,0.7500603136308805,0.7464480523857853,0.8297354308120395,0.9134141670074314,1.2051477920031175
42,Univariate Ross MI,"{""k"":20,""method"":""Univariate Ross MI"",""noise"":0.0001}",20,60.0,9669,4145,1.9499973859637976e-05,0.81978287092883,0.8163856083274973,0.8911133196514105,0.8476297499728389,1.1091220420203172
42,PSS SC-CV,"{""method"":""PSS SC-CV"",""n_min"":5,""noise"":1e-05,""tau"":0.9}",5,60.0,9669,4145,56.78628974995809,0.7039806996381183,0.6973371979147551,0.7651885259101412,1.0933228750363924,1.2498199999681674
42,PSS SC-CV,"{""method"":""PSS SC-CV"",""n_min"":5,""noise"":1e-05,""tau"":0.9}",10,60.0,9669,4145,56.78628974995809,0.7756332931242461,0.7702789876375838,0.8504083510911208,0.8670034999959171,1.1363962090108544
42,PSS SC-CV,"{""method"":""PSS SC-CV"",""n_min"":5,""noise"":1e-05,""tau"":0.9}",20,60.0,9669,4145,56.78628974995809,0.8168878166465621,0.8135104618023437,0.8907364738089798,0.846271832997445,1.1459058750187978
42,PSS SC-CV,"{""method"":""PSS SC-CV"",""n_min"":10,""noise"":1e-05,""tau"":0.9}",5,60.0,9669,4145,50.73234124999726,0.7158021712907117,0.7118640199761066,0.7896321282380655,0.926698875031434,1.24740033299895
42,PSS SC-CV,"{""method"":""PSS SC-CV"",""n_min"":10,""noise"":1e-05,""tau"":0.9}",10,60.0,9669,4145,50.73234124999726,0.7710494571773221,0.7663974754605477,0.8485699987641329,0.85023804201046,1.138804457965307
42,PSS SC-CV,"{""method"":""PSS SC-CV"",""n_min"":10,""noise"":1e-05,""tau"":0.9}",20,60.0,9669,4145,50.73234124999726,0.8159227985524728,0.8127530250656321,0.8900745358944495,0.8596168329822831,1.1222001669812016
42,PSS SC-CV,"{""method"":""PSS SC-CV"",""n_min"":5,""noise"":1e-05,""tau"":0.95}",5,60.0,9669,4145,54.2896669160109,0.7037394451145959,0.6952329469063999,0.7608260086360895,0.9927277080132626,1.2506582500063814
42,PSS SC-CV,"{""method"":""PSS SC-CV"",""n_min"":5,""noise"":1e-05,""tau"":0.95}",10,60.0,9669,4145,54.2896669160109,0.7698431845597105,0.7693159241477199,0.8457951494088436,0.8574621669831686,1.1246468750177885
42,PSS SC-CV,"{""method"":""PSS SC-CV"",""n_min"":5,""noise"":1e-05,""tau"":0.95}",20,60.0,9669,4145,54.2896669160109,0.8173703256936068,0.8138537192109925,0.889671474689067,0.9028702920186332,1.1653805420501158
42,PSS SC-CV,"{""method"":""PSS SC-CV"",""n_min"":10,""noise"":1e-05,""tau"":0.95}",5,60.0,9669,4145,0.0016480000340379,0.7037394451145959,0.6952329469063999,0.7608260086360895,0.9927277080132626,1.2506582500063814
42,PSS SC-CV,"{""method"":""PSS SC-CV"",""n_min"":10,""noise"":1e-05,""tau"":0.95}",10,60.0,9669,4145,0.0016480000340379,0.7698431845597105,0.7693159241477199,0.8457951494088436,0.8574621669831686,1.1246468750177885
42,PSS SC-CV,"{""method"":""PSS SC-CV"",""n_min"":10,""noise"":1e-05,""tau"":0.95}",20,60.0,9669,4145,0.0016480000340379,0.8173703256936068,0.8138537192109925,0.889671474689067,0.9028702920186332,1.1653805420501158
42,PSS SC-CV,"{""method"":""PSS SC-CV"",""n_min"":5,""noise"":1e-05,""tau"":0.99}",5,60.0,9669,4145,54.51524966699071,0.697708082026538,0.6891869117927938,0.7626973642325079,0.9086021659895778,1.4494343330152333
42,PSS SC-CV,"{""method"":""PSS SC-CV"",""n_min"":5,""noise"":1e-05,""tau"":0.99}",10,60.0,9669,4145,54.51524966699071,0.7686369119420989,0.7675889871132766,0.8445986053426909,0.8826779589871876,1.1725335420342162
42,PSS SC-CV,"{""method"":""PSS SC-CV"",""n_min"":5,""noise"":1e-05,""tau"":0.99}",20,60.0,9669,4145,54.51524966699071,0.8164053075995175,0.813025360554867,0.8833767447260308,0.934623749984894,1.1942607500241138
42,PSS SC-CV,"{""method"":""PSS SC-CV"",""n_min"":10,""noise"":1e-05,""tau"":0.99}",5,60.0,9669,4145,0.0018579579773359,0.697708082026538,0.6891869117927938,0.7626973642325079,0.9086021659895778,1.4494343330152333
42,PSS SC-CV,"{""method"":""PSS SC-CV"",""n_min"":10,""noise"":1e-05,""tau"":0.99}",10,60.0,9669,4145,0.0018579579773359,0.7686369119420989,0.7675889871132766,0.8445986053426909,0.8826779589871876,1.1725335420342162
42,PSS SC-CV,"{""method"":""PSS SC-CV"",""n_min"":10,""noise"":1e-05,""tau"":0.99}",20,60.0,9669,4145,0.0018579579773359,0.8164053075995175,0.813025360554867,0.8833767447260308,0.934623749984894,1.1942607500241138
42,Joint Ross MI,"{""k"":1,""method"":""Joint Ross MI"",""noise"":1e-05}",5,60.0,9669,4145,8.064253624994308,0.6815440289505428,0.6710388586579981,0.7379342621686097,1.0564002090250142,1.5575071250204928
42,Joint Ross MI,"{""k"":1,""method"":""Joint Ross MI"",""noise"":1e-05}",10,60.0,9669,4145,8.064253624994308,0.7517490952955368,0.7437310172684342,0.8394152195162142,0.8916804590262473,1.293580707977526
42,Joint Ross MI,"{""k"":1,""method"":""Joint Ross MI"",""noise"":1e-05}",20,60.0,9669,4145,8.064253624994308,0.8108564535585042,0.8076417314872725,0.8794278216156902,0.9488018340198324,1.2029607499716803
42,Joint Ross MI,"{""k"":3,""method"":""Joint Ross MI"",""noise"":1e-05}",5,60.0,9669,4145,12.461564041965175,0.6849215922798553,0.6730870509214699,0.7462258069650475,0.9583672920125536,1.4812909589963963
42,Joint Ross MI,"{""k"":3,""method"":""Joint Ross MI"",""noise"":1e-05}",10,60.0,9669,4145,12.461564041965175,0.7575392038600723,0.7492330836007924,0.8292382751789199,0.909947041014675,1.2659334589843638
42,Joint Ross MI,"{""k"":3,""method"":""Joint Ross MI"",""noise"":1e-05}",20,60.0,9669,4145,12.461564041965175,0.8108564535585042,0.8076417314872725,0.8794278216156902,0.9488018340198324,1.2029607499716803
42,Joint Ross MI,"{""k"":5,""method"":""Joint Ross MI"",""noise"":1e-05}",5,60.0,9669,4145,18.103634541039355,0.7242460796139928,0.7196618030926638,0.7948313135020354,0.8876058750320226,1.3300920000183396
42,Joint Ross MI,"{""k"":5,""method"":""Joint Ross MI"",""noise"":1e-05}",10,60.0,9669,4145,18.103634541039355,0.7852834740651388,0.7820022872904175,0.8590629318512913,0.8457983750267886,1.1969044579891488
42,Joint Ross MI,"{""k"":5,""method"":""Joint Ross MI"",""noise"":1e-05}",20,60.0,9669,4145,18.103634541039355,0.8072376357056695,0.8035956710945663,0.8792684228463143,0.9162873750319704,1.2100655420217663
42,Joint Ross MI,"{""k"":10,""method"":""Joint Ross MI"",""noise"":1e-05}",5,60.0,9669,4145,30.869348874955904,0.7430639324487334,0.7434743641838222,0.8056329793010985,0.910912916995585,1.2415733749512583
42,Joint Ross MI,"{""k"":10,""method"":""Joint Ross MI"",""noise"":1e-05}",10,60.0,9669,4145,30.869348874955904,0.7857659831121834,0.7827001542961363,0.857432429901992,0.8647177499951795,1.1563045000075365
42,Joint Ross MI,"{""k"":10,""method"":""Joint Ross MI"",""noise"":1e-05}",20,60.0,9669,4145,30.869348874955904,0.8108564535585042,0.8072161999707885,0.878626614585479,0.8913204169948585,1.2165925840381533
42,Joint Ross MI,"{""k"":15,""method"":""Joint Ross MI"",""noise"":1e-05}",5,60.0,9669,4145,50.7519864999922,0.7394451145958987,0.7401020620255487,0.8012969114557391,0.9020414999686182,1.259795333025977
42,Joint Ross MI,"{""k"":15,""method"":""Joint Ross MI"",""noise"":1e-05}",10,60.0,9669,4145,50.7519864999922,0.8079613992762364,0.8038091390500302,0.8700237623539899,0.8338218330172822,1.1350427080178631
42,Joint Ross MI,"{""k"":15,""method"":""Joint Ross MI"",""noise"":1e-05}",20,60.0,9669,4145,50.7519864999922,0.8171290711700845,0.8138416648253495,0.8904476366850299,0.867165291972924,1.1331952500040643
42,Joint Ross MI,"{""k"":20,""method"":""Joint Ross MI"",""noise"":1e-05}",5,60.0,9669,4145,52.003184833039995,0.7331724969843184,0.7282638360940608,0.7995208206157614,0.8684023339883424,1.2528064590296708
42,Joint Ross MI,"{""k"":20,""method"":""Joint Ross MI"",""noise"":1e-05}",10,60.0,9669,4145,52.003184833039995,0.7963811821471652,0.7925567796673645,0.8618073526602977,0.8226978330058046,1.193785791983828
42,Joint Ross MI,"{""k"":20,""method"":""Joint Ross MI"",""noise"":1e-05}",20,60.0,9669,4145,52.003184833039995,0.8118214716525934,0.808576473022519,0.8894067463364029,0.8658615000313148,1.1485505000455305
42,Univariate Ross MI,"{""k"":1,""method"":""Univariate Ross MI"",""noise"":1e-05}",5,60.0,9669,4145,4.129199078306556e-05,0.6993968636911942,0.6923209350270955,0.758453986420442,0.9870259159943088,1.3704192080185749
42,Univariate Ross MI,"{""k"":1,""method"":""Univariate Ross MI"",""noise"":1e-05}",10,60.0,9669,4145,4.129199078306556e-05,0.7551266586248492,0.7514175021253169,0.8370691785977777,0.9106925830128604,1.253474541998003
42,Univariate Ross MI,"{""k"":1,""method"":""Univariate Ross MI"",""noise"":1e-05}",20,60.0,9669,4145,4.129199078306556e-05,0.8164053075995175,0.813025360554867,0.8856961021500342,0.8822601670399308,1.1843730000546202
42,Univariate Ross MI,"{""k"":3,""method"":""Univariate Ross MI"",""noise"":1e-05}",5,60.0,9669,4145,2.379197394475341e-05,0.7201447527141134,0.714953336653946,0.7884452979001495,0.8973815829958767,1.351415166980587
42,Univariate Ross MI,"{""k"":3,""method"":""Univariate Ross MI"",""noise"":1e-05}",10,60.0,9669,4145,2.379197394475341e-05,0.7640530759951749,0.7631755605406356,0.8447757931083556,0.8753664999967441,1.192187374981586
42,Univariate Ross MI,"{""k"":3,""method"":""Univariate Ross MI"",""noise"":1e-05}",20,60.0,9669,4145,2.379197394475341e-05,0.81978287092883,0.8163856083274973,0.8911133196514105,0.8406997920246795,1.1166176660335625
42,Univariate Ross MI,"{""k"":5,""method"":""Univariate Ross MI"",""noise"":1e-05}",5,60.0,9669,4145,1.9291008356958628e-05,0.7010856453558504,0.6970152404885046,0.7725941318782559,0.9536567500326782,1.3492552079842426
42,Univariate Ross MI,"{""k"":5,""method"":""Univariate Ross MI"",""noise"":1e-05}",10,60.0,9669,4145,1.9291008356958628e-05,0.7724969843184559,0.7726400087634213,0.8504362049142571,0.8267978749936447,1.115879542019684
42,Univariate Ross MI,"{""k"":5,""method"":""Univariate Ross MI"",""noise"":1e-05}",20,60.0,9669,4145,1.9291008356958628e-05,0.81978287092883,0.8163856083274973,0.8911133196514105,0.8406997920246795,1.1166176660335625
42,Univariate Ross MI,"{""k"":10,""method"":""Univariate Ross MI"",""noise"":1e-05}",5,60.0,9669,4145,3.270799061283469e-05,0.7430639324487334,0.7426233011508544,0.8090028237690952,0.8488680840237066,1.1988062080345117
42,Univariate Ross MI,"{""k"":10,""method"":""Univariate Ross MI"",""noise"":1e-05}",10,60.0,9669,4145,3.270799061283469e-05,0.7724969843184559,0.7726754697231284,0.8494980694257711,0.8495989579823799,1.2887332499958577
42,Univariate Ross MI,"{""k"":10,""method"":""Univariate Ross MI"",""noise"":1e-05}",20,60.0,9669,4145,3.270799061283469e-05,0.81978287092883,0.8163856083274973,0.8911133196514105,0.8406997920246795,1.1166176660335625
42,Univariate Ross MI,"{""k"":15,""method"":""Univariate Ross MI"",""noise"":1e-05}",5,60.0,9669,4145,2.724997466430068e-05,0.6967430639324488,0.6902379840011386,0.7549004003460428,0.9883499999996276,1.3542257499648258
42,Univariate Ross MI,"{""k"":15,""method"":""Univariate Ross MI"",""noise"":1e-05}",10,60.0,9669,4145,2.724997466430068e-05,0.7659831121833535,0.7661443333620455,0.8466513618881054,0.8315718749654479,1.113032666966319
42,Univariate Ross MI,"{""k"":15,""method"":""Univariate Ross MI"",""noise"":1e-05}",20,60.0,9669,4145,2.724997466430068e-05,0.81978287092883,0.8163856083274973,0.8911133196514105,0.8406997920246795,1.1166176660335625
42,Univariate Ross MI,"{""k"":20,""method"":""Univariate Ross MI"",""noise"":1e-05}",5,60.0,9669,4145,1.8584018107503653e-05,0.7027744270205066,0.6965322458326935,0.768913448106689,0.975336875009816,1.2204125829739496
42,Univariate Ross MI,"{""k"":20,""method"":""Univariate Ross MI"",""noise"":1e-05}",10,60.0,9669,4145,1.8584018107503653e-05,0.7500603136308805,0.7464480523857853,0.8297354308120395,1.0598780830041503,1.6172879170044323
42,Univariate Ross MI,"{""k"":20,""method"":""Univariate Ross MI"",""noise"":1e-05}",20,60.0,9669,4145,1.8584018107503653e-05,0.81978287092883,0.8163856083274973,0.8911133196514105,0.8406997920246795,1.1166176660335625
43,PSS SC-CV,"{""method"":""PSS SC-CV"",""n_min"":5,""noise"":0.0001,""tau"":0.9}",5,60.0,9669,4145,59.76160354202147,0.7211097708082026,0.71436425427491,0.7833224148887371,1.070400333032012,1.3806379580055363
43,PSS SC-CV,"{""method"":""PSS SC-CV"",""n_min"":5,""noise"":0.0001,""tau"":0.9}",10,60.0,9669,4145,59.76160354202147,0.7843184559710494,0.7806704252301642,0.8608316815386636,0.8875928330235183,1.1894617499783635
43,PSS SC-CV,"{""method"":""PSS SC-CV"",""n_min"":5,""noise"":0.0001,""tau"":0.9}",20,60.0,9669,4145,59.76160354202147,0.8291917973462002,0.8263310332121783,0.902029287617081,0.8728964159963652,1.1527023749658838
43,PSS SC-CV,"{""method"":""PSS SC-CV"",""n_min"":10,""noise"":0.0001,""tau"":0.9}",5,60.0,9669,4145,0.0017950420151464,0.7211097708082026,0.71436425427491,0.7833224148887371,1.070400333032012,1.3806379580055363
43,PSS SC-CV,"{""method"":""PSS SC-CV"",""n_min"":10,""noise"":0.0001,""tau"":0.9}",10,60.0,9669,4145,0.0017950420151464,0.7843184559710494,0.7806704252301642,0.8608316815386636,0.8875928330235183,1.1894617499783635
43,PSS SC-CV,"{""method"":""PSS SC-CV"",""n_min"":10,""noise"":0.0001,""tau"":0.9}",20,60.0,9669,4145,0.0017950420151464,0.8291917973462002,0.8263310332121783,0.902029287617081,0.8728964159963652,1.1527023749658838
43,PSS SC-CV,"{""method"":""PSS SC-CV"",""n_min"":5,""noise"":0.0001,""tau"":0.95}",5,60.0,9669,4145,55.73402570799226,0.7218335343787696,0.7160816297520367,0.78246927989234,1.0478222909732722,1.3864418340381237
43,PSS SC-CV,"{""method"":""PSS SC-CV"",""n_min"":5,""noise"":0.0001,""tau"":0.95}",10,60.0,9669,4145,55.73402570799226,0.77708082026538,0.7759807545463515,0.8575849055192152,0.9071249580010772,1.1607462920364924
43,PSS SC-CV,"{""method"":""PSS SC-CV"",""n_min"":5,""noise"":0.0001,""tau"":0.95}",20,60.0,9669,4145,55.73402570799226,0.8238841978287093,0.8210638773430818,0.8989094648185271,0.8937758749816567,1.1450822500046345
43,PSS SC-CV,"{""method"":""PSS SC-CV"",""n_min"":10,""noise"":0.0001,""tau"":0.95}",5,60.0,9669,4145,0.0017617500270716,0.7218335343787696,0.7160816297520367,0.78246927989234,1.0478222909732722,1.3864418340381237
43,PSS SC-CV,"{""method"":""PSS SC-CV"",""n_min"":10,""noise"":0.0001,""tau"":0.95}",10,60.0,9669,4145,0.0017617500270716,0.77708082026538,0.7759807545463515,0.8575849055192152,0.9071249580010772,1.1607462920364924
43,PSS SC-CV,"{""method"":""PSS SC-CV"",""n_min"":10,""noise"":0.0001,""tau"":0.95}",20,60.0,9669,4145,0.0017617500270716,0.8238841978287093,0.8210638773430818,0.8989094648185271,0.8937758749816567,1.1450822500046345
43,PSS SC-CV,"{""method"":""PSS SC-CV"",""n_min"":5,""noise"":0.0001,""tau"":0.99}",5,60.0,9669,4145,50.928022749954835,0.7196622436670688,0.7190425856747202,0.7997052253758681,0.9820047920220532,1.4187698750174604
43,PSS SC-CV,"{""method"":""PSS SC-CV"",""n_min"":5,""noise"":0.0001,""tau"":0.99}",10,60.0,9669,4145,50.928022749954835,0.7708082026537998,0.7679835199288501,0.8547505521179211,0.9439634579466656,1.2593163340352476
43,PSS SC-CV,"{""method"":""PSS SC-CV"",""n_min"":5,""noise"":0.0001,""tau"":0.99}",20,60.0,9669,4145,50.928022749954835,0.8238841978287093,0.8210638773430818,0.8989094648185271,0.8937758749816567,1.1450822500046345
43,PSS SC-CV,"{""method"":""PSS SC-CV"",""n_min"":10,""noise"":0.0001,""tau"":0.99}",5,60.0,9669,4145,1.602189042023383,0.7196622436670688,0.7190425856747202,0.7997052253758681,0.9820047920220532,1.4187698750174604
43,PSS SC-CV,"{""method"":""PSS SC-CV"",""n_min"":10,""noise"":0.0001,""tau"":0.99}",10,60.0,9669,4145,1.602189042023383,0.7708082026537998,0.7679835199288501,0.8547505521179211,0.9439634579466656,1.2593163340352476
43,PSS SC-CV,"{""method"":""PSS SC-CV"",""n_min"":10,""noise"":0.0001,""tau"":0.99}",20,60.0,9669,4145,1.602189042023383,0.8238841978287093,0.8210638773430818,0.8989094648185271,0.8937758749816567,1.1450822500046345
43,Joint Ross MI,"{""k"":1,""method"":""Joint Ross MI"",""noise"":0.0001}",5,60.0,9669,4145,7.786097790987696,0.726658624849216,0.7225937688647108,0.7899389455541357,1.0287677500164136,1.40722283301875
43,Joint Ross MI,"{""k"":1,""method"":""Joint Ross MI"",""noise"":0.0001}",10,60.0,9669,4145,7.786097790987696,0.7708082026537998,0.7662854329245112,0.8358735667495719,0.9816031669615768,1.3327012910158371
43,Joint Ross MI,"{""k"":1,""method"":""Joint Ross MI"",""noise"":0.0001}",20,60.0,9669,4145,7.786097790987696,0.8185765983112183,0.8160797359747085,0.8889645620487959,0.9698553340276704,1.242065292026382
43,Joint Ross MI,"{""k"":3,""method"":""Joint Ross MI"",""noise"":0.0001}",5,60.0,9669,4145,13.283280582982115,0.6957780458383594,0.6838154048732268,0.7727647231835285,1.0158542499993928,1.7087478750036098
43,Joint Ross MI,"{""k"":3,""method"":""Joint Ross MI"",""noise"":0.0001}",10,60.0,9669,4145,13.283280582982115,0.7705669481302775,0.7663104494892179,0.8439176782009398,0.9651257080258802,1.32175229198765
43,Joint Ross MI,"{""k"":3,""method"":""Joint Ross MI"",""noise"":0.0001}",20,60.0,9669,4145,13.283280582982115,0.8226779252110977,0.8197738876629993,0.892059134482973,1.057154375012033,1.2870736250188202
43,Joint Ross MI,"{""k"":5,""method"":""Joint Ross MI"",""noise"":0.0001}",5,60.0,9669,4145,19.078565749980044,0.7015681544028951,0.6925859318997672,0.7667312888954976,0.9798580420319922,1.4505717499996535
43,Joint Ross MI,"{""k"":5,""method"":""Joint Ross MI"",""noise"":0.0001}",10,60.0,9669,4145,19.078565749980044,0.7724969843184559,0.7677769579202678,0.8393006023147103,0.9563585839932784,1.281660875014495
43,Joint Ross MI,"{""k"":5,""method"":""Joint Ross MI"",""noise"":0.0001}",20,60.0,9669,4145,19.078565749980044,0.8253317249698432,0.8225489728479092,0.8930039189500711,0.9661639590049164,1.2475765410345048
43,Joint Ross MI,"{""k"":10,""method"":""Joint Ross MI"",""noise"":0.0001}",5,60.0,9669,4145,34.02027016598731,0.7529553679131483,0.7502438530559721,0.8253044188605259,0.8634286249871366,1.3036183340009302
43,Joint Ross MI,"{""k"":10,""method"":""Joint Ross MI"",""noise"":0.0001}",10,60.0,9669,4145,34.02027016598731,0.7860072376357057,0.7831367779506336,0.862802846557744,0.8968781250296161,1.181822833023034
43,Joint Ross MI,"{""k"":10,""method"":""Joint Ross MI"",""noise"":0.0001}",20,60.0,9669,4145,34.02027016598731,0.8231604342581423,0.8203213295906682,0.8984145109168078,0.8669330420088954,1.1679095409926958
43,Joint Ross MI,"{""k"":15,""method"":""Joint Ross MI"",""noise"":0.0001}",5,60.0,9669,4145,50.84678458300186,0.7288299155609168,0.7289093993546194,0.8044520600790336,0.9366524160141124,1.2951744589954617
43,Joint Ross MI,"{""k"":15,""method"":""Joint Ross MI"",""noise"":0.0001}",10,60.0,9669,4145,50.84678458300186,0.7990349819059107,0.796534083549715,0.8729649492210495,0.8607065409887582,1.1002649999572895
43,Joint Ross MI,"{""k"":15,""method"":""Joint Ross MI"",""noise"":0.0001}",20,60.0,9669,4145,50.84678458300186,0.827503015681544,0.8242105871037038,0.9007786931814196,0.8748644170118496,1.172439458023291
43,Joint Ross MI,"{""k"":20,""method"":""Joint Ross MI"",""noise"":0.0001}",5,60.0,9669,4145,64.22929004201433,0.7440289505428227,0.7430249375404181,0.8094291874573024,0.8979514170205221,1.330189042026177
43,Joint Ross MI,"{""k"":20,""method"":""Joint Ross MI"",""noise"":0.0001}",10,60.0,9669,4145,64.22929004201433,0.8084439083232811,0.8051494844951073,0.8850720313403782,0.8039020409923978,1.0458886669948697
43,Joint Ross MI,"{""k"":20,""method"":""Joint Ross MI"",""noise"":0.0001}",20,60.0,9669,4145,64.22929004201433,0.8287092882991556,0.8257206991732376,0.9020624871702432,0.8780671250424348,1.1322520410176369
43,Univariate Ross MI,"{""k"":1,""method"":""Univariate Ross MI"",""noise"":0.0001}",5,60.0,9669,4145,5.741597851738334e-05,0.7425814234016888,0.7397474168643443,0.8117021878505534,0.8646727910381742,1.2856180419912562
43,Univariate Ross MI,"{""k"":1,""method"":""Univariate Ross MI"",""noise"":0.0001}",10,60.0,9669,4145,5.741597851738334e-05,0.7980699638118215,0.7951876312492898,0.8710933828614555,0.8249304170021787,1.1257656250381842
43,Univariate Ross MI,"{""k"":1,""method"":""Univariate Ross MI"",""noise"":0.0001}",20,60.0,9669,4145,5.741597851738334e-05,0.8241254523522316,0.8208816305001957,0.8944001705802394,0.91978774999734,1.2082780830096451
43,Univariate Ross MI,"{""k"":3,""method"":""Univariate Ross MI"",""noise"":0.0001}",5,60.0,9669,4145,5.16669824719429e-05,0.7247285886610374,0.7186430220384246,0.7992029067845391,0.9377654590061866,1.287061500013806
43,Univariate Ross MI,"{""k"":3,""method"":""Univariate Ross MI"",""noise"":0.0001}",10,60.0,9669,4145,5.16669824719429e-05,0.7746682750301568,0.773872466020725,0.8578766875075692,0.8701658329810016,1.154844584001694
43,Univariate Ross MI,"{""k"":3,""method"":""Univariate Ross MI"",""noise"":0.0001}",20,60.0,9669,4145,5.16669824719429e-05,0.8250904704463209,0.8219136222442618,0.9034360602324064,0.8888204999966547,1.161341207975056
43,Univariate Ross MI,"{""k"":5,""method"":""Univariate Ross MI"",""noise"":0.0001}",5,60.0,9669,4145,2.462498378008604e-05,0.7317249698431846,0.7259677319047237,0.799551852792246,0.896749584004283,1.3438215419882908
43,Univariate Ross MI,"{""k"":5,""method"":""Univariate Ross MI"",""noise"":0.0001}",10,60.0,9669,4145,2.462498378008604e-05,0.7741857659831122,0.7705892172527323,0.8578430203550669,0.860120958997868,1.175776541000232
43,Univariate Ross MI,"{""k"":5,""method"":""Univariate Ross MI"",""noise"":0.0001}",20,60.0,9669,4145,2.462498378008604e-05,0.8262967430639324,0.8231092737574366,0.9021249116821746,0.8653829999966547,1.1492407079786062
43,Univariate Ross MI,"{""k"":10,""method"":""Univariate Ross MI"",""noise"":0.0001}",5,60.0,9669,4145,2.579198917374015e-05,0.7230398069963812,0.7167112522637653,0.7934328478249383,0.9435139169800096,1.365808000031393
43,Univariate Ross MI,"{""k"":10,""method"":""Univariate Ross MI"",""noise"":0.0001}",10,60.0,9669,4145,2.579198917374015e-05,0.780940892641737,0.7769326699033894,0.8679913288378333,0.8524122499511577,1.1399125840398483
43,Univariate Ross MI,"{""k"":10,""method"":""Univariate Ross MI"",""noise"":0.0001}",20,60.0,9669,4145,2.579198917374015e-05,0.8250904704463209,0.8219136222442618,0.9034360602324064,0.8888204999966547,1.161341207975056
43,Univariate Ross MI,"{""k"":15,""method"":""Univariate Ross MI"",""noise"":0.0001}",5,60.0,9669,4145,2.1625019144266844e-05,0.7182147165259348,0.7114255093208914,0.772726380037623,0.9925675839767792,1.4080409160233105
43,Univariate Ross MI,"{""k"":15,""method"":""Univariate Ross MI"",""noise"":0.0001}",10,60.0,9669,4145,2.1625019144266844e-05,0.780940892641737,0.7769326699033894,0.8679913288378333,0.8524122499511577,1.1399125840398483
43,Univariate Ross MI,"{""k"":15,""method"":""Univariate Ross MI"",""noise"":0.0001}",20,60.0,9669,4145,2.1625019144266844e-05,0.8108564535585042,0.8078866941334519,0.891764079299237,0.8972663329914212,1.1815300830057822
43,Univariate Ross MI,"{""k"":20,""method"":""Univariate Ross MI"",""noise"":0.0001}",5,60.0,9669,4145,2.237502485513687e-05,0.7230398069963812,0.7167112522637653,0.7934328478249383,0.9435139169800096,1.365808000031393
43,Univariate Ross MI,"{""k"":20,""method"":""Univariate Ross MI"",""noise"":0.0001}",10,60.0,9669,4145,2.237502485513687e-05,0.780940892641737,0.7769326699033894,0.8679913288378333,0.8524122499511577,1.1399125840398483
43,Univariate Ross MI,"{""k"":20,""method"":""Univariate Ross MI"",""noise"":0.0001}",20,60.0,9669,4145,2.237502485513687e-05,0.8108564535585042,0.8078866941334519,0.891764079299237,0.8972663329914212,1.1815300830057822
43,PSS SC-CV,"{""method"":""PSS SC-CV"",""n_min"":5,""noise"":1e-05,""tau"":0.9}",5,60.0,9669,4145,56.87428866699338,0.7114595898673101,0.7042959052793368,0.7801354915848485,1.0454579999786802,1.31623820803361
43,PSS SC-CV,"{""method"":""PSS SC-CV"",""n_min"":5,""noise"":1e-05,""tau"":0.9}",10,60.0,9669,4145,56.87428866699338,0.7876960193003619,0.7850685477252929,0.865295151041601,0.9190741250058636,1.1712502090376802
43,PSS SC-CV,"{""method"":""PSS SC-CV"",""n_min"":5,""noise"":1e-05,""tau"":0.9}",20,60.0,9669,4145,56.87428866699338,0.8291917973462002,0.8263310332121783,0.902029287617081,0.9171422920189798,1.1656420839717612
43,PSS SC-CV,"{""method"":""PSS SC-CV"",""n_min"":10,""noise"":1e-05,""tau"":0.9}",5,60.0,9669,4145,51.70218212500913,0.7119420989143547,0.7033339365364824,0.7832525087873606,1.0760779159609228,1.345083332969807
43,PSS SC-CV,"{""method"":""PSS SC-CV"",""n_min"":10,""noise"":1e-05,""tau"":0.9}",10,60.0,9669,4145,51.70218212500913,0.7939686369119421,0.7903614215581065,0.8674007508710206,0.8347123749554157,1.1245217499672435
43,PSS SC-CV,"{""method"":""PSS SC-CV"",""n_min"":10,""noise"":1e-05,""tau"":0.9}",20,60.0,9669,4145,51.70218212500913,0.8238841978287093,0.8210638773430818,0.8989094648185271,0.9067841249634512,1.208243917033542
43,PSS SC-CV,"{""method"":""PSS SC-CV"",""n_min"":5,""noise"":1e-05,""tau"":0.95}",5,60.0,9669,4145,28.408495707961265,0.7126658624849216,0.7048626356797936,0.7713759531428053,1.075603291974403,1.3480785000137985
43,PSS SC-CV,"{""method"":""PSS SC-CV"",""n_min"":5,""noise"":1e-05,""tau"":0.95}",10,60.0,9669,4145,28.408495707961265,0.7987937273823884,0.7954899342228008,0.8690892520888831,0.8575260830111802,1.143235583032947
43,PSS SC-CV,"{""method"":""PSS SC-CV"",""n_min"":5,""noise"":1e-05,""tau"":0.95}",20,60.0,9669,4145,28.408495707961265,0.8238841978287093,0.8210638773430818,0.8989094648185271,0.9067841249634512,1.208243917033542
43,PSS SC-CV,"{""method"":""PSS SC-CV"",""n_min"":10,""noise"":1e-05,""tau"":0.95}",5,60.0,9669,4145,29.89485483401222,0.7126658624849216,0.7048626356797936,0.7713759531428053,1.075603291974403,1.3480785000137985
43,PSS SC-CV,"{""method"":""PSS SC-CV"",""n_min"":10,""noise"":1e-05,""tau"":0.95}",10,60.0,9669,4145,29.89485483401222,0.7985524728588661,0.7955778428987792,0.8708060430668344,0.8850729999830946,1.1407098750350997
43,PSS SC-CV,"{""method"":""PSS SC-CV"",""n_min"":10,""noise"":1e-05,""tau"":0.95}",20,60.0,9669,4145,29.89485483401222,0.8238841978287093,0.8210638773430818,0.8989094648185271,0.9067841249634512,1.208243917033542
43,PSS SC-CV,"{""method"":""PSS SC-CV"",""n_min"":5,""noise"":1e-05,""tau"":0.99}",5,60.0,9669,4145,45.08770854095928,0.7196622436670688,0.7190425856747202,0.7997052253758681,0.935551917005796,1.2976077910279855
43,PSS SC-CV,"{""method"":""PSS SC-CV"",""n_min"":5,""noise"":1e-05,""tau"":0.99}",10,60.0,9669,4145,45.08770854095928,0.7765983112183353,0.7739553480037951,0.864639342966815,0.8875080409925431,1.1642745840363204
43,PSS SC-CV,"{""method"":""PSS SC-CV"",""n_min"":5,""noise"":1e-05,""tau"":0.99}",20,60.0,9669,4145,45.08770854095928,0.8238841978287093,0.8210638773430818,0.8989094648185271,0.9067841249634512,1.208243917033542
43,PSS SC-CV,"{""method"":""PSS SC-CV"",""n_min"":10,""noise"":1e-05,""tau"":0.99}",5,60.0,9669,4145,20.94713495898759,0.745717732207479,0.744736584925626,0.8188751617309217,0.8566096250433475,1.2475893329828978
43,PSS SC-CV,"{""method"":""PSS SC-CV"",""n_min"":10,""noise"":1e-05,""tau"":0.99}",10,60.0,9669,4145,20.94713495898759,0.7765983112183353,0.7739553480037951,0.864639342966815,0.8875080409925431,1.1642745840363204
43,PSS SC-CV,"{""method"":""PSS SC-CV"",""n_min"":10,""noise"":1e-05,""tau"":0.99}",20,60.0,9669,4145,20.94713495898759,0.8238841978287093,0.8210638773430818,0.8989094648185271,0.9067841249634512,1.208243917033542
43,Joint Ross MI,"{""k"":1,""method"":""Joint Ross MI"",""noise"":1e-05}",5,60.0,9669,4145,8.657965500024147,0.6711700844390832,0.6628768909132823,0.7487296494922105,0.9826724169543012,1.5155597499688156
43,Joint Ross MI,"{""k"":1,""method"":""Joint Ross MI"",""noise"":1e-05}",10,60.0,9669,4145,8.657965500024147,0.7811821471652594,0.7756183650576105,0.8546373930775658,0.9134544589906,1.3857994159916416
43,Joint Ross MI,"{""k"":1,""method"":""Joint Ross MI"",""noise"":1e-05}",20,60.0,9669,4145,8.657965500024147,0.8200241254523523,0.8174076012013562,0.8915681551756467,0.9315409160335548,1.2411431249929592
43,Joint Ross MI,"{""k"":3,""method"":""Joint Ross MI"",""noise"":1e-05}",5,60.0,9669,4145,12.827260332996955,0.6914354644149577,0.6789827656911142,0.769749408837534,0.9394098749617116,1.4175535410176965
43,Joint Ross MI,"{""k"":3,""method"":""Joint Ross MI"",""noise"":1e-05}",10,60.0,9669,4145,12.827260332996955,0.7560916767189385,0.7482205507104471,0.8348710337639456,0.9266017079935408,1.303548666997813
43,Joint Ross MI,"{""k"":3,""method"":""Joint Ross MI"",""noise"":1e-05}",20,60.0,9669,4145,12.827260332996955,0.8214716525934861,0.8186096822054604,0.8918442725861003,0.969495541008655,1.293022750003729
43,Joint Ross MI,"{""k"":5,""method"":""Joint Ross MI"",""noise"":1e-05}",5,60.0,9669,4145,20.577805208042264,0.7225572979493365,0.7167612853931786,0.8001209211894043,0.9003889170126058,1.410797541961074
43,Joint Ross MI,"{""k"":5,""method"":""Joint Ross MI"",""noise"":1e-05}",10,60.0,9669,4145,20.577805208042264,0.7896260554885404,0.7859690271548965,0.8681559238056227,0.8435562080121599,1.1635766660328954
43,Joint Ross MI,"{""k"":5,""method"":""Joint Ross MI"",""noise"":1e-05}",20,60.0,9669,4145,20.577805208042264,0.8253317249698432,0.8225489728479092,0.8930039189500711,0.9336534169851802,1.2721855000127107
43,Joint Ross MI,"{""k"":10,""method"":""Joint Ross MI"",""noise"":1e-05}",5,60.0,9669,4145,32.5140568750212,0.7141133896260555,0.7093979985813036,0.7830243203092889,0.95585604198277,1.3992261250386946
43,Joint Ross MI,"{""k"":10,""method"":""Joint Ross MI"",""noise"":1e-05}",10,60.0,9669,4145,32.5140568750212,0.7891435464414958,0.7851385707265044,0.8733476792810941,0.8766757499543019,1.1580239579780027
43,Joint Ross MI,"{""k"":10,""method"":""Joint Ross MI"",""noise"":1e-05}",20,60.0,9669,4145,32.5140568750212,0.8231604342581423,0.8203213295906682,0.8984145109168078,0.8724387499969453,1.205927791015711
43,Joint Ross MI,"{""k"":15,""method"":""Joint Ross MI"",""noise"":1e-05}",5,60.0,9669,4145,51.91121908399509,0.7568154402895054,0.7555982162020365,0.8296212959702757,0.877091666974593,1.1970639590290375
43,Joint Ross MI,"{""k"":15,""method"":""Joint Ross MI"",""noise"":1e-05}",10,60.0,9669,4145,51.91121908399509,0.8009650180940893,0.7971515484785954,0.8777143557205869,0.808697666041553,1.0848656669841148
43,Joint Ross MI,"{""k"":15,""method"":""Joint Ross MI"",""noise"":1e-05}",20,60.0,9669,4145,51.91121908399509,0.827503015681544,0.8242105871037038,0.9007786931814196,0.8726369169889949,1.1934129580040462
43,Joint Ross MI,"{""k"":20,""method"":""Joint Ross MI"",""noise"":1e-05}",5,60.0,9669,4145,60.02503295795759,0.7411338962605549,0.7387340121940555,0.8189076598850735,1.0060744159854949,1.766040250018705
43,Joint Ross MI,"{""k"":20,""method"":""Joint Ross MI"",""noise"":1e-05}",10,60.0,9669,4145,60.02503295795759,0.8096501809408927,0.8069111650097284,0.8853755033122399,0.8954203749890439,1.155977166024968
43,Joint Ross MI,"{""k"":20,""method"":""Joint Ross MI"",""noise"":1e-05}",20,60.0,9669,4145,60.02503295795759,0.8287092882991556,0.8257206991732376,0.9020624871702432,0.9266088329604828,1.1660911249928176
43,Univariate Ross MI,"{""k"":1,""method"":""Univariate Ross MI"",""noise"":1e-05}",5,60.0,9669,4145,5.3916999604552984e-05,0.7404101326899879,0.7379285723303701,0.8109414037238676,0.8996772079844959,1.4012690829695202
43,Univariate Ross MI,"{""k"":1,""method"":""Univariate Ross MI"",""noise"":1e-05}",10,60.0,9669,4145,5.3916999604552984e-05,0.7840772014475271,0.7814815931857684,0.8609866907199767,0.876491458970122,1.2310234159813265
43,Univariate Ross MI,"{""k"":1,""method"":""Univariate Ross MI"",""noise"":1e-05}",20,60.0,9669,4145,5.3916999604552984e-05,0.8241254523522316,0.8208816305001957,0.8944001705802394,0.9281649590120652,1.245094624988269
43,Univariate Ross MI,"{""k"":3,""method"":""Univariate Ross MI"",""noise"":1e-05}",5,60.0,9669,4145,2.31250305660069e-05,0.7271411338962606,0.7224808436240258,0.7957752867202256,0.896608917042613,1.8604504999821072
43,Univariate Ross MI,"{""k"":3,""method"":""Univariate Ross MI"",""noise"":1e-05}",10,60.0,9669,4145,2.31250305660069e-05,0.7782870928829916,0.7766732691693519,0.8645914140344332,0.85174587497022,1.160959417000413
43,Univariate Ross MI,"{""k"":3,""method"":""Univariate Ross MI"",""noise"":1e-05}",20,60.0,9669,4145,2.31250305660069e-05,0.8284680337756333,0.8256199315154007,0.9015951216296024,0.8824369169888087,1.1769735420239158
43,Univariate Ross MI,"{""k"":5,""method"":""Univariate Ross MI"",""noise"":1e-05}",5,60.0,9669,4145,3.16659570671618e-05,0.7317249698431846,0.7259677319047237,0.799551852792246,0.9105407919851132,1.6856903330190107
43,Univariate Ross MI,"{""k"":5,""method"":""Univariate Ross MI"",""noise"":1e-05}",10,60.0,9669,4145,3.16659570671618e-05,0.77708082026538,0.7755719558230847,0.8610907315731959,0.8894515000283718,1.1713148329872638
43,Univariate Ross MI,"{""k"":5,""method"":""Univariate Ross MI"",""noise"":1e-05}",20,60.0,9669,4145,3.16659570671618e-05,0.8262967430639324,0.8231092737574366,0.9021249116821746,0.8770701250177808,1.1799577919882722
43,Univariate Ross MI,"{""k"":10,""method"":""Univariate Ross MI"",""noise"":1e-05}",5,60.0,9669,4145,1.7167010810226202e-05,0.7452352231604342,0.7420822572703514,0.8111090380873691,0.8742073330213316,1.527430500020273
43,Univariate Ross MI,"{""k"":10,""method"":""Univariate Ross MI"",""noise"":1e-05}",10,60.0,9669,4145,1.7167010810226202e-05,0.7823884197828709,0.7805246511358221,0.8696145999477224,0.8615267089917324,1.1637232499779202
43,Univariate Ross MI,"{""k"":10,""method"":""Univariate Ross MI"",""noise"":1e-05}",20,60.0,9669,4145,1.7167010810226202e-05,0.8250904704463209,0.8219136222442618,0.9034360602324064,0.8605951669742353,1.1712076250114478
43,Univariate Ross MI,"{""k"":15,""method"":""Univariate Ross MI"",""noise"":1e-05}",5,60.0,9669,4145,2.8291018679738045e-05,0.7182147165259348,0.7114255093208914,0.772726380037623,1.002990624983795,1.5902802500058897
43,Univariate Ross MI,"{""k"":15,""method"":""Univariate Ross MI"",""noise"":1e-05}",10,60.0,9669,4145,2.8291018679738045e-05,0.7823884197828709,0.7805246511358221,0.8696145999477224,0.8615267089917324,1.1637232499779202
43,Univariate Ross MI,"{""k"":15,""method"":""Univariate Ross MI"",""noise"":1e-05}",20,60.0,9669,4145,2.8291018679738045e-05,0.8250904704463209,0.8219136222442618,0.9034360602324064,0.8605951669742353,1.1712076250114478
43,Univariate Ross MI,"{""k"":20,""method"":""Univariate Ross MI"",""noise"":1e-05}",5,60.0,9669,4145,2.704199869185686e-05,0.7230398069963812,0.7167112522637653,0.7934328478249383,0.9485037080012262,1.5763397080008872
43,Univariate Ross MI,"{""k"":20,""method"":""Univariate Ross MI"",""noise"":1e-05}",10,60.0,9669,4145,2.704199869185686e-05,0.780940892641737,0.7769326699033894,0.8679913288378333,0.8595652499934658,1.1679859170108102
43,Univariate Ross MI,"{""k"":20,""method"":""Univariate Ross MI"",""noise"":1e-05}",20,60.0,9669,4145,2.704199869185686e-05,0.8108564535585042,0.8078866941334519,0.891764079299237,0.922728166973684,1.4194826669991016
44,PSS SC-CV,"{""method"":""PSS SC-CV"",""n_min"":5,""noise"":0.0001,""tau"":0.9}",5,60.0,9669,4145,58.826502249983605,0.7365500603136309,0.7355879879406343,0.8016634190479408,0.9102295829798096,1.2997442919877358
44,PSS SC-CV,"{""method"":""PSS SC-CV"",""n_min"":5,""noise"":0.0001,""tau"":0.9}",10,60.0,9669,4145,58.826502249983605,0.8,0.7950395909126747,0.8630344960934714,0.8356101249810308,1.1455644590314478
44,PSS SC-CV,"{""method"":""PSS SC-CV"",""n_min"":5,""noise"":0.0001,""tau"":0.9}",20,60.0,9669,4145,58.826502249983605,0.8171290711700845,0.8129283618485521,0.8844002605603926,0.9437734999810344,1.192038166045677
44,PSS SC-CV,"{""method"":""PSS SC-CV"",""n_min"":10,""noise"":0.0001,""tau"":0.9}",5,60.0,9669,4145,49.80096270801732,0.7375150784077201,0.7346660302835752,0.804304221153449,0.9213389999931678,1.2817371250130236
44,PSS SC-CV,"{""method"":""PSS SC-CV"",""n_min"":10,""noise"":0.0001,""tau"":0.9}",10,60.0,9669,4145,49.80096270801732,0.7930036188178529,0.7902915911079074,0.8629204539908165,0.8414647500030696,1.1326350839808583
44,PSS SC-CV,"{""method"":""PSS SC-CV"",""n_min"":10,""noise"":0.0001,""tau"":0.9}",20,60.0,9669,4145,49.80096270801732,0.8159227985524728,0.8111743192202712,0.8857481161934153,0.9478660409804434,1.189315625000745
44,PSS SC-CV,"{""method"":""PSS SC-CV"",""n_min"":5,""noise"":0.0001,""tau"":0.95}",5,60.0,9669,4145,56.35634670796571,0.7428226779252111,0.7412212219681695,0.80139168909964,0.8837491670274176,1.327925791963935
44,PSS SC-CV,"{""method"":""PSS SC-CV"",""n_min"":5,""noise"":0.0001,""tau"":0.95}",10,60.0,9669,4145,56.35634670796571,0.77708082026538,0.778635009893035,0.8417426478041968,0.940504250000231,1.2298615839681588
44,PSS SC-CV,"{""method"":""PSS SC-CV"",""n_min"":5,""noise"":0.0001,""tau"":0.95}",20,60.0,9669,4145,56.35634670796571,0.8190591073582629,0.8152181207738719,0.8845248621169969,1.1619013330200687,1.2677860839758068
44,PSS SC-CV,"{""method"":""PSS SC-CV"",""n_min"":10,""noise"":0.0001,""tau"":0.95}",5,60.0,9669,4145,50.325116291001905,0.7413751507840772,0.7398053165208054,0.803484220890636,0.8896547920303419,1.2909132079803385
44,PSS SC-CV,"{""method"":""PSS SC-CV"",""n_min"":10,""noise"":0.0001,""tau"":0.95}",10,60.0,9669,4145,50.325116291001905,0.7893848009650181,0.7863642955295496,0.8632522554993637,0.892650792025961,1.4482900410075672
44,PSS SC-CV,"{""method"":""PSS SC-CV"",""n_min"":10,""noise"":0.0001,""tau"":0.95}",20,60.0,9669,4145,50.325116291001905,0.8284680337756333,0.8245076243950606,0.8959241446372993,0.8880324170459062,1.195167291967664
44,PSS SC-CV,"{""method"":""PSS SC-CV"",""n_min"":5,""noise"":0.0001,""tau"":0.99}",5,60.0,9669,4145,52.42151508299867,0.7302774427020506,0.729265808206526,0.8047385666925726,0.8833153750165366,1.235279582964722
44,PSS SC-CV,"{""method"":""PSS SC-CV"",""n_min"":5,""noise"":0.0001,""tau"":0.99}",10,60.0,9669,4145,52.42151508299867,0.7756332931242461,0.7741188487660926,0.8457599333956577,0.8857464590109885,1.2165955000091344
44,PSS SC-CV,"{""method"":""PSS SC-CV"",""n_min"":5,""noise"":0.0001,""tau"":0.99}",20,60.0,9669,4145,52.42151508299867,0.8168878166465621,0.8127497897495392,0.8835909370787951,0.93862974998774,1.2046393749769777
44,PSS SC-CV,"{""method"":""PSS SC-CV"",""n_min"":10,""noise"":0.0001,""tau"":0.99}",5,60.0,9669,4145,29.270445375004783,0.7334137515078407,0.7305107678271741,0.8034263785484459,0.8839767089812085,1.2615191250224598
44,PSS SC-CV,"{""method"":""PSS SC-CV"",""n_min"":10,""noise"":0.0001,""tau"":0.99}",10,60.0,9669,4145,29.270445375004783,0.7782870928829916,0.7757386690019485,0.8540683464176702,0.8488813330186531,1.1826891250093468
44,PSS SC-CV,"{""method"":""PSS SC-CV"",""n_min"":10,""noise"":0.0001,""tau"":0.99}",20,60.0,9669,4145,29.270445375004783,0.8168878166465621,0.8127497897495392,0.8835909370787951,0.93862974998774,1.2046393749769777
44,Joint Ross MI,"{""k"":1,""method"":""Joint Ross MI"",""noise"":0.0001}",5,60.0,9669,4145,7.191116750007495,0.7090470446320869,0.7009351452417693,0.7772164059185505,1.0057557499967515,1.3650503750541247
44,Joint Ross MI,"{""k"":1,""method"":""Joint Ross MI"",""noise"":0.0001}",10,60.0,9669,4145,7.191116750007495,0.7669481302774427,0.7597673775760374,0.8326908492241383,0.931565624952782,1.3153196250204928
44,Joint Ross MI,"{""k"":1,""method"":""Joint Ross MI"",""noise"":0.0001}",20,60.0,9669,4145,7.191116750007495,0.8074788902291918,0.8020823947152045,0.8763452744331685,0.9729382499936036,1.2824956250260584
44,Joint Ross MI,"{""k"":3,""method"":""Joint Ross MI"",""noise"":0.0001}",5,60.0,9669,4145,18.256750541971996,0.7254523522316043,0.7165658356141754,0.7815840307266031,1.0316329999477605,1.2571256670053117
44,Joint Ross MI,"{""k"":3,""method"":""Joint Ross MI"",""noise"":0.0001}",10,60.0,9669,4145,18.256750541971996,0.7951749095295537,0.7924154492789535,0.8669501762724847,0.8719952089595608,1.119214165955782
44,Joint Ross MI,"{""k"":3,""method"":""Joint Ross MI"",""noise"":0.0001}",20,60.0,9669,4145,18.256750541971996,0.8279855247285887,0.8241504801970347,0.8978961813260047,0.8882165420218371,1.179213333001826
44,Joint Ross MI,"{""k"":5,""method"":""Joint Ross MI"",""noise"":0.0001}",5,60.0,9669,4145,20.94560379104223,0.6810615199034982,0.6641166758651244,0.7406534753274838,0.9809389589936472,1.5587583330343475
44,Joint Ross MI,"{""k"":5,""method"":""Joint Ross MI"",""noise"":0.0001}",10,60.0,9669,4145,20.94560379104223,0.7930036188178529,0.7865454488284169,0.8497162088087433,0.8589067500433885,1.1740674159955231
44,Joint Ross MI,"{""k"":5,""method"":""Joint Ross MI"",""noise"":0.0001}",20,60.0,9669,4145,20.94560379104223,0.8176115802171291,0.8132424469399171,0.8814163935287912,0.940838625014294,1.204699374968186
44,Joint Ross MI,"{""k"":10,""method"":""Joint Ross MI"",""noise"":0.0001}",5,60.0,9669,4145,38.80239191604778,0.7418576598311218,0.7396457514389017,0.8133821837138492,0.8670522500178777,1.3164031670312395
44,Joint Ross MI,"{""k"":10,""method"":""Joint Ross MI"",""noise"":0.0001}",10,60.0,9669,4145,38.80239191604778,0.7864897466827503,0.7837908392747861,0.8533540580216182,0.8843530000303872,1.176876916026231
44,Joint Ross MI,"{""k"":10,""method"":""Joint Ross MI"",""noise"":0.0001}",20,60.0,9669,4145,38.80239191604778,0.8272617611580217,0.8233994683666919,0.8945084738444672,0.8807096669916064,1.1639292920008302
44,Joint Ross MI,"{""k"":15,""method"":""Joint Ross MI"",""noise"":0.0001}",5,60.0,9669,4145,46.75176700000884,0.7459589867310013,0.7451789053084488,0.812077152532955,0.8799893750110641,1.237497624999378
44,Joint Ross MI,"{""k"":15,""method"":""Joint Ross MI"",""noise"":0.0001}",10,60.0,9669,4145,46.75176700000884,0.8024125452352232,0.7971267256494299,0.8693072810485492,0.8235088330111466,1.1272933339932931
44,Joint Ross MI,"{""k"":15,""method"":""Joint Ross MI"",""noise"":0.0001}",20,60.0,9669,4145,46.75176700000884,0.8306393244873341,0.826373127926142,0.893730359415654,0.8678005420370027,1.13533004198689
44,Joint Ross MI,"{""k"":20,""method"":""Joint Ross MI"",""noise"":0.0001}",5,60.0,9669,4145,58.22465533402283,0.7474065138721351,0.7434514959695737,0.8194790950970343,0.8809828750090674,1.275736124953255
44,Joint Ross MI,"{""k"":20,""method"":""Joint Ross MI"",""noise"":0.0001}",10,60.0,9669,4145,58.22465533402283,0.8041013268998793,0.7989795578357719,0.8697209769888379,0.8243437919882126,1.1252626659697853
44,Joint Ross MI,"{""k"":20,""method"":""Joint Ross MI"",""noise"":0.0001}",20,60.0,9669,4145,58.22465533402283,0.8291917973462002,0.8259045228253157,0.8951603441349507,0.8798692499985918,1.14336758304853
44,Univariate Ross MI,"{""k"":1,""method"":""Univariate Ross MI"",""noise"":0.0001}",5,60.0,9669,4145,5.679100286215544e-05,0.6890229191797346,0.6765545393449948,0.754086274023931,0.9563413750147448,1.397185250010807
44,Univariate Ross MI,"{""k"":1,""method"":""Univariate Ross MI"",""noise"":0.0001}",10,60.0,9669,4145,5.679100286215544e-05,0.7601930036188178,0.7538631175637979,0.83926328801685,0.9087486250209622,1.2534558330080472
44,Univariate Ross MI,"{""k"":1,""method"":""Univariate Ross MI"",""noise"":0.0001}",20,60.0,9669,4145,5.679100286215544e-05,0.8277442702050664,0.8235413170314136,0.8964197350093299,0.887327375006862,1.1652670000330545
44,Univariate Ross MI,"{""k"":3,""method"":""Univariate Ross MI"",""noise"":0.0001}",5,60.0,9669,4145,2.1291954908519983e-05,0.7329312424607961,0.7260199493897105,0.7834539926937965,1.0101921670138836,1.2525487919920124
44,Univariate Ross MI,"{""k"":3,""method"":""Univariate Ross MI"",""noise"":0.0001}",10,60.0,9669,4145,2.1291954908519983e-05,0.7691194209891435,0.7640441910801241,0.8547669129600637,0.8817615000298247,1.214364624989685
44,Univariate Ross MI,"{""k"":3,""method"":""Univariate Ross MI"",""noise"":0.0001}",20,60.0,9669,4145,2.1291954908519983e-05,0.8277442702050664,0.8235413170314136,0.8964197350093299,0.887327375006862,1.1652670000330545
44,Univariate Ross MI,"{""k"":5,""method"":""Univariate Ross MI"",""noise"":0.0001}",5,60.0,9669,4145,1.85410026460886e-05,0.7186972255729795,0.7130728855749411,0.7852814821906596,0.9455485830549152,1.3585977500188164
44,Univariate Ross MI,"{""k"":5,""method"":""Univariate Ross MI"",""noise"":0.0001}",10,60.0,9669,4145,1.85410026460886e-05,0.7898673100120627,0.7884438039940078,0.8684852862222122,0.9184798329952172,1.8626885840203613
44,Univariate Ross MI,"{""k"":5,""method"":""Univariate Ross MI"",""noise"":0.0001}",20,60.0,9669,4145,1.85410026460886e-05,0.8277442702050664,0.8235413170314136,0.8964197350093299,0.887327375006862,1.1652670000330545
44,Univariate Ross MI,"{""k"":10,""method"":""Univariate Ross MI"",""noise"":0.0001}",5,60.0,9669,4145,1.712498487904668e-05,0.75416164053076,0.7503030563283511,0.8128132638005023,0.8622118330094963,1.2303917079698294
44,Univariate Ross MI,"{""k"":10,""method"":""Univariate Ross MI"",""noise"":0.0001}",10,60.0,9669,4145,1.712498487904668e-05,0.7860072376357057,0.7851560593431925,0.8643502040555813,0.8541166670038365,1.1822816249914467
44,Univariate Ross MI,"{""k"":10,""method"":""Univariate Ross MI"",""noise"":0.0001}",20,60.0,9669,4145,1.712498487904668e-05,0.8277442702050664,0.8235413170314136,0.8964197350093299,0.887327375006862,1.1652670000330545
44,Univariate Ross MI,"{""k"":15,""method"":""Univariate Ross MI"",""noise"":0.0001}",5,60.0,9669,4145,1.8457998521625996e-05,0.7346200241254524,0.7321356331354727,0.8003479457403633,0.8834997499943711,1.32281400001375
44,Univariate Ross MI,"{""k"":15,""method"":""Univariate Ross MI"",""noise"":0.0001}",10,60.0,9669,4145,1.8457998521625996e-05,0.7973462002412546,0.7940656572767308,0.8723017075341,0.8163262919988483,1.1096009999746457
44,Univariate Ross MI,"{""k"":15,""method"":""Univariate Ross MI"",""noise"":0.0001}",20,60.0,9669,4145,1.8457998521625996e-05,0.8277442702050664,0.8235413170314136,0.8964197350093299,0.887327375006862,1.1652670000330545
44,Univariate Ross MI,"{""k"":20,""method"":""Univariate Ross MI"",""noise"":0.0001}",5,60.0,9669,4145,2.5874993298202753e-05,0.75416164053076,0.7503030563283511,0.8128132638005023,0.8622118330094963,1.2303917079698294
44,Univariate Ross MI,"{""k"":20,""method"":""Univariate Ross MI"",""noise"":0.0001}",10,60.0,9669,4145,2.5874993298202753e-05,0.7852834740651388,0.7849217567927794,0.866420326338751,0.8613187080482021,1.2186575410305522
44,Univariate Ross MI,"{""k"":20,""method"":""Univariate Ross MI"",""noise"":0.0001}",20,60.0,9669,4145,2.5874993298202753e-05,0.8277442702050664,0.8235413170314136,0.8964197350093299,0.887327375006862,1.1652670000330545
44,PSS SC-CV,"{""method"":""PSS SC-CV"",""n_min"":5,""noise"":1e-05,""tau"":0.9}",5,60.0,9669,4145,59.32188829197548,0.7281061519903498,0.722104034556165,0.7918160242764192,0.9441351250279696,1.3616256659734065
44,PSS SC-CV,"{""method"":""PSS SC-CV"",""n_min"":5,""noise"":1e-05,""tau"":0.9}",10,60.0,9669,4145,59.32188829197548,0.8026537997587455,0.7970469431084779,0.8603509868631006,0.8418819590006024,1.1167510420200415
44,PSS SC-CV,"{""method"":""PSS SC-CV"",""n_min"":5,""noise"":1e-05,""tau"":0.9}",20,60.0,9669,4145,59.32188829197548,0.818335343787696,0.8136059268103129,0.8862378402021407,0.8635956670041196,1.173249333049171
44,PSS SC-CV,"{""method"":""PSS SC-CV"",""n_min"":10,""noise"":1e-05,""tau"":0.9}",5,60.0,9669,4145,34.827192708035,0.7281061519903498,0.722104034556165,0.7918160242764192,0.9441351250279696,1.3616256659734065
44,PSS SC-CV,"{""method"":""PSS SC-CV"",""n_min"":10,""noise"":1e-05,""tau"":0.9}",10,60.0,9669,4145,34.827192708035,0.7930036188178529,0.7902915911079074,0.8629204539908165,0.8538739999639802,1.1321164999972098
44,PSS SC-CV,"{""method"":""PSS SC-CV"",""n_min"":10,""noise"":1e-05,""tau"":0.9}",20,60.0,9669,4145,34.827192708035,0.818335343787696,0.8136059268103129,0.8862378402021407,0.8635956670041196,1.173249333049171
44,PSS SC-CV,"{""method"":""PSS SC-CV"",""n_min"":5,""noise"":1e-05,""tau"":0.95}",5,60.0,9669,4145,52.78987874998711,0.7186972255729795,0.7146660725213911,0.7921113370052075,0.9455706249573268,1.3523975830175914
44,PSS SC-CV,"{""method"":""PSS SC-CV"",""n_min"":5,""noise"":1e-05,""tau"":0.95}",10,60.0,9669,4145,52.78987874998711,0.7823884197828709,0.7803675816316187,0.8614899999624553,0.8819978749961592,1.1435673749656416
44,PSS SC-CV,"{""method"":""PSS SC-CV"",""n_min"":5,""noise"":1e-05,""tau"":0.95}",20,60.0,9669,4145,52.78987874998711,0.8258142340168878,0.8219835629193277,0.8950669516311306,0.8757207909948193,1.1115945839555934
44,PSS SC-CV,"{""method"":""PSS SC-CV"",""n_min"":10,""noise"":1e-05,""tau"":0.95}",5,60.0,9669,4145,52.68694170797244,0.7158021712907117,0.7135135667864343,0.7833552031357354,0.9853257079957984,1.3659190830076111
44,PSS SC-CV,"{""method"":""PSS SC-CV"",""n_min"":10,""noise"":1e-05,""tau"":0.95}",10,60.0,9669,4145,52.68694170797244,0.7901085645355851,0.7889237898396465,0.8616650522434851,0.9531774580245838,1.1511972079752013
44,PSS SC-CV,"{""method"":""PSS SC-CV"",""n_min"":10,""noise"":1e-05,""tau"":0.95}",20,60.0,9669,4145,52.68694170797244,0.8250904704463209,0.8211464328756631,0.8933783776173366,0.9444784169900232,1.1787032080464996
44,PSS SC-CV,"{""method"":""PSS SC-CV"",""n_min"":5,""noise"":1e-05,""tau"":0.99}",5,60.0,9669,4145,53.74422804202186,0.7334137515078407,0.7305107678271741,0.8034263785484459,0.8761266659712419,1.2449632920324802
44,PSS SC-CV,"{""method"":""PSS SC-CV"",""n_min"":5,""noise"":1e-05,""tau"":0.99}",10,60.0,9669,4145,53.74422804202186,0.7840772014475271,0.7811008770447796,0.8548736807722199,0.8789598330040462,1.426197458000388
44,PSS SC-CV,"{""method"":""PSS SC-CV"",""n_min"":5,""noise"":1e-05,""tau"":0.99}",20,60.0,9669,4145,53.74422804202186,0.8171290711700845,0.8129283618485521,0.8844002605603926,0.9736465000314638,1.364077208971139
44,PSS SC-CV,"{""method"":""PSS SC-CV"",""n_min"":10,""noise"":1e-05,""tau"":0.99}",5,60.0,9669,4145,0.00194454198936,0.7334137515078407,0.7305107678271741,0.8034263785484459,0.8761266659712419,1.2449632920324802
44,PSS SC-CV,"{""method"":""PSS SC-CV"",""n_min"":10,""noise"":1e-05,""tau"":0.99}",10,60.0,9669,4145,0.00194454198936,0.7840772014475271,0.7811008770447796,0.8548736807722199,0.8789598330040462,1.426197458000388
44,PSS SC-CV,"{""method"":""PSS SC-CV"",""n_min"":10,""noise"":1e-05,""tau"":0.99}",20,60.0,9669,4145,0.00194454198936,0.8171290711700845,0.8129283618485521,0.8844002605603926,0.9736465000314638,1.364077208971139
44,Joint Ross MI,"{""k"":1,""method"":""Joint Ross MI"",""noise"":1e-05}",5,60.0,9669,4145,7.300234124995768,0.6827503015681544,0.6715241328107108,0.7424213625731653,0.9717152920202352,1.4687249999842606
44,Joint Ross MI,"{""k"":1,""method"":""Joint Ross MI"",""noise"":1e-05}",10,60.0,9669,4145,7.300234124995768,0.7365500603136309,0.7290430037281912,0.802199369999512,1.0189450830221176,1.3563448750064708
44,Joint Ross MI,"{""k"":1,""method"":""Joint Ross MI"",""noise"":1e-05}",20,60.0,9669,4145,7.300234124995768,0.8118214716525934,0.8073635296171564,0.880689668442532,0.941769125056453,1.2072356669814326
44,Joint Ross MI,"{""k"":3,""method"":""Joint Ross MI"",""noise"":1e-05}",5,60.0,9669,4145,12.622366291994696,0.6733413751507841,0.6571105954968857,0.739506483974034,0.9697805000469089,1.4913098749821074
44,Joint Ross MI,"{""k"":3,""method"":""Joint Ross MI"",""noise"":1e-05}",10,60.0,9669,4145,12.622366291994696,0.7910735826296743,0.7867961771960849,0.8587025387743149,0.8528305410291068,1.165268166048918
44,Joint Ross MI,"{""k"":3,""method"":""Joint Ross MI"",""noise"":1e-05}",20,60.0,9669,4145,12.622366291994696,0.8151990349819059,0.8104233073899283,0.8848737934063953,0.8866028329939581,1.184152624977287
44,Joint Ross MI,"{""k"":5,""method"":""Joint Ross MI"",""noise"":1e-05}",5,60.0,9669,4145,18.33136683300836,0.7119420989143547,0.6986429224438613,0.7861998027024693,0.9402612499543466,1.368903082970064
44,Joint Ross MI,"{""k"":5,""method"":""Joint Ross MI"",""noise"":1e-05}",10,60.0,9669,4145,18.33136683300836,0.7903498190591074,0.7837199736060583,0.863890515826979,0.8353945000562817,1.12825133302249
44,Joint Ross MI,"{""k"":5,""method"":""Joint Ross MI"",""noise"":1e-05}",20,60.0,9669,4145,18.33136683300836,0.8250904704463209,0.8210172555556807,0.8874317624620329,0.8851870829821564,1.17317279195413
44,Joint Ross MI,"{""k"":10,""method"":""Joint Ross MI"",""noise"":1e-05}",5,60.0,9669,4145,32.096019790973514,0.7459589867310013,0.7451789053084488,0.812077152532955,0.8807682080077939,1.2463736669742502
44,Joint Ross MI,"{""k"":10,""method"":""Joint Ross MI"",""noise"":1e-05}",10,60.0,9669,4145,32.096019790973514,0.800723763570567,0.7960920164896432,0.8696885946633928,0.8189496669801883,1.106478750007227
44,Joint Ross MI,"{""k"":10,""method"":""Joint Ross MI"",""noise"":1e-05}",20,60.0,9669,4145,32.096019790973514,0.8178528347406514,0.8134640781455909,0.8843976793605381,0.914195874996949,1.194152000010945
44,Joint Ross MI,"{""k"":15,""method"":""Joint Ross MI"",""noise"":1e-05}",5,60.0,9669,4145,47.62392929196358,0.7459589867310013,0.7451789053084488,0.812077152532955,0.8807682080077939,1.2463736669742502
44,Joint Ross MI,"{""k"":15,""method"":""Joint Ross MI"",""noise"":1e-05}",10,60.0,9669,4145,47.62392929196358,0.8024125452352232,0.7971267256494299,0.8693072810485492,0.8356914580217563,1.0967757910257203
44,Joint Ross MI,"{""k"":15,""method"":""Joint Ross MI"",""noise"":1e-05}",20,60.0,9669,4145,47.62392929196358,0.8306393244873341,0.826373127926142,0.893730359415654,0.8637565419776365,1.1236985830473714
44,Joint Ross MI,"{""k"":20,""method"":""Joint Ross MI"",""noise"":1e-05}",5,60.0,9669,4145,63.60398629202973,0.7474065138721351,0.7434514959695737,0.8194790950970343,0.8607506660046056,1.2767979999771342
44,Joint Ross MI,"{""k"":20,""method"":""Joint Ross MI"",""noise"":1e-05}",10,60.0,9669,4145,63.60398629202973,0.8041013268998793,0.7989795578357719,0.8697209769888379,0.7953510829829611,1.077220958948601
44,Joint Ross MI,"{""k"":20,""method"":""Joint Ross MI"",""noise"":1e-05}",20,60.0,9669,4145,63.60398629202973,0.8291917973462002,0.8259045228253157,0.8951603441349507,0.8430778340552934,1.2412848329986446
44,Univariate Ross MI,"{""k"":1,""method"":""Univariate Ross MI"",""noise"":1e-05}",5,60.0,9669,4145,5.358300404623151e-05,0.7145958986731001,0.6984542601999633,0.7669758474783086,0.9619817080092616,1.391731166979298
44,Univariate Ross MI,"{""k"":1,""method"":""Univariate Ross MI"",""noise"":1e-05}",10,60.0,9669,4145,5.358300404623151e-05,0.7705669481302775,0.7630057274478222,0.845800293975198,0.8718504160060547,1.2297681670170275
44,Univariate Ross MI,"{""k"":1,""method"":""Univariate Ross MI"",""noise"":1e-05}",20,60.0,9669,4145,5.358300404623151e-05,0.8277442702050664,0.8235413170314136,0.8964197350093299,0.8452593749971129,1.1257537080091424
44,Univariate Ross MI,"{""k"":3,""method"":""Univariate Ross MI"",""noise"":1e-05}",5,60.0,9669,4145,2.0040955860167745e-05,0.7148371531966224,0.7074168900577813,0.7869761572222911,1.0272742499946617,1.268471541989129
44,Univariate Ross MI,"{""k"":3,""method"":""Univariate Ross MI"",""noise"":1e-05}",10,60.0,9669,4145,2.0040955860167745e-05,0.7683956574185766,0.7644127160229623,0.8511379806194129,0.8668201249674894,1.1516257909825072
44,Univariate Ross MI,"{""k"":3,""method"":""Univariate Ross MI"",""noise"":1e-05}",20,60.0,9669,4145,2.0040955860167745e-05,0.8277442702050664,0.8235413170314136,0.8964197350093299,0.8452593749971129,1.1257537080091424
44,Univariate Ross MI,"{""k"":5,""method"":""Univariate Ross MI"",""noise"":1e-05}",5,60.0,9669,4145,1.650000922381878e-05,0.7186972255729795,0.7130728855749411,0.7852814821906596,0.9427877500420436,1.3599914170335978
44,Univariate Ross MI,"{""k"":5,""method"":""Univariate Ross MI"",""noise"":1e-05}",10,60.0,9669,4145,1.650000922381878e-05,0.790832328106152,0.7896748016699894,0.8714379442010294,0.8235570000251755,1.118734207993839
44,Univariate Ross MI,"{""k"":5,""method"":""Univariate Ross MI"",""noise"":1e-05}",20,60.0,9669,4145,1.650000922381878e-05,0.8277442702050664,0.8235413170314136,0.8964197350093299,0.8452593749971129,1.1257537080091424
44,Univariate Ross MI,"{""k"":10,""method"":""Univariate Ross MI"",""noise"":1e-05}",5,60.0,9669,4145,2.2041029296815395e-05,0.75416164053076,0.7503030563283511,0.8128132638005023,0.8634886250365525,1.232426000002306
44,Univariate Ross MI,"{""k"":10,""method"":""Univariate Ross MI"",""noise"":1e-05}",10,60.0,9669,4145,2.2041029296815395e-05,0.7787696019300362,0.777129231759834,0.8603678819894199,0.848563416977413,1.1179994159610942
44,Univariate Ross MI,"{""k"":10,""method"":""Univariate Ross MI"",""noise"":1e-05}",20,60.0,9669,4145,2.2041029296815395e-05,0.8277442702050664,0.8235413170314136,0.8964197350093299,0.8452593749971129,1.1257537080091424
44,Univariate Ross MI,"{""k"":15,""method"":""Univariate Ross MI"",""noise"":1e-05}",5,60.0,9669,4145,1.8291000742465258e-05,0.7346200241254524,0.7321356331354727,0.8003479457403633,0.8616316250409,1.2575552909984251
44,Univariate Ross MI,"{""k"":15,""method"":""Univariate Ross MI"",""noise"":1e-05}",10,60.0,9669,4145,1.8291000742465258e-05,0.7835946924004825,0.7835856338863671,0.8631018419442159,0.8496658329968341,1.1238340419949964
44,Univariate Ross MI,"{""k"":15,""method"":""Univariate Ross MI"",""noise"":1e-05}",20,60.0,9669,4145,1.8291000742465258e-05,0.8277442702050664,0.8235413170314136,0.8964197350093299,0.8452593749971129,1.1257537080091424
44,Univariate Ross MI,"{""k"":20,""method"":""Univariate Ross MI"",""noise"":1e-05}",5,60.0,9669,4145,2.0709005184471607e-05,0.75416164053076,0.7503030563283511,0.8128132638005023,0.8634886250365525,1.232426000002306
44,Univariate Ross MI,"{""k"":20,""method"":""Univariate Ross MI"",""noise"":1e-05}",10,60.0,9669,4145,2.0709005184471607e-05,0.7852834740651388,0.7849217567927794,0.866420326338751,0.8624811249901541,1.1490322080207989
44,Univariate Ross MI,"{""k"":20,""method"":""Univariate Ross MI"",""noise"":1e-05}",20,60.0,9669,4145,2.0709005184471607e-05,0.8277442702050664,0.8235413170314136,0.8964197350093299,0.8452593749971129,1.1257537080091424
45,PSS SC-CV,"{""method"":""PSS SC-CV"",""n_min"":5,""noise"":0.0001,""tau"":0.9}",5,60.0,9669,4145,55.98275849997299,0.7131483715319662,0.7049993366968818,0.7807780850274908,1.062818749982398,1.322876666963566
45,PSS SC-CV,"{""method"":""PSS SC-CV"",""n_min"":5,""noise"":0.0001,""tau"":0.9}",10,60.0,9669,4145,55.98275849997299,0.7983112183353438,0.79703252716613,0.868161122186997,0.8615087499492802,1.1322727080550976
45,PSS SC-CV,"{""method"":""PSS SC-CV"",""n_min"":5,""noise"":0.0001,""tau"":0.9}",20,60.0,9669,4145,55.98275849997299,0.8296743063932449,0.8274547020222074,0.9054122721858486,0.8858249160111882,1.1695567920105532
45,PSS SC-CV,"{""method"":""PSS SC-CV"",""n_min"":10,""noise"":0.0001,""tau"":0.9}",5,60.0,9669,4145,39.46083258301951,0.7131483715319662,0.7049993366968818,0.7807780850274908,1.062818749982398,1.322876666963566
45,PSS SC-CV,"{""method"":""PSS SC-CV"",""n_min"":10,""noise"":0.0001,""tau"":0.9}",10,60.0,9669,4145,39.46083258301951,0.8055488540410133,0.8030476082883358,0.8759489570671782,0.8658191249705851,1.102361957950052
45,PSS SC-CV,"{""method"":""PSS SC-CV"",""n_min"":10,""noise"":0.0001,""tau"":0.9}",20,60.0,9669,4145,39.46083258301951,0.8301568154402895,0.8279801880968263,0.9052257035349134,0.8977519170148298,1.1698538750060834
45,PSS SC-CV,"{""method"":""PSS SC-CV"",""n_min"":5,""noise"":0.0001,""tau"":0.95}",5,60.0,9669,4145,51.46009100001538,0.7454764776839565,0.7379821428487721,0.8120426314055041,0.8906699169892818,1.2238864169921726
45,PSS SC-CV,"{""method"":""PSS SC-CV"",""n_min"":5,""noise"":0.0001,""tau"":0.95}",10,60.0,9669,4145,51.46009100001538,0.8077201447527141,0.8044588266894424,0.8806398929714713,0.8231230000383221,1.0942992079653775
45,PSS SC-CV,"{""method"":""PSS SC-CV"",""n_min"":5,""noise"":0.0001,""tau"":0.95}",20,60.0,9669,4145,51.46009100001538,0.8308805790108564,0.8287286893364766,0.903519866045584,0.9002996670315042,1.1757063749828376
45,PSS SC-CV,"{""method"":""PSS SC-CV"",""n_min"":10,""noise"":0.0001,""tau"":0.95}",5,60.0,9669,4145,31.109319958952256,0.7454764776839565,0.7379821428487721,0.8120426314055041,0.8906699169892818,1.2238864169921726
45,PSS SC-CV,"{""method"":""PSS SC-CV"",""n_min"":10,""noise"":0.0001,""tau"":0.95}",10,60.0,9669,4145,31.109319958952256,0.7973462002412546,0.7953856369327177,0.8761266191744759,0.8704925419879146,1.114211208012421
45,PSS SC-CV,"{""method"":""PSS SC-CV"",""n_min"":10,""noise"":0.0001,""tau"":0.95}",20,60.0,9669,4145,31.109319958952256,0.8308805790108564,0.8287286893364766,0.903519866045584,0.9002996670315042,1.1757063749828376
45,PSS SC-CV,"{""method"":""PSS SC-CV"",""n_min"":5,""noise"":0.0001,""tau"":0.99}",5,60.0,9669,4145,52.74753358296584,0.7189384800965019,0.715436868309252,0.7924369850318501,0.9187592079979368,1.2849113330012187
45,PSS SC-CV,"{""method"":""PSS SC-CV"",""n_min"":5,""noise"":0.0001,""tau"":0.99}",10,60.0,9669,4145,52.74753358296584,0.7806996381182147,0.7807126922465725,0.8545945811650978,0.9093173330184072,1.1957488750340417
45,PSS SC-CV,"{""method"":""PSS SC-CV"",""n_min"":5,""noise"":0.0001,""tau"":0.99}",20,60.0,9669,4145,52.74753358296584,0.82291917973462,0.8204554478280456,0.8958499256772372,0.9538510830025188,1.2213702499866486
45,PSS SC-CV,"{""method"":""PSS SC-CV"",""n_min"":10,""noise"":0.0001,""tau"":0.99}",5,60.0,9669,4145,0.0017237919964827,0.7189384800965019,0.715436868309252,0.7924369850318501,0.9187592079979368,1.2849113330012187
45,PSS SC-CV,"{""method"":""PSS SC-CV"",""n_min"":10,""noise"":0.0001,""tau"":0.99}",10,60.0,9669,4145,0.0017237919964827,0.7806996381182147,0.7807126922465725,0.8545945811650978,0.9093173330184072,1.1957488750340417
45,PSS SC-CV,"{""method"":""PSS SC-CV"",""n_min"":10,""noise"":0.0001,""tau"":0.99}",20,60.0,9669,4145,0.0017237919964827,0.82291917973462,0.8204554478280456,0.8958499256772372,0.9538510830025188,1.2213702499866486
45,Joint Ross MI,"{""k"":1,""method"":""Joint Ross MI"",""noise"":0.0001}",5,60.0,9669,4145,7.791790957970079,0.7261761158021713,0.7209752149641183,0.7895552493996287,0.9842963750124908,1.395365915959701
45,Joint Ross MI,"{""k"":1,""method"":""Joint Ross MI"",""noise"":0.0001}",10,60.0,9669,4145,7.791790957970079,0.7686369119420989,0.763205474430485,0.8299286117089173,0.94137979199877,1.2715529580018483
45,Joint Ross MI,"{""k"":1,""method"":""Joint Ross MI"",""noise"":0.0001}",20,60.0,9669,4145,7.791790957970079,0.8106151990349819,0.8061418118628598,0.8828805918445124,0.9679728749906644,1.2682010830030777
45,Joint Ross MI,"{""k"":3,""method"":""Joint Ross MI"",""noise"":0.0001}",5,60.0,9669,4145,12.472542625037022,0.720627261761158,0.7177528040377581,0.7954633348068194,0.9562658340437338,1.359251750051044
45,Joint Ross MI,"{""k"":3,""method"":""Joint Ross MI"",""noise"":0.0001}",10,60.0,9669,4145,12.472542625037022,0.7790108564535585,0.7751390709912467,0.8592770792912079,0.9032409579958768,1.1891131669981403
45,Joint Ross MI,"{""k"":3,""method"":""Joint Ross MI"",""noise"":0.0001}",20,60.0,9669,4145,12.472542625037022,0.81978287092883,0.8162055030251778,0.8924959088494948,0.9093993750284426,1.2006145000341348
45,Joint Ross MI,"{""k"":5,""method"":""Joint Ross MI"",""noise"":0.0001}",5,60.0,9669,4145,17.26337916601915,0.6940892641737032,0.6809452233503324,0.7503964583832373,0.989242500043474,1.4341133330017328
45,Joint Ross MI,"{""k"":5,""method"":""Joint Ross MI"",""noise"":0.0001}",10,60.0,9669,4145,17.26337916601915,0.7568154402895054,0.7514831738983895,0.823206280707067,0.987680124992039,1.2822960839839652
45,Joint Ross MI,"{""k"":5,""method"":""Joint Ross MI"",""noise"":0.0001}",20,60.0,9669,4145,17.26337916601915,0.8130277442702051,0.8092459767032945,0.8867244685723232,0.9291302080382592,1.2260766249964945
45,Joint Ross MI,"{""k"":10,""method"":""Joint Ross MI"",""noise"":0.0001}",5,60.0,9669,4145,31.725042500009295,0.7114595898673101,0.7068150996853177,0.7772588283769981,0.9268981250352226,1.3623051249887794
45,Joint Ross MI,"{""k"":10,""method"":""Joint Ross MI"",""noise"":0.0001}",10,60.0,9669,4145,31.725042500009295,0.7905910735826297,0.7867575399751461,0.8675062568469054,0.8668832500115968,1.1360955410054885
45,Joint Ross MI,"{""k"":10,""method"":""Joint Ross MI"",""noise"":0.0001}",20,60.0,9669,4145,31.725042500009295,0.8156815440289505,0.8120964222414209,0.8872049531632996,0.9318902919767424,1.231824583024718
45,Joint Ross MI,"{""k"":15,""method"":""Joint Ross MI"",""noise"":0.0001}",5,60.0,9669,4145,49.34828325000126,0.7449939686369119,0.7409527095346424,0.810541410037112,0.8781903330236673,1.2937804169487208
45,Joint Ross MI,"{""k"":15,""method"":""Joint Ross MI"",""noise"":0.0001}",10,60.0,9669,4145,49.34828325000126,0.7927623642943306,0.787374200930687,0.8688991933952823,0.8672299580066465,1.211892583000008
45,Joint Ross MI,"{""k"":15,""method"":""Joint Ross MI"",""noise"":0.0001}",20,60.0,9669,4145,49.34828325000126,0.8311218335343787,0.8280776913113854,0.9017355103426068,0.8824741250136867,1.1822468329919502
45,Joint Ross MI,"{""k"":20,""method"":""Joint Ross MI"",""noise"":0.0001}",5,60.0,9669,4145,57.49788349994924,0.7449939686369119,0.7409527095346424,0.810541410037112,0.8781903330236673,1.2937804169487208
45,Joint Ross MI,"{""k"":20,""method"":""Joint Ross MI"",""noise"":0.0001}",10,60.0,9669,4145,57.49788349994924,0.7927623642943306,0.787374200930687,0.8688991933952823,0.8672299580066465,1.211892583000008
45,Joint Ross MI,"{""k"":20,""method"":""Joint Ross MI"",""noise"":0.0001}",20,60.0,9669,4145,57.49788349994924,0.8318455971049458,0.8292234712738185,0.9026568688436448,0.8961364999995567,1.1426582090207376
45,Univariate Ross MI,"{""k"":1,""method"":""Univariate Ross MI"",""noise"":0.0001}",5,60.0,9669,4145,6.491702515631914e-05,0.6950542822677925,0.681678372521344,0.7530046693726934,0.968475750007201,1.481360457953997
45,Univariate Ross MI,"{""k"":1,""method"":""Univariate Ross MI"",""noise"":0.0001}",10,60.0,9669,4145,6.491702515631914e-05,0.7864897466827503,0.7821319968517713,0.8568697342990528,0.8509507920243777,1.171659790968988
45,Univariate Ross MI,"{""k"":1,""method"":""Univariate Ross MI"",""noise"":0.0001}",20,60.0,9669,4145,6.491702515631914e-05,0.8308805790108564,0.8286095057196416,0.9042982510829654,0.8826268329867162,1.182877582963556
45,Univariate Ross MI,"{""k"":3,""method"":""Univariate Ross MI"",""noise"":0.0001}",5,60.0,9669,4145,2.4040986318141225e-05,0.7119420989143547,0.7114722844768788,0.785820595022742,1.015134332992602,1.3009770840290005
45,Univariate Ross MI,"{""k"":3,""method"":""Univariate Ross MI"",""noise"":0.0001}",10,60.0,9669,4145,2.4040986318141225e-05,0.7734620024125453,0.771718020703495,0.8544546546768963,0.8784175409819,1.2220189580111764
45,Univariate Ross MI,"{""k"":3,""method"":""Univariate Ross MI"",""noise"":0.0001}",20,60.0,9669,4145,2.4040986318141225e-05,0.8265379975874547,0.8240390425371837,0.9040214450820174,0.8963304999633692,1.1502184999990277
45,Univariate Ross MI,"{""k"":5,""method"":""Univariate Ross MI"",""noise"":0.0001}",5,60.0,9669,4145,2.7999980375170708e-05,0.7288299155609168,0.7275998083686821,0.7885675605867631,0.9200113749830052,1.2685165840084665
45,Univariate Ross MI,"{""k"":5,""method"":""Univariate Ross MI"",""noise"":0.0001}",10,60.0,9669,4145,2.7999980375170708e-05,0.7741857659831122,0.7729035285382064,0.8524642765566177,0.8872061250149272,1.1808621660456993
45,Univariate Ross MI,"{""k"":5,""method"":""Univariate Ross MI"",""noise"":0.0001}",20,60.0,9669,4145,2.7999980375170708e-05,0.8214716525934861,0.8182036157754575,0.8968652716519248,0.8682918749982491,1.167281500005629
45,Univariate Ross MI,"{""k"":10,""method"":""Univariate Ross MI"",""noise"":0.0001}",5,60.0,9669,4145,2.174999099224806e-05,0.7418576598311218,0.7373384106882274,0.8095710655460672,0.895207958004903,1.2546873340033926
45,Univariate Ross MI,"{""k"":10,""method"":""Univariate Ross MI"",""noise"":0.0001}",10,60.0,9669,4145,2.174999099224806e-05,0.771773220747889,0.7695212685918238,0.8547150538869329,0.8763621660182253,1.1718955829855986
45,Univariate Ross MI,"{""k"":10,""method"":""Univariate Ross MI"",""noise"":0.0001}",20,60.0,9669,4145,2.174999099224806e-05,0.826779252110977,0.8236661396180405,0.901070800927968,0.8717053750297055,1.1455912500387058
45,Univariate Ross MI,"{""k"":15,""method"":""Univariate Ross MI"",""noise"":0.0001}",5,60.0,9669,4145,3.337505040690303e-05,0.7083232810615199,0.7003801219071442,0.7674970221674495,0.9298100839951076,1.3481502499780618
45,Univariate Ross MI,"{""k"":15,""method"":""Univariate Ross MI"",""noise"":0.0001}",10,60.0,9669,4145,3.337505040690303e-05,0.7739445114595899,0.7725216018840622,0.8577294501428094,0.8606619579950348,1.1272265419829637
45,Univariate Ross MI,"{""k"":15,""method"":""Univariate Ross MI"",""noise"":0.0001}",20,60.0,9669,4145,3.337505040690303e-05,0.8308805790108564,0.8286095057196416,0.9042982510829654,0.8826268329867162,1.182877582963556
45,Univariate Ross MI,"{""k"":20,""method"":""Univariate Ross MI"",""noise"":0.0001}",5,60.0,9669,4145,1.833302667364478e-05,0.7447527141133896,0.7423188092607428,0.8070191064111645,0.8232901670271531,1.209354666993022
45,Univariate Ross MI,"{""k"":20,""method"":""Univariate Ross MI"",""noise"":0.0001}",10,60.0,9669,4145,1.833302667364478e-05,0.7727382388419783,0.7723997228658632,0.8589576156338905,0.8684112500050105,1.133322459005285
45,Univariate Ross MI,"{""k"":20,""method"":""Univariate Ross MI"",""noise"":0.0001}",20,60.0,9669,4145,1.833302667364478e-05,0.8270205066344994,0.824882351590029,0.9046964673366577,0.9005436250008643,1.1442602919996716
45,PSS SC-CV,"{""method"":""PSS SC-CV"",""n_min"":5,""noise"":1e-05,""tau"":0.9}",5,60.0,9669,4145,56.33844345802208,0.7194209891435465,0.7086524258846658,0.7747121428534598,1.0061396660166793,1.3551642919774167
45,PSS SC-CV,"{""method"":""PSS SC-CV"",""n_min"":5,""noise"":1e-05,""tau"":0.9}",10,60.0,9669,4145,56.33844345802208,0.7901085645355851,0.7873047064520409,0.862872510328075,0.8951697089942172,1.1487271250225604
45,PSS SC-CV,"{""method"":""PSS SC-CV"",""n_min"":5,""noise"":1e-05,""tau"":0.9}",20,60.0,9669,4145,56.33844345802208,0.8308805790108564,0.8287286893364766,0.903519866045584,0.9180290829972364,1.2003911669598892
45,PSS SC-CV,"{""method"":""PSS SC-CV"",""n_min"":10,""noise"":1e-05,""tau"":0.9}",5,60.0,9669,4145,49.014560790965334,0.7300361881785283,0.7247023690937311,0.793600460890195,1.0038741250173189,1.2967946249991655
45,PSS SC-CV,"{""method"":""PSS SC-CV"",""n_min"":10,""noise"":1e-05,""tau"":0.9}",10,60.0,9669,4145,49.014560790965334,0.7806996381182147,0.7786071150158231,0.8612857392642164,0.888232416997198,1.1512312090490011
45,PSS SC-CV,"{""method"":""PSS SC-CV"",""n_min"":10,""noise"":1e-05,""tau"":0.9}",20,60.0,9669,4145,49.014560790965334,0.8287092882991556,0.8263242741284127,0.9044264584348016,0.9188759589451364,1.1452024999889543
45,PSS SC-CV,"{""method"":""PSS SC-CV"",""n_min"":5,""noise"":1e-05,""tau"":0.95}",5,60.0,9669,4145,40.5879760410171,0.7124246079613993,0.7059591339651979,0.7913754656598835,0.9643680829904042,1.3266300419927577
45,PSS SC-CV,"{""method"":""PSS SC-CV"",""n_min"":5,""noise"":1e-05,""tau"":0.95}",10,60.0,9669,4145,40.5879760410171,0.7794933655006031,0.776935848978771,0.8612979271660363,0.8932360000326298,1.1769074159674346
45,PSS SC-CV,"{""method"":""PSS SC-CV"",""n_min"":5,""noise"":1e-05,""tau"":0.95}",20,60.0,9669,4145,40.5879760410171,0.8308805790108564,0.8287286893364766,0.903519866045584,0.9180290829972364,1.2003911669598892
45,PSS SC-CV,"{""method"":""PSS SC-CV"",""n_min"":10,""noise"":1e-05,""tau"":0.95}",5,60.0,9669,4145,9.017227332980838,0.7411338962605549,0.7392119490189442,0.8079705830926612,0.8976318329805508,1.2665929169743322
45,PSS SC-CV,"{""method"":""PSS SC-CV"",""n_min"":10,""noise"":1e-05,""tau"":0.95}",10,60.0,9669,4145,9.017227332980838,0.7794933655006031,0.776935848978771,0.8612979271660363,0.8932360000326298,1.1769074159674346
45,PSS SC-CV,"{""method"":""PSS SC-CV"",""n_min"":10,""noise"":1e-05,""tau"":0.95}",20,60.0,9669,4145,9.017227332980838,0.8308805790108564,0.8287286893364766,0.903519866045584,0.9180290829972364,1.2003911669598892
45,PSS SC-CV,"{""method"":""PSS SC-CV"",""n_min"":5,""noise"":1e-05,""tau"":0.99}",5,60.0,9669,4145,51.55601050000405,0.6979493365500603,0.6953989029950831,0.7717590376807735,0.9075797499972396,1.4247842080076225
45,PSS SC-CV,"{""method"":""PSS SC-CV"",""n_min"":5,""noise"":1e-05,""tau"":0.99}",10,60.0,9669,4145,51.55601050000405,0.7785283474065139,0.777394535976108,0.8551662406369959,0.8942477909731679,1.2213674589875154
45,PSS SC-CV,"{""method"":""PSS SC-CV"",""n_min"":5,""noise"":1e-05,""tau"":0.99}",20,60.0,9669,4145,51.55601050000405,0.8250904704463209,0.8223036728242135,0.8975475597711112,0.945909666013904,1.2431316670263186
45,PSS SC-CV,"{""method"":""PSS SC-CV"",""n_min"":10,""noise"":1e-05,""tau"":0.99}",5,60.0,9669,4145,0.0016840830212458,0.6979493365500603,0.6953989029950831,0.7717590376807735,0.9075797499972396,1.4247842080076225
45,PSS SC-CV,"{""method"":""PSS SC-CV"",""n_min"":10,""noise"":1e-05,""tau"":0.99}",10,60.0,9669,4145,0.0016840830212458,0.7785283474065139,0.777394535976108,0.8551662406369959,0.8942477909731679,1.2213674589875154
45,PSS SC-CV,"{""method"":""PSS SC-CV"",""n_min"":10,""noise"":1e-05,""tau"":0.99}",20,60.0,9669,4145,0.0016840830212458,0.8250904704463209,0.8223036728242135,0.8975475597711112,0.945909666013904,1.2431316670263186
45,Joint Ross MI,"{""k"":1,""method"":""Joint Ross MI"",""noise"":1e-05}",5,60.0,9669,4145,7.803878416016232,0.6979493365500603,0.6888040761968871,0.7672321696855944,0.9414308340055868,1.4872622909606434
45,Joint Ross MI,"{""k"":1,""method"":""Joint Ross MI"",""noise"":1e-05}",10,60.0,9669,4145,7.803878416016232,0.7686369119420989,0.763205474430485,0.8299286117089173,0.947927333007101,1.2789283340098336
45,Joint Ross MI,"{""k"":1,""method"":""Joint Ross MI"",""noise"":1e-05}",20,60.0,9669,4145,7.803878416016232,0.809167671893848,0.8049626323617857,0.8819184507489232,1.0107071250095032,1.294193790992722
45,Joint Ross MI,"{""k"":3,""method"":""Joint Ross MI"",""noise"":1e-05}",5,60.0,9669,4145,13.602595875039697,0.7114595898673101,0.7026436730960974,0.7864742884491973,0.8889671249780804,1.388345958024729
45,Joint Ross MI,"{""k"":3,""method"":""Joint Ross MI"",""noise"":1e-05}",10,60.0,9669,4145,13.602595875039697,0.7599517490952955,0.7536275414705078,0.8365817998062124,0.9257983340066858,1.2590882920194415
45,Joint Ross MI,"{""k"":3,""method"":""Joint Ross MI"",""noise"":1e-05}",20,60.0,9669,4145,13.602595875039697,0.81978287092883,0.8162055030251778,0.8924959088494948,0.9201529170386492,1.1996751250117086
45,Joint Ross MI,"{""k"":5,""method"":""Joint Ross MI"",""noise"":1e-05}",5,60.0,9669,4145,17.54724966699723,0.7129071170084439,0.702789927917936,0.7714637154443686,0.9665994579554535,1.4074976669508033
45,Joint Ross MI,"{""k"":5,""method"":""Joint Ross MI"",""noise"":1e-05}",10,60.0,9669,4145,17.54724966699723,0.776357056694813,0.7716927073689461,0.843756255089035,0.9359011659980752,1.2374008339829743
45,Joint Ross MI,"{""k"":5,""method"":""Joint Ross MI"",""noise"":1e-05}",20,60.0,9669,4145,17.54724966699723,0.8130277442702051,0.8092459767032945,0.8867244685723232,0.9554527089931072,1.2220846659620292
45,Joint Ross MI,"{""k"":10,""method"":""Joint Ross MI"",""noise"":1e-05}",5,60.0,9669,4145,32.33450604201062,0.7114595898673101,0.7068150996853177,0.7772588283769981,0.920578958990518,1.388687041006051
45,Joint Ross MI,"{""k"":10,""method"":""Joint Ross MI"",""noise"":1e-05}",10,60.0,9669,4145,32.33450604201062,0.7905910735826297,0.7867575399751461,0.8675062568469054,0.8632793329888955,1.1258932910277508
45,Joint Ross MI,"{""k"":10,""method"":""Joint Ross MI"",""noise"":1e-05}",20,60.0,9669,4145,32.33450604201062,0.8156815440289505,0.8120964222414209,0.8872049531632996,0.97989666700596,1.267688709020149
45,Joint Ross MI,"{""k"":15,""method"":""Joint Ross MI"",""noise"":1e-05}",5,60.0,9669,4145,48.03666345804231,0.7449939686369119,0.7409527095346424,0.810541410037112,0.8852087919949554,1.3438967079855502
45,Joint Ross MI,"{""k"":15,""method"":""Joint Ross MI"",""noise"":1e-05}",10,60.0,9669,4145,48.03666345804231,0.7927623642943306,0.787374200930687,0.8688991933952823,0.8777948329807259,1.1511674580397084
45,Joint Ross MI,"{""k"":15,""method"":""Joint Ross MI"",""noise"":1e-05}",20,60.0,9669,4145,48.03666345804231,0.8311218335343787,0.8280776913113854,0.9017355103426068,0.8970121659804136,1.1805842089815997
45,Joint Ross MI,"{""k"":20,""method"":""Joint Ross MI"",""noise"":1e-05}",5,60.0,9669,4145,63.921190250024665,0.7449939686369119,0.7409527095346424,0.810541410037112,0.8852087919949554,1.3438967079855502
45,Joint Ross MI,"{""k"":20,""method"":""Joint Ross MI"",""noise"":1e-05}",10,60.0,9669,4145,63.921190250024665,0.7927623642943306,0.787374200930687,0.8688991933952823,0.8777948329807259,1.1511674580397084
45,Joint Ross MI,"{""k"":20,""method"":""Joint Ross MI"",""noise"":1e-05}",20,60.0,9669,4145,63.921190250024665,0.8318455971049458,0.8292234712738185,0.9026568688436448,0.8997190420050174,1.1365450409939513
45,Univariate Ross MI,"{""k"":1,""method"":""Univariate Ross MI"",""noise"":1e-05}",5,60.0,9669,4145,4.274997627362609e-05,0.7032569360675512,0.6930350359988431,0.777355394060648,0.9528863330488092,1.4353277909685858
45,Univariate Ross MI,"{""k"":1,""method"":""Univariate Ross MI"",""noise"":1e-05}",10,60.0,9669,4145,4.274997627362609e-05,0.7688781664656212,0.7627133878945072,0.8434714800753587,0.9167495419969782,1.255955750006251
45,Univariate Ross MI,"{""k"":1,""method"":""Univariate Ross MI"",""noise"":1e-05}",20,60.0,9669,4145,4.274997627362609e-05,0.8241254523522316,0.8209746055690273,0.8994638729495613,0.889187375025358,1.1440392500371672
45,Univariate Ross MI,"{""k"":3,""method"":""Univariate Ross MI"",""noise"":1e-05}",5,60.0,9669,4145,1.741695450618863e-05,0.715319662243667,0.7120519129615055,0.7772932826379119,0.900712915987242,1.3743373330216857
45,Univariate Ross MI,"{""k"":3,""method"":""Univariate Ross MI"",""noise"":1e-05}",10,60.0,9669,4145,1.741695450618863e-05,0.7819059107358263,0.7811126663707194,0.8574596756236808,0.9162792499992064,1.188908917014487
45,Univariate Ross MI,"{""k"":3,""method"":""Univariate Ross MI"",""noise"":1e-05}",20,60.0,9669,4145,1.741695450618863e-05,0.8265379975874547,0.8240390425371837,0.9040214450820174,0.899519250029698,1.1388967499951832
45,Univariate Ross MI,"{""k"":5,""method"":""Univariate Ross MI"",""noise"":1e-05}",5,60.0,9669,4145,2.0082981791347265e-05,0.715319662243667,0.7120519129615055,0.7772932826379119,0.900712915987242,1.3743373330216857
45,Univariate Ross MI,"{""k"":5,""method"":""Univariate Ross MI"",""noise"":1e-05}",10,60.0,9669,4145,2.0082981791347265e-05,0.7741857659831122,0.7729035285382064,0.8524642765566177,0.8899352080188692,1.1939078329596668
45,Univariate Ross MI,"{""k"":5,""method"":""Univariate Ross MI"",""noise"":1e-05}",20,60.0,9669,4145,2.0082981791347265e-05,0.8200241254523523,0.8184149118041235,0.894631604260703,0.9264002080308272,1.2347334999940358
45,Univariate Ross MI,"{""k"":10,""method"":""Univariate Ross MI"",""noise"":1e-05}",5,60.0,9669,4145,1.9208993762731552e-05,0.7418576598311218,0.7373384106882274,0.8095710655460672,0.9235565409762784,1.3289563339785673
45,Univariate Ross MI,"{""k"":10,""method"":""Univariate Ross MI"",""noise"":1e-05}",10,60.0,9669,4145,1.9208993762731552e-05,0.7741857659831122,0.7729035285382064,0.8524642765566177,0.8899352080188692,1.1939078329596668
45,Univariate Ross MI,"{""k"":10,""method"":""Univariate Ross MI"",""noise"":1e-05}",20,60.0,9669,4145,1.9208993762731552e-05,0.826779252110977,0.8236661396180405,0.901070800927968,0.8874832079745829,1.1748990829801187
45,Univariate Ross MI,"{""k"":15,""method"":""Univariate Ross MI"",""noise"":1e-05}",5,60.0,9669,4145,2.3500004317611456e-05,0.7418576598311218,0.7373384106882274,0.8095710655460672,0.9235565409762784,1.3289563339785673
45,Univariate Ross MI,"{""k"":15,""method"":""Univariate Ross MI"",""noise"":1e-05}",10,60.0,9669,4145,2.3500004317611456e-05,0.7804583835946924,0.7795362081468624,0.8631029085490163,0.8708579579833895,1.12385799997719
45,Univariate Ross MI,"{""k"":15,""method"":""Univariate Ross MI"",""noise"":1e-05}",20,60.0,9669,4145,2.3500004317611456e-05,0.8195416164053076,0.8179291536017828,0.8957289841899475,0.9213710409821942,1.1895620000432243
45,Univariate Ross MI,"{""k"":20,""method"":""Univariate Ross MI"",""noise"":1e-05}",5,60.0,9669,4145,1.987500581890345e-05,0.7447527141133896,0.7423188092607428,0.8070191064111645,0.8340887499507517,1.2431367090321146
45,Univariate Ross MI,"{""k"":20,""method"":""Univariate Ross MI"",""noise"":1e-05}",10,60.0,9669,4145,1.987500581890345e-05,0.7659831121833535,0.7632948914409522,0.8501359185435644,0.9043216250138356,1.1767716250033118
45,Univariate Ross MI,"{""k"":20,""method"":""Univariate Ross MI"",""noise"":1e-05}",20,60.0,9669,4145,1.987500581890345e-05,0.8270205066344994,0.824882351590029,0.9046964673366577,0.8980275000212714,1.1628216250101104
46,PSS SC-CV,"{""method"":""PSS SC-CV"",""n_min"":5,""noise"":0.0001,""tau"":0.9}",5,60.0,9669,4145,56.86780195898609,0.725211097708082,0.7211237652478515,0.7996045601823172,0.9621957080089488,1.2590274579706602
46,PSS SC-CV,"{""method"":""PSS SC-CV"",""n_min"":5,""noise"":0.0001,""tau"":0.9}",10,60.0,9669,4145,56.86780195898609,0.7896260554885404,0.7878346408283867,0.8589524458511202,0.875609207956586,1.1713487499509938
46,PSS SC-CV,"{""method"":""PSS SC-CV"",""n_min"":5,""noise"":0.0001,""tau"":0.9}",20,60.0,9669,4145,56.86780195898609,0.8361881785283474,0.8325901824298195,0.9002300553033802,0.8854475829866715,1.13347233296372
46,PSS SC-CV,"{""method"":""PSS SC-CV"",""n_min"":10,""noise"":0.0001,""tau"":0.9}",5,60.0,9669,4145,0.0016773749957792,0.725211097708082,0.7211237652478515,0.7996045601823172,0.9621957080089488,1.2590274579706602
46,PSS SC-CV,"{""method"":""PSS SC-CV"",""n_min"":10,""noise"":0.0001,""tau"":0.9}",10,60.0,9669,4145,0.0016773749957792,0.7896260554885404,0.7878346408283867,0.8589524458511202,0.875609207956586,1.1713487499509938
46,PSS SC-CV,"{""method"":""PSS SC-CV"",""n_min"":10,""noise"":0.0001,""tau"":0.9}",20,60.0,9669,4145,0.0016773749957792,0.8361881785283474,0.8325901824298195,0.9002300553033802,0.8854475829866715,1.13347233296372
46,PSS SC-CV,"{""method"":""PSS SC-CV"",""n_min"":5,""noise"":0.0001,""tau"":0.95}",5,60.0,9669,4145,53.35063220898155,0.729794933655006,0.7235693347825598,0.793438777693928,0.970410166948568,1.277208250015974
46,PSS SC-CV,"{""method"":""PSS SC-CV"",""n_min"":5,""noise"":0.0001,""tau"":0.95}",10,60.0,9669,4145,53.35063220898155,0.8041013268998793,0.8011755722754732,0.8695961407777014,0.8465509170200676,1.0731754999724217
46,PSS SC-CV,"{""method"":""PSS SC-CV"",""n_min"":5,""noise"":0.0001,""tau"":0.95}",20,60.0,9669,4145,53.35063220898155,0.8301568154402895,0.8268771658613323,0.9014453311257036,0.9189846660010516,1.140453499974683
46,PSS SC-CV,"{""method"":""PSS SC-CV"",""n_min"":10,""noise"":0.0001,""tau"":0.95}",5,60.0,9669,4145,48.89022050000494,0.7063932448733414,0.7017696940855795,0.7722961696871398,1.0220265830284916,1.2671425419976003
46,PSS SC-CV,"{""method"":""PSS SC-CV"",""n_min"":10,""noise"":0.0001,""tau"":0.95}",10,60.0,9669,4145,48.89022050000494,0.8060313630880579,0.802087439787647,0.8709669925548811,0.8117597090313211,1.0589992919703946
46,PSS SC-CV,"{""method"":""PSS SC-CV"",""n_min"":10,""noise"":0.0001,""tau"":0.95}",20,60.0,9669,4145,48.89022050000494,0.8301568154402895,0.8268771658613323,0.9014453311257036,0.9189846660010516,1.140453499974683
46,PSS SC-CV,"{""method"":""PSS SC-CV"",""n_min"":5,""noise"":0.0001,""tau"":0.99}",5,60.0,9669,4145,52.13996683398727,0.7129071170084439,0.7073231455721629,0.77326177308719,0.9485012089717202,1.3423371670069173
46,PSS SC-CV,"{""method"":""PSS SC-CV"",""n_min"":5,""noise"":0.0001,""tau"":0.99}",10,60.0,9669,4145,52.13996683398727,0.7729794933655006,0.7739630381567042,0.8543339753481335,0.8957761250203475,1.165749124949798
46,PSS SC-CV,"{""method"":""PSS SC-CV"",""n_min"":5,""noise"":0.0001,""tau"":0.99}",20,60.0,9669,4145,52.13996683398727,0.8301568154402895,0.8268771658613323,0.9014453311257036,0.9189846660010516,1.140453499974683
46,PSS SC-CV,"{""method"":""PSS SC-CV"",""n_min"":10,""noise"":0.0001,""tau"":0.99}",5,60.0,9669,4145,0.0016441670013591,0.7129071170084439,0.7073231455721629,0.77326177308719,0.9485012089717202,1.3423371670069173
46,PSS SC-CV,"{""method"":""PSS SC-CV"",""n_min"":10,""noise"":0.0001,""tau"":0.99}",10,60.0,9669,4145,0.0016441670013591,0.7729794933655006,0.7739630381567042,0.8543339753481335,0.8957761250203475,1.165749124949798
46,PSS SC-CV,"{""method"":""PSS SC-CV"",""n_min"":10,""noise"":0.0001,""tau"":0.99}",20,60.0,9669,4145,0.0016441670013591,0.8301568154402895,0.8268771658613323,0.9014453311257036,0.9189846660010516,1.140453499974683
46,Joint Ross MI,"{""k"":1,""method"":""Joint Ross MI"",""noise"":0.0001}",5,60.0,9669,4145,7.594909125007689,0.6957780458383594,0.6901233203428585,0.7677828244145839,0.9308871669927612,1.4694556249887682
46,Joint Ross MI,"{""k"":1,""method"":""Joint Ross MI"",""noise"":0.0001}",10,60.0,9669,4145,7.594909125007689,0.776357056694813,0.7707361863569978,0.854377855745657,0.935378041001968,1.2051847499678845
46,Joint Ross MI,"{""k"":1,""method"":""Joint Ross MI"",""noise"":0.0001}",20,60.0,9669,4145,7.594909125007689,0.824366706875754,0.8196203571254257,0.8913267930422115,0.9324392499984242,1.1730729999835603
46,Joint Ross MI,"{""k"":3,""method"":""Joint Ross MI"",""noise"":0.0001}",5,60.0,9669,4145,12.752511124999728,0.7092882991556092,0.706582223886705,0.7626014176888218,0.9447384999948554,1.3435621249955148
46,Joint Ross MI,"{""k"":3,""method"":""Joint Ross MI"",""noise"":0.0001}",10,60.0,9669,4145,12.752511124999728,0.7884197828709288,0.7828942243072059,0.8581928691303515,0.8453947500092909,1.176317540986929
46,Joint Ross MI,"{""k"":3,""method"":""Joint Ross MI"",""noise"":0.0001}",20,60.0,9669,4145,12.752511124999728,0.8253317249698432,0.8215833596146409,0.8947492293945162,0.8825985000003129,1.1588667499599978
46,Joint Ross MI,"{""k"":5,""method"":""Joint Ross MI"",""noise"":0.0001}",5,60.0,9669,4145,16.726901083020493,0.7370325693606755,0.7369785506985196,0.8017131658087697,0.9003205000190064,1.2500851670047268
46,Joint Ross MI,"{""k"":5,""method"":""Joint Ross MI"",""noise"":0.0001}",10,60.0,9669,4145,16.726901083020493,0.7973462002412546,0.7945823665566607,0.8693281653019158,0.8285550830187276,1.1107122920220718
46,Joint Ross MI,"{""k"":5,""method"":""Joint Ross MI"",""noise"":0.0001}",20,60.0,9669,4145,16.726901083020493,0.82291917973462,0.8188933973846344,0.8942388557869562,0.8926602089777589,1.18599687499227
46,Joint Ross MI,"{""k"":10,""method"":""Joint Ross MI"",""noise"":0.0001}",5,60.0,9669,4145,29.187090958002955,0.7300361881785283,0.7290872361075131,0.7939239259392752,0.8570650420151651,1.3426298329723068
46,Joint Ross MI,"{""k"":10,""method"":""Joint Ross MI"",""noise"":0.0001}",10,60.0,9669,4145,29.187090958002955,0.8009650180940893,0.7966150614419427,0.8663450022339111,0.8189986249781214,1.123265792033635
46,Joint Ross MI,"{""k"":10,""method"":""Joint Ross MI"",""noise"":0.0001}",20,60.0,9669,4145,29.187090958002955,0.8272617611580217,0.8243898278198905,0.8963563782856329,0.887284540978726,1.1858469169819728
46,Joint Ross MI,"{""k"":15,""method"":""Joint Ross MI"",""noise"":0.0001}",5,60.0,9669,4145,50.941539917024784,0.7278648974668275,0.7244228906434791,0.8037175848229203,0.8612570000113919,1.3096844590036198
46,Joint Ross MI,"{""k"":15,""method"":""Joint Ross MI"",""noise"":0.0001}",10,60.0,9669,4145,50.941539917024784,0.813751507840772,0.8093088156891897,0.8832326196081082,0.7772959579597227,1.0518969590193592
46,Joint Ross MI,"{""k"":15,""method"":""Joint Ross MI"",""noise"":0.0001}",20,60.0,9669,4145,50.941539917024784,0.8340168878166465,0.8303371469387908,0.9012224093201028,0.8471021250006743,1.0809072500560433
46,Joint Ross MI,"{""k"":20,""method"":""Joint Ross MI"",""noise"":0.0001}",5,60.0,9669,4145,59.41914495796664,0.7348612786489747,0.7331323282610409,0.8139966266064448,0.8628540420322679,1.2484039170085452
46,Joint Ross MI,"{""k"":20,""method"":""Joint Ross MI"",""noise"":0.0001}",10,60.0,9669,4145,59.41914495796664,0.8012062726176116,0.794425382674611,0.872693345948361,0.7801321250153705,1.0764616670203395
46,Joint Ross MI,"{""k"":20,""method"":""Joint Ross MI"",""noise"":0.0001}",20,60.0,9669,4145,59.41914495796664,0.8316043425814234,0.8279055393487491,0.8994357497118441,0.8452106660115533,1.123781333968509
46,Univariate Ross MI,"{""k"":1,""method"":""Univariate Ross MI"",""noise"":0.0001}",5,60.0,9669,4145,3.2750016544014215e-05,0.7083232810615199,0.7035858028376303,0.7861093433803017,0.891189917048905,1.321890666964464
46,Univariate Ross MI,"{""k"":1,""method"":""Univariate Ross MI"",""noise"":0.0001}",10,60.0,9669,4145,3.2750016544014215e-05,0.7599517490952955,0.7562680918644336,0.842560653503486,0.851630249992013,1.1663488749763928
46,Univariate Ross MI,"{""k"":1,""method"":""Univariate Ross MI"",""noise"":0.0001}",20,60.0,9669,4145,3.2750016544014215e-05,0.831363088057901,0.8280714401030227,0.90259302644275,0.8446363339899108,1.1123179590213113
46,Univariate Ross MI,"{""k"":3,""method"":""Univariate Ross MI"",""noise"":0.0001}",5,60.0,9669,4145,2.2625026758760217e-05,0.706151990349819,0.7037010182129462,0.7858399599773229,0.8872240830096416,1.2858448750339448
46,Univariate Ross MI,"{""k"":3,""method"":""Univariate Ross MI"",""noise"":0.0001}",10,60.0,9669,4145,2.2625026758760217e-05,0.7792521109770808,0.7775724941711815,0.8558024434107131,0.8273729160428047,1.125278708001133
46,Univariate Ross MI,"{""k"":3,""method"":""Univariate Ross MI"",""noise"":0.0001}",20,60.0,9669,4145,2.2625026758760217e-05,0.8371531966224367,0.833132234399228,0.902176983957139,0.8475695830420591,1.1182010420016013
46,Univariate Ross MI,"{""k"":5,""method"":""Univariate Ross MI"",""noise"":0.0001}",5,60.0,9669,4145,2.4874985683709383e-05,0.706151990349819,0.7037010182129462,0.7858399599773229,0.8872240830096416,1.2858448750339448
46,Univariate Ross MI,"{""k"":5,""method"":""Univariate Ross MI"",""noise"":0.0001}",10,60.0,9669,4145,2.4874985683709383e-05,0.7826296743063933,0.7814073358638478,0.8597835922042132,0.818896374956239,1.0720014999969862
46,Univariate Ross MI,"{""k"":5,""method"":""Univariate Ross MI"",""noise"":0.0001}",20,60.0,9669,4145,2.4874985683709383e-05,0.8291917973462002,0.8255600499720293,0.8980780385884685,0.830351457989309,1.1002546669915318
46,Univariate Ross MI,"{""k"":10,""method"":""Univariate Ross MI"",""noise"":0.0001}",5,60.0,9669,4145,2.362497616559267e-05,0.748130277442702,0.7451498081464545,0.8192564079459657,0.7666283749858849,1.1732410830445588
46,Univariate Ross MI,"{""k"":10,""method"":""Univariate Ross MI"",""noise"":0.0001}",10,60.0,9669,4145,2.362497616559267e-05,0.780940892641737,0.7821380500771544,0.8577165204299622,0.8279872079729103,1.0862670409842394
46,Univariate Ross MI,"{""k"":10,""method"":""Univariate Ross MI"",""noise"":0.0001}",20,60.0,9669,4145,2.362497616559267e-05,0.8306393244873341,0.8289136152191299,0.8949629996733609,0.8859388749697246,1.1254759170114994
46,Univariate Ross MI,"{""k"":15,""method"":""Univariate Ross MI"",""noise"":0.0001}",5,60.0,9669,4145,2.8250040486454964e-05,0.7401688781664656,0.7364150278394137,0.8138947865394652,0.8269897500285879,1.2059601669898257
46,Univariate Ross MI,"{""k"":15,""method"":""Univariate Ross MI"",""noise"":0.0001}",10,60.0,9669,4145,2.8250040486454964e-05,0.7814234016887817,0.7821507214218939,0.8616066232649645,0.8068307079956867,1.0689018749981187
46,Univariate Ross MI,"{""k"":15,""method"":""Univariate Ross MI"",""noise"":0.0001}",20,60.0,9669,4145,2.8250040486454964e-05,0.8349819059107358,0.8314820264014506,0.9014230389451432,0.811628290975932,1.0796874160296284
46,Univariate Ross MI,"{""k"":20,""method"":""Univariate Ross MI"",""noise"":0.0001}",5,60.0,9669,4145,2.5250017642974857e-05,0.7401688781664656,0.7364150278394137,0.8138947865394652,0.8269897500285879,1.2059601669898257
46,Univariate Ross MI,"{""k"":20,""method"":""Univariate Ross MI"",""noise"":0.0001}",10,60.0,9669,4145,2.5250017642974857e-05,0.7814234016887817,0.7821507214218939,0.8616066232649645,0.8068307079956867,1.0689018749981187
46,Univariate Ross MI,"{""k"":20,""method"":""Univariate Ross MI"",""noise"":0.0001}",20,60.0,9669,4145,2.5250017642974857e-05,0.8306393244873341,0.8289136152191299,0.8949629996733609,0.8859388749697246,1.1254759170114994
46,PSS SC-CV,"{""method"":""PSS SC-CV"",""n_min"":5,""noise"":1e-05,""tau"":0.9}",5,60.0,9669,4145,57.43217566696694,0.7322074788902292,0.7319861581984539,0.8036735870981306,0.9989863749942742,1.249519292032346
46,PSS SC-CV,"{""method"":""PSS SC-CV"",""n_min"":5,""noise"":1e-05,""tau"":0.9}",10,60.0,9669,4145,57.43217566696694,0.7922798552472858,0.7892822246375994,0.862464754889262,0.9005192089825869,1.1431685419520363
46,PSS SC-CV,"{""method"":""PSS SC-CV"",""n_min"":5,""noise"":1e-05,""tau"":0.9}",20,60.0,9669,4145,57.43217566696694,0.8361881785283474,0.8325901824298195,0.9002300553033802,0.8719219579943456,1.1922720840084369
46,PSS SC-CV,"{""method"":""PSS SC-CV"",""n_min"":10,""noise"":1e-05,""tau"":0.9}",5,60.0,9669,4145,0.0018564170459285,0.7322074788902292,0.7319861581984539,0.8036735870981306,0.9989863749942742,1.249519292032346
46,PSS SC-CV,"{""method"":""PSS SC-CV"",""n_min"":10,""noise"":1e-05,""tau"":0.9}",10,60.0,9669,4145,0.0018564170459285,0.7922798552472858,0.7892822246375994,0.862464754889262,0.9005192089825869,1.1431685419520363
46,PSS SC-CV,"{""method"":""PSS SC-CV"",""n_min"":10,""noise"":1e-05,""tau"":0.9}",20,60.0,9669,4145,0.0018564170459285,0.8361881785283474,0.8325901824298195,0.9002300553033802,0.8719219579943456,1.1922720840084369
46,PSS SC-CV,"{""method"":""PSS SC-CV"",""n_min"":5,""noise"":1e-05,""tau"":0.95}",5,60.0,9669,4145,51.60879545798525,0.7389626055488541,0.73823489106398,0.8090468239039756,0.9187957919784822,1.21811183297541
46,PSS SC-CV,"{""method"":""PSS SC-CV"",""n_min"":5,""noise"":1e-05,""tau"":0.95}",10,60.0,9669,4145,51.60879545798525,0.7913148371531966,0.7906347733612666,0.8689888548483381,0.8437850410118699,1.1759374999674037
46,PSS SC-CV,"{""method"":""PSS SC-CV"",""n_min"":5,""noise"":1e-05,""tau"":0.95}",20,60.0,9669,4145,51.60879545798525,0.832810615199035,0.829228990910422,0.901399104182858,0.9090735409990884,1.1767708339612
46,PSS SC-CV,"{""method"":""PSS SC-CV"",""n_min"":10,""noise"":1e-05,""tau"":0.95}",5,60.0,9669,4145,46.198182708991226,0.7314837153196623,0.733517279021134,0.812620847084089,0.906947167008184,1.2616065830225125
46,PSS SC-CV,"{""method"":""PSS SC-CV"",""n_min"":10,""noise"":1e-05,""tau"":0.95}",10,60.0,9669,4145,46.198182708991226,0.7838359469240048,0.7820418417189476,0.8616544927895354,0.8786113340174779,1.1736727919778789
46,PSS SC-CV,"{""method"":""PSS SC-CV"",""n_min"":10,""noise"":1e-05,""tau"":0.95}",20,60.0,9669,4145,46.198182708991226,0.832810615199035,0.829228990910422,0.901399104182858,0.9090735409990884,1.1767708339612
46,PSS SC-CV,"{""method"":""PSS SC-CV"",""n_min"":5,""noise"":1e-05,""tau"":0.99}",5,60.0,9669,4145,54.83783129201038,0.7338962605548854,0.7304373209585919,0.8107593326800551,0.939342083001975,1.264544792007655
46,PSS SC-CV,"{""method"":""PSS SC-CV"",""n_min"":5,""noise"":1e-05,""tau"":0.99}",10,60.0,9669,4145,54.83783129201038,0.7833534378769602,0.781641638414261,0.8624842312154354,0.8992912080138922,1.2154771250206975
46,PSS SC-CV,"{""method"":""PSS SC-CV"",""n_min"":5,""noise"":1e-05,""tau"":0.99}",20,60.0,9669,4145,54.83783129201038,0.8279855247285887,0.8241074210903738,0.8974008256085063,0.9152712910436094,1.2801407079678029
46,PSS SC-CV,"{""method"":""PSS SC-CV"",""n_min"":10,""noise"":1e-05,""tau"":0.99}",5,60.0,9669,4145,27.253611999971326,0.7305186972255729,0.7271191885458552,0.8027501041866123,0.9706714590429328,1.2895287909777835
46,PSS SC-CV,"{""method"":""PSS SC-CV"",""n_min"":10,""noise"":1e-05,""tau"":0.99}",10,60.0,9669,4145,27.253611999971326,0.780940892641737,0.7789086170775936,0.8644771521575076,0.886986416997388,1.2035454589640722
46,PSS SC-CV,"{""method"":""PSS SC-CV"",""n_min"":10,""noise"":1e-05,""tau"":0.99}",20,60.0,9669,4145,27.253611999971326,0.8279855247285887,0.8241074210903738,0.8974008256085063,0.9152712910436094,1.2801407079678029
46,Joint Ross MI,"{""k"":1,""method"":""Joint Ross MI"",""noise"":1e-05}",5,60.0,9669,4145,8.28883874998428,0.6957780458383594,0.6901233203428585,0.7677828244145839,0.9894569590105676,1.4574532499536872
46,Joint Ross MI,"{""k"":1,""method"":""Joint Ross MI"",""noise"":1e-05}",10,60.0,9669,4145,8.28883874998428,0.776357056694813,0.7707361863569978,0.854377855745657,0.91813720803475,1.284251667035278
46,Joint Ross MI,"{""k"":1,""method"":""Joint Ross MI"",""noise"":1e-05}",20,60.0,9669,4145,8.28883874998428,0.8250904704463209,0.8211464328756631,0.8941400662288952,0.9555439589894376,1.2404147909837775
46,Joint Ross MI,"{""k"":3,""method"":""Joint Ross MI"",""noise"":1e-05}",5,60.0,9669,4145,14.235172041051555,0.683232810615199,0.6728716364619353,0.751076125684722,0.9846872500493192,1.526540334045421
46,Joint Ross MI,"{""k"":3,""method"":""Joint Ross MI"",""noise"":1e-05}",10,60.0,9669,4145,14.235172041051555,0.780940892641737,0.7710288005586655,0.8504002267701399,0.9277508750092238,1.2673237499548122
46,Joint Ross MI,"{""k"":3,""method"":""Joint Ross MI"",""noise"":1e-05}",20,60.0,9669,4145,14.235172041051555,0.8253317249698432,0.8215833596146409,0.8947492293945162,0.958121208997909,1.275914124969859
46,Joint Ross MI,"{""k"":5,""method"":""Joint Ross MI"",""noise"":1e-05}",5,60.0,9669,4145,18.572836082952563,0.7370325693606755,0.7369785506985196,0.8017131658087697,0.9346201669541188,1.2838779169833288
46,Joint Ross MI,"{""k"":5,""method"":""Joint Ross MI"",""noise"":1e-05}",10,60.0,9669,4145,18.572836082952563,0.7973462002412546,0.7945823665566607,0.8693281653019158,0.881752791989129,1.155758832988795
46,Joint Ross MI,"{""k"":5,""method"":""Joint Ross MI"",""noise"":1e-05}",20,60.0,9669,4145,18.572836082952563,0.82291917973462,0.8188933973846344,0.8942388557869562,0.9461268330342136,1.284148541977629
46,Joint Ross MI,"{""k"":10,""method"":""Joint Ross MI"",""noise"":1e-05}",5,60.0,9669,4145,30.185155917017255,0.7300361881785283,0.7290872361075131,0.7939239259392752,0.9318828330142424,1.3293085420154966
46,Joint Ross MI,"{""k"":10,""method"":""Joint Ross MI"",""noise"":1e-05}",10,60.0,9669,4145,30.185155917017255,0.7983112183353438,0.7938757044329057,0.8648178705382786,0.8666344169760123,2.6529749169712886
46,Joint Ross MI,"{""k"":10,""method"":""Joint Ross MI"",""noise"":1e-05}",20,60.0,9669,4145,30.185155917017255,0.8272617611580217,0.8243898278198905,0.8963563782856329,0.9478340409696102,1.2165107089676894
46,Joint Ross MI,"{""k"":15,""method"":""Joint Ross MI"",""noise"":1e-05}",5,60.0,9669,4145,53.21019037498627,0.7278648974668275,0.7244228906434791,0.8037175848229203,0.8871281250030734,1.3383152920287102
46,Joint Ross MI,"{""k"":15,""method"":""Joint Ross MI"",""noise"":1e-05}",10,60.0,9669,4145,53.21019037498627,0.813751507840772,0.8093088156891897,0.8832326196081082,0.7937989580095746,1.1027027500094846
46,Joint Ross MI,"{""k"":15,""method"":""Joint Ross MI"",""noise"":1e-05}",20,60.0,9669,4145,53.21019037498627,0.8340168878166465,0.8303371469387908,0.9012224093201028,0.8652774580405094,1.1627695829956792
46,Joint Ross MI,"{""k"":20,""method"":""Joint Ross MI"",""noise"":1e-05}",5,60.0,9669,4145,69.20328141702339,0.7348612786489747,0.7331323282610409,0.8139966266064448,0.8953766250051558,1.2973238750128075
46,Joint Ross MI,"{""k"":20,""method"":""Joint Ross MI"",""noise"":1e-05}",10,60.0,9669,4145,69.20328141702339,0.8012062726176116,0.794425382674611,0.872693345948361,0.7981612920411862,1.150853457977064
46,Joint Ross MI,"{""k"":20,""method"":""Joint Ross MI"",""noise"":1e-05}",20,60.0,9669,4145,69.20328141702339,0.8296743063932449,0.8257880168500726,0.9009086762105358,0.8703404999687336,1.146948166016955
46,Univariate Ross MI,"{""k"":1,""method"":""Univariate Ross MI"",""noise"":1e-05}",5,60.0,9669,4145,3.850000211969018e-05,0.710735826296743,0.7064480014942801,0.7898926784031477,0.8789001249824651,1.3185563330189325
46,Univariate Ross MI,"{""k"":1,""method"":""Univariate Ross MI"",""noise"":1e-05}",10,60.0,9669,4145,3.850000211969018e-05,0.7669481302774427,0.7656664751885685,0.8456885984178653,0.8575734160258435,1.2249262919649482
46,Univariate Ross MI,"{""k"":1,""method"":""Univariate Ross MI"",""noise"":1e-05}",20,60.0,9669,4145,3.850000211969018e-05,0.8337756332931242,0.8298571610931522,0.9030942485235536,0.8822187920450233,1.1605767500004731
46,Univariate Ross MI,"{""k"":3,""method"":""Univariate Ross MI"",""noise"":1e-05}",5,60.0,9669,4145,2.4374981876462695e-05,0.706151990349819,0.7037010182129462,0.7858399599773229,0.9111917080008424,1.30991820798954
46,Univariate Ross MI,"{""k"":3,""method"":""Univariate Ross MI"",""noise"":1e-05}",10,60.0,9669,4145,2.4374981876462695e-05,0.7674306393244873,0.7685210475729213,0.8490671543726465,0.9030374169815332,1.1904661250300703
46,Univariate Ross MI,"{""k"":3,""method"":""Univariate Ross MI"",""noise"":1e-05}",20,60.0,9669,4145,2.4374981876462695e-05,0.8371531966224367,0.833132234399228,0.902176983957139,0.8594971660058945,1.1694366250303574
46,Univariate Ross MI,"{""k"":5,""method"":""Univariate Ross MI"",""noise"":1e-05}",5,60.0,9669,4145,2.2332998923957348e-05,0.706151990349819,0.7037010182129462,0.7858399599773229,0.9111917080008424,1.30991820798954
46,Univariate Ross MI,"{""k"":5,""method"":""Univariate Ross MI"",""noise"":1e-05}",10,60.0,9669,4145,2.2332998923957348e-05,0.7792521109770808,0.7775724941711815,0.8558024434107131,0.8697790000005625,1.158663375012111
46,Univariate Ross MI,"{""k"":5,""method"":""Univariate Ross MI"",""noise"":1e-05}",20,60.0,9669,4145,2.2332998923957348e-05,0.8371531966224367,0.833132234399228,0.902176983957139,0.8594971660058945,1.1694366250303574
46,Univariate Ross MI,"{""k"":10,""method"":""Univariate Ross MI"",""noise"":1e-05}",5,60.0,9669,4145,2.2332998923957348e-05,0.748130277442702,0.7451498081464545,0.8192564079459657,0.8003244589781389,1.2198859169729983
46,Univariate Ross MI,"{""k"":10,""method"":""Univariate Ross MI"",""noise"":1e-05}",10,60.0,9669,4145,2.2332998923957348e-05,0.7775633293124246,0.7792505087310257,0.857591918873358,0.8779355839942582,1.149632458051201
46,Univariate Ross MI,"{""k"":10,""method"":""Univariate Ross MI"",""noise"":1e-05}",20,60.0,9669,4145,2.2332998923957348e-05,0.8306393244873341,0.8289136152191299,0.8949629996733609,0.8772591250017285,1.1787315839901569
46,Univariate Ross MI,"{""k"":15,""method"":""Univariate Ross MI"",""noise"":1e-05}",5,60.0,9669,4145,3.1708041206002235e-05,0.7401688781664656,0.7364150278394137,0.8138947865394652,0.8499510830151848,1.2005553339840844
46,Univariate Ross MI,"{""k"":15,""method"":""Univariate Ross MI"",""noise"":1e-05}",10,60.0,9669,4145,3.1708041206002235e-05,0.7855247285886611,0.7852295062117748,0.8612063026330116,0.8629480830277316,1.134635207999963
46,Univariate Ross MI,"{""k"":15,""method"":""Univariate Ross MI"",""noise"":1e-05}",20,60.0,9669,4145,3.1708041206002235e-05,0.8306393244873341,0.8289136152191299,0.8949629996733609,0.8772591250017285,1.1787315839901569
46,Univariate Ross MI,"{""k"":20,""method"":""Univariate Ross MI"",""noise"":1e-05}",5,60.0,9669,4145,2.2167048882693052e-05,0.7401688781664656,0.7364150278394137,0.8138947865394652,0.8499510830151848,1.2005553339840844
46,Univariate Ross MI,"{""k"":20,""method"":""Univariate Ross MI"",""noise"":1e-05}",10,60.0,9669,4145,2.2167048882693052e-05,0.7874547647768395,0.7862274919372703,0.863591096643877,0.8300671249744482,1.7953029589843936
46,Univariate Ross MI,"{""k"":20,""method"":""Univariate Ross MI"",""noise"":1e-05}",20,60.0,9669,4145,2.2167048882693052e-05,0.8306393244873341,0.8289136152191299,0.8949629996733609,0.8772591250017285,1.1787315839901569
