family,k,d,n,ell,reps,rmse,bias,estimate_sd,mae,coverage_mean,coverage_min,mean_cell_size,integrated_mass_mean,rmse_low,rmse_high,bias_low,bias_high
ridge_frequency2,2,2,1000,1,100,0.06537311940054409,0.06515103472874609,0.005411119670866504,0.06515103472874609,1.0,1.0,1000.0,1.0641472731354182,,,,
ridge_frequency2,2,2,1000,2,100,0.01302575546233742,-0.01040773244421741,0.007872045588772627,0.011034567038461425,1.0,1.0,250.0,1.1267248028961163,,,,
ridge_frequency2,2,2,1000,3,100,0.13474421482088345,-0.13410857008486493,0.013138533714648888,0.13410857008486493,1.0,1.0,111.11111111111111,1.1886349735790158,,,,
ridge_frequency2,2,2,1000,4,100,0.2489555141211477,-0.2483798281092796,0.017005911026110026,0.2483798281092796,1.0,1.0,62.5,1.2484551288756258,,,,
ridge_frequency2,2,2,1000,5,100,0.3923753180943642,-0.3918175184629591,0.021020011513374827,0.3918175184629591,1.0,1.0,40.0,1.3099739134147261,,,,
ridge_frequency2,2,2,1000,6,100,0.5256157005161598,-0.5251470762057763,0.022302171421615707,0.5251470762057763,1.0,1.0,27.77777777777778,1.3688753722767248,,,,
ridge_frequency2,2,2,1000,7,100,0.6485855361588472,-0.6481442170565199,0.024042714737936854,0.6481442170565199,0.9999800000000001,0.998,20.408163265306115,1.419534214083138,,,,
ridge_frequency2,2,2,1000,8,100,0.7903351536373171,-0.789884900922757,0.02680830508223118,0.789884900922757,0.99922,0.995,15.632440476190476,1.4714155711084738,,,,
ridge_frequency2,2,2,1000,9,100,0.9459981710788056,-0.9455688754531066,0.028639900449730384,0.9455688754531066,0.9974000000000001,0.99,12.361150179715585,1.5164161808481886,,,,
ridge_frequency2,2,2,1000,10,100,1.1070703095218062,-1.1066423281529452,0.030935380106930754,1.1066423281529452,0.99378,0.985,10.025252525252526,1.559640716436849,,,,
ridge_frequency2,2,2,1000,11,100,1.2627569200727569,-1.2621790022982766,0.03839198870768697,1.2621790022982766,0.9858100000000002,0.976,8.336588816784595,1.5937734333646865,,,,
ridge_frequency2,2,2,3000,1,100,0.09383827365147458,0.09380745561393589,0.0024168752529590836,0.09380745561393589,1.0,1.0,3000.0,1.036696380545714,,,,
ridge_frequency2,2,2,3000,2,100,0.05316404161505375,0.053037797195778384,0.0036800567445464077,0.053037797195778384,1.0,1.0,750.0,1.0729585180333898,,,,
ridge_frequency2,2,2,3000,3,100,0.031029060385496254,-0.030298638481738277,0.0067266314201332895,0.030298638481738277,1.0,1.0,333.33333333333337,1.1093172940310552,,,,
ridge_frequency2,2,2,3000,4,100,0.09682135890632326,-0.09652784409923086,0.0075712677255107014,0.09652784409923086,1.0,1.0,187.5,1.1443721097250354,,,,
ridge_frequency2,2,2,3000,5,100,0.18869518273649927,-0.18839049235409944,0.010772879272462073,0.18839049235409944,1.0,1.0,120.0,1.1804913998908473,,,,
ridge_frequency2,2,2,3000,6,100,0.257178027428248,-0.2569247543321632,0.011468375632088567,0.2569247543321632,1.0,1.0,83.33333333333334,1.215631224037792,,,,
ridge_frequency2,2,2,3000,7,100,0.3110247522502049,-0.3108226860002307,0.011266038170709633,0.3108226860002307,1.0,1.0,61.224489795918345,1.249287630759401,,,,
ridge_frequency2,2,2,3000,8,100,0.37154564382981253,-0.3713593107494287,0.01182480566048539,0.3713593107494287,1.0,1.0,46.875,1.2815410671477077,,,,
ridge_frequency2,2,2,3000,9,100,0.43737166645586484,-0.43718090296998907,0.012981443505254086,0.43718090296998907,1.0,1.0,37.037037037037045,1.315204087783255,,,,
ridge_frequency2,2,2,3000,10,100,0.5035641757367235,-0.5033940968272909,0.013152653257764055,0.5033940968272909,1.0,1.0,30.0,1.3482509216981102,,,,
ridge_frequency2,2,2,3000,11,100,0.5716645534597176,-0.5714952880844746,0.013980411243130285,0.5714952880844746,0.9999666666666667,0.9993333333333332,24.79338842975207,1.3799515341508093,,,,
ridge_frequency2,2,2,3000,12,100,0.6475188317078219,-0.6473374057105314,0.015404334435979456,0.6473374057105314,0.9997999999999999,0.9986666666666668,20.83624708624709,1.410126851481919,,,,
ridge_frequency2,2,2,3000,13,100,0.7247325019107896,-0.7245395727191398,0.016805689568056087,0.7245395727191398,0.9994966666666669,0.998,17.75359256128486,1.4387736347610678,,,,
ridge_frequency2,2,2,3000,14,100,0.8071136042586675,-0.8069621041615112,0.015716318054022172,0.8069621041615112,0.9987100000000001,0.9966666666666668,15.313186813186809,1.4690512694505304,,,,
ridge_frequency2,2,2,3000,15,100,0.8920452976832375,-0.8918918971315898,0.016625918362702108,0.8918918971315898,0.9972833333333333,0.992,13.348235711688623,1.495297296821144,,,,
ridge_frequency2,2,2,3000,16,100,0.9777137892168196,-0.9775481534557714,0.01808680807067392,0.9775481534557714,0.9952366666666669,0.9916666666666668,11.750539554972653,1.519761840147321,,,,
ridge_frequency2,2,2,3000,17,100,1.0643321105285157,-1.0641569268213793,0.019407293228758244,1.0641569268213793,0.9922099999999997,0.9873333333333332,10.441166913605004,1.5429133579774938,,,,
ridge_frequency2,2,2,3000,18,100,1.1558918577858723,-1.155770614848437,0.016825688289187783,1.155770614848437,0.9886399999999999,0.9826666666666668,9.325068509094885,1.565724807567242,,,,
ridge_frequency2,2,2,3000,19,100,1.2474909401391447,-1.2473338439239172,0.019896894108998676,1.2473338439239172,0.9837366666666667,0.9786666666666668,8.399823262518332,1.580968707234478,,,,
ridge_frequency2,2,2,10000,1,100,0.11120554262140044,0.11120135163714612,0.0009703190102829002,0.11120135163714612,1.0,1.0,10000.0,1.0199082474757277,0.11100515836628397,0.1113983879749556,0.11100061024784424,0.11139391788692883
ridge_frequency2,2,2,10000,2,100,0.08992966350093541,0.08992139544412861,0.0012255770737723496,0.08992139544412861,1.0,1.0,2500.0,1.0399819259572705,0.08969458361012547,0.09015397796231184,0.08968521665150242,0.09014664155860627
ridge_frequency2,2,2,10000,3,100,0.02933493570811326,0.02916875760147557,0.0031337254728020392,0.02916875760147557,1.0,1.0,1111.111111111111,1.059873696954498,0.028726042843984886,0.029951052642761312,0.0285629864015656,0.02978232052670793
ridge_frequency2,2,2,10000,4,100,0.01561766945760139,-0.01520588434492279,0.0035806269661096605,0.01520588434492279,1.0,1.0,625.0,1.0791605903183423,0.014947166827830725,0.016275200626472933,-0.015907241032803412,-0.014508254561320285
ridge_frequency2,2,2,10000,5,100,0.08253942526858696,-0.08242556460087347,0.004355772194455135,0.08242556460087347,1.0,1.0,400.0,1.0987709231483214,0.08163371952200803,0.08335343352623649,-0.08324655818068405,-0.08153002785694669
ridge_frequency2,2,2,10000,6,100,0.12255206869047955,-0.12245710787159465,0.004847812381842372,0.12245710787159465,1.0,1.0,277.77777777777777,1.1186991536117057,0.1216307673690953,0.12347704112755459,-0.1233851133999557,-0.1215234922086112
ridge_frequency2,2,2,10000,7,100,0.148618213049028,-0.14853331854102725,0.005047905163672004,0.14853331854102725,1.0,1.0,204.0816326530613,1.1374460688002863,0.1476159756942319,0.14960321274927307,-0.14952075882052757,-0.14753451728352648
ridge_frequency2,2,2,10000,8,100,0.17612583392116993,-0.17605201840687495,0.005124331865085717,0.17605201840687495,1.0,1.0,156.25,1.1562946310519802,0.1750855417396623,0.17710695166147533,-0.17704132228684252,-0.17500254523755518
ridge_frequency2,2,2,10000,9,100,0.20588267396211818,-0.2058212352669492,0.005054705876105828,0.2058212352669492,1.0,1.0,123.4567901234568,1.1750791364435442,0.20490895060539788,0.20687004042574333,-0.2068112657260725,-0.20484019739221015
ridge_frequency2,2,2,10000,10,100,0.23543401702111902,-0.2353799518164189,0.0050706775990998695,0.2353799518164189,1.0,1.0,100.0,1.194277520131645,0.23441486270088285,0.23644452505892852,-0.23639338513170785,-0.2343654889552321
ridge_frequency2,2,2,10000,11,100,0.263527227213237,-0.2634688894223285,0.0055726414372143,0.2634688894223285,1.0,1.0,82.64462809917357,1.2127178759533757,0.2624390186599175,0.2646103485405268,-0.26455344658467045,-0.2623706560896635
ridge_frequency2,2,2,10000,12,100,0.29354112230076757,-0.2934978141079026,0.005067583198328221,0.2934978141079026,1.0,1.0,69.44444444444444,1.2312975563573336,0.2925791921593575,0.2945334514884327,-0.2944854539436933,-0.29253189734145496
ridge_frequency2,2,2,10000,13,100,0.32416538185652494,-0.3241135333730265,0.005826817021729864,0.3241135333730265,1.0,1.0,59.17159763313611,1.2494325840532379,0.3230549757800446,0.3253139752029777,-0.3252656329879085,-0.3229990217547093
ridge_frequency2,2,2,10000,14,100,0.3568369737313458,-0.3567883325689992,0.005921333147253658,0.3567883325689992,1.0,1.0,51.02040816326532,1.2680009550535525,0.35567006053905365,0.3579735633899282,-0.35791998573431705,-0.3556301372746812
ridge_frequency2,2,2,10000,15,100,0.38874459303201,-0.3887028860872003,0.005722978590161317,0.3887028860872003,1.0,1.0,44.44444444444444,1.2861513457197693,0.3876488239754968,0.3898403356484232,-0.3898088972763359,-0.3876030641052247
ridge_frequency2,2,2,10000,16,100,0.42298178925578556,-0.42293514441415714,0.0063131785685306635,0.42293514441415714,1.0,1.0,39.0625,1.3038190899488489,0.4217392106908823,0.42421426254688177,-0.4241634067345327,-0.42169796223008077
ridge_frequency2,2,2,10000,17,100,0.4575352899847933,-0.457491150842965,0.006387209587248604,0.457491150842965,1.0,1.0,34.60207612456747,1.3215879917210456,0.45631008307360854,0.45875859858485546,-0.4587141275788038,-0.45625908932500125
ridge_frequency2,2,2,10000,18,100,0.49337863718633795,-0.49333909459934083,0.006277856849031112,0.49333909459934083,0.999987,0.9998,30.8641975308642,1.339454186069342,0.4922194230273831,0.49465802330449943,-0.4946129022783602,-0.49218361951832695
ridge_frequency2,2,2,10000,19,100,0.5317283154664508,-0.5316662906988284,0.00816229340781088,0.5316662906988284,0.999973,0.9997,27.70160049245921,1.3568299208847028,0.5302341359183629,0.5333501036984102,-0.533291819253339,-0.5301742806818669
ridge_frequency2,2,2,10000,20,100,0.5699359506272698,-0.5698977354482315,0.006633169511240362,0.5698977354482315,0.9999279999999999,0.9995,25.0,1.3744956557843262,0.568595296999528,0.5712138582577431,-0.571178173080597,-0.568555367473161
ridge_frequency2,2,2,10000,21,100,0.6103932393126936,-0.6103425094219299,0.007909065964391932,0.6103425094219299,0.9998190000000001,0.9993,22.677800739954975,1.391009443432969,0.608836855996388,0.6118504947391222,-0.6117975295474464,-0.6087836857883695
ridge_frequency2,2,2,10000,22,100,0.6490084997506387,-0.6489659964183815,0.0074649511876604445,0.6489659964183815,0.9996589999999999,0.999,20.66501226580278,1.4075256544691848,0.6475996427208848,0.6504270277650664,-0.6503851752907821,-0.6475527670661679
ridge_frequency2,2,2,10000,23,100,0.6920572549261971,-0.691995207133359,0.009313691477183273,0.691995207133359,0.9994019999999999,0.9986,18.907532648125688,1.4241309520327237,0.6903243239392857,0.6939226728453507,-0.6938605884763275,-0.6902758091908696
ridge_frequency2,2,2,10000,24,100,0.7352220246752375,-0.7351812064665444,0.00778623662365717,0.7351812064665444,0.999061,0.9982,17.36715819675788,1.4400810031154305,0.7336484796820514,0.7366717767763745,-0.7366324887008224,-0.7336087828835915
ridge_frequency2,2,2,10000,25,100,0.7789521252061555,-0.7789078008740132,0.008351561929446085,0.7789078008740132,0.998561,0.9975,16.013608695819034,1.4550243755519117,0.7773801036741592,0.7805769926832501,-0.780539843323747,-0.7773448066645757
ridge_frequency2,2,2,10000,26,100,0.8240645731565643,-0.8240187111786047,0.00873772496924096,0.8240187111786047,0.997922,0.9959,14.811985991847793,1.4702255182028556,0.8223597897425327,0.8257334660492506,-0.8256870517559358,-0.822321557869284
ridge_frequency2,2,2,10000,27,100,0.8695367440461316,-0.8695013995963613,0.007879480211324256,0.8695013995963613,0.9969379999999998,0.9955,13.743469604882113,1.4852424643383493,0.8680506091449324,0.8710272819101067,-0.8709974325212859,-0.8680140025031414
ridge_frequency2,2,2,10000,28,100,0.917497966491549,-0.9174448766142297,0.00991972274929659,0.9174448766142297,0.9959260000000001,0.9937,12.786604826300943,1.4996765057671322,0.9156484977347054,0.9194432042780238,-0.919392785905692,-0.9156058016172823
ridge_frequency2,2,2,10000,29,100,0.9639320451996265,-0.9638978014705737,0.00816596057118213,0.9638978014705737,0.994805,0.9932,11.93252223860712,1.5123078355560537,0.9623786212929681,0.9655325625545408,-0.9654987911889975,-0.9623328667285249
ridge_frequency2,2,2,10000,30,100,1.0101998447629397,-1.010155223786944,0.009542579486135539,1.010155223786944,0.9931230000000001,0.9912,11.166017206565241,1.525964099340056,1.008389593246264,1.0120692606034993,-1.0120204151526895,-1.008352449953788
ridge_frequency2,2,2,10000,31,100,1.05918517331934,-1.0591362422796917,0.010232236106146597,1.0591362422796917,0.9915860000000002,0.9894,10.472818415377205,1.5384817877176966,1.0572035348167461,1.0611986276029217,-1.06115656322308,-1.057159042560978
ridge_frequency2,2,2,10000,32,100,1.1071877705114355,-1.1071529735047896,0.00882217302914971,1.1071529735047896,0.9893429999999998,0.9865,9.838608866059602,1.5492716944083011,1.1054623005478117,1.1088817463994496,-1.1088532927510037,-1.1054303297658337
ridge_frequency2,2,2,10000,33,100,1.1558683571863697,-1.1558217219505877,0.010435284544784885,1.1558217219505877,0.9872369999999998,0.9845,9.273935628280466,1.5613166390425577,1.1538748328520774,1.1579291289187583,-1.1578852904320354,-1.1538357768055607
ridge_frequency2,2,2,10000,34,100,1.2053605588016492,-1.2053207160337083,0.009849791804845456,1.2053207160337083,0.984897,0.9817,8.75173754089231,1.571322568192453,1.203496846848223,1.2073664752187978,-1.2073302060354063,-1.203462032758992
ridge_frequency2,2,2,10000,35,100,1.2562993634886406,-1.2562590999088976,0.010108732001403472,1.2562590999088976,0.98214,0.979,8.279060302922385,1.5811025270402967,1.2542658343076927,1.2581719163216631,-1.2581412471958524,-1.2542246881430363
ridge_frequency2,2,2,30000,1,100,0.11998274490486587,0.11998185041452106,0.00046563306923702667,0.11998185041452106,1.0,1.0,30000.0,1.0115406394711757,,,,
ridge_frequency2,2,2,30000,2,100,0.1080622340405551,0.1080604062400145,0.0006316797222080461,0.1080604062400145,1.0,1.0,7500.0,1.0230950157760725,,,,
ridge_frequency2,2,2,30000,3,100,0.056850365695123604,0.0568236343180656,0.0017519577955010042,0.0568236343180656,1.0,1.0,3333.3333333333326,1.0345600070166348,,,,
ridge_frequency2,2,2,30000,4,100,0.022729123329430466,0.022631741614335187,0.0021123300425157174,0.022631741614335187,1.0,1.0,1875.0,1.045636227999829,,,,
ridge_frequency2,2,2,30000,5,100,0.03381547376935334,-0.03373418127348825,0.0023551533980918585,0.03373418127348825,1.0,1.0,1200.0,1.0571170549813456,,,,
ridge_frequency2,2,2,30000,6,100,0.06320905693574479,-0.06315790354820329,0.00255526750503756,0.06315790354820329,1.0,1.0,833.3333333333331,1.0683504204599865,,,,
ridge_frequency2,2,2,30000,7,100,0.07724590548365912,-0.07720097035765705,0.0026476766690804268,0.07720097035765705,1.0,1.0,612.2448979591837,1.0793318403613927,,,,
ridge_frequency2,2,2,30000,8,100,0.09217307637567335,-0.09212933034431765,0.0028537586172902164,0.09212933034431765,1.0,1.0,468.75,1.0902943605119095,,,,
ridge_frequency2,2,2,30000,9,100,0.1089333355704793,-0.10889855492068405,0.002766380908464915,0.10889855492068405,1.0,1.0,370.37037037037044,1.1012584491752604,,,,
ridge_frequency2,2,2,30000,10,100,0.12423598847887456,-0.12420708420787575,0.002693251180249145,0.12420708420787575,1.0,1.0,300.0,1.1124129053351102,,,,
ridge_frequency2,2,2,30000,11,100,0.13895801629095225,-0.13893171642358612,0.0027170362479235852,0.13893171642358612,1.0,1.0,247.93388429752068,1.1233049156466266,,,,
ridge_frequency2,2,2,30000,12,100,0.1533233089774325,-0.1532989283921667,0.002747933953481349,0.1532989283921667,1.0,1.0,208.3333333333334,1.1342646026186782,,,,
ridge_frequency2,2,2,30000,13,100,0.16853627997638462,-0.1685082953367389,0.0030866396662006515,0.1685082953367389,1.0,1.0,177.51479289940832,1.1451513087810588,,,,
ridge_frequency2,2,2,30000,14,100,0.1837181946032772,-0.18369864605768835,0.0026935135065317274,0.18369864605768835,1.0,1.0,153.06122448979593,1.1560823711444101,,,,
ridge_frequency2,2,2,30000,15,100,0.19920952583704096,-0.19918843804064593,0.002913107810847437,0.19918843804064593,1.0,1.0,133.33333333333334,1.1670707912193066,,,,
ridge_frequency2,2,2,30000,16,100,0.21474681046876126,-0.21472563126984592,0.003031131780530204,0.21472563126984592,1.0,1.0,117.1875,1.177815944101812,,,,
ridge_frequency2,2,2,30000,17,100,0.23125011990463304,-0.2312278321833037,0.0032267160835667045,0.2312278321833037,1.0,1.0,103.8062283737024,1.1886968747689957,,,,
ridge_frequency2,2,2,30000,18,100,0.2474371362673979,-0.24741903916513486,0.0030076439338192814,0.24741903916513486,1.0,1.0,92.59259259259261,1.1995057498903214,,,,
ridge_frequency2,2,2,30000,19,100,0.26381826122957813,-0.26380035237923943,0.0030894154242657843,0.26380035237923943,1.0,1.0,83.10249307479228,1.2102950537862671,,,,
ridge_frequency2,2,2,30000,20,100,0.28079474272344607,-0.2807772292476855,0.0031518917069424278,0.2807772292476855,1.0,1.0,75.0,1.2209318516740706,,,,
ridge_frequency2,2,2,30000,21,100,0.2980541242238617,-0.2980350280276854,0.0033908723870642284,0.2980350280276854,1.0,1.0,68.02721088435374,1.2317500506449435,,,,
ridge_frequency2,2,2,30000,22,100,0.31544842578442234,-0.3154318703611705,0.0032480748492283106,0.3154318703611705,1.0,1.0,61.98347107438017,1.242485914179109,,,,
ridge_frequency2,2,2,30000,23,100,0.33334144706731866,-0.3333235329124728,0.0034732367347805122,0.3333235329124728,1.0,1.0,56.71077504725895,1.2530111026551034,,,,
ridge_frequency2,2,2,30000,24,100,0.3514769715038966,-0.3514579672761642,0.0036733734334322777,0.3514579672761642,1.0,1.0,52.08333333333332,1.263532520855273,,,,
ridge_frequency2,2,2,30000,25,100,0.3707036814601363,-0.3706867416078176,0.003561727573849687,0.3706867416078176,1.0,1.0,48.0,1.2740523453567802,,,,
ridge_frequency2,2,2,30000,26,100,0.3890076762892205,-0.38899167910742705,0.0035456328413911954,0.38899167910742705,1.0,1.0,44.37869822485208,1.284745210674619,,,,
ridge_frequency2,2,2,30000,27,100,0.40868160588232777,-0.4086659611402754,0.0035939331389514767,0.4086659611402754,0.9999993333333334,0.9999333333333332,41.15226337448559,1.2947752186159607,,,,
ridge_frequency2,2,2,30000,28,100,0.42842725184359526,-0.428413223781601,0.003484425856093829,0.428413223781601,0.9999983333333333,0.9999333333333332,38.26530612244898,1.3054790502979001,,,,
ridge_frequency2,2,2,30000,29,100,0.44835796362428304,-0.4483422275431109,0.003775324856609462,0.4483422275431109,0.9999963333333334,0.9999,35.671819262782385,1.3156768589751042,,,,
ridge_frequency2,2,2,30000,30,100,0.4690158900987948,-0.46900072966624656,0.0037900371380963764,0.46900072966624656,0.9999963333333333,0.9999333333333332,33.333333333333336,1.325936878960047,,,,
ridge_frequency2,2,2,30000,31,100,0.49005674832400153,-0.49004171890281056,0.003857344126425295,0.49004171890281056,0.9999833333333333,0.9998333333333334,31.217806971904256,1.3360768936232104,,,,
ridge_frequency2,2,2,30000,32,100,0.5110655940706321,-0.5110490792987512,0.004129224578899596,0.5110490792987512,0.9999696666666668,0.9998,29.298879673753667,1.3462229293470787,,,,
ridge_frequency2,2,2,30000,33,100,0.5329387521732146,-0.5329203192106257,0.004454816980669307,0.5329203192106257,0.9999493333333334,0.9997666666666668,27.54871576729866,1.3564466604853598,,,,
ridge_frequency2,2,2,30000,34,100,0.5549118584344487,-0.554895926945239,0.004226048463240976,0.554895926945239,0.9999136666666666,0.9997333333333334,25.95178178223161,1.3664594869008315,,,,
ridge_frequency2,2,2,30000,35,100,0.5776112572899029,-0.5775923021496709,0.004703001992682738,0.5775923021496709,0.9998736666666665,0.9996333333333334,24.491396558623446,1.3763037570667347,,,,
ridge_frequency2,2,2,30000,36,100,0.6001126441071081,-0.600096210375656,0.0044635346324525225,0.600096210375656,0.9998026666666668,0.9995666666666668,23.15047245302269,1.3858730830643702,,,,
ridge_frequency2,2,2,30000,37,100,0.6242840662012044,-0.6242709631369506,0.004065113560055802,0.6242709631369506,0.9997223333333334,0.9994666666666666,21.91636871579972,1.3962960608597552,,,,
ridge_frequency2,2,2,30000,38,100,0.6481826531447917,-0.6481692759635728,0.0041852958911259225,0.6481692759635728,0.9996086666666667,0.9992,20.779942924471342,1.405442840070962,,,,
ridge_frequency2,2,2,30000,39,100,0.6715756039965859,-0.6715615104830858,0.004372725504622555,0.6715615104830858,0.999484,0.9991,19.72944719356682,1.4149643775689436,,,,
ridge_frequency2,2,2,30000,40,100,0.696464993525445,-0.6964482361178801,0.004855655319023346,0.6964482361178801,0.9992933333333334,0.9988333333333334,18.757273398941546,1.4241315921750168,,,,
ridge_frequency2,2,2,100000,1,100,0.1252695321189062,0.12526943868643056,0.0001537690656356557,0.12526943868643056,1.0,1.0,100000.0,1.006321141747324,0.12524039699633022,0.1252983645932612,0.12524028017221642,0.12529829147062838
ridge_frequency2,2,2,100000,2,100,0.11882161041116662,0.11882140258609006,0.0002233540862532155,0.11882140258609006,1.0,1.0,25000.0,1.0126475320792803,0.1187792167446626,0.1188637031478376,0.11877901850019831,0.11886355229913666
ridge_frequency2,2,2,100000,3,100,0.07346760061207387,0.07346059980841568,0.0010193162111813653,0.07346059980841568,1.0,1.0,11111.111111111108,1.0189502045047585,0.07327721268637251,0.07366714582462734,0.07327009077266143,0.07365990107061426
ridge_frequency2,2,2,100000,4,100,0.04485434453072962,0.04484149295082299,0.0010790630160519257,0.04484149295082299,1.0,1.0,6250.0,1.0250484056566957,0.04464288801942082,0.045070696339639865,0.04462914687010751,0.045058284652704145
ridge_frequency2,2,2,100000,5,100,0.005591091336264864,-0.005391620791086221,0.001487567187374191,0.005391620791086221,1.0,1.0,4000.0,1.031297533228392,0.005299541730457416,0.005881683698340893,-0.005695135428844938,-0.005105802136559642
ridge_frequency2,2,2,100000,6,100,0.028886845501497664,-0.02883675913844568,0.001708908748225924,0.02883675913844568,1.0,1.0,2777.777777777777,1.0374372385740431,0.028550329218021735,0.029208391083169853,-0.02915876310606311,-0.02849973296595545
ridge_frequency2,2,2,100000,7,100,0.03647487915536435,-0.03643646066043121,0.0016820934345352758,0.03643646066043121,1.0,1.0,2040.816326530613,1.0434410502865432,0.0361604849164314,0.03680647582326848,-0.036768410832435684,-0.03612260502358365
ridge_frequency2,2,2,100000,8,100,0.045093900480419766,-0.045059949616627425,0.0017583282593635506,0.045059949616627425,1.0,1.0,1562.5,1.049531919816956,0.04476599601000663,0.04542049439318775,-0.04538488845457496,-0.04473163806470533
ridge_frequency2,2,2,100000,9,100,0.055219800743862596,-0.0551938009412031,0.0017028591093209056,0.0551938009412031,1.0,1.0,1234.567901234568,1.0555394116368522,0.0548914100626905,0.055543966944617294,-0.05551546905554804,-0.05486499232915409
ridge_frequency2,2,2,100000,10,100,0.0636694865310521,-0.0636460373979734,0.001736546748490438,0.0636460373979734,1.0,1.0,1000.0,1.0616027128687455,0.0633255278360441,0.06399519299063079,-0.06397189813828315,-0.06329894115058898
ridge_frequency2,2,2,100000,11,100,0.07092987709084642,-0.07090932753626937,0.0017158596151309047,0.07090932753626937,1.0,1.0,826.4462809917354,1.0676714127449227,0.07058118342688244,0.07126874415312671,-0.07124779108562804,-0.07055944542541313
ridge_frequency2,2,2,100000,12,100,0.07833111292415759,-0.07831121627351274,0.0017742996058032067,0.07831121627351274,1.0,1.0,694.4444444444442,1.0737177134846478,0.07800101108322748,0.07866544742177584,-0.07864278318174492,-0.07798077198395573
ridge_frequency2,2,2,100000,13,100,0.08586014086075566,-0.08584090790601223,0.0018263831068133837,0.08584090790601223,1.0,1.0,591.715976331361,1.0797712972291045,0.08550397576113501,0.08620803933056201,-0.08618997478184327,-0.08548233657943574
ridge_frequency2,2,2,100000,14,100,0.09347000217408324,-0.09345435911883618,0.0017186052927447358,0.09345435911883618,1.0,1.0,510.20408163265324,1.0858305790077514,0.09313339287428868,0.09381087430252819,-0.09379450677618405,-0.09311866869006255
ridge_frequency2,2,2,100000,15,100,0.10085104164685875,-0.10083595671795711,0.0017530446907025724,0.10083595671795711,1.0,1.0,444.44444444444446,1.091844706793274,0.10050158890415006,0.10119233936753874,-0.10117682446217917,-0.1004857662388694
ridge_frequency2,2,2,100000,16,100,0.1082072276409815,-0.10819275759813929,0.0017784674646148552,0.10819275759813929,1.0,1.0,390.625,1.0979071394999225,0.10788346002112612,0.10855805599128386,-0.1085430339769691,-0.10786844194726705
ridge_frequency2,2,2,100000,17,100,0.11599293801392152,-0.11597976676972321,0.0017567673313844427,0.11597976676972321,1.0,1.0,346.02076124567463,1.1039237007528968,0.11565865859315741,0.11633788635259246,-0.1163227991731171,-0.11564448676525213
ridge_frequency2,2,2,100000,18,100,0.12348124111029873,-0.12346853877310837,0.001780035005093353,0.12346853877310837,1.0,1.0,308.641975308642,1.109962637605063,0.12315003678821797,0.12383019145045181,-0.12381826665413292,-0.123137962596958
ridge_frequency2,2,2,100000,19,100,0.13130129878118352,-0.13128899571904,0.0018064599880459654,0.13128899571904,1.0,1.0,277.00831024930756,1.1159700260834253,0.13096100746831785,0.13164379160239223,-0.13163219928346076,-0.13094891869188482
ridge_frequency2,2,2,100000,20,100,0.1389456919725759,-0.13893318383811454,0.0018737275392973895,0.13893318383811454,1.0,1.0,250.0,1.1219817551889253,0.13857435562378334,0.13929999075077854,-0.13928823173036545,-0.138564472321838
ridge_frequency2,2,2,100000,21,100,0.14692287428673761,-0.1469128696093516,0.0017232022757033025,0.1469128696093516,1.0,1.0,226.7573696145124,1.1280247075294823,0.14658482366360365,0.14723950930216206,-0.14722997936850338,-0.1465752476203178
ridge_frequency2,2,2,100000,22,100,0.15473610116010383,-0.15472479601617325,0.0018798506236223978,0.15472479601617325,1.0,1.0,206.61157024793386,1.1340517389054905,0.1543637586044195,0.15511413857724032,-0.15510351268925388,-0.15435171983089452
ridge_frequency2,2,2,100000,23,100,0.16265865928812104,-0.16264871786285215,0.0018073975317366097,0.16264871786285215,1.0,1.0,189.03591682419656,1.1401430300156836,0.16231798995075558,0.16298985557302087,-0.1629808703955291,-0.16230705116113459
ridge_frequency2,2,2,100000,24,100,0.1709898546182511,-0.17098002658262157,0.0018425093167998062,0.17098002658262157,1.0,1.0,173.61111111111106,1.1460679306102575,0.17062985111607648,0.17134425993312108,-0.1713357485966833,-0.17062021241126035
ridge_frequency2,2,2,100000,25,100,0.17919311197892718,-0.17918351956840833,0.0018634430417566166,0.17918351956840833,1.0,1.0,160.0,1.1520599187866625,0.17883390056656961,0.1795681834448097,-0.17955835857650584,-0.17882535473388314
ridge_frequency2,2,2,100000,26,100,0.18752013822028682,-0.1875103498444309,0.0019256218658685784,0.1875103498444309,1.0,1.0,147.92899408284026,1.1579971007421175,0.1871237106393911,0.18789046672234183,-0.18788090794595788,-0.1871137881419395
ridge_frequency2,2,2,100000,27,100,0.1957506707919888,-0.19574194256801525,0.0018578349551576238,0.19574194256801525,1.0,1.0,137.17421124828533,1.1639890568539493,0.19538424419474507,0.196118662987025,-0.19611027736193232,-0.19537690384528206
ridge_frequency2,2,2,100000,28,100,0.20448679729477362,-0.20447802214307537,0.0019039375281029777,0.20447802214307537,1.0,1.0,127.55102040816331,1.1699199474446718,0.20409462187869976,0.2048346790797434,-0.20482738994705774,-0.20408685134905863
ridge_frequency2,2,2,100000,29,100,0.21296006269559925,-0.21295144090960305,0.001925930927303674,0.21295144090960305,1.0,1.0,118.90606420927472,1.1759721549570115,0.21258582414787452,0.21332559527690384,-0.21331808789508622,-0.2125777051230605
ridge_frequency2,2,2,100000,30,100,0.22154105716606431,-0.2215313655900473,0.0020826532383737416,0.2215313655900473,1.0,1.0,111.11111111111111,1.1818931410520315,0.22112759893955478,0.22193516253476972,-0.2219253714955875,-0.22111898067658295
ridge_frequency2,2,2,100000,31,100,0.23036168610825128,-0.23035480721770965,0.0017891983217797577,0.23035480721770965,1.0,1.0,104.05827263267429,1.187904922183858,0.23001005541756656,0.23070386585974947,-0.23069685403746215,-0.2300029812200177
ridge_frequency2,2,2,100000,32,100,0.2391680384010412,-0.23916071167817687,0.001881483991414592,0.23916071167817687,1.0,1.0,97.65625,1.1937870760030782,0.23879357613052216,0.23955063871223223,-0.23954413386994974,-0.23878617460136378
ridge_frequency2,2,2,100000,33,100,0.24815993496944797,-0.24815415158681428,0.0017027530497747882,0.24815415158681428,1.0,1.0,91.8273645546373,1.19965235387403,0.24783418514939454,0.24849810538219402,-0.24849263409199635,-0.24782733668435264
ridge_frequency2,2,2,100000,34,100,0.2573065822600398,-0.25729952761180885,0.0019149505051049966,0.25729952761180885,1.0,1.0,86.50519031141866,1.2056069500028013,0.25693502341610985,0.25767486231460474,-0.2576684020749572,-0.25692812819989885
ridge_frequency2,2,2,100000,35,100,0.26652700026874804,-0.26651829869844323,0.002164528349170277,0.26651829869844323,1.0,1.0,81.63265306122446,1.2114845590981786,0.26610781156861774,0.26697095632269197,-0.2669630582023076,-0.26609891434275423
ridge_frequency2,2,2,100000,36,100,0.27557070505470627,-0.27556397866170274,0.0019350954562537253,0.27556397866170274,1.0,1.0,77.1604938271605,1.2174341272015725,0.27520904295813364,0.275960238007285,-0.27595428467126976,-0.27520325738621837
ridge_frequency2,2,2,100000,37,100,0.28509346110995293,-0.28508756341841657,0.0018430189886402273,0.28508756341841657,1.0,1.0,73.04601899196494,1.2232581817100954,0.28475672146501285,0.2854783007149583,-0.285472403868642,-0.28475078555158145
ridge_frequency2,2,2,100000,38,100,0.2943052307015095,-0.2942985623078302,0.0019911526058853162,0.2942985623078302,1.0,1.0,69.25207756232689,1.229225080195464,0.2939329726694644,0.29469697987452403,-0.29469022267185707,-0.29392596121634806
ridge_frequency2,2,2,100000,39,100,0.30391653174114436,-0.3039098455552811,0.0020261024262416345,0.3039098455552811,1.0,1.0,65.74621959237345,1.2350093936844622,0.3035240001479048,0.3042992221718104,-0.30429330058888826,-0.3035174475553255
ridge_frequency2,2,2,100000,40,100,0.3135788748124834,-0.3135719158578277,0.0020996185114198385,0.3135719158578277,1.0,1.0,62.5,1.2409085069147776,0.31316540934879655,0.31398974440944,-0.3139820198730912,-0.31315820723467
ridge_frequency2,2,2,300000,1,30,0.12794828759773066,0.12794826742222573,7.308126480916226e-05,0.12794826742222573,1.0,1.0,300000.0,1.0036503797334682,,,,
ridge_frequency2,2,2,300000,2,30,0.12426612107408248,0.12426608813748193,9.202214556615923e-05,0.12426608813748193,1.0,1.0,75000.0,1.007310840770116,,,,
ridge_frequency2,2,2,300000,3,30,0.0817310703033825,0.08172989579498822,0.0004456528842719716,0.08172989579498822,1.0,1.0,33333.33333333334,1.0109341021583584,,,,
ridge_frequency2,2,2,300000,4,30,0.05573619109140771,0.05573207856443839,0.0006886390365084117,0.05573207856443839,1.0,1.0,18750.0,1.0144506230294632,,,,
ridge_frequency2,2,2,300000,5,30,0.008289913571705438,0.00825797790198666,0.000739385576687224,0.00825797790198666,1.0,1.0,12000.0,1.0180669323735687,,,,
ridge_frequency2,2,2,300000,6,30,0.012051408815078138,-0.012033721438357797,0.0006638467616211118,0.012033721438357797,1.0,1.0,8333.333333333336,1.0216595019037504,,,,
ridge_frequency2,2,2,300000,7,30,0.016665185556545236,-0.01665327694197908,0.0006406704956247149,0.01665327694197908,1.0,1.0,6122.448979591836,1.0250955389616438,,,,
ridge_frequency2,2,2,300000,8,30,0.022503149141872677,-0.022492708142166928,0.0006971382878666948,0.022492708142166928,1.0,1.0,4687.5,1.0285896007731339,,,,
ridge_frequency2,2,2,300000,9,30,0.029543611832928585,-0.029536175365974613,0.0006741622273444679,0.029536175365974613,1.0,1.0,3703.703703703705,1.0320456415162869,,,,
ridge_frequency2,2,2,300000,10,30,0.0348847347410447,-0.034877988367073696,0.0006977639799482687,0.034877988367073696,1.0,1.0,3000.0,1.0355764359824062,,,,
ridge_frequency2,2,2,300000,11,30,0.03903998666974229,-0.03903426348480251,0.0006798833870618255,0.03903426348480251,1.0,1.0,2479.338842975207,1.0390401072715423,,,,
ridge_frequency2,2,2,300000,12,30,0.043236766239548245,-0.04323150490702446,0.0006860217604315964,0.04323150490702446,1.0,1.0,2083.333333333334,1.0426081891857928,,,,
ridge_frequency2,2,2,300000,13,30,0.047505044993509986,-0.04750025379350284,0.0006862110273289995,0.04750025379350284,1.0,1.0,1775.147928994083,1.0460759221838318,,,,
ridge_frequency2,2,2,300000,14,30,0.051650080454072544,-0.05164612998859708,0.0006497225772172285,0.05164612998859708,1.0,1.0,1530.612244897959,1.0495944174275018,,,,
ridge_frequency2,2,2,300000,15,30,0.05574795035098972,-0.055743899292471935,0.0006835455289653361,0.055743899292471935,1.0,1.0,1333.3333333333337,1.0530877241250924,,,,
ridge_frequency2,2,2,300000,16,30,0.059810781918244196,-0.05980714770616631,0.0006706020901782138,0.05980714770616631,1.0,1.0,1171.875,1.0565900096153795,,,,
ridge_frequency2,2,2,300000,17,30,0.06387696874825259,-0.0638736382618425,0.0006634328128000644,0.0638736382618425,1.0,1.0,1038.0622837370242,1.0600717627347973,,,,
ridge_frequency2,2,2,300000,18,30,0.06786866486979085,-0.06786489990093265,0.0007270862807782996,0.06786489990093265,1.0,1.0,925.9259259259262,1.063583954023179,,,,
ridge_frequency2,2,2,300000,19,30,0.07195728374179976,-0.07195366431548797,0.0007340546855168622,0.07195366431548797,1.0,1.0,831.0249307479221,1.0670842011918056,,,,
ridge_frequency2,2,2,300000,20,30,0.07614158566164018,-0.07613865731674313,0.0006791950655116876,0.07613865731674313,1.0,1.0,750.0,1.0705386336560445,,,,
ridge_frequency2,2,2,300000,21,30,0.08020401837001837,-0.08020054748429904,0.0007589097785670178,0.08020054748429904,1.0,1.0,680.2721088435378,1.0740576210276418,,,,
ridge_frequency2,2,2,300000,22,30,0.08439704644898531,-0.08439342874248502,0.0007947897570311924,0.08439342874248502,1.0,1.0,619.8347107438018,1.077553865492318,,,,
ridge_frequency2,2,2,300000,23,30,0.08848006717656871,-0.08847811382810648,0.0005979802130935337,0.08847811382810648,1.0,1.0,567.1077504725897,1.0811089931016862,,,,
ridge_frequency2,2,2,300000,24,30,0.09277220911461441,-0.09276988131589622,0.0006684294306262324,0.09276988131589622,1.0,1.0,520.8333333333335,1.084620531142442,,,,
ridge_frequency2,2,2,300000,25,30,0.09690752200752005,-0.0969050038374696,0.0007105507077304682,0.0969050038374696,1.0,1.0,480.0,1.0880687370572817,,,,
ridge_frequency2,2,2,300000,26,30,0.10107591873032916,-0.10107344905752452,0.0007186501686694895,0.10107344905752452,1.0,1.0,443.78698224852076,1.091593553356943,,,,
ridge_frequency2,2,2,300000,27,30,0.10534788059885938,-0.10534546021357644,0.0007263221437758701,0.10534546021357644,1.0,1.0,411.52263374485614,1.095025184376501,,,,
ridge_frequency2,2,2,300000,28,30,0.10971085969628395,-0.10970919518238935,0.0006146720993841248,0.10970919518238935,1.0,1.0,382.65306122448976,1.0986622260575178,,,,
ridge_frequency2,2,2,300000,29,30,0.11404783927510141,-0.11404494763448832,0.0008260180966798971,0.11404494763448832,1.0,1.0,356.7181926278241,1.1020791969205215,,,,
ridge_frequency2,2,2,300000,30,30,0.11840810932642641,-0.11840566833321202,0.0007733006893912174,0.11840566833321202,1.0,1.0,333.3333333333334,1.1055534511798397,,,,
ridge_frequency2,2,2,300000,31,30,0.12277615459942737,-0.12277388414356126,0.0007594307254632646,0.12277388414356126,1.0,1.0,312.174817898023,1.1090309265316898,,,,
ridge_frequency2,2,2,300000,32,30,0.12723088950981257,-0.1272289685318792,0.0007111029113806668,0.1272289685318792,1.0,1.0,292.96875,1.11257575268342,,,,
ridge_frequency2,2,2,300000,33,30,0.13163595080631119,-0.13163415810158663,0.0006987419000144047,0.13163415810158663,1.0,1.0,275.48209366391177,1.1159616815929967,,,,
ridge_frequency2,2,2,300000,34,30,0.13601435595850356,-0.13601200436067923,0.0008134833129442125,0.13601200436067923,1.0,1.0,259.51557093425606,1.119508951358558,,,,
ridge_frequency2,2,2,300000,35,30,0.14057706050663152,-0.14057516738669712,0.0007420299886275539,0.14057516738669712,1.0,1.0,244.89795918367338,1.1229661610293784,,,,
ridge_frequency2,2,2,300000,36,30,0.1451283160913992,-0.1451257849389642,0.0008717861418715591,0.1451257849389642,1.0,1.0,231.48148148148155,1.1264668280512218,,,,
ridge_frequency2,2,2,300000,37,30,0.14972234209832114,-0.14971998923010463,0.0008537230900819232,0.14971998923010463,1.0,1.0,219.1380569758948,1.1299480582319676,,,,
ridge_frequency2,2,2,300000,38,30,0.15425971586945533,-0.1542577669368182,0.0007886783737876819,0.1542577669368182,1.0,1.0,207.75623268698052,1.1334251228970489,,,,
ridge_frequency2,2,2,300000,39,30,0.1588381682395214,-0.15883632965609154,0.0007773103946105317,0.15883632965609154,1.0,1.0,197.23865877712038,1.1368895784404613,,,,
ridge_frequency2,2,2,300000,40,30,0.16344295466013875,-0.1634412806147498,0.0007523886423161569,0.1634412806147498,1.0,1.0,187.5,1.1403555682258177,,,,
ridge_frequency2,2,2,1000000,1,30,0.12962087413643067,0.1296208709782486,2.9102659390666042e-05,0.1296208709782486,1.0,1.0,1000000.0,1.0019969032159926,,,,
ridge_frequency2,2,2,1000000,2,30,0.12760207870938559,0.1276020726316369,4.005685650209884e-05,0.1276020726316369,1.0,1.0,250000.0,1.0040070170550701,,,,
ridge_frequency2,2,2,1000000,3,30,0.08684242824856848,0.08684189319205024,0.000310057160973951,0.08684189319205024,1.0,1.0,111111.1111111111,1.005993182948927,,,,
ridge_frequency2,2,2,1000000,4,30,0.0625370388540204,0.06253592547705288,0.0003795460415661267,0.06253592547705288,1.0,1.0,62500.0,1.0079216760522096,,,,
ridge_frequency2,2,2,1000000,5,30,0.016984674056482563,0.016978638610753955,0.0004604911886911848,0.016978638610753955,1.0,1.0,40000.0,1.0099027749362337,,,,
ridge_frequency2,2,2,1000000,6,30,0.0017248624278334984,-0.0016540499209596999,0.000497513736346369,0.0016540499209596999,1.0,1.0,27777.77777777777,1.011860526014624,,,,
ridge_frequency2,2,2,1000000,7,30,0.004823435752599774,-0.004797649596821109,0.0005066020735694028,0.004797649596821109,1.0,1.0,20408.16326530613,1.013741471111378,,,,
ridge_frequency2,2,2,1000000,8,30,0.008768740178635756,-0.008753130061793029,0.0005319305520099408,0.008753130061793029,1.0,1.0,15625.0,1.0156443905159582,,,,
ridge_frequency2,2,2,1000000,9,30,0.014089036713688026,-0.014079941520627208,0.0005148173047561322,0.014079941520627208,1.0,1.0,12345.679012345678,1.0175558053699265,,,,
ridge_frequency2,2,2,1000000,10,30,0.017678638306591322,-0.017671001723905035,0.000528449699779064,0.017671001723905035,1.0,1.0,10000.0,1.019503063070477,,,,
ridge_frequency2,2,2,1000000,11,30,0.020016452548895277,-0.02000915644480443,0.0005496371933633755,0.02000915644480443,1.0,1.0,8264.462809917351,1.0214088922471476,,,,
ridge_frequency2,2,2,1000000,12,30,0.022400875534257153,-0.022394610900336655,0.0005387987825454632,0.022394610900336655,1.0,1.0,6944.4444444444425,1.0233346815808793,,,,
ridge_frequency2,2,2,1000000,13,30,0.02489820934326896,-0.02489249622095234,0.000542466008265185,0.02489249622095234,1.0,1.0,5917.159763313607,1.0252600695361005,,,,
ridge_frequency2,2,2,1000000,14,30,0.027171455616024003,-0.027166648937162023,0.0005198001790039312,0.027166648937162023,1.0,1.0,5102.040816326533,1.0271704189921589,,,,
ridge_frequency2,2,2,1000000,15,30,0.029364806921195277,-0.02936074208369095,0.0004969317729384923,0.02936074208369095,1.0,1.0,4444.4444444444425,1.029103861156729,,,,
ridge_frequency2,2,2,1000000,16,30,0.031515250870721934,-0.03151143721440545,0.0004986486501881857,0.03151143721440545,1.0,1.0,3906.25,1.0310149315451853,,,,
ridge_frequency2,2,2,1000000,17,30,0.03366570844120077,-0.033662231853666215,0.0004920801847577533,0.033662231853666215,1.0,1.0,3460.207612456749,1.032925576416541,,,,
ridge_frequency2,2,2,1000000,18,30,0.03582181874886604,-0.0358183989869221,0.0005034287508411273,0.0358183989869221,1.0,1.0,3086.4197530864194,1.0348496947353671,,,,
ridge_frequency2,2,2,1000000,19,30,0.0379361694974808,-0.0379324272909236,0.0005419466448995182,0.0379324272909236,1.0,1.0,2770.0831024930762,1.0367771545288083,,,,
ridge_frequency2,2,2,1000000,20,30,0.0400485590129705,-0.04004509209931167,0.0005359597640201075,0.04004509209931167,1.0,1.0,2500.0,1.0387191556770459,,,,
ridge_frequency2,2,2,1000000,21,30,0.04222479679820327,-0.042221727310248376,0.0005178279456474582,0.042221727310248376,1.0,1.0,2267.573696145125,1.0406248629531063,,,,
ridge_frequency2,2,2,1000000,22,30,0.04432922138914258,-0.044326116593240664,0.0005336181607027358,0.044326116593240664,1.0,1.0,2066.115702479338,1.0425383375878132,,,,
ridge_frequency2,2,2,1000000,23,30,0.04644230499752806,-0.0464393216356931,0.0005354013963749527,0.0464393216356931,1.0,1.0,1890.3591682419656,1.0444707335569128,,,,
ridge_frequency2,2,2,1000000,24,30,0.048571349821011384,-0.048568538954790186,0.0005314721572083185,0.048568538954790186,1.0,1.0,1736.1111111111106,1.0463815445256754,,,,
ridge_frequency2,2,2,1000000,25,30,0.0507153433874211,-0.0507123350658913,0.0005618262114487174,0.0507123350658913,1.0,1.0,1600.0,1.0483105832878832,,,,
ridge_frequency2,2,2,1000000,26,30,0.052862443292127435,-0.05285975711762995,0.0005420156619685871,0.05285975711762995,1.0,1.0,1479.2899408284018,1.050286899534774,,,,
ridge_frequency2,2,2,1000000,27,30,0.05504426902422043,-0.055041768191599796,0.0005336666461887613,0.055041768191599796,1.0,1.0,1371.7421124828534,1.0521450195237467,,,,
ridge_frequency2,2,2,1000000,28,30,0.05719100257542842,-0.05718858404799208,0.0005349477915930688,0.05718858404799208,1.0,1.0,1275.5102040816332,1.0541145197023751,,,,
ridge_frequency2,2,2,1000000,29,30,0.05935798587310574,-0.059355698086002655,0.0005300536424915294,0.059355698086002655,1.0,1.0,1189.0606420927465,1.0559907615275856,,,,
ridge_frequency2,2,2,1000000,30,30,0.06152288717675686,-0.061520761199648284,0.0005202002066208883,0.061520761199648284,1.0,1.0,1111.1111111111106,1.0579511500722227,,,,
ridge_frequency2,2,2,1000000,31,30,0.06372580960059297,-0.0637237974898712,0.0005150588057280771,0.0637237974898712,1.0,1.0,1040.5827263267427,1.0598513810796908,,,,
ridge_frequency2,2,2,1000000,32,30,0.06593814928536389,-0.06593630067659545,0.0005021858405813973,0.06593630067659545,1.0,1.0,976.5625,1.0617895210038037,,,,
ridge_frequency2,2,2,1000000,33,30,0.06813365828904874,-0.06813145973328108,0.0005567019209480712,0.06813145973328108,1.0,1.0,918.2736455463731,1.063679965190365,,,,
ridge_frequency2,2,2,1000000,34,30,0.07030702131807358,-0.07030516022533834,0.0005203039326232292,0.07030516022533834,1.0,1.0,865.0519031141872,1.0655987086648264,,,,
ridge_frequency2,2,2,1000000,35,30,0.07259872681342833,-0.07259694288752325,0.0005176388534203701,0.07259694288752325,1.0,1.0,816.3265306122449,1.0675293288063146,,,,
ridge_frequency2,2,2,1000000,36,30,0.0747777865018889,-0.07477571762062801,0.0005657540974706112,0.07477571762062801,1.0,1.0,771.6049382716049,1.0694870452369698,,,,
ridge_frequency2,2,2,1000000,37,30,0.07702710213153616,-0.07702529632287788,0.0005364530589319894,0.07702529632287788,1.0,1.0,730.4601899196493,1.071390652319561,,,,
ridge_frequency2,2,2,1000000,38,30,0.07925089263390254,-0.07924875691959772,0.0005917623901603284,0.07924875691959772,1.0,1.0,692.5207756232691,1.0733260390704207,,,,
ridge_frequency2,2,2,1000000,39,30,0.08149689424480168,-0.08149489131018067,0.0005811361258678567,0.08149489131018067,1.0,1.0,657.4621959237343,1.0752395324397088,,,,
ridge_frequency2,2,2,1000000,40,30,0.08376902435390443,-0.08376701131482153,0.0005906658320075697,0.08376701131482153,1.0,1.0,625.0,1.0771866955364575,,,,
ridge_frequency2,2,5,1000,1,100,0.037060345289713595,-0.03581364019502264,0.009579669601346682,0.03581364019502264,1.0,1.0,1000.0,1.1668601631010587,,,,
ridge_frequency2,2,5,1000,2,100,1.0867582694272828,-1.0864076612688256,0.02774213338280651,1.0864076612688256,1.0,1.0,31.25,2.1140686893316945,,,,
ridge_frequency2,2,5,1000,3,100,5.010033897916471,-5.009454724581901,0.07656132839911406,5.009454724581901,0.9181299999999999,0.899,4.186092449322011,4.21415100281477,,,,
ridge_frequency2,2,5,1000,4,100,7.858840833649315,-7.857243025963864,0.1592637085614025,7.857243025963864,0.29563,0.25,1.6016575627694016,2.220347926245564,,,,
ridge_frequency2,2,5,1000,5,100,9.299832641519236,-9.29335200846578,0.3488735220036655,9.29335200846578,0.05603,0.032,1.1809142265574955,0.5894871134389591,,,,
ridge_frequency2,2,5,3000,1,100,0.037362993213035475,0.03720497952487948,0.0034498953857120874,0.03720497952487948,1.0,1.0,3000.0,1.0945940480317704,,,,
ridge_frequency2,2,5,3000,2,100,0.4917659980781208,-0.491653173003806,0.010586552412361772,0.491653173003806,1.0,1.0,93.75,1.5935455818649262,,,,
ridge_frequency2,2,5,3000,3,100,2.2289264425395157,-2.228775522802707,0.026068193541680072,2.228775522802707,0.9999366666666666,0.9993333333333332,12.345679012345684,2.9376422092286236,,,,
ridge_frequency2,2,5,3000,4,100,5.7015498310936295,-5.701236772003557,0.06004834750963163,5.701236772003557,0.7957266666666668,0.777,3.1581726315457144,4.100511858882095,,,,
ridge_frequency2,2,5,3000,5,100,7.910493071013418,-7.9099509908311525,0.09307295498736216,7.9099509908311525,0.28728333333333333,0.26,1.5895862024775855,2.1667744371724744,,,,
ridge_frequency2,2,5,10000,1,100,0.08093637991152759,0.08092274696457089,0.001492952092555556,0.08092274696457089,1.0,1.0,10000.0,1.050661988721844,0.08065780298077145,0.08122530199040719,0.08064618224903003,0.08120922222804969
ridge_frequency2,2,5,10000,2,100,0.18226418721728954,-0.18222250298378953,0.003917501303978281,0.18222250298378953,1.0,1.0,312.5,1.306518589758932,0.1814884183833485,0.18304843519892716,-0.1830072752195813,-0.18144993019374397
ridge_frequency2,2,5,10000,3,100,0.9328142039498161,-0.9327801490996599,0.00801088502816095,0.9327801490996599,1.0,1.0,41.15226337448559,1.9510983492232379,0.9311800242839091,0.9343972079597024,-0.9343610309189823,-0.93114414012844
ridge_frequency2,2,5,10000,4,100,2.6835054259352673,-2.6834558064768532,0.01640108735254134,2.6834558064768532,0.997366,0.9957,9.769541129687703,3.186688352596335,2.6804742783750792,2.6866654751016874,-2.686612270162581,-2.6804272525736077
ridge_frequency2,2,5,10000,6,100,7.372955681060933,-7.37280660782296,0.0471211476553013,7.37280660782296,0.4208009999999999,0.4034,1.8385855701326934,2.851019895268458,7.363633614523196,7.3817029846785935,-7.381560901641827,-7.363485601934893
ridge_frequency2,2,5,30000,1,100,0.10248657298709402,0.10248464510062226,0.0006317853797859198,0.10248464510062226,1.0,1.0,30000.0,1.0291226836381298,,,,
ridge_frequency2,2,5,30000,2,100,0.041853357809064864,-0.041825105262308655,0.001545318668849163,0.041825105262308655,1.0,1.0,937.5,1.1711869484613966,,,,
ridge_frequency2,2,5,30000,3,100,0.4357123576949487,-0.4356983506194962,0.0035112971417551398,0.4356983506194962,1.0,1.0,123.4567901234568,1.5091113109218524,,,,
ridge_frequency2,2,5,30000,4,100,1.194866886741764,-1.1948557327588774,0.005188850245508043,1.1948557327588774,1.0,1.0,29.296875,2.148461437378924,,,,
ridge_frequency2,2,5,30000,5,100,2.7709528339715397,-2.770941743666408,0.007879220970720135,2.770941743666408,0.9968503333333334,0.9958666666666668,9.606058366437264,3.2148171651210844,,,,
ridge_frequency2,2,5,30000,6,100,5.030710965090413,-5.030678635292615,0.018126455116916497,5.030678635292615,0.8855709999999999,0.8805666666666667,4.003661502548824,4.078743198789564,,,,
ridge_frequency2,2,5,100000,1,100,0.11574366632089297,0.11574333219087325,0.0002795139276262013,0.11574333219087325,1.0,1.0,100000.0,1.0159025525099845,0.1156896520075896,0.11579767676196949,0.11568930715509453,0.11579735244112475
ridge_frequency2,2,5,100000,2,100,0.039195171184088946,0.03918910852320963,0.000692832938697131,0.03918910852320963,1.0,1.0,3125.0,1.0917822698165782,0.03905644155958828,0.039332475518317936,0.03905077886142926,0.039326630688836815
ridge_frequency2,2,5,100000,3,100,0.17670564019741614,-0.1767007826110851,0.0013168305263277329,0.1767007826110851,1.0,1.0,411.52263374485597,1.2644180884163114,0.17644341770585534,0.17696089465992787,-0.17695555478583103,-0.17643908706465655
ridge_frequency2,2,5,100000,4,100,0.5308990353885606,-0.5308946843465303,0.0021602256481002705,0.5308946843465303,1.0,1.0,97.65625,1.5757928953497577,0.5304744403376441,0.5313268821924241,-0.531321304164836,-0.5304698893923085
ridge_frequency2,2,5,100000,5,100,1.1681114696553219,-1.1681076011913083,0.0030214016753460082,1.1681076011913083,1.0,1.0,32.0,2.0965079888605427,1.1675086495242257,1.168686215337943,-1.1686818680804458,-1.1675046607640684
ridge_frequency2,2,5,100000,6,100,2.2402870009024975,-2.240281246494739,0.005103278475361596,2.240281246494739,0.9996983,0.99954,12.860462744166277,2.874040549964503,2.2393252722030317,2.2412849395469654,-2.2412787762414417,-2.2393179357847024
ridge_frequency2,2,5,100000,7,100,3.82856304035207,-3.82855583128145,0.007467147623386177,3.82855583128145,0.9635237,0.96174,6.036086040914158,3.7035016289213587,3.82719917333134,3.8300672618811746,-3.830061347234049,-3.82719258680666
ridge_frequency2,2,5,300000,1,30,0.12244934891279752,0.12244928524474995,0.00012700346679902656,0.12244928524474995,1.0,1.0,300000.0,1.0091485471198707,,,,
ridge_frequency2,2,5,300000,2,30,0.07892853494426008,0.07892810512976425,0.00026493149180345125,0.07892810512976425,1.0,1.0,9375.0,1.052500358621164,,,,
ridge_frequency2,2,5,300000,3,30,0.057082670450893415,-0.057079325941463185,0.000628475885068435,0.057079325941463185,1.0,1.0,1234.5679012345674,1.1482752647748127,,,,
ridge_frequency2,2,5,300000,4,30,0.2513675816973198,-0.25136483541662474,0.0011950952920745468,0.25136483541662474,1.0,1.0,292.96875,1.3146373217958,,,,
ridge_frequency2,2,5,300000,5,30,0.5804385509109505,-0.5804369676093871,0.0013789111234057477,0.5804369676093871,1.0,1.0,96.0,1.58191503165481,,,,
ridge_frequency2,2,5,300000,6,30,1.0480432077564013,-1.0480416456545694,0.0018404360398610847,1.0480416456545694,1.0,1.0,38.58024691358023,1.9820110794378105,,,,
ridge_frequency2,2,5,300000,7,30,1.759525135004216,-1.7595237990425938,0.0022053182558667956,1.7595237990425938,0.9998579999999999,0.9997933333333332,17.850307346736145,2.5321917870047552,,,,
ridge_frequency2,2,5,300000,8,30,2.8204695651175373,-2.820467227913462,0.003693053188978517,2.820467227913462,0.9894836666666665,0.9891566666666668,9.199990119894402,3.202526399005124,,,,
ridge_frequency2,2,5,1000000,1,30,0.12661414442237576,0.12661413562645832,4.800188632239685e-05,0.12661413562645832,1.0,1.0,1000000.0,1.005004488803835,,,,
ridge_frequency2,2,5,1000000,2,30,0.10302960145321395,0.10302954324472344,0.00011139116429915271,0.10302954324472344,1.0,1.0,31250.0,1.0285394584675485,,,,
ridge_frequency2,2,5,1000000,3,30,0.012620020559909642,0.012614231977037094,0.0003887254532047537,0.012614231977037094,1.0,1.0,4115.226337448561,1.07971063415722,,,,
ridge_frequency2,2,5,1000000,4,30,0.09761108959465015,-0.09761039915575137,0.00037341182272614836,0.09761039915575137,1.0,1.0,976.5625,1.1661182677515172,,,,
ridge_frequency2,2,5,1000000,5,30,0.2796772304899542,-0.2796766473665252,0.0005808783639773485,0.2796766473665252,1.0,1.0,320.0,1.3001061926831148,,,,
ridge_frequency2,2,5,1000000,6,30,0.5005331275096322,-0.500532754114592,0.0006218379613274264,0.500532754114592,1.0,1.0,128.60082304526753,1.4932806001973673,,,,
ridge_frequency2,2,5,1000000,7,30,0.7948019723585936,-0.7948016192761913,0.0007619808950435126,0.7948016192761913,1.0,1.0,59.49901826619861,1.7578153777209198,,,,
ridge_frequency2,2,5,1000000,8,30,1.2181422648696092,-1.2181419427537508,0.0009010142439536396,1.2181419427537508,0.9999973333333333,0.999991,30.517609170033243,2.1127027824545013,,,,
ridge_frequency2,2,5,1000000,9,30,1.82902350074416,-1.8290231640496917,0.0011287668318757165,1.8290231640496917,0.9995367666666668,0.999477,16.937210400782046,2.568953165664093,,,,
ridge_frequency2,2,5,1000000,10,30,2.6599296366046232,-2.659928929346911,0.0019728793064453585,2.659928929346911,0.9923248333333334,0.992118,10.02608804974519,3.0940986404878723,,,,
ridge_medium,1,2,1000,1,100,0.06483101951755595,0.06455596564714539,0.005995654238511701,0.06455596564714539,1.0,1.0,1000.0,1.06338237396614,,,,
ridge_medium,1,2,1000,2,100,0.06993908734763563,-0.06844978135124355,0.014428625167681548,0.06844978135124355,1.0,1.0,250.0,1.1256153759554364,,,,
ridge_medium,1,2,1000,3,100,0.20880001205829937,-0.20799658233863594,0.018391554138498554,0.20799658233863594,1.0,1.0,111.11111111111111,1.18700875633505,,,,
ridge_medium,1,2,1000,4,100,0.30461462359571584,-0.3038856566246123,0.021167361147944087,0.3038856566246123,1.0,1.0,62.5,1.2462294981052628,,,,
ridge_medium,1,2,1000,5,100,0.40943032098725274,-0.40878318487171156,0.023126693437637718,0.40878318487171156,1.0,1.0,40.0,1.303723418075471,,,,
ridge_medium,1,2,1000,6,100,0.5246894131788006,-0.5242502061426928,0.021572093393827197,0.5242502061426928,1.0,1.0,27.77777777777778,1.3594551564725348,,,,
ridge_medium,1,2,1000,7,100,0.6538900445776561,-0.653450846265695,0.02408280983841272,0.653450846265695,0.9999099999999999,0.998,20.408163265306115,1.4127262713720217,,,,
ridge_medium,1,2,1000,8,100,0.7875840507576354,-0.7871783968267306,0.025401991831223717,0.7871783968267306,0.99866,0.994,15.627480158730158,1.4623572274604468,,,,
ridge_medium,1,2,1000,9,100,0.9361776215410222,-0.9356804966412046,0.030658550959621767,0.9356804966412046,0.9964499999999998,0.988,12.373495858727928,1.509479742267423,,,,
ridge_medium,1,2,1000,10,100,1.0898068587353562,-1.0893631370622816,0.03125239314390535,1.0893631370622816,0.99182,0.983,10.052752647450733,1.5486549795869622,,,,
ridge_medium,1,2,1000,11,100,1.2450869992953255,-1.2447390472756115,0.029581935547698075,1.2447390472756115,0.9836899999999998,0.972,8.36126930405771,1.5848774380786326,,,,
ridge_medium,1,2,3000,1,100,0.09393983496077601,0.09390329450596901,0.0026330980683328753,0.09390329450596901,1.0,1.0,3000.0,1.0367383787693916,,,,
ridge_medium,1,2,3000,2,100,0.008969463936687695,-0.00613077618180417,0.006580109814576244,0.007500079078430091,1.0,1.0,750.0,1.072228287672203,,,,
ridge_medium,1,2,3000,3,100,0.10953794924732244,-0.10915155379988883,0.009238732060177687,0.10915155379988883,1.0,1.0,333.33333333333337,1.1084980216954667,,,,
ridge_medium,1,2,3000,4,100,0.15680152365744543,-0.15653682031690355,0.009153114299718615,0.15653682031690355,1.0,1.0,187.5,1.1423674313210184,,,,
ridge_medium,1,2,3000,5,100,0.21033306748245742,-0.2101114110277424,0.009702349632691587,0.2101114110277424,1.0,1.0,120.0,1.177055061757709,,,,
ridge_medium,1,2,3000,6,100,0.26218654016697207,-0.26200490069744814,0.009806916506282608,0.26200490069744814,1.0,1.0,83.33333333333334,1.2115674781601178,,,,
ridge_medium,1,2,3000,7,100,0.31664110540423573,-0.31642976682388413,0.011625133838640661,0.31642976682388413,1.0,1.0,61.224489795918345,1.2454289647977712,,,,
ridge_medium,1,2,3000,8,100,0.37357624696767516,-0.3734575523504282,0.009463854195993373,0.3734575523504282,1.0,1.0,46.875,1.2776915933972897,,,,
ridge_medium,1,2,3000,9,100,0.4369854273284721,-0.4368016045157578,0.012737520726159668,0.4368016045157578,1.0,1.0,37.037037037037045,1.3116057856077277,,,,
ridge_medium,1,2,3000,10,100,0.5035392840963255,-0.5033646124365985,0.013328695208178318,0.5033646124365985,0.9999800000000001,0.9993333333333332,30.0,1.3430941242896528,,,,
ridge_medium,1,2,3000,11,100,0.5710323387220912,-0.5708444788025283,0.01472004361170054,0.5708444788025283,0.9999300000000001,0.9993333333333332,24.79545454545455,1.375517630452159,,,,
ridge_medium,1,2,3000,12,100,0.6458552965458857,-0.645676110502472,0.01528927804062724,0.645676110502472,0.9997633333333333,0.9983333333333332,20.83770396270397,1.4060961979443931,,,,
ridge_medium,1,2,3000,13,100,0.7228902159735535,-0.7227728939641014,0.013088976819850428,0.7227728939641014,0.9992,0.9973333333333332,17.75781910397295,1.4359336101847493,,,,
ridge_medium,1,2,3000,14,100,0.8029122763436436,-0.8027590263856346,0.015765614665386625,0.8027590263856346,0.9982400000000001,0.9956666666666668,15.328909676479629,1.4627927812402675,,,,
ridge_medium,1,2,3000,15,100,0.8861942646968946,-0.8860229518400977,0.01751200437419629,0.8860229518400977,0.9965933333333332,0.9933333333333332,13.369717667699728,1.4912581775425868,,,,
ridge_medium,1,2,3000,16,100,0.9711015448730989,-0.9709658153553739,0.01631742782121165,0.9709658153553739,0.9944433333333333,0.9916666666666668,11.766718325428894,1.5156048061516938,,,,
ridge_medium,1,2,3000,17,100,1.058465617298536,-1.058342715063168,0.01621074827045462,1.058342715063168,0.9913900000000002,0.9873333333333332,10.441565719726977,1.5385699008231952,,,,
ridge_medium,1,2,3000,18,100,1.1485083026324108,-1.148338640479001,0.019839965746675865,1.148338640479001,0.9876699999999999,0.983,9.341710501220637,1.5587338507213564,,,,
ridge_medium,1,2,3000,19,100,1.2403750058019212,-1.2402063965361343,0.020554166157667267,1.2402063965361343,0.9831299999999998,0.9773333333333334,8.422009857555,1.5777111013332812,,,,
ridge_medium,1,2,10000,1,100,0.11118092758826284,0.11117715720023386,0.0009202416574494028,0.11117715720023386,1.0,1.0,10000.0,1.020053260935227,0.11101118553374902,0.11136039274700772,0.11100725271679683,0.11135672502425445
ridge_medium,1,2,10000,2,100,0.02915323098755372,0.028977191855575762,0.0032150575624889616,0.028977191855575762,1.0,1.0,2500.0,1.0397054334884164,0.02852582128899306,0.029748349195457924,0.028344961955669445,0.029577290595284897
ridge_medium,1,2,10000,3,100,0.053238949385444385,-0.0530297162374287,0.004739147884420055,0.0530297162374287,1.0,1.0,1111.111111111111,1.0593082846031638,0.052313692877542686,0.05418277896105653,-0.05396103256196146,-0.05210596914648705
ridge_medium,1,2,10000,4,100,0.07816378972477035,-0.07798295303388572,0.005340625720243657,0.07798295303388572,1.0,1.0,625.0,1.0781561613107806,0.07705658981950327,0.0791719962121203,-0.07900476423095228,-0.07687937083489638
ridge_medium,1,2,10000,5,100,0.10611513848055093,-0.10598062603691982,0.0053682116700440605,0.10598062603691982,1.0,1.0,400.0,1.0975586396458863,0.10504964722833275,0.10718003980453256,-0.10704166691649754,-0.10491177250079348
ridge_medium,1,2,10000,6,100,0.13070055154266103,-0.13060105831371582,0.0051244847874257786,0.13060105831371582,1.0,1.0,277.77777777777777,1.1161898098140848,0.12972671819066958,0.13177750017977216,-0.13167610711620098,-0.12962147145436936
ridge_medium,1,2,10000,7,100,0.15607011136671028,-0.15597688659156458,0.005420733784943481,0.15597688659156458,1.0,1.0,204.0816326530613,1.1354965689264922,0.15501265446916176,0.15708089424749258,-0.15700835124580492,-0.1549186289809014
ridge_medium,1,2,10000,8,100,0.18194601135248364,-0.18186233344769864,0.005545288293566436,0.18186233344769864,1.0,1.0,156.25,1.1546027395590093,0.1808486243901088,0.18307107246666543,-0.18298540915652167,-0.18075098189360883
ridge_medium,1,2,10000,9,100,0.20879060701514637,-0.20870756161277718,0.005917898156270952,0.20870756161277718,1.0,1.0,123.4567901234568,1.1731253953269307,0.2075965299765179,0.20992212210739802,-0.20984243004263717,-0.20752084726650022
ridge_medium,1,2,10000,10,100,0.2363727061100291,-0.23629872318330797,0.005943302462284097,0.23629872318330797,1.0,1.0,100.0,1.1920966858279494,0.23523338339432864,0.237503455861843,-0.23743270484112322,-0.23516123261228689
ridge_medium,1,2,10000,11,100,0.26480476046401324,-0.2647387302563543,0.005942983865787183,0.2647387302563543,1.0,1.0,82.64462809917357,1.2107737550457172,0.263656895397606,0.2659504981060883,-0.2658813725687419,-0.26359552271950704
ridge_medium,1,2,10000,12,100,0.2943290447950708,-0.29426495585717166,0.0061727950183847165,0.29426495585717166,1.0,1.0,69.44444444444444,1.2291585464121564,0.293094539287553,0.29555357723574543,-0.29549414587646783,-0.29302115548956914
ridge_medium,1,2,10000,13,100,0.3249964504373751,-0.32493276559720163,0.006465966710571037,0.32493276559720163,1.0,1.0,59.17159763313611,1.247548854642356,0.32371577215383746,0.32624391201006425,-0.32618477223873826,-0.32365440095439585
ridge_medium,1,2,10000,14,100,0.3558479277810282,-0.35579956230113396,0.005896341304670566,0.35579956230113396,1.0,1.0,51.02040816326532,1.2662262592554356,0.35472079337824713,0.35702429626343074,-0.3569743720175256,-0.3546734598974408
ridge_medium,1,2,10000,15,100,0.3891470460346884,-0.3890978705055945,0.006217489630760176,0.3890978705055945,1.0,1.0,44.44444444444444,1.2839856114580164,0.3878927688957969,0.39043451384290645,-0.39039300142301775,-0.38784583865719147
ridge_medium,1,2,10000,16,100,0.4235969158591355,-0.42354163191691874,0.006877951783203594,0.42354163191691874,0.999997,0.9998,39.0625,1.3025300402332958,0.42226518031167715,0.42492136143570697,-0.4248694655064449,-0.4222009765131692
ridge_medium,1,2,10000,17,100,0.4577118484267681,-0.4576556277705389,0.007209881000624675,0.4576556277705389,0.999993,0.9998,34.603277585544014,1.3199256027320068,0.45635985087388187,0.45917283667332526,-0.4591105150996841,-0.45630444338472104
ridge_medium,1,2,10000,18,100,0.49427506109138275,-0.49421542974323557,0.007716244219023031,0.49421542974323557,0.9999790000000001,0.9997,30.8641975308642,1.337648712652426,0.4927336658787586,0.4958066559231847,-0.49575640703153434,-0.49267072880722584
ridge_medium,1,2,10000,19,100,0.5310993452598796,-0.5310443279481583,0.007682874144023641,0.5310443279481583,0.9999389999999999,0.9993,27.70160049245921,1.3557245122866812,0.5296061336934454,0.5326002901999229,-0.5325467185280612,-0.5295616731100588
ridge_medium,1,2,10000,20,100,0.5706932874637854,-0.5706429014748557,0.007621563811329627,0.5706429014748557,0.999897,0.9995,25.00125313283208,1.3728427095752027,0.5692323501320086,0.5721559219173297,-0.5721024939068367,-0.5691906510329084
ridge_medium,1,2,10000,21,100,0.6095290593918749,-0.6094815138775715,0.007651400125877042,0.6094815138775715,0.999755,0.9986,22.680377528246048,1.3894119122500947,0.6080307375127864,0.6110359065654012,-0.6109806085197146,-0.6079858311979576
ridge_medium,1,2,10000,22,100,0.64980902334772,-0.6497640635042964,0.0076823688017647095,0.6497640635042964,0.999555,0.9988,20.66457916260288,1.4062251757060722,0.6483775246384114,0.6512985661457985,-0.6512483332764549,-0.6483410098483318
ridge_medium,1,2,10000,23,100,0.6933619975830314,-0.6933167266608344,0.007963060210544676,0.6933167266608344,0.999338,0.9983,18.91218694153234,1.4228064642063907,0.6918686272905702,0.6948975866119772,-0.6948592681112282,-0.6918229852753356
ridge_medium,1,2,10000,24,100,0.7349664684394464,-0.734922185845547,0.008108511699094368,0.734922185845547,0.99889,0.9974,17.371387337393745,1.438555039036165,0.7334354866594058,0.7365019970848805,-0.7364567637493469,-0.7333865677059359
ridge_medium,1,2,10000,25,100,0.7785360462772409,-0.7784955736151739,0.00797833015740874,0.7784955736151739,0.998306,0.9967,16.01874349406269,1.4542555229046767,0.776930471642586,0.7801659338441309,-0.7801264359500324,-0.7768949870724066
ridge_medium,1,2,10000,26,100,0.8250363089155383,-0.8249878946771694,0.008982849264922252,0.8249878946771694,0.9975860000000002,0.9963,14.81705328226737,1.4694204475986976,0.8232192752156737,0.8266955593642652,-0.8266518140151126,-0.823165218217529
ridge_medium,1,2,10000,27,100,0.8689094345727817,-0.8688523861265126,0.010006897210138862,0.8688523861265126,0.996769,0.9952,13.749524750154814,1.483433905380168,0.8669127006701828,0.8708441535359289,-0.8707774729870787,-0.8668403354979963
ridge_medium,1,2,10000,28,100,0.9139380056654659,-0.9138848685133635,0.009904865760752606,0.9138848685133635,0.995676,0.994,12.795141364496693,1.4976730558848113,0.9118932572735271,0.9158078527029125,-0.915750094133928,-0.9118529743293963
ridge_medium,1,2,10000,29,100,0.9600650844229551,-0.9600267557418135,0.008621946855580643,0.9600267557418135,0.9943229999999998,0.9922,11.937773239403036,1.5114225641674626,0.958374747261119,0.9617949592271562,-0.96175497630451,-0.9583341211788852
ridge_medium,1,2,10000,30,100,1.0092182836199466,-1.0091739855106336,0.00950337321153695,1.0091739855106336,0.9928739999999999,0.9906,11.172123141306585,1.524550919516047,1.0073507567986248,1.011000258580074,-1.0109542384675605,-1.0073085091548912
ridge_medium,1,2,10000,31,100,1.0569835738724132,-1.056946948585193,0.008843379795691698,1.056946948585193,0.9911719999999999,0.9891,10.47719824393044,1.536720154334509,1.055293862850802,1.0586843474845453,-1.058654077483569,-1.0552614666159992
ridge_medium,1,2,10000,32,100,1.1063562877190267,-1.1063253760710736,0.008311950543755374,1.1063253760710736,0.9892429999999999,0.987,9.853270441967767,1.5486716310714173,1.104764646285952,1.1079321266052882,-1.1079004895374496,-1.1047285471494157
ridge_medium,1,2,10000,33,100,1.1538379440698128,-1.153793985898604,0.010122446278018872,1.153793985898604,0.9869400000000002,0.983,9.28204687187517,1.5600355556401306,1.1519006218464305,1.1557621486921386,-1.1557270055562996,-1.151852733678768
ridge_medium,1,2,10000,34,100,1.204111554920658,-1.2040713351598211,0.009891152045052736,1.2040713351598211,0.984447,0.9805,8.75890828542974,1.5704278207070828,1.2021882095320267,1.2060642047224843,-1.2060287976058035,-1.2021471595752407
ridge_medium,1,2,10000,35,100,1.2532854296493265,-1.2532349532381009,0.011304783719396864,1.2532349532381009,0.982066,0.9795,8.292120044943486,1.580527214922449,1.2510567109139723,1.255457425459054,-1.255405611125068,-1.2510109846234914
ridge_medium,1,2,30000,1,100,0.12000062422957819,0.1199999364688022,0.0004083261865351886,0.1199999364688022,1.0,1.0,30000.0,1.0114791922139652,,,,
ridge_medium,1,2,30000,2,100,0.047119249927672885,0.047073799085625215,0.0020795185419598223,0.047073799085625215,1.0,1.0,7500.0,1.0228404045407482,,,,
ridge_medium,1,2,30000,3,100,0.025379047344948304,-0.02522077459014346,0.002844198989028963,0.02522077459014346,1.0,1.0,3333.3333333333326,1.034138138290741,,,,
ridge_medium,1,2,30000,4,100,0.040294152143610755,-0.04019408548486271,0.00285228758236706,0.04019408548486271,1.0,1.0,1875.0,1.0451454109136287,,,,
ridge_medium,1,2,30000,5,100,0.05753894127390633,-0.05746584102535156,0.0029140686560865828,0.05746584102535156,1.0,1.0,1200.0,1.0562321969635136,,,,
ridge_medium,1,2,30000,6,100,0.07078199898789972,-0.07071124105768793,0.0031800782667111773,0.07071124105768793,1.0,1.0,833.3333333333331,1.0671828001149493,,,,
ridge_medium,1,2,30000,7,100,0.08443602085298965,-0.08437871760251676,0.0031259153392749015,0.08437871760251676,1.0,1.0,612.2448979591837,1.0781948375799164,,,,
ridge_medium,1,2,30000,8,100,0.09776155607271042,-0.0977140889441716,0.0030614361798109286,0.0977140889441716,1.0,1.0,468.75,1.0893202209783375,,,,
ridge_medium,1,2,30000,9,100,0.1115038416031336,-0.11146255559765363,0.0030493238026181504,0.11146255559765363,1.0,1.0,370.37037037037044,1.1003366917857849,,,,
ridge_medium,1,2,30000,10,100,0.12537521283662964,-0.12533957969051385,0.003003996804849308,0.12533957969051385,1.0,1.0,300.0,1.1114529024128628,,,,
ridge_medium,1,2,30000,11,100,0.13946587558420198,-0.1394288725472145,0.00322865213780982,0.1394288725472145,1.0,1.0,247.93388429752068,1.1222496692688797,,,,
ridge_medium,1,2,30000,12,100,0.15374080204859525,-0.1537014885820294,0.0034940963505183126,0.1537014885820294,1.0,1.0,208.3333333333334,1.1333374667388505,,,,
ridge_medium,1,2,30000,13,100,0.16860918740276037,-0.16857871236470134,0.003221740240963174,0.16857871236470134,1.0,1.0,177.51479289940832,1.1442668427319516,,,,
ridge_medium,1,2,30000,14,100,0.18376409131712973,-0.18373320248710334,0.0033861812828432708,0.18373320248710334,1.0,1.0,153.06122448979593,1.1553119660168905,,,,
ridge_medium,1,2,30000,15,100,0.19900502286743266,-0.19897749485730337,0.003326609396968491,0.19897749485730337,1.0,1.0,133.33333333333334,1.1662836455254064,,,,
ridge_medium,1,2,30000,16,100,0.2146933195063964,-0.21466973399094746,0.0031982869359549297,0.21466973399094746,1.0,1.0,117.1875,1.1771501949136682,,,,
ridge_medium,1,2,30000,17,100,0.23049231538532575,-0.2304687044396241,0.0033156691982151798,0.2304687044396241,1.0,1.0,103.8062283737024,1.188130328155728,,,,
ridge_medium,1,2,30000,18,100,0.24653053387416565,-0.24650859932858554,0.0033051214223007498,0.24650859932858554,1.0,1.0,92.59259259259261,1.1987981420451317,,,,
ridge_medium,1,2,30000,19,100,0.26338916394091444,-0.26336885631417434,0.0032871352019682456,0.26336885631417434,1.0,1.0,83.10249307479228,1.209751183799526,,,,
ridge_medium,1,2,30000,20,100,0.2805182984474117,-0.2804991966886514,0.003290086249275831,0.2804991966886514,1.0,1.0,75.0,1.2205483882294805,,,,
ridge_medium,1,2,30000,21,100,0.2976885550318503,-0.29766460503081804,0.0037950936957787907,0.29766460503081804,1.0,1.0,68.02721088435374,1.231064428059534,,,,
ridge_medium,1,2,30000,22,100,0.315056943697064,-0.31503805689056646,0.0034670865641924747,0.31503805689056646,1.0,1.0,61.98347107438017,1.241732709368584,,,,
ridge_medium,1,2,30000,23,100,0.33310716813808966,-0.33308835384070135,0.0035581746354959396,0.33308835384070135,1.0,1.0,56.71077504725895,1.2525828172720006,,,,
ridge_medium,1,2,30000,24,100,0.3511898379465673,-0.35116886297091826,0.0038575593698031443,0.35116886297091826,1.0,1.0,52.08333333333332,1.2631104037978333,,,,
ridge_medium,1,2,30000,25,100,0.37015379851661145,-0.37013945254518577,0.0032752863744652254,0.37013945254518577,1.0,1.0,48.0,1.2735117525545494,,,,
ridge_medium,1,2,30000,26,100,0.38858571704466977,-0.38856690281382145,0.0038430744208867583,0.38856690281382145,1.0,1.0,44.37869822485208,1.2839308402053908,,,,
ridge_medium,1,2,30000,27,100,0.4083858478453372,-0.4083686033049019,0.003771846151751565,0.4083686033049019,0.9999986666666666,0.9999333333333332,41.15226337448559,1.2945859641546007,,,,
ridge_medium,1,2,30000,28,100,0.4283643277322069,-0.42834732708234624,0.0038355928617490173,0.42834732708234624,0.9999979999999999,0.9999333333333332,38.26530612244898,1.3050599758576737,,,,
ridge_medium,1,2,30000,29,100,0.4481066720688816,-0.4480903844631059,0.0038398369538863485,0.4480903844631059,0.9999966666666665,0.9999333333333332,35.671819262782385,1.315184350346059,,,,
ridge_medium,1,2,30000,30,100,0.4685043288236944,-0.4684883302351265,0.0038912696953371617,0.4684883302351265,0.9999923333333334,0.9999333333333332,33.333333333333336,1.3254928043324714,,,,
ridge_medium,1,2,30000,31,100,0.4897148106074014,-0.4896987044436655,0.003991733179496558,0.4896987044436655,0.9999833333333333,0.9999333333333332,31.21813215400623,1.3355976040761686,,,,
ridge_medium,1,2,30000,32,100,0.5105964432499762,-0.5105799221166193,0.0041281236612628084,0.5105799221166193,0.9999629999999999,0.9998666666666668,29.296875,1.3455587485576583,,,,
ridge_medium,1,2,30000,33,100,0.5328229776358901,-0.532807168215545,0.0041251868532274655,0.532807168215545,0.9999439999999999,0.9997666666666668,27.54871576729866,1.355701715461732,,,,
ridge_medium,1,2,30000,34,100,0.5550450865351962,-0.5550282257587527,0.004348074919962613,0.5550282257587527,0.9999256666666667,0.9997333333333334,25.952905226261628,1.3662854347558244,,,,
ridge_medium,1,2,30000,35,100,0.5776585124326528,-0.5776444775390177,0.004047015932790805,0.5776444775390177,0.9998649999999999,0.9997,24.49159696585093,1.3761011656292166,,,,
ridge_medium,1,2,30000,36,100,0.599789225112572,-0.5997734258054283,0.004375350925044191,0.5997734258054283,0.9997880000000002,0.9994,23.150114400114404,1.3854435026236418,,,,
ridge_medium,1,2,30000,37,100,0.6235806149172466,-0.6235637457660534,0.004609856236945689,0.6235637457660534,0.99971,0.9994,21.916368950164962,1.395219576645091,,,,
ridge_medium,1,2,30000,38,100,0.6476562563696012,-0.6476409645302705,0.004472980271889565,0.6476409645302705,0.9995963333333333,0.9992,20.780374850111023,1.4051019864683858,,,,
ridge_medium,1,2,30000,39,100,0.67093555113428,-0.6709200520002503,0.004583413204998458,0.6709200520002503,0.9994453333333334,0.9989333333333332,19.728668961955883,1.4144003464206611,,,,
ridge_medium,1,2,30000,40,100,0.695146258345193,-0.6951331782481247,0.0042858694275207795,0.6951331782481247,0.9992323333333333,0.9987333333333334,18.757154669456447,1.4236497515109119,,,,
ridge_medium,1,2,100000,1,100,0.12525853906961934,0.1252584366351279,0.0001609993381340731,0.1252584366351279,1.0,1.0,100000.0,1.0063163399691617,0.1252253029066945,0.1252885937800434,0.1252251886754385,0.1252885011065605
ridge_medium,1,2,100000,2,100,0.057802775812204596,0.057793138752088365,0.0010607814814376742,0.057793138752088365,1.0,1.0,25000.0,1.0125319476981016,0.057590228088251066,0.0580098534479876,0.05758073113058772,0.05800121575320134
ridge_medium,1,2,100000,3,100,0.00899129373533344,-0.008851755557316309,0.0015858549580736114,0.008851755557316309,1.0,1.0,11111.111111111108,1.018715640601302,0.008693275066678339,0.009275894059806734,-0.009136645094478249,-0.008563060616873605
ridge_medium,1,2,100000,4,100,0.018374974794607344,-0.018310789150143347,0.0015422335244336064,0.018310789150143347,1.0,1.0,6250.0,1.0247431029233003,0.018066793070723466,0.01867109681607808,-0.018605396768011973,-0.018011113890476552
ridge_medium,1,2,100000,5,100,0.029720611527661065,-0.02968158436682376,0.0015302667138174018,0.02968158436682376,1.0,1.0,4000.0,1.0307596074335057,0.029441143305101357,0.03001820263064366,-0.029976457027714988,-0.029406165537154624
ridge_medium,1,2,100000,6,100,0.03694653684258382,-0.03691378193904801,0.0015632417808740722,0.03691378193904801,1.0,1.0,2777.777777777777,1.036871385323649,0.03663028858622342,0.037246090185838195,-0.03721294448096025,-0.036602320051407726
ridge_medium,1,2,100000,7,100,0.044278523787961606,-0.04424989987295321,0.001599883226387902,0.04424989987295321,1.0,1.0,2040.816326530613,1.0429469084532144,0.04397217518659492,0.04458167689995152,-0.04455348000044743,-0.043946734982480466
ridge_medium,1,2,100000,8,100,0.05120434575036422,-0.05118022429476419,0.0015794337498526497,0.05118022429476419,1.0,1.0,1562.5,1.049007050291739,0.05090876159678739,0.05150691633958169,-0.051483379036462884,-0.05088656305875889
ridge_medium,1,2,100000,9,100,0.05816463597803486,-0.0581429565473122,0.0015959172640871676,0.0581429565473122,1.0,1.0,1234.567901234568,1.0550748821564138,0.057859028215793924,0.058474457322566,-0.05845359626053308,-0.0578399355182451
ridge_medium,1,2,100000,10,100,0.06516423963604923,-0.0651466231156109,0.0015227646233021421,0.0651466231156109,1.0,1.0,1000.0,1.0611454328107008,0.06487158649481256,0.06546285904193033,-0.06544524429995666,-0.0648563998630693
ridge_medium,1,2,100000,11,100,0.07215967098130897,-0.0721417872159827,0.0016145341807619342,0.0721417872159827,1.0,1.0,826.4462809917354,1.0672555595993725,0.07184750408532337,0.07246552932145889,-0.07244747789130779,-0.07183064891599025
ridge_medium,1,2,100000,12,100,0.07922157618322731,-0.07920535103578766,0.0016113549893044328,0.07920535103578766,1.0,1.0,694.4444444444442,1.0733197986392948,0.07891346233469403,0.07953737851499595,-0.07951926139464316,-0.07889767454341702
ridge_medium,1,2,100000,13,100,0.08637181586374376,-0.08635600488289423,0.001660897976058936,0.08635600488289423,1.0,1.0,591.715976331361,1.0793800336063228,0.08605066643370536,0.086686121101095,-0.0866706881520204,-0.08603578928963214
ridge_medium,1,2,100000,14,100,0.09357869308838787,-0.0935642185132989,0.0016541390162862532,0.0935642185132989,1.0,1.0,510.20408163265324,1.0854478539726045,0.09324775980175522,0.09390932605347022,-0.0938932204699343,-0.09323495625375225
ridge_medium,1,2,100000,15,100,0.10090665818849454,-0.10089421331939202,0.0015927187323220898,0.10089421331939202,1.0,1.0,444.44444444444446,1.0914374609583692,0.10060343441577406,0.10121846270526993,-0.10120631101723347,-0.10059053994732614
ridge_medium,1,2,100000,16,100,0.10832298411422106,-0.10831071652071106,0.0016384194711954107,0.10831071652071106,1.0,1.0,390.625,1.0975851023789225,0.10799455313736508,0.1086522057487608,-0.10863962405451157,-0.10798561409671592
ridge_medium,1,2,100000,17,100,0.11581908307833137,-0.11580689400573047,0.001688734464577284,0.11580689400573047,1.0,1.0,346.02076124567463,1.1036555929788758,0.11548866452818052,0.11616566112296903,-0.11615543662276694,-0.11547567787693319
ridge_medium,1,2,100000,18,100,0.12331486613931439,-0.1233046484058998,0.0015954140257601372,0.1233046484058998,1.0,1.0,308.641975308642,1.1096423040143972,0.1229956098331324,0.12361905020110704,-0.1236086009503148,-0.12298708838450223
ridge_medium,1,2,100000,19,100,0.13108751035429014,-0.131075987565243,0.0017468166377851337,0.131075987565243,1.0,1.0,277.00831024930756,1.1156351183978241,0.13075686863498348,0.13143439814605964,-0.13142139690587903,-0.13074587236632812
ridge_medium,1,2,100000,20,100,0.13879188535512993,-0.1387816729592539,0.0016921360185497706,0.1387816729592539,1.0,1.0,250.0,1.1217473807246379,0.13846557304274892,0.13911879259876206,-0.13910838139863155,-0.13845502225864326
ridge_medium,1,2,100000,21,100,0.1465382571181257,-0.1465273492479432,0.0017969451038546671,0.1465273492479432,1.0,1.0,226.7573696145124,1.1277555760043183,0.14619867738680767,0.1468825323198101,-0.14687114701648474,-0.14618775301781756
ridge_medium,1,2,100000,22,100,0.15450413168151075,-0.1544951553641721,0.0016738257327971356,0.1544951553641721,1.0,1.0,206.61157024793386,1.1337423369190454,0.1542001037210837,0.15483015790219515,-0.15482095291685258,-0.1541916124542088
ridge_medium,1,2,100000,23,100,0.16253622912943624,-0.1625264885861275,0.001788370817746197,0.1625264885861275,1.0,1.0,189.03591682419656,1.1397989908218247,0.16218098909050077,0.16289405131759355,-0.16288526268563402,-0.1621703477335258
ridge_medium,1,2,100000,24,100,0.1706372939887126,-0.17062858696745786,0.001732461691973173,0.17062858696745786,1.0,1.0,173.61111111111106,1.1458575103146997,0.17029394119000468,0.1709725888114038,-0.17096313947338734,-0.17028605853611545
ridge_medium,1,2,100000,25,100,0.17884542828635772,-0.17883629769188286,0.0018162695676646407,0.17883629769188286,1.0,1.0,160.0,1.1518438034233283,0.17850259709753233,0.17921316317732547,-0.17920237446999557,-0.17849449492574687
ridge_medium,1,2,100000,26,100,0.1872803451820669,-0.18727296222933937,0.001671299428701245,0.18727296222933937,1.0,1.0,147.92899408284026,1.1578409063947994,0.186958062772988,0.18761406552871848,-0.18760667931151348,-0.18695054711737003
ridge_medium,1,2,100000,27,100,0.1955983296519508,-0.19559087520328972,0.0017162620424452787,0.19559087520328972,1.0,1.0,137.17421124828533,1.1637415204306236,0.1952511845076992,0.19592947542299496,-0.19592118583767595,-0.19524449139872718
ridge_medium,1,2,100000,28,100,0.20404036643375922,-0.2040325069682456,0.0017998974930249045,0.2040325069682456,1.0,1.0,127.55102040816331,1.1698082715223854,0.20368296998363633,0.2043872954663949,-0.20437863812163226,-0.20367593847418836
ridge_medium,1,2,100000,29,100,0.21265928398893852,-0.21264953668261966,0.002046335812561723,0.21264953668261966,1.0,1.0,118.90606420927472,1.1757354620019316,0.21225727823289275,0.21305196001012844,-0.2130416268738595,-0.21224750169339518
ridge_medium,1,2,100000,30,100,0.2212895683812066,-0.22128235994563566,0.0017951256197590258,0.22128235994563566,1.0,1.0,111.11111111111111,1.181667597518143,0.22092469321351366,0.22163389353984927,-0.22162630113553825,-0.22091739644793343
ridge_medium,1,2,100000,31,100,0.23017645321419145,-0.23016895371041474,0.0018674138433834924,0.23016895371041474,1.0,1.0,104.05827263267429,1.1876911800225975,0.22982085987451173,0.2305382399341921,-0.23053020683464323,-0.22981357866620608
ridge_medium,1,2,100000,32,100,0.23896806590956485,-0.23895994740734086,0.0019797101203616043,0.23895994740734086,1.0,1.0,97.65625,1.1936118646338856,0.23859770458444124,0.23936244609874274,-0.23935418122549268,-0.23858889841606035
ridge_medium,1,2,100000,33,100,0.24796245379946003,-0.24795586822098714,0.0018162868732309217,0.24795586822098714,1.0,1.0,91.8273645546373,1.1995283176001026,0.2476230839180995,0.24831229654587847,-0.24830669741847772,-0.24761709565396126
ridge_medium,1,2,100000,34,100,0.25705102122628104,-0.25704338347183403,0.001991529239759347,0.25704338347183403,1.0,1.0,86.50519031141866,1.2055047797602005,0.25666401879613193,0.2574400917155481,-0.2574334510196187,-0.256657731993218
ridge_medium,1,2,100000,35,100,0.26609481019125686,-0.26608819754146973,0.001885387684272596,0.26608819754146973,1.0,1.0,81.63265306122446,1.211271399953141,0.26574540073493197,0.266453243091446,-0.266446985985566,-0.26573782232717835
ridge_medium,1,2,100000,36,100,0.27541540534086506,-0.2754085936581279,0.00194677623321144,0.2754085936581279,1.0,1.0,77.1604938271605,1.217345106420999,0.2750320719317877,0.2758085033663564,-0.27580178841319714,-0.27502636965183447
ridge_medium,1,2,100000,37,100,0.2849286514287241,-0.28492159596462374,0.0020152343932379364,0.28492159596462374,1.0,1.0,73.04601899196494,1.223160299911073,0.28455777293172246,0.2853449375891418,-0.28533785378267473,-0.28454889105403974
ridge_medium,1,2,100000,38,100,0.29430101203821013,-0.29429461436112453,0.001950302942466784,0.29429461436112453,1.0,1.0,69.25207756232689,1.2289193989919889,0.2939158566055471,0.2946903543816688,-0.2946838839407179,-0.2939088837616924
ridge_medium,1,2,100000,39,100,0.30394881103753624,-0.3039421208513469,0.002026816062355705,0.3039421208513469,1.0,1.0,65.74621959237345,1.2349213632515594,0.30354555325518906,0.3043443089102338,-0.3043371933100546,-0.303539743570026
ridge_medium,1,2,100000,40,100,0.31368254817379265,-0.31367560059594396,0.0020982483260932583,0.31367560059594396,1.0,1.0,62.5,1.2407591051625175,0.3132813339017536,0.3140872968595607,-0.31408043448682366,-0.313275172105879
ridge_medium,1,2,300000,1,30,0.12796695517774656,0.12796693817484403,6.709452185313528e-05,0.12796693817484403,1.0,1.0,300000.0,1.0036590598286719,,,,
ridge_medium,1,2,300000,2,30,0.06332210544593182,0.06332032283383926,0.00048325868429455274,0.06332032283383926,1.0,1.0,75000.0,1.0072443260109225,,,,
ridge_medium,1,2,300000,3,30,0.0011072696708214476,-0.0008213636076562032,0.0007552628781486184,0.0009008696258693633,1.0,1.0,33333.33333333334,1.0108227870350905,,,,
ridge_medium,1,2,300000,4,30,0.0075069362101692644,-0.0074554320741781555,0.0008928589402043708,0.0074554320741781555,1.0,1.0,18750.0,1.0143099328991372,,,,
ridge_medium,1,2,300000,5,30,0.01604715824197475,-0.016021620809116573,0.0009204314722066869,0.016021620809116573,1.0,1.0,12000.0,1.0178185722271273,,,,
ridge_medium,1,2,300000,6,30,0.020421369222195337,-0.020401856466127084,0.0009077674269832653,0.020401856466127084,1.0,1.0,8333.333333333336,1.0213131873479593,,,,
ridge_medium,1,2,300000,7,30,0.024805060601334278,-0.024787692306771025,0.0009439507260174996,0.024787692306771025,1.0,1.0,6122.448979591836,1.0248109142650355,,,,
ridge_medium,1,2,300000,8,30,0.02874567360126777,-0.028730231267433314,0.0009582106764351077,0.028730231267433314,1.0,1.0,4687.5,1.0283289405899825,,,,
ridge_medium,1,2,300000,9,30,0.032704758698388826,-0.03269133101435462,0.0009530991353448622,0.03269133101435462,1.0,1.0,3703.703703703705,1.0317910413191385,,,,
ridge_medium,1,2,300000,10,30,0.03662102331439926,-0.03660804346685616,0.000991603780652579,0.03660804346685616,1.0,1.0,3000.0,1.0353678713961008,,,,
ridge_medium,1,2,300000,11,30,0.04036868195826649,-0.0403573713778153,0.000971876173873498,0.0403573713778153,1.0,1.0,2479.338842975207,1.0388382185129859,,,,
ridge_medium,1,2,300000,12,30,0.044289603517202694,-0.04427819760270275,0.0010222676451396146,0.04427819760270275,1.0,1.0,2083.333333333334,1.0424096694272458,,,,
ridge_medium,1,2,300000,13,30,0.04819173682600796,-0.04818199642056479,0.0009854384124424237,0.04818199642056479,1.0,1.0,1775.147928994083,1.0458527486654714,,,,
ridge_medium,1,2,300000,14,30,0.05210915387116958,-0.052100199287836685,0.000982511561885583,0.052100199287836685,1.0,1.0,1530.612244897959,1.0494068281506859,,,,
ridge_medium,1,2,300000,15,30,0.05601196189699019,-0.05600394228505497,0.0009640024764496495,0.05600394228505497,1.0,1.0,1333.3333333333337,1.052849181505921,,,,
ridge_medium,1,2,300000,16,30,0.059950767225898385,-0.059941996958220334,0.0010429525237442526,0.059941996958220334,1.0,1.0,1171.875,1.0563670160869292,,,,
ridge_medium,1,2,300000,17,30,0.06385245818955668,-0.0638440149027241,0.0010561043981646534,0.0638440149027241,1.0,1.0,1038.0622837370242,1.059978363009751,,,,
ridge_medium,1,2,300000,18,30,0.0679579861297392,-0.0679513666485741,0.0009647133221902569,0.0679513666485741,1.0,1.0,925.9259259259262,1.0634401885237266,,,,
ridge_medium,1,2,300000,19,30,0.07201128262393565,-0.07200376087025759,0.0010585834792379886,0.07200376087025759,1.0,1.0,831.0249307479221,1.066927303420472,,,,
ridge_medium,1,2,300000,20,30,0.07613930020642307,-0.07613296790611829,0.0009987407915647813,0.07613296790611829,1.0,1.0,750.0,1.0705182276320178,,,,
ridge_medium,1,2,300000,21,30,0.08012143336133873,-0.08011481829658175,0.0010471504096753053,0.08011481829658175,1.0,1.0,680.2721088435378,1.0739475863764694,,,,
ridge_medium,1,2,300000,22,30,0.08423569846870546,-0.08422994453721448,0.0010013816843224411,0.08422994453721448,1.0,1.0,619.8347107438018,1.0774967667921886,,,,
ridge_medium,1,2,300000,23,30,0.08848616059525492,-0.08848043425776572,0.0010238721868169995,0.08848043425776572,1.0,1.0,567.1077504725897,1.080969651691078,,,,
ridge_medium,1,2,300000,24,30,0.09268541068399747,-0.09267949557056819,0.0010650179436557923,0.09267949557056819,1.0,1.0,520.8333333333335,1.0845448185899291,,,,
ridge_medium,1,2,300000,25,30,0.09687505282640362,-0.09686951989782094,0.0010530619807666399,0.09686951989782094,1.0,1.0,480.0,1.0880145857324146,,,,
ridge_medium,1,2,300000,26,30,0.10108755061777791,-0.10108175452973854,0.001100998492667889,0.10108175452973854,1.0,1.0,443.78698224852076,1.0914502034321847,,,,
ridge_medium,1,2,300000,27,30,0.10531623915098348,-0.10531191444910673,0.0009707288256422407,0.10531191444910673,1.0,1.0,411.52263374485614,1.094909636274907,,,,
ridge_medium,1,2,300000,28,30,0.10959180036467506,-0.10958722532804188,0.0010184938534015667,0.10958722532804188,1.0,1.0,382.65306122448976,1.0984762508429262,,,,
ridge_medium,1,2,300000,29,30,0.11395501918077178,-0.11394895761005092,0.001195446564757226,0.11394895761005092,1.0,1.0,356.7181926278241,1.1020324494666485,,,,
ridge_medium,1,2,300000,30,30,0.11829934470812639,-0.11829449906077376,0.0010890285133115787,0.11829449906077376,1.0,1.0,333.3333333333334,1.1053435559794165,,,,
ridge_medium,1,2,300000,31,30,0.12266233638695119,-0.12265800479312552,0.0010484609780964567,0.12265800479312552,1.0,1.0,312.174817898023,1.1089273433137865,,,,
ridge_medium,1,2,300000,32,30,0.12717484973961618,-0.1271700333170906,0.001125733059568795,0.1271700333170906,1.0,1.0,292.96875,1.1124046831806425,,,,
ridge_medium,1,2,300000,33,30,0.13145522599706339,-0.1314506466383159,0.001115999771790819,0.1314506466383159,1.0,1.0,275.48209366391177,1.1159246289036142,,,,
ridge_medium,1,2,300000,34,30,0.13582280329887347,-0.1358186053711133,0.00108611821145147,0.1358186053711133,1.0,1.0,259.51557093425606,1.1195371545107247,,,,
ridge_medium,1,2,300000,35,30,0.14050821492084362,-0.14050507927107866,0.0009547481721861912,0.14050507927107866,1.0,1.0,244.89795918367338,1.1229320837687473,,,,
ridge_medium,1,2,300000,36,30,0.1450263891655015,-0.14502160375885714,0.0011982735824808057,0.14502160375885714,1.0,1.0,231.48148148148155,1.1264370620756774,,,,
ridge_medium,1,2,300000,37,30,0.14963459095296203,-0.14963129360419017,0.0010103519343697377,0.14963129360419017,1.0,1.0,219.1380569758948,1.129766311863385,,,,
ridge_medium,1,2,300000,38,30,0.15425948865810515,-0.15425575978622508,0.0010909093807734045,0.15425575978622508,1.0,1.0,207.75623268698052,1.1332979659431357,,,,
ridge_medium,1,2,300000,39,30,0.15882229834256664,-0.1588183781712311,0.0011349643204484978,0.1588183781712311,1.0,1.0,197.23865877712038,1.136827866162398,,,,
ridge_medium,1,2,300000,40,30,0.16354201400773102,-0.16353776618557664,0.0011988687497781845,0.16353776618557664,1.0,1.0,187.5,1.1403250093700963,,,,
ridge_medium,1,2,1000000,1,30,0.1296194631392789,0.12961945979900158,2.9929743602933207e-05,0.12961945979900158,1.0,1.0,1000000.0,1.0019994264683796,,,,
ridge_medium,1,2,1000000,2,30,0.06643787018361624,0.06643729706837116,0.00028067551035929224,0.06643729706837116,1.0,1.0,250000.0,1.003962562776126,,,,
ridge_medium,1,2,1000000,3,30,0.004212296378089188,0.004199618140974003,0.000332153236653402,0.004199618140974003,1.0,1.0,111111.1111111111,1.005921305506312,,,,
ridge_medium,1,2,1000000,4,30,0.0009705728650281714,-0.0008999147000496056,0.0003697602470617886,0.000900693461039948,1.0,1.0,62500.0,1.0078229678148038,,,,
ridge_medium,1,2,1000000,5,30,0.007772820751396052,-0.00776563828500093,0.0003397835921748767,0.00776563828500093,1.0,1.0,40000.0,1.0097414628941856,,,,
ridge_medium,1,2,1000000,6,30,0.010468957850451398,-0.010462330097190308,0.0003788286100788695,0.010462330097190308,1.0,1.0,27777.77777777777,1.0116534037810492,,,,
ridge_medium,1,2,1000000,7,30,0.013164057202917901,-0.013159587226282604,0.0003488889886992394,0.013159587226282604,1.0,1.0,20408.16326530613,1.0135908994338183,,,,
ridge_medium,1,2,1000000,8,30,0.015391640592158879,-0.015387172755625267,0.00037716918375666375,0.015387172755625267,1.0,1.0,15625.0,1.0155074645690565,,,,
ridge_medium,1,2,1000000,9,30,0.017555502776261195,-0.01755170772754472,0.0003712517142580057,0.01755170772754472,1.0,1.0,12345.679012345678,1.017428828723402,,,,
ridge_medium,1,2,1000000,10,30,0.019636382915832886,-0.019632773362326997,0.00038292538309414814,0.019632773362326997,1.0,1.0,10000.0,1.0193436495383734,,,,
ridge_medium,1,2,1000000,11,30,0.021710540629579438,-0.021707494715170212,0.00036987549556249054,0.021707494715170212,1.0,1.0,8264.462809917351,1.021272215955217,,,,
ridge_medium,1,2,1000000,12,30,0.023756481465536525,-0.023753426568018245,0.0003874824580843037,0.023753426568018245,1.0,1.0,6944.4444444444425,1.0231966413518465,,,,
ridge_medium,1,2,1000000,13,30,0.02581785821101471,-0.025815148417375214,0.0003804463707045563,0.025815148417375214,1.0,1.0,5917.159763313607,1.025138661047203,,,,
ridge_medium,1,2,1000000,14,30,0.02782997749914441,-0.02782762008577974,0.0003684187521796693,0.02782762008577974,1.0,1.0,5102.040816326533,1.0270544467272835,,,,
ridge_medium,1,2,1000000,15,30,0.029901825200910327,-0.029899521672419313,0.00037749734823074206,0.029899521672419313,1.0,1.0,4444.4444444444425,1.0289784310857781,,,,
ridge_medium,1,2,1000000,16,30,0.03197848946693469,-0.031976147907759385,0.0003935955844311011,0.031976147907759385,1.0,1.0,3906.25,1.0309150610552738,,,,
ridge_medium,1,2,1000000,17,30,0.034030113237819216,-0.0340280144535486,0.0003844019015978581,0.0340280144535486,1.0,1.0,3460.207612456749,1.032811807994051,,,,
ridge_medium,1,2,1000000,18,30,0.036115635214303964,-0.03611360343115353,0.0003896339795004349,0.03611360343115353,1.0,1.0,3086.4197530864194,1.0347704632169659,,,,
ridge_medium,1,2,1000000,19,30,0.038195883356729056,-0.038193887063228,0.0003971837092147705,0.038193887063228,1.0,1.0,2770.0831024930762,1.0366820762029716,,,,
ridge_medium,1,2,1000000,20,30,0.040311594420890495,-0.04030992906009382,0.0003726844712023371,0.04030992906009382,1.0,1.0,2500.0,1.0386123006611885,,,,
ridge_medium,1,2,1000000,21,30,0.04237453761345681,-0.042372723064621434,0.00039884926263862054,0.042372723064621434,1.0,1.0,2267.573696145125,1.0405444421276677,,,,
ridge_medium,1,2,1000000,22,30,0.044466225317232586,-0.044464597362221144,0.00038699823369479566,0.044464597362221144,1.0,1.0,2066.115702479338,1.042458418833376,,,,
ridge_medium,1,2,1000000,23,30,0.04665492508676536,-0.046653569854345024,0.0003616838457059175,0.046653569854345024,1.0,1.0,1890.3591682419656,1.0443830263952851,,,,
ridge_medium,1,2,1000000,24,30,0.04873695702001108,-0.04873517492281366,0.00042390403903030266,0.04873517492281366,1.0,1.0,1736.1111111111106,1.046316608992376,,,,
ridge_medium,1,2,1000000,25,30,0.05089361193086714,-0.050892193659719906,0.0003864424897211016,0.050892193659719906,1.0,1.0,1600.0,1.0482227041126204,,,,
ridge_medium,1,2,1000000,26,30,0.053046983430443034,-0.05304560694291643,0.00038867830060411196,0.05304560694291643,1.0,1.0,1479.2899408284018,1.0501717595554299,,,,
ridge_medium,1,2,1000000,27,30,0.05519423953877619,-0.055192575210580595,0.0004359530442249314,0.055192575210580595,1.0,1.0,1371.7421124828534,1.052120030311895,,,,
ridge_medium,1,2,1000000,28,30,0.05730204287774765,-0.057300709613884164,0.00039757329649804906,0.057300709613884164,1.0,1.0,1275.5102040816332,1.0540255329103139,,,,
ridge_medium,1,2,1000000,29,30,0.059522772227891194,-0.0595213753992989,0.0004147507799476658,0.0595213753992989,1.0,1.0,1189.0606420927465,1.0559197961413924,,,,
ridge_medium,1,2,1000000,30,30,0.06163309122713258,-0.06163161077992771,0.00043448766921840736,0.06163161077992771,1.0,1.0,1111.1111111111106,1.0578849763735492,,,,
ridge_medium,1,2,1000000,31,30,0.06386035435409923,-0.06385891219351238,0.0004365124626701608,0.06385891219351238,1.0,1.0,1040.5827263267427,1.059762484985911,,,,
ridge_medium,1,2,1000000,32,30,0.06605962282452019,-0.06605841862060301,0.0004056885118659844,0.06605841862060301,1.0,1.0,976.5625,1.0617158890090936,,,,
ridge_medium,1,2,1000000,33,30,0.06824361752074104,-0.06824233355965141,0.00042577635031182534,0.06824233355965141,1.0,1.0,918.2736455463731,1.0636586365132936,,,,
ridge_medium,1,2,1000000,34,30,0.07038765434728085,-0.07038661839803581,0.0003884118879849175,0.07038661839803581,1.0,1.0,865.0519031141872,1.0655497941149197,,,,
ridge_medium,1,2,1000000,35,30,0.0726394952801927,-0.07263856348790809,0.00037421500497550054,0.07263856348790809,1.0,1.0,816.3265306122449,1.0674724859258693,,,,
ridge_medium,1,2,1000000,36,30,0.07492136173018211,-0.07492004023485672,0.00045259563163276375,0.07492004023485672,1.0,1.0,771.6049382716049,1.069407427334043,,,,
ridge_medium,1,2,1000000,37,30,0.07713611622179666,-0.07713491355136158,0.0004381039159825747,0.07713491355136158,1.0,1.0,730.4601899196493,1.071337720946808,,,,
ridge_medium,1,2,1000000,38,30,0.07939312319693206,-0.07939195986297513,0.00043713812104675433,0.07939195986297513,1.0,1.0,692.5207756232691,1.0732370783046148,,,,
ridge_medium,1,2,1000000,39,30,0.08161988622504275,-0.08161889880717374,0.00040834176007917836,0.08161889880717374,1.0,1.0,657.4621959237343,1.075213235336742,,,,
ridge_medium,1,2,1000000,40,30,0.08385108592788328,-0.08385016362882364,0.00040000522164643546,0.08385016362882364,1.0,1.0,625.0,1.0771103943707303,,,,
ridge_medium,1,5,1000,1,100,0.03703801875903668,-0.036122990816154485,0.008223172978179554,0.036122990816154485,1.0,1.0,1000.0,1.167229362805168,,,,
ridge_medium,1,5,1000,2,100,1.13933653084837,-1.1389734792661732,0.028905000334723794,1.1389734792661732,1.0,1.0,31.25,2.1083937265172383,,,,
ridge_medium,1,5,1000,3,100,4.88270869695198,-4.88176426871853,0.09651421601225081,4.88176426871853,0.9040600000000001,0.879,4.236315827108649,4.064344155643597,,,,
ridge_medium,1,5,1000,4,100,7.782908622432721,-7.781184134503219,0.16465479681477718,7.781184134503219,0.31583999999999995,0.259,1.6372370655396702,2.3110592950896334,,,,
ridge_medium,1,5,1000,5,100,9.230591337865278,-9.224773649136239,0.3293206488711541,9.224773649136239,0.06562,0.041,1.195695157148053,0.6659663088251214,,,,
ridge_medium,1,5,3000,1,100,0.03747726809440872,0.03728086312672129,0.0038511271270035238,0.03728086312672129,1.0,1.0,3000.0,1.0940077003573416,,,,
ridge_medium,1,5,3000,2,100,0.5463584508076741,-0.5462220728292121,0.012268211493655671,0.5462220728292121,1.0,1.0,93.75,1.5884042391917241,,,,
ridge_medium,1,5,3000,3,100,2.311200058046886,-2.3110362458034293,0.02765550886216398,2.3110362458034293,0.9995033333333335,0.9973333333333332,12.346189164370985,2.919475262806696,,,,
ridge_medium,1,5,3000,4,100,5.5915009922483625,-5.59114543266412,0.06337396713727526,5.59114543266412,0.8069666666666667,0.7926666666666666,3.250318733571581,4.017217133167362,,,,
ridge_medium,1,5,3000,5,100,7.782012359559843,-7.781490668119351,0.09056135993209229,7.781490668119351,0.32705999999999996,0.2936666666666667,1.6469651649119847,2.3718327741169087,,,,
ridge_medium,1,5,10000,1,100,0.08053717698248188,0.08052472334576433,0.001423399826608216,0.08052472334576433,1.0,1.0,10000.0,1.050666795165764,0.08025835800659101,0.08081099948017612,0.08024477098194681,0.08080073536161629
ridge_medium,1,5,10000,2,100,0.23985586867795533,-0.23980920158524957,0.004755068991383412,0.23980920158524957,1.0,1.0,312.5,1.3037012610914216,0.23892860619815945,0.24076056256143602,-0.24071050380766948,-0.23888423043307305
ridge_medium,1,5,10000,3,100,1.005285332180731,-1.0052449675234412,0.009053955356313256,1.0052449675234412,1.0,1.0,41.15226337448559,1.9456457967312895,1.0034528619986227,1.0070925870175667,-1.0070566179876046,-1.0034096687433802
ridge_medium,1,5,10000,4,100,2.692524963502787,-2.6924751722545968,0.016457041668146332,2.6924751722545968,0.9916800000000001,0.989,9.803951926647251,3.128970585921666,2.6894368466862506,2.6956792086272863,-2.6956366671295906,-2.6893896531504033
ridge_medium,1,5,10000,6,100,7.264389421367307,-7.264241552872903,0.04658354922602749,7.264241552872903,0.455535,0.4366,1.904352561530149,3.0034400231622413,7.255571632430518,7.273807458392477,-7.273673693546748,-7.255441971442204
ridge_medium,1,5,30000,1,100,0.1024972639057701,0.10249530133701666,0.000637476086485405,0.10249530133701666,1.0,1.0,30000.0,1.0290339473060157,,,,
ridge_medium,1,5,30000,2,100,0.10129804146135464,-0.1012714715969659,0.0023316540475009327,0.1012714715969659,1.0,1.0,937.5,1.169756538978181,,,,
ridge_medium,1,5,30000,3,100,0.5122498976580921,-0.5122330384009599,0.004176899101916417,0.5122330384009599,1.0,1.0,123.4567901234568,1.5046846965243668,,,,
ridge_medium,1,5,30000,4,100,1.2511359796198918,-1.251121071547584,0.006138455457642644,1.251121071547584,0.9999963333333333,0.9999333333333332,29.296875,2.138684598684681,,,,
ridge_medium,1,5,30000,5,100,2.734629381704007,-2.734612957666472,0.009525459848475951,2.734612957666472,0.9908306666666664,0.9887333333333334,9.63089225105676,3.137961323658562,,,,
ridge_medium,1,5,30000,6,100,4.804923954885214,-4.804898339239622,0.01576858538176086,4.804898339239622,0.8868166666666666,0.8812,4.136154263056785,3.9276042489140224,,,,
ridge_medium,1,5,100000,1,100,0.11572456693494185,0.11572430027481204,0.00024968300097636553,0.11572430027481204,1.0,1.0,100000.0,1.0158639669573406,0.11567971519252492,0.11577398190506696,0.11567946309377043,0.11577366477678089
ridge_medium,1,5,100000,2,100,0.021016211733023607,-0.020988684243584434,0.0010807261543033673,0.020988684243584434,1.0,1.0,3125.0,1.0909432099604701,0.02079716526873309,0.02122862064626251,-0.02119814967751984,-0.020770323112818474
ridge_medium,1,5,100000,3,100,0.2561962203856264,-0.256189788480009,0.0018245293979412692,0.256189788480009,1.0,1.0,411.52263374485597,1.2615226093563081,0.2558367801100285,0.2565460200077653,-0.25653984981318495,-0.2558311588962046
ridge_medium,1,5,100000,4,100,0.5882464981994355,-0.5882427675166183,0.0021055742008450236,0.5882427675166183,1.0,1.0,97.65625,1.5697926893622307,0.5878417479210652,0.5886672755405005,-0.5886634642170036,-0.5878371399630398
ridge_medium,1,5,100000,5,100,1.1834310404779496,-1.1834275728820847,0.0028792726950949755,1.1834275728820847,0.9999993,0.99998,32.0,2.0790473468349915,1.1828528289194264,1.1839988382984745,-1.1839956582713005,-1.1828498920444355
ridge_medium,1,5,100000,6,100,2.2138619970878515,-2.2138576318473535,0.004418517169676622,2.2138576318473535,0.9965199,0.99608,12.88213408385139,2.817639962349054,2.213039222454522,2.2147809810027836,-2.2147762930944137,-2.2130353532624865
ridge_medium,1,5,100000,7,100,3.7016292544026124,-3.701622594415528,0.007057166405029272,3.701622594415528,0.9556940000000002,0.95363,6.113447827674206,3.5973276768200733,3.700167023759962,3.7029652972011777,-3.7029585788960913,-3.7001605449815202
ridge_medium,1,5,300000,1,30,0.12246003714301311,0.12245996140983127,0.0001385213942705718,0.12245996140983127,1.0,1.0,300000.0,1.009175487126107,,,,
ridge_medium,1,5,300000,2,30,0.018125072120559034,0.01811656144140657,0.0005648688421524844,0.01811656144140657,1.0,1.0,9375.0,1.0519201066538328,,,,
ridge_medium,1,5,300000,3,30,0.1379704685911444,-0.13796639032372984,0.0010789574950219017,0.13796639032372984,1.0,1.0,1234.5679012345674,1.1463878348993666,,,,
ridge_medium,1,5,300000,4,30,0.3114365901279597,-0.31143483253280585,0.0010641926487733639,0.31143483253280585,1.0,1.0,292.96875,1.3109673743730572,,,,
ridge_medium,1,5,300000,5,30,0.5975958990071873,-0.5975944788179811,0.0013251141033094997,0.5975944788179811,1.0,1.0,96.0,1.5734045845341214,,,,
ridge_medium,1,5,300000,6,30,1.0469801770557892,-1.0469789873621325,0.001605326243135239,1.0469789873621325,0.9999994444444444,0.9999933333333332,38.58041231656807,1.9634078934980685,,,,
ridge_medium,1,5,300000,7,30,1.7603420097158629,-1.76034101550177,0.0019028959816806315,1.76034101550177,0.9993543333333332,0.9992166666666666,17.852715269371497,2.5082999677064293,,,,
ridge_medium,1,5,300000,8,30,2.7882833599469024,-2.7882817117776977,0.0030835139196828177,2.7882817117776977,0.9860718888888886,0.98552,9.22606771178502,3.1543625119275083,,,,
ridge_medium,1,5,1000000,1,30,0.12661266820650913,0.12661265891828757,4.932663410357974e-05,0.12661265891828757,1.0,1.0,1000000.0,1.0050104659400625,,,,
ridge_medium,1,5,1000000,2,30,0.042087422821029126,0.04208642058884224,0.00029541624957151185,0.04208642058884224,1.0,1.0,31250.0,1.0282245438847537,,,,
ridge_medium,1,5,1000000,3,30,0.06916207109288144,-0.0691601973883478,0.0005177954544427338,0.0691601973883478,1.0,1.0,4115.226337448561,1.078739464540477,,,,
ridge_medium,1,5,1000000,4,30,0.15913139280162172,-0.1591308609023384,0.0004184744024544987,0.1591308609023384,1.0,1.0,976.5625,1.1641336644321714,,,,
ridge_medium,1,5,1000000,5,30,0.300323822046339,-0.3003234607473706,0.00047381057280691525,0.3003234607473706,1.0,1.0,320.0,1.2956973175864606,,,,
ridge_medium,1,5,1000000,6,30,0.5033736125706811,-0.5033731360817678,0.0007044467119101023,0.5033731360817678,1.0,1.0,128.60082304526753,1.4854938771197674,,,,
ridge_medium,1,5,1000000,7,30,0.7973082022672332,-0.7973079937547547,0.0005864834199576661,0.7973079937547547,1.0,1.0,59.49901826619861,1.7488958337165887,,,,
ridge_medium,1,5,1000000,8,30,1.219519614227835,-1.2195191742182803,0.0010536637414408924,1.2195191742182803,0.999983,0.99997,30.517795440232682,2.1014259300035243,,,,
ridge_medium,1,5,1000000,9,30,1.8231624134535718,-1.823162015830017,0.0012246876370224868,1.823162015830017,0.9988491666666667,0.998757,16.94224180169492,2.547973907137451,,,,
ridge_medium,1,5,1000000,10,30,2.618246572378068,-2.618246203093607,0.001414367927432235,2.618246203093607,0.9888556666666667,0.988595,10.06183029887441,3.0548726686254954,,,,
