family,n,d,phase,rep,ell,true_entropy,error,legacy_error,eval_seconds,estimate,legacy_estimate,coverage,occupied_cells,min_cell_size,mean_cell_size,singleton_cells,boundary_fraction,integrated_mass,small_cell_point_fraction,n_valid,total_cells,config_id,replicate,seed_namespace,truth,seed_sequence,skipped_point_fraction,degenerate,squared_error,zero_valid,ties,status,failure,elapsed_s
ridge_medium,100000,2,evaluation,0,1,-0.131623132177013,0.1248889216244812,0.1260124200933919,0.0231811249977909,-0.0067342105525317,-0.0056107120836211,1.0,1.0,100000.0,100000.0,0.0,0.01269,1.0063192289246286,0.0,100000.0,1.0,,,,,,,,,,,,,
ridge_medium,100000,2,evaluation,0,2,-0.131623132177013,0.0562689310234631,0.0578156004556845,0.0233291669865138,-0.0753542011535499,-0.0738075317213285,1.0,4.0,17799.0,25000.0,0.0,0.02469,1.012467673340271,0.0,100000.0,4.0,,,,,,,,,,,,,
ridge_medium,100000,2,evaluation,0,3,-0.131623132177013,-0.0100195400120789,-0.0075279968519005,0.0225897500058636,-0.141642672189092,-0.1391511290289136,1.0,9.0,8397.0,11111.111111111111,0.0,0.03687,1.0188960819403308,0.0,100000.0,9.0,,,,,,,,,,,,,
ridge_medium,100000,2,evaluation,0,4,-0.131623132177013,-0.0200031472665076,-0.0163049149118988,0.0234427500108722,-0.1516262794435207,-0.1479280470889119,1.0,16.0,2666.0,6250.0,0.0,0.04917,1.0247774602782675,0.0,100000.0,16.0,,,,,,,,,,,,,
ridge_medium,100000,2,evaluation,0,5,-0.131623132177013,-0.0315641774270046,-0.0271408085070435,0.0221952910069376,-0.1631873096040177,-0.1587639406840566,1.0,25.0,1991.0,4000.0,0.0,0.06072,1.031023567006757,0.0,100000.0,25.0,,,,,,,,,,,,,
ridge_medium,100000,2,evaluation,0,6,-0.131623132177013,-0.0386923874502828,-0.033817997396718,0.021345833025407,-0.1703155196272958,-0.1654411295737311,1.0,36.0,968.0,2777.777777777778,0.0,0.07161,1.0373287841547691,0.0,100000.0,36.0,,,,,,,,,,,,,
ridge_medium,100000,2,evaluation,0,7,-0.131623132177013,-0.0457228259360898,-0.0395110889573827,0.0214222079957835,-0.1773459581131029,-0.1711342211343958,1.0,49.0,798.0,2040.8163265306123,0.0,0.08364,1.042549404207257,0.0,100000.0,49.0,,,,,,,,,,,,,
ridge_medium,100000,2,evaluation,1,1,-0.131623132177013,0.1251079522019568,0.1260647271603162,0.0231024999811779,-0.0065151799750562,-0.0055584050166968,1.0,1.0,100000.0,100000.0,0.0,0.01253,1.0063076213141924,0.0,100000.0,1.0,,,,,,,,,,,,,
ridge_medium,100000,2,evaluation,1,2,-0.131623132177013,0.0589757568251141,0.0608613125808764,0.0229053340153768,-0.0726473753518989,-0.0707618195961366,1.0,4.0,17934.0,25000.0,0.0,0.02494,1.012588126711636,0.0,100000.0,4.0,,,,,,,,,,,,,
ridge_medium,100000,2,evaluation,1,3,-0.131623132177013,-0.0078368808277441,-0.0047011657235971,0.0221792499942239,-0.1394600130047572,-0.1363242979006102,1.0,9.0,8375.0,11111.111111111111,0.0,0.03718,1.0187219905429978,0.0,100000.0,9.0,,,,,,,,,,,,,
ridge_medium,100000,2,evaluation,1,4,-0.131623132177013,-0.0172189504555993,-0.0137591659032928,0.0235852909972891,-0.1488420826326124,-0.1453822980803059,1.0,16.0,2655.0,6250.0,0.0,0.04882,1.0250356451602864,0.0,100000.0,16.0,,,,,,,,,,,,,
ridge_medium,100000,2,evaluation,1,5,-0.131623132177013,-0.0297617155511535,-0.0247547366463384,0.0218371669761836,-0.1613848477281665,-0.1563778688233515,1.0,25.0,1961.0,4000.0,0.0,0.06098,1.0309934603757438,0.0,100000.0,25.0,,,,,,,,,,,,,
ridge_medium,100000,2,evaluation,1,6,-0.131623132177013,-0.0358584892551069,-0.030449631720585,0.020663749979576,-0.16748162143212,-0.1620727638975981,1.0,36.0,1016.0,2777.777777777778,0.0,0.07228,1.0369940899192769,0.0,100000.0,36.0,,,,,,,,,,,,,
ridge_medium,100000,2,evaluation,1,7,-0.131623132177013,-0.0431717504540943,-0.0371652891913543,0.0212778749992139,-0.1747948826311074,-0.1687884213683674,1.0,49.0,799.0,2040.8163265306123,0.0,0.08327,1.0430276198026311,0.0,100000.0,49.0,,,,,,,,,,,,,
ridge_medium,100000,2,evaluation,2,1,-0.131623132177013,0.1248936454685204,0.1260210154777419,0.0232415829959791,-0.0067294867084926,-0.005602116699271,1.0,1.0,100000.0,100000.0,0.0,0.01263,1.00631153931284,0.0,100000.0,1.0,,,,,,,,,,,,,
ridge_medium,100000,2,evaluation,2,2,-0.131623132177013,0.0572807918841044,0.0593743314986095,0.0233784170122817,-0.0743423402929086,-0.0722488006784034,1.0,4.0,17815.0,25000.0,0.0,0.02487,1.0124643851249857,0.0,100000.0,4.0,,,,,,,,,,,,,
ridge_medium,100000,2,evaluation,2,3,-0.131623132177013,-0.0081803380723769,-0.0055789948994142,0.0225920419907197,-0.13980347024939,-0.1372021270764273,1.0,9.0,8339.0,11111.111111111111,0.0,0.03656,1.0186814067003491,0.0,100000.0,9.0,,,,,,,,,,,,,
ridge_medium,100000,2,evaluation,2,4,-0.131623132177013,-0.0183852697734076,-0.0146276059261949,0.0240277920092921,-0.1500084019504207,-0.146250738103208,1.0,16.0,2658.0,6250.0,0.0,0.04864,1.0244979551473317,0.0,100000.0,16.0,,,,,,,,,,,,,
ridge_medium,100000,2,evaluation,2,5,-0.131623132177013,-0.0302619347396922,-0.0256916950146057,0.022321374999592,-0.1618850669167053,-0.1573148271916188,1.0,25.0,1926.0,4000.0,0.0,0.06036,1.0306398633241909,0.0,100000.0,25.0,,,,,,,,,,,,,
ridge_medium,100000,2,evaluation,2,6,-0.131623132177013,-0.0363485496551329,-0.0310036315843413,0.0211963329929858,-0.1679716818321459,-0.1626267637613544,1.0,36.0,972.0,2777.777777777778,0.0,0.07175,1.0369319460468354,0.0,100000.0,36.0,,,,,,,,,,,,,
ridge_medium,100000,2,evaluation,2,7,-0.131623132177013,-0.0441446967198012,-0.0381079122424883,0.0215477920137345,-0.1757678288968143,-0.1697310444195014,1.0,49.0,774.0,2040.8163265306123,0.0,0.08363,1.0428771568992556,0.0,100000.0,49.0,,,,,,,,,,,,,
ridge_medium,100000,2,evaluation,3,1,-0.131623132177013,0.1251511809295142,0.1261906214889735,0.0230102500063367,-0.0064719512474988,-0.0054325106880395,1.0,1.0,100000.0,100000.0,0.0,0.01268,1.0061909031489606,0.0,100000.0,1.0,,,,,,,,,,,,,
ridge_medium,100000,2,evaluation,3,2,-0.131623132177013,0.0559043118545422,0.0579232270560952,0.0231366659863851,-0.0757188203224708,-0.0736999051209178,1.0,4.0,17830.0,25000.0,0.0,0.02495,1.012355696329467,0.0,100000.0,4.0,,,,,,,,,,,,,
ridge_medium,100000,2,evaluation,3,3,-0.131623132177013,-0.010024299532734,-0.007357516778593,0.0225372079876251,-0.1416474317097471,-0.1389806489556061,1.0,9.0,8364.0,11111.111111111111,0.0,0.03715,1.0185970186631714,0.0,100000.0,9.0,,,,,,,,,,,,,
ridge_medium,100000,2,evaluation,3,4,-0.131623132177013,-0.0195926356858618,-0.0161183336882655,0.0242899579752702,-0.1512157678628749,-0.1477414658652786,1.0,16.0,2643.0,6250.0,0.0,0.04855,1.0248299941595256,0.0,100000.0,16.0,,,,,,,,,,,,,
ridge_medium,100000,2,evaluation,3,5,-0.131623132177013,-0.0308427374970101,-0.0260980969141993,0.0238207079819403,-0.1624658696740231,-0.1577212290912124,1.0,25.0,1931.0,4000.0,0.0,0.06072,1.0305503287842714,0.0,100000.0,25.0,,,,,,,,,,,,,
ridge_medium,100000,2,evaluation,3,6,-0.131623132177013,-0.0383612313655147,-0.032721586072489,0.0217837910167872,-0.1699843635425278,-0.1643447182495021,1.0,36.0,974.0,2777.777777777778,0.0,0.07187,1.0366905453192692,0.0,100000.0,36.0,,,,,,,,,,,,,
ridge_medium,100000,2,evaluation,3,7,-0.131623132177013,-0.0451430633028393,-0.0389570687363694,0.0220049580093473,-0.1767661954798524,-0.1705802009133825,1.0,49.0,775.0,2040.8163265306123,0.0,0.08352,1.0428746213900413,0.0,100000.0,49.0,,,,,,,,,,,,,
ridge_medium,100000,2,evaluation,4,1,-0.131623132177013,0.1251332860226235,0.126084187338241,0.0238828750152606,-0.0064898461543895,-0.005538944838772,1.0,1.0,100000.0,100000.0,0.0,0.01262,1.0063828912969437,0.0,100000.0,1.0,,,,,,,,,,,,,
ridge_medium,100000,2,evaluation,4,2,-0.131623132177013,0.0580065647937075,0.0597014235111162,0.0238390419981442,-0.0736165673833055,-0.0719217086658968,1.0,4.0,17839.0,25000.0,0.0,0.02514,1.0126057857630677,0.0,100000.0,4.0,,,,,,,,,,,,,
ridge_medium,100000,2,evaluation,4,3,-0.131623132177013,-0.0092424841043498,-0.0069045813720651,0.0248554160061758,-0.1408656162813628,-0.1385277135490782,1.0,9.0,8301.0,11111.111111111111,0.0,0.03691,1.0187779409062092,0.0,100000.0,9.0,,,,,,,,,,,,,
ridge_medium,100000,2,evaluation,4,4,-0.131623132177013,-0.0179437146310969,-0.0146283950378734,0.0265600830025505,-0.14956684680811,-0.1462515272148865,1.0,16.0,2622.0,6250.0,0.0,0.0489,1.0248228214725374,0.0,100000.0,16.0,,,,,,,,,,,,,
ridge_medium,100000,2,evaluation,4,5,-0.131623132177013,-0.0300522834917695,-0.0257347450280601,0.0233676659991033,-0.1616754156687826,-0.1573578772050732,1.0,25.0,1965.0,4000.0,0.0,0.06079,1.0309371431615997,0.0,100000.0,25.0,,,,,,,,,,,,,
ridge_medium,100000,2,evaluation,4,6,-0.131623132177013,-0.0366717772950988,-0.0316581526578385,0.022237249999307,-0.1682949094721119,-0.1632812848348516,1.0,36.0,903.0,2777.777777777778,0.0,0.07218,1.0370165394690194,0.0,100000.0,36.0,,,,,,,,,,,,,
ridge_medium,100000,2,evaluation,4,7,-0.131623132177013,-0.0440312690924216,-0.0377007294173963,0.0212958750198595,-0.1756544012694347,-0.1693238615944094,1.0,49.0,771.0,2040.8163265306123,0.0,0.08371,1.042681276065571,0.0,100000.0,49.0,,,,,,,,,,,,,
ridge_medium,100000,2,evaluation,5,1,-0.131623132177013,0.1251346551719092,0.1262561905686762,0.0227641660021618,-0.0064884770051038,-0.0053669416083368,1.0,1.0,100000.0,100000.0,0.0,0.01261,1.0061715304508123,0.0,100000.0,1.0,,,,,,,,,,,,,
ridge_medium,100000,2,evaluation,5,2,-0.131623132177013,0.0586331596334058,0.0604818277732508,0.0229614999843761,-0.0729899725436072,-0.0711413044037622,1.0,4.0,17796.0,25000.0,0.0,0.02475,1.0122882123880477,0.0,100000.0,4.0,,,,,,,,,,,,,
ridge_medium,100000,2,evaluation,5,3,-0.131623132177013,-0.0063332676596121,-0.0033724457339623,0.0219819170015398,-0.1379563998366252,-0.1349955779109754,1.0,9.0,8389.0,11111.111111111111,0.0,0.03714,1.01848127981772,0.0,100000.0,9.0,,,,,,,,,,,,,
ridge_medium,100000,2,evaluation,5,4,-0.131623132177013,-0.016057336798658,-0.0121190069570745,0.023300917004235,-0.1476804689756711,-0.1437421391340876,1.0,16.0,2645.0,6250.0,0.0,0.04872,1.0243352681547584,0.0,100000.0,16.0,,,,,,,,,,,,,
ridge_medium,100000,2,evaluation,5,5,-0.131623132177013,-0.0274470123443595,-0.0232829663309871,0.0246621249825693,-0.1590701445213725,-0.1549060985080002,1.0,25.0,1972.0,4000.0,0.0,0.06016,1.0308540167930067,0.0,100000.0,25.0,,,,,,,,,,,,,
ridge_medium,100000,2,evaluation,5,6,-0.131623132177013,-0.0346526224212033,-0.0288797119015139,0.0231849169940687,-0.1662757545982164,-0.160502844078527,1.0,36.0,975.0,2777.777777777778,0.0,0.07241,1.0364029544507338,0.0,100000.0,36.0,,,,,,,,,,,,,
ridge_medium,100000,2,evaluation,5,7,-0.131623132177013,-0.0420733871255738,-0.0354283412715697,0.0225092500040773,-0.1736965193025869,-0.1670514734485828,1.0,49.0,809.0,2040.8163265306123,0.0,0.08382,1.0424670971143497,0.0,100000.0,49.0,,,,,,,,,,,,,
ridge_medium,100000,2,evaluation,6,1,-0.131623132177013,0.1253097118024881,0.1262333026282185,0.023083415988367,-0.0063134203745249,-0.0053898295487945,1.0,1.0,100000.0,100000.0,0.0,0.01235,1.006063407259001,0.0,100000.0,1.0,,,,,,,,,,,,,
ridge_medium,100000,2,evaluation,6,2,-0.131623132177013,0.0572143473188181,0.0588423540443976,0.0233242080139461,-0.0744087848581949,-0.0727807781326154,1.0,4.0,17797.0,25000.0,0.0,0.02496,1.0122461792754571,0.0,100000.0,4.0,,,,,,,,,,,,,
ridge_medium,100000,2,evaluation,6,3,-0.131623132177013,-0.0096328412676504,-0.0068974983517845,0.0225966250000055,-0.1412559734446635,-0.1385206305287976,1.0,9.0,8368.0,11111.111111111111,0.0,0.03706,1.0185886973738605,0.0,100000.0,9.0,,,,,,,,,,,,,
ridge_medium,100000,2,evaluation,6,4,-0.131623132177013,-0.0190583904933274,-0.0156259327883535,0.0238355830078944,-0.1506815226703405,-0.1472490649653666,1.0,16.0,2635.0,6250.0,0.0,0.04887,1.0246057947374323,0.0,100000.0,16.0,,,,,,,,,,,,,
ridge_medium,100000,2,evaluation,6,5,-0.131623132177013,-0.0301379751458936,-0.0259000381321038,0.0221992500009946,-0.1617611073229067,-0.1575231703091169,1.0,25.0,1925.0,4000.0,0.0,0.05997,1.030618410941545,0.0,100000.0,25.0,,,,,,,,,,,,,
ridge_medium,100000,2,evaluation,6,6,-0.131623132177013,-0.037486784177537,-0.0319815980491918,0.0210089579923078,-0.16910991635455,-0.1636047302262049,1.0,36.0,944.0,2777.777777777778,0.0,0.07268,1.0368495293462714,0.0,100000.0,36.0,,,,,,,,,,,,,
ridge_medium,100000,2,evaluation,6,7,-0.131623132177013,-0.0450332776674103,-0.0383543177415778,0.0213392499717883,-0.1766564098444234,-0.1699774499185908,1.0,49.0,795.0,2040.8163265306123,0.0,0.08369,1.0428440214211336,0.0,100000.0,49.0,,,,,,,,,,,,,
ridge_medium,100000,2,evaluation,7,1,-0.131623132177013,0.125361428169842,0.1261460278089506,0.0227965420053806,-0.006261704007171,-0.0054771043680624,1.0,1.0,100000.0,100000.0,0.0,0.01258,1.006351908397343,0.0,100000.0,1.0,,,,,,,,,,,,,
ridge_medium,100000,2,evaluation,7,2,-0.131623132177013,0.0601155566634384,0.0617769631346779,0.023242790979566,-0.0715075755135746,-0.0698461690423351,1.0,4.0,17875.0,25000.0,0.0,0.02507,1.0126879048127342,0.0,100000.0,4.0,,,,,,,,,,,,,
ridge_medium,100000,2,evaluation,7,3,-0.131623132177013,-0.0068017983528196,-0.0040342207003599,0.0220818749803584,-0.1384249305298327,-0.135657352877373,1.0,9.0,8268.0,11111.111111111111,0.0,0.03679,1.0187669317500967,0.0,100000.0,9.0,,,,,,,,,,,,,
ridge_medium,100000,2,evaluation,7,4,-0.131623132177013,-0.0168235784767681,-0.0131773808104674,0.0234646250028163,-0.1484467106537812,-0.1448005129874805,1.0,16.0,2640.0,6250.0,0.0,0.0486,1.024610959162519,0.0,100000.0,16.0,,,,,,,,,,,,,
ridge_medium,100000,2,evaluation,7,5,-0.131623132177013,-0.0286403901269221,-0.0235150335078478,0.0220367080182768,-0.1602635223039352,-0.1551381656848609,1.0,25.0,1938.0,4000.0,0.0,0.06083,1.0303412331644215,0.0,100000.0,25.0,,,,,,,,,,,,,
ridge_medium,100000,2,evaluation,7,6,-0.131623132177013,-0.035698848093696,-0.0301167463893982,0.0208932079840451,-0.167321980270709,-0.1617398785664113,1.0,36.0,947.0,2777.777777777778,0.0,0.07214,1.0373565678979637,0.0,100000.0,36.0,,,,,,,,,,,,,
ridge_medium,100000,2,evaluation,7,7,-0.131623132177013,-0.04331438421194,-0.0366317342943081,0.0214090420049615,-0.174937516388953,-0.1682548664713212,1.0,49.0,792.0,2040.8163265306123,0.0,0.08455,1.042912456273432,0.0,100000.0,49.0,,,,,,,,,,,,,
ridge_medium,100000,2,evaluation,8,1,-0.131623132177013,0.1252063014717905,0.1263428601922099,0.0232686250237748,-0.0064168307052225,-0.0052802719848031,1.0,1.0,100000.0,100000.0,0.0,0.01275,1.0062962554126853,0.0,100000.0,1.0,,,,,,,,,,,,,
ridge_medium,100000,2,evaluation,8,2,-0.131623132177013,0.0554543196794514,0.0572936253876326,0.0231361659825779,-0.0761688124975616,-0.0743295067893804,1.0,4.0,17655.0,25000.0,0.0,0.02481,1.0125134050521951,0.0,100000.0,4.0,,,,,,,,,,,,,
ridge_medium,100000,2,evaluation,8,3,-0.131623132177013,-0.0108489038731237,-0.0082887006362897,0.0223032500070985,-0.1424720360501367,-0.1399118328133028,1.0,9.0,8273.0,11111.111111111111,0.0,0.03705,1.0186130177859412,0.0,100000.0,9.0,,,,,,,,,,,,,
ridge_medium,100000,2,evaluation,8,4,-0.131623132177013,-0.0201214946230016,-0.0166118607829759,0.0240036660106852,-0.1517446268000147,-0.148234992959989,1.0,16.0,2616.0,6250.0,0.0,0.04853,1.0245823483770962,0.0,100000.0,16.0,,,,,,,,,,,,,
ridge_medium,100000,2,evaluation,8,5,-0.131623132177013,-0.0311322490206326,-0.0265033951076939,0.0220330829906743,-0.1627553811976457,-0.158126527284707,1.0,25.0,1950.0,4000.0,0.0,0.06046,1.030312011424983,0.0,100000.0,25.0,,,,,,,,,,,,,
ridge_medium,100000,2,evaluation,8,6,-0.131623132177013,-0.0393509685113774,-0.0338212697635082,0.0209937500185333,-0.1709741006883905,-0.1654444019405213,1.0,36.0,976.0,2777.777777777778,0.0,0.07205,1.0369421014653766,0.0,100000.0,36.0,,,,,,,,,,,,,
ridge_medium,100000,2,evaluation,8,7,-0.131623132177013,-0.0468665335632072,-0.0405617245781179,0.0216496250068303,-0.1784896657402203,-0.172184856755131,1.0,49.0,778.0,2040.8163265306123,0.0,0.08366,1.0430555457455142,0.0,100000.0,49.0,,,,,,,,,,,,,
ridge_medium,100000,2,evaluation,9,1,-0.131623132177013,0.1254199649704184,0.1262584544603039,0.023072999989381,-0.0062031672065946,-0.0053646777167091,1.0,1.0,100000.0,100000.0,0.0,0.01228,1.006141935915229,0.0,100000.0,1.0,,,,,,,,,,,,,
ridge_medium,100000,2,evaluation,9,2,-0.131623132177013,0.0571235930430448,0.0588739292091354,0.0232284160156268,-0.0744995391339682,-0.0727492029678776,1.0,4.0,17888.0,25000.0,0.0,0.02481,1.012471102071309,0.0,100000.0,4.0,,,,,,,,,,,,,
ridge_medium,100000,2,evaluation,9,3,-0.131623132177013,-0.0097911516328973,-0.0071977771658592,0.0221967500110622,-0.1414142838099104,-0.1388209093428723,1.0,9.0,8323.0,11111.111111111111,0.0,0.03682,1.018690177524723,0.0,100000.0,9.0,,,,,,,,,,,,,
ridge_medium,100000,2,evaluation,9,4,-0.131623132177013,-0.0190058771697981,-0.0157343912341765,0.0233521669870242,-0.1506290093468112,-0.1473575234111896,1.0,16.0,2645.0,6250.0,0.0,0.0483,1.0244884263877472,0.0,100000.0,16.0,,,,,,,,,,,,,
ridge_medium,100000,2,evaluation,9,5,-0.131623132177013,-0.0310768442738501,-0.0262926565062002,0.0220090830116532,-0.1626999764508632,-0.1579157886832133,1.0,25.0,1972.0,4000.0,0.0,0.06068,1.0306339299529417,0.0,100000.0,25.0,,,,,,,,,,,,,
ridge_medium,100000,2,evaluation,9,6,-0.131623132177013,-0.0376426989055102,-0.0326161503239376,0.0209992500022053,-0.1692658310825233,-0.1642392825009507,1.0,36.0,964.0,2777.777777777778,0.0,0.07156,1.0365236354149885,0.0,100000.0,36.0,,,,,,,,,,,,,
ridge_medium,100000,2,evaluation,9,7,-0.131623132177013,-0.0454155959243318,-0.0390531221071714,0.0215740420098882,-0.1770387281013449,-0.1706762542841845,1.0,49.0,735.0,2040.8163265306123,0.0,0.08455,1.0431746973120402,0.0,100000.0,49.0,,,,,,,,,,,,,
ridge_medium,100000,2,evaluation,10,1,-0.131623132177013,0.1251907973244249,0.1260943791818677,0.0233898329897783,-0.0064323348525881,-0.0055287529951453,1.0,1.0,100000.0,100000.0,0.0,0.01262,1.0063463480497106,0.0,100000.0,1.0,,,,,,,,,,,,,
ridge_medium,100000,2,evaluation,10,2,-0.131623132177013,0.056525118707618,0.0582595058446075,0.0234944580006413,-0.075098013469395,-0.0733636263324055,1.0,4.0,17775.0,25000.0,0.0,0.02454,1.0123397365637885,0.0,100000.0,4.0,,,,,,,,,,,,,
ridge_medium,100000,2,evaluation,10,3,-0.131623132177013,-0.0091007345915896,-0.0064485748926441,0.0222612079815007,-0.1407238667686027,-0.1380717070696572,1.0,9.0,8392.0,11111.111111111111,0.0,0.03714,1.0186099632918748,0.0,100000.0,9.0,,,,,,,,,,,,,
ridge_medium,100000,2,evaluation,10,4,-0.131623132177013,-0.0194916879323344,-0.0158602006016058,0.0234257919946685,-0.1511148201093475,-0.1474833327786189,1.0,16.0,2663.0,6250.0,0.0,0.04895,1.024688260786115,0.0,100000.0,16.0,,,,,,,,,,,,,
ridge_medium,100000,2,evaluation,10,5,-0.131623132177013,-0.0303868964152927,-0.0262163977087712,0.0222194999805651,-0.1620100285923058,-0.1578395298857843,1.0,25.0,1899.0,4000.0,0.0,0.05991,1.0307009542469276,0.0,100000.0,25.0,,,,,,,,,,,,,
ridge_medium,100000,2,evaluation,10,6,-0.131623132177013,-0.0378828970726698,-0.0326681354876103,0.0209249170147813,-0.1695060292496829,-0.1642912676646233,1.0,36.0,968.0,2777.777777777778,0.0,0.07255,1.0367842339560895,0.0,100000.0,36.0,,,,,,,,,,,,,
ridge_medium,100000,2,evaluation,10,7,-0.131623132177013,-0.0456706394247511,-0.0388238481904992,0.021379749989137,-0.1772937716017642,-0.1704469803675123,1.0,49.0,799.0,2040.8163265306123,0.0,0.08422,1.0425374921231845,0.0,100000.0,49.0,,,,,,,,,,,,,
ridge_medium,100000,2,evaluation,11,1,-0.131623132177013,0.1254215564059007,0.1262627098580332,0.023035082995193,-0.0062015757711123,-0.0053604223189798,1.0,1.0,100000.0,100000.0,0.0,0.01251,1.0062314747147394,0.0,100000.0,1.0,,,,,,,,,,,,,
ridge_medium,100000,2,evaluation,11,2,-0.131623132177013,0.0580208822530906,0.0595759890028732,0.0230830000073183,-0.0736022499239224,-0.0720471431741398,1.0,4.0,17890.0,25000.0,0.0,0.02503,1.0127009910166496,0.0,100000.0,4.0,,,,,,,,,,,,,
ridge_medium,100000,2,evaluation,11,3,-0.131623132177013,-0.0069306379675451,-0.0042250825529167,0.0221389170037582,-0.1385537701445582,-0.1358482147299298,1.0,9.0,8357.0,11111.111111111111,0.0,0.03681,1.0183535067142473,0.0,100000.0,9.0,,,,,,,,,,,,,
ridge_medium,100000,2,evaluation,11,4,-0.131623132177013,-0.0167212025101937,-0.0134261110677383,0.0235968329943716,-0.1483443346872067,-0.1450492432447513,1.0,16.0,2664.0,6250.0,0.0,0.04872,1.0248794668894323,0.0,100000.0,16.0,,,,,,,,,,,,,
ridge_medium,100000,2,evaluation,11,5,-0.131623132177013,-0.0277884897353143,-0.0229957922294982,0.0221280420082621,-0.1594116219123274,-0.1546189244065113,1.0,25.0,1948.0,4000.0,0.0,0.0608,1.0306914663841098,0.0,100000.0,25.0,,,,,,,,,,,,,
ridge_medium,100000,2,evaluation,11,6,-0.131623132177013,-0.0355247976099085,-0.0295846645673324,0.0208856250101234,-0.1671479297869216,-0.1612077967443455,1.0,36.0,975.0,2777.777777777778,0.0,0.07258,1.036663419662203,0.0,100000.0,36.0,,,,,,,,,,,,,
ridge_medium,100000,2,evaluation,11,7,-0.131623132177013,-0.0423419033726286,-0.0356069791312213,0.0216106660082004,-0.1739650355496417,-0.1672301113082344,1.0,49.0,817.0,2040.8163265306123,0.0,0.08384,1.0425598637575224,0.0,100000.0,49.0,,,,,,,,,,,,,
ridge_medium,100000,2,evaluation,12,1,-0.131623132177013,0.1250631201196209,0.1261261747670773,0.0235134579997975,-0.0065600120573921,-0.0054969574099357,1.0,1.0,100000.0,100000.0,0.0,0.01264,1.0062321597162878,0.0,100000.0,1.0,,,,,,,,,,,,,
ridge_medium,100000,2,evaluation,12,2,-0.131623132177013,0.0574115826371072,0.0594820833832929,0.0234597910020966,-0.0742115495399058,-0.0721410487937201,1.0,4.0,17860.0,25000.0,0.0,0.02528,1.0124562246224502,0.0,100000.0,4.0,,,,,,,,,,,,,
ridge_medium,100000,2,evaluation,12,3,-0.131623132177013,-0.0068852550770809,-0.0041560883684083,0.022353500011377,-0.138508387254094,-0.1357792205454214,1.0,9.0,8322.0,11111.111111111111,0.0,0.03725,1.018685204883442,0.0,100000.0,9.0,,,,,,,,,,,,,
ridge_medium,100000,2,evaluation,12,4,-0.131623132177013,-0.0182302498861274,-0.0141558807828152,0.0235879589745309,-0.1498533820631405,-0.1457790129598283,1.0,16.0,2658.0,6250.0,0.0,0.0493,1.0246089348667655,0.0,100000.0,16.0,,,,,,,,,,,,,
ridge_medium,100000,2,evaluation,12,5,-0.131623132177013,-0.0286617207688357,-0.0238882902095765,0.0219375000160653,-0.1602848529458488,-0.1555114223865895,1.0,25.0,1986.0,4000.0,0.0,0.06077,1.0305692548366965,0.0,100000.0,25.0,,,,,,,,,,,,,
ridge_medium,100000,2,evaluation,12,6,-0.131623132177013,-0.0363126060418208,-0.0306805024699843,0.0210076660150662,-0.1679357382188339,-0.1623036346469974,1.0,36.0,919.0,2777.777777777778,0.0,0.07263,1.036680759374866,0.0,100000.0,36.0,,,,,,,,,,,,,
ridge_medium,100000,2,evaluation,12,7,-0.131623132177013,-0.0427256766224446,-0.0361350835540351,0.0213274160050787,-0.1743488087994577,-0.1677582157310482,1.0,49.0,812.0,2040.8163265306123,0.0,0.08408,1.042862310681856,0.0,100000.0,49.0,,,,,,,,,,,,,
ridge_medium,100000,2,evaluation,13,1,-0.131623132177013,0.1252305910407021,0.1260929734597393,0.0232592920074239,-0.0063925411363109,-0.0055301587172737,1.0,1.0,100000.0,100000.0,0.0,0.01277,1.0065008219252138,0.0,100000.0,1.0,,,,,,,,,,,,,
ridge_medium,100000,2,evaluation,13,2,-0.131623132177013,0.0578066133306835,0.0594059122555531,0.0231017920013982,-0.0738165188463295,-0.0722172199214598,1.0,4.0,17810.0,25000.0,0.0,0.02469,1.0126675485542462,0.0,100000.0,4.0,,,,,,,,,,,,,
ridge_medium,100000,2,evaluation,13,3,-0.131623132177013,-0.0101148827396901,-0.007700102116409,0.0219436670013237,-0.1417380149167032,-0.1393232342934221,1.0,9.0,8296.0,11111.111111111111,0.0,0.03652,1.018539189491752,0.0,100000.0,9.0,,,,,,,,,,,,,
ridge_medium,100000,2,evaluation,13,4,-0.131623132177013,-0.0198059979404326,-0.0160716019291805,0.0234935409971512,-0.1514291301174457,-0.1476947341061936,1.0,16.0,2637.0,6250.0,0.0,0.04842,1.0245503819539854,0.0,100000.0,16.0,,,,,,,,,,,,,
ridge_medium,100000,2,evaluation,13,5,-0.131623132177013,-0.0312626022904042,-0.0264957819891197,0.0226853330095764,-0.1628857344674173,-0.1581189141661328,1.0,25.0,1960.0,4000.0,0.0,0.06112,1.030669188353411,0.0,100000.0,25.0,,,,,,,,,,,,,
ridge_medium,100000,2,evaluation,13,6,-0.131623132177013,-0.0385114658183516,-0.0330082227754026,0.0216042080137413,-0.1701345979953646,-0.1646313549524157,1.0,36.0,954.0,2777.777777777778,0.0,0.07232,1.0368448205911938,0.0,100000.0,36.0,,,,,,,,,,,,,
ridge_medium,100000,2,evaluation,13,7,-0.131623132177013,-0.0454909812768207,-0.0395710908529114,0.0216125000151805,-0.1771141134538338,-0.1711942230299245,1.0,49.0,803.0,2040.8163265306123,0.0,0.08319,1.043057081841027,0.0,100000.0,49.0,,,,,,,,,,,,,
ridge_medium,100000,2,evaluation,14,1,-0.131623132177013,0.1255332538589371,0.1262658051216753,0.0232967500051017,-0.0060898783180758,-0.0053573270553377,1.0,1.0,100000.0,100000.0,0.0,0.01252,1.0062726313254302,0.0,100000.0,1.0,,,,,,,,,,,,,
ridge_medium,100000,2,evaluation,14,2,-0.131623132177013,0.0572866517844868,0.0589239949749084,0.0232375420164316,-0.0743364803925261,-0.0726991372021046,1.0,4.0,17887.0,25000.0,0.0,0.025,1.0126541344568003,0.0,100000.0,4.0,,,,,,,,,,,,,
ridge_medium,100000,2,evaluation,14,3,-0.131623132177013,-0.0081250423908468,-0.0055643704377681,0.022323207987938,-0.1397481745678599,-0.1371875026147812,1.0,9.0,8325.0,11111.111111111111,0.0,0.03686,1.0185509349824982,0.0,100000.0,9.0,,,,,,,,,,,,,
ridge_medium,100000,2,evaluation,14,4,-0.131623132177013,-0.0167910110954705,-0.0137836958145777,0.0236075420107226,-0.1484141432724836,-0.1454068279915908,1.0,16.0,2680.0,6250.0,0.0,0.04852,1.0248108731418937,0.0,100000.0,16.0,,,,,,,,,,,,,
ridge_medium,100000,2,evaluation,14,5,-0.131623132177013,-0.0279584025920781,-0.0236868677275347,0.0220280830108094,-0.1595815347690912,-0.1553099999045478,1.0,25.0,1899.0,4000.0,0.0,0.06045,1.03053309671215,0.0,100000.0,25.0,,,,,,,,,,,,,
ridge_medium,100000,2,evaluation,14,6,-0.131623132177013,-0.0352202627176607,-0.0305238808802537,0.0208960419986397,-0.1668433948946738,-0.1621470130572668,1.0,36.0,949.0,2777.777777777778,0.0,0.07238,1.0368833537583753,0.0,100000.0,36.0,,,,,,,,,,,,,
ridge_medium,100000,2,evaluation,14,7,-0.131623132177013,-0.0420913573498409,-0.0364934586670625,0.021408541011624,-0.1737144895268539,-0.1681165908440756,1.0,49.0,803.0,2040.8163265306123,0.0,0.08406,1.0431259552490997,0.0,100000.0,49.0,,,,,,,,,,,,,
ridge_medium,100000,2,evaluation,15,1,-0.131623132177013,0.1253061952674168,0.1262331634737305,0.0230016670248005,-0.0063169369095962,-0.0053899687032825,1.0,1.0,100000.0,100000.0,0.0,0.01257,1.006235330700526,0.0,100000.0,1.0,,,,,,,,,,,,,
ridge_medium,100000,2,evaluation,15,2,-0.131623132177013,0.0565069353698057,0.0583538928242679,0.0227467080112546,-0.0751161968072073,-0.0732692393527451,1.0,4.0,17773.0,25000.0,0.0,0.02477,1.0124157412858446,0.0,100000.0,4.0,,,,,,,,,,,,,
ridge_medium,100000,2,evaluation,15,3,-0.131623132177013,-0.011352569799291,-0.0087814820164701,0.0222110839968081,-0.1429757019763041,-0.1404046141934831,1.0,9.0,8270.0,11111.111111111111,0.0,0.03696,1.0186484632433186,0.0,100000.0,9.0,,,,,,,,,,,,,
ridge_medium,100000,2,evaluation,15,4,-0.131623132177013,-0.0209725382672729,-0.0172227737813693,0.023352791002253,-0.1525956704442859,-0.1488459059583823,1.0,16.0,2662.0,6250.0,0.0,0.04925,1.02462025333997,0.0,100000.0,16.0,,,,,,,,,,,,,
ridge_medium,100000,2,evaluation,15,5,-0.131623132177013,-0.0318892754747067,-0.0278582335757805,0.0222943340195342,-0.1635124076517198,-0.1594813657527936,1.0,25.0,1941.0,4000.0,0.0,0.06099,1.0309967859711708,0.0,100000.0,25.0,,,,,,,,,,,,,
ridge_medium,100000,2,evaluation,15,6,-0.131623132177013,-0.0390959227936523,-0.0339404767257491,0.0209585409902501,-0.1707190549706654,-0.1655636089027622,1.0,36.0,960.0,2777.777777777778,0.0,0.07207,1.0369554634587628,0.0,100000.0,36.0,,,,,,,,,,,,,
ridge_medium,100000,2,evaluation,15,7,-0.131623132177013,-0.046588661451976,-0.0401922752661706,0.021553375001531,-0.1782117936289891,-0.1718154074431837,1.0,49.0,780.0,2040.8163265306123,0.0,0.08365,1.0423487385920889,0.0,100000.0,49.0,,,,,,,,,,,,,
ridge_medium,100000,2,evaluation,16,1,-0.131623132177013,0.1251017407067215,0.1261047130751623,0.0230788750050123,-0.0065213914702915,-0.0055184191018507,1.0,1.0,100000.0,100000.0,0.0,0.0127,1.006310563703373,0.0,100000.0,1.0,,,,,,,,,,,,,
ridge_medium,100000,2,evaluation,16,2,-0.131623132177013,0.0594411608581388,0.0611139806636409,0.0234921659866813,-0.0721819713188742,-0.0705091515133721,1.0,4.0,17953.0,25000.0,0.0,0.02489,1.012453188222319,0.0,100000.0,4.0,,,,,,,,,,,,,
ridge_medium,100000,2,evaluation,16,3,-0.131623132177013,-0.0080663169730936,-0.0051208943115607,0.0222115840006154,-0.1396894491501067,-0.1367440264885738,1.0,9.0,8253.0,11111.111111111111,0.0,0.03722,1.0186855483989723,0.0,100000.0,9.0,,,,,,,,,,,,,
ridge_medium,100000,2,evaluation,16,4,-0.131623132177013,-0.0167693897109289,-0.0131524284925239,0.0236203749955166,-0.148392521887942,-0.144775560669537,1.0,16.0,2673.0,6250.0,0.0,0.04926,1.0245766249614698,0.0,100000.0,16.0,,,,,,,,,,,,,
ridge_medium,100000,2,evaluation,16,5,-0.131623132177013,-0.0281591487065915,-0.0237832055270223,0.0220190830004867,-0.1597822808836046,-0.1554063377040354,1.0,25.0,1985.0,4000.0,0.0,0.06101,1.0309844304401108,0.0,100000.0,25.0,,,,,,,,,,,,,
ridge_medium,100000,2,evaluation,16,6,-0.131623132177013,-0.035261039508802,-0.0298329971637562,0.0209216669900342,-0.1668841716858151,-0.1614561293407692,1.0,36.0,958.0,2777.777777777778,0.0,0.07238,1.0367066217701255,0.0,100000.0,36.0,,,,,,,,,,,,,
ridge_medium,100000,2,evaluation,16,7,-0.131623132177013,-0.0418102417335729,-0.0358771457177034,0.0214166670048143,-0.173433373910586,-0.1675002778947165,1.0,49.0,807.0,2040.8163265306123,0.0,0.08336,1.0428581091913915,0.0,100000.0,49.0,,,,,,,,,,,,,
ridge_medium,100000,2,evaluation,17,1,-0.131623132177013,0.1252180760440149,0.1260160579781693,0.0264760830032173,-0.0064050561329981,-0.0056070741988437,1.0,1.0,100000.0,100000.0,0.0,0.01266,1.0063751291899492,0.0,100000.0,1.0,,,,,,,,,,,,,
ridge_medium,100000,2,evaluation,17,2,-0.131623132177013,0.0589530069058048,0.0605801379590592,0.0245230830041691,-0.0726701252712082,-0.0710429942179538,1.0,4.0,17853.0,25000.0,0.0,0.02512,1.0127545541940148,0.0,100000.0,4.0,,,,,,,,,,,,,
ridge_medium,100000,2,evaluation,17,3,-0.131623132177013,-0.0070133033301789,-0.0044886088267196,0.0217212080024182,-0.1386364355071919,-0.1361117410037327,1.0,9.0,8389.0,11111.111111111111,0.0,0.03716,1.018569764158786,0.0,100000.0,9.0,,,,,,,,,,,,,
ridge_medium,100000,2,evaluation,17,4,-0.131623132177013,-0.0165887531985085,-0.0132242091701829,0.023452499997802,-0.1482118853755216,-0.1448473413471959,1.0,16.0,2638.0,6250.0,0.0,0.04858,1.0246255907307638,0.0,100000.0,16.0,,,,,,,,,,,,,
ridge_medium,100000,2,evaluation,17,5,-0.131623132177013,-0.0280021963766074,-0.0235486167121196,0.0219262920145411,-0.1596253285536205,-0.1551717488891327,1.0,25.0,1953.0,4000.0,0.0,0.06077,1.0308716356607752,0.0,100000.0,25.0,,,,,,,,,,,,,
ridge_medium,100000,2,evaluation,17,6,-0.131623132177013,-0.0349751465976921,-0.0299860394092672,0.0211677080078516,-0.1665982787747052,-0.1616091715862803,1.0,36.0,987.0,2777.777777777778,0.0,0.0719,1.0370307748991838,0.0,100000.0,36.0,,,,,,,,,,,,,
ridge_medium,100000,2,evaluation,17,7,-0.131623132177013,-0.0430870844335175,-0.0368886067502908,0.0219441249791998,-0.1747102166105306,-0.1685117389273039,1.0,49.0,795.0,2040.8163265306123,0.0,0.08374,1.042812057252544,0.0,100000.0,49.0,,,,,,,,,,,,,
ridge_medium,100000,2,evaluation,18,1,-0.131623132177013,0.1254244554346851,0.1262305622392345,0.023425083985785,-0.0061986767423279,-0.0053925699377785,1.0,1.0,100000.0,100000.0,0.0,0.01263,1.0064641845350155,0.0,100000.0,1.0,,,,,,,,,,,,,
ridge_medium,100000,2,evaluation,18,2,-0.131623132177013,0.0570144868528026,0.0587478739745796,0.0230509169923607,-0.0746086453242104,-0.0728752582024333,1.0,4.0,17724.0,25000.0,0.0,0.02493,1.0127659092255947,0.0,100000.0,4.0,,,,,,,,,,,,,
ridge_medium,100000,2,evaluation,18,3,-0.131623132177013,-0.0094545669616849,-0.0068763808704099,0.0226677079917863,-0.141077699138698,-0.138499513047423,1.0,9.0,8309.0,11111.111111111111,0.0,0.03703,1.018979385336775,0.0,100000.0,9.0,,,,,,,,,,,,,
ridge_medium,100000,2,evaluation,18,4,-0.131623132177013,-0.0184556309900957,-0.0153176395570559,0.0232242080091964,-0.1500787631671088,-0.146940771734069,1.0,16.0,2657.0,6250.0,0.0,0.04863,1.024919979251827,0.0,100000.0,16.0,,,,,,,,,,,,,
ridge_medium,100000,2,evaluation,18,5,-0.131623132177013,-0.0298477591159146,-0.0252382374462564,0.0220132920076139,-0.1614708912929277,-0.1568613696232695,1.0,25.0,1947.0,4000.0,0.0,0.06079,1.0308367300560946,0.0,100000.0,25.0,,,,,,,,,,,,,
ridge_medium,100000,2,evaluation,18,6,-0.131623132177013,-0.0368065567786534,-0.0318186183453746,0.0208908750209957,-0.1684296889556665,-0.1634417505223877,1.0,36.0,951.0,2777.777777777778,0.0,0.07206,1.03736433242602,0.0,100000.0,36.0,,,,,,,,,,,,,
ridge_medium,100000,2,evaluation,18,7,-0.131623132177013,-0.0442795772450882,-0.0384248988904037,0.0213497079967055,-0.1759027094221013,-0.1700480310674167,1.0,49.0,796.0,2040.8163265306123,0.0,0.08373,1.0433586835081394,0.0,100000.0,49.0,,,,,,,,,,,,,
ridge_medium,100000,2,evaluation,19,1,-0.131623132177013,0.1253148537628756,0.1261474388151656,0.0230737919919192,-0.0063082784141374,-0.0054756933618473,1.0,1.0,100000.0,100000.0,0.0,0.01263,1.006421968999206,0.0,100000.0,1.0,,,,,,,,,,,,,
ridge_medium,100000,2,evaluation,19,2,-0.131623132177013,0.0566278569576321,0.0581168899007507,0.0232494160009082,-0.0749952752193809,-0.0735062422762623,1.0,4.0,17712.0,25000.0,0.0,0.02494,1.0126622508743144,0.0,100000.0,4.0,,,,,,,,,,,,,
ridge_medium,100000,2,evaluation,19,3,-0.131623132177013,-0.0097622332300168,-0.0069400527714476,0.0222784999932628,-0.1413853654070299,-0.1385631849484606,1.0,9.0,8220.0,11111.111111111111,0.0,0.0367,1.0185364318107042,0.0,100000.0,9.0,,,,,,,,,,,,,
ridge_medium,100000,2,evaluation,19,4,-0.131623132177013,-0.0197108926657435,-0.0158818416218536,0.023625208006706,-0.1513340248427566,-0.1475049737988666,1.0,16.0,2626.0,6250.0,0.0,0.0487,1.0248789344103575,0.0,100000.0,16.0,,,,,,,,,,,,,
ridge_medium,100000,2,evaluation,19,5,-0.131623132177013,-0.0306294296336858,-0.0260244946783829,0.022125916002551,-0.1622525618106989,-0.157647626855396,1.0,25.0,1914.0,4000.0,0.0,0.06087,1.030790809476022,0.0,100000.0,25.0,,,,,,,,,,,,,
ridge_medium,100000,2,evaluation,19,6,-0.131623132177013,-0.0373880775082988,-0.0319599758833357,0.021259708009893,-0.1690112096853119,-0.1635831080603488,1.0,36.0,979.0,2777.777777777778,0.0,0.0716,1.0364787861497944,0.0,100000.0,36.0,,,,,,,,,,,,,
ridge_medium,100000,2,evaluation,19,7,-0.131623132177013,-0.045002487626796,-0.039091873932845,0.0218146669794805,-0.1766256198038091,-0.1707150061098581,1.0,49.0,805.0,2040.8163265306123,0.0,0.08389,1.0434401319944562,0.0,100000.0,49.0,,,,,,,,,,,,,
ridge_medium,100000,2,evaluation,20,1,-0.131623132177013,0.1252427002504934,0.1261503444216253,0.023286250012461,-0.0063804319265196,-0.0054727877553877,1.0,1.0,100000.0,100000.0,0.0,0.0126,1.0063630021990513,0.0,100000.0,1.0,,,,,,,,,,,,,
ridge_medium,100000,2,evaluation,20,2,-0.131623132177013,0.0598195489590319,0.0616169081075974,0.0231191659986507,-0.0718035832179811,-0.0700062240694156,1.0,4.0,18045.0,25000.0,0.0,0.02508,1.0125536834813484,0.0,100000.0,4.0,,,,,,,,,,,,,
ridge_medium,100000,2,evaluation,20,3,-0.131623132177013,-0.0075262295271666,-0.0046258396756261,0.0224965829984284,-0.1391493617041797,-0.1362489718526392,1.0,9.0,8300.0,11111.111111111111,0.0,0.03691,1.018604393187715,0.0,100000.0,9.0,,,,,,,,,,,,,
ridge_medium,100000,2,evaluation,20,4,-0.131623132177013,-0.0160061612329332,-0.0124475112685315,0.023417792021064,-0.1476292934099463,-0.1440706434455446,1.0,16.0,2676.0,6250.0,0.0,0.04864,1.0248742866278493,0.0,100000.0,16.0,,,,,,,,,,,,,
ridge_medium,100000,2,evaluation,20,5,-0.131623132177013,-0.0279149953674716,-0.0232190037280236,0.0221476249862462,-0.1595381275444847,-0.1548421359050367,1.0,25.0,1988.0,4000.0,0.0,0.0608,1.0308433083393675,0.0,100000.0,25.0,,,,,,,,,,,,,
ridge_medium,100000,2,evaluation,20,6,-0.131623132177013,-0.0344995018323728,-0.0291834550424594,0.0209494169976096,-0.1661226340093859,-0.1608065872194725,1.0,36.0,971.0,2777.777777777778,0.0,0.0725,1.036836289001174,0.0,100000.0,36.0,,,,,,,,,,,,,
ridge_medium,100000,2,evaluation,20,7,-0.131623132177013,-0.0417849992259436,-0.0350063094459263,0.0213070409954525,-0.1734081314029567,-0.1666294416229394,1.0,49.0,814.0,2040.8163265306123,0.0,0.08401,1.0423417313186265,0.0,100000.0,49.0,,,,,,,,,,,,,
ridge_medium,100000,2,evaluation,21,1,-0.131623132177013,0.1253778638175703,0.1261515499687706,0.0229669169930275,-0.0062452683594427,-0.0054715822082424,1.0,1.0,100000.0,100000.0,0.0,0.01256,1.006431240778128,0.0,100000.0,1.0,,,,,,,,,,,,,
ridge_medium,100000,2,evaluation,21,2,-0.131623132177013,0.0574715906151901,0.0593059945496602,0.0232394580089021,-0.0741515415618228,-0.0723171376273528,1.0,4.0,17810.0,25000.0,0.0,0.02471,1.0124969673405266,0.0,100000.0,4.0,,,,,,,,,,,,,
ridge_medium,100000,2,evaluation,21,3,-0.131623132177013,-0.0103532682237796,-0.0077880097049713,0.0223037920077331,-0.1419764004007927,-0.1394111418819844,1.0,9.0,8284.0,11111.111111111111,0.0,0.03677,1.018871552865282,0.0,100000.0,9.0,,,,,,,,,,,,,
ridge_medium,100000,2,evaluation,21,4,-0.131623132177013,-0.0184763395030252,-0.0149185748996581,0.0236647500132676,-0.1500994716800383,-0.1465417070766712,1.0,16.0,2646.0,6250.0,0.0,0.04869,1.0245118920358791,0.0,100000.0,16.0,,,,,,,,,,,,,
ridge_medium,100000,2,evaluation,21,5,-0.131623132177013,-0.030517314383823,-0.0262460424667536,0.021921542007476,-0.1621404465608361,-0.1578691746437667,1.0,25.0,1924.0,4000.0,0.0,0.06057,1.030800091918471,0.0,100000.0,25.0,,,,,,,,,,,,,
ridge_medium,100000,2,evaluation,21,6,-0.131623132177013,-0.0378109645358961,-0.0322967211880737,0.021145125007024,-0.1694340967129092,-0.1639198533650868,1.0,36.0,978.0,2777.777777777778,0.0,0.07217,1.0366163592136446,0.0,100000.0,36.0,,,,,,,,,,,,,
ridge_medium,100000,2,evaluation,21,7,-0.131623132177013,-0.0457163200451961,-0.0396510032321744,0.0219273340189829,-0.1773394522222091,-0.1712741354091874,1.0,49.0,787.0,2040.8163265306123,0.0,0.08396,1.0433342609047451,0.0,100000.0,49.0,,,,,,,,,,,,,
ridge_medium,100000,2,evaluation,22,1,-0.131623132177013,0.1252308124959228,0.1260898883107178,0.0234176669910084,-0.0063923196810902,-0.0055332438662952,1.0,1.0,100000.0,100000.0,0.0,0.01236,1.0062254923303695,0.0,100000.0,1.0,,,,,,,,,,,,,
ridge_medium,100000,2,evaluation,22,2,-0.131623132177013,0.057495302868726,0.0593296621587274,0.0230646249838173,-0.074127829308287,-0.0722934700182856,1.0,4.0,17902.0,25000.0,0.0,0.02466,1.012291644735079,0.0,100000.0,4.0,,,,,,,,,,,,,
ridge_medium,100000,2,evaluation,22,3,-0.131623132177013,-0.0098095425605465,-0.0070434569718797,0.0223982079769484,-0.1414326747375596,-0.1386665891488928,1.0,9.0,8321.0,11111.111111111111,0.0,0.03692,1.018533389454872,0.0,100000.0,9.0,,,,,,,,,,,,,
ridge_medium,100000,2,evaluation,22,4,-0.131623132177013,-0.0188919092800251,-0.0155854744504825,0.0235874579811934,-0.1505150414570382,-0.1472086066274956,1.0,16.0,2570.0,6250.0,0.0,0.04882,1.024753378813252,0.0,100000.0,16.0,,,,,,,,,,,,,
ridge_medium,100000,2,evaluation,22,5,-0.131623132177013,-0.0309632145426572,-0.0260229376289851,0.0221097500179894,-0.1625863467196703,-0.1576460698059981,1.0,25.0,1921.0,4000.0,0.0,0.05971,1.0303885203895002,0.0,100000.0,25.0,,,,,,,,,,,,,
ridge_medium,100000,2,evaluation,22,6,-0.131623132177013,-0.0377897121160153,-0.0321860722300564,0.0208968329825438,-0.1694128442930284,-0.1638092044070695,1.0,36.0,926.0,2777.777777777778,0.0,0.07182,1.0361718735326402,0.0,100000.0,36.0,,,,,,,,,,,,,
ridge_medium,100000,2,evaluation,22,7,-0.131623132177013,-0.0456822558428239,-0.0389183517601633,0.0218476250011008,-0.177305388019837,-0.1705414839371764,1.0,49.0,797.0,2040.8163265306123,0.0,0.08309,1.0426765859902385,0.0,100000.0,49.0,,,,,,,,,,,,,
ridge_medium,100000,2,evaluation,23,1,-0.131623132177013,0.1250751900751195,0.1260514330084797,0.0229350839799735,-0.0065479421018935,-0.0055716991685333,1.0,1.0,100000.0,100000.0,0.0,0.01275,1.0063795268261415,0.0,100000.0,1.0,,,,,,,,,,,,,
ridge_medium,100000,2,evaluation,23,2,-0.131623132177013,0.0574227196233071,0.0591035599000753,0.0230940410110633,-0.0742004125537059,-0.0725195722769377,1.0,4.0,17764.0,25000.0,0.0,0.02526,1.0126821910489108,0.0,100000.0,4.0,,,,,,,,,,,,,
ridge_medium,100000,2,evaluation,23,3,-0.131623132177013,-0.010071045977567,-0.0073346258068892,0.021762165997643,-0.1416941781545801,-0.1389577579839023,1.0,9.0,8336.0,11111.111111111111,0.0,0.03732,1.0187683824258025,0.0,100000.0,9.0,,,,,,,,,,,,,
ridge_medium,100000,2,evaluation,23,4,-0.131623132177013,-0.0188220620893546,-0.0152300946855656,0.0236514580028597,-0.1504451942663676,-0.1468532268625787,1.0,16.0,2678.0,6250.0,0.0,0.04854,1.0246915493056852,0.0,100000.0,16.0,,,,,,,,,,,,,
ridge_medium,100000,2,evaluation,23,5,-0.131623132177013,-0.0308109638695525,-0.0260013590300975,0.0221770829812157,-0.1624340960465655,-0.1576244912071106,1.0,25.0,1909.0,4000.0,0.0,0.06022,1.03034529490938,0.0,100000.0,25.0,,,,,,,,,,,,,
ridge_medium,100000,2,evaluation,23,6,-0.131623132177013,-0.0378088803470617,-0.0324206689731261,0.020918874972267,-0.1694320125240748,-0.1640438011501392,1.0,36.0,966.0,2777.777777777778,0.0,0.07247,1.0368084844704026,0.0,100000.0,36.0,,,,,,,,,,,,,
ridge_medium,100000,2,evaluation,23,7,-0.131623132177013,-0.0454766613962945,-0.0390720023581606,0.0217540409939829,-0.1770997935733076,-0.1706951345351736,1.0,49.0,810.0,2040.8163265306123,0.0,0.08422,1.043064494854947,0.0,100000.0,49.0,,,,,,,,,,,,,
ridge_medium,100000,2,evaluation,24,1,-0.131623132177013,0.1255432959733513,0.1262289763189967,0.0230717500089667,-0.0060798362036617,-0.0053941558580163,1.0,1.0,100000.0,100000.0,0.0,0.01247,1.0063054983992197,0.0,100000.0,1.0,,,,,,,,,,,,,
ridge_medium,100000,2,evaluation,24,2,-0.131623132177013,0.0569836356752626,0.0585582905767802,0.023226874996908,-0.0746394965017504,-0.0730648416002328,1.0,4.0,17776.0,25000.0,0.0,0.02478,1.0126069484846372,0.0,100000.0,4.0,,,,,,,,,,,,,
ridge_medium,100000,2,evaluation,24,3,-0.131623132177013,-0.0091485430560498,-0.0066223658269614,0.0221011249814182,-0.1407716752330629,-0.1382454980039745,1.0,9.0,8333.0,11111.111111111111,0.0,0.03728,1.018806116713964,0.0,100000.0,9.0,,,,,,,,,,,,,
ridge_medium,100000,2,evaluation,24,4,-0.131623132177013,-0.01800614121454,-0.0151736487173745,0.0234383750066626,-0.1496292733915531,-0.1467967808943876,1.0,16.0,2616.0,6250.0,0.0,0.04844,1.024801267908533,0.0,100000.0,16.0,,,,,,,,,,,,,
ridge_medium,100000,2,evaluation,24,5,-0.131623132177013,-0.0299721735785339,-0.0256842359269769,0.0221166659903246,-0.161595305755547,-0.15730736810399,1.0,25.0,1929.0,4000.0,0.0,0.06082,1.030591342016184,0.0,100000.0,25.0,,,,,,,,,,,,,
ridge_medium,100000,2,evaluation,24,6,-0.131623132177013,-0.0363430131859985,-0.0317977241994431,0.0210039159865118,-0.1679661453630116,-0.1634208563764562,1.0,36.0,952.0,2777.777777777778,0.0,0.07273,1.0372000275897275,0.0,100000.0,36.0,,,,,,,,,,,,,
ridge_medium,100000,2,evaluation,24,7,-0.131623132177013,-0.0445215510353644,-0.0382877472064667,0.0215210000169463,-0.1761446832123775,-0.1699108793834798,1.0,49.0,769.0,2040.8163265306123,0.0,0.08393,1.0428250660313358,0.0,100000.0,49.0,,,,,,,,,,,,,
ridge_medium,100000,2,evaluation,25,1,-0.131623132177013,0.1253674103471361,0.1262655955783818,0.0232004170247819,-0.0062557218298769,-0.0053575365986311,1.0,1.0,100000.0,100000.0,0.0,0.01259,1.0062323731009053,0.0,100000.0,1.0,,,,,,,,,,,,,
ridge_medium,100000,2,evaluation,25,2,-0.131623132177013,0.0586805451309052,0.06053265817728,0.0233033750264439,-0.0729425870461078,-0.071090473999733,1.0,4.0,17817.0,25000.0,0.0,0.02499,1.0126287650827448,0.0,100000.0,4.0,,,,,,,,,,,,,
ridge_medium,100000,2,evaluation,25,3,-0.131623132177013,-0.0074802252627829,-0.0049903160294476,0.0223742499947547,-0.139103357439796,-0.1366134482064607,1.0,9.0,8349.0,11111.111111111111,0.0,0.03704,1.018991330828545,0.0,100000.0,9.0,,,,,,,,,,,,,
ridge_medium,100000,2,evaluation,25,4,-0.131623132177013,-0.0174587860231513,-0.0141292328676609,0.0237526670098304,-0.1490819182001644,-0.1457523650446739,1.0,16.0,2671.0,6250.0,0.0,0.04863,1.025062788809324,0.0,100000.0,16.0,,,,,,,,,,,,,
ridge_medium,100000,2,evaluation,25,5,-0.131623132177013,-0.0286742841834579,-0.0242756892613598,0.0232130420044995,-0.160297416360471,-0.1558988214383729,1.0,25.0,1976.0,4000.0,0.0,0.06032,1.030600796430554,0.0,100000.0,25.0,,,,,,,,,,,,,
ridge_medium,100000,2,evaluation,25,6,-0.131623132177013,-0.0357750168292644,-0.0307469423188956,0.0221484999929089,-0.1673981490062775,-0.1623700744959087,1.0,36.0,987.0,2777.777777777778,0.0,0.07188,1.0368858118528426,0.0,100000.0,36.0,,,,,,,,,,,,,
ridge_medium,100000,2,evaluation,25,7,-0.131623132177013,-0.0432188881535521,-0.0365995078249506,0.0221983339870348,-0.1748420203305652,-0.1682226400019637,1.0,49.0,786.0,2040.8163265306123,0.0,0.08354,1.0429072944911637,0.0,100000.0,49.0,,,,,,,,,,,,,
ridge_medium,100000,2,evaluation,26,1,-0.131623132177013,0.1252557458877935,0.1259880105993647,0.0228214999951887,-0.0063673862892195,-0.0056351215776483,1.0,1.0,100000.0,100000.0,0.0,0.01252,1.0063997354951946,0.0,100000.0,1.0,,,,,,,,,,,,,
ridge_medium,100000,2,evaluation,26,2,-0.131623132177013,0.0589089777120577,0.0604953478683676,0.0229125000187195,-0.0727141544649553,-0.0711277843086454,1.0,4.0,17887.0,25000.0,0.0,0.02496,1.0126388590399258,0.0,100000.0,4.0,,,,,,,,,,,,,
ridge_medium,100000,2,evaluation,26,3,-0.131623132177013,-0.0069272511670299,-0.0045897397403533,0.0219349170220084,-0.138550383344043,-0.1362128719173664,1.0,9.0,8289.0,11111.111111111111,0.0,0.03695,1.018806617847767,0.0,100000.0,9.0,,,,,,,,,,,,,
ridge_medium,100000,2,evaluation,26,4,-0.131623132177013,-0.0162409799776418,-0.0130723714300145,0.0231617090175859,-0.1478641121546549,-0.1446955036070276,1.0,16.0,2696.0,6250.0,0.0,0.04861,1.025075036483659,0.0,100000.0,16.0,,,,,,,,,,,,,
ridge_medium,100000,2,evaluation,26,5,-0.131623132177013,-0.0274687122620258,-0.0233270331029173,0.0220226249948609,-0.1590918444390389,-0.1549501652799304,1.0,25.0,1974.0,4000.0,0.0,0.06058,1.0309326058344983,0.0,100000.0,25.0,,,,,,,,,,,,,
ridge_medium,100000,2,evaluation,26,6,-0.131623132177013,-0.0347968803551658,-0.0298164155984082,0.0208848339971154,-0.1664200125321789,-0.1614395477754213,1.0,36.0,985.0,2777.777777777778,0.0,0.07199,1.0371059751531633,0.0,100000.0,36.0,,,,,,,,,,,,,
ridge_medium,100000,2,evaluation,26,7,-0.131623132177013,-0.0416392326444511,-0.0356061660700913,0.0212277089885901,-0.1732623648214641,-0.1672292982471044,1.0,49.0,794.0,2040.8163265306123,0.0,0.08392,1.0431426571242888,0.0,100000.0,49.0,,,,,,,,,,,,,
ridge_medium,100000,2,evaluation,27,1,-0.131623132177013,0.1254025445144544,0.1261852006330579,0.022862082987558,-0.0062205876625585,-0.0054379315439551,1.0,1.0,100000.0,100000.0,0.0,0.01267,1.006450456967331,0.0,100000.0,1.0,,,,,,,,,,,,,
ridge_medium,100000,2,evaluation,27,2,-0.131623132177013,0.0590848075280739,0.0607792510517987,0.0228898330242373,-0.072538324648939,-0.0708438811252143,1.0,4.0,17899.0,25000.0,0.0,0.02483,1.012536382076674,0.0,100000.0,4.0,,,,,,,,,,,,,
ridge_medium,100000,2,evaluation,27,3,-0.131623132177013,-0.0086286097266168,-0.0059771897059355,0.022293374990113,-0.1402517419036299,-0.1376003218829486,1.0,9.0,8333.0,11111.111111111111,0.0,0.03661,1.0189198992259705,0.0,100000.0,9.0,,,,,,,,,,,,,
ridge_medium,100000,2,evaluation,27,4,-0.131623132177013,-0.0179469439650082,-0.0144147697521849,0.0234231250069569,-0.1495700761420213,-0.146037901929198,1.0,16.0,2648.0,6250.0,0.0,0.04926,1.0248004709403715,0.0,100000.0,16.0,,,,,,,,,,,,,
ridge_medium,100000,2,evaluation,27,5,-0.131623132177013,-0.0294553358777578,-0.0248677697730847,0.0223418329842388,-0.1610784680547708,-0.1564909019500978,1.0,25.0,1975.0,4000.0,0.0,0.06061,1.030767716983075,0.0,100000.0,25.0,,,,,,,,,,,,,
ridge_medium,100000,2,evaluation,27,6,-0.131623132177013,-0.0368259274502515,-0.0319384660608147,0.0210889580193907,-0.1684490596272646,-0.1635615982378278,1.0,36.0,951.0,2777.777777777778,0.0,0.07241,1.037511094768716,0.0,100000.0,36.0,,,,,,,,,,,,,
ridge_medium,100000,2,evaluation,27,7,-0.131623132177013,-0.0443062965547227,-0.0381770137471129,0.0215591249871067,-0.1759294287317358,-0.169800145924126,1.0,49.0,793.0,2040.8163265306123,0.0,0.08389,1.0431641105260372,0.0,100000.0,49.0,,,,,,,,,,,,,
ridge_medium,100000,2,evaluation,28,1,-0.131623132177013,0.1253559032475225,0.1260542066439916,0.0230598330090288,-0.0062672289294905,-0.0055689255330214,1.0,1.0,100000.0,100000.0,0.0,0.01263,1.0065605526706358,0.0,100000.0,1.0,,,,,,,,,,,,,
ridge_medium,100000,2,evaluation,28,2,-0.131623132177013,0.0566765343893337,0.0583970783963656,0.0230693330231588,-0.0749465977876793,-0.0732260537806474,1.0,4.0,17621.0,25000.0,0.0,0.02511,1.012649580307737,0.0,100000.0,4.0,,,,,,,,,,,,,
ridge_medium,100000,2,evaluation,28,3,-0.131623132177013,-0.0090367619301929,-0.006752049395074,0.022250999987591,-0.140659894107206,-0.1383751815720871,1.0,9.0,8279.0,11111.111111111111,0.0,0.0369,1.0187668179852745,0.0,100000.0,9.0,,,,,,,,,,,,,
ridge_medium,100000,2,evaluation,28,4,-0.131623132177013,-0.0186277047888424,-0.0151931655901473,0.0237240830028895,-0.1502508369658555,-0.1468162977671603,1.0,16.0,2682.0,6250.0,0.0,0.04924,1.0246437087171556,0.0,100000.0,16.0,,,,,,,,,,,,,
ridge_medium,100000,2,evaluation,28,5,-0.131623132177013,-0.0312157861147905,-0.0268263050605564,0.0223461670102551,-0.1628389182918036,-0.1584494372375695,1.0,25.0,1922.0,4000.0,0.0,0.06069,1.031314589129672,0.0,100000.0,25.0,,,,,,,,,,,,,
ridge_medium,100000,2,evaluation,28,6,-0.131623132177013,-0.0380675507546889,-0.0329174541607617,0.0207684999913908,-0.169690682931702,-0.1645405863377748,1.0,36.0,959.0,2777.777777777778,0.0,0.07184,1.03735964598313,0.0,100000.0,36.0,,,,,,,,,,,,,
ridge_medium,100000,2,evaluation,28,7,-0.131623132177013,-0.0450665754189958,-0.0391024150744933,0.0214577500009909,-0.1766897075960089,-0.1707255472515064,1.0,49.0,792.0,2040.8163265306123,0.0,0.08348,1.042738391454257,0.0,100000.0,49.0,,,,,,,,,,,,,
ridge_medium,100000,2,evaluation,29,1,-0.131623132177013,0.1249166125966833,0.125904341534603,0.0232681670167949,-0.0067065195803296,-0.00571879064241,1.0,1.0,100000.0,100000.0,0.0,0.01262,1.006321594390179,0.0,100000.0,1.0,,,,,,,,,,,,,
ridge_medium,100000,2,evaluation,29,2,-0.131623132177013,0.0587843638446339,0.0606429845492206,0.0233759999973699,-0.0728387683323791,-0.0709801476277924,1.0,4.0,17936.0,25000.0,0.0,0.02522,1.0125543806222157,0.0,100000.0,4.0,,,,,,,,,,,,,
ridge_medium,100000,2,evaluation,29,3,-0.131623132177013,-0.0076093386495952,-0.0047958878977082,0.0226781249803025,-0.1392324708266083,-0.1364190200747213,1.0,9.0,8401.0,11111.111111111111,0.0,0.03691,1.0187164929279109,0.0,100000.0,9.0,,,,,,,,,,,,,
ridge_medium,100000,2,evaluation,29,4,-0.131623132177013,-0.0168839609636717,-0.0133621146140093,0.0237017910112626,-0.1485070931406847,-0.1449852467910224,1.0,16.0,2713.0,6250.0,0.0,0.04834,1.0246317508470095,0.0,100000.0,16.0,,,,,,,,,,,,,
ridge_medium,100000,2,evaluation,29,5,-0.131623132177013,-0.0281191311009261,-0.023570031331362,0.0223332500027026,-0.1597422632779392,-0.1551931635083751,1.0,25.0,1978.0,4000.0,0.0,0.06021,1.0308343162440068,0.0,100000.0,25.0,,,,,,,,,,,,,
ridge_medium,100000,2,evaluation,29,6,-0.131623132177013,-0.0359531035426216,-0.030409655254438,0.0212056669988669,-0.1675762357196346,-0.162032787431451,1.0,36.0,961.0,2777.777777777778,0.0,0.07187,1.036823521125082,0.0,100000.0,36.0,,,,,,,,,,,,,
ridge_medium,100000,2,evaluation,29,7,-0.131623132177013,-0.0428691190822276,-0.036579413773579,0.0219137919775675,-0.1744922512592407,-0.1682025459505921,1.0,49.0,791.0,2040.8163265306123,0.0,0.08346,1.042650103690994,0.0,100000.0,49.0,,,,,,,,,,,,,
ridge_medium,100000,2,evaluation,30,1,-0.131623132177013,0.1253304042917536,0.1261959032935678,0.0229482919967267,-0.0062927278852594,-0.0054272288834452,1.0,1.0,100000.0,100000.0,0.0,0.01248,1.0064504349173142,0.0,100000.0,1.0,,,,,,,,,,,,,
ridge_medium,100000,2,evaluation,30,2,-0.131623132177013,0.0565864429989095,0.0583701727971209,0.0231321660103276,-0.0750366891781035,-0.0732529593798921,1.0,4.0,17767.0,25000.0,0.0,0.02466,1.012513268804159,0.0,100000.0,4.0,,,,,,,,,,,,,
ridge_medium,100000,2,evaluation,30,3,-0.131623132177013,-0.0111025674331141,-0.0086432492571815,0.021957624994684,-0.1427256996101272,-0.1402663814341946,1.0,9.0,8359.0,11111.111111111111,0.0,0.03695,1.018593426539235,0.0,100000.0,9.0,,,,,,,,,,,,,
ridge_medium,100000,2,evaluation,30,4,-0.131623132177013,-0.0196163154306874,-0.016629646404486,0.0240554170159157,-0.1512394476077005,-0.1482527785814991,1.0,16.0,2631.0,6250.0,0.0,0.04875,1.0247605903635115,0.0,100000.0,16.0,,,,,,,,,,,,,
ridge_medium,100000,2,evaluation,30,5,-0.131623132177013,-0.0312473594009561,-0.0273996949722493,0.0234886670077685,-0.1628704915779692,-0.1590228271492624,1.0,25.0,1940.0,4000.0,0.0,0.0609,1.030829679237555,0.0,100000.0,25.0,,,,,,,,,,,,,
ridge_medium,100000,2,evaluation,30,6,-0.131623132177013,-0.0383052379711549,-0.0331458215772051,0.0211057499982416,-0.169928370148168,-0.1647689537542182,1.0,36.0,964.0,2777.777777777778,0.0,0.07191,1.036613131318134,0.0,100000.0,36.0,,,,,,,,,,,,,
ridge_medium,100000,2,evaluation,30,7,-0.131623132177013,-0.0464144427634747,-0.0405084039294264,0.0220026660244911,-0.1780375749404878,-0.1721315361064395,1.0,49.0,771.0,2040.8163265306123,0.0,0.08455,1.043193742575497,0.0,100000.0,49.0,,,,,,,,,,,,,
ridge_medium,100000,2,evaluation,31,1,-0.131623132177013,0.1251655251889198,0.12603243678381,0.0232703749788925,-0.0064576069880932,-0.005590695393203,1.0,1.0,100000.0,100000.0,0.0,0.01247,1.0063706521027147,0.0,100000.0,1.0,,,,,,,,,,,,,
ridge_medium,100000,2,evaluation,31,2,-0.131623132177013,0.0593305803919822,0.0610862351256452,0.0232104590104427,-0.0722925517850308,-0.0705368970513678,1.0,4.0,17894.0,25000.0,0.0,0.025,1.0128642365866831,0.0,100000.0,4.0,,,,,,,,,,,,,
ridge_medium,100000,2,evaluation,31,3,-0.131623132177013,-0.0070117482022113,-0.0041769258089331,0.0270551249850541,-0.1386348803792244,-0.1358000579859462,1.0,9.0,8382.0,11111.111111111111,0.0,0.03754,1.0190265327268535,0.0,100000.0,9.0,,,,,,,,,,,,,
ridge_medium,100000,2,evaluation,31,4,-0.131623132177013,-0.0161775311977461,-0.012515731742534,0.0246213749924208,-0.1478006633747592,-0.1441388639195471,1.0,16.0,2628.0,6250.0,0.0,0.04838,1.0249306959487343,0.0,100000.0,16.0,,,,,,,,,,,,,
ridge_medium,100000,2,evaluation,31,5,-0.131623132177013,-0.0267350941980562,-0.0220722637553959,0.0226600840105675,-0.1583582263750693,-0.153695395932409,1.0,25.0,1977.0,4000.0,0.0,0.06052,1.0307050887022662,0.0,100000.0,25.0,,,,,,,,,,,,,
ridge_medium,100000,2,evaluation,31,6,-0.131623132177013,-0.0343244828661766,-0.0288037872121325,0.0209830829990096,-0.1659476150431897,-0.1604269193891456,1.0,36.0,951.0,2777.777777777778,0.0,0.07228,1.0369555037819331,0.0,100000.0,36.0,,,,,,,,,,,,,
ridge_medium,100000,2,evaluation,31,7,-0.131623132177013,-0.0418191548021932,-0.035177503063597,0.0223638339957688,-0.1734422869792063,-0.1668006352406101,1.0,49.0,774.0,2040.8163265306123,0.0,0.08368,1.0435001915548592,0.0,100000.0,49.0,,,,,,,,,,,,,
ridge_medium,100000,2,evaluation,32,1,-0.131623132177013,0.1254670675760051,0.1262335332130744,0.0244573329982813,-0.0061560646010079,-0.0053895989639386,1.0,1.0,100000.0,100000.0,0.0,0.01259,1.0063242002954504,0.0,100000.0,1.0,,,,,,,,,,,,,
ridge_medium,100000,2,evaluation,32,2,-0.131623132177013,0.0599209249675679,0.0612286312931214,0.0265532080084085,-0.071702207209445,-0.0703945008838916,1.0,4.0,18046.0,25000.0,0.0,0.02486,1.0126377313521968,0.0,100000.0,4.0,,,,,,,,,,,,,
ridge_medium,100000,2,evaluation,32,3,-0.131623132177013,-0.0087080358098722,-0.006090378871998,0.0220123750041238,-0.1403311679868853,-0.1377135110490111,1.0,9.0,8356.0,11111.111111111111,0.0,0.03655,1.018524293049564,0.0,100000.0,9.0,,,,,,,,,,,,,
ridge_medium,100000,2,evaluation,32,4,-0.131623132177013,-0.0173202032472718,-0.014084556490137,0.0232082919974345,-0.1489433354242849,-0.1457076886671501,1.0,16.0,2676.0,6250.0,0.0,0.04847,1.0248752994210568,0.0,100000.0,16.0,,,,,,,,,,,,,
ridge_medium,100000,2,evaluation,32,5,-0.131623132177013,-0.0291358837067239,-0.0246647979642924,0.022019416996045,-0.1607590158837369,-0.1562879301413055,1.0,25.0,1951.0,4000.0,0.0,0.06075,1.0307804216550531,0.0,100000.0,25.0,,,,,,,,,,,,,
ridge_medium,100000,2,evaluation,32,6,-0.131623132177013,-0.0364396027769268,-0.0315035881686291,0.0210422500094864,-0.1680627349539399,-0.1631267203456422,1.0,36.0,976.0,2777.777777777778,0.0,0.07176,1.0372079254077062,0.0,100000.0,36.0,,,,,,,,,,,,,
ridge_medium,100000,2,evaluation,32,7,-0.131623132177013,-0.0438776616022031,-0.0376498958771858,0.0214337910001631,-0.1755007937792162,-0.1692730280541989,1.0,49.0,781.0,2040.8163265306123,0.0,0.08419,1.0431637549263932,0.0,100000.0,49.0,,,,,,,,,,,,,
ridge_medium,100000,2,evaluation,33,1,-0.131623132177013,0.1254035741395852,0.1260180733839038,0.0233440409938339,-0.0062195580374278,-0.0056050587931092,1.0,1.0,100000.0,100000.0,0.0,0.0124,1.006260228279957,0.0,100000.0,1.0,,,,,,,,,,,,,
ridge_medium,100000,2,evaluation,33,2,-0.131623132177013,0.0594458512674741,0.0610008083719534,0.0230662499961908,-0.0721772809095389,-0.0706223238050595,1.0,4.0,17751.0,25000.0,0.0,0.02479,1.0125570540490776,0.0,100000.0,4.0,,,,,,,,,,,,,
ridge_medium,100000,2,evaluation,33,3,-0.131623132177013,-0.0056023720807305,-0.0031818197373087,0.0226130000082775,-0.1372255042577436,-0.1348049519143218,1.0,9.0,8388.0,11111.111111111111,0.0,0.03739,1.0191621006692462,0.0,100000.0,9.0,,,,,,,,,,,,,
ridge_medium,100000,2,evaluation,33,4,-0.131623132177013,-0.0170347493446784,-0.0131928965824824,0.0235232499835547,-0.1486578815216915,-0.1448160287594955,1.0,16.0,2686.0,6250.0,0.0,0.04898,1.0244187923519532,0.0,100000.0,16.0,,,,,,,,,,,,,
ridge_medium,100000,2,evaluation,33,5,-0.131623132177013,-0.0272612442295221,-0.0232586344778724,0.0221560420177411,-0.1588843764065352,-0.1548817666548855,1.0,25.0,1995.0,4000.0,0.0,0.06082,1.0312479311581637,0.0,100000.0,25.0,,,,,,,,,,,,,
ridge_medium,100000,2,evaluation,33,6,-0.131623132177013,-0.0351139647051629,-0.0297876067229696,0.0211569579842034,-0.166737096882176,-0.1614107388999827,1.0,36.0,1007.0,2777.777777777778,0.0,0.07277,1.0372213793193263,0.0,100000.0,36.0,,,,,,,,,,,,,
ridge_medium,100000,2,evaluation,33,7,-0.131623132177013,-0.042413181010827,-0.0363823379066281,0.0218092080031055,-0.1740363131878401,-0.1680054700836412,1.0,49.0,802.0,2040.8163265306123,0.0,0.0848,1.0432579643035211,0.0,100000.0,49.0,,,,,,,,,,,,,
ridge_medium,100000,2,evaluation,34,1,-0.131623132177013,0.1253324091893616,0.1259944016603423,0.0229702920187264,-0.0062907229876514,-0.0056287305166707,1.0,1.0,100000.0,100000.0,0.0,0.01261,1.006361458185576,0.0,100000.0,1.0,,,,,,,,,,,,,
ridge_medium,100000,2,evaluation,34,2,-0.131623132177013,0.0591047620507186,0.0605716016519495,0.0230574999877717,-0.0725183701262944,-0.0710515305250635,1.0,4.0,17879.0,25000.0,0.0,0.02497,1.0127483984370032,0.0,100000.0,4.0,,,,,,,,,,,,,
ridge_medium,100000,2,evaluation,34,3,-0.131623132177013,-0.0070849721938387,-0.0046581535056293,0.0221830839873291,-0.1387081043708518,-0.1362812856826424,1.0,9.0,8371.0,11111.111111111111,0.0,0.03684,1.0188201690110048,0.0,100000.0,9.0,,,,,,,,,,,,,
ridge_medium,100000,2,evaluation,34,4,-0.131623132177013,-0.016663187389229,-0.0130782727608364,0.0235739170166198,-0.148286319566242,-0.1447014049378495,1.0,16.0,2693.0,6250.0,0.0,0.04832,1.024618031372006,0.0,100000.0,16.0,,,,,,,,,,,,,
ridge_medium,100000,2,evaluation,34,5,-0.131623132177013,-0.0289280305309857,-0.0245237916571313,0.0224019999732263,-0.1605511627079988,-0.1561469238341443,1.0,25.0,1955.0,4000.0,0.0,0.06092,1.0308930398189675,0.0,100000.0,25.0,,,,,,,,,,,,,
ridge_medium,100000,2,evaluation,34,6,-0.131623132177013,-0.0357208402380602,-0.0305103598801416,0.0210745000222232,-0.1673439724150733,-0.1621334920571547,1.0,36.0,964.0,2777.777777777778,0.0,0.07191,1.0370897438304545,0.0,100000.0,36.0,,,,,,,,,,,,,
ridge_medium,100000,2,evaluation,34,7,-0.131623132177013,-0.0429921597894513,-0.036999351916527,0.0215317079855594,-0.1746152919664644,-0.16862248409354,1.0,49.0,806.0,2040.8163265306123,0.0,0.08389,1.042985934794486,0.0,100000.0,49.0,,,,,,,,,,,,,
ridge_medium,100000,2,evaluation,35,1,-0.131623132177013,0.1251019539903977,0.126151203273517,0.0231407500104978,-0.0065211781866153,-0.005471928903496,1.0,1.0,100000.0,100000.0,0.0,0.01254,1.006263059521234,0.0,100000.0,1.0,,,,,,,,,,,,,
ridge_medium,100000,2,evaluation,35,2,-0.131623132177013,0.0574833726073002,0.0593955985480588,0.0232394589984323,-0.0741397595697128,-0.0722275336289542,1.0,4.0,17840.0,25000.0,0.0,0.02506,1.0125276434948778,0.0,100000.0,4.0,,,,,,,,,,,,,
ridge_medium,100000,2,evaluation,35,3,-0.131623132177013,-0.0095066042722277,-0.0065037677175281,0.022061166993808,-0.1411297364492408,-0.1381268998945412,1.0,9.0,8395.0,11111.111111111111,0.0,0.03698,1.0185401115162138,0.0,100000.0,9.0,,,,,,,,,,,,,
ridge_medium,100000,2,evaluation,35,4,-0.131623132177013,-0.0187090530557341,-0.0151074971764977,0.0235284169903025,-0.1503321852327472,-0.1467306293535107,1.0,16.0,2650.0,6250.0,0.0,0.04889,1.0249206608779926,0.0,100000.0,16.0,,,,,,,,,,,,,
ridge_medium,100000,2,evaluation,35,5,-0.131623132177013,-0.0292349285649436,-0.0250920006503544,0.0220280410139821,-0.1608580607419567,-0.1567151328273675,1.0,25.0,1962.0,4000.0,0.0,0.06025,1.03066639403501,0.0,100000.0,25.0,,,,,,,,,,,,,
ridge_medium,100000,2,evaluation,35,6,-0.131623132177013,-0.0375631797727484,-0.0317908064183665,0.0211902080045547,-0.1691863119497615,-0.1634139385953796,1.0,36.0,953.0,2777.777777777778,0.0,0.0721,1.0369173202510735,0.0,100000.0,36.0,,,,,,,,,,,,,
ridge_medium,100000,2,evaluation,35,7,-0.131623132177013,-0.045060485881764,-0.0388044780680615,0.0216398330230731,-0.1766836180587771,-0.1704276102450746,1.0,49.0,771.0,2040.8163265306123,0.0,0.08449,1.0436705692532933,0.0,100000.0,49.0,,,,,,,,,,,,,
ridge_medium,100000,2,evaluation,36,1,-0.131623132177013,0.1253052746274405,0.1261371718026436,0.022956583998166,-0.0063178575495725,-0.0054859603743694,1.0,1.0,100000.0,100000.0,0.0,0.01252,1.0063378694699971,0.0,100000.0,1.0,,,,,,,,,,,,,
ridge_medium,100000,2,evaluation,36,2,-0.131623132177013,0.0568006743596179,0.0587450937967252,0.0227989169943612,-0.0748224578173951,-0.0728780383802878,1.0,4.0,17656.0,25000.0,0.0,0.0252,1.0125209148109435,0.0,100000.0,4.0,,,,,,,,,,,,,
ridge_medium,100000,2,evaluation,36,3,-0.131623132177013,-0.008542292938742,-0.0055451797811444,0.0223977089917752,-0.1401654251157551,-0.1371683119581575,1.0,9.0,8304.0,11111.111111111111,0.0,0.03718,1.0186686466426345,0.0,100000.0,9.0,,,,,,,,,,,,,
ridge_medium,100000,2,evaluation,36,4,-0.131623132177013,-0.0181056076795976,-0.0149092079662194,0.0234485830005724,-0.1497287398566107,-0.1465323401432325,1.0,16.0,2627.0,6250.0,0.0,0.04861,1.024850290627061,0.0,100000.0,16.0,,,,,,,,,,,,,
ridge_medium,100000,2,evaluation,36,5,-0.131623132177013,-0.0298947178398132,-0.02545441718406,0.0219282080070115,-0.1615178500168263,-0.1570775493610731,1.0,25.0,1958.0,4000.0,0.0,0.0605,1.030897965230786,0.0,100000.0,25.0,,,,,,,,,,,,,
ridge_medium,100000,2,evaluation,36,6,-0.131623132177013,-0.0373777866618035,-0.0318687481433933,0.0207179999852087,-0.1690009188388165,-0.1634918803204063,1.0,36.0,950.0,2777.777777777778,0.0,0.07294,1.0369068843480076,0.0,100000.0,36.0,,,,,,,,,,,,,
ridge_medium,100000,2,evaluation,36,7,-0.131623132177013,-0.0440733489586155,-0.0382018974190171,0.0216562499990686,-0.1756964811356286,-0.1698250295960302,1.0,49.0,785.0,2040.8163265306123,0.0,0.08402,1.04351028484898,0.0,100000.0,49.0,,,,,,,,,,,,,
ridge_medium,100000,2,evaluation,37,1,-0.131623132177013,0.1249619549651594,0.1260400039807415,0.0230159159982576,-0.0066611772118536,-0.0055831281962715,1.0,1.0,100000.0,100000.0,0.0,0.01246,1.0064197787050153,0.0,100000.0,1.0,,,,,,,,,,,,,
ridge_medium,100000,2,evaluation,37,2,-0.131623132177013,0.0590454309468451,0.060682284785748,0.0233255409984849,-0.0725777012301678,-0.070940847391265,1.0,4.0,17851.0,25000.0,0.0,0.02496,1.012678705310048,0.0,100000.0,4.0,,,,,,,,,,,,,
ridge_medium,100000,2,evaluation,37,3,-0.131623132177013,-0.0071295730959463,-0.0041481394570747,0.0225418329937383,-0.1387527052729593,-0.1357712716340877,1.0,9.0,8385.0,11111.111111111111,0.0,0.03708,1.0185692660671255,0.0,100000.0,9.0,,,,,,,,,,,,,
ridge_medium,100000,2,evaluation,37,4,-0.131623132177013,-0.0169648006582099,-0.0134275647822057,0.0236198749917093,-0.148587932835223,-0.1450506969592188,1.0,16.0,2597.0,6250.0,0.0,0.0486,1.0248684734230835,0.0,100000.0,16.0,,,,,,,,,,,,,
ridge_medium,100000,2,evaluation,37,5,-0.131623132177013,-0.0273419007719112,-0.0231850356584398,0.0223972920211963,-0.1589650329489243,-0.1548081678354529,1.0,25.0,1934.0,4000.0,0.0,0.06035,1.031205619635536,0.0,100000.0,25.0,,,,,,,,,,,,,
ridge_medium,100000,2,evaluation,37,6,-0.131623132177013,-0.0349665027550614,-0.0293021859065611,0.021014332975028,-0.1665896349320745,-0.1609253180835742,1.0,36.0,1001.0,2777.777777777778,0.0,0.07267,1.0370034692846035,0.0,100000.0,36.0,,,,,,,,,,,,,
ridge_medium,100000,2,evaluation,37,7,-0.131623132177013,-0.0423509280142066,-0.0364125965839538,0.0217647080135066,-0.1739740601912197,-0.1680357287609669,1.0,49.0,753.0,2040.8163265306123,0.0,0.0834,1.0433128389308652,0.0,100000.0,49.0,,,,,,,,,,,,,
ridge_medium,100000,2,evaluation,38,1,-0.131623132177013,0.1251926223669955,0.1262878092478853,0.0230521250050514,-0.0064305098100175,-0.0053353229291277,1.0,1.0,100000.0,100000.0,0.0,0.0125,1.0061817127395156,0.0,100000.0,1.0,,,,,,,,,,,,,
ridge_medium,100000,2,evaluation,38,2,-0.131623132177013,0.0585336407142893,0.0606381640034885,0.0229271670104935,-0.0730894914627237,-0.0709849681735245,1.0,4.0,17824.0,25000.0,0.0,0.02514,1.012539571624996,0.0,100000.0,4.0,,,,,,,,,,,,,
ridge_medium,100000,2,evaluation,38,3,-0.131623132177013,-0.0065332471007377,-0.0038168659113006,0.0217333330074325,-0.1381563792777508,-0.1354399980883137,1.0,9.0,8293.0,11111.111111111111,0.0,0.03735,1.018738798757478,0.0,100000.0,9.0,,,,,,,,,,,,,
ridge_medium,100000,2,evaluation,38,4,-0.131623132177013,-0.0161923991733075,-0.0126084847369245,0.023410916008288,-0.1478155313503206,-0.1442316169139376,1.0,16.0,2672.0,6250.0,0.0,0.04885,1.0244751187233652,0.0,100000.0,16.0,,,,,,,,,,,,,
ridge_medium,100000,2,evaluation,38,5,-0.131623132177013,-0.0277568285481353,-0.0233750291863158,0.0217717500054277,-0.1593799607251484,-0.1549981613633289,1.0,25.0,1958.0,4000.0,0.0,0.0605,1.030655086537472,0.0,100000.0,25.0,,,,,,,,,,,,,
ridge_medium,100000,2,evaluation,38,6,-0.131623132177013,-0.0355225246301271,-0.0295400862331086,0.0209172499889973,-0.1671456568071402,-0.1611632184101217,1.0,36.0,972.0,2777.777777777778,0.0,0.07311,1.0366476160144724,0.0,100000.0,36.0,,,,,,,,,,,,,
ridge_medium,100000,2,evaluation,38,7,-0.131623132177013,-0.0425810487653383,-0.035869672165459,0.0212051669950597,-0.1742041809423514,-0.1674928043424721,1.0,49.0,807.0,2040.8163265306123,0.0,0.084,1.0430637964066931,0.0,100000.0,49.0,,,,,,,,,,,,,
ridge_medium,100000,2,evaluation,39,1,-0.131623132177013,0.1248366946271528,0.1259040172830042,0.0229305409884545,-0.0067864375498601,-0.0057191148940088,1.0,1.0,100000.0,100000.0,0.0,0.01271,1.0063799269683276,0.0,100000.0,1.0,,,,,,,,,,,,,
ridge_medium,100000,2,evaluation,39,2,-0.131623132177013,0.0587845986145317,0.0606584356013668,0.0227144999953452,-0.0728385335624813,-0.0709646965756461,1.0,4.0,17896.0,25000.0,0.0,0.02501,1.012768524594344,0.0,100000.0,4.0,,,,,,,,,,,,,
ridge_medium,100000,2,evaluation,39,3,-0.131623132177013,-0.0068100034334216,-0.0039427355728919,0.0221709169854875,-0.1384331356104347,-0.135565867749905,1.0,9.0,8314.0,11111.111111111111,0.0,0.03699,1.0186068714010577,0.0,100000.0,9.0,,,,,,,,,,,,,
ridge_medium,100000,2,evaluation,39,4,-0.131623132177013,-0.0161461731885198,-0.0128084965709591,0.0234714579710271,-0.1477693053655329,-0.1444316287479722,1.0,16.0,2693.0,6250.0,0.0,0.04885,1.024914249906601,0.0,100000.0,16.0,,,,,,,,,,,,,
ridge_medium,100000,2,evaluation,39,5,-0.131623132177013,-0.0282408662799161,-0.0237554609553028,0.0222580000117886,-0.1598639984569292,-0.1553785931323159,1.0,25.0,1972.0,4000.0,0.0,0.06087,1.0307548147948995,0.0,100000.0,25.0,,,,,,,,,,,,,
ridge_medium,100000,2,evaluation,39,6,-0.131623132177013,-0.0350864394139485,-0.0297079592713156,0.0212325419997796,-0.1667095715909616,-0.1613310914483287,1.0,36.0,987.0,2777.777777777778,0.0,0.07273,1.0371403865184592,0.0,100000.0,36.0,,,,,,,,,,,,,
ridge_medium,100000,2,evaluation,39,7,-0.131623132177013,-0.0422369707182748,-0.0363559810461445,0.0211897499975748,-0.1738601028952879,-0.1679791132231576,1.0,49.0,796.0,2040.8163265306123,0.0,0.08424,1.0436348182515065,0.0,100000.0,49.0,,,,,,,,,,,,,
ridge_medium,100000,2,evaluation,40,1,-0.131623132177013,0.1252759249023224,0.1261414433395817,0.0229995000117924,-0.0063472072746905,-0.0054816888374313,1.0,1.0,100000.0,100000.0,0.0,0.01239,1.0063350435902354,0.0,100000.0,1.0,,,,,,,,,,,,,
ridge_medium,100000,2,evaluation,40,2,-0.131623132177013,0.0593625778517691,0.0609583188453872,0.023077124991687,-0.0722605543252439,-0.0706648133316258,1.0,4.0,18039.0,25000.0,0.0,0.02484,1.012727238845263,0.0,100000.0,4.0,,,,,,,,,,,,,
ridge_medium,100000,2,evaluation,40,3,-0.131623132177013,-0.0084820761324148,-0.0056415672832382,0.0220307919953484,-0.1401052083094279,-0.1372646994602513,1.0,9.0,8379.0,11111.111111111111,0.0,0.03698,1.0184471462246636,0.0,100000.0,9.0,,,,,,,,,,,,,
ridge_medium,100000,2,evaluation,40,4,-0.131623132177013,-0.017059417721492,-0.0138835877570743,0.0240667079924605,-0.1486825498985051,-0.1455067199340874,1.0,16.0,2658.0,6250.0,0.0,0.0483,1.0247809168169677,0.0,100000.0,16.0,,,,,,,,,,,,,
ridge_medium,100000,2,evaluation,40,5,-0.131623132177013,-0.0284015330587038,-0.0241831200090653,0.0225068330182693,-0.1600246652357169,-0.1558062521860784,1.0,25.0,1906.0,4000.0,0.0,0.06043,1.0310883372811044,0.0,100000.0,25.0,,,,,,,,,,,,,
ridge_medium,100000,2,evaluation,40,6,-0.131623132177013,-0.0362516693413129,-0.0306916717112341,0.0211083329922985,-0.1678748015183259,-0.1623148038882472,1.0,36.0,988.0,2777.777777777778,0.0,0.0719,1.036582106125986,0.0,100000.0,36.0,,,,,,,,,,,,,
ridge_medium,100000,2,evaluation,40,7,-0.131623132177013,-0.0429611819404683,-0.0372445493364813,0.0215593340108171,-0.1745843141174813,-0.1688676815134944,1.0,49.0,772.0,2040.8163265306123,0.0,0.08314,1.04246878934179,0.0,100000.0,49.0,,,,,,,,,,,,,
ridge_medium,100000,2,evaluation,41,1,-0.131623132177013,0.125302584210099,0.126171948429479,0.0230434580007568,-0.006320547966914,-0.005451183747534,1.0,1.0,100000.0,100000.0,0.0,0.01265,1.0062475943144955,0.0,100000.0,1.0,,,,,,,,,,,,,
ridge_medium,100000,2,evaluation,41,2,-0.131623132177013,0.0589330501212468,0.0609279332389118,0.0231688330241013,-0.0726900820557662,-0.0706951989381012,1.0,4.0,17869.0,25000.0,0.0,0.02524,1.012505799118661,0.0,100000.0,4.0,,,,,,,,,,,,,
ridge_medium,100000,2,evaluation,41,3,-0.131623132177013,-0.0076084830701565,-0.0049011561996752,0.0223596660071052,-0.1392316152471696,-0.1365242883766883,1.0,9.0,8335.0,11111.111111111111,0.0,0.03698,1.018647079421241,0.0,100000.0,9.0,,,,,,,,,,,,,
ridge_medium,100000,2,evaluation,41,4,-0.131623132177013,-0.0183551117320268,-0.0144532185703778,0.0234595829970203,-0.1499782439090399,-0.1460763507473909,1.0,16.0,2640.0,6250.0,0.0,0.04918,1.0245780424061066,0.0,100000.0,16.0,,,,,,,,,,,,,
ridge_medium,100000,2,evaluation,41,5,-0.131623132177013,-0.0295201619618458,-0.0245165623520121,0.0224272089835722,-0.1611432941388589,-0.1561396945290252,1.0,25.0,1958.0,4000.0,0.0,0.06107,1.0305529437997984,0.0,100000.0,25.0,,,,,,,,,,,,,
ridge_medium,100000,2,evaluation,41,6,-0.131623132177013,-0.0362796809284578,-0.0306281665445808,0.0213568339822813,-0.1679028131054709,-0.1622512987215939,1.0,36.0,1006.0,2777.777777777778,0.0,0.07237,1.0368065966016775,0.0,100000.0,36.0,,,,,,,,,,,,,
ridge_medium,100000,2,evaluation,41,7,-0.131623132177013,-0.0438980883479331,-0.037766512360027,0.0215886250080075,-0.1755212205249461,-0.16938964453704,1.0,49.0,796.0,2040.8163265306123,0.0,0.08382,1.042694534831271,0.0,100000.0,49.0,,,,,,,,,,,,,
ridge_medium,100000,2,evaluation,42,1,-0.131623132177013,0.1253979343672433,0.126153612301625,0.0228995830111671,-0.0062251978097697,-0.0054695198753879,1.0,1.0,100000.0,100000.0,0.0,0.01269,1.0063908912963866,0.0,100000.0,1.0,,,,,,,,,,,,,
ridge_medium,100000,2,evaluation,42,2,-0.131623132177013,0.0572338852256822,0.0592619359203846,0.023091791983461,-0.0743892469513308,-0.0723611962566284,1.0,4.0,17880.0,25000.0,0.0,0.02537,1.0128060334853013,0.0,100000.0,4.0,,,,,,,,,,,,,
ridge_medium,100000,2,evaluation,42,3,-0.131623132177013,-0.0086800800626148,-0.0060378174874836,0.0221266250009648,-0.1403032122396278,-0.1376609496644967,1.0,9.0,8365.0,11111.111111111111,0.0,0.03725,1.0188979913998018,0.0,100000.0,9.0,,,,,,,,,,,,,
ridge_medium,100000,2,evaluation,42,4,-0.131623132177013,-0.0178652548576565,-0.0143738616019286,0.0236452079843729,-0.1494883870346696,-0.1459969937789417,1.0,16.0,2638.0,6250.0,0.0,0.04878,1.0247869349820389,0.0,100000.0,16.0,,,,,,,,,,,,,
ridge_medium,100000,2,evaluation,42,5,-0.131623132177013,-0.029616263645663,-0.0246669737105182,0.0220650420233141,-0.1612393958226761,-0.1562901058875313,1.0,25.0,1923.0,4000.0,0.0,0.06068,1.0307430827770625,0.0,100000.0,25.0,,,,,,,,,,,,,
ridge_medium,100000,2,evaluation,42,6,-0.131623132177013,-0.0368699286116342,-0.0315766089464754,0.0210376670002006,-0.1684930607886473,-0.1631997411234885,1.0,36.0,980.0,2777.777777777778,0.0,0.07263,1.0374859777091217,0.0,100000.0,36.0,,,,,,,,,,,,,
ridge_medium,100000,2,evaluation,42,7,-0.131623132177013,-0.0442604779325177,-0.0379241086442701,0.0215207079891115,-0.1758836101095308,-0.1695472408212832,1.0,49.0,769.0,2040.8163265306123,0.0,0.08415,1.0430987443453503,0.0,100000.0,49.0,,,,,,,,,,,,,
ridge_medium,100000,2,evaluation,43,1,-0.131623132177013,0.1250799185820266,0.1260396771845515,0.0227820420113857,-0.0065432135949864,-0.0055834549924614,1.0,1.0,100000.0,100000.0,0.0,0.01242,1.0062016895297434,0.0,100000.0,1.0,,,,,,,,,,,,,
ridge_medium,100000,2,evaluation,43,2,-0.131623132177013,0.0585983069330455,0.0604479831794271,0.0229890829941723,-0.0730248252439675,-0.0711751489975859,1.0,4.0,17778.0,25000.0,0.0,0.02523,1.0126678661951634,0.0,100000.0,4.0,,,,,,,,,,,,,
ridge_medium,100000,2,evaluation,43,3,-0.131623132177013,-0.0089963655107374,-0.0060486289501807,0.0223350420128554,-0.1406194976877505,-0.1376717611271938,1.0,9.0,8354.0,11111.111111111111,0.0,0.03703,1.0186706323007864,0.0,100000.0,9.0,,,,,,,,,,,,,
ridge_medium,100000,2,evaluation,43,4,-0.131623132177013,-0.0180013743158646,-0.0146015714773006,0.023703042010311,-0.1496245064928777,-0.1462247036543137,1.0,16.0,2621.0,6250.0,0.0,0.04906,1.0249677868719094,0.0,100000.0,16.0,,,,,,,,,,,,,
ridge_medium,100000,2,evaluation,43,5,-0.131623132177013,-0.0286266311414855,-0.024350177926312,0.0223652500135358,-0.1602497633184986,-0.1559733101033251,1.0,25.0,1948.0,4000.0,0.0,0.06076,1.031032893317318,0.0,100000.0,25.0,,,,,,,,,,,,,
ridge_medium,100000,2,evaluation,43,6,-0.131623132177013,-0.0363243175722238,-0.0309078511311458,0.021231082995655,-0.1679474497492369,-0.1625309833081589,1.0,36.0,969.0,2777.777777777778,0.0,0.07216,1.0368027594680205,0.0,100000.0,36.0,,,,,,,,,,,,,
ridge_medium,100000,2,evaluation,43,7,-0.131623132177013,-0.0439595514145775,-0.0375564237074312,0.0214011250063776,-0.1755826835915905,-0.1691795558844442,1.0,49.0,731.0,2040.8163265306123,0.0,0.08428,1.0430924501594316,0.0,100000.0,49.0,,,,,,,,,,,,,
ridge_medium,100000,2,evaluation,44,1,-0.131623132177013,0.1250188625808484,0.1259368926590533,0.0265867089910898,-0.0066042695961646,-0.0056862395179597,1.0,1.0,100000.0,100000.0,0.0,0.01255,1.0061953561250796,0.0,100000.0,1.0,,,,,,,,,,,,,
ridge_medium,100000,2,evaluation,44,2,-0.131623132177013,0.0574453459114793,0.0590871617533873,0.0250985830207355,-0.0741777862655337,-0.0725359704236257,1.0,4.0,17699.0,25000.0,0.0,0.02491,1.0124204616979489,0.0,100000.0,4.0,,,,,,,,,,,,,
ridge_medium,100000,2,evaluation,44,3,-0.131623132177013,-0.0095311930918516,-0.0065090088333858,0.024789375020191,-0.1411543252688646,-0.1381321410103989,1.0,9.0,8375.0,11111.111111111111,0.0,0.03722,1.0185701368826257,0.0,100000.0,9.0,,,,,,,,,,,,,
ridge_medium,100000,2,evaluation,44,4,-0.131623132177013,-0.018971708862347,-0.0151177730810396,0.0269355420023202,-0.15059484103936,-0.1467409052580527,1.0,16.0,2634.0,6250.0,0.0,0.04901,1.024634739298805,0.0,100000.0,16.0,,,,,,,,,,,,,
ridge_medium,100000,2,evaluation,44,5,-0.131623132177013,-0.0296855179333287,-0.0249939811966185,0.0249917080218438,-0.1613086501103418,-0.1566171133736316,1.0,25.0,1957.0,4000.0,0.0,0.06078,1.0303028252969368,0.0,100000.0,25.0,,,,,,,,,,,,,
ridge_medium,100000,2,evaluation,44,6,-0.131623132177013,-0.0374155255018086,-0.0318774994538721,0.0209610419988166,-0.1690386576788217,-0.1635006316308852,1.0,36.0,977.0,2777.777777777778,0.0,0.07192,1.0364245844937503,0.0,100000.0,36.0,,,,,,,,,,,,,
ridge_medium,100000,2,evaluation,44,7,-0.131623132177013,-0.0439317774975031,-0.0375712488847101,0.0213214999821502,-0.1755549096745161,-0.1691943810617232,1.0,49.0,785.0,2040.8163265306123,0.0,0.08397,1.042139324135187,0.0,100000.0,49.0,,,,,,,,,,,,,
ridge_medium,100000,2,evaluation,45,1,-0.131623132177013,0.1251563529521097,0.1261107126534912,0.0238174580154009,-0.0064667792249033,-0.0055124195235218,1.0,1.0,100000.0,100000.0,0.0,0.01253,1.0062457704423151,0.0,100000.0,1.0,,,,,,,,,,,,,
ridge_medium,100000,2,evaluation,45,2,-0.131623132177013,0.0578330769769663,0.0595675736992839,0.0234136249928269,-0.0737900552000466,-0.0720555584777291,1.0,4.0,17922.0,25000.0,0.0,0.02511,1.0126249579063382,0.0,100000.0,4.0,,,,,,,,,,,,,
ridge_medium,100000,2,evaluation,45,3,-0.131623132177013,-0.0083206971233671,-0.0054519439492769,0.0223661249910946,-0.1399438293003802,-0.13707507612629,1.0,9.0,8346.0,11111.111111111111,0.0,0.03717,1.0187914833189216,0.0,100000.0,9.0,,,,,,,,,,,,,
ridge_medium,100000,2,evaluation,45,4,-0.131623132177013,-0.0177984241937979,-0.0142245459210996,0.0235056249948684,-0.149421556370811,-0.1458476780981127,1.0,16.0,2632.0,6250.0,0.0,0.04905,1.0248297398283066,0.0,100000.0,16.0,,,,,,,,,,,,,
ridge_medium,100000,2,evaluation,45,5,-0.131623132177013,-0.0283932985372666,-0.0237191221418952,0.0224971669958904,-0.1600164307142797,-0.1553422543189083,1.0,25.0,1976.0,4000.0,0.0,0.0608,1.0307914747040243,0.0,100000.0,25.0,,,,,,,,,,,,,
ridge_medium,100000,2,evaluation,45,6,-0.131623132177013,-0.036610663613621,-0.031084983167994,0.021148916974198,-0.1682337957906341,-0.1627081153450071,1.0,36.0,962.0,2777.777777777778,0.0,0.07284,1.0370763036948825,0.0,100000.0,36.0,,,,,,,,,,,,,
ridge_medium,100000,2,evaluation,45,7,-0.131623132177013,-0.0438081140846548,-0.0371212223702194,0.0215058340108953,-0.1754312462616679,-0.1687443545472325,1.0,49.0,793.0,2040.8163265306123,0.0,0.08396,1.0425498671736024,0.0,100000.0,49.0,,,,,,,,,,,,,
ridge_medium,100000,2,evaluation,46,1,-0.131623132177013,0.1255713104047031,0.1262418426075363,0.0232337079942226,-0.0060518217723099,-0.0053812895694767,1.0,1.0,100000.0,100000.0,0.0,0.01268,1.0065417296873476,0.0,100000.0,1.0,,,,,,,,,,,,,
ridge_medium,100000,2,evaluation,46,2,-0.131623132177013,0.0579531607042613,0.0593530784060638,0.0227711659972555,-0.0736699714727516,-0.0722700537709492,1.0,4.0,17689.0,25000.0,0.0,0.02483,1.0126049684138163,0.0,100000.0,4.0,,,,,,,,,,,,,
ridge_medium,100000,2,evaluation,46,3,-0.131623132177013,-0.0080920806943016,-0.0053671738020372,0.0221874999988358,-0.1397152128713147,-0.1369903059790503,1.0,9.0,8307.0,11111.111111111111,0.0,0.03703,1.018651224969175,0.0,100000.0,9.0,,,,,,,,,,,,,
ridge_medium,100000,2,evaluation,46,4,-0.131623132177013,-0.016556970504741,-0.0137358995377988,0.0234039579809177,-0.1481801026817541,-0.1453590317148119,1.0,16.0,2647.0,6250.0,0.0,0.04863,1.0249754001258462,0.0,100000.0,16.0,,,,,,,,,,,,,
ridge_medium,100000,2,evaluation,46,5,-0.131623132177013,-0.0290211116895295,-0.0248797253133881,0.0221118339977692,-0.1606442438665426,-0.1565028574904012,1.0,25.0,1970.0,4000.0,0.0,0.06038,1.031219917804035,0.0,100000.0,25.0,,,,,,,,,,,,,
ridge_medium,100000,2,evaluation,46,6,-0.131623132177013,-0.035563537590159,-0.0307955762717153,0.0208472090016584,-0.1671866697671721,-0.1624187084487284,1.0,36.0,963.0,2777.777777777778,0.0,0.07157,1.0367690827736054,0.0,100000.0,36.0,,,,,,,,,,,,,
ridge_medium,100000,2,evaluation,46,7,-0.131623132177013,-0.042922169674987,-0.036722019066624,0.0215119170024991,-0.1745453018520001,-0.168345151243637,1.0,49.0,808.0,2040.8163265306123,0.0,0.08297,1.0423902892934125,0.0,100000.0,49.0,,,,,,,,,,,,,
ridge_medium,100000,2,evaluation,47,1,-0.131623132177013,0.1253279392728957,0.1262594284785098,0.0235183749755378,-0.0062951929041173,-0.0053637036985032,1.0,1.0,100000.0,100000.0,0.0,0.01255,1.006214634125748,0.0,100000.0,1.0,,,,,,,,,,,,,
ridge_medium,100000,2,evaluation,47,2,-0.131623132177013,0.0552003939728733,0.0569960104272496,0.0233547079842537,-0.0764227382041396,-0.0746271217497634,1.0,4.0,17667.0,25000.0,0.0,0.02478,1.0123448351880089,0.0,100000.0,4.0,,,,,,,,,,,,,
ridge_medium,100000,2,evaluation,47,3,-0.131623132177013,-0.0120367155585587,-0.0090171598380369,0.0224027920048683,-0.1436598477355718,-0.14064029201505,1.0,9.0,8228.0,11111.111111111111,0.0,0.03714,1.0184798426921455,0.0,100000.0,9.0,,,,,,,,,,,,,
ridge_medium,100000,2,evaluation,47,4,-0.131623132177013,-0.0211190864958587,-0.0172392582457978,0.0234897909977007,-0.1527422186728718,-0.1488623904228109,1.0,16.0,2606.0,6250.0,0.0,0.04857,1.0246174561016617,0.0,100000.0,16.0,,,,,,,,,,,,,
ridge_medium,100000,2,evaluation,47,5,-0.131623132177013,-0.032313989245605,-0.0277169278582699,0.0224051660043187,-0.1639371214226181,-0.1593400600352829,1.0,25.0,1943.0,4000.0,0.0,0.06026,1.0304017989636294,0.0,100000.0,25.0,,,,,,,,,,,,,
ridge_medium,100000,2,evaluation,47,6,-0.131623132177013,-0.0397112722699044,-0.0342856516178975,0.0210552920179907,-0.1713344044469175,-0.1659087837949106,1.0,36.0,937.0,2777.777777777778,0.0,0.07212,1.0368393122434816,0.0,100000.0,36.0,,,,,,,,,,,,,
ridge_medium,100000,2,evaluation,47,7,-0.131623132177013,-0.0471637404875031,-0.0406071033552754,0.0216376250027678,-0.1787868726645162,-0.1722302355322884,1.0,49.0,763.0,2040.8163265306123,0.0,0.08343,1.0424383927592256,0.0,100000.0,49.0,,,,,,,,,,,,,
ridge_medium,100000,2,evaluation,48,1,-0.131623132177013,0.1253064502441089,0.1259777541201075,0.0230912909901235,-0.0063166819329041,-0.0056453780569055,1.0,1.0,100000.0,100000.0,0.0,0.01244,1.006610093291368,0.0,100000.0,1.0,,,,,,,,,,,,,
ridge_medium,100000,2,evaluation,48,2,-0.131623132177013,0.0573592805128403,0.0589444031919378,0.0232037090172525,-0.0742638516641727,-0.0726787289850752,1.0,4.0,17745.0,25000.0,0.0,0.02449,1.0126539603546916,0.0,100000.0,4.0,,,,,,,,,,,,,
ridge_medium,100000,2,evaluation,48,3,-0.131623132177013,-0.0071906313218729,-0.0045494794056755,0.0222131250193342,-0.138813763498886,-0.1361726115826886,1.0,9.0,8433.0,11111.111111111111,0.0,0.03709,1.0190853031386835,0.0,100000.0,9.0,,,,,,,,,,,,,
ridge_medium,100000,2,evaluation,48,4,-0.131623132177013,-0.0170564229915896,-0.0137108957391654,0.02357837499585,-0.1486795551686026,-0.1453340279161785,1.0,16.0,2653.0,6250.0,0.0,0.04866,1.0248762125080626,0.0,100000.0,16.0,,,,,,,,,,,,,
ridge_medium,100000,2,evaluation,48,5,-0.131623132177013,-0.0285900749533921,-0.0236942936616098,0.0224006249918602,-0.1602132071304051,-0.1553174258386229,1.0,25.0,1972.0,4000.0,0.0,0.06095,1.0306886903975023,0.0,100000.0,25.0,,,,,,,,,,,,,
ridge_medium,100000,2,evaluation,48,6,-0.131623132177013,-0.0359691734959088,-0.0308536966317991,0.0209798330033663,-0.1675923056729219,-0.1624768288088122,1.0,36.0,987.0,2777.777777777778,0.0,0.07214,1.037036107741345,0.0,100000.0,36.0,,,,,,,,,,,,,
ridge_medium,100000,2,evaluation,48,7,-0.131623132177013,-0.0436332944192471,-0.0370952922620169,0.0215564170212019,-0.1752564265962602,-0.16871842443903,1.0,49.0,803.0,2040.8163265306123,0.0,0.08452,1.043166578809771,0.0,100000.0,49.0,,,,,,,,,,,,,
ridge_medium,100000,2,evaluation,49,1,-0.131623132177013,0.1250490771998366,0.1260070737520565,0.023252874991158,-0.0065740549771764,-0.0056160584249565,1.0,1.0,100000.0,100000.0,0.0,0.01276,1.0064202684496169,0.0,100000.0,1.0,,,,,,,,,,,,,
ridge_medium,100000,2,evaluation,49,2,-0.131623132177013,0.0579056592365418,0.0596202510050864,0.023526083008619,-0.0737174729404712,-0.0720028811719266,1.0,4.0,17870.0,25000.0,0.0,0.0251,1.0125490687980854,0.0,100000.0,4.0,,,,,,,,,,,,,
ridge_medium,100000,2,evaluation,49,3,-0.131623132177013,-0.0098774486770587,-0.0071984139798937,0.022343707998516,-0.1415005808540718,-0.1388215461569068,1.0,9.0,8294.0,11111.111111111111,0.0,0.03699,1.0187922004304473,0.0,100000.0,9.0,,,,,,,,,,,,,
ridge_medium,100000,2,evaluation,49,4,-0.131623132177013,-0.0183974544276687,-0.0151202763856205,0.0237374999851454,-0.1500205866046818,-0.1467434085626336,1.0,16.0,2710.0,6250.0,0.0,0.04881,1.024692299212765,0.0,100000.0,16.0,,,,,,,,,,,,,
ridge_medium,100000,2,evaluation,49,5,-0.131623132177013,-0.03004500659439,-0.0255562988783109,0.0223940419964492,-0.1616681387714031,-0.1571794310553239,1.0,25.0,1944.0,4000.0,0.0,0.06059,1.0306874866620817,0.0,100000.0,25.0,,,,,,,,,,,,,
ridge_medium,100000,2,evaluation,49,6,-0.131623132177013,-0.037727835207324,-0.0320628722379285,0.0211326249991543,-0.169350967384337,-0.1636860044149416,1.0,36.0,952.0,2777.777777777778,0.0,0.07255,1.0370080548727274,0.0,100000.0,36.0,,,,,,,,,,,,,
ridge_medium,100000,2,evaluation,49,7,-0.131623132177013,-0.0452249440202968,-0.0388976901064299,0.0214482089795637,-0.1768480761973098,-0.1705208222834429,1.0,49.0,766.0,2040.8163265306123,0.0,0.08464,1.0430362033269935,0.0,100000.0,49.0,,,,,,,,,,,,,
ridge_medium,100000,2,evaluation,50,1,-0.131623132177013,0.1252349929467027,0.1261257910744995,0.0227875410055276,-0.0063881392303103,-0.0054973411025135,1.0,1.0,100000.0,100000.0,0.0,0.01272,1.00637428161262,0.0,100000.0,1.0,,,,,,,,,,,,,
ridge_medium,100000,2,evaluation,50,2,-0.131623132177013,0.0579464772147746,0.0594441065473527,0.0233482919866219,-0.0736766549622384,-0.0721790256296603,1.0,4.0,17757.0,25000.0,0.0,0.02488,1.0126072863133186,0.0,100000.0,4.0,,,,,,,,,,,,,
ridge_medium,100000,2,evaluation,50,3,-0.131623132177013,-0.0094883808332186,-0.0072161627319564,0.0221767500042915,-0.1411115130102317,-0.1388392949089695,1.0,9.0,8236.0,11111.111111111111,0.0,0.03686,1.0187317571459094,0.0,100000.0,9.0,,,,,,,,,,,,,
ridge_medium,100000,2,evaluation,50,4,-0.131623132177013,-0.0191130715132793,-0.0159163369562895,0.0235278750187717,-0.1507362036902924,-0.1475394691333026,1.0,16.0,2670.0,6250.0,0.0,0.04902,1.0247836828841193,0.0,100000.0,16.0,,,,,,,,,,,,,
ridge_medium,100000,2,evaluation,50,5,-0.131623132177013,-0.0311180330206945,-0.0270332949209241,0.022121917019831,-0.1627411651977076,-0.1586564270979372,1.0,25.0,1954.0,4000.0,0.0,0.06,1.0305334271807676,0.0,100000.0,25.0,,,,,,,,,,,,,
ridge_medium,100000,2,evaluation,50,6,-0.131623132177013,-0.0382065519543205,-0.0333046710948936,0.0210529169999063,-0.1698296841313336,-0.1649278032719066,1.0,36.0,948.0,2777.777777777778,0.0,0.07242,1.0368791062185356,0.0,100000.0,36.0,,,,,,,,,,,,,
ridge_medium,100000,2,evaluation,50,7,-0.131623132177013,-0.0454435218795021,-0.039918369442304,0.0216165419842582,-0.1770666540565151,-0.1715415016193171,1.0,49.0,765.0,2040.8163265306123,0.0,0.0839,1.0430723310361465,0.0,100000.0,49.0,,,,,,,,,,,,,
ridge_medium,100000,2,evaluation,51,1,-0.131623132177013,0.1253140348495639,0.1261569525535899,0.0230700419924687,-0.0063090973274491,-0.0054661796234231,1.0,1.0,100000.0,100000.0,0.0,0.01266,1.006378295524374,0.0,100000.0,1.0,,,,,,,,,,,,,
ridge_medium,100000,2,evaluation,51,2,-0.131623132177013,0.0579413951644645,0.0597839939913839,0.023573040991323,-0.0736817370125485,-0.071839138185629,1.0,4.0,17942.0,25000.0,0.0,0.02463,1.0125418335801573,0.0,100000.0,4.0,,,,,,,,,,,,,
ridge_medium,100000,2,evaluation,51,3,-0.131623132177013,-0.0112570428487671,-0.0086119828279967,0.0221580000070389,-0.1428801750257802,-0.1402351150050098,1.0,9.0,8253.0,11111.111111111111,0.0,0.037,1.0186988868222149,0.0,100000.0,9.0,,,,,,,,,,,,,
ridge_medium,100000,2,evaluation,51,4,-0.131623132177013,-0.020613192515354,-0.0173750301352351,0.0237484170065727,-0.1522363246923671,-0.1489981623122482,1.0,16.0,2638.0,6250.0,0.0,0.04895,1.0250620907884,0.0,100000.0,16.0,,,,,,,,,,,,,
ridge_medium,100000,2,evaluation,51,5,-0.131623132177013,-0.0324754017217834,-0.0279432851135819,0.0226940420106984,-0.1640985338987965,-0.159566417290595,1.0,25.0,1943.0,4000.0,0.0,0.06042,1.0310353643489816,0.0,100000.0,25.0,,,,,,,,,,,,,
ridge_medium,100000,2,evaluation,51,6,-0.131623132177013,-0.0395086091074607,-0.0343090709579977,0.021149583015358,-0.1711317412844737,-0.1659322031350108,1.0,36.0,965.0,2777.777777777778,0.0,0.07228,1.0371892821574162,0.0,100000.0,36.0,,,,,,,,,,,,,
ridge_medium,100000,2,evaluation,51,7,-0.131623132177013,-0.0468339896130896,-0.0403766385184676,0.0215948749973904,-0.1784571217901026,-0.1719997706954807,1.0,49.0,774.0,2040.8163265306123,0.0,0.08459,1.042990052506538,0.0,100000.0,49.0,,,,,,,,,,,,,
ridge_medium,100000,2,evaluation,52,1,-0.131623132177013,0.1253925295324958,0.1261342845965025,0.0228720000013709,-0.0062306026445172,-0.0054888475805105,1.0,1.0,100000.0,100000.0,0.0,0.01258,1.0063159516294369,0.0,100000.0,1.0,,,,,,,,,,,,,
ridge_medium,100000,2,evaluation,52,2,-0.131623132177013,0.0566356332102373,0.0584383576100494,0.0230757500103209,-0.0749874989667757,-0.0731847745669635,1.0,4.0,17743.0,25000.0,0.0,0.02512,1.0125198186705242,0.0,100000.0,4.0,,,,,,,,,,,,,
ridge_medium,100000,2,evaluation,52,3,-0.131623132177013,-0.0114068905719341,-0.0086982445700658,0.0219872499874327,-0.1430300227489472,-0.1403213767470789,1.0,9.0,8246.0,11111.111111111111,0.0,0.03721,1.0185654638344903,0.0,100000.0,9.0,,,,,,,,,,,,,
ridge_medium,100000,2,evaluation,52,4,-0.131623132177013,-0.0197887795308445,-0.0162310829859765,0.0231930409790948,-0.1514119117078576,-0.1478542151629895,1.0,16.0,2615.0,6250.0,0.0,0.04937,1.0246780094358388,0.0,100000.0,16.0,,,,,,,,,,,,,
ridge_medium,100000,2,evaluation,52,5,-0.131623132177013,-0.0312831860923079,-0.0273602597485639,0.0220084999746177,-0.162906318269321,-0.158983391925577,1.0,25.0,1940.0,4000.0,0.0,0.06054,1.031023801052057,0.0,100000.0,25.0,,,,,,,,,,,,,
ridge_medium,100000,2,evaluation,52,6,-0.131623132177013,-0.0398621949179792,-0.034396950151325,0.0208685410034377,-0.1714853270949923,-0.1660200823283381,1.0,36.0,919.0,2777.777777777778,0.0,0.07196,1.0363232247586445,0.0,100000.0,36.0,,,,,,,,,,,,,
ridge_medium,100000,2,evaluation,52,7,-0.131623132177013,-0.0471833727549856,-0.041006885973983,0.0215184169937856,-0.1788065049319987,-0.1726300181509961,1.0,49.0,747.0,2040.8163265306123,0.0,0.08315,1.0430337319650005,0.0,100000.0,49.0,,,,,,,,,,,,,
ridge_medium,100000,2,evaluation,53,1,-0.131623132177013,0.1251323745832188,0.126026394633085,0.0236814579984638,-0.0064907575937942,-0.005596737543928,1.0,1.0,100000.0,100000.0,0.0,0.01238,1.0062571286022008,0.0,100000.0,1.0,,,,,,,,,,,,,
ridge_medium,100000,2,evaluation,53,2,-0.131623132177013,0.0584397069940352,0.0600153101081152,0.0233846670016646,-0.0731834251829778,-0.0716078220688978,1.0,4.0,17934.0,25000.0,0.0,0.02448,1.0124563490422018,0.0,100000.0,4.0,,,,,,,,,,,,,
ridge_medium,100000,2,evaluation,53,3,-0.131623132177013,-0.0096178140418889,-0.00658975634687,0.0227829579962417,-0.141240946218902,-0.1382128885238831,1.0,9.0,8362.0,11111.111111111111,0.0,0.03678,1.0185407460490716,0.0,100000.0,9.0,,,,,,,,,,,,,
ridge_medium,100000,2,evaluation,53,4,-0.131623132177013,-0.0200067454684615,-0.0162454160424529,0.02401279201149,-0.1516298776454746,-0.147868548219466,1.0,16.0,2636.0,6250.0,0.0,0.04911,1.0246727019111996,0.0,100000.0,16.0,,,,,,,,,,,,,
ridge_medium,100000,2,evaluation,53,5,-0.131623132177013,-0.0308637416228028,-0.0262436612746463,0.0222718340228311,-0.1624868737998159,-0.1578667934516594,1.0,25.0,1981.0,4000.0,0.0,0.06055,1.0307335648186724,0.0,100000.0,25.0,,,,,,,,,,,,,
ridge_medium,100000,2,evaluation,53,6,-0.131623132177013,-0.0381088195018865,-0.0327702188323731,0.0212064170045778,-0.1697319516788996,-0.1643933510093862,1.0,36.0,971.0,2777.777777777778,0.0,0.07225,1.0369542041673978,0.0,100000.0,36.0,,,,,,,,,,,,,
ridge_medium,100000,2,evaluation,53,7,-0.131623132177013,-0.0452848349050818,-0.0392622215800337,0.0215069999976549,-0.1769079670820948,-0.1708853537570468,1.0,49.0,794.0,2040.8163265306123,0.0,0.08391,1.0432287693147884,0.0,100000.0,49.0,,,,,,,,,,,,,
ridge_medium,100000,2,evaluation,54,1,-0.131623132177013,0.1254023963115715,0.126306251876224,0.0245552080159541,-0.0062207358654415,-0.005316880300789,1.0,1.0,100000.0,100000.0,0.0,0.01244,1.006258199332737,0.0,100000.0,1.0,,,,,,,,,,,,,
ridge_medium,100000,2,evaluation,54,2,-0.131623132177013,0.0573930987239274,0.0589905083476537,0.0245670000149402,-0.0742300334530856,-0.0726326238293593,1.0,4.0,17731.0,25000.0,0.0,0.02474,1.0125977397733452,0.0,100000.0,4.0,,,,,,,,,,,,,
ridge_medium,100000,2,evaluation,54,3,-0.131623132177013,-0.0084381989578685,-0.0057852651765614,0.0281155830016359,-0.1400613311348816,-0.1374083973535745,1.0,9.0,8314.0,11111.111111111111,0.0,0.03748,1.018757393939929,0.0,100000.0,9.0,,,,,,,,,,,,,
ridge_medium,100000,2,evaluation,54,4,-0.131623132177013,-0.0181222607267074,-0.0148719159959639,0.02571808398352,-0.1497453929037205,-0.146495048172977,1.0,16.0,2657.0,6250.0,0.0,0.04856,1.025087518784794,0.0,100000.0,16.0,,,,,,,,,,,,,
ridge_medium,100000,2,evaluation,54,5,-0.131623132177013,-0.0289716034525938,-0.024404431717025,0.0302267920051235,-0.1605947356296069,-0.156027563894038,1.0,25.0,1941.0,4000.0,0.0,0.06091,1.030970658383472,0.0,100000.0,25.0,,,,,,,,,,,,,
ridge_medium,100000,2,evaluation,54,6,-0.131623132177013,-0.036911360865322,-0.0316352334629059,0.0308527910092379,-0.1685344930423351,-0.163258365639919,1.0,36.0,927.0,2777.777777777778,0.0,0.07234,1.037250381813471,0.0,100000.0,36.0,,,,,,,,,,,,,
ridge_medium,100000,2,evaluation,54,7,-0.131623132177013,-0.0435043981466898,-0.0374487727545744,0.0267573749879375,-0.1751275303237028,-0.1690719049315875,1.0,49.0,788.0,2040.8163265306123,0.0,0.08383,1.042974741844237,0.0,100000.0,49.0,,,,,,,,,,,,,
ridge_medium,100000,2,evaluation,55,1,-0.131623132177013,0.1252635268996995,0.1261320176746713,0.0244578749989159,-0.0063596052773135,-0.0054911145023417,1.0,1.0,100000.0,100000.0,0.0,0.01265,1.006299299334818,0.0,100000.0,1.0,,,,,,,,,,,,,
ridge_medium,100000,2,evaluation,55,2,-0.131623132177013,0.0578334332164471,0.0594984216741521,0.0252216669905465,-0.0737896989605659,-0.0721247105028609,1.0,4.0,17870.0,25000.0,0.0,0.02471,1.0124101276246795,0.0,100000.0,4.0,,,,,,,,,,,,,
ridge_medium,100000,2,evaluation,55,3,-0.131623132177013,-0.008268473259508,-0.0058135702041067,0.0274066249839961,-0.1398916054365211,-0.1374367023811198,1.0,9.0,8323.0,11111.111111111111,0.0,0.03696,1.0188691003232957,0.0,100000.0,9.0,,,,,,,,,,,,,
ridge_medium,100000,2,evaluation,55,4,-0.131623132177013,-0.0185662603050349,-0.014944576880452,0.02635349999764,-0.150189392482048,-0.146567709057465,1.0,16.0,2673.0,6250.0,0.0,0.04904,1.0247498838621432,0.0,100000.0,16.0,,,,,,,,,,,,,
ridge_medium,100000,2,evaluation,55,5,-0.131623132177013,-0.0294560902920976,-0.0253718762968227,0.0244933329813648,-0.1610792224691107,-0.1569950084738358,1.0,25.0,1946.0,4000.0,0.0,0.06105,1.0309238234757057,0.0,100000.0,25.0,,,,,,,,,,,,,
ridge_medium,100000,2,evaluation,55,6,-0.131623132177013,-0.0363364503813139,-0.0317505722071488,0.0256127499742433,-0.167959582558327,-0.1633737043841619,1.0,36.0,951.0,2777.777777777778,0.0,0.07202,1.0369197777017136,0.0,100000.0,36.0,,,,,,,,,,,,,
ridge_medium,100000,2,evaluation,55,7,-0.131623132177013,-0.0440371545527673,-0.0376163207717377,0.0240058330236934,-0.1756602867297804,-0.1692394529487508,1.0,49.0,814.0,2040.8163265306123,0.0,0.08496,1.0426420092122302,0.0,100000.0,49.0,,,,,,,,,,,,,
ridge_medium,100000,2,evaluation,56,1,-0.131623132177013,0.1253538167525902,0.1262739363595445,0.0259609589993488,-0.0062693154244227,-0.0053491958174685,1.0,1.0,100000.0,100000.0,0.0,0.01245,1.0061478459799165,0.0,100000.0,1.0,,,,,,,,,,,,,
ridge_medium,100000,2,evaluation,56,2,-0.131623132177013,0.0572373062129101,0.0591796234239842,0.0279384999885223,-0.0743858259641029,-0.0724435087530288,1.0,4.0,17857.0,25000.0,0.0,0.02503,1.0124296856165451,0.0,100000.0,4.0,,,,,,,,,,,,,
ridge_medium,100000,2,evaluation,56,3,-0.131623132177013,-0.0085004362540279,-0.0060058830046727,0.026935957983369,-0.140123568431041,-0.1376290151816858,1.0,9.0,8369.0,11111.111111111111,0.0,0.03674,1.0186775185477086,0.0,100000.0,9.0,,,,,,,,,,,,,
ridge_medium,100000,2,evaluation,56,4,-0.131623132177013,-0.0191008765081523,-0.0151982856119653,0.0258430839749053,-0.1507240086851654,-0.1468214177889784,1.0,16.0,2692.0,6250.0,0.0,0.04912,1.024834066161228,0.0,100000.0,16.0,,,,,,,,,,,,,
ridge_medium,100000,2,evaluation,56,5,-0.131623132177013,-0.0305687369047077,-0.0260463143704755,0.0263021660211961,-0.1621918690817208,-0.1576694465474885,1.0,25.0,1964.0,4000.0,0.0,0.06061,1.0307158437214785,0.0,100000.0,25.0,,,,,,,,,,,,,
ridge_medium,100000,2,evaluation,56,6,-0.131623132177013,-0.0372195700470731,-0.0319479348411942,0.0238577090203762,-0.1688427022240861,-0.1635710670182072,1.0,36.0,937.0,2777.777777777778,0.0,0.07213,1.0370654921694964,0.0,100000.0,36.0,,,,,,,,,,,,,
ridge_medium,100000,2,evaluation,56,7,-0.131623132177013,-0.0447464744900908,-0.0384362994712693,0.0247782920196186,-0.1763696066671038,-0.1700594316482824,1.0,49.0,790.0,2040.8163265306123,0.0,0.08445,1.0430250326597534,0.0,100000.0,49.0,,,,,,,,,,,,,
ridge_medium,100000,2,evaluation,57,1,-0.131623132177013,0.1251271832445142,0.1261035513379838,0.0279451249807607,-0.0064959489324988,-0.0055195808390292,1.0,1.0,100000.0,100000.0,0.0,0.01268,1.006406612062275,0.0,100000.0,1.0,,,,,,,,,,,,,
ridge_medium,100000,2,evaluation,57,2,-0.131623132177013,0.0590956177596879,0.0608780228530042,0.0305539169930852,-0.072527514417325,-0.0707451093240088,1.0,4.0,17899.0,25000.0,0.0,0.02505,1.0125789939912713,0.0,100000.0,4.0,,,,,,,,,,,,,
ridge_medium,100000,2,evaluation,57,3,-0.131623132177013,-0.0077169860411349,-0.0050539506371548,0.0286305419867858,-0.139340118218148,-0.1366770828141679,1.0,9.0,8374.0,11111.111111111111,0.0,0.03722,1.0189848902344265,0.0,100000.0,9.0,,,,,,,,,,,,,
ridge_medium,100000,2,evaluation,57,4,-0.131623132177013,-0.0168265958340209,-0.0134933245580041,0.0294264170224778,-0.148449728011034,-0.1451164567350172,1.0,16.0,2676.0,6250.0,0.0,0.0489,1.0248186069080705,0.0,100000.0,16.0,,,,,,,,,,,,,
ridge_medium,100000,2,evaluation,57,5,-0.131623132177013,-0.0287141842581937,-0.0239003383862823,0.0288481659954413,-0.1603373164352068,-0.1555234705632953,1.0,25.0,1947.0,4000.0,0.0,0.06031,1.0303960551063582,0.0,100000.0,25.0,,,,,,,,,,,,,
ridge_medium,100000,2,evaluation,57,6,-0.131623132177013,-0.0363667824626022,-0.0307968312831728,0.0238695000007282,-0.1679899146396153,-0.1624199634601859,1.0,36.0,932.0,2777.777777777778,0.0,0.0729,1.0371478753644308,0.0,100000.0,36.0,,,,,,,,,,,,,
ridge_medium,100000,2,evaluation,57,7,-0.131623132177013,-0.0428942807984277,-0.0365624506471068,0.0263631250127218,-0.1745174129754408,-0.1681855828241198,1.0,49.0,804.0,2040.8163265306123,0.0,0.08418,1.0429575363051038,0.0,100000.0,49.0,,,,,,,,,,,,,
ridge_medium,100000,2,evaluation,58,1,-0.131623132177013,0.1253269389832679,0.1262515945954504,0.0292526249832008,-0.0062961931937451,-0.0053715375815626,1.0,1.0,100000.0,100000.0,0.0,0.01259,1.0061593081332758,0.0,100000.0,1.0,,,,,,,,,,,,,
ridge_medium,100000,2,evaluation,58,2,-0.131623132177013,0.058444935276346,0.0601856836152085,0.0290917500096838,-0.073178196900667,-0.0714374485618044,1.0,4.0,17724.0,25000.0,0.0,0.02514,1.0123031836085212,0.0,100000.0,4.0,,,,,,,,,,,,,
ridge_medium,100000,2,evaluation,58,3,-0.131623132177013,-0.0077649361730045,-0.0051474873222216,0.0242631250002887,-0.1393880683500176,-0.1367706194992347,1.0,9.0,8280.0,11111.111111111111,0.0,0.03708,1.0186297594625142,0.0,100000.0,9.0,,,,,,,,,,,,,
ridge_medium,100000,2,evaluation,58,4,-0.131623132177013,-0.0177003137802407,-0.0142177177893582,0.0272897499962709,-0.1493234459572538,-0.1458408499663713,1.0,16.0,2639.0,6250.0,0.0,0.04879,1.0245571208085131,0.0,100000.0,16.0,,,,,,,,,,,,,
ridge_medium,100000,2,evaluation,58,5,-0.131623132177013,-0.0280829454046639,-0.0235997325892043,0.0276741659909021,-0.159706077581677,-0.1552228647662173,1.0,25.0,1932.0,4000.0,0.0,0.06052,1.0307722176890084,0.0,100000.0,25.0,,,,,,,,,,,,,
ridge_medium,100000,2,evaluation,58,6,-0.131623132177013,-0.0344109724514078,-0.0295662471058079,0.0240499170031398,-0.1660341046284209,-0.161189379282821,1.0,36.0,976.0,2777.777777777778,0.0,0.07169,1.0361909465164794,0.0,100000.0,36.0,,,,,,,,,,,,,
ridge_medium,100000,2,evaluation,58,7,-0.131623132177013,-0.0422191380269067,-0.0362103436977316,0.0228344170027412,-0.1738422702039198,-0.1678334758747447,1.0,49.0,779.0,2040.8163265306123,0.0,0.08375,1.0426549648258117,0.0,100000.0,49.0,,,,,,,,,,,,,
ridge_medium,100000,2,evaluation,59,1,-0.131623132177013,0.1253759088673815,0.1262172516083467,0.02604208298726,-0.0062472233096315,-0.0054058805686663,1.0,1.0,100000.0,100000.0,0.0,0.01261,1.0064564340712852,0.0,100000.0,1.0,,,,,,,,,,,,,
ridge_medium,100000,2,evaluation,59,2,-0.131623132177013,0.0579399655103312,0.0597388195334867,0.0264252909983042,-0.0736831666666818,-0.0718843126435263,1.0,4.0,17751.0,25000.0,0.0,0.0249,1.0126520429481771,0.0,100000.0,4.0,,,,,,,,,,,,,
ridge_medium,100000,2,evaluation,59,3,-0.131623132177013,-0.0079565784880314,-0.0051928065222525,0.0272685420059133,-0.1395797106650445,-0.1368159386992656,1.0,9.0,8277.0,11111.111111111111,0.0,0.03713,1.018672391199842,0.0,100000.0,9.0,,,,,,,,,,,,,
ridge_medium,100000,2,evaluation,59,4,-0.131623132177013,-0.0173392908082263,-0.0141526403545395,0.0267523330112453,-0.1489624229852394,-0.1457757725315526,1.0,16.0,2638.0,6250.0,0.0,0.04887,1.0248468117125449,0.0,100000.0,16.0,,,,,,,,,,,,,
ridge_medium,100000,2,evaluation,59,5,-0.131623132177013,-0.0289444623727359,-0.0245427042370991,0.0275742500089108,-0.160567594549749,-0.1561658364141122,1.0,25.0,1926.0,4000.0,0.0,0.06084,1.030872677991866,0.0,100000.0,25.0,,,,,,,,,,,,,
ridge_medium,100000,2,evaluation,59,6,-0.131623132177013,-0.0359605896417673,-0.0305715697619564,0.0223615419818088,-0.1675837218187804,-0.1621947019389695,1.0,36.0,935.0,2777.777777777778,0.0,0.07278,1.037061906797366,0.0,100000.0,36.0,,,,,,,,,,,,,
ridge_medium,100000,2,evaluation,59,7,-0.131623132177013,-0.043740627094602,-0.0368264346232977,0.0262853339954745,-0.1753637592716151,-0.1684495668003108,1.0,49.0,795.0,2040.8163265306123,0.0,0.08365,1.0427458333848811,0.0,100000.0,49.0,,,,,,,,,,,,,
ridge_medium,100000,2,evaluation,60,1,-0.131623132177013,0.125364178326713,0.1262558542293483,0.0270560829958412,-0.0062589538503,-0.0053672779476647,1.0,1.0,100000.0,100000.0,0.0,0.01261,1.0062889109873872,0.0,100000.0,1.0,,,,,,,,,,,,,
ridge_medium,100000,2,evaluation,60,2,-0.131623132177013,0.0573471858907026,0.0590232076421265,0.0288757500238716,-0.0742759462863104,-0.0725999245348865,1.0,4.0,17748.0,25000.0,0.0,0.02501,1.0126825210947477,0.0,100000.0,4.0,,,,,,,,,,,,,
ridge_medium,100000,2,evaluation,60,3,-0.131623132177013,-0.0103110130871796,-0.0080460982226817,0.0259167920157779,-0.1419341452641927,-0.1396692303996947,1.0,9.0,8261.0,11111.111111111111,0.0,0.0366,1.018641266143997,0.0,100000.0,9.0,,,,,,,,,,,,,
ridge_medium,100000,2,evaluation,60,4,-0.131623132177013,-0.019124195563082,-0.0159990071099324,0.0289830830006394,-0.1507473277400951,-0.1476221392869454,1.0,16.0,2665.0,6250.0,0.0,0.04862,1.0246945620058667,0.0,100000.0,16.0,,,,,,,,,,,,,
ridge_medium,100000,2,evaluation,60,5,-0.131623132177013,-0.0305249966956387,-0.0260046568991817,0.0246940409997478,-0.1621481288726518,-0.1576277890761948,1.0,25.0,1952.0,4000.0,0.0,0.06062,1.0303737562237512,0.0,100000.0,25.0,,,,,,,,,,,,,
ridge_medium,100000,2,evaluation,60,6,-0.131623132177013,-0.0375506587726531,-0.0326866154663986,0.0234314999834168,-0.1691737909496662,-0.1643097476434117,1.0,36.0,918.0,2777.777777777778,0.0,0.07191,1.0367532466311669,0.0,100000.0,36.0,,,,,,,,,,,,,
ridge_medium,100000,2,evaluation,60,7,-0.131623132177013,-0.0452810285003218,-0.039273847696489,0.0243415829900186,-0.1769041606773349,-0.1708969798735021,1.0,49.0,785.0,2040.8163265306123,0.0,0.08438,1.043436377524528,0.0,100000.0,49.0,,,,,,,,,,,,,
ridge_medium,100000,2,evaluation,61,1,-0.131623132177013,0.1254129825075358,0.1262023970541532,0.0237324589979834,-0.0062101496694772,-0.0054207351228598,1.0,1.0,100000.0,100000.0,0.0,0.01235,1.0063160066374348,0.0,100000.0,1.0,,,,,,,,,,,,,
ridge_medium,100000,2,evaluation,61,2,-0.131623132177013,0.0570454941068431,0.0585841290794642,0.0238794580218382,-0.0745776380701699,-0.0730390030975488,1.0,4.0,17801.0,25000.0,0.0,0.02469,1.012515155008479,0.0,100000.0,4.0,,,,,,,,,,,,,
ridge_medium,100000,2,evaluation,61,3,-0.131623132177013,-0.0113710148134028,-0.0090214387243454,0.0220632920099888,-0.1429941469904159,-0.1406445709013585,1.0,9.0,8389.0,11111.111111111111,0.0,0.03688,1.018888901247816,0.0,100000.0,9.0,,,,,,,,,,,,,
ridge_medium,100000,2,evaluation,61,4,-0.131623132177013,-0.0210444862327974,-0.0179211974239147,0.0305870409938506,-0.1526676184098105,-0.1495443296009278,1.0,16.0,2582.0,6250.0,0.0,0.04822,1.0248221767483918,0.0,100000.0,16.0,,,,,,,,,,,,,
ridge_medium,100000,2,evaluation,61,5,-0.131623132177013,-0.0315539289659826,-0.027540578291801,0.0260837500100024,-0.1631770611429956,-0.159163710468814,1.0,25.0,1947.0,4000.0,0.0,0.06048,1.0309337472763542,0.0,100000.0,25.0,,,,,,,,,,,,,
ridge_medium,100000,2,evaluation,61,6,-0.131623132177013,-0.0396275657413609,-0.0346718338191103,0.026342500001192,-0.171250697918374,-0.1662949659961234,1.0,36.0,931.0,2777.777777777778,0.0,0.07204,1.0370218464273862,0.0,100000.0,36.0,,,,,,,,,,,,,
ridge_medium,100000,2,evaluation,61,7,-0.131623132177013,-0.0472089766436766,-0.0408359804769068,0.0250397079798858,-0.1788321088206896,-0.1724591126539199,1.0,49.0,790.0,2040.8163265306123,0.0,0.08316,1.042425543166987,0.0,100000.0,49.0,,,,,,,,,,,,,
ridge_medium,100000,2,evaluation,62,1,-0.131623132177013,0.1252817261346673,0.1261774105125512,0.0244942500139586,-0.0063414060423457,-0.0054457216644618,1.0,1.0,100000.0,100000.0,0.0,0.01237,1.0062802345142656,0.0,100000.0,1.0,,,,,,,,,,,,,
ridge_medium,100000,2,evaluation,62,2,-0.131623132177013,0.0584478836689319,0.0600335806075553,0.0292582080001011,-0.0731752485080811,-0.0715895515694577,1.0,4.0,17854.0,25000.0,0.0,0.02478,1.0125934799228662,0.0,100000.0,4.0,,,,,,,,,,,,,
ridge_medium,100000,2,evaluation,62,3,-0.131623132177013,-0.0075944248629024,-0.0053540032383362,0.0242934580019209,-0.1392175570399154,-0.1369771354153493,1.0,9.0,8327.0,11111.111111111111,0.0,0.03685,1.0189404539906175,0.0,100000.0,9.0,,,,,,,,,,,,,
ridge_medium,100000,2,evaluation,62,4,-0.131623132177013,-0.0167329910617999,-0.0136540023885919,0.0259822089865338,-0.148356123238813,-0.145277134565605,1.0,16.0,2636.0,6250.0,0.0,0.04836,1.0249207395903337,0.0,100000.0,16.0,,,,,,,,,,,,,
ridge_medium,100000,2,evaluation,62,5,-0.131623132177013,-0.0280594745194737,-0.0237897971544793,0.0275255410233512,-0.1596826066964868,-0.1554129293314924,1.0,25.0,1934.0,4000.0,0.0,0.06047,1.030714940622155,0.0,100000.0,25.0,,,,,,,,,,,,,
ridge_medium,100000,2,evaluation,62,6,-0.131623132177013,-0.0344479846702827,-0.0299591291838337,0.0241197500145062,-0.1660711168472957,-0.1615822613608468,1.0,36.0,970.0,2777.777777777778,0.0,0.07189,1.0369166919836943,0.0,100000.0,36.0,,,,,,,,,,,,,
ridge_medium,100000,2,evaluation,62,7,-0.131623132177013,-0.0423709913925973,-0.0367587391510591,0.0234292079985607,-0.1739941235696104,-0.1683818713280722,1.0,49.0,770.0,2040.8163265306123,0.0,0.08319,1.0432304653847684,0.0,100000.0,49.0,,,,,,,,,,,,,
ridge_medium,100000,2,evaluation,63,1,-0.131623132177013,0.1250734637919267,0.1260418453399276,0.0268287920043803,-0.0065496683850863,-0.0055812868370854,1.0,1.0,100000.0,100000.0,0.0,0.0125,1.0063769958996671,0.0,100000.0,1.0,,,,,,,,,,,,,
ridge_medium,100000,2,evaluation,63,2,-0.131623132177013,0.057268706386241,0.058892165507456,0.0279807499900925,-0.074354425790772,-0.072730966669557,1.0,4.0,17758.0,25000.0,0.0,0.02491,1.0125772627366232,0.0,100000.0,4.0,,,,,,,,,,,,,
ridge_medium,100000,2,evaluation,63,3,-0.131623132177013,-0.0103419736615889,-0.0076564438736569,0.0283615829830523,-0.141965105838602,-0.1392795760506699,1.0,9.0,8310.0,11111.111111111111,0.0,0.03701,1.0187880324824667,0.0,100000.0,9.0,,,,,,,,,,,,,
ridge_medium,100000,2,evaluation,63,4,-0.131623132177013,-0.020644277379185,-0.0173902215726591,0.0259712499973829,-0.1522674095561981,-0.1490133537496722,1.0,16.0,2647.0,6250.0,0.0,0.04893,1.0249529300060904,0.0,100000.0,16.0,,,,,,,,,,,,,
ridge_medium,100000,2,evaluation,63,5,-0.131623132177013,-0.0312590032162497,-0.0271193250817954,0.027596750005614,-0.1628821353932628,-0.1587424572588085,1.0,25.0,1929.0,4000.0,0.0,0.06043,1.0309153064706351,0.0,100000.0,25.0,,,,,,,,,,,,,
ridge_medium,100000,2,evaluation,63,6,-0.131623132177013,-0.0388484012277677,-0.0331118772594203,0.023808416997781,-0.1704715334047807,-0.1647350094364334,1.0,36.0,965.0,2777.777777777778,0.0,0.07257,1.0367433009690838,0.0,100000.0,36.0,,,,,,,,,,,,,
ridge_medium,100000,2,evaluation,63,7,-0.131623132177013,-0.0459336839646426,-0.0397145417719364,0.0227469580131582,-0.1775568161416557,-0.1713376739489495,1.0,49.0,783.0,2040.8163265306123,0.0,0.08341,1.0428112054271947,0.0,100000.0,49.0,,,,,,,,,,,,,
ridge_medium,100000,2,evaluation,64,1,-0.131623132177013,0.12515194930762,0.1260572131472814,0.0279426659981254,-0.006471182869393,-0.0055659190297316,1.0,1.0,100000.0,100000.0,0.0,0.01265,1.0063482978234035,0.0,100000.0,1.0,,,,,,,,,,,,,
ridge_medium,100000,2,evaluation,64,2,-0.131623132177013,0.0566377363916357,0.0582195754527122,0.0287265829974785,-0.0749853957853773,-0.0734035567243008,1.0,4.0,17762.0,25000.0,0.0,0.02449,1.012295079758556,0.0,100000.0,4.0,,,,,,,,,,,,,
ridge_medium,100000,2,evaluation,64,3,-0.131623132177013,-0.0110405278875865,-0.0084378109235098,0.0251424589951057,-0.1426636600645996,-0.1400609431005229,1.0,9.0,8324.0,11111.111111111111,0.0,0.03699,1.0185741124742245,0.0,100000.0,9.0,,,,,,,,,,,,,
ridge_medium,100000,2,evaluation,64,4,-0.131623132177013,-0.0214053907066888,-0.0177904837217898,0.0305815000028815,-0.1530285228837019,-0.1494136158988029,1.0,16.0,2616.0,6250.0,0.0,0.04882,1.024428311088109,0.0,100000.0,16.0,,,,,,,,,,,,,
ridge_medium,100000,2,evaluation,64,5,-0.131623132177013,-0.0322487430270046,-0.027462393962664,0.0310884999926202,-0.1638718752040177,-0.1590855261396771,1.0,25.0,1952.0,4000.0,0.0,0.06084,1.030470587065181,0.0,100000.0,25.0,,,,,,,,,,,,,
ridge_medium,100000,2,evaluation,64,6,-0.131623132177013,-0.0397676954654775,-0.0343657426246801,0.0233438329887576,-0.1713908276424905,-0.1659888748016932,1.0,36.0,963.0,2777.777777777778,0.0,0.07198,1.0368828811335569,0.0,100000.0,36.0,,,,,,,,,,,,,
ridge_medium,100000,2,evaluation,64,7,-0.131623132177013,-0.0474353528131656,-0.0411734197012129,0.0220793750195298,-0.1790584849901787,-0.172796551878226,1.0,49.0,790.0,2040.8163265306123,0.0,0.08373,1.042954797918762,0.0,100000.0,49.0,,,,,,,,,,,,,
ridge_medium,100000,2,evaluation,65,1,-0.131623132177013,0.1253822221414179,0.1262699075642804,0.026403041993035,-0.0062409100355951,-0.0053532246127326,1.0,1.0,100000.0,100000.0,0.0,0.01235,1.006272751282913,0.0,100000.0,1.0,,,,,,,,,,,,,
ridge_medium,100000,2,evaluation,65,2,-0.131623132177013,0.0580243235193855,0.0601126684311977,0.0256052080076187,-0.0735988086576274,-0.0715104637458153,1.0,4.0,17845.0,25000.0,0.0,0.02502,1.012406145078229,0.0,100000.0,4.0,,,,,,,,,,,,,
ridge_medium,100000,2,evaluation,65,3,-0.131623132177013,-0.0081135570319119,-0.0057304398546412,0.0260314579936675,-0.139736689208925,-0.1373535720316543,1.0,9.0,8304.0,11111.111111111111,0.0,0.03723,1.0191757498508196,0.0,100000.0,9.0,,,,,,,,,,,,,
ridge_medium,100000,2,evaluation,65,4,-0.131623132177013,-0.017760933853758,-0.0142630271075928,0.0265917919750791,-0.1493840660307711,-0.1458861592846059,1.0,16.0,2622.0,6250.0,0.0,0.04846,1.0245541186742722,0.0,100000.0,16.0,,,,,,,,,,,,,
ridge_medium,100000,2,evaluation,65,5,-0.131623132177013,-0.0295124246301667,-0.0246591125538748,0.0243162919941823,-0.1611355568071798,-0.1562822447308879,1.0,25.0,1957.0,4000.0,0.0,0.06039,1.0305547189509778,0.0,100000.0,25.0,,,,,,,,,,,,,
ridge_medium,100000,2,evaluation,65,6,-0.131623132177013,-0.0365990259121445,-0.03100525000646,0.0218055000004824,-0.1682221580891576,-0.162628382183473,1.0,36.0,959.0,2777.777777777778,0.0,0.0723,1.0368439343857954,0.0,100000.0,36.0,,,,,,,,,,,,,
ridge_medium,100000,2,evaluation,65,7,-0.131623132177013,-0.0440586063393145,-0.037651551445154,0.0234083750110585,-0.1756817385163276,-0.1692746836221671,1.0,49.0,809.0,2040.8163265306123,0.0,0.08301,1.043006503282829,0.0,100000.0,49.0,,,,,,,,,,,,,
ridge_medium,100000,2,evaluation,66,1,-0.131623132177013,0.1248671398452453,0.1260146315437583,0.025084875000175,-0.0067559923317677,-0.0056085006332547,1.0,1.0,100000.0,100000.0,0.0,0.01258,1.0062934932971626,0.0,100000.0,1.0,,,,,,,,,,,,,
ridge_medium,100000,2,evaluation,66,2,-0.131623132177013,0.0573446937542876,0.0595510159671659,0.0282697079819627,-0.0742784384227253,-0.0720721162098471,1.0,4.0,17685.0,25000.0,0.0,0.02489,1.0123691558270185,0.0,100000.0,4.0,,,,,,,,,,,,,
ridge_medium,100000,2,evaluation,66,3,-0.131623132177013,-0.0078213237510303,-0.0049201067336353,0.0260611250123474,-0.1394444559280434,-0.1365432389106484,1.0,9.0,8348.0,11111.111111111111,0.0,0.03668,1.0185272038600368,0.0,100000.0,9.0,,,,,,,,,,,,,
ridge_medium,100000,2,evaluation,66,4,-0.131623132177013,-0.0171536863970313,-0.0135404773866521,0.0238079999980982,-0.1487768185740444,-0.1451636095636652,1.0,16.0,2637.0,6250.0,0.0,0.0491,1.0245958720329644,0.0,100000.0,16.0,,,,,,,,,,,,,
ridge_medium,100000,2,evaluation,66,5,-0.131623132177013,-0.0285984189942547,-0.0243306054268212,0.0249041659990325,-0.1602215511712678,-0.1559537376038343,1.0,25.0,1958.0,4000.0,0.0,0.06027,1.0306111502828024,0.0,100000.0,25.0,,,,,,,,,,,,,
ridge_medium,100000,2,evaluation,66,6,-0.131623132177013,-0.0360364768722822,-0.0303595808323024,0.0224321669957134,-0.1676596090492953,-0.1619827130093155,1.0,36.0,982.0,2777.777777777778,0.0,0.07181,1.0365595823538811,0.0,100000.0,36.0,,,,,,,,,,,,,
ridge_medium,100000,2,evaluation,66,7,-0.131623132177013,-0.0435847131434276,-0.0371534563626992,0.0222764579812064,-0.1752078453204406,-0.1687765885397123,1.0,49.0,784.0,2040.8163265306123,0.0,0.08406,1.0430056148221147,0.0,100000.0,49.0,,,,,,,,,,,,,
ridge_medium,100000,2,evaluation,67,1,-0.131623132177013,0.125222007458646,0.126125315290521,0.0251001669967081,-0.006401124718367,-0.005497816886492,1.0,1.0,100000.0,100000.0,0.0,0.01263,1.0062608842461307,0.0,100000.0,1.0,,,,,,,,,,,,,
ridge_medium,100000,2,evaluation,67,2,-0.131623132177013,0.0586658991695247,0.0605358044479091,0.0279108340037055,-0.0729572330074883,-0.0710873277291038,1.0,4.0,17944.0,25000.0,0.0,0.02484,1.0126145156146842,0.0,100000.0,4.0,,,,,,,,,,,,,
ridge_medium,100000,2,evaluation,67,3,-0.131623132177013,-0.0080947969323554,-0.004955696394893,0.0242586669919546,-0.1397179291093684,-0.1365788285719061,1.0,9.0,8377.0,11111.111111111111,0.0,0.03717,1.0187758341909194,0.0,100000.0,9.0,,,,,,,,,,,,,
ridge_medium,100000,2,evaluation,67,4,-0.131623132177013,-0.0174898597562667,-0.0138485172902253,0.026774458005093,-0.1491129919332798,-0.1454716494672384,1.0,16.0,2636.0,6250.0,0.0,0.04884,1.024857636428539,0.0,100000.0,16.0,,,,,,,,,,,,,
ridge_medium,100000,2,evaluation,67,5,-0.131623132177013,-0.02915859733305,-0.0243165099010769,0.0230571669817436,-0.1607817295100631,-0.15593964207809,1.0,25.0,1978.0,4000.0,0.0,0.06053,1.030781185357543,0.0,100000.0,25.0,,,,,,,,,,,,,
ridge_medium,100000,2,evaluation,67,6,-0.131623132177013,-0.0363938657595249,-0.0306485232528192,0.0241817919886671,-0.168016997936538,-0.1622716554298323,1.0,36.0,945.0,2777.777777777778,0.0,0.07225,1.0370901925098015,0.0,100000.0,36.0,,,,,,,,,,,,,
ridge_medium,100000,2,evaluation,67,7,-0.131623132177013,-0.0436155112263507,-0.0369399656378081,0.0229245419905055,-0.1752386434033638,-0.1685630978148212,1.0,49.0,810.0,2040.8163265306123,0.0,0.08329,1.0426136249062932,0.0,100000.0,49.0,,,,,,,,,,,,,
ridge_medium,100000,2,evaluation,68,1,-0.131623132177013,0.1254377844211502,0.1262088788688927,0.0274502079992089,-0.0061853477558628,-0.0054142533081203,1.0,1.0,100000.0,100000.0,0.0,0.01274,1.0063214211694025,0.0,100000.0,1.0,,,,,,,,,,,,,
ridge_medium,100000,2,evaluation,68,2,-0.131623132177013,0.0587067977779706,0.0605805036955491,0.0249187909939792,-0.0729163343990424,-0.0710426284814639,1.0,4.0,17897.0,25000.0,0.0,0.025,1.012643549402095,0.0,100000.0,4.0,,,,,,,,,,,,,
ridge_medium,100000,2,evaluation,68,3,-0.131623132177013,-0.008092834467134,-0.0055064061164815,0.0254554999992251,-0.1397159666441471,-0.1371295382934945,1.0,9.0,8403.0,11111.111111111111,0.0,0.03698,1.0188823678863723,0.0,100000.0,9.0,,,,,,,,,,,,,
ridge_medium,100000,2,evaluation,68,4,-0.131623132177013,-0.0172371463060559,-0.013742126762911,0.0264659579843282,-0.148860278483069,-0.145365258939924,1.0,16.0,2693.0,6250.0,0.0,0.04869,1.024818797011482,0.0,100000.0,16.0,,,,,,,,,,,,,
ridge_medium,100000,2,evaluation,68,5,-0.131623132177013,-0.0285926546314211,-0.0239793470845907,0.0251522080216091,-0.1602157868084342,-0.1556024792616038,1.0,25.0,1944.0,4000.0,0.0,0.06056,1.0305633973507724,0.0,100000.0,25.0,,,,,,,,,,,,,
ridge_medium,100000,2,evaluation,68,6,-0.131623132177013,-0.0360632486794616,-0.0307802270142663,0.0221392090024892,-0.1676863808564747,-0.1624033591912794,1.0,36.0,976.0,2777.777777777778,0.0,0.07208,1.037048143863372,0.0,100000.0,36.0,,,,,,,,,,,,,
ridge_medium,100000,2,evaluation,68,7,-0.131623132177013,-0.0437979326913336,-0.0370463398377985,0.0221182499954011,-0.1754210648683467,-0.1686694720148116,1.0,49.0,807.0,2040.8163265306123,0.0,0.08433,1.042580654757588,0.0,100000.0,49.0,,,,,,,,,,,,,
ridge_medium,100000,2,evaluation,69,1,-0.131623132177013,0.1253467575745655,0.1261160078720265,0.0248627080000005,-0.0062763746024475,-0.0055071243049865,1.0,1.0,100000.0,100000.0,0.0,0.01248,1.0062005311893307,0.0,100000.0,1.0,,,,,,,,,,,,,
ridge_medium,100000,2,evaluation,69,2,-0.131623132177013,0.0577932887564877,0.0597454335656357,0.0241418749792501,-0.0738298434205253,-0.0718776986113773,1.0,4.0,17807.0,25000.0,0.0,0.0249,1.0122601604770958,0.0,100000.0,4.0,,,,,,,,,,,,,
ridge_medium,100000,2,evaluation,69,3,-0.131623132177013,-0.0103689539917409,-0.0077836816315705,0.0230066249787341,-0.141992086168754,-0.1394068138085835,1.0,9.0,8386.0,11111.111111111111,0.0,0.03711,1.018715206181372,0.0,100000.0,9.0,,,,,,,,,,,,,
ridge_medium,100000,2,evaluation,69,4,-0.131623132177013,-0.0200216528211381,-0.0162976944266402,0.0247512909991201,-0.1516447849981512,-0.1479208266036533,1.0,16.0,2588.0,6250.0,0.0,0.04858,1.0243060343740935,0.0,100000.0,16.0,,,,,,,,,,,,,
ridge_medium,100000,2,evaluation,69,5,-0.131623132177013,-0.0311432210430037,-0.026774086839925,0.0274059580115135,-0.1627663532200167,-0.1583972190169381,1.0,25.0,1966.0,4000.0,0.0,0.06083,1.0310772514381112,0.0,100000.0,25.0,,,,,,,,,,,,,
ridge_medium,100000,2,evaluation,69,6,-0.131623132177013,-0.0382633074329585,-0.0329277004469153,0.0244602499878965,-0.1698864396099715,-0.1645508326239284,1.0,36.0,932.0,2777.777777777778,0.0,0.07246,1.0367050999514804,0.0,100000.0,36.0,,,,,,,,,,,,,
ridge_medium,100000,2,evaluation,69,7,-0.131623132177013,-0.0457362203409364,-0.0391419712270964,0.0244028750166762,-0.1773593525179495,-0.1707651034041095,1.0,49.0,759.0,2040.8163265306123,0.0,0.0841,1.0427941101120572,0.0,100000.0,49.0,,,,,,,,,,,,,
ridge_medium,100000,2,evaluation,70,1,-0.131623132177013,0.1254412779799111,0.1260555316849035,0.0282186250260565,-0.0061818541971019,-0.0055676004921095,1.0,1.0,100000.0,100000.0,0.0,0.01255,1.0064015830701514,0.0,100000.0,1.0,,,,,,,,,,,,,
ridge_medium,100000,2,evaluation,70,2,-0.131623132177013,0.0564638554912058,0.0580816416638246,0.0307279159897007,-0.0751592766858072,-0.0735414905131884,1.0,4.0,17853.0,25000.0,0.0,0.02479,1.0126361963958954,0.0,100000.0,4.0,,,,,,,,,,,,,
ridge_medium,100000,2,evaluation,70,3,-0.131623132177013,-0.0098329103988279,-0.0073671700378227,0.0245214999886229,-0.141456042575841,-0.1389903022148358,1.0,9.0,8356.0,11111.111111111111,0.0,0.03693,1.0186118183643549,0.0,100000.0,9.0,,,,,,,,,,,,,
ridge_medium,100000,2,evaluation,70,4,-0.131623132177013,-0.0197009076918162,-0.0162933866569671,0.0256898750085383,-0.1513240398688293,-0.1479165188339802,1.0,16.0,2647.0,6250.0,0.0,0.0483,1.0249561983968751,0.0,100000.0,16.0,,,,,,,,,,,,,
ridge_medium,100000,2,evaluation,70,5,-0.131623132177013,-0.0308762382502701,-0.0262216840678871,0.0254004999878816,-0.1624993704272832,-0.1578448162449002,1.0,25.0,1936.0,4000.0,0.0,0.06069,1.0306540091564618,0.0,100000.0,25.0,,,,,,,,,,,,,
ridge_medium,100000,2,evaluation,70,6,-0.131623132177013,-0.0374908997752624,-0.0323584997233352,0.0264884579810313,-0.1691140319522755,-0.1639816319003483,1.0,36.0,948.0,2777.777777777778,0.0,0.07169,1.036582929218873,0.0,100000.0,36.0,,,,,,,,,,,,,
ridge_medium,100000,2,evaluation,70,7,-0.131623132177013,-0.0450257152520238,-0.0388609387759399,0.0239224999968428,-0.1766488474290369,-0.170484070952953,1.0,49.0,785.0,2040.8163265306123,0.0,0.08328,1.0429412054196876,0.0,100000.0,49.0,,,,,,,,,,,,,
ridge_medium,100000,2,evaluation,71,1,-0.131623132177013,0.1253531101993929,0.1262226569866761,0.0275303329981397,-0.0062700219776201,-0.0054004751903369,1.0,1.0,100000.0,100000.0,0.0,0.0126,1.006361299392216,0.0,100000.0,1.0,,,,,,,,,,,,,
ridge_medium,100000,2,evaluation,71,2,-0.131623132177013,0.0581385215351753,0.0596606229353673,0.0309906250040512,-0.0734846106418377,-0.0719625092416457,1.0,4.0,17875.0,25000.0,0.0,0.02481,1.0124867528218546,0.0,100000.0,4.0,,,,,,,,,,,,,
ridge_medium,100000,2,evaluation,71,3,-0.131623132177013,-0.0089023568049049,-0.0065722820716361,0.0261036249867174,-0.140525488981918,-0.1381954142486492,1.0,9.0,8369.0,11111.111111111111,0.0,0.03713,1.0188071880582092,0.0,100000.0,9.0,,,,,,,,,,,,,
ridge_medium,100000,2,evaluation,71,4,-0.131623132177013,-0.018198727979848,-0.0148484874212379,0.0250355410098563,-0.149821860156861,-0.146471619598251,1.0,16.0,2619.0,6250.0,0.0,0.04884,1.0249486958993064,0.0,100000.0,16.0,,,,,,,,,,,,,
ridge_medium,100000,2,evaluation,71,5,-0.131623132177013,-0.0294253106651388,-0.0255728443989482,0.0229812499892432,-0.1610484428421519,-0.1571959765759613,1.0,25.0,1978.0,4000.0,0.0,0.06041,1.031082669850924,0.0,100000.0,25.0,,,,,,,,,,,,,
ridge_medium,100000,2,evaluation,71,6,-0.131623132177013,-0.0368599801107356,-0.0315613801784454,0.0220782499818597,-0.1684831122877487,-0.1631845123554584,1.0,36.0,981.0,2777.777777777778,0.0,0.07238,1.036885280291094,0.0,100000.0,36.0,,,,,,,,,,,,,
ridge_medium,100000,2,evaluation,71,7,-0.131623132177013,-0.0446549056893391,-0.0385959700137426,0.0223031249770429,-0.1762780378663521,-0.1702191021907557,1.0,49.0,806.0,2040.8163265306123,0.0,0.08393,1.0430864368111186,0.0,100000.0,49.0,,,,,,,,,,,,,
ridge_medium,100000,2,evaluation,72,1,-0.131623132177013,0.1253802372009079,0.1261183529709869,0.023586042021634,-0.0062428949761051,-0.0055047792060261,1.0,1.0,100000.0,100000.0,0.0,0.0124,1.006317851276897,0.0,100000.0,1.0,,,,,,,,,,,,,
ridge_medium,100000,2,evaluation,72,2,-0.131623132177013,0.0582504588600178,0.0596471732470615,0.0252284170128405,-0.0733726733169952,-0.0719759589299515,1.0,4.0,17957.0,25000.0,0.0,0.02452,1.012376126885986,0.0,100000.0,4.0,,,,,,,,,,,,,
ridge_medium,100000,2,evaluation,72,3,-0.131623132177013,-0.0075588787137328,-0.0049704038127972,0.026471708988538,-0.1391820108907459,-0.1365935359898103,1.0,9.0,8307.0,11111.111111111111,0.0,0.03662,1.0182504717711425,0.0,100000.0,9.0,,,,,,,,,,,,,
ridge_medium,100000,2,evaluation,72,4,-0.131623132177013,-0.0163640251584023,-0.0129274557374641,0.0247968749899882,-0.1479871573354154,-0.1445505879144772,1.0,16.0,2632.0,6250.0,0.0,0.04851,1.0245019121962402,0.0,100000.0,16.0,,,,,,,,,,,,,
ridge_medium,100000,2,evaluation,72,5,-0.131623132177013,-0.0284347580045585,-0.0238766504370497,0.0242056669958401,-0.1600578901815716,-0.1554997826140628,1.0,25.0,1953.0,4000.0,0.0,0.06062,1.03063624742751,0.0,100000.0,25.0,,,,,,,,,,,,,
ridge_medium,100000,2,evaluation,72,6,-0.131623132177013,-0.035310728628871,-0.0301579737696332,0.0226758339849766,-0.1669338608058841,-0.1617811059466463,1.0,36.0,959.0,2777.777777777778,0.0,0.07208,1.0365779882353685,0.0,100000.0,36.0,,,,,,,,,,,,,
ridge_medium,100000,2,evaluation,72,7,-0.131623132177013,-0.0432477045615838,-0.0368855526812963,0.0269032499927561,-0.1748708367385969,-0.1685086848583094,1.0,49.0,791.0,2040.8163265306123,0.0,0.08382,1.0426698248039026,0.0,100000.0,49.0,,,,,,,,,,,,,
ridge_medium,100000,2,evaluation,73,1,-0.131623132177013,0.1252036851207517,0.1260409176960649,0.0302797500044107,-0.0064194470562613,-0.0055822144809481,1.0,1.0,100000.0,100000.0,0.0,0.01247,1.0063848875676074,0.0,100000.0,1.0,,,,,,,,,,,,,
ridge_medium,100000,2,evaluation,73,2,-0.131623132177013,0.0567743295943236,0.0586513233966296,0.0307068749971222,-0.0748488025826893,-0.0729718087803834,1.0,4.0,17752.0,25000.0,0.0,0.0247,1.012231644928253,0.0,100000.0,4.0,,,,,,,,,,,,,
ridge_medium,100000,2,evaluation,73,3,-0.131623132177013,-0.0129507990134789,-0.0103296327985186,0.0237274169921875,-0.144573931190492,-0.1419527649755317,1.0,9.0,8271.0,11111.111111111111,0.0,0.03664,1.0189237065535304,0.0,100000.0,9.0,,,,,,,,,,,,,
ridge_medium,100000,2,evaluation,73,4,-0.131623132177013,-0.0216533159224394,-0.0179575622668046,0.02709520800272,-0.1532764480994525,-0.1495806944438177,1.0,16.0,2636.0,6250.0,0.0,0.04863,1.024582170906914,0.0,100000.0,16.0,,,,,,,,,,,,,
ridge_medium,100000,2,evaluation,73,5,-0.131623132177013,-0.0339545182476136,-0.0296942124497827,0.0235147920029703,-0.1655776504246267,-0.1613173446267958,1.0,25.0,1889.0,4000.0,0.0,0.06002,1.0308874470330422,0.0,100000.0,25.0,,,,,,,,,,,,,
ridge_medium,100000,2,evaluation,73,6,-0.131623132177013,-0.0409587247778086,-0.0356360046651628,0.021416749979835,-0.1725818569548217,-0.1672591368421759,1.0,36.0,920.0,2777.777777777778,0.0,0.07177,1.0369366656420294,0.0,100000.0,36.0,,,,,,,,,,,,,
ridge_medium,100000,2,evaluation,73,7,-0.131623132177013,-0.0485422804450314,-0.0423550243455561,0.0239147919928655,-0.1801654126220445,-0.1739781565225692,1.0,49.0,737.0,2040.8163265306123,0.0,0.0838,1.0432778868089356,0.0,100000.0,49.0,,,,,,,,,,,,,
ridge_medium,100000,2,evaluation,74,1,-0.131623132177013,0.1253971066920521,0.1262911368818162,0.0277300830057356,-0.0062260254849609,-0.0053319952951968,1.0,1.0,100000.0,100000.0,0.0,0.01253,1.0062635449094128,0.0,100000.0,1.0,,,,,,,,,,,,,
ridge_medium,100000,2,evaluation,74,2,-0.131623132177013,0.0570681316431405,0.0585112028230341,0.0266552910034079,-0.0745550005338724,-0.0731119293539789,1.0,4.0,17643.0,25000.0,0.0,0.02466,1.0126433156925976,0.0,100000.0,4.0,,,,,,,,,,,,,
ridge_medium,100000,2,evaluation,74,3,-0.131623132177013,-0.0095129459408311,-0.0072612312293869,0.0227490830002352,-0.1411360781178441,-0.1388843634063999,1.0,9.0,8308.0,11111.111111111111,0.0,0.03687,1.018917364089824,0.0,100000.0,9.0,,,,,,,,,,,,,
ridge_medium,100000,2,evaluation,74,4,-0.131623132177013,-0.0203620525210097,-0.0173382304925847,0.0265474999905563,-0.1519851846980227,-0.1489613626695978,1.0,16.0,2646.0,6250.0,0.0,0.04828,1.0247354447899504,0.0,100000.0,16.0,,,,,,,,,,,,,
ridge_medium,100000,2,evaluation,74,5,-0.131623132177013,-0.0312609600031125,-0.026930217098583,0.0239232500025536,-0.1628840921801256,-0.158553349275596,1.0,25.0,1942.0,4000.0,0.0,0.06036,1.0306759229032738,0.0,100000.0,25.0,,,,,,,,,,,,,
ridge_medium,100000,2,evaluation,74,6,-0.131623132177013,-0.0389134003468698,-0.0338572338799538,0.0228764159837737,-0.1705365325238829,-0.1654803660569669,1.0,36.0,976.0,2777.777777777778,0.0,0.07229,1.0370302103671984,0.0,100000.0,36.0,,,,,,,,,,,,,
ridge_medium,100000,2,evaluation,74,7,-0.131623132177013,-0.0453487019842994,-0.0394024039016979,0.0220932090014684,-0.1769718341613124,-0.171025536078711,1.0,49.0,809.0,2040.8163265306123,0.0,0.08391,1.0426569201096112,0.0,100000.0,49.0,,,,,,,,,,,,,
ridge_medium,100000,2,evaluation,75,1,-0.131623132177013,0.1253061845688803,0.126177692490129,0.0260762909892946,-0.0063169476081327,-0.005445439686884,1.0,1.0,100000.0,100000.0,0.0,0.01292,1.0065423915227776,0.0,100000.0,1.0,,,,,,,,,,,,,
ridge_medium,100000,2,evaluation,75,2,-0.131623132177013,0.058061441986239,0.0596601979207026,0.0281712920113932,-0.073561690190774,-0.0719629342563104,1.0,4.0,17841.0,25000.0,0.0,0.02523,1.012758625589652,0.0,100000.0,4.0,,,,,,,,,,,,,
ridge_medium,100000,2,evaluation,75,3,-0.131623132177013,-0.0080644271778559,-0.0052392516452479,0.0249980420048814,-0.139687559354869,-0.136862383822261,1.0,9.0,8338.0,11111.111111111111,0.0,0.03751,1.018970355195726,0.0,100000.0,9.0,,,,,,,,,,,,,
ridge_medium,100000,2,evaluation,75,4,-0.131623132177013,-0.01693999806339,-0.0137660965334132,0.0287268749962095,-0.1485631302404031,-0.1453892287104263,1.0,16.0,2693.0,6250.0,0.0,0.04899,1.0250191530333363,0.0,100000.0,16.0,,,,,,,,,,,,,
ridge_medium,100000,2,evaluation,75,5,-0.131623132177013,-0.0286628120445504,-0.0241749055872032,0.0248755420034285,-0.1602859442215635,-0.1557980377642163,1.0,25.0,1945.0,4000.0,0.0,0.06083,1.0308895751176723,0.0,100000.0,25.0,,,,,,,,,,,,,
ridge_medium,100000,2,evaluation,75,6,-0.131623132177013,-0.0357408931198404,-0.0304122172564521,0.0260351669858209,-0.1673640252968535,-0.1620353494334652,1.0,36.0,960.0,2777.777777777778,0.0,0.07253,1.0370221010048504,0.0,100000.0,36.0,,,,,,,,,,,,,
ridge_medium,100000,2,evaluation,75,7,-0.131623132177013,-0.0423443974090325,-0.0365677152438798,0.0238650000246707,-0.1739675295860456,-0.1681908474208929,1.0,49.0,814.0,2040.8163265306123,0.0,0.08403,1.043248885404367,0.0,100000.0,49.0,,,,,,,,,,,,,
ridge_medium,100000,2,evaluation,76,1,-0.131623132177013,0.1253466744121836,0.126065249432468,0.0278259580081794,-0.0062764577648294,-0.005557882744545,1.0,1.0,100000.0,100000.0,0.0,0.01248,1.006352070205679,0.0,100000.0,1.0,,,,,,,,,,,,,
ridge_medium,100000,2,evaluation,76,2,-0.131623132177013,0.0586460464922286,0.0603131125454107,0.0293432500038761,-0.0729770856847844,-0.0713100196316023,1.0,4.0,17892.0,25000.0,0.0,0.02505,1.0127336900609332,0.0,100000.0,4.0,,,,,,,,,,,,,
ridge_medium,100000,2,evaluation,76,3,-0.131623132177013,-0.0082440432137072,-0.0055981722712325,0.0245282499818131,-0.1398671753907203,-0.1372213044482456,1.0,9.0,8397.0,11111.111111111111,0.0,0.03684,1.018772094286879,0.0,100000.0,9.0,,,,,,,,,,,,,
ridge_medium,100000,2,evaluation,76,4,-0.131623132177013,-0.0175702445450543,-0.0142336793847896,0.028148459008662,-0.1491933767220674,-0.1458568115618027,1.0,16.0,2672.0,6250.0,0.0,0.04882,1.025062018497543,0.0,100000.0,16.0,,,,,,,,,,,,,
ridge_medium,100000,2,evaluation,76,5,-0.131623132177013,-0.0289062488156587,-0.0246732790471194,0.0286861670028883,-0.1605293809926718,-0.1562964112241325,1.0,25.0,1960.0,4000.0,0.0,0.0601,1.0310347507424276,0.0,100000.0,25.0,,,,,,,,,,,,,
ridge_medium,100000,2,evaluation,76,6,-0.131623132177013,-0.0360166689149812,-0.0306235705811346,0.0221377499983645,-0.1676398010919942,-0.1622467027581477,1.0,36.0,967.0,2777.777777777778,0.0,0.07228,1.0367793359820212,0.0,100000.0,36.0,,,,,,,,,,,,,
ridge_medium,100000,2,evaluation,76,7,-0.131623132177013,-0.043656632590577,-0.0373678910964834,0.0245330409961752,-0.1752797647675901,-0.1689910232734965,1.0,49.0,817.0,2040.8163265306123,0.0,0.08327,1.0431334754573764,0.0,100000.0,49.0,,,,,,,,,,,,,
ridge_medium,100000,2,evaluation,77,1,-0.131623132177013,0.1254050544197369,0.1259704345134367,0.0237150839820969,-0.0062180777572761,-0.0056526976635763,1.0,1.0,100000.0,100000.0,0.0,0.01258,1.0064995149851796,0.0,100000.0,1.0,,,,,,,,,,,,,
ridge_medium,100000,2,evaluation,77,2,-0.131623132177013,0.0545099616423524,0.0561323924881224,0.0262184999883174,-0.0771131705346605,-0.0754907396888906,1.0,4.0,17753.0,25000.0,0.0,0.02486,1.012681881939792,0.0,100000.0,4.0,,,,,,,,,,,,,
ridge_medium,100000,2,evaluation,77,3,-0.131623132177013,-0.0115313799144806,-0.0091172533486972,0.0242192919831722,-0.1431545120914937,-0.1407403855257103,1.0,9.0,8265.0,11111.111111111111,0.0,0.0367,1.0189290286914612,0.0,100000.0,9.0,,,,,,,,,,,,,
ridge_medium,100000,2,evaluation,77,4,-0.131623132177013,-0.0204613113888654,-0.0171491307082932,0.0263772080070339,-0.1520844435658785,-0.1487722628853063,1.0,16.0,2615.0,6250.0,0.0,0.04902,1.0248653087424608,0.0,100000.0,16.0,,,,,,,,,,,,,
ridge_medium,100000,2,evaluation,77,5,-0.131623132177013,-0.0311605136723526,-0.0272761505167588,0.02438479202101,-0.1627836458493657,-0.1588992826937719,1.0,25.0,1936.0,4000.0,0.0,0.05988,1.0308966982499577,0.0,100000.0,25.0,,,,,,,,,,,,,
ridge_medium,100000,2,evaluation,77,6,-0.131623132177013,-0.0385276634856252,-0.0337547053470848,0.021223416988505,-0.1701507956626383,-0.1653778375240979,1.0,36.0,975.0,2777.777777777778,0.0,0.07221,1.0372417451474298,0.0,100000.0,36.0,,,,,,,,,,,,,
ridge_medium,100000,2,evaluation,77,7,-0.131623132177013,-0.0455478984664457,-0.0402295056995201,0.0248471249942667,-0.1771710306434588,-0.1718526378765331,1.0,49.0,773.0,2040.8163265306123,0.0,0.0835,1.0434950161779324,0.0,100000.0,49.0,,,,,,,,,,,,,
ridge_medium,100000,2,evaluation,78,1,-0.131623132177013,0.1251888183461567,0.1260677390584132,0.0236874999827705,-0.0064343138308562,-0.0055553931185998,1.0,1.0,100000.0,100000.0,0.0,0.01275,1.0064690907607678,0.0,100000.0,1.0,,,,,,,,,,,,,
ridge_medium,100000,2,evaluation,78,2,-0.131623132177013,0.0570572477643635,0.0590349809394219,0.0242431249935179,-0.0745658844126494,-0.0725881512375911,1.0,4.0,17864.0,25000.0,0.0,0.02491,1.012528701634743,0.0,100000.0,4.0,,,,,,,,,,,,,
ridge_medium,100000,2,evaluation,78,3,-0.131623132177013,-0.0070740266547503,-0.0043919141993845,0.0235295000020414,-0.1386971588317634,-0.1360150463763976,1.0,9.0,8374.0,11111.111111111111,0.0,0.03686,1.0188479740331968,0.0,100000.0,9.0,,,,,,,,,,,,,
ridge_medium,100000,2,evaluation,78,4,-0.131623132177013,-0.0168333260095503,-0.0134415326741395,0.0268990419863257,-0.1484564581865634,-0.1450646648511526,1.0,16.0,2666.0,6250.0,0.0,0.04904,1.0251555735562252,0.0,100000.0,16.0,,,,,,,,,,,,,
ridge_medium,100000,2,evaluation,78,5,-0.131623132177013,-0.0274608241819044,-0.0234093935923359,0.0239300839893985,-0.1590839563589174,-0.1550325257693489,1.0,25.0,1916.0,4000.0,0.0,0.06034,1.030842021640146,0.0,100000.0,25.0,,,,,,,,,,,,,
ridge_medium,100000,2,evaluation,78,6,-0.131623132177013,-0.0355115393440823,-0.0297418368924881,0.0239218749920837,-0.1671346715210954,-0.1613649690695011,1.0,36.0,972.0,2777.777777777778,0.0,0.07207,1.0366735176022843,0.0,100000.0,36.0,,,,,,,,,,,,,
ridge_medium,100000,2,evaluation,78,7,-0.131623132177013,-0.042120612233585,-0.0360061233430507,0.024544790998334,-0.1737437444105981,-0.1676292555200638,1.0,49.0,808.0,2040.8163265306123,0.0,0.08358,1.043080177790626,0.0,100000.0,49.0,,,,,,,,,,,,,
ridge_medium,100000,2,evaluation,79,1,-0.131623132177013,0.1249436716918097,0.1259420570064619,0.0270960000052582,-0.0066794604852033,-0.0056810751705511,1.0,1.0,100000.0,100000.0,0.0,0.01233,1.006333254033872,0.0,100000.0,1.0,,,,,,,,,,,,,
ridge_medium,100000,2,evaluation,79,2,-0.131623132177013,0.0569842015323061,0.058911441191128,0.0276237080106511,-0.0746389306447069,-0.072711690985885,1.0,4.0,17790.0,25000.0,0.0,0.02447,1.0123431961789158,0.0,100000.0,4.0,,,,,,,,,,,,,
ridge_medium,100000,2,evaluation,79,3,-0.131623132177013,-0.012566094074389,-0.0095854605066305,0.0243832079868298,-0.1441892262514021,-0.1412085926836435,1.0,9.0,8331.0,11111.111111111111,0.0,0.03716,1.0186273518889644,0.0,100000.0,9.0,,,,,,,,,,,,,
ridge_medium,100000,2,evaluation,79,4,-0.131623132177013,-0.0210814687737557,-0.0177484142419438,0.0246612080081831,-0.1527046009507688,-0.1493715464189569,1.0,16.0,2611.0,6250.0,0.0,0.04846,1.0246636973093934,0.0,100000.0,16.0,,,,,,,,,,,,,
ridge_medium,100000,2,evaluation,79,5,-0.131623132177013,-0.0330406365620267,-0.0286117334855935,0.023537708009826,-0.1646637687390398,-0.1602348656626066,1.0,25.0,1968.0,4000.0,0.0,0.06029,1.0305593784335698,0.0,100000.0,25.0,,,,,,,,,,,,,
ridge_medium,100000,2,evaluation,79,6,-0.131623132177013,-0.0405447903314427,-0.034933333256609,0.0212789590004831,-0.1721679225084557,-0.1665564654336221,1.0,36.0,929.0,2777.777777777778,0.0,0.0722,1.0367956886591434,0.0,100000.0,36.0,,,,,,,,,,,,,
ridge_medium,100000,2,evaluation,79,7,-0.131623132177013,-0.0466004231686343,-0.0410908681900486,0.0234828749962616,-0.1782235553456474,-0.1727140003670617,1.0,49.0,790.0,2040.8163265306123,0.0,0.08346,1.0428670590335989,0.0,100000.0,49.0,,,,,,,,,,,,,
ridge_medium,100000,2,evaluation,80,1,-0.131623132177013,0.1251291356386391,0.1258590557336134,0.030102209013421,-0.0064939965383739,-0.0057640764433996,1.0,1.0,100000.0,100000.0,0.0,0.01236,1.0063671321203669,0.0,100000.0,1.0,,,,,,,,,,,,,
ridge_medium,100000,2,evaluation,80,2,-0.131623132177013,0.0584262488704237,0.0602783083592995,0.026125582982786,-0.0731968833065893,-0.0713448238177134,1.0,4.0,17979.0,25000.0,0.0,0.02468,1.0123917918582117,0.0,100000.0,4.0,,,,,,,,,,,,,
ridge_medium,100000,2,evaluation,80,3,-0.131623132177013,-0.0087102006751571,-0.0057584295651342,0.0286582090193405,-0.1403333328521702,-0.1373815617421473,1.0,9.0,8330.0,11111.111111111111,0.0,0.03693,1.0186138940813194,0.0,100000.0,9.0,,,,,,,,,,,,,
ridge_medium,100000,2,evaluation,80,4,-0.131623132177013,-0.016943283810329,-0.0134034363040186,0.0257929580111522,-0.1485664159873421,-0.1450265684810317,1.0,16.0,2680.0,6250.0,0.0,0.04889,1.0247367136838943,0.0,100000.0,16.0,,,,,,,,,,,,,
ridge_medium,100000,2,evaluation,80,5,-0.131623132177013,-0.0285033894260173,-0.0240838697413663,0.0246413330023642,-0.1601265216030304,-0.1557070019183793,1.0,25.0,1961.0,4000.0,0.0,0.05994,1.0306760176967795,0.0,100000.0,25.0,,,,,,,,,,,,,
ridge_medium,100000,2,evaluation,80,6,-0.131623132177013,-0.0357014343011923,-0.0300674787683635,0.0249023329815827,-0.1673245664782053,-0.1616906109453766,1.0,36.0,991.0,2777.777777777778,0.0,0.07264,1.036810630153646,0.0,100000.0,36.0,,,,,,,,,,,,,
ridge_medium,100000,2,evaluation,80,7,-0.131623132177013,-0.0432069292528879,-0.0366311567629588,0.0224897919979412,-0.174830061429901,-0.1682542889399718,1.0,49.0,762.0,2040.8163265306123,0.0,0.08344,1.0425832819851344,0.0,100000.0,49.0,,,,,,,,,,,,,
ridge_medium,100000,2,evaluation,81,1,-0.131623132177013,0.125463287038053,0.1262610451781723,0.0276317500101868,-0.00615984513896,-0.0053620869988407,1.0,1.0,100000.0,100000.0,0.0,0.01244,1.0061390927219518,0.0,100000.0,1.0,,,,,,,,,,,,,
ridge_medium,100000,2,evaluation,81,2,-0.131623132177013,0.0588621590532865,0.0606412542867708,0.0261826669739093,-0.0727609731237265,-0.0709818778902422,1.0,4.0,17874.0,25000.0,0.0,0.02484,1.0124967197578787,0.0,100000.0,4.0,,,,,,,,,,,,,
ridge_medium,100000,2,evaluation,81,3,-0.131623132177013,-0.0099835096219594,-0.0069610272137773,0.0289771670068148,-0.1416066417989725,-0.1385841593907903,1.0,9.0,8308.0,11111.111111111111,0.0,0.03696,1.0185505726905113,0.0,100000.0,9.0,,,,,,,,,,,,,
ridge_medium,100000,2,evaluation,81,4,-0.131623132177013,-0.0184334476407818,-0.0144851040128086,0.0263554579869378,-0.1500565798177949,-0.1461082361898217,1.0,16.0,2625.0,6250.0,0.0,0.04889,1.0245600632937129,0.0,100000.0,16.0,,,,,,,,,,,,,
ridge_medium,100000,2,evaluation,81,5,-0.131623132177013,-0.0291918506447854,-0.0246562066129349,0.0242616660252679,-0.1608149828217985,-0.156279338789948,1.0,25.0,1950.0,4000.0,0.0,0.06045,1.0306989563313385,0.0,100000.0,25.0,,,,,,,,,,,,,
ridge_medium,100000,2,evaluation,81,6,-0.131623132177013,-0.0374196285275173,-0.0318409732039126,0.0240625840087886,-0.1690427607045304,-0.1634641053809257,1.0,36.0,949.0,2777.777777777778,0.0,0.07258,1.0370010213058365,0.0,100000.0,36.0,,,,,,,,,,,,,
ridge_medium,100000,2,evaluation,81,7,-0.131623132177013,-0.0444915210667209,-0.0379250733298902,0.0218654169875662,-0.176114653243734,-0.1695482055069032,1.0,49.0,788.0,2040.8163265306123,0.0,0.08436,1.043299241909369,0.0,100000.0,49.0,,,,,,,,,,,,,
ridge_medium,100000,2,evaluation,82,1,-0.131623132177013,0.1252812203677359,0.126214577637864,0.0259890829911455,-0.0063419118092771,-0.005408554539149,1.0,1.0,100000.0,100000.0,0.0,0.01275,1.0063533868632637,0.0,100000.0,1.0,,,,,,,,,,,,,
ridge_medium,100000,2,evaluation,82,2,-0.131623132177013,0.0578760638673411,0.0600959441357259,0.029590541991638,-0.0737470683096719,-0.0715271880412871,1.0,4.0,17977.0,25000.0,0.0,0.02498,1.012396149811015,0.0,100000.0,4.0,,,,,,,,,,,,,
ridge_medium,100000,2,evaluation,82,3,-0.131623132177013,-0.0087364439187467,-0.0060116758312798,0.026007375010522,-0.1403595760957597,-0.1376348080082929,1.0,9.0,8291.0,11111.111111111111,0.0,0.03721,1.0186569440001092,0.0,100000.0,9.0,,,,,,,,,,,,,
ridge_medium,100000,2,evaluation,82,4,-0.131623132177013,-0.0184841524223916,-0.0147843993279718,0.0253991250065155,-0.1501072845994047,-0.1464075315049849,1.0,16.0,2654.0,6250.0,0.0,0.04866,1.024297614389572,0.0,100000.0,16.0,,,,,,,,,,,,,
ridge_medium,100000,2,evaluation,82,5,-0.131623132177013,-0.0300030218241552,-0.0252999980001254,0.024855000025127,-0.1616261540011683,-0.1569231301771385,1.0,25.0,1974.0,4000.0,0.0,0.0606,1.0306681111021625,0.0,100000.0,25.0,,,,,,,,,,,,,
ridge_medium,100000,2,evaluation,82,6,-0.131623132177013,-0.0379930636890698,-0.0322260147958001,0.0265927080181427,-0.1696161958660829,-0.1638491469728132,1.0,36.0,976.0,2777.777777777778,0.0,0.0721,1.036812932884037,0.0,100000.0,36.0,,,,,,,,,,,,,
ridge_medium,100000,2,evaluation,82,7,-0.131623132177013,-0.0443875685993053,-0.0381670058173631,0.0293137499829754,-0.1760107007763184,-0.1697901379943762,1.0,49.0,786.0,2040.8163265306123,0.0,0.084,1.0430418531626984,0.0,100000.0,49.0,,,,,,,,,,,,,
ridge_medium,100000,2,evaluation,83,1,-0.131623132177013,0.1254581939782946,0.1263173413250242,0.0263891250069718,-0.0061649381987184,-0.0053057908519888,1.0,1.0,100000.0,100000.0,0.0,0.01256,1.0061956837630706,0.0,100000.0,1.0,,,,,,,,,,,,,
ridge_medium,100000,2,evaluation,83,2,-0.131623132177013,0.0571621729786842,0.0593516578139249,0.0274529170128516,-0.0744609591983288,-0.0722714743630881,1.0,4.0,17906.0,25000.0,0.0,0.02511,1.0123509085963047,0.0,100000.0,4.0,,,,,,,,,,,,,
ridge_medium,100000,2,evaluation,83,3,-0.131623132177013,-0.0091038063205446,-0.0063561222121153,0.025156165997032,-0.1407269384975577,-0.1379792543891284,1.0,9.0,8323.0,11111.111111111111,0.0,0.03711,1.0186822019919923,0.0,100000.0,9.0,,,,,,,,,,,,,
ridge_medium,100000,2,evaluation,83,4,-0.131623132177013,-0.0200245182475347,-0.0166635513566276,0.0288432910165283,-0.1516476504245477,-0.1482866835336407,1.0,16.0,2653.0,6250.0,0.0,0.04865,1.0246160892030316,0.0,100000.0,16.0,,,,,,,,,,,,,
ridge_medium,100000,2,evaluation,83,5,-0.131623132177013,-0.0308800369578603,-0.0257741682624721,0.0295554999902378,-0.1625031691348734,-0.1573973004394852,1.0,25.0,1962.0,4000.0,0.0,0.06087,1.030243996885433,0.0,100000.0,25.0,,,,,,,,,,,,,
ridge_medium,100000,2,evaluation,83,6,-0.131623132177013,-0.0377405250513212,-0.0322792071283871,0.0274488750146701,-0.1693636572283343,-0.1639023393054002,1.0,36.0,959.0,2777.777777777778,0.0,0.07233,1.0366637319080727,0.0,100000.0,36.0,,,,,,,,,,,,,
ridge_medium,100000,2,evaluation,83,7,-0.131623132177013,-0.0455074823844241,-0.0390466035444838,0.0247212079993914,-0.1771306145614372,-0.1706697357214968,1.0,49.0,822.0,2040.8163265306123,0.0,0.08433,1.0430461261643935,0.0,100000.0,49.0,,,,,,,,,,,,,
ridge_medium,100000,2,evaluation,84,1,-0.131623132177013,0.1252031031385727,0.1260707354149568,0.0280615419906098,-0.0064200290384403,-0.0055523967620562,1.0,1.0,100000.0,100000.0,0.0,0.01253,1.0063195211898943,0.0,100000.0,1.0,,,,,,,,,,,,,
ridge_medium,100000,2,evaluation,84,2,-0.131623132177013,0.057335901700671,0.0593166574917845,0.0233120000048074,-0.074287230476342,-0.0723064746852285,1.0,4.0,17886.0,25000.0,0.0,0.02494,1.0124160454196995,0.0,100000.0,4.0,,,,,,,,,,,,,
ridge_medium,100000,2,evaluation,84,3,-0.131623132177013,-0.0099663924222158,-0.0072524862687548,0.0271549579920247,-0.1415895245992289,-0.1388756184457679,1.0,9.0,8351.0,11111.111111111111,0.0,0.03689,1.0188969001329071,0.0,100000.0,9.0,,,,,,,,,,,,,
ridge_medium,100000,2,evaluation,84,4,-0.131623132177013,-0.0191101001721081,-0.0154925003341898,0.025487000006251,-0.1507332323491212,-0.1471156325112028,1.0,16.0,2632.0,6250.0,0.0,0.04867,1.0247036969471723,0.0,100000.0,16.0,,,,,,,,,,,,,
ridge_medium,100000,2,evaluation,84,5,-0.131623132177013,-0.0312091514381405,-0.0263394323814702,0.0242290409805718,-0.1628322836151536,-0.1579625645584833,1.0,25.0,1929.0,4000.0,0.0,0.06032,1.0306445762268517,0.0,100000.0,25.0,,,,,,,,,,,,,
ridge_medium,100000,2,evaluation,84,6,-0.131623132177013,-0.0379596205145371,-0.032312366880337,0.0218124999955762,-0.1695827526915502,-0.1639354990573501,1.0,36.0,957.0,2777.777777777778,0.0,0.07292,1.037330685479438,0.0,100000.0,36.0,,,,,,,,,,,,,
ridge_medium,100000,2,evaluation,84,7,-0.131623132177013,-0.0456167287411579,-0.0386822758423741,0.0254565829818602,-0.177239860918171,-0.1703054080193872,1.0,49.0,796.0,2040.8163265306123,0.0,0.08441,1.0430893097822946,0.0,100000.0,49.0,,,,,,,,,,,,,
ridge_medium,100000,2,evaluation,85,1,-0.131623132177013,0.1251890625156796,0.1260630542625844,0.025208625011146,-0.0064340696613333,-0.0055600779144286,1.0,1.0,100000.0,100000.0,0.0,0.01264,1.0062422297803597,0.0,100000.0,1.0,,,,,,,,,,,,,
ridge_medium,100000,2,evaluation,85,2,-0.131623132177013,0.0590628347289712,0.0608703367576053,0.0276547910179942,-0.0725602974480417,-0.0707527954194076,1.0,4.0,17703.0,25000.0,0.0,0.02517,1.0124029203877027,0.0,100000.0,4.0,,,,,,,,,,,,,
ridge_medium,100000,2,evaluation,85,3,-0.131623132177013,-0.0061476023693448,-0.0039040698478171,0.0240923329838551,-0.1377707345463579,-0.1355272020248302,1.0,9.0,8315.0,11111.111111111111,0.0,0.03723,1.018940974755134,0.0,100000.0,9.0,,,,,,,,,,,,,
ridge_medium,100000,2,evaluation,85,4,-0.131623132177013,-0.0167905751025746,-0.0133469753962817,0.0272267090040259,-0.1484137072795877,-0.1449701075732948,1.0,16.0,2644.0,6250.0,0.0,0.04859,1.024637331174714,0.0,100000.0,16.0,,,,,,,,,,,,,
ridge_medium,100000,2,evaluation,85,5,-0.131623132177013,-0.0279715019029965,-0.0235324487545189,0.0226663750072475,-0.1595946340800096,-0.155155580931532,1.0,25.0,1915.0,4000.0,0.0,0.06075,1.0308643006080096,0.0,100000.0,25.0,,,,,,,,,,,,,
ridge_medium,100000,2,evaluation,85,6,-0.131623132177013,-0.0343013320519639,-0.0293555801897395,0.0249137909850105,-0.165924464228977,-0.1609787123667526,1.0,36.0,972.0,2777.777777777778,0.0,0.07216,1.0367616928420025,0.0,100000.0,36.0,,,,,,,,,,,,,
ridge_medium,100000,2,evaluation,85,7,-0.131623132177013,-0.0427560662253858,-0.0365234144127701,0.0225190829951316,-0.1743791984023988,-0.1681465465897832,1.0,49.0,761.0,2040.8163265306123,0.0,0.08433,1.04305214710189,0.0,100000.0,49.0,,,,,,,,,,,,,
ridge_medium,100000,2,evaluation,86,1,-0.131623132177013,0.1254199502513672,0.1262826677182548,0.0243428340181708,-0.0062031819256458,-0.0053404644587582,1.0,1.0,100000.0,100000.0,0.0,0.01258,1.006161842173381,0.0,100000.0,1.0,,,,,,,,,,,,,
ridge_medium,100000,2,evaluation,86,2,-0.131623132177013,0.0569438648023376,0.0586971741158438,0.0273525409866124,-0.0746792673746754,-0.0729259580611692,1.0,4.0,17838.0,25000.0,0.0,0.0253,1.012561138817597,0.0,100000.0,4.0,,,,,,,,,,,,,
ridge_medium,100000,2,evaluation,86,3,-0.131623132177013,-0.0105808801663749,-0.0077243300937799,0.0279899580054916,-0.1422040123433879,-0.1393474622707929,1.0,9.0,8286.0,11111.111111111111,0.0,0.03693,1.0184845120800274,0.0,100000.0,9.0,,,,,,,,,,,,,
ridge_medium,100000,2,evaluation,86,4,-0.131623132177013,-0.0206519532023782,-0.0172854923663953,0.0250126250030007,-0.1522750853793913,-0.1489086245434084,1.0,16.0,2692.0,6250.0,0.0,0.04879,1.0249071282120743,0.0,100000.0,16.0,,,,,,,,,,,,,
ridge_medium,100000,2,evaluation,86,5,-0.131623132177013,-0.0313346005947562,-0.026969348704765,0.0272864589933305,-0.1629577327717693,-0.158592480881778,1.0,25.0,1879.0,4000.0,0.0,0.05997,1.0305247766439274,0.0,100000.0,25.0,,,,,,,,,,,,,
ridge_medium,100000,2,evaluation,86,6,-0.131623132177013,-0.0385878306573126,-0.033316793781993,0.0226697500038426,-0.1702109628343256,-0.1649399259590061,1.0,36.0,982.0,2777.777777777778,0.0,0.07247,1.0368745461313955,0.0,100000.0,36.0,,,,,,,,,,,,,
ridge_medium,100000,2,evaluation,86,7,-0.131623132177013,-0.0460571587694232,-0.0398600260294131,0.0249837500159628,-0.1776802909464362,-0.1714831582064262,1.0,49.0,788.0,2040.8163265306123,0.0,0.08342,1.0427777729612175,0.0,100000.0,49.0,,,,,,,,,,,,,
ridge_medium,100000,2,evaluation,87,1,-0.131623132177013,0.1251472507582516,0.1262631299959344,0.0260488329804502,-0.0064758814187614,-0.0053600021810786,1.0,1.0,100000.0,100000.0,0.0,0.01268,1.0062651827099027,0.0,100000.0,1.0,,,,,,,,,,,,,
ridge_medium,100000,2,evaluation,87,2,-0.131623132177013,0.0585341150400494,0.0605327269687346,0.0233295000216458,-0.0730890171369635,-0.0710904052082784,1.0,4.0,17904.0,25000.0,0.0,0.02521,1.0123752903874952,0.0,100000.0,4.0,,,,,,,,,,,,,
ridge_medium,100000,2,evaluation,87,3,-0.131623132177013,-0.0080634080872362,-0.005751118531983,0.0262286659853998,-0.1396865402642493,-0.1373742507089961,1.0,9.0,8371.0,11111.111111111111,0.0,0.03692,1.0186124774329557,0.0,100000.0,9.0,,,,,,,,,,,,,
ridge_medium,100000,2,evaluation,87,4,-0.131623132177013,-0.0182086771779869,-0.0146042760801119,0.0270815000112634,-0.149831809355,-0.146227408257125,1.0,16.0,2666.0,6250.0,0.0,0.04898,1.024524536048969,0.0,100000.0,16.0,,,,,,,,,,,,,
ridge_medium,100000,2,evaluation,87,5,-0.131623132177013,-0.0290696324549156,-0.0244203931829506,0.0253272089757956,-0.1606927646319287,-0.1560435253599637,1.0,25.0,1981.0,4000.0,0.0,0.06087,1.030582064083939,0.0,100000.0,25.0,,,,,,,,,,,,,
ridge_medium,100000,2,evaluation,87,6,-0.131623132177013,-0.0359656846613232,-0.0305710054948918,0.0242014999967068,-0.1675888168383363,-0.1621941376719048,1.0,36.0,971.0,2777.777777777778,0.0,0.07211,1.0366464197761989,0.0,100000.0,36.0,,,,,,,,,,,,,
ridge_medium,100000,2,evaluation,87,7,-0.131623132177013,-0.0444271049168075,-0.0379479052513592,0.0221520420163869,-0.1760502370938206,-0.1695710374283723,1.0,49.0,800.0,2040.8163265306123,0.0,0.08522,1.0434519431318785,0.0,100000.0,49.0,,,,,,,,,,,,,
ridge_medium,100000,2,evaluation,88,1,-0.131623132177013,0.1254285855643798,0.1262192181958281,0.0261938339972402,-0.0061945466126331,-0.0054039139811849,1.0,1.0,100000.0,100000.0,0.0,0.01269,1.0061431902917457,0.0,100000.0,1.0,,,,,,,,,,,,,
ridge_medium,100000,2,evaluation,88,2,-0.131623132177013,0.0571591391043132,0.0592704624978007,0.0236651249870192,-0.0744639930726998,-0.0723526696792122,1.0,4.0,17859.0,25000.0,0.0,0.02524,1.0122399754586613,0.0,100000.0,4.0,,,,,,,,,,,,,
ridge_medium,100000,2,evaluation,88,3,-0.131623132177013,-0.0079049050378243,-0.0050552999045923,0.0224222090037073,-0.1395280372148374,-0.1366784320816054,1.0,9.0,8326.0,11111.111111111111,0.0,0.03735,1.0186665724087811,0.0,100000.0,9.0,,,,,,,,,,,,,
ridge_medium,100000,2,evaluation,88,4,-0.131623132177013,-0.0168673774218303,-0.0128854885046565,0.0263762089889496,-0.1484905095988434,-0.1445086206816696,1.0,16.0,2689.0,6250.0,0.0,0.04911,1.0243399191642468,0.0,100000.0,16.0,,,,,,,,,,,,,
ridge_medium,100000,2,evaluation,88,5,-0.131623132177013,-0.0286311247001919,-0.0239208849587027,0.0264014579879585,-0.160254256877205,-0.1555440171357157,1.0,25.0,1966.0,4000.0,0.0,0.06071,1.0307659894747925,0.0,100000.0,25.0,,,,,,,,,,,,,
ridge_medium,100000,2,evaluation,88,6,-0.131623132177013,-0.0360221172242077,-0.0302634853168071,0.0275339159998111,-0.1676452494012208,-0.1618866174938202,1.0,36.0,978.0,2777.777777777778,0.0,0.07303,1.0367056613536212,0.0,100000.0,36.0,,,,,,,,,,,,,
ridge_medium,100000,2,evaluation,88,7,-0.131623132177013,-0.0427741806606866,-0.0367685432266899,0.0232246250088792,-0.1743973128376997,-0.168391675403703,1.0,49.0,810.0,2040.8163265306123,0.0,0.08405,1.0430205723224475,0.0,100000.0,49.0,,,,,,,,,,,,,
ridge_medium,100000,2,evaluation,89,1,-0.131623132177013,0.1251184612513968,0.1258496631019692,0.0264050000114366,-0.0065046709256162,-0.0057734690750438,1.0,1.0,100000.0,100000.0,0.0,0.01245,1.0062864456497147,0.0,100000.0,1.0,,,,,,,,,,,,,
ridge_medium,100000,2,evaluation,89,2,-0.131623132177013,0.0578329531386105,0.0596150624182564,0.028641457989579,-0.0737901790384025,-0.0720080697587566,1.0,4.0,17942.0,25000.0,0.0,0.02511,1.0126861187301806,0.0,100000.0,4.0,,,,,,,,,,,,,
ridge_medium,100000,2,evaluation,89,3,-0.131623132177013,-0.0070620077281849,-0.0040805383367622,0.0232355829793959,-0.1386851399051979,-0.1357036705137753,1.0,9.0,8379.0,11111.111111111111,0.0,0.03711,1.0186140122726868,0.0,100000.0,9.0,,,,,,,,,,,,,
ridge_medium,100000,2,evaluation,89,4,-0.131623132177013,-0.0167163265913485,-0.0133667943607025,0.0266863330034539,-0.1483394587683616,-0.1449899265377156,1.0,16.0,2710.0,6250.0,0.0,0.04844,1.0248643180848092,0.0,100000.0,16.0,,,,,,,,,,,,,
ridge_medium,100000,2,evaluation,89,5,-0.131623132177013,-0.029089244884126,-0.0241686539305693,0.0228747079963795,-0.1607123770611391,-0.1557917861075823,1.0,25.0,1969.0,4000.0,0.0,0.06104,1.0306951304409504,0.0,100000.0,25.0,,,,,,,,,,,,,
ridge_medium,100000,2,evaluation,89,6,-0.131623132177013,-0.0354957262520887,-0.0299106782244333,0.0253456250065937,-0.1671188584291018,-0.1615338104014464,1.0,36.0,968.0,2777.777777777778,0.0,0.07219,1.0367567911655242,0.0,100000.0,36.0,,,,,,,,,,,,,
ridge_medium,100000,2,evaluation,89,7,-0.131623132177013,-0.0433938549222457,-0.0371386493619165,0.0261362909805029,-0.1750169870992587,-0.1687617815389296,1.0,49.0,810.0,2040.8163265306123,0.0,0.08372,1.0428884019375004,0.0,100000.0,49.0,,,,,,,,,,,,,
ridge_medium,100000,2,evaluation,90,1,-0.131623132177013,0.1253156572164286,0.1261455705876776,0.0264659579843282,-0.0063074749605844,-0.0054775615893353,1.0,1.0,100000.0,100000.0,0.0,0.01264,1.0064225176660926,0.0,100000.0,1.0,,,,,,,,,,,,,
ridge_medium,100000,2,evaluation,90,2,-0.131623132177013,0.0588049380302655,0.060604173378101,0.0276558339828625,-0.0728181941467475,-0.071018958798912,1.0,4.0,18005.0,25000.0,0.0,0.02468,1.012603895879438,0.0,100000.0,4.0,,,,,,,,,,,,,
ridge_medium,100000,2,evaluation,90,3,-0.131623132177013,-0.0104924945839149,-0.0076953674625388,0.0230996670143213,-0.142115626760928,-0.1393184996395519,1.0,9.0,8372.0,11111.111111111111,0.0,0.03687,1.0187778826640588,0.0,100000.0,9.0,,,,,,,,,,,,,
ridge_medium,100000,2,evaluation,90,4,-0.131623132177013,-0.0202670817632913,-0.0164942719405217,0.0272723750094883,-0.1518902139403044,-0.1481174041175348,1.0,16.0,2638.0,6250.0,0.0,0.049,1.025028666708019,0.0,100000.0,16.0,,,,,,,,,,,,,
ridge_medium,100000,2,evaluation,90,5,-0.131623132177013,-0.0309341144378596,-0.0264818071533443,0.0230560830095782,-0.1625572466148727,-0.1581049393303574,1.0,25.0,1915.0,4000.0,0.0,0.06028,1.0310968615671672,0.0,100000.0,25.0,,,,,,,,,,,,,
ridge_medium,100000,2,evaluation,90,6,-0.131623132177013,-0.0379438084115449,-0.0326988252085927,0.0220582920010201,-0.1695669405885579,-0.1643219573856058,1.0,36.0,969.0,2777.777777777778,0.0,0.07167,1.036982939862655,0.0,100000.0,36.0,,,,,,,,,,,,,
ridge_medium,100000,2,evaluation,90,7,-0.131623132177013,-0.0451206974981464,-0.0385359484313124,0.0242495829879771,-0.1767438296751595,-0.1701590806083255,1.0,49.0,787.0,2040.8163265306123,0.0,0.08315,1.0426985886594855,0.0,100000.0,49.0,,,,,,,,,,,,,
ridge_medium,100000,2,evaluation,91,1,-0.131623132177013,0.1253759711900786,0.1261678227999844,0.0259715419961139,-0.0062471609869344,-0.0054553093770286,1.0,1.0,100000.0,100000.0,0.0,0.01252,1.0063203805388383,0.0,100000.0,1.0,,,,,,,,,,,,,
ridge_medium,100000,2,evaluation,91,2,-0.131623132177013,0.0566067435644899,0.0584234414036318,0.0253168340132106,-0.0750163886125231,-0.0731996907733812,1.0,4.0,17798.0,25000.0,0.0,0.02498,1.012596887395619,0.0,100000.0,4.0,,,,,,,,,,,,,
ridge_medium,100000,2,evaluation,91,3,-0.131623132177013,-0.0110981602432047,-0.0083072061009695,0.0233407920168247,-0.1427212924202178,-0.1399303382779826,1.0,9.0,8355.0,11111.111111111111,0.0,0.03673,1.0185900617526662,0.0,100000.0,9.0,,,,,,,,,,,,,
ridge_medium,100000,2,evaluation,91,4,-0.131623132177013,-0.0205945257324784,-0.0165362200281512,0.0249611249892041,-0.1522176579094915,-0.1481593522051643,1.0,16.0,2609.0,6250.0,0.0,0.04851,1.0246920531128028,0.0,100000.0,16.0,,,,,,,,,,,,,
ridge_medium,100000,2,evaluation,91,5,-0.131623132177013,-0.0319759207582166,-0.027540524028948,0.0230597089976072,-0.1635990529352297,-0.1591636562059611,1.0,25.0,1932.0,4000.0,0.0,0.06055,1.03087237736556,0.0,100000.0,25.0,,,,,,,,,,,,,
ridge_medium,100000,2,evaluation,91,6,-0.131623132177013,-0.0393298837239377,-0.0336071346952374,0.0236353339860215,-0.1709530159009508,-0.1652302668722505,1.0,36.0,912.0,2777.777777777778,0.0,0.07211,1.0367766810889136,0.0,100000.0,36.0,,,,,,,,,,,,,
ridge_medium,100000,2,evaluation,91,7,-0.131623132177013,-0.0457232192561828,-0.0393552201278691,0.0270422500034328,-0.1773463514331958,-0.1709783523048821,1.0,49.0,786.0,2040.8163265306123,0.0,0.08403,1.0428557710515611,0.0,100000.0,49.0,,,,,,,,,,,,,
ridge_medium,100000,2,evaluation,92,1,-0.131623132177013,0.1252975511613603,0.1261371143864212,0.0265377080067992,-0.0063255810156527,-0.0054860177905918,1.0,1.0,100000.0,100000.0,0.0,0.01239,1.0061338262201416,0.0,100000.0,1.0,,,,,,,,,,,,,
ridge_medium,100000,2,evaluation,92,2,-0.131623132177013,0.0588486199222123,0.0606112847293261,0.0307022080232854,-0.0727745122548007,-0.0710118474476869,1.0,4.0,18049.0,25000.0,0.0,0.02494,1.0123899230716402,0.0,100000.0,4.0,,,,,,,,,,,,,
ridge_medium,100000,2,evaluation,92,3,-0.131623132177013,-0.0077359376857493,-0.0051599412191811,0.0249233750218991,-0.1393590698627624,-0.1367830733961942,1.0,9.0,8287.0,11111.111111111111,0.0,0.03654,1.0185614318447345,0.0,100000.0,9.0,,,,,,,,,,,,,
ridge_medium,100000,2,evaluation,92,4,-0.131623132177013,-0.0168700973546187,-0.0133940542950323,0.0249794169794768,-0.1484932295316318,-0.1450171864720454,1.0,16.0,2677.0,6250.0,0.0,0.04879,1.0247567145006131,0.0,100000.0,16.0,,,,,,,,,,,,,
ridge_medium,100000,2,evaluation,92,5,-0.131623132177013,-0.0277209106714949,-0.0236320515821559,0.0254565420036669,-0.159344042848508,-0.155255183759169,1.0,25.0,1951.0,4000.0,0.0,0.06039,1.0307081291760258,0.0,100000.0,25.0,,,,,,,,,,,,,
ridge_medium,100000,2,evaluation,92,6,-0.131623132177013,-0.0356140985033734,-0.0302107386079998,0.0252647909801453,-0.1672372306803864,-0.1618338707850129,1.0,36.0,929.0,2777.777777777778,0.0,0.07241,1.03666499439187,0.0,100000.0,36.0,,,,,,,,,,,,,
ridge_medium,100000,2,evaluation,92,7,-0.131623132177013,-0.0423561657811385,-0.0364749708718172,0.0245469999790657,-0.1739792979581516,-0.1680981030488302,1.0,49.0,808.0,2040.8163265306123,0.0,0.08382,1.0428979469137725,0.0,100000.0,49.0,,,,,,,,,,,,,
ridge_medium,100000,2,evaluation,93,1,-0.131623132177013,0.1249983849342318,0.1258818466694538,0.0242365830054041,-0.0066247472427812,-0.0057412855075592,1.0,1.0,100000.0,100000.0,0.0,0.01252,1.0064165476492772,0.0,100000.0,1.0,,,,,,,,,,,,,
ridge_medium,100000,2,evaluation,93,2,-0.131623132177013,0.0563572790919881,0.0580925713804064,0.0249688339827116,-0.0752658530850249,-0.0735305607966066,1.0,4.0,17740.0,25000.0,0.0,0.02508,1.0125967687212392,0.0,100000.0,4.0,,,,,,,,,,,,,
ridge_medium,100000,2,evaluation,93,3,-0.131623132177013,-0.0073468219977977,-0.0044288653108485,0.0310057500028051,-0.1389699541748108,-0.1360519974878616,1.0,9.0,8244.0,11111.111111111111,0.0,0.03658,1.018395431663278,0.0,100000.0,9.0,,,,,,,,,,,,,
ridge_medium,100000,2,evaluation,93,4,-0.131623132177013,-0.017142475089038,-0.0137798916994783,0.0331011659873183,-0.1487656072660511,-0.1454030238764914,1.0,16.0,2704.0,6250.0,0.0,0.04882,1.0249260877888735,0.0,100000.0,16.0,,,,,,,,,,,,,
ridge_medium,100000,2,evaluation,93,5,-0.131623132177013,-0.029379848900802,-0.0247770798548565,0.0254000410204753,-0.1610029810778151,-0.1564002120318695,1.0,25.0,1949.0,4000.0,0.0,0.06007,1.0307078297188412,0.0,100000.0,25.0,,,,,,,,,,,,,
ridge_medium,100000,2,evaluation,93,6,-0.131623132177013,-0.0359241975667407,-0.0306602779533122,0.0272557079733815,-0.1675473297437538,-0.1622834101303253,1.0,36.0,973.0,2777.777777777778,0.0,0.07216,1.0366455325735149,0.0,100000.0,36.0,,,,,,,,,,,,,
ridge_medium,100000,2,evaluation,93,7,-0.131623132177013,-0.0434482339153459,-0.0372799786688677,0.0288593750155996,-0.175071366092359,-0.1689031108458808,1.0,49.0,771.0,2040.8163265306123,0.0,0.08432,1.043020161811819,0.0,100000.0,49.0,,,,,,,,,,,,,
ridge_medium,100000,2,evaluation,94,1,-0.131623132177013,0.1250467321823614,0.1257983335348855,0.025814332999289,-0.0065763999946516,-0.0058247986421275,1.0,1.0,100000.0,100000.0,0.0,0.01234,1.0063290467287216,0.0,100000.0,1.0,,,,,,,,,,,,,
ridge_medium,100000,2,evaluation,94,2,-0.131623132177013,0.0579607949945566,0.0596501518816965,0.0258000419999007,-0.0736623371824563,-0.0719729802953165,1.0,4.0,17859.0,25000.0,0.0,0.02473,1.0124707241253594,0.0,100000.0,4.0,,,,,,,,,,,,,
ridge_medium,100000,2,evaluation,94,3,-0.131623132177013,-0.0086493608527167,-0.005837122397792,0.0243164589919615,-0.1402724930297298,-0.1374602545748051,1.0,9.0,8329.0,11111.111111111111,0.0,0.03707,1.018962508785554,0.0,100000.0,9.0,,,,,,,,,,,,,
ridge_medium,100000,2,evaluation,94,4,-0.131623132177013,-0.0174096404730673,-0.0138827684405038,0.0263774160121101,-0.1490327726500804,-0.1455059006175169,1.0,16.0,2592.0,6250.0,0.0,0.04843,1.024385741161303,0.0,100000.0,16.0,,,,,,,,,,,,,
ridge_medium,100000,2,evaluation,94,5,-0.131623132177013,-0.029215874750522,-0.0245132755351687,0.0253612090018577,-0.160839006927535,-0.1561364077121818,1.0,25.0,1935.0,4000.0,0.0,0.0606,1.030583123531803,0.0,100000.0,25.0,,,,,,,,,,,,,
ridge_medium,100000,2,evaluation,94,6,-0.131623132177013,-0.0367977571887579,-0.0310191547977969,0.0252282909932546,-0.168420889365771,-0.16264228697481,1.0,36.0,942.0,2777.777777777778,0.0,0.07207,1.0367665040664906,0.0,100000.0,36.0,,,,,,,,,,,,,
ridge_medium,100000,2,evaluation,94,7,-0.131623132177013,-0.0438077302152912,-0.0373571631125543,0.0282992089923936,-0.1754308623923043,-0.1689802952895673,1.0,49.0,785.0,2040.8163265306123,0.0,0.0842,1.043094015960532,0.0,100000.0,49.0,,,,,,,,,,,,,
ridge_medium,100000,2,evaluation,95,1,-0.131623132177013,0.1255246274949255,0.1262928720293274,0.0290847499854862,-0.0060985046820875,-0.0053302601476856,1.0,1.0,100000.0,100000.0,0.0,0.0124,1.006121992965428,0.0,100000.0,1.0,,,,,,,,,,,,,
ridge_medium,100000,2,evaluation,95,2,-0.131623132177013,0.0570948165445226,0.0588140757510441,0.0278589169902261,-0.0745283156324904,-0.0728090564259688,1.0,4.0,17940.0,25000.0,0.0,0.02496,1.012390720290771,0.0,100000.0,4.0,,,,,,,,,,,,,
ridge_medium,100000,2,evaluation,95,3,-0.131623132177013,-0.0125839150241707,-0.0098180570792886,0.0265795000013895,-0.1442070472011838,-0.1414411892563017,1.0,9.0,8274.0,11111.111111111111,0.0,0.03718,1.018760766639896,0.0,100000.0,9.0,,,,,,,,,,,,,
ridge_medium,100000,2,evaluation,95,4,-0.131623132177013,-0.021793933556683,-0.0181058315545316,0.0253059999959077,-0.1534170657336961,-0.1497289637315447,1.0,16.0,2658.0,6250.0,0.0,0.04858,1.02469503827191,0.0,100000.0,16.0,,,,,,,,,,,,,
ridge_medium,100000,2,evaluation,95,5,-0.131623132177013,-0.0331568895143265,-0.0288612616825235,0.0275960419967304,-0.1647800216913396,-0.1604843938595366,1.0,25.0,1913.0,4000.0,0.0,0.06058,1.0309194018615435,0.0,100000.0,25.0,,,,,,,,,,,,,
ridge_medium,100000,2,evaluation,95,6,-0.131623132177013,-0.040020815203648,-0.0348716031391913,0.0261354579997714,-0.171643947380661,-0.1664947353162044,1.0,36.0,976.0,2777.777777777778,0.0,0.07218,1.0366877235299248,0.0,100000.0,36.0,,,,,,,,,,,,,
ridge_medium,100000,2,evaluation,95,7,-0.131623132177013,-0.0475283624394878,-0.0415803786084489,0.0240315420087426,-0.1791514946165009,-0.1732035107854619,1.0,49.0,741.0,2040.8163265306123,0.0,0.08337,1.042818642983426,0.0,100000.0,49.0,,,,,,,,,,,,,
ridge_medium,100000,2,evaluation,96,1,-0.131623132177013,0.1252233967662511,0.1261670335043106,0.0246779579902067,-0.0063997354107619,-0.0054560986727024,1.0,1.0,100000.0,100000.0,0.0,0.01277,1.0063368754762196,0.0,100000.0,1.0,,,,,,,,,,,,,
ridge_medium,100000,2,evaluation,96,2,-0.131623132177013,0.0561296636445646,0.0580725369392236,0.0252660829864908,-0.0754934685324484,-0.0735505952377894,1.0,4.0,17850.0,25000.0,0.0,0.02483,1.0124636388994552,0.0,100000.0,4.0,,,,,,,,,,,,,
ridge_medium,100000,2,evaluation,96,3,-0.131623132177013,-0.0104748030235608,-0.0077767315378707,0.0227120420022401,-0.1420979352005739,-0.1393998637148838,1.0,9.0,8344.0,11111.111111111111,0.0,0.03686,1.0184623689487255,0.0,100000.0,9.0,,,,,,,,,,,,,
ridge_medium,100000,2,evaluation,96,4,-0.131623132177013,-0.0203659920074283,-0.0172092393802548,0.0262482909893151,-0.1519891241844414,-0.1488323715572679,1.0,16.0,2644.0,6250.0,0.0,0.04876,1.0248818330426237,0.0,100000.0,16.0,,,,,,,,,,,,,
ridge_medium,100000,2,evaluation,96,5,-0.131623132177013,-0.0309245519672364,-0.0266468828959461,0.0241391670133452,-0.1625476841442495,-0.1582700150729592,1.0,25.0,1922.0,4000.0,0.0,0.0602,1.0308904634876774,0.0,100000.0,25.0,,,,,,,,,,,,,
ridge_medium,100000,2,evaluation,96,6,-0.131623132177013,-0.0379819422068965,-0.0329118862603194,0.0219704999763052,-0.1696050743839096,-0.1645350184373324,1.0,36.0,960.0,2777.777777777778,0.0,0.07201,1.0365453418771788,0.0,100000.0,36.0,,,,,,,,,,,,,
ridge_medium,100000,2,evaluation,96,7,-0.131623132177013,-0.0458918168068936,-0.039427137101856,0.0261186670104507,-0.1775149489839067,-0.1710502692788691,1.0,49.0,797.0,2040.8163265306123,0.0,0.08439,1.042753693063314,0.0,100000.0,49.0,,,,,,,,,,,,,
ridge_medium,100000,2,evaluation,97,1,-0.131623132177013,0.1254141563503999,0.1262430087065678,0.02503041701857,-0.006208975826613,-0.0053801234704452,1.0,1.0,100000.0,100000.0,0.0,0.01235,1.006220543609769,0.0,100000.0,1.0,,,,,,,,,,,,,
ridge_medium,100000,2,evaluation,97,2,-0.131623132177013,0.0590134298367955,0.0607006872039858,0.0284799579821992,-0.0726097023402175,-0.0709224449730272,1.0,4.0,17741.0,25000.0,0.0,0.02468,1.012522730141119,0.0,100000.0,4.0,,,,,,,,,,,,,
ridge_medium,100000,2,evaluation,97,3,-0.131623132177013,-0.0068101395478956,-0.0046744163539403,0.0233145829988643,-0.1384332717249087,-0.1362975485309534,1.0,9.0,8322.0,11111.111111111111,0.0,0.03702,1.0189007853887635,0.0,100000.0,9.0,,,,,,,,,,,,,
ridge_medium,100000,2,evaluation,97,4,-0.131623132177013,-0.0166934055604987,-0.0135325526595078,0.0304875420115422,-0.1483165377375118,-0.1451556848365209,1.0,16.0,2694.0,6250.0,0.0,0.04867,1.0246527367271423,0.0,100000.0,16.0,,,,,,,,,,,,,
ridge_medium,100000,2,evaluation,97,5,-0.131623132177013,-0.0280308035739891,-0.0237136370050136,0.0255020830081775,-0.1596539357510022,-0.1553367691820267,1.0,25.0,1972.0,4000.0,0.0,0.06053,1.0308457491258507,0.0,100000.0,25.0,,,,,,,,,,,,,
ridge_medium,100000,2,evaluation,97,6,-0.131623132177013,-0.0351855881001854,-0.0299439237370643,0.0216618750127963,-0.1668087202771985,-0.1615670559140773,1.0,36.0,972.0,2777.777777777778,0.0,0.07218,1.0366601958834405,0.0,100000.0,36.0,,,,,,,,,,,,,
ridge_medium,100000,2,evaluation,97,7,-0.131623132177013,-0.041632956051804,-0.0358559814869305,0.0239873749960679,-0.1732560882288171,-0.1674791136639435,1.0,49.0,804.0,2040.8163265306123,0.0,0.08326,1.0427437625233096,0.0,100000.0,49.0,,,,,,,,,,,,,
ridge_medium,100000,2,evaluation,98,1,-0.131623132177013,0.1252390169765747,0.1261572929853443,0.0284969159984029,-0.0063841152004383,-0.0054658391916687,1.0,1.0,100000.0,100000.0,0.0,0.01253,1.0063714368319738,0.0,100000.0,1.0,,,,,,,,,,,,,
ridge_medium,100000,2,evaluation,98,2,-0.131623132177013,0.0585612930480732,0.0604338969255095,0.0271867080009542,-0.0730618391289398,-0.0711892352515035,1.0,4.0,17801.0,25000.0,0.0,0.02472,1.0124488834535923,0.0,100000.0,4.0,,,,,,,,,,,,,
ridge_medium,100000,2,evaluation,98,3,-0.131623132177013,-0.0061172206361658,-0.0038999566669745,0.0228474579926114,-0.1377403528131789,-0.1355230888439876,1.0,9.0,8441.0,11111.111111111111,0.0,0.03686,1.0188456913497608,0.0,100000.0,9.0,,,,,,,,,,,,,
ridge_medium,100000,2,evaluation,98,4,-0.131623132177013,-0.0154087567307266,-0.0120129654448521,0.0286954589828383,-0.1470318889077397,-0.1436360976218652,1.0,16.0,2685.0,6250.0,0.0,0.04915,1.0249324037582006,0.0,100000.0,16.0,,,,,,,,,,,,,
ridge_medium,100000,2,evaluation,98,5,-0.131623132177013,-0.0264539385432247,-0.022500479792384,0.0238152500241994,-0.1580770707202378,-0.1541236119693971,1.0,25.0,1973.0,4000.0,0.0,0.06029,1.0309656346063536,0.0,100000.0,25.0,,,,,,,,,,,,,
ridge_medium,100000,2,evaluation,98,6,-0.131623132177013,-0.0339962752197285,-0.0290516338243873,0.0240252919902559,-0.1656194073967415,-0.1606747660014004,1.0,36.0,989.0,2777.777777777778,0.0,0.07216,1.036972416232755,0.0,100000.0,36.0,,,,,,,,,,,,,
ridge_medium,100000,2,evaluation,98,7,-0.131623132177013,-0.0407749925050251,-0.0350056817384315,0.0232396660139784,-0.1723981246820382,-0.1666288139154446,1.0,49.0,814.0,2040.8163265306123,0.0,0.08402,1.0431771802417913,0.0,100000.0,49.0,,,,,,,,,,,,,
ridge_medium,100000,2,evaluation,99,1,-0.131623132177013,0.1253765809416722,0.1261980498945348,0.0268919999944046,-0.0062465512353408,-0.0054250822824782,1.0,1.0,100000.0,100000.0,0.0,0.01267,1.006199051424778,0.0,100000.0,1.0,,,,,,,,,,,,,
ridge_medium,100000,2,evaluation,99,2,-0.131623132177013,0.0578363969114306,0.0596377708725716,0.0265312080155126,-0.0737867352655824,-0.0719853613044414,1.0,4.0,17665.0,25000.0,0.0,0.02499,1.0124599292168135,0.0,100000.0,4.0,,,,,,,,,,,,,
ridge_medium,100000,2,evaluation,99,3,-0.131623132177013,-0.0088484736441828,-0.0063613823530388,0.0229798749787732,-0.1404716058211959,-0.1379845145300519,1.0,9.0,8442.0,11111.111111111111,0.0,0.03742,1.0188524945051982,0.0,100000.0,9.0,,,,,,,,,,,,,
ridge_medium,100000,2,evaluation,99,4,-0.131623132177013,-0.0181252247576316,-0.0145186879246656,0.0270399170112796,-0.1497483569346447,-0.1461418201016787,1.0,16.0,2638.0,6250.0,0.0,0.04882,1.0246759274844646,0.0,100000.0,16.0,,,,,,,,,,,,,
ridge_medium,100000,2,evaluation,99,5,-0.131623132177013,-0.0295637652498577,-0.0253290577881566,0.0284419999807141,-0.1611868974268708,-0.1569521899651697,1.0,25.0,1923.0,4000.0,0.0,0.06064,1.0307626669831045,0.0,100000.0,25.0,,,,,,,,,,,,,
ridge_medium,100000,2,evaluation,99,6,-0.131623132177013,-0.0364735976980578,-0.031121458412762,0.0257485409965738,-0.1680967298750709,-0.1627445905897751,1.0,36.0,956.0,2777.777777777778,0.0,0.07231,1.0367169218135166,0.0,100000.0,36.0,,,,,,,,,,,,,
ridge_medium,100000,2,evaluation,99,7,-0.131623132177013,-0.0442171201077449,-0.0381314564655392,0.0243902920046821,-0.175840252284758,-0.1697545886425522,1.0,49.0,774.0,2040.8163265306123,0.0,0.08394,1.0431015566475097,0.0,100000.0,49.0,,,,,,,,,,,,,
ridge_medium,100000,3,,0,1,-0.131623132177013,0.122171308935197,,,-0.009451823241816,,1.0,1.0,100000.0,100000.0,0.0,,1.0097415063152853,,100000.0,,1.0,0.0,2026100607.0,-0.131623132177013,"[2026100607, 100000, 3, 0]",0.0,False,0.0149258287269393,False,0.0,ok,,0.0382649999810382
ridge_medium,100000,3,,0,2,-0.131623132177013,0.044686728893727,,,-0.086936403283286,,1.0,8.0,8937.0,12500.0,0.0,,1.02700691720793,,100000.0,,1.0,0.0,2026100607.0,-0.131623132177013,"[2026100607, 100000, 3, 0]",0.0,False,0.0019969037392214,False,0.0,ok,,0.0355822080164216
ridge_medium,100000,3,,0,3,-0.131623132177013,-0.0388011559328178,,,-0.1704242881098308,,1.0,27.0,2764.0,3703.703703703704,0.0,,1.0493303134701082,,100000.0,,1.0,0.0,2026100607.0,-0.131623132177013,"[2026100607, 100000, 3, 0]",0.0,False,0.0015055297017228,False,0.0,ok,,0.041072666994296
ridge_medium,100000,3,,0,4,-0.131623132177013,-0.0699160217876421,,,-0.2015391539646552,,1.0,64.0,633.0,1562.5,0.0,,1.0760486193521204,,100000.0,,1.0,0.0,2026100607.0,-0.131623132177013,"[2026100607, 100000, 3, 0]",0.0,False,0.00488825010261,False,0.0,ok,,0.0366655000252649
ridge_medium,100000,3,,0,5,-0.131623132177013,-0.1074327766444707,,,-0.2390559088214837,,1.0,125.0,366.0,800.0,0.0,,1.1049751590573555,,100000.0,,1.0,0.0,2026100607.0,-0.131623132177013,"[2026100607, 100000, 3, 0]",0.0,False,0.0115418014975407,False,0.0,ok,,0.0339795420295558
ridge_medium,100000,3,,0,6,-0.131623132177013,-0.1456663396149908,,,-0.2772894717920039,,1.0,216.0,144.0,462.962962962963,0.0,,1.1389994448121836,,100000.0,,1.0,0.0,2026100607.0,-0.131623132177013,"[2026100607, 100000, 3, 0]",0.0,False,0.0212186824968298,False,0.0,ok,,0.0421836659661494
ridge_medium,100000,3,,0,7,-0.131623132177013,-0.189254215769097,,,-0.3208773479461101,,1.0,343.0,92.0,291.5451895043732,0.0,,1.17503414364896,,100000.0,,1.0,0.0,2026100607.0,-0.131623132177013,"[2026100607, 100000, 3, 0]",0.0,False,0.0358171581863759,False,0.0,ok,,0.0338554999907501
ridge_medium,100000,3,,1,1,-0.131623132177013,0.1217050802807349,,,-0.0099180518962781,,1.0,1.0,100000.0,100000.0,0.0,,1.009216801674561,,100000.0,,1.0,1.0,2026100607.0,-0.131623132177013,"[2026100607, 100000, 3, 1]",0.0,False,0.0148121265661401,False,0.0,ok,,0.0383386249886825
ridge_medium,100000,3,,1,2,-0.131623132177013,0.0421575398490336,,,-0.0894655923279794,,1.0,8.0,8776.0,12500.0,0.0,,1.0266339499946326,,100000.0,,1.0,1.0,2026100607.0,-0.131623132177013,"[2026100607, 100000, 3, 1]",0.0,False,0.0017772581661228,False,0.0,ok,,0.0364631660049781
ridge_medium,100000,3,,1,3,-0.131623132177013,-0.0435339486305328,,,-0.1751570808075459,,1.0,27.0,2698.0,3703.703703703704,0.0,,1.0486909729105134,,100000.0,,1.0,1.0,2026100607.0,-0.131623132177013,"[2026100607, 100000, 3, 1]",0.0,False,0.0018952046833658,False,0.0,ok,,0.0407869169721379
ridge_medium,100000,3,,1,4,-0.131623132177013,-0.0732508256185187,,,-0.2048739577955318,,1.0,64.0,610.0,1562.5,0.0,,1.0749327440310716,,100000.0,,1.0,1.0,2026100607.0,-0.131623132177013,"[2026100607, 100000, 3, 1]",0.0,False,0.0053656834537946,False,0.0,ok,,0.0366177499527111
ridge_medium,100000,3,,1,5,-0.131623132177013,-0.1114286453100002,,,-0.2430517774870133,,1.0,125.0,351.0,800.0,0.0,,1.10480339752558,,100000.0,,1.0,1.0,2026100607.0,-0.131623132177013,"[2026100607, 100000, 3, 1]",0.0,False,0.0124163429956218,False,0.0,ok,,0.0346234589815139
ridge_medium,100000,3,,1,6,-0.131623132177013,-0.1504412799283627,,,-0.2820644121053758,,1.0,216.0,146.0,462.962962962963,0.0,,1.1379360858427114,,100000.0,,1.0,1.0,2026100607.0,-0.131623132177013,"[2026100607, 100000, 3, 1]",0.0,False,0.0226325787064839,False,0.0,ok,,0.0426921250182203
ridge_medium,100000,3,,1,7,-0.131623132177013,-0.1930823713333833,,,-0.3247055035103964,,1.0,343.0,99.0,291.5451895043732,0.0,,1.175370871073696,,100000.0,,1.0,1.0,2026100607.0,-0.131623132177013,"[2026100607, 100000, 3, 1]",0.0,False,0.0372808021197225,False,0.0,ok,,0.0338872499996796
ridge_medium,100000,3,,2,1,-0.131623132177013,0.1221415376231855,,,-0.0094815945538275,,1.0,1.0,100000.0,100000.0,0.0,,1.0094831145399406,,100000.0,,1.0,2.0,2026100607.0,-0.131623132177013,"[2026100607, 100000, 3, 2]",0.0,False,0.014918555212956,False,0.0,ok,,0.0381000409834086
ridge_medium,100000,3,,2,2,-0.131623132177013,0.0430758765521906,,,-0.0885472556248224,,1.0,8.0,8902.0,12500.0,0.0,,1.0266995786729975,,100000.0,,1.0,2.0,2026100607.0,-0.131623132177013,"[2026100607, 100000, 3, 2]",0.0,False,0.0018555311407395,False,0.0,ok,,0.0366109579917974
ridge_medium,100000,3,,2,3,-0.131623132177013,-0.0400016223650436,,,-0.1716247545420567,,1.0,27.0,2703.0,3703.703703703704,0.0,,1.0489329536533814,,100000.0,,1.0,2.0,2026100607.0,-0.131623132177013,"[2026100607, 100000, 3, 2]",0.0,False,0.0016001297918355,False,0.0,ok,,0.0411347920307889
ridge_medium,100000,3,,2,4,-0.131623132177013,-0.0723592878906805,,,-0.2039824200676935,,1.0,64.0,637.0,1562.5,0.0,,1.074826377416577,,100000.0,,1.0,2.0,2026100607.0,-0.131623132177013,"[2026100607, 100000, 3, 2]",0.0,False,0.0052358665440463,False,0.0,ok,,0.0366641249856911
ridge_medium,100000,3,,2,5,-0.131623132177013,-0.1096943126294073,,,-0.2413174448064204,,1.0,125.0,361.0,800.0,0.0,,1.1046167515375498,,100000.0,,1.0,2.0,2026100607.0,-0.131623132177013,"[2026100607, 100000, 3, 2]",0.0,False,0.0120328422232381,False,0.0,ok,,0.0342525420128367
ridge_medium,100000,3,,2,6,-0.131623132177013,-0.1474744622693408,,,-0.2790975944463539,,1.0,216.0,149.0,462.962962962963,0.0,,1.137638825203361,,100000.0,,1.0,2.0,2026100607.0,-0.131623132177013,"[2026100607, 100000, 3, 2]",0.0,False,0.0217487170216312,False,0.0,ok,,0.0420869580120779
ridge_medium,100000,3,,2,7,-0.131623132177013,-0.1898891407914978,,,-0.3215122729685109,,1.0,343.0,93.0,291.5451895043732,0.0,,1.1754182328217018,,100000.0,,1.0,2.0,2026100607.0,-0.131623132177013,"[2026100607, 100000, 3, 2]",0.0,False,0.0360578857905332,False,0.0,ok,,0.034100207965821
ridge_medium,100000,3,,3,1,-0.131623132177013,0.1220738651393041,,,-0.0095492670377089,,1.0,1.0,100000.0,100000.0,0.0,,1.0093213698318926,,100000.0,,1.0,3.0,2026100607.0,-0.131623132177013,"[2026100607, 100000, 3, 3]",0.0,False,0.014902028550049,False,0.0,ok,,0.034930833033286
ridge_medium,100000,3,,3,2,-0.131623132177013,0.0448021382880208,,,-0.0868209938889922,,1.0,8.0,8913.0,12500.0,0.0,,1.0264903932772529,,100000.0,,1.0,3.0,2026100607.0,-0.131623132177013,"[2026100607, 100000, 3, 3]",0.0,False,0.0020072315951789,False,0.0,ok,,0.0320615000091493
ridge_medium,100000,3,,3,3,-0.131623132177013,-0.0388135070650492,,,-0.1704366392420623,,1.0,27.0,2721.0,3703.703703703704,0.0,,1.049260645818524,,100000.0,,1.0,3.0,2026100607.0,-0.131623132177013,"[2026100607, 100000, 3, 3]",0.0,False,0.0015064883306886,False,0.0,ok,,0.0352813330246135
ridge_medium,100000,3,,3,4,-0.131623132177013,-0.0693377679976679,,,-0.200960900174681,,1.0,64.0,603.0,1562.5,0.0,,1.0749055002676269,,100000.0,,1.0,3.0,2026100607.0,-0.131623132177013,"[2026100607, 100000, 3, 3]",0.0,False,0.0048077260708984,False,0.0,ok,,0.0332718749996274
ridge_medium,100000,3,,3,5,-0.131623132177013,-0.1065429229147585,,,-0.2381660550917716,,1.0,125.0,353.0,800.0,0.0,,1.1047525948873094,,100000.0,,1.0,3.0,2026100607.0,-0.131623132177013,"[2026100607, 100000, 3, 3]",0.0,False,0.0113513944232201,False,0.0,ok,,0.0322881250176578
ridge_medium,100000,3,,3,6,-0.131623132177013,-0.1446022796043687,,,-0.2762254117813818,,1.0,216.0,148.0,462.962962962963,0.0,,1.1380746354505658,,100000.0,,1.0,3.0,2026100607.0,-0.131623132177013,"[2026100607, 100000, 3, 3]",0.0,False,0.02090981926678,False,0.0,ok,,0.0343855829560197
ridge_medium,100000,3,,3,7,-0.131623132177013,-0.1890815954385366,,,-0.3207047276155497,,1.0,343.0,98.0,291.5451895043732,0.0,,1.1753686050678347,,100000.0,,1.0,3.0,2026100607.0,-0.131623132177013,"[2026100607, 100000, 3, 3]",0.0,False,0.0357518497335824,False,0.0,ok,,0.0324386249994859
ridge_medium,100000,3,,4,1,-0.131623132177013,0.1221266216411819,,,-0.0094965105358311,,1.0,1.0,100000.0,100000.0,0.0,,1.009537074110487,,100000.0,,1.0,4.0,2026100607.0,-0.131623132177013,"[2026100607, 100000, 3, 4]",0.0,False,0.0149149117134884,False,0.0,ok,,0.034807207994163
ridge_medium,100000,3,,4,2,-0.131623132177013,0.0446129692763148,,,-0.0870101629006982,,1.0,8.0,8915.0,12500.0,0.0,,1.0268428546419786,,100000.0,,1.0,4.0,2026100607.0,-0.131623132177013,"[2026100607, 100000, 3, 4]",0.0,False,0.0019903170276494,False,0.0,ok,,0.0324755409965291
ridge_medium,100000,3,,4,3,-0.131623132177013,-0.0390463166616508,,,-0.1706694488386639,,1.0,27.0,2737.0,3703.703703703704,0.0,,1.0490550493288588,,100000.0,,1.0,4.0,2026100607.0,-0.131623132177013,"[2026100607, 100000, 3, 4]",0.0,False,0.0015246148448419,False,0.0,ok,,0.0352962089818902
ridge_medium,100000,3,,4,4,-0.131623132177013,-0.0689432062299314,,,-0.2005663384069445,,1.0,64.0,633.0,1562.5,0.0,,1.0750625310284507,,100000.0,,1.0,4.0,2026100607.0,-0.131623132177013,"[2026100607, 100000, 3, 4]",0.0,False,0.0047531656852628,False,0.0,ok,,0.0334443749743513
ridge_medium,100000,3,,4,5,-0.131623132177013,-0.1065953193774889,,,-0.238218451554502,,1.0,125.0,355.0,800.0,0.0,,1.105809388095135,,100000.0,,1.0,4.0,2026100607.0,-0.131623132177013,"[2026100607, 100000, 3, 4]",0.0,False,0.0113625621131888,False,0.0,ok,,0.0323524170089513
ridge_medium,100000,3,,4,6,-0.131623132177013,-0.1453963475276601,,,-0.2770194797046732,,1.0,216.0,150.0,462.962962962963,0.0,,1.1383112830671689,,100000.0,,1.0,4.0,2026100607.0,-0.131623132177013,"[2026100607, 100000, 3, 4]",0.0,False,0.0211400978743841,False,0.0,ok,,0.0342231250251643
ridge_medium,100000,3,,4,7,-0.131623132177013,-0.1873834691037061,,,-0.3190066012807191,,1.0,343.0,88.0,291.5451895043732,0.0,,1.1741955387377072,,100000.0,,1.0,4.0,2026100607.0,-0.131623132177013,"[2026100607, 100000, 3, 4]",0.0,False,0.0351125644933395,False,0.0,ok,,0.0323092080070637
ridge_medium,100000,3,,5,1,-0.131623132177013,0.122182678045535,,,-0.0094404541314779,,1.0,1.0,100000.0,100000.0,0.0,,1.0094107111097277,,100000.0,,1.0,5.0,2026100607.0,-0.131623132177013,"[2026100607, 100000, 3, 5]",0.0,False,0.0149286068143788,False,0.0,ok,,0.0350009579560719
ridge_medium,100000,3,,5,2,-0.131623132177013,0.0442895643994204,,,-0.0873335677775926,,1.0,8.0,8828.0,12500.0,0.0,,1.0267870564905064,,100000.0,,1.0,5.0,2026100607.0,-0.131623132177013,"[2026100607, 100000, 3, 5]",0.0,False,0.0019615655146904,False,0.0,ok,,0.0327552080270834
ridge_medium,100000,3,,5,3,-0.131623132177013,-0.03950272291517,,,-0.1711258550921831,,1.0,27.0,2723.0,3703.703703703704,0.0,,1.0490759106995189,,100000.0,,1.0,5.0,2026100607.0,-0.131623132177013,"[2026100607, 100000, 3, 5]",0.0,False,0.0015604651177127,False,0.0,ok,,0.0355012919753789
ridge_medium,100000,3,,5,4,-0.131623132177013,-0.0689635783051903,,,-0.2005867104822034,,1.0,64.0,638.0,1562.5,0.0,,1.075118310526783,,100000.0,,1.0,5.0,2026100607.0,-0.131623132177013,"[2026100607, 100000, 3, 5]",0.0,False,0.0047559751326561,False,0.0,ok,,0.0335730420192703
ridge_medium,100000,3,,5,5,-0.131623132177013,-0.1079498411630041,,,-0.2395729733400172,,1.0,125.0,371.0,800.0,0.0,,1.1048918824896874,,100000.0,,1.0,5.0,2026100607.0,-0.131623132177013,"[2026100607, 100000, 3, 5]",0.0,False,0.0116531682071178,False,0.0,ok,,0.0321390000171959
ridge_medium,100000,3,,5,6,-0.131623132177013,-0.1456850313608577,,,-0.2773081635378708,,1.0,216.0,145.0,462.962962962963,0.0,,1.1392043119745718,,100000.0,,1.0,5.0,2026100607.0,-0.131623132177013,"[2026100607, 100000, 3, 5]",0.0,False,0.0212241283626141,False,0.0,ok,,0.0344732500379905
ridge_medium,100000,3,,5,7,-0.131623132177013,-0.1893766059429819,,,-0.320999738119995,,1.0,343.0,95.0,291.5451895043732,0.0,,1.1755708629343804,,100000.0,,1.0,5.0,2026100607.0,-0.131623132177013,"[2026100607, 100000, 3, 5]",0.0,False,0.0358634988784834,False,0.0,ok,,0.0327996250125579
ridge_medium,100000,3,,6,1,-0.131623132177013,0.1218871090156989,,,-0.0097360231613141,,1.0,1.0,100000.0,100000.0,0.0,,1.0095205909319296,,100000.0,,1.0,6.0,2026100607.0,-0.131623132177013,"[2026100607, 100000, 3, 6]",0.0,False,0.0148564673442048,False,0.0,ok,,0.036974792019464
ridge_medium,100000,3,,6,2,-0.131623132177013,0.0431165048800952,,,-0.0885066272969178,,1.0,8.0,8828.0,12500.0,0.0,,1.0267323131212125,,100000.0,,1.0,6.0,2026100607.0,-0.131623132177013,"[2026100607, 100000, 3, 6]",0.0,False,0.0018590329930752,False,0.0,ok,,0.0371420840383507
ridge_medium,100000,3,,6,3,-0.131623132177013,-0.0411915380909357,,,-0.1728146702679488,,1.0,27.0,2720.0,3703.703703703704,0.0,,1.0487068915339857,,100000.0,,1.0,6.0,2026100607.0,-0.131623132177013,"[2026100607, 100000, 3, 6]",0.0,False,0.001696742810297,False,0.0,ok,,0.0395485839690081
ridge_medium,100000,3,,6,4,-0.131623132177013,-0.0728934130994011,,,-0.2045165452764142,,1.0,64.0,617.0,1562.5,0.0,,1.0754862867916508,,100000.0,,1.0,6.0,2026100607.0,-0.131623132177013,"[2026100607, 100000, 3, 6]",0.0,False,0.0053134496732799,False,0.0,ok,,0.0378252089722082
ridge_medium,100000,3,,6,5,-0.131623132177013,-0.1118947453536024,,,-0.2435178775306155,,1.0,125.0,343.0,800.0,0.0,,1.1050513128197508,,100000.0,,1.0,6.0,2026100607.0,-0.131623132177013,"[2026100607, 100000, 3, 6]",0.0,False,0.0125204340377475,False,0.0,ok,,0.0338467080146074
ridge_medium,100000,3,,6,6,-0.131623132177013,-0.1476780658798282,,,-0.2793011980568413,,1.0,216.0,132.0,462.962962962963,0.0,,1.1383777804092725,,100000.0,,1.0,6.0,2026100607.0,-0.131623132177013,"[2026100607, 100000, 3, 6]",0.0,False,0.0218088111420068,False,0.0,ok,,0.0348115409724414
ridge_medium,100000,3,,6,7,-0.131623132177013,-0.1908825632433108,,,-0.3225056954203238,,1.0,343.0,88.0,291.5451895043732,0.0,,1.1748321021305344,,100000.0,,1.0,6.0,2026100607.0,-0.131623132177013,"[2026100607, 100000, 3, 6]",0.0,False,0.0364361529503365,False,0.0,ok,,0.0327449589967727
ridge_medium,100000,3,,7,1,-0.131623132177013,0.1219439146483713,,,-0.0096792175286417,,1.0,1.0,100000.0,100000.0,0.0,,1.0096208650566152,,100000.0,,1.0,7.0,2026100607.0,-0.131623132177013,"[2026100607, 100000, 3, 7]",0.0,False,0.0148703183197692,False,0.0,ok,,0.0369088330189697
ridge_medium,100000,3,,7,2,-0.131623132177013,0.0449912736013003,,,-0.0866318585757127,,1.0,8.0,8882.0,12500.0,0.0,,1.0270282431831357,,100000.0,,1.0,7.0,2026100607.0,-0.131623132177013,"[2026100607, 100000, 3, 7]",0.0,False,0.002024214700267,False,0.0,ok,,0.0364068340277299
ridge_medium,100000,3,,7,3,-0.131623132177013,-0.0382034505608785,,,-0.1698265827378916,,1.0,27.0,2709.0,3703.703703703704,0.0,,1.0487811927947148,,100000.0,,1.0,7.0,2026100607.0,-0.131623132177013,"[2026100607, 100000, 3, 7]",0.0,False,0.0014595036347574,False,0.0,ok,,0.0388553339871577
ridge_medium,100000,3,,7,4,-0.131623132177013,-0.0681555685037373,,,-0.1997787006807503,,1.0,64.0,632.0,1562.5,0.0,,1.0752407014147274,,100000.0,,1.0,7.0,2026100607.0,-0.131623132177013,"[2026100607, 100000, 3, 7]",0.0,False,0.0046451815180676,False,0.0,ok,,0.0373907910543493
ridge_medium,100000,3,,7,5,-0.131623132177013,-0.1061258791691025,,,-0.2377490113461156,,1.0,125.0,361.0,800.0,0.0,,1.104829029092076,,100000.0,,1.0,7.0,2026100607.0,-0.131623132177013,"[2026100607, 100000, 3, 7]",0.0,False,0.0112627022294149,False,0.0,ok,,0.0336822079843841
ridge_medium,100000,3,,7,6,-0.131623132177013,-0.1436694119659545,,,-0.2752925441429676,,1.0,216.0,144.0,462.962962962963,0.0,,1.1386494354350518,,100000.0,,1.0,7.0,2026100607.0,-0.131623132177013,"[2026100607, 100000, 3, 7]",0.0,False,0.0206408999346431,False,0.0,ok,,0.0345216249697841
ridge_medium,100000,3,,7,7,-0.131623132177013,-0.188119753925871,,,-0.3197428861028841,,1.0,343.0,92.0,291.5451895043732,0.0,,1.175029137924519,,100000.0,,1.0,7.0,2026100607.0,-0.131623132177013,"[2026100607, 100000, 3, 7]",0.0,False,0.0353890418171302,False,0.0,ok,,0.0329197500250302
ridge_medium,100000,3,,8,1,-0.131623132177013,0.1224259327197224,,,-0.0091971994572906,,1.0,1.0,100000.0,100000.0,0.0,,1.0095823894953528,,100000.0,,1.0,8.0,2026100607.0,-0.131623132177013,"[2026100607, 100000, 3, 8]",0.0,False,0.014988109002294,False,0.0,ok,,0.03716229199199
ridge_medium,100000,3,,8,2,-0.131623132177013,0.0448380215407404,,,-0.0867851106362726,,1.0,8.0,8932.0,12500.0,0.0,,1.026992561553541,,100000.0,,1.0,8.0,2026100607.0,-0.131623132177013,"[2026100607, 100000, 3, 8]",0.0,False,0.0020104481756879,False,0.0,ok,,0.0357944580027833
ridge_medium,100000,3,,8,3,-0.131623132177013,-0.0391430947069459,,,-0.170766226883959,,1.0,27.0,2708.0,3703.703703703704,0.0,,1.049288194290183,,100000.0,,1.0,8.0,2026100607.0,-0.131623132177013,"[2026100607, 100000, 3, 8]",0.0,False,0.0015321818632369,False,0.0,ok,,0.0384957080241292
ridge_medium,100000,3,,8,4,-0.131623132177013,-0.0673754647054714,,,-0.1989985968824845,,1.0,64.0,642.0,1562.5,0.0,,1.0754852111398134,,100000.0,,1.0,8.0,2026100607.0,-0.131623132177013,"[2026100607, 100000, 3, 8]",0.0,False,0.0045394532442782,False,0.0,ok,,0.0379812499741092
ridge_medium,100000,3,,8,5,-0.131623132177013,-0.1052354897796689,,,-0.236858621956682,,1.0,125.0,350.0,800.0,0.0,,1.1055771257147966,,100000.0,,1.0,8.0,2026100607.0,-0.131623132177013,"[2026100607, 100000, 3, 8]",0.0,False,0.0110745083091668,False,0.0,ok,,0.0333493329817429
ridge_medium,100000,3,,8,6,-0.131623132177013,-0.1450817867172263,,,-0.2767049188942393,,1.0,216.0,136.0,462.962962962963,0.0,,1.1386333102900916,,100000.0,,1.0,8.0,2026100607.0,-0.131623132177013,"[2026100607, 100000, 3, 8]",0.0,False,0.0210487248370627,False,0.0,ok,,0.0349228749983012
ridge_medium,100000,3,,8,7,-0.131623132177013,-0.1879405942223674,,,-0.3195637263993805,,1.0,343.0,94.0,291.5451895043732,0.0,,1.1755102392845074,,100000.0,,1.0,8.0,2026100607.0,-0.131623132177013,"[2026100607, 100000, 3, 8]",0.0,False,0.0353216669566565,False,0.0,ok,,0.0326314170379191
ridge_medium,100000,3,,9,1,-0.131623132177013,0.1224636820381377,,,-0.0091594501388753,,1.0,1.0,100000.0,100000.0,0.0,,1.009643818554529,,100000.0,,1.0,9.0,2026100607.0,-0.131623132177013,"[2026100607, 100000, 3, 9]",0.0,False,0.014997353418338,False,0.0,ok,,0.035378458967898
ridge_medium,100000,3,,9,2,-0.131623132177013,0.0429738869737197,,,-0.0886492452032933,,1.0,8.0,8784.0,12500.0,0.0,,1.0269339196635106,,100000.0,,1.0,9.0,2026100607.0,-0.131623132177013,"[2026100607, 100000, 3, 9]",0.0,False,0.00184675496163,False,0.0,ok,,0.0322693340131081
ridge_medium,100000,3,,9,3,-0.131623132177013,-0.0404968324482955,,,-0.1721199646253086,,1.0,27.0,2678.0,3703.703703703704,0.0,,1.0491476996014997,,100000.0,,1.0,9.0,2026100607.0,-0.131623132177013,"[2026100607, 100000, 3, 9]",0.0,False,0.0016399934383453,False,0.0,ok,,0.0357092499616555
ridge_medium,100000,3,,9,4,-0.131623132177013,-0.0723934436639137,,,-0.2040165758409268,,1.0,64.0,608.0,1562.5,0.0,,1.0750407900715109,,100000.0,,1.0,9.0,2026100607.0,-0.131623132177013,"[2026100607, 100000, 3, 9]",0.0,False,0.0052408106855202,False,0.0,ok,,0.033188333036378
ridge_medium,100000,3,,9,5,-0.131623132177013,-0.1111720553258835,,,-0.2427951875028966,,1.0,125.0,358.0,800.0,0.0,,1.1053154531173803,,100000.0,,1.0,9.0,2026100607.0,-0.131623132177013,"[2026100607, 100000, 3, 9]",0.0,False,0.0123592258853813,False,0.0,ok,,0.0318355839699506
ridge_medium,100000,3,,9,6,-0.131623132177013,-0.1482231155343374,,,-0.2798462477113505,,1.0,216.0,139.0,462.962962962963,0.0,,1.138416104000246,,100000.0,,1.0,9.0,2026100607.0,-0.131623132177013,"[2026100607, 100000, 3, 9]",0.0,False,0.0219700919787055,False,0.0,ok,,0.0339389590080827
ridge_medium,100000,3,,9,7,-0.131623132177013,-0.1926281835859058,,,-0.3242513157629189,,1.0,343.0,94.0,291.5451895043732,0.0,,1.1743140076767575,,100000.0,,1.0,9.0,2026100607.0,-0.131623132177013,"[2026100607, 100000, 3, 9]",0.0,False,0.0371056171116054,False,0.0,ok,,0.0321283339872024
ridge_medium,100000,3,,10,1,-0.131623132177013,0.1218818282529724,,,-0.0097413039240406,,1.0,1.0,100000.0,100000.0,0.0,,1.0095181299501024,,100000.0,,1.0,10.0,2026100607.0,-0.131623132177013,"[2026100607, 100000, 3, 10]",0.0,False,0.014855180058287,False,0.0,ok,,0.0351801249780692
ridge_medium,100000,3,,10,2,-0.131623132177013,0.0436190333288096,,,-0.0880040988482034,,1.0,8.0,8876.0,12500.0,0.0,,1.0269171358083016,,100000.0,,1.0,10.0,2026100607.0,-0.131623132177013,"[2026100607, 100000, 3, 10]",0.0,False,0.0019026200685398,False,0.0,ok,,0.032207083015237
ridge_medium,100000,3,,10,3,-0.131623132177013,-0.0418431939749505,,,-0.1734663261519636,,1.0,27.0,2697.0,3703.703703703704,0.0,,1.0485451901286724,,100000.0,,1.0,10.0,2026100607.0,-0.131623132177013,"[2026100607, 100000, 3, 10]",0.0,False,0.0017508528820253,False,0.0,ok,,0.035508667002432
ridge_medium,100000,3,,10,4,-0.131623132177013,-0.0726413087138136,,,-0.2042644408908267,,1.0,64.0,613.0,1562.5,0.0,,1.0750668087875137,,100000.0,,1.0,10.0,2026100607.0,-0.131623132177013,"[2026100607, 100000, 3, 10]",0.0,False,0.0052767597316555,False,0.0,ok,,0.0329997920198366
ridge_medium,100000,3,,10,5,-0.131623132177013,-0.1095460884809202,,,-0.2411692206579332,,1.0,125.0,357.0,800.0,0.0,,1.1048499793103634,,100000.0,,1.0,10.0,2026100607.0,-0.131623132177013,"[2026100607, 100000, 3, 10]",0.0,False,0.0120003455014696,False,0.0,ok,,0.0319179169600829
ridge_medium,100000,3,,10,6,-0.131623132177013,-0.1490684249390431,,,-0.2806915571160562,,1.0,216.0,136.0,462.962962962963,0.0,,1.1390002544794733,,100000.0,,1.0,10.0,2026100607.0,-0.131623132177013,"[2026100607, 100000, 3, 10]",0.0,False,0.0222213953138071,False,0.0,ok,,0.0343335829675197
ridge_medium,100000,3,,10,7,-0.131623132177013,-0.1914014618551211,,,-0.3230245940321342,,1.0,343.0,89.0,291.5451895043732,0.0,,1.1742791116416251,,100000.0,,1.0,10.0,2026100607.0,-0.131623132177013,"[2026100607, 100000, 3, 10]",0.0,False,0.0366345196002773,False,0.0,ok,,0.0318648330285213
ridge_medium,100000,3,,11,1,-0.131623132177013,0.1222439791401389,,,-0.0093791530368741,,1.0,1.0,100000.0,100000.0,0.0,,1.0094380105268708,,100000.0,,1.0,11.0,2026100607.0,-0.131623132177013,"[2026100607, 100000, 3, 11]",0.0,False,0.0149435904360147,False,0.0,ok,,0.0354554589721374
ridge_medium,100000,3,,11,2,-0.131623132177013,0.0430293154871817,,,-0.0885938166898313,,1.0,8.0,8828.0,12500.0,0.0,,1.0267076482579522,,100000.0,,1.0,11.0,2026100607.0,-0.131623132177013,"[2026100607, 100000, 3, 11]",0.0,False,0.0018515219912954,False,0.0,ok,,0.0329681670409627
ridge_medium,100000,3,,11,3,-0.131623132177013,-0.0408719649560892,,,-0.1724950971331023,,1.0,27.0,2714.0,3703.703703703704,0.0,,1.0490824762030322,,100000.0,,1.0,11.0,2026100607.0,-0.131623132177013,"[2026100607, 100000, 3, 11]",0.0,False,0.0016705175193717,False,0.0,ok,,0.0356718330294825
ridge_medium,100000,3,,11,4,-0.131623132177013,-0.071215465553789,,,-0.2028385977308021,,1.0,64.0,636.0,1562.5,0.0,,1.075238667789311,,100000.0,,1.0,11.0,2026100607.0,-0.131623132177013,"[2026100607, 100000, 3, 11]",0.0,False,0.0050716425340429,False,0.0,ok,,0.0329564579878933
ridge_medium,100000,3,,11,5,-0.131623132177013,-0.1094018490588903,,,-0.2410249812359034,,1.0,125.0,359.0,800.0,0.0,,1.1042655558499512,,100000.0,,1.0,11.0,2026100607.0,-0.131623132177013,"[2026100607, 100000, 3, 11]",0.0,False,0.0119687645775042,False,0.0,ok,,0.0317657919949851
ridge_medium,100000,3,,11,6,-0.131623132177013,-0.1476311575633863,,,-0.2792542897403994,,1.0,216.0,138.0,462.962962962963,0.0,,1.1377810708622274,,100000.0,,1.0,11.0,2026100607.0,-0.131623132177013,"[2026100607, 100000, 3, 11]",0.0,False,0.0217949586835054,False,0.0,ok,,0.0343054590048268
ridge_medium,100000,3,,11,7,-0.131623132177013,-0.1911758795411301,,,-0.3227990117181432,,1.0,343.0,97.0,291.5451895043732,0.0,,1.1746849156580237,,100000.0,,1.0,11.0,2026100607.0,-0.131623132177013,"[2026100607, 100000, 3, 11]",0.0,False,0.0365482169183246,False,0.0,ok,,0.0319912090199068
ridge_medium,100000,3,,12,1,-0.131623132177013,0.1220563329681225,,,-0.0095667992088905,,1.0,1.0,100000.0,100000.0,0.0,,1.0094216175194417,,100000.0,,1.0,12.0,2026100607.0,-0.131623132177013,"[2026100607, 100000, 3, 12]",0.0,False,0.0148977484176251,False,0.0,ok,,0.0342497500241734
ridge_medium,100000,3,,12,2,-0.131623132177013,0.0439169362565816,,,-0.0877061959204313,,1.0,8.0,8882.0,12500.0,0.0,,1.0267188813596622,,100000.0,,1.0,12.0,2026100607.0,-0.131623132177013,"[2026100607, 100000, 3, 12]",0.0,False,0.0019286972901646,False,0.0,ok,,0.0315755420015193
ridge_medium,100000,3,,12,3,-0.131623132177013,-0.0398618430557822,,,-0.1714849752327953,,1.0,27.0,2732.0,3703.703703703704,0.0,,1.04880274215268,,100000.0,,1.0,12.0,2026100607.0,-0.131623132177013,"[2026100607, 100000, 3, 12]",0.0,False,0.0015889665318038,False,0.0,ok,,0.0360768749960698
ridge_medium,100000,3,,12,4,-0.131623132177013,-0.0704451896399352,,,-0.2020683218169483,,1.0,64.0,654.0,1562.5,0.0,,1.0754816292036875,,100000.0,,1.0,12.0,2026100607.0,-0.131623132177013,"[2026100607, 100000, 3, 12]",0.0,False,0.0049625247434064,False,0.0,ok,,0.0338786659995093
ridge_medium,100000,3,,12,5,-0.131623132177013,-0.109368171297523,,,-0.2409913034745361,,1.0,125.0,370.0,800.0,0.0,,1.105076808028986,,100000.0,,1.0,12.0,2026100607.0,-0.131623132177013,"[2026100607, 100000, 3, 12]",0.0,False,0.0119613968929643,False,0.0,ok,,0.0322599160135723
ridge_medium,100000,3,,12,6,-0.131623132177013,-0.1474795111282,,,-0.2791026433052131,,1.0,216.0,144.0,462.962962962963,0.0,,1.1382934970730747,,100000.0,,1.0,12.0,2026100607.0,-0.131623132177013,"[2026100607, 100000, 3, 12]",0.0,False,0.0217502062026128,False,0.0,ok,,0.0347357499995268
ridge_medium,100000,3,,12,7,-0.131623132177013,-0.1916347677199702,,,-0.3232578998969833,,1.0,343.0,89.0,291.5451895043732,0.0,,1.1746545542065052,,100000.0,,1.0,12.0,2026100607.0,-0.131623132177013,"[2026100607, 100000, 3, 12]",0.0,False,0.0367238841990869,False,0.0,ok,,0.0325256659998558
ridge_medium,100000,3,,13,1,-0.131623132177013,0.1222627636403596,,,-0.0093603685366534,,1.0,1.0,100000.0,100000.0,0.0,,1.0095499214447878,,100000.0,,1.0,13.0,2026100607.0,-0.131623132177013,"[2026100607, 100000, 3, 13]",0.0,False,0.0149481833729784,False,0.0,ok,,0.034462708979845
ridge_medium,100000,3,,13,2,-0.131623132177013,0.0442725987662568,,,-0.0873505334107562,,1.0,8.0,8869.0,12500.0,0.0,,1.0267908928570884,,100000.0,,1.0,13.0,2026100607.0,-0.131623132177013,"[2026100607, 100000, 3, 13]",0.0,False,0.0019600630015179,False,0.0,ok,,0.0315066670300439
ridge_medium,100000,3,,13,3,-0.131623132177013,-0.0396536811019684,,,-0.1712768132789815,,1.0,27.0,2707.0,3703.703703703704,0.0,,1.048745802887619,,100000.0,,1.0,13.0,2026100607.0,-0.131623132177013,"[2026100607, 100000, 3, 13]",0.0,False,0.0015724144249366,False,0.0,ok,,0.035906667006202
ridge_medium,100000,3,,13,4,-0.131623132177013,-0.0694979069266054,,,-0.2011210391036185,,1.0,64.0,638.0,1562.5,0.0,,1.0748206750060083,,100000.0,,1.0,13.0,2026100607.0,-0.131623132177013,"[2026100607, 100000, 3, 13]",0.0,False,0.0048299590671791,False,0.0,ok,,0.0336234580026939
ridge_medium,100000,3,,13,5,-0.131623132177013,-0.1080520529167846,,,-0.2396751850937977,,1.0,125.0,358.0,800.0,0.0,,1.1057596420501128,,100000.0,,1.0,13.0,2026100607.0,-0.131623132177013,"[2026100607, 100000, 3, 13]",0.0,False,0.0116752461395316,False,0.0,ok,,0.0325155000318773
ridge_medium,100000,3,,13,6,-0.131623132177013,-0.1459943337960163,,,-0.2776174659730294,,1.0,216.0,139.0,462.962962962963,0.0,,1.1386239227016104,,100000.0,,1.0,13.0,2026100607.0,-0.131623132177013,"[2026100607, 100000, 3, 13]",0.0,False,0.0213143455005426,False,0.0,ok,,0.0345874160411767
ridge_medium,100000,3,,13,7,-0.131623132177013,-0.190426981996597,,,-0.32205011417361,,1.0,343.0,97.0,291.5451895043732,0.0,,1.1752274885093534,,100000.0,,1.0,13.0,2026100607.0,-0.131623132177013,"[2026100607, 100000, 3, 13]",0.0,False,0.0362624354723322,False,0.0,ok,,0.0325405829935334
ridge_medium,100000,3,,14,1,-0.131623132177013,0.1218943256369298,,,-0.0097288065400832,,1.0,1.0,100000.0,100000.0,0.0,,1.0094832388999615,,100000.0,,1.0,14.0,2026100607.0,-0.131623132177013,"[2026100607, 100000, 3, 14]",0.0,False,0.0148582266224818,False,0.0,ok,,0.034319291007705
ridge_medium,100000,3,,14,2,-0.131623132177013,0.043121211120517,,,-0.088501921056496,,1.0,8.0,8799.0,12500.0,0.0,,1.027088889017393,,100000.0,,1.0,14.0,2026100607.0,-0.131623132177013,"[2026100607, 100000, 3, 14]",0.0,False,0.0018594388485002,False,0.0,ok,,0.0312612080015242
ridge_medium,100000,3,,14,3,-0.131623132177013,-0.0399784661558797,,,-0.1716015983328928,,1.0,27.0,2693.0,3703.703703703704,0.0,,1.0492173670831697,,100000.0,,1.0,14.0,2026100607.0,-0.131623132177013,"[2026100607, 100000, 3, 14]",0.0,False,0.0015982777561768,False,0.0,ok,,0.0363052089815028
ridge_medium,100000,3,,14,4,-0.131623132177013,-0.0697137324053044,,,-0.2013368645823174,,1.0,64.0,644.0,1562.5,0.0,,1.075937622538624,,100000.0,,1.0,14.0,2026100607.0,-0.131623132177013,"[2026100607, 100000, 3, 14]",0.0,False,0.0048600044858783,False,0.0,ok,,0.0336688329698517
ridge_medium,100000,3,,14,5,-0.131623132177013,-0.1087210073612747,,,-0.2403441395382878,,1.0,125.0,372.0,800.0,0.0,,1.1054772207259853,,100000.0,,1.0,14.0,2026100607.0,-0.131623132177013,"[2026100607, 100000, 3, 14]",0.0,False,0.0118202574416503,False,0.0,ok,,0.0322171250008977
ridge_medium,100000,3,,14,6,-0.131623132177013,-0.1474566504784663,,,-0.2790797826554794,,1.0,216.0,140.0,462.962962962963,0.0,,1.1381410658505382,,100000.0,,1.0,14.0,2026100607.0,-0.131623132177013,"[2026100607, 100000, 3, 14]",0.0,False,0.0217434637703285,False,0.0,ok,,0.0346458749845624
ridge_medium,100000,3,,14,7,-0.131623132177013,-0.1907583302294994,,,-0.3223814624065125,,1.0,343.0,92.0,291.5451895043732,0.0,,1.1742843205904805,,100000.0,,1.0,14.0,2026100607.0,-0.131623132177013,"[2026100607, 100000, 3, 14]",0.0,False,0.0363887405519467,False,0.0,ok,,0.0326209999620914
ridge_medium,100000,3,,15,1,-0.131623132177013,0.1222811429178916,,,-0.0093419892591214,,1.0,1.0,100000.0,100000.0,0.0,,1.0095486242549474,,100000.0,,1.0,15.0,2026100607.0,-0.131623132177013,"[2026100607, 100000, 3, 15]",0.0,False,0.0149526779133058,False,0.0,ok,,0.034412000037264
ridge_medium,100000,3,,15,2,-0.131623132177013,0.0456427490389867,,,-0.0859803831380263,,1.0,8.0,8821.0,12500.0,0.0,,1.0267802038760636,,100000.0,,1.0,15.0,2026100607.0,-0.131623132177013,"[2026100607, 100000, 3, 15]",0.0,False,0.0020832605398359,False,0.0,ok,,0.031107917020563
ridge_medium,100000,3,,15,3,-0.131623132177013,-0.0393634894924944,,,-0.1709866216695074,,1.0,27.0,2738.0,3703.703703703704,0.0,,1.049088783873877,,100000.0,,1.0,15.0,2026100607.0,-0.131623132177013,"[2026100607, 100000, 3, 15]",0.0,False,0.0015494843050257,False,0.0,ok,,0.0353482500067912
ridge_medium,100000,3,,15,4,-0.131623132177013,-0.068692139876348,,,-0.2003152720533611,,1.0,64.0,638.0,1562.5,0.0,,1.0750419685010209,,100000.0,,1.0,15.0,2026100607.0,-0.131623132177013,"[2026100607, 100000, 3, 15]",0.0,False,0.0047186100807917,False,0.0,ok,,0.0334107920061796
ridge_medium,100000,3,,15,5,-0.131623132177013,-0.1063281526558534,,,-0.2379512848328665,,1.0,125.0,356.0,800.0,0.0,,1.106235423083459,,100000.0,,1.0,15.0,2026100607.0,-0.131623132177013,"[2026100607, 100000, 3, 15]",0.0,False,0.0113056760472064,False,0.0,ok,,0.032421542040538
ridge_medium,100000,3,,15,6,-0.131623132177013,-0.1466828911111903,,,-0.2783060232882033,,1.0,216.0,135.0,462.962962962963,0.0,,1.1381775828010232,,100000.0,,1.0,15.0,2026100607.0,-0.131623132177013,"[2026100607, 100000, 3, 15]",0.0,False,0.0215158705447373,False,0.0,ok,,0.0341418330208398
ridge_medium,100000,3,,15,7,-0.131623132177013,-0.1879973590693941,,,-0.3196204912464072,,1.0,343.0,85.0,291.5451895043732,0.0,,1.1757189278597775,,100000.0,,1.0,15.0,2026100607.0,-0.131623132177013,"[2026100607, 100000, 3, 15]",0.0,False,0.0353430070170667,False,0.0,ok,,0.0324042920256033
ridge_medium,100000,3,,16,1,-0.131623132177013,0.122053662224421,,,-0.009569469952592,,1.0,1.0,100000.0,100000.0,0.0,,1.009667259709179,,100000.0,,1.0,16.0,2026100607.0,-0.131623132177013,"[2026100607, 100000, 3, 16]",0.0,False,0.014897096462393,False,0.0,ok,,0.0345006670104339
ridge_medium,100000,3,,16,2,-0.131623132177013,0.0421587247893212,,,-0.0894644073876918,,1.0,8.0,8759.0,12500.0,0.0,,1.0264378062999835,,100000.0,,1.0,16.0,2026100607.0,-0.131623132177013,"[2026100607, 100000, 3, 16]",0.0,False,0.0017773580758617,False,0.0,ok,,0.0324707920080982
ridge_medium,100000,3,,16,3,-0.131623132177013,-0.0422071333540668,,,-0.1738302655310799,,1.0,27.0,2721.0,3703.703703703704,0.0,,1.049231451476864,,100000.0,,1.0,16.0,2026100607.0,-0.131623132177013,"[2026100607, 100000, 3, 16]",0.0,False,0.0017814421059679,False,0.0,ok,,0.0353733749943785
ridge_medium,100000,3,,16,4,-0.131623132177013,-0.0720880970863357,,,-0.2037112292633488,,1.0,64.0,628.0,1562.5,0.0,,1.0749354490992078,,100000.0,,1.0,16.0,2026100607.0,-0.131623132177013,"[2026100607, 100000, 3, 16]",0.0,False,0.0051966937415289,False,0.0,ok,,0.0335542089887894
ridge_medium,100000,3,,16,5,-0.131623132177013,-0.1114628041380357,,,-0.2430859363150488,,1.0,125.0,371.0,800.0,0.0,,1.105649345235686,,100000.0,,1.0,16.0,2026100607.0,-0.131623132177013,"[2026100607, 100000, 3, 16]",0.0,False,0.0124239567063141,False,0.0,ok,,0.0328228750149719
ridge_medium,100000,3,,16,6,-0.131623132177013,-0.1486986672815846,,,-0.2803217994585977,,1.0,216.0,135.0,462.962962962963,0.0,,1.1377904202296096,,100000.0,,1.0,16.0,2026100607.0,-0.131623132177013,"[2026100607, 100000, 3, 16]",0.0,False,0.0221112936513194,False,0.0,ok,,0.0341440829797647
ridge_medium,100000,3,,16,7,-0.131623132177013,-0.1906704885024051,,,-0.3222936206794182,,1.0,343.0,93.0,291.5451895043732,0.0,,1.1755718382365632,,100000.0,,1.0,16.0,2026100607.0,-0.131623132177013,"[2026100607, 100000, 3, 16]",0.0,False,0.0363552351857458,False,0.0,ok,,0.0324481669813394
ridge_medium,100000,3,,17,1,-0.131623132177013,0.1219069073317283,,,-0.0097162248452847,,1.0,1.0,100000.0,100000.0,0.0,,1.009504180559469,,100000.0,,1.0,17.0,2026100607.0,-0.131623132177013,"[2026100607, 100000, 3, 17]",0.0,False,0.0148612940551866,False,0.0,ok,,0.0348175829858519
ridge_medium,100000,3,,17,2,-0.131623132177013,0.0433614407077333,,,-0.0882616914692796,,1.0,8.0,8906.0,12500.0,0.0,,1.0268514386014616,,100000.0,,1.0,17.0,2026100607.0,-0.131623132177013,"[2026100607, 100000, 3, 17]",0.0,False,0.0018802145402502,False,0.0,ok,,0.0331929170060902
ridge_medium,100000,3,,17,3,-0.131623132177013,-0.0397487586126531,,,-0.1713718907896662,,1.0,27.0,2772.0,3703.703703703704,0.0,,1.049119276050501,,100000.0,,1.0,17.0,2026100607.0,-0.131623132177013,"[2026100607, 100000, 3, 17]",0.0,False,0.0015799638112469,False,0.0,ok,,0.0351239999872632
ridge_medium,100000,3,,17,4,-0.131623132177013,-0.0712221436517216,,,-0.2028452758287347,,1.0,64.0,642.0,1562.5,0.0,,1.0755786665199445,,100000.0,,1.0,17.0,2026100607.0,-0.131623132177013,"[2026100607, 100000, 3, 17]",0.0,False,0.0050725937463464,False,0.0,ok,,0.0334194999886676
ridge_medium,100000,3,,17,5,-0.131623132177013,-0.109400530082251,,,-0.2410236622592641,,1.0,125.0,374.0,800.0,0.0,,1.105325500377651,,100000.0,,1.0,17.0,2026100607.0,-0.131623132177013,"[2026100607, 100000, 3, 17]",0.0,False,0.0119684759822775,False,0.0,ok,,0.0329170409822836
ridge_medium,100000,3,,17,6,-0.131623132177013,-0.1474607827573662,,,-0.2790839149343793,,1.0,216.0,130.0,462.962962962963,0.0,,1.1392495257115791,,100000.0,,1.0,17.0,2026100607.0,-0.131623132177013,"[2026100607, 100000, 3, 17]",0.0,False,0.0217446824514151,False,0.0,ok,,0.0342868330189958
ridge_medium,100000,3,,17,7,-0.131623132177013,-0.1914724642121486,,,-0.3230955963891617,,1.0,343.0,92.0,291.5451895043732,0.0,,1.1753785855405263,,100000.0,,1.0,17.0,2026100607.0,-0.131623132177013,"[2026100607, 100000, 3, 17]",0.0,False,0.0366617045514725,False,0.0,ok,,0.0327140419976785
ridge_medium,100000,3,,18,1,-0.131623132177013,0.1219064961060683,,,-0.0097166360709447,,1.0,1.0,100000.0,100000.0,0.0,,1.0095788195732942,,100000.0,,1.0,18.0,2026100607.0,-0.131623132177013,"[2026100607, 100000, 3, 18]",0.0,False,0.0148611937928588,False,0.0,ok,,0.0344542909879237
ridge_medium,100000,3,,18,2,-0.131623132177013,0.0415360171976145,,,-0.0900871149793985,,1.0,8.0,8779.0,12500.0,0.0,,1.0269190113364175,,100000.0,,1.0,18.0,2026100607.0,-0.131623132177013,"[2026100607, 100000, 3, 18]",0.0,False,0.0017252407246405,False,0.0,ok,,0.0310311669600196
ridge_medium,100000,3,,18,3,-0.131623132177013,-0.041799687037274,,,-0.1734228192142871,,1.0,27.0,2736.0,3703.703703703704,0.0,,1.0488707827397603,,100000.0,,1.0,18.0,2026100607.0,-0.131623132177013,"[2026100607, 100000, 3, 18]",0.0,False,0.001747213836414,False,0.0,ok,,0.0361585830105468
ridge_medium,100000,3,,18,4,-0.131623132177013,-0.0722208611807853,,,-0.2038439933577984,,1.0,64.0,619.0,1562.5,0.0,,1.0752071550643756,,100000.0,,1.0,18.0,2026100607.0,-0.131623132177013,"[2026100607, 100000, 3, 18]",0.0,False,0.0052158527896942,False,0.0,ok,,0.0335249999770894
ridge_medium,100000,3,,18,5,-0.131623132177013,-0.110589404499977,,,-0.2422125366769901,,1.0,125.0,367.0,800.0,0.0,,1.1050890369146908,,100000.0,,1.0,18.0,2026100607.0,-0.131623132177013,"[2026100607, 100000, 3, 18]",0.0,False,0.0122300163876595,False,0.0,ok,,0.0333181250025518
ridge_medium,100000,3,,18,6,-0.131623132177013,-0.1485532206247612,,,-0.2801763528017743,,1.0,216.0,140.0,462.962962962963,0.0,,1.1381408586797248,,100000.0,,1.0,18.0,2026100607.0,-0.131623132177013,"[2026100607, 100000, 3, 18]",0.0,False,0.0220680593579889,False,0.0,ok,,0.0347955420147627
ridge_medium,100000,3,,18,7,-0.131623132177013,-0.1922635965230496,,,-0.3238867287000627,,1.0,343.0,97.0,291.5451895043732,0.0,,1.1754808780177382,,100000.0,,1.0,18.0,2026100607.0,-0.131623132177013,"[2026100607, 100000, 3, 18]",0.0,False,0.036965290547978,False,0.0,ok,,0.0329763329937122
ridge_medium,100000,3,,19,1,-0.131623132177013,0.1218699313598264,,,-0.0097532008171866,,1.0,1.0,100000.0,100000.0,0.0,,1.0094355070235626,,100000.0,,1.0,19.0,2026100607.0,-0.131623132177013,"[2026100607, 100000, 3, 19]",0.0,False,0.0148522801696488,False,0.0,ok,,0.0349117500009015
ridge_medium,100000,3,,19,2,-0.131623132177013,0.0430006264518942,,,-0.0886225057251188,,1.0,8.0,8801.0,12500.0,0.0,,1.0265846392063394,,100000.0,,1.0,19.0,2026100607.0,-0.131623132177013,"[2026100607, 100000, 3, 19]",0.0,False,0.0018490538752553,False,0.0,ok,,0.0327161659952253
ridge_medium,100000,3,,19,3,-0.131623132177013,-0.042461585232085,,,-0.1740847174090981,,1.0,27.0,2712.0,3703.703703703704,0.0,,1.0489704521178658,,100000.0,,1.0,19.0,2026100607.0,-0.131623132177013,"[2026100607, 100000, 3, 19]",0.0,False,0.0018029862204216,False,0.0,ok,,0.0360681249876506
ridge_medium,100000,3,,19,4,-0.131623132177013,-0.0731599897587324,,,-0.2047831219357455,,1.0,64.0,595.0,1562.5,0.0,,1.075426529345972,,100000.0,,1.0,19.0,2026100607.0,-0.131623132177013,"[2026100607, 100000, 3, 19]",0.0,False,0.0053523841014978,False,0.0,ok,,0.0334845409961417
ridge_medium,100000,3,,19,5,-0.131623132177013,-0.1113695763655986,,,-0.2429927085426117,,1.0,125.0,358.0,800.0,0.0,,1.1055715470220706,,100000.0,,1.0,19.0,2026100607.0,-0.131623132177013,"[2026100607, 100000, 3, 19]",0.0,False,0.0124031825398529,False,0.0,ok,,0.0335172089980915
ridge_medium,100000,3,,19,6,-0.131623132177013,-0.1485797082090181,,,-0.2802028403860312,,1.0,216.0,143.0,462.962962962963,0.0,,1.1391735699046237,,100000.0,,1.0,19.0,2026100607.0,-0.131623132177013,"[2026100607, 100000, 3, 19]",0.0,False,0.0220759296914769,False,0.0,ok,,0.0354187080520205
ridge_medium,100000,3,,19,7,-0.131623132177013,-0.1930249302309976,,,-0.3246480624080107,,1.0,343.0,96.0,291.5451895043732,0.0,,1.174968535560495,,100000.0,,1.0,19.0,2026100607.0,-0.131623132177013,"[2026100607, 100000, 3, 19]",0.0,False,0.0372586236906815,False,0.0,ok,,0.0327610420063138
ridge_medium,100000,3,,20,1,-0.131623132177013,0.1219870636786152,,,-0.0096360684983978,,1.0,1.0,100000.0,100000.0,0.0,,1.0095430368736222,,100000.0,,1.0,20.0,2026100607.0,-0.131623132177013,"[2026100607, 100000, 3, 20]",0.0,False,0.0148808437049305,False,0.0,ok,,0.0346886250190436
ridge_medium,100000,3,,20,2,-0.131623132177013,0.0414958673880821,,,-0.0901272647889309,,1.0,8.0,8891.0,12500.0,0.0,,1.0264886876542476,,100000.0,,1.0,20.0,2026100607.0,-0.131623132177013,"[2026100607, 100000, 3, 20]",0.0,False,0.0017219070102892,False,0.0,ok,,0.0330785830155946
ridge_medium,100000,3,,20,3,-0.131623132177013,-0.0431634288744967,,,-0.1747865610515098,,1.0,27.0,2697.0,3703.703703703704,0.0,,1.0490271320550737,,100000.0,,1.0,20.0,2026100607.0,-0.131623132177013,"[2026100607, 100000, 3, 20]",0.0,False,0.0018630815922037,False,0.0,ok,,0.0363384169759228
ridge_medium,100000,3,,20,4,-0.131623132177013,-0.0740136512905325,,,-0.2056367834675456,,1.0,64.0,608.0,1562.5,0.0,,1.0750512832471588,,100000.0,,1.0,20.0,2026100607.0,-0.131623132177013,"[2026100607, 100000, 3, 20]",0.0,False,0.0054780205773565,False,0.0,ok,,0.0336915000225417
ridge_medium,100000,3,,20,5,-0.131623132177013,-0.1119131080421944,,,-0.2435362402192075,,1.0,125.0,358.0,800.0,0.0,,1.1056256834695342,,100000.0,,1.0,20.0,2026100607.0,-0.131623132177013,"[2026100607, 100000, 3, 20]",0.0,False,0.0125245437516638,False,0.0,ok,,0.033548375009559
ridge_medium,100000,3,,20,6,-0.131623132177013,-0.1501064934098651,,,-0.2817296255868782,,1.0,216.0,138.0,462.962962962963,0.0,,1.1386358574842648,,100000.0,,1.0,20.0,2026100607.0,-0.131623132177013,"[2026100607, 100000, 3, 20]",0.0,False,0.0225319593638058,False,0.0,ok,,0.0349059170112013
ridge_medium,100000,3,,20,7,-0.131623132177013,-0.1947365494987792,,,-0.3263596816757923,,1.0,343.0,90.0,291.5451895043732,0.0,,1.1750767250785317,,100000.0,,1.0,20.0,2026100607.0,-0.131623132177013,"[2026100607, 100000, 3, 20]",0.0,False,0.0379223237106905,False,0.0,ok,,0.0325769170303829
ridge_medium,100000,3,,21,1,-0.131623132177013,0.1220170274789079,,,-0.0096061046981051,,1.0,1.0,100000.0,100000.0,0.0,,1.0093958057935484,,100000.0,,1.0,21.0,2026100607.0,-0.131623132177013,"[2026100607, 100000, 3, 21]",0.0,False,0.0148881549947885,False,0.0,ok,,0.0342588750063441
ridge_medium,100000,3,,21,2,-0.131623132177013,0.0414066730439371,,,-0.0902164591330759,,1.0,8.0,8732.0,12500.0,0.0,,1.0264589283299668,,100000.0,,1.0,21.0,2026100607.0,-0.131623132177013,"[2026100607, 100000, 3, 21]",0.0,False,0.0017145125725675,False,0.0,ok,,0.0310154170147143
ridge_medium,100000,3,,21,3,-0.131623132177013,-0.0389735630078071,,,-0.1705966951848202,,1.0,27.0,2707.0,3703.703703703704,0.0,,1.048876727841794,,100000.0,,1.0,21.0,2026100607.0,-0.131623132177013,"[2026100607, 100000, 3, 21]",0.0,False,0.0015189386135235,False,0.0,ok,,0.0347609169548377
ridge_medium,100000,3,,21,4,-0.131623132177013,-0.0711666401189075,,,-0.2027897722959206,,1.0,64.0,645.0,1562.5,0.0,,1.0755411717138128,,100000.0,,1.0,21.0,2026100607.0,-0.131623132177013,"[2026100607, 100000, 3, 21]",0.0,False,0.0050646906658141,False,0.0,ok,,0.0330805419944226
ridge_medium,100000,3,,21,5,-0.131623132177013,-0.1092909824508264,,,-0.2409141146278395,,1.0,125.0,363.0,800.0,0.0,,1.1053019864575748,,100000.0,,1.0,21.0,2026100607.0,-0.131623132177013,"[2026100607, 100000, 3, 21]",0.0,False,0.0119445188450668,False,0.0,ok,,0.0321869999752379
ridge_medium,100000,3,,21,6,-0.131623132177013,-0.1461672416305019,,,-0.277790373807515,,1.0,216.0,147.0,462.962962962963,0.0,,1.1377865301173218,,100000.0,,1.0,21.0,2026100607.0,-0.131623132177013,"[2026100607, 100000, 3, 21]",0.0,False,0.0213648625258695,False,0.0,ok,,0.0344919160124845
ridge_medium,100000,3,,21,7,-0.131623132177013,-0.1915767853151001,,,-0.3231999174921132,,1.0,343.0,94.0,291.5451895043732,0.0,,1.1745086658818271,,100000.0,,1.0,21.0,2026100607.0,-0.131623132177013,"[2026100607, 100000, 3, 21]",0.0,False,0.0367016646716679,False,0.0,ok,,0.0318194999708794
ridge_medium,100000,3,,22,1,-0.131623132177013,0.1218261186198955,,,-0.0097970135571175,,1.0,1.0,100000.0,100000.0,0.0,,1.009311922183011,,100000.0,,1.0,22.0,2026100607.0,-0.131623132177013,"[2026100607, 100000, 3, 22]",0.0,False,0.0148416031779888,False,0.0,ok,,0.0347517079790122
ridge_medium,100000,3,,22,2,-0.131623132177013,0.0446315061424061,,,-0.0869916260346068,,1.0,8.0,8828.0,12500.0,0.0,,1.0264063644906058,,100000.0,,1.0,22.0,2026100607.0,-0.131623132177013,"[2026100607, 100000, 3, 22]",0.0,False,0.0019919713405396,False,0.0,ok,,0.0321664999937638
ridge_medium,100000,3,,22,3,-0.131623132177013,-0.0379984596409862,,,-0.1696215918179993,,1.0,27.0,2731.0,3703.703703703704,0.0,,1.049111121460494,,100000.0,,1.0,22.0,2026100607.0,-0.131623132177013,"[2026100607, 100000, 3, 22]",0.0,False,0.0014438829350876,False,0.0,ok,,0.0353680420084856
ridge_medium,100000,3,,22,4,-0.131623132177013,-0.0681755453412851,,,-0.1997986775182982,,1.0,64.0,625.0,1562.5,0.0,,1.0753617794431587,,100000.0,,1.0,22.0,2026100607.0,-0.131623132177013,"[2026100607, 100000, 3, 22]",0.0,False,0.0046479049825816,False,0.0,ok,,0.0331115000299178
ridge_medium,100000,3,,22,5,-0.131623132177013,-0.1072438591817535,,,-0.2388669913587665,,1.0,125.0,369.0,800.0,0.0,,1.10562519509763,,100000.0,,1.0,22.0,2026100607.0,-0.131623132177013,"[2026100607, 100000, 3, 22]",0.0,False,0.0115012453321957,False,0.0,ok,,0.0334043340408243
ridge_medium,100000,3,,22,6,-0.131623132177013,-0.1453164904179595,,,-0.2769396225949725,,1.0,216.0,137.0,462.962962962963,0.0,,1.1390471856342772,,100000.0,,1.0,22.0,2026100607.0,-0.131623132177013,"[2026100607, 100000, 3, 22]",0.0,False,0.0211168823873929,False,0.0,ok,,0.034434333036188
ridge_medium,100000,3,,22,7,-0.131623132177013,-0.1878197120812482,,,-0.3194428442582613,,1.0,343.0,89.0,291.5451895043732,0.0,,1.1750504692235606,,100000.0,,1.0,22.0,2026100607.0,-0.131623132177013,"[2026100607, 100000, 3, 22]",0.0,False,0.0352762442462829,False,0.0,ok,,0.0320769170066341
ridge_medium,100000,3,,23,1,-0.131623132177013,0.1222418686715832,,,-0.0093812635054298,,1.0,1.0,100000.0,100000.0,0.0,,1.009740124491978,,100000.0,,1.0,23.0,2026100607.0,-0.131623132177013,"[2026100607, 100000, 3, 23]",0.0,False,0.0149430744563206,False,0.0,ok,,0.0348518750397488
ridge_medium,100000,3,,23,2,-0.131623132177013,0.0456300001784798,,,-0.0859931319985331,,1.0,8.0,8803.0,12500.0,0.0,,1.026715367371503,,100000.0,,1.0,23.0,2026100607.0,-0.131623132177013,"[2026100607, 100000, 3, 23]",0.0,False,0.002082096916288,False,0.0,ok,,0.0320731250103563
ridge_medium,100000,3,,23,3,-0.131623132177013,-0.0376783035051976,,,-0.1693014356822106,,1.0,27.0,2754.0,3703.703703703704,0.0,,1.048754164320519,,100000.0,,1.0,23.0,2026100607.0,-0.131623132177013,"[2026100607, 100000, 3, 23]",0.0,False,0.0014196545550297,False,0.0,ok,,0.0354817499755881
ridge_medium,100000,3,,23,4,-0.131623132177013,-0.0698795512482658,,,-0.2015026834252789,,1.0,64.0,649.0,1562.5,0.0,,1.0747491069193726,,100000.0,,1.0,23.0,2026100607.0,-0.131623132177013,"[2026100607, 100000, 3, 23]",0.0,False,0.004883151682659,False,0.0,ok,,0.0331284580170176
ridge_medium,100000,3,,23,5,-0.131623132177013,-0.1069325872292807,,,-0.2385557194062938,,1.0,125.0,360.0,800.0,0.0,,1.1050347419467257,,100000.0,,1.0,23.0,2026100607.0,-0.131623132177013,"[2026100607, 100000, 3, 23]",0.0,False,0.0114345782115477,False,0.0,ok,,0.0330900829867459
ridge_medium,100000,3,,23,6,-0.131623132177013,-0.1453844808905451,,,-0.2770076130675582,,1.0,216.0,135.0,462.962962962963,0.0,,1.1386297618902963,,100000.0,,1.0,23.0,2026100607.0,-0.131623132177013,"[2026100607, 100000, 3, 23]",0.0,False,0.0211366472838132,False,0.0,ok,,0.0341815830324776
ridge_medium,100000,3,,23,7,-0.131623132177013,-0.1892559037825842,,,-0.3208790359595973,,1.0,343.0,98.0,291.5451895043732,0.0,,1.1759446238337017,,100000.0,,1.0,23.0,2026100607.0,-0.131623132177013,"[2026100607, 100000, 3, 23]",0.0,False,0.0358177971165627,False,0.0,ok,,0.032244875037577
ridge_medium,100000,3,,24,1,-0.131623132177013,0.1218875429850318,,,-0.0097355891919811,,1.0,1.0,100000.0,100000.0,0.0,,1.0096599736896972,,100000.0,,1.0,24.0,2026100607.0,-0.131623132177013,"[2026100607, 100000, 3, 24]",0.0,False,0.0148565731349279,False,0.0,ok,,0.0342349170241504
ridge_medium,100000,3,,24,2,-0.131623132177013,0.043201372504071,,,-0.0884217596729419,,1.0,8.0,8842.0,12500.0,0.0,,1.0265540306666576,,100000.0,,1.0,24.0,2026100607.0,-0.131623132177013,"[2026100607, 100000, 3, 24]",0.0,False,0.0018663585862355,False,0.0,ok,,0.031725583015941
ridge_medium,100000,3,,24,3,-0.131623132177013,-0.0415777971233682,,,-0.1732009293003813,,1.0,27.0,2720.0,3703.703703703704,0.0,,1.049404839688312,,100000.0,,1.0,24.0,2026100607.0,-0.131623132177013,"[2026100607, 100000, 3, 24]",0.0,False,0.0017287132136319,False,0.0,ok,,0.0358227079850621
ridge_medium,100000,3,,24,4,-0.131623132177013,-0.0727703277559368,,,-0.2043934599329499,,1.0,64.0,634.0,1562.5,0.0,,1.0750998392187356,,100000.0,,1.0,24.0,2026100607.0,-0.131623132177013,"[2026100607, 100000, 3, 24]",0.0,False,0.0052955206017064,False,0.0,ok,,0.0334323749993927
ridge_medium,100000,3,,24,5,-0.131623132177013,-0.1104194170961807,,,-0.2420425492731938,,1.0,125.0,357.0,800.0,0.0,,1.1054397118251855,,100000.0,,1.0,24.0,2026100607.0,-0.131623132177013,"[2026100607, 100000, 3, 24]",0.0,False,0.0121924476718603,False,0.0,ok,,0.0320117090013809
ridge_medium,100000,3,,24,6,-0.131623132177013,-0.1477113212793316,,,-0.2793344534563446,,1.0,216.0,134.0,462.962962962963,0.0,,1.138233234523211,,100000.0,,1.0,24.0,2026100607.0,-0.131623132177013,"[2026100607, 100000, 3, 24]",0.0,False,0.0218186344340859,False,0.0,ok,,0.0341880830237641
ridge_medium,100000,3,,24,7,-0.131623132177013,-0.19237351564444,,,-0.3239966478214531,,1.0,343.0,89.0,291.5451895043732,0.0,,1.1753931498373615,,100000.0,,1.0,24.0,2026100607.0,-0.131623132177013,"[2026100607, 100000, 3, 24]",0.0,False,0.0370075695214016,False,0.0,ok,,0.0322578339837491
ridge_medium,100000,3,,25,1,-0.131623132177013,0.1219489568322995,,,-0.0096741753447135,,1.0,1.0,100000.0,100000.0,0.0,,1.0097642248395464,,100000.0,,1.0,25.0,2026100607.0,-0.131623132177013,"[2026100607, 100000, 3, 25]",0.0,False,0.014871548072486,False,0.0,ok,,0.0346147079835645
ridge_medium,100000,3,,25,2,-0.131623132177013,0.042994521405735,,,-0.088628610771278,,1.0,8.0,8795.0,12500.0,0.0,,1.0269097386755113,,100000.0,,1.0,25.0,2026100607.0,-0.131623132177013,"[2026100607, 100000, 3, 25]",0.0,False,0.0018485288709082,False,0.0,ok,,0.0339485830045305
ridge_medium,100000,3,,25,3,-0.131623132177013,-0.0414848700708373,,,-0.1731080022478504,,1.0,27.0,2710.0,3703.703703703704,0.0,,1.0496633366908952,,100000.0,,1.0,25.0,2026100607.0,-0.131623132177013,"[2026100607, 100000, 3, 25]",0.0,False,0.0017209944447942,False,0.0,ok,,0.0361132500111125
ridge_medium,100000,3,,25,4,-0.131623132177013,-0.0720426244498529,,,-0.2036657566268659,,1.0,64.0,628.0,1562.5,0.0,,1.075569774882695,,100000.0,,1.0,25.0,2026100607.0,-0.131623132177013,"[2026100607, 100000, 3, 25]",0.0,False,0.0051901397376225,False,0.0,ok,,0.03381208301289
ridge_medium,100000,3,,25,5,-0.131623132177013,-0.1107536271633167,,,-0.2423767593403298,,1.0,125.0,366.0,800.0,0.0,,1.1054205275094957,,100000.0,,1.0,25.0,2026100607.0,-0.131623132177013,"[2026100607, 100000, 3, 25]",0.0,False,0.0122663659298309,False,0.0,ok,,0.0324005410075187
ridge_medium,100000,3,,25,6,-0.131623132177013,-0.1478888365991616,,,-0.2795119687761747,,1.0,216.0,143.0,462.962962962963,0.0,,1.1384449942008237,,100000.0,,1.0,25.0,2026100607.0,-0.131623132177013,"[2026100607, 100000, 3, 25]",0.0,False,0.0218711079906535,False,0.0,ok,,0.0349502910394221
ridge_medium,100000,3,,25,7,-0.131623132177013,-0.1914272106006858,,,-0.3230503427776989,,1.0,343.0,94.0,291.5451895043732,0.0,,1.1755479385897685,,100000.0,,1.0,25.0,2026100607.0,-0.131623132177013,"[2026100607, 100000, 3, 25]",0.0,False,0.0366443769583593,False,0.0,ok,,0.0320443750242702
ridge_medium,100000,3,,26,1,-0.131623132177013,0.1222525918545469,,,-0.0093705403224661,,1.0,1.0,100000.0,100000.0,0.0,,1.0094414748129397,,100000.0,,1.0,26.0,2026100607.0,-0.131623132177013,"[2026100607, 100000, 3, 26]",0.0,False,0.0149456962151544,False,0.0,ok,,0.0350237499806098
ridge_medium,100000,3,,26,2,-0.131623132177013,0.0436112959822953,,,-0.0880118361947177,,1.0,8.0,8827.0,12500.0,0.0,,1.026794759997815,,100000.0,,1.0,26.0,2026100607.0,-0.131623132177013,"[2026100607, 100000, 3, 26]",0.0,False,0.0019019451372553,False,0.0,ok,,0.0328361249994486
ridge_medium,100000,3,,26,3,-0.131623132177013,-0.0389066176786108,,,-0.1705297498556239,,1.0,27.0,2682.0,3703.703703703704,0.0,,1.0494486856737932,,100000.0,,1.0,26.0,2026100607.0,-0.131623132177013,"[2026100607, 100000, 3, 26]",0.0,False,0.0015137248991895,False,0.0,ok,,0.0356725829769857
ridge_medium,100000,3,,26,4,-0.131623132177013,-0.0692411589555749,,,-0.200864291132588,,1.0,64.0,648.0,1562.5,0.0,,1.0748596495998164,,100000.0,,1.0,26.0,2026100607.0,-0.131623132177013,"[2026100607, 100000, 3, 26]",0.0,False,0.0047943380935112,False,0.0,ok,,0.0330974999815225
ridge_medium,100000,3,,26,5,-0.131623132177013,-0.1070435617754839,,,-0.238666693952497,,1.0,125.0,366.0,800.0,0.0,,1.1060645802715787,,100000.0,,1.0,26.0,2026100607.0,-0.131623132177013,"[2026100607, 100000, 3, 26]",0.0,False,0.0114583241175818,False,0.0,ok,,0.0319310830091126
ridge_medium,100000,3,,26,6,-0.131623132177013,-0.146184583719446,,,-0.2778077158964591,,1.0,216.0,148.0,462.962962962963,0.0,,1.138113518596187,,100000.0,,1.0,26.0,2026100607.0,-0.131623132177013,"[2026100607, 100000, 3, 26]",0.0,False,0.0213699325172277,False,0.0,ok,,0.0343310419702902
ridge_medium,100000,3,,26,7,-0.131623132177013,-0.1896555981938061,,,-0.3212787303708192,,1.0,343.0,99.0,291.5451895043732,0.0,,1.1751720526992333,,100000.0,,1.0,26.0,2026100607.0,-0.131623132177013,"[2026100607, 100000, 3, 26]",0.0,False,0.0359692459262504,False,0.0,ok,,0.031883125018794
ridge_medium,100000,3,,27,1,-0.131623132177013,0.1220897647932614,,,-0.0095333673837516,,1.0,1.0,100000.0,100000.0,0.0,,1.009382272178077,,100000.0,,1.0,27.0,2026100607.0,-0.131623132177013,"[2026100607, 100000, 3, 27]",0.0,False,0.0149059106672738,False,0.0,ok,,0.0344373749685473
ridge_medium,100000,3,,27,2,-0.131623132177013,0.0431872276679303,,,-0.0884359045090826,,1.0,8.0,8782.0,12500.0,0.0,,1.0264511727190022,,100000.0,,1.0,27.0,2026100607.0,-0.131623132177013,"[2026100607, 100000, 3, 27]",0.0,False,0.0018651366336416,False,0.0,ok,,0.0319570410065352
ridge_medium,100000,3,,27,3,-0.131623132177013,-0.0404438984147301,,,-0.1720670305917432,,1.0,27.0,2689.0,3703.703703703704,0.0,,1.0491712840741272,,100000.0,,1.0,27.0,2026100607.0,-0.131623132177013,"[2026100607, 100000, 3, 27]",0.0,False,0.001635708918981,False,0.0,ok,,0.0349065839545801
ridge_medium,100000,3,,27,4,-0.131623132177013,-0.0712987346691711,,,-0.2029218668461842,,1.0,64.0,611.0,1562.5,0.0,,1.075130283992913,,100000.0,,1.0,27.0,2026100607.0,-0.131623132177013,"[2026100607, 100000, 3, 27]",0.0,False,0.0050835095654248,False,0.0,ok,,0.032776333973743
ridge_medium,100000,3,,27,5,-0.131623132177013,-0.108367770932042,,,-0.239990903109055,,1.0,125.0,363.0,800.0,0.0,,1.105479903368039,,100000.0,,1.0,27.0,2026100607.0,-0.131623132177013,"[2026100607, 100000, 3, 27]",0.0,False,0.0117435737767795,False,0.0,ok,,0.0314848750131204
ridge_medium,100000,3,,27,6,-0.131623132177013,-0.1462294560101032,,,-0.2778525881871163,,1.0,216.0,140.0,462.962962962963,0.0,,1.1394214479110336,,100000.0,,1.0,27.0,2026100607.0,-0.131623132177013,"[2026100607, 100000, 3, 27]",0.0,False,0.0213830538050107,False,0.0,ok,,0.033902459021192
ridge_medium,100000,3,,27,7,-0.131623132177013,-0.1923448102858011,,,-0.3239679424628142,,1.0,343.0,92.0,291.5451895043732,0.0,,1.1750491431806245,,100000.0,,1.0,27.0,2026100607.0,-0.131623132177013,"[2026100607, 100000, 3, 27]",0.0,False,0.0369965260438808,False,0.0,ok,,0.0320803750073537
ridge_medium,100000,3,,28,1,-0.131623132177013,0.1218059432234586,,,-0.0098171889535543,,1.0,1.0,100000.0,100000.0,0.0,,1.00920203120117,,100000.0,,1.0,28.0,2026100607.0,-0.131623132177013,"[2026100607, 100000, 3, 28]",0.0,False,0.0148366878045564,False,0.0,ok,,0.0344014170113951
ridge_medium,100000,3,,28,2,-0.131623132177013,0.0435342430618203,,,-0.0880888891151927,,1.0,8.0,8762.0,12500.0,0.0,,1.0261391832922586,,100000.0,,1.0,28.0,2026100607.0,-0.131623132177013,"[2026100607, 100000, 3, 28]",0.0,False,0.0018952303189656,False,0.0,ok,,0.0317828329862095
ridge_medium,100000,3,,28,3,-0.131623132177013,-0.0401499079529651,,,-0.1717730401299782,,1.0,27.0,2728.0,3703.703703703704,0.0,,1.0488690069020832,,100000.0,,1.0,28.0,2026100607.0,-0.131623132177013,"[2026100607, 100000, 3, 28]",0.0,False,0.0016120151086315,False,0.0,ok,,0.0353321249713189
ridge_medium,100000,3,,28,4,-0.131623132177013,-0.0708753849980882,,,-0.2024985171751012,,1.0,64.0,613.0,1562.5,0.0,,1.0750361039770828,,100000.0,,1.0,28.0,2026100607.0,-0.131623132177013,"[2026100607, 100000, 3, 28]",0.0,False,0.0050233201986272,False,0.0,ok,,0.032668208994437
ridge_medium,100000,3,,28,5,-0.131623132177013,-0.108820586277161,,,-0.2404437184541741,,1.0,125.0,365.0,800.0,0.0,,1.1047114929477162,,100000.0,,1.0,28.0,2026100607.0,-0.131623132177013,"[2026100607, 100000, 3, 28]",0.0,False,0.011841919997705,False,0.0,ok,,0.0320616670069284
ridge_medium,100000,3,,28,6,-0.131623132177013,-0.1471579223372301,,,-0.2787810545142432,,1.0,216.0,140.0,462.962962962963,0.0,,1.138851326497031,,100000.0,,1.0,28.0,2026100607.0,-0.131623132177013,"[2026100607, 100000, 3, 28]",0.0,False,0.0216554541066102,False,0.0,ok,,0.0340863750316202
ridge_medium,100000,3,,28,7,-0.131623132177013,-0.1900794891047672,,,-0.3217026212817803,,1.0,343.0,89.0,291.5451895043732,0.0,,1.175111215068129,,100000.0,,1.0,28.0,2026100607.0,-0.131623132177013,"[2026100607, 100000, 3, 28]",0.0,False,0.0361302121783293,False,0.0,ok,,0.0323625409509986
ridge_medium,100000,3,,29,1,-0.131623132177013,0.1213999758992342,,,-0.0102231562777788,,1.0,1.0,100000.0,100000.0,0.0,,1.0093211617988618,,100000.0,,1.0,29.0,2026100607.0,-0.131623132177013,"[2026100607, 100000, 3, 29]",0.0,False,0.0147379541483346,False,0.0,ok,,0.0346085000201128
ridge_medium,100000,3,,29,2,-0.131623132177013,0.0431194487510642,,,-0.0885036834259488,,1.0,8.0,8892.0,12500.0,0.0,,1.0267537068050674,,100000.0,,1.0,29.0,2026100607.0,-0.131623132177013,"[2026100607, 100000, 3, 29]",0.0,False,0.0018592868605956,False,0.0,ok,,0.0321434579673223
ridge_medium,100000,3,,29,3,-0.131623132177013,-0.0389984944222743,,,-0.1706216265992874,,1.0,27.0,2768.0,3703.703703703704,0.0,,1.0491769800183923,,100000.0,,1.0,29.0,2026100607.0,-0.131623132177013,"[2026100607, 100000, 3, 29]",0.0,False,0.0015208825672041,False,0.0,ok,,0.0351541670388542
ridge_medium,100000,3,,29,4,-0.131623132177013,-0.0682296017632679,,,-0.199852733940281,,1.0,64.0,638.0,1562.5,0.0,,1.0755604074581198,,100000.0,,1.0,29.0,2026100607.0,-0.131623132177013,"[2026100607, 100000, 3, 29]",0.0,False,0.0046552785567741,False,0.0,ok,,0.0328193749883212
ridge_medium,100000,3,,29,5,-0.131623132177013,-0.1057590357255421,,,-0.2373821679025552,,1.0,125.0,367.0,800.0,0.0,,1.104620645017918,,100000.0,,1.0,29.0,2026100607.0,-0.131623132177013,"[2026100607, 100000, 3, 29]",0.0,False,0.0111849736375964,False,0.0,ok,,0.0318852919735945
ridge_medium,100000,3,,29,6,-0.131623132177013,-0.1437579116322158,,,-0.2753810438092289,,1.0,216.0,144.0,462.962962962963,0.0,,1.138434288236108,,100000.0,,1.0,29.0,2026100607.0,-0.131623132177013,"[2026100607, 100000, 3, 29]",0.0,False,0.0206663371568559,False,0.0,ok,,0.0341560000088065
ridge_medium,100000,3,,29,7,-0.131623132177013,-0.1886270470367974,,,-0.3202501792138105,,1.0,343.0,98.0,291.5451895043732,0.0,,1.1753245880565588,,100000.0,,1.0,29.0,2026100607.0,-0.131623132177013,"[2026100607, 100000, 3, 29]",0.0,False,0.0355801628738222,False,0.0,ok,,0.0322852499666623
ridge_medium,100000,3,,30,1,-0.131623132177013,0.1222180859770923,,,-0.0094050461999207,,1.0,1.0,100000.0,100000.0,0.0,,1.009645321956678,,100000.0,,1.0,30.0,2026100607.0,-0.131623132177013,"[2026100607, 100000, 3, 30]",0.0,False,0.0149372605399039,False,0.0,ok,,0.0344714589882642
ridge_medium,100000,3,,30,2,-0.131623132177013,0.0443245716665336,,,-0.0872985605104794,,1.0,8.0,8912.0,12500.0,0.0,,1.0269877328274537,,100000.0,,1.0,30.0,2026100607.0,-0.131623132177013,"[2026100607, 100000, 3, 30]",0.0,False,0.0019646676534216,False,0.0,ok,,0.0326960840029642
ridge_medium,100000,3,,30,3,-0.131623132177013,-0.0396021936381367,,,-0.1712253258151498,,1.0,27.0,2704.0,3703.703703703704,0.0,,1.049181583322375,,100000.0,,1.0,30.0,2026100607.0,-0.131623132177013,"[2026100607, 100000, 3, 30]",0.0,False,0.0015683337409524,False,0.0,ok,,0.0357975829974748
ridge_medium,100000,3,,30,4,-0.131623132177013,-0.0704179078996382,,,-0.2020410400766513,,1.0,64.0,653.0,1562.5,0.0,,1.075277129277394,,100000.0,,1.0,30.0,2026100607.0,-0.131623132177013,"[2026100607, 100000, 3, 30]",0.0,False,0.0049586817529619,False,0.0,ok,,0.0334161670180037
ridge_medium,100000,3,,30,5,-0.131623132177013,-0.1090598194282756,,,-0.2406829516052887,,1.0,125.0,364.0,800.0,0.0,,1.106084426037787,,100000.0,,1.0,30.0,2026100607.0,-0.131623132177013,"[2026100607, 100000, 3, 30]",0.0,False,0.011894044213728,False,0.0,ok,,0.0318748339777812
ridge_medium,100000,3,,30,6,-0.131623132177013,-0.1458866956179665,,,-0.2775098277949796,,1.0,216.0,152.0,462.962962962963,0.0,,1.1393743325013015,,100000.0,,1.0,30.0,2026100607.0,-0.131623132177013,"[2026100607, 100000, 3, 30]",0.0,False,0.0212829279583292,False,0.0,ok,,0.034477874985896
ridge_medium,100000,3,,30,7,-0.131623132177013,-0.1910899217514783,,,-0.3227130539284913,,1.0,343.0,101.0,291.5451895043732,0.0,,1.1757356380241597,,100000.0,,1.0,30.0,2026100607.0,-0.131623132177013,"[2026100607, 100000, 3, 30]",0.0,False,0.036515358194986,False,0.0,ok,,0.0317044169642031
ridge_medium,100000,3,,31,1,-0.131623132177013,0.1222066114740862,,,-0.0094165207029268,,1.0,1.0,100000.0,100000.0,0.0,,1.0093854411307683,,100000.0,,1.0,31.0,2026100607.0,-0.131623132177013,"[2026100607, 100000, 3, 31]",0.0,False,0.0149344558879782,False,0.0,ok,,0.0350831249961629
ridge_medium,100000,3,,31,2,-0.131623132177013,0.04367988107398,,,-0.087943251103033,,1.0,8.0,8840.0,12500.0,0.0,,1.0267559226173173,,100000.0,,1.0,31.0,2026100607.0,-0.131623132177013,"[2026100607, 100000, 3, 31]",0.0,False,0.001907932010637,False,0.0,ok,,0.032355917035602
ridge_medium,100000,3,,31,3,-0.131623132177013,-0.0394053863926238,,,-0.1710285185696369,,1.0,27.0,2755.0,3703.703703703704,0.0,,1.0489050924997063,,100000.0,,1.0,31.0,2026100607.0,-0.131623132177013,"[2026100607, 100000, 3, 31]",0.0,False,0.0015527844767519,False,0.0,ok,,0.0357172910007648
ridge_medium,100000,3,,31,4,-0.131623132177013,-0.0703057087241763,,,-0.2019288409011894,,1.0,64.0,636.0,1562.5,0.0,,1.0749000131740312,,100000.0,,1.0,31.0,2026100607.0,-0.131623132177013,"[2026100607, 100000, 3, 31]",0.0,False,0.0049428926792087,False,0.0,ok,,0.0335826669470407
ridge_medium,100000,3,,31,5,-0.131623132177013,-0.1087020886262436,,,-0.2403252208032567,,1.0,125.0,363.0,800.0,0.0,,1.1049319111906866,,100000.0,,1.0,31.0,2026100607.0,-0.131623132177013,"[2026100607, 100000, 3, 31]",0.0,False,0.0118161440717077,False,0.0,ok,,0.0321550000226125
ridge_medium,100000,3,,31,6,-0.131623132177013,-0.1458728091750409,,,-0.277495941352054,,1.0,216.0,141.0,462.962962962963,0.0,,1.1383072772164091,,100000.0,,1.0,31.0,2026100607.0,-0.131623132177013,"[2026100607, 100000, 3, 31]",0.0,False,0.0212788764566179,False,0.0,ok,,0.0344972500461153
ridge_medium,100000,3,,31,7,-0.131623132177013,-0.1894746349664908,,,-0.3210977671435039,,1.0,343.0,92.0,291.5451895043732,0.0,,1.17538914749901,,100000.0,,1.0,31.0,2026100607.0,-0.131623132177013,"[2026100607, 100000, 3, 31]",0.0,False,0.0359006372956849,False,0.0,ok,,0.0325610419968143
ridge_medium,100000,3,,32,1,-0.131623132177013,0.1218432335596129,,,-0.0097798986174,,1.0,1.0,100000.0,100000.0,0.0,,1.009513892169054,,100000.0,,1.0,32.0,2026100607.0,-0.131623132177013,"[2026100607, 100000, 3, 32]",0.0,False,0.0148457735642624,False,0.0,ok,,0.0348475830396637
ridge_medium,100000,3,,32,2,-0.131623132177013,0.0423983598969296,,,-0.0892247722800834,,1.0,8.0,8849.0,12500.0,0.0,,1.0263555070727215,,100000.0,,1.0,32.0,2026100607.0,-0.131623132177013,"[2026100607, 100000, 3, 32]",0.0,False,0.0017976209219495,False,0.0,ok,,0.0330845839926041
ridge_medium,100000,3,,32,3,-0.131623132177013,-0.041324536134204,,,-0.1729476683112171,,1.0,27.0,2728.0,3703.703703703704,0.0,,1.0487043809607457,,100000.0,,1.0,32.0,2026100607.0,-0.131623132177013,"[2026100607, 100000, 3, 32]",0.0,False,0.0017077172867071,False,0.0,ok,,0.0360220830189064
ridge_medium,100000,3,,32,4,-0.131623132177013,-0.0702385000026626,,,-0.2018616321796757,,1.0,64.0,625.0,1562.5,0.0,,1.0750693462543357,,100000.0,,1.0,32.0,2026100607.0,-0.131623132177013,"[2026100607, 100000, 3, 32]",0.0,False,0.004933446882624,False,0.0,ok,,0.033903875038959
ridge_medium,100000,3,,32,5,-0.131623132177013,-0.109986192522329,,,-0.241609324699342,,1.0,125.0,364.0,800.0,0.0,,1.104985607379851,,100000.0,,1.0,32.0,2026100607.0,-0.131623132177013,"[2026100607, 100000, 3, 32]",0.0,False,0.0120969625455588,False,0.0,ok,,0.0322039159946143
ridge_medium,100000,3,,32,6,-0.131623132177013,-0.149284399416744,,,-0.2809075315937571,,1.0,216.0,142.0,462.962962962963,0.0,,1.137208740728819,,100000.0,,1.0,32.0,2026100607.0,-0.131623132177013,"[2026100607, 100000, 3, 32]",0.0,False,0.0222858319092179,False,0.0,ok,,0.0344470830168575
ridge_medium,100000,3,,32,7,-0.131623132177013,-0.1905596060080775,,,-0.3221827381850906,,1.0,343.0,95.0,291.5451895043732,0.0,,1.1752725737688612,,100000.0,,1.0,32.0,2026100607.0,-0.131623132177013,"[2026100607, 100000, 3, 32]",0.0,False,0.0363129634419537,False,0.0,ok,,0.0327309999847784
ridge_medium,100000,3,,33,1,-0.131623132177013,0.1221558691899324,,,-0.0094672629870806,,1.0,1.0,100000.0,100000.0,0.0,,1.009520903468788,,100000.0,,1.0,33.0,2026100607.0,-0.131623132177013,"[2026100607, 100000, 3, 33]",0.0,False,0.0149220563775478,False,0.0,ok,,0.0341689159977249
ridge_medium,100000,3,,33,2,-0.131623132177013,0.0424806247246478,,,-0.0891425074523651,,1.0,8.0,8797.0,12500.0,0.0,,1.0266260900192674,,100000.0,,1.0,33.0,2026100607.0,-0.131623132177013,"[2026100607, 100000, 3, 33]",0.0,False,0.0018046034769963,False,0.0,ok,,0.0313298749970272
ridge_medium,100000,3,,33,3,-0.131623132177013,-0.0441109346788683,,,-0.1757340668558814,,1.0,27.0,2690.0,3703.703703703704,0.0,,1.0486636557357556,,100000.0,,1.0,33.0,2026100607.0,-0.131623132177013,"[2026100607, 100000, 3, 33]",0.0,False,0.0019457745582433,False,0.0,ok,,0.0354842080269008
ridge_medium,100000,3,,33,4,-0.131623132177013,-0.0744141027895443,,,-0.2060372349665574,,1.0,64.0,592.0,1562.5,0.0,,1.0751990944739709,,100000.0,,1.0,33.0,2026100607.0,-0.131623132177013,"[2026100607, 100000, 3, 33]",0.0,False,0.0055374586939728,False,0.0,ok,,0.0330741250072605
ridge_medium,100000,3,,33,5,-0.131623132177013,-0.1129591826463254,,,-0.2445823148233385,,1.0,125.0,335.0,800.0,0.0,,1.1051363139063382,,100000.0,,1.0,33.0,2026100607.0,-0.131623132177013,"[2026100607, 100000, 3, 33]",0.0,False,0.0127597769441259,False,0.0,ok,,0.0320061670499853
ridge_medium,100000,3,,33,6,-0.131623132177013,-0.1512242707574755,,,-0.2828474029344885,,1.0,216.0,143.0,462.962962962963,0.0,,1.1379091009729665,,100000.0,,1.0,33.0,2026100607.0,-0.131623132177013,"[2026100607, 100000, 3, 33]",0.0,False,0.0228687800661302,False,0.0,ok,,0.0338935839827172
ridge_medium,100000,3,,33,7,-0.131623132177013,-0.1946083366690977,,,-0.3262314688461108,,1.0,343.0,81.0,291.5451895043732,0.0,,1.175776342967938,,100000.0,,1.0,33.0,2026100607.0,-0.131623132177013,"[2026100607, 100000, 3, 33]",0.0,False,0.0378724047011128,False,0.0,ok,,0.0319360000430606
ridge_medium,100000,3,,34,1,-0.131623132177013,0.1218850587869636,,,-0.0097380733900494,,1.0,1.0,100000.0,100000.0,0.0,,1.009248591921733,,100000.0,,1.0,34.0,2026100607.0,-0.131623132177013,"[2026100607, 100000, 3, 34]",0.0,False,0.0148559675555015,False,0.0,ok,,0.0344687500037252
ridge_medium,100000,3,,34,2,-0.131623132177013,0.0436061169612975,,,-0.0880170152157155,,1.0,8.0,8806.0,12500.0,0.0,,1.026502815348677,,100000.0,,1.0,34.0,2026100607.0,-0.131623132177013,"[2026100607, 100000, 3, 34]",0.0,False,0.0019014934364423,False,0.0,ok,,0.0323521670070476
ridge_medium,100000,3,,34,3,-0.131623132177013,-0.0393277835255829,,,-0.170950915702596,,1.0,27.0,2751.0,3703.703703703704,0.0,,1.0486994354938586,,100000.0,,1.0,34.0,2026100607.0,-0.131623132177013,"[2026100607, 100000, 3, 34]",0.0,False,0.0015466745570351,False,0.0,ok,,0.0354738750029355
ridge_medium,100000,3,,34,4,-0.131623132177013,-0.0710248971153179,,,-0.2026480292923309,,1.0,64.0,640.0,1562.5,0.0,,1.0749011618290496,,100000.0,,1.0,34.0,2026100607.0,-0.131623132177013,"[2026100607, 100000, 3, 34]",0.0,False,0.0050445360102414,False,0.0,ok,,0.0328372920048423
ridge_medium,100000,3,,34,5,-0.131623132177013,-0.1084330647597881,,,-0.2400561969368012,,1.0,125.0,367.0,800.0,0.0,,1.1050567179598212,,100000.0,,1.0,34.0,2026100607.0,-0.131623132177013,"[2026100607, 100000, 3, 34]",0.0,False,0.0117577295332004,False,0.0,ok,,0.0318941670120693
ridge_medium,100000,3,,34,6,-0.131623132177013,-0.1463511890042725,,,-0.2779743211812856,,1.0,216.0,146.0,462.962962962963,0.0,,1.138820698958295,,100000.0,,1.0,34.0,2026100607.0,-0.131623132177013,"[2026100607, 100000, 3, 34]",0.0,False,0.0214186705229643,False,0.0,ok,,0.0339510830235667
ridge_medium,100000,3,,34,7,-0.131623132177013,-0.1895967309961249,,,-0.321219863173138,,1.0,343.0,91.0,291.5451895043732,0.0,,1.1736711271145568,,100000.0,,1.0,34.0,2026100607.0,-0.131623132177013,"[2026100607, 100000, 3, 34]",0.0,False,0.0359469204044169,False,0.0,ok,,0.0323077919892966
ridge_medium,100000,3,,35,1,-0.131623132177013,0.1223614074689743,,,-0.0092617247080386,,1.0,1.0,100000.0,100000.0,0.0,,1.0093554879499187,,100000.0,,1.0,35.0,2026100607.0,-0.131623132177013,"[2026100607, 100000, 3, 35]",0.0,False,0.0149723140377883,False,0.0,ok,,0.0341392919654026
ridge_medium,100000,3,,35,2,-0.131623132177013,0.0432114994691206,,,-0.0884116327078924,,1.0,8.0,8891.0,12500.0,0.0,,1.026962562687844,,100000.0,,1.0,35.0,2026100607.0,-0.131623132177013,"[2026100607, 100000, 3, 35]",0.0,False,0.0018672336863698,False,0.0,ok,,0.0313031669938936
ridge_medium,100000,3,,35,3,-0.131623132177013,-0.0402289244953334,,,-0.1718520566723465,,1.0,27.0,2696.0,3703.703703703704,0.0,,1.0493716211054132,,100000.0,,1.0,35.0,2026100607.0,-0.131623132177013,"[2026100607, 100000, 3, 35]",0.0,False,0.0016183663660512,False,0.0,ok,,0.0352664999663829
ridge_medium,100000,3,,35,4,-0.131623132177013,-0.0694985109211283,,,-0.2011216430981414,,1.0,64.0,635.0,1562.5,0.0,,1.074756742091269,,100000.0,,1.0,35.0,2026100607.0,-0.131623132177013,"[2026100607, 100000, 3, 35]",0.0,False,0.0048300430202542,False,0.0,ok,,0.0330724170198664
ridge_medium,100000,3,,35,5,-0.131623132177013,-0.1094863720870481,,,-0.2411095042640612,,1.0,125.0,357.0,800.0,0.0,,1.1042398104135478,,100000.0,,1.0,35.0,2026100607.0,-0.131623132177013,"[2026100607, 100000, 3, 35]",0.0,False,0.0119872656727835,False,0.0,ok,,0.0319290000479668
ridge_medium,100000,3,,35,6,-0.131623132177013,-0.1477072213945705,,,-0.2793303535715836,,1.0,216.0,143.0,462.962962962963,0.0,,1.1376906594886729,,100000.0,,1.0,35.0,2026100607.0,-0.131623132177013,"[2026100607, 100000, 3, 35]",0.0,False,0.0218174232521046,False,0.0,ok,,0.0339483749703504
ridge_medium,100000,3,,35,7,-0.131623132177013,-0.1909357268226922,,,-0.3225588589997053,,1.0,343.0,94.0,291.5451895043732,0.0,,1.175845484981156,,100000.0,,1.0,35.0,2026100607.0,-0.131623132177013,"[2026100607, 100000, 3, 35]",0.0,False,0.0364564517773097,False,0.0,ok,,0.032245917012915
ridge_medium,100000,3,,36,1,-0.131623132177013,0.1221495912033841,,,-0.0094735409736289,,1.0,1.0,100000.0,100000.0,0.0,,1.0094515563750588,,100000.0,,1.0,36.0,2026100607.0,-0.131623132177013,"[2026100607, 100000, 3, 36]",0.0,False,0.0149205226311538,False,0.0,ok,,0.0346663750242441
ridge_medium,100000,3,,36,2,-0.131623132177013,0.0415260817053137,,,-0.0900970504716992,,1.0,8.0,8761.0,12500.0,0.0,,1.0261949445369691,,100000.0,,1.0,36.0,2026100607.0,-0.131623132177013,"[2026100607, 100000, 3, 36]",0.0,False,0.0017244154617963,False,0.0,ok,,0.0327292499714531
ridge_medium,100000,3,,36,3,-0.131623132177013,-0.0423647354897312,,,-0.1739878676667443,,1.0,27.0,2713.0,3703.703703703704,0.0,,1.04850125191136,,100000.0,,1.0,36.0,2026100607.0,-0.131623132177013,"[2026100607, 100000, 3, 36]",0.0,False,0.0017947708131148,False,0.0,ok,,0.0359090419951826
ridge_medium,100000,3,,36,4,-0.131623132177013,-0.0731356252641813,,,-0.2047587574411944,,1.0,64.0,630.0,1562.5,0.0,,1.0747141804789784,,100000.0,,1.0,36.0,2026100607.0,-0.131623132177013,"[2026100607, 100000, 3, 36]",0.0,False,0.0053488196827827,False,0.0,ok,,0.0333780830260366
ridge_medium,100000,3,,36,5,-0.131623132177013,-0.1107436479394756,,,-0.2423667801164887,,1.0,125.0,349.0,800.0,0.0,,1.1050490402515083,,100000.0,,1.0,36.0,2026100607.0,-0.131623132177013,"[2026100607, 100000, 3, 36]",0.0,False,0.0122641555589425,False,0.0,ok,,0.032076750008855
ridge_medium,100000,3,,36,6,-0.131623132177013,-0.1482776860660496,,,-0.2799008182430627,,1.0,216.0,139.0,462.962962962963,0.0,,1.1379250867169637,,100000.0,,1.0,36.0,2026100607.0,-0.131623132177013,"[2026100607, 100000, 3, 36]",0.0,False,0.0219862721851019,False,0.0,ok,,0.0340563749778084
ridge_medium,100000,3,,36,7,-0.131623132177013,-0.1926613028348055,,,-0.3242844350118186,,1.0,343.0,93.0,291.5451895043732,0.0,,1.174334750221552,,100000.0,,1.0,36.0,2026100607.0,-0.131623132177013,"[2026100607, 100000, 3, 36]",0.0,False,0.0371183776100046,False,0.0,ok,,0.0319461249746382
ridge_medium,100000,3,,37,1,-0.131623132177013,0.1221746799674579,,,-0.0094484522095551,,1.0,1.0,100000.0,100000.0,0.0,,1.0093732311268633,,100000.0,,1.0,37.0,2026100607.0,-0.131623132177013,"[2026100607, 100000, 3, 37]",0.0,False,0.0149266524251507,False,0.0,ok,,0.0358246249961666
ridge_medium,100000,3,,37,2,-0.131623132177013,0.044300185770226,,,-0.0873229464067869,,1.0,8.0,8916.0,12500.0,0.0,,1.0265904819636564,,100000.0,,1.0,37.0,2026100607.0,-0.131623132177013,"[2026100607, 100000, 3, 37]",0.0,False,0.0019625064592765,False,0.0,ok,,0.0323081249953247
ridge_medium,100000,3,,37,3,-0.131623132177013,-0.0396258777898644,,,-0.1712490099668775,,1.0,27.0,2749.0,3703.703703703704,0.0,,1.0485433711787937,,100000.0,,1.0,37.0,2026100607.0,-0.131623132177013,"[2026100607, 100000, 3, 37]",0.0,False,0.0015702101906172,False,0.0,ok,,0.0361838749959133
ridge_medium,100000,3,,37,4,-0.131623132177013,-0.0718126474117055,,,-0.2034357795887186,,1.0,64.0,635.0,1562.5,0.0,,1.075124622667108,,100000.0,,1.0,37.0,2026100607.0,-0.131623132177013,"[2026100607, 100000, 3, 37]",0.0,False,0.0051570563282779,False,0.0,ok,,0.0332786659710109
ridge_medium,100000,3,,37,5,-0.131623132177013,-0.1091819461670297,,,-0.2408050783440427,,1.0,125.0,364.0,800.0,0.0,,1.1052662693716668,,100000.0,,1.0,37.0,2026100607.0,-0.131623132177013,"[2026100607, 100000, 3, 37]",0.0,False,0.0119206973688201,False,0.0,ok,,0.0326284579932689
ridge_medium,100000,3,,37,6,-0.131623132177013,-0.1464935670295999,,,-0.278116699206613,,1.0,216.0,145.0,462.962962962963,0.0,,1.1387405987217178,,100000.0,,1.0,37.0,2026100607.0,-0.131623132177013,"[2026100607, 100000, 3, 37]",0.0,False,0.0214603651810558,False,0.0,ok,,0.0339586659683845
ridge_medium,100000,3,,37,7,-0.131623132177013,-0.1893544174097869,,,-0.3209775495868,,1.0,343.0,100.0,291.5451895043732,0.0,,1.1752380660344086,,100000.0,,1.0,37.0,2026100607.0,-0.131623132177013,"[2026100607, 100000, 3, 37]",0.0,False,0.0358550953925998,False,0.0,ok,,0.0320019589853473
ridge_medium,100000,3,,38,1,-0.131623132177013,0.122214598048055,,,-0.009408534128958,,1.0,1.0,100000.0,100000.0,0.0,,1.0096852957929117,,100000.0,,1.0,38.0,2026100607.0,-0.131623132177013,"[2026100607, 100000, 3, 38]",0.0,False,0.0149364079760476,False,0.0,ok,,0.0352953749825246
ridge_medium,100000,3,,38,2,-0.131623132177013,0.0424368955131675,,,-0.0891862366638454,,1.0,8.0,8796.0,12500.0,0.0,,1.0269068018024925,,100000.0,,1.0,38.0,2026100607.0,-0.131623132177013,"[2026100607, 100000, 3, 38]",0.0,False,0.0018008901007955,False,0.0,ok,,0.032721167022828
ridge_medium,100000,3,,38,3,-0.131623132177013,-0.0419469064582576,,,-0.1735700386352707,,1.0,27.0,2682.0,3703.703703703704,0.0,,1.0490546456714336,,100000.0,,1.0,38.0,2026100607.0,-0.131623132177013,"[2026100607, 100000, 3, 38]",0.0,False,0.0017595429614178,False,0.0,ok,,0.0357970420154742
ridge_medium,100000,3,,38,4,-0.131623132177013,-0.072503732289821,,,-0.2041268644668341,,1.0,64.0,612.0,1562.5,0.0,,1.0750405004513932,,100000.0,,1.0,38.0,2026100607.0,-0.131623132177013,"[2026100607, 100000, 3, 38]",0.0,False,0.005256791195954,False,0.0,ok,,0.0332187500316649
ridge_medium,100000,3,,38,5,-0.131623132177013,-0.1104077212214869,,,-0.2420308533985,,1.0,125.0,347.0,800.0,0.0,,1.1044986202414893,,100000.0,,1.0,38.0,2026100607.0,-0.131623132177013,"[2026100607, 100000, 3, 38]",0.0,False,0.0121898649053215,False,0.0,ok,,0.0322704589925706
ridge_medium,100000,3,,38,6,-0.131623132177013,-0.1483060441660169,,,-0.27992917634303,,1.0,216.0,139.0,462.962962962963,0.0,,1.1384584337008132,,100000.0,,1.0,38.0,2026100607.0,-0.131623132177013,"[2026100607, 100000, 3, 38]",0.0,False,0.0219946827361725,False,0.0,ok,,0.033908249984961
ridge_medium,100000,3,,38,7,-0.131623132177013,-0.1912464722599559,,,-0.322869604436969,,1.0,343.0,87.0,291.5451895043732,0.0,,1.174776861657847,,100000.0,,1.0,38.0,2026100607.0,-0.131623132177013,"[2026100607, 100000, 3, 38]",0.0,False,0.036575213151878,False,0.0,ok,,0.0316972909495234
ridge_medium,100000,3,,39,1,-0.131623132177013,0.1223425115993517,,,-0.0092806205776613,,1.0,1.0,100000.0,100000.0,0.0,,1.0096270413352304,,100000.0,,1.0,39.0,2026100607.0,-0.131623132177013,"[2026100607, 100000, 3, 39]",0.0,False,0.0149676901444375,False,0.0,ok,,0.034187417011708
ridge_medium,100000,3,,39,2,-0.131623132177013,0.0431969599274753,,,-0.0884261722495377,,1.0,8.0,8809.0,12500.0,0.0,,1.0268296325212356,,100000.0,,1.0,39.0,2026100607.0,-0.131623132177013,"[2026100607, 100000, 3, 39]",0.0,False,0.0018659773469759,False,0.0,ok,,0.0313790410291403
ridge_medium,100000,3,,39,3,-0.131623132177013,-0.0389418987591056,,,-0.1705650309361187,,1.0,27.0,2693.0,3703.703703703704,0.0,,1.049254243839693,,100000.0,,1.0,39.0,2026100607.0,-0.131623132177013,"[2026100607, 100000, 3, 39]",0.0,False,0.0015164714789644,False,0.0,ok,,0.0356691249762661
ridge_medium,100000,3,,39,4,-0.131623132177013,-0.0690475030226486,,,-0.2006706351996617,,1.0,64.0,613.0,1562.5,0.0,,1.075447382615415,,100000.0,,1.0,39.0,2026100607.0,-0.131623132177013,"[2026100607, 100000, 3, 39]",0.0,False,0.0047675576736626,False,0.0,ok,,0.0333717920002527
ridge_medium,100000,3,,39,5,-0.131623132177013,-0.1081751116329724,,,-0.2397982438099855,,1.0,125.0,367.0,800.0,0.0,,1.1051441844401797,,100000.0,,1.0,39.0,2026100607.0,-0.131623132177013,"[2026100607, 100000, 3, 39]",0.0,False,0.011701854776806,False,0.0,ok,,0.031583292002324
ridge_medium,100000,3,,39,6,-0.131623132177013,-0.1458796646538641,,,-0.2775027968308772,,1.0,216.0,143.0,462.962962962963,0.0,,1.138807645105825,,100000.0,,1.0,39.0,2026100607.0,-0.131623132177013,"[2026100607, 100000, 3, 39]",0.0,False,0.0212808765595238,False,0.0,ok,,0.0339281249907799
ridge_medium,100000,3,,39,7,-0.131623132177013,-0.1882282878229983,,,-0.3198514200000114,,1.0,343.0,97.0,291.5451895043732,0.0,,1.1758097117803652,,100000.0,,1.0,39.0,2026100607.0,-0.131623132177013,"[2026100607, 100000, 3, 39]",0.0,False,0.0354298883367774,False,0.0,ok,,0.0321551249944604
ridge_medium,100000,3,,40,1,-0.131623132177013,0.1221450536743588,,,-0.0094780785026542,,1.0,1.0,100000.0,100000.0,0.0,,1.0094180972782458,,100000.0,,1.0,40.0,2026100607.0,-0.131623132177013,"[2026100607, 100000, 3, 40]",0.0,False,0.0149194141371119,False,0.0,ok,,0.0342233330011367
ridge_medium,100000,3,,40,2,-0.131623132177013,0.0421860385606867,,,-0.0894370936163263,,1.0,8.0,8890.0,12500.0,0.0,,1.0264201595157143,,100000.0,,1.0,40.0,2026100607.0,-0.131623132177013,"[2026100607, 100000, 3, 40]",0.0,False,0.0017796618494437,False,0.0,ok,,0.0306855409871786
ridge_medium,100000,3,,40,3,-0.131623132177013,-0.0427898188441473,,,-0.1744129510211604,,1.0,27.0,2694.0,3703.703703703704,0.0,,1.048938647646659,,100000.0,,1.0,40.0,2026100607.0,-0.131623132177013,"[2026100607, 100000, 3, 40]",0.0,False,0.0018309685967149,False,0.0,ok,,0.0352175000007264
ridge_medium,100000,3,,40,4,-0.131623132177013,-0.072733062999868,,,-0.2043561951768811,,1.0,64.0,631.0,1562.5,0.0,,1.0751152490790794,,100000.0,,1.0,40.0,2026100607.0,-0.131623132177013,"[2026100607, 100000, 3, 40]",0.0,False,0.0052900984533427,False,0.0,ok,,0.0331428330391645
ridge_medium,100000,3,,40,5,-0.131623132177013,-0.1102939216958415,,,-0.2419170538728546,,1.0,125.0,361.0,800.0,0.0,,1.1047255182978488,,100000.0,,1.0,40.0,2026100607.0,-0.131623132177013,"[2026100607, 100000, 3, 40]",0.0,False,0.0121647491630484,False,0.0,ok,,0.0319020000169985
ridge_medium,100000,3,,40,6,-0.131623132177013,-0.1493406255179818,,,-0.2809637576949949,,1.0,216.0,144.0,462.962962962963,0.0,,1.1378685131041009,,100000.0,,1.0,40.0,2026100607.0,-0.131623132177013,"[2026100607, 100000, 3, 40]",0.0,False,0.022302622430102,False,0.0,ok,,0.0343210839782841
ridge_medium,100000,3,,40,7,-0.131623132177013,-0.192034724052178,,,-0.3236578562291911,,1.0,343.0,97.0,291.5451895043732,0.0,,1.1745268791214205,,100000.0,,1.0,40.0,2026100607.0,-0.131623132177013,"[2026100607, 100000, 3, 40]",0.0,False,0.0368773352417961,False,0.0,ok,,0.0322494579595513
ridge_medium,100000,3,,41,1,-0.131623132177013,0.1224039540385003,,,-0.0092191781385127,,1.0,1.0,100000.0,100000.0,0.0,,1.0094452423420834,,100000.0,,1.0,41.0,2026100607.0,-0.131623132177013,"[2026100607, 100000, 3, 41]",0.0,False,0.0149827279642593,False,0.0,ok,,0.0344804170308634
ridge_medium,100000,3,,41,2,-0.131623132177013,0.0430277129969726,,,-0.0885954191800404,,1.0,8.0,8887.0,12500.0,0.0,,1.0269304439813771,,100000.0,,1.0,41.0,2026100607.0,-0.131623132177013,"[2026100607, 100000, 3, 41]",0.0,False,0.0018513840857498,False,0.0,ok,,0.031415959005244
ridge_medium,100000,3,,41,3,-0.131623132177013,-0.0399663221912422,,,-0.1715894543682553,,1.0,27.0,2731.0,3703.703703703704,0.0,,1.0488657474019054,,100000.0,,1.0,41.0,2026100607.0,-0.131623132177013,"[2026100607, 100000, 3, 41]",0.0,False,0.0015973069094941,False,0.0,ok,,0.0352710830047726
ridge_medium,100000,3,,41,4,-0.131623132177013,-0.0706879041958338,,,-0.2023110363728469,,1.0,64.0,636.0,1562.5,0.0,,1.0754428296390357,,100000.0,,1.0,41.0,2026100607.0,-0.131623132177013,"[2026100607, 100000, 3, 41]",0.0,False,0.0049967797995993,False,0.0,ok,,0.0331944589852355
ridge_medium,100000,3,,41,5,-0.131623132177013,-0.1078882650156923,,,-0.2395113971927054,,1.0,125.0,364.0,800.0,0.0,,1.104629651192074,,100000.0,,1.0,41.0,2026100607.0,-0.131623132177013,"[2026100607, 100000, 3, 41]",0.0,False,0.0116398777280962,False,0.0,ok,,0.0317251249798573
ridge_medium,100000,3,,41,6,-0.131623132177013,-0.1462963597712768,,,-0.2779194919482899,,1.0,216.0,129.0,462.962962962963,0.0,,1.1379621951764607,,100000.0,,1.0,41.0,2026100607.0,-0.131623132177013,"[2026100607, 100000, 3, 41]",0.0,False,0.0214026248823268,False,0.0,ok,,0.0341622920241206
ridge_medium,100000,3,,41,7,-0.131623132177013,-0.1905529920987328,,,-0.3221761242757459,,1.0,343.0,88.0,291.5451895043732,0.0,,1.1763903982892332,,100000.0,,1.0,41.0,2026100607.0,-0.131623132177013,"[2026100607, 100000, 3, 41]",0.0,False,0.0363104427977797,False,0.0,ok,,0.0321596669964492
ridge_medium,100000,3,,42,1,-0.131623132177013,0.121996874877027,,,-0.009626257299986,,1.0,1.0,100000.0,100000.0,0.0,,1.0095759431728983,,100000.0,,1.0,42.0,2026100607.0,-0.131623132177013,"[2026100607, 100000, 3, 42]",0.0,False,0.0148832374797609,False,0.0,ok,,0.0349852080107666
ridge_medium,100000,3,,42,2,-0.131623132177013,0.0431583710873987,,,-0.0884647610896143,,1.0,8.0,8855.0,12500.0,0.0,,1.0262820179241832,,100000.0,,1.0,42.0,2026100607.0,-0.131623132177013,"[2026100607, 100000, 3, 42]",0.0,False,0.0018626449949176,False,0.0,ok,,0.0319968329858966
ridge_medium,100000,3,,42,3,-0.131623132177013,-0.041363526455872,,,-0.1729866586328851,,1.0,27.0,2744.0,3703.703703703704,0.0,,1.0488538501679607,,100000.0,,1.0,42.0,2026100607.0,-0.131623132177013,"[2026100607, 100000, 3, 42]",0.0,False,0.0017109413208656,False,0.0,ok,,0.0361302919918671
ridge_medium,100000,3,,42,4,-0.131623132177013,-0.0725844725344986,,,-0.2042076047115117,,1.0,64.0,630.0,1562.5,0.0,,1.0746848692051336,,100000.0,,1.0,42.0,2026100607.0,-0.131623132177013,"[2026100607, 100000, 3, 42]",0.0,False,0.0052685056531113,False,0.0,ok,,0.0344515420147217
ridge_medium,100000,3,,42,5,-0.131623132177013,-0.1108051704974418,,,-0.2424283026744549,,1.0,125.0,346.0,800.0,0.0,,1.104833845382785,,100000.0,,1.0,42.0,2026100607.0,-0.131623132177013,"[2026100607, 100000, 3, 42]",0.0,False,0.0122777858089671,False,0.0,ok,,0.0319351659854874
ridge_medium,100000,3,,42,6,-0.131623132177013,-0.1488346207657936,,,-0.2804577529428066,,1.0,216.0,133.0,462.962962962963,0.0,,1.1376860413624286,,100000.0,,1.0,42.0,2026100607.0,-0.131623132177013,"[2026100607, 100000, 3, 42]",0.0,False,0.0221517443384976,False,0.0,ok,,0.0342345830285921
ridge_medium,100000,3,,42,7,-0.131623132177013,-0.1926805046909963,,,-0.3243036368680094,,1.0,343.0,94.0,291.5451895043732,0.0,,1.1752690541842468,,100000.0,,1.0,42.0,2026100607.0,-0.131623132177013,"[2026100607, 100000, 3, 42]",0.0,False,0.037125776887977,False,0.0,ok,,0.0318542080349288
ridge_medium,100000,3,,43,1,-0.131623132177013,0.1218767294338919,,,-0.0097464027431211,,1.0,1.0,100000.0,100000.0,0.0,,1.0093356622388503,,100000.0,,1.0,43.0,2026100607.0,-0.131623132177013,"[2026100607, 100000, 3, 43]",0.0,False,0.014853937177502,False,0.0,ok,,0.0348649999941699
ridge_medium,100000,3,,43,2,-0.131623132177013,0.0425435595416239,,,-0.0890795726353891,,1.0,8.0,8885.0,12500.0,0.0,,1.0263689148638515,,100000.0,,1.0,43.0,2026100607.0,-0.131623132177013,"[2026100607, 100000, 3, 43]",0.0,False,0.0018099544584716,False,0.0,ok,,0.0332245000172406
ridge_medium,100000,3,,43,3,-0.131623132177013,-0.0419584816521792,,,-0.1735816138291923,,1.0,27.0,2753.0,3703.703703703704,0.0,,1.0490094307985265,,100000.0,,1.0,43.0,2026100607.0,-0.131623132177013,"[2026100607, 100000, 3, 43]",0.0,False,0.0017605141825562,False,0.0,ok,,0.0372124580317176
ridge_medium,100000,3,,43,4,-0.131623132177013,-0.0725810660263928,,,-0.2042041982034059,,1.0,64.0,638.0,1562.5,0.0,,1.0749261442464593,,100000.0,,1.0,43.0,2026100607.0,-0.131623132177013,"[2026100607, 100000, 3, 43]",0.0,False,0.0052680111455276,False,0.0,ok,,0.0340640000067651
ridge_medium,100000,3,,43,5,-0.131623132177013,-0.1113754991182437,,,-0.2429986312952568,,1.0,125.0,358.0,800.0,0.0,,1.1036018623598935,,100000.0,,1.0,43.0,2026100607.0,-0.131623132177013,"[2026100607, 100000, 3, 43]",0.0,False,0.0124045018038379,False,0.0,ok,,0.0324041669955477
ridge_medium,100000,3,,43,6,-0.131623132177013,-0.1482157333931918,,,-0.2798388655702049,,1.0,216.0,140.0,462.962962962963,0.0,,1.138821221950909,,100000.0,,1.0,43.0,2026100607.0,-0.131623132177013,"[2026100607, 100000, 3, 43]",0.0,False,0.0219679036252817,False,0.0,ok,,0.0343185000238008
ridge_medium,100000,3,,43,7,-0.131623132177013,-0.1904157947880042,,,-0.3220389269650173,,1.0,343.0,99.0,291.5451895043732,0.0,,1.17462246596624,,100000.0,,1.0,43.0,2026100607.0,-0.131623132177013,"[2026100607, 100000, 3, 43]",0.0,False,0.0362581749047473,False,0.0,ok,,0.0334930000244639
ridge_medium,100000,3,,44,1,-0.131623132177013,0.1221496721782,,,-0.009473459998813,,1.0,1.0,100000.0,100000.0,0.0,,1.0096133101034297,,100000.0,,1.0,44.0,2026100607.0,-0.131623132177013,"[2026100607, 100000, 3, 44]",0.0,False,0.0149205424132417,False,0.0,ok,,0.0347672499483451
ridge_medium,100000,3,,44,2,-0.131623132177013,0.0441350018414328,,,-0.0874881303355801,,1.0,8.0,8882.0,12500.0,0.0,,1.0268258480363377,,100000.0,,1.0,44.0,2026100607.0,-0.131623132177013,"[2026100607, 100000, 3, 44]",0.0,False,0.0019478983875432,False,0.0,ok,,0.0315658749896101
ridge_medium,100000,3,,44,3,-0.131623132177013,-0.039182989949646,,,-0.1708061221266591,,1.0,27.0,2735.0,3703.703703703704,0.0,,1.0491016059263651,,100000.0,,1.0,44.0,2026100607.0,-0.131623132177013,"[2026100607, 100000, 3, 44]",0.0,False,0.001535306701394,False,0.0,ok,,0.0369083330151625
ridge_medium,100000,3,,44,4,-0.131623132177013,-0.0691269170599848,,,-0.2007500492369979,,1.0,64.0,640.0,1562.5,0.0,,1.0757510888504982,,100000.0,,1.0,44.0,2026100607.0,-0.131623132177013,"[2026100607, 100000, 3, 44]",0.0,False,0.004778530662218,False,0.0,ok,,0.0339982089935801
ridge_medium,100000,3,,44,5,-0.131623132177013,-0.106562989980922,,,-0.2381861221579351,,1.0,125.0,358.0,800.0,0.0,,1.1052626961547063,,100000.0,,1.0,44.0,2026100607.0,-0.131623132177013,"[2026100607, 100000, 3, 44]",0.0,False,0.011355670833674,False,0.0,ok,,0.0323277079733088
ridge_medium,100000,3,,44,6,-0.131623132177013,-0.1449249715280029,,,-0.276548103705016,,1.0,216.0,144.0,462.962962962963,0.0,,1.1383142912079751,,100000.0,,1.0,44.0,2026100607.0,-0.131623132177013,"[2026100607, 100000, 3, 44]",0.0,False,0.0210032473723924,False,0.0,ok,,0.0343217080226168
ridge_medium,100000,3,,44,7,-0.131623132177013,-0.1873476947993887,,,-0.3189708269764018,,1.0,343.0,91.0,291.5451895043732,0.0,,1.1755938314696148,,100000.0,,1.0,44.0,2026100607.0,-0.131623132177013,"[2026100607, 100000, 3, 44]",0.0,False,0.0350991587466449,False,0.0,ok,,0.0332711670198477
ridge_medium,100000,3,,45,1,-0.131623132177013,0.1219230265513839,,,-0.0097001056256291,,1.0,1.0,100000.0,100000.0,0.0,,1.0094809856145577,,100000.0,,1.0,45.0,2026100607.0,-0.131623132177013,"[2026100607, 100000, 3, 45]",0.0,False,0.0148652244034494,False,0.0,ok,,0.0353392499964684
ridge_medium,100000,3,,45,2,-0.131623132177013,0.0429966341480852,,,-0.0886264980289278,,1.0,8.0,8863.0,12500.0,0.0,,1.0269053057779758,,100000.0,,1.0,45.0,2026100607.0,-0.131623132177013,"[2026100607, 100000, 3, 45]",0.0,False,0.0018487105480642,False,0.0,ok,,0.0317702500033192
ridge_medium,100000,3,,45,3,-0.131623132177013,-0.0398884756618599,,,-0.171511607838873,,1.0,27.0,2746.0,3703.703703703704,0.0,,1.049478123645863,,100000.0,,1.0,45.0,2026100607.0,-0.131623132177013,"[2026100607, 100000, 3, 45]",0.0,False,0.0015910904906267,False,0.0,ok,,0.0354974579531699
ridge_medium,100000,3,,45,4,-0.131623132177013,-0.0706873310048768,,,-0.2023104631818899,,1.0,64.0,643.0,1562.5,0.0,,1.0753617519368743,,100000.0,,1.0,45.0,2026100607.0,-0.131623132177013,"[2026100607, 100000, 3, 45]",0.0,False,0.004996698764593,False,0.0,ok,,0.0330121659790165
ridge_medium,100000,3,,45,5,-0.131623132177013,-0.1101478096651189,,,-0.241770941842132,,1.0,125.0,367.0,800.0,0.0,,1.1042305599747653,,100000.0,,1.0,45.0,2026100607.0,-0.131623132177013,"[2026100607, 100000, 3, 45]",0.0,False,0.0121325399740232,False,0.0,ok,,0.0318829999887384
ridge_medium,100000,3,,45,6,-0.131623132177013,-0.1469580293621592,,,-0.2785811615391723,,1.0,216.0,143.0,462.962962962963,0.0,,1.1388913215879668,,100000.0,,1.0,45.0,2026100607.0,-0.131623132177013,"[2026100607, 100000, 3, 45]",0.0,False,0.0215966623940092,False,0.0,ok,,0.0340864160098135
ridge_medium,100000,3,,45,7,-0.131623132177013,-0.190447117260737,,,-0.3220702494377501,,1.0,343.0,92.0,291.5451895043732,0.0,,1.1748643866373794,,100000.0,,1.0,45.0,2026100607.0,-0.131623132177013,"[2026100607, 100000, 3, 45]",0.0,False,0.0362701044729249,False,0.0,ok,,0.0317764999927021
ridge_medium,100000,3,,46,1,-0.131623132177013,0.122004567072235,,,-0.009618565104778,,1.0,1.0,100000.0,100000.0,0.0,,1.0095391777032765,,100000.0,,1.0,46.0,2026100607.0,-0.131623132177013,"[2026100607, 100000, 3, 46]",0.0,False,0.0148851143864834,False,0.0,ok,,0.0365918750176206
ridge_medium,100000,3,,46,2,-0.131623132177013,0.0433332143522056,,,-0.0882899178248074,,1.0,8.0,8847.0,12500.0,0.0,,1.0265466946838546,,100000.0,,1.0,46.0,2026100607.0,-0.131623132177013,"[2026100607, 100000, 3, 46]",0.0,False,0.0018777674660942,False,0.0,ok,,0.0310040000476874
ridge_medium,100000,3,,46,3,-0.131623132177013,-0.0405309058015837,,,-0.1721540379785968,,1.0,27.0,2728.0,3703.703703703704,0.0,,1.0493843946302557,,100000.0,,1.0,46.0,2026100607.0,-0.131623132177013,"[2026100607, 100000, 3, 46]",0.0,False,0.0016427543250968,False,0.0,ok,,0.0353119999635964
ridge_medium,100000,3,,46,4,-0.131623132177013,-0.0719770013262652,,,-0.2036001335032783,,1.0,64.0,643.0,1562.5,0.0,,1.074727855450828,,100000.0,,1.0,46.0,2026100607.0,-0.131623132177013,"[2026100607, 100000, 3, 46]",0.0,False,0.0051806887199211,False,0.0,ok,,0.0328669580048881
ridge_medium,100000,3,,46,5,-0.131623132177013,-0.1081094288201129,,,-0.239732560997126,,1.0,125.0,350.0,800.0,0.0,,1.1050902035837666,,100000.0,,1.0,46.0,2026100607.0,-0.131623132177013,"[2026100607, 100000, 3, 46]",0.0,False,0.011687648599811,False,0.0,ok,,0.0321016660309396
ridge_medium,100000,3,,46,6,-0.131623132177013,-0.1470641422759563,,,-0.2786872744529693,,1.0,216.0,150.0,462.962962962963,0.0,,1.13945299648671,,100000.0,,1.0,46.0,2026100607.0,-0.131623132177013,"[2026100607, 100000, 3, 46]",0.0,False,0.0216278619433627,False,0.0,ok,,0.0340543329948559
ridge_medium,100000,3,,46,7,-0.131623132177013,-0.1919614297583901,,,-0.3235845619354032,,1.0,343.0,92.0,291.5451895043732,0.0,,1.17534213776133,,100000.0,,1.0,46.0,2026100607.0,-0.131623132177013,"[2026100607, 100000, 3, 46]",0.0,False,0.0368491905148853,False,0.0,ok,,0.0326294170226901
ridge_medium,100000,3,,47,1,-0.131623132177013,0.1219645840828838,,,-0.0096585480941292,,1.0,1.0,100000.0,100000.0,0.0,,1.0094673713669453,,100000.0,,1.0,47.0,2026100607.0,-0.131623132177013,"[2026100607, 100000, 3, 47]",0.0,False,0.0148753597705108,False,0.0,ok,,0.0364795419736765
ridge_medium,100000,3,,47,2,-0.131623132177013,0.0421808534458674,,,-0.0894422787311456,,1.0,8.0,8898.0,12500.0,0.0,,1.0265929282572457,,100000.0,,1.0,47.0,2026100607.0,-0.131623132177013,"[2026100607, 100000, 3, 47]",0.0,False,0.0017792243974217,False,0.0,ok,,0.0325957500026561
ridge_medium,100000,3,,47,3,-0.131623132177013,-0.0396993998459375,,,-0.1713225320229505,,1.0,27.0,2728.0,3703.703703703704,0.0,,1.0494984984758506,,100000.0,,1.0,47.0,2026100607.0,-0.131623132177013,"[2026100607, 100000, 3, 47]",0.0,False,0.0015760423481276,False,0.0,ok,,0.035427333030384
ridge_medium,100000,3,,47,4,-0.131623132177013,-0.0726365349023754,,,-0.2042596670793885,,1.0,64.0,620.0,1562.5,0.0,,1.0753333667223344,,100000.0,,1.0,47.0,2026100607.0,-0.131623132177013,"[2026100607, 100000, 3, 47]",0.0,False,0.005276066202624,False,0.0,ok,,0.0334366249735467
ridge_medium,100000,3,,47,5,-0.131623132177013,-0.1103126423210328,,,-0.2419357744980459,,1.0,125.0,357.0,800.0,0.0,,1.1056546101641531,,100000.0,,1.0,47.0,2026100607.0,-0.131623132177013,"[2026100607, 100000, 3, 47]",0.0,False,0.0121688790558481,False,0.0,ok,,0.0321067080367356
ridge_medium,100000,3,,47,6,-0.131623132177013,-0.1482176497919334,,,-0.2798407819689465,,1.0,216.0,137.0,462.962962962963,0.0,,1.138060739174152,,100000.0,,1.0,47.0,2026100607.0,-0.131623132177013,"[2026100607, 100000, 3, 47]",0.0,False,0.0219684717098442,False,0.0,ok,,0.0339427919825539
ridge_medium,100000,3,,47,7,-0.131623132177013,-0.1919320048388666,,,-0.3235551370158797,,1.0,343.0,98.0,291.5451895043732,0.0,,1.1752837929704598,,100000.0,,1.0,47.0,2026100607.0,-0.131623132177013,"[2026100607, 100000, 3, 47]",0.0,False,0.0368378944814667,False,0.0,ok,,0.0323035420151427
ridge_medium,100000,3,,48,1,-0.131623132177013,0.1220995935939747,,,-0.0095235385830383,,1.0,1.0,100000.0,100000.0,0.0,,1.0093962126492553,,100000.0,,1.0,48.0,2026100607.0,-0.131623132177013,"[2026100607, 100000, 3, 48]",0.0,False,0.0149083107558137,False,0.0,ok,,0.0351168329943902
ridge_medium,100000,3,,48,2,-0.131623132177013,0.0439872253630442,,,-0.0876359068139688,,1.0,8.0,8936.0,12500.0,0.0,,1.0267874351771258,,100000.0,,1.0,48.0,2026100607.0,-0.131623132177013,"[2026100607, 100000, 3, 48]",0.0,False,0.0019348759951392,False,0.0,ok,,0.0330645419890061
ridge_medium,100000,3,,48,3,-0.131623132177013,-0.0382982833187592,,,-0.1699214154957723,,1.0,27.0,2749.0,3703.703703703704,0.0,,1.0489440092371394,,100000.0,,1.0,48.0,2026100607.0,-0.131623132177013,"[2026100607, 100000, 3, 48]",0.0,False,0.0014667585051639,False,0.0,ok,,0.035415666992776
ridge_medium,100000,3,,48,4,-0.131623132177013,-0.069587270836454,,,-0.201210403013467,,1.0,64.0,652.0,1562.5,0.0,,1.0752602588545166,,100000.0,,1.0,48.0,2026100607.0,-0.131623132177013,"[2026100607, 100000, 3, 48]",0.0,False,0.004842388262466,False,0.0,ok,,0.0334730410249903
ridge_medium,100000,3,,48,5,-0.131623132177013,-0.1076529149774493,,,-0.2392760471544624,,1.0,125.0,371.0,800.0,0.0,,1.1054678782337808,,100000.0,,1.0,48.0,2026100607.0,-0.131623132177013,"[2026100607, 100000, 3, 48]",0.0,False,0.0115891501031419,False,0.0,ok,,0.0321695829625241
ridge_medium,100000,3,,48,6,-0.131623132177013,-0.1477533064925583,,,-0.2793764386695714,,1.0,216.0,147.0,462.962962962963,0.0,,1.138593153201046,,100000.0,,1.0,48.0,2026100607.0,-0.131623132177013,"[2026100607, 100000, 3, 48]",0.0,False,0.0218310395794838,False,0.0,ok,,0.0338327080244198
ridge_medium,100000,3,,48,7,-0.131623132177013,-0.1890765667174524,,,-0.3206996988944655,,1.0,343.0,92.0,291.5451895043732,0.0,,1.17521618522296,,100000.0,,1.0,48.0,2026100607.0,-0.131623132177013,"[2026100607, 100000, 3, 48]",0.0,False,0.0357499480816592,False,0.0,ok,,0.0321763330139219
ridge_medium,100000,3,,49,1,-0.131623132177013,0.1216687852260205,,,-0.0099543469509925,,1.0,1.0,100000.0,100000.0,0.0,,1.0096428322362043,,100000.0,,1.0,49.0,2026100607.0,-0.131623132177013,"[2026100607, 100000, 3, 49]",0.0,False,0.0148032932983755,False,0.0,ok,,0.0348347919643856
ridge_medium,100000,3,,49,2,-0.131623132177013,0.0439591731866443,,,-0.0876639589903687,,1.0,8.0,8803.0,12500.0,0.0,,1.026676192984589,,100000.0,,1.0,49.0,2026100607.0,-0.131623132177013,"[2026100607, 100000, 3, 49]",0.0,False,0.0019324089072533,False,0.0,ok,,0.0328355840174481
ridge_medium,100000,3,,49,3,-0.131623132177013,-0.0391250950473706,,,-0.1707482272243837,,1.0,27.0,2684.0,3703.703703703704,0.0,,1.0491302601528747,,100000.0,,1.0,49.0,2026100607.0,-0.131623132177013,"[2026100607, 100000, 3, 49]",0.0,False,0.0015307730624657,False,0.0,ok,,0.0362092499854043
ridge_medium,100000,3,,49,4,-0.131623132177013,-0.0709924301080813,,,-0.2026155622850944,,1.0,64.0,614.0,1562.5,0.0,,1.0757274598560784,,100000.0,,1.0,49.0,2026100607.0,-0.131623132177013,"[2026100607, 100000, 3, 49]",0.0,False,0.0050399251326508,False,0.0,ok,,0.033773667004425
ridge_medium,100000,3,,49,5,-0.131623132177013,-0.1080858868271401,,,-0.2397090190041532,,1.0,125.0,352.0,800.0,0.0,,1.105503746001387,,100000.0,,1.0,49.0,2026100607.0,-0.131623132177013,"[2026100607, 100000, 3, 49]",0.0,False,0.0116825589312093,False,0.0,ok,,0.0320912500028498
ridge_medium,100000,3,,49,6,-0.131623132177013,-0.1467524218294577,,,-0.2783755540064708,,1.0,216.0,141.0,462.962962962963,0.0,,1.1388726724663063,,100000.0,,1.0,49.0,2026100607.0,-0.131623132177013,"[2026100607, 100000, 3, 49]",0.0,False,0.021536273312811,False,0.0,ok,,0.0342042080010287
ridge_medium,100000,3,,49,7,-0.131623132177013,-0.1889944780953324,,,-0.3206176102723455,,1.0,343.0,95.0,291.5451895043732,0.0,,1.1746673326238062,,100000.0,,1.0,49.0,2026100607.0,-0.131623132177013,"[2026100607, 100000, 3, 49]",0.0,False,0.035718912750527,False,0.0,ok,,0.0324505000025965
ridge_medium,100000,3,,50,1,-0.131623132177013,0.1219065424619015,,,-0.0097165897151115,,1.0,1.0,100000.0,100000.0,0.0,,1.0095755158521929,,100000.0,,1.0,50.0,2026100607.0,-0.131623132177013,"[2026100607, 100000, 3, 50]",0.0,False,0.0148612050950154,False,0.0,ok,,0.0348697089939378
ridge_medium,100000,3,,50,2,-0.131623132177013,0.0426164454493387,,,-0.0890066867276742,,1.0,8.0,8842.0,12500.0,0.0,,1.0267391294777255,,100000.0,,1.0,50.0,2026100607.0,-0.131623132177013,"[2026100607, 100000, 3, 50]",0.0,False,0.0018161614227364,False,0.0,ok,,0.032539167033974
ridge_medium,100000,3,,50,3,-0.131623132177013,-0.0405551493632731,,,-0.1721782815402862,,1.0,27.0,2725.0,3703.703703703704,0.0,,1.0494773357526674,,100000.0,,1.0,50.0,2026100607.0,-0.131623132177013,"[2026100607, 100000, 3, 50]",0.0,False,0.0016447201398773,False,0.0,ok,,0.0359724999871104
ridge_medium,100000,3,,50,4,-0.131623132177013,-0.0712195031494384,,,-0.2028426353264515,,1.0,64.0,646.0,1562.5,0.0,,1.075477628161581,,100000.0,,1.0,50.0,2026100607.0,-0.131623132177013,"[2026100607, 100000, 3, 50]",0.0,False,0.0050722176288528,False,0.0,ok,,0.0337703339755535
ridge_medium,100000,3,,50,5,-0.131623132177013,-0.1089334734534105,,,-0.2405566056304236,,1.0,125.0,362.0,800.0,0.0,,1.1052141644802127,,100000.0,,1.0,50.0,2026100607.0,-0.131623132177013,"[2026100607, 100000, 3, 50]",0.0,False,0.0118665016386248,False,0.0,ok,,0.0316145420074462
ridge_medium,100000,3,,50,6,-0.131623132177013,-0.1460777301700901,,,-0.2777008623471032,,1.0,216.0,139.0,462.962962962963,0.0,,1.138930020094003,,100000.0,,1.0,50.0,2026100607.0,-0.131623132177013,"[2026100607, 100000, 3, 50]",0.0,False,0.0213387032516456,False,0.0,ok,,0.034046875021886
ridge_medium,100000,3,,50,7,-0.131623132177013,-0.1907655296665432,,,-0.3223886618435563,,1.0,343.0,94.0,291.5451895043732,0.0,,1.175218016108985,,100000.0,,1.0,50.0,2026100607.0,-0.131623132177013,"[2026100607, 100000, 3, 50]",0.0,False,0.0363914873089567,False,0.0,ok,,0.0323979580425657
ridge_medium,100000,3,,51,1,-0.131623132177013,0.1225823574459902,,,-0.0090407747310228,,1.0,1.0,100000.0,100000.0,0.0,,1.0094894957578278,,100000.0,,1.0,51.0,2026100607.0,-0.131623132177013,"[2026100607, 100000, 3, 51]",0.0,False,0.0150264343570165,False,0.0,ok,,0.0343317920342087
ridge_medium,100000,3,,51,2,-0.131623132177013,0.0437196475756391,,,-0.0879034846013739,,1.0,8.0,8921.0,12500.0,0.0,,1.0266912838867326,,100000.0,,1.0,51.0,2026100607.0,-0.131623132177013,"[2026100607, 100000, 3, 51]",0.0,False,0.001911407584138,False,0.0,ok,,0.0309517499990761
ridge_medium,100000,3,,51,3,-0.131623132177013,-0.0377950925539148,,,-0.1694182247309279,,1.0,27.0,2729.0,3703.703703703704,0.0,,1.0490186125017102,,100000.0,,1.0,51.0,2026100607.0,-0.131623132177013,"[2026100607, 100000, 3, 51]",0.0,False,0.0014284690211589,False,0.0,ok,,0.0354678339790552
ridge_medium,100000,3,,51,4,-0.131623132177013,-0.0687358829614003,,,-0.2003590151384134,,1.0,64.0,651.0,1562.5,0.0,,1.0749090732693205,,100000.0,,1.0,51.0,2026100607.0,-0.131623132177013,"[2026100607, 100000, 3, 51]",0.0,False,0.0047246216064833,False,0.0,ok,,0.0332756669959053
ridge_medium,100000,3,,51,5,-0.131623132177013,-0.1062086212589859,,,-0.237831753435999,,1.0,125.0,364.0,800.0,0.0,,1.1055365563266246,,100000.0,,1.0,51.0,2026100607.0,-0.131623132177013,"[2026100607, 100000, 3, 51]",0.0,False,0.0112802712297347,False,0.0,ok,,0.0320184589945711
ridge_medium,100000,3,,51,6,-0.131623132177013,-0.1446889103074395,,,-0.2763120424844526,,1.0,216.0,148.0,462.962962962963,0.0,,1.1390325840965088,,100000.0,,1.0,51.0,2026100607.0,-0.131623132177013,"[2026100607, 100000, 3, 51]",0.0,False,0.0209348807659542,False,0.0,ok,,0.0337995000299997
ridge_medium,100000,3,,51,7,-0.131623132177013,-0.1885880889401526,,,-0.3202112211171657,,1.0,343.0,94.0,291.5451895043732,0.0,,1.174509845646016,,100000.0,,1.0,51.0,2026100607.0,-0.131623132177013,"[2026100607, 100000, 3, 51]",0.0,False,0.0355654672900989,False,0.0,ok,,0.0324177080183289
ridge_medium,100000,3,,52,1,-0.131623132177013,0.1220033244639465,,,-0.0096198077130665,,1.0,1.0,100000.0,100000.0,0.0,,1.009480977553867,,100000.0,,1.0,52.0,2026100607.0,-0.131623132177013,"[2026100607, 100000, 3, 52]",0.0,False,0.014884811180255,False,0.0,ok,,0.0341583749977871
ridge_medium,100000,3,,52,2,-0.131623132177013,0.0426889693114837,,,-0.0889341628655293,,1.0,8.0,8853.0,12500.0,0.0,,1.026726278199798,,100000.0,,1.0,52.0,2026100607.0,-0.131623132177013,"[2026100607, 100000, 3, 52]",0.0,False,0.0018223481008767,False,0.0,ok,,0.0322133750305511
ridge_medium,100000,3,,52,3,-0.131623132177013,-0.0414306851909448,,,-0.1730538173679579,,1.0,27.0,2694.0,3703.703703703704,0.0,,1.049568812444548,,100000.0,,1.0,52.0,2026100607.0,-0.131623132177013,"[2026100607, 100000, 3, 52]",0.0,False,0.0017165016753911,False,0.0,ok,,0.0354676659917458
ridge_medium,100000,3,,52,4,-0.131623132177013,-0.0725090546571275,,,-0.2041321868341406,,1.0,64.0,641.0,1562.5,0.0,,1.0750103103606323,,100000.0,,1.0,52.0,2026100607.0,-0.131623132177013,"[2026100607, 100000, 3, 52]",0.0,False,0.0052575630072703,False,0.0,ok,,0.0330395000055432
ridge_medium,100000,3,,52,5,-0.131623132177013,-0.109612484404303,,,-0.2412356165813161,,1.0,125.0,362.0,800.0,0.0,,1.104522344639476,,100000.0,,1.0,52.0,2026100607.0,-0.131623132177013,"[2026100607, 100000, 3, 52]",0.0,False,0.0120148967372835,False,0.0,ok,,0.0318816659855656
ridge_medium,100000,3,,52,6,-0.131623132177013,-0.1485750789231594,,,-0.2801982111001725,,1.0,216.0,150.0,462.962962962963,0.0,,1.1388880154820324,,100000.0,,1.0,52.0,2026100607.0,-0.131623132177013,"[2026100607, 100000, 3, 52]",0.0,False,0.022074554077023,False,0.0,ok,,0.0344701669528149
ridge_medium,100000,3,,52,7,-0.131623132177013,-0.1917022378655285,,,-0.3233253700425416,,1.0,343.0,95.0,291.5451895043732,0.0,,1.1744183810406723,,100000.0,,1.0,52.0,2026100607.0,-0.131623132177013,"[2026100607, 100000, 3, 52]",0.0,False,0.0367497480026516,False,0.0,ok,,0.0322437499999068
ridge_medium,100000,3,,53,1,-0.131623132177013,0.1219050263211536,,,-0.0097181058558594,,1.0,1.0,100000.0,100000.0,0.0,,1.009551129638846,,100000.0,,1.0,53.0,2026100607.0,-0.131623132177013,"[2026100607, 100000, 3, 53]",0.0,False,0.0148608354423611,False,0.0,ok,,0.0344274999806657
ridge_medium,100000,3,,53,2,-0.131623132177013,0.0437984100634337,,,-0.0878247221135793,,1.0,8.0,8886.0,12500.0,0.0,,1.026610170861712,,100000.0,,1.0,53.0,2026100607.0,-0.131623132177013,"[2026100607, 100000, 3, 53]",0.0,False,0.0019183007240846,False,0.0,ok,,0.0319922079797834
ridge_medium,100000,3,,53,3,-0.131623132177013,-0.0404708757106394,,,-0.1720940078876525,,1.0,27.0,2749.0,3703.703703703704,0.0,,1.0490576985765032,,100000.0,,1.0,53.0,2026100607.0,-0.131623132177013,"[2026100607, 100000, 3, 53]",0.0,False,0.001637891780786,False,0.0,ok,,0.0355676669860258
ridge_medium,100000,3,,53,4,-0.131623132177013,-0.0714626314866311,,,-0.2030857636636442,,1.0,64.0,643.0,1562.5,0.0,,1.0755119133497557,,100000.0,,1.0,53.0,2026100607.0,-0.131623132177013,"[2026100607, 100000, 3, 53]",0.0,False,0.005106907698994,False,0.0,ok,,0.0333144169999286
ridge_medium,100000,3,,53,5,-0.131623132177013,-0.1098941498069981,,,-0.2415172819840112,,1.0,125.0,361.0,800.0,0.0,,1.1052728137049983,,100000.0,,1.0,53.0,2026100607.0,-0.131623132177013,"[2026100607, 100000, 3, 53]",0.0,False,0.0120767241618029,False,0.0,ok,,0.0317721670144237
ridge_medium,100000,3,,53,6,-0.131623132177013,-0.1481666492264982,,,-0.2797897814035113,,1.0,216.0,149.0,462.962962962963,0.0,,1.138728092849477,,100000.0,,1.0,53.0,2026100607.0,-0.131623132177013,"[2026100607, 100000, 3, 53]",0.0,False,0.0219533559430081,False,0.0,ok,,0.0344075000029988
ridge_medium,100000,3,,53,7,-0.131623132177013,-0.1895458720183381,,,-0.3211690041953512,,1.0,343.0,89.0,291.5451895043732,0.0,,1.1746028620795,,100000.0,,1.0,53.0,2026100607.0,-0.131623132177013,"[2026100607, 100000, 3, 53]",0.0,False,0.0359276375991922,False,0.0,ok,,0.0327063750009983
ridge_medium,100000,3,,54,1,-0.131623132177013,0.1219703046967796,,,-0.0096528274802334,,1.0,1.0,100000.0,100000.0,0.0,,1.009443249427059,,100000.0,,1.0,54.0,2026100607.0,-0.131623132177013,"[2026100607, 100000, 3, 54]",0.0,False,0.0148767552278252,False,0.0,ok,,0.0347155830240808
ridge_medium,100000,3,,54,2,-0.131623132177013,0.0424873865089044,,,-0.0891357456681086,,1.0,8.0,8825.0,12500.0,0.0,,1.026558491476357,,100000.0,,1.0,54.0,2026100607.0,-0.131623132177013,"[2026100607, 100000, 3, 54]",0.0,False,0.001805178012357,False,0.0,ok,,0.0320897909696213
ridge_medium,100000,3,,54,3,-0.131623132177013,-0.0411776028815714,,,-0.1728007350585845,,1.0,27.0,2703.0,3703.703703703704,0.0,,1.0487207272872197,,100000.0,,1.0,54.0,2026100607.0,-0.131623132177013,"[2026100607, 100000, 3, 54]",0.0,False,0.0016955949790724,False,0.0,ok,,0.0367623750353232
ridge_medium,100000,3,,54,4,-0.131623132177013,-0.0722447809155107,,,-0.2038679130925237,,1.0,64.0,646.0,1562.5,0.0,,1.0756613379960311,,100000.0,,1.0,54.0,2026100607.0,-0.131623132177013,"[2026100607, 100000, 3, 54]",0.0,False,0.0052193083695301,False,0.0,ok,,0.0343365420121699
ridge_medium,100000,3,,54,5,-0.131623132177013,-0.1099101609911686,,,-0.2415332931681817,,1.0,125.0,360.0,800.0,0.0,,1.1054178990106585,,100000.0,,1.0,54.0,2026100607.0,-0.131623132177013,"[2026100607, 100000, 3, 54]",0.0,False,0.0120802434891046,False,0.0,ok,,0.031952875026036
ridge_medium,100000,3,,54,6,-0.131623132177013,-0.1483135151686315,,,-0.2799366473456446,,1.0,216.0,126.0,462.962962962963,0.0,,1.1390615323645514,,100000.0,,1.0,54.0,2026100607.0,-0.131623132177013,"[2026100607, 100000, 3, 54]",0.0,False,0.0219968987816758,False,0.0,ok,,0.0345539579866454
ridge_medium,100000,3,,54,7,-0.131623132177013,-0.1925049511066837,,,-0.3241280832836968,,1.0,343.0,90.0,291.5451895043732,0.0,,1.1748769634035392,,100000.0,,1.0,54.0,2026100607.0,-0.131623132177013,"[2026100607, 100000, 3, 54]",0.0,False,0.0370581562005867,False,0.0,ok,,0.0319749999907799
ridge_medium,100000,3,,55,1,-0.131623132177013,0.1219528115947333,,,-0.0096703205822796,,1.0,1.0,100000.0,100000.0,0.0,,1.0093060899526365,,100000.0,,1.0,55.0,2026100607.0,-0.131623132177013,"[2026100607, 100000, 3, 55]",0.0,False,0.0148724882558605,False,0.0,ok,,0.0348279169993475
ridge_medium,100000,3,,55,2,-0.131623132177013,0.0434466315452391,,,-0.0881765006317739,,1.0,8.0,8874.0,12500.0,0.0,,1.0269520550311508,,100000.0,,1.0,55.0,2026100607.0,-0.131623132177013,"[2026100607, 100000, 3, 55]",0.0,False,0.0018876097926277,False,0.0,ok,,0.0335633750073611
ridge_medium,100000,3,,55,3,-0.131623132177013,-0.0396295068184137,,,-0.1712526389954267,,1.0,27.0,2720.0,3703.703703703704,0.0,,1.0487186685443617,,100000.0,,1.0,55.0,2026100607.0,-0.131623132177013,"[2026100607, 100000, 3, 55]",0.0,False,0.0015704978106706,False,0.0,ok,,0.0361802920233458
ridge_medium,100000,3,,55,4,-0.131623132177013,-0.0704193370320521,,,-0.2020424692090652,,1.0,64.0,639.0,1562.5,0.0,,1.0758688697149394,,100000.0,,1.0,55.0,2026100607.0,-0.131623132177013,"[2026100607, 100000, 3, 55]",0.0,False,0.0049588830280337,False,0.0,ok,,0.0337787499884143
ridge_medium,100000,3,,55,5,-0.131623132177013,-0.1083606008904579,,,-0.239983733067471,,1.0,125.0,368.0,800.0,0.0,,1.1056310342243414,,100000.0,,1.0,55.0,2026100607.0,-0.131623132177013,"[2026100607, 100000, 3, 55]",0.0,False,0.0117420198253411,False,0.0,ok,,0.0320454590255394
ridge_medium,100000,3,,55,6,-0.131623132177013,-0.1469577800182836,,,-0.2785809121952967,,1.0,216.0,149.0,462.962962962963,0.0,,1.1385737754618996,,100000.0,,1.0,55.0,2026100607.0,-0.131623132177013,"[2026100607, 100000, 3, 55]",0.0,False,0.0215965891079022,False,0.0,ok,,0.0342571670189499
ridge_medium,100000,3,,55,7,-0.131623132177013,-0.1909830391117356,,,-0.3226061712887487,,1.0,343.0,96.0,291.5451895043732,0.0,,1.1749619179875912,,100000.0,,1.0,55.0,2026100607.0,-0.131623132177013,"[2026100607, 100000, 3, 55]",0.0,False,0.0364745212283547,False,0.0,ok,,0.0315817079972475
ridge_medium,100000,3,,56,1,-0.131623132177013,0.1222239907121572,,,-0.0093991414648558,,1.0,1.0,100000.0,100000.0,0.0,,1.0093929890280364,,100000.0,,1.0,56.0,2026100607.0,-0.131623132177013,"[2026100607, 100000, 3, 56]",0.0,False,0.0149387039056054,False,0.0,ok,,0.0348811669973656
ridge_medium,100000,3,,56,2,-0.131623132177013,0.042488243723203,,,-0.08913488845381,,1.0,8.0,8861.0,12500.0,0.0,,1.02660517106407,,100000.0,,1.0,56.0,2026100607.0,-0.131623132177013,"[2026100607, 100000, 3, 56]",0.0,False,0.0018052508546823,False,0.0,ok,,0.0331628749845549
ridge_medium,100000,3,,56,3,-0.131623132177013,-0.0418231631472082,,,-0.1734462953242213,,1.0,27.0,2689.0,3703.703703703704,0.0,,1.0494101918233418,,100000.0,,1.0,56.0,2026100607.0,-0.131623132177013,"[2026100607, 100000, 3, 56]",0.0,False,0.0017491769756379,False,0.0,ok,,0.0362323339795693
ridge_medium,100000,3,,56,4,-0.131623132177013,-0.0722988664705668,,,-0.2039219986475799,,1.0,64.0,647.0,1562.5,0.0,,1.075461398017482,,100000.0,,1.0,56.0,2026100607.0,-0.131623132177013,"[2026100607, 100000, 3, 56]",0.0,False,0.0052271260929288,False,0.0,ok,,0.0335521249799057
ridge_medium,100000,3,,56,5,-0.131623132177013,-0.1107959325466008,,,-0.2424190647236139,,1.0,125.0,348.0,800.0,0.0,,1.1055757495537504,,100000.0,,1.0,56.0,2026100607.0,-0.131623132177013,"[2026100607, 100000, 3, 56]",0.0,False,0.0122757386688709,False,0.0,ok,,0.0322921660263091
ridge_medium,100000,3,,56,6,-0.131623132177013,-0.1480277963648237,,,-0.2796509285418367,,1.0,216.0,140.0,462.962962962963,0.0,,1.1384886560312122,,100000.0,,1.0,56.0,2026100607.0,-0.131623132177013,"[2026100607, 100000, 3, 56]",0.0,False,0.0219122284966257,False,0.0,ok,,0.034474832995329
ridge_medium,100000,3,,56,7,-0.131623132177013,-0.1918901960017285,,,-0.3235133281787415,,1.0,343.0,88.0,291.5451895043732,0.0,,1.1751069072878948,,100000.0,,1.0,56.0,2026100607.0,-0.131623132177013,"[2026100607, 100000, 3, 56]",0.0,False,0.0368218473215817,False,0.0,ok,,0.0318082500016316
ridge_medium,100000,3,,57,1,-0.131623132177013,0.1220045372623015,,,-0.0096185949147115,,1.0,1.0,100000.0,100000.0,0.0,,1.009457933666616,,100000.0,,1.0,57.0,2026100607.0,-0.131623132177013,"[2026100607, 100000, 3, 57]",0.0,False,0.0148851071125883,False,0.0,ok,,0.0349093329859897
ridge_medium,100000,3,,57,2,-0.131623132177013,0.0428218944543834,,,-0.0888012377226296,,1.0,8.0,8755.0,12500.0,0.0,,1.0266052524885554,,100000.0,,1.0,57.0,2026100607.0,-0.131623132177013,"[2026100607, 100000, 3, 57]",0.0,False,0.0018337146446623,False,0.0,ok,,0.0311979170073755
ridge_medium,100000,3,,57,3,-0.131623132177013,-0.0403523894255604,,,-0.1719755216025735,,1.0,27.0,2683.0,3703.703703703704,0.0,,1.0489588862769148,,100000.0,,1.0,57.0,2026100607.0,-0.131623132177013,"[2026100607, 100000, 3, 57]",0.0,False,0.001628315332352,False,0.0,ok,,0.0349924170295707
ridge_medium,100000,3,,57,4,-0.131623132177013,-0.0713215402036768,,,-0.2029446723806899,,1.0,64.0,635.0,1562.5,0.0,,1.0749873045153542,,100000.0,,1.0,57.0,2026100607.0,-0.131623132177013,"[2026100607, 100000, 3, 57]",0.0,False,0.0050867620970246,False,0.0,ok,,0.0333210410317406
ridge_medium,100000,3,,57,5,-0.131623132177013,-0.1080097210512335,,,-0.2396328532282466,,1.0,125.0,366.0,800.0,0.0,,1.1043599968617184,,100000.0,,1.0,57.0,2026100607.0,-0.131623132177013,"[2026100607, 100000, 3, 57]",0.0,False,0.0116660998415652,False,0.0,ok,,0.0318992919637821
ridge_medium,100000,3,,57,6,-0.131623132177013,-0.1464390137237309,,,-0.278062145900744,,1.0,216.0,132.0,462.962962962963,0.0,,1.1394067393727736,,100000.0,,1.0,57.0,2026100607.0,-0.131623132177013,"[2026100607, 100000, 3, 57]",0.0,False,0.021444384740379,False,0.0,ok,,0.0343822500435635
ridge_medium,100000,3,,57,7,-0.131623132177013,-0.1900986556250287,,,-0.3217217878020418,,1.0,343.0,97.0,291.5451895043732,0.0,,1.176666216281579,,100000.0,,1.0,57.0,2026100607.0,-0.131623132177013,"[2026100607, 100000, 3, 57]",0.0,False,0.0361374988704432,False,0.0,ok,,0.0325510000111535
ridge_medium,100000,3,,58,1,-0.131623132177013,0.1222083681290282,,,-0.0094147640479848,,1.0,1.0,100000.0,100000.0,0.0,,1.0093668636013722,,100000.0,,1.0,58.0,2026100607.0,-0.131623132177013,"[2026100607, 100000, 3, 58]",0.0,False,0.01493488524076,False,0.0,ok,,0.0342517920071259
ridge_medium,100000,3,,58,2,-0.131623132177013,0.0421363259391389,,,-0.0894868062378741,,1.0,8.0,8784.0,12500.0,0.0,,1.026649582572286,,100000.0,,1.0,58.0,2026100607.0,-0.131623132177013,"[2026100607, 100000, 3, 58]",0.0,False,0.0017754699636493,False,0.0,ok,,0.0321593330008909
ridge_medium,100000,3,,58,3,-0.131623132177013,-0.041629916480735,,,-0.1732530486577481,,1.0,27.0,2779.0,3703.703703703704,0.0,,1.0487701239303917,,100000.0,,1.0,58.0,2026100607.0,-0.131623132177013,"[2026100607, 100000, 3, 58]",0.0,False,0.0017330499461929,False,0.0,ok,,0.035299000039231
ridge_medium,100000,3,,58,4,-0.131623132177013,-0.0728518645746687,,,-0.2044749967516818,,1.0,64.0,651.0,1562.5,0.0,,1.0753479704923492,,100000.0,,1.0,58.0,2026100607.0,-0.131623132177013,"[2026100607, 100000, 3, 58]",0.0,False,0.0053073941720058,False,0.0,ok,,0.0332227500039152
ridge_medium,100000,3,,58,5,-0.131623132177013,-0.1097777573823107,,,-0.2414008895593238,,1.0,125.0,360.0,800.0,0.0,,1.105739943415666,,100000.0,,1.0,58.0,2026100607.0,-0.131623132177013,"[2026100607, 100000, 3, 58]",0.0,False,0.0120511560158894,False,0.0,ok,,0.031951958022546
ridge_medium,100000,3,,58,6,-0.131623132177013,-0.1490882809840244,,,-0.2807114131610375,,1.0,216.0,132.0,462.962962962963,0.0,,1.1383439054384643,,100000.0,,1.0,58.0,2026100607.0,-0.131623132177013,"[2026100607, 100000, 3, 58]",0.0,False,0.0222273155267714,False,0.0,ok,,0.0343207910191267
ridge_medium,100000,3,,58,7,-0.131623132177013,-0.1922283270142472,,,-0.3238514591912603,,1.0,343.0,97.0,291.5451895043732,0.0,,1.175680617217627,,100000.0,,1.0,58.0,2026100607.0,-0.131623132177013,"[2026100607, 100000, 3, 58]",0.0,False,0.0369517297066963,False,0.0,ok,,0.0326064999680966
ridge_medium,100000,3,,59,1,-0.131623132177013,0.1222329119302009,,,-0.0093902202468121,,1.0,1.0,100000.0,100000.0,0.0,,1.009661542361695,,100000.0,,1.0,59.0,2026100607.0,-0.131623132177013,"[2026100607, 100000, 3, 59]",0.0,False,0.0149408847589362,False,0.0,ok,,0.0343975410214625
ridge_medium,100000,3,,59,2,-0.131623132177013,0.0429345551423081,,,-0.0886885770347049,,1.0,8.0,8851.0,12500.0,0.0,,1.0266771139936797,,100000.0,,1.0,59.0,2026100607.0,-0.131623132177013,"[2026100607, 100000, 3, 59]",0.0,False,0.0018433760252678,False,0.0,ok,,0.0319989999989047
ridge_medium,100000,3,,59,3,-0.131623132177013,-0.0395363383103824,,,-0.1711594704873955,,1.0,27.0,2720.0,3703.703703703704,0.0,,1.0494153158060884,,100000.0,,1.0,59.0,2026100607.0,-0.131623132177013,"[2026100607, 100000, 3, 59]",0.0,False,0.001563122046993,False,0.0,ok,,0.0354128750041127
ridge_medium,100000,3,,59,4,-0.131623132177013,-0.0695434494964192,,,-0.2011665816734323,,1.0,64.0,631.0,1562.5,0.0,,1.0754237372569564,,100000.0,,1.0,59.0,2026100607.0,-0.131623132177013,"[2026100607, 100000, 3, 59]",0.0,False,0.004836291367861,False,0.0,ok,,0.0330814159824512
ridge_medium,100000,3,,59,5,-0.131623132177013,-0.1076182495253944,,,-0.2392413817024075,,1.0,125.0,343.0,800.0,0.0,,1.106295907421562,,100000.0,,1.0,59.0,2026100607.0,-0.131623132177013,"[2026100607, 100000, 3, 59]",0.0,False,0.01158168763091,False,0.0,ok,,0.0319410830270499
ridge_medium,100000,3,,59,6,-0.131623132177013,-0.1461466418881687,,,-0.2777697740651818,,1.0,216.0,142.0,462.962962962963,0.0,,1.1388763270213087,,100000.0,,1.0,59.0,2026100607.0,-0.131623132177013,"[2026100607, 100000, 3, 59]",0.0,False,0.0213588409351886,False,0.0,ok,,0.034662083024159
ridge_medium,100000,3,,59,7,-0.131623132177013,-0.1903537595687556,,,-0.3219768917457687,,1.0,343.0,93.0,291.5451895043732,0.0,,1.175689545245489,,100000.0,,1.0,59.0,2026100607.0,-0.131623132177013,"[2026100607, 100000, 3, 59]",0.0,False,0.0362345537819596,False,0.0,ok,,0.0327822500257752
ridge_medium,100000,3,,60,1,-0.131623132177013,0.1222780506356003,,,-0.0093450815414127,,1.0,1.0,100000.0,100000.0,0.0,,1.0095584409576788,,100000.0,,1.0,60.0,2026100607.0,-0.131623132177013,"[2026100607, 100000, 3, 60]",0.0,False,0.0149519216672424,False,0.0,ok,,0.0361226249951869
ridge_medium,100000,3,,60,2,-0.131623132177013,0.0434017975829027,,,-0.0882213345941103,,1.0,8.0,8823.0,12500.0,0.0,,1.0266483281333914,,100000.0,,1.0,60.0,2026100607.0,-0.131623132177013,"[2026100607, 100000, 3, 60]",0.0,False,0.0018837160334272,False,0.0,ok,,0.0339299999759532
ridge_medium,100000,3,,60,3,-0.131623132177013,-0.0385677021611185,,,-0.1701908343381316,,1.0,27.0,2719.0,3703.703703703704,0.0,,1.0488118196702234,,100000.0,,1.0,60.0,2026100607.0,-0.131623132177013,"[2026100607, 100000, 3, 60]",0.0,False,0.0014874676499887,False,0.0,ok,,0.0357155409874394
ridge_medium,100000,3,,60,4,-0.131623132177013,-0.0688103174973583,,,-0.2004334496743713,,1.0,64.0,648.0,1562.5,0.0,,1.0750556708285768,,100000.0,,1.0,60.0,2026100607.0,-0.131623132177013,"[2026100607, 100000, 3, 60]",0.0,False,0.0047348597940872,False,0.0,ok,,0.0327503340085968
ridge_medium,100000,3,,60,5,-0.131623132177013,-0.107248902573063,,,-0.2388720347500761,,1.0,125.0,366.0,800.0,0.0,,1.1049884844728426,,100000.0,,1.0,60.0,2026100607.0,-0.131623132177013,"[2026100607, 100000, 3, 60]",0.0,False,0.0115023271031263,False,0.0,ok,,0.0316427500220015
ridge_medium,100000,3,,60,6,-0.131623132177013,-0.1453246843112272,,,-0.2769478164882403,,1.0,216.0,142.0,462.962962962963,0.0,,1.1384994075937218,,100000.0,,1.0,60.0,2026100607.0,-0.131623132177013,"[2026100607, 100000, 3, 60]",0.0,False,0.0211192638701578,False,0.0,ok,,0.0339417910436168
ridge_medium,100000,3,,60,7,-0.131623132177013,-0.1878365199520326,,,-0.3194596521290457,,1.0,343.0,95.0,291.5451895043732,0.0,,1.1751138856239034,,100000.0,,1.0,60.0,2026100607.0,-0.131623132177013,"[2026100607, 100000, 3, 60]",0.0,False,0.0352825582276903,False,0.0,ok,,0.0318027499597519
ridge_medium,100000,3,,61,1,-0.131623132177013,0.1220535549724325,,,-0.0095695772045804,,1.0,1.0,100000.0,100000.0,0.0,,1.0094289483736048,,100000.0,,1.0,61.0,2026100607.0,-0.131623132177013,"[2026100607, 100000, 3, 61]",0.0,False,0.0148970702814086,False,0.0,ok,,0.0351749170222319
ridge_medium,100000,3,,61,2,-0.131623132177013,0.0446703204736112,,,-0.0869528117034018,,1.0,8.0,8926.0,12500.0,0.0,,1.026462154179936,,100000.0,,1.0,61.0,2026100607.0,-0.131623132177013,"[2026100607, 100000, 3, 61]",0.0,False,0.0019954375312151,False,0.0,ok,,0.0328544999938458
ridge_medium,100000,3,,61,3,-0.131623132177013,-0.0390815373559476,,,-0.1707046695329606,,1.0,27.0,2748.0,3703.703703703704,0.0,,1.0489451650554806,,100000.0,,1.0,61.0,2026100607.0,-0.131623132177013,"[2026100607, 100000, 3, 61]",0.0,False,0.0015273665621043,False,0.0,ok,,0.0353218750096857
ridge_medium,100000,3,,61,4,-0.131623132177013,-0.0697088926365709,,,-0.201332024813584,,1.0,64.0,640.0,1562.5,0.0,,1.0751130703708165,,100000.0,,1.0,61.0,2026100607.0,-0.131623132177013,"[2026100607, 100000, 3, 61]",0.0,False,0.0048593297126169,False,0.0,ok,,0.0330255000153556
ridge_medium,100000,3,,61,5,-0.131623132177013,-0.1066860306688982,,,-0.2383091628459113,,1.0,125.0,365.0,800.0,0.0,,1.104486185231487,,100000.0,,1.0,61.0,2026100607.0,-0.131623132177013,"[2026100607, 100000, 3, 61]",0.0,False,0.011381909139885,False,0.0,ok,,0.0319108329713344
ridge_medium,100000,3,,61,6,-0.131623132177013,-0.1461738989985892,,,-0.2777970311756023,,1.0,216.0,147.0,462.962962962963,0.0,,1.1386164071749645,,100000.0,,1.0,61.0,2026100607.0,-0.131623132177013,"[2026100607, 100000, 3, 61]",0.0,False,0.0213668087484497,False,0.0,ok,,0.0342297079623676
ridge_medium,100000,3,,61,7,-0.131623132177013,-0.1897159894086865,,,-0.3213391215856996,,1.0,343.0,99.0,291.5451895043732,0.0,,1.175119102533601,,100000.0,,1.0,61.0,2026100607.0,-0.131623132177013,"[2026100607, 100000, 3, 61]",0.0,False,0.0359921566373168,False,0.0,ok,,0.0326510419836267
ridge_medium,100000,3,,62,1,-0.131623132177013,0.1221884886801859,,,-0.0094346434968271,,1.0,1.0,100000.0,100000.0,0.0,,1.009221607373639,,100000.0,,1.0,62.0,2026100607.0,-0.131623132177013,"[2026100607, 100000, 3, 62]",0.0,False,0.0149300267659479,False,0.0,ok,,0.0349642080254852
ridge_medium,100000,3,,62,2,-0.131623132177013,0.0441672649858815,,,-0.0874558671911315,,1.0,8.0,8823.0,12500.0,0.0,,1.0266337224852604,,100000.0,,1.0,62.0,2026100607.0,-0.131623132177013,"[2026100607, 100000, 3, 62]",0.0,False,0.001950747296333,False,0.0,ok,,0.0345719589968211
ridge_medium,100000,3,,62,3,-0.131623132177013,-0.0375223443901308,,,-0.1691454765671438,,1.0,27.0,2723.0,3703.703703703704,0.0,,1.0489676347337282,,100000.0,,1.0,62.0,2026100607.0,-0.131623132177013,"[2026100607, 100000, 3, 62]",0.0,False,0.0014079263285315,False,0.0,ok,,0.0355120419990271
ridge_medium,100000,3,,62,4,-0.131623132177013,-0.0680753534795653,,,-0.1996984856565784,,1.0,64.0,600.0,1562.5,0.0,,1.0749843200980724,,100000.0,,1.0,62.0,2026100607.0,-0.131623132177013,"[2026100607, 100000, 3, 62]",0.0,False,0.0046342537513677,False,0.0,ok,,0.0332674999954178
ridge_medium,100000,3,,62,5,-0.131623132177013,-0.1060651153272213,,,-0.2376882475042344,,1.0,125.0,342.0,800.0,0.0,,1.1055930649461607,,100000.0,,1.0,62.0,2026100607.0,-0.131623132177013,"[2026100607, 100000, 3, 62]",0.0,False,0.0112498086893767,False,0.0,ok,,0.0317661659792065
ridge_medium,100000,3,,62,6,-0.131623132177013,-0.1432834020279382,,,-0.2749065342049513,,1.0,216.0,153.0,462.962962962963,0.0,,1.1389463533774395,,100000.0,,1.0,62.0,2026100607.0,-0.131623132177013,"[2026100607, 100000, 3, 62]",0.0,False,0.0205301332966997,False,0.0,ok,,0.0342032909975387
ridge_medium,100000,3,,62,7,-0.131623132177013,-0.1872035770689002,,,-0.3188267092459133,,1.0,343.0,96.0,291.5451895043732,0.0,,1.1749670827960943,,100000.0,,1.0,62.0,2026100607.0,-0.131623132177013,"[2026100607, 100000, 3, 62]",0.0,False,0.0350451792673916,False,0.0,ok,,0.0323517919750884
ridge_medium,100000,3,,63,1,-0.131623132177013,0.1218791021929421,,,-0.0097440299840709,,1.0,1.0,100000.0,100000.0,0.0,,1.0095224736591946,,100000.0,,1.0,63.0,2026100607.0,-0.131623132177013,"[2026100607, 100000, 3, 63]",0.0,False,0.0148545155513576,False,0.0,ok,,0.0341306670452468
ridge_medium,100000,3,,63,2,-0.131623132177013,0.0438104722652402,,,-0.0878126599117728,,1.0,8.0,8703.0,12500.0,0.0,,1.0270284529596658,,100000.0,,1.0,63.0,2026100607.0,-0.131623132177013,"[2026100607, 100000, 3, 63]",0.0,False,0.0019193574801033,False,0.0,ok,,0.0315317499917
ridge_medium,100000,3,,63,3,-0.131623132177013,-0.0390769737207369,,,-0.17070010589775,,1.0,27.0,2703.0,3703.703703703704,0.0,,1.0492195079309703,,100000.0,,1.0,63.0,2026100607.0,-0.131623132177013,"[2026100607, 100000, 3, 63]",0.0,False,0.0015270098751711,False,0.0,ok,,0.0355127079528756
ridge_medium,100000,3,,63,4,-0.131623132177013,-0.0700212025787066,,,-0.2016443347557197,,1.0,64.0,628.0,1562.5,0.0,,1.0757142493393963,,100000.0,,1.0,63.0,2026100607.0,-0.131623132177013,"[2026100607, 100000, 3, 63]",0.0,False,0.0049029688105682,False,0.0,ok,,0.033127374947071
ridge_medium,100000,3,,63,5,-0.131623132177013,-0.1067937960988761,,,-0.2384169282758892,,1.0,125.0,368.0,800.0,0.0,,1.105698718950357,,100000.0,,1.0,63.0,2026100607.0,-0.131623132177013,"[2026100607, 100000, 3, 63]",0.0,False,0.0114049148852083,False,0.0,ok,,0.0321865829755552
ridge_medium,100000,3,,63,6,-0.131623132177013,-0.1456345312720855,,,-0.2772576634490986,,1.0,216.0,141.0,462.962962962963,0.0,,1.139011000694669,,100000.0,,1.0,63.0,2026100607.0,-0.131623132177013,"[2026100607, 100000, 3, 63]",0.0,False,0.02120941669884,False,0.0,ok,,0.0343381669954396
ridge_medium,100000,3,,63,7,-0.131623132177013,-0.1879088230477353,,,-0.3195319552247483,,1.0,343.0,91.0,291.5451895043732,0.0,,1.1760411901009635,,100000.0,,1.0,63.0,2026100607.0,-0.131623132177013,"[2026100607, 100000, 3, 63]",0.0,False,0.035309725779185,False,0.0,ok,,0.0326343749766238
ridge_medium,100000,3,,64,1,-0.131623132177013,0.1219724640937136,,,-0.0096506680832993,,1.0,1.0,100000.0,100000.0,0.0,,1.0096631473277171,,100000.0,,1.0,64.0,2026100607.0,-0.131623132177013,"[2026100607, 100000, 3, 64]",0.0,False,0.0148772819970922,False,0.0,ok,,0.0340126659721136
ridge_medium,100000,3,,64,2,-0.131623132177013,0.0432667192859016,,,-0.0883564128911114,,1.0,8.0,8884.0,12500.0,0.0,,1.0267187262134063,,100000.0,,1.0,64.0,2026100607.0,-0.131623132177013,"[2026100607, 100000, 3, 64]",0.0,False,0.001872008997765,False,0.0,ok,,0.0308052499894984
ridge_medium,100000,3,,64,3,-0.131623132177013,-0.0408790096803571,,,-0.1725021418573702,,1.0,27.0,2727.0,3703.703703703704,0.0,,1.049001899882483,,100000.0,,1.0,64.0,2026100607.0,-0.131623132177013,"[2026100607, 100000, 3, 64]",0.0,False,0.0016710934324467,False,0.0,ok,,0.0350804159534163
ridge_medium,100000,3,,64,4,-0.131623132177013,-0.0719921122289004,,,-0.2036152444059134,,1.0,64.0,622.0,1562.5,0.0,,1.075456239294551,,100000.0,,1.0,64.0,2026100607.0,-0.131623132177013,"[2026100607, 100000, 3, 64]",0.0,False,0.0051828642231785,False,0.0,ok,,0.0330947500187903
ridge_medium,100000,3,,64,5,-0.131623132177013,-0.1094104207559682,,,-0.2410335529329813,,1.0,125.0,360.0,800.0,0.0,,1.1051986295389309,,100000.0,,1.0,64.0,2026100607.0,-0.131623132177013,"[2026100607, 100000, 3, 64]",0.0,False,0.011970640169998,False,0.0,ok,,0.0321749579743482
ridge_medium,100000,3,,64,6,-0.131623132177013,-0.1485085512172988,,,-0.2801316833943119,,1.0,216.0,141.0,462.962962962963,0.0,,1.138561947225726,,100000.0,,1.0,64.0,2026100607.0,-0.131623132177013,"[2026100607, 100000, 3, 64]",0.0,False,0.022054789784661,False,0.0,ok,,0.0345519159454852
ridge_medium,100000,3,,64,7,-0.131623132177013,-0.1917859634353449,,,-0.323409095612358,,1.0,343.0,89.0,291.5451895043732,0.0,,1.1759436028863033,,100000.0,,1.0,64.0,2026100607.0,-0.131623132177013,"[2026100607, 100000, 3, 64]",0.0,False,0.0367818557708234,False,0.0,ok,,0.0322151250438764
ridge_medium,100000,3,,65,1,-0.131623132177013,0.1225318089844765,,,-0.0090913231925365,,1.0,1.0,100000.0,100000.0,0.0,,1.009312220119535,,100000.0,,1.0,65.0,2026100607.0,-0.131623132177013,"[2026100607, 100000, 3, 65]",0.0,False,0.0150140442130082,False,0.0,ok,,0.0344698330154642
ridge_medium,100000,3,,65,2,-0.131623132177013,0.0437469178385858,,,-0.0878762143384272,,1.0,8.0,8880.0,12500.0,0.0,,1.0266672200549716,,100000.0,,1.0,65.0,2026100607.0,-0.131623132177013,"[2026100607, 100000, 3, 65]",0.0,False,0.0019137928203759,False,0.0,ok,,0.0316180000081658
ridge_medium,100000,3,,65,3,-0.131623132177013,-0.0416027638794016,,,-0.1732258960564147,,1.0,27.0,2644.0,3703.703703703704,0.0,,1.048535825695931,,100000.0,,1.0,65.0,2026100607.0,-0.131623132177013,"[2026100607, 100000, 3, 65]",0.0,False,0.0017307899624052,False,0.0,ok,,0.0355682920198887
ridge_medium,100000,3,,65,4,-0.131623132177013,-0.0721152232358642,,,-0.2037383554128772,,1.0,64.0,627.0,1562.5,0.0,,1.07505461470495,,100000.0,,1.0,65.0,2026100607.0,-0.131623132177013,"[2026100607, 100000, 3, 65]",0.0,False,0.0052006054223585,False,0.0,ok,,0.0332663339795544
ridge_medium,100000,3,,65,5,-0.131623132177013,-0.1086176562949708,,,-0.2402407884719839,,1.0,125.0,363.0,800.0,0.0,,1.105058987116366,,100000.0,,1.0,65.0,2026100607.0,-0.131623132177013,"[2026100607, 100000, 3, 65]",0.0,False,0.0117977952590124,False,0.0,ok,,0.032493415987119
ridge_medium,100000,3,,65,6,-0.131623132177013,-0.1477017796272553,,,-0.2793249118042684,,1.0,216.0,142.0,462.962962962963,0.0,,1.138173768617494,,100000.0,,1.0,65.0,2026100607.0,-0.131623132177013,"[2026100607, 100000, 3, 65]",0.0,False,0.0218158157050583,False,0.0,ok,,0.0342220829916186
ridge_medium,100000,3,,65,7,-0.131623132177013,-0.1917274890751263,,,-0.3233506212521393,,1.0,343.0,96.0,291.5451895043732,0.0,,1.175098550513067,,100000.0,,1.0,65.0,2026100607.0,-0.131623132177013,"[2026100607, 100000, 3, 65]",0.0,False,0.0367594300670526,False,0.0,ok,,0.0323230000212788
ridge_medium,100000,3,,66,1,-0.131623132177013,0.1221649634232404,,,-0.0094581687537725,,1.0,1.0,100000.0,100000.0,0.0,,1.0094448486616068,,100000.0,,1.0,66.0,2026100607.0,-0.131623132177013,"[2026100607, 100000, 3, 66]",0.0,False,0.0149242782882016,False,0.0,ok,,0.0371739579713903
ridge_medium,100000,3,,66,2,-0.131623132177013,0.0432144938188658,,,-0.0884086383581472,,1.0,8.0,8909.0,12500.0,0.0,,1.02701186328003,,100000.0,,1.0,66.0,2026100607.0,-0.131623132177013,"[2026100607, 100000, 3, 66]",0.0,False,0.0018674924760207,False,0.0,ok,,0.0332957089995034
ridge_medium,100000,3,,66,3,-0.131623132177013,-0.0388143682081185,,,-0.1704375003851316,,1.0,27.0,2716.0,3703.703703703704,0.0,,1.0491854564342031,,100000.0,,1.0,66.0,2026100607.0,-0.131623132177013,"[2026100607, 100000, 3, 66]",0.0,False,0.0015065551793954,False,0.0,ok,,0.0357177080004476
ridge_medium,100000,3,,66,4,-0.131623132177013,-0.0696650086380599,,,-0.2012881408150729,,1.0,64.0,636.0,1562.5,0.0,,1.0753429158918657,,100000.0,,1.0,66.0,2026100607.0,-0.131623132177013,"[2026100607, 100000, 3, 66]",0.0,False,0.0048532134285409,False,0.0,ok,,0.0340094999992288
ridge_medium,100000,3,,66,5,-0.131623132177013,-0.1071203216840832,,,-0.2387434538610962,,1.0,125.0,346.0,800.0,0.0,,1.1055976630553086,,100000.0,,1.0,66.0,2026100607.0,-0.131623132177013,"[2026100607, 100000, 3, 66]",0.0,False,0.0114747633177014,False,0.0,ok,,0.0318306669942103
ridge_medium,100000,3,,66,6,-0.131623132177013,-0.1468207202511948,,,-0.2784438524282079,,1.0,216.0,141.0,462.962962962963,0.0,,1.1388644628861948,,100000.0,,1.0,66.0,2026100607.0,-0.131623132177013,"[2026100607, 100000, 3, 66]",0.0,False,0.0215563238950796,False,0.0,ok,,0.0342332500149495
ridge_medium,100000,3,,66,7,-0.131623132177013,-0.1881654980195003,,,-0.3197886301965134,,1.0,343.0,86.0,291.5451895043732,0.0,,1.1752942884311213,,100000.0,,1.0,66.0,2026100607.0,-0.131623132177013,"[2026100607, 100000, 3, 66]",0.0,False,0.0354062546449265,False,0.0,ok,,0.03224745800253
ridge_medium,100000,3,,67,1,-0.131623132177013,0.1221705280914752,,,-0.0094526040855378,,1.0,1.0,100000.0,100000.0,0.0,,1.009547491394349,,100000.0,,1.0,67.0,2026100607.0,-0.131623132177013,"[2026100607, 100000, 3, 67]",0.0,False,0.0149256379341499,False,0.0,ok,,0.0378034170134924
ridge_medium,100000,3,,67,2,-0.131623132177013,0.0420446580713217,,,-0.0895784741056912,,1.0,8.0,8817.0,12500.0,0.0,,1.0268544626740097,,100000.0,,1.0,67.0,2026100607.0,-0.131623132177013,"[2026100607, 100000, 3, 67]",0.0,False,0.0017677532723343,False,0.0,ok,,0.033313583000563
ridge_medium,100000,3,,67,3,-0.131623132177013,-0.0401605081189095,,,-0.1717836402959226,,1.0,27.0,2722.0,3703.703703703704,0.0,,1.0488609478734665,,100000.0,,1.0,67.0,2026100607.0,-0.131623132177013,"[2026100607, 100000, 3, 67]",0.0,False,0.0016128664123689,False,0.0,ok,,0.0354473749757744
ridge_medium,100000,3,,67,4,-0.131623132177013,-0.0713720139813249,,,-0.202995146158338,,1.0,64.0,621.0,1562.5,0.0,,1.0747737409594529,,100000.0,,1.0,67.0,2026100607.0,-0.131623132177013,"[2026100607, 100000, 3, 67]",0.0,False,0.0050939643797504,False,0.0,ok,,0.0339009590097703
ridge_medium,100000,3,,67,5,-0.131623132177013,-0.1090205137264015,,,-0.2406436459034145,,1.0,125.0,360.0,800.0,0.0,,1.1039965479414926,,100000.0,,1.0,67.0,2026100607.0,-0.131623132177013,"[2026100607, 100000, 3, 67]",0.0,False,0.0118854724131684,False,0.0,ok,,0.031649041979108
ridge_medium,100000,3,,67,6,-0.131623132177013,-0.146788442360058,,,-0.2784115745370711,,1.0,216.0,130.0,462.962962962963,0.0,,1.1385547331959878,,100000.0,,1.0,67.0,2026100607.0,-0.131623132177013,"[2026100607, 100000, 3, 67]",0.0,False,0.021546846810492,False,0.0,ok,,0.0338762080064043
ridge_medium,100000,3,,67,7,-0.131623132177013,-0.1906155303429334,,,-0.3222386625199465,,1.0,343.0,91.0,291.5451895043732,0.0,,1.1750098449550483,,100000.0,,1.0,67.0,2026100607.0,-0.131623132177013,"[2026100607, 100000, 3, 67]",0.0,False,0.0363342804079177,False,0.0,ok,,0.0321484999731183
ridge_medium,100000,3,,68,1,-0.131623132177013,0.122269142122963,,,-0.00935399005405,,1.0,1.0,100000.0,100000.0,0.0,,1.0096331617704652,,100000.0,,1.0,68.0,2026100607.0,-0.131623132177013,"[2026100607, 100000, 3, 68]",0.0,False,0.0149497431154853,False,0.0,ok,,0.0377730420441366
ridge_medium,100000,3,,68,2,-0.131623132177013,0.04404621440778,,,-0.087576917769233,,1.0,8.0,8910.0,12500.0,0.0,,1.0267318234239338,,100000.0,,1.0,68.0,2026100607.0,-0.131623132177013,"[2026100607, 100000, 3, 68]",0.0,False,0.0019400690036561,False,0.0,ok,,0.0331290829926729
ridge_medium,100000,3,,68,3,-0.131623132177013,-0.0395037519750288,,,-0.1711268841520419,,1.0,27.0,2741.0,3703.703703703704,0.0,,1.0494788161353723,,100000.0,,1.0,68.0,2026100607.0,-0.131623132177013,"[2026100607, 100000, 3, 68]",0.0,False,0.0015605464201045,False,0.0,ok,,0.0355116660357452
ridge_medium,100000,3,,68,4,-0.131623132177013,-0.0701169498171578,,,-0.2017400819941709,,1.0,64.0,634.0,1562.5,0.0,,1.0757439221842025,,100000.0,,1.0,68.0,2026100607.0,-0.131623132177013,"[2026100607, 100000, 3, 68]",0.0,False,0.0049163866516618,False,0.0,ok,,0.0336378330248408
ridge_medium,100000,3,,68,5,-0.131623132177013,-0.1084991576856018,,,-0.2401222898626149,,1.0,125.0,366.0,800.0,0.0,,1.1054108554013726,,100000.0,,1.0,68.0,2026100607.0,-0.131623132177013,"[2026100607, 100000, 3, 68]",0.0,False,0.011772067218485,False,0.0,ok,,0.0319165419787168
ridge_medium,100000,3,,68,6,-0.131623132177013,-0.1462310860338311,,,-0.2778542182108442,,1.0,216.0,146.0,462.962962962963,0.0,,1.139106205850933,,100000.0,,1.0,68.0,2026100607.0,-0.131623132177013,"[2026100607, 100000, 3, 68]",0.0,False,0.0213835305226337,False,0.0,ok,,0.0339772499864921
ridge_medium,100000,3,,68,7,-0.131623132177013,-0.1883353887766473,,,-0.3199585209536604,,1.0,343.0,98.0,291.5451895043732,0.0,,1.1759797933864833,,100000.0,,1.0,68.0,2026100607.0,-0.131623132177013,"[2026100607, 100000, 3, 68]",0.0,False,0.0354702186656508,False,0.0,ok,,0.0321795000345446
ridge_medium,100000,3,,69,1,-0.131623132177013,0.121986676925374,,,-0.009636455251639,,1.0,1.0,100000.0,100000.0,0.0,,1.0095275408951732,,100000.0,,1.0,69.0,2026100607.0,-0.131623132177013,"[2026100607, 100000, 3, 69]",0.0,False,0.0148807493472955,False,0.0,ok,,0.0341583749977871
ridge_medium,100000,3,,69,2,-0.131623132177013,0.0430869503717079,,,-0.0885361818053051,,1.0,8.0,8875.0,12500.0,0.0,,1.0267212303294122,,100000.0,,1.0,69.0,2026100607.0,-0.131623132177013,"[2026100607, 100000, 3, 69]",0.0,False,0.001856485292334,False,0.0,ok,,0.0327164999907836
ridge_medium,100000,3,,69,3,-0.131623132177013,-0.0396986517264691,,,-0.1713217839034822,,1.0,27.0,2709.0,3703.703703703704,0.0,,1.0491132149302556,,100000.0,,1.0,69.0,2026100607.0,-0.131623132177013,"[2026100607, 100000, 3, 69]",0.0,False,0.0015759829488994,False,0.0,ok,,0.0352578330202959
ridge_medium,100000,3,,69,4,-0.131623132177013,-0.0701057662759213,,,-0.2017288984529344,,1.0,64.0,629.0,1562.5,0.0,,1.0758546001862672,,100000.0,,1.0,69.0,2026100607.0,-0.131623132177013,"[2026100607, 100000, 3, 69]",0.0,False,0.0049148184651341,False,0.0,ok,,0.0329990409663878
ridge_medium,100000,3,,69,5,-0.131623132177013,-0.1089447182081363,,,-0.2405678503851493,,1.0,125.0,356.0,800.0,0.0,,1.105258867457229,,100000.0,,1.0,69.0,2026100607.0,-0.131623132177013,"[2026100607, 100000, 3, 69]",0.0,False,0.0118689516254502,False,0.0,ok,,0.0321069589699618
ridge_medium,100000,3,,69,6,-0.131623132177013,-0.1468284166332746,,,-0.2784515488102876,,1.0,216.0,127.0,462.962962962963,0.0,,1.1388713181545356,,100000.0,,1.0,69.0,2026100607.0,-0.131623132177013,"[2026100607, 100000, 3, 69]",0.0,False,0.0215585839310344,False,0.0,ok,,0.0347909579868428
ridge_medium,100000,3,,69,7,-0.131623132177013,-0.1902521984626125,,,-0.3218753306396256,,1.0,343.0,89.0,291.5451895043732,0.0,,1.1749629842152272,,100000.0,,1.0,69.0,2026100607.0,-0.131623132177013,"[2026100607, 100000, 3, 69]",0.0,False,0.0361958990198573,False,0.0,ok,,0.0324445000151172
ridge_medium,100000,3,,70,1,-0.131623132177013,0.1223620062650366,,,-0.0092611259119764,,1.0,1.0,100000.0,100000.0,0.0,,1.0095112301834226,,100000.0,,1.0,70.0,2026100607.0,-0.131623132177013,"[2026100607, 100000, 3, 70]",0.0,False,0.0149724605772048,False,0.0,ok,,0.0344973329920321
ridge_medium,100000,3,,70,2,-0.131623132177013,0.0424930614341148,,,-0.0891300707428982,,1.0,8.0,8805.0,12500.0,0.0,,1.0268410409113196,,100000.0,,1.0,70.0,2026100607.0,-0.131623132177013,"[2026100607, 100000, 3, 70]",0.0,False,0.0018056602700434,False,0.0,ok,,0.0313155410112813
ridge_medium,100000,3,,70,3,-0.131623132177013,-0.0427577438510224,,,-0.1743808760280354,,1.0,27.0,2688.0,3703.703703703704,0.0,,1.0489934668716034,,100000.0,,1.0,70.0,2026100607.0,-0.131623132177013,"[2026100607, 100000, 3, 70]",0.0,False,0.0018282246592296,False,0.0,ok,,0.0356016249861568
ridge_medium,100000,3,,70,4,-0.131623132177013,-0.0729447509160926,,,-0.2045678830931057,,1.0,64.0,619.0,1562.5,0.0,,1.0747462557859586,,100000.0,,1.0,70.0,2026100607.0,-0.131623132177013,"[2026100607, 100000, 3, 70]",0.0,False,0.0053209366862107,False,0.0,ok,,0.0331424579489976
ridge_medium,100000,3,,70,5,-0.131623132177013,-0.1111397022864064,,,-0.2427628344634195,,1.0,125.0,343.0,800.0,0.0,,1.1053476497042385,,100000.0,,1.0,70.0,2026100607.0,-0.131623132177013,"[2026100607, 100000, 3, 70]",0.0,False,0.012352033424311,False,0.0,ok,,0.0323254999821074
ridge_medium,100000,3,,70,6,-0.131623132177013,-0.1475025165933759,,,-0.279125648770389,,1.0,216.0,129.0,462.962962962963,0.0,,1.139018733571876,,100000.0,,1.0,70.0,2026100607.0,-0.131623132177013,"[2026100607, 100000, 3, 70]",0.0,False,0.0217569924013791,False,0.0,ok,,0.0347242080024443
ridge_medium,100000,3,,70,7,-0.131623132177013,-0.1917181009384967,,,-0.3233412331155098,,1.0,343.0,87.0,291.5451895043732,0.0,,1.1749409871006269,,100000.0,,1.0,70.0,2026100607.0,-0.131623132177013,"[2026100607, 100000, 3, 70]",0.0,False,0.0367558302274636,False,0.0,ok,,0.032392582972534
ridge_medium,100000,3,,71,1,-0.131623132177013,0.1221977436296754,,,-0.0094253885473376,,1.0,1.0,100000.0,100000.0,0.0,,1.0095491683217064,,100000.0,,1.0,71.0,2026100607.0,-0.131623132177013,"[2026100607, 100000, 3, 71]",0.0,False,0.0149322885481838,False,0.0,ok,,0.0344014579895883
ridge_medium,100000,3,,71,2,-0.131623132177013,0.0426858874711931,,,-0.0889372447058199,,1.0,8.0,8886.0,12500.0,0.0,,1.0266713625675152,,100000.0,,1.0,71.0,2026100607.0,-0.131623132177013,"[2026100607, 100000, 3, 71]",0.0,False,0.0018220849892033,False,0.0,ok,,0.0318819999811239
ridge_medium,100000,3,,71,3,-0.131623132177013,-0.0380773900634157,,,-0.1697005222404288,,1.0,27.0,2699.0,3703.703703703704,0.0,,1.048712097232843,,100000.0,,1.0,71.0,2026100607.0,-0.131623132177013,"[2026100607, 100000, 3, 71]",0.0,False,0.0014498876340415,False,0.0,ok,,0.0354192089871503
ridge_medium,100000,3,,71,4,-0.131623132177013,-0.0705639647632149,,,-0.202187096940228,,1.0,64.0,642.0,1562.5,0.0,,1.0757253598775884,,100000.0,,1.0,71.0,2026100607.0,-0.131623132177013,"[2026100607, 100000, 3, 71]",0.0,False,0.0049792731231042,False,0.0,ok,,0.0333741669892333
ridge_medium,100000,3,,71,5,-0.131623132177013,-0.1076243052627104,,,-0.2392474374397235,,1.0,125.0,364.0,800.0,0.0,,1.1055779828032537,,100000.0,,1.0,71.0,2026100607.0,-0.131623132177013,"[2026100607, 100000, 3, 71]",0.0,False,0.011582991083281,False,0.0,ok,,0.0327150829834863
ridge_medium,100000,3,,71,6,-0.131623132177013,-0.1452298121325487,,,-0.2768529443095618,,1.0,216.0,141.0,462.962962962963,0.0,,1.138931820650841,,100000.0,,1.0,71.0,2026100607.0,-0.131623132177013,"[2026100607, 100000, 3, 71]",0.0,False,0.0210916983320554,False,0.0,ok,,0.0343548330129124
ridge_medium,100000,3,,71,7,-0.131623132177013,-0.1888127415014332,,,-0.3204358736784463,,1.0,343.0,92.0,291.5451895043732,0.0,,1.175455004273143,,100000.0,,1.0,71.0,2026100607.0,-0.131623132177013,"[2026100607, 100000, 3, 71]",0.0,False,0.035650251353287,False,0.0,ok,,0.0326178329996764
ridge_medium,100000,3,,72,1,-0.131623132177013,0.1220726502696012,,,-0.0095504819074118,,1.0,1.0,100000.0,100000.0,0.0,,1.0095394833392244,,100000.0,,1.0,72.0,2026100607.0,-0.131623132177013,"[2026100607, 100000, 3, 72]",0.0,False,0.0149017319438443,False,0.0,ok,,0.0348408329882659
ridge_medium,100000,3,,72,2,-0.131623132177013,0.0448357265325642,,,-0.0867874056444487,,1.0,8.0,8831.0,12500.0,0.0,,1.0270093274277388,,100000.0,,1.0,72.0,2026100607.0,-0.131623132177013,"[2026100607, 100000, 3, 72]",0.0,False,0.0020102423737028,False,0.0,ok,,0.0331252919859252
ridge_medium,100000,3,,72,3,-0.131623132177013,-0.0376352661628703,,,-0.1692583983398834,,1.0,27.0,2697.0,3703.703703703704,0.0,,1.0490770351073733,,100000.0,,1.0,72.0,2026100607.0,-0.131623132177013,"[2026100607, 100000, 3, 72]",0.0,False,0.00141641325915,False,0.0,ok,,0.035569416009821
ridge_medium,100000,3,,72,4,-0.131623132177013,-0.0679118473131563,,,-0.1995349794901693,,1.0,64.0,646.0,1562.5,0.0,,1.0750997975963152,,100000.0,,1.0,72.0,2026100607.0,-0.131623132177013,"[2026100607, 100000, 3, 72]",0.0,False,0.0046120190054854,False,0.0,ok,,0.0328237090143375
ridge_medium,100000,3,,72,5,-0.131623132177013,-0.1052618604737155,,,-0.2368849926507285,,1.0,125.0,358.0,800.0,0.0,,1.105161071870155,,100000.0,,1.0,72.0,2026100607.0,-0.131623132177013,"[2026100607, 100000, 3, 72]",0.0,False,0.0110800592703879,False,0.0,ok,,0.0315226659877225
ridge_medium,100000,3,,72,6,-0.131623132177013,-0.143372743489546,,,-0.2749958756665591,,1.0,216.0,153.0,462.962962962963,0.0,,1.1382484585093222,,100000.0,,1.0,72.0,2026100607.0,-0.131623132177013,"[2026100607, 100000, 3, 72]",0.0,False,0.0205557435757191,False,0.0,ok,,0.0336321249487809
ridge_medium,100000,3,,72,7,-0.131623132177013,-0.187190948610724,,,-0.3188140807877371,,1.0,343.0,100.0,291.5451895043732,0.0,,1.1754977148391534,,100000.0,,1.0,72.0,2026100607.0,-0.131623132177013,"[2026100607, 100000, 3, 72]",0.0,False,0.0350404512417827,False,0.0,ok,,0.0318037910037674
ridge_medium,100000,3,,73,1,-0.131623132177013,0.1220555382771537,,,-0.0095675938998593,,1.0,1.0,100000.0,100000.0,0.0,,1.009446389184154,,100000.0,,1.0,73.0,2026100607.0,-0.131623132177013,"[2026100607, 100000, 3, 73]",0.0,False,0.0148975544241257,False,0.0,ok,,0.0349092919495888
ridge_medium,100000,3,,73,2,-0.131623132177013,0.0431645408433426,,,-0.0884585913336704,,1.0,8.0,8791.0,12500.0,0.0,,1.026337103027743,,100000.0,,1.0,73.0,2026100607.0,-0.131623132177013,"[2026100607, 100000, 3, 73]",0.0,False,0.0018631775862165,False,0.0,ok,,0.031977291975636
ridge_medium,100000,3,,73,3,-0.131623132177013,-0.0404745501259083,,,-0.1720976823029214,,1.0,27.0,2730.0,3703.703703703704,0.0,,1.0489251685655268,,100000.0,,1.0,73.0,2026100607.0,-0.131623132177013,"[2026100607, 100000, 3, 73]",0.0,False,0.0016381892078946,False,0.0,ok,,0.0354534589569084
ridge_medium,100000,3,,73,4,-0.131623132177013,-0.072908461632572,,,-0.2045315938095851,,1.0,64.0,600.0,1562.5,0.0,,1.075065685107988,,100000.0,,1.0,73.0,2026100607.0,-0.131623132177013,"[2026100607, 100000, 3, 73]",0.0,False,0.0053156437776282,False,0.0,ok,,0.0332879580091685
ridge_medium,100000,3,,73,5,-0.131623132177013,-0.1114596545756207,,,-0.2430827867526338,,1.0,125.0,355.0,800.0,0.0,,1.1060579209614378,,100000.0,,1.0,73.0,2026100607.0,-0.131623132177013,"[2026100607, 100000, 3, 73]",0.0,False,0.0124232545981166,False,0.0,ok,,0.0317690829979255
ridge_medium,100000,3,,73,6,-0.131623132177013,-0.1471779331808903,,,-0.2788010653579034,,1.0,216.0,144.0,462.962962962963,0.0,,1.1387552286167648,,100000.0,,1.0,73.0,2026100607.0,-0.131623132177013,"[2026100607, 100000, 3, 73]",0.0,False,0.0216613440153986,False,0.0,ok,,0.034133874985855
ridge_medium,100000,3,,73,7,-0.131623132177013,-0.1933163186250468,,,-0.3249394508020599,,1.0,343.0,91.0,291.5451895043732,0.0,,1.175813790627832,,100000.0,,1.0,73.0,2026100607.0,-0.131623132177013,"[2026100607, 100000, 3, 73]",0.0,False,0.0373711990467406,False,0.0,ok,,0.0321286249672994
ridge_medium,100000,3,,74,1,-0.131623132177013,0.1219299463943775,,,-0.0096931857826355,,1.0,1.0,100000.0,100000.0,0.0,,1.0094118885025984,,100000.0,,1.0,74.0,2026100607.0,-0.131623132177013,"[2026100607, 100000, 3, 74]",0.0,False,0.0148669118277357,False,0.0,ok,,0.0350035420269705
ridge_medium,100000,3,,74,2,-0.131623132177013,0.0435226646269759,,,-0.088100467550037,,1.0,8.0,8838.0,12500.0,0.0,,1.026677837420455,,100000.0,,1.0,74.0,2026100607.0,-0.131623132177013,"[2026100607, 100000, 3, 74]",0.0,False,0.0018942223362322,False,0.0,ok,,0.0323035420151427
ridge_medium,100000,3,,74,3,-0.131623132177013,-0.0387912415471713,,,-0.1704143737241844,,1.0,27.0,2669.0,3703.703703703704,0.0,,1.0488816086443002,,100000.0,,1.0,74.0,2026100607.0,-0.131623132177013,"[2026100607, 100000, 3, 74]",0.0,False,0.0015047604207709,False,0.0,ok,,0.0355381669942289
ridge_medium,100000,3,,74,4,-0.131623132177013,-0.0700168436701774,,,-0.2016399758471905,,1.0,64.0,637.0,1562.5,0.0,,1.074771364683497,,100000.0,,1.0,74.0,2026100607.0,-0.131623132177013,"[2026100607, 100000, 3, 74]",0.0,False,0.004902358397534,False,0.0,ok,,0.0332998750382103
ridge_medium,100000,3,,74,5,-0.131623132177013,-0.1078753808746438,,,-0.2394985130516569,,1.0,125.0,345.0,800.0,0.0,,1.1050837906702646,,100000.0,,1.0,74.0,2026100607.0,-0.131623132177013,"[2026100607, 100000, 3, 74]",0.0,False,0.0116370977988494,False,0.0,ok,,0.0320539170061238
ridge_medium,100000,3,,74,6,-0.131623132177013,-0.1450250270998713,,,-0.2766481592768844,,1.0,216.0,148.0,462.962962962963,0.0,,1.1388487617017646,,100000.0,,1.0,74.0,2026100607.0,-0.131623132177013,"[2026100607, 100000, 3, 74]",0.0,False,0.0210322584853184,False,0.0,ok,,0.0340913329855538
ridge_medium,100000,3,,74,7,-0.131623132177013,-0.1890902263874226,,,-0.3207133585644356,,1.0,343.0,96.0,291.5451895043732,0.0,,1.1756490841848637,,100000.0,,1.0,74.0,2026100607.0,-0.131623132177013,"[2026100607, 100000, 3, 74]",0.0,False,0.0357551137152467,False,0.0,ok,,0.0324259590124711
ridge_medium,100000,3,,75,1,-0.131623132177013,0.122082957474885,,,-0.009540174702128,,1.0,1.0,100000.0,100000.0,0.0,,1.0093779938017944,,100000.0,,1.0,75.0,2026100607.0,-0.131623132177013,"[2026100607, 100000, 3, 75]",0.0,False,0.0149042485058145,False,0.0,ok,,0.0341788750374689
ridge_medium,100000,3,,75,2,-0.131623132177013,0.0441513759128843,,,-0.0874717562641287,,1.0,8.0,8897.0,12500.0,0.0,,1.026677064025939,,100000.0,,1.0,75.0,2026100607.0,-0.131623132177013,"[2026100607, 100000, 3, 75]",0.0,False,0.0019493439950008,False,0.0,ok,,0.0315581249888055
ridge_medium,100000,3,,75,3,-0.131623132177013,-0.0413098906508707,,,-0.1729330228278838,,1.0,27.0,2734.0,3703.703703703704,0.0,,1.0492505475797549,,100000.0,,1.0,75.0,2026100607.0,-0.131623132177013,"[2026100607, 100000, 3, 75]",0.0,False,0.0017065070655869,False,0.0,ok,,0.035410666023381
ridge_medium,100000,3,,75,4,-0.131623132177013,-0.0714479836997793,,,-0.2030711158767924,,1.0,64.0,651.0,1562.5,0.0,,1.0752991012015385,,100000.0,,1.0,75.0,2026100607.0,-0.131623132177013,"[2026100607, 100000, 3, 75]",0.0,False,0.0051048143747639,False,0.0,ok,,0.0328507499652914
ridge_medium,100000,3,,75,5,-0.131623132177013,-0.1099144070832146,,,-0.2415375392602276,,1.0,125.0,365.0,800.0,0.0,,1.105314778260068,,100000.0,,1.0,75.0,2026100607.0,-0.131623132177013,"[2026100607, 100000, 3, 75]",0.0,False,0.0120811768844546,False,0.0,ok,,0.0320699579897336
ridge_medium,100000,3,,75,6,-0.131623132177013,-0.1465883608684383,,,-0.2782114930454514,,1.0,216.0,137.0,462.962962962963,0.0,,1.1388580664238737,,100000.0,,1.0,75.0,2026100607.0,-0.131623132177013,"[2026100607, 100000, 3, 75]",0.0,False,0.0214881475420955,False,0.0,ok,,0.0344747079652734
ridge_medium,100000,3,,75,7,-0.131623132177013,-0.1917356274078558,,,-0.3233587595848688,,1.0,343.0,96.0,291.5451895043732,0.0,,1.1751822793202231,,100000.0,,1.0,75.0,2026100607.0,-0.131623132177013,"[2026100607, 100000, 3, 75]",0.0,False,0.0367625508174841,False,0.0,ok,,0.0325203340034931
ridge_medium,100000,3,,76,1,-0.131623132177013,0.1224153941367897,,,-0.0092077380402233,,1.0,1.0,100000.0,100000.0,0.0,,1.009428128795305,,100000.0,,1.0,76.0,2026100607.0,-0.131623132177013,"[2026100607, 100000, 3, 76]",0.0,False,0.0149855287216655,False,0.0,ok,,0.0342625000048428
ridge_medium,100000,3,,76,2,-0.131623132177013,0.0448053620943331,,,-0.0868177700826799,,1.0,8.0,8893.0,12500.0,0.0,,1.02646986002305,,100000.0,,1.0,76.0,2026100607.0,-0.131623132177013,"[2026100607, 100000, 3, 76]",0.0,False,0.0020075204724043,False,0.0,ok,,0.0316611250163987
ridge_medium,100000,3,,76,3,-0.131623132177013,-0.0386618155993427,,,-0.1702849477763558,,1.0,27.0,2736.0,3703.703703703704,0.0,,1.0486707920286202,,100000.0,,1.0,76.0,2026100607.0,-0.131623132177013,"[2026100607, 100000, 3, 76]",0.0,False,0.0014947359854375,False,0.0,ok,,0.035569250001572
ridge_medium,100000,3,,76,4,-0.131623132177013,-0.0681757007443286,,,-0.1997988329213417,,1.0,64.0,645.0,1562.5,0.0,,1.0749999674579382,,100000.0,,1.0,76.0,2026100607.0,-0.131623132177013,"[2026100607, 100000, 3, 76]",0.0,False,0.0046479261719802,False,0.0,ok,,0.033438250015024
ridge_medium,100000,3,,76,5,-0.131623132177013,-0.1070896963168466,,,-0.2387128284938597,,1.0,125.0,361.0,800.0,0.0,,1.105386585530357,,100000.0,,1.0,76.0,2026100607.0,-0.131623132177013,"[2026100607, 100000, 3, 76]",0.0,False,0.0114682030572344,False,0.0,ok,,0.032248959003482
ridge_medium,100000,3,,76,6,-0.131623132177013,-0.1458641415991446,,,-0.2774872737761577,,1.0,216.0,140.0,462.962962962963,0.0,,1.1385369607377311,,100000.0,,1.0,76.0,2026100607.0,-0.131623132177013,"[2026100607, 100000, 3, 76]",0.0,False,0.0212763478044553,False,0.0,ok,,0.0345104159787297
ridge_medium,100000,3,,76,7,-0.131623132177013,-0.1876891965251515,,,-0.3193123287021646,,1.0,343.0,93.0,291.5451895043732,0.0,,1.1751908182479711,,100000.0,,1.0,76.0,2026100607.0,-0.131623132177013,"[2026100607, 100000, 3, 76]",0.0,False,0.0352272344922569,False,0.0,ok,,0.0324262080248445
ridge_medium,100000,3,,77,1,-0.131623132177013,0.1222992300152674,,,-0.0093239021617456,,1.0,1.0,100000.0,100000.0,0.0,,1.0093018061689178,,100000.0,,1.0,77.0,2026100607.0,-0.131623132177013,"[2026100607, 100000, 3, 77]",0.0,False,0.0149571016623272,False,0.0,ok,,0.0341870420379564
ridge_medium,100000,3,,77,2,-0.131623132177013,0.0439054862257492,,,-0.0877176459512638,,1.0,8.0,8864.0,12500.0,0.0,,1.0261967512522925,,100000.0,,1.0,77.0,2026100607.0,-0.131623132177013,"[2026100607, 100000, 3, 77]",0.0,False,0.0019276917207194,False,0.0,ok,,0.03236004099017
ridge_medium,100000,3,,77,3,-0.131623132177013,-0.0388149147046084,,,-0.1704380468816215,,1.0,27.0,2722.0,3703.703703703704,0.0,,1.0485928255021069,,100000.0,,1.0,77.0,2026100607.0,-0.131623132177013,"[2026100607, 100000, 3, 77]",0.0,False,0.001506597603526,False,0.0,ok,,0.0353665410075336
ridge_medium,100000,3,,77,4,-0.131623132177013,-0.0693010397178135,,,-0.2009241718948266,,1.0,64.0,616.0,1562.5,0.0,,1.074759176935441,,100000.0,,1.0,77.0,2026100607.0,-0.131623132177013,"[2026100607, 100000, 3, 77]",0.0,False,0.0048026341059699,False,0.0,ok,,0.033908249984961
ridge_medium,100000,3,,77,5,-0.131623132177013,-0.1061973124277101,,,-0.2378204446047232,,1.0,125.0,372.0,800.0,0.0,,1.1044141186303071,,100000.0,,1.0,77.0,2026100607.0,-0.131623132177013,"[2026100607, 100000, 3, 77]",0.0,False,0.0112778691668686,False,0.0,ok,,0.0323193750227801
ridge_medium,100000,3,,77,6,-0.131623132177013,-0.1443122688982007,,,-0.2759354010752138,,1.0,216.0,144.0,462.962962962963,0.0,,1.1378865038129682,,100000.0,,1.0,77.0,2026100607.0,-0.131623132177013,"[2026100607, 100000, 3, 77]",0.0,False,0.0208260309545466,False,0.0,ok,,0.0344602499972097
ridge_medium,100000,3,,77,7,-0.131623132177013,-0.1879853021142486,,,-0.3196084342912617,,1.0,343.0,100.0,291.5451895043732,0.0,,1.1748616740037845,,100000.0,,1.0,77.0,2026100607.0,-0.131623132177013,"[2026100607, 100000, 3, 77]",0.0,False,0.0353384738109853,False,0.0,ok,,0.0322498750174418
ridge_medium,100000,3,,78,1,-0.131623132177013,0.1221293457900311,,,-0.0094937863869819,,1.0,1.0,100000.0,100000.0,0.0,,1.0094546640967377,,100000.0,,1.0,78.0,2026100607.0,-0.131623132177013,"[2026100607, 100000, 3, 78]",0.0,False,0.014915577103101,False,0.0,ok,,0.0348244999768212
ridge_medium,100000,3,,78,2,-0.131623132177013,0.0454038743903179,,,-0.0862192577866951,,1.0,8.0,8855.0,12500.0,0.0,,1.0265833355663576,,100000.0,,1.0,78.0,2026100607.0,-0.131623132177013,"[2026100607, 100000, 3, 78]",0.0,False,0.0020615118096517,False,0.0,ok,,0.0320660410216078
ridge_medium,100000,3,,78,3,-0.131623132177013,-0.0386896574245347,,,-0.1703127896015478,,1.0,27.0,2761.0,3703.703703703704,0.0,,1.048399744815122,,100000.0,,1.0,78.0,2026100607.0,-0.131623132177013,"[2026100607, 100000, 3, 78]",0.0,False,0.0014968895916278,False,0.0,ok,,0.03541133395629
ridge_medium,100000,3,,78,4,-0.131623132177013,-0.0693999427244805,,,-0.2010230749014936,,1.0,64.0,629.0,1562.5,0.0,,1.0747327263081758,,100000.0,,1.0,78.0,2026100607.0,-0.131623132177013,"[2026100607, 100000, 3, 78]",0.0,False,0.0048163520501611,False,0.0,ok,,0.0336375419865362
ridge_medium,100000,3,,78,5,-0.131623132177013,-0.1064625717553608,,,-0.2380857039323739,,1.0,125.0,349.0,800.0,0.0,,1.1050932941165683,,100000.0,,1.0,78.0,2026100607.0,-0.131623132177013,"[2026100607, 100000, 3, 78]",0.0,False,0.0113342791847653,False,0.0,ok,,0.0320672909729182
ridge_medium,100000,3,,78,6,-0.131623132177013,-0.1448403205723782,,,-0.2764634527493913,,1.0,216.0,140.0,462.962962962963,0.0,,1.1383330077586216,,100000.0,,1.0,78.0,2026100607.0,-0.131623132177013,"[2026100607, 100000, 3, 78]",0.0,False,0.0209787184635092,False,0.0,ok,,0.0340957919834181
ridge_medium,100000,3,,78,7,-0.131623132177013,-0.1874610077631022,,,-0.3190841399401153,,1.0,343.0,94.0,291.5451895043732,0.0,,1.175166019939945,,100000.0,,1.0,78.0,2026100607.0,-0.131623132177013,"[2026100607, 100000, 3, 78]",0.0,False,0.0351416294315578,False,0.0,ok,,0.0325752499629743
ridge_medium,100000,3,,79,1,-0.131623132177013,0.1218056827492314,,,-0.0098174494277816,,1.0,1.0,100000.0,100000.0,0.0,,1.0095303244875478,,100000.0,,1.0,79.0,2026100607.0,-0.131623132177013,"[2026100607, 100000, 3, 79]",0.0,False,0.0148366243500064,False,0.0,ok,,0.0348551660426892
ridge_medium,100000,3,,79,2,-0.131623132177013,0.0442984123636548,,,-0.0873247198133582,,1.0,8.0,8968.0,12500.0,0.0,,1.0265636143163084,,100000.0,,1.0,79.0,2026100607.0,-0.131623132177013,"[2026100607, 100000, 3, 79]",0.0,False,0.0019623493379404,False,0.0,ok,,0.0319840420270338
ridge_medium,100000,3,,79,3,-0.131623132177013,-0.0371070054950362,,,-0.1687301376720492,,1.0,27.0,2748.0,3703.703703703704,0.0,,1.048742889964572,,100000.0,,1.0,79.0,2026100607.0,-0.131623132177013,"[2026100607, 100000, 3, 79]",0.0,False,0.0013769298568086,False,0.0,ok,,0.0355884579475969
ridge_medium,100000,3,,79,4,-0.131623132177013,-0.0684583783069566,,,-0.2000815104839697,,1.0,64.0,643.0,1562.5,0.0,,1.0750120641991323,,100000.0,,1.0,79.0,2026100607.0,-0.131623132177013,"[2026100607, 100000, 3, 79]",0.0,False,0.0046865495604183,False,0.0,ok,,0.0329169169999659
ridge_medium,100000,3,,79,5,-0.131623132177013,-0.1061825199714474,,,-0.2378056521484605,,1.0,125.0,368.0,800.0,0.0,,1.1048565146059506,,100000.0,,1.0,79.0,2026100607.0,-0.131623132177013,"[2026100607, 100000, 3, 79]",0.0,False,0.0112747275474868,False,0.0,ok,,0.0319473330164328
ridge_medium,100000,3,,79,6,-0.131623132177013,-0.1435464905763247,,,-0.2751696227533378,,1.0,216.0,146.0,462.962962962963,0.0,,1.1382868222232574,,100000.0,,1.0,79.0,2026100607.0,-0.131623132177013,"[2026100607, 100000, 3, 79]",0.0,False,0.0206055949567788,False,0.0,ok,,0.0338918750057928
ridge_medium,100000,3,,79,7,-0.131623132177013,-0.1871974018868568,,,-0.3188205340638699,,1.0,343.0,93.0,291.5451895043732,0.0,,1.175163336714656,,100000.0,,1.0,79.0,2026100607.0,-0.131623132177013,"[2026100607, 100000, 3, 79]",0.0,False,0.0350428672731894,False,0.0,ok,,0.0324170829844661
ridge_medium,100000,3,,80,1,-0.131623132177013,0.1223914760961547,,,-0.0092316560808583,,1.0,1.0,100000.0,100000.0,0.0,,1.0095446275560376,,100000.0,,1.0,80.0,2026100607.0,-0.131623132177013,"[2026100607, 100000, 3, 80]",0.0,False,0.0149796734209956,False,0.0,ok,,0.0351668340153992
ridge_medium,100000,3,,80,2,-0.131623132177013,0.0430854240229282,,,-0.0885377081540847,,1.0,8.0,8756.0,12500.0,0.0,,1.0268149795435166,,100000.0,,1.0,80.0,2026100607.0,-0.131623132177013,"[2026100607, 100000, 3, 80]",0.0,False,0.0018563537632355,False,0.0,ok,,0.0322574590099975
ridge_medium,100000,3,,80,3,-0.131623132177013,-0.0397508267530715,,,-0.1713739589300846,,1.0,27.0,2690.0,3703.703703703704,0.0,,1.0494011626884363,,100000.0,,1.0,80.0,2026100607.0,-0.131623132177013,"[2026100607, 100000, 3, 80]",0.0,False,0.0015801282275527,False,0.0,ok,,0.0356306660105474
ridge_medium,100000,3,,80,4,-0.131623132177013,-0.0694989994213372,,,-0.2011221315983503,,1.0,64.0,634.0,1562.5,0.0,,1.075620862393901,,100000.0,,1.0,80.0,2026100607.0,-0.131623132177013,"[2026100607, 100000, 3, 80]",0.0,False,0.004830110920567,False,0.0,ok,,0.0331562909996137
ridge_medium,100000,3,,80,5,-0.131623132177013,-0.1079312465326184,,,-0.2395543787096315,,1.0,125.0,355.0,800.0,0.0,,1.105447518858246,,100000.0,,1.0,80.0,2026100607.0,-0.131623132177013,"[2026100607, 100000, 3, 80]",0.0,False,0.0116491539780848,False,0.0,ok,,0.031558540998958
ridge_medium,100000,3,,80,6,-0.131623132177013,-0.1478022570834708,,,-0.2794253892604839,,1.0,216.0,140.0,462.962962962963,0.0,,1.13843905849615,,100000.0,,1.0,80.0,2026100607.0,-0.131623132177013,"[2026100607, 100000, 3, 80]",0.0,False,0.0218455071989683,False,0.0,ok,,0.0343655839678831
ridge_medium,100000,3,,80,7,-0.131623132177013,-0.189125762382508,,,-0.3207488945595211,,1.0,343.0,96.0,291.5451895043732,0.0,,1.1739758739951214,,100000.0,,1.0,80.0,2026100607.0,-0.131623132177013,"[2026100607, 100000, 3, 80]",0.0,False,0.0357685539967649,False,0.0,ok,,0.0321608749800361
ridge_medium,100000,3,,81,1,-0.131623132177013,0.121952342103484,,,-0.009670790073529,,1.0,1.0,100000.0,100000.0,0.0,,1.0093404105305173,,100000.0,,1.0,81.0,2026100607.0,-0.131623132177013,"[2026100607, 100000, 3, 81]",0.0,False,0.0148723737445252,False,0.0,ok,,0.0349159169709309
ridge_medium,100000,3,,81,2,-0.131623132177013,0.0435199839783871,,,-0.0881031481986259,,1.0,8.0,8890.0,12500.0,0.0,,1.0266288485800308,,100000.0,,1.0,81.0,2026100607.0,-0.131623132177013,"[2026100607, 100000, 3, 81]",0.0,False,0.001893989005479,False,0.0,ok,,0.0329805419896729
ridge_medium,100000,3,,81,3,-0.131623132177013,-0.0387014182752528,,,-0.1703245504522659,,1.0,27.0,2734.0,3703.703703703704,0.0,,1.0494749200207376,,100000.0,,1.0,81.0,2026100607.0,-0.131623132177013,"[2026100607, 100000, 3, 81]",0.0,False,0.001497799776516,False,0.0,ok,,0.0372994160279631
ridge_medium,100000,3,,81,4,-0.131623132177013,-0.0714932036418637,,,-0.2031163358188768,,1.0,64.0,627.0,1562.5,0.0,,1.0753472993636537,,100000.0,,1.0,81.0,2026100607.0,-0.131623132177013,"[2026100607, 100000, 3, 81]",0.0,False,0.005111278166977,False,0.0,ok,,0.0336226659710519
ridge_medium,100000,3,,81,5,-0.131623132177013,-0.1084445941358313,,,-0.2400677263128444,,1.0,125.0,355.0,800.0,0.0,,1.1044006632844594,,100000.0,,1.0,81.0,2026100607.0,-0.131623132177013,"[2026100607, 100000, 3, 81]",0.0,False,0.0117602299972851,False,0.0,ok,,0.0336385419941507
ridge_medium,100000,3,,81,6,-0.131623132177013,-0.1476192152583875,,,-0.2792423474354006,,1.0,216.0,149.0,462.962962962963,0.0,,1.1385538392805776,,100000.0,,1.0,81.0,2026100607.0,-0.131623132177013,"[2026100607, 100000, 3, 81]",0.0,False,0.0217914327135021,False,0.0,ok,,0.0343205419485457
ridge_medium,100000,3,,81,7,-0.131623132177013,-0.1901954838642867,,,-0.3218186160412998,,1.0,343.0,98.0,291.5451895043732,0.0,,1.1750058991271464,,100000.0,,1.0,81.0,2026100607.0,-0.131623132177013,"[2026100607, 100000, 3, 81]",0.0,False,0.0361743220823701,False,0.0,ok,,0.0324092920054681
ridge_medium,100000,3,,82,1,-0.131623132177013,0.1222110442272812,,,-0.0094120879497318,,1.0,1.0,100000.0,100000.0,0.0,,1.0094917158751255,,100000.0,,1.0,82.0,2026100607.0,-0.131623132177013,"[2026100607, 100000, 3, 82]",0.0,False,0.0149355393311224,False,0.0,ok,,0.0343817920074798
ridge_medium,100000,3,,82,2,-0.131623132177013,0.0423318469750595,,,-0.0892912852019535,,1.0,8.0,8840.0,12500.0,0.0,,1.0269490103082042,,100000.0,,1.0,82.0,2026100607.0,-0.131623132177013,"[2026100607, 100000, 3, 82]",0.0,False,0.0017919852683198,False,0.0,ok,,0.0336201249738223
ridge_medium,100000,3,,82,3,-0.131623132177013,-0.0401066719020482,,,-0.1717298040790613,,1.0,27.0,2755.0,3703.703703703704,0.0,,1.0492454585689286,,100000.0,,1.0,82.0,2026100607.0,-0.131623132177013,"[2026100607, 100000, 3, 82]",0.0,False,0.0016085451310585,False,0.0,ok,,0.0360392500297166
ridge_medium,100000,3,,82,4,-0.131623132177013,-0.0706910689855564,,,-0.2023142011625695,,1.0,64.0,618.0,1562.5,0.0,,1.075158977236668,,100000.0,,1.0,82.0,2026100607.0,-0.131623132177013,"[2026100607, 100000, 3, 82]",0.0,False,0.0049972272343206,False,0.0,ok,,0.0339887909940443
ridge_medium,100000,3,,82,5,-0.131623132177013,-0.1073546899186362,,,-0.2389778220956493,,1.0,125.0,368.0,800.0,0.0,,1.1059481302583372,,100000.0,,1.0,82.0,2026100607.0,-0.131623132177013,"[2026100607, 100000, 3, 82]",0.0,False,0.0115250294475265,False,0.0,ok,,0.0337977909948676
ridge_medium,100000,3,,82,6,-0.131623132177013,-0.1465675630081065,,,-0.2781906951851196,,1.0,216.0,141.0,462.962962962963,0.0,,1.138988792826947,,100000.0,,1.0,82.0,2026100607.0,-0.131623132177013,"[2026100607, 100000, 3, 82]",0.0,False,0.0214820505261352,False,0.0,ok,,0.0345832919701933
ridge_medium,100000,3,,82,7,-0.131623132177013,-0.1890480699366452,,,-0.3206712021136583,,1.0,343.0,94.0,291.5451895043732,0.0,,1.1752240491205344,,100000.0,,1.0,82.0,2026100607.0,-0.131623132177013,"[2026100607, 100000, 3, 82]",0.0,False,0.0357391727467707,False,0.0,ok,,0.0323847500258125
ridge_medium,100000,3,,83,1,-0.131623132177013,0.1219987784606186,,,-0.0096243537163944,,1.0,1.0,100000.0,100000.0,0.0,,1.0094037667147389,,100000.0,,1.0,83.0,2026100607.0,-0.131623132177013,"[2026100607, 100000, 3, 83]",0.0,False,0.0148837019458831,False,0.0,ok,,0.0355583750060759
ridge_medium,100000,3,,83,2,-0.131623132177013,0.041550309625376,,,-0.090072822551637,,1.0,8.0,8860.0,12500.0,0.0,,1.0264988900854584,,100000.0,,1.0,83.0,2026100607.0,-0.131623132177013,"[2026100607, 100000, 3, 83]",0.0,False,0.0017264282299646,False,0.0,ok,,0.0332988750305958
ridge_medium,100000,3,,83,3,-0.131623132177013,-0.0414990405180475,,,-0.1731221726950605,,1.0,27.0,2677.0,3703.703703703704,0.0,,1.0492326821475553,,100000.0,,1.0,83.0,2026100607.0,-0.131623132177013,"[2026100607, 100000, 3, 83]",0.0,False,0.0017221703639185,False,0.0,ok,,0.0356147920247167
ridge_medium,100000,3,,83,4,-0.131623132177013,-0.0736713686252486,,,-0.2052945008022617,,1.0,64.0,613.0,1562.5,0.0,,1.0753422199177247,,100000.0,,1.0,83.0,2026100607.0,-0.131623132177013,"[2026100607, 100000, 3, 83]",0.0,False,0.0054274705551172,False,0.0,ok,,0.0338877909816801
ridge_medium,100000,3,,83,5,-0.131623132177013,-0.1114599437086549,,,-0.243083075885668,,1.0,125.0,360.0,800.0,0.0,,1.1049578121630603,,100000.0,,1.0,83.0,2026100607.0,-0.131623132177013,"[2026100607, 100000, 3, 83]",0.0,False,0.0124233190515365,False,0.0,ok,,0.0329790419782511
ridge_medium,100000,3,,83,6,-0.131623132177013,-0.1472161067972532,,,-0.2788392389742662,,1.0,216.0,151.0,462.962962962963,0.0,,1.138986843305805,,100000.0,,1.0,83.0,2026100607.0,-0.131623132177013,"[2026100607, 100000, 3, 83]",0.0,False,0.0216725821005402,False,0.0,ok,,0.0344909999985247
ridge_medium,100000,3,,83,7,-0.131623132177013,-0.1927991033675755,,,-0.3244222355445886,,1.0,343.0,92.0,291.5451895043732,0.0,,1.175135017533723,,100000.0,,1.0,83.0,2026100607.0,-0.131623132177013,"[2026100607, 100000, 3, 83]",0.0,False,0.0371714942593411,False,0.0,ok,,0.0324505839962512
ridge_medium,100000,3,,84,1,-0.131623132177013,0.1221725775753733,,,-0.0094505546016397,,1.0,1.0,100000.0,100000.0,0.0,,1.0093075977993131,,100000.0,,1.0,84.0,2026100607.0,-0.131623132177013,"[2026100607, 100000, 3, 84]",0.0,False,0.0149261387114106,False,0.0,ok,,0.0350682080024853
ridge_medium,100000,3,,84,2,-0.131623132177013,0.0444269269344501,,,-0.0871962052425629,,1.0,8.0,8846.0,12500.0,0.0,,1.02653469572115,,100000.0,,1.0,84.0,2026100607.0,-0.131623132177013,"[2026100607, 100000, 3, 84]",0.0,False,0.0019737518368389,False,0.0,ok,,0.0304878330207429
ridge_medium,100000,3,,84,3,-0.131623132177013,-0.0387349584575233,,,-0.1703580906345363,,1.0,27.0,2748.0,3703.703703703704,0.0,,1.0493473326286993,,100000.0,,1.0,84.0,2026100607.0,-0.131623132177013,"[2026100607, 100000, 3, 84]",0.0,False,0.001500397006706,False,0.0,ok,,0.0356596250203438
ridge_medium,100000,3,,84,4,-0.131623132177013,-0.0682329685734676,,,-0.1998561007504807,,1.0,64.0,648.0,1562.5,0.0,,1.0748022086798583,,100000.0,,1.0,84.0,2026100607.0,-0.131623132177013,"[2026100607, 100000, 3, 84]",0.0,False,0.0046557380003478,False,0.0,ok,,0.0333574999822303
ridge_medium,100000,3,,84,5,-0.131623132177013,-0.1067731353071062,,,-0.2383962674841193,,1.0,125.0,363.0,800.0,0.0,,1.105624816885945,,100000.0,,1.0,84.0,2026100607.0,-0.131623132177013,"[2026100607, 100000, 3, 84]",0.0,False,0.0114005024233096,False,0.0,ok,,0.0318426250014454
ridge_medium,100000,3,,84,6,-0.131623132177013,-0.1438162605527118,,,-0.2754393927297249,,1.0,216.0,135.0,462.962962962963,0.0,,1.138848538539054,,100000.0,,1.0,84.0,2026100607.0,-0.131623132177013,"[2026100607, 100000, 3, 84]",0.0,False,0.0206831167993655,False,0.0,ok,,0.0342902910197153
ridge_medium,100000,3,,84,7,-0.131623132177013,-0.1874959744986361,,,-0.3191191066756492,,1.0,343.0,99.0,291.5451895043732,0.0,,1.1756373376374505,,100000.0,,1.0,84.0,2026100607.0,-0.131623132177013,"[2026100607, 100000, 3, 84]",0.0,False,0.0351547404531932,False,0.0,ok,,0.0319062499911524
ridge_medium,100000,3,,85,1,-0.131623132177013,0.121932784142422,,,-0.009690348034591,,1.0,1.0,100000.0,100000.0,0.0,,1.0096141759444317,,100000.0,,1.0,85.0,2026100607.0,-0.131623132177013,"[2026100607, 100000, 3, 85]",0.0,False,0.0148676038487224,False,0.0,ok,,0.0348799579660408
ridge_medium,100000,3,,85,2,-0.131623132177013,0.0444975511704659,,,-0.0871255810065471,,1.0,8.0,8877.0,12500.0,0.0,,1.0267886963737902,,100000.0,,1.0,85.0,2026100607.0,-0.131623132177013,"[2026100607, 100000, 3, 85]",0.0,False,0.0019800320601682,False,0.0,ok,,0.0315673329751007
ridge_medium,100000,3,,85,3,-0.131623132177013,-0.0390433438255864,,,-0.1706664760025995,,1.0,27.0,2731.0,3703.703703703704,0.0,,1.0493249971345957,,100000.0,,1.0,85.0,2026100607.0,-0.131623132177013,"[2026100607, 100000, 3, 85]",0.0,False,0.0015243826970829,False,0.0,ok,,0.0351160000427626
ridge_medium,100000,3,,85,4,-0.131623132177013,-0.0691765247596613,,,-0.2007996569366744,,1.0,64.0,640.0,1562.5,0.0,,1.0752377229459953,,100000.0,,1.0,85.0,2026100607.0,-0.131623132177013,"[2026100607, 100000, 3, 85]",0.0,False,0.004785391577824,False,0.0,ok,,0.0334341250127181
ridge_medium,100000,3,,85,5,-0.131623132177013,-0.1069697448030504,,,-0.2385928769800635,,1.0,125.0,367.0,800.0,0.0,,1.105826205096292,,100000.0,,1.0,85.0,2026100607.0,-0.131623132177013,"[2026100607, 100000, 3, 85]",0.0,False,0.0114425263032297,False,0.0,ok,,0.0318360410165041
ridge_medium,100000,3,,85,6,-0.131623132177013,-0.1457076985917946,,,-0.2773308307688077,,1.0,216.0,140.0,462.962962962963,0.0,,1.1382925292858448,,100000.0,,1.0,85.0,2026100607.0,-0.131623132177013,"[2026100607, 100000, 3, 85]",0.0,False,0.0212307334289172,False,0.0,ok,,0.0335378749878145
ridge_medium,100000,3,,85,7,-0.131623132177013,-0.1899442720521408,,,-0.3215674042291539,,1.0,343.0,96.0,291.5451895043732,0.0,,1.1752302913523571,,100000.0,,1.0,85.0,2026100607.0,-0.131623132177013,"[2026100607, 100000, 3, 85]",0.0,False,0.0360788264854176,False,0.0,ok,,0.0323952079634182
ridge_medium,100000,3,,86,1,-0.131623132177013,0.12173545860414,,,-0.0098876735728729,,1.0,1.0,100000.0,100000.0,0.0,,1.0095224062902974,,100000.0,,1.0,86.0,2026100607.0,-0.131623132177013,"[2026100607, 100000, 3, 86]",0.0,False,0.0148195218815603,False,0.0,ok,,0.0347961660008877
ridge_medium,100000,3,,86,2,-0.131623132177013,0.0408854545814637,,,-0.0907376775955493,,1.0,8.0,8851.0,12500.0,0.0,,1.0266862781512618,,100000.0,,1.0,86.0,2026100607.0,-0.131623132177013,"[2026100607, 100000, 3, 86]",0.0,False,0.0016716203963329,False,0.0,ok,,0.0323757500154897
ridge_medium,100000,3,,86,3,-0.131623132177013,-0.0425130019220275,,,-0.1741361340990406,,1.0,27.0,2725.0,3703.703703703704,0.0,,1.0488872950907762,,100000.0,,1.0,86.0,2026100607.0,-0.131623132177013,"[2026100607, 100000, 3, 86]",0.0,False,0.0018073553324223,False,0.0,ok,,0.035295584006235
ridge_medium,100000,3,,86,4,-0.131623132177013,-0.0736034778283961,,,-0.2052266100054092,,1.0,64.0,619.0,1562.5,0.0,,1.0744115318996263,,100000.0,,1.0,86.0,2026100607.0,-0.131623132177013,"[2026100607, 100000, 3, 86]",0.0,False,0.0054174719484352,False,0.0,ok,,0.033009500009939
ridge_medium,100000,3,,86,5,-0.131623132177013,-0.1111613512898877,,,-0.2427844834669008,,1.0,125.0,353.0,800.0,0.0,,1.104797060469121,,100000.0,,1.0,86.0,2026100607.0,-0.131623132177013,"[2026100607, 100000, 3, 86]",0.0,False,0.0123568460205938,False,0.0,ok,,0.0317560829571448
ridge_medium,100000,3,,86,6,-0.131623132177013,-0.1495051210098067,,,-0.2811282531868198,,1.0,216.0,134.0,462.962962962963,0.0,,1.1392047719575027,,100000.0,,1.0,86.0,2026100607.0,-0.131623132177013,"[2026100607, 100000, 3, 86]",0.0,False,0.0223517812081569,False,0.0,ok,,0.0340757499798201
ridge_medium,100000,3,,86,7,-0.131623132177013,-0.193180487227982,,,-0.3248036194049951,,1.0,343.0,94.0,291.5451895043732,0.0,,1.1741490204117735,,100000.0,,1.0,86.0,2026100607.0,-0.131623132177013,"[2026100607, 100000, 3, 86]",0.0,False,0.0373187006456405,False,0.0,ok,,0.0320073329494334
ridge_medium,100000,3,,87,1,-0.131623132177013,0.1221382005093561,,,-0.0094849316676569,,1.0,1.0,100000.0,100000.0,0.0,,1.0094147326700655,,100000.0,,1.0,87.0,2026100607.0,-0.131623132177013,"[2026100607, 100000, 3, 87]",0.0,False,0.0149177400236636,False,0.0,ok,,0.0340414170059375
ridge_medium,100000,3,,87,2,-0.131623132177013,0.0429650609736756,,,-0.0886580712033374,,1.0,8.0,8935.0,12500.0,0.0,,1.0263746128803315,,100000.0,,1.0,87.0,2026100607.0,-0.131623132177013,"[2026100607, 100000, 3, 87]",0.0,False,0.0018459964644716,False,0.0,ok,,0.0318573749973438
ridge_medium,100000,3,,87,3,-0.131623132177013,-0.040508213401268,,,-0.1721313455782811,,1.0,27.0,2713.0,3703.703703703704,0.0,,1.0491947807935602,,100000.0,,1.0,87.0,2026100607.0,-0.131623132177013,"[2026100607, 100000, 3, 87]",0.0,False,0.0016409153529626,False,0.0,ok,,0.0358881669817492
ridge_medium,100000,3,,87,4,-0.131623132177013,-0.0714912631581252,,,-0.2031143953351383,,1.0,64.0,663.0,1562.5,0.0,,1.0747360407645874,,100000.0,,1.0,87.0,2026100607.0,-0.131623132177013,"[2026100607, 100000, 3, 87]",0.0,False,0.0051110007079443,False,0.0,ok,,0.0332292499952018
ridge_medium,100000,3,,87,5,-0.131623132177013,-0.1089874344286268,,,-0.2406105666056398,,1.0,125.0,362.0,800.0,0.0,,1.1060041274989136,,100000.0,,1.0,87.0,2026100607.0,-0.131623132177013,"[2026100607, 100000, 3, 87]",0.0,False,0.0118782608633342,False,0.0,ok,,0.0328237080248072
ridge_medium,100000,3,,87,6,-0.131623132177013,-0.1475148899832949,,,-0.279138022160308,,1.0,216.0,145.0,462.962962962963,0.0,,1.1393434708585843,,100000.0,,1.0,87.0,2026100607.0,-0.131623132177013,"[2026100607, 100000, 3, 87]",0.0,False,0.0217606427667836,False,0.0,ok,,0.0347663749707862
ridge_medium,100000,3,,87,7,-0.131623132177013,-0.1917522386492653,,,-0.3233753708262784,,1.0,343.0,93.0,291.5451895043732,0.0,,1.1754567972626049,,100000.0,,1.0,87.0,2026100607.0,-0.131623132177013,"[2026100607, 100000, 3, 87]",0.0,False,0.0367689210270047,False,0.0,ok,,0.0328639580402523
ridge_medium,100000,3,,88,1,-0.131623132177013,0.1219703603512669,,,-0.0096527718257461,,1.0,1.0,100000.0,100000.0,0.0,,1.009518288118789,,100000.0,,1.0,88.0,2026100607.0,-0.131623132177013,"[2026100607, 100000, 3, 88]",0.0,False,0.0148767688042179,False,0.0,ok,,0.0345048339804634
ridge_medium,100000,3,,88,2,-0.131623132177013,0.0440267761563314,,,-0.0875963560206816,,1.0,8.0,8888.0,12500.0,0.0,,1.0267911857282013,,100000.0,,1.0,88.0,2026100607.0,-0.131623132177013,"[2026100607, 100000, 3, 88]",0.0,False,0.0019383570187197,False,0.0,ok,,0.0320415419992059
ridge_medium,100000,3,,88,3,-0.131623132177013,-0.0399461837154829,,,-0.171569315892496,,1.0,27.0,2706.0,3703.703703703704,0.0,,1.0491525218793072,,100000.0,,1.0,88.0,2026100607.0,-0.131623132177013,"[2026100607, 100000, 3, 88]",0.0,False,0.0015956975934311,False,0.0,ok,,0.0353079159976914
ridge_medium,100000,3,,88,4,-0.131623132177013,-0.0708035492135606,,,-0.2024266813905736,,1.0,64.0,618.0,1562.5,0.0,,1.0748309564452858,,100000.0,,1.0,88.0,2026100607.0,-0.131623132177013,"[2026100607, 100000, 3, 88]",0.0,False,0.005013142581237,False,0.0,ok,,0.0335972500033676
ridge_medium,100000,3,,88,5,-0.131623132177013,-0.1091376655635927,,,-0.2407607977406058,,1.0,125.0,366.0,800.0,0.0,,1.105691380780906,,100000.0,,1.0,88.0,2026100607.0,-0.131623132177013,"[2026100607, 100000, 3, 88]",0.0,False,0.0119110300446706,False,0.0,ok,,0.0330138339777477
ridge_medium,100000,3,,88,6,-0.131623132177013,-0.147930836965251,,,-0.2795539691422641,,1.0,216.0,141.0,462.962962962963,0.0,,1.137803458477144,,100000.0,,1.0,88.0,2026100607.0,-0.131623132177013,"[2026100607, 100000, 3, 88]",0.0,False,0.0218835325252396,False,0.0,ok,,0.03585879097227
ridge_medium,100000,3,,88,7,-0.131623132177013,-0.1895229233470815,,,-0.3211460555240946,,1.0,343.0,97.0,291.5451895043732,0.0,,1.1749216237087003,,100000.0,,1.0,88.0,2026100607.0,-0.131623132177013,"[2026100607, 100000, 3, 88]",0.0,False,0.0359189384740237,False,0.0,ok,,0.0329558330122381
ridge_medium,100000,3,,89,1,-0.131623132177013,0.1223505584613932,,,-0.0092725737156198,,1.0,1.0,100000.0,100000.0,0.0,,1.0093483516311903,,100000.0,,1.0,89.0,2026100607.0,-0.131623132177013,"[2026100607, 100000, 3, 89]",0.0,False,0.0149696591558148,False,0.0,ok,,0.0344038750045001
ridge_medium,100000,3,,89,2,-0.131623132177013,0.0436848178703481,,,-0.0879383143066649,,1.0,8.0,8793.0,12500.0,0.0,,1.026297393711351,,100000.0,,1.0,89.0,2026100607.0,-0.131623132177013,"[2026100607, 100000, 3, 89]",0.0,False,0.0019083633123654,False,0.0,ok,,0.0330714170122519
ridge_medium,100000,3,,89,3,-0.131623132177013,-0.0393246568416711,,,-0.1709477890186842,,1.0,27.0,2723.0,3703.703703703704,0.0,,1.0485985693301558,,100000.0,,1.0,89.0,2026100607.0,-0.131623132177013,"[2026100607, 100000, 3, 89]",0.0,False,0.0015464286357151,False,0.0,ok,,0.0361774999764747
ridge_medium,100000,3,,89,4,-0.131623132177013,-0.070247165744544,,,-0.2018702979215571,,1.0,64.0,655.0,1562.5,0.0,,1.0751839421528882,,100000.0,,1.0,89.0,2026100607.0,-0.131623132177013,"[2026100607, 100000, 3, 89]",0.0,False,0.0049346642951414,False,0.0,ok,,0.0337772500352002
ridge_medium,100000,3,,89,5,-0.131623132177013,-0.1077605869379285,,,-0.2393837191149416,,1.0,125.0,367.0,800.0,0.0,,1.1046570215924263,,100000.0,,1.0,89.0,2026100607.0,-0.131623132177013,"[2026100607, 100000, 3, 89]",0.0,False,0.0116123440972068,False,0.0,ok,,0.0324932920048013
ridge_medium,100000,3,,89,6,-0.131623132177013,-0.1465442906664249,,,-0.278167422843438,,1.0,216.0,145.0,462.962962962963,0.0,,1.1376048961023213,,100000.0,,1.0,89.0,2026100607.0,-0.131623132177013,"[2026100607, 100000, 3, 89]",0.0,False,0.0214752291269256,False,0.0,ok,,0.0357102080015465
ridge_medium,100000,3,,89,7,-0.131623132177013,-0.1894812689393396,,,-0.3211044011163527,,1.0,343.0,90.0,291.5451895043732,0.0,,1.1736703024465327,,100000.0,,1.0,89.0,2026100607.0,-0.131623132177013,"[2026100607, 100000, 3, 89]",0.0,False,0.0359031512788623,False,0.0,ok,,0.0327740420470945
ridge_medium,100000,3,,90,1,-0.131623132177013,0.1219397667762174,,,-0.0096833654007956,,1.0,1.0,100000.0,100000.0,0.0,,1.009655557826848,,100000.0,,1.0,90.0,2026100607.0,-0.131623132177013,"[2026100607, 100000, 3, 90]",0.0,False,0.0148693067214382,False,0.0,ok,,0.0348327920073643
ridge_medium,100000,3,,90,2,-0.131623132177013,0.0428285255191869,,,-0.0887946066578261,,1.0,8.0,8904.0,12500.0,0.0,,1.0268623913149042,,100000.0,,1.0,90.0,2026100607.0,-0.131623132177013,"[2026100607, 100000, 3, 90]",0.0,False,0.0018342825981476,False,0.0,ok,,0.0316551249707117
ridge_medium,100000,3,,90,3,-0.131623132177013,-0.040373269482524,,,-0.171996401659537,,1.0,27.0,2745.0,3703.703703703704,0.0,,1.0485198541174063,,100000.0,,1.0,90.0,2026100607.0,-0.131623132177013,"[2026100607, 100000, 3, 90]",0.0,False,0.0016300008887085,False,0.0,ok,,0.0349413749645464
ridge_medium,100000,3,,90,4,-0.131623132177013,-0.0712698390508694,,,-0.2028929712278825,,1.0,64.0,646.0,1562.5,0.0,,1.0751507515322516,,100000.0,,1.0,90.0,2026100607.0,-0.131623132177013,"[2026100607, 100000, 3, 90]",0.0,False,0.0050793899583368,False,0.0,ok,,0.033159666985739
ridge_medium,100000,3,,90,5,-0.131623132177013,-0.1075151855478484,,,-0.2391383177248615,,1.0,125.0,372.0,800.0,0.0,,1.1056174584297644,,100000.0,,1.0,90.0,2026100607.0,-0.131623132177013,"[2026100607, 100000, 3, 90]",0.0,False,0.0115595151233882,False,0.0,ok,,0.0316847920184955
ridge_medium,100000,3,,90,6,-0.131623132177013,-0.1462405626074755,,,-0.2778636947844886,,1.0,216.0,147.0,462.962962962963,0.0,,1.1375244284692083,,100000.0,,1.0,90.0,2026100607.0,-0.131623132177013,"[2026100607, 100000, 3, 90]",0.0,False,0.0213863021517509,False,0.0,ok,,0.0337680830270983
ridge_medium,100000,3,,90,7,-0.131623132177013,-0.1889093918181637,,,-0.3205325239951768,,1.0,343.0,92.0,291.5451895043732,0.0,,1.1764581797252898,,100000.0,,1.0,90.0,2026100607.0,-0.131623132177013,"[2026100607, 100000, 3, 90]",0.0,False,0.0356867583171085,False,0.0,ok,,0.032116875052452
ridge_medium,100000,3,,91,1,-0.131623132177013,0.1217271754377961,,,-0.0098959567392169,,1.0,1.0,100000.0,100000.0,0.0,,1.0094122283432436,,100000.0,,1.0,91.0,2026100607.0,-0.131623132177013,"[2026100607, 100000, 3, 91]",0.0,False,0.0148175052400639,False,0.0,ok,,0.0344262499711476
ridge_medium,100000,3,,91,2,-0.131623132177013,0.0426017815736119,,,-0.0890213506034011,,1.0,8.0,8890.0,12500.0,0.0,,1.0264973597151084,,100000.0,,1.0,91.0,2026100607.0,-0.131623132177013,"[2026100607, 100000, 3, 91]",0.0,False,0.0018149117932457,False,0.0,ok,,0.0317792919813655
ridge_medium,100000,3,,91,3,-0.131623132177013,-0.0398466854006918,,,-0.1714698175777048,,1.0,27.0,2754.0,3703.703703703704,0.0,,1.048489499032321,,100000.0,,1.0,91.0,2026100607.0,-0.131623132177013,"[2026100607, 100000, 3, 91]",0.0,False,0.0015877583374217,False,0.0,ok,,0.0352367499726824
ridge_medium,100000,3,,91,4,-0.131623132177013,-0.0720677824438046,,,-0.2036909146208177,,1.0,64.0,638.0,1562.5,0.0,,1.0749329206620872,,100000.0,,1.0,91.0,2026100607.0,-0.131623132177013,"[2026100607, 100000, 3, 91]",0.0,False,0.0051937652663675,False,0.0,ok,,0.0331362499855458
ridge_medium,100000,3,,91,5,-0.131623132177013,-0.1084785482036078,,,-0.2401016803806209,,1.0,125.0,356.0,800.0,0.0,,1.1053497939712635,,100000.0,,1.0,91.0,2026100607.0,-0.131623132177013,"[2026100607, 100000, 3, 91]",0.0,False,0.0117675954203624,False,0.0,ok,,0.0318439999828115
ridge_medium,100000,3,,91,6,-0.131623132177013,-0.1470904999106953,,,-0.2787136320877084,,1.0,216.0,132.0,462.962962962963,0.0,,1.1384428794140151,,100000.0,,1.0,91.0,2026100607.0,-0.131623132177013,"[2026100607, 100000, 3, 91]",0.0,False,0.0216356151639782,False,0.0,ok,,0.0339531669742427
ridge_medium,100000,3,,91,7,-0.131623132177013,-0.1910609348204824,,,-0.3226840669974954,,1.0,343.0,85.0,291.5451895043732,0.0,,1.1741505297617816,,100000.0,,1.0,91.0,2026100607.0,-0.131623132177013,"[2026100607, 100000, 3, 91]",0.0,False,0.0365042808144766,False,0.0,ok,,0.0322307919850572
ridge_medium,100000,3,,92,1,-0.131623132177013,0.1222108998895279,,,-0.0094122322874851,,1.0,1.0,100000.0,100000.0,0.0,,1.0095811681760842,,100000.0,,1.0,92.0,2026100607.0,-0.131623132177013,"[2026100607, 100000, 3, 92]",0.0,False,0.0149355040518082,False,0.0,ok,,0.0344854170107282
ridge_medium,100000,3,,92,2,-0.131623132177013,0.0441247659864198,,,-0.0874983661905932,,1.0,8.0,8890.0,12500.0,0.0,,1.0269841458918625,,100000.0,,1.0,92.0,2026100607.0,-0.131623132177013,"[2026100607, 100000, 3, 92]",0.0,False,0.0019469949733563,False,0.0,ok,,0.0317844580276869
ridge_medium,100000,3,,92,3,-0.131623132177013,-0.0389885773780165,,,-0.1706117095550296,,1.0,27.0,2756.0,3703.703703703704,0.0,,1.0497996726725487,,100000.0,,1.0,92.0,2026100607.0,-0.131623132177013,"[2026100607, 100000, 3, 92]",0.0,False,0.0015201091659615,False,0.0,ok,,0.0357564159785397
ridge_medium,100000,3,,92,4,-0.131623132177013,-0.0682684483253819,,,-0.199891580502395,,1.0,64.0,627.0,1562.5,0.0,,1.0752627008603897,,100000.0,,1.0,92.0,2026100607.0,-0.131623132177013,"[2026100607, 100000, 3, 92]",0.0,False,0.0046605810367553,False,0.0,ok,,0.0331917920266278
ridge_medium,100000,3,,92,5,-0.131623132177013,-0.1084686555593591,,,-0.2400917877363722,,1.0,125.0,368.0,800.0,0.0,,1.105132217270009,,100000.0,,1.0,92.0,2026100607.0,-0.131623132177013,"[2026100607, 100000, 3, 92]",0.0,False,0.0117654492388548,False,0.0,ok,,0.0316730839549563
ridge_medium,100000,3,,92,6,-0.131623132177013,-0.1458908306541181,,,-0.2775139628311312,,1.0,216.0,150.0,462.962962962963,0.0,,1.1391734474239394,,100000.0,,1.0,92.0,2026100607.0,-0.131623132177013,"[2026100607, 100000, 3, 92]",0.0,False,0.0212841344689485,False,0.0,ok,,0.0341290420037694
ridge_medium,100000,3,,92,7,-0.131623132177013,-0.1893764824112111,,,-0.3209996145882242,,1.0,343.0,89.0,291.5451895043732,0.0,,1.1751054452638097,,100000.0,,1.0,92.0,2026100607.0,-0.131623132177013,"[2026100607, 100000, 3, 92]",0.0,False,0.0358634520904437,False,0.0,ok,,0.032140250026714
ridge_medium,100000,3,,93,1,-0.131623132177013,0.1216878794979394,,,-0.0099352526790735,,1.0,1.0,100000.0,100000.0,0.0,,1.0095384296900043,,100000.0,,1.0,93.0,2026100607.0,-0.131623132177013,"[2026100607, 100000, 3, 93]",0.0,False,0.014807940016705,False,0.0,ok,,0.0344219170510768
ridge_medium,100000,3,,93,2,-0.131623132177013,0.043805971093769,,,-0.087817161083244,,1.0,8.0,8899.0,12500.0,0.0,,1.0266184989517757,,100000.0,,1.0,93.0,2026100607.0,-0.131623132177013,"[2026100607, 100000, 3, 93]",0.0,False,0.0019189631034681,False,0.0,ok,,0.0326585829607211
ridge_medium,100000,3,,93,3,-0.131623132177013,-0.0416396189853207,,,-0.1732627511623338,,1.0,27.0,2691.0,3703.703703703704,0.0,,1.0485884533405374,,100000.0,,1.0,93.0,2026100607.0,-0.131623132177013,"[2026100607, 100000, 3, 93]",0.0,False,0.0017338578692426,False,0.0,ok,,0.0360667079803533
ridge_medium,100000,3,,93,4,-0.131623132177013,-0.0718898237900938,,,-0.2035129559671069,,1.0,64.0,644.0,1562.5,0.0,,1.0747736537480783,,100000.0,,1.0,93.0,2026100607.0,-0.131623132177013,"[2026100607, 100000, 3, 93]",0.0,False,0.0051681467645707,False,0.0,ok,,0.0341394169954583
ridge_medium,100000,3,,93,5,-0.131623132177013,-0.1093365039152914,,,-0.2409596360923045,,1.0,125.0,355.0,800.0,0.0,,1.1051131730943458,,100000.0,,1.0,93.0,2026100607.0,-0.131623132177013,"[2026100607, 100000, 3, 93]",0.0,False,0.0119544710884185,False,0.0,ok,,0.0322345419554039
ridge_medium,100000,3,,93,6,-0.131623132177013,-0.1471416274662645,,,-0.2787647596432775,,1.0,216.0,135.0,462.962962962963,0.0,,1.1377820564900385,,100000.0,,1.0,93.0,2026100607.0,-0.131623132177013,"[2026100607, 100000, 3, 93]",0.0,False,0.0216506585334209,False,0.0,ok,,0.0347491669817827
ridge_medium,100000,3,,93,7,-0.131623132177013,-0.1911792338540275,,,-0.3228023660310405,,1.0,343.0,91.0,291.5451895043732,0.0,,1.1752175049654705,,100000.0,,1.0,93.0,2026100607.0,-0.131623132177013,"[2026100607, 100000, 3, 93]",0.0,False,0.0365494994570129,False,0.0,ok,,0.0325380840222351
ridge_medium,100000,3,,94,1,-0.131623132177013,0.122155261146464,,,-0.009467871030549,,1.0,1.0,100000.0,100000.0,0.0,,1.009567883099479,,100000.0,,1.0,94.0,2026100607.0,-0.131623132177013,"[2026100607, 100000, 3, 94]",0.0,False,0.0149219078257608,False,0.0,ok,,0.0345602079760283
ridge_medium,100000,3,,94,2,-0.131623132177013,0.0421261269098041,,,-0.0894970052672089,,1.0,8.0,8807.0,12500.0,0.0,,1.026784495654006,,100000.0,,1.0,94.0,2026100607.0,-0.131623132177013,"[2026100607, 100000, 3, 94]",0.0,False,0.0017746105684209,False,0.0,ok,,0.0315704580279998
ridge_medium,100000,3,,94,3,-0.131623132177013,-0.042445652695293,,,-0.1740687848723061,,1.0,27.0,2707.0,3703.703703703704,0.0,,1.0486459161740476,,100000.0,,1.0,94.0,2026100607.0,-0.131623132177013,"[2026100607, 100000, 3, 94]",0.0,False,0.0018016334327294,False,0.0,ok,,0.0364952079835347
ridge_medium,100000,3,,94,4,-0.131623132177013,-0.0738258780294061,,,-0.2054490102064192,,1.0,64.0,604.0,1562.5,0.0,,1.075148164946315,,100000.0,,1.0,94.0,2026100607.0,-0.131623132177013,"[2026100607, 100000, 3, 94]",0.0,False,0.0054502602668127,False,0.0,ok,,0.0337600419879891
ridge_medium,100000,3,,94,5,-0.131623132177013,-0.1115110564283415,,,-0.2431341886053545,,1.0,125.0,357.0,800.0,0.0,,1.1052017187084529,,100000.0,,1.0,94.0,2026100607.0,-0.131623132177013,"[2026100607, 100000, 3, 94]",0.0,False,0.0124347157057647,False,0.0,ok,,0.0324764580000191
ridge_medium,100000,3,,94,6,-0.131623132177013,-0.1492953350995931,,,-0.2809184672766062,,1.0,216.0,133.0,462.962962962963,0.0,,1.1381601858759949,,100000.0,,1.0,94.0,2026100607.0,-0.131623132177013,"[2026100607, 100000, 3, 94]",0.0,False,0.0222890970824998,False,0.0,ok,,0.0346939169685356
ridge_medium,100000,3,,94,7,-0.131623132177013,-0.1940614417791481,,,-0.3256845739561612,,1.0,343.0,93.0,291.5451895043732,0.0,,1.1755586204260455,,100000.0,,1.0,94.0,2026100607.0,-0.131623132177013,"[2026100607, 100000, 3, 94]",0.0,False,0.0376598431854017,False,0.0,ok,,0.0330320830107666
ridge_medium,100000,3,,95,1,-0.131623132177013,0.1220305280956148,,,-0.0095926040813982,,1.0,1.0,100000.0,100000.0,0.0,,1.0095391729508658,,100000.0,,1.0,95.0,2026100607.0,-0.131623132177013,"[2026100607, 100000, 3, 95]",0.0,False,0.0148914497872946,False,0.0,ok,,0.0349844999727793
ridge_medium,100000,3,,95,2,-0.131623132177013,0.0415089309626484,,,-0.0901142012143646,,1.0,8.0,8787.0,12500.0,0.0,,1.026306825734068,,100000.0,,1.0,95.0,2026100607.0,-0.131623132177013,"[2026100607, 100000, 3, 95]",0.0,False,0.0017229913496619,False,0.0,ok,,0.0327229590038768
ridge_medium,100000,3,,95,3,-0.131623132177013,-0.0422257195310001,,,-0.1738488517080132,,1.0,27.0,2712.0,3703.703703703704,0.0,,1.0491455422558682,,100000.0,,1.0,95.0,2026100607.0,-0.131623132177013,"[2026100607, 100000, 3, 95]",0.0,False,0.0017830113899106,False,0.0,ok,,0.0368855000124312
ridge_medium,100000,3,,95,4,-0.131623132177013,-0.073771423810638,,,-0.205394555987651,,1.0,64.0,644.0,1562.5,0.0,,1.0753279761294698,,100000.0,,1.0,95.0,2026100607.0,-0.131623132177013,"[2026100607, 100000, 3, 95]",0.0,False,0.0054422229710487,False,0.0,ok,,0.0339542920119129
ridge_medium,100000,3,,95,5,-0.131623132177013,-0.110841520995594,,,-0.242464653172607,,1.0,125.0,339.0,800.0,0.0,,1.104871103489082,,100000.0,,1.0,95.0,2026100607.0,-0.131623132177013,"[2026100607, 100000, 3, 95]",0.0,False,0.0122858427766167,False,0.0,ok,,0.0327240420156158
ridge_medium,100000,3,,95,6,-0.131623132177013,-0.1495489868555075,,,-0.2811721190325206,,1.0,216.0,129.0,462.962962962963,0.0,,1.1379889678812212,,100000.0,,1.0,95.0,2026100607.0,-0.131623132177013,"[2026100607, 100000, 3, 95]",0.0,False,0.0223648994695087,False,0.0,ok,,0.0345726659870706
ridge_medium,100000,3,,95,7,-0.131623132177013,-0.1933380921655427,,,-0.3249612243425558,,1.0,343.0,92.0,291.5451895043732,0.0,,1.1754168674574592,,100000.0,,1.0,95.0,2026100607.0,-0.131623132177013,"[2026100607, 100000, 3, 95]",0.0,False,0.0373796178822119,False,0.0,ok,,0.0335135839995928
ridge_medium,100000,3,,96,1,-0.131623132177013,0.1222531563376368,,,-0.0093699758393762,,1.0,1.0,100000.0,100000.0,0.0,,1.0093151865953838,,100000.0,,1.0,96.0,2026100607.0,-0.131623132177013,"[2026100607, 100000, 3, 96]",0.0,False,0.0149458342345146,False,0.0,ok,,0.0345094170188531
ridge_medium,100000,3,,96,2,-0.131623132177013,0.0424730080043703,,,-0.0891501241726427,,1.0,8.0,8866.0,12500.0,0.0,,1.0269355027062037,,100000.0,,1.0,96.0,2026100607.0,-0.131623132177013,"[2026100607, 100000, 3, 96]",0.0,False,0.0018039564089393,False,0.0,ok,,0.0314578749821521
ridge_medium,100000,3,,96,3,-0.131623132177013,-0.040746481952826,,,-0.1723696141298391,,1.0,27.0,2694.0,3703.703703703704,0.0,,1.049445326641111,,100000.0,,1.0,96.0,2026100607.0,-0.131623132177013,"[2026100607, 100000, 3, 96]",0.0,False,0.0016602757915319,False,0.0,ok,,0.0352618339820764
ridge_medium,100000,3,,96,4,-0.131623132177013,-0.07133835070251,,,-0.2029614828795231,,1.0,64.0,639.0,1562.5,0.0,,1.075654627196095,,100000.0,,1.0,96.0,2026100607.0,-0.131623132177013,"[2026100607, 100000, 3, 96]",0.0,False,0.0050891602809543,False,0.0,ok,,0.0331899999873712
ridge_medium,100000,3,,96,5,-0.131623132177013,-0.1089734785298001,,,-0.2405966107068132,,1.0,125.0,369.0,800.0,0.0,,1.1057893106324883,,100000.0,,1.0,96.0,2026100607.0,-0.131623132177013,"[2026100607, 100000, 3, 96]",0.0,False,0.0118752190228848,False,0.0,ok,,0.031861875031609
ridge_medium,100000,3,,96,6,-0.131623132177013,-0.1473848671651935,,,-0.2790079993422066,,1.0,216.0,145.0,462.962962962963,0.0,,1.1387852204555966,,100000.0,,1.0,96.0,2026100607.0,-0.131623132177013,"[2026100607, 100000, 3, 96]",0.0,False,0.0217222990693017,False,0.0,ok,,0.0343507080106064
ridge_medium,100000,3,,96,7,-0.131623132177013,-0.1907724054404091,,,-0.3223955376174222,,1.0,343.0,97.0,291.5451895043732,0.0,,1.175654658389704,,100000.0,,1.0,96.0,2026100607.0,-0.131623132177013,"[2026100607, 100000, 3, 96]",0.0,False,0.0363941106775198,False,0.0,ok,,0.0320473330211825
ridge_medium,100000,3,,97,1,-0.131623132177013,0.1222218239952719,,,-0.0094013081817411,,1.0,1.0,100000.0,100000.0,0.0,,1.009669602463965,,100000.0,,1.0,97.0,2026100607.0,-0.131623132177013,"[2026100607, 100000, 3, 97]",0.0,False,0.0149381742607312,False,0.0,ok,,0.0343870000215247
ridge_medium,100000,3,,97,2,-0.131623132177013,0.0421508261171839,,,-0.0894723060598291,,1.0,8.0,8753.0,12500.0,0.0,,1.0268341976437847,,100000.0,,1.0,97.0,2026100607.0,-0.131623132177013,"[2026100607, 100000, 3, 97]",0.0,False,0.001776692142361,False,0.0,ok,,0.0313593330211006
ridge_medium,100000,3,,97,3,-0.131623132177013,-0.0405019057938224,,,-0.1721250379708355,,1.0,27.0,2679.0,3703.703703703704,0.0,,1.0496565324687466,,100000.0,,1.0,97.0,2026100607.0,-0.131623132177013,"[2026100607, 100000, 3, 97]",0.0,False,0.0016404043729316,False,0.0,ok,,0.0354933330090716
ridge_medium,100000,3,,97,4,-0.131623132177013,-0.070705286683287,,,-0.2023284188603001,,1.0,64.0,623.0,1562.5,0.0,,1.0754710228935975,,100000.0,,1.0,97.0,2026100607.0,-0.131623132177013,"[2026100607, 100000, 3, 97]",0.0,False,0.0049992375649658,False,0.0,ok,,0.0334313329658471
ridge_medium,100000,3,,97,5,-0.131623132177013,-0.1098411289633246,,,-0.2414642611403376,,1.0,125.0,356.0,800.0,0.0,,1.1056668717106,,100000.0,,1.0,97.0,2026100607.0,-0.131623132177013,"[2026100607, 100000, 3, 97]",0.0,False,0.0120650736119377,False,0.0,ok,,0.0318072919617407
ridge_medium,100000,3,,97,6,-0.131623132177013,-0.1482408568915816,,,-0.2798639890685947,,1.0,216.0,144.0,462.962962962963,0.0,,1.1399128452352782,,100000.0,,1.0,97.0,2026100607.0,-0.131623132177013,"[2026100607, 100000, 3, 97]",0.0,False,0.0219753516519503,False,0.0,ok,,0.0338695829850621
ridge_medium,100000,3,,97,7,-0.131623132177013,-0.1907973943423782,,,-0.3224205265193913,,1.0,343.0,94.0,291.5451895043732,0.0,,1.1753782179223518,,100000.0,,1.0,97.0,2026100607.0,-0.131623132177013,"[2026100607, 100000, 3, 97]",0.0,False,0.0364036456878409,False,0.0,ok,,0.0319563340162858
ridge_medium,100000,3,,98,1,-0.131623132177013,0.1218681891157043,,,-0.0097549430613086,,1.0,1.0,100000.0,100000.0,0.0,,1.00953540248634,,100000.0,,1.0,98.0,2026100607.0,-0.131623132177013,"[2026100607, 100000, 3, 98]",0.0,False,0.014851855518341,False,0.0,ok,,0.034464291005861
ridge_medium,100000,3,,98,2,-0.131623132177013,0.0403482875307159,,,-0.091274844646297,,1.0,8.0,8798.0,12500.0,0.0,,1.0264841593614706,,100000.0,,1.0,98.0,2026100607.0,-0.131623132177013,"[2026100607, 100000, 3, 98]",0.0,False,0.0016279843066613,False,0.0,ok,,0.0315077920095063
ridge_medium,100000,3,,98,3,-0.131623132177013,-0.0434601068134906,,,-0.1750832389905036,,1.0,27.0,2695.0,3703.703703703704,0.0,,1.0491157092778718,,100000.0,,1.0,98.0,2026100607.0,-0.131623132177013,"[2026100607, 100000, 3, 98]",0.0,False,0.00188878088424,False,0.0,ok,,0.0355337500222958
ridge_medium,100000,3,,98,4,-0.131623132177013,-0.0738220514578601,,,-0.2054451836348732,,1.0,64.0,625.0,1562.5,0.0,,1.075350411615328,,100000.0,,1.0,98.0,2026100607.0,-0.131623132177013,"[2026100607, 100000, 3, 98]",0.0,False,0.0054496952814469,False,0.0,ok,,0.0331268750014714
ridge_medium,100000,3,,98,5,-0.131623132177013,-0.112111965227211,,,-0.2437350974042241,,1.0,125.0,352.0,800.0,0.0,,1.105249439234656,,100000.0,,1.0,98.0,2026100607.0,-0.131623132177013,"[2026100607, 100000, 3, 98]",0.0,False,0.0125690927471073,False,0.0,ok,,0.0318043750012293
ridge_medium,100000,3,,98,6,-0.131623132177013,-0.1489103558474638,,,-0.2805334880244769,,1.0,216.0,147.0,462.962962962963,0.0,,1.137918902195753,,100000.0,,1.0,98.0,2026100607.0,-0.131623132177013,"[2026100607, 100000, 3, 98]",0.0,False,0.0221742940786183,False,0.0,ok,,0.0344071660074405
ridge_medium,100000,3,,98,7,-0.131623132177013,-0.1928358011820581,,,-0.3244589333590712,,1.0,343.0,88.0,291.5451895043732,0.0,,1.175132198614213,,100000.0,,1.0,98.0,2026100607.0,-0.131623132177013,"[2026100607, 100000, 3, 98]",0.0,False,0.0371856462175262,False,0.0,ok,,0.032022750005126
ridge_medium,100000,3,,99,1,-0.131623132177013,0.1220334071474832,,,-0.0095897250295298,,1.0,1.0,100000.0,100000.0,0.0,,1.0097339651471509,,100000.0,,1.0,99.0,2026100607.0,-0.131623132177013,"[2026100607, 100000, 3, 99]",0.0,False,0.0148921524600234,False,0.0,ok,,0.0340231250156648
ridge_medium,100000,3,,99,2,-0.131623132177013,0.0452874323043333,,,-0.0863356998726797,,1.0,8.0,8869.0,12500.0,0.0,,1.026431869752354,,100000.0,,1.0,99.0,2026100607.0,-0.131623132177013,"[2026100607, 100000, 3, 99]",0.0,False,0.0020509515247195,False,0.0,ok,,0.0331765830051153
ridge_medium,100000,3,,99,3,-0.131623132177013,-0.0383292665458819,,,-0.169952398722895,,1.0,27.0,2764.0,3703.703703703704,0.0,,1.0493994238240152,,100000.0,,1.0,99.0,2026100607.0,-0.131623132177013,"[2026100607, 100000, 3, 99]",0.0,False,0.0014691326739452,False,0.0,ok,,0.0365395420230925
ridge_medium,100000,3,,99,4,-0.131623132177013,-0.0681464207942884,,,-0.1997695529713015,,1.0,64.0,650.0,1562.5,0.0,,1.0747526184564988,,100000.0,,1.0,99.0,2026100607.0,-0.131623132177013,"[2026100607, 100000, 3, 99]",0.0,False,0.0046439346670722,False,0.0,ok,,0.0337332080234773
ridge_medium,100000,3,,99,5,-0.131623132177013,-0.1076328247783216,,,-0.2392559569553347,,1.0,125.0,361.0,800.0,0.0,,1.104899183730379,,100000.0,,1.0,99.0,2026100607.0,-0.131623132177013,"[2026100607, 100000, 3, 99]",0.0,False,0.0115848249697608,False,0.0,ok,,0.0318712079897522
ridge_medium,100000,3,,99,6,-0.131623132177013,-0.144281159568341,,,-0.2759042917453541,,1.0,216.0,141.0,462.962962962963,0.0,,1.1379221080335562,,100000.0,,1.0,99.0,2026100607.0,-0.131623132177013,"[2026100607, 100000, 3, 99]",0.0,False,0.020817053006385,False,0.0,ok,,0.0346096669672988
ridge_medium,100000,3,,99,7,-0.131623132177013,-0.1877998395554998,,,-0.3194229717325129,,1.0,343.0,94.0,291.5451895043732,0.0,,1.1746810265688643,,100000.0,,1.0,99.0,2026100607.0,-0.131623132177013,"[2026100607, 100000, 3, 99]",0.0,False,0.0352687797370714,False,0.0,ok,,0.0331225839909166
ridge_medium,100000,4,,0,1,-0.131623132177013,0.1186043412970797,,,-0.0130187908799333,,1.0,1.0,100000.0,100000.0,0.0,,1.0123276462139357,,100000.0,,2.0,0.0,2026100607.0,-0.131623132177013,"[2026100607, 100000, 4, 0]",0.0,False,0.0140669897745141,False,0.0,ok,,0.0470425409730523
ridge_medium,100000,4,,0,2,-0.131623132177013,0.0205892164396809,,,-0.1110339157373321,,1.0,16.0,4433.0,6250.0,0.0,,1.0510270473410674,,100000.0,,2.0,0.0,2026100607.0,-0.131623132177013,"[2026100607, 100000, 4, 0]",0.0,False,0.0004239158336,False,0.0,ok,,0.043608125008177
ridge_medium,100000,4,,0,3,-0.131623132177013,-0.1082805132440727,,,-0.2399036454210858,,1.0,81.0,865.0,1234.567901234568,0.0,,1.1156681162348248,,100000.0,,2.0,0.0,2026100607.0,-0.131623132177013,"[2026100607, 100000, 4, 0]",0.0,False,0.0117246695483998,False,0.0,ok,,0.0396182090044021
ridge_medium,100000,4,,0,4,-0.131623132177013,-0.2103918276804778,,,-0.3420149598574909,,1.0,256.0,143.0,390.625,0.0,,1.207717837330018,,100000.0,,2.0,0.0,2026100607.0,-0.131623132177013,"[2026100607, 100000, 4, 0]",0.0,False,0.0442647211547318,False,0.0,ok,,0.0413031249772757
ridge_medium,100000,4,,0,5,-0.131623132177013,-0.3542580097731463,,,-0.4858811419501594,,1.0,625.0,57.0,160.0,0.0,,1.3316481697922589,,100000.0,,2.0,0.0,2026100607.0,-0.131623132177013,"[2026100607, 100000, 4, 0]",0.0,False,0.1254987374884306,False,0.0,ok,,0.0414374170359224
ridge_medium,100000,4,,0,6,-0.131623132177013,-0.5473513521635786,,,-0.6789744843405916,,1.0,1296.0,16.0,77.1604938271605,0.0,,1.4897677413470647,,100000.0,,2.0,0.0,2026100607.0,-0.131623132177013,"[2026100607, 100000, 4, 0]",0.0,False,0.2995935027152978,False,0.0,ok,,0.0416579999728128
ridge_medium,100000,4,,0,7,-0.131623132177013,-0.8025375395378873,,,-0.9341606717149004,,1.0,2401.0,6.0,41.649312786339024,0.0,,1.686703059292381,,100000.0,,2.0,0.0,2026100607.0,-0.131623132177013,"[2026100607, 100000, 4, 0]",0.0,False,0.644066502367526,False,0.0,ok,,0.0446597500122152
ridge_medium,100000,4,,1,1,-0.131623132177013,0.1189136915552825,,,-0.0127094406217305,,1.0,1.0,100000.0,100000.0,0.0,,1.0129250219062529,,100000.0,,2.0,1.0,2026100607.0,-0.131623132177013,"[2026100607, 100000, 4, 1]",0.0,False,0.0141404660393048,False,0.0,ok,,0.0474754170281812
ridge_medium,100000,4,,1,2,-0.131623132177013,0.0203626611088313,,,-0.1112604710681816,,1.0,16.0,4367.0,6250.0,0.0,,1.05132711777815,,100000.0,,2.0,1.0,2026100607.0,-0.131623132177013,"[2026100607, 100000, 4, 1]",0.0,False,0.0004146379674331,False,0.0,ok,,0.0441876249969936
ridge_medium,100000,4,,1,3,-0.131623132177013,-0.1079334835713465,,,-0.2395566157483596,,1.0,81.0,877.0,1234.567901234568,0.0,,1.1161974470691929,,100000.0,,2.0,1.0,2026100607.0,-0.131623132177013,"[2026100607, 100000, 4, 1]",0.0,False,0.0116496368758461,False,0.0,ok,,0.0404182920465245
ridge_medium,100000,4,,1,4,-0.131623132177013,-0.209343697896274,,,-0.3409668300732871,,1.0,256.0,144.0,390.625,0.0,,1.2072678969414925,,100000.0,,2.0,1.0,2026100607.0,-0.131623132177013,"[2026100607, 100000, 4, 1]",0.0,False,0.0438247838488864,False,0.0,ok,,0.0414362919982522
ridge_medium,100000,4,,1,5,-0.131623132177013,-0.3561272392078163,,,-0.4877503713848293,,1.0,625.0,61.0,160.0,0.0,,1.3324896694085944,,100000.0,,2.0,1.0,2026100607.0,-0.131623132177013,"[2026100607, 100000, 4, 1]",0.0,False,0.1268266105057812,False,0.0,ok,,0.041787666035816
ridge_medium,100000,4,,1,6,-0.131623132177013,-0.5449466945038393,,,-0.6765698266808523,,1.0,1296.0,17.0,77.1604938271605,0.0,,1.486526224602795,,100000.0,,2.0,1.0,2026100607.0,-0.131623132177013,"[2026100607, 100000, 4, 1]",0.0,False,0.2969668998506607,False,0.0,ok,,0.0415015000035055
ridge_medium,100000,4,,1,7,-0.131623132177013,-0.8025251228703391,,,-0.934148255047352,,1.0,2401.0,7.0,41.649312786339024,0.0,,1.6832406332760783,,100000.0,,2.0,1.0,2026100607.0,-0.131623132177013,"[2026100607, 100000, 4, 1]",0.0,False,0.6440465728380528,False,0.0,ok,,0.0444980000029318
ridge_medium,100000,4,,2,1,-0.131623132177013,0.1189731382659039,,,-0.0126499939111091,,1.0,1.0,100000.0,100000.0,0.0,,1.012648014914857,,100000.0,,2.0,2.0,2026100607.0,-0.131623132177013,"[2026100607, 100000, 4, 2]",0.0,False,0.0141546076288379,False,0.0,ok,,0.0472226249985396
ridge_medium,100000,4,,2,2,-0.131623132177013,0.018016700069644,,,-0.113606432107369,,1.0,16.0,4383.0,6250.0,0.0,,1.0512521355675133,,100000.0,,2.0,2.0,2026100607.0,-0.131623132177013,"[2026100607, 100000, 4, 2]",0.0,False,0.0003246014813995,False,0.0,ok,,0.0409100410179235
ridge_medium,100000,4,,2,3,-0.131623132177013,-0.10745214623029,,,-0.239075278407303,,1.0,81.0,892.0,1234.567901234568,0.0,,1.116079590618303,,100000.0,,2.0,2.0,2026100607.0,-0.131623132177013,"[2026100607, 100000, 4, 2]",0.0,False,0.0115459637294956,False,0.0,ok,,0.0407260420033708
ridge_medium,100000,4,,2,4,-0.131623132177013,-0.2107066902073801,,,-0.3423298223843932,,1.0,256.0,143.0,390.625,0.0,,1.209036273307491,,100000.0,,2.0,2.0,2026100607.0,-0.131623132177013,"[2026100607, 100000, 4, 2]",0.0,False,0.0443973092981488,False,0.0,ok,,0.0426373340305872
ridge_medium,100000,4,,2,5,-0.131623132177013,-0.3540131459433073,,,-0.4856362781203204,,1.0,625.0,56.0,160.0,0.0,,1.3306859162750448,,100000.0,,2.0,2.0,2026100607.0,-0.131623132177013,"[2026100607, 100000, 4, 2]",0.0,False,0.1253253075006774,False,0.0,ok,,0.0417902499902993
ridge_medium,100000,4,,2,6,-0.131623132177013,-0.5428683785034459,,,-0.674491510680459,,1.0,1296.0,13.0,77.1604938271605,0.0,,1.4874192485975597,,100000.0,,2.0,2.0,2026100607.0,-0.131623132177013,"[2026100607, 100000, 4, 2]",0.0,False,0.2947060763789606,False,0.0,ok,,0.04211308399681
ridge_medium,100000,4,,2,7,-0.131623132177013,-0.7980922486578922,,,-0.9297153808349052,,1.0,2401.0,6.0,41.649312786339024,0.0,,1.6822222770743056,,100000.0,,2.0,2.0,2026100607.0,-0.131623132177013,"[2026100607, 100000, 4, 2]",0.0,False,0.6369512373678108,False,0.0,ok,,0.0460753329680301
ridge_medium,100000,4,,3,1,-0.131623132177013,0.1188325352171092,,,-0.0127905969599038,,1.0,1.0,100000.0,100000.0,0.0,,1.0126679901110125,,100000.0,,2.0,3.0,2026100607.0,-0.131623132177013,"[2026100607, 100000, 4, 3]",0.0,False,0.0141211714261255,False,0.0,ok,,0.0473136249929666
ridge_medium,100000,4,,3,2,-0.131623132177013,0.0200583875449641,,,-0.1115647446320488,,1.0,16.0,4416.0,6250.0,0.0,,1.0509996334001162,,100000.0,,2.0,3.0,2026100607.0,-0.131623132177013,"[2026100607, 100000, 4, 3]",0.0,False,0.0004023389109039,False,0.0,ok,,0.0429629999562166
ridge_medium,100000,4,,3,3,-0.131623132177013,-0.1081486459778082,,,-0.2397717781548213,,1.0,81.0,863.0,1234.567901234568,0.0,,1.116022267218762,,100000.0,,2.0,3.0,2026100607.0,-0.131623132177013,"[2026100607, 100000, 4, 3]",0.0,False,0.0116961296268333,False,0.0,ok,,0.0407890840433537
ridge_medium,100000,4,,3,4,-0.131623132177013,-0.2099927590937484,,,-0.3416158912707615,,1.0,256.0,138.0,390.625,0.0,,1.2096650646530585,,100000.0,,2.0,3.0,2026100607.0,-0.131623132177013,"[2026100607, 100000, 4, 3]",0.0,False,0.044096958871805,False,0.0,ok,,0.0421667919727042
ridge_medium,100000,4,,3,5,-0.131623132177013,-0.3540971967900655,,,-0.4857203289670787,,1.0,625.0,56.0,160.0,0.0,,1.332497620584875,,100000.0,,2.0,3.0,2026100607.0,-0.131623132177013,"[2026100607, 100000, 4, 3]",0.0,False,0.1253848247745824,False,0.0,ok,,0.0423609580029733
ridge_medium,100000,4,,3,6,-0.131623132177013,-0.5462935167740729,,,-0.6779166489510859,,1.0,1296.0,16.0,77.1604938271605,0.0,,1.4907319230348226,,100000.0,,2.0,3.0,2026100607.0,-0.131623132177013,"[2026100607, 100000, 4, 3]",0.0,False,0.2984366064693842,False,0.0,ok,,0.0423275000066496
ridge_medium,100000,4,,3,7,-0.131623132177013,-0.8002457573753671,,,-0.93186888955238,,1.0,2401.0,5.0,41.649312786339024,0.0,,1.6830018785014769,,100000.0,,2.0,3.0,2026100607.0,-0.131623132177013,"[2026100607, 100000, 4, 3]",0.0,False,0.6403932721972748,False,0.0,ok,,0.0452149579650722
ridge_medium,100000,4,,4,1,-0.131623132177013,0.1187911615583346,,,-0.0128319706186784,,1.0,1.0,100000.0,100000.0,0.0,,1.012665306802387,,100000.0,,2.0,4.0,2026100607.0,-0.131623132177013,"[2026100607, 100000, 4, 4]",0.0,False,0.0141113400643783,False,0.0,ok,,0.0479927920387126
ridge_medium,100000,4,,4,2,-0.131623132177013,0.0192787401774853,,,-0.1123443919995277,,1.0,16.0,4337.0,6250.0,0.0,,1.0508638141959308,,100000.0,,2.0,4.0,2026100607.0,-0.131623132177013,"[2026100607, 100000, 4, 4]",0.0,False,0.0003716698228309,False,0.0,ok,,0.0429610410355962
ridge_medium,100000,4,,4,3,-0.131623132177013,-0.1075227524944343,,,-0.2391458846714473,,1.0,81.0,862.0,1234.567901234568,0.0,,1.1162779512615706,,100000.0,,2.0,4.0,2026100607.0,-0.131623132177013,"[2026100607, 100000, 4, 4]",0.0,False,0.0115611423039793,False,0.0,ok,,0.0404654999729245
ridge_medium,100000,4,,4,4,-0.131623132177013,-0.2092671804541455,,,-0.3408903126311586,,1.0,256.0,143.0,390.625,0.0,,1.2079507782807983,,100000.0,,2.0,4.0,2026100607.0,-0.131623132177013,"[2026100607, 100000, 4, 4]",0.0,False,0.0437927528152279,False,0.0,ok,,0.0419788339640945
ridge_medium,100000,4,,4,5,-0.131623132177013,-0.3551112308141207,,,-0.4867343629911338,,1.0,625.0,56.0,160.0,0.0,,1.332895404341942,,100000.0,,2.0,4.0,2026100607.0,-0.131623132177013,"[2026100607, 100000, 4, 4]",0.0,False,0.1261039862503197,False,0.0,ok,,0.0423535410081967
ridge_medium,100000,4,,4,6,-0.131623132177013,-0.5460871246413342,,,-0.6777102568183473,,1.0,1296.0,14.0,77.1604938271605,0.0,,1.4906325744980533,,100000.0,,2.0,4.0,2026100607.0,-0.131623132177013,"[2026100607, 100000, 4, 4]",0.0,False,0.2982111476990401,False,0.0,ok,,0.0421572090126574
ridge_medium,100000,4,,4,7,-0.131623132177013,-0.8004023123506963,,,-0.9320254445277092,,1.0,2401.0,6.0,41.649312786339024,0.0,,1.6835467159274924,,100000.0,,2.0,4.0,2026100607.0,-0.131623132177013,"[2026100607, 100000, 4, 4]",0.0,False,0.6406438616163416,False,0.0,ok,,0.0447643329971469
ridge_medium,100000,4,,5,1,-0.131623132177013,0.11928734741161,,,-0.012335784765403,,1.0,1.0,100000.0,100000.0,0.0,,1.012686768192168,,100000.0,,2.0,5.0,2026100607.0,-0.131623132177013,"[2026100607, 100000, 4, 5]",0.0,False,0.0142294712524981,False,0.0,ok,,0.0485911659779958
ridge_medium,100000,4,,5,2,-0.131623132177013,0.017847173308737,,,-0.113775958868276,,1.0,16.0,4352.0,6250.0,0.0,,1.0507524320566617,,100000.0,,2.0,5.0,2026100607.0,-0.131623132177013,"[2026100607, 100000, 4, 5]",0.0,False,0.000318521595112,False,0.0,ok,,0.0420713330386206
ridge_medium,100000,4,,5,3,-0.131623132177013,-0.1101295854379688,,,-0.2417527176149818,,1.0,81.0,894.0,1234.567901234568,0.0,,1.1149604601465182,,100000.0,,2.0,5.0,2026100607.0,-0.131623132177013,"[2026100607, 100000, 4, 5]",0.0,False,0.0121285255887388,False,0.0,ok,,0.0416965840267948
ridge_medium,100000,4,,5,4,-0.131623132177013,-0.2114237936472718,,,-0.3430469258242848,,1.0,256.0,142.0,390.625,0.0,,1.2082300138189377,,100000.0,,2.0,5.0,2026100607.0,-0.131623132177013,"[2026100607, 100000, 4, 5]",0.0,False,0.0447000205202041,False,0.0,ok,,0.0428920839913189
ridge_medium,100000,4,,5,5,-0.131623132177013,-0.3563939469450776,,,-0.4880170791220907,,1.0,625.0,61.0,160.0,0.0,,1.331401884240312,,100000.0,,2.0,5.0,2026100607.0,-0.131623132177013,"[2026100607, 100000, 4, 5]",0.0,False,0.1270166454190908,False,0.0,ok,,0.0421012919978238
ridge_medium,100000,4,,5,6,-0.131623132177013,-0.5443836349915918,,,-0.6760067671686049,,1.0,1296.0,16.0,77.1604938271605,0.0,,1.4891636183370391,,100000.0,,2.0,5.0,2026100607.0,-0.131623132177013,"[2026100607, 100000, 4, 5]",0.0,False,0.2963535420466586,False,0.0,ok,,0.0425305829849094
ridge_medium,100000,4,,5,7,-0.131623132177013,-0.7999085800458242,,,-0.9315317122228371,,1.0,2401.0,5.0,41.649312786339024,0.0,,1.682020403272125,,100000.0,,2.0,5.0,2026100607.0,-0.131623132177013,"[2026100607, 100000, 4, 5]",0.0,False,0.6398537364309268,False,0.0,ok,,0.0445645830477587
ridge_medium,100000,4,,6,1,-0.131623132177013,0.1185891086915407,,,-0.0130340234854723,,1.0,1.0,100000.0,100000.0,0.0,,1.0127170700970467,,100000.0,,2.0,6.0,2026100607.0,-0.131623132177013,"[2026100607, 100000, 4, 6]",0.0,False,0.014063376700254,False,0.0,ok,,0.0484681249945424
ridge_medium,100000,4,,6,2,-0.131623132177013,0.020225531286736,,,-0.111397600890277,,1.0,16.0,4439.0,6250.0,0.0,,1.05081202708996,,100000.0,,2.0,6.0,2026100607.0,-0.131623132177013,"[2026100607, 100000, 4, 6]",0.0,False,0.0004090721158307,False,0.0,ok,,0.0427264579921029
ridge_medium,100000,4,,6,3,-0.131623132177013,-0.1076847938893166,,,-0.2393079260663297,,1.0,81.0,869.0,1234.567901234568,0.0,,1.1161517368004192,,100000.0,,2.0,6.0,2026100607.0,-0.131623132177013,"[2026100607, 100000, 4, 6]",0.0,False,0.0115960148349846,False,0.0,ok,,0.040789833990857
ridge_medium,100000,4,,6,4,-0.131623132177013,-0.2107392225893997,,,-0.3423623547664128,,1.0,256.0,143.0,390.625,0.0,,1.208546578867323,,100000.0,,2.0,6.0,2026100607.0,-0.131623132177013,"[2026100607, 100000, 4, 6]",0.0,False,0.0444110199375845,False,0.0,ok,,0.0417543329531326
ridge_medium,100000,4,,6,5,-0.131623132177013,-0.354936511210673,,,-0.4865596433876861,,1.0,625.0,52.0,160.0,0.0,,1.3310366963501123,,100000.0,,2.0,6.0,2026100607.0,-0.131623132177013,"[2026100607, 100000, 4, 6]",0.0,False,0.1259799269904042,False,0.0,ok,,0.0410433749784715
ridge_medium,100000,4,,6,6,-0.131623132177013,-0.5439870381584048,,,-0.6756101703354178,,1.0,1296.0,18.0,77.1604938271605,0.0,,1.4875337758260807,,100000.0,,2.0,6.0,2026100607.0,-0.131623132177013,"[2026100607, 100000, 4, 6]",0.0,False,0.2959218976843537,False,0.0,ok,,0.0412205000175163
ridge_medium,100000,4,,6,7,-0.131623132177013,-0.8002079014285252,,,-0.9318310336055382,,1.0,2401.0,7.0,41.649312786339024,0.0,,1.683114652063591,,100000.0,,2.0,6.0,2026100607.0,-0.131623132177013,"[2026100607, 100000, 4, 6]",0.0,False,0.6403326855086442,False,0.0,ok,,0.0443990420317277
ridge_medium,100000,4,,7,1,-0.131623132177013,0.1194762829401432,,,-0.0121468492368698,,1.0,1.0,100000.0,100000.0,0.0,,1.0129369571713656,,100000.0,,2.0,7.0,2026100607.0,-0.131623132177013,"[2026100607, 100000, 4, 7]",0.0,False,0.0142745821851931,False,0.0,ok,,0.0486358749913051
ridge_medium,100000,4,,7,2,-0.131623132177013,0.0211112309266739,,,-0.1105119012503391,,1.0,16.0,4379.0,6250.0,0.0,,1.050979519161935,,100000.0,,2.0,7.0,2026100607.0,-0.131623132177013,"[2026100607, 100000, 4, 7]",0.0,False,0.0004456840712393,False,0.0,ok,,0.0437948749749921
ridge_medium,100000,4,,7,3,-0.131623132177013,-0.1061952095065023,,,-0.2378183416835154,,1.0,81.0,867.0,1234.567901234568,0.0,,1.1153598199912214,,100000.0,,2.0,7.0,2026100607.0,-0.131623132177013,"[2026100607, 100000, 4, 7]",0.0,False,0.0112774225221299,False,0.0,ok,,0.0410756249912083
ridge_medium,100000,4,,7,4,-0.131623132177013,-0.2085435137651269,,,-0.3401666459421399,,1.0,256.0,140.0,390.625,0.0,,1.207343395885482,,100000.0,,2.0,7.0,2026100607.0,-0.131623132177013,"[2026100607, 100000, 4, 7]",0.0,False,0.0434903971335056,False,0.0,ok,,0.0423430840019136
ridge_medium,100000,4,,7,5,-0.131623132177013,-0.3532529309478971,,,-0.4848760631249102,,1.0,625.0,57.0,160.0,0.0,,1.3311201810711195,,100000.0,,2.0,7.0,2026100607.0,-0.131623132177013,"[2026100607, 100000, 4, 7]",0.0,False,0.1247876332232797,False,0.0,ok,,0.0419427080196328
ridge_medium,100000,4,,7,6,-0.131623132177013,-0.5462829640364872,,,-0.6779060962135003,,1.0,1296.0,14.0,77.1604938271605,0.0,,1.4893667963358082,,100000.0,,2.0,7.0,2026100607.0,-0.131623132177013,"[2026100607, 100000, 4, 7]",0.0,False,0.29842507679649,False,0.0,ok,,0.0411066660308279
ridge_medium,100000,4,,7,7,-0.131623132177013,-0.7995835609515048,,,-0.931206693128518,,1.0,2401.0,6.0,41.649312786339024,0.0,,1.6841544463264757,,100000.0,,2.0,7.0,2026100607.0,-0.131623132177013,"[2026100607, 100000, 4, 7]",0.0,False,0.6393338709438888,False,0.0,ok,,0.0444668330019339
ridge_medium,100000,4,,8,1,-0.131623132177013,0.1191258176373225,,,-0.0124973145396905,,1.0,1.0,100000.0,100000.0,0.0,,1.012742543911555,,100000.0,,2.0,8.0,2026100607.0,-0.131623132177013,"[2026100607, 100000, 4, 8]",0.0,False,0.0141909604277606,False,0.0,ok,,0.0470419590128585
ridge_medium,100000,4,,8,2,-0.131623132177013,0.0188112605156307,,,-0.1128118716613823,,1.0,16.0,4376.0,6250.0,0.0,,1.0505047493833344,,100000.0,,2.0,8.0,2026100607.0,-0.131623132177013,"[2026100607, 100000, 4, 8]",0.0,False,0.0003538635221869,False,0.0,ok,,0.0415631670039147
ridge_medium,100000,4,,8,3,-0.131623132177013,-0.1084665817670402,,,-0.2400897139440533,,1.0,81.0,867.0,1234.567901234568,0.0,,1.115296573997372,,100000.0,,2.0,8.0,2026100607.0,-0.131623132177013,"[2026100607, 100000, 4, 8]",0.0,False,0.011764999360226,False,0.0,ok,,0.0411438339506275
ridge_medium,100000,4,,8,4,-0.131623132177013,-0.2093230977263106,,,-0.3409462299033237,,1.0,256.0,142.0,390.625,0.0,,1.2073404340220473,,100000.0,,2.0,8.0,2026100607.0,-0.131623132177013,"[2026100607, 100000, 4, 8]",0.0,False,0.0438161592417385,False,0.0,ok,,0.0426657500211149
ridge_medium,100000,4,,8,5,-0.131623132177013,-0.3553231579832134,,,-0.4869462901602265,,1.0,625.0,59.0,160.0,0.0,,1.3330213860408455,,100000.0,,2.0,8.0,2026100607.0,-0.131623132177013,"[2026100607, 100000, 4, 8]",0.0,False,0.1262545465991636,False,0.0,ok,,0.0412133329664357
ridge_medium,100000,4,,8,6,-0.131623132177013,-0.5460115768880719,,,-0.6776347090650849,,1.0,1296.0,14.0,77.1604938271605,0.0,,1.4876945582393395,,100000.0,,2.0,8.0,2026100607.0,-0.131623132177013,"[2026100607, 100000, 4, 8]",0.0,False,0.2981286420957988,False,0.0,ok,,0.0440985829918645
ridge_medium,100000,4,,8,7,-0.131623132177013,-0.7992862469945641,,,-0.9309093791715772,,1.0,2401.0,7.0,41.649312786339024,0.0,,1.6851580075448194,,100000.0,,2.0,8.0,2026100607.0,-0.131623132177013,"[2026100607, 100000, 4, 8]",0.0,False,0.6388585046346553,False,0.0,ok,,0.0464038749923929
ridge_medium,100000,4,,9,1,-0.131623132177013,0.1187701353284335,,,-0.0128529968485795,,1.0,1.0,100000.0,100000.0,0.0,,1.0125566043714018,,100000.0,,2.0,9.0,2026100607.0,-0.131623132177013,"[2026100607, 100000, 4, 9]",0.0,False,0.0141063450459344,False,0.0,ok,,0.0472280000103637
ridge_medium,100000,4,,9,2,-0.131623132177013,0.0206237855179906,,,-0.1109993466590224,,1.0,16.0,4423.0,6250.0,0.0,,1.050895843002529,,100000.0,,2.0,9.0,2026100607.0,-0.131623132177013,"[2026100607, 100000, 4, 9]",0.0,False,0.000425340529092,False,0.0,ok,,0.0438317919615656
ridge_medium,100000,4,,9,3,-0.131623132177013,-0.1045929286055185,,,-0.2362160607825315,,1.0,81.0,867.0,1234.567901234568,0.0,,1.116133485192046,,100000.0,,2.0,9.0,2026100607.0,-0.131623132177013,"[2026100607, 100000, 4, 9]",0.0,False,0.010939680714279,False,0.0,ok,,0.0408797499840147
ridge_medium,100000,4,,9,4,-0.131623132177013,-0.2054720986931488,,,-0.3370952308701619,,1.0,256.0,147.0,390.625,0.0,,1.2080040834848491,,100000.0,,2.0,9.0,2026100607.0,-0.131623132177013,"[2026100607, 100000, 4, 9]",0.0,False,0.0422187833413671,False,0.0,ok,,0.0437773750163614
ridge_medium,100000,4,,9,5,-0.131623132177013,-0.3517910756576823,,,-0.4834142078346954,,1.0,625.0,62.0,160.0,0.0,,1.3306929160627412,,100000.0,,2.0,9.0,2026100607.0,-0.131623132177013,"[2026100607, 100000, 4, 9]",0.0,False,0.1237569609123891,False,0.0,ok,,0.0418446669937111
ridge_medium,100000,4,,9,6,-0.131623132177013,-0.5418736845833423,,,-0.6734968167603553,,1.0,1296.0,14.0,77.1604938271605,0.0,,1.4875002563280093,,100000.0,,2.0,9.0,2026100607.0,-0.131623132177013,"[2026100607, 100000, 4, 9]",0.0,False,0.2936270900439275,False,0.0,ok,,0.0423729169997386
ridge_medium,100000,4,,9,7,-0.131623132177013,-0.7950792830295182,,,-0.9267024152065312,,1.0,2401.0,6.0,41.649312786339024,0.0,,1.6817216679274851,,100000.0,,2.0,9.0,2026100607.0,-0.131623132177013,"[2026100607, 100000, 4, 9]",0.0,False,0.6321510663027328,False,0.0,ok,,0.0443244579946622
ridge_medium,100000,4,,10,1,-0.131623132177013,0.1189535786161938,,,-0.0126695535608191,,1.0,1.0,100000.0,100000.0,0.0,,1.0126913785755427,,100000.0,,2.0,10.0,2026100607.0,-0.131623132177013,"[2026100607, 100000, 4, 10]",0.0,False,0.014149953865599,False,0.0,ok,,0.0488077919580973
ridge_medium,100000,4,,10,2,-0.131623132177013,0.0208142007871362,,,-0.1108089313898768,,1.0,16.0,4454.0,6250.0,0.0,,1.050617654582609,,100000.0,,2.0,10.0,2026100607.0,-0.131623132177013,"[2026100607, 100000, 4, 10]",0.0,False,0.0004332309544072,False,0.0,ok,,0.0443192920065484
ridge_medium,100000,4,,10,3,-0.131623132177013,-0.1055951032234868,,,-0.2372182354004999,,1.0,81.0,879.0,1234.567901234568,0.0,,1.1153189458355504,,100000.0,,2.0,10.0,2026100607.0,-0.131623132177013,"[2026100607, 100000, 4, 10]",0.0,False,0.0111503258247788,False,0.0,ok,,0.0409815000020898
ridge_medium,100000,4,,10,4,-0.131623132177013,-0.2078718628261444,,,-0.3394949950031575,,1.0,256.0,141.0,390.625,0.0,,1.2091832860460194,,100000.0,,2.0,10.0,2026100607.0,-0.131623132177013,"[2026100607, 100000, 4, 10]",0.0,False,0.0432107113548114,False,0.0,ok,,0.0427828750107437
ridge_medium,100000,4,,10,5,-0.131623132177013,-0.3547664708432726,,,-0.4863896030202856,,1.0,625.0,58.0,160.0,0.0,,1.3313418361115448,,100000.0,,2.0,10.0,2026100607.0,-0.131623132177013,"[2026100607, 100000, 4, 10]",0.0,False,0.1258592488345906,False,0.0,ok,,0.042841957998462
ridge_medium,100000,4,,10,6,-0.131623132177013,-0.5427032519695366,,,-0.6743263841465497,,1.0,1296.0,12.0,77.1604938271605,0.0,,1.4891370864966926,,100000.0,,2.0,10.0,2026100607.0,-0.131623132177013,"[2026100607, 100000, 4, 10]",0.0,False,0.2945268196983103,False,0.0,ok,,0.0418064999976195
ridge_medium,100000,4,,10,7,-0.131623132177013,-0.8000594602637844,,,-0.9316825924407974,,1.0,2401.0,6.0,41.649312786339024,0.0,,1.6839402364229352,,100000.0,,2.0,10.0,2026100607.0,-0.131623132177013,"[2026100607, 100000, 4, 10]",0.0,False,0.6400951399575779,False,0.0,ok,,0.044395542005077
ridge_medium,100000,4,,11,1,-0.131623132177013,0.1188163280172117,,,-0.0128068041598013,,1.0,1.0,100000.0,100000.0,0.0,,1.012740309125564,,100000.0,,2.0,11.0,2026100607.0,-0.131623132177013,"[2026100607, 100000, 4, 11]",0.0,False,0.0141173198034936,False,0.0,ok,,0.0479245830210857
ridge_medium,100000,4,,11,2,-0.131623132177013,0.0188215769112481,,,-0.1128015552657648,,1.0,16.0,4324.0,6250.0,0.0,,1.050675471626468,,100000.0,,2.0,11.0,2026100607.0,-0.131623132177013,"[2026100607, 100000, 4, 11]",0.0,False,0.000354251757426,False,0.0,ok,,0.0413062919978983
ridge_medium,100000,4,,11,3,-0.131623132177013,-0.1089203706836579,,,-0.240543502860671,,1.0,81.0,867.0,1234.567901234568,0.0,,1.1149086693506267,,100000.0,,2.0,11.0,2026100607.0,-0.131623132177013,"[2026100607, 100000, 4, 11]",0.0,False,0.0118636471498654,False,0.0,ok,,0.0403617080301046
ridge_medium,100000,4,,11,4,-0.131623132177013,-0.2112118574503707,,,-0.3428349896273838,,1.0,256.0,135.0,390.625,0.0,,1.208143657954474,,100000.0,,2.0,11.0,2026100607.0,-0.131623132177013,"[2026100607, 100000, 4, 11]",0.0,False,0.0446104487276357,False,0.0,ok,,0.0423590420396067
ridge_medium,100000,4,,11,5,-0.131623132177013,-0.3572641894501228,,,-0.4888873216271359,,1.0,625.0,61.0,160.0,0.0,,1.3311622818894555,,100000.0,,2.0,11.0,2026100607.0,-0.131623132177013,"[2026100607, 100000, 4, 11]",0.0,False,0.1276377010634532,False,0.0,ok,,0.0422252920106984
ridge_medium,100000,4,,11,6,-0.131623132177013,-0.5440461286938957,,,-0.6756692608709087,,1.0,1296.0,14.0,77.1604938271605,0.0,,1.4888965786284394,,100000.0,,2.0,11.0,2026100607.0,-0.131623132177013,"[2026100607, 100000, 4, 11]",0.0,False,0.2959861901468149,False,0.0,ok,,0.042638957966119
ridge_medium,100000,4,,11,7,-0.131623132177013,-0.8013075505786342,,,-0.9329306827556472,,1.0,2401.0,5.0,41.649312786339024,0.0,,1.6849188230324197,,100000.0,,2.0,11.0,2026100607.0,-0.131623132177013,"[2026100607, 100000, 4, 11]",0.0,False,0.6420937906143305,False,0.0,ok,,0.0488174159545451
ridge_medium,100000,4,,12,1,-0.131623132177013,0.1190266988222151,,,-0.0125964333547979,,1.0,1.0,100000.0,100000.0,0.0,,1.0126304012339848,,100000.0,,2.0,12.0,2026100607.0,-0.131623132177013,"[2026100607, 100000, 4, 12]",0.0,False,0.0141673550325143,False,0.0,ok,,0.0465282910154201
ridge_medium,100000,4,,12,2,-0.131623132177013,0.0183129027292147,,,-0.1133102294477982,,1.0,16.0,4410.0,6250.0,0.0,,1.0507339527104584,,100000.0,,2.0,12.0,2026100607.0,-0.131623132177013,"[2026100607, 100000, 4, 12]",0.0,False,0.0003353624063696,False,0.0,ok,,0.0429016670095734
ridge_medium,100000,4,,12,3,-0.131623132177013,-0.1082556126419964,,,-0.2398787448190095,,1.0,81.0,848.0,1234.567901234568,0.0,,1.1161463600450945,,100000.0,,2.0,12.0,2026100607.0,-0.131623132177013,"[2026100607, 100000, 4, 12]",0.0,False,0.0117192776684939,False,0.0,ok,,0.0410943750175647
ridge_medium,100000,4,,12,4,-0.131623132177013,-0.2115071063972064,,,-0.3431302385742195,,1.0,256.0,135.0,390.625,0.0,,1.208157529169068,,100000.0,,2.0,12.0,2026100607.0,-0.131623132177013,"[2026100607, 100000, 4, 12]",0.0,False,0.0447352560565192,False,0.0,ok,,0.0418237500125542
ridge_medium,100000,4,,12,5,-0.131623132177013,-0.3559584323131664,,,-0.4875815644901794,,1.0,625.0,59.0,160.0,0.0,,1.33265675892432,,100000.0,,2.0,12.0,2026100607.0,-0.131623132177013,"[2026100607, 100000, 4, 12]",0.0,False,0.126706405534847,False,0.0,ok,,0.0439139170339331
ridge_medium,100000,4,,12,6,-0.131623132177013,-0.546246866182935,,,-0.6778699983599481,,1.0,1296.0,16.0,77.1604938271605,0.0,,1.488919193390008,,100000.0,,2.0,12.0,2026100607.0,-0.131623132177013,"[2026100607, 100000, 4, 12]",0.0,False,0.2983856388146773,False,0.0,ok,,0.0484665840049274
ridge_medium,100000,4,,12,7,-0.131623132177013,-0.8022295537797864,,,-0.9338526859567996,,1.0,2401.0,5.0,41.649312786339024,0.0,,1.6811230426061996,,100000.0,,2.0,12.0,2026100607.0,-0.131623132177013,"[2026100607, 100000, 4, 12]",0.0,False,0.6435722569577152,False,0.0,ok,,0.0539035000256262
ridge_medium,100000,4,,13,1,-0.131623132177013,0.119094812252969,,,-0.0125283199240439,,1.0,1.0,100000.0,100000.0,0.0,,1.0127942145028848,,100000.0,,2.0,13.0,2026100607.0,-0.131623132177013,"[2026100607, 100000, 4, 13]",0.0,False,0.0141835743055699,False,0.0,ok,,0.0475069170352071
ridge_medium,100000,4,,13,2,-0.131623132177013,0.0179609973858375,,,-0.1136621347911755,,1.0,16.0,4300.0,6250.0,0.0,,1.0507604116051747,,100000.0,,2.0,13.0,2026100607.0,-0.131623132177013,"[2026100607, 100000, 4, 13]",0.0,False,0.000322597427094,False,0.0,ok,,0.0425477920216508
ridge_medium,100000,4,,13,3,-0.131623132177013,-0.1086519533710267,,,-0.2402750855480398,,1.0,81.0,890.0,1234.567901234568,0.0,,1.115989326526528,,100000.0,,2.0,13.0,2026100607.0,-0.131623132177013,"[2026100607, 100000, 4, 13]",0.0,False,0.0118052469713397,False,0.0,ok,,0.041747709037736
ridge_medium,100000,4,,13,4,-0.131623132177013,-0.2107613887746403,,,-0.3423845209516534,,1.0,256.0,138.0,390.625,0.0,,1.2092913897169495,,100000.0,,2.0,13.0,2026100607.0,-0.131623132177013,"[2026100607, 100000, 4, 13]",0.0,False,0.0444203629982151,False,0.0,ok,,0.0431145419715903
ridge_medium,100000,4,,13,5,-0.131623132177013,-0.357667805434356,,,-0.4892909376113691,,1.0,625.0,56.0,160.0,0.0,,1.331922733085867,,100000.0,,2.0,13.0,2026100607.0,-0.131623132177013,"[2026100607, 100000, 4, 13]",0.0,False,0.1279262590442283,False,0.0,ok,,0.0439402920310385
ridge_medium,100000,4,,13,6,-0.131623132177013,-0.5483724017671168,,,-0.6799955339441298,,1.0,1296.0,12.0,77.1604938271605,0.0,,1.4872839336018069,,100000.0,,2.0,13.0,2026100607.0,-0.131623132177013,"[2026100607, 100000, 4, 13]",0.0,False,0.3007122910198361,False,0.0,ok,,0.0521554999868385
ridge_medium,100000,4,,13,7,-0.131623132177013,-0.8009401524601373,,,-0.9325632846371504,,1.0,2401.0,4.0,41.649312786339024,0.0,,1.6805477736365964,,100000.0,,2.0,13.0,2026100607.0,-0.131623132177013,"[2026100607, 100000, 4, 13]",0.0,False,0.641505127822868,False,0.0,ok,,0.0502411660272628
ridge_medium,100000,4,,14,1,-0.131623132177013,0.1191604999702996,,,-0.0124626322067134,,1.0,1.0,100000.0,100000.0,0.0,,1.012645136733998,,100000.0,,2.0,14.0,2026100607.0,-0.131623132177013,"[2026100607, 100000, 4, 14]",0.0,False,0.0141992247531717,False,0.0,ok,,0.0589591669850051
ridge_medium,100000,4,,14,2,-0.131623132177013,0.019207413074181,,,-0.112415719102832,,1.0,16.0,4356.0,6250.0,0.0,,1.0511793746957314,,100000.0,,2.0,14.0,2026100607.0,-0.131623132177013,"[2026100607, 100000, 4, 14]",0.0,False,0.0003689247170022,False,0.0,ok,,0.0474589589866809
ridge_medium,100000,4,,14,3,-0.131623132177013,-0.1099850359064433,,,-0.2416081680834564,,1.0,81.0,874.0,1234.567901234568,0.0,,1.1150012316268652,,100000.0,,2.0,14.0,2026100607.0,-0.131623132177013,"[2026100607, 100000, 4, 14]",0.0,False,0.0120967081233416,False,0.0,ok,,0.0458046249696053
ridge_medium,100000,4,,14,4,-0.131623132177013,-0.2125634000533254,,,-0.3441865322303385,,1.0,256.0,135.0,390.625,0.0,,1.206934257607347,,100000.0,,2.0,14.0,2026100607.0,-0.131623132177013,"[2026100607, 100000, 4, 14]",0.0,False,0.04518319904223,False,0.0,ok,,0.0425387499853968
ridge_medium,100000,4,,14,5,-0.131623132177013,-0.3576524034674233,,,-0.4892755356444364,,1.0,625.0,53.0,160.0,0.0,,1.3311549777023632,,100000.0,,2.0,14.0,2026100607.0,-0.131623132177013,"[2026100607, 100000, 4, 14]",0.0,False,0.1279152417060245,False,0.0,ok,,0.0407187909586355
ridge_medium,100000,4,,14,6,-0.131623132177013,-0.5489295342411699,,,-0.6805526664181829,,1.0,1296.0,14.0,77.1604938271605,0.0,,1.4851049798465,,100000.0,,2.0,14.0,2026100607.0,-0.131623132177013,"[2026100607, 100000, 4, 14]",0.0,False,0.3013236335622277,False,0.0,ok,,0.0422358340001665
ridge_medium,100000,4,,14,7,-0.131623132177013,-0.8006960016828693,,,-0.9323191338598824,,1.0,2401.0,7.0,41.649312786339024,0.0,,1.684178036227896,,100000.0,,2.0,14.0,2026100607.0,-0.131623132177013,"[2026100607, 100000, 4, 14]",0.0,False,0.6411140871109333,False,0.0,ok,,0.0440034579951316
ridge_medium,100000,4,,15,1,-0.131623132177013,0.1188535278134399,,,-0.0127696043635731,,1.0,1.0,100000.0,100000.0,0.0,,1.012587566014718,,100000.0,,2.0,15.0,2026100607.0,-0.131623132177013,"[2026100607, 100000, 4, 15]",0.0,False,0.0141261610737001,False,0.0,ok,,0.054531332978513
ridge_medium,100000,4,,15,2,-0.131623132177013,0.0198837396453399,,,-0.1117393925316731,,1.0,16.0,4419.0,6250.0,0.0,,1.0505733376651312,,100000.0,,2.0,15.0,2026100607.0,-0.131623132177013,"[2026100607, 100000, 4, 15]",0.0,False,0.0003953631022836,False,0.0,ok,,0.0429872500244528
ridge_medium,100000,4,,15,3,-0.131623132177013,-0.1066155781590163,,,-0.2382387103360294,,1.0,81.0,866.0,1234.567901234568,0.0,,1.1150680165240583,,100000.0,,2.0,15.0,2026100607.0,-0.131623132177013,"[2026100607, 100000, 4, 15]",0.0,False,0.0113668815061813,False,0.0,ok,,0.0398001249996013
ridge_medium,100000,4,,15,4,-0.131623132177013,-0.2096797702469899,,,-0.3413029024240029,,1.0,256.0,150.0,390.625,0.0,,1.2076749535328235,,100000.0,,2.0,15.0,2026100607.0,-0.131623132177013,"[2026100607, 100000, 4, 15]",0.0,False,0.0439656060508304,False,0.0,ok,,0.0418279169825837
ridge_medium,100000,4,,15,5,-0.131623132177013,-0.3538519436084659,,,-0.485475075785479,,1.0,625.0,57.0,160.0,0.0,,1.3311336558171405,,100000.0,,2.0,15.0,2026100607.0,-0.131623132177013,"[2026100607, 100000, 4, 15]",0.0,False,0.1252111979954889,False,0.0,ok,,0.0403985830489546
ridge_medium,100000,4,,15,6,-0.131623132177013,-0.5426872032232789,,,-0.674310335400292,,1.0,1296.0,12.0,77.1604938271605,0.0,,1.4879576045683365,,100000.0,,2.0,15.0,2026100607.0,-0.131623132177013,"[2026100607, 100000, 4, 15]",0.0,False,0.2945094005423044,False,0.0,ok,,0.0411829579970799
ridge_medium,100000,4,,15,7,-0.131623132177013,-0.802009728404816,,,-0.933632860581829,,1.0,2401.0,4.0,41.649312786339024,0.0,,1.67991462222716,,100000.0,,2.0,15.0,2026100607.0,-0.131623132177013,"[2026100607, 100000, 4, 15]",0.0,False,0.6432196044559667,False,0.0,ok,,0.0442441250197589
ridge_medium,100000,4,,16,1,-0.131623132177013,0.1188521855549824,,,-0.0127709466220306,,1.0,1.0,100000.0,100000.0,0.0,,1.0125476158164606,,100000.0,,2.0,16.0,2026100607.0,-0.131623132177013,"[2026100607, 100000, 4, 16]",0.0,False,0.0141258420111959,False,0.0,ok,,0.0541214169934392
ridge_medium,100000,4,,16,2,-0.131623132177013,0.0190067775390182,,,-0.1126163546379948,,1.0,16.0,4436.0,6250.0,0.0,,1.0506095857597764,,100000.0,,2.0,16.0,2026100607.0,-0.131623132177013,"[2026100607, 100000, 4, 16]",0.0,False,0.0003612575924177,False,0.0,ok,,0.0433002500212751
ridge_medium,100000,4,,16,3,-0.131623132177013,-0.1072402077948331,,,-0.2388633399718462,,1.0,81.0,854.0,1234.567901234568,0.0,,1.1160778632350263,,100000.0,,2.0,16.0,2026100607.0,-0.131623132177013,"[2026100607, 100000, 4, 16]",0.0,False,0.0115004621678789,False,0.0,ok,,0.0398120410391129
ridge_medium,100000,4,,16,4,-0.131623132177013,-0.2076643436120326,,,-0.3392874757890457,,1.0,256.0,138.0,390.625,0.0,,1.207758850073895,,100000.0,,2.0,16.0,2026100607.0,-0.131623132177013,"[2026100607, 100000, 4, 16]",0.0,False,0.0431244796078163,False,0.0,ok,,0.042316666978877
ridge_medium,100000,4,,16,5,-0.131623132177013,-0.3536902501187999,,,-0.485313382295813,,1.0,625.0,55.0,160.0,0.0,,1.3321957966451008,,100000.0,,2.0,16.0,2026100607.0,-0.131623132177013,"[2026100607, 100000, 4, 16]",0.0,False,0.1250967930290992,False,0.0,ok,,0.0412308750092051
ridge_medium,100000,4,,16,6,-0.131623132177013,-0.5465648863886066,,,-0.6781880185656196,,1.0,1296.0,15.0,77.1604938271605,0.0,,1.48954689208424,,100000.0,,2.0,16.0,2026100607.0,-0.131623132177013,"[2026100607, 100000, 4, 16]",0.0,False,0.2987331750329904,False,0.0,ok,,0.0413480830029584
ridge_medium,100000,4,,16,7,-0.131623132177013,-0.7981470547725004,,,-0.9297701869495134,,1.0,2401.0,7.0,41.649312786339024,0.0,,1.6819955324744005,,100000.0,,2.0,16.0,2026100607.0,-0.131623132177013,"[2026100607, 100000, 4, 16]",0.0,False,0.6370387210420166,False,0.0,ok,,0.0441332909977063
ridge_medium,100000,4,,17,1,-0.131623132177013,0.1190463314736093,,,-0.0125768007034037,,1.0,1.0,100000.0,100000.0,0.0,,1.0129458667860285,,100000.0,,2.0,17.0,2026100607.0,-0.131623132177013,"[2026100607, 100000, 4, 17]",0.0,False,0.0141720290373244,False,0.0,ok,,0.0474621250177733
ridge_medium,100000,4,,17,2,-0.131623132177013,0.0188706972241837,,,-0.1127524349528293,,1.0,16.0,4385.0,6250.0,0.0,,1.050868316705481,,100000.0,,2.0,17.0,2026100607.0,-0.131623132177013,"[2026100607, 100000, 4, 17]",0.0,False,0.0003561032137268,False,0.0,ok,,0.0424825000227429
ridge_medium,100000,4,,17,3,-0.131623132177013,-0.1082747540986744,,,-0.2398978862756875,,1.0,81.0,856.0,1234.567901234568,0.0,,1.115650994990685,,100000.0,,2.0,17.0,2026100607.0,-0.131623132177013,"[2026100607, 100000, 4, 17]",0.0,False,0.0117234223751284,False,0.0,ok,,0.040493625041563
ridge_medium,100000,4,,17,4,-0.131623132177013,-0.2122252893618449,,,-0.343848421538858,,1.0,256.0,131.0,390.625,0.0,,1.2071000805982677,,100000.0,,2.0,17.0,2026100607.0,-0.131623132177013,"[2026100607, 100000, 4, 17]",0.0,False,0.0450395734447187,False,0.0,ok,,0.0421616669627837
ridge_medium,100000,4,,17,5,-0.131623132177013,-0.355846029958358,,,-0.487469162135371,,1.0,625.0,54.0,160.0,0.0,,1.3312410032068096,,100000.0,,2.0,17.0,2026100607.0,-0.131623132177013,"[2026100607, 100000, 4, 17]",0.0,False,0.1266263970371246,False,0.0,ok,,0.047475709056016
ridge_medium,100000,4,,17,6,-0.131623132177013,-0.549472714338778,,,-0.681095846515791,,1.0,1296.0,14.0,77.1604938271605,0.0,,1.4864102679008968,,100000.0,,2.0,17.0,2026100607.0,-0.131623132177013,"[2026100607, 100000, 4, 17]",0.0,False,0.3019202638028243,False,0.0,ok,,0.0469268339802511
ridge_medium,100000,4,,17,7,-0.131623132177013,-0.7969343710408604,,,-0.9285575032178734,,1.0,2401.0,6.0,41.649312786339024,0.0,,1.6819506083097688,,100000.0,,2.0,17.0,2026100607.0,-0.131623132177013,"[2026100607, 100000, 4, 17]",0.0,False,0.6351043917462917,False,0.0,ok,,0.0471548329805955
ridge_medium,100000,4,,18,1,-0.131623132177013,0.1191343861406665,,,-0.0124887460363465,,1.0,1.0,100000.0,100000.0,0.0,,1.012700028642313,,100000.0,,2.0,18.0,2026100607.0,-0.131623132177013,"[2026100607, 100000, 4, 18]",0.0,False,0.0141930019611134,False,0.0,ok,,0.0484003750025294
ridge_medium,100000,4,,18,2,-0.131623132177013,0.0178504066935799,,,-0.1137727254834331,,1.0,16.0,4421.0,6250.0,0.0,,1.0504028325590729,,100000.0,,2.0,18.0,2026100607.0,-0.131623132177013,"[2026100607, 100000, 4, 18]",0.0,False,0.0003186370191262,False,0.0,ok,,0.0431304589728824
ridge_medium,100000,4,,18,3,-0.131623132177013,-0.1096593918696242,,,-0.2412825240466373,,1.0,81.0,874.0,1234.567901234568,0.0,,1.115078664264582,,100000.0,,2.0,18.0,2026100607.0,-0.131623132177013,"[2026100607, 100000, 4, 18]",0.0,False,0.0120251822252158,False,0.0,ok,,0.043810167000629
ridge_medium,100000,4,,18,4,-0.131623132177013,-0.2119536934849876,,,-0.3435768256620007,,1.0,256.0,143.0,390.625,0.0,,1.207013114344614,,100000.0,,2.0,18.0,2026100607.0,-0.131623132177013,"[2026100607, 100000, 4, 18]",0.0,False,0.044924368181928,False,0.0,ok,,0.0476917920168489
ridge_medium,100000,4,,18,5,-0.131623132177013,-0.3568297833970907,,,-0.4884529155741037,,1.0,625.0,56.0,160.0,0.0,,1.3315973283446196,,100000.0,,2.0,18.0,2026100607.0,-0.131623132177013,"[2026100607, 100000, 4, 18]",0.0,False,0.1273274943192146,False,0.0,ok,,0.0425391669850796
ridge_medium,100000,4,,18,6,-0.131623132177013,-0.5469893413773569,,,-0.6786124735543699,,1.0,1296.0,11.0,77.1604938271605,0.0,,1.4886895208465571,,100000.0,,2.0,18.0,2026100607.0,-0.131623132177013,"[2026100607, 100000, 4, 18]",0.0,False,0.2991973395804346,False,0.0,ok,,0.0427795000141486
ridge_medium,100000,4,,18,7,-0.131623132177013,-0.7970161551913486,,,-0.9286392873683617,,1.0,2401.0,6.0,41.649312786339024,0.0,,1.6820380339808116,,100000.0,,2.0,18.0,2026100607.0,-0.131623132177013,"[2026100607, 100000, 4, 18]",0.0,False,0.6352347516359999,False,0.0,ok,,0.0436678340192884
ridge_medium,100000,4,,19,1,-0.131623132177013,0.1189759930898497,,,-0.0126471390871633,,1.0,1.0,100000.0,100000.0,0.0,,1.0126888133687393,,100000.0,,2.0,19.0,2026100607.0,-0.131623132177013,"[2026100607, 100000, 4, 19]",0.0,False,0.0141552869317159,False,0.0,ok,,0.0483383329701609
ridge_medium,100000,4,,19,2,-0.131623132177013,0.019044277099453,,,-0.11257885507756,,1.0,16.0,4371.0,6250.0,0.0,,1.0504068386580243,,100000.0,,2.0,19.0,2026100607.0,-0.131623132177013,"[2026100607, 100000, 4, 19]",0.0,False,0.0003626844902407,False,0.0,ok,,0.0437287909444421
ridge_medium,100000,4,,19,3,-0.131623132177013,-0.1090299755128999,,,-0.240653107689913,,1.0,81.0,854.0,1234.567901234568,0.0,,1.1156154905522244,,100000.0,,2.0,19.0,2026100607.0,-0.131623132177013,"[2026100607, 100000, 4, 19]",0.0,False,0.0118875355603435,False,0.0,ok,,0.0466622090316377
ridge_medium,100000,4,,19,4,-0.131623132177013,-0.2092779844243516,,,-0.3409011166013647,,1.0,256.0,146.0,390.625,0.0,,1.2063613896084944,,100000.0,,2.0,19.0,2026100607.0,-0.131623132177013,"[2026100607, 100000, 4, 19]",0.0,False,0.0437972747647191,False,0.0,ok,,0.0452219590079039
ridge_medium,100000,4,,19,5,-0.131623132177013,-0.3518785738999208,,,-0.4835017060769339,,1.0,625.0,59.0,160.0,0.0,,1.330437055860381,,100000.0,,2.0,19.0,2026100607.0,-0.131623132177013,"[2026100607, 100000, 4, 19]",0.0,False,0.123818530769842,False,0.0,ok,,0.04367608303437
ridge_medium,100000,4,,19,6,-0.131623132177013,-0.5413429800008296,,,-0.6729661121778426,,1.0,1296.0,16.0,77.1604938271605,0.0,,1.4881603646572108,,100000.0,,2.0,19.0,2026100607.0,-0.131623132177013,"[2026100607, 100000, 4, 19]",0.0,False,0.2930522219961786,False,0.0,ok,,0.041845916013699
ridge_medium,100000,4,,19,7,-0.131623132177013,-0.7957015435459056,,,-0.9273246757229188,,1.0,2401.0,7.0,41.649312786339024,0.0,,1.6811380484740932,,100000.0,,2.0,19.0,2026100607.0,-0.131623132177013,"[2026100607, 100000, 4, 19]",0.0,False,0.6331409464013367,False,0.0,ok,,0.0442234170041047
ridge_medium,100000,4,,20,1,-0.131623132177013,0.1189036823696244,,,-0.0127194498073886,,1.0,1.0,100000.0,100000.0,0.0,,1.0127781569782943,,100000.0,,2.0,20.0,2026100607.0,-0.131623132177013,"[2026100607, 100000, 4, 20]",0.0,False,0.0141380856810565,False,0.0,ok,,0.0472876250278204
ridge_medium,100000,4,,20,2,-0.131623132177013,0.0188052346252535,,,-0.1128178975517594,,1.0,16.0,4371.0,6250.0,0.0,,1.05048606586647,,100000.0,,2.0,20.0,2026100607.0,-0.131623132177013,"[2026100607, 100000, 4, 20]",0.0,False,0.0003536368493108,False,0.0,ok,,0.0428137910203076
ridge_medium,100000,4,,20,3,-0.131623132177013,-0.1105940843669733,,,-0.2422172165439863,,1.0,81.0,870.0,1234.567901234568,0.0,,1.1152642008852238,,100000.0,,2.0,20.0,2026100607.0,-0.131623132177013,"[2026100607, 100000, 4, 20]",0.0,False,0.0122310514969692,False,0.0,ok,,0.041582208010368
ridge_medium,100000,4,,20,4,-0.131623132177013,-0.2122700250906516,,,-0.3438931572676647,,1.0,256.0,135.0,390.625,0.0,,1.2075725400667814,,100000.0,,2.0,20.0,2026100607.0,-0.131623132177013,"[2026100607, 100000, 4, 20]",0.0,False,0.0450585635519858,False,0.0,ok,,0.0410982909961603
ridge_medium,100000,4,,20,5,-0.131623132177013,-0.3557579449487248,,,-0.4873810771257379,,1.0,625.0,59.0,160.0,0.0,,1.3330049476563262,,100000.0,,2.0,20.0,2026100607.0,-0.131623132177013,"[2026100607, 100000, 4, 20]",0.0,False,0.1265637153941399,False,0.0,ok,,0.0408646669820882
ridge_medium,100000,4,,20,6,-0.131623132177013,-0.5461832099687436,,,-0.6778063421457566,,1.0,1296.0,16.0,77.1604938271605,0.0,,1.487430900346779,,100000.0,,2.0,20.0,2026100607.0,-0.131623132177013,"[2026100607, 100000, 4, 20]",0.0,False,0.2983160988517606,False,0.0,ok,,0.0418067499995231
ridge_medium,100000,4,,20,7,-0.131623132177013,-0.803861810638459,,,-0.935484942815472,,1.0,2401.0,7.0,41.649312786339024,0.0,,1.683291529041727,,100000.0,,2.0,20.0,2026100607.0,-0.131623132177013,"[2026100607, 100000, 4, 20]",0.0,False,0.6461938106029417,False,0.0,ok,,0.044796249945648
ridge_medium,100000,4,,21,1,-0.131623132177013,0.1193582484008672,,,-0.0122648837761458,,1.0,1.0,100000.0,100000.0,0.0,,1.0128041734721804,,100000.0,,2.0,21.0,2026100607.0,-0.131623132177013,"[2026100607, 100000, 4, 21]",0.0,False,0.0142463914613231,False,0.0,ok,,0.0479376249713823
ridge_medium,100000,4,,21,2,-0.131623132177013,0.0208019998554199,,,-0.1108211323215931,,1.0,16.0,4423.0,6250.0,0.0,,1.0509005219266845,,100000.0,,2.0,21.0,2026100607.0,-0.131623132177013,"[2026100607, 100000, 4, 21]",0.0,False,0.0004327231979848,False,0.0,ok,,0.0420505419606342
ridge_medium,100000,4,,21,3,-0.131623132177013,-0.1074967209371157,,,-0.2391198531141287,,1.0,81.0,856.0,1234.567901234568,0.0,,1.1156262897157432,,100000.0,,2.0,21.0,2026100607.0,-0.131623132177013,"[2026100607, 100000, 4, 21]",0.0,False,0.0115555450122321,False,0.0,ok,,0.0395859580021351
ridge_medium,100000,4,,21,4,-0.131623132177013,-0.2086954399497866,,,-0.3403185721267997,,1.0,256.0,136.0,390.625,0.0,,1.2066196111236858,,100000.0,,2.0,21.0,2026100607.0,-0.131623132177013,"[2026100607, 100000, 4, 21]",0.0,False,0.043553786655835,False,0.0,ok,,0.041430874960497
ridge_medium,100000,4,,21,5,-0.131623132177013,-0.353017149059698,,,-0.4846402812367111,,1.0,625.0,57.0,160.0,0.0,,1.3328140689818977,,100000.0,,2.0,21.0,2026100607.0,-0.131623132177013,"[2026100607, 100000, 4, 21]",0.0,False,0.124621107530237,False,0.0,ok,,0.04121237504296
ridge_medium,100000,4,,21,6,-0.131623132177013,-0.5450867865799248,,,-0.6767099187569379,,1.0,1296.0,15.0,77.1604938271605,0.0,,1.4905264408922267,,100000.0,,2.0,21.0,2026100607.0,-0.131623132177013,"[2026100607, 100000, 4, 21]",0.0,False,0.2971196049040285,False,0.0,ok,,0.0417635830235667
ridge_medium,100000,4,,21,7,-0.131623132177013,-0.7983687557496337,,,-0.9299918879266468,,1.0,2401.0,6.0,41.649312786339024,0.0,,1.6805952718527577,,100000.0,,2.0,21.0,2026100607.0,-0.131623132177013,"[2026100607, 100000, 4, 21]",0.0,False,0.6373926701572183,False,0.0,ok,,0.0438404169981367
ridge_medium,100000,4,,22,1,-0.131623132177013,0.118602288217911,,,-0.013020843959102,,1.0,1.0,100000.0,100000.0,0.0,,1.0127478530861236,,100000.0,,2.0,22.0,2026100607.0,-0.131623132177013,"[2026100607, 100000, 4, 22]",0.0,False,0.0140665027705244,False,0.0,ok,,0.049114457971882
ridge_medium,100000,4,,22,2,-0.131623132177013,0.0195647613232222,,,-0.1120583708537908,,1.0,16.0,4332.0,6250.0,0.0,,1.05056388870461,,100000.0,,2.0,22.0,2026100607.0,-0.131623132177013,"[2026100607, 100000, 4, 22]",0.0,False,0.0003827798856346,False,0.0,ok,,0.0418104580021463
ridge_medium,100000,4,,22,3,-0.131623132177013,-0.1070047328588021,,,-0.2386278650358152,,1.0,81.0,883.0,1234.567901234568,0.0,,1.1153456872206136,,100000.0,,2.0,22.0,2026100607.0,-0.131623132177013,"[2026100607, 100000, 4, 22]",0.0,False,0.0114500128541836,False,0.0,ok,,0.0394440839882008
ridge_medium,100000,4,,22,4,-0.131623132177013,-0.2108389893007012,,,-0.3424621214777142,,1.0,256.0,147.0,390.625,0.0,,1.2076302930489538,,100000.0,,2.0,22.0,2026100607.0,-0.131623132177013,"[2026100607, 100000, 4, 22]",0.0,False,0.0444530794093411,False,0.0,ok,,0.042074249999132
ridge_medium,100000,4,,22,5,-0.131623132177013,-0.3542220781985952,,,-0.4858452103756082,,1.0,625.0,56.0,160.0,0.0,,1.3326754928119862,,100000.0,,2.0,22.0,2026100607.0,-0.131623132177013,"[2026100607, 100000, 4, 22]",0.0,False,0.1254732806833317,False,0.0,ok,,0.0414919580216519
ridge_medium,100000,4,,22,6,-0.131623132177013,-0.5446699459036435,,,-0.6762930780806565,,1.0,1296.0,15.0,77.1604938271605,0.0,,1.4868568101284263,,100000.0,,2.0,22.0,2026100607.0,-0.131623132177013,"[2026100607, 100000, 4, 22]",0.0,False,0.2966653499706779,False,0.0,ok,,0.0415997499949298
ridge_medium,100000,4,,22,7,-0.131623132177013,-0.7989397645363927,,,-0.9305628967134058,,1.0,2401.0,6.0,41.649312786339024,0.0,,1.6820996877034526,,100000.0,,2.0,22.0,2026100607.0,-0.131623132177013,"[2026100607, 100000, 4, 22]",0.0,False,0.6383047473574667,False,0.0,ok,,0.0447918340214528
ridge_medium,100000,4,,23,1,-0.131623132177013,0.1192320707369348,,,-0.0123910614400782,,1.0,1.0,100000.0,100000.0,0.0,,1.0126330039556362,,100000.0,,2.0,23.0,2026100607.0,-0.131623132177013,"[2026100607, 100000, 4, 23]",0.0,False,0.0142162866922174,False,0.0,ok,,0.0481316249934025
ridge_medium,100000,4,,23,2,-0.131623132177013,0.0179273866389294,,,-0.1136957455380836,,1.0,16.0,4419.0,6250.0,0.0,,1.0511604028182069,,100000.0,,2.0,23.0,2026100607.0,-0.131623132177013,"[2026100607, 100000, 4, 23]",0.0,False,0.0003213911917016,False,0.0,ok,,0.0428892920026555
ridge_medium,100000,4,,23,3,-0.131623132177013,-0.1068900326140017,,,-0.2385131647910148,,1.0,81.0,862.0,1234.567901234568,0.0,,1.11568422293066,,100000.0,,2.0,23.0,2026100607.0,-0.131623132177013,"[2026100607, 100000, 4, 23]",0.0,False,0.0114254790722223,False,0.0,ok,,0.0400740830227732
ridge_medium,100000,4,,23,4,-0.131623132177013,-0.2086249730005286,,,-0.3402481051775417,,1.0,256.0,134.0,390.625,0.0,,1.2086145827202617,,100000.0,,2.0,23.0,2026100607.0,-0.131623132177013,"[2026100607, 100000, 4, 23]",0.0,False,0.0435243793594713,False,0.0,ok,,0.0416168330120854
ridge_medium,100000,4,,23,5,-0.131623132177013,-0.3546766130084439,,,-0.486299745185457,,1.0,625.0,59.0,160.0,0.0,,1.332833701438165,,100000.0,,2.0,23.0,2026100607.0,-0.131623132177013,"[2026100607, 100000, 4, 23]",0.0,False,0.1257954998151414,False,0.0,ok,,0.0405461249756626
ridge_medium,100000,4,,23,6,-0.131623132177013,-0.5435903241243447,,,-0.6752134563013578,,1.0,1296.0,7.0,77.1604938271605,0.0,,1.4900367771053078,,100000.0,,2.0,23.0,2026100607.0,-0.131623132177013,"[2026100607, 100000, 4, 23]",0.0,False,0.2954904404816101,False,0.0,ok,,0.0410991670214571
ridge_medium,100000,4,,23,7,-0.131623132177013,-0.795083228918158,,,-0.926706361095171,,1.0,2401.0,7.0,41.649312786339024,0.0,,1.6820290006724383,,100000.0,,2.0,23.0,2026100607.0,-0.131623132177013,"[2026100607, 100000, 4, 23]",0.0,False,0.632157340906924,False,0.0,ok,,0.0439660840202122
ridge_medium,100000,4,,24,1,-0.131623132177013,0.1185984136651379,,,-0.0130247185118751,,1.0,1.0,100000.0,100000.0,0.0,,1.0127260496888215,,100000.0,,2.0,24.0,2026100607.0,-0.131623132177013,"[2026100607, 100000, 4, 24]",0.0,False,0.0140655837238871,False,0.0,ok,,0.0471770000294782
ridge_medium,100000,4,,24,2,-0.131623132177013,0.0205128573794678,,,-0.1111102747975452,,1.0,16.0,4383.0,6250.0,0.0,,1.0509747571801935,,100000.0,,2.0,24.0,2026100607.0,-0.131623132177013,"[2026100607, 100000, 4, 24]",0.0,False,0.0004207773178703,False,0.0,ok,,0.0424605829757638
ridge_medium,100000,4,,24,3,-0.131623132177013,-0.1075619429187527,,,-0.2391850750957658,,1.0,81.0,879.0,1234.567901234568,0.0,,1.1163584967826288,,100000.0,,2.0,24.0,2026100607.0,-0.131623132177013,"[2026100607, 100000, 4, 24]",0.0,False,0.011569571564457,False,0.0,ok,,0.0410649589612148
ridge_medium,100000,4,,24,4,-0.131623132177013,-0.2101643385435535,,,-0.3417874707205666,,1.0,256.0,134.0,390.625,0.0,,1.2085993498623055,,100000.0,,2.0,24.0,2026100607.0,-0.131623132177013,"[2026100607, 100000, 4, 24]",0.0,False,0.0441690491954493,False,0.0,ok,,0.0415917919599451
ridge_medium,100000,4,,24,5,-0.131623132177013,-0.3556871109605426,,,-0.4873102431375557,,1.0,625.0,53.0,160.0,0.0,,1.330263130860409,,100000.0,,2.0,24.0,2026100607.0,-0.131623132177013,"[2026100607, 100000, 4, 24]",0.0,False,0.1265133209034573,False,0.0,ok,,0.0401764590060338
ridge_medium,100000,4,,24,6,-0.131623132177013,-0.5463641118067657,,,-0.6779872439837787,,1.0,1296.0,14.0,77.1604938271605,0.0,,1.489546593775032,,100000.0,,2.0,24.0,2026100607.0,-0.131623132177013,"[2026100607, 100000, 4, 24]",0.0,False,0.298513742670396,False,0.0,ok,,0.0418827079702168
ridge_medium,100000,4,,24,7,-0.131623132177013,-0.799014340533312,,,-0.930637472710325,,1.0,2401.0,7.0,41.649312786339024,0.0,,1.6818081058277554,,100000.0,,2.0,24.0,2026100607.0,-0.131623132177013,"[2026100607, 100000, 4, 24]",0.0,False,0.6384239163778834,False,0.0,ok,,0.0437657079892233
ridge_medium,100000,4,,25,1,-0.131623132177013,0.1190142074213681,,,-0.0126089247556449,,1.0,1.0,100000.0,100000.0,0.0,,1.012939535206349,,100000.0,,2.0,25.0,2026100607.0,-0.131623132177013,"[2026100607, 100000, 4, 25]",0.0,False,0.0141643815681364,False,0.0,ok,,0.0475170419667847
ridge_medium,100000,4,,25,2,-0.131623132177013,0.0187069283688251,,,-0.1129162038081879,,1.0,16.0,4379.0,6250.0,0.0,,1.0514259527151726,,100000.0,,2.0,25.0,2026100607.0,-0.131623132177013,"[2026100607, 100000, 4, 25]",0.0,False,0.0003499491689963,False,0.0,ok,,0.0420094169676303
ridge_medium,100000,4,,25,3,-0.131623132177013,-0.1087807317671732,,,-0.2404038639441863,,1.0,81.0,868.0,1234.567901234568,0.0,,1.115729949426774,,100000.0,,2.0,25.0,2026100607.0,-0.131623132177013,"[2026100607, 100000, 4, 25]",0.0,False,0.0118332476038016,False,0.0,ok,,0.039876666967757
ridge_medium,100000,4,,25,4,-0.131623132177013,-0.2131089748893787,,,-0.3447321070663918,,1.0,256.0,138.0,390.625,0.0,,1.2077083175235683,,100000.0,,2.0,25.0,2026100607.0,-0.131623132177013,"[2026100607, 100000, 4, 25]",0.0,False,0.0454154351784018,False,0.0,ok,,0.0410662500071339
ridge_medium,100000,4,,25,5,-0.131623132177013,-0.3569701413617479,,,-0.488593273538761,,1.0,625.0,56.0,160.0,0.0,,1.3311864764439405,,100000.0,,2.0,25.0,2026100607.0,-0.131623132177013,"[2026100607, 100000, 4, 25]",0.0,False,0.1274276818238262,False,0.0,ok,,0.0409293330158107
ridge_medium,100000,4,,25,6,-0.131623132177013,-0.5466886117072001,,,-0.6783117438842131,,1.0,1296.0,17.0,77.1604938271605,0.0,,1.486822400408312,,100000.0,,2.0,25.0,2026100607.0,-0.131623132177013,"[2026100607, 100000, 4, 25]",0.0,False,0.2988684381703457,False,0.0,ok,,0.0415920420200564
ridge_medium,100000,4,,25,7,-0.131623132177013,-0.8025831197414219,,,-0.934206251918435,,1.0,2401.0,5.0,41.649312786339024,0.0,,1.681860984144024,,100000.0,,2.0,25.0,2026100607.0,-0.131623132177013,"[2026100607, 100000, 4, 25]",0.0,False,0.6441396640938736,False,0.0,ok,,0.0437291669659316
ridge_medium,100000,4,,26,1,-0.131623132177013,0.1189623105414201,,,-0.0126608216355929,,1.0,1.0,100000.0,100000.0,0.0,,1.0127772301972675,,100000.0,,2.0,26.0,2026100607.0,-0.131623132177013,"[2026100607, 100000, 4, 26]",0.0,False,0.0141520313293532,False,0.0,ok,,0.047282957995776
ridge_medium,100000,4,,26,2,-0.131623132177013,0.0196765381562991,,,-0.1119465940207139,,1.0,16.0,4381.0,6250.0,0.0,,1.0508545796272668,,100000.0,,2.0,26.0,2026100607.0,-0.131623132177013,"[2026100607, 100000, 4, 26]",0.0,False,0.0003871661538162,False,0.0,ok,,0.0413192500127479
ridge_medium,100000,4,,26,3,-0.131623132177013,-0.1074939782469365,,,-0.2391171104239496,,1.0,81.0,891.0,1234.567901234568,0.0,,1.1156899437719812,,100000.0,,2.0,26.0,2026100607.0,-0.131623132177013,"[2026100607, 100000, 4, 26]",0.0,False,0.0115549553593528,False,0.0,ok,,0.0408345829928293
ridge_medium,100000,4,,26,4,-0.131623132177013,-0.2107343161492403,,,-0.3423574483262534,,1.0,256.0,132.0,390.625,0.0,,1.2072082575636,,100000.0,,2.0,26.0,2026100607.0,-0.131623132177013,"[2026100607, 100000, 4, 26]",0.0,False,0.0444089520028879,False,0.0,ok,,0.0431390830199234
ridge_medium,100000,4,,26,5,-0.131623132177013,-0.3561950957613778,,,-0.4878182279383909,,1.0,625.0,60.0,160.0,0.0,,1.3315282885460298,,100000.0,,2.0,26.0,2026100607.0,-0.131623132177013,"[2026100607, 100000, 4, 26]",0.0,False,0.1268749462444571,False,0.0,ok,,0.0429994579753838
ridge_medium,100000,4,,26,6,-0.131623132177013,-0.5466245970350946,,,-0.6782477292121076,,1.0,1296.0,6.0,77.1604938271605,0.0,,1.4871432270498417,,100000.0,,2.0,26.0,2026100607.0,-0.131623132177013,"[2026100607, 100000, 4, 26]",0.0,False,0.2987984500837795,False,0.0,ok,,0.0424740409944206
ridge_medium,100000,4,,26,7,-0.131623132177013,-0.8002062821409753,,,-0.9318294143179884,,1.0,2401.0,7.0,41.649312786339024,0.0,,1.683841074263044,,100000.0,,2.0,26.0,2026100607.0,-0.131623132177013,"[2026100607, 100000, 4, 26]",0.0,False,0.6403300939778822,False,0.0,ok,,0.0439509999705478
ridge_medium,100000,4,,27,1,-0.131623132177013,0.1192983212690045,,,-0.0123248109080084,,1.0,1.0,100000.0,100000.0,0.0,,1.0128181960526896,,100000.0,,2.0,27.0,2026100607.0,-0.131623132177013,"[2026100607, 100000, 4, 27]",0.0,False,0.0142320894576026,False,0.0,ok,,0.0480132499942556
ridge_medium,100000,4,,27,2,-0.131623132177013,0.0197499421658741,,,-0.1118731900111389,,1.0,16.0,4388.0,6250.0,0.0,,1.0509350700351965,,100000.0,,2.0,27.0,2026100607.0,-0.131623132177013,"[2026100607, 100000, 4, 27]",0.0,False,0.0003900602155553,False,0.0,ok,,0.0446507500018924
ridge_medium,100000,4,,27,3,-0.131623132177013,-0.1076652752633186,,,-0.2392884074403317,,1.0,81.0,883.0,1234.567901234568,0.0,,1.1155936718517354,,100000.0,,2.0,27.0,2026100607.0,-0.131623132177013,"[2026100607, 100000, 4, 27]",0.0,False,0.0115918114975261,False,0.0,ok,,0.0418799169710837
ridge_medium,100000,4,,27,4,-0.131623132177013,-0.2094385031166134,,,-0.3410616352936265,,1.0,256.0,138.0,390.625,0.0,,1.2077584410223217,,100000.0,,2.0,27.0,2026100607.0,-0.131623132177013,"[2026100607, 100000, 4, 27]",0.0,False,0.0438644865877277,False,0.0,ok,,0.041944416007027
ridge_medium,100000,4,,27,5,-0.131623132177013,-0.3543145879079975,,,-0.4859377200850105,,1.0,625.0,50.0,160.0,0.0,,1.3312090451932757,,100000.0,,2.0,27.0,2026100607.0,-0.131623132177013,"[2026100607, 100000, 4, 27]",0.0,False,0.1255388272044141,False,0.0,ok,,0.0403317909804172
ridge_medium,100000,4,,27,6,-0.131623132177013,-0.545745584652931,,,-0.677368716829944,,1.0,1296.0,15.0,77.1604938271605,0.0,,1.4900957166685092,,100000.0,,2.0,27.0,2026100607.0,-0.131623132177013,"[2026100607, 100000, 4, 27]",0.0,False,0.2978382431681695,False,0.0,ok,,0.0414852079702541
ridge_medium,100000,4,,27,7,-0.131623132177013,-0.7962101715338152,,,-0.9278333037108284,,1.0,2401.0,6.0,41.649312786339024,0.0,,1.6788185669852875,,100000.0,,2.0,27.0,2026100607.0,-0.131623132177013,"[2026100607, 100000, 4, 27]",0.0,False,0.6339506372539074,False,0.0,ok,,0.0438175409799441
ridge_medium,100000,4,,28,1,-0.131623132177013,0.119001601044178,,,-0.0126215311328349,,1.0,1.0,100000.0,100000.0,0.0,,1.0125870170593383,,100000.0,,2.0,28.0,2026100607.0,-0.131623132177013,"[2026100607, 100000, 4, 28]",0.0,False,0.0141613810510777,False,0.0,ok,,0.048502291960176
ridge_medium,100000,4,,28,2,-0.131623132177013,0.0194624189614961,,,-0.1121607132155169,,1.0,16.0,4372.0,6250.0,0.0,,1.0506112194140464,,100000.0,,2.0,28.0,2026100607.0,-0.131623132177013,"[2026100607, 100000, 4, 28]",0.0,False,0.0003787857518328,False,0.0,ok,,0.0433450000127777
ridge_medium,100000,4,,28,3,-0.131623132177013,-0.1086982901562844,,,-0.2403214223332974,,1.0,81.0,880.0,1234.567901234568,0.0,,1.1153639733618073,,100000.0,,2.0,28.0,2026100607.0,-0.131623132177013,"[2026100607, 100000, 4, 28]",0.0,False,0.0118153182828997,False,0.0,ok,,0.0421422499930486
ridge_medium,100000,4,,28,4,-0.131623132177013,-0.2118839268168056,,,-0.3435070589938186,,1.0,256.0,130.0,390.625,0.0,,1.2069814785239366,,100000.0,,2.0,28.0,2026100607.0,-0.131623132177013,"[2026100607, 100000, 4, 28]",0.0,False,0.0448947984433094,False,0.0,ok,,0.0425365840201266
ridge_medium,100000,4,,28,5,-0.131623132177013,-0.356001397480148,,,-0.4876245296571611,,1.0,625.0,55.0,160.0,0.0,,1.33097114451711,,100000.0,,2.0,28.0,2026100607.0,-0.131623132177013,"[2026100607, 100000, 4, 28]",0.0,False,0.1267369950078183,False,0.0,ok,,0.0409108329913578
ridge_medium,100000,4,,28,6,-0.131623132177013,-0.5461547449345078,,,-0.6777778771115208,,1.0,1296.0,14.0,77.1604938271605,0.0,,1.488802221778934,,100000.0,,2.0,28.0,2026100607.0,-0.131623132177013,"[2026100607, 100000, 4, 28]",0.0,False,0.2982850054144772,False,0.0,ok,,0.041501416999381
ridge_medium,100000,4,,28,7,-0.131623132177013,-0.8023945897936207,,,-0.9340177219706336,,1.0,2401.0,6.0,41.649312786339024,0.0,,1.681009488299245,,100000.0,,2.0,28.0,2026100607.0,-0.131623132177013,"[2026100607, 100000, 4, 28]",0.0,False,0.6438370777300728,False,0.0,ok,,0.0441523750196211
ridge_medium,100000,4,,29,1,-0.131623132177013,0.1187885010660955,,,-0.0128346311109175,,1.0,1.0,100000.0,100000.0,0.0,,1.012737966804439,,100000.0,,2.0,29.0,2026100607.0,-0.131623132177013,"[2026100607, 100000, 4, 29]",0.0,False,0.0141107079855297,False,0.0,ok,,0.0480273750144988
ridge_medium,100000,4,,29,2,-0.131623132177013,0.0208124919683302,,,-0.1108106402086828,,1.0,16.0,4337.0,6250.0,0.0,,1.0509668635367353,,100000.0,,2.0,29.0,2026100607.0,-0.131623132177013,"[2026100607, 100000, 4, 29]",0.0,False,0.0004331598219318,False,0.0,ok,,0.0425345840048976
ridge_medium,100000,4,,29,3,-0.131623132177013,-0.1064902209890286,,,-0.2381133531660416,,1.0,81.0,892.0,1234.567901234568,0.0,,1.116591407187262,,100000.0,,2.0,29.0,2026100607.0,-0.131623132177013,"[2026100607, 100000, 4, 29]",0.0,False,0.0113401671662921,False,0.0,ok,,0.0405177090433426
ridge_medium,100000,4,,29,4,-0.131623132177013,-0.2070874791760214,,,-0.3387106113530345,,1.0,256.0,136.0,390.625,0.0,,1.2086663458219098,,100000.0,,2.0,29.0,2026100607.0,-0.131623132177013,"[2026100607, 100000, 4, 29]",0.0,False,0.0428852240314791,False,0.0,ok,,0.0414845829945988
ridge_medium,100000,4,,29,5,-0.131623132177013,-0.3518190302060666,,,-0.4834421623830797,,1.0,625.0,58.0,160.0,0.0,,1.3330669645504636,,100000.0,,2.0,29.0,2026100607.0,-0.131623132177013,"[2026100607, 100000, 4, 29]",0.0,False,0.1237766300151372,False,0.0,ok,,0.0410929999779909
ridge_medium,100000,4,,29,6,-0.131623132177013,-0.5408909270516712,,,-0.6725140592286842,,1.0,1296.0,14.0,77.1604938271605,0.0,,1.4898175673897411,,100000.0,,2.0,29.0,2026100607.0,-0.131623132177013,"[2026100607, 100000, 4, 29]",0.0,False,0.2925629949668162,False,0.0,ok,,0.0418749999953433
ridge_medium,100000,4,,29,7,-0.131623132177013,-0.7995735081581579,,,-0.9311966403351708,,1.0,2401.0,6.0,41.649312786339024,0.0,,1.6843279822824215,,100000.0,,2.0,29.0,2026100607.0,-0.131623132177013,"[2026100607, 100000, 4, 29]",0.0,False,0.6393177949483437,False,0.0,ok,,0.0456919579883106
ridge_medium,100000,4,,30,1,-0.131623132177013,0.118748793559195,,,-0.012874338617818,,1.0,1.0,100000.0,100000.0,0.0,,1.012494486178979,,100000.0,,2.0,30.0,2026100607.0,-0.131623132177013,"[2026100607, 100000, 4, 30]",0.0,False,0.0141012759717643,False,0.0,ok,,0.0469001669553108
ridge_medium,100000,4,,30,2,-0.131623132177013,0.0172156571068229,,,-0.1144074750701901,,1.0,16.0,4294.0,6250.0,0.0,,1.0506718822199077,,100000.0,,2.0,30.0,2026100607.0,-0.131623132177013,"[2026100607, 100000, 4, 30]",0.0,False,0.0002963788496197,False,0.0,ok,,0.0416434169746935
ridge_medium,100000,4,,30,3,-0.131623132177013,-0.1116174145964191,,,-0.2432405467734322,,1.0,81.0,871.0,1234.567901234568,0.0,,1.115327219008119,,100000.0,,2.0,30.0,2026100607.0,-0.131623132177013,"[2026100607, 100000, 4, 30]",0.0,False,0.0124584472411889,False,0.0,ok,,0.0398059159633703
ridge_medium,100000,4,,30,4,-0.131623132177013,-0.214627089569437,,,-0.3462502217464501,,1.0,256.0,143.0,390.625,0.0,,1.208703585534645,,100000.0,,2.0,30.0,2026100607.0,-0.131623132177013,"[2026100607, 100000, 4, 30]",0.0,False,0.0460647875770471,False,0.0,ok,,0.0409085410065017
ridge_medium,100000,4,,30,5,-0.131623132177013,-0.3575539497169235,,,-0.4891770818939366,,1.0,625.0,54.0,160.0,0.0,,1.3331557606552118,,100000.0,,2.0,30.0,2026100607.0,-0.131623132177013,"[2026100607, 100000, 4, 30]",0.0,False,0.1278448269581723,False,0.0,ok,,0.041317583003547
ridge_medium,100000,4,,30,6,-0.131623132177013,-0.5511475585286728,,,-0.6827706907056859,,1.0,1296.0,13.0,77.1604938271605,0.0,,1.4874108324585251,,100000.0,,2.0,30.0,2026100607.0,-0.131623132177013,"[2026100607, 100000, 4, 30]",0.0,False,0.3037636312721168,False,0.0,ok,,0.0428204580093734
ridge_medium,100000,4,,30,7,-0.131623132177013,-0.8035359899700483,,,-0.9351591221470612,,1.0,2401.0,6.0,41.649312786339024,0.0,,1.6819280073256957,,100000.0,,2.0,30.0,2026100607.0,-0.131623132177013,"[2026100607, 100000, 4, 30]",0.0,False,0.6456700871771455,False,0.0,ok,,0.0450633330037817
ridge_medium,100000,4,,31,1,-0.131623132177013,0.1190384615295444,,,-0.0125846706474686,,1.0,1.0,100000.0,100000.0,0.0,,1.012936231562108,,100000.0,,2.0,31.0,2026100607.0,-0.131623132177013,"[2026100607, 100000, 4, 31]",0.0,False,0.0141701553233208,False,0.0,ok,,0.0473599580000154
ridge_medium,100000,4,,31,2,-0.131623132177013,0.0194882738934891,,,-0.1121348582835239,,1.0,16.0,4305.0,6250.0,0.0,,1.050575309533197,,100000.0,,2.0,31.0,2026100607.0,-0.131623132177013,"[2026100607, 100000, 4, 31]",0.0,False,0.0003797928193476,False,0.0,ok,,0.0419187920051626
ridge_medium,100000,4,,31,3,-0.131623132177013,-0.1062252130222994,,,-0.2378483451993125,,1.0,81.0,859.0,1234.567901234568,0.0,,1.115614223188379,,100000.0,,2.0,31.0,2026100607.0,-0.131623132177013,"[2026100607, 100000, 4, 31]",0.0,False,0.0112837958816328,False,0.0,ok,,0.0401190419797785
ridge_medium,100000,4,,31,4,-0.131623132177013,-0.2080534952594971,,,-0.3396766274365102,,1.0,256.0,144.0,390.625,0.0,,1.2074380833071112,,100000.0,,2.0,31.0,2026100607.0,-0.131623132177013,"[2026100607, 100000, 4, 31]",0.0,False,0.0432862568896936,False,0.0,ok,,0.0419307080446742
ridge_medium,100000,4,,31,5,-0.131623132177013,-0.3525167932761336,,,-0.4841399254531466,,1.0,625.0,61.0,160.0,0.0,,1.3320018937112892,,100000.0,,2.0,31.0,2026100607.0,-0.131623132177013,"[2026100607, 100000, 4, 31]",0.0,False,0.1242680895416883,False,0.0,ok,,0.0427539160009473
ridge_medium,100000,4,,31,6,-0.131623132177013,-0.5437276663879164,,,-0.6753507985649294,,1.0,1296.0,15.0,77.1604938271605,0.0,,1.4890648211906228,,100000.0,,2.0,31.0,2026100607.0,-0.131623132177013,"[2026100607, 100000, 4, 31]",0.0,False,0.2956397751956492,False,0.0,ok,,0.0422487499890849
ridge_medium,100000,4,,31,7,-0.131623132177013,-0.7987471346323246,,,-0.9303702668093377,,1.0,2401.0,7.0,41.649312786339024,0.0,,1.6809339023032837,,100000.0,,2.0,31.0,2026100607.0,-0.131623132177013,"[2026100607, 100000, 4, 31]",0.0,False,0.6379969850833489,False,0.0,ok,,0.0453295829938724
ridge_medium,100000,4,,32,1,-0.131623132177013,0.1187466155463688,,,-0.0128765166306442,,1.0,1.0,100000.0,100000.0,0.0,,1.012785195834592,,100000.0,,2.0,32.0,2026100607.0,-0.131623132177013,"[2026100607, 100000, 4, 32]",0.0,False,0.0141007587037171,False,0.0,ok,,0.0503281250130385
ridge_medium,100000,4,,32,2,-0.131623132177013,0.0197449088826869,,,-0.1118782232943261,,1.0,16.0,4425.0,6250.0,0.0,,1.0507890153504829,,100000.0,,2.0,32.0,2026100607.0,-0.131623132177013,"[2026100607, 100000, 4, 32]",0.0,False,0.0003898614267856,False,0.0,ok,,0.0448766250046901
ridge_medium,100000,4,,32,3,-0.131623132177013,-0.1091375752861615,,,-0.2407607074631746,,1.0,81.0,863.0,1234.567901234568,0.0,,1.1157555155221612,,100000.0,,2.0,32.0,2026100607.0,-0.131623132177013,"[2026100607, 100000, 4, 32]",0.0,False,0.0119110103393425,False,0.0,ok,,0.0407334580086171
ridge_medium,100000,4,,32,4,-0.131623132177013,-0.2100664101503572,,,-0.3416895423273703,,1.0,256.0,146.0,390.625,0.0,,1.2076357525103985,,100000.0,,2.0,32.0,2026100607.0,-0.131623132177013,"[2026100607, 100000, 4, 32]",0.0,False,0.0441278966734581,False,0.0,ok,,0.0412585840094834
ridge_medium,100000,4,,32,5,-0.131623132177013,-0.3560977516338066,,,-0.4877208838108197,,1.0,625.0,55.0,160.0,0.0,,1.3316719320478898,,100000.0,,2.0,32.0,2026100607.0,-0.131623132177013,"[2026100607, 100000, 4, 32]",0.0,False,0.1268056087186522,False,0.0,ok,,0.0407012910000048
ridge_medium,100000,4,,32,6,-0.131623132177013,-0.5441270396382476,,,-0.6757501718152606,,1.0,1296.0,16.0,77.1604938271605,0.0,,1.488459626627599,,100000.0,,2.0,32.0,2026100607.0,-0.131623132177013,"[2026100607, 100000, 4, 32]",0.0,False,0.2960742352654831,False,0.0,ok,,0.0415302909677848
ridge_medium,100000,4,,32,7,-0.131623132177013,-0.7990859753213889,,,-0.930709107498402,,1.0,2401.0,7.0,41.649312786339024,0.0,,1.6818704825968156,,100000.0,,2.0,32.0,2026100607.0,-0.131623132177013,"[2026100607, 100000, 4, 32]",0.0,False,0.6385383959553353,False,0.0,ok,,0.0450891249929554
ridge_medium,100000,4,,33,1,-0.131623132177013,0.11875128223836,,,-0.012871849938653,,1.0,1.0,100000.0,100000.0,0.0,,1.0130035273021016,,100000.0,,2.0,33.0,2026100607.0,-0.131623132177013,"[2026100607, 100000, 4, 33]",0.0,False,0.0141018670332546,False,0.0,ok,,0.0495616249972954
ridge_medium,100000,4,,33,2,-0.131623132177013,0.0194303234737838,,,-0.1121928087032292,,1.0,16.0,4381.0,6250.0,0.0,,1.050485261060603,,100000.0,,2.0,33.0,2026100607.0,-0.131623132177013,"[2026100607, 100000, 4, 33]",0.0,False,0.0003775374702958,False,0.0,ok,,0.0416257079923525
ridge_medium,100000,4,,33,3,-0.131623132177013,-0.1085491324892011,,,-0.2401722646662142,,1.0,81.0,830.0,1234.567901234568,0.0,,1.1150943063059051,,100000.0,,2.0,33.0,2026100607.0,-0.131623132177013,"[2026100607, 100000, 4, 33]",0.0,False,0.0117829141641581,False,0.0,ok,,0.0399619580130092
ridge_medium,100000,4,,33,4,-0.131623132177013,-0.2125831209308998,,,-0.3442062531079128,,1.0,256.0,145.0,390.625,0.0,,1.20623558463087,,100000.0,,2.0,33.0,2026100607.0,-0.131623132177013,"[2026100607, 100000, 4, 33]",0.0,False,0.0451915833047215,False,0.0,ok,,0.0420693340129219
ridge_medium,100000,4,,33,5,-0.131623132177013,-0.3558113907139357,,,-0.4874345228909488,,1.0,625.0,54.0,160.0,0.0,,1.3316432110395648,,100000.0,,2.0,33.0,2026100607.0,-0.131623132177013,"[2026100607, 100000, 4, 33]",0.0,False,0.126601745761785,False,0.0,ok,,0.0416551670059561
ridge_medium,100000,4,,33,6,-0.131623132177013,-0.5436922654972096,,,-0.6753153976742227,,1.0,1296.0,14.0,77.1604938271605,0.0,,1.4877606977667257,,100000.0,,2.0,33.0,2026100607.0,-0.131623132177013,"[2026100607, 100000, 4, 33]",0.0,False,0.2956012795614883,False,0.0,ok,,0.0421429589623585
ridge_medium,100000,4,,33,7,-0.131623132177013,-0.8010173658597656,,,-0.9326404980367786,,1.0,2401.0,6.0,41.649312786339024,0.0,,1.6815798851537973,,100000.0,,2.0,33.0,2026100607.0,-0.131623132177013,"[2026100607, 100000, 4, 33]",0.0,False,0.6416288204089176,False,0.0,ok,,0.0442879590555094
ridge_medium,100000,4,,34,1,-0.131623132177013,0.1191291041760501,,,-0.0124940280009629,,1.0,1.0,100000.0,100000.0,0.0,,1.0123385197157737,,100000.0,,2.0,34.0,2026100607.0,-0.131623132177013,"[2026100607, 100000, 4, 34]",0.0,False,0.0141917434617882,False,0.0,ok,,0.0483889169991016
ridge_medium,100000,4,,34,2,-0.131623132177013,0.0207668583875188,,,-0.1108562737894942,,1.0,16.0,4364.0,6250.0,0.0,,1.050365220206397,,100000.0,,2.0,34.0,2026100607.0,-0.131623132177013,"[2026100607, 100000, 4, 34]",0.0,False,0.0004312624072872,False,0.0,ok,,0.043071583029814
ridge_medium,100000,4,,34,3,-0.131623132177013,-0.1079266841740546,,,-0.2395498163510677,,1.0,81.0,879.0,1234.567901234568,0.0,,1.1155279384164272,,100000.0,,2.0,34.0,2026100607.0,-0.131623132177013,"[2026100607, 100000, 4, 34]",0.0,False,0.0116481691568061,False,0.0,ok,,0.0402008749661035
ridge_medium,100000,4,,34,4,-0.131623132177013,-0.2084108594633776,,,-0.3400339916403907,,1.0,256.0,144.0,390.625,0.0,,1.2083479380881224,,100000.0,,2.0,34.0,2026100607.0,-0.131623132177013,"[2026100607, 100000, 4, 34]",0.0,False,0.0434350863422637,False,0.0,ok,,0.0414710839977487
ridge_medium,100000,4,,34,5,-0.131623132177013,-0.3525531095619824,,,-0.4841762417389954,,1.0,625.0,56.0,160.0,0.0,,1.3319002440176064,,100000.0,,2.0,34.0,2026100607.0,-0.131623132177013,"[2026100607, 100000, 4, 34]",0.0,False,0.1242936950618231,False,0.0,ok,,0.0421152500202879
ridge_medium,100000,4,,34,6,-0.131623132177013,-0.5415079270711668,,,-0.6731310592481798,,1.0,1296.0,12.0,77.1604938271605,0.0,,1.4880892404211297,,100000.0,,2.0,34.0,2026100607.0,-0.131623132177013,"[2026100607, 100000, 4, 34]",0.0,False,0.2932308350809121,False,0.0,ok,,0.0415094590280205
ridge_medium,100000,4,,34,7,-0.131623132177013,-0.7989376576078507,,,-0.9305607897848638,,1.0,2401.0,8.0,41.649312786339024,0.0,,1.68312332733308,,100000.0,,2.0,34.0,2026100607.0,-0.131623132177013,"[2026100607, 100000, 4, 34]",0.0,False,0.6383013807439193,False,0.0,ok,,0.0439729579957202
ridge_medium,100000,4,,35,1,-0.131623132177013,0.1187463680755177,,,-0.0128767641014953,,1.0,1.0,100000.0,100000.0,0.0,,1.0123383184021368,,100000.0,,2.0,35.0,2026100607.0,-0.131623132177013,"[2026100607, 100000, 4, 35]",0.0,False,0.0141006999311263,False,0.0,ok,,0.047479375032708
ridge_medium,100000,4,,35,2,-0.131623132177013,0.017913123150999,,,-0.113710009026014,,1.0,16.0,4333.0,6250.0,0.0,,1.0501260019981964,,100000.0,,2.0,35.0,2026100607.0,-0.131623132177013,"[2026100607, 100000, 4, 35]",0.0,False,0.0003208799810228,False,0.0,ok,,0.0429063749616034
ridge_medium,100000,4,,35,3,-0.131623132177013,-0.1072470322075898,,,-0.2388701643846029,,1.0,81.0,869.0,1234.567901234568,0.0,,1.1150337945193094,,100000.0,,2.0,35.0,2026100607.0,-0.131623132177013,"[2026100607, 100000, 4, 35]",0.0,False,0.0115019259173358,False,0.0,ok,,0.0436635829973965
ridge_medium,100000,4,,35,4,-0.131623132177013,-0.2089201334007282,,,-0.3405432655777413,,1.0,256.0,144.0,390.625,0.0,,1.2070032614570447,,100000.0,,2.0,35.0,2026100607.0,-0.131623132177013,"[2026100607, 100000, 4, 35]",0.0,False,0.043647622140178,False,0.0,ok,,0.0422174999839626
ridge_medium,100000,4,,35,5,-0.131623132177013,-0.3544000844334952,,,-0.4860232166105083,,1.0,625.0,59.0,160.0,0.0,,1.3314291838800278,,100000.0,,2.0,35.0,2026100607.0,-0.131623132177013,"[2026100607, 100000, 4, 35]",0.0,False,0.1255994198464685,False,0.0,ok,,0.0412702499888837
ridge_medium,100000,4,,35,6,-0.131623132177013,-0.5432040365325913,,,-0.6748271687096044,,1.0,1296.0,14.0,77.1604938271605,0.0,,1.4901253104345582,,100000.0,,2.0,35.0,2026100607.0,-0.131623132177013,"[2026100607, 100000, 4, 35]",0.0,False,0.2950706253053008,False,0.0,ok,,0.0417090420378372
ridge_medium,100000,4,,35,7,-0.131623132177013,-0.8007781957798679,,,-0.9324013279568808,,0.99999,2401.0,2.0,41.649312786339024,0.0,,1.6803700893537907,,99999.0,,2.0,35.0,2026100607.0,-0.131623132177013,"[2026100607, 100000, 4, 35]",9.99999999995449e-06,False,0.6412457188364604,False,0.0,ok,,0.0445286249741911
ridge_medium,100000,4,,36,1,-0.131623132177013,0.1185681273842142,,,-0.0130550047927988,,1.0,1.0,100000.0,100000.0,0.0,,1.0129964830329552,,100000.0,,2.0,36.0,2026100607.0,-0.131623132177013,"[2026100607, 100000, 4, 36]",0.0,False,0.0140584008313992,False,0.0,ok,,0.0486234579584561
ridge_medium,100000,4,,36,2,-0.131623132177013,0.0203045893407497,,,-0.1113185428362633,,1.0,16.0,4399.0,6250.0,0.0,,1.0509786684243323,,100000.0,,2.0,36.0,2026100607.0,-0.131623132177013,"[2026100607, 100000, 4, 36]",0.0,False,0.0004122763482964,False,0.0,ok,,0.0463633330073207
ridge_medium,100000,4,,36,3,-0.131623132177013,-0.1074529883342612,,,-0.2390761205112743,,1.0,81.0,846.0,1234.567901234568,0.0,,1.1154613001206573,,100000.0,,2.0,36.0,2026100607.0,-0.131623132177013,"[2026100607, 100000, 4, 36]",0.0,False,0.0115461447019628,False,0.0,ok,,0.0401493749814108
ridge_medium,100000,4,,36,4,-0.131623132177013,-0.2098042928482128,,,-0.3414274250252259,,1.0,256.0,140.0,390.625,0.0,,1.2075779456622775,,100000.0,,2.0,36.0,2026100607.0,-0.131623132177013,"[2026100607, 100000, 4, 36]",0.0,False,0.0440178412975386,False,0.0,ok,,0.0416881660348735
ridge_medium,100000,4,,36,5,-0.131623132177013,-0.3537037035775724,,,-0.4853268357545854,,1.0,625.0,60.0,160.0,0.0,,1.3297456148765954,,100000.0,,2.0,36.0,2026100607.0,-0.131623132177013,"[2026100607, 100000, 4, 36]",0.0,False,0.1251063099244912,False,0.0,ok,,0.0409350830013863
ridge_medium,100000,4,,36,6,-0.131623132177013,-0.5454182983641402,,,-0.6770414305411533,,1.0,1296.0,17.0,77.1604938271605,0.0,,1.4870057180188203,,100000.0,,2.0,36.0,2026100607.0,-0.131623132177013,"[2026100607, 100000, 4, 36]",0.0,False,0.2974811201904343,False,0.0,ok,,0.0424332920229062
ridge_medium,100000,4,,36,7,-0.131623132177013,-0.7961497232591817,,,-0.9277728554361948,,1.0,2401.0,7.0,41.649312786339024,0.0,,1.6824790011293205,,100000.0,,2.0,36.0,2026100607.0,-0.131623132177013,"[2026100607, 100000, 4, 36]",0.0,False,0.6338543818456716,False,0.0,ok,,0.0431789999711327
ridge_medium,100000,4,,37,1,-0.131623132177013,0.1187467892565348,,,-0.0128763429204782,,1.0,1.0,100000.0,100000.0,0.0,,1.0128369151338088,,100000.0,,2.0,37.0,2026100607.0,-0.131623132177013,"[2026100607, 100000, 4, 37]",0.0,False,0.0141007999587358,False,0.0,ok,,0.0520579579751938
ridge_medium,100000,4,,37,2,-0.131623132177013,0.0192268569535347,,,-0.1123962752234783,,1.0,16.0,4394.0,6250.0,0.0,,1.051202895762262,,100000.0,,2.0,37.0,2026100607.0,-0.131623132177013,"[2026100607, 100000, 4, 37]",0.0,False,0.0003696720283116,False,0.0,ok,,0.0426860000006854
ridge_medium,100000,4,,37,3,-0.131623132177013,-0.1075270518850712,,,-0.2391501840620842,,1.0,81.0,879.0,1234.567901234568,0.0,,1.1155452108202597,,100000.0,,2.0,37.0,2026100607.0,-0.131623132177013,"[2026100607, 100000, 4, 37]",0.0,False,0.0115620668870947,False,0.0,ok,,0.040688292006962
ridge_medium,100000,4,,37,4,-0.131623132177013,-0.2095595999097894,,,-0.3411827320868025,,1.0,256.0,137.0,390.625,0.0,,1.2085219123007096,,100000.0,,2.0,37.0,2026100607.0,-0.131623132177013,"[2026100607, 100000, 4, 37]",0.0,False,0.043915225914351,False,0.0,ok,,0.041891792032402
ridge_medium,100000,4,,37,5,-0.131623132177013,-0.3563973950171947,,,-0.4880205271942078,,1.0,625.0,58.0,160.0,0.0,,1.3311741654925002,,100000.0,,2.0,37.0,2026100607.0,-0.131623132177013,"[2026100607, 100000, 4, 37]",0.0,False,0.1270191031750423,False,0.0,ok,,0.0416244590305723
ridge_medium,100000,4,,37,6,-0.131623132177013,-0.5456694402967442,,,-0.6772925724737573,,1.0,1296.0,13.0,77.1604938271605,0.0,,1.4879041754671545,,100000.0,,2.0,37.0,2026100607.0,-0.131623132177013,"[2026100607, 100000, 4, 37]",0.0,False,0.2977551380737621,False,0.0,ok,,0.0412590830237604
ridge_medium,100000,4,,37,7,-0.131623132177013,-0.7985160296947698,,,-0.9301391618717828,,1.0,2401.0,7.0,41.649312786339024,0.0,,1.6843327759329882,,100000.0,,2.0,37.0,2026100607.0,-0.131623132177013,"[2026100607, 100000, 4, 37]",0.0,False,0.6376278496794984,False,0.0,ok,,0.043990499980282
ridge_medium,100000,4,,38,1,-0.131623132177013,0.1191648590630011,,,-0.0124582731140119,,1.0,1.0,100000.0,100000.0,0.0,,1.012602668170924,,100000.0,,2.0,38.0,2026100607.0,-0.131623132177013,"[2026100607, 100000, 4, 38]",0.0,False,0.0142002636355049,False,0.0,ok,,0.0468308340059593
ridge_medium,100000,4,,38,2,-0.131623132177013,0.0189704891539289,,,-0.1126526430230841,,1.0,16.0,4328.0,6250.0,0.0,,1.0509276433674428,,100000.0,,2.0,38.0,2026100607.0,-0.131623132177013,"[2026100607, 100000, 4, 38]",0.0,False,0.0003598794587393,False,0.0,ok,,0.0418051669839769
ridge_medium,100000,4,,38,3,-0.131623132177013,-0.1070458213910229,,,-0.2386689535680359,,1.0,81.0,847.0,1234.567901234568,0.0,,1.115015459989347,,100000.0,,2.0,38.0,2026100607.0,-0.131623132177013,"[2026100607, 100000, 4, 38]",0.0,False,0.0114588078772787,False,0.0,ok,,0.0395547499647364
ridge_medium,100000,4,,38,4,-0.131623132177013,-0.2088692094148289,,,-0.340492341591842,,1.0,256.0,146.0,390.625,0.0,,1.2069423096836231,,100000.0,,2.0,38.0,2026100607.0,-0.131623132177013,"[2026100607, 100000, 4, 38]",0.0,False,0.0436263466415756,False,0.0,ok,,0.0429664169787429
ridge_medium,100000,4,,38,5,-0.131623132177013,-0.3559385959676968,,,-0.4875617281447099,,1.0,625.0,56.0,160.0,0.0,,1.3322907080357502,,100000.0,,2.0,38.0,2026100607.0,-0.131623132177013,"[2026100607, 100000, 4, 38]",0.0,False,0.1266922840994553,False,0.0,ok,,0.0409557080129161
ridge_medium,100000,4,,38,6,-0.131623132177013,-0.5448163528984342,,,-0.6764394850754473,,1.0,1296.0,14.0,77.1604938271605,0.0,,1.4902310976803352,,100000.0,,2.0,38.0,2026100607.0,-0.131623132177013,"[2026100607, 100000, 4, 38]",0.0,False,0.2968248583855512,False,0.0,ok,,0.0415933330077677
ridge_medium,100000,4,,38,7,-0.131623132177013,-0.7970345736847357,,,-0.9286577058617488,,1.0,2401.0,7.0,41.649312786339024,0.0,,1.682635014954801,,100000.0,,2.0,38.0,2026100607.0,-0.131623132177013,"[2026100607, 100000, 4, 38]",0.0,False,0.6352641116488085,False,0.0,ok,,0.0452767909737303
ridge_medium,100000,4,,39,1,-0.131623132177013,0.1189383513352201,,,-0.0126847808417929,,1.0,1.0,100000.0,100000.0,0.0,,1.0126447711927395,,100000.0,,2.0,39.0,2026100607.0,-0.131623132177013,"[2026100607, 100000, 4, 39]",0.0,False,0.0141463314183402,False,0.0,ok,,0.0467735830461606
ridge_medium,100000,4,,39,2,-0.131623132177013,0.0190814598376049,,,-0.1125416723394081,,1.0,16.0,4354.0,6250.0,0.0,,1.0509982879893576,,100000.0,,2.0,39.0,2026100607.0,-0.131623132177013,"[2026100607, 100000, 4, 39]",0.0,False,0.0003641021095341,False,0.0,ok,,0.041249375033658
ridge_medium,100000,4,,39,3,-0.131623132177013,-0.1079769278100736,,,-0.2396000599870867,,1.0,81.0,843.0,1234.567901234568,0.0,,1.1156505930256124,,100000.0,,2.0,39.0,2026100607.0,-0.131623132177013,"[2026100607, 100000, 4, 39]",0.0,False,0.0116590169393018,False,0.0,ok,,0.0409657919663004
ridge_medium,100000,4,,39,4,-0.131623132177013,-0.2119573534023814,,,-0.3435804855793945,,1.0,256.0,141.0,390.625,0.0,,1.2086130624075864,,100000.0,,2.0,39.0,2026100607.0,-0.131623132177013,"[2026100607, 100000, 4, 39]",0.0,False,0.044925919661342,False,0.0,ok,,0.042118459008634
ridge_medium,100000,4,,39,5,-0.131623132177013,-0.3574228127651203,,,-0.4890459449421334,,1.0,625.0,45.0,160.0,0.0,,1.3309104820220563,,100000.0,,2.0,39.0,2026100607.0,-0.131623132177013,"[2026100607, 100000, 4, 39]",0.0,False,0.1277510670849302,False,0.0,ok,,0.0415409589768387
ridge_medium,100000,4,,39,6,-0.131623132177013,-0.5468620099101705,,,-0.6784851420871836,,1.0,1296.0,13.0,77.1604938271605,0.0,,1.4902893167420472,,100000.0,,2.0,39.0,2026100607.0,-0.131623132177013,"[2026100607, 100000, 4, 39]",0.0,False,0.2990580578829914,False,0.0,ok,,0.0423718339879997
ridge_medium,100000,4,,39,7,-0.131623132177013,-0.8053628611439183,,,-0.9369859933209314,,1.0,2401.0,6.0,41.649312786339024,0.0,,1.6844998235810635,,100000.0,,2.0,39.0,2026100607.0,-0.131623132177013,"[2026100607, 100000, 4, 39]",0.0,False,0.6486093381099183,False,0.0,ok,,0.0445496249594725
ridge_medium,100000,4,,40,1,-0.131623132177013,0.119111768446385,,,-0.0125113637306279,,1.0,1.0,100000.0,100000.0,0.0,,1.0127186263824075,,100000.0,,2.0,40.0,2026100607.0,-0.131623132177013,"[2026100607, 100000, 4, 40]",0.0,False,0.0141876133824252,False,0.0,ok,,0.0466132090077735
ridge_medium,100000,4,,40,2,-0.131623132177013,0.0210031279889437,,,-0.1106200041880693,,1.0,16.0,4409.0,6250.0,0.0,,1.0513463315005012,,100000.0,,2.0,40.0,2026100607.0,-0.131623132177013,"[2026100607, 100000, 4, 40]",0.0,False,0.0004411313853199,False,0.0,ok,,0.044314166996628
ridge_medium,100000,4,,40,3,-0.131623132177013,-0.107316724029226,,,-0.2389398562062391,,1.0,81.0,863.0,1234.567901234568,0.0,,1.1163960759539158,,100000.0,,2.0,40.0,2026100607.0,-0.131623132177013,"[2026100607, 100000, 4, 40]",0.0,False,0.011516879256365,False,0.0,ok,,0.0400110830087214
ridge_medium,100000,4,,40,4,-0.131623132177013,-0.2103418573027833,,,-0.3419649894797963,,1.0,256.0,133.0,390.625,0.0,,1.2073574423934343,,100000.0,,2.0,40.0,2026100607.0,-0.131623132177013,"[2026100607, 100000, 4, 40]",0.0,False,0.0442436969335844,False,0.0,ok,,0.0420052909757941
ridge_medium,100000,4,,40,5,-0.131623132177013,-0.354573731618131,,,-0.486196863795144,,1.0,625.0,59.0,160.0,0.0,,1.332941276295507,,100000.0,,2.0,40.0,2026100607.0,-0.131623132177013,"[2026100607, 100000, 4, 40]",0.0,False,0.1257225311536063,False,0.0,ok,,0.0423166249529458
ridge_medium,100000,4,,40,6,-0.131623132177013,-0.5488409321610106,,,-0.6804640643380236,,1.0,1296.0,11.0,77.1604938271605,0.0,,1.486730014009681,,100000.0,,2.0,40.0,2026100607.0,-0.131623132177013,"[2026100607, 100000, 4, 40]",0.0,False,0.301226368815367,False,0.0,ok,,0.0415675420081242
ridge_medium,100000,4,,40,7,-0.131623132177013,-0.796711553359833,,,-0.928334685536846,,1.0,2401.0,6.0,41.649312786339024,0.0,,1.6843349766199418,,100000.0,,2.0,40.0,2026100607.0,-0.131623132177013,"[2026100607, 100000, 4, 40]",0.0,False,0.634749299257038,False,0.0,ok,,0.0439806669601239
ridge_medium,100000,4,,41,1,-0.131623132177013,0.1186716527598333,,,-0.0129514794171797,,1.0,1.0,100000.0,100000.0,0.0,,1.0123992388981005,,100000.0,,2.0,41.0,2026100607.0,-0.131623132177013,"[2026100607, 100000, 4, 41]",0.0,False,0.0140829611687504,False,0.0,ok,,0.0477865419816225
ridge_medium,100000,4,,41,2,-0.131623132177013,0.0175030474334261,,,-0.1141200847435869,,1.0,16.0,4376.0,6250.0,0.0,,1.0504054954628406,,100000.0,,2.0,41.0,2026100607.0,-0.131623132177013,"[2026100607, 100000, 4, 41]",0.0,False,0.0003063566694567,False,0.0,ok,,0.0423665419803001
ridge_medium,100000,4,,41,3,-0.131623132177013,-0.1090844841738978,,,-0.2407076163509109,,1.0,81.0,885.0,1234.567901234568,0.0,,1.1154824766697842,,100000.0,,2.0,41.0,2026100607.0,-0.131623132177013,"[2026100607, 100000, 4, 41]",0.0,False,0.0118994246874853,False,0.0,ok,,0.0399359160219319
ridge_medium,100000,4,,41,4,-0.131623132177013,-0.2117822685225039,,,-0.343405400699517,,1.0,256.0,137.0,390.625,0.0,,1.2074342077905975,,100000.0,,2.0,41.0,2026100607.0,-0.131623132177013,"[2026100607, 100000, 4, 41]",0.0,False,0.0448517292605379,False,0.0,ok,,0.0416636250447481
ridge_medium,100000,4,,41,5,-0.131623132177013,-0.3571788141389291,,,-0.4888019463159422,,1.0,625.0,61.0,160.0,0.0,,1.331011062953292,,100000.0,,2.0,41.0,2026100607.0,-0.131623132177013,"[2026100607, 100000, 4, 41]",0.0,False,0.1275767052696917,False,0.0,ok,,0.0407103750039823
ridge_medium,100000,4,,41,6,-0.131623132177013,-0.5446945497575966,,,-0.6763176819346096,,1.0,1296.0,12.0,77.1604938271605,0.0,,1.4883198083998237,,100000.0,,2.0,41.0,2026100607.0,-0.131623132177013,"[2026100607, 100000, 4, 41]",0.0,False,0.2966921525356308,False,0.0,ok,,0.0409922079998068
ridge_medium,100000,4,,41,7,-0.131623132177013,-0.7977139868248593,,,-0.9293371190018724,,1.0,2401.0,7.0,41.649312786339024,0.0,,1.684467631286254,,100000.0,,2.0,41.0,2026100607.0,-0.131623132177013,"[2026100607, 100000, 4, 41]",0.0,False,0.6363476047760117,False,0.0,ok,,0.0442108749994076
ridge_medium,100000,4,,42,1,-0.131623132177013,0.1188015575179001,,,-0.0128215746591129,,1.0,1.0,100000.0,100000.0,0.0,,1.0128314881003442,,100000.0,,2.0,42.0,2026100607.0,-0.131623132177013,"[2026100607, 100000, 4, 42]",0.0,False,0.0141138100686789,False,0.0,ok,,0.0477233749697916
ridge_medium,100000,4,,42,2,-0.131623132177013,0.0182088355172106,,,-0.1134142966598023,,1.0,16.0,4438.0,6250.0,0.0,,1.050674077831643,,100000.0,,2.0,42.0,2026100607.0,-0.131623132177013,"[2026100607, 100000, 4, 42]",0.0,False,0.0003315616908928,False,0.0,ok,,0.0419872080092318
ridge_medium,100000,4,,42,3,-0.131623132177013,-0.1080120614191608,,,-0.2396351935961739,,1.0,81.0,866.0,1234.567901234568,0.0,,1.115617625366233,,100000.0,,2.0,42.0,2026100607.0,-0.131623132177013,"[2026100607, 100000, 4, 42]",0.0,False,0.0116666054120165,False,0.0,ok,,0.0394906250294297
ridge_medium,100000,4,,42,4,-0.131623132177013,-0.2111095405119561,,,-0.3427326726889692,,1.0,256.0,146.0,390.625,0.0,,1.2087331075935928,,100000.0,,2.0,42.0,2026100607.0,-0.131623132177013,"[2026100607, 100000, 4, 42]",0.0,False,0.0445672380951692,False,0.0,ok,,0.0414740840205922
ridge_medium,100000,4,,42,5,-0.131623132177013,-0.3540452138773227,,,-0.4856683460543358,,1.0,625.0,56.0,160.0,0.0,,1.3321061693440892,,100000.0,,2.0,42.0,2026100607.0,-0.131623132177013,"[2026100607, 100000, 4, 42]",0.0,False,0.1253480134694391,False,0.0,ok,,0.041296208044514
ridge_medium,100000,4,,42,6,-0.131623132177013,-0.5446551383874836,,,-0.6762782705644966,,1.0,1296.0,13.0,77.1604938271605,0.0,,1.4881550468822586,,100000.0,,2.0,42.0,2026100607.0,-0.131623132177013,"[2026100607, 100000, 4, 42]",0.0,False,0.2966492197718889,False,0.0,ok,,0.0419896250241436
ridge_medium,100000,4,,42,7,-0.131623132177013,-0.7979511299701343,,,-0.9295742621471472,,1.0,2401.0,6.0,41.649312786339024,0.0,,1.6834769273778862,,100000.0,,2.0,42.0,2026100607.0,-0.131623132177013,"[2026100607, 100000, 4, 42]",0.0,False,0.6367260058206141,False,0.0,ok,,0.0435496669961139
ridge_medium,100000,4,,43,1,-0.131623132177013,0.1190913313025017,,,-0.0125318008745113,,1.0,1.0,100000.0,100000.0,0.0,,1.0127550230222229,,100000.0,,2.0,43.0,2026100607.0,-0.131623132177013,"[2026100607, 100000, 4, 43]",0.0,False,0.0141827451914022,False,0.0,ok,,0.0471511670039035
ridge_medium,100000,4,,43,2,-0.131623132177013,0.0197065652425479,,,-0.1119165669344651,,1.0,16.0,4425.0,6250.0,0.0,,1.051101479749502,,100000.0,,2.0,43.0,2026100607.0,-0.131623132177013,"[2026100607, 100000, 4, 43]",0.0,False,0.0003883487136587,False,0.0,ok,,0.0422094580135308
ridge_medium,100000,4,,43,3,-0.131623132177013,-0.1096561150582646,,,-0.2412792472352777,,1.0,81.0,878.0,1234.567901234568,0.0,,1.1155452457483777,,100000.0,,2.0,43.0,2026100607.0,-0.131623132177013,"[2026100607, 100000, 4, 43]",0.0,False,0.0120244635696713,False,0.0,ok,,0.0396419589524157
ridge_medium,100000,4,,43,4,-0.131623132177013,-0.2107957371168697,,,-0.3424188692938828,,1.0,256.0,129.0,390.625,0.0,,1.2070886046823266,,100000.0,,2.0,43.0,2026100607.0,-0.131623132177013,"[2026100607, 100000, 4, 43]",0.0,False,0.0444348427866444,False,0.0,ok,,0.0413303750101476
ridge_medium,100000,4,,43,5,-0.131623132177013,-0.3580180427671438,,,-0.4896411749441569,,1.0,625.0,57.0,160.0,0.0,,1.3312884384353605,,100000.0,,2.0,43.0,2026100607.0,-0.131623132177013,"[2026100607, 100000, 4, 43]",0.0,False,0.1281769189468163,False,0.0,ok,,0.0412520840181969
ridge_medium,100000,4,,43,6,-0.131623132177013,-0.5459534653862598,,,-0.6775765975632728,,1.0,1296.0,18.0,77.1604938271605,0.0,,1.4880085196323851,,100000.0,,2.0,43.0,2026100607.0,-0.131623132177013,"[2026100607, 100000, 4, 43]",0.0,False,0.2980651863672659,False,0.0,ok,,0.0413065840257331
ridge_medium,100000,4,,43,7,-0.131623132177013,-0.7994891502881598,,,-0.9311122824651727,,1.0,2401.0,4.0,41.649312786339024,0.0,,1.6817984297215756,,100000.0,,2.0,43.0,2026100607.0,-0.131623132177013,"[2026100607, 100000, 4, 43]",0.0,False,0.6391829014284838,False,0.0,ok,,0.0435057079885154
ridge_medium,100000,4,,44,1,-0.131623132177013,0.11898612780665,,,-0.012637004370363,,1.0,1.0,100000.0,100000.0,0.0,,1.012725603951821,,100000.0,,2.0,44.0,2026100607.0,-0.131623132177013,"[2026100607, 100000, 4, 44]",0.0,False,0.0141576986104204,False,0.0,ok,,0.0466723749996162
ridge_medium,100000,4,,44,2,-0.131623132177013,0.0204382423700081,,,-0.1111848898070049,,1.0,16.0,4313.0,6250.0,0.0,,1.0513462518577146,,100000.0,,2.0,44.0,2026100607.0,-0.131623132177013,"[2026100607, 100000, 4, 44]",0.0,False,0.0004177217511751,False,0.0,ok,,0.0411423339974135
ridge_medium,100000,4,,44,3,-0.131623132177013,-0.1080961984381095,,,-0.2397193306151226,,1.0,81.0,865.0,1234.567901234568,0.0,,1.1156377694578743,,100000.0,,2.0,44.0,2026100607.0,-0.131623132177013,"[2026100607, 100000, 4, 44]",0.0,False,0.0116847881167711,False,0.0,ok,,0.0407072500092908
ridge_medium,100000,4,,44,4,-0.131623132177013,-0.2106986816405636,,,-0.3423218138175767,,1.0,256.0,145.0,390.625,0.0,,1.207506375646216,,100000.0,,2.0,44.0,2026100607.0,-0.131623132177013,"[2026100607, 100000, 4, 44]",0.0,False,0.0443939344450716,False,0.0,ok,,0.0413971249945461
ridge_medium,100000,4,,44,5,-0.131623132177013,-0.3539915172484736,,,-0.4856146494254867,,1.0,625.0,55.0,160.0,0.0,,1.3315388014850111,,100000.0,,2.0,44.0,2026100607.0,-0.131623132177013,"[2026100607, 100000, 4, 44]",0.0,False,0.1253099942838764,False,0.0,ok,,0.0422840839601121
ridge_medium,100000,4,,44,6,-0.131623132177013,-0.5474543319533715,,,-0.6790774641303845,,1.0,1296.0,13.0,77.1604938271605,0.0,,1.488661859034715,,100000.0,,2.0,44.0,2026100607.0,-0.131623132177013,"[2026100607, 100000, 4, 44]",0.0,False,0.2997062455745122,False,0.0,ok,,0.0424355000141076
ridge_medium,100000,4,,44,7,-0.131623132177013,-0.8018586644750957,,,-0.9334817966521088,,1.0,2401.0,7.0,41.649312786339024,0.0,,1.6807189589313618,,100000.0,,2.0,44.0,2026100607.0,-0.131623132177013,"[2026100607, 100000, 4, 44]",0.0,False,0.6429773177937841,False,0.0,ok,,0.0437321250210516
ridge_medium,100000,4,,45,1,-0.131623132177013,0.1186770034289462,,,-0.0129461287480668,,1.0,1.0,100000.0,100000.0,0.0,,1.0126509176193406,,100000.0,,2.0,45.0,2026100607.0,-0.131623132177013,"[2026100607, 100000, 4, 45]",0.0,False,0.0140842311428741,False,0.0,ok,,0.0471202500048093
ridge_medium,100000,4,,45,2,-0.131623132177013,0.018718068542315,,,-0.112905063634698,,1.0,16.0,4413.0,6250.0,0.0,,1.0507014502156602,,100000.0,,2.0,45.0,2026100607.0,-0.131623132177013,"[2026100607, 100000, 4, 45]",0.0,False,0.0003503660899548,False,0.0,ok,,0.0422658330062404
ridge_medium,100000,4,,45,3,-0.131623132177013,-0.1090869447451912,,,-0.2407100769222043,,1.0,81.0,853.0,1234.567901234568,0.0,,1.11512653837845,,100000.0,,2.0,45.0,2026100607.0,-0.131623132177013,"[2026100607, 100000, 4, 45]",0.0,False,0.0118999615138404,False,0.0,ok,,0.0402489170082844
ridge_medium,100000,4,,45,4,-0.131623132177013,-0.2127968173921428,,,-0.3444199495691559,,1.0,256.0,146.0,390.625,0.0,,1.2078637339778695,,100000.0,,2.0,45.0,2026100607.0,-0.131623132177013,"[2026100607, 100000, 4, 45]",0.0,False,0.045282485492225,False,0.0,ok,,0.0429433749523013
ridge_medium,100000,4,,45,5,-0.131623132177013,-0.3585157991242859,,,-0.4901389313012989,,1.0,625.0,60.0,160.0,0.0,,1.3326719931704645,,100000.0,,2.0,45.0,2026100607.0,-0.131623132177013,"[2026100607, 100000, 4, 45]",0.0,False,0.1285335782217253,False,0.0,ok,,0.0417344159795902
ridge_medium,100000,4,,45,6,-0.131623132177013,-0.54807959441519,,,-0.6797027265922031,,1.0,1296.0,13.0,77.1604938271605,0.0,,1.4893576185388908,,100000.0,,2.0,45.0,2026100607.0,-0.131623132177013,"[2026100607, 100000, 4, 45]",0.0,False,0.3003912418143192,False,0.0,ok,,0.0421069170115515
ridge_medium,100000,4,,45,7,-0.131623132177013,-0.7992844094228383,,,-0.9309075415998512,,1.0,2401.0,6.0,41.649312786339024,0.0,,1.6829780541150552,,100000.0,,2.0,45.0,2026100607.0,-0.131623132177013,"[2026100607, 100000, 4, 45]",0.0,False,0.6388555671464153,False,0.0,ok,,0.0438206670223735
ridge_medium,100000,4,,46,1,-0.131623132177013,0.1188741082683826,,,-0.0127490239086304,,1.0,1.0,100000.0,100000.0,0.0,,1.0126114311644236,,100000.0,,2.0,46.0,2026100607.0,-0.131623132177013,"[2026100607, 100000, 4, 46]",0.0,False,0.0141310536166031,False,0.0,ok,,0.0480349999852478
ridge_medium,100000,4,,46,2,-0.131623132177013,0.0195019901184434,,,-0.1121211420585696,,1.0,16.0,4413.0,6250.0,0.0,,1.0505673089535208,,100000.0,,2.0,46.0,2026100607.0,-0.131623132177013,"[2026100607, 100000, 4, 46]",0.0,False,0.0003803276185798,False,0.0,ok,,0.0429630000144243
ridge_medium,100000,4,,46,3,-0.131623132177013,-0.1069055163197925,,,-0.2385286484968055,,1.0,81.0,863.0,1234.567901234568,0.0,,1.1150515576470907,,100000.0,,2.0,46.0,2026100607.0,-0.131623132177013,"[2026100607, 100000, 4, 46]",0.0,False,0.0114287894196014,False,0.0,ok,,0.0431644579512067
ridge_medium,100000,4,,46,4,-0.131623132177013,-0.2099208925922951,,,-0.3415440247693082,,1.0,256.0,141.0,390.625,0.0,,1.2081499459549705,,100000.0,,2.0,46.0,2026100607.0,-0.131623132177013,"[2026100607, 100000, 4, 46]",0.0,False,0.0440667811467459,False,0.0,ok,,0.0425912499777041
ridge_medium,100000,4,,46,5,-0.131623132177013,-0.3524360752718702,,,-0.4840592074488833,,1.0,625.0,54.0,160.0,0.0,,1.3302813820150483,,100000.0,,2.0,46.0,2026100607.0,-0.131623132177013,"[2026100607, 100000, 4, 46]",0.0,False,0.1242111871530394,False,0.0,ok,,0.0411257920204661
ridge_medium,100000,4,,46,6,-0.131623132177013,-0.5443980444806625,,,-0.6760211766576756,,1.0,1296.0,12.0,77.1604938271605,0.0,,1.488721617617866,,100000.0,,2.0,46.0,2026100607.0,-0.131623132177013,"[2026100607, 100000, 4, 46]",0.0,False,0.2963692308343694,False,0.0,ok,,0.0406718329759314
ridge_medium,100000,4,,46,7,-0.131623132177013,-0.7968693505167737,,,-0.9284924826937868,,1.0,2401.0,7.0,41.649312786339024,0.0,,1.6820180021086897,,100000.0,,2.0,46.0,2026100607.0,-0.131623132177013,"[2026100607, 100000, 4, 46]",0.0,False,0.6350007617930247,False,0.0,ok,,0.0437930420157499
ridge_medium,100000,4,,47,1,-0.131623132177013,0.1185974124609646,,,-0.0130257197160484,,1.0,1.0,100000.0,100000.0,0.0,,1.012510300301051,,100000.0,,2.0,47.0,2026100607.0,-0.131623132177013,"[2026100607, 100000, 4, 47]",0.0,False,0.0140653462424361,False,0.0,ok,,0.0472285840078257
ridge_medium,100000,4,,47,2,-0.131623132177013,0.0183324547330665,,,-0.1132906774439465,,1.0,16.0,4372.0,6250.0,0.0,,1.0508725868646718,,100000.0,,2.0,47.0,2026100607.0,-0.131623132177013,"[2026100607, 100000, 4, 47]",0.0,False,0.0003360788965399,False,0.0,ok,,0.0420939170289784
ridge_medium,100000,4,,47,3,-0.131623132177013,-0.1067489989211597,,,-0.2383721310981728,,1.0,81.0,870.0,1234.567901234568,0.0,,1.1153541003764904,,100000.0,,2.0,47.0,2026100607.0,-0.131623132177013,"[2026100607, 100000, 4, 47]",0.0,False,0.0113953487706697,False,0.0,ok,,0.0396614169585518
ridge_medium,100000,4,,47,4,-0.131623132177013,-0.2105366298615369,,,-0.34215976203855,,1.0,256.0,136.0,390.625,0.0,,1.207233166219787,,100000.0,,2.0,47.0,2026100607.0,-0.131623132177013,"[2026100607, 100000, 4, 47]",0.0,False,0.0443256725134538,False,0.0,ok,,0.0411868750234134
ridge_medium,100000,4,,47,5,-0.131623132177013,-0.3557254947076917,,,-0.4873486268847048,,1.0,625.0,40.0,160.0,0.0,,1.3312533012187218,,100000.0,,2.0,47.0,2026100607.0,-0.131623132177013,"[2026100607, 100000, 4, 47]",0.0,False,0.126540627585032,False,0.0,ok,,0.0408460419857874
ridge_medium,100000,4,,47,6,-0.131623132177013,-0.5459707601566844,,,-0.6775938923336975,,1.0,1296.0,15.0,77.1604938271605,0.0,,1.4894270984734583,,100000.0,,2.0,47.0,2026100607.0,-0.131623132177013,"[2026100607, 100000, 4, 47]",0.0,False,0.2980840709460678,False,0.0,ok,,0.0423291669576428
ridge_medium,100000,4,,47,7,-0.131623132177013,-0.7981687328187048,,,-0.929791864995718,,1.0,2401.0,6.0,41.649312786339024,0.0,,1.681454414668588,,100000.0,,2.0,47.0,2026100607.0,-0.131623132177013,"[2026100607, 100000, 4, 47]",0.0,False,0.637073326049417,False,0.0,ok,,0.0467922919779084
ridge_medium,100000,4,,48,1,-0.131623132177013,0.1191810269841938,,,-0.0124421051928192,,1.0,1.0,100000.0,100000.0,0.0,,1.0126785237465847,,100000.0,,2.0,48.0,2026100607.0,-0.131623132177013,"[2026100607, 100000, 4, 48]",0.0,False,0.0142041171930071,False,0.0,ok,,0.0464415000169537
ridge_medium,100000,4,,48,2,-0.131623132177013,0.0220796564171616,,,-0.1095434757598514,,1.0,16.0,4388.0,6250.0,0.0,,1.051082554196203,,100000.0,,2.0,48.0,2026100607.0,-0.131623132177013,"[2026100607, 100000, 4, 48]",0.0,False,0.0004875112274999,False,0.0,ok,,0.0413192909909412
ridge_medium,100000,4,,48,3,-0.131623132177013,-0.106850296477265,,,-0.2384734286542781,,1.0,81.0,879.0,1234.567901234568,0.0,,1.1162563272438788,,100000.0,,2.0,48.0,2026100607.0,-0.131623132177013,"[2026100607, 100000, 4, 48]",0.0,False,0.0114169858572794,False,0.0,ok,,0.0387248750193975
ridge_medium,100000,4,,48,4,-0.131623132177013,-0.2094705621471128,,,-0.3410936943241259,,1.0,256.0,142.0,390.625,0.0,,1.2085699575330362,,100000.0,,2.0,48.0,2026100607.0,-0.131623132177013,"[2026100607, 100000, 4, 48]",0.0,False,0.0438779164062274,False,0.0,ok,,0.0424017909681424
ridge_medium,100000,4,,48,5,-0.131623132177013,-0.3533925411832278,,,-0.4850156733602409,,1.0,625.0,53.0,160.0,0.0,,1.3334353753979948,,100000.0,,2.0,48.0,2026100607.0,-0.131623132177013,"[2026100607, 100000, 4, 48]",0.0,False,0.1248862881639393,False,0.0,ok,,0.0427794579882174
ridge_medium,100000,4,,48,6,-0.131623132177013,-0.5456550598005744,,,-0.6772781919775874,,1.0,1296.0,16.0,77.1604938271605,0.0,,1.4884134022590347,,100000.0,,2.0,48.0,2026100607.0,-0.131623132177013,"[2026100607, 100000, 4, 48]",0.0,False,0.2977394442859684,False,0.0,ok,,0.0444852499640546
ridge_medium,100000,4,,48,7,-0.131623132177013,-0.7987174671067879,,,-0.930340599283801,,1.0,2401.0,8.0,41.649312786339024,0.0,,1.6820105427709335,,100000.0,,2.0,48.0,2026100607.0,-0.131623132177013,"[2026100607, 100000, 4, 48]",0.0,False,0.6379495922614828,False,0.0,ok,,0.0447959579760208
ridge_medium,100000,4,,49,1,-0.131623132177013,0.1190585742500222,,,-0.0125645579269908,,1.0,1.0,100000.0,100000.0,0.0,,1.0124263946758083,,100000.0,,2.0,49.0,2026100607.0,-0.131623132177013,"[2026100607, 100000, 4, 49]",0.0,False,0.014174944102448,False,0.0,ok,,0.0468547089840285
ridge_medium,100000,4,,49,2,-0.131623132177013,0.0200295271433053,,,-0.1115936050337077,,1.0,16.0,4353.0,6250.0,0.0,,1.050809306665717,,100000.0,,2.0,49.0,2026100607.0,-0.131623132177013,"[2026100607, 100000, 4, 49]",0.0,False,0.0004011819575844,False,0.0,ok,,0.0426007089554332
ridge_medium,100000,4,,49,3,-0.131623132177013,-0.1069036856771207,,,-0.2385268178541338,,1.0,81.0,874.0,1234.567901234568,0.0,,1.116125435824428,,100000.0,,2.0,49.0,2026100607.0,-0.131623132177013,"[2026100607, 100000, 4, 49]",0.0,False,0.0114283980113526,False,0.0,ok,,0.0416026670136489
ridge_medium,100000,4,,49,4,-0.131623132177013,-0.2091972071629489,,,-0.340820339339962,,1.0,256.0,134.0,390.625,0.0,,1.207808412082117,,100000.0,,2.0,49.0,2026100607.0,-0.131623132177013,"[2026100607, 100000, 4, 49]",0.0,False,0.0437634714847777,False,0.0,ok,,0.0424475000472739
ridge_medium,100000,4,,49,5,-0.131623132177013,-0.3537414078587874,,,-0.4853645400358004,,1.0,625.0,47.0,160.0,0.0,,1.3324119023072043,,100000.0,,2.0,49.0,2026100607.0,-0.131623132177013,"[2026100607, 100000, 4, 49]",0.0,False,0.1251329836339169,False,0.0,ok,,0.0448304580058902
ridge_medium,100000,4,,49,6,-0.131623132177013,-0.5465071626020249,,,-0.678130294779038,,1.0,1296.0,14.0,77.1604938271605,0.0,,1.4910882902630505,,100000.0,,2.0,49.0,2026100607.0,-0.131623132177013,"[2026100607, 100000, 4, 49]",0.0,False,0.2986700787753161,False,0.0,ok,,0.0420027080108411
ridge_medium,100000,4,,49,7,-0.131623132177013,-0.7979944816134639,,,-0.9296176137904768,,1.0,2401.0,5.0,41.649312786339024,0.0,,1.683944309798152,,100000.0,,2.0,49.0,2026100607.0,-0.131623132177013,"[2026100607, 100000, 4, 49]",0.0,False,0.636795192685541,False,0.0,ok,,0.0446690419921651
ridge_medium,100000,4,,50,1,-0.131623132177013,0.1187112777194877,,,-0.0129118544575253,,1.0,1.0,100000.0,100000.0,0.0,,1.012558456718486,,100000.0,,2.0,50.0,2026100607.0,-0.131623132177013,"[2026100607, 100000, 4, 50]",0.0,False,0.0140923674577933,False,0.0,ok,,0.0481816249666735
ridge_medium,100000,4,,50,2,-0.131623132177013,0.0203921964646181,,,-0.1112309357123949,,1.0,16.0,4404.0,6250.0,0.0,,1.0506262715656032,,100000.0,,2.0,50.0,2026100607.0,-0.131623132177013,"[2026100607, 100000, 4, 50]",0.0,False,0.0004158416766515,False,0.0,ok,,0.0427784170024097
ridge_medium,100000,4,,50,3,-0.131623132177013,-0.1092704709057547,,,-0.2408936030827678,,1.0,81.0,829.0,1234.567901234568,0.0,,1.1158074423711104,,100000.0,,2.0,50.0,2026100607.0,-0.131623132177013,"[2026100607, 100000, 4, 50]",0.0,False,0.0119400358119653,False,0.0,ok,,0.0398060000152327
ridge_medium,100000,4,,50,4,-0.131623132177013,-0.212596036138018,,,-0.3442191683150311,,1.0,256.0,139.0,390.625,0.0,,1.2077127073407796,,100000.0,,2.0,50.0,2026100607.0,-0.131623132177013,"[2026100607, 100000, 4, 50]",0.0,False,0.0451970745815974,False,0.0,ok,,0.0412995420047082
ridge_medium,100000,4,,50,5,-0.131623132177013,-0.3549517908879754,,,-0.4865749230649885,,1.0,625.0,52.0,160.0,0.0,,1.3343220814341497,,100000.0,,2.0,50.0,2026100607.0,-0.131623132177013,"[2026100607, 100000, 4, 50]",0.0,False,0.125990773854581,False,0.0,ok,,0.0413344579865224
ridge_medium,100000,4,,50,6,-0.131623132177013,-0.544772407714993,,,-0.6763955398920061,,1.0,1296.0,16.0,77.1604938271605,0.0,,1.488333028568604,,100000.0,,2.0,50.0,2026100607.0,-0.131623132177013,"[2026100607, 100000, 4, 50]",0.0,False,0.2967769762075906,False,0.0,ok,,0.0408838330185972
ridge_medium,100000,4,,50,7,-0.131623132177013,-0.7954109518561272,,,-0.9270340840331402,,1.0,2401.0,7.0,41.649312786339024,0.0,,1.6834388296350025,,100000.0,,2.0,50.0,2026100607.0,-0.131623132177013,"[2026100607, 100000, 4, 50]",0.0,False,0.6326785823326703,False,0.0,ok,,0.0436805000063031
ridge_medium,100000,4,,51,1,-0.131623132177013,0.1189828042530967,,,-0.0126403279239162,,1.0,1.0,100000.0,100000.0,0.0,,1.0128228386276217,,100000.0,,2.0,51.0,2026100607.0,-0.131623132177013,"[2026100607, 100000, 4, 51]",0.0,False,0.0141569077079307,False,0.0,ok,,0.0470093750045634
ridge_medium,100000,4,,51,2,-0.131623132177013,0.0197578491837562,,,-0.1118652829932568,,1.0,16.0,4411.0,6250.0,0.0,,1.0507267360417958,,100000.0,,2.0,51.0,2026100607.0,-0.131623132177013,"[2026100607, 100000, 4, 51]",0.0,False,0.000390372604368,False,0.0,ok,,0.0428065420128405
ridge_medium,100000,4,,51,3,-0.131623132177013,-0.1065530304326942,,,-0.2381761626097073,,1.0,81.0,892.0,1234.567901234568,0.0,,1.1162640130881576,,100000.0,,2.0,51.0,2026100607.0,-0.131623132177013,"[2026100607, 100000, 4, 51]",0.0,False,0.0113535482943906,False,0.0,ok,,0.0402745840256102
ridge_medium,100000,4,,51,4,-0.131623132177013,-0.2086871136860068,,,-0.3403102458630199,,1.0,256.0,149.0,390.625,0.0,,1.2073386390538388,,100000.0,,2.0,51.0,2026100607.0,-0.131623132177013,"[2026100607, 100000, 4, 51]",0.0,False,0.0435503114185963,False,0.0,ok,,0.0410256249597296
ridge_medium,100000,4,,51,5,-0.131623132177013,-0.3538920531376525,,,-0.4855151853146656,,1.0,625.0,55.0,160.0,0.0,,1.3309527820877778,,100000.0,,2.0,51.0,2026100607.0,-0.131623132177013,"[2026100607, 100000, 4, 51]",0.0,False,0.125239585273983,False,0.0,ok,,0.040471583022736
ridge_medium,100000,4,,51,6,-0.131623132177013,-0.5456477710182304,,,-0.6772709031952434,,1.0,1296.0,13.0,77.1604938271605,0.0,,1.4892915810126826,,100000.0,,2.0,51.0,2026100607.0,-0.131623132177013,"[2026100607, 100000, 4, 51]",0.0,False,0.2977314900171631,False,0.0,ok,,0.0423831249936483
ridge_medium,100000,4,,51,7,-0.131623132177013,-0.7984147821779675,,,-0.9300379143549804,,1.0,2401.0,6.0,41.649312786339024,0.0,,1.6841407027991957,,100000.0,,2.0,51.0,2026100607.0,-0.131623132177013,"[2026100607, 100000, 4, 51]",0.0,False,0.6374661644002912,False,0.0,ok,,0.044016667001415
ridge_medium,100000,4,,52,1,-0.131623132177013,0.1183683820225423,,,-0.0132547501544707,,1.0,1.0,100000.0,100000.0,0.0,,1.0125635485638795,,100000.0,,2.0,52.0,2026100607.0,-0.131623132177013,"[2026100607, 100000, 4, 52]",0.0,False,0.0140110738626345,False,0.0,ok,,0.0463305000448599
ridge_medium,100000,4,,52,2,-0.131623132177013,0.0201630094814198,,,-0.1114601226955932,,1.0,16.0,4392.0,6250.0,0.0,,1.0505728280063302,,100000.0,,2.0,52.0,2026100607.0,-0.131623132177013,"[2026100607, 100000, 4, 52]",0.0,False,0.0004065469513478,False,0.0,ok,,0.043013707967475
ridge_medium,100000,4,,52,3,-0.131623132177013,-0.1078877581548361,,,-0.2395108903318492,,1.0,81.0,878.0,1234.567901234568,0.0,,1.1161280750989089,,100000.0,,2.0,52.0,2026100607.0,-0.131623132177013,"[2026100607, 100000, 4, 52]",0.0,False,0.0116397683596764,False,0.0,ok,,0.0399863750208169
ridge_medium,100000,4,,52,4,-0.131623132177013,-0.2106472121479181,,,-0.3422703443249312,,1.0,256.0,140.0,390.625,0.0,,1.2075013881603325,,100000.0,,2.0,52.0,2026100607.0,-0.131623132177013,"[2026100607, 100000, 4, 52]",0.0,False,0.04437224798569,False,0.0,ok,,0.0411224999697878
ridge_medium,100000,4,,52,5,-0.131623132177013,-0.3557270324240948,,,-0.4873501646011079,,1.0,625.0,58.0,160.0,0.0,,1.3320082919869436,,100000.0,,2.0,52.0,2026100607.0,-0.131623132177013,"[2026100607, 100000, 4, 52]",0.0,False,0.126541721597253,False,0.0,ok,,0.0411495000007562
ridge_medium,100000,4,,52,6,-0.131623132177013,-0.5464621769976852,,,-0.6780853091746982,,1.0,1296.0,15.0,77.1604938271605,0.0,,1.488009522944887,,100000.0,,2.0,52.0,2026100607.0,-0.131623132177013,"[2026100607, 100000, 4, 52]",0.0,False,0.2986209108890494,False,0.0,ok,,0.0411459999741055
ridge_medium,100000,4,,52,7,-0.131623132177013,-0.7962638906713524,,,-0.9278870228483654,,1.0,2401.0,6.0,41.649312786339024,0.0,,1.6837068731231144,,100000.0,,2.0,52.0,2026100607.0,-0.131623132177013,"[2026100607, 100000, 4, 52]",0.0,False,0.6340361835870795,False,0.0,ok,,0.0434574169921688
ridge_medium,100000,4,,53,1,-0.131623132177013,0.1191356243906831,,,-0.0124875077863299,,1.0,1.0,100000.0,100000.0,0.0,,1.012738469263242,,100000.0,,2.0,53.0,2026100607.0,-0.131623132177013,"[2026100607, 100000, 4, 53]",0.0,False,0.0141932969989579,False,0.0,ok,,0.0466820420115254
ridge_medium,100000,4,,53,2,-0.131623132177013,0.0185923446982477,,,-0.1130307874787652,,1.0,16.0,4443.0,6250.0,0.0,,1.050724282084056,,100000.0,,2.0,53.0,2026100607.0,-0.131623132177013,"[2026100607, 100000, 4, 53]",0.0,False,0.0003456752813784,False,0.0,ok,,0.0425804169499315
ridge_medium,100000,4,,53,3,-0.131623132177013,-0.1105714872453657,,,-0.2421946194223788,,1.0,81.0,882.0,1234.567901234568,0.0,,1.1165384624331116,,100000.0,,2.0,53.0,2026100607.0,-0.131623132177013,"[2026100607, 100000, 4, 53]",0.0,False,0.012226053791652,False,0.0,ok,,0.0400921250111423
ridge_medium,100000,4,,53,4,-0.131623132177013,-0.2108471060608802,,,-0.3424702382378933,,1.0,256.0,147.0,390.625,0.0,,1.2075517603161046,,100000.0,,2.0,53.0,2026100607.0,-0.131623132177013,"[2026100607, 100000, 4, 53]",0.0,False,0.0444565021342481,False,0.0,ok,,0.0412313750130124
ridge_medium,100000,4,,53,5,-0.131623132177013,-0.3561249789776148,,,-0.4877481111546279,,1.0,625.0,57.0,160.0,0.0,,1.3315549450755126,,100000.0,,2.0,53.0,2026100607.0,-0.131623132177013,"[2026100607, 100000, 4, 53]",0.0,False,0.1268250006518066,False,0.0,ok,,0.0413489579805173
ridge_medium,100000,4,,53,6,-0.131623132177013,-0.5466238627650386,,,-0.6782469949420517,,1.0,1296.0,14.0,77.1604938271605,0.0,,1.4887911915821006,,100000.0,,2.0,53.0,2026100607.0,-0.131623132177013,"[2026100607, 100000, 4, 53]",0.0,False,0.2987976473441717,False,0.0,ok,,0.0425336670014075
ridge_medium,100000,4,,53,7,-0.131623132177013,-0.7968137869551136,,,-0.9284369191321268,,1.0,2401.0,6.0,41.649312786339024,0.0,,1.6828999839544505,,100000.0,,2.0,53.0,2026100607.0,-0.131623132177013,"[2026100607, 100000, 4, 53]",0.0,False,0.6349122110817492,False,0.0,ok,,0.0445412910194136
ridge_medium,100000,4,,54,1,-0.131623132177013,0.1187853632310523,,,-0.0128377689459607,,1.0,1.0,100000.0,100000.0,0.0,,1.0127683681395792,,100000.0,,2.0,54.0,2026100607.0,-0.131623132177013,"[2026100607, 100000, 4, 54]",0.0,False,0.014109962517933,False,0.0,ok,,0.0469671669998206
ridge_medium,100000,4,,54,2,-0.131623132177013,0.0199974632280101,,,-0.1116256689490029,,1.0,16.0,4458.0,6250.0,0.0,,1.0512207462644036,,100000.0,,2.0,54.0,2026100607.0,-0.131623132177013,"[2026100607, 100000, 4, 54]",0.0,False,0.0003998985355556,False,0.0,ok,,0.04333558405051
ridge_medium,100000,4,,54,3,-0.131623132177013,-0.107606321836441,,,-0.2392294540134541,,1.0,81.0,883.0,1234.567901234568,0.0,,1.1163319073830524,,100000.0,,2.0,54.0,2026100607.0,-0.131623132177013,"[2026100607, 100000, 4, 54]",0.0,False,0.0115791204991677,False,0.0,ok,,0.0402020830078981
ridge_medium,100000,4,,54,4,-0.131623132177013,-0.2122453425840789,,,-0.343868474761092,,1.0,256.0,135.0,390.625,0.0,,1.2078866853457837,,100000.0,,2.0,54.0,2026100607.0,-0.131623132177013,"[2026100607, 100000, 4, 54]",0.0,False,0.045048085448633,False,0.0,ok,,0.0423462080070748
ridge_medium,100000,4,,54,5,-0.131623132177013,-0.35556862651053,,,-0.487191758687543,,1.0,625.0,56.0,160.0,0.0,,1.3311397206774174,,100000.0,,2.0,54.0,2026100607.0,-0.131623132177013,"[2026100607, 100000, 4, 54]",0.0,False,0.1264290481585847,False,0.0,ok,,0.0424263750319369
ridge_medium,100000,4,,54,6,-0.131623132177013,-0.5445444186072881,,,-0.6761675507843011,,1.0,1296.0,15.0,77.1604938271605,0.0,,1.4897708573548172,,100000.0,,2.0,54.0,2026100607.0,-0.131623132177013,"[2026100607, 100000, 4, 54]",0.0,False,0.2965286238363493,False,0.0,ok,,0.0418388749822042
ridge_medium,100000,4,,54,7,-0.131623132177013,-0.7983024372455853,,,-0.9299255694225984,,1.0,2401.0,7.0,41.649312786339024,0.0,,1.684369771731743,,100000.0,,2.0,54.0,2026100607.0,-0.131623132177013,"[2026100607, 100000, 4, 54]",0.0,False,0.6372867813122416,False,0.0,ok,,0.0446359160123392
ridge_medium,100000,4,,55,1,-0.131623132177013,0.1189497833717446,,,-0.0126733488052684,,1.0,1.0,100000.0,100000.0,0.0,,1.0126274088083076,,100000.0,,2.0,55.0,2026100607.0,-0.131623132177013,"[2026100607, 100000, 4, 55]",0.0,False,0.0141490509641849,False,0.0,ok,,0.0480281250202097
ridge_medium,100000,4,,55,2,-0.131623132177013,0.0185125262197083,,,-0.1131106059573047,,1.0,16.0,4367.0,6250.0,0.0,,1.050942413245026,,100000.0,,2.0,55.0,2026100607.0,-0.131623132177013,"[2026100607, 100000, 4, 55]",0.0,False,0.0003427136270353,False,0.0,ok,,0.0432610409916378
ridge_medium,100000,4,,55,3,-0.131623132177013,-0.109222637349173,,,-0.2408457695261861,,1.0,81.0,870.0,1234.567901234568,0.0,,1.1152139159775765,,100000.0,,2.0,55.0,2026100607.0,-0.131623132177013,"[2026100607, 100000, 4, 55]",0.0,False,0.0119295845095089,False,0.0,ok,,0.0401390000479295
ridge_medium,100000,4,,55,4,-0.131623132177013,-0.2126561753907143,,,-0.3442793075677274,,1.0,256.0,134.0,390.625,0.0,,1.2083722408379087,,100000.0,,2.0,55.0,2026100607.0,-0.131623132177013,"[2026100607, 100000, 4, 55]",0.0,False,0.0452226489318062,False,0.0,ok,,0.0428452909691259
ridge_medium,100000,4,,55,5,-0.131623132177013,-0.3578538038269515,,,-0.4894769360039646,,1.0,625.0,48.0,160.0,0.0,,1.331942169084679,,100000.0,,2.0,55.0,2026100607.0,-0.131623132177013,"[2026100607, 100000, 4, 55]",0.0,False,0.1280593449134183,False,0.0,ok,,0.0418143330025486
ridge_medium,100000,4,,55,6,-0.131623132177013,-0.5446408496512142,,,-0.6762639818282272,,1.0,1296.0,15.0,77.1604938271605,0.0,,1.4900557302712054,,100000.0,,2.0,55.0,2026100607.0,-0.131623132177013,"[2026100607, 100000, 4, 55]",0.0,False,0.2966336551087964,False,0.0,ok,,0.0415017089690081
ridge_medium,100000,4,,55,7,-0.131623132177013,-0.8042960125638402,,,-0.9359191447408532,,1.0,2401.0,5.0,41.649312786339024,0.0,,1.6828991495209966,,100000.0,,2.0,55.0,2026100607.0,-0.131623132177013,"[2026100607, 100000, 4, 55]",0.0,False,0.646892075826093,False,0.0,ok,,0.0434960420243442
ridge_medium,100000,4,,56,1,-0.131623132177013,0.1192568367382468,,,-0.0123662954387662,,1.0,1.0,100000.0,100000.0,0.0,,1.012837468986588,,100000.0,,2.0,56.0,2026100607.0,-0.131623132177013,"[2026100607, 100000, 4, 56]",0.0,False,0.0142221931088128,False,0.0,ok,,0.0475570830167271
ridge_medium,100000,4,,56,2,-0.131623132177013,0.0200057841937665,,,-0.1116173479832464,,1.0,16.0,4400.0,6250.0,0.0,,1.051029201656094,,100000.0,,2.0,56.0,2026100607.0,-0.131623132177013,"[2026100607, 100000, 4, 56]",0.0,False,0.0004002314012075,False,0.0,ok,,0.0420192090095952
ridge_medium,100000,4,,56,3,-0.131623132177013,-0.1099054113678429,,,-0.241528543544856,,1.0,81.0,873.0,1234.567901234568,0.0,,1.1155515127076154,,100000.0,,2.0,56.0,2026100607.0,-0.131623132177013,"[2026100607, 100000, 4, 56]",0.0,False,0.0120791994479347,False,0.0,ok,,0.0404966250061988
ridge_medium,100000,4,,56,4,-0.131623132177013,-0.2104943461945427,,,-0.3421174783715558,,1.0,256.0,138.0,390.625,0.0,,1.2077223051362609,,100000.0,,2.0,56.0,2026100607.0,-0.131623132177013,"[2026100607, 100000, 4, 56]",0.0,False,0.044307869779868,False,0.0,ok,,0.0413786660064943
ridge_medium,100000,4,,56,5,-0.131623132177013,-0.3560147091754942,,,-0.4876378413525074,,1.0,625.0,55.0,160.0,0.0,,1.3317447560043614,,100000.0,,2.0,56.0,2026100607.0,-0.131623132177013,"[2026100607, 100000, 4, 56]",0.0,False,0.1267464731493117,False,0.0,ok,,0.0402517920010723
ridge_medium,100000,4,,56,6,-0.131623132177013,-0.5453720548246191,,,-0.6769951870016322,,1.0,1296.0,15.0,77.1604938271605,0.0,,1.4905235000802803,,100000.0,,2.0,56.0,2026100607.0,-0.131623132177013,"[2026100607, 100000, 4, 56]",0.0,False,0.2974306781836274,False,0.0,ok,,0.0415072499890811
ridge_medium,100000,4,,56,7,-0.131623132177013,-0.8006206893205753,,,-0.9322438214975884,,1.0,2401.0,5.0,41.649312786339024,0.0,,1.681105944053867,,100000.0,,2.0,56.0,2026100607.0,-0.131623132177013,"[2026100607, 100000, 4, 56]",0.0,False,0.6409934881681532,False,0.0,ok,,0.04444450000301
ridge_medium,100000,4,,57,1,-0.131623132177013,0.118779916631103,,,-0.0128432155459099,,1.0,1.0,100000.0,100000.0,0.0,,1.012814451309483,,100000.0,,2.0,57.0,2026100607.0,-0.131623132177013,"[2026100607, 100000, 4, 57]",0.0,False,0.0141086685948917,False,0.0,ok,,0.0462257920298725
ridge_medium,100000,4,,57,2,-0.131623132177013,0.0172398165653194,,,-0.1143833156116936,,1.0,16.0,4293.0,6250.0,0.0,,1.0509063515959762,,100000.0,,2.0,57.0,2026100607.0,-0.131623132177013,"[2026100607, 100000, 4, 57]",0.0,False,0.0002972112752058,False,0.0,ok,,0.0425208749948069
ridge_medium,100000,4,,57,3,-0.131623132177013,-0.1102189373234283,,,-0.2418420695004414,,1.0,81.0,882.0,1234.567901234568,0.0,,1.1150189229555003,,100000.0,,2.0,57.0,2026100607.0,-0.131623132177013,"[2026100607, 100000, 4, 57]",0.0,False,0.0121482141447058,False,0.0,ok,,0.039716082974337
ridge_medium,100000,4,,57,4,-0.131623132177013,-0.2121720964889017,,,-0.3437952286659148,,1.0,256.0,135.0,390.625,0.0,,1.2075862457719555,,100000.0,,2.0,57.0,2026100607.0,-0.131623132177013,"[2026100607, 100000, 4, 57]",0.0,False,0.0450169985284958,False,0.0,ok,,0.040854417020455
ridge_medium,100000,4,,57,5,-0.131623132177013,-0.3564647164579406,,,-0.4880878486349537,,1.0,625.0,55.0,160.0,0.0,,1.3307068966102686,,100000.0,,2.0,57.0,2026100607.0,-0.131623132177013,"[2026100607, 100000, 4, 57]",0.0,False,0.12706709407944,False,0.0,ok,,0.0409415410249494
ridge_medium,100000,4,,57,6,-0.131623132177013,-0.5462378106271449,,,-0.677860942804158,,1.0,1296.0,13.0,77.1604938271605,0.0,,1.4887027561863,,100000.0,,2.0,57.0,2026100607.0,-0.131623132177013,"[2026100607, 100000, 4, 57]",0.0,False,0.2983757457587366,False,0.0,ok,,0.0422371660242788
ridge_medium,100000,4,,57,7,-0.131623132177013,-0.8006858112508214,,,-0.9323089434278344,,1.0,2401.0,6.0,41.649312786339024,0.0,,1.6871867594562238,,100000.0,,2.0,57.0,2026100607.0,-0.131623132177013,"[2026100607, 100000, 4, 57]",0.0,False,0.6410977683383859,False,0.0,ok,,0.0446132909855805
ridge_medium,100000,4,,58,1,-0.131623132177013,0.1187886132132391,,,-0.0128345189637738,,1.0,1.0,100000.0,100000.0,0.0,,1.0126163149554726,,100000.0,,2.0,58.0,2026100607.0,-0.131623132177013,"[2026100607, 100000, 4, 58]",0.0,False,0.0141107346291245,False,0.0,ok,,0.0467217499972321
ridge_medium,100000,4,,58,2,-0.131623132177013,0.0189573217426438,,,-0.1126658104343692,,1.0,16.0,4364.0,6250.0,0.0,,1.051002944653272,,100000.0,,2.0,58.0,2026100607.0,-0.131623132177013,"[2026100607, 100000, 4, 58]",0.0,False,0.0003593800476541,False,0.0,ok,,0.041821707971394
ridge_medium,100000,4,,58,3,-0.131623132177013,-0.108316799134998,,,-0.239939931312011,,1.0,81.0,876.0,1234.567901234568,0.0,,1.116681756234107,,100000.0,,2.0,58.0,2026100607.0,-0.131623132177013,"[2026100607, 100000, 4, 58]",0.0,False,0.0117325289748515,False,0.0,ok,,0.0399805000051856
ridge_medium,100000,4,,58,4,-0.131623132177013,-0.2096103593999371,,,-0.3412334915769502,,1.0,256.0,142.0,390.625,0.0,,1.2082566132381165,,100000.0,,2.0,58.0,2026100607.0,-0.131623132177013,"[2026100607, 100000, 4, 58]",0.0,False,0.0439365027677708,False,0.0,ok,,0.0411737500107847
ridge_medium,100000,4,,58,5,-0.131623132177013,-0.3555189855789088,,,-0.4871421177559219,,1.0,625.0,54.0,160.0,0.0,,1.3316335236649446,,100000.0,,2.0,58.0,2026100607.0,-0.131623132177013,"[2026100607, 100000, 4, 58]",0.0,False,0.1263937491070563,False,0.0,ok,,0.042371625022497
ridge_medium,100000,4,,58,6,-0.131623132177013,-0.5453114554825587,,,-0.6769345876595717,,1.0,1296.0,15.0,77.1604938271605,0.0,,1.4889022378525405,,100000.0,,2.0,58.0,2026100607.0,-0.131623132177013,"[2026100607, 100000, 4, 58]",0.0,False,0.2973645834805065,False,0.0,ok,,0.0416649170219898
ridge_medium,100000,4,,58,7,-0.131623132177013,-0.7982330914056036,,,-0.9298562235826168,,1.0,2401.0,5.0,41.649312786339024,0.0,,1.6826460835874408,,100000.0,,2.0,58.0,2026100607.0,-0.131623132177013,"[2026100607, 100000, 4, 58]",0.0,False,0.6371760682149468,False,0.0,ok,,0.0440067920135334
ridge_medium,100000,4,,59,1,-0.131623132177013,0.1192509798304365,,,-0.0123721523465765,,1.0,1.0,100000.0,100000.0,0.0,,1.0126866770718546,,100000.0,,2.0,59.0,2026100607.0,-0.131623132177013,"[2026100607, 100000, 4, 59]",0.0,False,0.0142207961905191,False,0.0,ok,,0.048010291007813
ridge_medium,100000,4,,59,2,-0.131623132177013,0.0224716070861624,,,-0.1091515250908506,,1.0,16.0,4474.0,6250.0,0.0,,1.0507992712978045,,100000.0,,2.0,59.0,2026100607.0,-0.131623132177013,"[2026100607, 100000, 4, 59]",0.0,False,0.0005049731250348,False,0.0,ok,,0.0434570840443484
ridge_medium,100000,4,,59,3,-0.131623132177013,-0.1065251150881697,,,-0.2381482472651827,,1.0,81.0,889.0,1234.567901234568,0.0,,1.1157441239155872,,100000.0,,2.0,59.0,2026100607.0,-0.131623132177013,"[2026100607, 100000, 4, 59]",0.0,False,0.0113476001445478,False,0.0,ok,,0.0403340419870801
ridge_medium,100000,4,,59,4,-0.131623132177013,-0.2072350077942061,,,-0.3388581399712192,,1.0,256.0,144.0,390.625,0.0,,1.207809992630361,,100000.0,,2.0,59.0,2026100607.0,-0.131623132177013,"[2026100607, 100000, 4, 59]",0.0,False,0.0429463484554646,False,0.0,ok,,0.0410647919634357
ridge_medium,100000,4,,59,5,-0.131623132177013,-0.3530680263839754,,,-0.4846911585609885,,1.0,625.0,62.0,160.0,0.0,,1.3316872624735605,,100000.0,,2.0,59.0,2026100607.0,-0.131623132177013,"[2026100607, 100000, 4, 59]",0.0,False,0.1246570312546755,False,0.0,ok,,0.0404282919480465
ridge_medium,100000,4,,59,6,-0.131623132177013,-0.5424743601508325,,,-0.6740974923278455,,1.0,1296.0,15.0,77.1604938271605,0.0,,1.49039626472565,,100000.0,,2.0,59.0,2026100607.0,-0.131623132177013,"[2026100607, 100000, 4, 59]",0.0,False,0.2942784314210551,False,0.0,ok,,0.041521625011228
ridge_medium,100000,4,,59,7,-0.131623132177013,-0.7955267866477815,,,-0.9271499188247946,,1.0,2401.0,5.0,41.649312786339024,0.0,,1.683200261373884,,100000.0,,2.0,59.0,2026100607.0,-0.131623132177013,"[2026100607, 100000, 4, 59]",0.0,False,0.632862868274145,False,0.0,ok,,0.0440274999709799
ridge_medium,100000,4,,60,1,-0.131623132177013,0.1183906608284967,,,-0.0132324713485163,,1.0,1.0,100000.0,100000.0,0.0,,1.0126596451463992,,100000.0,,2.0,60.0,2026100607.0,-0.131623132177013,"[2026100607, 100000, 4, 60]",0.0,False,0.0140163485714081,False,0.0,ok,,0.0471286659594625
ridge_medium,100000,4,,60,2,-0.131623132177013,0.0187145697728718,,,-0.1129085624041412,,1.0,16.0,4356.0,6250.0,0.0,,1.0501156451023086,,100000.0,,2.0,60.0,2026100607.0,-0.131623132177013,"[2026100607, 100000, 4, 60]",0.0,False,0.0003502351217836,False,0.0,ok,,0.0421803329954855
ridge_medium,100000,4,,60,3,-0.131623132177013,-0.110779258524676,,,-0.2424023907016891,,1.0,81.0,861.0,1234.567901234568,0.0,,1.1154489476750904,,100000.0,,2.0,60.0,2026100607.0,-0.131623132177013,"[2026100607, 100000, 4, 60]",0.0,False,0.012272044119277,False,0.0,ok,,0.0400672090472653
ridge_medium,100000,4,,60,4,-0.131623132177013,-0.2131188287766274,,,-0.3447419609536405,,1.0,256.0,142.0,390.625,0.0,,1.2088751766096344,,100000.0,,2.0,60.0,2026100607.0,-0.131623132177013,"[2026100607, 100000, 4, 60]",0.0,False,0.0454196351791214,False,0.0,ok,,0.0412239579600282
ridge_medium,100000,4,,60,5,-0.131623132177013,-0.3580474159160678,,,-0.4896705480930809,,1.0,625.0,58.0,160.0,0.0,,1.3311838976524493,,100000.0,,2.0,60.0,2026100607.0,-0.131623132177013,"[2026100607, 100000, 4, 60]",0.0,False,0.1281979520441736,False,0.0,ok,,0.0404855000087991
ridge_medium,100000,4,,60,6,-0.131623132177013,-0.5464682772739525,,,-0.6780914094509656,,1.0,1296.0,16.0,77.1604938271605,0.0,,1.491398589117414,,100000.0,,2.0,60.0,2026100607.0,-0.131623132177013,"[2026100607, 100000, 4, 60]",0.0,False,0.2986275780667615,False,0.0,ok,,0.041919459006749
ridge_medium,100000,4,,60,7,-0.131623132177013,-0.8053472281173973,,,-0.9369703602944104,,1.0,2401.0,4.0,41.649312786339024,0.0,,1.683552716631953,,100000.0,,2.0,60.0,2026100607.0,-0.131623132177013,"[2026100607, 100000, 4, 60]",0.0,False,0.6485841578363752,False,0.0,ok,,0.0439712079823948
ridge_medium,100000,4,,61,1,-0.131623132177013,0.1188582066952403,,,-0.0127649254817727,,1.0,1.0,100000.0,100000.0,0.0,,1.0125948677839487,,100000.0,,2.0,61.0,2026100607.0,-0.131623132177013,"[2026100607, 100000, 4, 61]",0.0,False,0.0141272732988084,False,0.0,ok,,0.0471959170536138
ridge_medium,100000,4,,61,2,-0.131623132177013,0.0215654011659069,,,-0.1100577310111061,,1.0,16.0,4368.0,6250.0,0.0,,1.0510354278337193,,100000.0,,2.0,61.0,2026100607.0,-0.131623132177013,"[2026100607, 100000, 4, 61]",0.0,False,0.0004650665274465,False,0.0,ok,,0.0417729580076411
ridge_medium,100000,4,,61,3,-0.131623132177013,-0.1062782088919623,,,-0.2379013410689754,,1.0,81.0,856.0,1234.567901234568,0.0,,1.116097573024865,,100000.0,,2.0,61.0,2026100607.0,-0.131623132177013,"[2026100607, 100000, 4, 61]",0.0,False,0.0112950576852835,False,0.0,ok,,0.0397012080065906
ridge_medium,100000,4,,61,4,-0.131623132177013,-0.209933901043419,,,-0.3415570332204321,,1.0,256.0,139.0,390.625,0.0,,1.2080040398874112,,100000.0,,2.0,61.0,2026100607.0,-0.131623132177013,"[2026100607, 100000, 4, 61]",0.0,False,0.044072242807308,False,0.0,ok,,0.0413403749698773
ridge_medium,100000,4,,61,5,-0.131623132177013,-0.3540008941550933,,,-0.4856240263321064,,1.0,625.0,51.0,160.0,0.0,,1.3321352236993835,,100000.0,,2.0,61.0,2026100607.0,-0.131623132177013,"[2026100607, 100000, 4, 61]",0.0,False,0.1253166330626055,False,0.0,ok,,0.0410860420088283
ridge_medium,100000,4,,61,6,-0.131623132177013,-0.546841447240967,,,-0.67846457941798,,1.0,1296.0,15.0,77.1604938271605,0.0,,1.4905780356704317,,100000.0,,2.0,61.0,2026100607.0,-0.131623132177013,"[2026100607, 100000, 4, 61]",0.0,False,0.2990355684205952,False,0.0,ok,,0.0412984589929692
ridge_medium,100000,4,,61,7,-0.131623132177013,-0.7988668121927767,,,-0.9304899443697896,,1.0,2401.0,8.0,41.649312786339024,0.0,,1.6815784925679242,,100000.0,,2.0,61.0,2026100607.0,-0.131623132177013,"[2026100607, 100000, 4, 61]",0.0,False,0.6381881836230491,False,0.0,ok,,0.0434427500003948
ridge_medium,100000,4,,62,1,-0.131623132177013,0.11888777203501,,,-0.012735360142003,,1.0,1.0,100000.0,100000.0,0.0,,1.0127024001264089,,100000.0,,2.0,62.0,2026100607.0,-0.131623132177013,"[2026100607, 100000, 4, 62]",0.0,False,0.0141343023394485,False,0.0,ok,,0.0470869580167345
ridge_medium,100000,4,,62,2,-0.131623132177013,0.020554582164472,,,-0.111068550012541,,1.0,16.0,4442.0,6250.0,0.0,,1.0510847066558566,,100000.0,,2.0,62.0,2026100607.0,-0.131623132177013,"[2026100607, 100000, 4, 62]",0.0,False,0.000422490847956,False,0.0,ok,,0.0422764999675564
ridge_medium,100000,4,,62,3,-0.131623132177013,-0.1056478288036028,,,-0.2372709609806159,,1.0,81.0,863.0,1234.567901234568,0.0,,1.1156944674445637,,100000.0,,2.0,62.0,2026100607.0,-0.131623132177013,"[2026100607, 100000, 4, 62]",0.0,False,0.0111614637309153,False,0.0,ok,,0.0401603750069625
ridge_medium,100000,4,,62,4,-0.131623132177013,-0.2074803385571491,,,-0.3391034707341622,,1.0,256.0,146.0,390.625,0.0,,1.2086101617820388,,100000.0,,2.0,62.0,2026100607.0,-0.131623132177013,"[2026100607, 100000, 4, 62]",0.0,False,0.0430480908877892,False,0.0,ok,,0.0432022499735467
ridge_medium,100000,4,,62,5,-0.131623132177013,-0.352162228522148,,,-0.4837853606991611,,1.0,625.0,58.0,160.0,0.0,,1.3325347254770392,,100000.0,,2.0,62.0,2026100607.0,-0.131623132177013,"[2026100607, 100000, 4, 62]",0.0,False,0.1240182351976856,False,0.0,ok,,0.0426936669973656
ridge_medium,100000,4,,62,6,-0.131623132177013,-0.5451829346763872,,,-0.6768060668534003,,1.0,1296.0,16.0,77.1604938271605,0.0,,1.4878723189196374,,100000.0,,2.0,62.0,2026100607.0,-0.131623132177013,"[2026100607, 100000, 4, 62]",0.0,False,0.2972244322623579,False,0.0,ok,,0.0432423329912126
ridge_medium,100000,4,,62,7,-0.131623132177013,-0.7956279794734746,,,-0.9272511116504876,,1.0,2401.0,5.0,41.649312786339024,0.0,,1.677728567539162,,100000.0,,2.0,62.0,2026100607.0,-0.131623132177013,"[2026100607, 100000, 4, 62]",0.0,False,0.6330238817210437,False,0.0,ok,,0.0437201670138165
ridge_medium,100000,4,,63,1,-0.131623132177013,0.1190799381216314,,,-0.0125431940553816,,1.0,1.0,100000.0,100000.0,0.0,,1.012825768210068,,100000.0,,2.0,63.0,2026100607.0,-0.131623132177013,"[2026100607, 100000, 4, 63]",0.0,False,0.0141800316630515,False,0.0,ok,,0.0462288749986328
ridge_medium,100000,4,,63,2,-0.131623132177013,0.0214217342768898,,,-0.1102013979001231,,1.0,16.0,4467.0,6250.0,0.0,,1.051051550897085,,100000.0,,2.0,63.0,2026100607.0,-0.131623132177013,"[2026100607, 100000, 4, 63]",0.0,False,0.0004588906994296,False,0.0,ok,,0.0437010410241782
ridge_medium,100000,4,,63,3,-0.131623132177013,-0.1046755399309165,,,-0.2362986721079295,,1.0,81.0,888.0,1234.567901234568,0.0,,1.1159028221007603,,100000.0,,2.0,63.0,2026100607.0,-0.131623132177013,"[2026100607, 100000, 4, 63]",0.0,False,0.0109569686598288,False,0.0,ok,,0.0410476669785566
ridge_medium,100000,4,,63,4,-0.131623132177013,-0.2079126454844952,,,-0.3395357776615083,,1.0,256.0,145.0,390.625,0.0,,1.2091038343279947,,100000.0,,2.0,63.0,2026100607.0,-0.131623132177013,"[2026100607, 100000, 4, 63]",0.0,False,0.0432276681523613,False,0.0,ok,,0.0444823750294745
ridge_medium,100000,4,,63,5,-0.131623132177013,-0.3524604812453283,,,-0.4840836134223414,,1.0,625.0,59.0,160.0,0.0,,1.332870303796153,,100000.0,,2.0,63.0,2026100607.0,-0.131623132177013,"[2026100607, 100000, 4, 63]",0.0,False,0.1242283908396884,False,0.0,ok,,0.0422550829825922
ridge_medium,100000,4,,63,6,-0.131623132177013,-0.5430485370919759,,,-0.6746716692689889,,1.0,1296.0,14.0,77.1604938271605,0.0,,1.488347644239662,,100000.0,,2.0,63.0,2026100607.0,-0.131623132177013,"[2026100607, 100000, 4, 63]",0.0,False,0.2949017136377351,False,0.0,ok,,0.0424464999814517
ridge_medium,100000,4,,63,7,-0.131623132177013,-0.7990444569612335,,,-0.9306675891382464,,1.0,2401.0,7.0,41.649312786339024,0.0,,1.6822350495380731,,100000.0,,2.0,63.0,2026100607.0,-0.131623132177013,"[2026100607, 100000, 4, 63]",0.0,False,0.6384720442004725,False,0.0,ok,,0.0444227500120177
ridge_medium,100000,4,,64,1,-0.131623132177013,0.1187364107828582,,,-0.0128867213941548,,1.0,1.0,100000.0,100000.0,0.0,,1.0127187237335755,,100000.0,,2.0,64.0,2026100607.0,-0.131623132177013,"[2026100607, 100000, 4, 64]",0.0,False,0.0140983352455956,False,0.0,ok,,0.0477520829881541
ridge_medium,100000,4,,64,2,-0.131623132177013,0.0173027333408308,,,-0.1143203988361822,,1.0,16.0,4353.0,6250.0,0.0,,1.0504175989472495,,100000.0,,2.0,64.0,2026100607.0,-0.131623132177013,"[2026100607, 100000, 4, 64]",0.0,False,0.0002993845810639,False,0.0,ok,,0.0451910420088097
ridge_medium,100000,4,,64,3,-0.131623132177013,-0.1088848434866053,,,-0.2405079756636184,,1.0,81.0,883.0,1234.567901234568,0.0,,1.1157909965987431,,100000.0,,2.0,64.0,2026100607.0,-0.131623132177013,"[2026100607, 100000, 4, 64]",0.0,False,0.0118559091411025,False,0.0,ok,,0.044334499980323
ridge_medium,100000,4,,64,4,-0.131623132177013,-0.2102586424483458,,,-0.3418817746253589,,1.0,256.0,133.0,390.625,0.0,,1.206433660546579,,100000.0,,2.0,64.0,2026100607.0,-0.131623132177013,"[2026100607, 100000, 4, 64]",0.0,False,0.0442086967242213,False,0.0,ok,,0.0433538749930448
ridge_medium,100000,4,,64,5,-0.131623132177013,-0.3542791782608568,,,-0.4859023104378699,,1.0,625.0,56.0,160.0,0.0,,1.331699126360305,,100000.0,,2.0,64.0,2026100607.0,-0.131623132177013,"[2026100607, 100000, 4, 64]",0.0,False,0.1255137361491879,False,0.0,ok,,0.0416758329956792
ridge_medium,100000,4,,64,6,-0.131623132177013,-0.547858945803699,,,-0.679482077980712,,1.0,1296.0,12.0,77.1604938271605,0.0,,1.489650936242674,,100000.0,,2.0,64.0,2026100607.0,-0.131623132177013,"[2026100607, 100000, 4, 64]",0.0,False,0.3001494244971404,False,0.0,ok,,0.0413776659988798
ridge_medium,100000,4,,64,7,-0.131623132177013,-0.802189065682706,,,-0.933812197859719,,1.0,2401.0,8.0,41.649312786339024,0.0,,1.6817494801354969,,100000.0,,2.0,64.0,2026100607.0,-0.131623132177013,"[2026100607, 100000, 4, 64]",0.0,False,0.6435072971008927,False,0.0,ok,,0.0441167500102892
ridge_medium,100000,4,,65,1,-0.131623132177013,0.118894298722176,,,-0.012728833454837,,1.0,1.0,100000.0,100000.0,0.0,,1.012443633205719,,100000.0,,2.0,65.0,2026100607.0,-0.131623132177013,"[2026100607, 100000, 4, 65]",0.0,False,0.014135854268638,False,0.0,ok,,0.0478681669919751
ridge_medium,100000,4,,65,2,-0.131623132177013,0.0199810336763859,,,-0.1116420985006271,,1.0,16.0,4417.0,6250.0,0.0,,1.0503444707566898,,100000.0,,2.0,65.0,2026100607.0,-0.131623132177013,"[2026100607, 100000, 4, 65]",0.0,False,0.0003992417067768,False,0.0,ok,,0.042583416972775
ridge_medium,100000,4,,65,3,-0.131623132177013,-0.1091208484541205,,,-0.2407439806311336,,1.0,81.0,862.0,1234.567901234568,0.0,,1.114447720121329,,100000.0,,2.0,65.0,2026100607.0,-0.131623132177013,"[2026100607, 100000, 4, 65]",0.0,False,0.0119073595673471,False,0.0,ok,,0.0401343749836087
ridge_medium,100000,4,,65,4,-0.131623132177013,-0.2111650429337243,,,-0.3427881751107374,,1.0,256.0,138.0,390.625,0.0,,1.207815629986868,,100000.0,,2.0,65.0,2026100607.0,-0.131623132177013,"[2026100607, 100000, 4, 65]",0.0,False,0.0445906753572016,False,0.0,ok,,0.0416742920060642
ridge_medium,100000,4,,65,5,-0.131623132177013,-0.355680003336408,,,-0.4873031355134211,,1.0,625.0,61.0,160.0,0.0,,1.3307162385441105,,100000.0,,2.0,65.0,2026100607.0,-0.131623132177013,"[2026100607, 100000, 4, 65]",0.0,False,0.1265082647733872,False,0.0,ok,,0.0420681670075282
ridge_medium,100000,4,,65,6,-0.131623132177013,-0.5428090157361205,,,-0.6744321479131336,,1.0,1296.0,14.0,77.1604938271605,0.0,,1.4887388150772567,,100000.0,,2.0,65.0,2026100607.0,-0.131623132177013,"[2026100607, 100000, 4, 65]",0.0,False,0.2946416275644159,False,0.0,ok,,0.0431379580404609
ridge_medium,100000,4,,65,7,-0.131623132177013,-0.7983217427022369,,,-0.92994487487925,,1.0,2401.0,6.0,41.649312786339024,0.0,,1.6805297723660224,,100000.0,,2.0,65.0,2026100607.0,-0.131623132177013,"[2026100607, 100000, 4, 65]",0.0,False,0.6373176048711365,False,0.0,ok,,0.0456757079809904
ridge_medium,100000,4,,66,1,-0.131623132177013,0.1191505763394113,,,-0.0124725558376017,,1.0,1.0,100000.0,100000.0,0.0,,1.012806990261394,,100000.0,,2.0,66.0,2026100607.0,-0.131623132177013,"[2026100607, 100000, 4, 66]",0.0,False,0.0141968598420138,False,0.0,ok,,0.0465613750275224
ridge_medium,100000,4,,66,2,-0.131623132177013,0.0192737807593901,,,-0.1123493514176229,,1.0,16.0,4302.0,6250.0,0.0,,1.0505848530139803,,100000.0,,2.0,66.0,2026100607.0,-0.131623132177013,"[2026100607, 100000, 4, 66]",0.0,False,0.000371478624761,False,0.0,ok,,0.0424970420426689
ridge_medium,100000,4,,66,3,-0.131623132177013,-0.1085300434633539,,,-0.240153175640367,,1.0,81.0,860.0,1234.567901234568,0.0,,1.1151516618369683,,100000.0,,2.0,66.0,2026100607.0,-0.131623132177013,"[2026100607, 100000, 4, 66]",0.0,False,0.0117787703341574,False,0.0,ok,,0.0419680410414002
ridge_medium,100000,4,,66,4,-0.131623132177013,-0.2111182018586208,,,-0.3427413340356339,,1.0,256.0,130.0,390.625,0.0,,1.2076459608510506,,100000.0,,2.0,66.0,2026100607.0,-0.131623132177013,"[2026100607, 100000, 4, 66]",0.0,False,0.0445708951560173,False,0.0,ok,,0.0428751660510897
ridge_medium,100000,4,,66,5,-0.131623132177013,-0.3539791920383984,,,-0.4856023242154115,,1.0,625.0,58.0,160.0,0.0,,1.3319505765219737,,100000.0,,2.0,66.0,2026100607.0,-0.131623132177013,"[2026100607, 100000, 4, 66]",0.0,False,0.1253012683961573,False,0.0,ok,,0.041687290999107
ridge_medium,100000,4,,66,6,-0.131623132177013,-0.5446551286113399,,,-0.676278260788353,,1.0,1296.0,15.0,77.1604938271605,0.0,,1.4897836108940243,,100000.0,,2.0,66.0,2026100607.0,-0.131623132177013,"[2026100607, 100000, 4, 66]",0.0,False,0.2966492091226352,False,0.0,ok,,0.0451884169597178
ridge_medium,100000,4,,66,7,-0.131623132177013,-0.7962751612969153,,,-0.9278982934739284,,1.0,2401.0,6.0,41.649312786339024,0.0,,1.682030043061303,,100000.0,,2.0,66.0,2026100607.0,-0.131623132177013,"[2026100607, 100000, 4, 66]",0.0,False,0.6340541324984286,False,0.0,ok,,0.046209332998842
ridge_medium,100000,4,,67,1,-0.131623132177013,0.1190413879363044,,,-0.0125817442407086,,1.0,1.0,100000.0,100000.0,0.0,,1.012909600092967,,100000.0,,2.0,67.0,2026100607.0,-0.131623132177013,"[2026100607, 100000, 4, 67]",0.0,False,0.0141708520418017,False,0.0,ok,,0.0471250000409781
ridge_medium,100000,4,,67,2,-0.131623132177013,0.0190777553979205,,,-0.1125453767790925,,1.0,16.0,4406.0,6250.0,0.0,,1.0510277517733255,,100000.0,,2.0,67.0,2026100607.0,-0.131623132177013,"[2026100607, 100000, 4, 67]",0.0,False,0.0003639607510228,False,0.0,ok,,0.0452616660040803
ridge_medium,100000,4,,67,3,-0.131623132177013,-0.1070216114732033,,,-0.2386447436502163,,1.0,81.0,882.0,1234.567901234568,0.0,,1.115986784466794,,100000.0,,2.0,67.0,2026100607.0,-0.131623132177013,"[2026100607, 100000, 4, 67]",0.0,False,0.0114536253223212,False,0.0,ok,,0.0413687090040184
ridge_medium,100000,4,,67,4,-0.131623132177013,-0.2090447662556854,,,-0.3406678984326985,,1.0,256.0,139.0,390.625,0.0,,1.2088406542467496,,100000.0,,2.0,67.0,2026100607.0,-0.131623132177013,"[2026100607, 100000, 4, 67]",0.0,False,0.0436997142988941,False,0.0,ok,,0.042287332995329
ridge_medium,100000,4,,67,5,-0.131623132177013,-0.35578016019234,,,-0.4874032923693531,,1.0,625.0,53.0,160.0,0.0,,1.3330285315756445,,100000.0,,2.0,67.0,2026100607.0,-0.131623132177013,"[2026100607, 100000, 4, 67]",0.0,False,0.1265795223864871,False,0.0,ok,,0.0449378329794853
ridge_medium,100000,4,,67,6,-0.131623132177013,-0.5437226671663522,,,-0.6753457993433652,,1.0,1296.0,15.0,77.1604938271605,0.0,,1.4904849815917154,,100000.0,,2.0,67.0,2026100607.0,-0.131623132177013,"[2026100607, 100000, 4, 67]",0.0,False,0.2956343387904918,False,0.0,ok,,0.0430387079832144
ridge_medium,100000,4,,67,7,-0.131623132177013,-0.7969726160799724,,,-0.9285957482569854,,1.0,2401.0,6.0,41.649312786339024,0.0,,1.6810401162511526,,100000.0,,2.0,67.0,2026100607.0,-0.131623132177013,"[2026100607, 100000, 4, 67]",0.0,False,0.635165350781355,False,0.0,ok,,0.0443786670221015
ridge_medium,100000,4,,68,1,-0.131623132177013,0.1184265227730354,,,-0.0131966094039775,,1.0,1.0,100000.0,100000.0,0.0,,1.0127225392510042,,100000.0,,2.0,68.0,2026100607.0,-0.131623132177013,"[2026100607, 100000, 4, 68]",0.0,False,0.0140248412961122,False,0.0,ok,,0.0497532919980585
ridge_medium,100000,4,,68,2,-0.131623132177013,0.018711485312013,,,-0.112911646865,,1.0,16.0,4375.0,6250.0,0.0,,1.050633951086314,,100000.0,,2.0,68.0,2026100607.0,-0.131623132177013,"[2026100607, 100000, 4, 68]",0.0,False,0.0003501196825816,False,0.0,ok,,0.0436837080051191
ridge_medium,100000,4,,68,3,-0.131623132177013,-0.1085455846487623,,,-0.2401687168257754,,1.0,81.0,873.0,1234.567901234568,0.0,,1.1157820669222709,,100000.0,,2.0,68.0,2026100607.0,-0.131623132177013,"[2026100607, 100000, 4, 68]",0.0,False,0.0117821439467416,False,0.0,ok,,0.0411097499891184
ridge_medium,100000,4,,68,4,-0.131623132177013,-0.2108922107866558,,,-0.3425153429636688,,1.0,256.0,133.0,390.625,0.0,,1.207766374189715,,100000.0,,2.0,68.0,2026100607.0,-0.131623132177013,"[2026100607, 100000, 4, 68]",0.0,False,0.0444755245704832,False,0.0,ok,,0.0414922920172102
ridge_medium,100000,4,,68,5,-0.131623132177013,-0.358354402119736,,,-0.4899775342967491,,1.0,625.0,59.0,160.0,0.0,,1.3332359555515776,,100000.0,,2.0,68.0,2026100607.0,-0.131623132177013,"[2026100607, 100000, 4, 68]",0.0,False,0.1284178775185934,False,0.0,ok,,0.040552916994784
ridge_medium,100000,4,,68,6,-0.131623132177013,-0.5452027196430889,,,-0.6768258518201019,,1.0,1296.0,14.0,77.1604938271605,0.0,,1.4897745737834542,,100000.0,,2.0,68.0,2026100607.0,-0.131623132177013,"[2026100607, 100000, 4, 68]",0.0,False,0.2972460055062205,False,0.0,ok,,0.0414744589943438
ridge_medium,100000,4,,68,7,-0.131623132177013,-0.800399767006849,,,-0.932022899183862,,1.0,2401.0,6.0,41.649312786339024,0.0,,1.6842347992321691,,100000.0,,2.0,68.0,2026100607.0,-0.131623132177013,"[2026100607, 100000, 4, 68]",0.0,False,0.6406397870246182,False,0.0,ok,,0.044403042003978
ridge_medium,100000,4,,69,1,-0.131623132177013,0.1187858175116856,,,-0.0128373146653273,,1.0,1.0,100000.0,100000.0,0.0,,1.012614152544455,,100000.0,,2.0,69.0,2026100607.0,-0.131623132177013,"[2026100607, 100000, 4, 69]",0.0,False,0.0141100704419194,False,0.0,ok,,0.0491395829594694
ridge_medium,100000,4,,69,2,-0.131623132177013,0.0198262016570753,,,-0.1117969305199377,,1.0,16.0,4330.0,6250.0,0.0,,1.05035871267062,,100000.0,,2.0,69.0,2026100607.0,-0.131623132177013,"[2026100607, 100000, 4, 69]",0.0,False,0.000393078272147,False,0.0,ok,,0.0435586249805055
ridge_medium,100000,4,,69,3,-0.131623132177013,-0.1077208335452264,,,-0.2393439657222395,,1.0,81.0,880.0,1234.567901234568,0.0,,1.115146270268815,,100000.0,,2.0,69.0,2026100607.0,-0.131623132177013,"[2026100607, 100000, 4, 69]",0.0,False,0.0116037779796783,False,0.0,ok,,0.0400096660014241
ridge_medium,100000,4,,69,4,-0.131623132177013,-0.2115093370014938,,,-0.3431324691785069,,1.0,256.0,139.0,390.625,0.0,,1.2086525803341757,,100000.0,,2.0,69.0,2026100607.0,-0.131623132177013,"[2026100607, 100000, 4, 69]",0.0,False,0.0447361996388114,False,0.0,ok,,0.0413368749432265
ridge_medium,100000,4,,69,5,-0.131623132177013,-0.3542275328213388,,,-0.4858506649983518,,1.0,625.0,61.0,160.0,0.0,,1.3318064781539336,,100000.0,,2.0,69.0,2026100607.0,-0.131623132177013,"[2026100607, 100000, 4, 69]",0.0,False,0.1254771450086926,False,0.0,ok,,0.0406958329840563
ridge_medium,100000,4,,69,6,-0.131623132177013,-0.5448051227614512,,,-0.6764282549384643,,1.0,1296.0,16.0,77.1604938271605,0.0,,1.4870536052442296,,100000.0,,2.0,69.0,2026100607.0,-0.131623132177013,"[2026100607, 100000, 4, 69]",0.0,False,0.2968126217871199,False,0.0,ok,,0.0416028330218978
ridge_medium,100000,4,,69,7,-0.131623132177013,-0.7981620465471543,,,-0.9297851787241672,,1.0,2401.0,5.0,41.649312786339024,0.0,,1.6818426774946638,,100000.0,,2.0,69.0,2026100607.0,-0.131623132177013,"[2026100607, 100000, 4, 69]",0.0,False,0.6370626525483417,False,0.0,ok,,0.0442267920006997
ridge_medium,100000,4,,70,1,-0.131623132177013,0.1190186821989281,,,-0.0126044499780848,,1.0,1.0,100000.0,100000.0,0.0,,1.0123669805712088,,100000.0,,2.0,70.0,2026100607.0,-0.131623132177013,"[2026100607, 100000, 4, 70]",0.0,False,0.0141654467123694,False,0.0,ok,,0.0479684579768218
ridge_medium,100000,4,,70,2,-0.131623132177013,0.0202571623758147,,,-0.1113659698011983,,1.0,16.0,4384.0,6250.0,0.0,,1.0504819746088483,,100000.0,,2.0,70.0,2026100607.0,-0.131623132177013,"[2026100607, 100000, 4, 70]",0.0,False,0.0004103526275201,False,0.0,ok,,0.0427018339978531
ridge_medium,100000,4,,70,3,-0.131623132177013,-0.1053072258779981,,,-0.2369303580550112,,1.0,81.0,881.0,1234.567901234568,0.0,,1.1150455434221809,,100000.0,,2.0,70.0,2026100607.0,-0.131623132177013,"[2026100607, 100000, 4, 70]",0.0,False,0.0110896118221197,False,0.0,ok,,0.0401508749928325
ridge_medium,100000,4,,70,4,-0.131623132177013,-0.2056561713914421,,,-0.3372793035684552,,1.0,256.0,146.0,390.625,0.0,,1.2082364123570293,,100000.0,,2.0,70.0,2026100607.0,-0.131623132177013,"[2026100607, 100000, 4, 70]",0.0,False,0.0422944608313862,False,0.0,ok,,0.0412774999858811
ridge_medium,100000,4,,70,5,-0.131623132177013,-0.3521549071446197,,,-0.4837780393216327,,1.0,625.0,56.0,160.0,0.0,,1.3333998620131022,,100000.0,,2.0,70.0,2026100607.0,-0.131623132177013,"[2026100607, 100000, 4, 70]",0.0,False,0.1240130786260357,False,0.0,ok,,0.0407733329921029
ridge_medium,100000,4,,70,6,-0.131623132177013,-0.5432661941082392,,,-0.6748893262852522,,1.0,1296.0,15.0,77.1604938271605,0.0,,1.4874959773722645,,100000.0,,2.0,70.0,2026100607.0,-0.131623132177013,"[2026100607, 100000, 4, 70]",0.0,False,0.295138157660851,False,0.0,ok,,0.0414195000194013
ridge_medium,100000,4,,70,7,-0.131623132177013,-0.7927655648556775,,,-0.9243886970326906,,1.0,2401.0,7.0,41.649312786339024,0.0,,1.6821512209167857,,100000.0,,2.0,70.0,2026100607.0,-0.131623132177013,"[2026100607, 100000, 4, 70]",0.0,False,0.6284772408209415,False,0.0,ok,,0.0435995840234681
ridge_medium,100000,4,,71,1,-0.131623132177013,0.1187219135477641,,,-0.0129012186292489,,1.0,1.0,100000.0,100000.0,0.0,,1.0127305886729725,,100000.0,,2.0,71.0,2026100607.0,-0.131623132177013,"[2026100607, 100000, 4, 71]",0.0,False,0.0140948927564427,False,0.0,ok,,0.0474222079501487
ridge_medium,100000,4,,71,2,-0.131623132177013,0.0194805858680042,,,-0.1121425463090088,,1.0,16.0,4421.0,6250.0,0.0,,1.0501541659201714,,100000.0,,2.0,71.0,2026100607.0,-0.131623132177013,"[2026100607, 100000, 4, 71]",0.0,False,0.0003794932257606,False,0.0,ok,,0.0427536249626427
ridge_medium,100000,4,,71,3,-0.131623132177013,-0.1080149831922143,,,-0.2396381153692274,,1.0,81.0,866.0,1234.567901234568,0.0,,1.1155748525607252,,100000.0,,2.0,71.0,2026100607.0,-0.131623132177013,"[2026100607, 100000, 4, 71]",0.0,False,0.0116672365940143,False,0.0,ok,,0.0404181249905377
ridge_medium,100000,4,,71,4,-0.131623132177013,-0.2097626034288186,,,-0.3413857356058317,,1.0,256.0,138.0,390.625,0.0,,1.208467683324541,,100000.0,,2.0,71.0,2026100607.0,-0.131623132177013,"[2026100607, 100000, 4, 71]",0.0,False,0.0440003497972358,False,0.0,ok,,0.0427909580175764
ridge_medium,100000,4,,71,5,-0.131623132177013,-0.354884599226182,,,-0.4865077314031951,,1.0,625.0,62.0,160.0,0.0,,1.331841419693724,,100000.0,,2.0,71.0,2026100607.0,-0.131623132177013,"[2026100607, 100000, 4, 71]",0.0,False,0.1259430787679278,False,0.0,ok,,0.0406946659786626
ridge_medium,100000,4,,71,6,-0.131623132177013,-0.5442235010270047,,,-0.6758466332040177,,1.0,1296.0,16.0,77.1604938271605,0.0,,1.4900783939306674,,100000.0,,2.0,71.0,2026100607.0,-0.131623132177013,"[2026100607, 100000, 4, 71]",0.0,False,0.2961792190700901,False,0.0,ok,,0.0415662499726749
ridge_medium,100000,4,,71,7,-0.131623132177013,-0.7970624990112176,,,-0.9286856311882308,,1.0,2401.0,5.0,41.649312786339024,0.0,,1.6834345290930952,,100000.0,,2.0,71.0,2026100607.0,-0.131623132177013,"[2026100607, 100000, 4, 71]",0.0,False,0.6353086273300073,False,0.0,ok,,0.0442144999979063
ridge_medium,100000,4,,72,1,-0.131623132177013,0.118910250315865,,,-0.012712881861148,,1.0,1.0,100000.0,100000.0,0.0,,1.0126516923045894,,100000.0,,2.0,72.0,2026100607.0,-0.131623132177013,"[2026100607, 100000, 4, 72]",0.0,False,0.0141396476301816,False,0.0,ok,,0.046618916967418
ridge_medium,100000,4,,72,2,-0.131623132177013,0.0192845394990831,,,-0.1123385926779299,,1.0,16.0,4356.0,6250.0,0.0,,1.0505172395198676,,100000.0,,2.0,72.0,2026100607.0,-0.131623132177013,"[2026100607, 100000, 4, 72]",0.0,False,0.0003718934636916,False,0.0,ok,,0.042289582954254
ridge_medium,100000,4,,72,3,-0.131623132177013,-0.1065934526142704,,,-0.2382165847912835,,1.0,81.0,870.0,1234.567901234568,0.0,,1.115297411278665,,100000.0,,2.0,72.0,2026100607.0,-0.131623132177013,"[2026100607, 100000, 4, 72]",0.0,False,0.0113621641402307,False,0.0,ok,,0.0409728749655187
ridge_medium,100000,4,,72,4,-0.131623132177013,-0.2104380661271328,,,-0.3420611983041459,,1.0,256.0,143.0,390.625,0.0,,1.2065091824855203,,100000.0,,2.0,72.0,2026100607.0,-0.131623132177013,"[2026100607, 100000, 4, 72]",0.0,False,0.0442841796753275,False,0.0,ok,,0.0413590419921092
ridge_medium,100000,4,,72,5,-0.131623132177013,-0.3526775470029866,,,-0.4843006791799996,,1.0,625.0,55.0,160.0,0.0,,1.3327389311324722,,100000.0,,2.0,72.0,2026100607.0,-0.131623132177013,"[2026100607, 100000, 4, 72]",0.0,False,0.1243814521600438,False,0.0,ok,,0.0404454169911332
ridge_medium,100000,4,,72,6,-0.131623132177013,-0.5461349379910018,,,-0.6777580701680148,,1.0,1296.0,15.0,77.1604938271605,0.0,,1.4888818493121068,,100000.0,,2.0,72.0,2026100607.0,-0.131623132177013,"[2026100607, 100000, 4, 72]",0.0,False,0.2982633704944353,False,0.0,ok,,0.0421445000101812
ridge_medium,100000,4,,72,7,-0.131623132177013,-0.7940339713365319,,,-0.9256571035135448,,1.0,2401.0,7.0,41.649312786339024,0.0,,1.6823046961955384,,100000.0,,2.0,72.0,2026100607.0,-0.131623132177013,"[2026100607, 100000, 4, 72]",0.0,False,0.6304899476364643,False,0.0,ok,,0.0449161670403555
ridge_medium,100000,4,,73,1,-0.131623132177013,0.1189691281514509,,,-0.0126540040255621,,1.0,1.0,100000.0,100000.0,0.0,,1.0127552021484283,,100000.0,,2.0,73.0,2026100607.0,-0.131623132177013,"[2026100607, 100000, 4, 73]",0.0,False,0.0141536534531163,False,0.0,ok,,0.0478601659997366
ridge_medium,100000,4,,73,2,-0.131623132177013,0.0198182663780656,,,-0.1118048657989474,,1.0,16.0,4411.0,6250.0,0.0,,1.0506892580718423,,100000.0,,2.0,73.0,2026100607.0,-0.131623132177013,"[2026100607, 100000, 4, 73]",0.0,False,0.0003927636822319,False,0.0,ok,,0.0440086660091765
ridge_medium,100000,4,,73,3,-0.131623132177013,-0.1093213949726322,,,-0.2409445271496453,,1.0,81.0,876.0,1234.567901234568,0.0,,1.1152678407891632,,100000.0,,2.0,73.0,2026100607.0,-0.131623132177013,"[2026100607, 100000, 4, 73]",0.0,False,0.0119511673987622,False,0.0,ok,,0.0402824999764561
ridge_medium,100000,4,,73,4,-0.131623132177013,-0.2097546779670459,,,-0.341377810144059,,1.0,256.0,135.0,390.625,0.0,,1.2070459258843271,,100000.0,,2.0,73.0,2026100607.0,-0.131623132177013,"[2026100607, 100000, 4, 73]",0.0,False,0.0439970249290591,False,0.0,ok,,0.0415294580161571
ridge_medium,100000,4,,73,5,-0.131623132177013,-0.3547559592722658,,,-0.4863790914492789,,1.0,625.0,59.0,160.0,0.0,,1.331453031790691,,100000.0,,2.0,73.0,2026100607.0,-0.131623132177013,"[2026100607, 100000, 4, 73]",0.0,False,0.1258517906391855,False,0.0,ok,,0.0411718339892104
ridge_medium,100000,4,,73,6,-0.131623132177013,-0.5461198229867296,,,-0.6777429551637426,,1.0,1296.0,13.0,77.1604938271605,0.0,,1.4883343553855382,,100000.0,,2.0,73.0,2026100607.0,-0.131623132177013,"[2026100607, 100000, 4, 73]",0.0,False,0.2982468610590568,False,0.0,ok,,0.0420731250196695
ridge_medium,100000,4,,73,7,-0.131623132177013,-0.8029396780816902,,,-0.9345628102587032,,1.0,2401.0,7.0,41.649312786339024,0.0,,1.6798352527191724,,100000.0,,2.0,73.0,2026100607.0,-0.131623132177013,"[2026100607, 100000, 4, 73]",0.0,False,0.6447121266379283,False,0.0,ok,,0.0439218749525025
ridge_medium,100000,4,,74,1,-0.131623132177013,0.1193713253967451,,,-0.0122518067802679,,1.0,1.0,100000.0,100000.0,0.0,,1.012502563608293,,100000.0,,2.0,74.0,2026100607.0,-0.131623132177013,"[2026100607, 100000, 4, 74]",0.0,False,0.0142495133269756,False,0.0,ok,,0.0476889580022543
ridge_medium,100000,4,,74,2,-0.131623132177013,0.0203565707722523,,,-0.1112665614047607,,1.0,16.0,4406.0,6250.0,0.0,,1.0504008255666448,,100000.0,,2.0,74.0,2026100607.0,-0.131623132177013,"[2026100607, 100000, 4, 74]",0.0,False,0.0004143899736057,False,0.0,ok,,0.0432500000461004
ridge_medium,100000,4,,74,3,-0.131623132177013,-0.1062576466854202,,,-0.2378807788624333,,1.0,81.0,877.0,1234.567901234568,0.0,,1.115293336039872,,100000.0,,2.0,74.0,2026100607.0,-0.131623132177013,"[2026100607, 100000, 4, 74]",0.0,False,0.0112906874791236,False,0.0,ok,,0.0403472079779021
ridge_medium,100000,4,,74,4,-0.131623132177013,-0.2097732229570836,,,-0.3413963551340967,,1.0,256.0,141.0,390.625,0.0,,1.2075072713353732,,100000.0,,2.0,74.0,2026100607.0,-0.131623132177013,"[2026100607, 100000, 4, 74]",0.0,False,0.0440048050698023,False,0.0,ok,,0.0418542919796891
ridge_medium,100000,4,,74,5,-0.131623132177013,-0.3534479716097056,,,-0.4850711037867187,,1.0,625.0,55.0,160.0,0.0,,1.331782282971094,,100000.0,,2.0,74.0,2026100607.0,-0.131623132177013,"[2026100607, 100000, 4, 74]",0.0,False,0.1249254686350152,False,0.0,ok,,0.040310375043191
ridge_medium,100000,4,,74,6,-0.131623132177013,-0.5403660242702691,,,-0.6719891564472822,,1.0,1296.0,17.0,77.1604938271605,0.0,,1.4904454824898434,,100000.0,,2.0,74.0,2026100607.0,-0.131623132177013,"[2026100607, 100000, 4, 74]",0.0,False,0.2919954401856571,False,0.0,ok,,0.0408861250034533
ridge_medium,100000,4,,74,7,-0.131623132177013,-0.7959561937728638,,,-0.9275793259498768,,1.0,2401.0,6.0,41.649312786339024,0.0,,1.6837826520322592,,100000.0,,2.0,74.0,2026100607.0,-0.131623132177013,"[2026100607, 100000, 4, 74]",0.0,False,0.6335462624053846,False,0.0,ok,,0.044254542037379
ridge_medium,100000,4,,75,1,-0.131623132177013,0.1190396873283996,,,-0.0125834448486134,,1.0,1.0,100000.0,100000.0,0.0,,1.0127097832961585,,100000.0,,2.0,75.0,2026100607.0,-0.131623132177013,"[2026100607, 100000, 4, 75]",0.0,False,0.0141704471592431,False,0.0,ok,,0.0466412500245496
ridge_medium,100000,4,,75,2,-0.131623132177013,0.0185243737154052,,,-0.1130987584616078,,1.0,16.0,4367.0,6250.0,0.0,,1.0505293039876893,,100000.0,,2.0,75.0,2026100607.0,-0.131623132177013,"[2026100607, 100000, 4, 75]",0.0,False,0.0003431524215479,False,0.0,ok,,0.0421822079806588
ridge_medium,100000,4,,75,3,-0.131623132177013,-0.1079375745683262,,,-0.2395607067453393,,1.0,81.0,875.0,1234.567901234568,0.0,,1.1160607480437337,,100000.0,,2.0,75.0,2026100607.0,-0.131623132177013,"[2026100607, 100000, 4, 75]",0.0,False,0.0116505200036929,False,0.0,ok,,0.0397980410489253
ridge_medium,100000,4,,75,4,-0.131623132177013,-0.2088944990353034,,,-0.3405176312123165,,1.0,256.0,141.0,390.625,0.0,,1.2069225943505224,,100000.0,,2.0,75.0,2026100607.0,-0.131623132177013,"[2026100607, 100000, 4, 75]",0.0,False,0.0436369117272104,False,0.0,ok,,0.0406515409704297
ridge_medium,100000,4,,75,5,-0.131623132177013,-0.354421478391755,,,-0.486044610568768,,1.0,625.0,55.0,160.0,0.0,,1.3318099259517375,,100000.0,,2.0,75.0,2026100607.0,-0.131623132177013,"[2026100607, 100000, 4, 75]",0.0,False,0.1256145843453972,False,0.0,ok,,0.0404445829917676
ridge_medium,100000,4,,75,6,-0.131623132177013,-0.5473499290258795,,,-0.6789730612028926,,1.0,1296.0,13.0,77.1604938271605,0.0,,1.4895155471399553,,100000.0,,2.0,75.0,2026100607.0,-0.131623132177013,"[2026100607, 100000, 4, 75]",0.0,False,0.2995919448046353,False,0.0,ok,,0.0432441250304691
ridge_medium,100000,4,,75,7,-0.131623132177013,-0.7982279112086962,,,-0.9298510433857092,,1.0,2401.0,5.0,41.649312786339024,0.0,,1.6856310813449076,,100000.0,,2.0,75.0,2026100607.0,-0.131623132177013,"[2026100607, 100000, 4, 75]",0.0,False,0.6371677982325982,False,0.0,ok,,0.0450243329978548
ridge_medium,100000,4,,76,1,-0.131623132177013,0.1189756950780028,,,-0.0126474370990101,,1.0,1.0,100000.0,100000.0,0.0,,1.0126754087477263,,100000.0,,2.0,76.0,2026100607.0,-0.131623132177013,"[2026100607, 100000, 4, 76]",0.0,False,0.0141552160192939,False,0.0,ok,,0.0476118340156972
ridge_medium,100000,4,,76,2,-0.131623132177013,0.0180322492781312,,,-0.1135908828988818,,1.0,16.0,4381.0,6250.0,0.0,,1.0505457807195333,,100000.0,,2.0,76.0,2026100607.0,-0.131623132177013,"[2026100607, 100000, 4, 76]",0.0,False,0.0003251620140286,False,0.0,ok,,0.0414728749892674
ridge_medium,100000,4,,76,3,-0.131623132177013,-0.1093186596588222,,,-0.2409417918358353,,1.0,81.0,884.0,1234.567901234568,0.0,,1.1152371096436728,,100000.0,,2.0,76.0,2026100607.0,-0.131623132177013,"[2026100607, 100000, 4, 76]",0.0,False,0.0119505693496014,False,0.0,ok,,0.039771124953404
ridge_medium,100000,4,,76,4,-0.131623132177013,-0.2095825280860983,,,-0.3412056602631114,,1.0,256.0,138.0,390.625,0.0,,1.2068681476726435,,100000.0,,2.0,76.0,2026100607.0,-0.131623132177013,"[2026100607, 100000, 4, 76]",0.0,False,0.0439248360789602,False,0.0,ok,,0.0417201669770292
ridge_medium,100000,4,,76,5,-0.131623132177013,-0.3549837233529748,,,-0.4866068555299879,,1.0,625.0,60.0,160.0,0.0,,1.3299720240541408,,100000.0,,2.0,76.0,2026100607.0,-0.131623132177013,"[2026100607, 100000, 4, 76]",0.0,False,0.1260134438455413,False,0.0,ok,,0.0422767500276677
ridge_medium,100000,4,,76,6,-0.131623132177013,-0.5456656084677038,,,-0.6772887406447169,,1.0,1296.0,16.0,77.1604938271605,0.0,,1.4886379691144125,,100000.0,,2.0,76.0,2026100607.0,-0.131623132177013,"[2026100607, 100000, 4, 76]",0.0,False,0.2977509562644295,False,0.0,ok,,0.0422701250063255
ridge_medium,100000,4,,76,7,-0.131623132177013,-0.7998436570751671,,,-0.9314667892521802,,1.0,2401.0,7.0,41.649312786339024,0.0,,1.6805630096243216,,100000.0,,2.0,76.0,2026100607.0,-0.131623132177013,"[2026100607, 100000, 4, 76]",0.0,False,0.6397498757633776,False,0.0,ok,,0.0441407089820131
ridge_medium,100000,4,,77,1,-0.131623132177013,0.1188866364866219,,,-0.0127364956903911,,1.0,1.0,100000.0,100000.0,0.0,,1.0128798705686293,,100000.0,,2.0,77.0,2026100607.0,-0.131623132177013,"[2026100607, 100000, 4, 77]",0.0,False,0.0141340323351021,False,0.0,ok,,0.0482649999903515
ridge_medium,100000,4,,77,2,-0.131623132177013,0.0186436455752239,,,-0.1129794866017891,,1.0,16.0,4342.0,6250.0,0.0,,1.0505207233062062,,100000.0,,2.0,77.0,2026100607.0,-0.131623132177013,"[2026100607, 100000, 4, 77]",0.0,False,0.0003475855203345,False,0.0,ok,,0.0431140419677831
ridge_medium,100000,4,,77,3,-0.131623132177013,-0.1084396519708366,,,-0.2400627841478496,,1.0,81.0,884.0,1234.567901234568,0.0,,1.115548881774168,,100000.0,,2.0,77.0,2026100607.0,-0.131623132177013,"[2026100607, 100000, 4, 77]",0.0,False,0.0117591581195561,False,0.0,ok,,0.0405556670157238
ridge_medium,100000,4,,77,4,-0.131623132177013,-0.2108659212641649,,,-0.3424890534411779,,1.0,256.0,140.0,390.625,0.0,,1.2075324736737545,,100000.0,,2.0,77.0,2026100607.0,-0.131623132177013,"[2026100607, 100000, 4, 77]",0.0,False,0.0444644367505849,False,0.0,ok,,0.0408634170307777
ridge_medium,100000,4,,77,5,-0.131623132177013,-0.3539628746209525,,,-0.4855860067979656,,1.0,625.0,58.0,160.0,0.0,,1.333123625573563,,100000.0,,2.0,77.0,2026100607.0,-0.131623132177013,"[2026100607, 100000, 4, 77]",0.0,False,0.1252897166099282,False,0.0,ok,,0.0404768330045044
ridge_medium,100000,4,,77,6,-0.131623132177013,-0.5471760132932392,,,-0.6787991454702522,,1.0,1296.0,15.0,77.1604938271605,0.0,,1.4914570777121072,,100000.0,,2.0,77.0,2026100607.0,-0.131623132177013,"[2026100607, 100000, 4, 77]",0.0,False,0.299401589523483,False,0.0,ok,,0.0410277499468065
ridge_medium,100000,4,,77,7,-0.131623132177013,-0.7971761410273581,,,-0.9287992732043712,,1.0,2401.0,5.0,41.649312786339024,0.0,,1.683127276721817,,100000.0,,2.0,77.0,2026100607.0,-0.131623132177013,"[2026100607, 100000, 4, 77]",0.0,False,0.6354897998232704,False,0.0,ok,,0.0443219580338336
ridge_medium,100000,4,,78,1,-0.131623132177013,0.1188323715088347,,,-0.0127907606681782,,1.0,1.0,100000.0,100000.0,0.0,,1.0124987558821203,,100000.0,,2.0,78.0,2026100607.0,-0.131623132177013,"[2026100607, 100000, 4, 78]",0.0,False,0.0141211325184137,False,0.0,ok,,0.0475700000533834
ridge_medium,100000,4,,78,2,-0.131623132177013,0.0200443109371022,,,-0.1115788212399108,,1.0,16.0,4433.0,6250.0,0.0,,1.0508434502860884,,100000.0,,2.0,78.0,2026100607.0,-0.131623132177013,"[2026100607, 100000, 4, 78]",0.0,False,0.0004017744009432,False,0.0,ok,,0.042050415999256
ridge_medium,100000,4,,78,3,-0.131623132177013,-0.1072649805222647,,,-0.2388881126992778,,1.0,81.0,863.0,1234.567901234568,0.0,,1.116117533416875,,100000.0,,2.0,78.0,2026100607.0,-0.131623132177013,"[2026100607, 100000, 4, 78]",0.0,False,0.0115057760464418,False,0.0,ok,,0.0395860000280663
ridge_medium,100000,4,,78,4,-0.131623132177013,-0.2083169311220023,,,-0.3399400632990154,,1.0,256.0,135.0,390.625,0.0,,1.2089786507850104,,100000.0,,2.0,78.0,2026100607.0,-0.131623132177013,"[2026100607, 100000, 4, 78]",0.0,False,0.043395943792089,False,0.0,ok,,0.0414258749806322
ridge_medium,100000,4,,78,5,-0.131623132177013,-0.3540678360628715,,,-0.4856909682398845,,1.0,625.0,54.0,160.0,0.0,,1.332663645620516,,100000.0,,2.0,78.0,2026100607.0,-0.131623132177013,"[2026100607, 100000, 4, 78]",0.0,False,0.1253640325342444,False,0.0,ok,,0.0403389169950969
ridge_medium,100000,4,,78,6,-0.131623132177013,-0.5428543721598178,,,-0.6744775043368308,,1.0,1296.0,14.0,77.1604938271605,0.0,,1.4887030378001131,,100000.0,,2.0,78.0,2026100607.0,-0.131623132177013,"[2026100607, 100000, 4, 78]",0.0,False,0.2946908693730299,False,0.0,ok,,0.042019665997941
ridge_medium,100000,4,,78,7,-0.131623132177013,-0.7999782652159773,,,-0.9316013973929904,,1.0,2401.0,7.0,41.649312786339024,0.0,,1.6828101113777345,,100000.0,,2.0,78.0,2026100607.0,-0.131623132177013,"[2026100607, 100000, 4, 78]",0.0,False,0.6399652248179645,False,0.0,ok,,0.0442967499839141
ridge_medium,100000,4,,79,1,-0.131623132177013,0.1188590152432731,,,-0.0127641169337399,,1.0,1.0,100000.0,100000.0,0.0,,1.012578355315716,,100000.0,,2.0,79.0,2026100607.0,-0.131623132177013,"[2026100607, 100000, 4, 79]",0.0,False,0.0141274655046006,False,0.0,ok,,0.0475494999554939
ridge_medium,100000,4,,79,2,-0.131623132177013,0.0201846601188474,,,-0.1114384720581656,,1.0,16.0,4397.0,6250.0,0.0,,1.0505803984024749,,100000.0,,2.0,79.0,2026100607.0,-0.131623132177013,"[2026100607, 100000, 4, 79]",0.0,False,0.0004074205041133,False,0.0,ok,,0.0423632090096361
ridge_medium,100000,4,,79,3,-0.131623132177013,-0.107965673565144,,,-0.2395888057421571,,1.0,81.0,865.0,1234.567901234568,0.0,,1.1157542551587265,,100000.0,,2.0,79.0,2026100607.0,-0.131623132177013,"[2026100607, 100000, 4, 79]",0.0,False,0.0116565866683752,False,0.0,ok,,0.0396506250253878
ridge_medium,100000,4,,79,4,-0.131623132177013,-0.210298780049987,,,-0.3419219122270001,,1.0,256.0,139.0,390.625,0.0,,1.208153231612279,,100000.0,,2.0,79.0,2026100607.0,-0.131623132177013,"[2026100607, 100000, 4, 79]",0.0,False,0.0442255768905128,False,0.0,ok,,0.0411739579867571
ridge_medium,100000,4,,79,5,-0.131623132177013,-0.357053894374597,,,-0.48867702655161,,1.0,625.0,59.0,160.0,0.0,,1.3315278257896737,,100000.0,,2.0,79.0,2026100607.0,-0.131623132177013,"[2026100607, 100000, 4, 79]",0.0,False,0.1274874834880658,False,0.0,ok,,0.040686167019885
ridge_medium,100000,4,,79,6,-0.131623132177013,-0.5461292863021252,,,-0.6777524184791383,,1.0,1296.0,15.0,77.1604938271605,0.0,,1.4880338558840362,,100000.0,,2.0,79.0,2026100607.0,-0.131623132177013,"[2026100607, 100000, 4, 79]",0.0,False,0.2982571973568686,False,0.0,ok,,0.0408298749825917
ridge_medium,100000,4,,79,7,-0.131623132177013,-0.7984003057426446,,,-0.9300234379196576,,1.0,2401.0,7.0,41.649312786339024,0.0,,1.682616433099949,,100000.0,,2.0,79.0,2026100607.0,-0.131623132177013,"[2026100607, 100000, 4, 79]",0.0,False,0.6374430482099485,False,0.0,ok,,0.0434836249914951
ridge_medium,100000,4,,80,1,-0.131623132177013,0.1194428683136536,,,-0.0121802638633594,,1.0,1.0,100000.0,100000.0,0.0,,1.0125684828578492,,100000.0,,2.0,80.0,2026100607.0,-0.131623132177013,"[2026100607, 100000, 4, 80]",0.0,False,0.0142665987909928,False,0.0,ok,,0.0473644580342806
ridge_medium,100000,4,,80,2,-0.131623132177013,0.0198603634571248,,,-0.1117627687198882,,1.0,16.0,4403.0,6250.0,0.0,,1.0507631638451111,,100000.0,,2.0,80.0,2026100607.0,-0.131623132177013,"[2026100607, 100000, 4, 80]",0.0,False,0.000394434036649,False,0.0,ok,,0.0428392500034533
ridge_medium,100000,4,,80,3,-0.131623132177013,-0.1081450421098545,,,-0.2397681742868675,,1.0,81.0,876.0,1234.567901234568,0.0,,1.116061586700098,,100000.0,,2.0,80.0,2026100607.0,-0.131623132177013,"[2026100607, 100000, 4, 80]",0.0,False,0.0116953501329422,False,0.0,ok,,0.041327667015139
ridge_medium,100000,4,,80,4,-0.131623132177013,-0.2093363023699647,,,-0.3409594345469778,,1.0,256.0,147.0,390.625,0.0,,1.2083738254133534,,100000.0,,2.0,80.0,2026100607.0,-0.131623132177013,"[2026100607, 100000, 4, 80]",0.0,False,0.0438216874899293,False,0.0,ok,,0.0413669580011628
ridge_medium,100000,4,,80,5,-0.131623132177013,-0.3547946476153354,,,-0.4864177797923484,,1.0,625.0,57.0,160.0,0.0,,1.333397534760506,,100000.0,,2.0,80.0,2026100607.0,-0.131623132177013,"[2026100607, 100000, 4, 80]",0.0,False,0.12587924197649,False,0.0,ok,,0.0410637909662909
ridge_medium,100000,4,,80,6,-0.131623132177013,-0.5457650805522124,,,-0.6773882127292254,,1.0,1296.0,15.0,77.1604938271605,0.0,,1.488249948441188,,100000.0,,2.0,80.0,2026100607.0,-0.131623132177013,"[2026100607, 100000, 4, 80]",0.0,False,0.2978595231501629,False,0.0,ok,,0.0430344589985907
ridge_medium,100000,4,,80,7,-0.131623132177013,-0.8002681259466061,,,-0.9318912581236192,,1.0,2401.0,4.0,41.649312786339024,0.0,,1.6830223666684931,,100000.0,,2.0,80.0,2026100607.0,-0.131623132177013,"[2026100607, 100000, 4, 80]",0.0,False,0.640429073406093,False,0.0,ok,,0.0448144160327501
ridge_medium,100000,4,,81,1,-0.131623132177013,0.1191133939838517,,,-0.0125097381931612,,1.0,1.0,100000.0,100000.0,0.0,,1.012896612944582,,100000.0,,2.0,81.0,2026100607.0,-0.131623132177013,"[2026100607, 100000, 4, 81]",0.0,False,0.0141880006263522,False,0.0,ok,,0.0476935830083675
ridge_medium,100000,4,,81,2,-0.131623132177013,0.0207407998809605,,,-0.1108823322960525,,1.0,16.0,4354.0,6250.0,0.0,,1.0511209252998543,,100000.0,,2.0,81.0,2026100607.0,-0.131623132177013,"[2026100607, 100000, 4, 81]",0.0,False,0.000430180779702,False,0.0,ok,,0.0439577919896692
ridge_medium,100000,4,,81,3,-0.131623132177013,-0.1079245207563289,,,-0.239547652933342,,1.0,81.0,884.0,1234.567901234568,0.0,,1.115489209243924,,100000.0,,2.0,81.0,2026100607.0,-0.131623132177013,"[2026100607, 100000, 4, 81]",0.0,False,0.0116477021804832,False,0.0,ok,,0.0405388330109417
ridge_medium,100000,4,,81,4,-0.131623132177013,-0.2096804645459371,,,-0.3413035967229502,,1.0,256.0,140.0,390.625,0.0,,1.209204336604348,,100000.0,,2.0,81.0,2026100607.0,-0.131623132177013,"[2026100607, 100000, 4, 81]",0.0,False,0.0439658972121999,False,0.0,ok,,0.0430688330088742
ridge_medium,100000,4,,81,5,-0.131623132177013,-0.3536624339273656,,,-0.4852855661043787,,1.0,625.0,60.0,160.0,0.0,,1.3335163595200628,,100000.0,,2.0,81.0,2026100607.0,-0.131623132177013,"[2026100607, 100000, 4, 81]",0.0,False,0.1250771171714282,False,0.0,ok,,0.041772749973461
ridge_medium,100000,4,,81,6,-0.131623132177013,-0.5460918546481616,,,-0.6777149868251746,,1.0,1296.0,13.0,77.1604938271605,0.0,,1.4891864166317983,,100000.0,,2.0,81.0,2026100607.0,-0.131623132177013,"[2026100607, 100000, 4, 81]",0.0,False,0.2982163137130688,False,0.0,ok,,0.0417908749659545
ridge_medium,100000,4,,81,7,-0.131623132177013,-0.7990589095071385,,,-0.9306820416841516,,1.0,2401.0,5.0,41.649312786339024,0.0,,1.6814114369016824,,100000.0,,2.0,81.0,2026100607.0,-0.131623132177013,"[2026100607, 100000, 4, 81]",0.0,False,0.6384951408627374,False,0.0,ok,,0.0445042919600382
ridge_medium,100000,4,,82,1,-0.131623132177013,0.1188312461183202,,,-0.0127918860586927,,1.0,1.0,100000.0,100000.0,0.0,,1.0127936885346591,,100000.0,,2.0,82.0,2026100607.0,-0.131623132177013,"[2026100607, 100000, 4, 82]",0.0,False,0.0141208650540328,False,0.0,ok,,0.0488398750312626
ridge_medium,100000,4,,82,2,-0.131623132177013,0.0195765924625223,,,-0.1120465397144907,,1.0,16.0,4407.0,6250.0,0.0,,1.0510705008801595,,100000.0,,2.0,82.0,2026100607.0,-0.131623132177013,"[2026100607, 100000, 4, 82]",0.0,False,0.0003832429724436,False,0.0,ok,,0.0430404999642632
ridge_medium,100000,4,,82,3,-0.131623132177013,-0.1076141279363348,,,-0.2392372601133479,,1.0,81.0,877.0,1234.567901234568,0.0,,1.1155967095599484,,100000.0,,2.0,82.0,2026100607.0,-0.131623132177013,"[2026100607, 100000, 4, 82]",0.0,False,0.0115808005314978,False,0.0,ok,,0.0420976659515872
ridge_medium,100000,4,,82,4,-0.131623132177013,-0.2125695617142145,,,-0.3441926938912276,,1.0,256.0,142.0,390.625,0.0,,1.2070453339864968,,100000.0,,2.0,82.0,2026100607.0,-0.131623132177013,"[2026100607, 100000, 4, 82]",0.0,False,0.0451858185673732,False,0.0,ok,,0.0423396659898571
ridge_medium,100000,4,,82,5,-0.131623132177013,-0.3551139068060212,,,-0.4867370389830342,,1.0,625.0,51.0,160.0,0.0,,1.3331743043875717,,100000.0,,2.0,82.0,2026100607.0,-0.131623132177013,"[2026100607, 100000, 4, 82]",0.0,False,0.1261058868070355,False,0.0,ok,,0.0410143749904818
ridge_medium,100000,4,,82,6,-0.131623132177013,-0.5441987311093206,,,-0.6758218632863336,,1.0,1296.0,15.0,77.1604938271605,0.0,,1.488841483502046,,100000.0,,2.0,82.0,2026100607.0,-0.131623132177013,"[2026100607, 100000, 4, 82]",0.0,False,0.2961522589409946,False,0.0,ok,,0.0412798330071382
ridge_medium,100000,4,,82,7,-0.131623132177013,-0.7989718277414547,,,-0.9305949599184676,,1.0,2401.0,6.0,41.649312786339024,0.0,,1.6789092570149504,,100000.0,,2.0,82.0,2026100607.0,-0.131623132177013,"[2026100607, 100000, 4, 82]",0.0,False,0.6383559815245208,False,0.0,ok,,0.0441310419701039
ridge_medium,100000,4,,83,1,-0.131623132177013,0.1184772552991987,,,-0.0131458768778143,,1.0,1.0,100000.0,100000.0,0.0,,1.0126089489905252,,100000.0,,2.0,83.0,2026100607.0,-0.131623132177013,"[2026100607, 100000, 4, 83]",0.0,False,0.0140368600232315,False,0.0,ok,,0.047472457983531
ridge_medium,100000,4,,83,2,-0.131623132177013,0.0204932774213826,,,-0.1111298547556303,,1.0,16.0,4403.0,6250.0,0.0,,1.0503768142409111,,100000.0,,2.0,83.0,2026100607.0,-0.131623132177013,"[2026100607, 100000, 4, 83]",0.0,False,0.0004199744194697,False,0.0,ok,,0.0423345419694669
ridge_medium,100000,4,,83,3,-0.131623132177013,-0.1072897354014317,,,-0.2389128675784448,,1.0,81.0,885.0,1234.567901234568,0.0,,1.11506673562029,,100000.0,,2.0,83.0,2026100607.0,-0.131623132177013,"[2026100607, 100000, 4, 83]",0.0,False,0.0115110873225092,False,0.0,ok,,0.0390981250093318
ridge_medium,100000,4,,83,4,-0.131623132177013,-0.2083413473186964,,,-0.3399644794957095,,1.0,256.0,132.0,390.625,0.0,,1.2075457539837824,,100000.0,,2.0,83.0,2026100607.0,-0.131623132177013,"[2026100607, 100000, 4, 83]",0.0,False,0.0434061170025697,False,0.0,ok,,0.0417271249461919
ridge_medium,100000,4,,83,5,-0.131623132177013,-0.3523393714333765,,,-0.4839625036103896,,1.0,625.0,60.0,160.0,0.0,,1.33174511629026,,100000.0,,2.0,83.0,2026100607.0,-0.131623132177013,"[2026100607, 100000, 4, 83]",0.0,False,0.1241430326620669,False,0.0,ok,,0.0411910000257194
ridge_medium,100000,4,,83,6,-0.131623132177013,-0.5427228081671088,,,-0.6743459403441219,,1.0,1296.0,16.0,77.1604938271605,0.0,,1.488870421352456,,100000.0,,2.0,83.0,2026100607.0,-0.131623132177013,"[2026100607, 100000, 4, 83]",0.0,False,0.2945480465047924,False,0.0,ok,,0.0415603339788503
ridge_medium,100000,4,,83,7,-0.131623132177013,-0.7980114500232318,,,-0.9296345822002448,,1.0,2401.0,7.0,41.649312786339024,0.0,,1.6825193433973555,,100000.0,,2.0,83.0,2026100607.0,-0.131623132177013,"[2026100607, 100000, 4, 83]",0.0,False,0.6368222743681811,False,0.0,ok,,0.0443211660021916
ridge_medium,100000,4,,84,1,-0.131623132177013,0.1189998628881234,,,-0.0126232692888896,,1.0,1.0,100000.0,100000.0,0.0,,1.0126267492796128,,100000.0,,2.0,84.0,2026100607.0,-0.131623132177013,"[2026100607, 100000, 4, 84]",0.0,False,0.0141609673673921,False,0.0,ok,,0.0464518750086426
ridge_medium,100000,4,,84,2,-0.131623132177013,0.0198623469206734,,,-0.1117607852563396,,1.0,16.0,4339.0,6250.0,0.0,,1.0505339342507574,,100000.0,,2.0,84.0,2026100607.0,-0.131623132177013,"[2026100607, 100000, 4, 84]",0.0,False,0.0003945128251971,False,0.0,ok,,0.0426639160141348
ridge_medium,100000,4,,84,3,-0.131623132177013,-0.1090970734970906,,,-0.2407202056741037,,1.0,81.0,851.0,1234.567901234568,0.0,,1.1153360588639891,,100000.0,,2.0,84.0,2026100607.0,-0.131623132177013,"[2026100607, 100000, 4, 84]",0.0,False,0.0119021714456296,False,0.0,ok,,0.0401046670158393
ridge_medium,100000,4,,84,4,-0.131623132177013,-0.2092120624077304,,,-0.3408351945847435,,1.0,256.0,141.0,390.625,0.0,,1.2078918632707911,,100000.0,,2.0,84.0,2026100607.0,-0.131623132177013,"[2026100607, 100000, 4, 84]",0.0,False,0.0437696870568961,False,0.0,ok,,0.0412582500139251
ridge_medium,100000,4,,84,5,-0.131623132177013,-0.3571616277400551,,,-0.4887847599170681,,1.0,625.0,58.0,160.0,0.0,,1.332178603013492,,100000.0,,2.0,84.0,2026100607.0,-0.131623132177013,"[2026100607, 100000, 4, 84]",0.0,False,0.1275644283299257,False,0.0,ok,,0.0412731660180725
ridge_medium,100000,4,,84,6,-0.131623132177013,-0.5419288599684655,,,-0.6735519921454786,,1.0,1296.0,15.0,77.1604938271605,0.0,,1.487772155877772,,100000.0,,2.0,84.0,2026100607.0,-0.131623132177013,"[2026100607, 100000, 4, 84]",0.0,False,0.2936868892667207,False,0.0,ok,,0.0421768749947659
ridge_medium,100000,4,,84,7,-0.131623132177013,-0.8005707971644702,,,-0.9321939293414832,,1.0,2401.0,5.0,41.649312786339024,0.0,,1.6790962993293124,,100000.0,,2.0,84.0,2026100607.0,-0.131623132177013,"[2026100607, 100000, 4, 84]",0.0,False,0.6409136012725554,False,0.0,ok,,0.0450485830078832
ridge_medium,100000,4,,85,1,-0.131623132177013,0.119141633331539,,,-0.0124814988454739,,1.0,1.0,100000.0,100000.0,0.0,,1.0128665348678625,,100000.0,,2.0,85.0,2026100607.0,-0.131623132177013,"[2026100607, 100000, 4, 85]",0.0,False,0.0141947287929069,False,0.0,ok,,0.046840917028021
ridge_medium,100000,4,,85,2,-0.131623132177013,0.0198158997624337,,,-0.1118072324145792,,1.0,16.0,4393.0,6250.0,0.0,,1.050508664463356,,100000.0,,2.0,85.0,2026100607.0,-0.131623132177013,"[2026100607, 100000, 4, 85]",0.0,False,0.0003926698833948,False,0.0,ok,,0.0426145409583114
ridge_medium,100000,4,,85,3,-0.131623132177013,-0.1052140493290006,,,-0.2368371815060137,,1.0,81.0,870.0,1234.567901234568,0.0,,1.1150693398290814,,100000.0,,2.0,85.0,2026100607.0,-0.131623132177013,"[2026100607, 100000, 4, 85]",0.0,False,0.0110699961762053,False,0.0,ok,,0.0395044590113684
ridge_medium,100000,4,,85,4,-0.131623132177013,-0.2098544219467337,,,-0.3414775541237468,,1.0,256.0,145.0,390.625,0.0,,1.2072852529052545,,100000.0,,2.0,85.0,2026100607.0,-0.131623132177013,"[2026100607, 100000, 4, 85]",0.0,False,0.0440388784105977,False,0.0,ok,,0.0420776669634506
ridge_medium,100000,4,,85,5,-0.131623132177013,-0.3525153881585727,,,-0.4841385203355858,,1.0,625.0,56.0,160.0,0.0,,1.3320924648587538,,100000.0,,2.0,85.0,2026100607.0,-0.131623132177013,"[2026100607, 100000, 4, 85]",0.0,False,0.1242670988885892,False,0.0,ok,,0.0420248330337926
ridge_medium,100000,4,,85,6,-0.131623132177013,-0.5410990723238494,,,-0.6727222045008624,,1.0,1296.0,18.0,77.1604938271605,0.0,,1.490726413563211,,100000.0,,2.0,85.0,2026100607.0,-0.131623132177013,"[2026100607, 100000, 4, 85]",0.0,False,0.2927882060697303,False,0.0,ok,,0.0420094580040313
ridge_medium,100000,4,,85,7,-0.131623132177013,-0.7984552889882405,,,-0.9300784211652536,,1.0,2401.0,6.0,41.649312786339024,0.0,,1.6838409244513906,,100000.0,,2.0,85.0,2026100607.0,-0.131623132177013,"[2026100607, 100000, 4, 85]",0.0,False,0.6375308485132946,False,0.0,ok,,0.0441247079870663
ridge_medium,100000,4,,86,1,-0.131623132177013,0.1188949360031815,,,-0.0127281961738314,,1.0,1.0,100000.0,100000.0,0.0,,1.0126029976957869,,100000.0,,2.0,86.0,2026100607.0,-0.131623132177013,"[2026100607, 100000, 4, 86]",0.0,False,0.0141360058072006,False,0.0,ok,,0.0490850420319475
ridge_medium,100000,4,,86,2,-0.131623132177013,0.02098142636375,,,-0.110641705813263,,1.0,16.0,4342.0,6250.0,0.0,,1.0499537126863236,,100000.0,,2.0,86.0,2026100607.0,-0.131623132177013,"[2026100607, 100000, 4, 86]",0.0,False,0.0004402202522574,False,0.0,ok,,0.0428335840115323
ridge_medium,100000,4,,86,3,-0.131623132177013,-0.1084963249585531,,,-0.2401194571355662,,1.0,81.0,880.0,1234.567901234568,0.0,,1.1153544329430736,,100000.0,,2.0,86.0,2026100607.0,-0.131623132177013,"[2026100607, 100000, 4, 86]",0.0,False,0.0117714525295119,False,0.0,ok,,0.040712916990742
ridge_medium,100000,4,,86,4,-0.131623132177013,-0.2114632847355866,,,-0.3430864169125997,,1.0,256.0,138.0,390.625,0.0,,1.208186217316529,,100000.0,,2.0,86.0,2026100607.0,-0.131623132177013,"[2026100607, 100000, 4, 86]",0.0,False,0.0447167207911637,False,0.0,ok,,0.0418113330379128
ridge_medium,100000,4,,86,5,-0.131623132177013,-0.3539268309962794,,,-0.4855499631732924,,1.0,625.0,58.0,160.0,0.0,,1.3323561484108106,,100000.0,,2.0,86.0,2026100607.0,-0.131623132177013,"[2026100607, 100000, 4, 86]",0.0,False,0.1252642016990689,False,0.0,ok,,0.040362624975387
ridge_medium,100000,4,,86,6,-0.131623132177013,-0.5461865578541747,,,-0.6778096900311877,,1.0,1296.0,13.0,77.1604938271605,0.0,,1.487949591946858,,100000.0,,2.0,86.0,2026100607.0,-0.131623132177013,"[2026100607, 100000, 4, 86]",0.0,False,0.2983197559805917,False,0.0,ok,,0.0411660419777035
ridge_medium,100000,4,,86,7,-0.131623132177013,-0.7982870955989723,,,-0.9299102277759852,,1.0,2401.0,5.0,41.649312786339024,0.0,,1.68111444596403,,100000.0,,2.0,86.0,2026100607.0,-0.131623132177013,"[2026100607, 100000, 4, 86]",0.0,False,0.6372622869998427,False,0.0,ok,,0.0443689160165376
ridge_medium,100000,4,,87,1,-0.131623132177013,0.1187546419190697,,,-0.0128684902579433,,1.0,1.0,100000.0,100000.0,0.0,,1.012806164858799,,100000.0,,2.0,87.0,2026100607.0,-0.131623132177013,"[2026100607, 100000, 4, 87]",0.0,False,0.0141026649773264,False,0.0,ok,,0.0478695000056177
ridge_medium,100000,4,,87,2,-0.131623132177013,0.0195659639094253,,,-0.1120571682675877,,1.0,16.0,4335.0,6250.0,0.0,,1.0508045587497297,,100000.0,,2.0,87.0,2026100607.0,-0.131623132177013,"[2026100607, 100000, 4, 87]",0.0,False,0.0003828269437049,False,0.0,ok,,0.0420300000114366
ridge_medium,100000,4,,87,3,-0.131623132177013,-0.109192683184556,,,-0.240815815361569,,1.0,81.0,875.0,1234.567901234568,0.0,,1.1151385115492571,,100000.0,,2.0,87.0,2026100607.0,-0.131623132177013,"[2026100607, 100000, 4, 87]",0.0,False,0.0119230420610428,False,0.0,ok,,0.0391792500158771
ridge_medium,100000,4,,87,4,-0.131623132177013,-0.2127047469497407,,,-0.3443278791267538,,1.0,256.0,132.0,390.625,0.0,,1.207222494286748,,100000.0,,2.0,87.0,2026100607.0,-0.131623132177013,"[2026100607, 100000, 4, 87]",0.0,False,0.0452433093749532,False,0.0,ok,,0.0415205000317655
ridge_medium,100000,4,,87,5,-0.131623132177013,-0.3569879621239846,,,-0.4886110943009977,,1.0,625.0,53.0,160.0,0.0,,1.3319869698773834,,100000.0,,2.0,87.0,2026100607.0,-0.131623132177013,"[2026100607, 100000, 4, 87]",0.0,False,0.1274404051014355,False,0.0,ok,,0.0407815829967148
ridge_medium,100000,4,,87,6,-0.131623132177013,-0.5456034729435473,,,-0.6772266051205603,,1.0,1296.0,13.0,77.1604938271605,0.0,,1.487310513037324,,100000.0,,2.0,87.0,2026100607.0,-0.131623132177013,"[2026100607, 100000, 4, 87]",0.0,False,0.2976831496880601,False,0.0,ok,,0.0411054590367712
ridge_medium,100000,4,,87,7,-0.131623132177013,-0.800466060279436,,,-0.9320891924564492,,1.0,2401.0,7.0,41.649312786339024,0.0,,1.6795674728154617,,100000.0,,2.0,87.0,2026100607.0,-0.131623132177013,"[2026100607, 100000, 4, 87]",0.0,False,0.6407459136592817,False,0.0,ok,,0.0436487090191803
ridge_medium,100000,4,,88,1,-0.131623132177013,0.1190841310259148,,,-0.0125390011510982,,1.0,1.0,100000.0,100000.0,0.0,,1.012647621011015,,100000.0,,2.0,88.0,2026100607.0,-0.131623132177013,"[2026100607, 100000, 4, 88]",0.0,False,0.0141810302621972,False,0.0,ok,,0.0475832080119289
ridge_medium,100000,4,,88,2,-0.131623132177013,0.0198453099254786,,,-0.1117778222515344,,1.0,16.0,4359.0,6250.0,0.0,,1.0509081999907866,,100000.0,,2.0,88.0,2026100607.0,-0.131623132177013,"[2026100607, 100000, 4, 88]",0.0,False,0.0003938363260383,False,0.0,ok,,0.0422070419881492
ridge_medium,100000,4,,88,3,-0.131623132177013,-0.1096709059408555,,,-0.2412940381178686,,1.0,81.0,881.0,1234.567901234568,0.0,,1.1165977291685951,,100000.0,,2.0,88.0,2026100607.0,-0.131623132177013,"[2026100607, 100000, 4, 88]",0.0,False,0.0120277076098879,False,0.0,ok,,0.0400288749951869
ridge_medium,100000,4,,88,4,-0.131623132177013,-0.2110910415107117,,,-0.3427141736877248,,1.0,256.0,134.0,390.625,0.0,,1.2082454080133762,,100000.0,,2.0,88.0,2026100607.0,-0.131623132177013,"[2026100607, 100000, 4, 88]",0.0,False,0.044559427806077,False,0.0,ok,,0.0412538329837843
ridge_medium,100000,4,,88,5,-0.131623132177013,-0.3594012174454639,,,-0.491024349622477,,1.0,625.0,61.0,160.0,0.0,,1.3327949883517358,,100000.0,,2.0,88.0,2026100607.0,-0.131623132177013,"[2026100607, 100000, 4, 88]",0.0,False,0.1291692351012816,False,0.0,ok,,0.0410765839624218
ridge_medium,100000,4,,88,6,-0.131623132177013,-0.5468486244281142,,,-0.6784717566051273,,1.0,1296.0,14.0,77.1604938271605,0.0,,1.4910621882040669,,100000.0,,2.0,88.0,2026100607.0,-0.131623132177013,"[2026100607, 100000, 4, 88]",0.0,False,0.2990434180389207,False,0.0,ok,,0.0411188749712891
ridge_medium,100000,4,,88,7,-0.131623132177013,-0.7990445400132936,,,-0.9306676721903068,,1.0,2401.0,7.0,41.649312786339024,0.0,,1.6827666785887612,,100000.0,,2.0,88.0,2026100607.0,-0.131623132177013,"[2026100607, 100000, 4, 88]",0.0,False,0.638472176925056,False,0.0,ok,,0.0435441670124419
ridge_medium,100000,4,,89,1,-0.131623132177013,0.1187708270758224,,,-0.0128523051011905,,1.0,1.0,100000.0,100000.0,0.0,,1.012349867752336,,100000.0,,2.0,89.0,2026100607.0,-0.131623132177013,"[2026100607, 100000, 4, 89]",0.0,False,0.0141065093642749,False,0.0,ok,,0.047061042045243
ridge_medium,100000,4,,89,2,-0.131623132177013,0.0181362601021237,,,-0.1134868720748893,,1.0,16.0,4349.0,6250.0,0.0,,1.050206593069775,,100000.0,,2.0,89.0,2026100607.0,-0.131623132177013,"[2026100607, 100000, 4, 89]",0.0,False,0.0003289239304918,False,0.0,ok,,0.0412248749635182
ridge_medium,100000,4,,89,3,-0.131623132177013,-0.1087071176114793,,,-0.2403302497884924,,1.0,81.0,875.0,1234.567901234568,0.0,,1.1162661879091025,,100000.0,,2.0,89.0,2026100607.0,-0.131623132177013,"[2026100607, 100000, 4, 89]",0.0,False,0.011817237419396,False,0.0,ok,,0.040456417016685
ridge_medium,100000,4,,89,4,-0.131623132177013,-0.2114443283274385,,,-0.3430674605044516,,1.0,256.0,144.0,390.625,0.0,,1.207484550708903,,100000.0,,2.0,89.0,2026100607.0,-0.131623132177013,"[2026100607, 100000, 4, 89]",0.0,False,0.0447087039818416,False,0.0,ok,,0.0417771249776706
ridge_medium,100000,4,,89,5,-0.131623132177013,-0.3566355629972154,,,-0.4882586951742285,,1.0,625.0,57.0,160.0,0.0,,1.331854565685983,,100000.0,,2.0,89.0,2026100607.0,-0.131623132177013,"[2026100607, 100000, 4, 89]",0.0,False,0.1271889247943408,False,0.0,ok,,0.040981666999869
ridge_medium,100000,4,,89,6,-0.131623132177013,-0.5496360614512993,,,-0.6812591936283123,,1.0,1296.0,14.0,77.1604938271605,0.0,,1.48981021873878,,100000.0,,2.0,89.0,2026100607.0,-0.131623132177013,"[2026100607, 100000, 4, 89]",0.0,False,0.3020998000476964,False,0.0,ok,,0.0413487500045448
ridge_medium,100000,4,,89,7,-0.131623132177013,-0.8028476889963356,,,-0.9344708211733488,,1.0,2401.0,6.0,41.649312786339024,0.0,,1.6825486119352482,,100000.0,,2.0,89.0,2026100607.0,-0.131623132177013,"[2026100607, 100000, 4, 89]",0.0,False,0.6445644117267568,False,0.0,ok,,0.0441870419890619
ridge_medium,100000,4,,90,1,-0.131623132177013,0.1187190089661798,,,-0.0129041232108332,,1.0,1.0,100000.0,100000.0,0.0,,1.0126482816143374,,100000.0,,2.0,90.0,2026100607.0,-0.131623132177013,"[2026100607, 100000, 4, 90]",0.0,False,0.0140942030899118,False,0.0,ok,,0.0466922080377116
ridge_medium,100000,4,,90,2,-0.131623132177013,0.0203295593076704,,,-0.1112935728693426,,1.0,16.0,4332.0,6250.0,0.0,,1.0509396350843565,,100000.0,,2.0,90.0,2026100607.0,-0.131623132177013,"[2026100607, 100000, 4, 90]",0.0,False,0.000413290981644,False,0.0,ok,,0.0430734999827109
ridge_medium,100000,4,,90,3,-0.131623132177013,-0.1073276909881783,,,-0.2389508231651914,,1.0,81.0,881.0,1234.567901234568,0.0,,1.1160118977890496,,100000.0,,2.0,90.0,2026100607.0,-0.131623132177013,"[2026100607, 100000, 4, 90]",0.0,False,0.0115192332528538,False,0.0,ok,,0.0403593340306542
ridge_medium,100000,4,,90,4,-0.131623132177013,-0.2094791693760236,,,-0.3411023015530367,,1.0,256.0,133.0,390.625,0.0,,1.207192378566359,,100000.0,,2.0,90.0,2026100607.0,-0.131623132177013,"[2026100607, 100000, 4, 90]",0.0,False,0.0438815224024688,False,0.0,ok,,0.0416943749878555
ridge_medium,100000,4,,90,5,-0.131623132177013,-0.3548303127901142,,,-0.4864534449671273,,1.0,625.0,58.0,160.0,0.0,,1.3317900824693032,,100000.0,,2.0,90.0,2026100607.0,-0.131623132177013,"[2026100607, 100000, 4, 90]",0.0,False,0.1259045508747303,False,0.0,ok,,0.0408105419483035
ridge_medium,100000,4,,90,6,-0.131623132177013,-0.5438067163757143,,,-0.6754298485527274,,1.0,1296.0,16.0,77.1604938271605,0.0,,1.4895148180187607,,100000.0,,2.0,90.0,2026100607.0,-0.131623132177013,"[2026100607, 100000, 4, 90]",0.0,False,0.2957257447753366,False,0.0,ok,,0.0422249580151401
ridge_medium,100000,4,,90,7,-0.131623132177013,-0.8008717534217143,,,-0.9324948855987274,,1.0,2401.0,6.0,41.649312786339024,0.0,,1.6842828787781623,,100000.0,,2.0,90.0,2026100607.0,-0.131623132177013,"[2026100607, 100000, 4, 90]",0.0,False,0.6413955654287712,False,0.0,ok,,0.0442530830041505
ridge_medium,100000,4,,91,1,-0.131623132177013,0.1189855010027971,,,-0.0126376311742159,,1.0,1.0,100000.0,100000.0,0.0,,1.0127850474318774,,100000.0,,2.0,91.0,2026100607.0,-0.131623132177013,"[2026100607, 100000, 4, 91]",0.0,False,0.0141575494488866,False,0.0,ok,,0.0473071669694036
ridge_medium,100000,4,,91,2,-0.131623132177013,0.0184261416701354,,,-0.1131969905068776,,1.0,16.0,4385.0,6250.0,0.0,,1.050683256500732,,100000.0,,2.0,91.0,2026100607.0,-0.131623132177013,"[2026100607, 100000, 4, 91]",0.0,False,0.0003395226968479,False,0.0,ok,,0.042936792015098
ridge_medium,100000,4,,91,3,-0.131623132177013,-0.1096476664901156,,,-0.2412707986671287,,1.0,81.0,863.0,1234.567901234568,0.0,,1.1155760542762383,,100000.0,,2.0,91.0,2026100607.0,-0.131623132177013,"[2026100607, 100000, 4, 91]",0.0,False,0.0120226107667276,False,0.0,ok,,0.0403092500055208
ridge_medium,100000,4,,91,4,-0.131623132177013,-0.2120641783852821,,,-0.3436873105622952,,1.0,256.0,140.0,390.625,0.0,,1.2080187185329292,,100000.0,,2.0,91.0,2026100607.0,-0.131623132177013,"[2026100607, 100000, 4, 91]",0.0,False,0.0449712157542247,False,0.0,ok,,0.041746333008632
ridge_medium,100000,4,,91,5,-0.131623132177013,-0.355579953041891,,,-0.4872030852189041,,1.0,625.0,56.0,160.0,0.0,,1.3313153982414565,,100000.0,,2.0,91.0,2026100607.0,-0.131623132177013,"[2026100607, 100000, 4, 91]",0.0,False,0.1264371030052734,False,0.0,ok,,0.0416694580344483
ridge_medium,100000,4,,91,6,-0.131623132177013,-0.5472582833389287,,,-0.6788814155159417,,1.0,1296.0,15.0,77.1604938271605,0.0,,1.489189059287048,,100000.0,,2.0,91.0,2026100607.0,-0.131623132177013,"[2026100607, 100000, 4, 91]",0.0,False,0.2994916286830711,False,0.0,ok,,0.0410724579705856
ridge_medium,100000,4,,91,7,-0.131623132177013,-0.8063106327334034,,,-0.9379337649104164,,1.0,2401.0,7.0,41.649312786339024,0.0,,1.682431626748345,,100000.0,,2.0,91.0,2026100607.0,-0.131623132177013,"[2026100607, 100000, 4, 91]",0.0,False,0.6501368364589414,False,0.0,ok,,0.0436612499761395
ridge_medium,100000,4,,92,1,-0.131623132177013,0.1194615434161404,,,-0.0121615887608725,,1.0,1.0,100000.0,100000.0,0.0,,1.012192769823762,,100000.0,,2.0,92.0,2026100607.0,-0.131623132177013,"[2026100607, 100000, 4, 92]",0.0,False,0.0142710603553664,False,0.0,ok,,0.0476834580185823
ridge_medium,100000,4,,92,2,-0.131623132177013,0.0185806156795981,,,-0.1130425164974149,,1.0,16.0,4425.0,6250.0,0.0,,1.0503012567836083,,100000.0,,2.0,92.0,2026100607.0,-0.131623132177013,"[2026100607, 100000, 4, 92]",0.0,False,0.0003452392790329,False,0.0,ok,,0.0417122499784454
ridge_medium,100000,4,,92,3,-0.131623132177013,-0.1095734393368007,,,-0.2411965715138138,,1.0,81.0,878.0,1234.567901234568,0.0,,1.115691804097582,,100000.0,,2.0,92.0,2026100607.0,-0.131623132177013,"[2026100607, 100000, 4, 92]",0.0,False,0.0120063386080955,False,0.0,ok,,0.0393945830292068
ridge_medium,100000,4,,92,4,-0.131623132177013,-0.2119318227977122,,,-0.3435549549747252,,1.0,256.0,147.0,390.625,0.0,,1.2084506249292928,,100000.0,,2.0,92.0,2026100607.0,-0.131623132177013,"[2026100607, 100000, 4, 92]",0.0,False,0.0449150975143608,False,0.0,ok,,0.0407762079848907
ridge_medium,100000,4,,92,5,-0.131623132177013,-0.3561320717630518,,,-0.4877552039400649,,1.0,625.0,62.0,160.0,0.0,,1.3320895652313154,,100000.0,,2.0,92.0,2026100607.0,-0.131623132177013,"[2026100607, 100000, 4, 92]",0.0,False,0.1268300525382435,False,0.0,ok,,0.0409293340053409
ridge_medium,100000,4,,92,6,-0.131623132177013,-0.5466407523778241,,,-0.6782638845548371,,1.0,1296.0,13.0,77.1604938271605,0.0,,1.4895496577744567,,100000.0,,2.0,92.0,2026100607.0,-0.131623132177013,"[2026100607, 100000, 4, 92]",0.0,False,0.2988161121601935,False,0.0,ok,,0.0419043329893611
ridge_medium,100000,4,,92,7,-0.131623132177013,-0.7999857724625731,,,-0.931608904639586,,1.0,2401.0,8.0,41.649312786339024,0.0,,1.6810005718089769,,100000.0,,2.0,92.0,2026100607.0,-0.131623132177013,"[2026100607, 100000, 4, 92]",0.0,False,0.6399772361425398,False,0.0,ok,,0.0435639580246061
ridge_medium,100000,4,,93,1,-0.131623132177013,0.1188828485151512,,,-0.0127402836618618,,1.0,1.0,100000.0,100000.0,0.0,,1.0125478803864394,,100000.0,,2.0,93.0,2026100607.0,-0.131623132177013,"[2026100607, 100000, 4, 93]",0.0,False,0.0141331316710764,False,0.0,ok,,0.0465454590157605
ridge_medium,100000,4,,93,2,-0.131623132177013,0.0195138523870754,,,-0.1121092797899376,,1.0,16.0,4431.0,6250.0,0.0,,1.0507942821392129,,100000.0,,2.0,93.0,2026100607.0,-0.131623132177013,"[2026100607, 100000, 4, 93]",0.0,False,0.0003807904349845,False,0.0,ok,,0.0428600839804858
ridge_medium,100000,4,,93,3,-0.131623132177013,-0.1083379340636487,,,-0.2399610662406618,,1.0,81.0,884.0,1234.567901234568,0.0,,1.114611699141146,,100000.0,,2.0,93.0,2026100607.0,-0.131623132177013,"[2026100607, 100000, 4, 93]",0.0,False,0.0117371079571795,False,0.0,ok,,0.0394902079715393
ridge_medium,100000,4,,93,4,-0.131623132177013,-0.2093866542515373,,,-0.3410097864285504,,1.0,256.0,129.0,390.625,0.0,,1.20838338017209,,100000.0,,2.0,93.0,2026100607.0,-0.131623132177013,"[2026100607, 100000, 4, 93]",0.0,False,0.0438427709786528,False,0.0,ok,,0.041479250008706
ridge_medium,100000,4,,93,5,-0.131623132177013,-0.3548276036732829,,,-0.4864507358502959,,1.0,625.0,61.0,160.0,0.0,,1.331555335834648,,100000.0,,2.0,93.0,2026100607.0,-0.131623132177013,"[2026100607, 100000, 4, 93]",0.0,False,0.1259026283285243,False,0.0,ok,,0.0405636670184321
ridge_medium,100000,4,,93,6,-0.131623132177013,-0.54686297070411,,,-0.6784861028811231,,1.0,1296.0,16.0,77.1604938271605,0.0,,1.4917681373224112,,100000.0,,2.0,93.0,2026100607.0,-0.131623132177013,"[2026100607, 100000, 4, 93]",0.0,False,0.2990591087273243,False,0.0,ok,,0.0420303749851882
ridge_medium,100000,4,,93,7,-0.131623132177013,-0.8018803458031408,,,-0.933503477980154,,1.0,2401.0,7.0,41.649312786339024,0.0,,1.6824782939354317,,100000.0,,2.0,93.0,2026100607.0,-0.131623132177013,"[2026100607, 100000, 4, 93]",0.0,False,0.6430120889853647,False,0.0,ok,,0.0441857500118203
ridge_medium,100000,4,,94,1,-0.131623132177013,0.1188596354445456,,,-0.0127634967324674,,1.0,1.0,100000.0,100000.0,0.0,,1.0126671189718528,,100000.0,,2.0,94.0,2026100607.0,-0.131623132177013,"[2026100607, 100000, 4, 94]",0.0,False,0.0141276129380102,False,0.0,ok,,0.0462699590134434
ridge_medium,100000,4,,94,2,-0.131623132177013,0.0203004856069322,,,-0.1113226465700808,,1.0,16.0,4393.0,6250.0,0.0,,1.050890836829587,,100000.0,,2.0,94.0,2026100607.0,-0.131623132177013,"[2026100607, 100000, 4, 94]",0.0,False,0.0004121097158772,False,0.0,ok,,0.0421853330335579
ridge_medium,100000,4,,94,3,-0.131623132177013,-0.1076938737250164,,,-0.2393170059020295,,1.0,81.0,864.0,1234.567901234568,0.0,,1.1162141008430304,,100000.0,,2.0,94.0,2026100607.0,-0.131623132177013,"[2026100607, 100000, 4, 94]",0.0,False,0.0115979704378997,False,0.0,ok,,0.0402382079628296
ridge_medium,100000,4,,94,4,-0.131623132177013,-0.211215572543147,,,-0.3428387047201601,,1.0,256.0,145.0,390.625,0.0,,1.2083953467747497,,100000.0,,2.0,94.0,2026100607.0,-0.131623132177013,"[2026100607, 100000, 4, 94]",0.0,False,0.0446120180847294,False,0.0,ok,,0.040985457948409
ridge_medium,100000,4,,94,5,-0.131623132177013,-0.3546698770244638,,,-0.4862930092014769,,1.0,625.0,52.0,160.0,0.0,,1.3309555166225746,,100000.0,,2.0,94.0,2026100607.0,-0.131623132177013,"[2026100607, 100000, 4, 94]",0.0,False,0.1257907216685483,False,0.0,ok,,0.0417083749780431
ridge_medium,100000,4,,94,6,-0.131623132177013,-0.5448568704073102,,,-0.6764800025843233,,1.0,1296.0,15.0,77.1604938271605,0.0,,1.4905880462505066,,100000.0,,2.0,94.0,2026100607.0,-0.131623132177013,"[2026100607, 100000, 4, 94]",0.0,False,0.2968690092300484,False,0.0,ok,,0.0414669999736361
ridge_medium,100000,4,,94,7,-0.131623132177013,-0.8018144291193463,,,-0.9334375612963594,,1.0,2401.0,8.0,41.649312786339024,0.0,,1.6800571531127215,,100000.0,,2.0,94.0,2026100607.0,-0.131623132177013,"[2026100607, 100000, 4, 94]",0.0,False,0.6429063787439833,False,0.0,ok,,0.0440640000160783
ridge_medium,100000,4,,95,1,-0.131623132177013,0.118666642817015,,,-0.012956489359998,,1.0,1.0,100000.0,100000.0,0.0,,1.0126136043172105,,100000.0,,2.0,95.0,2026100607.0,-0.131623132177013,"[2026100607, 100000, 4, 95]",0.0,False,0.014081772117461,False,0.0,ok,,0.0483450419851578
ridge_medium,100000,4,,95,2,-0.131623132177013,0.0193869800827724,,,-0.1122361520942406,,1.0,16.0,4390.0,6250.0,0.0,,1.0507157820745985,,100000.0,,2.0,95.0,2026100607.0,-0.131623132177013,"[2026100607, 100000, 4, 95]",0.0,False,0.0003758549967298,False,0.0,ok,,0.0428860419779084
ridge_medium,100000,4,,95,3,-0.131623132177013,-0.1071765806376665,,,-0.2387997128146796,,1.0,81.0,855.0,1234.567901234568,0.0,,1.116088764307329,,100000.0,,2.0,95.0,2026100607.0,-0.131623132177013,"[2026100607, 100000, 4, 95]",0.0,False,0.0114868194371822,False,0.0,ok,,0.0410134590347297
ridge_medium,100000,4,,95,4,-0.131623132177013,-0.2093929011054636,,,-0.3410160332824767,,1.0,256.0,150.0,390.625,0.0,,1.2078113548846852,,100000.0,,2.0,95.0,2026100607.0,-0.131623132177013,"[2026100607, 100000, 4, 95]",0.0,False,0.0438453870333624,False,0.0,ok,,0.0412993329809978
ridge_medium,100000,4,,95,5,-0.131623132177013,-0.3537283067772681,,,-0.4853514389542812,,1.0,625.0,56.0,160.0,0.0,,1.3310700213409583,,100000.0,,2.0,95.0,2026100607.0,-0.131623132177013,"[2026100607, 100000, 4, 95]",0.0,False,0.1251237150155131,False,0.0,ok,,0.0406449160072952
ridge_medium,100000,4,,95,6,-0.131623132177013,-0.5457032783450301,,,-0.6773264105220431,,1.0,1296.0,13.0,77.1604938271605,0.0,,1.491147012724276,,100000.0,,2.0,95.0,2026100607.0,-0.131623132177013,"[2026100607, 100000, 4, 95]",0.0,False,0.2977920679965133,False,0.0,ok,,0.0421220000134781
ridge_medium,100000,4,,95,7,-0.131623132177013,-0.7961459348406145,,,-0.9277690670176276,,1.0,2401.0,6.0,41.649312786339024,0.0,,1.68138579183185,,100000.0,,2.0,95.0,2026100607.0,-0.131623132177013,"[2026100607, 100000, 4, 95]",0.0,False,0.633848349563236,False,0.0,ok,,0.0439146670396439
ridge_medium,100000,4,,96,1,-0.131623132177013,0.1193441583049934,,,-0.0122789738720196,,1.0,1.0,100000.0,100000.0,0.0,,1.0123188821919824,,100000.0,,2.0,96.0,2026100607.0,-0.131623132177013,"[2026100607, 100000, 4, 96]",0.0,False,0.0142430281215273,False,0.0,ok,,0.04708504100563
ridge_medium,100000,4,,96,2,-0.131623132177013,0.0207961330188623,,,-0.1108269991581507,,1.0,16.0,4352.0,6250.0,0.0,,1.050410955402338,,100000.0,,2.0,96.0,2026100607.0,-0.131623132177013,"[2026100607, 100000, 4, 96]",0.0,False,0.0004324791485382,False,0.0,ok,,0.0432363750296644
ridge_medium,100000,4,,96,3,-0.131623132177013,-0.1092669268542142,,,-0.2408900590312273,,1.0,81.0,830.0,1234.567901234568,0.0,,1.1148400917800974,,100000.0,,2.0,96.0,2026100607.0,-0.131623132177013,"[2026100607, 100000, 4, 96]",0.0,False,0.0119392613041642,False,0.0,ok,,0.039769334020093
ridge_medium,100000,4,,96,4,-0.131623132177013,-0.2117732355761104,,,-0.3433963677531235,,1.0,256.0,139.0,390.625,0.0,,1.2080457374346134,,100000.0,,2.0,96.0,2026100607.0,-0.131623132177013,"[2026100607, 100000, 4, 96]",0.0,False,0.0448479033063747,False,0.0,ok,,0.0409832500154152
ridge_medium,100000,4,,96,5,-0.131623132177013,-0.3542673776285232,,,-0.4858905098055363,,1.0,625.0,60.0,160.0,0.0,,1.331834629994707,,100000.0,,2.0,96.0,2026100607.0,-0.131623132177013,"[2026100607, 100000, 4, 96]",0.0,False,0.1255053748517906,False,0.0,ok,,0.0402232920168899
ridge_medium,100000,4,,96,6,-0.131623132177013,-0.5456734369120487,,,-0.6772965690890618,,1.0,1296.0,14.0,77.1604938271605,0.0,,1.4873816446480344,,100000.0,,2.0,96.0,2026100607.0,-0.131623132177013,"[2026100607, 100000, 4, 96]",0.0,False,0.2977594997514076,False,0.0,ok,,0.0421313339611515
ridge_medium,100000,4,,96,7,-0.131623132177013,-0.7969106811247274,,,-0.9285338133017405,,1.0,2401.0,6.0,41.649312786339024,0.0,,1.6837496843723578,,100000.0,,2.0,96.0,2026100607.0,-0.131623132177013,"[2026100607, 100000, 4, 96]",0.0,False,0.635066633690677,False,0.0,ok,,0.0441131250117905
ridge_medium,100000,4,,97,1,-0.131623132177013,0.1187710965854832,,,-0.0128520355915298,,1.0,1.0,100000.0,100000.0,0.0,,1.012654414934287,,100000.0,,2.0,97.0,2026100607.0,-0.131623132177013,"[2026100607, 100000, 4, 97]",0.0,False,0.0141065733841181,False,0.0,ok,,0.0482990419841371
ridge_medium,100000,4,,97,2,-0.131623132177013,0.0199623223552069,,,-0.1116608098218061,,1.0,16.0,4361.0,6250.0,0.0,,1.0506333148494658,,100000.0,,2.0,97.0,2026100607.0,-0.131623132177013,"[2026100607, 100000, 4, 97]",0.0,False,0.0003984943138131,False,0.0,ok,,0.0420752500067465
ridge_medium,100000,4,,97,3,-0.131623132177013,-0.1073004076643058,,,-0.2389235398413189,,1.0,81.0,882.0,1234.567901234568,0.0,,1.115099535644651,,100000.0,,2.0,97.0,2026100607.0,-0.131623132177013,"[2026100607, 100000, 4, 97]",0.0,False,0.0115133774849262,False,0.0,ok,,0.0399846670334227
ridge_medium,100000,4,,97,4,-0.131623132177013,-0.2078475440492853,,,-0.3394706762262984,,1.0,256.0,145.0,390.625,0.0,,1.2092054178358982,,100000.0,,2.0,97.0,2026100607.0,-0.131623132177013,"[2026100607, 100000, 4, 97]",0.0,False,0.0432006015673196,False,0.0,ok,,0.0412052920437417
ridge_medium,100000,4,,97,5,-0.131623132177013,-0.3540550724374444,,,-0.4856782046144574,,1.0,625.0,60.0,160.0,0.0,,1.332713376424973,,100000.0,,2.0,97.0,2026100607.0,-0.131623132177013,"[2026100607, 100000, 4, 97]",0.0,False,0.125354994318684,False,0.0,ok,,0.0404679159983061
ridge_medium,100000,4,,97,6,-0.131623132177013,-0.54252079167122,,,-0.6741439238482331,,1.0,1296.0,13.0,77.1604938271605,0.0,,1.491740370771493,,100000.0,,2.0,97.0,2026100607.0,-0.131623132177013,"[2026100607, 100000, 4, 97]",0.0,False,0.2943288093955673,False,0.0,ok,,0.0410674589802511
ridge_medium,100000,4,,97,7,-0.131623132177013,-0.7968861590411371,,,-0.9285092912181502,,1.0,2401.0,6.0,41.649312786339024,0.0,,1.6827503051042203,,100000.0,,2.0,97.0,2026100607.0,-0.131623132177013,"[2026100607, 100000, 4, 97]",0.0,False,0.6350275504713365,False,0.0,ok,,0.0441320830141194
ridge_medium,100000,4,,98,1,-0.131623132177013,0.1192900377653151,,,-0.0123330944116979,,1.0,1.0,100000.0,100000.0,0.0,,1.0125674292782303,,100000.0,,2.0,98.0,2026100607.0,-0.131623132177013,"[2026100607, 100000, 4, 98]",0.0,False,0.0142301131100503,False,0.0,ok,,0.0469147919793613
ridge_medium,100000,4,,98,2,-0.131623132177013,0.0191454057417624,,,-0.1124777264352506,,1.0,16.0,4356.0,6250.0,0.0,,1.050582483035248,,100000.0,,2.0,98.0,2026100607.0,-0.131623132177013,"[2026100607, 100000, 4, 98]",0.0,False,0.0003665465610167,False,0.0,ok,,0.040030125004705
ridge_medium,100000,4,,98,3,-0.131623132177013,-0.1077803995287638,,,-0.2394035317057768,,1.0,81.0,868.0,1234.567901234568,0.0,,1.1152651566327378,,100000.0,,2.0,98.0,2026100607.0,-0.131623132177013,"[2026100607, 100000, 4, 98]",0.0,False,0.0116166145225799,False,0.0,ok,,0.0365518750040791
ridge_medium,100000,4,,98,4,-0.131623132177013,-0.2095453915234852,,,-0.3411685237004982,,1.0,256.0,143.0,390.625,0.0,,1.2073206653652235,,100000.0,,2.0,98.0,2026100607.0,-0.131623132177013,"[2026100607, 100000, 4, 98]",0.0,False,0.0439092711087307,False,0.0,ok,,0.0380654159816913
ridge_medium,100000,4,,98,5,-0.131623132177013,-0.3535329902978041,,,-0.4851561224748172,,1.0,625.0,60.0,160.0,0.0,,1.3321674226162583,,100000.0,,2.0,98.0,2026100607.0,-0.131623132177013,"[2026100607, 100000, 4, 98]",0.0,False,0.1249855752289073,False,0.0,ok,,0.0394145830068737
ridge_medium,100000,4,,98,6,-0.131623132177013,-0.5409292375923911,,,-0.6725523697694041,,1.0,1296.0,14.0,77.1604938271605,0.0,,1.4899325462560524,,100000.0,,2.0,98.0,2026100607.0,-0.131623132177013,"[2026100607, 100000, 4, 98]",0.0,False,0.2926044400822855,False,0.0,ok,,0.0385432500042952
ridge_medium,100000,4,,98,7,-0.131623132177013,-0.796480302950303,,,-0.928103435127316,,1.0,2401.0,6.0,41.649312786339024,0.0,,1.6820188799819282,,100000.0,,2.0,98.0,2026100607.0,-0.131623132177013,"[2026100607, 100000, 4, 98]",0.0,False,0.6343808729878065,False,0.0,ok,,0.0427712089731358
ridge_medium,100000,4,,99,1,-0.131623132177013,0.1190239888937597,,,-0.0125991432832533,,1.0,1.0,100000.0,100000.0,0.0,,1.0127742247512463,,100000.0,,2.0,99.0,2026100607.0,-0.131623132177013,"[2026100607, 100000, 4, 99]",0.0,False,0.0141667099321818,False,0.0,ok,,0.0437952910433523
ridge_medium,100000,4,,99,2,-0.131623132177013,0.0203329885343267,,,-0.1112901436426863,,1.0,16.0,4450.0,6250.0,0.0,,1.050715180967125,,100000.0,,2.0,99.0,2026100607.0,-0.131623132177013,"[2026100607, 100000, 4, 99]",0.0,False,0.000413430422737,False,0.0,ok,,0.0389660000219009
ridge_medium,100000,4,,99,3,-0.131623132177013,-0.1077926725140377,,,-0.2394158046910508,,1.0,81.0,867.0,1234.567901234568,0.0,,1.115457837199374,,100000.0,,2.0,99.0,2026100607.0,-0.131623132177013,"[2026100607, 100000, 4, 99]",0.0,False,0.0116192602477185,False,0.0,ok,,0.036859874962829
ridge_medium,100000,4,,99,4,-0.131623132177013,-0.2091722506066222,,,-0.3407953827836353,,1.0,256.0,148.0,390.625,0.0,,1.2074614487480433,,100000.0,,2.0,99.0,2026100607.0,-0.131623132177013,"[2026100607, 100000, 4, 99]",0.0,False,0.0437530304238395,False,0.0,ok,,0.0388162499875761
ridge_medium,100000,4,,99,5,-0.131623132177013,-0.3549201057878902,,,-0.4865432379649033,,1.0,625.0,60.0,160.0,0.0,,1.3320228773616127,,100000.0,,2.0,99.0,2026100607.0,-0.131623132177013,"[2026100607, 100000, 4, 99]",0.0,False,0.1259682814924872,False,0.0,ok,,0.0396221249829977
ridge_medium,100000,4,,99,6,-0.131623132177013,-0.547040571452044,,,-0.678663703629057,,1.0,1296.0,16.0,77.1604938271605,0.0,,1.488444319462804,,100000.0,,2.0,99.0,2026100607.0,-0.131623132177013,"[2026100607, 100000, 4, 99]",0.0,False,0.2992533868145788,False,0.0,ok,,0.0384548750007525
ridge_medium,100000,4,,99,7,-0.131623132177013,-0.7992948491572365,,,-0.9309179813342496,,1.0,2401.0,7.0,41.649312786339024,0.0,,1.6826805801374918,,100000.0,,2.0,99.0,2026100607.0,-0.131623132177013,"[2026100607, 100000, 4, 99]",0.0,False,0.6388722558892894,False,0.0,ok,,0.0389718749793246
ridge_medium,1000,2,evaluation,0,1,-0.131623132177013,0.0623135751351315,0.0696412823330364,0.0001666249881964,-0.0693095570418815,-0.0619818498439766,1.0,1.0,1000.0,1000.0,0.0,0.12,1.0612658181379035,0.0,1000.0,1.0,,,,,,,,,,,,,
ridge_medium,1000,2,evaluation,0,2,-0.131623132177013,-0.0886672021599949,-0.0652915554675428,0.0002194999833591,-0.220290334337008,-0.1969146876445559,1.0,4.0,159.0,250.0,0.0,0.233,1.1280065139191713,0.0,1000.0,4.0,,,,,,,,,,,,,
ridge_medium,1000,2,evaluation,0,3,-0.131623132177013,-0.2105473283686759,-0.1799118713038731,0.0002480000257492,-0.342170460545689,-0.3115350034808862,1.0,9.0,78.0,111.11111111111111,0.0,0.324,1.1896036681774682,0.0,1000.0,9.0,,,,,,,,,,,,,
ridge_medium,1000,2,evaluation,0,4,-0.131623132177013,-0.3254424296294786,-0.2599141473698246,0.0001621659903321,-0.4570655618064917,-0.3915372795468377,1.0,16.0,19.0,62.5,0.0,0.423,1.2414139297836435,0.0,1000.0,16.0,,,,,,,,,,,,,
ridge_medium,1000,2,evaluation,0,5,-0.131623132177013,-0.4181898711111182,-0.3466547476331385,0.0001487919944338,-0.5498130032881313,-0.4782778798101516,1.0,25.0,16.0,40.0,0.0,0.514,1.30180651963503,0.0,1000.0,25.0,,,,,,,,,,,,,
ridge_medium,1000,2,evaluation,0,6,-0.131623132177013,-0.5551239846053978,-0.4587432392245784,0.0001488330017309,-0.6867471167824108,-0.5903663714015914,1.0,36.0,5.0,27.77777777777778,0.0,0.609,1.3926210434302737,0.0,1000.0,36.0,,,,,,,,,,,,,
ridge_medium,1000,2,evaluation,0,7,-0.131623132177013,-0.6758551554621546,-0.5486191619437234,0.0001427909883204,-0.8074782876391676,-0.6802422941207364,1.0,49.0,3.0,20.40816326530612,0.0,0.639,1.3994407187312303,0.006,1000.0,49.0,,,,,,,,,,,,,
ridge_medium,1000,2,evaluation,1,1,-0.131623132177013,0.0610071284473431,0.0747438452318725,0.0001384170027449,-0.0706160037296699,-0.0568792869451405,1.0,1.0,1000.0,1000.0,0.0,0.128,1.0652327490099085,0.0,1000.0,1.0,,,,,,,,,,,,,
ridge_medium,1000,2,evaluation,1,2,-0.131623132177013,-0.0764121814232121,-0.0532842856687271,0.0001659159897826,-0.2080353136002252,-0.1849074178457402,1.0,4.0,168.0,250.0,0.0,0.226,1.1251869646233188,0.0,1000.0,4.0,,,,,,,,,,,,,
ridge_medium,1000,2,evaluation,1,3,-0.131623132177013,-0.2139190411919333,-0.182976292478097,0.0001568750012665,-0.3455421733689464,-0.3145994246551101,1.0,9.0,79.0,111.11111111111111,0.0,0.324,1.1897626002224313,0.0,1000.0,9.0,,,,,,,,,,,,,
ridge_medium,1000,2,evaluation,1,4,-0.131623132177013,-0.2966106788738621,-0.2474074914740187,0.0001444999943487,-0.4282338110508752,-0.3790306236510318,1.0,16.0,20.0,62.5,0.0,0.42,1.2457402955609598,0.0,1000.0,16.0,,,,,,,,,,,,,
ridge_medium,1000,2,evaluation,1,5,-0.131623132177013,-0.4066660548700903,-0.3287676368297546,0.0001455419987905,-0.5382891870471034,-0.4603907690067677,1.0,25.0,14.0,40.0,0.0,0.509,1.2970577880942171,0.0,1000.0,25.0,,,,,,,,,,,,,
ridge_medium,1000,2,evaluation,1,6,-0.131623132177013,-0.5385623012031557,-0.4574092261909067,0.0001628340105526,-0.6701854333801688,-0.5890323583679198,1.0,36.0,4.0,27.77777777777778,0.0,0.573,1.358506466339777,0.004,1000.0,36.0,,,,,,,,,,,,,
ridge_medium,1000,2,evaluation,1,7,-0.131623132177013,-0.6453100389321256,-0.5093083366322461,0.0001583749835845,-0.7769331711091386,-0.6409314688092591,1.0,49.0,4.0,20.40816326530612,0.0,0.675,1.4168419895999491,0.008,1000.0,49.0,,,,,,,,,,,,,
ridge_medium,1000,2,evaluation,2,1,-0.131623132177013,0.0691470371275117,0.0719268249972182,0.0001421660126652,-0.0624760950495012,-0.0596963071797948,1.0,1.0,1000.0,1000.0,0.0,0.123,1.0631852472389762,0.0,1000.0,1.0,,,,,,,,,,,,,
ridge_medium,1000,2,evaluation,2,2,-0.131623132177013,-0.0717664615808233,-0.0537771070472992,0.0001724169997032,-0.2033895937578364,-0.1854002392243122,1.0,4.0,174.0,250.0,0.0,0.252,1.126501619403292,0.0,1000.0,4.0,,,,,,,,,,,,,
ridge_medium,1000,2,evaluation,2,3,-0.131623132177013,-0.1940303913841708,-0.1749491019616082,0.0001610000035725,-0.3256535235611839,-0.3065722341386213,1.0,9.0,77.0,111.11111111111111,0.0,0.336,1.1964293119653795,0.0,1000.0,9.0,,,,,,,,,,,,,
ridge_medium,1000,2,evaluation,2,4,-0.131623132177013,-0.2995771475568833,-0.2666171312083569,0.0001477089826948,-0.4312002797338964,-0.39824026338537,1.0,16.0,21.0,62.5,0.0,0.424,1.251176529327801,0.0,1000.0,16.0,,,,,,,,,,,,,
ridge_medium,1000,2,evaluation,2,5,-0.131623132177013,-0.4032358340902572,-0.347252425484256,0.0001469999842811,-0.5348589662672703,-0.4788755576612691,1.0,25.0,13.0,40.0,0.0,0.522,1.3092476292098638,0.0,1000.0,25.0,,,,,,,,,,,,,
ridge_medium,1000,2,evaluation,2,6,-0.131623132177013,-0.5412421993298867,-0.4571462593444633,0.0001422080094926,-0.6728653315068998,-0.5887693915214763,1.0,36.0,4.0,27.77777777777778,0.0,0.582,1.376940179087132,0.004,1000.0,36.0,,,,,,,,,,,,,
ridge_medium,1000,2,evaluation,2,7,-0.131623132177013,-0.6583837470837102,-0.5389993009853936,0.0001376669970341,-0.7900068792607232,-0.6706224331624067,1.0,49.0,5.0,20.40816326530612,0.0,0.647,1.4087747416268457,0.0,1000.0,49.0,,,,,,,,,,,,,
ridge_medium,1000,2,evaluation,3,1,-0.131623132177013,0.0530462698115342,0.0706689620709176,0.0001397089799866,-0.0785768623654787,-0.0609541701060954,1.0,1.0,1000.0,1000.0,0.0,0.127,1.0627438466872752,0.0,1000.0,1.0,,,,,,,,,,,,,
ridge_medium,1000,2,evaluation,3,2,-0.131623132177013,-0.0736827141603797,-0.0450947227388375,0.0001627909950911,-0.2053058463373928,-0.1767178549158506,1.0,4.0,191.0,250.0,0.0,0.24,1.1254475952429357,0.0,1000.0,4.0,,,,,,,,,,,,,
ridge_medium,1000,2,evaluation,3,3,-0.131623132177013,-0.2176772164311176,-0.1830395812452185,0.0001562089892104,-0.3493003486081307,-0.3146627134222315,1.0,9.0,80.0,111.11111111111111,0.0,0.35,1.1858940987038074,0.0,1000.0,9.0,,,,,,,,,,,,,
ridge_medium,1000,2,evaluation,3,4,-0.131623132177013,-0.3038726791669471,-0.2613824245289751,0.0001476659963373,-0.4354958113439602,-0.3930055567059882,1.0,16.0,20.0,62.5,0.0,0.44,1.2402190687825436,0.0,1000.0,16.0,,,,,,,,,,,,,
ridge_medium,1000,2,evaluation,3,5,-0.131623132177013,-0.4192425492336217,-0.3615469602243215,0.0001412089914083,-0.5508656814106347,-0.4931700924013346,1.0,25.0,13.0,40.0,0.0,0.507,1.310752735982145,0.0,1000.0,25.0,,,,,,,,,,,,,
ridge_medium,1000,2,evaluation,3,6,-0.131623132177013,-0.5437071137003877,-0.4608516172340001,0.0001419580075889,-0.6753302458774008,-0.5924747494110132,1.0,36.0,8.0,27.77777777777778,0.0,0.606,1.3634917600707026,0.0,1000.0,36.0,,,,,,,,,,,,,
ridge_medium,1000,2,evaluation,3,7,-0.131623132177013,-0.6815483950978476,-0.5548324566973141,0.0001386250078212,-0.8131715272748606,-0.6864555888743271,1.0,49.0,5.0,20.40816326530612,0.0,0.665,1.4138836104138033,0.0,1000.0,49.0,,,,,,,,,,,,,
ridge_medium,1000,2,evaluation,4,1,-0.131623132177013,0.0636809926614894,0.0746341370115442,0.0001372080005239,-0.0679421395155236,-0.0569889951654688,1.0,1.0,1000.0,1000.0,0.0,0.126,1.064718324082452,0.0,1000.0,1.0,,,,,,,,,,,,,
ridge_medium,1000,2,evaluation,4,2,-0.131623132177013,-0.0610248732597396,-0.0372091706168595,0.0001644169969949,-0.1926480054367527,-0.1688323027938726,1.0,4.0,194.0,250.0,0.0,0.242,1.1255937844238888,0.0,1000.0,4.0,,,,,,,,,,,,,
ridge_medium,1000,2,evaluation,4,3,-0.131623132177013,-0.1853604525476021,-0.1546953294931964,0.0001569170271977,-0.3169835847246152,-0.2863184616702094,1.0,9.0,75.0,111.11111111111111,0.0,0.332,1.1968368716018043,0.0,1000.0,9.0,,,,,,,,,,,,,
ridge_medium,1000,2,evaluation,4,4,-0.131623132177013,-0.2895322977414062,-0.2489291763534856,0.0001478340127505,-0.4211554299184192,-0.3805523085304987,1.0,16.0,18.0,62.5,0.0,0.428,1.2449179455347126,0.0,1000.0,16.0,,,,,,,,,,,,,
ridge_medium,1000,2,evaluation,4,5,-0.131623132177013,-0.387763421891487,-0.3291643995402643,0.0001424170040991,-0.5193865540685001,-0.4607875317172774,1.0,25.0,11.0,40.0,0.0,0.512,1.299314847707682,0.0,1000.0,25.0,,,,,,,,,,,,,
ridge_medium,1000,2,evaluation,4,6,-0.131623132177013,-0.5070870660622052,-0.4322122560567611,0.000144833989907,-0.6387101982392183,-0.5638353882337742,1.0,36.0,8.0,27.77777777777778,0.0,0.572,1.372057853906812,0.0,1000.0,36.0,,,,,,,,,,,,,
ridge_medium,1000,2,evaluation,4,7,-0.131623132177013,-0.661979776972015,-0.5296071651680583,0.0001472090079914,-0.7936029091490281,-0.6612302973450713,1.0,49.0,3.0,20.40816326530612,0.0,0.657,1.40828687026255,0.003,1000.0,49.0,,,,,,,,,,,,,
ridge_medium,1000,2,evaluation,5,1,-0.131623132177013,0.0643801831686118,0.0728735627730888,0.0001349580124951,-0.0672429490084012,-0.0587495694039242,1.0,1.0,1000.0,1000.0,0.0,0.118,1.0647613060229948,0.0,1000.0,1.0,,,,,,,,,,,,,
ridge_medium,1000,2,evaluation,5,2,-0.131623132177013,-0.0551859254941971,-0.0439184603916288,0.0001676250249147,-0.1868090576712102,-0.1755415925686419,1.0,4.0,167.0,250.0,0.0,0.235,1.1284864721366448,0.0,1000.0,4.0,,,,,,,,,,,,,
ridge_medium,1000,2,evaluation,5,3,-0.131623132177013,-0.1963687092771222,-0.1607306800195274,0.0001540000084787,-0.3279918414541353,-0.2923538121965405,1.0,9.0,76.0,111.11111111111111,0.0,0.323,1.1852934533983723,0.0,1000.0,9.0,,,,,,,,,,,,,
ridge_medium,1000,2,evaluation,5,4,-0.131623132177013,-0.2795462705184618,-0.2304046882647433,0.0001433749857824,-0.4111694026954749,-0.3620278204417564,1.0,16.0,21.0,62.5,0.0,0.43,1.2486190814181362,0.0,1000.0,16.0,,,,,,,,,,,,,
ridge_medium,1000,2,evaluation,5,5,-0.131623132177013,-0.3981943784803474,-0.3302703488044454,0.0001385000068694,-0.5298175106573605,-0.4618934809814585,1.0,25.0,19.0,40.0,0.0,0.515,1.3117686858871571,0.0,1000.0,25.0,,,,,,,,,,,,,
ridge_medium,1000,2,evaluation,5,6,-0.131623132177013,-0.4972414386131077,-0.412454895686375,0.0001394169812556,-0.6288645707901208,-0.5440780278633881,1.0,36.0,6.0,27.77777777777778,0.0,0.594,1.3488577862376772,0.0,1000.0,36.0,,,,,,,,,,,,,
ridge_medium,1000,2,evaluation,5,7,-0.131623132177013,-0.6402917516287724,-0.5161356677857006,0.0001336669956799,-0.7719148838057854,-0.6477587999627137,1.0,49.0,5.0,20.40816326530612,0.0,0.651,1.416572751526888,0.0,1000.0,49.0,,,,,,,,,,,,,
ridge_medium,1000,2,evaluation,6,1,-0.131623132177013,0.0746247783146595,0.0795164303613824,0.0001335410051979,-0.0569983538623535,-0.0521067018156305,1.0,1.0,1000.0,1000.0,0.0,0.115,1.0573825070115808,0.0,1000.0,1.0,,,,,,,,,,,,,
ridge_medium,1000,2,evaluation,6,2,-0.131623132177013,-0.0689728941976932,-0.0466991816400597,0.000178207992576,-0.2005960263747062,-0.1783223138170728,1.0,4.0,183.0,250.0,0.0,0.243,1.1193804699009493,0.0,1000.0,4.0,,,,,,,,,,,,,
ridge_medium,1000,2,evaluation,6,3,-0.131623132177013,-0.2058807839408644,-0.16708960210828,0.0001753749966155,-0.3375039161178775,-0.2987127342852931,1.0,9.0,75.0,111.11111111111111,0.0,0.352,1.1912509503201307,0.0,1000.0,9.0,,,,,,,,,,,,,
ridge_medium,1000,2,evaluation,6,4,-0.131623132177013,-0.3039210244708639,-0.2464230444740843,0.0001593750203028,-0.435544156647877,-0.3780461766510974,1.0,16.0,26.0,62.5,0.0,0.429,1.2352403516565695,0.0,1000.0,16.0,,,,,,,,,,,,,
ridge_medium,1000,2,evaluation,6,5,-0.131623132177013,-0.4159718366706425,-0.3245883755084322,0.0001477080222684,-0.5475949688476556,-0.4562115076854452,1.0,25.0,15.0,40.0,0.0,0.511,1.2934248689880734,0.0,1000.0,25.0,,,,,,,,,,,,,
ridge_medium,1000,2,evaluation,6,6,-0.131623132177013,-0.5258331852596552,-0.4389147920144169,0.0001471660216338,-0.6574563174366682,-0.57053792419143,1.0,36.0,7.0,27.77777777777778,0.0,0.589,1.377588323986087,0.0,1000.0,36.0,,,,,,,,,,,,,
ridge_medium,1000,2,evaluation,6,7,-0.131623132177013,-0.642269455700702,-0.5256608798957568,0.0001413340214639,-0.7738925878777151,-0.6572840120727699,1.0,49.0,5.0,20.40816326530612,0.0,0.645,1.42565194352778,0.0,1000.0,49.0,,,,,,,,,,,,,
ridge_medium,1000,2,evaluation,7,1,-0.131623132177013,0.0620575633476602,0.0745113715203562,0.0001378329761791,-0.0695655688293527,-0.0571117606566567,1.0,1.0,1000.0,1000.0,0.0,0.125,1.0597314745710784,0.0,1000.0,1.0,,,,,,,,,,,,,
ridge_medium,1000,2,evaluation,7,2,-0.131623132177013,-0.0601523008207953,-0.0361614049595478,0.0001685000024735,-0.1917754329978084,-0.1677845371365609,1.0,4.0,177.0,250.0,0.0,0.242,1.1183219475385653,0.0,1000.0,4.0,,,,,,,,,,,,,
ridge_medium,1000,2,evaluation,7,3,-0.131623132177013,-0.1943448989681287,-0.159814285273331,0.0001623749849386,-0.3259680311451418,-0.2914374174503441,1.0,9.0,72.0,111.11111111111111,0.0,0.331,1.1812490493430747,0.0,1000.0,9.0,,,,,,,,,,,,,
ridge_medium,1000,2,evaluation,7,4,-0.131623132177013,-0.3040560013041768,-0.2411995577808871,0.000145333004184,-0.4356791334811899,-0.3728226899579002,1.0,16.0,23.0,62.5,0.0,0.433,1.2437198704032963,0.0,1000.0,16.0,,,,,,,,,,,,,
ridge_medium,1000,2,evaluation,7,5,-0.131623132177013,-0.4069338652163614,-0.327029121047001,0.0001410419936291,-0.5385569973933745,-0.458652253224014,1.0,25.0,16.0,40.0,0.0,0.523,1.3018573965359852,0.0,1000.0,25.0,,,,,,,,,,,,,
ridge_medium,1000,2,evaluation,7,6,-0.131623132177013,-0.5053348249041295,-0.4206520200362381,0.0001397090090904,-0.6369579570811426,-0.5522751522132512,1.0,36.0,10.0,27.77777777777778,0.0,0.578,1.3369118428138758,0.0,1000.0,36.0,,,,,,,,,,,,,
ridge_medium,1000,2,evaluation,7,7,-0.131623132177013,-0.6522658186067163,-0.5289829956420758,0.0001359169837087,-0.7838889507837293,-0.6606061278190889,1.0,49.0,4.0,20.40816326530612,0.0,0.669,1.4122316343124497,0.004,1000.0,49.0,,,,,,,,,,,,,
ridge_medium,1000,2,evaluation,8,1,-0.131623132177013,0.0621106359959532,0.076100917821885,0.000136457994813,-0.0695124961810598,-0.055522214355128,1.0,1.0,1000.0,1000.0,0.0,0.121,1.0653192472707638,0.0,1000.0,1.0,,,,,,,,,,,,,
ridge_medium,1000,2,evaluation,8,2,-0.131623132177013,-0.0822447650905072,-0.0560754628398127,0.0001670839847065,-0.2138678972675203,-0.1876985950168258,1.0,4.0,163.0,250.0,0.0,0.23,1.1254632488416914,0.0,1000.0,4.0,,,,,,,,,,,,,
ridge_medium,1000,2,evaluation,8,3,-0.131623132177013,-0.2249441683395288,-0.1804216059318388,0.0001560829987283,-0.3565673005165419,-0.3120447381088519,1.0,9.0,84.0,111.11111111111111,0.0,0.321,1.1780103709474794,0.0,1000.0,9.0,,,,,,,,,,,,,
ridge_medium,1000,2,evaluation,8,4,-0.131623132177013,-0.3135841177546656,-0.2621806186330472,0.0001471249852329,-0.4452072499316787,-0.3938037508100602,1.0,16.0,21.0,62.5,0.0,0.41,1.2389376647769903,0.0,1000.0,16.0,,,,,,,,,,,,,
ridge_medium,1000,2,evaluation,8,5,-0.131623132177013,-0.4213881338632155,-0.3575364198754127,0.0001409999968018,-0.5530112660402285,-0.4891595520524258,1.0,25.0,13.0,40.0,0.0,0.514,1.3042608232950663,0.0,1000.0,25.0,,,,,,,,,,,,,
ridge_medium,1000,2,evaluation,8,6,-0.131623132177013,-0.5372705156636952,-0.4357390590836187,0.0001386659860145,-0.6688936478407083,-0.5673621912606318,1.0,36.0,6.0,27.77777777777778,0.0,0.581,1.3447557268596224,0.0,1000.0,36.0,,,,,,,,,,,,,
ridge_medium,1000,2,evaluation,8,7,-0.131623132177013,-0.687482590773668,-0.5642032716277156,0.0001375419960822,-0.8191057229506811,-0.6958264038047286,1.0,49.0,5.0,20.40816326530612,0.0,0.645,1.399726501015129,0.0,1000.0,49.0,,,,,,,,,,,,,
ridge_medium,1000,2,evaluation,9,1,-0.131623132177013,0.0537240168872516,0.0694483679654211,0.0001332499959971,-0.0778991152897614,-0.0621747642115919,1.0,1.0,1000.0,1000.0,0.0,0.117,1.0612944443594066,0.0,1000.0,1.0,,,,,,,,,,,,,
ridge_medium,1000,2,evaluation,9,2,-0.131623132177013,-0.0887890241463892,-0.0557519658742539,0.0001647919998504,-0.2204121563234023,-0.187375098051267,1.0,4.0,176.0,250.0,0.0,0.233,1.1181870466312938,0.0,1000.0,4.0,,,,,,,,,,,,,
ridge_medium,1000,2,evaluation,9,3,-0.131623132177013,-0.2163999648172566,-0.174451471678838,0.0001601249969098,-0.3480230969942697,-0.3060746038558511,1.0,9.0,74.0,111.11111111111111,0.0,0.318,1.174723881293411,0.0,1000.0,9.0,,,,,,,,,,,,,
ridge_medium,1000,2,evaluation,9,4,-0.131623132177013,-0.2905212048301351,-0.241566103019361,0.0001575000060256,-0.4221443370071481,-0.3731892351963741,1.0,16.0,22.0,62.5,0.0,0.414,1.246254199425217,0.0,1000.0,16.0,,,,,,,,,,,,,
ridge_medium,1000,2,evaluation,9,5,-0.131623132177013,-0.4471818465443193,-0.3609640787179095,0.0001430839765816,-0.5788049787213324,-0.4925872108949225,1.0,25.0,15.0,40.0,0.0,0.516,1.3044488581166065,0.0,1000.0,25.0,,,,,,,,,,,,,
ridge_medium,1000,2,evaluation,9,6,-0.131623132177013,-0.5247589701465352,-0.4279717680664837,0.0001409589895047,-0.6563821023235482,-0.5595949002434968,1.0,36.0,7.0,27.77777777777778,0.0,0.582,1.370652042407798,0.0,1000.0,36.0,,,,,,,,,,,,,
ridge_medium,1000,2,evaluation,9,7,-0.131623132177013,-0.6740941977782914,-0.5450098459364573,0.0001359579910058,-0.8057173299553044,-0.6766329781134703,1.0,49.0,5.0,20.40816326530612,0.0,0.655,1.393573298566993,0.0,1000.0,49.0,,,,,,,,,,,,,
ridge_medium,1000,2,evaluation,10,1,-0.131623132177013,0.066854934255909,0.0715555069346479,0.0001355410204268,-0.064768197921104,-0.0600676252423651,1.0,1.0,1000.0,1000.0,0.0,0.123,1.0662330867086909,0.0,1000.0,1.0,,,,,,,,,,,,,
ridge_medium,1000,2,evaluation,10,2,-0.131623132177013,-0.0643421613364788,-0.0464991171176978,0.0001667909964453,-0.1959652935134919,-0.1781222492947109,1.0,4.0,177.0,250.0,0.0,0.226,1.1213155996533586,0.0,1000.0,4.0,,,,,,,,,,,,,
ridge_medium,1000,2,evaluation,10,3,-0.131623132177013,-0.2156221650905278,-0.1714768847548614,0.000158790993737,-0.3472452972675409,-0.3031000169318745,1.0,9.0,73.0,111.11111111111111,0.0,0.35,1.1924664543154622,0.0,1000.0,9.0,,,,,,,,,,,,,
ridge_medium,1000,2,evaluation,10,4,-0.131623132177013,-0.2994239760022225,-0.2636331489150955,0.000145041005453,-0.4310471081792356,-0.3952562810921086,1.0,16.0,23.0,62.5,0.0,0.43,1.249150486347227,0.0,1000.0,16.0,,,,,,,,,,,,,
ridge_medium,1000,2,evaluation,10,5,-0.131623132177013,-0.3939463629367096,-0.3360327420664333,0.0001447499962523,-0.5255694951137226,-0.4676558742434464,1.0,25.0,16.0,40.0,0.0,0.508,1.315850539475544,0.0,1000.0,25.0,,,,,,,,,,,,,
ridge_medium,1000,2,evaluation,10,6,-0.131623132177013,-0.5545870652465065,-0.451012187528737,0.0001400000182911,-0.6862101974235195,-0.5826353197057501,1.0,36.0,7.0,27.77777777777778,0.0,0.599,1.3452184165015997,0.0,1000.0,36.0,,,,,,,,,,,,,
ridge_medium,1000,2,evaluation,10,7,-0.131623132177013,-0.6396726443088413,-0.5082265377749312,0.0001362079929094,-0.7712957764858543,-0.6398496699519443,1.0,49.0,5.0,20.40816326530612,0.0,0.663,1.404484131808176,0.0,1000.0,49.0,,,,,,,,,,,,,
ridge_medium,1000,2,evaluation,11,1,-0.131623132177013,0.0705987385564665,0.0785051593505108,0.0001354170090053,-0.0610243936205465,-0.0531179728265022,1.0,1.0,1000.0,1000.0,0.0,0.123,1.059856066949204,0.0,1000.0,1.0,,,,,,,,,,,,,
ridge_medium,1000,2,evaluation,11,2,-0.131623132177013,-0.0588485621786332,-0.0420100214482674,0.0001638749963603,-0.1904716943556463,-0.1736331536252805,1.0,4.0,173.0,250.0,0.0,0.234,1.124444592201133,0.0,1000.0,4.0,,,,,,,,,,,,,
ridge_medium,1000,2,evaluation,11,3,-0.131623132177013,-0.2092164766677251,-0.1738921036544299,0.0001582079858053,-0.3408396088447382,-0.3055152358314429,1.0,9.0,67.0,111.11111111111111,0.0,0.331,1.187818764165986,0.0,1000.0,9.0,,,,,,,,,,,,,
ridge_medium,1000,2,evaluation,11,4,-0.131623132177013,-0.285361726898499,-0.2344131046289274,0.0001434999867342,-0.4169848590755121,-0.3660362368059405,1.0,16.0,25.0,62.5,0.0,0.422,1.2366887409595873,0.0,1000.0,16.0,,,,,,,,,,,,,
ridge_medium,1000,2,evaluation,11,5,-0.131623132177013,-0.3994971226596233,-0.3324868963528971,0.0001409999968018,-0.5311202548366364,-0.4641100285299101,1.0,25.0,16.0,40.0,0.0,0.515,1.297159409196067,0.0,1000.0,25.0,,,,,,,,,,,,,
ridge_medium,1000,2,evaluation,11,6,-0.131623132177013,-0.4940082110177823,-0.4081705015736552,0.0001421670021954,-0.6256313431947954,-0.5397936337506682,1.0,36.0,7.0,27.77777777777778,0.0,0.574,1.3617297727933309,0.0,1000.0,36.0,,,,,,,,,,,,,
ridge_medium,1000,2,evaluation,11,7,-0.131623132177013,-0.6680898906990298,-0.5402648322799577,0.0001368750235997,-0.7997130228760428,-0.6718879644569707,1.0,49.0,5.0,20.40816326530612,0.0,0.661,1.4108341025666518,0.0,1000.0,49.0,,,,,,,,,,,,,
ridge_medium,1000,2,evaluation,12,1,-0.131623132177013,0.058328140419433,0.0707419006301705,0.0001690839999355,-0.07329499175758,-0.0608812315468425,1.0,1.0,1000.0,1000.0,0.0,0.127,1.0654087547804347,0.0,1000.0,1.0,,,,,,,,,,,,,
ridge_medium,1000,2,evaluation,12,2,-0.131623132177013,-0.053512425395792,-0.0311321674561163,0.0001751249947119,-0.1851355575728051,-0.1627552996331294,1.0,4.0,193.0,250.0,0.0,0.251,1.1277114769541738,0.0,1000.0,4.0,,,,,,,,,,,,,
ridge_medium,1000,2,evaluation,12,3,-0.131623132177013,-0.1949761769375574,-0.153966345491124,0.0001629579928703,-0.3265993091145705,-0.2855894776681371,1.0,9.0,81.0,111.11111111111111,0.0,0.34,1.1889098358490882,0.0,1000.0,9.0,,,,,,,,,,,,,
ridge_medium,1000,2,evaluation,12,4,-0.131623132177013,-0.2680675457113304,-0.2316520286793962,0.0001507499837316,-0.3996906778883434,-0.3632751608564092,1.0,16.0,25.0,62.5,0.0,0.424,1.2515410643124265,0.0,1000.0,16.0,,,,,,,,,,,,,
ridge_medium,1000,2,evaluation,12,5,-0.131623132177013,-0.4047883875175763,-0.3387815295324564,0.000143624987686,-0.5364115196945893,-0.4704046617094695,1.0,25.0,15.0,40.0,0.0,0.513,1.3012109207594251,0.0,1000.0,25.0,,,,,,,,,,,,,
ridge_medium,1000,2,evaluation,12,6,-0.131623132177013,-0.4969246373316059,-0.4192268878986781,0.0001578330120537,-0.628547769508619,-0.5508500200756912,1.0,36.0,8.0,27.77777777777778,0.0,0.589,1.361445190481862,0.0,1000.0,36.0,,,,,,,,,,,,,
ridge_medium,1000,2,evaluation,12,7,-0.131623132177013,-0.6753235672993289,-0.5403029313646027,0.0001408329990226,-0.8069466994763419,-0.6719260635416158,1.0,49.0,4.0,20.40816326530612,0.0,0.651,1.4114506720726,0.004,1000.0,49.0,,,,,,,,,,,,,
ridge_medium,1000,2,evaluation,13,1,-0.131623132177013,0.0724337704972416,0.0789126051886092,0.0001339580048806,-0.0591893616797714,-0.0527105269884038,1.0,1.0,1000.0,1000.0,0.0,0.12,1.061512170276707,0.0,1000.0,1.0,,,,,,,,,,,,,
ridge_medium,1000,2,evaluation,13,2,-0.131623132177013,-0.0584741486935019,-0.0360046755190188,0.0001704999885987,-0.190097280870515,-0.1676278076960319,1.0,4.0,175.0,250.0,0.0,0.245,1.1204205210939469,0.0,1000.0,4.0,,,,,,,,,,,,,
ridge_medium,1000,2,evaluation,13,3,-0.131623132177013,-0.2184585426117361,-0.1872930838363092,0.0001612500054761,-0.3500816747887492,-0.3189162160133222,1.0,9.0,75.0,111.11111111111111,0.0,0.327,1.1878171703146916,0.0,1000.0,9.0,,,,,,,,,,,,,
ridge_medium,1000,2,evaluation,13,4,-0.131623132177013,-0.3030854068765402,-0.248557567631133,0.0001459580089431,-0.4347085390535533,-0.380180699808146,1.0,16.0,19.0,62.5,0.0,0.42,1.2388792754477056,0.0,1000.0,16.0,,,,,,,,,,,,,
ridge_medium,1000,2,evaluation,13,5,-0.131623132177013,-0.4096616160835429,-0.3380732958856355,0.0001431250129826,-0.541284748260556,-0.4696964280626485,1.0,25.0,17.0,40.0,0.0,0.515,1.3071503850397723,0.0,1000.0,25.0,,,,,,,,,,,,,
ridge_medium,1000,2,evaluation,13,6,-0.131623132177013,-0.5266823607044713,-0.4356288396385214,0.0001416250015608,-0.6583054928814843,-0.5672519718155344,1.0,36.0,9.0,27.77777777777778,0.0,0.582,1.350066899939776,0.0,1000.0,36.0,,,,,,,,,,,,,
ridge_medium,1000,2,evaluation,13,7,-0.131623132177013,-0.6435217950442663,-0.5227100363653413,0.000136457994813,-0.7751449272212794,-0.6543331685423543,1.0,49.0,4.0,20.40816326530612,0.0,0.669,1.4107619172141486,0.004,1000.0,49.0,,,,,,,,,,,,,
ridge_medium,1000,2,evaluation,14,1,-0.131623132177013,0.067940977314523,0.0768563080834896,0.0001454169978387,-0.0636821548624899,-0.0547668240935233,1.0,1.0,1000.0,1000.0,0.0,0.124,1.0623756597878962,0.0,1000.0,1.0,,,,,,,,,,,,,
ridge_medium,1000,2,evaluation,14,2,-0.131623132177013,-0.0511951129153002,-0.0299829772469147,0.0001684580056462,-0.1828182450923133,-0.1616061094239277,1.0,4.0,181.0,250.0,0.0,0.232,1.124301635917892,0.0,1000.0,4.0,,,,,,,,,,,,,
ridge_medium,1000,2,evaluation,14,3,-0.131623132177013,-0.179307011731999,-0.1427458657448453,0.0001547500141896,-0.3109301439090121,-0.2743689979218583,1.0,9.0,74.0,111.11111111111111,0.0,0.326,1.1822068644512491,0.0,1000.0,9.0,,,,,,,,,,,,,
ridge_medium,1000,2,evaluation,14,4,-0.131623132177013,-0.2561335366394648,-0.2214847169115009,0.0001446249953005,-0.3877566688164778,-0.353107849088514,1.0,16.0,25.0,62.5,0.0,0.402,1.243268285985933,0.0,1000.0,16.0,,,,,,,,,,,,,
ridge_medium,1000,2,evaluation,14,5,-0.131623132177013,-0.4036534588082242,-0.3489494643492753,0.0001373749983031,-0.5352765909852373,-0.4805725965262883,1.0,25.0,16.0,40.0,0.0,0.493,1.3082425197498182,0.0,1000.0,25.0,,,,,,,,,,,,,
ridge_medium,1000,2,evaluation,14,6,-0.131623132177013,-0.4930455092328115,-0.4060443593309329,0.0001392500125803,-0.6246686414098246,-0.537667491507946,1.0,36.0,8.0,27.77777777777778,0.0,0.601,1.3625963463066888,0.0,1000.0,36.0,,,,,,,,,,,,,
ridge_medium,1000,2,evaluation,14,7,-0.131623132177013,-0.6245616649977348,-0.5267669441957267,0.0001347079814877,-0.7561847971747478,-0.6583900763727397,1.0,49.0,5.0,20.40816326530612,0.0,0.655,1.4333632936958685,0.0,1000.0,49.0,,,,,,,,,,,,,
ridge_medium,1000,2,evaluation,15,1,-0.131623132177013,0.0571790104198073,0.0726256954724204,0.0001346250064671,-0.0744441217572057,-0.0589974367045926,1.0,1.0,1000.0,1000.0,0.0,0.127,1.066211521700881,0.0,1000.0,1.0,,,,,,,,,,,,,
ridge_medium,1000,2,evaluation,15,2,-0.131623132177013,-0.0931842833756935,-0.0655408802845554,0.0001644580042921,-0.2248074155527066,-0.1971640124615684,1.0,4.0,180.0,250.0,0.0,0.245,1.133573189617043,0.0,1000.0,4.0,,,,,,,,,,,,,
ridge_medium,1000,2,evaluation,15,3,-0.131623132177013,-0.2495578947691214,-0.2087084688314658,0.0001582499826326,-0.3811810269461345,-0.3403316010084788,1.0,9.0,64.0,111.11111111111111,0.0,0.342,1.1979416838150392,0.0,1000.0,9.0,,,,,,,,,,,,,
ridge_medium,1000,2,evaluation,15,4,-0.131623132177013,-0.3493471539729985,-0.2939897855403376,0.0001467080146539,-0.4809702861500116,-0.4256129177173507,1.0,16.0,25.0,62.5,0.0,0.44,1.2545336648525165,0.0,1000.0,16.0,,,,,,,,,,,,,
ridge_medium,1000,2,evaluation,15,5,-0.131623132177013,-0.4260975696323114,-0.3681327914377291,0.0001423329813405,-0.5577207018093244,-0.4997559236147422,1.0,25.0,13.0,40.0,0.0,0.513,1.307392368944449,0.0,1000.0,25.0,,,,,,,,,,,,,
ridge_medium,1000,2,evaluation,15,6,-0.131623132177013,-0.5547281646881307,-0.4603696785659982,0.00014087499585,-0.6863512968651437,-0.5919928107430112,1.0,36.0,7.0,27.77777777777778,0.0,0.578,1.361160280067495,0.0,1000.0,36.0,,,,,,,,,,,,,
ridge_medium,1000,2,evaluation,15,7,-0.131623132177013,-0.6522677565716731,-0.5465019457435039,0.000139959010994,-0.7838908887486862,-0.6781250779205169,1.0,49.0,3.0,20.40816326530612,0.0,0.643,1.4158129066658969,0.007,1000.0,49.0,,,,,,,,,,,,,
ridge_medium,1000,2,evaluation,16,1,-0.131623132177013,0.0688169180725615,0.0733485274102115,0.0001316670095548,-0.0628062141044515,-0.0582746047668015,1.0,1.0,1000.0,1000.0,0.0,0.11,1.064032418116036,0.0,1000.0,1.0,,,,,,,,,,,,,
ridge_medium,1000,2,evaluation,16,2,-0.131623132177013,-0.0682255353864501,-0.046948516890315,0.0001671249920036,-0.1998486675634632,-0.1785716490673281,1.0,4.0,167.0,250.0,0.0,0.215,1.1177497629112083,0.0,1000.0,4.0,,,,,,,,,,,,,
ridge_medium,1000,2,evaluation,16,3,-0.131623132177013,-0.1822183201862573,-0.1596682477262115,0.0001544999831821,-0.3138414523632704,-0.2912913799032245,1.0,9.0,71.0,111.11111111111111,0.0,0.311,1.183580795221286,0.0,1000.0,9.0,,,,,,,,,,,,,
ridge_medium,1000,2,evaluation,16,4,-0.131623132177013,-0.3263475608260895,-0.2538250763809315,0.0001437079918105,-0.4579706930031025,-0.3854482085579446,1.0,16.0,24.0,62.5,0.0,0.442,1.244747736184145,0.0,1000.0,16.0,,,,,,,,,,,,,
ridge_medium,1000,2,evaluation,16,5,-0.131623132177013,-0.4175572633225759,-0.3425001099042073,0.0001380830071866,-0.549180395499589,-0.4741232420812204,1.0,25.0,16.0,40.0,0.0,0.509,1.302226783076606,0.0,1000.0,25.0,,,,,,,,,,,,,
ridge_medium,1000,2,evaluation,16,6,-0.131623132177013,-0.5215245698006833,-0.4348322510957952,0.0001373749983031,-0.6531477019776963,-0.5664553832728083,1.0,36.0,7.0,27.77777777777778,0.0,0.586,1.368491003728864,0.0,1000.0,36.0,,,,,,,,,,,,,
ridge_medium,1000,2,evaluation,16,7,-0.131623132177013,-0.6659807250668488,-0.5464592097460141,0.000132916989969,-0.7976038572438618,-0.6780823419230272,1.0,49.0,3.0,20.40816326530612,0.0,0.659,1.4084992623521666,0.003,1000.0,49.0,,,,,,,,,,,,,
ridge_medium,1000,2,evaluation,17,1,-0.131623132177013,0.0621183614125845,0.0768908863808823,0.0001382089976686,-0.0695047707644284,-0.0547322457961307,1.0,1.0,1000.0,1000.0,0.0,0.119,1.0597839844125423,0.0,1000.0,1.0,,,,,,,,,,,,,
ridge_medium,1000,2,evaluation,17,2,-0.131623132177013,-0.0634707329958708,-0.0493829562486242,0.0001818340097088,-0.1950938651728839,-0.1810060884256373,1.0,4.0,176.0,250.0,0.0,0.22,1.1253095812952314,0.0,1000.0,4.0,,,,,,,,,,,,,
ridge_medium,1000,2,evaluation,17,3,-0.131623132177013,-0.2318229820810261,-0.196713784784403,0.0001834169961512,-0.3634461142580392,-0.3283369169614161,1.0,9.0,65.0,111.11111111111111,0.0,0.325,1.185878670346039,0.0,1000.0,9.0,,,,,,,,,,,,,
ridge_medium,1000,2,evaluation,17,4,-0.131623132177013,-0.3080702120894942,-0.2693518854080758,0.0001482499937992,-0.4396933442665073,-0.4009750175850889,1.0,16.0,24.0,62.5,0.0,0.419,1.2481420178501648,0.0,1000.0,16.0,,,,,,,,,,,,,
ridge_medium,1000,2,evaluation,17,5,-0.131623132177013,-0.3972815705839914,-0.3335641754590335,0.0001416250015608,-0.5289047027610044,-0.4651873076360466,1.0,25.0,14.0,40.0,0.0,0.501,1.2932395010350888,0.0,1000.0,25.0,,,,,,,,,,,,,
ridge_medium,1000,2,evaluation,17,6,-0.131623132177013,-0.5493401903618784,-0.4569321164015275,0.000141500000609,-0.6809633225388915,-0.5885552485785406,1.0,36.0,7.0,27.77777777777778,0.0,0.58,1.375057955789547,0.0,1000.0,36.0,,,,,,,,,,,,,
ridge_medium,1000,2,evaluation,17,7,-0.131623132177013,-0.6505393624558112,-0.5379235437144827,0.0001358749868813,-0.7821624946328243,-0.6695466758914957,1.0,49.0,4.0,20.40816326530612,0.0,0.663,1.4190956886640955,0.004,1000.0,49.0,,,,,,,,,,,,,
ridge_medium,1000,2,evaluation,18,1,-0.131623132177013,0.0675031626244323,0.0762268025362268,0.0001354170090053,-0.0641199695525807,-0.0553963296407862,1.0,1.0,1000.0,1000.0,0.0,0.115,1.0638691455604696,0.0,1000.0,1.0,,,,,,,,,,,,,
ridge_medium,1000,2,evaluation,18,2,-0.131623132177013,-0.061902098823954,-0.038901999711696,0.0001662090071476,-0.1935252310009671,-0.170525131888709,1.0,4.0,178.0,250.0,0.0,0.243,1.1262715005819972,0.0,1000.0,4.0,,,,,,,,,,,,,
ridge_medium,1000,2,evaluation,18,3,-0.131623132177013,-0.206675133558072,-0.1735229049768656,0.0001551659952383,-0.3382982657350851,-0.3051460371538787,1.0,9.0,81.0,111.11111111111111,0.0,0.336,1.1868307362341626,0.0,1000.0,9.0,,,,,,,,,,,,,
ridge_medium,1000,2,evaluation,18,4,-0.131623132177013,-0.3061861109994587,-0.2592432650446165,0.0001444999943487,-0.4378092431764718,-0.3908663972216296,1.0,16.0,24.0,62.5,0.0,0.431,1.258616035895683,0.0,1000.0,16.0,,,,,,,,,,,,,
ridge_medium,1000,2,evaluation,18,5,-0.131623132177013,-0.3869867749481299,-0.3293337018304922,0.0001407499948982,-0.518609907125143,-0.4609568340075053,1.0,25.0,16.0,40.0,0.0,0.5,1.3115707787578257,0.0,1000.0,25.0,,,,,,,,,,,,,
ridge_medium,1000,2,evaluation,18,6,-0.131623132177013,-0.5174920253802356,-0.4338546094580363,0.0001407079980708,-0.6491151575572487,-0.5654777416350494,1.0,36.0,6.0,27.77777777777778,0.0,0.61,1.36541348269316,0.0,1000.0,36.0,,,,,,,,,,,,,
ridge_medium,1000,2,evaluation,18,7,-0.131623132177013,-0.658601550477439,-0.5408399959794098,0.0001362499897368,-0.790224682654452,-0.6724631281564228,1.0,49.0,6.0,20.40816326530612,0.0,0.656,1.4136094233496088,0.0,1000.0,49.0,,,,,,,,,,,,,
ridge_medium,1000,2,evaluation,19,1,-0.131623132177013,0.0557316386259561,0.0717816158710945,0.0001377500011585,-0.0758914935510569,-0.0598415163059185,1.0,1.0,1000.0,1000.0,0.0,0.126,1.063313818394382,0.0,1000.0,1.0,,,,,,,,,,,,,
ridge_medium,1000,2,evaluation,19,2,-0.131623132177013,-0.0696474514813126,-0.0400828993724662,0.0001672499929554,-0.2012705836583257,-0.1717060315494793,1.0,4.0,181.0,250.0,0.0,0.234,1.117942070282202,0.0,1000.0,4.0,,,,,,,,,,,,,
ridge_medium,1000,2,evaluation,19,3,-0.131623132177013,-0.2113184305721978,-0.1745157953346507,0.0001583329867571,-0.3429415627492109,-0.3061389275116637,1.0,9.0,64.0,111.11111111111111,0.0,0.335,1.1890168533324077,0.0,1000.0,9.0,,,,,,,,,,,,,
ridge_medium,1000,2,evaluation,19,4,-0.131623132177013,-0.2984921259390699,-0.2408512132255917,0.0001451249991077,-0.430115258116083,-0.3724743454026047,1.0,16.0,20.0,62.5,0.0,0.419,1.2434119168494615,0.0,1000.0,16.0,,,,,,,,,,,,,
ridge_medium,1000,2,evaluation,19,5,-0.131623132177013,-0.3987982069414093,-0.3155339175757109,0.000140290998388,-0.5304213391184224,-0.447157049752724,1.0,25.0,12.0,40.0,0.0,0.502,1.2881179094979736,0.0,1000.0,25.0,,,,,,,,,,,,,
ridge_medium,1000,2,evaluation,19,6,-0.131623132177013,-0.524450972229733,-0.4272856875608435,0.0001382080081384,-0.6560741044067461,-0.5589088197378566,1.0,36.0,7.0,27.77777777777778,0.0,0.577,1.3609063344881611,0.0,1000.0,36.0,,,,,,,,,,,,,
ridge_medium,1000,2,evaluation,19,7,-0.131623132177013,-0.6603053280849542,-0.5397629921170557,0.0001354579871986,-0.7919284602619673,-0.6713861242940687,1.0,49.0,3.0,20.40816326530612,0.0,0.644,1.4169354088520585,0.003,1000.0,49.0,,,,,,,,,,,,,
ridge_medium,1000,2,evaluation,20,1,-0.131623132177013,0.0653561284828928,0.073350364268402,0.0001333750260528,-0.0662670036941202,-0.058272767908611,1.0,1.0,1000.0,1000.0,0.0,0.123,1.0643318130713322,0.0,1000.0,1.0,,,,,,,,,,,,,
ridge_medium,1000,2,evaluation,20,2,-0.131623132177013,-0.0661210137214718,-0.0519229388070472,0.0001730840012896,-0.1977441458984848,-0.1835460709840603,1.0,4.0,161.0,250.0,0.0,0.246,1.1323108755793112,0.0,1000.0,4.0,,,,,,,,,,,,,
ridge_medium,1000,2,evaluation,20,3,-0.131623132177013,-0.1924112076042222,-0.1589462567792021,0.0001570420281495,-0.3240343397812353,-0.2905693889562152,1.0,9.0,65.0,111.11111111111111,0.0,0.331,1.189450439531793,0.0,1000.0,9.0,,,,,,,,,,,,,
ridge_medium,1000,2,evaluation,20,4,-0.131623132177013,-0.2927354658398888,-0.2465172150299765,0.0001454580051358,-0.4243585980169019,-0.3781403472069896,1.0,16.0,19.0,62.5,0.0,0.428,1.2513222694160355,0.0,1000.0,16.0,,,,,,,,,,,,,
ridge_medium,1000,2,evaluation,20,5,-0.131623132177013,-0.3910652504269885,-0.333012288264162,0.0001425840018782,-0.5226883826040015,-0.4646354204411752,1.0,25.0,14.0,40.0,0.0,0.524,1.297443462667585,0.0,1000.0,25.0,,,,,,,,,,,,,
ridge_medium,1000,2,evaluation,20,6,-0.131623132177013,-0.5124112602962413,-0.4206718395645249,0.0001483750238548,-0.6440343924732543,-0.552294971741538,1.0,36.0,6.0,27.77777777777778,0.0,0.594,1.358730365539499,0.0,1000.0,36.0,,,,,,,,,,,,,
ridge_medium,1000,2,evaluation,20,7,-0.131623132177013,-0.6440142971833993,-0.53832822688537,0.0001355829881504,-0.7756374293604124,-0.669951359062383,1.0,49.0,3.0,20.40816326530612,0.0,0.659,1.424480171978825,0.011,1000.0,49.0,,,,,,,,,,,,,
ridge_medium,1000,2,evaluation,21,1,-0.131623132177013,0.0731824763676141,0.0776108586358489,0.0001337499998044,-0.0584406558093989,-0.0540122735411641,1.0,1.0,1000.0,1000.0,0.0,0.119,1.0659955671952712,0.0,1000.0,1.0,,,,,,,,,,,,,
ridge_medium,1000,2,evaluation,21,2,-0.131623132177013,-0.0860315126574059,-0.0667007454950214,0.0001655000087339,-0.217654644834419,-0.1983238776720345,1.0,4.0,165.0,250.0,0.0,0.225,1.1302737206680016,0.0,1000.0,4.0,,,,,,,,,,,,,
ridge_medium,1000,2,evaluation,21,3,-0.131623132177013,-0.2127535519289721,-0.1816314109552876,0.0001561249955557,-0.3443766841059852,-0.3132545431323007,1.0,9.0,79.0,111.11111111111111,0.0,0.336,1.192101442931964,0.0,1000.0,9.0,,,,,,,,,,,,,
ridge_medium,1000,2,evaluation,21,4,-0.131623132177013,-0.3416986819801529,-0.2930192452473451,0.0001404170179739,-0.473321814157166,-0.4246423774243582,1.0,16.0,24.0,62.5,0.0,0.432,1.255678283511744,0.0,1000.0,16.0,,,,,,,,,,,,,
ridge_medium,1000,2,evaluation,21,5,-0.131623132177013,-0.4362445495198962,-0.3647489298282121,0.0001431250129826,-0.5678676816969093,-0.4963720620052252,1.0,25.0,15.0,40.0,0.0,0.522,1.3126418026326987,0.0,1000.0,25.0,,,,,,,,,,,,,
ridge_medium,1000,2,evaluation,21,6,-0.131623132177013,-0.5510315065759034,-0.461766637738046,0.0001380409812554,-0.6826546387529164,-0.5933897699150591,1.0,36.0,7.0,27.77777777777778,0.0,0.6,1.3656090473154991,0.0,1000.0,36.0,,,,,,,,,,,,,
ridge_medium,1000,2,evaluation,21,7,-0.131623132177013,-0.6858184093016413,-0.563912885773098,0.0001372499973513,-0.8174415414786543,-0.695536017950111,1.0,49.0,3.0,20.40816326530612,0.0,0.64,1.4047433755913692,0.003,1000.0,49.0,,,,,,,,,,,,,
ridge_medium,1000,2,evaluation,22,1,-0.131623132177013,0.0753659960365057,0.0789448620926183,0.0002142500015906,-0.0562571361405073,-0.0526782700843947,1.0,1.0,1000.0,1000.0,0.0,0.129,1.0630433318012245,0.0,1000.0,1.0,,,,,,,,,,,,,
ridge_medium,1000,2,evaluation,22,2,-0.131623132177013,-0.0487680358375451,-0.0335153773601863,0.0001733749813865,-0.1803911680145582,-0.1651385095371993,1.0,4.0,178.0,250.0,0.0,0.238,1.1209580771227463,0.0,1000.0,4.0,,,,,,,,,,,,,
ridge_medium,1000,2,evaluation,22,3,-0.131623132177013,-0.1857260086584924,-0.1449230805821816,0.0001575000060256,-0.3173491408355054,-0.2765462127591946,1.0,9.0,81.0,111.11111111111111,0.0,0.332,1.1872106550212185,0.0,1000.0,9.0,,,,,,,,,,,,,
ridge_medium,1000,2,evaluation,22,4,-0.131623132177013,-0.2650580125722249,-0.2143074899281282,0.0002041250118054,-0.396681144749238,-0.3459306221051413,1.0,16.0,21.0,62.5,0.0,0.429,1.235015697716491,0.0,1000.0,16.0,,,,,,,,,,,,,
ridge_medium,1000,2,evaluation,22,5,-0.131623132177013,-0.3870191837538409,-0.2974205668628068,0.0001613330096006,-0.518642315930854,-0.4290436990398199,1.0,25.0,18.0,40.0,0.0,0.531,1.3000647374591263,0.0,1000.0,25.0,,,,,,,,,,,,,
ridge_medium,1000,2,evaluation,22,6,-0.131623132177013,-0.5169355182994922,-0.4213053595212598,0.0001482089865021,-0.6485586504765053,-0.5529284916982729,1.0,36.0,7.0,27.77777777777778,0.0,0.591,1.3659716001731126,0.0,1000.0,36.0,,,,,,,,,,,,,
ridge_medium,1000,2,evaluation,22,7,-0.131623132177013,-0.6263232771995427,-0.5111767494600004,0.0001488749985583,-0.7579464093765558,-0.6427998816370134,1.0,49.0,6.0,20.40816326530612,0.0,0.666,1.4132857936705918,0.0,1000.0,49.0,,,,,,,,,,,,,
ridge_medium,1000,2,evaluation,23,1,-0.131623132177013,0.0601442031978542,0.0699280235461505,0.0001397090090904,-0.0714789289791588,-0.0616951086308625,1.0,1.0,1000.0,1000.0,0.0,0.126,1.061190277671344,0.0,1000.0,1.0,,,,,,,,,,,,,
ridge_medium,1000,2,evaluation,23,2,-0.131623132177013,-0.0575044680221356,-0.0327975004359048,0.0001655000087339,-0.1891276001991487,-0.1644206326129179,1.0,4.0,185.0,250.0,0.0,0.232,1.1191736629604123,0.0,1000.0,4.0,,,,,,,,,,,,,
ridge_medium,1000,2,evaluation,23,3,-0.131623132177013,-0.1983754925799159,-0.1634841062626334,0.0001566669961903,-0.329998624756929,-0.2951072384396465,1.0,9.0,69.0,111.11111111111111,0.0,0.34,1.1931850232620842,0.0,1000.0,9.0,,,,,,,,,,,,,
ridge_medium,1000,2,evaluation,23,4,-0.131623132177013,-0.2906209815664184,-0.2223512238791475,0.0001407089876011,-0.4222441137434315,-0.3539743560561606,1.0,16.0,27.0,62.5,0.0,0.446,1.2536657102746862,0.0,1000.0,16.0,,,,,,,,,,,,,
ridge_medium,1000,2,evaluation,23,5,-0.131623132177013,-0.376698002208654,-0.2972355146122886,0.00013949998538,-0.5083211343856671,-0.4288586467893017,1.0,25.0,19.0,40.0,0.0,0.53,1.2989848635116503,0.0,1000.0,25.0,,,,,,,,,,,,,
ridge_medium,1000,2,evaluation,23,6,-0.131623132177013,-0.5192790106550745,-0.4233490954577674,0.0001386250078212,-0.6509021428320876,-0.5549722276347805,1.0,36.0,7.0,27.77777777777778,0.0,0.573,1.3490689426322195,0.0,1000.0,36.0,,,,,,,,,,,,,
ridge_medium,1000,2,evaluation,23,7,-0.131623132177013,-0.642873311239341,-0.4917332842722319,0.0001500000071246,-0.774496443416354,-0.623356416449245,1.0,49.0,6.0,20.40816326530612,0.0,0.655,1.4029983510933812,0.0,1000.0,49.0,,,,,,,,,,,,,
ridge_medium,1000,2,evaluation,24,1,-0.131623132177013,0.0605093271072233,0.0737955277267495,0.0001366670185234,-0.0711138050697897,-0.0578276044502635,1.0,1.0,1000.0,1000.0,0.0,0.13,1.0689360667830778,0.0,1000.0,1.0,,,,,,,,,,,,,
ridge_medium,1000,2,evaluation,24,2,-0.131623132177013,-0.0632852560132449,-0.0403075950128417,0.000164750003023,-0.194908388190258,-0.1719307271898548,1.0,4.0,172.0,250.0,0.0,0.245,1.1288651741449822,0.0,1000.0,4.0,,,,,,,,,,,,,
ridge_medium,1000,2,evaluation,24,3,-0.131623132177013,-0.207562937177259,-0.1759475039706339,0.0001580420066602,-0.3391860693542721,-0.307570636147647,1.0,9.0,75.0,111.11111111111111,0.0,0.342,1.19060232728414,0.0,1000.0,9.0,,,,,,,,,,,,,
ridge_medium,1000,2,evaluation,24,4,-0.131623132177013,-0.2910090748395233,-0.2432719707771942,0.0001449999981559,-0.4226322070165363,-0.3748951029542073,1.0,16.0,28.0,62.5,0.0,0.436,1.2426203359138053,0.0,1000.0,16.0,,,,,,,,,,,,,
ridge_medium,1000,2,evaluation,24,5,-0.131623132177013,-0.3985370679938806,-0.333432209483299,0.0001408329990226,-0.5301602001708937,-0.465055341660312,1.0,25.0,15.0,40.0,0.0,0.512,1.3023225445108757,0.0,1000.0,25.0,,,,,,,,,,,,,
ridge_medium,1000,2,evaluation,24,6,-0.131623132177013,-0.5331815052177766,-0.4380663943922207,0.0001415410079061,-0.6648046373947897,-0.5696895265692338,1.0,36.0,8.0,27.77777777777778,0.0,0.573,1.3669901669098807,0.0,1000.0,36.0,,,,,,,,,,,,,
ridge_medium,1000,2,evaluation,24,7,-0.131623132177013,-0.6502266330147967,-0.5371516710929138,0.0001357089786324,-0.7818497651918097,-0.6687748032699269,1.0,49.0,4.0,20.40816326530612,0.0,0.662,1.4305656069394082,0.004,1000.0,49.0,,,,,,,,,,,,,
ridge_medium,1000,2,evaluation,25,1,-0.131623132177013,0.060697748112211,0.0760964196667016,0.0001350840029772,-0.0709253840648019,-0.0555267125103114,1.0,1.0,1000.0,1000.0,0.0,0.127,1.0582948935290346,0.0,1000.0,1.0,,,,,,,,,,,,,
ridge_medium,1000,2,evaluation,25,2,-0.131623132177013,-0.0686663651231943,-0.0334719955378737,0.000177166017238,-0.2002894973002073,-0.1650951277148868,1.0,4.0,172.0,250.0,0.0,0.243,1.1126804635224563,0.0,1000.0,4.0,,,,,,,,,,,,,
ridge_medium,1000,2,evaluation,25,3,-0.131623132177013,-0.2100722040715425,-0.1680647382938757,0.0001575839996803,-0.3416953362485556,-0.2996878704708888,1.0,9.0,69.0,111.11111111111111,0.0,0.332,1.188702343579392,0.0,1000.0,9.0,,,,,,,,,,,,,
ridge_medium,1000,2,evaluation,25,4,-0.131623132177013,-0.3123279079275777,-0.2488348132068017,0.0001433330180589,-0.4439510401045907,-0.3804579453838148,1.0,16.0,24.0,62.5,0.0,0.443,1.2536257321772226,0.0,1000.0,16.0,,,,,,,,,,,,,
ridge_medium,1000,2,evaluation,25,5,-0.131623132177013,-0.4144523154869716,-0.3454054424850666,0.0001386250078212,-0.5460754476639846,-0.4770285746620797,1.0,25.0,14.0,40.0,0.0,0.508,1.301312019163812,0.0,1000.0,25.0,,,,,,,,,,,,,
ridge_medium,1000,2,evaluation,25,6,-0.131623132177013,-0.5249371376313521,-0.4185670262337955,0.0001385830109938,-0.6565602698083651,-0.5501901584108085,1.0,36.0,6.0,27.77777777777778,0.0,0.581,1.3528362161621987,0.0,1000.0,36.0,,,,,,,,,,,,,
ridge_medium,1000,2,evaluation,25,7,-0.131623132177013,-0.6485990611433594,-0.5161222435313819,0.0001336249988526,-0.7802221933203725,-0.647745375708395,1.0,49.0,4.0,20.40816326530612,0.0,0.663,1.4218905685866847,0.004,1000.0,49.0,,,,,,,,,,,,,
ridge_medium,1000,2,evaluation,26,1,-0.131623132177013,0.0648905004352848,0.0692890828559535,0.0001353330153506,-0.0667326317417282,-0.0623340493210594,1.0,1.0,1000.0,1000.0,0.0,0.121,1.0665905054991671,0.0,1000.0,1.0,,,,,,,,,,,,,
ridge_medium,1000,2,evaluation,26,2,-0.131623132177013,-0.0779834545048556,-0.0626047376624591,0.0001649580080993,-0.2096065866818687,-0.1942278698394722,1.0,4.0,164.0,250.0,0.0,0.232,1.1245315245609615,0.0,1000.0,4.0,,,,,,,,,,,,,
ridge_medium,1000,2,evaluation,26,3,-0.131623132177013,-0.2286931470129512,-0.1828204583459638,0.000155125017045,-0.3603162791899643,-0.3144435905229769,1.0,9.0,75.0,111.11111111111111,0.0,0.333,1.1883378988472728,0.0,1000.0,9.0,,,,,,,,,,,,,
ridge_medium,1000,2,evaluation,26,4,-0.131623132177013,-0.3087031802689887,-0.2631987020106781,0.000142707984196,-0.4403263124460018,-0.3948218341876911,1.0,16.0,20.0,62.5,0.0,0.428,1.2530220233454497,0.0,1000.0,16.0,,,,,,,,,,,,,
ridge_medium,1000,2,evaluation,26,5,-0.131623132177013,-0.4243742512745891,-0.3499141308873281,0.0001405419898219,-0.5559973834516022,-0.4815372630643412,1.0,25.0,11.0,40.0,0.0,0.514,1.2872098192799446,0.0,1000.0,25.0,,,,,,,,,,,,,
ridge_medium,1000,2,evaluation,26,6,-0.131623132177013,-0.5187836915825711,-0.4478194756800192,0.0001386670046485,-0.6504068237595841,-0.5794426078570323,1.0,36.0,6.0,27.77777777777778,0.0,0.593,1.3732012063358583,0.0,1000.0,36.0,,,,,,,,,,,,,
ridge_medium,1000,2,evaluation,26,7,-0.131623132177013,-0.6736624555382539,-0.5518349601459449,0.0001380419998895,-0.8052855877152669,-0.683458092322958,1.0,49.0,3.0,20.40816326530612,0.0,0.675,1.429770146163281,0.015,1000.0,49.0,,,,,,,,,,,,,
ridge_medium,1000,2,evaluation,27,1,-0.131623132177013,0.0681704493965664,0.0727791289057881,0.0001430840056855,-0.0634526827804466,-0.0588440032712249,1.0,1.0,1000.0,1000.0,0.0,0.112,1.0637034885639525,0.0,1000.0,1.0,,,,,,,,,,,,,
ridge_medium,1000,2,evaluation,27,2,-0.131623132177013,-0.0830077881253016,-0.0632021765806426,0.0001732090022414,-0.2146309203023146,-0.1948253087576557,1.0,4.0,163.0,250.0,0.0,0.232,1.123335246799262,0.0,1000.0,4.0,,,,,,,,,,,,,
ridge_medium,1000,2,evaluation,27,3,-0.131623132177013,-0.2234483233176195,-0.1896672860491839,0.0001617910165805,-0.3550714554946326,-0.3212904182261969,1.0,9.0,67.0,111.11111111111111,0.0,0.327,1.181904421414494,0.0,1000.0,9.0,,,,,,,,,,,,,
ridge_medium,1000,2,evaluation,27,4,-0.131623132177013,-0.3172949971591529,-0.2736010882219553,0.0001491670263931,-0.4489181293361659,-0.4052242203989683,1.0,16.0,16.0,62.5,0.0,0.432,1.247475244687705,0.0,1000.0,16.0,,,,,,,,,,,,,
ridge_medium,1000,2,evaluation,27,5,-0.131623132177013,-0.441057624567355,-0.3677820425809642,0.0001454580051358,-0.572680756744368,-0.4994051747579773,1.0,25.0,13.0,40.0,0.0,0.501,1.2956360493661312,0.0,1000.0,25.0,,,,,,,,,,,,,
ridge_medium,1000,2,evaluation,27,6,-0.131623132177013,-0.5366519382884013,-0.4410241240664807,0.0001471669820602,-0.6682750704654143,-0.5726472562434938,1.0,36.0,6.0,27.77777777777778,0.0,0.578,1.3544235221285643,0.0,1000.0,36.0,,,,,,,,,,,,,
ridge_medium,1000,2,evaluation,27,7,-0.131623132177013,-0.6486588302157674,-0.5428992178639358,0.0001415419974364,-0.7802819623927805,-0.6745223500409488,1.0,49.0,4.0,20.40816326530612,0.0,0.642,1.401164715232167,0.008,1000.0,49.0,,,,,,,,,,,,,
ridge_medium,1000,2,evaluation,28,1,-0.131623132177013,0.0644706020279211,0.0751426321970733,0.0001382080081384,-0.0671525301490919,-0.0564804999799397,1.0,1.0,1000.0,1000.0,0.0,0.117,1.061849754838272,0.0,1000.0,1.0,,,,,,,,,,,,,
ridge_medium,1000,2,evaluation,28,2,-0.131623132177013,-0.0959429318947674,-0.072768831856746,0.0001682079746387,-0.2275660640717805,-0.2043919640337591,1.0,4.0,147.0,250.0,0.0,0.231,1.1239840173787536,0.0,1000.0,4.0,,,,,,,,,,,,,
ridge_medium,1000,2,evaluation,28,3,-0.131623132177013,-0.2466228690863901,-0.2098095446250246,0.0001645830052439,-0.3782460012634032,-0.3414326768020377,1.0,9.0,66.0,111.11111111111111,0.0,0.327,1.1845854379940086,0.0,1000.0,9.0,,,,,,,,,,,,,
ridge_medium,1000,2,evaluation,28,4,-0.131623132177013,-0.3466357100438126,-0.2718171738002585,0.0001559999946039,-0.4782588422208257,-0.4034403059772715,1.0,16.0,18.0,62.5,0.0,0.429,1.2372919338660704,0.0,1000.0,16.0,,,,,,,,,,,,,
ridge_medium,1000,2,evaluation,28,5,-0.131623132177013,-0.4537094112478831,-0.3736583552455675,0.0001455830060876,-0.5853325434248962,-0.5052814874225806,1.0,25.0,10.0,40.0,0.0,0.506,1.3084205246959513,0.0,1000.0,25.0,,,,,,,,,,,,,
ridge_medium,1000,2,evaluation,28,6,-0.131623132177013,-0.5756233770646909,-0.476380138481122,0.0001441670174244,-0.707246509241704,-0.6080032706581351,1.0,36.0,4.0,27.77777777777778,0.0,0.569,1.3453100373981144,0.004,1000.0,36.0,,,,,,,,,,,,,
ridge_medium,1000,2,evaluation,28,7,-0.131623132177013,-0.7324353130912152,-0.5885340641643845,0.0001385420036967,-0.8640584452682283,-0.7201571963413975,1.0,49.0,3.0,20.40816326530612,0.0,0.653,1.412674279624949,0.01,1000.0,49.0,,,,,,,,,,,,,
ridge_medium,1000,2,evaluation,29,1,-0.131623132177013,0.0579734485626188,0.0693340268203347,0.0001350840029772,-0.0736496836143942,-0.0622891053566783,1.0,1.0,1000.0,1000.0,0.0,0.122,1.0648075537309925,0.0,1000.0,1.0,,,,,,,,,,,,,
ridge_medium,1000,2,evaluation,29,2,-0.131623132177013,-0.0606195822370993,-0.0390166274885473,0.0001679999986663,-0.1922427144141124,-0.1706397596655604,1.0,4.0,187.0,250.0,0.0,0.236,1.1311354852645388,0.0,1000.0,4.0,,,,,,,,,,,,,
ridge_medium,1000,2,evaluation,29,3,-0.131623132177013,-0.1935503658293954,-0.1546159796442548,0.0001576249778736,-0.3251734980064085,-0.2862391118212679,1.0,9.0,78.0,111.11111111111111,0.0,0.339,1.1854612156997533,0.0,1000.0,9.0,,,,,,,,,,,,,
ridge_medium,1000,2,evaluation,29,4,-0.131623132177013,-0.2806856771140104,-0.228076170385259,0.0001457089965697,-0.4123088092910234,-0.3596993025622721,1.0,16.0,23.0,62.5,0.0,0.444,1.2579735261020122,0.0,1000.0,16.0,,,,,,,,,,,,,
ridge_medium,1000,2,evaluation,29,5,-0.131623132177013,-0.4005871496396024,-0.3428919996617867,0.0001406249939464,-0.5322102818166154,-0.4745151318387998,1.0,25.0,11.0,40.0,0.0,0.512,1.2968853761231074,0.0,1000.0,25.0,,,,,,,,,,,,,
ridge_medium,1000,2,evaluation,29,6,-0.131623132177013,-0.5432922832937219,-0.4266710038933122,0.0001378749730065,-0.674915415470735,-0.5582941360703253,1.0,36.0,10.0,27.77777777777778,0.0,0.609,1.3579341046778994,0.0,1000.0,36.0,,,,,,,,,,,,,
ridge_medium,1000,2,evaluation,29,7,-0.131623132177013,-0.6611052137885781,-0.5207448601717506,0.000136000016937,-0.7927283459655912,-0.6523679923487636,1.0,49.0,3.0,20.40816326530612,0.0,0.66,1.4004452678505346,0.007,1000.0,49.0,,,,,,,,,,,,,
ridge_medium,1000,2,evaluation,30,1,-0.131623132177013,0.0604298749183991,0.0677643734043221,0.0001347500074189,-0.0711932572586139,-0.0638587587726909,1.0,1.0,1000.0,1000.0,0.0,0.119,1.0661152653996204,0.0,1000.0,1.0,,,,,,,,,,,,,
ridge_medium,1000,2,evaluation,30,2,-0.131623132177013,-0.1099491209721122,-0.0822157436474484,0.0001672500220593,-0.2415722531491253,-0.2138388758244615,1.0,4.0,160.0,250.0,0.0,0.233,1.119164587148159,0.0,1000.0,4.0,,,,,,,,,,,,,
ridge_medium,1000,2,evaluation,30,3,-0.131623132177013,-0.2188173332038938,-0.182434587364587,0.0001563749974593,-0.3504404653809069,-0.3140577195416001,1.0,9.0,72.0,111.11111111111111,0.0,0.332,1.182305205475699,0.0,1000.0,9.0,,,,,,,,,,,,,
ridge_medium,1000,2,evaluation,30,4,-0.131623132177013,-0.3414294199940128,-0.2839559545825026,0.0001464580127503,-0.4730525521710258,-0.4155790867595157,1.0,16.0,20.0,62.5,0.0,0.431,1.249303615691162,0.0,1000.0,16.0,,,,,,,,,,,,,
ridge_medium,1000,2,evaluation,30,5,-0.131623132177013,-0.4236291580176761,-0.3617633505411401,0.000141624972457,-0.5552522901946891,-0.4933864827181532,1.0,25.0,16.0,40.0,0.0,0.508,1.3039899904211936,0.0,1000.0,25.0,,,,,,,,,,,,,
ridge_medium,1000,2,evaluation,30,6,-0.131623132177013,-0.5287565276855682,-0.4358841743906921,0.0001393750135321,-0.6603796598625813,-0.5675073065677052,1.0,36.0,5.0,27.77777777777778,0.0,0.568,1.3554879721207989,0.0,1000.0,36.0,,,,,,,,,,,,,
ridge_medium,1000,2,evaluation,30,7,-0.131623132177013,-0.6708546765359146,-0.557403251542504,0.0001353329862467,-0.8024778087129276,-0.6890263837195171,1.0,49.0,4.0,20.40816326530612,0.0,0.655,1.4148154228464975,0.008,1000.0,49.0,,,,,,,,,,,,,
ridge_medium,1000,2,evaluation,31,1,-0.131623132177013,0.0754137024500096,0.0815850872975376,0.0001338339934591,-0.0562094297270034,-0.0500380448794754,1.0,1.0,1000.0,1000.0,0.0,0.117,1.057948397201954,0.0,1000.0,1.0,,,,,,,,,,,,,
ridge_medium,1000,2,evaluation,31,2,-0.131623132177013,-0.0502954852134148,-0.0355477206602442,0.0001668340119067,-0.1819186173904279,-0.1671708528372573,1.0,4.0,165.0,250.0,0.0,0.228,1.1213183169357477,0.0,1000.0,4.0,,,,,,,,,,,,,
ridge_medium,1000,2,evaluation,31,3,-0.131623132177013,-0.2066619295138119,-0.1670185751241069,0.0001590000174473,-0.338285061690825,-0.29864170730112,1.0,9.0,81.0,111.11111111111111,0.0,0.327,1.172648856436597,0.0,1000.0,9.0,,,,,,,,,,,,,
ridge_medium,1000,2,evaluation,31,4,-0.131623132177013,-0.2903318745173595,-0.2407368372716515,0.000147749989992,-0.4219550066943726,-0.3723599694486646,1.0,16.0,23.0,62.5,0.0,0.427,1.2457232223249504,0.0,1000.0,16.0,,,,,,,,,,,,,
ridge_medium,1000,2,evaluation,31,5,-0.131623132177013,-0.3955421103433919,-0.3435245828677608,0.00014179199934,-0.527165242520405,-0.4751477150447739,1.0,25.0,16.0,40.0,0.0,0.518,1.3099625000894493,0.0,1000.0,25.0,,,,,,,,,,,,,
ridge_medium,1000,2,evaluation,31,6,-0.131623132177013,-0.5258081735176486,-0.421206387109701,0.0001958749780897,-0.6574313056946617,-0.5528295192867141,1.0,36.0,9.0,27.77777777777778,0.0,0.582,1.352245270275193,0.0,1000.0,36.0,,,,,,,,,,,,,
ridge_medium,1000,2,evaluation,31,7,-0.131623132177013,-0.6091113395829757,-0.5054307021274577,0.000151290994836,-0.7407344717599887,-0.6370538343044707,1.0,49.0,6.0,20.40816326530612,0.0,0.633,1.4115947442099253,0.0,1000.0,49.0,,,,,,,,,,,,,
ridge_medium,1000,2,evaluation,32,1,-0.131623132177013,0.0658228316053674,0.0730342023209771,0.0001398749882355,-0.0658003005716455,-0.0585889298560359,1.0,1.0,1000.0,1000.0,0.0,0.124,1.0642917345515217,0.0,1000.0,1.0,,,,,,,,,,,,,
ridge_medium,1000,2,evaluation,32,2,-0.131623132177013,-0.0586197207452634,-0.0409614070423514,0.000172708008904,-0.1902428529222765,-0.1725845392193645,1.0,4.0,170.0,250.0,0.0,0.227,1.1215782024703969,0.0,1000.0,4.0,,,,,,,,,,,,,
ridge_medium,1000,2,evaluation,32,3,-0.131623132177013,-0.1986253267763642,-0.1664231020944546,0.0001604579738341,-0.3302484589533773,-0.2980462342714677,1.0,9.0,76.0,111.11111111111111,0.0,0.337,1.1830984489324152,0.0,1000.0,9.0,,,,,,,,,,,,,
ridge_medium,1000,2,evaluation,32,4,-0.131623132177013,-0.2882249496764582,-0.2449108404611209,0.0001495000033173,-0.4198480818534713,-0.376533972638134,1.0,16.0,21.0,62.5,0.0,0.433,1.2394823434830649,0.0,1000.0,16.0,,,,,,,,,,,,,
ridge_medium,1000,2,evaluation,32,5,-0.131623132177013,-0.4095398915886835,-0.3568660005102005,0.0001487499976065,-0.5411630237656966,-0.4884891326872136,1.0,25.0,15.0,40.0,0.0,0.51,1.3078023079290766,0.0,1000.0,25.0,,,,,,,,,,,,,
ridge_medium,1000,2,evaluation,32,6,-0.131623132177013,-0.4966277123064073,-0.4199463618940521,0.0001424579822923,-0.6282508444834204,-0.5515694940710651,1.0,36.0,4.0,27.77777777777778,0.0,0.576,1.3624845066933262,0.004,1000.0,36.0,,,,,,,,,,,,,
ridge_medium,1000,2,evaluation,32,7,-0.131623132177013,-0.6559195153361967,-0.5370791160454595,0.0001377080043312,-0.7875426475132098,-0.6687022482224726,0.999,49.0,1.0,20.40816326530612,1.0,0.654,1.4072609982835087,0.001,999.0,49.0,,,,,,,,,,,,,
ridge_medium,1000,2,evaluation,33,1,-0.131623132177013,0.0701611066232238,0.0747630139470537,0.0001464999804738,-0.0614620255537892,-0.0568601182299592,1.0,1.0,1000.0,1000.0,0.0,0.122,1.0662494150984048,0.0,1000.0,1.0,,,,,,,,,,,,,
ridge_medium,1000,2,evaluation,33,2,-0.131623132177013,-0.0939467169406398,-0.071737768005623,0.0001650000049266,-0.2255698491176529,-0.2033609001826361,1.0,4.0,154.0,250.0,0.0,0.235,1.1201633127611623,0.0,1000.0,4.0,,,,,,,,,,,,,
ridge_medium,1000,2,evaluation,33,3,-0.131623132177013,-0.2434699455777015,-0.211866934652107,0.000152207998326,-0.3750930777547145,-0.3434900668291201,1.0,9.0,69.0,111.11111111111111,0.0,0.349,1.1984945331699854,0.0,1000.0,9.0,,,,,,,,,,,,,
ridge_medium,1000,2,evaluation,33,4,-0.131623132177013,-0.3575712774693388,-0.2937120568209488,0.0001462920045014,-0.4891944096463518,-0.4253351889979618,1.0,16.0,16.0,62.5,0.0,0.427,1.2343433622196764,0.0,1000.0,16.0,,,,,,,,,,,,,
ridge_medium,1000,2,evaluation,33,5,-0.131623132177013,-0.4622837444027796,-0.3800470147973863,0.0001404169888701,-0.5939068765797927,-0.5116701469743994,1.0,25.0,13.0,40.0,0.0,0.511,1.2955340277385468,0.0,1000.0,25.0,,,,,,,,,,,,,
ridge_medium,1000,2,evaluation,33,6,-0.131623132177013,-0.5830360593528676,-0.4844971274857245,0.0001384160132147,-0.7146591915298807,-0.6161202596627375,1.0,36.0,6.0,27.77777777777778,0.0,0.575,1.3502081236695689,0.0,1000.0,36.0,,,,,,,,,,,,,
ridge_medium,1000,2,evaluation,33,7,-0.131623132177013,-0.6902917034009353,-0.5579462556291023,0.0001351659884676,-0.8219148355779483,-0.6895693878061153,1.0,49.0,3.0,20.40816326530612,0.0,0.651,1.4223522802055466,0.007,1000.0,49.0,,,,,,,,,,,,,
ridge_medium,1000,2,evaluation,34,1,-0.131623132177013,0.0750717203616799,0.0837742798429376,0.0001357910223305,-0.0565514118153331,-0.0478488523340754,1.0,1.0,1000.0,1000.0,0.0,0.123,1.058420131311797,0.0,1000.0,1.0,,,,,,,,,,,,,
ridge_medium,1000,2,evaluation,34,2,-0.131623132177013,-0.0567804438780003,-0.0305131887350306,0.0001622909912839,-0.1884035760550134,-0.1621363209120437,1.0,4.0,189.0,250.0,0.0,0.229,1.114700396592796,0.0,1000.0,4.0,,,,,,,,,,,,,
ridge_medium,1000,2,evaluation,34,3,-0.131623132177013,-0.1946985923798403,-0.1620441774268281,0.0001559160009492,-0.3263217245568534,-0.2936673096038412,1.0,9.0,76.0,111.11111111111111,0.0,0.331,1.1819115030797815,0.0,1000.0,9.0,,,,,,,,,,,,,
ridge_medium,1000,2,evaluation,34,4,-0.131623132177013,-0.2627784708533373,-0.2078586722924181,0.0001442919892724,-0.3944016030303504,-0.3394818044694312,1.0,16.0,28.0,62.5,0.0,0.447,1.2340380025028557,0.0,1000.0,16.0,,,,,,,,,,,,,
ridge_medium,1000,2,evaluation,34,5,-0.131623132177013,-0.376303966745053,-0.3066181399952834,0.0001419159816578,-0.5079270989220661,-0.4382412721722964,1.0,25.0,19.0,40.0,0.0,0.519,1.2997287883148434,0.0,1000.0,25.0,,,,,,,,,,,,,
ridge_medium,1000,2,evaluation,34,6,-0.131623132177013,-0.5066642744573092,-0.3942471228408192,0.0001393750135321,-0.6382874066343223,-0.5258702550178322,1.0,36.0,8.0,27.77777777777778,0.0,0.602,1.353519552449298,0.0,1000.0,36.0,,,,,,,,,,,,,
ridge_medium,1000,2,evaluation,34,7,-0.131623132177013,-0.6061946079224856,-0.4771397692960402,0.0001409579999744,-0.7378177400994986,-0.6087629014730532,1.0,49.0,5.0,20.40816326530612,0.0,0.634,1.4004816064892798,0.0,1000.0,49.0,,,,,,,,,,,,,
ridge_medium,1000,2,evaluation,35,1,-0.131623132177013,0.060715440467611,0.0743929186370511,0.0001329999940935,-0.070907691709402,-0.0572302135399619,1.0,1.0,1000.0,1000.0,0.0,0.12,1.0587441387604857,0.0,1000.0,1.0,,,,,,,,,,,,,
ridge_medium,1000,2,evaluation,35,2,-0.131623132177013,-0.0788723019798457,-0.0523767695214858,0.0001651670027058,-0.2104954341568588,-0.1839999016984989,1.0,4.0,178.0,250.0,0.0,0.241,1.125620699744191,0.0,1000.0,4.0,,,,,,,,,,,,,
ridge_medium,1000,2,evaluation,35,3,-0.131623132177013,-0.2416536219875849,-0.2068629644371111,0.0001535409828647,-0.373276754164598,-0.3384860966141242,1.0,9.0,78.0,111.11111111111111,0.0,0.339,1.1781991894693555,0.0,1000.0,9.0,,,,,,,,,,,,,
ridge_medium,1000,2,evaluation,35,4,-0.131623132177013,-0.3577109311772088,-0.2963010855689817,0.0001429160183761,-0.4893340633542219,-0.4279242177459948,1.0,16.0,22.0,62.5,0.0,0.44,1.254239946119206,0.0,1000.0,16.0,,,,,,,,,,,,,
ridge_medium,1000,2,evaluation,35,5,-0.131623132177013,-0.4393857937969524,-0.3711909553627144,0.0001384579809382,-0.5710089259739655,-0.5028140875397275,1.0,25.0,13.0,40.0,0.0,0.509,1.300342155406216,0.0,1000.0,25.0,,,,,,,,,,,,,
ridge_medium,1000,2,evaluation,35,6,-0.131623132177013,-0.5687822159900328,-0.4742455413437249,0.0001385840005241,-0.7004053481670458,-0.6058686735207379,1.0,36.0,7.0,27.77777777777778,0.0,0.568,1.3541687585576778,0.0,1000.0,36.0,,,,,,,,,,,,,
ridge_medium,1000,2,evaluation,35,7,-0.131623132177013,-0.6772131218803179,-0.5549490159900342,0.0001338330039288,-0.808836254057331,-0.6865721481670473,1.0,49.0,3.0,20.40816326530612,0.0,0.642,1.40005707897443,0.003,1000.0,49.0,,,,,,,,,,,,,
ridge_medium,1000,2,evaluation,36,1,-0.131623132177013,0.0696128432005085,0.0753621531253864,0.0001324579934589,-0.0620102889765045,-0.0562609790516266,1.0,1.0,1000.0,1000.0,0.0,0.121,1.071670350543105,0.0,1000.0,1.0,,,,,,,,,,,,,
ridge_medium,1000,2,evaluation,36,2,-0.131623132177013,-0.0545456145686243,-0.0505316020318889,0.0001649170008022,-0.1861687467456374,-0.182154734208902,1.0,4.0,159.0,250.0,0.0,0.235,1.1356693181397255,0.0,1000.0,4.0,,,,,,,,,,,,,
ridge_medium,1000,2,evaluation,36,3,-0.131623132177013,-0.185646327225529,-0.1601963376066078,0.0001678330008871,-0.3172694594025421,-0.2918194697836209,1.0,9.0,66.0,111.11111111111111,0.0,0.325,1.1836677925941212,0.0,1000.0,9.0,,,,,,,,,,,,,
ridge_medium,1000,2,evaluation,36,4,-0.131623132177013,-0.3022870445229582,-0.2598019357528087,0.0001450420240871,-0.4339101766999712,-0.3914250679298218,1.0,16.0,17.0,62.5,0.0,0.421,1.2528496072578437,0.0,1000.0,16.0,,,,,,,,,,,,,
ridge_medium,1000,2,evaluation,36,5,-0.131623132177013,-0.3981933338687923,-0.3348782498176255,0.0001392090052831,-0.5298164660458053,-0.4665013819946385,1.0,25.0,13.0,40.0,0.0,0.496,1.3085323278358665,0.0,1000.0,25.0,,,,,,,,,,,,,
ridge_medium,1000,2,evaluation,36,6,-0.131623132177013,-0.5218390693792497,-0.4220709735272576,0.0001382080081384,-0.6534622015562628,-0.5536941057042707,1.0,36.0,5.0,27.77777777777778,0.0,0.596,1.353616073689195,0.0,1000.0,36.0,,,,,,,,,,,,,
ridge_medium,1000,2,evaluation,36,7,-0.131623132177013,-0.649183797856639,-0.5198080837922461,0.0001373749983031,-0.7808069300336521,-0.6514312159692591,1.0,49.0,4.0,20.40816326530612,0.0,0.659,1.4105221652488626,0.004,1000.0,49.0,,,,,,,,,,,,,
ridge_medium,1000,2,evaluation,37,1,-0.131623132177013,0.0606864344114916,0.074133960029887,0.0001334589906036,-0.0709366977655213,-0.0574891721471259,1.0,1.0,1000.0,1000.0,0.0,0.122,1.0653517354801405,0.0,1000.0,1.0,,,,,,,,,,,,,
ridge_medium,1000,2,evaluation,37,2,-0.131623132177013,-0.0692074826040255,-0.0511213068428637,0.0001642499992158,-0.2008306147810386,-0.1827444390198767,1.0,4.0,173.0,250.0,0.0,0.233,1.1325032607701404,0.0,1000.0,4.0,,,,,,,,,,,,,
ridge_medium,1000,2,evaluation,37,3,-0.131623132177013,-0.2141754419009365,-0.1796650502783342,0.0001555420167278,-0.3457985740779496,-0.3112881824553473,1.0,9.0,73.0,111.11111111111111,0.0,0.335,1.190310378791478,0.0,1000.0,9.0,,,,,,,,,,,,,
ridge_medium,1000,2,evaluation,37,4,-0.131623132177013,-0.3095241250042921,-0.2582936659529808,0.0001417910098098,-0.4411472571813052,-0.3899167981299939,1.0,16.0,25.0,62.5,0.0,0.424,1.2460001987398286,0.0,1000.0,16.0,,,,,,,,,,,,,
ridge_medium,1000,2,evaluation,37,5,-0.131623132177013,-0.4109986994820958,-0.3533238068270615,0.0001420830085407,-0.5426218316591088,-0.4849469390040746,1.0,25.0,14.0,40.0,0.0,0.514,1.299672581681962,0.0,1000.0,25.0,,,,,,,,,,,,,
ridge_medium,1000,2,evaluation,37,6,-0.131623132177013,-0.5168380017931185,-0.4249484074646297,0.0001403329952154,-0.6484611339701315,-0.5565715396416427,1.0,36.0,8.0,27.77777777777778,0.0,0.593,1.376410465187342,0.0,1000.0,36.0,,,,,,,,,,,,,
ridge_medium,1000,2,evaluation,37,7,-0.131623132177013,-0.6447962446700422,-0.5373339881993325,0.0001346669741906,-0.7764193768470552,-0.6689571203763456,1.0,49.0,5.0,20.40816326530612,0.0,0.659,1.4234649663004657,0.0,1000.0,49.0,,,,,,,,,,,,,
ridge_medium,1000,2,evaluation,38,1,-0.131623132177013,0.0707323872949541,0.0698462019105701,0.0001338750007562,-0.0608907448820589,-0.0617769302664429,1.0,1.0,1000.0,1000.0,0.0,0.121,1.0700232751188132,0.0,1000.0,1.0,,,,,,,,,,,,,
ridge_medium,1000,2,evaluation,38,2,-0.131623132177013,-0.0476104408273352,-0.0312592506085255,0.0001640419941395,-0.1792335730043483,-0.1628823827855386,1.0,4.0,185.0,250.0,0.0,0.228,1.1308234327359004,0.0,1000.0,4.0,,,,,,,,,,,,,
ridge_medium,1000,2,evaluation,38,3,-0.131623132177013,-0.178314916741811,-0.1688945555683205,0.0001523749961052,-0.3099380489188241,-0.3005176877453336,1.0,9.0,77.0,111.11111111111111,0.0,0.346,1.2051261077338034,0.0,1000.0,9.0,,,,,,,,,,,,,
ridge_medium,1000,2,evaluation,38,4,-0.131623132177013,-0.2772411490590226,-0.2404259356674336,0.0001433340075891,-0.4088642812360357,-0.3720490678444467,1.0,16.0,23.0,62.5,0.0,0.425,1.2510190681288798,0.0,1000.0,16.0,,,,,,,,,,,,,
ridge_medium,1000,2,evaluation,38,5,-0.131623132177013,-0.3743965132803363,-0.33402810789434,0.0001399169850628,-0.5060196454573493,-0.4656512400713531,1.0,25.0,17.0,40.0,0.0,0.516,1.312410271495939,0.0,1000.0,25.0,,,,,,,,,,,,,
ridge_medium,1000,2,evaluation,38,6,-0.131623132177013,-0.4915422901326828,-0.4309371886531342,0.0001366669894196,-0.6231654223096958,-0.5625603208301473,1.0,36.0,5.0,27.77777777777778,0.0,0.595,1.3649204504833303,0.0,1000.0,36.0,,,,,,,,,,,,,
ridge_medium,1000,2,evaluation,38,7,-0.131623132177013,-0.6287061472371456,-0.4963617549640792,0.000134000001708,-0.7603292794141586,-0.6279848871410922,1.0,49.0,5.0,20.40816326530612,0.0,0.672,1.421769415443391,0.0,1000.0,49.0,,,,,,,,,,,,,
ridge_medium,1000,2,evaluation,39,1,-0.131623132177013,0.0720600244121674,0.0826821610735213,0.0001339580048806,-0.0595631077648456,-0.0489409711034917,1.0,1.0,1000.0,1000.0,0.0,0.126,1.0593900148460027,0.0,1000.0,1.0,,,,,,,,,,,,,
ridge_medium,1000,2,evaluation,39,2,-0.131623132177013,-0.0481547309782143,-0.0310957819466064,0.0001585420104674,-0.1797778631552274,-0.1627189141236195,1.0,4.0,183.0,250.0,0.0,0.232,1.1307490181934376,0.0,1000.0,4.0,,,,,,,,,,,,,
ridge_medium,1000,2,evaluation,39,3,-0.131623132177013,-0.1848573859413749,-0.1409403706783386,0.0001543749822303,-0.316480518118388,-0.2725635028553517,1.0,9.0,80.0,111.11111111111111,0.0,0.341,1.1798813248724298,0.0,1000.0,9.0,,,,,,,,,,,,,
ridge_medium,1000,2,evaluation,39,4,-0.131623132177013,-0.304967722617981,-0.248021704802006,0.0001433340075891,-0.436590854794994,-0.3796448369790191,1.0,16.0,23.0,62.5,0.0,0.434,1.253485381392444,0.0,1000.0,16.0,,,,,,,,,,,,,
ridge_medium,1000,2,evaluation,39,5,-0.131623132177013,-0.3839184886497897,-0.3194295668782945,0.0001404999929945,-0.5155416208268028,-0.4510526990553076,1.0,25.0,11.0,40.0,0.0,0.501,1.303067266818576,0.0,1000.0,25.0,,,,,,,,,,,,,
ridge_medium,1000,2,evaluation,39,6,-0.131623132177013,-0.4966585861186348,-0.4106151949473354,0.0001500000071246,-0.6282817182956478,-0.5422383271243485,1.0,36.0,8.0,27.77777777777778,0.0,0.58,1.364200076121872,0.0,1000.0,36.0,,,,,,,,,,,,,
ridge_medium,1000,2,evaluation,39,7,-0.131623132177013,-0.6216987723121483,-0.5084357327062407,0.0001337499998044,-0.7533219044891614,-0.6400588648832537,1.0,49.0,4.0,20.40816326530612,0.0,0.654,1.418734470569204,0.008,1000.0,49.0,,,,,,,,,,,,,
ridge_medium,1000,2,evaluation,40,1,-0.131623132177013,0.0646910258361414,0.0796036672438926,0.0001339580048806,-0.0669321063408716,-0.0520194649331204,1.0,1.0,1000.0,1000.0,0.0,0.116,1.0614333145027794,0.0,1000.0,1.0,,,,,,,,,,,,,
ridge_medium,1000,2,evaluation,40,2,-0.131623132177013,-0.0511365671373874,-0.0348185586990842,0.000161083007697,-0.1827596993144004,-0.1664416908760972,1.0,4.0,184.0,250.0,0.0,0.236,1.1325583663646648,0.0,1000.0,4.0,,,,,,,,,,,,,
ridge_medium,1000,2,evaluation,40,3,-0.131623132177013,-0.2057902105933196,-0.1772445454047652,0.000154458975885,-0.3374133427703327,-0.3088676775817783,1.0,9.0,69.0,111.11111111111111,0.0,0.339,1.1905512269424947,0.0,1000.0,9.0,,,,,,,,,,,,,
ridge_medium,1000,2,evaluation,40,4,-0.131623132177013,-0.3155233445204235,-0.2677400082151507,0.0001423750072717,-0.4471464766974365,-0.3993631403921638,1.0,16.0,19.0,62.5,0.0,0.426,1.2453010356834993,0.0,1000.0,16.0,,,,,,,,,,,,,
ridge_medium,1000,2,evaluation,40,5,-0.131623132177013,-0.405691013719232,-0.3441743422725823,0.0001398750173393,-0.537314145896245,-0.4757974744495954,1.0,25.0,13.0,40.0,0.0,0.497,1.2956845409334063,0.0,1000.0,25.0,,,,,,,,,,,,,
ridge_medium,1000,2,evaluation,40,6,-0.131623132177013,-0.5195031965948774,-0.4310502060825961,0.0001394579885527,-0.6511263287718905,-0.5626733382596092,1.0,36.0,8.0,27.77777777777778,0.0,0.59,1.3593899536732903,0.0,1000.0,36.0,,,,,,,,,,,,,
ridge_medium,1000,2,evaluation,40,7,-0.131623132177013,-0.6517943432826049,-0.5339135627989445,0.0001344589982181,-0.7834174754596179,-0.6655366949759576,1.0,49.0,3.0,20.40816326530612,0.0,0.643,1.4133942792441343,0.007,1000.0,49.0,,,,,,,,,,,,,
ridge_medium,1000,2,evaluation,41,1,-0.131623132177013,0.0659934306508494,0.0812195778998471,0.0001328339858446,-0.0656297015261636,-0.0504035542771659,1.0,1.0,1000.0,1000.0,0.0,0.126,1.0594080040523763,0.0,1000.0,1.0,,,,,,,,,,,,,
ridge_medium,1000,2,evaluation,41,2,-0.131623132177013,-0.0803679504377858,-0.0547857737911905,0.0001752499956637,-0.2119910826147989,-0.1864089059682036,1.0,4.0,172.0,250.0,0.0,0.237,1.1330940920260015,0.0,1000.0,4.0,,,,,,,,,,,,,
ridge_medium,1000,2,evaluation,41,3,-0.131623132177013,-0.2086861231334467,-0.1643758102763507,0.0001558749936521,-0.3403092553104598,-0.2959989424533638,1.0,9.0,75.0,111.11111111111111,0.0,0.344,1.1826866279255517,0.0,1000.0,9.0,,,,,,,,,,,,,
ridge_medium,1000,2,evaluation,41,4,-0.131623132177013,-0.3169780786809512,-0.2551280754176017,0.0001441659987904,-0.4486012108579643,-0.3867512075946148,1.0,16.0,23.0,62.5,0.0,0.446,1.245212951826983,0.0,1000.0,16.0,,,,,,,,,,,,,
ridge_medium,1000,2,evaluation,41,5,-0.131623132177013,-0.4402256034106301,-0.3561834202682682,0.000190124992514,-0.5718487355876432,-0.4878065524452813,1.0,25.0,10.0,40.0,0.0,0.512,1.2955309250808915,0.0,1000.0,25.0,,,,,,,,,,,,,
ridge_medium,1000,2,evaluation,41,6,-0.131623132177013,-0.5115660577100528,-0.4245047054436598,0.0002145420003216,-0.6431891898870659,-0.5561278376206729,1.0,36.0,4.0,27.77777777777778,0.0,0.591,1.3529446561894034,0.004,1000.0,36.0,,,,,,,,,,,,,
ridge_medium,1000,2,evaluation,41,7,-0.131623132177013,-0.6542245290830788,-0.5481563840318172,0.0001374589919578,-0.7858476612600919,-0.6797795162088303,1.0,49.0,3.0,20.40816326530612,0.0,0.657,1.4296386542077295,0.003,1000.0,49.0,,,,,,,,,,,,,
ridge_medium,1000,2,evaluation,42,1,-0.131623132177013,0.0616534191178367,0.0697894413660096,0.0001847079838626,-0.0699697130591762,-0.0618336908110034,1.0,1.0,1000.0,1000.0,0.0,0.13,1.0661982293305752,0.0,1000.0,1.0,,,,,,,,,,,,,
ridge_medium,1000,2,evaluation,42,2,-0.131623132177013,-0.0729296121676717,-0.0510173274398881,0.0001641669950913,-0.2045527443446848,-0.1826404596169012,1.0,4.0,166.0,250.0,0.0,0.248,1.1317303257199105,0.0,1000.0,4.0,,,,,,,,,,,,,
ridge_medium,1000,2,evaluation,42,3,-0.131623132177013,-0.2145421533176807,-0.1846612642731712,0.0001537920034024,-0.3461652854946938,-0.3162843964501843,1.0,9.0,76.0,111.11111111111111,0.0,0.319,1.1912855876275563,0.0,1000.0,9.0,,,,,,,,,,,,,
ridge_medium,1000,2,evaluation,42,4,-0.131623132177013,-0.2853153778734931,-0.2441914486009627,0.0001425409864168,-0.4169385100505062,-0.3758145807779758,1.0,16.0,23.0,62.5,0.0,0.45,1.2607390063498924,0.0,1000.0,16.0,,,,,,,,,,,,,
ridge_medium,1000,2,evaluation,42,5,-0.131623132177013,-0.43482823502482,-0.3570929534025501,0.0001407079980708,-0.5664513672018331,-0.4887160855795632,1.0,25.0,11.0,40.0,0.0,0.502,1.3094326365526925,0.0,1000.0,25.0,,,,,,,,,,,,,
ridge_medium,1000,2,evaluation,42,6,-0.131623132177013,-0.5341283491612645,-0.4436016787330705,0.0001380419998895,-0.6657514813382776,-0.5752248109100836,1.0,36.0,7.0,27.77777777777778,0.0,0.595,1.3813461691002835,0.0,1000.0,36.0,,,,,,,,,,,,,
ridge_medium,1000,2,evaluation,42,7,-0.131623132177013,-0.6704754763820401,-0.5382458365609638,0.0001344159827567,-0.8020986085590531,-0.6698689687379769,1.0,49.0,5.0,20.40816326530612,0.0,0.647,1.4059311501472198,0.0,1000.0,49.0,,,,,,,,,,,,,
ridge_medium,1000,2,evaluation,43,1,-0.131623132177013,0.0538714505292123,0.069220159561995,0.0001341250026598,-0.0777516816478007,-0.0624029726150179,1.0,1.0,1000.0,1000.0,0.0,0.119,1.0649555730719005,0.0,1000.0,1.0,,,,,,,,,,,,,
ridge_medium,1000,2,evaluation,43,2,-0.131623132177013,-0.0978856915495831,-0.0618304241687601,0.0001613329804968,-0.2295088237265961,-0.1934535563457732,1.0,4.0,171.0,250.0,0.0,0.244,1.1257844497073186,0.0,1000.0,4.0,,,,,,,,,,,,,
ridge_medium,1000,2,evaluation,43,3,-0.131623132177013,-0.2341629443591839,-0.1981894233837171,0.0001567080034874,-0.365786076536197,-0.3298125555607302,1.0,9.0,71.0,111.11111111111111,0.0,0.325,1.1881785820861377,0.0,1000.0,9.0,,,,,,,,,,,,,
ridge_medium,1000,2,evaluation,43,4,-0.131623132177013,-0.3201278403066867,-0.2618345319052608,0.0001417500025127,-0.4517509724836998,-0.3934576640822739,1.0,16.0,23.0,62.5,0.0,0.433,1.2378258244979574,0.0,1000.0,16.0,,,,,,,,,,,,,
ridge_medium,1000,2,evaluation,43,5,-0.131623132177013,-0.4504896647947307,-0.3685602950057621,0.0001381670008413,-0.5821127969717438,-0.5001834271827752,1.0,25.0,12.0,40.0,0.0,0.508,1.298591211088385,0.0,1000.0,25.0,,,,,,,,,,,,,
ridge_medium,1000,2,evaluation,43,6,-0.131623132177013,-0.5336125598329704,-0.4335883953656544,0.0001386250078212,-0.6652356920099834,-0.5652115275426675,1.0,36.0,7.0,27.77777777777778,0.0,0.578,1.3513582677980676,0.0,1000.0,36.0,,,,,,,,,,,,,
ridge_medium,1000,2,evaluation,43,7,-0.131623132177013,-0.6920812756452908,-0.5438524468703538,0.0001344579795841,-0.8237044078223038,-0.6754755790473669,1.0,49.0,4.0,20.40816326530612,0.0,0.651,1.4181148700154331,0.004,1000.0,49.0,,,,,,,,,,,,,
ridge_medium,1000,2,evaluation,44,1,-0.131623132177013,0.0665392412413182,0.0744168417893109,0.0001318749855272,-0.0650838909356947,-0.0572062903877021,1.0,1.0,1000.0,1000.0,0.0,0.125,1.065489711490336,0.0,1000.0,1.0,,,,,,,,,,,,,
ridge_medium,1000,2,evaluation,44,2,-0.131623132177013,-0.0738861122355611,-0.0512803364502365,0.0001620409893803,-0.2055092444125742,-0.1829034686272495,1.0,4.0,175.0,250.0,0.0,0.239,1.1286455602144905,0.0,1000.0,4.0,,,,,,,,,,,,,
ridge_medium,1000,2,evaluation,44,3,-0.131623132177013,-0.2262931779140286,-0.1798788521873564,0.0001533750037197,-0.3579163100910417,-0.3115019843643695,1.0,9.0,69.0,111.11111111111111,0.0,0.331,1.1829454031479714,0.0,1000.0,9.0,,,,,,,,,,,,,
ridge_medium,1000,2,evaluation,44,4,-0.131623132177013,-0.3319370891334678,-0.2775316334771232,0.0001496670010965,-0.4635602213104809,-0.4091547656541362,1.0,16.0,17.0,62.5,0.0,0.42,1.2582584964665826,0.0,1000.0,16.0,,,,,,,,,,,,,
ridge_medium,1000,2,evaluation,44,5,-0.131623132177013,-0.3973454442875359,-0.3442195384037972,0.0001352909894194,-0.528968576464549,-0.4758426705808103,1.0,25.0,15.0,40.0,0.0,0.511,1.3077634615687517,0.0,1000.0,25.0,,,,,,,,,,,,,
ridge_medium,1000,2,evaluation,44,6,-0.131623132177013,-0.5576715038708472,-0.4554701612044411,0.0001366249925922,-0.6892946360478602,-0.5870932933814542,1.0,36.0,3.0,27.77777777777778,0.0,0.603,1.3702780956877605,0.003,1000.0,36.0,,,,,,,,,,,,,
ridge_medium,1000,2,evaluation,44,7,-0.131623132177013,-0.6544365030102361,-0.5573979110206754,0.0001314999826718,-0.7860596351872492,-0.6890210431976884,1.0,49.0,3.0,20.40816326530612,0.0,0.648,1.424088755451637,0.003,1000.0,49.0,,,,,,,,,,,,,
ridge_medium,1000,2,evaluation,45,1,-0.131623132177013,0.0633296753818997,0.0696436592165133,0.0001352499821223,-0.0682934567951132,-0.0619794729604997,1.0,1.0,1000.0,1000.0,0.0,0.125,1.071089716259867,0.0,1000.0,1.0,,,,,,,,,,,,,
ridge_medium,1000,2,evaluation,45,2,-0.131623132177013,-0.0799171227159131,-0.0618398883201485,0.0001614160137251,-0.2115402548929262,-0.1934630204971616,1.0,4.0,177.0,250.0,0.0,0.224,1.125208072469264,0.0,1000.0,4.0,,,,,,,,,,,,,
ridge_medium,1000,2,evaluation,45,3,-0.131623132177013,-0.2103303580092599,-0.1871986967122647,0.000156333000632,-0.341953490186273,-0.3188218288892778,1.0,9.0,69.0,111.11111111111111,0.0,0.311,1.1832471337906902,0.0,1000.0,9.0,,,,,,,,,,,,,
ridge_medium,1000,2,evaluation,45,4,-0.131623132177013,-0.3258922202904257,-0.2776369559069835,0.0001428340037818,-0.4575153524674388,-0.4092600880839966,1.0,16.0,23.0,62.5,0.0,0.424,1.2401312264067768,0.0,1000.0,16.0,,,,,,,,,,,,,
ridge_medium,1000,2,evaluation,45,5,-0.131623132177013,-0.434135876604357,-0.3703941618506158,0.0001423750072717,-0.5657590087813701,-0.5020172940276288,1.0,25.0,16.0,40.0,0.0,0.51,1.301171194564788,0.0,1000.0,25.0,,,,,,,,,,,,,
ridge_medium,1000,2,evaluation,45,6,-0.131623132177013,-0.5378769207002346,-0.4573057793393089,0.0001385409850627,-0.6695000528772477,-0.588928911516322,1.0,36.0,9.0,27.77777777777778,0.0,0.583,1.3633015875163683,0.0,1000.0,36.0,,,,,,,,,,,,,
ridge_medium,1000,2,evaluation,45,7,-0.131623132177013,-0.6900724381809842,-0.5738144334165147,0.0001368749944958,-0.8216955703579972,-0.7054375655935278,1.0,49.0,5.0,20.40816326530612,0.0,0.629,1.4113098782512763,0.0,1000.0,49.0,,,,,,,,,,,,,
ridge_medium,1000,2,evaluation,46,1,-0.131623132177013,0.0596607234307061,0.0709225360858839,0.0001369999954476,-0.0719624087463069,-0.0607005960911291,1.0,1.0,1000.0,1000.0,0.0,0.124,1.0688481558928342,0.0,1000.0,1.0,,,,,,,,,,,,,
ridge_medium,1000,2,evaluation,46,2,-0.131623132177013,-0.0540948890294717,-0.0330444940826528,0.0001624999858904,-0.1857180212064847,-0.1646676262596659,1.0,4.0,182.0,250.0,0.0,0.238,1.124374581978166,0.0,1000.0,4.0,,,,,,,,,,,,,
ridge_medium,1000,2,evaluation,46,3,-0.131623132177013,-0.185722381138554,-0.153120726074959,0.0001586670114193,-0.3173455133155671,-0.284743858251972,1.0,9.0,73.0,111.11111111111111,0.0,0.341,1.1921796159626303,0.0,1000.0,9.0,,,,,,,,,,,,,
ridge_medium,1000,2,evaluation,46,4,-0.131623132177013,-0.2787818452922336,-0.2324408020513265,0.0001474170130677,-0.4104049774692467,-0.3640639342283396,1.0,16.0,29.0,62.5,0.0,0.443,1.2568923638910765,0.0,1000.0,16.0,,,,,,,,,,,,,
ridge_medium,1000,2,evaluation,46,5,-0.131623132177013,-0.3688462082600581,-0.3183817598427508,0.0001402089837938,-0.5004693404370711,-0.4500048920197639,1.0,25.0,16.0,40.0,0.0,0.511,1.2948591712034705,0.0,1000.0,25.0,,,,,,,,,,,,,
ridge_medium,1000,2,evaluation,46,6,-0.131623132177013,-0.5071625588683353,-0.4237578728490088,0.0001406249939464,-0.6387856910453483,-0.5553810050260218,1.0,36.0,6.0,27.77777777777778,0.0,0.591,1.375455357258923,0.0,1000.0,36.0,,,,,,,,,,,,,
ridge_medium,1000,2,evaluation,46,7,-0.131623132177013,-0.6391479318388222,-0.5180256578640007,0.00013229198521,-0.7707710640158353,-0.6496487900410137,1.0,49.0,6.0,20.40816326530612,0.0,0.67,1.4212186443701995,0.0,1000.0,49.0,,,,,,,,,,,,,
ridge_medium,1000,2,evaluation,47,1,-0.131623132177013,0.0673208639610972,0.078982402583446,0.0001339159789495,-0.0643022682159158,-0.052640729593567,1.0,1.0,1000.0,1000.0,0.0,0.122,1.0639266499966782,0.0,1000.0,1.0,,,,,,,,,,,,,
ridge_medium,1000,2,evaluation,47,2,-0.131623132177013,-0.0502429007690027,-0.0333653238736803,0.0001750419905874,-0.1818660329460158,-0.1649884560506933,1.0,4.0,184.0,250.0,0.0,0.244,1.128611797132479,0.0,1000.0,4.0,,,,,,,,,,,,,
ridge_medium,1000,2,evaluation,47,3,-0.131623132177013,-0.1771252782594537,-0.14432504478316,0.0001534580078441,-0.3087484104364668,-0.2759481769601731,1.0,9.0,85.0,111.11111111111111,0.0,0.333,1.1758174140156474,0.0,1000.0,9.0,,,,,,,,,,,,,
ridge_medium,1000,2,evaluation,47,4,-0.131623132177013,-0.272193186034329,-0.2184404871496927,0.0001425840018782,-0.4038163182113421,-0.3500636193267058,1.0,16.0,26.0,62.5,0.0,0.425,1.2444727354584009,0.0,1000.0,16.0,,,,,,,,,,,,,
ridge_medium,1000,2,evaluation,47,5,-0.131623132177013,-0.3768827612510147,-0.3123409734458064,0.0001386660151183,-0.5085058934280278,-0.4439641056228195,1.0,25.0,15.0,40.0,0.0,0.514,1.3043445017970776,0.0,1000.0,25.0,,,,,,,,,,,,,
ridge_medium,1000,2,evaluation,47,6,-0.131623132177013,-0.4947201151721448,-0.3999248655189384,0.0001493340241722,-0.6263432473491579,-0.5315479976959515,1.0,36.0,8.0,27.77777777777778,0.0,0.598,1.3559423050996622,0.0,1000.0,36.0,,,,,,,,,,,,,
ridge_medium,1000,2,evaluation,47,7,-0.131623132177013,-0.6315432121789071,-0.5020187687674723,0.0001382080081384,-0.7631663443559201,-0.6336419009444854,1.0,49.0,5.0,20.40816326530612,0.0,0.661,1.4119216410861273,0.0,1000.0,49.0,,,,,,,,,,,,,
ridge_medium,1000,2,evaluation,48,1,-0.131623132177013,0.0593164246725197,0.0724578794022938,0.0001350420061498,-0.0723067075044933,-0.0591652527747192,1.0,1.0,1000.0,1000.0,0.0,0.125,1.0633010145823174,0.0,1000.0,1.0,,,,,,,,,,,,,
ridge_medium,1000,2,evaluation,48,2,-0.131623132177013,-0.0624480338764783,-0.0445619938532358,0.000163832999533,-0.1940711660534914,-0.1761851260302489,1.0,4.0,187.0,250.0,0.0,0.244,1.1279364200245745,0.0,1000.0,4.0,,,,,,,,,,,,,
ridge_medium,1000,2,evaluation,48,3,-0.131623132177013,-0.2102384555808972,-0.1728396957296656,0.0001527499989606,-0.3418615877579103,-0.3044628279066787,1.0,9.0,76.0,111.11111111111111,0.0,0.329,1.1829437644322578,0.0,1000.0,9.0,,,,,,,,,,,,,
ridge_medium,1000,2,evaluation,48,4,-0.131623132177013,-0.3012653978250591,-0.2561778083929111,0.0001411249977536,-0.4328885300020721,-0.3878009405699242,1.0,16.0,26.0,62.5,0.0,0.426,1.2374564879613652,0.0,1000.0,16.0,,,,,,,,,,,,,
ridge_medium,1000,2,evaluation,48,5,-0.131623132177013,-0.393805697974582,-0.3394325851637479,0.000136749993544,-0.525428830151595,-0.471055717340761,1.0,25.0,11.0,40.0,0.0,0.505,1.3098561723287443,0.0,1000.0,25.0,,,,,,,,,,,,,
ridge_medium,1000,2,evaluation,48,6,-0.131623132177013,-0.5095796832632081,-0.4239989459470258,0.0001372919941786,-0.6412028154402212,-0.5556220781240389,1.0,36.0,6.0,27.77777777777778,0.0,0.595,1.3495939116987044,0.0,1000.0,36.0,,,,,,,,,,,,,
ridge_medium,1000,2,evaluation,48,7,-0.131623132177013,-0.6574272298317743,-0.5536405004396301,0.0001327079953625,-0.7890503620087873,-0.6852636326166431,1.0,49.0,5.0,20.40816326530612,0.0,0.65,1.4267988996006729,0.0,1000.0,49.0,,,,,,,,,,,,,
ridge_medium,1000,2,evaluation,49,1,-0.131623132177013,0.0698150763336293,0.0779448553795131,0.0001323750184383,-0.0618080558433837,-0.0536782767974999,1.0,1.0,1000.0,1000.0,0.0,0.117,1.063025634881337,0.0,1000.0,1.0,,,,,,,,,,,,,
ridge_medium,1000,2,evaluation,49,2,-0.131623132177013,-0.0823995345584379,-0.0645650386576543,0.0001714999962132,-0.214022666735451,-0.1961881708346674,1.0,4.0,184.0,250.0,0.0,0.236,1.1289607818134035,0.0,1000.0,4.0,,,,,,,,,,,,,
ridge_medium,1000,2,evaluation,49,3,-0.131623132177013,-0.2189007024669982,-0.1777486723862334,0.0001580420066602,-0.3505238346440113,-0.3093718045632465,1.0,9.0,74.0,111.11111111111111,0.0,0.35,1.1872043448569602,0.0,1000.0,9.0,,,,,,,,,,,,,
ridge_medium,1000,2,evaluation,49,4,-0.131623132177013,-0.3088570595250236,-0.2656560864647689,0.0001418330066371,-0.4404801917020366,-0.397279218641782,1.0,16.0,26.0,62.5,0.0,0.42,1.248967657033181,0.0,1000.0,16.0,,,,,,,,,,,,,
ridge_medium,1000,2,evaluation,49,5,-0.131623132177013,-0.4070311648099207,-0.3429737994922244,0.0001388329837936,-0.5386542969869338,-0.4745969316692375,1.0,25.0,11.0,40.0,0.0,0.52,1.3116896981432733,0.0,1000.0,25.0,,,,,,,,,,,,,
ridge_medium,1000,2,evaluation,49,6,-0.131623132177013,-0.5651225254603294,-0.4435772332031195,0.0001379169989377,-0.6967456576373424,-0.5752003653801325,1.0,36.0,5.0,27.77777777777778,0.0,0.586,1.3481253705058458,0.0,1000.0,36.0,,,,,,,,,,,,,
ridge_medium,1000,2,evaluation,49,7,-0.131623132177013,-0.6425331556934245,-0.5260986106730532,0.0001337499998044,-0.7741562878704376,-0.6577217428500662,1.0,49.0,3.0,20.40816326530612,0.0,0.653,1.4191386521716798,0.003,1000.0,49.0,,,,,,,,,,,,,
ridge_medium,1000,2,evaluation,50,1,-0.131623132177013,0.0706054722081909,0.0773234483577173,0.000131707987748,-0.0610176599688221,-0.0542996838192957,1.0,1.0,1000.0,1000.0,0.0,0.121,1.0620347702885922,0.0,1000.0,1.0,,,,,,,,,,,,,
ridge_medium,1000,2,evaluation,50,2,-0.131623132177013,-0.0492367939959004,-0.0327490696018401,0.0001613339991308,-0.1808599261729135,-0.1643722017788531,1.0,4.0,184.0,250.0,0.0,0.237,1.1246627157108438,0.0,1000.0,4.0,,,,,,,,,,,,,
ridge_medium,1000,2,evaluation,50,3,-0.131623132177013,-0.1790794278830566,-0.149420415381033,0.0001508329878561,-0.3107025600600697,-0.2810435475580461,1.0,9.0,73.0,111.11111111111111,0.0,0.343,1.1936509486830005,0.0,1000.0,9.0,,,,,,,,,,,,,
ridge_medium,1000,2,evaluation,50,4,-0.131623132177013,-0.2765676731483852,-0.2236276100334446,0.0001422920031473,-0.4081908053253983,-0.3552507422104577,1.0,16.0,25.0,62.5,0.0,0.437,1.252557832018772,0.0,1000.0,16.0,,,,,,,,,,,,,
ridge_medium,1000,2,evaluation,50,5,-0.131623132177013,-0.4043723901239158,-0.3249747569230998,0.0001372080005239,-0.5359955223009288,-0.4565978891001129,1.0,25.0,17.0,40.0,0.0,0.529,1.2972233467674312,0.0,1000.0,25.0,,,,,,,,,,,,,
ridge_medium,1000,2,evaluation,50,6,-0.131623132177013,-0.5301609009144146,-0.4244519598429815,0.0001362079929094,-0.6617840330914276,-0.5560750920199946,1.0,36.0,8.0,27.77777777777778,0.0,0.602,1.3722492005195468,0.0,1000.0,36.0,,,,,,,,,,,,,
ridge_medium,1000,2,evaluation,50,7,-0.131623132177013,-0.5919436624806967,-0.4879005171162954,0.0001330410013906,-0.7235667946577098,-0.6195236492933085,1.0,49.0,4.0,20.40816326530612,0.0,0.645,1.4034612599261416,0.004,1000.0,49.0,,,,,,,,,,,,,
ridge_medium,1000,2,evaluation,51,1,-0.131623132177013,0.063850658667667,0.072162930612552,0.0001323750184383,-0.0677724735093459,-0.059460201564461,1.0,1.0,1000.0,1000.0,0.0,0.123,1.0669221795365642,0.0,1000.0,1.0,,,,,,,,,,,,,
ridge_medium,1000,2,evaluation,51,2,-0.131623132177013,-0.0793259794467977,-0.0636976087653634,0.0001642089919187,-0.2109491116238107,-0.1953207409423765,1.0,4.0,173.0,250.0,0.0,0.24,1.1361610284581156,0.0,1000.0,4.0,,,,,,,,,,,,,
ridge_medium,1000,2,evaluation,51,3,-0.131623132177013,-0.2225010122578976,-0.1972074483377346,0.0001550409942865,-0.3541241444349107,-0.3288305805147477,1.0,9.0,74.0,111.11111111111111,0.0,0.329,1.191712282221856,0.0,1000.0,9.0,,,,,,,,,,,,,
ridge_medium,1000,2,evaluation,51,4,-0.131623132177013,-0.3221792787768339,-0.2795920401190443,0.0001419580075889,-0.453802410953847,-0.4112151722960575,1.0,16.0,22.0,62.5,0.0,0.423,1.2457090069767975,0.0,1000.0,16.0,,,,,,,,,,,,,
ridge_medium,1000,2,evaluation,51,5,-0.131623132177013,-0.4381889853973238,-0.3591428978644828,0.0001390410179737,-0.5698121175743369,-0.4907660300414959,1.0,25.0,13.0,40.0,0.0,0.508,1.3142804634238188,0.0,1000.0,25.0,,,,,,,,,,,,,
ridge_medium,1000,2,evaluation,51,6,-0.131623132177013,-0.5233739099598868,-0.4510690861909565,0.0001392920094076,-0.6549970421368998,-0.5826922183679696,1.0,36.0,6.0,27.77777777777778,0.0,0.575,1.359044535448873,0.0,1000.0,36.0,,,,,,,,,,,,,
ridge_medium,1000,2,evaluation,51,7,-0.131623132177013,-0.6694151881535928,-0.56259533790212,0.0001332919928245,-0.8010383203306058,-0.6942184700791331,1.0,49.0,5.0,20.40816326530612,0.0,0.635,1.4140195814058405,0.0,1000.0,49.0,,,,,,,,,,,,,
ridge_medium,1000,2,evaluation,52,1,-0.131623132177013,0.0602835516183685,0.0779281541014208,0.000133082998218,-0.0713395805586445,-0.0536949780755922,1.0,1.0,1000.0,1000.0,0.0,0.129,1.0622665320751772,0.0,1000.0,1.0,,,,,,,,,,,,,
ridge_medium,1000,2,evaluation,52,2,-0.131623132177013,-0.0722564131488277,-0.046824944716521,0.0001623329881113,-0.2038795453258408,-0.1784480768935341,1.0,4.0,178.0,250.0,0.0,0.236,1.1244410956924389,0.0,1000.0,4.0,,,,,,,,,,,,,
ridge_medium,1000,2,evaluation,52,3,-0.131623132177013,-0.2196626842042001,-0.1876346446714329,0.0001538340002298,-0.3512858163812132,-0.319257776848446,1.0,9.0,72.0,111.11111111111111,0.0,0.332,1.18365927194834,0.0,1000.0,9.0,,,,,,,,,,,,,
ridge_medium,1000,2,evaluation,52,4,-0.131623132177013,-0.3100598101327295,-0.2624075937010169,0.000140582997119,-0.4416829423097426,-0.39403072587803,1.0,16.0,24.0,62.5,0.0,0.416,1.2515503025003882,0.0,1000.0,16.0,,,,,,,,,,,,,
ridge_medium,1000,2,evaluation,52,5,-0.131623132177013,-0.4164106696121127,-0.3419018999616744,0.0001518749922979,-0.5480338017891258,-0.4735250321386874,1.0,25.0,14.0,40.0,0.0,0.521,1.30288566299959,0.0,1000.0,25.0,,,,,,,,,,,,,
ridge_medium,1000,2,evaluation,52,6,-0.131623132177013,-0.5484676489097853,-0.4611427056486561,0.0001362499897368,-0.6800907810867983,-0.5927658378256692,1.0,36.0,7.0,27.77777777777778,0.0,0.589,1.3546471726323943,0.0,1000.0,36.0,,,,,,,,,,,,,
ridge_medium,1000,2,evaluation,52,7,-0.131623132177013,-0.6727082984595728,-0.5392909795946369,0.0001312909880653,-0.8043314306365859,-0.67091411177165,1.0,49.0,5.0,20.40816326530612,0.0,0.666,1.406874956811525,0.0,1000.0,49.0,,,,,,,,,,,,,
ridge_medium,1000,2,evaluation,53,1,-0.131623132177013,0.064107050298726,0.0786495661993404,0.0001344580086879,-0.067516081878287,-0.0529735659776725,1.0,1.0,1000.0,1000.0,0.0,0.125,1.0596463174835136,0.0,1000.0,1.0,,,,,,,,,,,,,
ridge_medium,1000,2,evaluation,53,2,-0.131623132177013,-0.0717612503871121,-0.0439523025859828,0.0001637909736018,-0.2033843825641252,-0.1755754347629959,1.0,4.0,167.0,250.0,0.0,0.24,1.1189607244411797,0.0,1000.0,4.0,,,,,,,,,,,,,
ridge_medium,1000,2,evaluation,53,3,-0.131623132177013,-0.2252816161113719,-0.1858401120929314,0.0001530839945189,-0.356904748288385,-0.3174632442699445,1.0,9.0,63.0,111.11111111111111,0.0,0.343,1.1798009916700796,0.0,1000.0,9.0,,,,,,,,,,,,,
ridge_medium,1000,2,evaluation,53,4,-0.131623132177013,-0.3123114024051571,-0.2584796932933565,0.0001426660164725,-0.4439345345821701,-0.3901028254703696,1.0,16.0,21.0,62.5,0.0,0.428,1.2331709235384198,0.0,1000.0,16.0,,,,,,,,,,,,,
ridge_medium,1000,2,evaluation,53,5,-0.131623132177013,-0.4193033943690731,-0.3457923257752501,0.000136749993544,-0.5509265265460862,-0.4774154579522631,1.0,25.0,15.0,40.0,0.0,0.522,1.3099130483264452,0.0,1000.0,25.0,,,,,,,,,,,,,
ridge_medium,1000,2,evaluation,53,6,-0.131623132177013,-0.5654593329858566,-0.451832066520669,0.0001369580277241,-0.6970824651628696,-0.583455198697682,1.0,36.0,4.0,27.77777777777778,0.0,0.603,1.3498447735796302,0.004,1000.0,36.0,,,,,,,,,,,,,
ridge_medium,1000,2,evaluation,53,7,-0.131623132177013,-0.6618859539514759,-0.5346135055556573,0.0001339160080533,-0.7935090861284889,-0.6662366377326704,1.0,49.0,4.0,20.40816326530612,0.0,0.675,1.4245716706891765,0.004,1000.0,49.0,,,,,,,,,,,,,
ridge_medium,1000,2,evaluation,54,1,-0.131623132177013,0.0602906393540146,0.0804402756344005,0.0001449580013286,-0.0713324928229984,-0.0511828565426125,1.0,1.0,1000.0,1000.0,0.0,0.126,1.058245068160221,0.0,1000.0,1.0,,,,,,,,,,,,,
ridge_medium,1000,2,evaluation,54,2,-0.131623132177013,-0.0732181599423711,-0.0437598333095024,0.0001635420194361,-0.2048412921193842,-0.1753829654865155,1.0,4.0,166.0,250.0,0.0,0.245,1.1209229600707062,0.0,1000.0,4.0,,,,,,,,,,,,,
ridge_medium,1000,2,evaluation,54,3,-0.131623132177013,-0.2271643732493766,-0.1792534048012254,0.0001548750151414,-0.3587875054263897,-0.3108765369782384,1.0,9.0,72.0,111.11111111111111,0.0,0.329,1.1778411919279923,0.0,1000.0,9.0,,,,,,,,,,,,,
ridge_medium,1000,2,evaluation,54,4,-0.131623132177013,-0.2912140523807102,-0.2444082416691793,0.0001414169964846,-0.4228371845577232,-0.3760313738461924,1.0,16.0,21.0,62.5,0.0,0.412,1.2446976138365802,0.0,1000.0,16.0,,,,,,,,,,,,,
ridge_medium,1000,2,evaluation,54,5,-0.131623132177013,-0.4398785331825775,-0.3545074872379219,0.0001381670008413,-0.5715016653595906,-0.4861306194149349,1.0,25.0,12.0,40.0,0.0,0.519,1.298174616824426,0.0,1000.0,25.0,,,,,,,,,,,,,
ridge_medium,1000,2,evaluation,54,6,-0.131623132177013,-0.4962527400425137,-0.4056025351508905,0.0001394159917254,-0.6278758722195268,-0.5372256673279036,1.0,36.0,3.0,27.77777777777778,0.0,0.593,1.3548547708212988,0.003,1000.0,36.0,,,,,,,,,,,,,
ridge_medium,1000,2,evaluation,54,7,-0.131623132177013,-0.6721966427267632,-0.5344802737550333,0.0001345830096397,-0.8038197749037762,-0.6661034059320463,1.0,49.0,3.0,20.40816326530612,0.0,0.656,1.4033708457522605,0.003,1000.0,49.0,,,,,,,,,,,,,
ridge_medium,1000,2,evaluation,55,1,-0.131623132177013,0.050266019745005,0.0597701199076218,0.0001320829906035,-0.081357112432008,-0.0718530122693912,1.0,1.0,1000.0,1000.0,0.0,0.127,1.06827239796559,0.0,1000.0,1.0,,,,,,,,,,,,,
ridge_medium,1000,2,evaluation,55,2,-0.131623132177013,-0.0689320844535697,-0.0473816773988854,0.0001622079871594,-0.2005552166305828,-0.1790048095758985,1.0,4.0,177.0,250.0,0.0,0.24,1.1277935577599845,0.0,1000.0,4.0,,,,,,,,,,,,,
ridge_medium,1000,2,evaluation,55,3,-0.131623132177013,-0.214040568736447,-0.1835677642876614,0.0001536670024506,-0.3456637009134601,-0.3151908964646744,1.0,9.0,74.0,111.11111111111111,0.0,0.351,1.1998312720273223,0.0,1000.0,9.0,,,,,,,,,,,,,
ridge_medium,1000,2,evaluation,55,4,-0.131623132177013,-0.3263002903967554,-0.2637586329975099,0.0001422500063199,-0.4579234225737685,-0.395381765174523,1.0,16.0,27.0,62.5,0.0,0.422,1.250762611350231,0.0,1000.0,16.0,,,,,,,,,,,,,
ridge_medium,1000,2,evaluation,55,5,-0.131623132177013,-0.4066412669677649,-0.3402397716225062,0.0001376660075038,-0.538264399144778,-0.4718629037995193,1.0,25.0,11.0,40.0,0.0,0.501,1.2998821863629677,0.0,1000.0,25.0,,,,,,,,,,,,,
ridge_medium,1000,2,evaluation,55,6,-0.131623132177013,-0.5272178252718084,-0.4415719450733232,0.0001375839929096,-0.6588409574488214,-0.5731950772503362,1.0,36.0,6.0,27.77777777777778,0.0,0.583,1.361154074372236,0.0,1000.0,36.0,,,,,,,,,,,,,
ridge_medium,1000,2,evaluation,55,7,-0.131623132177013,-0.6308887605759086,-0.5275827601092433,0.0001336249988526,-0.7625118927529216,-0.6592058922862564,1.0,49.0,4.0,20.40816326530612,0.0,0.648,1.414760155089965,0.008,1000.0,49.0,,,,,,,,,,,,,
ridge_medium,1000,2,evaluation,56,1,-0.131623132177013,0.0636125845583451,0.0708548632676632,0.0001324580225627,-0.0680105476186678,-0.0607682689093497,1.0,1.0,1000.0,1000.0,0.0,0.12,1.066647762805477,0.0,1000.0,1.0,,,,,,,,,,,,,
ridge_medium,1000,2,evaluation,56,2,-0.131623132177013,-0.0678292579646703,-0.0516030142355553,0.0002055420191027,-0.1994523901416834,-0.1832261464125683,1.0,4.0,162.0,250.0,0.0,0.238,1.1328953992876216,0.0,1000.0,4.0,,,,,,,,,,,,,
ridge_medium,1000,2,evaluation,56,3,-0.131623132177013,-0.1968128210512964,-0.1813226439595094,0.0001543750113341,-0.3284359532283095,-0.3129457761365225,1.0,9.0,79.0,111.11111111111111,0.0,0.322,1.197104573330238,0.0,1000.0,9.0,,,,,,,,,,,,,
ridge_medium,1000,2,evaluation,56,4,-0.131623132177013,-0.315602552503531,-0.2768835883580387,0.0001444169902242,-0.4472256846805441,-0.4085067205350518,1.0,16.0,20.0,62.5,0.0,0.417,1.2494814020561085,0.0,1000.0,16.0,,,,,,,,,,,,,
ridge_medium,1000,2,evaluation,56,5,-0.131623132177013,-0.4221501265317369,-0.3715630650942484,0.0001364999916404,-0.5537732587087499,-0.5031861972712615,1.0,25.0,13.0,40.0,0.0,0.503,1.30858208305833,0.0,1000.0,25.0,,,,,,,,,,,,,
ridge_medium,1000,2,evaluation,56,6,-0.131623132177013,-0.5186634277190593,-0.4533111105563037,0.0001382500049658,-0.6502865598960723,-0.5849342427333167,1.0,36.0,7.0,27.77777777777778,0.0,0.586,1.3603133960638418,0.0,1000.0,36.0,,,,,,,,,,,,,
ridge_medium,1000,2,evaluation,56,7,-0.131623132177013,-0.6854702497345908,-0.5586151587319376,0.0001330830273218,-0.8170933819116039,-0.6902382909089506,1.0,49.0,3.0,20.40816326530612,0.0,0.656,1.429186531684992,0.015,1000.0,49.0,,,,,,,,,,,,,
ridge_medium,1000,2,evaluation,57,1,-0.131623132177013,0.0698923189021639,0.0758827477550949,0.000136124988785,-0.0617308132748491,-0.055740384421918,1.0,1.0,1000.0,1000.0,0.0,0.127,1.0654984995416774,0.0,1000.0,1.0,,,,,,,,,,,,,
ridge_medium,1000,2,evaluation,57,2,-0.131623132177013,-0.0677485180257804,-0.0489642057727939,0.0001970000157598,-0.1993716502027935,-0.180587337949807,1.0,4.0,164.0,250.0,0.0,0.238,1.1279942641094816,0.0,1000.0,4.0,,,,,,,,,,,,,
ridge_medium,1000,2,evaluation,57,3,-0.131623132177013,-0.2173578554187508,-0.1806364808633272,0.000164750003023,-0.3489809875957639,-0.3122596130403403,1.0,9.0,72.0,111.11111111111111,0.0,0.345,1.1893642064282468,0.0,1000.0,9.0,,,,,,,,,,,,,
ridge_medium,1000,2,evaluation,57,4,-0.131623132177013,-0.2914299540735795,-0.248038390748083,0.000154500012286,-0.4230530862505925,-0.3796615229250961,1.0,16.0,18.0,62.5,0.0,0.443,1.2578774734696605,0.0,1000.0,16.0,,,,,,,,,,,,,
ridge_medium,1000,2,evaluation,57,5,-0.131623132177013,-0.4239032533038345,-0.3506220111028648,0.0001386670046485,-0.5555263854808475,-0.4822451432798779,1.0,25.0,15.0,40.0,0.0,0.517,1.2995102141723416,0.0,1000.0,25.0,,,,,,,,,,,,,
ridge_medium,1000,2,evaluation,57,6,-0.131623132177013,-0.52644447884311,-0.4520514637821129,0.0001389170065522,-0.658067611020123,-0.583674595959126,1.0,36.0,9.0,27.77777777777778,0.0,0.604,1.3614401459884136,0.0,1000.0,36.0,,,,,,,,,,,,,
ridge_medium,1000,2,evaluation,57,7,-0.131623132177013,-0.6332753733503289,-0.5174629964202547,0.0001352500112261,-0.764898505527342,-0.6490861285972678,1.0,49.0,5.0,20.40816326530612,0.0,0.654,1.3946579150549958,0.0,1000.0,49.0,,,,,,,,,,,,,
ridge_medium,1000,2,evaluation,58,1,-0.131623132177013,0.0570517685845477,0.0756682792662524,0.0001364169875159,-0.0745713635924653,-0.0559548529107606,1.0,1.0,1000.0,1000.0,0.0,0.125,1.061664152355295,0.0,1000.0,1.0,,,,,,,,,,,,,
ridge_medium,1000,2,evaluation,58,2,-0.131623132177013,-0.0736897377170825,-0.0467440482985802,0.0001656670065131,-0.2053128698940956,-0.1783671804755933,1.0,4.0,165.0,250.0,0.0,0.236,1.126795973510891,0.0,1000.0,4.0,,,,,,,,,,,,,
ridge_medium,1000,2,evaluation,58,3,-0.131623132177013,-0.2344878141459257,-0.1937552863387081,0.000154833018314,-0.3661109463229388,-0.3253784185157212,1.0,9.0,72.0,111.11111111111111,0.0,0.346,1.1926230381699103,0.0,1000.0,9.0,,,,,,,,,,,,,
ridge_medium,1000,2,evaluation,58,4,-0.131623132177013,-0.295387755372296,-0.2543850513443539,0.0001414580037817,-0.427010887549309,-0.386008183521367,1.0,16.0,23.0,62.5,0.0,0.431,1.260826036310532,0.0,1000.0,16.0,,,,,,,,,,,,,
ridge_medium,1000,2,evaluation,58,5,-0.131623132177013,-0.3852077310902116,-0.3346775201800763,0.0001389170065522,-0.5168308632672247,-0.4663006523570894,1.0,25.0,10.0,40.0,0.0,0.509,1.3162402971615723,0.0,1000.0,25.0,,,,,,,,,,,,,
ridge_medium,1000,2,evaluation,58,6,-0.131623132177013,-0.5106213536755675,-0.4285172932877303,0.0001388329837936,-0.6422444858525805,-0.5601404254647434,1.0,36.0,4.0,27.77777777777778,0.0,0.588,1.354824194126746,0.004,1000.0,36.0,,,,,,,,,,,,,
ridge_medium,1000,2,evaluation,58,7,-0.131623132177013,-0.6458638963214619,-0.5457588805987463,0.0001348340010736,-0.777487028498475,-0.6773820127757594,1.0,49.0,5.0,20.40816326530612,0.0,0.666,1.4226809972691308,0.0,1000.0,49.0,,,,,,,,,,,,,
ridge_medium,1000,2,evaluation,59,1,-0.131623132177013,0.061996513697562,0.0715361116293226,0.0001330839877482,-0.069626618479451,-0.0600870205476904,1.0,1.0,1000.0,1000.0,0.0,0.124,1.0621583494079605,0.0,1000.0,1.0,,,,,,,,,,,,,
ridge_medium,1000,2,evaluation,59,2,-0.131623132177013,-0.0854960036595299,-0.070060137963196,0.0001614580105524,-0.217119135836543,-0.2016832701402091,1.0,4.0,161.0,250.0,0.0,0.237,1.1219964868922183,0.0,1000.0,4.0,,,,,,,,,,,,,
ridge_medium,1000,2,evaluation,59,3,-0.131623132177013,-0.2033993911830287,-0.1785310197699779,0.0001573329791426,-0.3350225233600418,-0.310154151946991,1.0,9.0,80.0,111.11111111111111,0.0,0.347,1.1852800473723135,0.0,1000.0,9.0,,,,,,,,,,,,,
ridge_medium,1000,2,evaluation,59,4,-0.131623132177013,-0.3020091058659566,-0.2645208614058987,0.0001444999943487,-0.4336322380429697,-0.3961439935829117,1.0,16.0,18.0,62.5,0.0,0.43,1.2538717541710462,0.0,1000.0,16.0,,,,,,,,,,,,,
ridge_medium,1000,2,evaluation,59,5,-0.131623132177013,-0.4192933330071177,-0.3461735197765694,0.000138125004014,-0.5509164651841307,-0.4777966519535825,1.0,25.0,13.0,40.0,0.0,0.522,1.308502970882036,0.0,1000.0,25.0,,,,,,,,,,,,,
ridge_medium,1000,2,evaluation,59,6,-0.131623132177013,-0.5209050694954775,-0.4301672503656971,0.0001383340277243,-0.6525282016724906,-0.5617903825427102,1.0,36.0,8.0,27.77777777777778,0.0,0.588,1.3336969988233751,0.0,1000.0,36.0,,,,,,,,,,,,,
ridge_medium,1000,2,evaluation,59,7,-0.131623132177013,-0.6448040401028734,-0.5190330350289283,0.0001340830058325,-0.7764271722798864,-0.6506561672059413,1.0,49.0,6.0,20.40816326530612,0.0,0.672,1.405349894266773,0.0,1000.0,49.0,,,,,,,,,,,,,
ridge_medium,1000,2,evaluation,60,1,-0.131623132177013,0.0689453157718636,0.0739485083065402,0.0001352499821223,-0.0626778164051494,-0.0576746238704728,1.0,1.0,1000.0,1000.0,0.0,0.126,1.0715119537459543,0.0,1000.0,1.0,,,,,,,,,,,,,
ridge_medium,1000,2,evaluation,60,2,-0.131623132177013,-0.0597471628481537,-0.0477182202924179,0.0001651670027058,-0.1913702950251667,-0.1793413524694309,1.0,4.0,175.0,250.0,0.0,0.234,1.1293073990778808,0.0,1000.0,4.0,,,,,,,,,,,,,
ridge_medium,1000,2,evaluation,60,3,-0.131623132177013,-0.1833111951806923,-0.1581914913817019,0.0001543749822303,-0.3149343273577054,-0.289814623558715,1.0,9.0,82.0,111.11111111111111,0.0,0.346,1.1956807088812125,0.0,1000.0,9.0,,,,,,,,,,,,,
ridge_medium,1000,2,evaluation,60,4,-0.131623132177013,-0.2849818339928291,-0.2376860587274426,0.000143208017107,-0.4166049661698422,-0.3693091909044557,1.0,16.0,28.0,62.5,0.0,0.431,1.2525317016178728,0.0,1000.0,16.0,,,,,,,,,,,,,
ridge_medium,1000,2,evaluation,60,5,-0.131623132177013,-0.4133788665717869,-0.3449832778356835,0.0001376669970341,-0.5450019987488,-0.4766064100126966,1.0,25.0,18.0,40.0,0.0,0.507,1.2881435476968457,0.0,1000.0,25.0,,,,,,,,,,,,,
ridge_medium,1000,2,evaluation,60,6,-0.131623132177013,-0.5004865133766943,-0.405358262298683,0.0001420420012436,-0.6321096455537073,-0.536981394475696,1.0,36.0,10.0,27.77777777777778,0.0,0.582,1.3515753049436436,0.0,1000.0,36.0,,,,,,,,,,,,,
ridge_medium,1000,2,evaluation,60,7,-0.131623132177013,-0.6583092560938114,-0.5315930036138714,0.0001422089990228,-0.7899323882708245,-0.6632161357908845,1.0,49.0,5.0,20.40816326530612,0.0,0.668,1.4109276955781151,0.0,1000.0,49.0,,,,,,,,,,,,,
ridge_medium,1000,2,evaluation,61,1,-0.131623132177013,0.0661434126958122,0.074174753002345,0.000134000001708,-0.0654797194812008,-0.057448379174668,1.0,1.0,1000.0,1000.0,0.0,0.121,1.0641043594824713,0.0,1000.0,1.0,,,,,,,,,,,,,
ridge_medium,1000,2,evaluation,61,2,-0.131623132177013,-0.0486920509880763,-0.0449260012199835,0.0001631669874768,-0.1803151831650894,-0.1765491333969966,1.0,4.0,177.0,250.0,0.0,0.228,1.1298192297610063,0.0,1000.0,4.0,,,,,,,,,,,,,
ridge_medium,1000,2,evaluation,61,3,-0.131623132177013,-0.1983771844445481,-0.1720897582784171,0.0001552500179968,-0.3300003166215612,-0.3037128904554302,1.0,9.0,64.0,111.11111111111111,0.0,0.342,1.186072371542731,0.0,1000.0,9.0,,,,,,,,,,,,,
ridge_medium,1000,2,evaluation,61,4,-0.131623132177013,-0.3065230800255494,-0.2678372788812467,0.0001414160069543,-0.4381462122025625,-0.3994604110582598,1.0,16.0,24.0,62.5,0.0,0.431,1.2572447105403264,0.0,1000.0,16.0,,,,,,,,,,,,,
ridge_medium,1000,2,evaluation,61,5,-0.131623132177013,-0.4069078096519707,-0.3363828743101027,0.0001415419974364,-0.5385309418289838,-0.4680060064871158,1.0,25.0,13.0,40.0,0.0,0.524,1.3037106744986322,0.0,1000.0,25.0,,,,,,,,,,,,,
ridge_medium,1000,2,evaluation,61,6,-0.131623132177013,-0.522575042415256,-0.4306057360201546,0.0001353329862467,-0.654198174592269,-0.5622288681971677,1.0,36.0,4.0,27.77777777777778,0.0,0.585,1.3685769954868623,0.004,1000.0,36.0,,,,,,,,,,,,,
ridge_medium,1000,2,evaluation,61,7,-0.131623132177013,-0.664609691059859,-0.5505071551087727,0.0001334999979007,-0.7962328232368721,-0.6821302872857857,0.999,49.0,2.0,20.40816326530612,0.0,0.65,1.400592580115892,0.005,999.0,49.0,,,,,,,,,,,,,
ridge_medium,1000,2,evaluation,62,1,-0.131623132177013,0.0686595248796353,0.0804232845884722,0.0001338750007562,-0.0629636072973776,-0.0511998475885407,1.0,1.0,1000.0,1000.0,0.0,0.113,1.0560066387716776,0.0,1000.0,1.0,,,,,,,,,,,,,
ridge_medium,1000,2,evaluation,62,2,-0.131623132177013,-0.050271249433916,-0.0293885529678697,0.0001681249996181,-0.1818943816109291,-0.1610116851448828,1.0,4.0,184.0,250.0,0.0,0.232,1.1249062835914845,0.0,1000.0,4.0,,,,,,,,,,,,,
ridge_medium,1000,2,evaluation,62,3,-0.131623132177013,-0.2247258518736331,-0.1857093651938441,0.0001964170078281,-0.3563489840506462,-0.3173324973708572,1.0,9.0,59.0,111.11111111111111,0.0,0.341,1.187815032147488,0.0,1000.0,9.0,,,,,,,,,,,,,
ridge_medium,1000,2,evaluation,62,4,-0.131623132177013,-0.3021910934445243,-0.2421853288680925,0.0001590419851709,-0.4338142256215374,-0.3738084610451056,1.0,16.0,20.0,62.5,0.0,0.433,1.2344539749661392,0.0,1000.0,16.0,,,,,,,,,,,,,
ridge_medium,1000,2,evaluation,62,5,-0.131623132177013,-0.4108334039183374,-0.3464436401689876,0.0001490839931648,-0.5424565360953505,-0.4780667723460007,1.0,25.0,14.0,40.0,0.0,0.517,1.3066370343466704,0.0,1000.0,25.0,,,,,,,,,,,,,
ridge_medium,1000,2,evaluation,62,6,-0.131623132177013,-0.5449930558524055,-0.4476505139452241,0.0001601249969098,-0.6766161880294186,-0.5792736461222372,1.0,36.0,5.0,27.77777777777778,0.0,0.606,1.3709178899183678,0.0,1000.0,36.0,,,,,,,,,,,,,
ridge_medium,1000,2,evaluation,62,7,-0.131623132177013,-0.6088376303800529,-0.5199492781505131,0.000159084011102,-0.7404607625570659,-0.6515724103275261,1.0,49.0,3.0,20.40816326530612,0.0,0.651,1.4037447248007728,0.007,1000.0,49.0,,,,,,,,,,,,,
ridge_medium,1000,2,evaluation,63,1,-0.131623132177013,0.068183309418034,0.0786854315184149,0.0001432909921277,-0.063439822758979,-0.0529377006585981,1.0,1.0,1000.0,1000.0,0.0,0.125,1.065091471811908,0.0,1000.0,1.0,,,,,,,,,,,,,
ridge_medium,1000,2,evaluation,63,2,-0.131623132177013,-0.0752081879404746,-0.0472544126646596,0.0001714999962132,-0.2068313201174876,-0.1788775448416727,1.0,4.0,158.0,250.0,0.0,0.247,1.1294257717083318,0.0,1000.0,4.0,,,,,,,,,,,,,
ridge_medium,1000,2,evaluation,63,3,-0.131623132177013,-0.2006250119964736,-0.1730800835945594,0.0001606669975444,-0.3322481441734867,-0.3047032157715725,1.0,9.0,78.0,111.11111111111111,0.0,0.334,1.1821179992070103,0.0,1000.0,9.0,,,,,,,,,,,,,
ridge_medium,1000,2,evaluation,63,4,-0.131623132177013,-0.309469516311082,-0.2546358286511416,0.0001500410144217,-0.4410926484880951,-0.3862589608281547,1.0,16.0,21.0,62.5,0.0,0.431,1.2419001421080824,0.0,1000.0,16.0,,,,,,,,,,,,,
ridge_medium,1000,2,evaluation,63,5,-0.131623132177013,-0.4034833736170682,-0.3279397958133188,0.000145457976032,-0.5351065057940813,-0.4595629279903318,1.0,25.0,15.0,40.0,0.0,0.502,1.2858673797913371,0.0,1000.0,25.0,,,,,,,,,,,,,
ridge_medium,1000,2,evaluation,63,6,-0.131623132177013,-0.5310534881255001,-0.4382076517023616,0.0001446249953005,-0.6626766203025132,-0.5698307838793747,1.0,36.0,7.0,27.77777777777778,0.0,0.588,1.3549691807757047,0.0,1000.0,36.0,,,,,,,,,,,,,
ridge_medium,1000,2,evaluation,63,7,-0.131623132177013,-0.6764756699448834,-0.5478336735502038,0.0001393750135321,-0.8080988021218964,-0.6794568057272169,1.0,49.0,3.0,20.40816326530612,0.0,0.661,1.4172911870244147,0.007,1000.0,49.0,,,,,,,,,,,,,
ridge_medium,1000,2,evaluation,64,1,-0.131623132177013,0.0661657637698919,0.076783769086498,0.0001392909907735,-0.065457368407121,-0.054839363090515,1.0,1.0,1000.0,1000.0,0.0,0.123,1.0652627455892942,0.0,1000.0,1.0,,,,,,,,,,,,,
ridge_medium,1000,2,evaluation,64,2,-0.131623132177013,-0.0646333567199153,-0.0393935153614893,0.0001700000138953,-0.1962564888969284,-0.1710166475385024,1.0,4.0,171.0,250.0,0.0,0.23,1.1245821916633694,0.0,1000.0,4.0,,,,,,,,,,,,,
ridge_medium,1000,2,evaluation,64,3,-0.131623132177013,-0.210466935351049,-0.1818840569158785,0.0001572920009493,-0.3420900675280621,-0.3135071890928916,1.0,9.0,69.0,111.11111111111111,0.0,0.331,1.1866436405797276,0.0,1000.0,9.0,,,,,,,,,,,,,
ridge_medium,1000,2,evaluation,64,4,-0.131623132177013,-0.3171324196765708,-0.2741920931354189,0.0001496660115662,-0.4487555518535838,-0.405815225312432,1.0,16.0,19.0,62.5,0.0,0.428,1.252708336905639,0.0,1000.0,16.0,,,,,,,,,,,,,
ridge_medium,1000,2,evaluation,64,5,-0.131623132177013,-0.4443930158432061,-0.3697944123127998,0.0001426249800715,-0.5760161480202192,-0.5014175444898129,1.0,25.0,13.0,40.0,0.0,0.504,1.298457304404843,0.0,1000.0,25.0,,,,,,,,,,,,,
ridge_medium,1000,2,evaluation,64,6,-0.131623132177013,-0.5308142720874481,-0.4427607594831323,0.0001409589895047,-0.6624374042644612,-0.5743838916601454,1.0,36.0,4.0,27.77777777777778,0.0,0.592,1.3531911097134115,0.004,1000.0,36.0,,,,,,,,,,,,,
ridge_medium,1000,2,evaluation,64,7,-0.131623132177013,-0.6981629162626968,-0.5768284182535108,0.0001392079866491,-0.8297860484397098,-0.7084515504305239,1.0,49.0,3.0,20.40816326530612,0.0,0.672,1.4281201116470563,0.007,1000.0,49.0,,,,,,,,,,,,,
ridge_medium,1000,2,evaluation,65,1,-0.131623132177013,0.0653538001188312,0.0804039351935919,0.0001539170043542,-0.0662693320581818,-0.051219196983421,1.0,1.0,1000.0,1000.0,0.0,0.118,1.0559226872037035,0.0,1000.0,1.0,,,,,,,,,,,,,
ridge_medium,1000,2,evaluation,65,2,-0.131623132177013,-0.0669268388750323,-0.0392794600623881,0.000183249998372,-0.1985499710520454,-0.1709025922394011,1.0,4.0,178.0,250.0,0.0,0.238,1.1260499741196914,0.0,1000.0,4.0,,,,,,,,,,,,,
ridge_medium,1000,2,evaluation,65,3,-0.131623132177013,-0.2286193489424413,-0.1836786191381385,0.0001709999924059,-0.3602424811194544,-0.3153017513151516,1.0,9.0,62.0,111.11111111111111,0.0,0.35,1.192668810651459,0.0,1000.0,9.0,,,,,,,,,,,,,
ridge_medium,1000,2,evaluation,65,4,-0.131623132177013,-0.3218471371962027,-0.2875843170942652,0.0001527499989606,-0.4534702693732158,-0.4192074492712783,1.0,16.0,25.0,62.5,0.0,0.427,1.255267511101554,0.0,1000.0,16.0,,,,,,,,,,,,,
ridge_medium,1000,2,evaluation,65,5,-0.131623132177013,-0.4446833686296683,-0.3621360428091176,0.0001474999880883,-0.5763065008066813,-0.4937591749861307,1.0,25.0,15.0,40.0,0.0,0.508,1.295672444926348,0.0,1000.0,25.0,,,,,,,,,,,,,
ridge_medium,1000,2,evaluation,65,6,-0.131623132177013,-0.5369237466689832,-0.4537943989555547,0.0001461250067222,-0.6685468788459963,-0.5854175311325678,1.0,36.0,8.0,27.77777777777778,0.0,0.579,1.37487988260288,0.0,1000.0,36.0,,,,,,,,,,,,,
ridge_medium,1000,2,evaluation,65,7,-0.131623132177013,-0.6630208696046334,-0.5638214421534318,0.0001455829769838,-0.7946440017816464,-0.6954445743304448,1.0,49.0,5.0,20.40816326530612,0.0,0.652,1.4224762942413798,0.0,1000.0,49.0,,,,,,,,,,,,,
ridge_medium,1000,2,evaluation,66,1,-0.131623132177013,0.0587244244435377,0.0725120107634933,0.0001413749996572,-0.0728987077334753,-0.0591111214135196,1.0,1.0,1000.0,1000.0,0.0,0.128,1.0592011674714783,0.0,1000.0,1.0,,,,,,,,,,,,,
ridge_medium,1000,2,evaluation,66,2,-0.131623132177013,-0.1106465459974523,-0.082134991374775,0.0001698330161161,-0.2422696781744654,-0.2137581235517881,1.0,4.0,146.0,250.0,0.0,0.246,1.128522357222406,0.0,1000.0,4.0,,,,,,,,,,,,,
ridge_medium,1000,2,evaluation,66,3,-0.131623132177013,-0.2136148054800442,-0.1823737920393835,0.0001558329968247,-0.3452379376570573,-0.3139969242163966,1.0,9.0,66.0,111.11111111111111,0.0,0.334,1.1897193531750752,0.0,1000.0,9.0,,,,,,,,,,,,,
ridge_medium,1000,2,evaluation,66,4,-0.131623132177013,-0.3154216754633885,-0.26486512753328,0.0001472919830121,-0.4470448076404016,-0.3964882597102931,1.0,16.0,23.0,62.5,0.0,0.423,1.244486597443747,0.0,1000.0,16.0,,,,,,,,,,,,,
ridge_medium,1000,2,evaluation,66,5,-0.131623132177013,-0.4253684160060134,-0.3635831353133578,0.0001452500000596,-0.5569915481830264,-0.4952062674903709,1.0,25.0,11.0,40.0,0.0,0.495,1.309696351374087,0.0,1000.0,25.0,,,,,,,,,,,,,
ridge_medium,1000,2,evaluation,66,6,-0.131623132177013,-0.5418289175600512,-0.4499964022767095,0.0001415419974364,-0.6734520497370643,-0.5816195344537226,1.0,36.0,3.0,27.77777777777778,0.0,0.582,1.3499531551441772,0.003,1000.0,36.0,,,,,,,,,,,,,
ridge_medium,1000,2,evaluation,66,7,-0.131623132177013,-0.6695469875786334,-0.5559906349196747,0.0001381659822072,-0.8011701197556464,-0.6876137670966878,0.999,49.0,2.0,20.40816326530612,0.0,0.622,1.397267797051749,0.01,999.0,49.0,,,,,,,,,,,,,
ridge_medium,1000,2,evaluation,67,1,-0.131623132177013,0.063808103087459,0.076270520296417,0.0001502920058555,-0.067815029089554,-0.055352611880596,1.0,1.0,1000.0,1000.0,0.0,0.123,1.0633750296311968,0.0,1000.0,1.0,,,,,,,,,,,,,
ridge_medium,1000,2,evaluation,67,2,-0.131623132177013,-0.0607925351985961,-0.040126806869229,0.0001749999937601,-0.1924156673756092,-0.1717499390462421,1.0,4.0,163.0,250.0,0.0,0.23,1.1226349012784624,0.0,1000.0,4.0,,,,,,,,,,,,,
ridge_medium,1000,2,evaluation,67,3,-0.131623132177013,-0.2491242212152833,-0.2171974203794093,0.0001629999896977,-0.3807473533922964,-0.3488205525564224,1.0,9.0,78.0,111.11111111111111,0.0,0.34,1.192579591502288,0.0,1000.0,9.0,,,,,,,,,,,,,
ridge_medium,1000,2,evaluation,67,4,-0.131623132177013,-0.3143582093656263,-0.2680238465338682,0.0001500829821452,-0.4459813415426393,-0.3996469787108813,1.0,16.0,18.0,62.5,0.0,0.43,1.2423562233581031,0.0,1000.0,16.0,,,,,,,,,,,,,
ridge_medium,1000,2,evaluation,67,5,-0.131623132177013,-0.4374872787033675,-0.3708488356751416,0.0001454160083085,-0.5691104108803806,-0.5024719678521546,1.0,25.0,9.0,40.0,0.0,0.504,1.297929795466987,0.0,1000.0,25.0,,,,,,,,,,,,,
ridge_medium,1000,2,evaluation,67,6,-0.131623132177013,-0.5602726327469848,-0.4714073851417695,0.0001462080108467,-0.6918957649239978,-0.6030305173187825,1.0,36.0,5.0,27.77777777777778,0.0,0.581,1.3539675229404653,0.0,1000.0,36.0,,,,,,,,,,,,,
ridge_medium,1000,2,evaluation,67,7,-0.131623132177013,-0.6843435002300859,-0.5560236458511527,0.0001443749933969,-0.815966632407099,-0.6876467780281658,0.998,49.0,2.0,20.40816326530612,0.0,0.643,1.4160183503038493,0.009,998.0,49.0,,,,,,,,,,,,,
ridge_medium,1000,2,evaluation,68,1,-0.131623132177013,0.0535066807399018,0.0666867213167737,0.0001364170166198,-0.0781164514371112,-0.0649364108602393,1.0,1.0,1000.0,1000.0,0.0,0.124,1.059349619447366,0.0,1000.0,1.0,,,,,,,,,,,,,
ridge_medium,1000,2,evaluation,68,2,-0.131623132177013,-0.0732400241020892,-0.0509349309708365,0.0001669159973971,-0.2048631562791023,-0.1825580631478496,1.0,4.0,178.0,250.0,0.0,0.221,1.1202171543496968,0.0,1000.0,4.0,,,,,,,,,,,,,
ridge_medium,1000,2,evaluation,68,3,-0.131623132177013,-0.1834153435240048,-0.156512527789885,0.0001585419813636,-0.3150384757010179,-0.2881356599668981,1.0,9.0,83.0,111.11111111111111,0.0,0.338,1.1937834466247743,0.0,1000.0,9.0,,,,,,,,,,,,,
ridge_medium,1000,2,evaluation,68,4,-0.131623132177013,-0.3051189219932972,-0.2493825785561066,0.0001557499927002,-0.4367420541703103,-0.3810057107331197,1.0,16.0,25.0,62.5,0.0,0.412,1.2404731777250462,0.0,1000.0,16.0,,,,,,,,,,,,,
ridge_medium,1000,2,evaluation,68,5,-0.131623132177013,-0.4147706611037928,-0.3223986701623174,0.0001415830047335,-0.5463937932808058,-0.4540218023393304,1.0,25.0,12.0,40.0,0.0,0.526,1.2985679774354932,0.0,1000.0,25.0,,,,,,,,,,,,,
ridge_medium,1000,2,evaluation,68,6,-0.131623132177013,-0.5100296862405099,-0.4279805747467027,0.0001415830047335,-0.641652818417523,-0.5596037069237157,1.0,36.0,9.0,27.77777777777778,0.0,0.592,1.366885203556194,0.0,1000.0,36.0,,,,,,,,,,,,,
ridge_medium,1000,2,evaluation,68,7,-0.131623132177013,-0.6812117060328099,-0.5623498144623982,0.0001398340100422,-0.8128348382098229,-0.6939729466394112,1.0,49.0,4.0,20.40816326530612,0.0,0.66,1.4217240784104066,0.004,1000.0,49.0,,,,,,,,,,,,,
ridge_medium,1000,2,evaluation,69,1,-0.131623132177013,0.0588993704386987,0.07410734451234,0.0001385409850627,-0.0727237617383143,-0.057515787664673,1.0,1.0,1000.0,1000.0,0.0,0.122,1.063431033981734,0.0,1000.0,1.0,,,,,,,,,,,,,
ridge_medium,1000,2,evaluation,69,2,-0.131623132177013,-0.0717604857972616,-0.0524692557519122,0.0001700420107226,-0.2033836179742747,-0.1840923879289253,1.0,4.0,167.0,250.0,0.0,0.245,1.128775343103824,0.0,1000.0,4.0,,,,,,,,,,,,,
ridge_medium,1000,2,evaluation,69,3,-0.131623132177013,-0.2196252530052444,-0.1661671310878726,0.0001595829962752,-0.3512483851822575,-0.2977902632648857,1.0,9.0,76.0,111.11111111111111,0.0,0.339,1.1885767670782883,0.0,1000.0,9.0,,,,,,,,,,,,,
ridge_medium,1000,2,evaluation,69,4,-0.131623132177013,-0.337428024018642,-0.2828292708107441,0.0001451249991077,-0.4690511561956551,-0.4144524029877572,1.0,16.0,21.0,62.5,0.0,0.435,1.250794602835211,0.0,1000.0,16.0,,,,,,,,,,,,,
ridge_medium,1000,2,evaluation,69,5,-0.131623132177013,-0.4373848161306407,-0.3465179187281563,0.0001409579999744,-0.5690079483076538,-0.4781410509051694,1.0,25.0,14.0,40.0,0.0,0.503,1.2981209567502463,0.0,1000.0,25.0,,,,,,,,,,,,,
ridge_medium,1000,2,evaluation,69,6,-0.131623132177013,-0.5179425601654292,-0.434910834086108,0.0001409579999744,-0.6495656923424422,-0.566533966263121,1.0,36.0,7.0,27.77777777777778,0.0,0.583,1.3575253861417953,0.0,1000.0,36.0,,,,,,,,,,,,,
ridge_medium,1000,2,evaluation,69,7,-0.131623132177013,-0.6700629676294728,-0.5475896247559541,0.0001366669894196,-0.8016860998064859,-0.6792127569329671,1.0,49.0,5.0,20.40816326530612,0.0,0.674,1.4225354939534949,0.0,1000.0,49.0,,,,,,,,,,,,,
ridge_medium,1000,2,evaluation,70,1,-0.131623132177013,0.0688311131640977,0.0779047189218531,0.0001374580024275,-0.0627920190129153,-0.0537184132551599,1.0,1.0,1000.0,1000.0,0.0,0.118,1.062159307116586,0.0,1000.0,1.0,,,,,,,,,,,,,
ridge_medium,1000,2,evaluation,70,2,-0.131623132177013,-0.0698150205394831,-0.052597536501022,0.0001672090147621,-0.2014381527164962,-0.1842206686780351,1.0,4.0,168.0,250.0,0.0,0.235,1.116883688876242,0.0,1000.0,4.0,,,,,,,,,,,,,
ridge_medium,1000,2,evaluation,70,3,-0.131623132177013,-0.2370411272089765,-0.1963567658549087,0.000215083011426,-0.3686642593859896,-0.3279798980319218,1.0,9.0,72.0,111.11111111111111,0.0,0.336,1.1865501743937124,0.0,1000.0,9.0,,,,,,,,,,,,,
ridge_medium,1000,2,evaluation,70,4,-0.131623132177013,-0.3271147670378213,-0.2708909504857374,0.0001464579836465,-0.4587378992148344,-0.4025140826627505,1.0,16.0,19.0,62.5,0.0,0.435,1.2414668049922382,0.0,1000.0,16.0,,,,,,,,,,,,,
ridge_medium,1000,2,evaluation,70,5,-0.131623132177013,-0.437030293613402,-0.3646285773853295,0.0001420830085407,-0.5686534257904151,-0.4962517095623425,1.0,25.0,15.0,40.0,0.0,0.517,1.3113379915401528,0.0,1000.0,25.0,,,,,,,,,,,,,
ridge_medium,1000,2,evaluation,70,6,-0.131623132177013,-0.5234825215874348,-0.4298838007685027,0.0001412919955328,-0.6551056537644478,-0.5615069329455158,1.0,36.0,4.0,27.77777777777778,0.0,0.59,1.3479746535090615,0.004,1000.0,36.0,,,,,,,,,,,,,
ridge_medium,1000,2,evaluation,70,7,-0.131623132177013,-0.6535477842979217,-0.5448451250334468,0.0001371250255033,-0.7851709164749348,-0.6764682572104599,1.0,49.0,3.0,20.40816326530612,0.0,0.654,1.4198553790500934,0.003,1000.0,49.0,,,,,,,,,,,,,
ridge_medium,1000,2,evaluation,71,1,-0.131623132177013,0.0519660885308604,0.0661178577463761,0.0001349579833913,-0.0796570436461526,-0.0655052744306369,1.0,1.0,1000.0,1000.0,0.0,0.129,1.0660517472023734,0.0,1000.0,1.0,,,,,,,,,,,,,
ridge_medium,1000,2,evaluation,71,2,-0.131623132177013,-0.0978617613498542,-0.0661061900631,0.000165334000485,-0.2294848935268673,-0.1977293222401131,1.0,4.0,163.0,250.0,0.0,0.244,1.1224334078887923,0.0,1000.0,4.0,,,,,,,,,,,,,
ridge_medium,1000,2,evaluation,71,3,-0.131623132177013,-0.2198090823912946,-0.1822024714554115,0.0001612909836694,-0.3514322145683077,-0.3138256036324246,1.0,9.0,69.0,111.11111111111111,0.0,0.341,1.1909543956499795,0.0,1000.0,9.0,,,,,,,,,,,,,
ridge_medium,1000,2,evaluation,71,4,-0.131623132177013,-0.3262310707510814,-0.2690578309682436,0.0001441670174244,-0.4578542029280945,-0.4006809631452567,1.0,16.0,21.0,62.5,0.0,0.436,1.2489045804789685,0.0,1000.0,16.0,,,,,,,,,,,,,
ridge_medium,1000,2,evaluation,71,5,-0.131623132177013,-0.435371805886422,-0.3593042280857716,0.0001453750010114,-0.566994938063435,-0.4909273602627848,1.0,25.0,15.0,40.0,0.0,0.526,1.3103950984803427,0.0,1000.0,25.0,,,,,,,,,,,,,
ridge_medium,1000,2,evaluation,71,6,-0.131623132177013,-0.514157001850933,-0.4235731847469608,0.0001484579988755,-0.6457801340279461,-0.5551963169239739,1.0,36.0,6.0,27.77777777777778,0.0,0.572,1.350767193766144,0.0,1000.0,36.0,,,,,,,,,,,,,
ridge_medium,1000,2,evaluation,71,7,-0.131623132177013,-0.6656024725237301,-0.5232867312003483,0.0001366669894196,-0.7972256047007431,-0.6549098633773613,1.0,49.0,4.0,20.40816326530612,0.0,0.641,1.4074491969983065,0.004,1000.0,49.0,,,,,,,,,,,,,
ridge_medium,1000,2,evaluation,72,1,-0.131623132177013,0.0732228438188354,0.0823452880640445,0.0001439580228179,-0.0584002883581776,-0.0492778441129685,1.0,1.0,1000.0,1000.0,0.0,0.123,1.059242181956904,0.0,1000.0,1.0,,,,,,,,,,,,,
ridge_medium,1000,2,evaluation,72,2,-0.131623132177013,-0.059916618778446,-0.0359509299948867,0.0001734160177875,-0.191539750955459,-0.1675740621718998,1.0,4.0,171.0,250.0,0.0,0.247,1.1317901634745595,0.0,1000.0,4.0,,,,,,,,,,,,,
ridge_medium,1000,2,evaluation,72,3,-0.131623132177013,-0.1787867897792534,-0.1525082471639872,0.0001608750026207,-0.3104099219562665,-0.2841313793410003,1.0,9.0,79.0,111.11111111111111,0.0,0.33,1.1852351187081436,0.0,1000.0,9.0,,,,,,,,,,,,,
ridge_medium,1000,2,evaluation,72,4,-0.131623132177013,-0.3039487536955153,-0.2436781623467459,0.0001495420001447,-0.4355718858725284,-0.375301294523759,1.0,16.0,23.0,62.5,0.0,0.431,1.2435869448782069,0.0,1000.0,16.0,,,,,,,,,,,,,
ridge_medium,1000,2,evaluation,72,5,-0.131623132177013,-0.363906549487316,-0.3017457326050435,0.0002239579916931,-0.4955296816643291,-0.4333688647820566,1.0,25.0,16.0,40.0,0.0,0.525,1.3155194361980072,0.0,1000.0,25.0,,,,,,,,,,,,,
ridge_medium,1000,2,evaluation,72,6,-0.131623132177013,-0.4932495331732216,-0.4114923277321903,0.000163832999533,-0.6248726653502347,-0.5431154599092034,1.0,36.0,9.0,27.77777777777778,0.0,0.609,1.360851586601217,0.0,1000.0,36.0,,,,,,,,,,,,,
ridge_medium,1000,2,evaluation,72,7,-0.131623132177013,-0.6205282339252528,-0.5051345258843395,0.0001409169926773,-0.7521513661022659,-0.6367576580613525,1.0,49.0,6.0,20.40816326530612,0.0,0.654,1.4058009933190152,0.0,1000.0,49.0,,,,,,,,,,,,,
ridge_medium,1000,2,evaluation,73,1,-0.131623132177013,0.075409001480153,0.0817295946723176,0.0001376250002067,-0.0562141306968599,-0.0498935375046954,1.0,1.0,1000.0,1000.0,0.0,0.122,1.0600562624728709,0.0,1000.0,1.0,,,,,,,,,,,,,
ridge_medium,1000,2,evaluation,73,2,-0.131623132177013,-0.0621884817510073,-0.047862768559759,0.0001702499866951,-0.1938116139280204,-0.1794859007367721,1.0,4.0,176.0,250.0,0.0,0.227,1.120732322831088,0.0,1000.0,4.0,,,,,,,,,,,,,
ridge_medium,1000,2,evaluation,73,3,-0.131623132177013,-0.1739260255200868,-0.1536234066716451,0.0001582500117365,-0.3055491576970999,-0.2852465388486582,1.0,9.0,70.0,111.11111111111111,0.0,0.319,1.182994842860374,0.0,1000.0,9.0,,,,,,,,,,,,,
ridge_medium,1000,2,evaluation,73,4,-0.131623132177013,-0.2735415565237382,-0.2193981237214244,0.0001475000171922,-0.4051646887007513,-0.3510212558984374,1.0,16.0,27.0,62.5,0.0,0.444,1.2385946923862798,0.0,1000.0,16.0,,,,,,,,,,,,,
ridge_medium,1000,2,evaluation,73,5,-0.131623132177013,-0.3992554521088081,-0.3264028133188341,0.0001415839942637,-0.5308785842858211,-0.4580259454958472,1.0,25.0,17.0,40.0,0.0,0.509,1.2995755313239827,0.0,1000.0,25.0,,,,,,,,,,,,,
ridge_medium,1000,2,evaluation,73,6,-0.131623132177013,-0.4946778325911104,-0.4095148593631658,0.0001422080094926,-0.6263009647681235,-0.5411379915401788,1.0,36.0,8.0,27.77777777777778,0.0,0.569,1.3493616365886087,0.0,1000.0,36.0,,,,,,,,,,,,,
ridge_medium,1000,2,evaluation,73,7,-0.131623132177013,-0.5915178381092394,-0.4732910569840763,0.000135540991323,-0.7231409702862525,-0.6049141891610894,1.0,49.0,5.0,20.40816326530612,0.0,0.669,1.4117068457381323,0.0,1000.0,49.0,,,,,,,,,,,,,
ridge_medium,1000,2,evaluation,74,1,-0.131623132177013,0.0615004986062378,0.0764395049150436,0.0001356670109089,-0.0701226335707752,-0.0551836272619694,1.0,1.0,1000.0,1000.0,0.0,0.121,1.0618507264476562,0.0,1000.0,1.0,,,,,,,,,,,,,
ridge_medium,1000,2,evaluation,74,2,-0.131623132177013,-0.0574617433018249,-0.0423149824839733,0.0001695840037427,-0.189084875478838,-0.1739381146609864,1.0,4.0,175.0,250.0,0.0,0.231,1.1234082306669555,0.0,1000.0,4.0,,,,,,,,,,,,,
ridge_medium,1000,2,evaluation,74,3,-0.131623132177013,-0.2046460960605234,-0.1727284361960398,0.0001579169766046,-0.3362692282375364,-0.3043515683730529,1.0,9.0,74.0,111.11111111111111,0.0,0.325,1.183565644318784,0.0,1000.0,9.0,,,,,,,,,,,,,
ridge_medium,1000,2,evaluation,74,4,-0.131623132177013,-0.3034467150095981,-0.2464639346651644,0.0001449169940315,-0.4350698471866111,-0.3780870668421775,1.0,16.0,24.0,62.5,0.0,0.427,1.2424230077045777,0.0,1000.0,16.0,,,,,,,,,,,,,
ridge_medium,1000,2,evaluation,74,5,-0.131623132177013,-0.392081525937487,-0.3379528093087601,0.0001433749857824,-0.5237046581145001,-0.4695759414857732,1.0,25.0,16.0,40.0,0.0,0.496,1.3143211023515622,0.0,1000.0,25.0,,,,,,,,,,,,,
ridge_medium,1000,2,evaluation,74,6,-0.131623132177013,-0.5124236976990942,-0.4205423518824297,0.0001417500025127,-0.6440468298761073,-0.5521654840594428,1.0,36.0,7.0,27.77777777777778,0.0,0.579,1.3410128322248955,0.0,1000.0,36.0,,,,,,,,,,,,,
ridge_medium,1000,2,evaluation,74,7,-0.131623132177013,-0.6438541568751512,-0.5270167304786637,0.0001451249991077,-0.7754772890521643,-0.6586398626556768,1.0,49.0,6.0,20.40816326530612,0.0,0.641,1.418958056752423,0.0,1000.0,49.0,,,,,,,,,,,,,
ridge_medium,1000,2,evaluation,75,1,-0.131623132177013,0.0660130227241519,0.0713293723359843,0.0001372499973513,-0.065610109452861,-0.0602937598410287,1.0,1.0,1000.0,1000.0,0.0,0.12,1.067492160631292,0.0,1000.0,1.0,,,,,,,,,,,,,
ridge_medium,1000,2,evaluation,75,2,-0.131623132177013,-0.063229210680224,-0.0423983356685987,0.0001682919973973,-0.1948523428572371,-0.1740214678456118,1.0,4.0,181.0,250.0,0.0,0.237,1.1280593983130374,0.0,1000.0,4.0,,,,,,,,,,,,,
ridge_medium,1000,2,evaluation,75,3,-0.131623132177013,-0.2131051627344194,-0.1709925693176261,0.0001601669937372,-0.3447282949114325,-0.3026157014946392,1.0,9.0,81.0,111.11111111111111,0.0,0.33,1.1795537577394015,0.0,1000.0,9.0,,,,,,,,,,,,,
ridge_medium,1000,2,evaluation,75,4,-0.131623132177013,-0.3045876816679849,-0.2561328177789292,0.0001482079969719,-0.4362108138449979,-0.3877559499559423,1.0,16.0,17.0,62.5,0.0,0.445,1.2520375820656235,0.0,1000.0,16.0,,,,,,,,,,,,,
ridge_medium,1000,2,evaluation,75,5,-0.131623132177013,-0.3943332717495562,-0.3204091072821527,0.0001462080108467,-0.5259564039265693,-0.4520322394591658,1.0,25.0,16.0,40.0,0.0,0.525,1.3088302891834935,0.0,1000.0,25.0,,,,,,,,,,,,,
ridge_medium,1000,2,evaluation,75,6,-0.131623132177013,-0.5196287316862735,-0.4365814449571461,0.0001417080056853,-0.6512518638632866,-0.5682045771341592,1.0,36.0,6.0,27.77777777777778,0.0,0.566,1.3642243692212146,0.0,1000.0,36.0,,,,,,,,,,,,,
ridge_medium,1000,2,evaluation,75,7,-0.131623132177013,-0.62271278705982,-0.4970613359998999,0.0001376659784,-0.7543359192368331,-0.6286844681769129,1.0,49.0,5.0,20.40816326530612,0.0,0.649,1.4033247495841283,0.0,1000.0,49.0,,,,,,,,,,,,,
ridge_medium,1000,2,evaluation,76,1,-0.131623132177013,0.0695010855903905,0.0717224198096576,0.0001367079967167,-0.0621220465866225,-0.0599007123673554,1.0,1.0,1000.0,1000.0,0.0,0.106,1.0654072524135427,0.0,1000.0,1.0,,,,,,,,,,,,,
ridge_medium,1000,2,evaluation,76,2,-0.131623132177013,-0.0744814700775549,-0.0609065283599278,0.0001787079963833,-0.206104602254568,-0.1925296605369408,1.0,4.0,157.0,250.0,0.0,0.23,1.1256664819463722,0.0,1000.0,4.0,,,,,,,,,,,,,
ridge_medium,1000,2,evaluation,76,3,-0.131623132177013,-0.1995652477427771,-0.1783159426735051,0.0001569169980939,-0.3311883799197901,-0.3099390748505182,1.0,9.0,74.0,111.11111111111111,0.0,0.321,1.1985536304950668,0.0,1000.0,9.0,,,,,,,,,,,,,
ridge_medium,1000,2,evaluation,76,4,-0.131623132177013,-0.30372735351102,-0.2565179240795668,0.0001457500038668,-0.4353504856880331,-0.3881410562565799,1.0,16.0,20.0,62.5,0.0,0.405,1.239638320426673,0.0,1000.0,16.0,,,,,,,,,,,,,
ridge_medium,1000,2,evaluation,76,5,-0.131623132177013,-0.3896716769104124,-0.3289428506205102,0.0001404169888701,-0.5212948090874254,-0.4605659827975233,1.0,25.0,13.0,40.0,0.0,0.488,1.296135797034751,0.0,1000.0,25.0,,,,,,,,,,,,,
ridge_medium,1000,2,evaluation,76,6,-0.131623132177013,-0.5552201610863127,-0.4656770859922711,0.0001436670136172,-0.6868432932633257,-0.5973002181692841,1.0,36.0,7.0,27.77777777777778,0.0,0.588,1.358375277557902,0.0,1000.0,36.0,,,,,,,,,,,,,
ridge_medium,1000,2,evaluation,76,7,-0.131623132177013,-0.6502516698633296,-0.5603649689676198,0.000135832990054,-0.7818748020403427,-0.6919881011446328,1.0,49.0,3.0,20.40816326530612,0.0,0.647,1.4298959228503358,0.011,1000.0,49.0,,,,,,,,,,,,,
ridge_medium,1000,2,evaluation,77,1,-0.131623132177013,0.0677991084700222,0.0771283897001988,0.0001395420113112,-0.0638240237069908,-0.0544947424768142,1.0,1.0,1000.0,1000.0,0.0,0.114,1.0630687194270376,0.0,1000.0,1.0,,,,,,,,,,,,,
ridge_medium,1000,2,evaluation,77,2,-0.131623132177013,-0.0673722594223221,-0.0501025001283496,0.0001655420055612,-0.1989953915993352,-0.1817256323053627,1.0,4.0,169.0,250.0,0.0,0.223,1.128544472283445,0.0,1000.0,4.0,,,,,,,,,,,,,
ridge_medium,1000,2,evaluation,77,3,-0.131623132177013,-0.2087117975892166,-0.1852751598821175,0.0001570410095155,-0.3403349297662297,-0.3168982920591306,1.0,9.0,73.0,111.11111111111111,0.0,0.335,1.2019582440653298,0.0,1000.0,9.0,,,,,,,,,,,,,
ridge_medium,1000,2,evaluation,77,4,-0.131623132177013,-0.3108884446488745,-0.2607495911149742,0.0001470419811084,-0.4425115768258876,-0.3923727232919873,1.0,16.0,17.0,62.5,0.0,0.437,1.2515806195593684,0.0,1000.0,16.0,,,,,,,,,,,,,
ridge_medium,1000,2,evaluation,77,5,-0.131623132177013,-0.4103656101597521,-0.3542524783465381,0.0001431250129826,-0.5419887423367652,-0.4858756105235512,1.0,25.0,14.0,40.0,0.0,0.502,1.3151910885949776,0.0,1000.0,25.0,,,,,,,,,,,,,
ridge_medium,1000,2,evaluation,77,6,-0.131623132177013,-0.5126284320688772,-0.4410792983168716,0.0001412080018781,-0.6442515642458903,-0.5727024304938847,1.0,36.0,4.0,27.77777777777778,0.0,0.577,1.3632001908549984,0.008,1000.0,36.0,,,,,,,,,,,,,
ridge_medium,1000,2,evaluation,77,7,-0.131623132177013,-0.6485111015229729,-0.5523615645546589,0.000137833005283,-0.7801342336999859,-0.683984696731672,1.0,49.0,4.0,20.40816326530612,0.0,0.634,1.416821952869121,0.004,1000.0,49.0,,,,,,,,,,,,,
ridge_medium,1000,2,evaluation,78,1,-0.131623132177013,0.0681656483769909,0.0804584484201793,0.0001377500011585,-0.0634574838000221,-0.0511646837568336,1.0,1.0,1000.0,1000.0,0.0,0.109,1.0598665430339609,0.0,1000.0,1.0,,,,,,,,,,,,,
ridge_medium,1000,2,evaluation,78,2,-0.131623132177013,-0.052199587541131,-0.035205995380116,0.000166582991369,-0.1838227197181441,-0.1668291275571291,1.0,4.0,179.0,250.0,0.0,0.225,1.1242110592860746,0.0,1000.0,4.0,,,,,,,,,,,,,
ridge_medium,1000,2,evaluation,78,3,-0.131623132177013,-0.1903430418524711,-0.1639083222140163,0.0001587090082466,-0.3219661740294842,-0.2955314543910294,1.0,9.0,79.0,111.11111111111111,0.0,0.338,1.1889856692971563,0.0,1000.0,9.0,,,,,,,,,,,,,
ridge_medium,1000,2,evaluation,78,4,-0.131623132177013,-0.2763500982778553,-0.2283050378609944,0.0001463750086259,-0.4079732304548683,-0.3599281700380075,1.0,16.0,30.0,62.5,0.0,0.44,1.2566680065026847,0.0,1000.0,16.0,,,,,,,,,,,,,
ridge_medium,1000,2,evaluation,78,5,-0.131623132177013,-0.3709614354576778,-0.3129163021640707,0.0001423329813405,-0.5025845676346908,-0.4445394343410838,1.0,25.0,16.0,40.0,0.0,0.527,1.3016731416523863,0.0,1000.0,25.0,,,,,,,,,,,,,
ridge_medium,1000,2,evaluation,78,6,-0.131623132177013,-0.5140826238612439,-0.4330256775614198,0.0001398750173393,-0.645705756038257,-0.5646488097384329,1.0,36.0,5.0,27.77777777777778,0.0,0.582,1.3606372556729016,0.0,1000.0,36.0,,,,,,,,,,,,,
ridge_medium,1000,2,evaluation,78,7,-0.131623132177013,-0.6502038394914527,-0.5257177366860881,0.0001347500074189,-0.7818269716684657,-0.6573408688631012,1.0,49.0,7.0,20.40816326530612,0.0,0.658,1.4152158466886935,0.0,1000.0,49.0,,,,,,,,,,,,,
ridge_medium,1000,2,evaluation,79,1,-0.131623132177013,0.0590836874766295,0.0660106932335064,0.0001336669956799,-0.0725394447003835,-0.0656124389435066,1.0,1.0,1000.0,1000.0,0.0,0.118,1.065431321009593,0.0,1000.0,1.0,,,,,,,,,,,,,
ridge_medium,1000,2,evaluation,79,2,-0.131623132177013,-0.0883995815427848,-0.065201203668226,0.0001668329932726,-0.2200227137197979,-0.1968243358452391,1.0,4.0,154.0,250.0,0.0,0.237,1.1299813634240672,0.0,1000.0,4.0,,,,,,,,,,,,,
ridge_medium,1000,2,evaluation,79,3,-0.131623132177013,-0.2151718792210134,-0.1690777591095447,0.0001587090082466,-0.3467950113980265,-0.3007008912865578,1.0,9.0,75.0,111.11111111111111,0.0,0.321,1.1791577275599991,0.0,1000.0,9.0,,,,,,,,,,,,,
ridge_medium,1000,2,evaluation,79,4,-0.131623132177013,-0.3316028124614377,-0.2631140310315649,0.0001586670114193,-0.4632259446384508,-0.394737163208578,1.0,16.0,26.0,62.5,0.0,0.425,1.2333849184817418,0.0,1000.0,16.0,,,,,,,,,,,,,
ridge_medium,1000,2,evaluation,79,5,-0.131623132177013,-0.4101168128045693,-0.3466818266327487,0.0001399169850628,-0.5417399449815824,-0.4783049588097618,1.0,25.0,18.0,40.0,0.0,0.521,1.313829219559851,0.0,1000.0,25.0,,,,,,,,,,,,,
ridge_medium,1000,2,evaluation,79,6,-0.131623132177013,-0.5208945445251725,-0.4437926121157134,0.0001410830009263,-0.6525176767021855,-0.5754157442927265,1.0,36.0,9.0,27.77777777777778,0.0,0.569,1.3608304911080369,0.0,1000.0,36.0,,,,,,,,,,,,,
ridge_medium,1000,2,evaluation,79,7,-0.131623132177013,-0.6621028120333965,-0.5498294073073847,0.0001350420061498,-0.7937259442104095,-0.6814525394843978,0.998,49.0,2.0,20.40816326530612,0.0,0.642,1.427187876357274,0.002,998.0,49.0,,,,,,,,,,,,,
ridge_medium,1000,2,evaluation,80,1,-0.131623132177013,0.053384208747633,0.0703828875860392,0.0001341250026598,-0.07823892342938,-0.0612402445909738,1.0,1.0,1000.0,1000.0,0.0,0.125,1.0640921334202624,0.0,1000.0,1.0,,,,,,,,,,,,,
ridge_medium,1000,2,evaluation,80,2,-0.131623132177013,-0.0821441128441042,-0.0481197635092182,0.0001674579980317,-0.2137672450211173,-0.1797428956862313,1.0,4.0,169.0,250.0,0.0,0.235,1.119539298259182,0.0,1000.0,4.0,,,,,,,,,,,,,
ridge_medium,1000,2,evaluation,80,3,-0.131623132177013,-0.2081762306613119,-0.16588698238517,0.0001559579977765,-0.339799362838325,-0.2975101145621831,1.0,9.0,73.0,111.11111111111111,0.0,0.321,1.1840052229359643,0.0,1000.0,9.0,,,,,,,,,,,,,
ridge_medium,1000,2,evaluation,80,4,-0.131623132177013,-0.3101309416077954,-0.2596235736583607,0.0001427080132998,-0.4417540737848085,-0.3912467058353738,1.0,16.0,25.0,62.5,0.0,0.417,1.2430699196370756,0.0,1000.0,16.0,,,,,,,,,,,,,
ridge_medium,1000,2,evaluation,80,5,-0.131623132177013,-0.3954454166972595,-0.3375628136508303,0.0001402500201947,-0.5270685488742726,-0.4691859458278434,1.0,25.0,10.0,40.0,0.0,0.498,1.3077065180635958,0.0,1000.0,25.0,,,,,,,,,,,,,
ridge_medium,1000,2,evaluation,80,6,-0.131623132177013,-0.5245920938709107,-0.4264328812993271,0.0001385420036967,-0.6562152260479237,-0.5580560134763402,1.0,36.0,7.0,27.77777777777778,0.0,0.572,1.3476441368341605,0.0,1000.0,36.0,,,,,,,,,,,,,
ridge_medium,1000,2,evaluation,80,7,-0.131623132177013,-0.6378695274480789,-0.5081990457187482,0.0001338750007562,-0.769492659625092,-0.6398221778957612,0.999,49.0,2.0,20.40816326530612,0.0,0.655,1.4051138699193355,0.002,999.0,49.0,,,,,,,,,,,,,
ridge_medium,1000,2,evaluation,81,1,-0.131623132177013,0.0574976292197916,0.0674961192210543,0.0001339169975835,-0.0741255029572214,-0.0641270129559587,1.0,1.0,1000.0,1000.0,0.0,0.117,1.0677206256341325,0.0,1000.0,1.0,,,,,,,,,,,,,
ridge_medium,1000,2,evaluation,81,2,-0.131623132177013,-0.0728521120919808,-0.0512533954570359,0.0001655000087339,-0.2044752442689939,-0.182876527634049,1.0,4.0,174.0,250.0,0.0,0.227,1.1265008147134892,0.0,1000.0,4.0,,,,,,,,,,,,,
ridge_medium,1000,2,evaluation,81,3,-0.131623132177013,-0.2091246250365958,-0.1940266330965299,0.0001552500179968,-0.3407477572136089,-0.325649765273543,1.0,9.0,69.0,111.11111111111111,0.0,0.32,1.187195312354115,0.0,1000.0,9.0,,,,,,,,,,,,,
ridge_medium,1000,2,evaluation,81,4,-0.131623132177013,-0.314437932598517,-0.2663051155393209,0.0001431249838788,-0.4460610647755301,-0.397928247716334,1.0,16.0,25.0,62.5,0.0,0.413,1.2423469748366858,0.0,1000.0,16.0,,,,,,,,,,,,,
ridge_medium,1000,2,evaluation,81,5,-0.131623132177013,-0.4569952787784992,-0.3790891693317406,0.000138750008773,-0.5886184109555123,-0.5107123015087537,1.0,25.0,10.0,40.0,0.0,0.5,1.2990298898767123,0.0,1000.0,25.0,,,,,,,,,,,,,
ridge_medium,1000,2,evaluation,81,6,-0.131623132177013,-0.5371313071146491,-0.439626915153444,0.0001407079980708,-0.6687544392916621,-0.571250047330457,1.0,36.0,9.0,27.77777777777778,0.0,0.588,1.354884037637842,0.0,1000.0,36.0,,,,,,,,,,,,,
ridge_medium,1000,2,evaluation,81,7,-0.131623132177013,-0.6725981754073138,-0.5560373388600391,0.0001376669970341,-0.8042213075843269,-0.6876604710370522,1.0,49.0,4.0,20.40816326530612,0.0,0.651,1.4012690168572266,0.008,1000.0,49.0,,,,,,,,,,,,,
ridge_medium,1000,2,evaluation,82,1,-0.131623132177013,0.068903942329529,0.0779217221314715,0.0001358750159852,-0.062719189847484,-0.0537014100455415,1.0,1.0,1000.0,1000.0,0.0,0.126,1.0622122344307845,0.0,1000.0,1.0,,,,,,,,,,,,,
ridge_medium,1000,2,evaluation,82,2,-0.131623132177013,-0.0564563622930446,-0.0401655107884744,0.0002013749908655,-0.1880794944700577,-0.1717886429654875,1.0,4.0,174.0,250.0,0.0,0.24,1.1234155268998027,0.0,1000.0,4.0,,,,,,,,,,,,,
ridge_medium,1000,2,evaluation,82,3,-0.131623132177013,-0.1671927908890014,-0.1450665825689634,0.0001691250072326,-0.2988159230660145,-0.2766897147459765,1.0,9.0,78.0,111.11111111111111,0.0,0.337,1.1908471187431615,0.0,1000.0,9.0,,,,,,,,,,,,,
ridge_medium,1000,2,evaluation,82,4,-0.131623132177013,-0.2841505581729032,-0.2447890242233737,0.000153125001816,-0.4157736903499163,-0.3764121564003868,1.0,16.0,22.0,62.5,0.0,0.429,1.2443978424578412,0.0,1000.0,16.0,,,,,,,,,,,,,
ridge_medium,1000,2,evaluation,82,5,-0.131623132177013,-0.3713271820173072,-0.3244518391704348,0.0001466250105295,-0.5029503141943202,-0.4560749713474479,1.0,25.0,11.0,40.0,0.0,0.519,1.3094790579889717,0.0,1000.0,25.0,,,,,,,,,,,,,
ridge_medium,1000,2,evaluation,82,6,-0.131623132177013,-0.4727894948450103,-0.3963654149029362,0.0001568750012665,-0.6044126270220234,-0.5279885470799492,1.0,36.0,6.0,27.77777777777778,0.0,0.585,1.3437906798691848,0.0,1000.0,36.0,,,,,,,,,,,,,
ridge_medium,1000,2,evaluation,82,7,-0.131623132177013,-0.643708390413806,-0.5328267717932843,0.0001386250078212,-0.7753315225908191,-0.6644499039702974,1.0,49.0,4.0,20.40816326530612,0.0,0.66,1.4208539708146082,0.008,1000.0,49.0,,,,,,,,,,,,,
ridge_medium,1000,2,evaluation,83,1,-0.131623132177013,0.0637357676698037,0.0743794076481334,0.0001353749830741,-0.0678873645072093,-0.0572437245288796,1.0,1.0,1000.0,1000.0,0.0,0.12,1.0676136984801905,0.0,1000.0,1.0,,,,,,,,,,,,,
ridge_medium,1000,2,evaluation,83,2,-0.131623132177013,-0.0740500498167377,-0.0485116478774247,0.0001711249933578,-0.2056731819937508,-0.1801347800544377,1.0,4.0,169.0,250.0,0.0,0.237,1.1242343386003406,0.0,1000.0,4.0,,,,,,,,,,,,,
ridge_medium,1000,2,evaluation,83,3,-0.131623132177013,-0.2097946913893014,-0.1740595646106306,0.0001565419952385,-0.3414178235663145,-0.3056826967876437,1.0,9.0,75.0,111.11111111111111,0.0,0.339,1.1818389549549837,0.0,1000.0,9.0,,,,,,,,,,,,,
ridge_medium,1000,2,evaluation,83,4,-0.131623132177013,-0.3335969216841769,-0.2781342959669146,0.0001437919854652,-0.46522005386119,-0.4097574281439277,1.0,16.0,21.0,62.5,0.0,0.421,1.2384728985690012,0.0,1000.0,16.0,,,,,,,,,,,,,
ridge_medium,1000,2,evaluation,83,5,-0.131623132177013,-0.4331416198121179,-0.3639757928305069,0.0001407919917255,-0.564764751989131,-0.49559892500752,1.0,25.0,15.0,40.0,0.0,0.513,1.2995443417719348,0.0,1000.0,25.0,,,,,,,,,,,,,
ridge_medium,1000,2,evaluation,83,6,-0.131623132177013,-0.5544218158160925,-0.4454550844371037,0.0001380419998895,-0.6860449479931056,-0.5770782166141167,1.0,36.0,8.0,27.77777777777778,0.0,0.58,1.3488865358208182,0.0,1000.0,36.0,,,,,,,,,,,,,
ridge_medium,1000,2,evaluation,83,7,-0.131623132177013,-0.6346019092260161,-0.5329864595493984,0.0001370829995721,-0.7662250414030292,-0.6646095917264114,1.0,49.0,5.0,20.40816326530612,0.0,0.67,1.4190836179752269,0.0,1000.0,49.0,,,,,,,,,,,,,
ridge_medium,1000,2,evaluation,84,1,-0.131623132177013,0.0657229073755363,0.076233883312791,0.0001385000068694,-0.0659002248014767,-0.055389248864222,1.0,1.0,1000.0,1000.0,0.0,0.11,1.0667103153782815,0.0,1000.0,1.0,,,,,,,,,,,,,
ridge_medium,1000,2,evaluation,84,2,-0.131623132177013,-0.0590707087438635,-0.0407854902695116,0.0001735830155666,-0.1906938409208766,-0.1724086224465247,1.0,4.0,165.0,250.0,0.0,0.216,1.1270282553558704,0.0,1000.0,4.0,,,,,,,,,,,,,
ridge_medium,1000,2,evaluation,84,3,-0.131623132177013,-0.2200000297352866,-0.1802101336746883,0.0001574580091983,-0.3516231619122997,-0.3118332658517014,1.0,9.0,77.0,111.11111111111111,0.0,0.322,1.180647449435988,0.0,1000.0,9.0,,,,,,,,,,,,,
ridge_medium,1000,2,evaluation,84,4,-0.131623132177013,-0.2747365284172939,-0.2325952784627,0.0001963750110007,-0.406359660594307,-0.3642184106397131,1.0,16.0,23.0,62.5,0.0,0.407,1.2428064050177337,0.0,1000.0,16.0,,,,,,,,,,,,,
ridge_medium,1000,2,evaluation,84,5,-0.131623132177013,-0.3794029127112361,-0.315247294259906,0.0001384999777656,-0.5110260448882492,-0.4468704264369191,1.0,25.0,13.0,40.0,0.0,0.506,1.304645895247095,0.0,1000.0,25.0,,,,,,,,,,,,,
ridge_medium,1000,2,evaluation,84,6,-0.131623132177013,-0.5078489861824361,-0.4188827271467826,0.000140290998388,-0.6394721183594492,-0.5505058593237957,1.0,36.0,6.0,27.77777777777778,0.0,0.564,1.357864704661781,0.0,1000.0,36.0,,,,,,,,,,,,,
ridge_medium,1000,2,evaluation,84,7,-0.131623132177013,-0.6367754303148372,-0.5109140181911491,0.0001351670071016,-0.7683985624918502,-0.6425371503681622,1.0,49.0,5.0,20.40816326530612,0.0,0.665,1.4131808826889198,0.0,1000.0,49.0,,,,,,,,,,,,,
ridge_medium,1000,2,evaluation,85,1,-0.131623132177013,0.0605423617359481,0.0708508026141734,0.0001350420061498,-0.0710807704410649,-0.0607723295628396,1.0,1.0,1000.0,1000.0,0.0,0.122,1.066538340239056,0.0,1000.0,1.0,,,,,,,,,,,,,
ridge_medium,1000,2,evaluation,85,2,-0.131623132177013,-0.0604786505043408,-0.0518910888765999,0.0001633329957257,-0.1921017826813539,-0.1835142210536129,1.0,4.0,186.0,250.0,0.0,0.239,1.132461271934048,0.0,1000.0,4.0,,,,,,,,,,,,,
ridge_medium,1000,2,evaluation,85,3,-0.131623132177013,-0.1862631322405379,-0.1594128187468029,0.0001565839920658,-0.317886264417551,-0.291035950923816,1.0,9.0,78.0,111.11111111111111,0.0,0.318,1.2030648071848804,0.0,1000.0,9.0,,,,,,,,,,,,,
ridge_medium,1000,2,evaluation,85,4,-0.131623132177013,-0.2811107381145776,-0.2392499263976938,0.0001419159816578,-0.4127338702915907,-0.3708730585747069,1.0,16.0,28.0,62.5,0.0,0.423,1.2537145101492968,0.0,1000.0,16.0,,,,,,,,,,,,,
ridge_medium,1000,2,evaluation,85,5,-0.131623132177013,-0.3667579430504258,-0.3145252225216252,0.0001405000220984,-0.4983810752274389,-0.4461483546986383,1.0,25.0,14.0,40.0,0.0,0.521,1.3130808400051692,0.0,1000.0,25.0,,,,,,,,,,,,,
ridge_medium,1000,2,evaluation,85,6,-0.131623132177013,-0.5060146864717886,-0.4345088826988198,0.0001368329976685,-0.6376378186488016,-0.5661320148758329,1.0,36.0,9.0,27.77777777777778,0.0,0.582,1.37732539926216,0.0,1000.0,36.0,,,,,,,,,,,,,
ridge_medium,1000,2,evaluation,85,7,-0.131623132177013,-0.6418403910031641,-0.5492903623187734,0.0001337499998044,-0.7734635231801772,-0.6809134944957864,1.0,49.0,4.0,20.40816326530612,0.0,0.646,1.420656577946162,0.004,1000.0,49.0,,,,,,,,,,,,,
ridge_medium,1000,2,evaluation,86,1,-0.131623132177013,0.0687648519841333,0.0746592743655895,0.0001345839991699,-0.0628582801928797,-0.0569638578114235,1.0,1.0,1000.0,1000.0,0.0,0.121,1.0608511669571714,0.0,1000.0,1.0,,,,,,,,,,,,,
ridge_medium,1000,2,evaluation,86,2,-0.131623132177013,-0.0442738121558512,-0.0228107625735062,0.000160291994689,-0.1758969443328643,-0.1544338947505193,1.0,4.0,184.0,250.0,0.0,0.248,1.1246655216972687,0.0,1000.0,4.0,,,,,,,,,,,,,
ridge_medium,1000,2,evaluation,86,3,-0.131623132177013,-0.1597054175799431,-0.1284246266840665,0.000152333988808,-0.2913285497569562,-0.2600477588610796,1.0,9.0,70.0,111.11111111111111,0.0,0.329,1.175212233598627,0.0,1000.0,9.0,,,,,,,,,,,,,
ridge_medium,1000,2,evaluation,86,4,-0.131623132177013,-0.2651602497081814,-0.2016875309828426,0.0001403750211466,-0.3967833818851944,-0.3333106631598557,1.0,16.0,27.0,62.5,0.0,0.453,1.2431752960784452,0.0,1000.0,16.0,,,,,,,,,,,,,
ridge_medium,1000,2,evaluation,86,5,-0.131623132177013,-0.3666505310670107,-0.3013485194544688,0.0001355000131297,-0.4982736632440238,-0.4329716516314819,1.0,25.0,17.0,40.0,0.0,0.528,1.3005786441726332,0.0,1000.0,25.0,,,,,,,,,,,,,
ridge_medium,1000,2,evaluation,86,6,-0.131623132177013,-0.4635762065539011,-0.3761608141881922,0.0001376250002067,-0.5951993387309141,-0.5077839463652053,1.0,36.0,10.0,27.77777777777778,0.0,0.592,1.3585763612450386,0.0,1000.0,36.0,,,,,,,,,,,,,
ridge_medium,1000,2,evaluation,86,7,-0.131623132177013,-0.5974488240655157,-0.4816155110997225,0.0001337090216111,-0.7290719562425287,-0.6132386432767356,1.0,49.0,5.0,20.40816326530612,0.0,0.661,1.402784395315862,0.0,1000.0,49.0,,,,,,,,,,,,,
ridge_medium,1000,2,evaluation,87,1,-0.131623132177013,0.0690758784561906,0.0748618157798259,0.0001332920219283,-0.0625472537208224,-0.0567613163971871,1.0,1.0,1000.0,1000.0,0.0,0.112,1.062166017765281,0.0,1000.0,1.0,,,,,,,,,,,,,
ridge_medium,1000,2,evaluation,87,2,-0.131623132177013,-0.0515725082006553,-0.0292937250024225,0.0001655830128584,-0.1831956403776684,-0.1609168571794356,1.0,4.0,173.0,250.0,0.0,0.234,1.128032368246984,0.0,1000.0,4.0,,,,,,,,,,,,,
ridge_medium,1000,2,evaluation,87,3,-0.131623132177013,-0.1976083961115821,-0.1586705722055305,0.0001568750012665,-0.3292315282885952,-0.2902937043825436,1.0,9.0,69.0,111.11111111111111,0.0,0.321,1.1852013622417183,0.0,1000.0,9.0,,,,,,,,,,,,,
ridge_medium,1000,2,evaluation,87,4,-0.131623132177013,-0.3049823220792753,-0.2527673586437625,0.0001613749773241,-0.4366054542562884,-0.3843904908207756,1.0,16.0,23.0,62.5,0.0,0.442,1.2499866751394544,0.0,1000.0,16.0,,,,,,,,,,,,,
ridge_medium,1000,2,evaluation,87,5,-0.131623132177013,-0.3699520025483754,-0.3072846203753725,0.0001393749844282,-0.5015751347253885,-0.4389077525523856,1.0,25.0,9.0,40.0,0.0,0.517,1.305267711630455,0.0,1000.0,25.0,,,,,,,,,,,,,
ridge_medium,1000,2,evaluation,87,6,-0.131623132177013,-0.4996199245144108,-0.4181425541901559,0.0001373749983031,-0.6312430566914239,-0.5497656863671689,1.0,36.0,9.0,27.77777777777778,0.0,0.576,1.3529924986234096,0.0,1000.0,36.0,,,,,,,,,,,,,
ridge_medium,1000,2,evaluation,87,7,-0.131623132177013,-0.6297889740797095,-0.5041702430885724,0.0001346660137642,-0.7614121062567225,-0.6357933752655854,1.0,49.0,5.0,20.40816326530612,0.0,0.641,1.4014306808761494,0.0,1000.0,49.0,,,,,,,,,,,,,
ridge_medium,1000,2,evaluation,88,1,-0.131623132177013,0.0627180902160705,0.073466157494989,0.0001353750121779,-0.0689050419609424,-0.058156974682024,1.0,1.0,1000.0,1000.0,0.0,0.112,1.0607260853268767,0.0,1000.0,1.0,,,,,,,,,,,,,
ridge_medium,1000,2,evaluation,88,2,-0.131623132177013,-0.0632980455974591,-0.049008723851992,0.0001651659840717,-0.1949211777744722,-0.1806318560290051,1.0,4.0,158.0,250.0,0.0,0.219,1.1333371027473809,0.0,1000.0,4.0,,,,,,,,,,,,,
ridge_medium,1000,2,evaluation,88,3,-0.131623132177013,-0.20920099527067,-0.1893196674489939,0.0001540420053061,-0.3408241274476831,-0.3209427996260069,1.0,9.0,72.0,111.11111111111111,0.0,0.336,1.1960898633226686,0.0,1000.0,9.0,,,,,,,,,,,,,
ridge_medium,1000,2,evaluation,88,4,-0.131623132177013,-0.287402427942391,-0.2452311890054405,0.0001409159740433,-0.419025560119404,-0.3768543211824536,1.0,16.0,19.0,62.5,0.0,0.426,1.2522759866964197,0.0,1000.0,16.0,,,,,,,,,,,,,
ridge_medium,1000,2,evaluation,88,5,-0.131623132177013,-0.4131827715797,-0.3473717810972743,0.0001381670008413,-0.5448059037567131,-0.4789949132742874,1.0,25.0,9.0,40.0,0.0,0.477,1.2992914543988625,0.0,1000.0,25.0,,,,,,,,,,,,,
ridge_medium,1000,2,evaluation,88,6,-0.131623132177013,-0.536200897693164,-0.4434986515418765,0.0001370410027448,-0.6678240298701771,-0.5751217837188896,1.0,36.0,5.0,27.77777777777778,0.0,0.575,1.354866327653622,0.0,1000.0,36.0,,,,,,,,,,,,,
ridge_medium,1000,2,evaluation,88,7,-0.131623132177013,-0.6544396952115713,-0.5305909476929633,0.0001347919751424,-0.7860628273885844,-0.6622140798699764,1.0,49.0,4.0,20.40816326530612,0.0,0.649,1.4178932433910196,0.004,1000.0,49.0,,,,,,,,,,,,,
ridge_medium,1000,2,evaluation,89,1,-0.131623132177013,0.0553089867985002,0.071364868284123,0.0001356669818051,-0.0763141453785128,-0.06025826389289,1.0,1.0,1000.0,1000.0,0.0,0.122,1.0614604832711445,0.0,1000.0,1.0,,,,,,,,,,,,,
ridge_medium,1000,2,evaluation,89,2,-0.131623132177013,-0.0725376524459918,-0.0459338719900824,0.0001623750140424,-0.2041607846230048,-0.1775570041670955,1.0,4.0,182.0,250.0,0.0,0.243,1.1181052645272611,0.0,1000.0,4.0,,,,,,,,,,,,,
ridge_medium,1000,2,evaluation,89,3,-0.131623132177013,-0.2463901321987315,-0.1946716809982941,0.0001535420014988,-0.3780132643757446,-0.3262948131753072,1.0,9.0,76.0,111.11111111111111,0.0,0.332,1.1788075865250998,0.0,1000.0,9.0,,,,,,,,,,,,,
ridge_medium,1000,2,evaluation,89,4,-0.131623132177013,-0.3201757079111287,-0.27158185466758,0.0001429579860996,-0.4517988400881417,-0.4032049868445931,1.0,16.0,20.0,62.5,0.0,0.424,1.2285983075747895,0.0,1000.0,16.0,,,,,,,,,,,,,
ridge_medium,1000,2,evaluation,89,5,-0.131623132177013,-0.4418129381275546,-0.3710827120098378,0.0001403330243192,-0.5734360703045677,-0.5027058441868508,1.0,25.0,13.0,40.0,0.0,0.509,1.2970043476630733,0.0,1000.0,25.0,,,,,,,,,,,,,
ridge_medium,1000,2,evaluation,89,6,-0.131623132177013,-0.5308042387782291,-0.4266906392409553,0.0001368330267723,-0.6624273709552422,-0.5583137714179683,1.0,36.0,5.0,27.77777777777778,0.0,0.589,1.3438588060628662,0.0,1000.0,36.0,,,,,,,,,,,,,
ridge_medium,1000,2,evaluation,89,7,-0.131623132177013,-0.6924872357314726,-0.5529733411649363,0.0001354580163024,-0.8241103679084857,-0.6845964733419494,1.0,49.0,4.0,20.40816326530612,0.0,0.657,1.4006699881501854,0.008,1000.0,49.0,,,,,,,,,,,,,
ridge_medium,1000,2,evaluation,90,1,-0.131623132177013,0.0713938029744394,0.0806831629042499,0.0001340419985353,-0.0602293292025735,-0.0509399692727631,1.0,1.0,1000.0,1000.0,0.0,0.115,1.062901972193038,0.0,1000.0,1.0,,,,,,,,,,,,,
ridge_medium,1000,2,evaluation,90,2,-0.131623132177013,-0.0579716167076317,-0.0405797663589457,0.0001628749887458,-0.1895947488846448,-0.1722028985359588,1.0,4.0,178.0,250.0,0.0,0.23,1.1278982562837203,0.0,1000.0,4.0,,,,,,,,,,,,,
ridge_medium,1000,2,evaluation,90,3,-0.131623132177013,-0.2076174999478766,-0.1768095638643633,0.000156958005391,-0.3392406321248897,-0.3084326960413764,1.0,9.0,76.0,111.11111111111111,0.0,0.323,1.177803623545237,0.0,1000.0,9.0,,,,,,,,,,,,,
ridge_medium,1000,2,evaluation,90,4,-0.131623132177013,-0.3195116194671914,-0.2677365533770719,0.000144541991176,-0.4511347516442045,-0.3993596855540849,1.0,16.0,23.0,62.5,0.0,0.424,1.2458309775475855,0.0,1000.0,16.0,,,,,,,,,,,,,
ridge_medium,1000,2,evaluation,90,5,-0.131623132177013,-0.3755260664079601,-0.3311797666511352,0.000139959010994,-0.5071491985849732,-0.4628028988281483,1.0,25.0,13.0,40.0,0.0,0.507,1.3050046526031278,0.0,1000.0,25.0,,,,,,,,,,,,,
ridge_medium,1000,2,evaluation,90,6,-0.131623132177013,-0.5138334667959717,-0.4275565317817466,0.0001461249776184,-0.6454565989729848,-0.5591796639587596,1.0,36.0,7.0,27.77777777777778,0.0,0.575,1.359661071680205,0.0,1000.0,36.0,,,,,,,,,,,,,
ridge_medium,1000,2,evaluation,90,7,-0.131623132177013,-0.6654457686316898,-0.5406163357558826,0.0001449160045012,-0.7970689008087029,-0.6722394679328957,1.0,49.0,4.0,20.40816326530612,0.0,0.632,1.4147180374786448,0.004,1000.0,49.0,,,,,,,,,,,,,
ridge_medium,1000,2,evaluation,91,1,-0.131623132177013,0.0596028606402257,0.0665902674459057,0.0001346670032944,-0.0720202715367873,-0.0650328647311073,1.0,1.0,1000.0,1000.0,0.0,0.123,1.0640779151835502,0.0,1000.0,1.0,,,,,,,,,,,,,
ridge_medium,1000,2,evaluation,91,2,-0.131623132177013,-0.0617477804558199,-0.0445420365242653,0.0001638749963603,-0.193370912632833,-0.1761651687012784,1.0,4.0,177.0,250.0,0.0,0.237,1.1294608909617554,0.0,1000.0,4.0,,,,,,,,,,,,,
ridge_medium,1000,2,evaluation,91,3,-0.131623132177013,-0.2125905453532176,-0.1810254423002925,0.0001562079996801,-0.3442136775302307,-0.3126485744773056,1.0,9.0,71.0,111.11111111111111,0.0,0.336,1.1914211304696605,0.0,1000.0,9.0,,,,,,,,,,,,,
ridge_medium,1000,2,evaluation,91,4,-0.131623132177013,-0.3106747664264444,-0.2545210175899699,0.0001435840094927,-0.4422978986034575,-0.386144149766983,1.0,16.0,22.0,62.5,0.0,0.424,1.2460653938905204,0.0,1000.0,16.0,,,,,,,,,,,,,
ridge_medium,1000,2,evaluation,91,5,-0.131623132177013,-0.4056337648630894,-0.3500436595881858,0.0001378750021103,-0.5372568970401025,-0.4816667917651989,1.0,25.0,13.0,40.0,0.0,0.514,1.3226415180227118,0.0,1000.0,25.0,,,,,,,,,,,,,
ridge_medium,1000,2,evaluation,91,6,-0.131623132177013,-0.5337587114442776,-0.4460502558620107,0.0001374999992549,-0.6653818436212906,-0.5776733880390238,1.0,36.0,5.0,27.77777777777778,0.0,0.593,1.3678835902614814,0.0,1000.0,36.0,,,,,,,,,,,,,
ridge_medium,1000,2,evaluation,91,7,-0.131623132177013,-0.6659724383257571,-0.5406681499640823,0.0001339169975835,-0.7975955705027702,-0.6722912821410953,1.0,49.0,4.0,20.40816326530612,0.0,0.621,1.3975441370736834,0.004,1000.0,49.0,,,,,,,,,,,,,
ridge_medium,1000,2,evaluation,92,1,-0.131623132177013,0.0711090658274632,0.0816834974140149,0.0001369999954476,-0.0605140663495498,-0.049939634762998,1.0,1.0,1000.0,1000.0,0.0,0.123,1.0601723546120323,0.0,1000.0,1.0,,,,,,,,,,,,,
ridge_medium,1000,2,evaluation,92,2,-0.131623132177013,-0.0416173931297378,-0.0214376050200192,0.0001944169925991,-0.1732405253067509,-0.1530607371970323,1.0,4.0,182.0,250.0,0.0,0.236,1.1239644705472849,0.0,1000.0,4.0,,,,,,,,,,,,,
ridge_medium,1000,2,evaluation,92,3,-0.131623132177013,-0.1987957139700643,-0.1645995978723424,0.000173041014932,-0.3304188461470774,-0.2962227300493555,1.0,9.0,76.0,111.11111111111111,0.0,0.326,1.187768805723611,0.0,1000.0,9.0,,,,,,,,,,,,,
ridge_medium,1000,2,evaluation,92,4,-0.131623132177013,-0.2608085985741664,-0.2159415772667871,0.0001503749808762,-0.3924317307511794,-0.3475647094438002,1.0,16.0,23.0,62.5,0.0,0.429,1.2395983749688133,0.0,1000.0,16.0,,,,,,,,,,,,,
ridge_medium,1000,2,evaluation,92,5,-0.131623132177013,-0.3915711569088831,-0.3234258972046797,0.0001463750086259,-0.5231942890858962,-0.4550490293816928,1.0,25.0,14.0,40.0,0.0,0.509,1.303201829000352,0.0,1000.0,25.0,,,,,,,,,,,,,
ridge_medium,1000,2,evaluation,92,6,-0.131623132177013,-0.5112088179812061,-0.4280586453680945,0.0001478750200476,-0.6428319501582191,-0.5596817775451076,1.0,36.0,9.0,27.77777777777778,0.0,0.586,1.3626633600431255,0.0,1000.0,36.0,,,,,,,,,,,,,
ridge_medium,1000,2,evaluation,92,7,-0.131623132177013,-0.6252320043535773,-0.523111990734123,0.0001428330142516,-0.7568551365305903,-0.654735122911136,1.0,49.0,4.0,20.40816326530612,0.0,0.65,1.4074260333420874,0.004,1000.0,49.0,,,,,,,,,,,,,
ridge_medium,1000,2,evaluation,93,1,-0.131623132177013,0.0628096518407803,0.0724517954353324,0.0001354579871986,-0.0688134803362327,-0.0591713367416806,1.0,1.0,1000.0,1000.0,0.0,0.121,1.0675126760641938,0.0,1000.0,1.0,,,,,,,,,,,,,
ridge_medium,1000,2,evaluation,93,2,-0.131623132177013,-0.0695942789534228,-0.0559592819375359,0.0001663749862927,-0.2012174111304358,-0.187582414114549,1.0,4.0,169.0,250.0,0.0,0.235,1.1288275586162264,0.0,1000.0,4.0,,,,,,,,,,,,,
ridge_medium,1000,2,evaluation,93,3,-0.131623132177013,-0.1964516464469511,-0.1643315318758585,0.0001546659914311,-0.3280747786239642,-0.2959546640528716,1.0,9.0,70.0,111.11111111111111,0.0,0.329,1.1776566223324494,0.0,1000.0,9.0,,,,,,,,,,,,,
ridge_medium,1000,2,evaluation,93,4,-0.131623132177013,-0.3126983395969523,-0.2463870770814478,0.0001448330003768,-0.4443214717739654,-0.3780102092584609,1.0,16.0,21.0,62.5,0.0,0.439,1.2399487623344934,0.0,1000.0,16.0,,,,,,,,,,,,,
ridge_medium,1000,2,evaluation,93,5,-0.131623132177013,-0.3904183818427441,-0.3383791681604109,0.0001432500139344,-0.5220415140197572,-0.470002300337424,1.0,25.0,15.0,40.0,0.0,0.513,1.3140136673110152,0.0,1000.0,25.0,,,,,,,,,,,,,
ridge_medium,1000,2,evaluation,93,6,-0.131623132177013,-0.5257944994574543,-0.448788263351315,0.0001421249762643,-0.6574176316344673,-0.5804113955283281,1.0,36.0,5.0,27.77777777777778,0.0,0.59,1.3762173301935885,0.0,1000.0,36.0,,,,,,,,,,,,,
ridge_medium,1000,2,evaluation,93,7,-0.131623132177013,-0.6621433549518225,-0.5439126329835785,0.0001378339948132,-0.7937664871288356,-0.6755357651605916,1.0,49.0,3.0,20.40816326530612,0.0,0.645,1.3987763782824396,0.003,1000.0,49.0,,,,,,,,,,,,,
ridge_medium,1000,2,evaluation,94,1,-0.131623132177013,0.0738980974439851,0.0828111677115711,0.0001363329938612,-0.0577250347330279,-0.0488119644654419,1.0,1.0,1000.0,1000.0,0.0,0.126,1.0600643591335208,0.0,1000.0,1.0,,,,,,,,,,,,,
ridge_medium,1000,2,evaluation,94,2,-0.131623132177013,-0.0473300503851051,-0.0276255320107987,0.0001676249958109,-0.1789531825621182,-0.1592486641878118,1.0,4.0,179.0,250.0,0.0,0.248,1.1219011991812398,0.0,1000.0,4.0,,,,,,,,,,,,,
ridge_medium,1000,2,evaluation,94,3,-0.131623132177013,-0.1994689401811417,-0.1596043435029394,0.0001591249892953,-0.3310920723581548,-0.2912274756799525,1.0,9.0,78.0,111.11111111111111,0.0,0.332,1.1739487990115374,0.0,1000.0,9.0,,,,,,,,,,,,,
ridge_medium,1000,2,evaluation,94,4,-0.131623132177013,-0.2704089809647363,-0.2314978746988529,0.0001438749895896,-0.4020321131417494,-0.363121006875866,1.0,16.0,20.0,62.5,0.0,0.417,1.2409406705700126,0.0,1000.0,16.0,,,,,,,,,,,,,
ridge_medium,1000,2,evaluation,94,5,-0.131623132177013,-0.3878475406746614,-0.3144607758138384,0.0001435839803889,-0.5194706728516745,-0.4460839079908515,1.0,25.0,14.0,40.0,0.0,0.507,1.30718717237129,0.0,1000.0,25.0,,,,,,,,,,,,,
ridge_medium,1000,2,evaluation,94,6,-0.131623132177013,-0.5346319981077718,-0.4335507815674336,0.0001436250167898,-0.6662551302847849,-0.5651739137444467,1.0,36.0,4.0,27.77777777777778,0.0,0.59,1.3648991738110403,0.004,1000.0,36.0,,,,,,,,,,,,,
ridge_medium,1000,2,evaluation,94,7,-0.131623132177013,-0.6507984784452066,-0.5415438397642608,0.000134917005198,-0.7824216106222196,-0.6731669719412738,1.0,49.0,3.0,20.40816326530612,0.0,0.661,1.4249241161291817,0.003,1000.0,49.0,,,,,,,,,,,,,
ridge_medium,1000,2,evaluation,95,1,-0.131623132177013,0.0759168810745062,0.081346428744011,0.0001356250140815,-0.0557062511025067,-0.050276703433002,1.0,1.0,1000.0,1000.0,0.0,0.122,1.0617623783922336,0.0,1000.0,1.0,,,,,,,,,,,,,
ridge_medium,1000,2,evaluation,95,2,-0.131623132177013,-0.0911427172095697,-0.0623096878441118,0.0001644170260988,-0.2227658493865828,-0.1939328200211249,1.0,4.0,161.0,250.0,0.0,0.233,1.1221872965746251,0.0,1000.0,4.0,,,,,,,,,,,,,
ridge_medium,1000,2,evaluation,95,3,-0.131623132177013,-0.2110976723778916,-0.1725652771043559,0.0001574160123709,-0.3427208045549046,-0.304188409281369,1.0,9.0,65.0,111.11111111111111,0.0,0.328,1.1915364439038616,0.0,1000.0,9.0,,,,,,,,,,,,,
ridge_medium,1000,2,evaluation,95,4,-0.131623132177013,-0.2998470481840597,-0.2444406667975568,0.0001572080072946,-0.4314701803610727,-0.3760637989745699,1.0,16.0,20.0,62.5,0.0,0.419,1.246272906178464,0.0,1000.0,16.0,,,,,,,,,,,,,
ridge_medium,1000,2,evaluation,95,5,-0.131623132177013,-0.3991150611710385,-0.3410297181867813,0.0001409590186085,-0.5307381933480516,-0.4726528503637944,1.0,25.0,13.0,40.0,0.0,0.495,1.3127593705486842,0.0,1000.0,25.0,,,,,,,,,,,,,
ridge_medium,1000,2,evaluation,95,6,-0.131623132177013,-0.5043872735585646,-0.4164219658472951,0.0001409999968018,-0.6360104057355777,-0.5480450980243081,1.0,36.0,9.0,27.77777777777778,0.0,0.557,1.369738412190591,0.0,1000.0,36.0,,,,,,,,,,,,,
ridge_medium,1000,2,evaluation,95,7,-0.131623132177013,-0.6874119348854416,-0.543112172699069,0.0001333330001216,-0.8190350670624547,-0.674735304876082,1.0,49.0,5.0,20.40816326530612,0.0,0.643,1.4163180553882624,0.0,1000.0,49.0,,,,,,,,,,,,,
ridge_medium,1000,2,evaluation,96,1,-0.131623132177013,0.0722601040150825,0.0799079185474641,0.0001360840105917,-0.0593630281619305,-0.0517152136295489,1.0,1.0,1000.0,1000.0,0.0,0.123,1.065036444341788,0.0,1000.0,1.0,,,,,,,,,,,,,
ridge_medium,1000,2,evaluation,96,2,-0.131623132177013,-0.0757071966307162,-0.0539681566181579,0.0001666250173002,-0.2073303288077293,-0.185591288795171,1.0,4.0,155.0,250.0,0.0,0.233,1.124325979959033,0.0,1000.0,4.0,,,,,,,,,,,,,
ridge_medium,1000,2,evaluation,96,3,-0.131623132177013,-0.2146129423915524,-0.1732525845867847,0.0001588749873917,-0.3462360745685655,-0.3048757167637977,1.0,9.0,72.0,111.11111111111111,0.0,0.309,1.1723199668537942,0.0,1000.0,9.0,,,,,,,,,,,,,
ridge_medium,1000,2,evaluation,96,4,-0.131623132177013,-0.3038299200406867,-0.2557977704393374,0.0001449999981559,-0.4354530522176998,-0.3874209026163505,1.0,16.0,17.0,62.5,0.0,0.412,1.2387551544708395,0.0,1000.0,16.0,,,,,,,,,,,,,
ridge_medium,1000,2,evaluation,96,5,-0.131623132177013,-0.4312192511360646,-0.3567618959580293,0.0001432909921277,-0.5628423833130777,-0.4883850281350423,1.0,25.0,14.0,40.0,0.0,0.496,1.3012119127229056,0.0,1000.0,25.0,,,,,,,,,,,,,
ridge_medium,1000,2,evaluation,96,6,-0.131623132177013,-0.5219074575113569,-0.4194055445213568,0.0001429159892722,-0.65353058968837,-0.5510286766983699,1.0,36.0,5.0,27.77777777777778,0.0,0.588,1.361458273313766,0.0,1000.0,36.0,,,,,,,,,,,,,
ridge_medium,1000,2,evaluation,96,7,-0.131623132177013,-0.6200980408391766,-0.5253092788418,0.0001380410103593,-0.7517211730161897,-0.6569324110188131,1.0,49.0,5.0,20.40816326530612,0.0,0.639,1.3925350883726229,0.0,1000.0,49.0,,,,,,,,,,,,,
ridge_medium,1000,2,evaluation,97,1,-0.131623132177013,0.0647562576972826,0.0761186028225655,0.0001327079953625,-0.0668668744797304,-0.0555045293544475,1.0,1.0,1000.0,1000.0,0.0,0.123,1.0616963172892804,0.0,1000.0,1.0,,,,,,,,,,,,,
ridge_medium,1000,2,evaluation,97,2,-0.131623132177013,-0.0642292805728376,-0.0407456542539374,0.0001652920036576,-0.1958524127498507,-0.1723687864309505,1.0,4.0,184.0,250.0,0.0,0.237,1.128077922258889,0.0,1000.0,4.0,,,,,,,,,,,,,
ridge_medium,1000,2,evaluation,97,3,-0.131623132177013,-0.2118097084286853,-0.1672859070105918,0.0001552920148242,-0.3434328406056984,-0.2989090391876049,1.0,9.0,73.0,111.11111111111111,0.0,0.338,1.185493587028121,0.0,1000.0,9.0,,,,,,,,,,,,,
ridge_medium,1000,2,evaluation,97,4,-0.131623132177013,-0.3024052021894057,-0.2368771573743684,0.00014179199934,-0.4340283343664188,-0.3685002895513815,1.0,16.0,24.0,62.5,0.0,0.423,1.2462978593766232,0.0,1000.0,16.0,,,,,,,,,,,,,
ridge_medium,1000,2,evaluation,97,5,-0.131623132177013,-0.3991566698389851,-0.3399158073387089,0.0001371669932268,-0.5307798020159982,-0.471538939515722,1.0,25.0,19.0,40.0,0.0,0.51,1.3247312961547482,0.0,1000.0,25.0,,,,,,,,,,,,,
ridge_medium,1000,2,evaluation,97,6,-0.131623132177013,-0.5232592102902371,-0.4362290168753521,0.0001362919865641,-0.6548823424672502,-0.5678521490523651,1.0,36.0,7.0,27.77777777777778,0.0,0.585,1.367079690204507,0.0,1000.0,36.0,,,,,,,,,,,,,
ridge_medium,1000,2,evaluation,97,7,-0.131623132177013,-0.6505672697361724,-0.5352597855837694,0.000132459012093,-0.7821904019131855,-0.6668829177607825,1.0,49.0,4.0,20.40816326530612,0.0,0.654,1.4200130114540517,0.004,1000.0,49.0,,,,,,,,,,,,,
ridge_medium,1000,2,evaluation,98,1,-0.131623132177013,0.063894186901098,0.0793686846656485,0.0001341669994872,-0.067728945275915,-0.0522544475113645,1.0,1.0,1000.0,1000.0,0.0,0.126,1.0605490096919057,0.0,1000.0,1.0,,,,,,,,,,,,,
ridge_medium,1000,2,evaluation,98,2,-0.131623132177013,-0.0685729874300037,-0.046284980442697,0.0001655409869272,-0.2001961196070167,-0.1779081126197101,1.0,4.0,166.0,250.0,0.0,0.235,1.1225612017252748,0.0,1000.0,4.0,,,,,,,,,,,,,
ridge_medium,1000,2,evaluation,98,3,-0.131623132177013,-0.1982635910559969,-0.1593699306359921,0.0001559169904794,-0.32988672323301,-0.2909930628130052,1.0,9.0,70.0,111.11111111111111,0.0,0.337,1.1794722629443462,0.0,1000.0,9.0,,,,,,,,,,,,,
ridge_medium,1000,2,evaluation,98,4,-0.131623132177013,-0.301309068259207,-0.2415030302514183,0.0001452919968869,-0.43293220043622,-0.3731261624284314,1.0,16.0,23.0,62.5,0.0,0.436,1.2423816023796497,0.0,1000.0,16.0,,,,,,,,,,,,,
ridge_medium,1000,2,evaluation,98,5,-0.131623132177013,-0.3878533079039109,-0.3249443365620404,0.0001901669893413,-0.519476440080924,-0.4565674687390536,1.0,25.0,15.0,40.0,0.0,0.508,1.2890448850844942,0.0,1000.0,25.0,,,,,,,,,,,,,
ridge_medium,1000,2,evaluation,98,6,-0.131623132177013,-0.5056548193375704,-0.4196973128656797,0.0001484160020481,-0.6372779515145834,-0.5513204450426927,1.0,36.0,4.0,27.77777777777778,0.0,0.598,1.3536593902810534,0.004,1000.0,36.0,,,,,,,,,,,,,
ridge_medium,1000,2,evaluation,98,7,-0.131623132177013,-0.6237719266733506,-0.5058761659888377,0.0001334999979007,-0.7553950588503636,-0.6374992981658507,0.999,49.0,1.0,20.40816326530612,1.0,0.66,1.3907657746268014,0.005,999.0,49.0,,,,,,,,,,,,,
ridge_medium,1000,2,evaluation,99,1,-0.131623132177013,0.0552062408065383,0.066433436547834,0.0001322499883826,-0.0764168913704747,-0.065189695629179,1.0,1.0,1000.0,1000.0,0.0,0.13,1.0642786042044985,0.0,1000.0,1.0,,,,,,,,,,,,,
ridge_medium,1000,2,evaluation,99,2,-0.131623132177013,-0.0950707110897306,-0.0665297421277663,0.0001645830052439,-0.2266938432667437,-0.1981528743047794,1.0,4.0,165.0,250.0,0.0,0.251,1.1303788215403718,0.0,1000.0,4.0,,,,,,,,,,,,,
ridge_medium,1000,2,evaluation,99,3,-0.131623132177013,-0.2261197644814024,-0.1998844605570317,0.0001525839907117,-0.3577428966584155,-0.3315075927340448,1.0,9.0,71.0,111.11111111111111,0.0,0.328,1.1907633992094269,0.0,1000.0,9.0,,,,,,,,,,,,,
ridge_medium,1000,2,evaluation,99,4,-0.131623132177013,-0.3093274489057103,-0.2744598466401658,0.0001434589794371,-0.4409505810827234,-0.406082978817179,1.0,16.0,20.0,62.5,0.0,0.416,1.2483544285443569,0.0,1000.0,16.0,,,,,,,,,,,,,
ridge_medium,1000,2,evaluation,99,5,-0.131623132177013,-0.4279192603197599,-0.3476525508558216,0.0001399159955326,-0.559542392496773,-0.4792756830328347,1.0,25.0,14.0,40.0,0.0,0.514,1.2951215509308869,0.0,1000.0,25.0,,,,,,,,,,,,,
ridge_medium,1000,2,evaluation,99,6,-0.131623132177013,-0.5440841090028692,-0.4611388370836452,0.0001394160208292,-0.6757072411798822,-0.5927619692606583,1.0,36.0,9.0,27.77777777777778,0.0,0.588,1.3602786459193856,0.0,1000.0,36.0,,,,,,,,,,,,,
ridge_medium,1000,2,evaluation,99,7,-0.131623132177013,-0.6504508638295652,-0.5449696831588449,0.0001336669956799,-0.7820739960065782,-0.6765928153358579,1.0,49.0,3.0,20.40816326530612,0.0,0.649,1.3963636031609357,0.003,1000.0,49.0,,,,,,,,,,,,,
ridge_medium,10000,2,evaluation,0,1,-0.131623132177013,0.1109321319777336,0.1133394615723753,0.0018904999888036,-0.0206910001992794,-0.0182836706046377,1.0,1.0,10000.0,10000.0,0.0,0.0386,1.020250660972205,0.0,10000.0,1.0,,,,,,,,,,,,,
ridge_medium,10000,2,evaluation,0,2,-0.131623132177013,0.0258182747929631,0.0312796272623125,0.0020024169934913,-0.1058048573840498,-0.1003435049147004,1.0,4.0,1731.0,2500.0,0.0,0.0755,1.0385034845770862,0.0,10000.0,4.0,,,,,,,,,,,,,
ridge_medium,10000,2,evaluation,0,3,-0.131623132177013,-0.0587751143132935,-0.0489428423036251,0.0019284580193925,-0.1903982464903066,-0.1805659744806381,1.0,9.0,820.0,1111.111111111111,0.0,0.1155,1.0589872717360185,0.0,10000.0,9.0,,,,,,,,,,,,,
ridge_medium,10000,2,evaluation,0,4,-0.131623132177013,-0.0824522488609323,-0.0689910114131731,0.0017813750018831,-0.2140753810379454,-0.2006141435901862,1.0,16.0,233.0,625.0,0.0,0.1476,1.078148641168542,0.0,10000.0,16.0,,,,,,,,,,,,,
ridge_medium,10000,2,evaluation,0,5,-0.131623132177013,-0.1115730916635874,-0.0960284048076011,0.0017179169808514,-0.2431962238406005,-0.2276515369846142,1.0,25.0,186.0,400.0,0.0,0.1879,1.0996952668741142,0.0,10000.0,25.0,,,,,,,,,,,,,
ridge_medium,10000,2,evaluation,0,6,-0.131623132177013,-0.1379898871775254,-0.1185557017633333,0.0017783329822123,-0.2696130193545385,-0.2501788339403464,1.0,36.0,75.0,277.77777777777777,0.0,0.2154,1.1154840826576584,0.0,10000.0,36.0,,,,,,,,,,,,,
ridge_medium,10000,2,evaluation,0,7,-0.131623132177013,-0.1615192187845196,-0.1402573099743417,0.0017264169873669,-0.2931423509615327,-0.2718804421513547,1.0,49.0,58.0,204.08163265306123,0.0,0.249,1.1345558019095103,0.0,10000.0,49.0,,,,,,,,,,,,,
ridge_medium,10000,2,evaluation,1,1,-0.131623132177013,0.1088204584117354,0.1134413799619555,0.0018567499937489,-0.0228026737652776,-0.0181817522150575,1.0,1.0,10000.0,10000.0,0.0,0.0409,1.0191220661198443,0.0,10000.0,1.0,,,,,,,,,,,,,
ridge_medium,10000,2,evaluation,1,2,-0.131623132177013,0.0290342521892489,0.0355354825065794,0.0019791670201811,-0.1025888799877641,-0.0960876496704336,1.0,4.0,1772.0,2500.0,0.0,0.0789,1.0384123724190888,0.0,10000.0,4.0,,,,,,,,,,,,,
ridge_medium,10000,2,evaluation,1,3,-0.131623132177013,-0.0570865174986457,-0.0464032677241152,0.001868416002253,-0.1887096496756588,-0.1780263999011282,1.0,9.0,809.0,1111.111111111111,0.0,0.1132,1.057575624159704,0.0,10000.0,9.0,,,,,,,,,,,,,
ridge_medium,10000,2,evaluation,1,4,-0.131623132177013,-0.0779019941615308,-0.0635299309537011,0.0018401250126771,-0.2095251263385439,-0.1951530631307142,1.0,16.0,253.0,625.0,0.0,0.1551,1.0789902388042345,0.0,10000.0,16.0,,,,,,,,,,,,,
ridge_medium,10000,2,evaluation,1,5,-0.131623132177013,-0.1075738510958713,-0.0915639026740382,0.0017869169823825,-0.2391969832728844,-0.2231870348510513,1.0,25.0,177.0,400.0,0.0,0.1843,1.0973512728143378,0.0,10000.0,25.0,,,,,,,,,,,,,
ridge_medium,10000,2,evaluation,1,6,-0.131623132177013,-0.1322784072166705,-0.1124101412466889,0.0016997920174617,-0.2639015393936836,-0.244033273423702,1.0,36.0,78.0,277.77777777777777,0.0,0.2171,1.115039581436588,0.0,10000.0,36.0,,,,,,,,,,,,,
ridge_medium,10000,2,evaluation,1,7,-0.131623132177013,-0.1608733845256192,-0.1336444458509517,0.0016910420090425,-0.2924965167026323,-0.2652675780279648,1.0,49.0,66.0,204.08163265306123,0.0,0.2482,1.1322900462762078,0.0,10000.0,49.0,,,,,,,,,,,,,
ridge_medium,10000,2,evaluation,2,1,-0.131623132177013,0.1110522714324622,0.1124135792596882,0.001843000005465,-0.0205708607445508,-0.0192095529173248,1.0,1.0,10000.0,10000.0,0.0,0.0379,1.0201409358008262,0.0,10000.0,1.0,,,,,,,,,,,,,
ridge_medium,10000,2,evaluation,2,2,-0.131623132177013,0.0309885987006429,0.0348557520009923,0.0020630829967558,-0.1006345334763701,-0.0967673801760207,1.0,4.0,1756.0,2500.0,0.0,0.076,1.0397867513526762,0.0,10000.0,4.0,,,,,,,,,,,,,
ridge_medium,10000,2,evaluation,2,3,-0.131623132177013,-0.0562603210496064,-0.0487522952234423,0.0018974159902427,-0.1878834532266194,-0.1803754274004554,1.0,9.0,810.0,1111.111111111111,0.0,0.1116,1.059165509203731,0.0,10000.0,9.0,,,,,,,,,,,,,
ridge_medium,10000,2,evaluation,2,4,-0.131623132177013,-0.0795254762681539,-0.0700706559884322,0.0017545419977977,-0.211148608445167,-0.2016937881654452,1.0,16.0,252.0,625.0,0.0,0.1498,1.0794704924629637,0.0,10000.0,16.0,,,,,,,,,,,,,
ridge_medium,10000,2,evaluation,2,5,-0.131623132177013,-0.1098478535467053,-0.0970138861869603,0.0017354170267935,-0.2414709857237184,-0.2286370183639734,1.0,25.0,174.0,400.0,0.0,0.1866,1.0986766770610574,0.0,10000.0,25.0,,,,,,,,,,,,,
ridge_medium,10000,2,evaluation,2,6,-0.131623132177013,-0.1381871582672005,-0.1184474387585971,0.0017761659983079,-0.2698102904442136,-0.2500705709356102,1.0,36.0,82.0,277.77777777777777,0.0,0.2168,1.1157007404420485,0.0,10000.0,36.0,,,,,,,,,,,,,
ridge_medium,10000,2,evaluation,2,7,-0.131623132177013,-0.1599536299754047,-0.1373196294235221,0.0017054170020855,-0.2915767621524178,-0.2689427616005352,1.0,49.0,69.0,204.08163265306123,0.0,0.2515,1.1356023330250442,0.0,10000.0,49.0,,,,,,,,,,,,,
ridge_medium,10000,2,evaluation,3,1,-0.131623132177013,0.1112138966891008,0.1137401140863417,0.0018925000040326,-0.0204092354879122,-0.0178830180906713,1.0,1.0,10000.0,10000.0,0.0,0.0398,1.0198352783265128,0.0,10000.0,1.0,,,,,,,,,,,,,
ridge_medium,10000,2,evaluation,3,2,-0.131623132177013,0.0277847901678813,0.0339435196730897,0.0019853750127367,-0.1038383420091316,-0.0976796125039233,1.0,4.0,1744.0,2500.0,0.0,0.0798,1.039111000884162,0.0,10000.0,4.0,,,,,,,,,,,,,
ridge_medium,10000,2,evaluation,3,3,-0.131623132177013,-0.0645331919229315,-0.0560523601879768,0.0018771659815683,-0.1961563240999445,-0.1876754923649899,1.0,9.0,784.0,1111.111111111111,0.0,0.1155,1.0611428852012403,0.0,10000.0,9.0,,,,,,,,,,,,,
ridge_medium,10000,2,evaluation,3,4,-0.131623132177013,-0.0877298467936497,-0.0744586373022999,0.0018093330145347,-0.2193529789706628,-0.206081769479313,1.0,16.0,230.0,625.0,0.0,0.1495,1.077165247128094,0.0,10000.0,16.0,,,,,,,,,,,,,
ridge_medium,10000,2,evaluation,3,5,-0.131623132177013,-0.1169141459345324,-0.0995825686211996,0.0017216670094057,-0.2485372781115455,-0.2312057007982126,1.0,25.0,172.0,400.0,0.0,0.1876,1.096902845970484,0.0,10000.0,25.0,,,,,,,,,,,,,
ridge_medium,10000,2,evaluation,3,6,-0.131623132177013,-0.1392819985577342,-0.1208244990764848,0.0017280000029131,-0.2709051307347473,-0.2524476312534979,1.0,36.0,78.0,277.77777777777777,0.0,0.2205,1.1188141836600027,0.0,10000.0,36.0,,,,,,,,,,,,,
ridge_medium,10000,2,evaluation,3,7,-0.131623132177013,-0.1665791736115347,-0.1427772606429177,0.001695707993349,-0.2982023057885478,-0.2744003928199308,1.0,49.0,65.0,204.08163265306123,0.0,0.2526,1.133659127431475,0.0,10000.0,49.0,,,,,,,,,,,,,
ridge_medium,10000,2,evaluation,4,1,-0.131623132177013,0.1103856689500234,0.1134829133318641,0.0019945829990319,-0.0212374632269896,-0.0181402188451489,1.0,1.0,10000.0,10000.0,0.0,0.0404,1.0206872549210928,0.0,10000.0,1.0,,,,,,,,,,,,,
ridge_medium,10000,2,evaluation,4,2,-0.131623132177013,0.0317831409408784,0.0376838711829856,0.0019727920007426,-0.0998399912361346,-0.0939392609940274,1.0,4.0,1750.0,2500.0,0.0,0.0786,1.0401031271788732,0.0,10000.0,4.0,,,,,,,,,,,,,
ridge_medium,10000,2,evaluation,4,3,-0.131623132177013,-0.0502798814767116,-0.0411302585323743,0.001868208986707,-0.1819030136537247,-0.1727533907093874,1.0,9.0,805.0,1111.111111111111,0.0,0.114,1.0590848710803762,0.0,10000.0,9.0,,,,,,,,,,,,,
ridge_medium,10000,2,evaluation,4,4,-0.131623132177013,-0.0740328037034833,-0.0613096225758545,0.001763457985362,-0.2056559358804964,-0.1929327547528676,1.0,16.0,255.0,625.0,0.0,0.1495,1.078298016382391,0.0,10000.0,16.0,,,,,,,,,,,,,
ridge_medium,10000,2,evaluation,4,5,-0.131623132177013,-0.099985420548668,-0.08420431344374,0.0017103330173995,-0.2316085527256811,-0.2158274456207531,1.0,25.0,175.0,400.0,0.0,0.1825,1.0963213372055114,0.0,10000.0,25.0,,,,,,,,,,,,,
ridge_medium,10000,2,evaluation,4,6,-0.131623132177013,-0.1268038409419805,-0.1059399404205204,0.0018228749977424,-0.2584269731189936,-0.2375630725975335,1.0,36.0,90.0,277.77777777777777,0.0,0.2197,1.1163772020474878,0.0,10000.0,36.0,,,,,,,,,,,,,
ridge_medium,10000,2,evaluation,4,7,-0.131623132177013,-0.15276894224594,-0.1286831152612933,0.0017281670006923,-0.2843920744229531,-0.2603062474383064,1.0,49.0,74.0,204.08163265306123,0.0,0.249,1.1345267607542835,0.0,10000.0,49.0,,,,,,,,,,,,,
ridge_medium,10000,2,evaluation,5,1,-0.131623132177013,0.1114602223251165,0.1143511498427096,0.0018710420117713,-0.0201629098518965,-0.0172719823343034,1.0,1.0,10000.0,10000.0,0.0,0.0389,1.0196920051424423,0.0,10000.0,1.0,,,,,,,,,,,,,
ridge_medium,10000,2,evaluation,5,2,-0.131623132177013,0.0328089531387579,0.0393079855415293,0.0019804580078925,-0.098814179038255,-0.0923151466354837,1.0,4.0,1760.0,2500.0,0.0,0.0768,1.038863520489104,0.0,10000.0,4.0,,,,,,,,,,,,,
ridge_medium,10000,2,evaluation,5,3,-0.131623132177013,-0.0460908692403735,-0.0377457560410875,0.0019909580005332,-0.1777140014173865,-0.1693688882181006,1.0,9.0,814.0,1111.111111111111,0.0,0.1145,1.0595480872707317,0.0,10000.0,9.0,,,,,,,,,,,,,
ridge_medium,10000,2,evaluation,5,4,-0.131623132177013,-0.0706515199327649,-0.0585433846637774,0.0018282079836353,-0.202274652109778,-0.1901665168407905,1.0,16.0,272.0,625.0,0.0,0.1494,1.0780146052094204,0.0,10000.0,16.0,,,,,,,,,,,,,
ridge_medium,10000,2,evaluation,5,5,-0.131623132177013,-0.1016507640212593,-0.0877829254447745,0.0017281670006923,-0.2332738961982724,-0.2194060576217875,1.0,25.0,175.0,400.0,0.0,0.1844,1.0994196658492,0.0,10000.0,25.0,,,,,,,,,,,,,
ridge_medium,10000,2,evaluation,5,6,-0.131623132177013,-0.1239371825397402,-0.1045364259965476,0.0017040420207194,-0.2555603147167533,-0.2361595581735607,1.0,36.0,86.0,277.77777777777777,0.0,0.221,1.1157267309284726,0.0,10000.0,36.0,,,,,,,,,,,,,
ridge_medium,10000,2,evaluation,5,7,-0.131623132177013,-0.148515823648275,-0.1284731341480987,0.0017224580224137,-0.2801389558252881,-0.2600962663251118,1.0,49.0,61.0,204.08163265306123,0.0,0.2526,1.1358648109500065,0.0,10000.0,49.0,,,,,,,,,,,,,
ridge_medium,10000,2,evaluation,6,1,-0.131623132177013,0.1112347489981531,0.1139544769887285,0.0018799579993356,-0.0203883831788599,-0.0176686551882844,1.0,1.0,10000.0,10000.0,0.0,0.0387,1.020420580031418,0.0,10000.0,1.0,,,,,,,,,,,,,
ridge_medium,10000,2,evaluation,6,2,-0.131623132177013,0.0296040740620367,0.0352400467031517,0.0019730420026462,-0.1020190581149763,-0.0963830854738612,1.0,4.0,1769.0,2500.0,0.0,0.0759,1.0399331000452023,0.0,10000.0,4.0,,,,,,,,,,,,,
ridge_medium,10000,2,evaluation,6,3,-0.131623132177013,-0.0549082179965354,-0.0460976372660797,0.0019012499833479,-0.1865313501735485,-0.1777207694430928,1.0,9.0,819.0,1111.111111111111,0.0,0.1161,1.059440532526567,0.0,10000.0,9.0,,,,,,,,,,,,,
ridge_medium,10000,2,evaluation,6,4,-0.131623132177013,-0.0832111591821859,-0.0716616474088063,0.0017867919814307,-0.214834291359199,-0.2032847795858194,1.0,16.0,262.0,625.0,0.0,0.1471,1.0797241054715436,0.0,10000.0,16.0,,,,,,,,,,,,,
ridge_medium,10000,2,evaluation,6,5,-0.131623132177013,-0.1126120400355599,-0.0968875124439113,0.0017423329991288,-0.244235172212573,-0.2285106446209244,1.0,25.0,174.0,400.0,0.0,0.1841,1.0980208490668368,0.0,10000.0,25.0,,,,,,,,,,,,,
ridge_medium,10000,2,evaluation,6,6,-0.131623132177013,-0.1328322585539077,-0.1154345030885241,0.0017399999778717,-0.2644553907309208,-0.2470576352655372,1.0,36.0,89.0,277.77777777777777,0.0,0.2181,1.1179945034411758,0.0,10000.0,36.0,,,,,,,,,,,,,
ridge_medium,10000,2,evaluation,6,7,-0.131623132177013,-0.1626259640227959,-0.1383312638048938,0.0016667500021867,-0.294249096199809,-0.2699543959819069,1.0,49.0,67.0,204.08163265306123,0.0,0.2512,1.134092288071422,0.0,10000.0,49.0,,,,,,,,,,,,,
ridge_medium,10000,2,evaluation,7,1,-0.131623132177013,0.110242021124348,0.1141370748776085,0.0018685830000322,-0.0213811110526649,-0.0174860572994045,1.0,1.0,10000.0,10000.0,0.0,0.0403,1.020361201245087,0.0,10000.0,1.0,,,,,,,,,,,,,
ridge_medium,10000,2,evaluation,7,2,-0.131623132177013,0.026952723722636,0.0338515702900265,0.0019597499922383,-0.104670408454377,-0.0977715618869865,1.0,4.0,1780.0,2500.0,0.0,0.0784,1.039522742698461,0.0,10000.0,4.0,,,,,,,,,,,,,
ridge_medium,10000,2,evaluation,7,3,-0.131623132177013,-0.0524574165209613,-0.0422767245914498,0.0019069999980274,-0.1840805486979744,-0.1738998567684629,1.0,9.0,828.0,1111.111111111111,0.0,0.1134,1.058536321391267,0.0,10000.0,9.0,,,,,,,,,,,,,
ridge_medium,10000,2,evaluation,7,4,-0.131623132177013,-0.0791817722878551,-0.0647992227824007,0.0017825830145739,-0.2108049044648682,-0.1964223549594138,1.0,16.0,259.0,625.0,0.0,0.1486,1.078077687692093,0.0,10000.0,16.0,,,,,,,,,,,,,
ridge_medium,10000,2,evaluation,7,5,-0.131623132177013,-0.1090484496132694,-0.0910033695883159,0.0017134579829871,-0.2406715817902824,-0.2226265017653289,1.0,25.0,174.0,400.0,0.0,0.1825,1.0955800724871063,0.0,10000.0,25.0,,,,,,,,,,,,,
ridge_medium,10000,2,evaluation,7,6,-0.131623132177013,-0.1322003813586038,-0.1108686786695268,0.0017268749943468,-0.2638235135356169,-0.2424918108465399,1.0,36.0,91.0,277.77777777777777,0.0,0.2149,1.1139529363737897,0.0,10000.0,36.0,,,,,,,,,,,,,
ridge_medium,10000,2,evaluation,7,7,-0.131623132177013,-0.1588528939985081,-0.1376368146465807,0.0017035829951055,-0.2904760261755212,-0.2692599468235938,1.0,49.0,64.0,204.08163265306123,0.0,0.2513,1.1378708567564484,0.0,10000.0,49.0,,,,,,,,,,,,,
ridge_medium,10000,2,evaluation,8,1,-0.131623132177013,0.1113940962290583,0.1134647415861814,0.0018675000173971,-0.0202290359479547,-0.0181583905908316,1.0,1.0,10000.0,10000.0,0.0,0.0383,1.0203138430119307,0.0,10000.0,1.0,,,,,,,,,,,,,
ridge_medium,10000,2,evaluation,8,2,-0.131623132177013,0.0319810189896007,0.0379459085010322,0.0020007500133942,-0.0996421131874123,-0.0936772236759808,1.0,4.0,1808.0,2500.0,0.0,0.0776,1.0396486022633014,0.0,10000.0,4.0,,,,,,,,,,,,,
ridge_medium,10000,2,evaluation,8,3,-0.131623132177013,-0.0519421118808531,-0.0441446526233115,0.0018857500108424,-0.1835652440578662,-0.1757677848003246,1.0,9.0,816.0,1111.111111111111,0.0,0.1134,1.060536311455509,0.0,10000.0,9.0,,,,,,,,,,,,,
ridge_medium,10000,2,evaluation,8,4,-0.131623132177013,-0.0797614512231475,-0.0675276579803959,0.0017949999892152,-0.2113845834001606,-0.199150790157409,1.0,16.0,252.0,625.0,0.0,0.152,1.078985198081513,0.0,10000.0,16.0,,,,,,,,,,,,,
ridge_medium,10000,2,evaluation,8,5,-0.131623132177013,-0.1062743935668335,-0.0913096052255005,0.0017743749776855,-0.2378975257438466,-0.2229327374025136,1.0,25.0,176.0,400.0,0.0,0.183,1.099365272644518,0.0,10000.0,25.0,,,,,,,,,,,,,
ridge_medium,10000,2,evaluation,8,6,-0.131623132177013,-0.1333101122198211,-0.1140378692798567,0.0017258749867323,-0.2649332443968342,-0.2456610014568698,1.0,36.0,82.0,277.77777777777777,0.0,0.2174,1.116091269102685,0.0,10000.0,36.0,,,,,,,,,,,,,
ridge_medium,10000,2,evaluation,8,7,-0.131623132177013,-0.1553235139446268,-0.1375060156040813,0.0016871670086402,-0.2869466461216399,-0.2691291477810943,1.0,49.0,60.0,204.08163265306123,0.0,0.2512,1.1376104133363334,0.0,10000.0,49.0,,,,,,,,,,,,,
ridge_medium,10000,2,evaluation,9,1,-0.131623132177013,0.111800344468302,0.1137384823636536,0.0018693330057431,-0.019822787708711,-0.0178846498133594,1.0,1.0,10000.0,10000.0,0.0,0.0394,1.0205858613537342,0.0,10000.0,1.0,,,,,,,,,,,,,
ridge_medium,10000,2,evaluation,9,2,-0.131623132177013,0.0291237908520181,0.0336607688641784,0.0019873340206686,-0.1024993413249949,-0.0979623633128346,1.0,4.0,1730.0,2500.0,0.0,0.0777,1.0397508807289937,0.0,10000.0,4.0,,,,,,,,,,,,,
ridge_medium,10000,2,evaluation,9,3,-0.131623132177013,-0.0559686867111556,-0.0477543330390912,0.0019211250182706,-0.1875918188881687,-0.1793774652161043,1.0,9.0,836.0,1111.111111111111,0.0,0.1117,1.0602907821165874,0.0,10000.0,9.0,,,,,,,,,,,,,
ridge_medium,10000,2,evaluation,9,4,-0.131623132177013,-0.0803694830402001,-0.0681784006694864,0.0017749170074239,-0.2119926152172132,-0.1998015328464995,1.0,16.0,254.0,625.0,0.0,0.1494,1.079270596507697,0.0,10000.0,16.0,,,,,,,,,,,,,
ridge_medium,10000,2,evaluation,9,5,-0.131623132177013,-0.1101154781829041,-0.0954086009595747,0.0017170410137623,-0.2417386103599172,-0.2270317331365878,1.0,25.0,178.0,400.0,0.0,0.1844,1.098546816148344,0.0,10000.0,25.0,,,,,,,,,,,,,
ridge_medium,10000,2,evaluation,9,6,-0.131623132177013,-0.1316364344208664,-0.1157780185311251,0.0017137499817181,-0.2632595665978795,-0.2474011507081382,1.0,36.0,84.0,277.77777777777777,0.0,0.2162,1.1157970080520696,0.0,10000.0,36.0,,,,,,,,,,,,,
ridge_medium,10000,2,evaluation,9,7,-0.131623132177013,-0.1621544791865841,-0.1391102604855863,0.0016901250055525,-0.2937776113635972,-0.2707333926625994,1.0,49.0,62.0,204.08163265306123,0.0,0.2535,1.1363584776139688,0.0,10000.0,49.0,,,,,,,,,,,,,
ridge_medium,10000,2,evaluation,10,1,-0.131623132177013,0.1103587800846167,0.1136070121581395,0.0019047500099986,-0.0212643520923963,-0.0180161200188735,1.0,1.0,10000.0,10000.0,0.0,0.039,1.0197614705171651,0.0,10000.0,1.0,,,,,,,,,,,,,
ridge_medium,10000,2,evaluation,10,2,-0.131623132177013,0.0314260210211918,0.0371841417236964,0.0020124160218983,-0.1001971111558211,-0.0944389904533166,1.0,4.0,1799.0,2500.0,0.0,0.0759,1.0395618134484614,0.0,10000.0,4.0,,,,,,,,,,,,,
ridge_medium,10000,2,evaluation,10,3,-0.131623132177013,-0.0498136867816698,-0.0401862211903985,0.0018898749840445,-0.1814368189586828,-0.1718093533674116,1.0,9.0,801.0,1111.111111111111,0.0,0.1135,1.0587533279390895,0.0,10000.0,9.0,,,,,,,,,,,,,
ridge_medium,10000,2,evaluation,10,4,-0.131623132177013,-0.0756949359168159,-0.0626735246707102,0.0019162090029567,-0.207318068093829,-0.1942966568477233,1.0,16.0,262.0,625.0,0.0,0.1506,1.078035987444968,0.0,10000.0,16.0,,,,,,,,,,,,,
ridge_medium,10000,2,evaluation,10,5,-0.131623132177013,-0.1015654334531362,-0.0854264970427154,0.001777083001798,-0.2331885656301492,-0.2170496292197285,1.0,25.0,181.0,400.0,0.0,0.1823,1.0967592920300482,0.0,10000.0,25.0,,,,,,,,,,,,,
ridge_medium,10000,2,evaluation,10,6,-0.131623132177013,-0.1278107957461985,-0.1076787136684062,0.001709625008516,-0.2594339279232116,-0.2393018458454193,1.0,36.0,92.0,277.77777777777777,0.0,0.2157,1.1167220986615205,0.0,10000.0,36.0,,,,,,,,,,,,,
ridge_medium,10000,2,evaluation,10,7,-0.131623132177013,-0.1505031300727949,-0.1293441156901064,0.001676750020124,-0.2821262622498079,-0.2609672478671195,1.0,49.0,63.0,204.08163265306123,0.0,0.2492,1.1367328738971445,0.0,10000.0,49.0,,,,,,,,,,,,,
ridge_medium,10000,2,evaluation,11,1,-0.131623132177013,0.1114586281169558,0.1141490215932088,0.0018626250093802,-0.0201645040600572,-0.0174741105838042,1.0,1.0,10000.0,10000.0,0.0,0.0393,1.019443683923216,0.0,10000.0,1.0,,,,,,,,,,,,,
ridge_medium,10000,2,evaluation,11,2,-0.131623132177013,0.0288280603642259,0.0342999636790294,0.0020206670160405,-0.102795071812787,-0.0973231684979836,1.0,4.0,1754.0,2500.0,0.0,0.078,1.0397145569579411,0.0,10000.0,4.0,,,,,,,,,,,,,
ridge_medium,10000,2,evaluation,11,3,-0.131623132177013,-0.0512776588524264,-0.0403153415596294,0.0019064170191995,-0.1829007910294395,-0.1719384737366425,1.0,9.0,794.0,1111.111111111111,0.0,0.1143,1.0590248419308983,0.0,10000.0,9.0,,,,,,,,,,,,,
ridge_medium,10000,2,evaluation,11,4,-0.131623132177013,-0.0738964197679601,-0.0616178654692151,0.0017840419895946,-0.2055195519449732,-0.1932409976462282,1.0,16.0,269.0,625.0,0.0,0.1492,1.0781678344616483,0.0,10000.0,16.0,,,,,,,,,,,,,
ridge_medium,10000,2,evaluation,11,5,-0.131623132177013,-0.1014733930247179,-0.0878242479237075,0.0017296669830102,-0.233096525201731,-0.2194473801007206,1.0,25.0,177.0,400.0,0.0,0.1829,1.0980375904859938,0.0,10000.0,25.0,,,,,,,,,,,,,
ridge_medium,10000,2,evaluation,11,6,-0.131623132177013,-0.126009334858836,-0.1074890888177048,0.0017371250141877,-0.2576324670358491,-0.2391122209947179,1.0,36.0,84.0,277.77777777777777,0.0,0.2171,1.1156962948529237,0.0,10000.0,36.0,,,,,,,,,,,,,
ridge_medium,10000,2,evaluation,11,7,-0.131623132177013,-0.1560393302339239,-0.1288167393631498,0.0017272499972023,-0.287662462410937,-0.2604398715401629,1.0,49.0,69.0,204.08163265306123,0.0,0.2536,1.1333007087427205,0.0,10000.0,49.0,,,,,,,,,,,,,
ridge_medium,10000,2,evaluation,12,1,-0.131623132177013,0.1095678911023511,0.1131688066698641,0.0018933750106953,-0.0220552410746619,-0.0184543255071489,1.0,1.0,10000.0,10000.0,0.0,0.0375,1.0200551927065196,0.0,10000.0,1.0,,,,,,,,,,,,,
ridge_medium,10000,2,evaluation,12,2,-0.131623132177013,0.0229001934356768,0.0297825783581739,0.0020007920102216,-0.1087229387413362,-0.1018405538188391,1.0,4.0,1765.0,2500.0,0.0,0.0773,1.040499387829778,0.0,10000.0,4.0,,,,,,,,,,,,,
ridge_medium,10000,2,evaluation,12,3,-0.131623132177013,-0.0639467900655871,-0.0535982372004268,0.00188325002091,-0.1955699222426001,-0.1852213693774399,1.0,9.0,815.0,1111.111111111111,0.0,0.1147,1.059411754645672,0.0,10000.0,9.0,,,,,,,,,,,,,
ridge_medium,10000,2,evaluation,12,4,-0.131623132177013,-0.0874344323980488,-0.0737152692538541,0.0019118330092169,-0.2190575645750619,-0.2053384014308672,1.0,16.0,230.0,625.0,0.0,0.1513,1.0805032287361034,0.0,10000.0,16.0,,,,,,,,,,,,,
ridge_medium,10000,2,evaluation,12,5,-0.131623132177013,-0.1112382474022045,-0.094159174363273,0.0017549170006532,-0.2428613795792176,-0.2257823065402861,1.0,25.0,173.0,400.0,0.0,0.1828,1.096032952754369,0.0,10000.0,25.0,,,,,,,,,,,,,
ridge_medium,10000,2,evaluation,12,6,-0.131623132177013,-0.1376070371905719,-0.1169825126433846,0.0017150829953607,-0.269230169367585,-0.2486056448203976,1.0,36.0,77.0,277.77777777777777,0.0,0.2177,1.1163038677544743,0.0,10000.0,36.0,,,,,,,,,,,,,
ridge_medium,10000,2,evaluation,12,7,-0.131623132177013,-0.1623219168229682,-0.1377900482548033,0.001684374990873,-0.2939450489999813,-0.2694131804318164,1.0,49.0,62.0,204.08163265306123,0.0,0.2498,1.1362769096640757,0.0,10000.0,49.0,,,,,,,,,,,,,
ridge_medium,10000,2,evaluation,13,1,-0.131623132177013,0.1109903769058611,0.1149578165514872,0.0018607499951031,-0.0206327552711519,-0.0166653156255258,1.0,1.0,10000.0,10000.0,0.0,0.039,1.0191669771708842,0.0,10000.0,1.0,,,,,,,,,,,,,
ridge_medium,10000,2,evaluation,13,2,-0.131623132177013,0.0298495717094548,0.0374474701522047,0.0021870419732294,-0.1017735604675582,-0.0941756620248082,1.0,4.0,1718.0,2500.0,0.0,0.0777,1.0382455023478296,0.0,10000.0,4.0,,,,,,,,,,,,,
ridge_medium,10000,2,evaluation,13,3,-0.131623132177013,-0.0538152884682093,-0.0445927716370168,0.0019278330146335,-0.1854384206452224,-0.1762159038140298,1.0,9.0,779.0,1111.111111111111,0.0,0.1147,1.0579712014428873,0.0,10000.0,9.0,,,,,,,,,,,,,
ridge_medium,10000,2,evaluation,13,4,-0.131623132177013,-0.0804084792704813,-0.0687756021012847,0.0017950829933397,-0.2120316114474944,-0.2003987342782978,1.0,16.0,238.0,625.0,0.0,0.1505,1.0786358641031333,0.0,10000.0,16.0,,,,,,,,,,,,,
ridge_medium,10000,2,evaluation,13,5,-0.131623132177013,-0.1063159457736184,-0.0913595612351099,0.0017397079791408,-0.2379390779506315,-0.2229826934121229,1.0,25.0,180.0,400.0,0.0,0.1842,1.098893462505503,0.0,10000.0,25.0,,,,,,,,,,,,,
ridge_medium,10000,2,evaluation,13,6,-0.131623132177013,-0.1323931744055197,-0.111637967468512,0.0018340419919695,-0.2640163065825328,-0.2432610996455251,1.0,36.0,85.0,277.77777777777777,0.0,0.2158,1.1105512580381058,0.0,10000.0,36.0,,,,,,,,,,,,,
ridge_medium,10000,2,evaluation,13,7,-0.131623132177013,-0.1584667272872537,-0.1345824769834853,0.0017321250052191,-0.2900898594642668,-0.2662056091604984,1.0,49.0,57.0,204.08163265306123,0.0,0.2496,1.1346310951616962,0.0,10000.0,49.0,,,,,,,,,,,,,
ridge_medium,10000,2,evaluation,14,1,-0.131623132177013,0.1107946361507698,0.1136411527159645,0.0019244169816374,-0.0208284960262432,-0.0179819794610485,1.0,1.0,10000.0,10000.0,0.0,0.038,1.019903075012812,0.0,10000.0,1.0,,,,,,,,,,,,,
ridge_medium,10000,2,evaluation,14,2,-0.131623132177013,0.0254026426151399,0.0316583998287683,0.0020055409986525,-0.1062204895618731,-0.0999647323482447,1.0,4.0,1754.0,2500.0,0.0,0.0766,1.0402864392809918,0.0,10000.0,4.0,,,,,,,,,,,,,
ridge_medium,10000,2,evaluation,14,3,-0.131623132177013,-0.056244836959801,-0.0466221907255061,0.0018992080003954,-0.1878679691368141,-0.1782453229025192,1.0,9.0,808.0,1111.111111111111,0.0,0.1129,1.060063341567847,0.0,10000.0,9.0,,,,,,,,,,,,,
ridge_medium,10000,2,evaluation,14,4,-0.131623132177013,-0.0807881092421343,-0.0677404390425992,0.0018493749957997,-0.2124112414191474,-0.1993635712196123,1.0,16.0,240.0,625.0,0.0,0.1477,1.0784609711993172,0.0,10000.0,16.0,,,,,,,,,,,,,
ridge_medium,10000,2,evaluation,14,5,-0.131623132177013,-0.1112145236045077,-0.0954084877282758,0.0017804999952204,-0.2428376557815207,-0.2270316199052889,1.0,25.0,189.0,400.0,0.0,0.1824,1.098040088780075,0.0,10000.0,25.0,,,,,,,,,,,,,
ridge_medium,10000,2,evaluation,14,6,-0.131623132177013,-0.1337354575389489,-0.1148273650449868,0.0017161249998025,-0.265358589715962,-0.2464504972219999,1.0,36.0,94.0,277.77777777777777,0.0,0.2177,1.115853248728942,0.0,10000.0,36.0,,,,,,,,,,,,,
ridge_medium,10000,2,evaluation,14,7,-0.131623132177013,-0.1609123440733058,-0.1375798732815766,0.0016866660153027,-0.2925354762503189,-0.2692030054585897,1.0,49.0,72.0,204.08163265306123,0.0,0.2437,1.133554994268469,0.0,10000.0,49.0,,,,,,,,,,,,,
ridge_medium,10000,2,evaluation,15,1,-0.131623132177013,0.1108317310587642,0.1134352086991889,0.0018944999901577,-0.0207914011182488,-0.0181879234778241,1.0,1.0,10000.0,10000.0,0.0,0.0396,1.0207290589895872,0.0,10000.0,1.0,,,,,,,,,,,,,
ridge_medium,10000,2,evaluation,15,2,-0.131623132177013,0.0313989281690202,0.0376967514238922,0.0019950419955421,-0.1002242040079928,-0.0939263807531208,1.0,4.0,1766.0,2500.0,0.0,0.0778,1.0395023038415614,0.0,10000.0,4.0,,,,,,,,,,,,,
ridge_medium,10000,2,evaluation,15,3,-0.131623132177013,-0.0489876770380441,-0.03878760691206,0.0018840420234482,-0.1806108092150572,-0.1704107390890731,1.0,9.0,805.0,1111.111111111111,0.0,0.1142,1.0575041943132442,0.0,10000.0,9.0,,,,,,,,,,,,,
ridge_medium,10000,2,evaluation,15,4,-0.131623132177013,-0.0732616443010135,-0.0635351544389507,0.0017766669916454,-0.2048847764780266,-0.1951582866159638,1.0,16.0,252.0,625.0,0.0,0.1473,1.07770493748213,0.0,10000.0,16.0,,,,,,,,,,,,,
ridge_medium,10000,2,evaluation,15,5,-0.131623132177013,-0.0983275035360952,-0.0853199472507476,0.0017243750044144,-0.2299506357131083,-0.2169430794277606,1.0,25.0,180.0,400.0,0.0,0.1861,1.0995204555446014,0.0,10000.0,25.0,,,,,,,,,,,,,
ridge_medium,10000,2,evaluation,15,6,-0.131623132177013,-0.1262702973401452,-0.1071386846802596,0.0017519999819342,-0.2578934295171583,-0.2387618168572726,1.0,36.0,86.0,277.77777777777777,0.0,0.2187,1.114537877382617,0.0,10000.0,36.0,,,,,,,,,,,,,
ridge_medium,10000,2,evaluation,15,7,-0.131623132177013,-0.1508614595035869,-0.1279664747711368,0.0016802089812699,-0.2824845916806,-0.2595896069481499,1.0,49.0,76.0,204.08163265306123,0.0,0.2536,1.1347573466359009,0.0,10000.0,49.0,,,,,,,,,,,,,
ridge_medium,10000,2,evaluation,16,1,-0.131623132177013,0.1115267291442236,0.1149405828858123,0.0018622090283315,-0.0200964030327894,-0.0166825492912007,1.0,1.0,10000.0,10000.0,0.0,0.0394,1.0198616632081816,0.0,10000.0,1.0,,,,,,,,,,,,,
ridge_medium,10000,2,evaluation,16,2,-0.131623132177013,0.0322851508451826,0.0388197341472053,0.0019645419961307,-0.0993379813318303,-0.0928033980298077,1.0,4.0,1777.0,2500.0,0.0,0.0784,1.038663350454171,0.0,10000.0,4.0,,,,,,,,,,,,,
ridge_medium,10000,2,evaluation,16,3,-0.131623132177013,-0.0450498390869726,-0.0343868143522786,0.0019524589879438,-0.1766729712639857,-0.1660099465292917,1.0,9.0,844.0,1111.111111111111,0.0,0.1152,1.057713113765524,0.0,10000.0,9.0,,,,,,,,,,,,,
ridge_medium,10000,2,evaluation,16,4,-0.131623132177013,-0.0714047387232964,-0.0587449487032778,0.0018934170075226,-0.2030278709003095,-0.1903680808802909,1.0,16.0,253.0,625.0,0.0,0.1481,1.0773493005464236,0.0,10000.0,16.0,,,,,,,,,,,,,
ridge_medium,10000,2,evaluation,16,5,-0.131623132177013,-0.1000305568899044,-0.0825101142375927,0.0017321670020464,-0.2316536890669175,-0.2141332464146058,1.0,25.0,188.0,400.0,0.0,0.1838,1.0969221399396434,0.0,10000.0,25.0,,,,,,,,,,,,,
ridge_medium,10000,2,evaluation,16,6,-0.131623132177013,-0.121327047723588,-0.0990673743083642,0.0017458329966757,-0.2529501799006011,-0.2306905064853772,1.0,36.0,96.0,277.77777777777777,0.0,0.2196,1.113586108173876,0.0,10000.0,36.0,,,,,,,,,,,,,
ridge_medium,10000,2,evaluation,16,7,-0.131623132177013,-0.1449294491978498,-0.1217187127095356,0.0017128750041592,-0.2765525813748629,-0.2533418448865487,1.0,49.0,71.0,204.08163265306123,0.0,0.2536,1.1360862000330745,0.0,10000.0,49.0,,,,,,,,,,,,,
ridge_medium,10000,2,evaluation,17,1,-0.131623132177013,0.1099615768955678,0.1128807536081898,0.0019449589890427,-0.0216615552814452,-0.0187423785688232,1.0,1.0,10000.0,10000.0,0.0,0.0383,1.0195638668847522,0.0,10000.0,1.0,,,,,,,,,,,,,
ridge_medium,10000,2,evaluation,17,2,-0.131623132177013,0.0320399930517355,0.0373934617866835,0.002046750014415,-0.0995831391252775,-0.0942296703903294,1.0,4.0,1791.0,2500.0,0.0,0.0755,1.0387396715911392,0.0,10000.0,4.0,,,,,,,,,,,,,
ridge_medium,10000,2,evaluation,17,3,-0.131623132177013,-0.0477152228719935,-0.0381391142431408,0.0018764169944915,-0.1793383550490066,-0.1697622464201539,1.0,9.0,821.0,1111.111111111111,0.0,0.1146,1.0585306027129984,0.0,10000.0,9.0,,,,,,,,,,,,,
ridge_medium,10000,2,evaluation,17,4,-0.131623132177013,-0.0712602157863581,-0.059516680829153,0.0017933750059455,-0.2028833479633712,-0.1911398130061661,1.0,16.0,266.0,625.0,0.0,0.1496,1.077702124021356,0.0,10000.0,16.0,,,,,,,,,,,,,
ridge_medium,10000,2,evaluation,17,5,-0.131623132177013,-0.1005844440179794,-0.0857074724328622,0.0017972500063478,-0.2322075761949925,-0.2173306046098753,1.0,25.0,193.0,400.0,0.0,0.1826,1.096331778545696,0.0,10000.0,25.0,,,,,,,,,,,,,
ridge_medium,10000,2,evaluation,17,6,-0.131623132177013,-0.124719013391299,-0.1059460120708453,0.0017245000053662,-0.2563421455683121,-0.2375691442478584,1.0,36.0,92.0,277.77777777777777,0.0,0.2178,1.115531540925528,0.0,10000.0,36.0,,,,,,,,,,,,,
ridge_medium,10000,2,evaluation,17,7,-0.131623132177013,-0.1484763083223853,-0.1262566409095789,0.0017129580082837,-0.2800994404993984,-0.257879773086592,1.0,49.0,72.0,204.08163265306123,0.0,0.2519,1.1368276149902017,0.0,10000.0,49.0,,,,,,,,,,,,,
ridge_medium,10000,2,evaluation,18,1,-0.131623132177013,0.1115079112791725,0.1139748283704545,0.0018958330038003,-0.0201152208978405,-0.0176483038065585,1.0,1.0,10000.0,10000.0,0.0,0.0385,1.0195586407295048,0.0,10000.0,1.0,,,,,,,,,,,,,
ridge_medium,10000,2,evaluation,18,2,-0.131623132177013,0.0299050526884469,0.0348034513652149,0.0019997500057797,-0.1017180794885661,-0.0968196808117981,1.0,4.0,1772.0,2500.0,0.0,0.0781,1.0404053838942715,0.0,10000.0,4.0,,,,,,,,,,,,,
ridge_medium,10000,2,evaluation,18,3,-0.131623132177013,-0.0542646505204858,-0.0455445903228642,0.0019437500159256,-0.1858877826974989,-0.1771677224998773,1.0,9.0,760.0,1111.111111111111,0.0,0.1151,1.0593366827289006,0.0,10000.0,9.0,,,,,,,,,,,,,
ridge_medium,10000,2,evaluation,18,4,-0.131623132177013,-0.0804346303063024,-0.0670171545444709,0.0018339169910177,-0.2120577624833155,-0.1986402867214839,1.0,16.0,255.0,625.0,0.0,0.1469,1.0775852870830915,0.0,10000.0,16.0,,,,,,,,,,,,,
ridge_medium,10000,2,evaluation,18,5,-0.131623132177013,-0.1065162870826918,-0.0915727578699845,0.00173150000046,-0.2381394192597049,-0.2231958900469976,1.0,25.0,168.0,400.0,0.0,0.1835,1.097572248350711,0.0,10000.0,25.0,,,,,,,,,,,,,
ridge_medium,10000,2,evaluation,18,6,-0.131623132177013,-0.1340367367982599,-0.1119681286118161,0.0017515000072307,-0.265659868975273,-0.2435912607888291,1.0,36.0,78.0,277.77777777777777,0.0,0.218,1.1145309043778184,0.0,10000.0,36.0,,,,,,,,,,,,,
ridge_medium,10000,2,evaluation,18,7,-0.131623132177013,-0.1591447711435119,-0.1362910168553144,0.001714375015581,-0.290767903320525,-0.2679141490323275,1.0,49.0,69.0,204.08163265306123,0.0,0.2504,1.135656307774252,0.0,10000.0,49.0,,,,,,,,,,,,,
ridge_medium,10000,2,evaluation,19,1,-0.131623132177013,0.1111658767017186,0.1136769048083458,0.0019102500227745,-0.0204572554752944,-0.0179462273686672,1.0,1.0,10000.0,10000.0,0.0,0.0383,1.0199261119535872,0.0,10000.0,1.0,,,,,,,,,,,,,
ridge_medium,10000,2,evaluation,19,2,-0.131623132177013,0.0311895823241323,0.0356453709622833,0.0020149160118307,-0.1004335498528807,-0.0959777612147297,1.0,4.0,1741.0,2500.0,0.0,0.0756,1.039771418793701,0.0,10000.0,4.0,,,,,,,,,,,,,
ridge_medium,10000,2,evaluation,19,3,-0.131623132177013,-0.0493153929704437,-0.0409700251605658,0.0018670000135898,-0.1809385251474568,-0.1725931573375789,1.0,9.0,822.0,1111.111111111111,0.0,0.1143,1.05824728676428,0.0,10000.0,9.0,,,,,,,,,,,,,
ridge_medium,10000,2,evaluation,19,4,-0.131623132177013,-0.0765484879989085,-0.0644555299749393,0.0017872909957077,-0.2081716201759215,-0.1960786621519523,1.0,16.0,235.0,625.0,0.0,0.1486,1.0777614592397111,0.0,10000.0,16.0,,,,,,,,,,,,,
ridge_medium,10000,2,evaluation,19,5,-0.131623132177013,-0.1017676420625717,-0.0893629556915485,0.0017875829944387,-0.2333907742395848,-0.2209860878685616,1.0,25.0,186.0,400.0,0.0,0.1834,1.0984471343395268,0.0,10000.0,25.0,,,,,,,,,,,,,
ridge_medium,10000,2,evaluation,19,6,-0.131623132177013,-0.1325617272540943,-0.1114897629326591,0.0017643329920247,-0.2641848594311074,-0.2431128951096722,1.0,36.0,91.0,277.77777777777777,0.0,0.2191,1.1154833683065626,0.0,10000.0,36.0,,,,,,,,,,,,,
ridge_medium,10000,2,evaluation,19,7,-0.131623132177013,-0.1535126670176363,-0.1292582634643359,0.0017037500219885,-0.2851357991946494,-0.260881395641349,1.0,49.0,63.0,204.08163265306123,0.0,0.2481,1.1348607869229617,0.0,10000.0,49.0,,,,,,,,,,,,,
ridge_medium,10000,2,evaluation,20,1,-0.131623132177013,0.1110859294985711,0.1139903496894,0.0018592919805087,-0.0205372026784419,-0.017632782487613,1.0,1.0,10000.0,10000.0,0.0,0.0389,1.0197251451162312,0.0,10000.0,1.0,,,,,,,,,,,,,
ridge_medium,10000,2,evaluation,20,2,-0.131623132177013,0.0295813234894571,0.0368118078324466,0.0020304580102674,-0.1020418086875559,-0.0948113243445664,1.0,4.0,1769.0,2500.0,0.0,0.0794,1.038785160331825,0.0,10000.0,4.0,,,,,,,,,,,,,
ridge_medium,10000,2,evaluation,20,3,-0.131623132177013,-0.0490523197339469,-0.0407346236285522,0.0020054999913554,-0.18067545191096,-0.1723577558055653,1.0,9.0,821.0,1111.111111111111,0.0,0.1132,1.0589836277198683,0.0,10000.0,9.0,,,,,,,,,,,,,
ridge_medium,10000,2,evaluation,20,4,-0.131623132177013,-0.0773564042624549,-0.0637094631338784,0.0017936250078491,-0.208979536439468,-0.1953325953108914,1.0,16.0,233.0,625.0,0.0,0.15,1.076800941090684,0.0,10000.0,16.0,,,,,,,,,,,,,
ridge_medium,10000,2,evaluation,20,5,-0.131623132177013,-0.1007609940422069,-0.0890281445232733,0.0017487500153947,-0.23238412621922,-0.2206512767002864,1.0,25.0,177.0,400.0,0.0,0.1827,1.0989221744458857,0.0,10000.0,25.0,,,,,,,,,,,,,
ridge_medium,10000,2,evaluation,20,6,-0.131623132177013,-0.1285304791364446,-0.1078647871282714,0.0017317080055363,-0.2601536113134577,-0.2394879193052845,1.0,36.0,86.0,277.77777777777777,0.0,0.2188,1.1146034748988107,0.0,10000.0,36.0,,,,,,,,,,,,,
ridge_medium,10000,2,evaluation,20,7,-0.131623132177013,-0.1522913070180768,-0.1305338053773949,0.0016854580026119,-0.2839144391950899,-0.262156937554408,1.0,49.0,69.0,204.08163265306123,0.0,0.2521,1.1362278488342423,0.0,10000.0,49.0,,,,,,,,,,,,,
ridge_medium,10000,2,evaluation,21,1,-0.131623132177013,0.1112771635852081,0.1143625892355532,0.0019887500093318,-0.0203459685918048,-0.0172605429414598,1.0,1.0,10000.0,10000.0,0.0,0.0395,1.019664498985282,0.0,10000.0,1.0,,,,,,,,,,,,,
ridge_medium,10000,2,evaluation,21,2,-0.131623132177013,0.0254245610899785,0.0313933655459379,0.0019836249994114,-0.1061985710870345,-0.1002297666310751,1.0,4.0,1767.0,2500.0,0.0,0.0766,1.039253098863553,0.0,10000.0,4.0,,,,,,,,,,,,,
ridge_medium,10000,2,evaluation,21,3,-0.131623132177013,-0.055241059301905,-0.0439113007049284,0.0018736670026555,-0.1868641914789181,-0.1755344328819414,1.0,9.0,800.0,1111.111111111111,0.0,0.1132,1.0581320015569484,0.0,10000.0,9.0,,,,,,,,,,,,,
ridge_medium,10000,2,evaluation,21,4,-0.131623132177013,-0.0787916491791357,-0.0654823058236947,0.0017949169850908,-0.2104147813561488,-0.1971054380007078,1.0,16.0,245.0,625.0,0.0,0.1487,1.0773337825245353,0.0,10000.0,16.0,,,,,,,,,,,,,
ridge_medium,10000,2,evaluation,21,5,-0.131623132177013,-0.1074022446592065,-0.0914194071261881,0.0018089579825755,-0.2390253768362195,-0.2230425393032012,1.0,25.0,183.0,400.0,0.0,0.1828,1.0969323024290003,0.0,10000.0,25.0,,,,,,,,,,,,,
ridge_medium,10000,2,evaluation,21,6,-0.131623132177013,-0.1334508206708921,-0.1143118110337102,0.0017840829968918,-0.2650739528479052,-0.2459349432107233,1.0,36.0,84.0,277.77777777777777,0.0,0.219,1.115443156045106,0.0,10000.0,36.0,,,,,,,,,,,,,
ridge_medium,10000,2,evaluation,21,7,-0.131623132177013,-0.1567141798276608,-0.1353070711595748,0.0017063749837689,-0.2883373120046739,-0.2669302033365879,1.0,49.0,64.0,204.08163265306123,0.0,0.2507,1.1354122465638328,0.0,10000.0,49.0,,,,,,,,,,,,,
ridge_medium,10000,2,evaluation,22,1,-0.131623132177013,0.1133984036974882,0.1149042859090812,0.0018522909958846,-0.0182247284795248,-0.0167188462679318,1.0,1.0,10000.0,10000.0,0.0,0.0384,1.0190553536391018,0.0,10000.0,1.0,,,,,,,,,,,,,
ridge_medium,10000,2,evaluation,22,2,-0.131623132177013,0.0300827417543942,0.0352259291769143,0.0020654999825637,-0.1015403904226188,-0.0963972030000987,1.0,4.0,1800.0,2500.0,0.0,0.0777,1.0392776985008936,0.0,10000.0,4.0,,,,,,,,,,,,,
ridge_medium,10000,2,evaluation,22,3,-0.131623132177013,-0.05353854663451,-0.0450430926637548,0.0019610419985838,-0.1851616788115231,-0.1766662248407679,1.0,9.0,799.0,1111.111111111111,0.0,0.1116,1.058398946292861,0.0,10000.0,9.0,,,,,,,,,,,,,
ridge_medium,10000,2,evaluation,22,4,-0.131623132177013,-0.079065906569467,-0.0675146416423611,0.0017930830072145,-0.2106890387464801,-0.1991377738193742,1.0,16.0,240.0,625.0,0.0,0.1497,1.078250849222226,0.0,10000.0,16.0,,,,,,,,,,,,,
ridge_medium,10000,2,evaluation,22,5,-0.131623132177013,-0.1054514662327049,-0.0905699031769341,0.0017235840205103,-0.237074598409718,-0.2221930353539472,1.0,25.0,192.0,400.0,0.0,0.1857,1.0989046448818942,0.0,10000.0,25.0,,,,,,,,,,,,,
ridge_medium,10000,2,evaluation,22,6,-0.131623132177013,-0.1298792100358146,-0.1104325718663788,0.0017725419893395,-0.2615023422128277,-0.2420557040433919,1.0,36.0,90.0,277.77777777777777,0.0,0.2144,1.114451587118594,0.0,10000.0,36.0,,,,,,,,,,,,,
ridge_medium,10000,2,evaluation,22,7,-0.131623132177013,-0.1570455452265734,-0.1330972307781129,0.0017234169936273,-0.2886686774035865,-0.2647203629551259,1.0,49.0,68.0,204.08163265306123,0.0,0.2533,1.1350533297910552,0.0,10000.0,49.0,,,,,,,,,,,,,
ridge_medium,10000,2,evaluation,23,1,-0.131623132177013,0.1130419641724016,0.1142274986641962,0.0021225830132607,-0.0185811680046114,-0.0173956335128168,1.0,1.0,10000.0,10000.0,0.0,0.0391,1.0202694341338254,0.0,10000.0,1.0,,,,,,,,,,,,,
ridge_medium,10000,2,evaluation,23,2,-0.131623132177013,0.0266314052643628,0.0311068409379758,0.002027167007327,-0.1049917269126502,-0.1005162912390372,1.0,4.0,1677.0,2500.0,0.0,0.0762,1.0404859693636053,0.0,10000.0,4.0,,,,,,,,,,,,,
ridge_medium,10000,2,evaluation,23,3,-0.131623132177013,-0.0560077346702331,-0.0480210940276397,0.0018888750055339,-0.1876308668472462,-0.1796442262046528,1.0,9.0,783.0,1111.111111111111,0.0,0.1146,1.06019567923425,0.0,10000.0,9.0,,,,,,,,,,,,,
ridge_medium,10000,2,evaluation,23,4,-0.131623132177013,-0.0851935851517179,-0.0720691091490217,0.0019172499887645,-0.2168167173287309,-0.2036922413260347,1.0,16.0,225.0,625.0,0.0,0.1478,1.077773050988488,0.0,10000.0,16.0,,,,,,,,,,,,,
ridge_medium,10000,2,evaluation,23,5,-0.131623132177013,-0.111662992830997,-0.0954667229030822,0.0017879579972941,-0.2432861250080101,-0.2270898550800952,1.0,25.0,173.0,400.0,0.0,0.1863,1.098385317562819,0.0,10000.0,25.0,,,,,,,,,,,,,
ridge_medium,10000,2,evaluation,23,6,-0.131623132177013,-0.1344306726552516,-0.1167871276695274,0.0017279169987887,-0.2660538048322647,-0.2484102598465405,1.0,36.0,90.0,277.77777777777777,0.0,0.216,1.115872476460917,0.0,10000.0,36.0,,,,,,,,,,,,,
ridge_medium,10000,2,evaluation,23,7,-0.131623132177013,-0.1624143310018523,-0.1380667579722317,0.0017008750000968,-0.2940374631788653,-0.2696898901492447,1.0,49.0,63.0,204.08163265306123,0.0,0.2515,1.1343465506132522,0.0,10000.0,49.0,,,,,,,,,,,,,
ridge_medium,10000,2,evaluation,24,1,-0.131623132177013,0.1121939094057327,0.1133604374006024,0.0018436670070514,-0.0194292227712803,-0.0182626947764106,1.0,1.0,10000.0,10000.0,0.0,0.0389,1.0213405362767043,0.0,10000.0,1.0,,,,,,,,,,,,,
ridge_medium,10000,2,evaluation,24,2,-0.131623132177013,0.0317509124199947,0.0345992486045433,0.0020655409898608,-0.0998722197570183,-0.0970238835724697,1.0,4.0,1772.0,2500.0,0.0,0.0772,1.0417494604450086,0.0,10000.0,4.0,,,,,,,,,,,,,
ridge_medium,10000,2,evaluation,24,3,-0.131623132177013,-0.0471374310783727,-0.0421239508663538,0.0019162909884471,-0.1787605632553857,-0.1737470830433669,1.0,9.0,784.0,1111.111111111111,0.0,0.1128,1.0618680568350165,0.0,10000.0,9.0,,,,,,,,,,,,,
ridge_medium,10000,2,evaluation,24,4,-0.131623132177013,-0.0738856446449364,-0.0631741525532928,0.0017739580071065,-0.2055087768219495,-0.1947972847303059,1.0,16.0,255.0,625.0,0.0,0.1515,1.0797858807639045,0.0,10000.0,16.0,,,,,,,,,,,,,
ridge_medium,10000,2,evaluation,24,5,-0.131623132177013,-0.1058976586556149,-0.0904205928644742,0.0017109999898821,-0.2375207908326279,-0.2220437250414873,1.0,25.0,184.0,400.0,0.0,0.1866,1.0986891865905102,0.0,10000.0,25.0,,,,,,,,,,,,,
ridge_medium,10000,2,evaluation,24,6,-0.131623132177013,-0.1265999640101992,-0.1107690689170537,0.0017482910188846,-0.2582230961872123,-0.2423922010940668,1.0,36.0,96.0,277.77777777777777,0.0,0.2169,1.121086635066138,0.0,10000.0,36.0,,,,,,,,,,,,,
ridge_medium,10000,2,evaluation,24,7,-0.131623132177013,-0.1560982596734653,-0.1335260398243673,0.0017007080023176,-0.2877213918504784,-0.2651491720013804,1.0,49.0,70.0,204.08163265306123,0.0,0.2541,1.1364287070623045,0.0,10000.0,49.0,,,,,,,,,,,,,
ridge_medium,10000,2,evaluation,25,1,-0.131623132177013,0.1117849283915506,0.1143978986156156,0.0018907919875346,-0.0198382037854623,-0.0172252335613974,1.0,1.0,10000.0,10000.0,0.0,0.0399,1.020380010548589,0.0,10000.0,1.0,,,,,,,,,,,,,
ridge_medium,10000,2,evaluation,25,2,-0.131623132177013,0.0305296755349416,0.0359727566681815,0.0019894999859388,-0.1010934566420714,-0.0956503755088315,1.0,4.0,1815.0,2500.0,0.0,0.0785,1.0399501337303454,0.0,10000.0,4.0,,,,,,,,,,,,,
ridge_medium,10000,2,evaluation,25,3,-0.131623132177013,-0.0491244361382861,-0.0395375952048376,0.0019018329912796,-0.1807475683152992,-0.1711607273818507,1.0,9.0,829.0,1111.111111111111,0.0,0.1155,1.0592934833684644,0.0,10000.0,9.0,,,,,,,,,,,,,
ridge_medium,10000,2,evaluation,25,4,-0.131623132177013,-0.0698289885427882,-0.0589764957416506,0.0017964169965125,-0.2014521207198013,-0.1905996279186637,1.0,16.0,262.0,625.0,0.0,0.1506,1.0782571109862775,0.0,10000.0,16.0,,,,,,,,,,,,,
ridge_medium,10000,2,evaluation,25,5,-0.131623132177013,-0.1009776253540726,-0.0870265478856691,0.0017246669740416,-0.2326007575310857,-0.2186496800626821,1.0,25.0,189.0,400.0,0.0,0.1826,1.098880066681282,0.0,10000.0,25.0,,,,,,,,,,,,,
ridge_medium,10000,2,evaluation,25,6,-0.131623132177013,-0.1247675298972396,-0.106177433526987,0.0017343329964205,-0.2563906620742527,-0.237800565704,1.0,36.0,99.0,277.77777777777777,0.0,0.2176,1.1150357259289028,0.0,10000.0,36.0,,,,,,,,,,,,,
ridge_medium,10000,2,evaluation,25,7,-0.131623132177013,-0.148346860586581,-0.1276073063009773,0.0016964160022325,-0.2799699927635941,-0.2592304384779904,1.0,49.0,76.0,204.08163265306123,0.0,0.2487,1.1365413608022892,0.0,10000.0,49.0,,,,,,,,,,,,,
ridge_medium,10000,2,evaluation,26,1,-0.131623132177013,0.1110579633829862,0.1131831420167427,0.0018725419940892,-0.0205651687940268,-0.0184399901602703,1.0,1.0,10000.0,10000.0,0.0,0.0391,1.0195030401724745,0.0,10000.0,1.0,,,,,,,,,,,,,
ridge_medium,10000,2,evaluation,26,2,-0.131623132177013,0.0311255443302258,0.0359627569155083,0.0020218330028001,-0.1004975878467872,-0.0956603752615047,1.0,4.0,1784.0,2500.0,0.0,0.0762,1.0388627076704204,0.0,10000.0,4.0,,,,,,,,,,,,,
ridge_medium,10000,2,evaluation,26,3,-0.131623132177013,-0.0517588211468277,-0.0430283663913309,0.0018465830071363,-0.1833819533238408,-0.1746514985683439,1.0,9.0,797.0,1111.111111111111,0.0,0.1142,1.0593270146153275,0.0,10000.0,9.0,,,,,,,,,,,,,
ridge_medium,10000,2,evaluation,26,4,-0.131623132177013,-0.0755213966594243,-0.062898192544399,0.0017713750130496,-0.2071445288364374,-0.1945213247214121,1.0,16.0,262.0,625.0,0.0,0.1524,1.0779861108409836,0.0,10000.0,16.0,,,,,,,,,,,,,
ridge_medium,10000,2,evaluation,26,5,-0.131623132177013,-0.1089378829586396,-0.0913206190753403,0.0017177079862449,-0.2405610151356527,-0.2229437512523534,1.0,25.0,173.0,400.0,0.0,0.1854,1.0972329201938895,0.0,10000.0,25.0,,,,,,,,,,,,,
ridge_medium,10000,2,evaluation,26,6,-0.131623132177013,-0.1269728438987204,-0.1097216385567228,0.001724000001559,-0.2585959760757335,-0.2413447707337359,1.0,36.0,80.0,277.77777777777777,0.0,0.2222,1.1177714864192323,0.0,10000.0,36.0,,,,,,,,,,,,,
ridge_medium,10000,2,evaluation,26,7,-0.131623132177013,-0.1581679052366572,-0.1365773964132185,0.0016745000029914,-0.2897910374136703,-0.2682005285902316,1.0,49.0,69.0,204.08163265306123,0.0,0.2493,1.1327992843805277,0.0,10000.0,49.0,,,,,,,,,,,,,
ridge_medium,10000,2,evaluation,27,1,-0.131623132177013,0.111446702413026,0.114421082679417,0.0018751669849734,-0.020176429763987,-0.017202049497596,1.0,1.0,10000.0,10000.0,0.0,0.0407,1.0205737952242224,0.0,10000.0,1.0,,,,,,,,,,,,,
ridge_medium,10000,2,evaluation,27,2,-0.131623132177013,0.0293898112651337,0.036531125820916,0.0020082920091226,-0.1022333209118793,-0.095092006356097,1.0,4.0,1773.0,2500.0,0.0,0.0802,1.0401372334872525,0.0,10000.0,4.0,,,,,,,,,,,,,
ridge_medium,10000,2,evaluation,27,3,-0.131623132177013,-0.0474167327630659,-0.0393532221165925,0.0019020829931832,-0.179039864940079,-0.1709763542936056,1.0,9.0,812.0,1111.111111111111,0.0,0.1152,1.0596308240045929,0.0,10000.0,9.0,,,,,,,,,,,,,
ridge_medium,10000,2,evaluation,27,4,-0.131623132177013,-0.079894092554108,-0.067293927039105,0.0018265419930685,-0.2115172247311211,-0.1989170592161181,1.0,16.0,247.0,625.0,0.0,0.1541,1.080298752086791,0.0,10000.0,16.0,,,,,,,,,,,,,
ridge_medium,10000,2,evaluation,27,5,-0.131623132177013,-0.1023073005755336,-0.0864621182375624,0.0017417500203009,-0.2339304327525466,-0.2180852504145755,1.0,25.0,180.0,400.0,0.0,0.1874,1.098503556547242,0.0,10000.0,25.0,,,,,,,,,,,,,
ridge_medium,10000,2,evaluation,27,6,-0.131623132177013,-0.1301061450968716,-0.1091404543095337,0.0017340409976895,-0.2617292772738847,-0.2407635864865468,1.0,36.0,92.0,277.77777777777777,0.0,0.2203,1.119297992677798,0.0,10000.0,36.0,,,,,,,,,,,,,
ridge_medium,10000,2,evaluation,27,7,-0.131623132177013,-0.1539306418499379,-0.1312300667634109,0.0016822080069687,-0.285553774026951,-0.2628531989404239,1.0,49.0,73.0,204.08163265306123,0.0,0.249,1.134787342355292,0.0,10000.0,49.0,,,,,,,,,,,,,
ridge_medium,10000,2,evaluation,28,1,-0.131623132177013,0.1100213026931504,0.1134821573928349,0.0019340419967193,-0.0216018294838626,-0.0181409747841781,1.0,1.0,10000.0,10000.0,0.0,0.0399,1.0207479847260637,0.0,10000.0,1.0,,,,,,,,,,,,,
ridge_medium,10000,2,evaluation,28,2,-0.131623132177013,0.0274246586789735,0.0334871124338946,0.0019940840138588,-0.1041984734980395,-0.0981360197431184,1.0,4.0,1742.0,2500.0,0.0,0.0774,1.0408826420276729,0.0,10000.0,4.0,,,,,,,,,,,,,
ridge_medium,10000,2,evaluation,28,3,-0.131623132177013,-0.0558112188543489,-0.0472816183300798,0.0019258329994045,-0.187434351031362,-0.1789047505070929,1.0,9.0,827.0,1111.111111111111,0.0,0.1139,1.060118637986089,0.0,10000.0,9.0,,,,,,,,,,,,,
ridge_medium,10000,2,evaluation,28,4,-0.131623132177013,-0.0806896003380595,-0.0688301456493121,0.0018235419993288,-0.2123127325150726,-0.2004532778263252,1.0,16.0,258.0,625.0,0.0,0.1492,1.0786939568506182,0.0,10000.0,16.0,,,,,,,,,,,,,
ridge_medium,10000,2,evaluation,28,5,-0.131623132177013,-0.1072782682297774,-0.0930733349462002,0.0017312909767497,-0.2389014004067904,-0.2246964671232133,1.0,25.0,188.0,400.0,0.0,0.181,1.0971434390810568,0.0,10000.0,25.0,,,,,,,,,,,,,
ridge_medium,10000,2,evaluation,28,6,-0.131623132177013,-0.1323195140368876,-0.1166604819241364,0.0017736669979058,-0.2639426462139007,-0.2482836141011495,1.0,36.0,88.0,277.77777777777777,0.0,0.2159,1.116219626242149,0.0,10000.0,36.0,,,,,,,,,,,,,
ridge_medium,10000,2,evaluation,28,7,-0.131623132177013,-0.1565310707075294,-0.1338999397206896,0.001719874999253,-0.2881542028845425,-0.2655230718977027,1.0,49.0,74.0,204.08163265306123,0.0,0.2553,1.1374652501486628,0.0,10000.0,49.0,,,,,,,,,,,,,
ridge_medium,10000,2,evaluation,29,1,-0.131623132177013,0.1125338102067512,0.1148257308133184,0.0018840419943444,-0.0190893219702618,-0.0167974013636945,1.0,1.0,10000.0,10000.0,0.0,0.0405,1.0201186261587596,0.0,10000.0,1.0,,,,,,,,,,,,,
ridge_medium,10000,2,evaluation,29,2,-0.131623132177013,0.0257508332734989,0.0326117359495812,0.0020422499801497,-0.1058722989035141,-0.0990113962274318,1.0,4.0,1744.0,2500.0,0.0,0.0791,1.0390121787623263,0.0,10000.0,4.0,,,,,,,,,,,,,
ridge_medium,10000,2,evaluation,29,3,-0.131623132177013,-0.0548124449134309,-0.0447691948010243,0.0020417089981492,-0.186435577090444,-0.1763923269780374,1.0,9.0,813.0,1111.111111111111,0.0,0.1139,1.0580729767807897,0.0,10000.0,9.0,,,,,,,,,,,,,
ridge_medium,10000,2,evaluation,29,4,-0.131623132177013,-0.0803370148824957,-0.0673880791096538,0.0018559169839136,-0.2119601470595088,-0.1990112112866668,1.0,16.0,240.0,625.0,0.0,0.1533,1.0789380642936408,0.0,10000.0,16.0,,,,,,,,,,,,,
ridge_medium,10000,2,evaluation,29,5,-0.131623132177013,-0.1080905167410473,-0.0897999209217866,0.0017944579885806,-0.2397136489180603,-0.2214230530987997,1.0,25.0,172.0,400.0,0.0,0.1841,1.096519352761545,0.0,10000.0,25.0,,,,,,,,,,,,,
ridge_medium,10000,2,evaluation,29,6,-0.131623132177013,-0.1345195265679311,-0.1128109260141332,0.0017406669794581,-0.2661426587449442,-0.2444340581911463,1.0,36.0,84.0,277.77777777777777,0.0,0.2194,1.11577902488085,0.0,10000.0,36.0,,,,,,,,,,,,,
ridge_medium,10000,2,evaluation,29,7,-0.131623132177013,-0.1556401608298984,-0.1331687355765524,0.0017239580047316,-0.2872632930069115,-0.2647918677535655,1.0,49.0,62.0,204.08163265306123,0.0,0.2495,1.137320999668627,0.0,10000.0,49.0,,,,,,,,,,,,,
ridge_medium,10000,2,evaluation,30,1,-0.131623132177013,0.1102038063201048,0.1129869554497298,0.002025334018981,-0.0214193258569082,-0.0186361767272832,1.0,1.0,10000.0,10000.0,0.0,0.039,1.0199489930386525,0.0,10000.0,1.0,,,,,,,,,,,,,
ridge_medium,10000,2,evaluation,30,2,-0.131623132177013,0.0233367995303797,0.0294230112557657,0.0020198749843984,-0.1082863326466332,-0.1022001209212473,1.0,4.0,1727.0,2500.0,0.0,0.0789,1.0405462497046687,0.0,10000.0,4.0,,,,,,,,,,,,,
ridge_medium,10000,2,evaluation,30,3,-0.131623132177013,-0.0536713614915118,-0.0455796668932655,0.0019824590126518,-0.1852944936685249,-0.1772027990702786,1.0,9.0,836.0,1111.111111111111,0.0,0.1166,1.0602825603001071,0.0,10000.0,9.0,,,,,,,,,,,,,
ridge_medium,10000,2,evaluation,30,4,-0.131623132177013,-0.0799905309653405,-0.0687052871061194,0.0018554580165073,-0.2116136631423536,-0.2003284192831325,1.0,16.0,246.0,625.0,0.0,0.1498,1.0777201303508783,0.0,10000.0,16.0,,,,,,,,,,,,,
ridge_medium,10000,2,evaluation,30,5,-0.131623132177013,-0.1074955179931197,-0.093301929033442,0.0019413330010138,-0.2391186501701328,-0.224925061210455,1.0,25.0,182.0,400.0,0.0,0.1847,1.0981172832318942,0.0,10000.0,25.0,,,,,,,,,,,,,
ridge_medium,10000,2,evaluation,30,6,-0.131623132177013,-0.1331022398874238,-0.1134070244353112,0.0018006669997703,-0.2647253720644369,-0.2450301566123243,1.0,36.0,89.0,277.77777777777777,0.0,0.2168,1.1175202031995597,0.0,10000.0,36.0,,,,,,,,,,,,,
ridge_medium,10000,2,evaluation,30,7,-0.131623132177013,-0.1586130426526383,-0.1361402315733669,0.0017248750082217,-0.2902361748296514,-0.26776336375038,1.0,49.0,60.0,204.08163265306123,0.0,0.2501,1.1361824820636144,0.0,10000.0,49.0,,,,,,,,,,,,,
ridge_medium,10000,2,evaluation,31,1,-0.131623132177013,0.1093341351454717,0.1131688731776364,0.001968708995264,-0.0222889970315413,-0.0184542589993765,1.0,1.0,10000.0,10000.0,0.0,0.0396,1.020273292030721,0.0,10000.0,1.0,,,,,,,,,,,,,
ridge_medium,10000,2,evaluation,31,2,-0.131623132177013,0.0220504206052683,0.0290638832966467,0.0019950830028392,-0.1095727115717446,-0.1025592488803663,1.0,4.0,1732.0,2500.0,0.0,0.0776,1.0393950202983784,0.0,10000.0,4.0,,,,,,,,,,,,,
ridge_medium,10000,2,evaluation,31,3,-0.131623132177013,-0.0584169543581872,-0.0493432923342093,0.0018622919742483,-0.1900400865352003,-0.1809664245112223,1.0,9.0,799.0,1111.111111111111,0.0,0.1136,1.0591783252755071,0.0,10000.0,9.0,,,,,,,,,,,,,
ridge_medium,10000,2,evaluation,31,4,-0.131623132177013,-0.0836901822934591,-0.0725489611149278,0.0028655829955823,-0.2153133144704722,-0.2041720932919409,1.0,16.0,250.0,625.0,0.0,0.149,1.0788250659411724,0.0,10000.0,16.0,,,,,,,,,,,,,
ridge_medium,10000,2,evaluation,31,5,-0.131623132177013,-0.1115042581766763,-0.097113676725283,0.0025060409971047,-0.2431273903536894,-0.2287368089022961,1.0,25.0,179.0,400.0,0.0,0.1835,1.0983521776558245,0.0,10000.0,25.0,,,,,,,,,,,,,
ridge_medium,10000,2,evaluation,31,6,-0.131623132177013,-0.1352963468258932,-0.1153110829629243,0.0017975840019062,-0.2669194790029063,-0.2469342151399374,1.0,36.0,90.0,277.77777777777777,0.0,0.2162,1.113807274646595,0.0,10000.0,36.0,,,,,,,,,,,,,
ridge_medium,10000,2,evaluation,31,7,-0.131623132177013,-0.1619095207564362,-0.1412247499963242,0.0018813750066328,-0.2935326529334493,-0.2728478821733373,1.0,49.0,74.0,204.08163265306123,0.0,0.2482,1.138749396263839,0.0,10000.0,49.0,,,,,,,,,,,,,
ridge_medium,10000,2,evaluation,32,1,-0.131623132177013,0.1092250665001981,0.1125735461297573,0.0018962079775519,-0.0223980656768149,-0.0190495860472557,1.0,1.0,10000.0,10000.0,0.0,0.0396,1.0208721625461623,0.0,10000.0,1.0,,,,,,,,,,,,,
ridge_medium,10000,2,evaluation,32,2,-0.131623132177013,0.0278294010211988,0.0346517343093215,0.0019924160151276,-0.1037937311558142,-0.0969713978676915,1.0,4.0,1761.0,2500.0,0.0,0.0789,1.0405326725293562,0.0,10000.0,4.0,,,,,,,,,,,,,
ridge_medium,10000,2,evaluation,32,3,-0.131623132177013,-0.0574638979803189,-0.0480348018254812,0.001899458002299,-0.189087030157332,-0.1796579340024943,1.0,9.0,807.0,1111.111111111111,0.0,0.1135,1.0586612811112144,0.0,10000.0,9.0,,,,,,,,,,,,,
ridge_medium,10000,2,evaluation,32,4,-0.131623132177013,-0.0856605404410963,-0.0720512192733832,0.0017940000107046,-0.2172836726181094,-0.2036743514503963,1.0,16.0,248.0,625.0,0.0,0.1504,1.0788370324746246,0.0,10000.0,16.0,,,,,,,,,,,,,
ridge_medium,10000,2,evaluation,32,5,-0.131623132177013,-0.1109052194459778,-0.0933393222418471,0.0020030840241815,-0.2425283516229909,-0.2249624544188602,1.0,25.0,178.0,400.0,0.0,0.1824,1.096882795612087,0.0,10000.0,25.0,,,,,,,,,,,,,
ridge_medium,10000,2,evaluation,32,6,-0.131623132177013,-0.1393897811949611,-0.1173261962839958,0.0017961249977815,-0.2710129133719742,-0.2489493284610089,1.0,36.0,85.0,277.77777777777777,0.0,0.2172,1.1171199840048016,0.0,10000.0,36.0,,,,,,,,,,,,,
ridge_medium,10000,2,evaluation,32,7,-0.131623132177013,-0.1627388120379052,-0.1388775943800541,0.001706415991066,-0.2943619442149183,-0.2705007265570672,1.0,49.0,68.0,204.08163265306123,0.0,0.2512,1.1352291843964324,0.0,10000.0,49.0,,,,,,,,,,,,,
ridge_medium,10000,2,evaluation,33,1,-0.131623132177013,0.1111124876947859,0.1138847512506976,0.0018743340042419,-0.020510644482227,-0.0177383809263153,1.0,1.0,10000.0,10000.0,0.0,0.0387,1.0191749237714942,0.0,10000.0,1.0,,,,,,,,,,,,,
ridge_medium,10000,2,evaluation,33,2,-0.131623132177013,0.0219086298285962,0.0283963129175699,0.00201554200612,-0.1097145023484168,-0.1032268192594431,1.0,4.0,1742.0,2500.0,0.0,0.0777,1.039481944735979,0.0,10000.0,4.0,,,,,,,,,,,,,
ridge_medium,10000,2,evaluation,33,3,-0.131623132177013,-0.0543227874878262,-0.0459769499233828,0.0019427910156082,-0.1859459196648393,-0.1776000821003958,1.0,9.0,799.0,1111.111111111111,0.0,0.1131,1.058410558549653,0.0,10000.0,9.0,,,,,,,,,,,,,
ridge_medium,10000,2,evaluation,33,4,-0.131623132177013,-0.0817078154783059,-0.0689111897963619,0.0018236659816466,-0.213330947655319,-0.200534321973375,1.0,16.0,232.0,625.0,0.0,0.1502,1.0770978245332954,0.0,10000.0,16.0,,,,,,,,,,,,,
ridge_medium,10000,2,evaluation,33,5,-0.131623132177013,-0.107073066936606,-0.0932463050106828,0.0017374999879393,-0.2386961991136191,-0.2248694371876959,1.0,25.0,171.0,400.0,0.0,0.1845,1.0991318164370885,0.0,10000.0,25.0,,,,,,,,,,,,,
ridge_medium,10000,2,evaluation,33,6,-0.131623132177013,-0.1304196054352452,-0.1116255299151556,0.0017511660116724,-0.2620427376122582,-0.2432486620921687,1.0,36.0,84.0,277.77777777777777,0.0,0.2169,1.1155822818695806,0.0,10000.0,36.0,,,,,,,,,,,,,
ridge_medium,10000,2,evaluation,33,7,-0.131623132177013,-0.1541475826342908,-0.1302305419059672,0.001745417015627,-0.2857707148113039,-0.2618536740829802,1.0,49.0,68.0,204.08163265306123,0.0,0.2517,1.1329257118070044,0.0,10000.0,49.0,,,,,,,,,,,,,
ridge_medium,10000,2,evaluation,34,1,-0.131623132177013,0.1117405208262579,0.1142002399665013,0.0018642079958226,-0.0198826113507551,-0.0174228922105117,1.0,1.0,10000.0,10000.0,0.0,0.0394,1.0201704091085946,0.0,10000.0,1.0,,,,,,,,,,,,,
ridge_medium,10000,2,evaluation,34,2,-0.131623132177013,0.0286291283399236,0.0339362251744918,0.0019977499905508,-0.1029940038370894,-0.0976869070025212,1.0,4.0,1731.0,2500.0,0.0,0.077,1.0399859183919808,0.0,10000.0,4.0,,,,,,,,,,,,,
ridge_medium,10000,2,evaluation,34,3,-0.131623132177013,-0.0477173776799882,-0.04091949469484,0.0018939579895231,-0.1793405098570013,-0.1725426268718531,1.0,9.0,816.0,1111.111111111111,0.0,0.1122,1.0591488444456505,0.0,10000.0,9.0,,,,,,,,,,,,,
ridge_medium,10000,2,evaluation,34,4,-0.131623132177013,-0.0734795149271144,-0.0630829757413713,0.0018212079885415,-0.2051026471041275,-0.1947061079183843,1.0,16.0,251.0,625.0,0.0,0.1478,1.0789395789264753,0.0,10000.0,16.0,,,,,,,,,,,,,
ridge_medium,10000,2,evaluation,34,5,-0.131623132177013,-0.0994733864955095,-0.0859734242651118,0.0017568329931236,-0.2310965186725226,-0.2175965564421249,1.0,25.0,178.0,400.0,0.0,0.1859,1.0977159631689704,0.0,10000.0,25.0,,,,,,,,,,,,,
ridge_medium,10000,2,evaluation,34,6,-0.131623132177013,-0.1276561060902948,-0.1087672772066611,0.0017287910159211,-0.2592792382673078,-0.2403904093836742,1.0,36.0,93.0,277.77777777777777,0.0,0.2164,1.1150992466906269,0.0,10000.0,36.0,,,,,,,,,,,,,
ridge_medium,10000,2,evaluation,34,7,-0.131623132177013,-0.1562824845506112,-0.1307159810323011,0.0016895419976208,-0.2879056167276242,-0.2623391132093142,1.0,49.0,79.0,204.08163265306123,0.0,0.2551,1.1365397091236973,0.0,10000.0,49.0,,,,,,,,,,,,,
ridge_medium,10000,2,evaluation,35,1,-0.131623132177013,0.1128085020712832,0.1145736675860022,0.0018958750006277,-0.0188146301057297,-0.0170494645910108,1.0,1.0,10000.0,10000.0,0.0,0.0399,1.0207469882691036,0.0,10000.0,1.0,,,,,,,,,,,,,
ridge_medium,10000,2,evaluation,35,2,-0.131623132177013,0.0311919459419952,0.0357518764739117,0.0020109159813728,-0.1004311862350177,-0.0958712557031013,1.0,4.0,1781.0,2500.0,0.0,0.0771,1.0401357242732925,0.0,10000.0,4.0,,,,,,,,,,,,,
ridge_medium,10000,2,evaluation,35,3,-0.131623132177013,-0.0501172136160303,-0.0430868965214522,0.0018791249895002,-0.1817403457930433,-0.1747100286984652,1.0,9.0,803.0,1111.111111111111,0.0,0.1103,1.058520291291747,0.0,10000.0,9.0,,,,,,,,,,,,,
ridge_medium,10000,2,evaluation,35,4,-0.131623132177013,-0.076569504637637,-0.0675366683756151,0.0017754579894244,-0.2081926368146501,-0.1991598005526282,1.0,16.0,248.0,625.0,0.0,0.1474,1.0782314875459658,0.0,10000.0,16.0,,,,,,,,,,,,,
ridge_medium,10000,2,evaluation,35,5,-0.131623132177013,-0.104390159225024,-0.090150370295255,0.0017679999873507,-0.2360132914020371,-0.2217735024722681,1.0,25.0,183.0,400.0,0.0,0.1849,1.0979900685549928,0.0,10000.0,25.0,,,,,,,,,,,,,
ridge_medium,10000,2,evaluation,35,6,-0.131623132177013,-0.124201583315648,-0.1094199056240103,0.0017019159859046,-0.2558247154926611,-0.2410430378010233,1.0,36.0,88.0,277.77777777777777,0.0,0.2163,1.1155886866060496,0.0,10000.0,36.0,,,,,,,,,,,,,
ridge_medium,10000,2,evaluation,35,7,-0.131623132177013,-0.1526547615031965,-0.1348453627017255,0.0017320830083917,-0.2842778936802096,-0.2664684948787386,1.0,49.0,71.0,204.08163265306123,0.0,0.2512,1.1366960538166972,0.0,10000.0,49.0,,,,,,,,,,,,,
ridge_medium,10000,2,evaluation,36,1,-0.131623132177013,0.110021572249302,0.1130749043710458,0.0018636249878909,-0.021601559927711,-0.0185482278059672,1.0,1.0,10000.0,10000.0,0.0,0.0385,1.0195414831399037,0.0,10000.0,1.0,,,,,,,,,,,,,
ridge_medium,10000,2,evaluation,36,2,-0.131623132177013,0.0222830157190748,0.0295040765535422,0.0020090419857297,-0.1093401164579382,-0.1021190556234708,1.0,4.0,1731.0,2500.0,0.0,0.0777,1.0394321622759932,0.0,10000.0,4.0,,,,,,,,,,,,,
ridge_medium,10000,2,evaluation,36,3,-0.131623132177013,-0.0562984617735564,-0.0456377912870761,0.0019132499874103,-0.1879215939505695,-0.1772609234640892,1.0,9.0,794.0,1111.111111111111,0.0,0.1162,1.059965635287786,0.0,10000.0,9.0,,,,,,,,,,,,,
ridge_medium,10000,2,evaluation,36,4,-0.131623132177013,-0.0857834148387393,-0.0727644429199634,0.0018168339738622,-0.2174065470157524,-0.2043875750969764,1.0,16.0,257.0,625.0,0.0,0.1495,1.0777950561070413,0.0,10000.0,16.0,,,,,,,,,,,,,
ridge_medium,10000,2,evaluation,36,5,-0.131623132177013,-0.1098660694946938,-0.0935531179601307,0.0018707920098677,-0.2414892016717068,-0.2251762501371438,1.0,25.0,181.0,400.0,0.0,0.1838,1.096552544671337,0.0,10000.0,25.0,,,,,,,,,,,,,
ridge_medium,10000,2,evaluation,36,6,-0.131623132177013,-0.1361401215567919,-0.1153306467291247,0.0017503339913673,-0.267763253733805,-0.2469537789061378,1.0,36.0,91.0,277.77777777777777,0.0,0.2209,1.1194495530902506,0.0,10000.0,36.0,,,,,,,,,,,,,
ridge_medium,10000,2,evaluation,36,7,-0.131623132177013,-0.1607540957341665,-0.1383155685597438,0.0016676250088494,-0.2923772279111796,-0.2699387007367569,1.0,49.0,71.0,204.08163265306123,0.0,0.2477,1.1361084516032312,0.0,10000.0,49.0,,,,,,,,,,,,,
ridge_medium,10000,2,evaluation,37,1,-0.131623132177013,0.1112809392136939,0.1146311091264236,0.0018562079931143,-0.0203421929633191,-0.0169920230505894,1.0,1.0,10000.0,10000.0,0.0,0.0384,1.019118414040603,0.0,10000.0,1.0,,,,,,,,,,,,,
ridge_medium,10000,2,evaluation,37,2,-0.131623132177013,0.0237647455748007,0.029620453071356,0.0019884999783243,-0.1078583866022123,-0.1020026791056569,1.0,4.0,1748.0,2500.0,0.0,0.0778,1.040074097369088,0.0,10000.0,4.0,,,,,,,,,,,,,
ridge_medium,10000,2,evaluation,37,3,-0.131623132177013,-0.0609161194037652,-0.0521089488012834,0.0019088750123046,-0.1925392515807782,-0.1837320809782965,1.0,9.0,807.0,1111.111111111111,0.0,0.1135,1.059629394296923,0.0,10000.0,9.0,,,,,,,,,,,,,
ridge_medium,10000,2,evaluation,37,4,-0.131623132177013,-0.0868587798582365,-0.0739198569718092,0.0017933339986484,-0.2184819120352496,-0.2055429891488223,1.0,16.0,231.0,625.0,0.0,0.1493,1.0775538756841945,0.0,10000.0,16.0,,,,,,,,,,,,,
ridge_medium,10000,2,evaluation,37,5,-0.131623132177013,-0.1157865870879799,-0.101204293906267,0.0017047080036718,-0.247409719264993,-0.2328274260832801,1.0,25.0,181.0,400.0,0.0,0.1809,1.0972819721258813,0.0,10000.0,25.0,,,,,,,,,,,,,
ridge_medium,10000,2,evaluation,37,6,-0.131623132177013,-0.1363710045653416,-0.1204544223077479,0.0017242500034626,-0.2679941367423547,-0.252077554484761,1.0,36.0,65.0,277.77777777777777,0.0,0.2147,1.115615214025853,0.0,10000.0,36.0,,,,,,,,,,,,,
ridge_medium,10000,2,evaluation,37,7,-0.131623132177013,-0.1608580203468907,-0.1400821554433959,0.0017287920054513,-0.2924811525239038,-0.271705287620409,1.0,49.0,63.0,204.08163265306123,0.0,0.2473,1.1360280811686088,0.0,10000.0,49.0,,,,,,,,,,,,,
ridge_medium,10000,2,evaluation,38,1,-0.131623132177013,0.1126420836020581,0.1143868308347473,0.0018958750006277,-0.0189810485749548,-0.0172363013422657,1.0,1.0,10000.0,10000.0,0.0,0.0388,1.020964123360679,0.0,10000.0,1.0,,,,,,,,,,,,,
ridge_medium,10000,2,evaluation,38,2,-0.131623132177013,0.0317695157330132,0.0367887257728188,0.0020396250183694,-0.0998536164439998,-0.0948344064041942,1.0,4.0,1797.0,2500.0,0.0,0.077,1.0404344493818287,0.0,10000.0,4.0,,,,,,,,,,,,,
ridge_medium,10000,2,evaluation,38,3,-0.131623132177013,-0.052552502011543,-0.044433910378922,0.0018983340123668,-0.1841756341885561,-0.1760570425559351,1.0,9.0,831.0,1111.111111111111,0.0,0.113,1.0596810878531848,0.0,10000.0,9.0,,,,,,,,,,,,,
ridge_medium,10000,2,evaluation,38,4,-0.131623132177013,-0.0767995845433824,-0.0640156120858439,0.0018122500041499,-0.2084227167203955,-0.195638744262857,1.0,16.0,259.0,625.0,0.0,0.149,1.0774609609083756,0.0,10000.0,16.0,,,,,,,,,,,,,
ridge_medium,10000,2,evaluation,38,5,-0.131623132177013,-0.1057496947406055,-0.0922859074741073,0.0017715840076562,-0.2373728269176186,-0.2239090396511204,1.0,25.0,170.0,400.0,0.0,0.1809,1.0977744641288267,0.0,10000.0,25.0,,,,,,,,,,,,,
ridge_medium,10000,2,evaluation,38,6,-0.131623132177013,-0.1333362594522366,-0.1153521937572757,0.0017259159940294,-0.2649593916292497,-0.2469753259342887,1.0,36.0,81.0,277.77777777777777,0.0,0.2165,1.117328195924822,0.0,10000.0,36.0,,,,,,,,,,,,,
ridge_medium,10000,2,evaluation,38,7,-0.131623132177013,-0.1581419472327492,-0.1353551158199543,0.00170550000621,-0.2897650794097623,-0.2669782479969674,1.0,49.0,61.0,204.08163265306123,0.0,0.2497,1.1364884431320148,0.0,10000.0,49.0,,,,,,,,,,,,,
ridge_medium,10000,2,evaluation,39,1,-0.131623132177013,0.1120856880807368,0.1145760138467359,0.0018523340113461,-0.0195374440962762,-0.0170471183302771,1.0,1.0,10000.0,10000.0,0.0,0.0394,1.0201214446677451,0.0,10000.0,1.0,,,,,,,,,,,,,
ridge_medium,10000,2,evaluation,39,2,-0.131623132177013,0.0339956327799197,0.0383668460294052,0.0020594999950844,-0.0976274993970933,-0.0932562861476078,1.0,4.0,1786.0,2500.0,0.0,0.075,1.0387545596334988,0.0,10000.0,4.0,,,,,,,,,,,,,
ridge_medium,10000,2,evaluation,39,3,-0.131623132177013,-0.048635816424834,-0.0431773293832539,0.0019099999917671,-0.1802589486018471,-0.174800461560267,1.0,9.0,841.0,1111.111111111111,0.0,0.1119,1.0617936391611522,0.0,10000.0,9.0,,,,,,,,,,,,,
ridge_medium,10000,2,evaluation,39,4,-0.131623132177013,-0.0717373990391492,-0.0611245885027116,0.0018175829900428,-0.2033605312161623,-0.1927477206797247,1.0,16.0,252.0,625.0,0.0,0.1482,1.078779660526918,0.0,10000.0,16.0,,,,,,,,,,,,,
ridge_medium,10000,2,evaluation,39,5,-0.131623132177013,-0.1026984451245757,-0.087655413702131,0.0017260829918086,-0.2343215773015887,-0.2192785458791441,1.0,25.0,186.0,400.0,0.0,0.1853,1.0986538943719362,0.0,10000.0,25.0,,,,,,,,,,,,,
ridge_medium,10000,2,evaluation,39,6,-0.131623132177013,-0.1229066541854769,-0.10706446771794,0.0018950829980894,-0.25452978636249,-0.2386875998949531,1.0,36.0,82.0,277.77777777777777,0.0,0.2167,1.1169156805572098,0.0,10000.0,36.0,,,,,,,,,,,,,
ridge_medium,10000,2,evaluation,39,7,-0.131623132177013,-0.1520970491118286,-0.1300641710732819,0.001742083026329,-0.2837201812888417,-0.261687303250295,1.0,49.0,70.0,204.08163265306123,0.0,0.2545,1.135481267820457,0.0,10000.0,49.0,,,,,,,,,,,,,
ridge_medium,10000,2,evaluation,40,1,-0.131623132177013,0.1111005359491852,0.1134697317707166,0.0018842499994207,-0.0205225962278278,-0.0181534004062964,1.0,1.0,10000.0,10000.0,0.0,0.0403,1.0211342828657086,0.0,10000.0,1.0,,,,,,,,,,,,,
ridge_medium,10000,2,evaluation,40,2,-0.131623132177013,0.0333889246549396,0.0367674017181294,0.0020341250055935,-0.0982342075220734,-0.0948557304588836,1.0,4.0,1767.0,2500.0,0.0,0.0794,1.041861214624299,0.0,10000.0,4.0,,,,,,,,,,,,,
ridge_medium,10000,2,evaluation,40,3,-0.131623132177013,-0.0509724851877612,-0.0434309269434516,0.0018949579971376,-0.1825956173647742,-0.1750540591204647,1.0,9.0,814.0,1111.111111111111,0.0,0.1125,1.0605062083526484,0.0,10000.0,9.0,,,,,,,,,,,,,
ridge_medium,10000,2,evaluation,40,4,-0.131623132177013,-0.0752691592094888,-0.0654257928243172,0.0018631670100148,-0.2068922913865019,-0.1970489250013303,1.0,16.0,229.0,625.0,0.0,0.1477,1.079064850988112,0.0,10000.0,16.0,,,,,,,,,,,,,
ridge_medium,10000,2,evaluation,40,5,-0.131623132177013,-0.1083594676858702,-0.0919167176475573,0.0017485000134911,-0.2399825998628833,-0.2235398498245704,1.0,25.0,188.0,400.0,0.0,0.183,1.0984807517307436,0.0,10000.0,25.0,,,,,,,,,,,,,
ridge_medium,10000,2,evaluation,40,6,-0.131623132177013,-0.1259334756922734,-0.1096743348215589,0.001728750008624,-0.2575566078692864,-0.241297466998572,1.0,36.0,79.0,277.77777777777777,0.0,0.216,1.1182341979096375,0.0,10000.0,36.0,,,,,,,,,,,,,
ridge_medium,10000,2,evaluation,40,7,-0.131623132177013,-0.1547570135835281,-0.1335153427338538,0.0016906670061871,-0.2863801457605412,-0.2651384749108669,1.0,49.0,66.0,204.08163265306123,0.0,0.2495,1.1350805730998197,0.0,10000.0,49.0,,,,,,,,,,,,,
ridge_medium,10000,2,evaluation,41,1,-0.131623132177013,0.1113419383560867,0.1141705785912763,0.0019259580003563,-0.0202811938209263,-0.0174525535857366,1.0,1.0,10000.0,10000.0,0.0,0.0385,1.019667521132833,0.0,10000.0,1.0,,,,,,,,,,,,,
ridge_medium,10000,2,evaluation,41,2,-0.131623132177013,0.0246045742397971,0.0311445809007476,0.0020219169964548,-0.1070185579372159,-0.1004785512762654,1.0,4.0,1748.0,2500.0,0.0,0.0758,1.0389365358023863,0.0,10000.0,4.0,,,,,,,,,,,,,
ridge_medium,10000,2,evaluation,41,3,-0.131623132177013,-0.0567480825818908,-0.0469956973540604,0.0019154589972458,-0.1883712147589039,-0.1786188295310735,1.0,9.0,816.0,1111.111111111111,0.0,0.1133,1.0596688089273558,0.0,10000.0,9.0,,,,,,,,,,,,,
ridge_medium,10000,2,evaluation,41,4,-0.131623132177013,-0.0843406591021816,-0.0696591920477981,0.0018123339978046,-0.2159637912791947,-0.2012823242248111,1.0,16.0,238.0,625.0,0.0,0.149,1.0766686339667644,0.0,10000.0,16.0,,,,,,,,,,,,,
ridge_medium,10000,2,evaluation,41,5,-0.131623132177013,-0.1117463877883709,-0.0965776510379159,0.0017316250014118,-0.243369519965384,-0.228200783214929,1.0,25.0,185.0,400.0,0.0,0.1826,1.09733381851856,0.0,10000.0,25.0,,,,,,,,,,,,,
ridge_medium,10000,2,evaluation,41,6,-0.131623132177013,-0.1335506112534876,-0.1143598206879941,0.0018567500228527,-0.2651737434305007,-0.2459829528650072,1.0,36.0,84.0,277.77777777777777,0.0,0.2168,1.1152761800287625,0.0,10000.0,36.0,,,,,,,,,,,,,
ridge_medium,10000,2,evaluation,41,7,-0.131623132177013,-0.1633926827486014,-0.1371445649517945,0.0017198330024257,-0.2950158149256144,-0.2687676971288076,1.0,49.0,68.0,204.08163265306123,0.0,0.248,1.134154099736194,0.0,10000.0,49.0,,,,,,,,,,,,,
ridge_medium,10000,2,evaluation,42,1,-0.131623132177013,0.1106677446558798,0.1138416496532167,0.0019222080009058,-0.0209553875211331,-0.0177814825237963,1.0,1.0,10000.0,10000.0,0.0,0.0386,1.0193766844436958,0.0,10000.0,1.0,,,,,,,,,,,,,
ridge_medium,10000,2,evaluation,42,2,-0.131623132177013,0.0258943481644889,0.0322241033781482,0.0021720420045312,-0.105728784012524,-0.0993990287988648,1.0,4.0,1766.0,2500.0,0.0,0.0754,1.0391943880804355,0.0,10000.0,4.0,,,,,,,,,,,,,
ridge_medium,10000,2,evaluation,42,3,-0.131623132177013,-0.0539725448086242,-0.0434064080617919,0.0019623750122264,-0.1855956769856372,-0.175029540238805,1.0,9.0,792.0,1111.111111111111,0.0,0.1147,1.0598245286722343,0.0,10000.0,9.0,,,,,,,,,,,,,
ridge_medium,10000,2,evaluation,42,4,-0.131623132177013,-0.0806530821118345,-0.0668718673451694,0.0018419580010231,-0.2122762142888475,-0.1984949995221825,1.0,16.0,263.0,625.0,0.0,0.1498,1.0780388940675425,0.0,10000.0,16.0,,,,,,,,,,,,,
ridge_medium,10000,2,evaluation,42,5,-0.131623132177013,-0.1068753745804059,-0.086947733421499,0.0017713750130496,-0.238498506757419,-0.2185708655985121,1.0,25.0,181.0,400.0,0.0,0.1858,1.09490866441198,0.0,10000.0,25.0,,,,,,,,,,,,,
ridge_medium,10000,2,evaluation,42,6,-0.131623132177013,-0.1328240658635927,-0.1105154601680747,0.0017486670112702,-0.2644471980406058,-0.2421385923450877,1.0,36.0,97.0,277.77777777777777,0.0,0.2165,1.1163137090701791,0.0,10000.0,36.0,,,,,,,,,,,,,
ridge_medium,10000,2,evaluation,42,7,-0.131623132177013,-0.1582855773658427,-0.1320885486369326,0.0018643750227056,-0.2899087095428558,-0.2637116808139457,1.0,49.0,70.0,204.08163265306123,0.0,0.2539,1.135768961895702,0.0,10000.0,49.0,,,,,,,,,,,,,
ridge_medium,10000,2,evaluation,43,1,-0.131623132177013,0.1116459176189927,0.1145934951186679,0.001849916006904,-0.0199772145580203,-0.0170296370583451,1.0,1.0,10000.0,10000.0,0.0,0.0397,1.0199544292688032,0.0,10000.0,1.0,,,,,,,,,,,,,
ridge_medium,10000,2,evaluation,43,2,-0.131623132177013,0.026678009496858,0.0322115655792912,0.0020990000048186,-0.104945122680155,-0.0994115665977218,1.0,4.0,1692.0,2500.0,0.0,0.0786,1.040064323283164,0.0,10000.0,4.0,,,,,,,,,,,,,
ridge_medium,10000,2,evaluation,43,3,-0.131623132177013,-0.0550356822410573,-0.046758318689896,0.0019702919817063,-0.1866588144180704,-0.1783814508669091,1.0,9.0,792.0,1111.111111111111,0.0,0.1114,1.0598498540666188,0.0,10000.0,9.0,,,,,,,,,,,,,
ridge_medium,10000,2,evaluation,43,4,-0.131623132177013,-0.0772228125963667,-0.0655462182805985,0.0018173329881392,-0.2088459447733798,-0.1971693504576116,1.0,16.0,245.0,625.0,0.0,0.1493,1.078796420831329,0.0,10000.0,16.0,,,,,,,,,,,,,
ridge_medium,10000,2,evaluation,43,5,-0.131623132177013,-0.1075035423858558,-0.0920439147940017,0.0017561669810675,-0.2391266745628689,-0.2236670469710148,1.0,25.0,170.0,400.0,0.0,0.1832,1.0975547618567658,0.0,10000.0,25.0,,,,,,,,,,,,,
ridge_medium,10000,2,evaluation,43,6,-0.131623132177013,-0.1368418718122082,-0.1142894178965344,0.0017616660043131,-0.2684650039892213,-0.2459125500735474,1.0,36.0,91.0,277.77777777777777,0.0,0.2189,1.115002332160334,0.0,10000.0,36.0,,,,,,,,,,,,,
ridge_medium,10000,2,evaluation,43,7,-0.131623132177013,-0.158269501456422,-0.1341624105294035,0.0017668749787844,-0.2898926336334351,-0.2657855427064166,1.0,49.0,66.0,204.08163265306123,0.0,0.2522,1.1366881263655686,0.0,10000.0,49.0,,,,,,,,,,,,,
ridge_medium,10000,2,evaluation,44,1,-0.131623132177013,0.1102454325815824,0.1135521482305771,0.0018461250001564,-0.0213776995954306,-0.0180709839464359,1.0,1.0,10000.0,10000.0,0.0,0.0399,1.0203040356835442,0.0,10000.0,1.0,,,,,,,,,,,,,
ridge_medium,10000,2,evaluation,44,2,-0.131623132177013,0.0330614735206816,0.038609239908236,0.0020856659975834,-0.0985616586563314,-0.093013892268777,1.0,4.0,1747.0,2500.0,0.0,0.078,1.0401271601019553,0.0,10000.0,4.0,,,,,,,,,,,,,
ridge_medium,10000,2,evaluation,44,3,-0.131623132177013,-0.0468214760830245,-0.0370775396238872,0.0019258750253356,-0.1784446082600376,-0.1687006718009003,1.0,9.0,798.0,1111.111111111111,0.0,0.1127,1.0586017454729666,0.0,10000.0,9.0,,,,,,,,,,,,,
ridge_medium,10000,2,evaluation,44,4,-0.131623132177013,-0.0731993138319969,-0.0617470999350393,0.0017772499995771,-0.20482244600901,-0.1933702321120524,1.0,16.0,260.0,625.0,0.0,0.1524,1.080087975427365,0.0,10000.0,16.0,,,,,,,,,,,,,
ridge_medium,10000,2,evaluation,44,5,-0.131623132177013,-0.1005097926595804,-0.0848554207545558,0.001721250009723,-0.2321329248365935,-0.2164785529315688,1.0,25.0,188.0,400.0,0.0,0.1857,1.0988017820089355,0.0,10000.0,25.0,,,,,,,,,,,,,
ridge_medium,10000,2,evaluation,44,6,-0.131623132177013,-0.1226819532353564,-0.103418968260751,0.0017162919975817,-0.2543050854123695,-0.2350421004377641,1.0,36.0,92.0,277.77777777777777,0.0,0.2209,1.117180391690371,0.0,10000.0,36.0,,,,,,,,,,,,,
ridge_medium,10000,2,evaluation,44,7,-0.131623132177013,-0.1481679285582765,-0.1276047376339246,0.001794083014829,-0.2797910607352896,-0.2592278698109377,1.0,49.0,73.0,204.08163265306123,0.0,0.2521,1.139792147581294,0.0,10000.0,49.0,,,,,,,,,,,,,
ridge_medium,10000,2,evaluation,45,1,-0.131623132177013,0.1121106962572041,0.1151848570786711,0.0018793749914038,-0.0195124359198089,-0.0164382750983419,1.0,1.0,10000.0,10000.0,0.0,0.0379,1.0194889592133451,0.0,10000.0,1.0,,,,,,,,,,,,,
ridge_medium,10000,2,evaluation,45,2,-0.131623132177013,0.0336805709784765,0.0387521244593114,0.0019775829860009,-0.0979425611985365,-0.0928710077177016,1.0,4.0,1792.0,2500.0,0.0,0.0751,1.0387769638220123,0.0,10000.0,4.0,,,,,,,,,,,,,
ridge_medium,10000,2,evaluation,45,3,-0.131623132177013,-0.0460239303543413,-0.0367438844662786,0.0018849170010071,-0.1776470625313544,-0.1683670166432917,1.0,9.0,790.0,1111.111111111111,0.0,0.1135,1.0575488010986729,0.0,10000.0,9.0,,,,,,,,,,,,,
ridge_medium,10000,2,evaluation,45,4,-0.131623132177013,-0.0661865042190055,-0.0540547493085233,0.0018087080097757,-0.1978096363960186,-0.1856778814855364,1.0,16.0,241.0,625.0,0.0,0.1475,1.0775949515501284,0.0,10000.0,16.0,,,,,,,,,,,,,
ridge_medium,10000,2,evaluation,45,5,-0.131623132177013,-0.0944322670476996,-0.0804900063631125,0.0017423749959561,-0.2260553992247127,-0.2121131385401256,1.0,25.0,173.0,400.0,0.0,0.1813,1.098081196731902,0.0,10000.0,25.0,,,,,,,,,,,,,
ridge_medium,10000,2,evaluation,45,6,-0.131623132177013,-0.1201215736189041,-0.1004531008215973,0.0017178330163005,-0.2517447057959172,-0.2320762329986104,1.0,36.0,95.0,277.77777777777777,0.0,0.2168,1.1155693197612842,0.0,10000.0,36.0,,,,,,,,,,,,,
ridge_medium,10000,2,evaluation,45,7,-0.131623132177013,-0.142319702385636,-0.1205721931482002,0.0016801670135464,-0.2739428345626491,-0.2521953253252132,1.0,49.0,72.0,204.08163265306123,0.0,0.2499,1.135019265113428,0.0,10000.0,49.0,,,,,,,,,,,,,
ridge_medium,10000,2,evaluation,46,1,-0.131623132177013,0.112060227040338,0.1148753722236071,0.0018650830024853,-0.019562905136675,-0.0167477599534059,1.0,1.0,10000.0,10000.0,0.0,0.0388,1.019828990785346,0.0,10000.0,1.0,,,,,,,,,,,,,
ridge_medium,10000,2,evaluation,46,2,-0.131623132177013,0.0271859240135863,0.0338254057953293,0.0020040829840581,-0.1044372081634267,-0.0977977263816837,1.0,4.0,1753.0,2500.0,0.0,0.0759,1.037700512664329,0.0,10000.0,4.0,,,,,,,,,,,,,
ridge_medium,10000,2,evaluation,46,3,-0.131623132177013,-0.0566381126480468,-0.046446269699156,0.0018757499929051,-0.1882612448250598,-0.1780694018761691,1.0,9.0,810.0,1111.111111111111,0.0,0.1144,1.0599250114457737,0.0,10000.0,9.0,,,,,,,,,,,,,
ridge_medium,10000,2,evaluation,46,4,-0.131623132177013,-0.0848552673764752,-0.0707693877124348,0.0017805410025175,-0.2164783995534882,-0.2023925198894479,1.0,16.0,232.0,625.0,0.0,0.1464,1.075389662444348,0.0,10000.0,16.0,,,,,,,,,,,,,
ridge_medium,10000,2,evaluation,46,5,-0.131623132177013,-0.1147271755862229,-0.0974949567285033,0.0017387500265613,-0.246350307763236,-0.2291180889055163,1.0,25.0,177.0,400.0,0.0,0.1854,1.0981412155455983,0.0,10000.0,25.0,,,,,,,,,,,,,
ridge_medium,10000,2,evaluation,46,6,-0.131623132177013,-0.1347118102761935,-0.1166194772276275,0.0017293750133831,-0.2663349424532066,-0.2482426094046406,1.0,36.0,89.0,277.77777777777777,0.0,0.2134,1.114707351888944,0.0,10000.0,36.0,,,,,,,,,,,,,
ridge_medium,10000,2,evaluation,46,7,-0.131623132177013,-0.1587767653381726,-0.1357319362472901,0.0017146670143119,-0.2903998975151857,-0.2673550684243032,1.0,49.0,68.0,204.08163265306123,0.0,0.2484,1.134738746337736,0.0,10000.0,49.0,,,,,,,,,,,,,
ridge_medium,10000,2,evaluation,47,1,-0.131623132177013,0.1126566503404193,0.11388706962167,0.0019490830018185,-0.0189664818365937,-0.0177360625553429,1.0,1.0,10000.0,10000.0,0.0,0.0382,1.0205809156804768,0.0,10000.0,1.0,,,,,,,,,,,,,
ridge_medium,10000,2,evaluation,47,2,-0.131623132177013,0.0334306483164078,0.0379467992021883,0.0020880000083707,-0.0981924838606052,-0.0936763329748247,1.0,4.0,1806.0,2500.0,0.0,0.0755,1.0404721295145212,0.0,10000.0,4.0,,,,,,,,,,,,,
ridge_medium,10000,2,evaluation,47,3,-0.131623132177013,-0.0472480637021321,-0.0390256985708622,0.0019526249961927,-0.1788711958791451,-0.1706488307478753,1.0,9.0,827.0,1111.111111111111,0.0,0.1143,1.0608385439164278,0.0,10000.0,9.0,,,,,,,,,,,,,
ridge_medium,10000,2,evaluation,47,4,-0.131623132177013,-0.0737626313216916,-0.0634667177403067,0.0019162080134265,-0.2053857634987047,-0.1950898499173197,1.0,16.0,254.0,625.0,0.0,0.1464,1.078334672407022,0.0,10000.0,16.0,,,,,,,,,,,,,
ridge_medium,10000,2,evaluation,47,5,-0.131623132177013,-0.0993976356575929,-0.0870283512837993,0.0017517090018372,-0.231020767834606,-0.2186514834608123,1.0,25.0,175.0,400.0,0.0,0.1821,1.0978990839397955,0.0,10000.0,25.0,,,,,,,,,,,,,
ridge_medium,10000,2,evaluation,47,6,-0.131623132177013,-0.1255137198664963,-0.1091336821305236,0.0017757500172592,-0.2571368520435094,-0.2407568143075367,1.0,36.0,86.0,277.77777777777777,0.0,0.2148,1.11556860181859,0.0,10000.0,36.0,,,,,,,,,,,,,
ridge_medium,10000,2,evaluation,47,7,-0.131623132177013,-0.1523466486922004,-0.128620993755248,0.0017623330058995,-0.2839697808692135,-0.2602441259322611,1.0,49.0,71.0,204.08163265306123,0.0,0.2548,1.1340782594270755,0.0,10000.0,49.0,,,,,,,,,,,,,
ridge_medium,10000,2,evaluation,48,1,-0.131623132177013,0.1108924234753392,0.1136254451717411,0.001991666998947,-0.0207307087016738,-0.0179976870052719,1.0,1.0,10000.0,10000.0,0.0,0.0397,1.021178090461485,0.0,10000.0,1.0,,,,,,,,,,,,,
ridge_medium,10000,2,evaluation,48,2,-0.131623132177013,0.0247768898176617,0.0307179561886854,0.0020001669763587,-0.1068462423593513,-0.1009051759883276,1.0,4.0,1759.0,2500.0,0.0,0.077,1.0408899970214185,0.0,10000.0,4.0,,,,,,,,,,,,,
ridge_medium,10000,2,evaluation,48,3,-0.131623132177013,-0.0535670627794193,-0.0433125763869802,0.0018859999836422,-0.1851901949564324,-0.1749357085639933,1.0,9.0,815.0,1111.111111111111,0.0,0.1159,1.0597214340660095,0.0,10000.0,9.0,,,,,,,,,,,,,
ridge_medium,10000,2,evaluation,48,4,-0.131623132177013,-0.0780507676528839,-0.0648042735141308,0.0017855420010164,-0.2096738998298969,-0.1964274056911439,1.0,16.0,258.0,625.0,0.0,0.1509,1.0781843410698813,0.0,10000.0,16.0,,,,,,,,,,,,,
ridge_medium,10000,2,evaluation,48,5,-0.131623132177013,-0.1097630583301959,-0.0931229049355417,0.001763749984093,-0.241386190507209,-0.2247460371125547,1.0,25.0,177.0,400.0,0.0,0.1849,1.0980878872794404,0.0,10000.0,25.0,,,,,,,,,,,,,
ridge_medium,10000,2,evaluation,48,6,-0.131623132177013,-0.1340183351934017,-0.1124391923044009,0.0017932089976966,-0.2656414673704148,-0.244062324481414,1.0,36.0,75.0,277.77777777777777,0.0,0.2172,1.116137147622252,0.0,10000.0,36.0,,,,,,,,,,,,,
ridge_medium,10000,2,evaluation,48,7,-0.131623132177013,-0.1561343807271271,-0.1318901451715109,0.0017143749864771,-0.2877575129041402,-0.263513277348524,1.0,49.0,68.0,204.08163265306123,0.0,0.2515,1.13263781547666,0.0,10000.0,49.0,,,,,,,,,,,,,
ridge_medium,10000,2,evaluation,49,1,-0.131623132177013,0.1115250483314279,0.1135693225806118,0.0018826250161509,-0.0200980838455851,-0.0180538095964012,1.0,1.0,10000.0,10000.0,0.0,0.0384,1.020518220955719,0.0,10000.0,1.0,,,,,,,,,,,,,
ridge_medium,10000,2,evaluation,49,2,-0.131623132177013,0.025310806266931,0.0313008021653191,0.0021127089858055,-0.106312325910082,-0.1003223300116939,1.0,4.0,1713.0,2500.0,0.0,0.0785,1.040320944565039,0.0,10000.0,4.0,,,,,,,,,,,,,
ridge_medium,10000,2,evaluation,49,3,-0.131623132177013,-0.0518079977042723,-0.0419064170559821,0.001943332987139,-0.1834311298812854,-0.1735295492329951,1.0,9.0,783.0,1111.111111111111,0.0,0.1146,1.0589091283903445,0.0,10000.0,9.0,,,,,,,,,,,,,
ridge_medium,10000,2,evaluation,49,4,-0.131623132177013,-0.0738596761135386,-0.0639982109925233,0.0018060409929603,-0.2054828082905517,-0.1956213431695364,1.0,16.0,241.0,625.0,0.0,0.1478,1.0776786852754343,0.0,10000.0,16.0,,,,,,,,,,,,,
ridge_medium,10000,2,evaluation,49,5,-0.131623132177013,-0.1028904870615941,-0.0888301729595117,0.0017268329975195,-0.2345136192386071,-0.2204533051365248,1.0,25.0,175.0,400.0,0.0,0.185,1.0988670620257124,0.0,10000.0,25.0,,,,,,,,,,,,,
ridge_medium,10000,2,evaluation,49,6,-0.131623132177013,-0.1289681407960027,-0.1105903759819653,0.0017724170174915,-0.2605912729730158,-0.2422135081589784,1.0,36.0,79.0,277.77777777777777,0.0,0.2158,1.1148137060140335,0.0,10000.0,36.0,,,,,,,,,,,,,
ridge_medium,10000,2,evaluation,49,7,-0.131623132177013,-0.1535647805657334,-0.1313898310337033,0.0017025420092977,-0.2851879127427465,-0.2630129632107164,1.0,49.0,68.0,204.08163265306123,0.0,0.2463,1.1341689208332335,0.0,10000.0,49.0,,,,,,,,,,,,,
ridge_medium,10000,2,evaluation,50,1,-0.131623132177013,0.1093439404038313,0.1131380096527148,0.0018534999981056,-0.0222791917731816,-0.0184851225242982,1.0,1.0,10000.0,10000.0,0.0,0.0397,1.0194946142785395,0.0,10000.0,1.0,,,,,,,,,,,,,
ridge_medium,10000,2,evaluation,50,2,-0.131623132177013,0.0250389234752521,0.0320297594486136,0.0019885830115526,-0.1065842087017609,-0.0995933727283994,1.0,4.0,1777.0,2500.0,0.0,0.0765,1.038906074337245,0.0,10000.0,4.0,,,,,,,,,,,,,
ridge_medium,10000,2,evaluation,50,3,-0.131623132177013,-0.0599988156516881,-0.0489753544181627,0.0018412079953122,-0.1916219478287012,-0.1805984865951758,1.0,9.0,821.0,1111.111111111111,0.0,0.1156,1.0573483906436771,0.0,10000.0,9.0,,,,,,,,,,,,,
ridge_medium,10000,2,evaluation,50,4,-0.131623132177013,-0.0850156623431204,-0.0698346544490266,0.0018543329788371,-0.2166387945201335,-0.2014577866260397,1.0,16.0,238.0,625.0,0.0,0.1486,1.077364384908975,0.0,10000.0,16.0,,,,,,,,,,,,,
ridge_medium,10000,2,evaluation,50,5,-0.131623132177013,-0.1128135939401806,-0.0942805122718778,0.001759916980518,-0.2444367261171937,-0.2259036444488908,1.0,25.0,169.0,400.0,0.0,0.1842,1.0951979997557963,0.0,10000.0,25.0,,,,,,,,,,,,,
ridge_medium,10000,2,evaluation,50,6,-0.131623132177013,-0.1368711458384301,-0.1158167675195651,0.0017259169835597,-0.2684942780154432,-0.2474398996965782,1.0,36.0,89.0,277.77777777777777,0.0,0.2163,1.1128320269625973,0.0,10000.0,36.0,,,,,,,,,,,,,
ridge_medium,10000,2,evaluation,50,7,-0.131623132177013,-0.1658408778178781,-0.1398859360530864,0.0017003339889924,-0.2974640099948912,-0.2715090682300995,1.0,49.0,64.0,204.08163265306123,0.0,0.2528,1.1346107198259874,0.0,10000.0,49.0,,,,,,,,,,,,,
ridge_medium,10000,2,evaluation,51,1,-0.131623132177013,0.1116318529450562,0.1136272829542181,0.0018554999842308,-0.0199912792319567,-0.0179958492227948,1.0,1.0,10000.0,10000.0,0.0,0.0388,1.0203079628746956,0.0,10000.0,1.0,,,,,,,,,,,,,
ridge_medium,10000,2,evaluation,51,2,-0.131623132177013,0.0338972501262025,0.0388815743442008,0.0021330000017769,-0.0977258820508105,-0.0927415578328122,1.0,4.0,1784.0,2500.0,0.0,0.0764,1.039621968321164,0.0,10000.0,4.0,,,,,,,,,,,,,
ridge_medium,10000,2,evaluation,51,3,-0.131623132177013,-0.0577607638680485,-0.048490911962789,0.0018929590005427,-0.1893838960450616,-0.1801140441398021,1.0,9.0,783.0,1111.111111111111,0.0,0.1142,1.0596998355033531,0.0,10000.0,9.0,,,,,,,,,,,,,
ridge_medium,10000,2,evaluation,51,4,-0.131623132177013,-0.0825194023763343,-0.0707417863296257,0.0017742500058375,-0.2141425345533474,-0.2023649185066388,1.0,16.0,251.0,625.0,0.0,0.1487,1.0792031559633024,0.0,10000.0,16.0,,,,,,,,,,,,,
ridge_medium,10000,2,evaluation,51,5,-0.131623132177013,-0.1113193250741249,-0.0952793114941527,0.0017366250103805,-0.242942457251138,-0.2269024436711658,1.0,25.0,166.0,400.0,0.0,0.1861,1.09761381772811,0.0,10000.0,25.0,,,,,,,,,,,,,
ridge_medium,10000,2,evaluation,51,6,-0.131623132177013,-0.1316551981342962,-0.1137871853681687,0.0017796669853851,-0.2632783303113092,-0.2454103175451818,1.0,36.0,81.0,277.77777777777777,0.0,0.2156,1.116097998177029,0.0,10000.0,36.0,,,,,,,,,,,,,
ridge_medium,10000,2,evaluation,51,7,-0.131623132177013,-0.1605746376790423,-0.1376516613865552,0.0017140409909188,-0.2921977698560554,-0.2692747935635683,1.0,49.0,66.0,204.08163265306123,0.0,0.2499,1.1365960395843435,0.0,10000.0,49.0,,,,,,,,,,,,,
ridge_medium,10000,2,evaluation,52,1,-0.131623132177013,0.111664350343874,0.1144977752196559,0.0018934580148197,-0.0199587818331389,-0.0171253569573571,1.0,1.0,10000.0,10000.0,0.0,0.0393,1.0196016002098538,0.0,10000.0,1.0,,,,,,,,,,,,,
ridge_medium,10000,2,evaluation,52,2,-0.131623132177013,0.0304596138370857,0.0363158824183879,0.0019770420040003,-0.1011635183399273,-0.0953072497586251,1.0,4.0,1804.0,2500.0,0.0,0.0775,1.0396250816036088,0.0,10000.0,4.0,,,,,,,,,,,,,
ridge_medium,10000,2,evaluation,52,3,-0.131623132177013,-0.0531298430777897,-0.0433745641168234,0.001879249990452,-0.1847529752548027,-0.1749976962938365,1.0,9.0,812.0,1111.111111111111,0.0,0.1127,1.0603831988937429,0.0,10000.0,9.0,,,,,,,,,,,,,
ridge_medium,10000,2,evaluation,52,4,-0.131623132177013,-0.0777257569012821,-0.0667660567128664,0.0018191659764852,-0.2093488890782952,-0.1983891888898795,1.0,16.0,248.0,625.0,0.0,0.1502,1.078616394434681,0.0,10000.0,16.0,,,,,,,,,,,,,
ridge_medium,10000,2,evaluation,52,5,-0.131623132177013,-0.1042161625024324,-0.0904166574299048,0.0017304579960182,-0.2358392946794455,-0.2220397896069179,1.0,25.0,174.0,400.0,0.0,0.1792,1.0981944499581655,0.0,10000.0,25.0,,,,,,,,,,,,,
ridge_medium,10000,2,evaluation,52,6,-0.131623132177013,-0.1306358397613366,-0.1123362422679186,0.0017417920171283,-0.2622589719383497,-0.2439593744449317,1.0,36.0,89.0,277.77777777777777,0.0,0.2175,1.116522950090453,0.0,10000.0,36.0,,,,,,,,,,,,,
ridge_medium,10000,2,evaluation,52,7,-0.131623132177013,-0.1552342699503341,-0.1327742076381982,0.0016998750215861,-0.2868574021273471,-0.2643973398152113,1.0,49.0,69.0,204.08163265306123,0.0,0.2514,1.1349368380899627,0.0,10000.0,49.0,,,,,,,,,,,,,
ridge_medium,10000,2,evaluation,53,1,-0.131623132177013,0.1112892037726292,0.1148811178726837,0.0018562499899417,-0.0203339284043838,-0.0167420143043293,1.0,1.0,10000.0,10000.0,0.0,0.0391,1.0192454950813328,0.0,10000.0,1.0,,,,,,,,,,,,,
ridge_medium,10000,2,evaluation,53,2,-0.131623132177013,0.0271222579721607,0.0325332630263523,0.0020789160043932,-0.1045008742048523,-0.0990898691506607,1.0,4.0,1782.0,2500.0,0.0,0.0763,1.0386986720787816,0.0,10000.0,4.0,,,,,,,,,,,,,
ridge_medium,10000,2,evaluation,53,3,-0.131623132177013,-0.06291228426531,-0.0519584968387509,0.0018613749998621,-0.194535416442323,-0.183581629015764,1.0,9.0,834.0,1111.111111111111,0.0,0.1164,1.0588967047851738,0.0,10000.0,9.0,,,,,,,,,,,,,
ridge_medium,10000,2,evaluation,53,4,-0.131623132177013,-0.0907088211062642,-0.0756951757818899,0.0017670000088401,-0.2223319532832773,-0.207318307958903,1.0,16.0,249.0,625.0,0.0,0.1541,1.0774023822157983,0.0,10000.0,16.0,,,,,,,,,,,,,
ridge_medium,10000,2,evaluation,53,5,-0.131623132177013,-0.1147854778978564,-0.0987201945605123,0.001713584002573,-0.2464086100748695,-0.2303433267375254,1.0,25.0,173.0,400.0,0.0,0.1829,1.09558299116682,0.0,10000.0,25.0,,,,,,,,,,,,,
ridge_medium,10000,2,evaluation,53,6,-0.131623132177013,-0.1413619641222409,-0.1179406553288873,0.0016990839794743,-0.272985096299254,-0.2495637875059004,1.0,36.0,86.0,277.77777777777777,0.0,0.2205,1.1151642577632386,0.0,10000.0,36.0,,,,,,,,,,,,,
ridge_medium,10000,2,evaluation,53,7,-0.131623132177013,-0.1636329262830755,-0.1399763101987104,0.001741124986438,-0.2952560584600885,-0.2715994423757235,1.0,49.0,64.0,204.08163265306123,0.0,0.2494,1.1336299668276282,0.0,10000.0,49.0,,,,,,,,,,,,,
ridge_medium,10000,2,evaluation,54,1,-0.131623132177013,0.1107335821593019,0.1138388938589078,0.0018765839922707,-0.020889550017711,-0.0177842383181052,1.0,1.0,10000.0,10000.0,0.0,0.0404,1.0205364302457711,0.0,10000.0,1.0,,,,,,,,,,,,,
ridge_medium,10000,2,evaluation,54,2,-0.131623132177013,0.0335225094083782,0.0394511865191376,0.0019754999957513,-0.0981006227686348,-0.0921719456578754,1.0,4.0,1802.0,2500.0,0.0,0.0782,1.040586523380573,0.0,10000.0,4.0,,,,,,,,,,,,,
ridge_medium,10000,2,evaluation,54,3,-0.131623132177013,-0.0433755105398195,-0.0339392274371316,0.0019123340025544,-0.1749986427168326,-0.1655623596141447,1.0,9.0,838.0,1111.111111111111,0.0,0.1169,1.0609619673302486,0.0,10000.0,9.0,,,,,,,,,,,,,
ridge_medium,10000,2,evaluation,54,4,-0.131623132177013,-0.071848038814078,-0.0568137018228521,0.0018185829976573,-0.2034711709910911,-0.1884368339998652,1.0,16.0,267.0,625.0,0.0,0.1476,1.078297244867256,0.0,10000.0,16.0,,,,,,,,,,,,,
ridge_medium,10000,2,evaluation,54,5,-0.131623132177013,-0.0994116007390164,-0.0816845587948953,0.0017256660212296,-0.2310347329160295,-0.2133076909719083,1.0,25.0,187.0,400.0,0.0,0.1869,1.098039229955937,0.0,10000.0,25.0,,,,,,,,,,,,,
ridge_medium,10000,2,evaluation,54,6,-0.131623132177013,-0.1260952124207388,-0.1049484334987302,0.0017201250011567,-0.2577183445977519,-0.2365715656757433,1.0,36.0,96.0,277.77777777777777,0.0,0.2209,1.1183885373428402,0.0,10000.0,36.0,,,,,,,,,,,,,
ridge_medium,10000,2,evaluation,54,7,-0.131623132177013,-0.1473435662948675,-0.1257279486927714,0.001667875010753,-0.2789666984718806,-0.2573510808697845,1.0,49.0,77.0,204.08163265306123,0.0,0.2555,1.1379621871014496,0.0,10000.0,49.0,,,,,,,,,,,,,
ridge_medium,10000,2,evaluation,55,1,-0.131623132177013,0.1119488505068368,0.1144558509502447,0.001938291999977,-0.0196742816701762,-0.0171672812267683,1.0,1.0,10000.0,10000.0,0.0,0.039,1.019810366296766,0.0,10000.0,1.0,,,,,,,,,,,,,
ridge_medium,10000,2,evaluation,55,2,-0.131623132177013,0.0263930811602977,0.0335135832135067,0.0021315840131137,-0.1052300510167152,-0.0981095489635063,1.0,4.0,1789.0,2500.0,0.0,0.0768,1.038044252601458,0.0,10000.0,4.0,,,,,,,,,,,,,
ridge_medium,10000,2,evaluation,55,3,-0.131623132177013,-0.054547226798357,-0.0456799498615612,0.0019275420054327,-0.1861703589753701,-0.1773030820385743,1.0,9.0,789.0,1111.111111111111,0.0,0.1137,1.059272357507086,0.0,10000.0,9.0,,,,,,,,,,,,,
ridge_medium,10000,2,evaluation,55,4,-0.131623132177013,-0.0785010983017794,-0.0658148255805333,0.0017748329846654,-0.2101242304787925,-0.1974379577575464,1.0,16.0,268.0,625.0,0.0,0.147,1.077516834566505,0.0,10000.0,16.0,,,,,,,,,,,,,
ridge_medium,10000,2,evaluation,55,5,-0.131623132177013,-0.1022964732061826,-0.0887478789162134,0.0017053750052582,-0.2339196053831957,-0.2203710110932265,1.0,25.0,189.0,400.0,0.0,0.1869,1.0999895560804087,0.0,10000.0,25.0,,,,,,,,,,,,,
ridge_medium,10000,2,evaluation,55,6,-0.131623132177013,-0.1355721568908199,-0.1140294397521557,0.0017869590083137,-0.267195289067833,-0.2456525719291688,1.0,36.0,89.0,277.77777777777777,0.0,0.2185,1.1158256508317224,0.0,10000.0,36.0,,,,,,,,,,,,,
ridge_medium,10000,2,evaluation,55,7,-0.131623132177013,-0.1565943577605479,-0.1355375917666955,0.0017311249976046,-0.2882174899375609,-0.2671607239437086,1.0,49.0,61.0,204.08163265306123,0.0,0.2497,1.1376900094587592,0.0,10000.0,49.0,,,,,,,,,,,,,
ridge_medium,10000,2,evaluation,56,1,-0.131623132177013,0.1106544051019591,0.1133864637144799,0.0018989999953191,-0.0209687270750539,-0.0182366684625331,1.0,1.0,10000.0,10000.0,0.0,0.0391,1.020603977050642,0.0,10000.0,1.0,,,,,,,,,,,,,
ridge_medium,10000,2,evaluation,56,2,-0.131623132177013,0.0293227294748445,0.0351030164659689,0.0019754579989239,-0.1023004027021685,-0.096520115711044,1.0,4.0,1757.0,2500.0,0.0,0.0789,1.0405728447060978,0.0,10000.0,4.0,,,,,,,,,,,,,
ridge_medium,10000,2,evaluation,56,3,-0.131623132177013,-0.0499002097856145,-0.0426806812588762,0.0019020830222871,-0.1815233419626276,-0.1743038134358893,1.0,9.0,819.0,1111.111111111111,0.0,0.1136,1.0592452319277257,0.0,10000.0,9.0,,,,,,,,,,,,,
ridge_medium,10000,2,evaluation,56,4,-0.131623132177013,-0.074796899711926,-0.0647692360747251,0.001837957999669,-0.2064200318889391,-0.1963923682517382,1.0,16.0,249.0,625.0,0.0,0.1474,1.078849226444623,0.0,10000.0,16.0,,,,,,,,,,,,,
ridge_medium,10000,2,evaluation,56,5,-0.131623132177013,-0.1051029903087386,-0.0900743567876982,0.0017401250079274,-0.2367261224857517,-0.2216974889647112,1.0,25.0,173.0,400.0,0.0,0.1837,1.0974377136126232,0.0,10000.0,25.0,,,,,,,,,,,,,
ridge_medium,10000,2,evaluation,56,6,-0.131623132177013,-0.1272287360350537,-0.1087228442442765,0.0017420829972252,-0.2588518682120668,-0.2403459764212896,1.0,36.0,85.0,277.77777777777777,0.0,0.2157,1.115421065174188,0.0,10000.0,36.0,,,,,,,,,,,,,
ridge_medium,10000,2,evaluation,56,7,-0.131623132177013,-0.1526662821325624,-0.1324863605112384,0.0017198330024257,-0.2842894143095755,-0.2641094926882515,1.0,49.0,70.0,204.08163265306123,0.0,0.2497,1.1360507752216484,0.0,10000.0,49.0,,,,,,,,,,,,,
ridge_medium,10000,2,evaluation,57,1,-0.131623132177013,0.1109551280078491,0.1147407548831435,0.0018497080018278,-0.0206680041691639,-0.0168823772938694,1.0,1.0,10000.0,10000.0,0.0,0.0402,1.0200720271613466,0.0,10000.0,1.0,,,,,,,,,,,,,
ridge_medium,10000,2,evaluation,57,2,-0.131623132177013,0.0212687842113596,0.0276501305546085,0.0020015000191051,-0.1103543479656534,-0.1039730016224044,1.0,4.0,1711.0,2500.0,0.0,0.0787,1.0388123613075684,0.0,10000.0,4.0,,,,,,,,,,,,,
ridge_medium,10000,2,evaluation,57,3,-0.131623132177013,-0.0608971972779859,-0.0521436356308848,0.0019206250144634,-0.192520329454999,-0.1837667678078979,1.0,9.0,791.0,1111.111111111111,0.0,0.1152,1.0598247110896493,0.0,10000.0,9.0,,,,,,,,,,,,,
ridge_medium,10000,2,evaluation,57,4,-0.131623132177013,-0.0857512931465393,-0.073614873734747,0.0018631250131875,-0.2173744253235524,-0.20523800591176,1.0,16.0,245.0,625.0,0.0,0.1499,1.0780253310473311,0.0,10000.0,16.0,,,,,,,,,,,,,
ridge_medium,10000,2,evaluation,57,5,-0.131623132177013,-0.1132080310867706,-0.0970293908176999,0.0017422090168111,-0.2448311632637836,-0.228652522994713,1.0,25.0,160.0,400.0,0.0,0.1828,1.0964557210196737,0.0,10000.0,25.0,,,,,,,,,,,,,
ridge_medium,10000,2,evaluation,57,6,-0.131623132177013,-0.1382072656237171,-0.1172697500159911,0.0019341660081408,-0.2698303978007302,-0.2488928821930042,1.0,36.0,83.0,277.77777777777777,0.0,0.2214,1.1152787905398645,0.0,10000.0,36.0,,,,,,,,,,,,,
ridge_medium,10000,2,evaluation,57,7,-0.131623132177013,-0.1616650719628133,-0.1371390621247352,0.0017565000161994,-0.2932882041398263,-0.2687621943017483,1.0,49.0,66.0,204.08163265306123,0.0,0.2513,1.1361445812582758,0.0,10000.0,49.0,,,,,,,,,,,,,
ridge_medium,10000,2,evaluation,58,1,-0.131623132177013,0.1114552801685435,0.1136551658969935,0.0018848750041797,-0.0201678520084694,-0.0179679662800195,1.0,1.0,10000.0,10000.0,0.0,0.0386,1.020432170874935,0.0,10000.0,1.0,,,,,,,,,,,,,
ridge_medium,10000,2,evaluation,58,2,-0.131623132177013,0.0324331025409389,0.0387981604602094,0.0020145000016782,-0.0991900296360741,-0.0928249717168036,1.0,4.0,1826.0,2500.0,0.0,0.0781,1.0403519703488424,0.0,10000.0,4.0,,,,,,,,,,,,,
ridge_medium,10000,2,evaluation,58,3,-0.131623132177013,-0.04907529582527,-0.0396641907721101,0.0020610840001609,-0.180698428002283,-0.1712873229491232,1.0,9.0,814.0,1111.111111111111,0.0,0.1161,1.0609218060556866,0.0,10000.0,9.0,,,,,,,,,,,,,
ridge_medium,10000,2,evaluation,58,4,-0.131623132177013,-0.072962793238555,-0.0597155663047075,0.0018019170092884,-0.2045859254155681,-0.1913386984817206,1.0,16.0,257.0,625.0,0.0,0.1461,1.0775159595232404,0.0,10000.0,16.0,,,,,,,,,,,,,
ridge_medium,10000,2,evaluation,58,5,-0.131623132177013,-0.1005508866007836,-0.0842610912133952,0.0017317500023636,-0.2321740187777967,-0.2158842233904083,1.0,25.0,184.0,400.0,0.0,0.1845,1.0978975159053797,0.0,10000.0,25.0,,,,,,,,,,,,,
ridge_medium,10000,2,evaluation,58,6,-0.131623132177013,-0.1262947375451595,-0.1057438309563229,0.0017255829880014,-0.2579178697221725,-0.237366963133336,1.0,36.0,85.0,277.77777777777777,0.0,0.2174,1.1182305542730802,0.0,10000.0,36.0,,,,,,,,,,,,,
ridge_medium,10000,2,evaluation,58,7,-0.131623132177013,-0.1485878566427192,-0.1276912112017006,0.0016737499972805,-0.2802109888197323,-0.2593143433787137,1.0,49.0,68.0,204.08163265306123,0.0,0.2518,1.135378337163009,0.0,10000.0,49.0,,,,,,,,,,,,,
ridge_medium,10000,2,evaluation,59,1,-0.131623132177013,0.1132257026872587,0.1143716346649565,0.0019896659941878,-0.0183974294897543,-0.0172514975120565,1.0,1.0,10000.0,10000.0,0.0,0.0393,1.0209927034267403,0.0,10000.0,1.0,,,,,,,,,,,,,
ridge_medium,10000,2,evaluation,59,2,-0.131623132177013,0.0290906379301773,0.0344033801808981,0.0020182080043014,-0.1025324942468357,-0.0972197519961148,1.0,4.0,1797.0,2500.0,0.0,0.0779,1.0405225862468492,0.0,10000.0,4.0,,,,,,,,,,,,,
ridge_medium,10000,2,evaluation,59,3,-0.131623132177013,-0.056078595297056,-0.0460342981492484,0.0018847499741241,-0.1877017274740691,-0.1776574303262615,1.0,9.0,818.0,1111.111111111111,0.0,0.1124,1.058948143530153,0.0,10000.0,9.0,,,,,,,,,,,,,
ridge_medium,10000,2,evaluation,59,4,-0.131623132177013,-0.0792752344858045,-0.0682570355182647,0.0018339169910177,-0.2108983666628176,-0.1998801676952778,1.0,16.0,236.0,625.0,0.0,0.1478,1.077274771564555,0.0,10000.0,16.0,,,,,,,,,,,,,
ridge_medium,10000,2,evaluation,59,5,-0.131623132177013,-0.1073286158676035,-0.091631106017056,0.0018459580023773,-0.2389517480446166,-0.2232542381940691,1.0,25.0,172.0,400.0,0.0,0.1816,1.09554891384752,0.0,10000.0,25.0,,,,,,,,,,,,,
ridge_medium,10000,2,evaluation,59,6,-0.131623132177013,-0.1341618184440087,-0.1153798520192546,0.0017307499947492,-0.2657849506210218,-0.2470029841962677,1.0,36.0,81.0,277.77777777777777,0.0,0.2188,1.1170533066731627,0.0,10000.0,36.0,,,,,,,,,,,,,
ridge_medium,10000,2,evaluation,59,7,-0.131623132177013,-0.1594233816455738,-0.1387999440260036,0.0017044999985955,-0.2910465138225869,-0.2704230762030167,1.0,49.0,64.0,204.08163265306123,0.0,0.2549,1.1384614106938238,0.0,10000.0,49.0,,,,,,,,,,,,,
ridge_medium,10000,2,evaluation,60,1,-0.131623132177013,0.1103831739231252,0.1138379130192788,0.0018643749936018,-0.0212399582538878,-0.0177852191577342,1.0,1.0,10000.0,10000.0,0.0,0.0385,1.0189330976006126,0.0,10000.0,1.0,,,,,,,,,,,,,
ridge_medium,10000,2,evaluation,60,2,-0.131623132177013,0.0259952600371864,0.0328079432235879,0.0019857500155922,-0.1056278721398265,-0.098815188953425,1.0,4.0,1734.0,2500.0,0.0,0.078,1.0387669402101951,0.0,10000.0,4.0,,,,,,,,,,,,,
ridge_medium,10000,2,evaluation,60,3,-0.131623132177013,-0.0572349824109524,-0.0482144417145688,0.001902667019749,-0.1888581145879655,-0.1798375738915819,1.0,9.0,785.0,1111.111111111111,0.0,0.1144,1.0584292462288123,0.0,10000.0,9.0,,,,,,,,,,,,,
ridge_medium,10000,2,evaluation,60,4,-0.131623132177013,-0.0815476677949553,-0.0707961019265363,0.00176837501931,-0.2131707999719684,-0.2024192341035494,1.0,16.0,258.0,625.0,0.0,0.1468,1.0769756608222014,0.0,10000.0,16.0,,,,,,,,,,,,,
ridge_medium,10000,2,evaluation,60,5,-0.131623132177013,-0.1085443462426096,-0.0950586005078424,0.0017166670004371,-0.2401674784196227,-0.2266817326848555,1.0,25.0,170.0,400.0,0.0,0.183,1.0956507231448356,0.0,10000.0,25.0,,,,,,,,,,,,,
ridge_medium,10000,2,evaluation,60,6,-0.131623132177013,-0.1331303011629784,-0.1154783263342903,0.0017179999849759,-0.2647534333399915,-0.2471014585113034,1.0,36.0,82.0,277.77777777777777,0.0,0.22,1.1176743396865263,0.0,10000.0,36.0,,,,,,,,,,,,,
ridge_medium,10000,2,evaluation,60,7,-0.131623132177013,-0.160699575491291,-0.1380954318664736,0.0018879999988712,-0.2923227076683041,-0.2697185640434867,1.0,49.0,62.0,204.08163265306123,0.0,0.2494,1.134700646001498,0.0,10000.0,49.0,,,,,,,,,,,,,
ridge_medium,10000,2,evaluation,61,1,-0.131623132177013,0.1108935574017222,0.1140009390035173,0.0018866669852286,-0.0207295747752908,-0.0176221931734957,1.0,1.0,10000.0,10000.0,0.0,0.0384,1.0194883231815748,0.0,10000.0,1.0,,,,,,,,,,,,,
ridge_medium,10000,2,evaluation,61,2,-0.131623132177013,0.0298746674867984,0.0368460242802154,0.0020147080067545,-0.1017484646902146,-0.0947771078967976,1.0,4.0,1732.0,2500.0,0.0,0.0776,1.0397944077458234,0.0,10000.0,4.0,,,,,,,,,,,,,
ridge_medium,10000,2,evaluation,61,3,-0.131623132177013,-0.03977474185957,-0.0302114963840718,0.0018744160188362,-0.1713978740365831,-0.1618346285610849,1.0,9.0,832.0,1111.111111111111,0.0,0.1149,1.058636526784546,0.0,10000.0,9.0,,,,,,,,,,,,,
ridge_medium,10000,2,evaluation,61,4,-0.131623132177013,-0.0661115402318847,-0.0540540007155486,0.0019280000124126,-0.1977346724088977,-0.1856771328925616,1.0,16.0,278.0,625.0,0.0,0.1524,1.078243206613636,0.0,10000.0,16.0,,,,,,,,,,,,,
ridge_medium,10000,2,evaluation,61,5,-0.131623132177013,-0.0939000428979511,-0.0787215372776072,0.0017298329912591,-0.2255231750749642,-0.2103446694546203,1.0,25.0,189.0,400.0,0.0,0.1846,1.0983020196889868,0.0,10000.0,25.0,,,,,,,,,,,,,
ridge_medium,10000,2,evaluation,61,6,-0.131623132177013,-0.1202202720187495,-0.1013360442657222,0.0017205419717356,-0.2518434041957626,-0.2329591764427353,1.0,36.0,90.0,277.77777777777777,0.0,0.2203,1.117503051512142,0.0,10000.0,36.0,,,,,,,,,,,,,
ridge_medium,10000,2,evaluation,61,7,-0.131623132177013,-0.1454767910311681,-0.1223835529172629,0.0016927079996094,-0.2770999232081812,-0.254006685094276,1.0,49.0,70.0,204.08163265306123,0.0,0.2524,1.1380769539309226,0.0,10000.0,49.0,,,,,,,,,,,,,
ridge_medium,10000,2,evaluation,62,1,-0.131623132177013,0.110663988087596,0.1131751134769667,0.0018576250004116,-0.020959144089417,-0.0184480187000463,1.0,1.0,10000.0,10000.0,0.0,0.04,1.0204929462245074,0.0,10000.0,1.0,,,,,,,,,,,,,
ridge_medium,10000,2,evaluation,62,2,-0.131623132177013,0.0278724198667586,0.0325910499221682,0.0020246669882908,-0.1037507123102544,-0.0990320822548448,1.0,4.0,1708.0,2500.0,0.0,0.0774,1.0397439206009156,0.0,10000.0,4.0,,,,,,,,,,,,,
ridge_medium,10000,2,evaluation,62,3,-0.131623132177013,-0.0537772888192495,-0.0458989841028083,0.0018712499877437,-0.1854004209962625,-0.1775221162798214,1.0,9.0,794.0,1111.111111111111,0.0,0.1121,1.058616632618236,0.0,10000.0,9.0,,,,,,,,,,,,,
ridge_medium,10000,2,evaluation,62,4,-0.131623132177013,-0.08087505839097,-0.0669053602205288,0.0017698339943308,-0.2124981905679831,-0.1985284923975419,1.0,16.0,259.0,625.0,0.0,0.1509,1.0771871972914508,0.0,10000.0,16.0,,,,,,,,,,,,,
ridge_medium,10000,2,evaluation,62,5,-0.131623132177013,-0.1055815093302728,-0.0917053268523602,0.0016962910012807,-0.2372046415072859,-0.2233284590293733,1.0,25.0,187.0,400.0,0.0,0.1808,1.0986340449318803,0.0,10000.0,25.0,,,,,,,,,,,,,
ridge_medium,10000,2,evaluation,62,6,-0.131623132177013,-0.1335796038917452,-0.1147340081065555,0.0017437920032534,-0.2652027360687582,-0.2463571402835686,1.0,36.0,94.0,277.77777777777777,0.0,0.2159,1.116517002752635,0.0,10000.0,36.0,,,,,,,,,,,,,
ridge_medium,10000,2,evaluation,62,7,-0.131623132177013,-0.160302784194878,-0.1363281846279846,0.0016806659987196,-0.2919259163718911,-0.2679513168049977,1.0,49.0,69.0,204.08163265306123,0.0,0.252,1.1348969597594585,0.0,10000.0,49.0,,,,,,,,,,,,,
ridge_medium,10000,2,evaluation,63,1,-0.131623132177013,0.1125397945105542,0.1154073496807752,0.0018710830190684,-0.0190833376664588,-0.0162157824962378,1.0,1.0,10000.0,10000.0,0.0,0.0404,1.019926389477375,0.0,10000.0,1.0,,,,,,,,,,,,,
ridge_medium,10000,2,evaluation,63,2,-0.131623132177013,0.0293372464673858,0.0356258574159316,0.0020011659944429,-0.1022858857096272,-0.0959972747610814,1.0,4.0,1755.0,2500.0,0.0,0.0791,1.0405099959056094,0.0,10000.0,4.0,,,,,,,,,,,,,
ridge_medium,10000,2,evaluation,63,3,-0.131623132177013,-0.0566311095409448,-0.048180338621967,0.0018775000062305,-0.1882542417179579,-0.1798034707989801,1.0,9.0,812.0,1111.111111111111,0.0,0.1147,1.0585797946805116,0.0,10000.0,9.0,,,,,,,,,,,,,
ridge_medium,10000,2,evaluation,63,4,-0.131623132177013,-0.082248399223206,-0.0710587128892264,0.0018103329930454,-0.2138715314002191,-0.2026818450662394,1.0,16.0,245.0,625.0,0.0,0.1496,1.0776093380568568,0.0,10000.0,16.0,,,,,,,,,,,,,
ridge_medium,10000,2,evaluation,63,5,-0.131623132177013,-0.1092217680687592,-0.0946119919716516,0.0017462920222897,-0.2408449002457723,-0.2262351241486647,1.0,25.0,176.0,400.0,0.0,0.1832,1.0970397577386632,0.0,10000.0,25.0,,,,,,,,,,,,,
ridge_medium,10000,2,evaluation,63,6,-0.131623132177013,-0.1334307351957896,-0.1153147577569093,0.001748958020471,-0.2650538673728027,-0.2469378899339224,1.0,36.0,92.0,277.77777777777777,0.0,0.219,1.1166883632819715,0.0,10000.0,36.0,,,,,,,,,,,,,
ridge_medium,10000,2,evaluation,63,7,-0.131623132177013,-0.1584441731215553,-0.1366002211425657,0.0016923749935813,-0.2900673052985684,-0.2682233533195788,1.0,49.0,70.0,204.08163265306123,0.0,0.2476,1.1351278713713115,0.0,10000.0,49.0,,,,,,,,,,,,,
ridge_medium,10000,2,evaluation,64,1,-0.131623132177013,0.1108051451713133,0.113840011614615,0.001864582998678,-0.0208179870056997,-0.017783120562398,1.0,1.0,10000.0,10000.0,0.0,0.0393,1.0201611054244062,0.0,10000.0,1.0,,,,,,,,,,,,,
ridge_medium,10000,2,evaluation,64,2,-0.131623132177013,0.0292747340344567,0.0351199929769597,0.002009125018958,-0.1023483981425563,-0.0965031392000533,1.0,4.0,1762.0,2500.0,0.0,0.0799,1.0400008070123443,0.0,10000.0,4.0,,,,,,,,,,,,,
ridge_medium,10000,2,evaluation,64,3,-0.131623132177013,-0.0527888289130373,-0.0433223562607387,0.0018666670075617,-0.1844119610900504,-0.1749454884377518,1.0,9.0,812.0,1111.111111111111,0.0,0.1137,1.060020730653183,0.0,10000.0,9.0,,,,,,,,,,,,,
ridge_medium,10000,2,evaluation,64,4,-0.131623132177013,-0.079025907985113,-0.0654672142220152,0.0017647079948801,-0.210649040162126,-0.1970903463990283,1.0,16.0,271.0,625.0,0.0,0.1518,1.0787159448703778,0.0,10000.0,16.0,,,,,,,,,,,,,
ridge_medium,10000,2,evaluation,64,5,-0.131623132177013,-0.1086177139313421,-0.0932759532522453,0.0017171249783132,-0.2402408461083552,-0.2248990854292584,1.0,25.0,176.0,400.0,0.0,0.1846,1.0961190026662342,0.0,10000.0,25.0,,,,,,,,,,,,,
ridge_medium,10000,2,evaluation,64,6,-0.131623132177013,-0.1295118519171071,-0.110101381367108,0.0016929999983403,-0.2611349840941202,-0.2417245135441211,1.0,36.0,89.0,277.77777777777777,0.0,0.2203,1.116469191529076,0.0,10000.0,36.0,,,,,,,,,,,,,
ridge_medium,10000,2,evaluation,64,7,-0.131623132177013,-0.1569594798375772,-0.1364284861758127,0.0017456669884268,-0.2885826120145903,-0.2680516183528258,1.0,49.0,69.0,204.08163265306123,0.0,0.2492,1.1347663108510877,0.0,10000.0,49.0,,,,,,,,,,,,,
ridge_medium,10000,2,evaluation,65,1,-0.131623132177013,0.1095997500052116,0.1128038291726639,0.0018684169917833,-0.0220233821718014,-0.0188193030043491,1.0,1.0,10000.0,10000.0,0.0,0.0382,1.0189100661036437,0.0,10000.0,1.0,,,,,,,,,,,,,
ridge_medium,10000,2,evaluation,65,2,-0.131623132177013,0.0244792267416496,0.0303181511681818,0.0019938340119551,-0.1071439054353634,-0.1013049810088312,1.0,4.0,1754.0,2500.0,0.0,0.0764,1.0377170595561644,0.0,10000.0,4.0,,,,,,,,,,,,,
ridge_medium,10000,2,evaluation,65,3,-0.131623132177013,-0.0531477778435103,-0.0432328476753785,0.0018872499931603,-0.1847709100205234,-0.1748559798523916,1.0,9.0,822.0,1111.111111111111,0.0,0.1161,1.059248438859868,0.0,10000.0,9.0,,,,,,,,,,,,,
ridge_medium,10000,2,evaluation,65,4,-0.131623132177013,-0.0729563592837285,-0.0615135404070563,0.001824624981964,-0.2045794914607415,-0.1931366725840694,1.0,16.0,271.0,625.0,0.0,0.1483,1.0774698458517875,0.0,10000.0,16.0,,,,,,,,,,,,,
ridge_medium,10000,2,evaluation,65,5,-0.131623132177013,-0.1024666824629309,-0.0859843255347759,0.0017355830059386,-0.234089814639944,-0.217607457711789,1.0,25.0,196.0,400.0,0.0,0.1834,1.0954705660405248,0.0,10000.0,25.0,,,,,,,,,,,,,
ridge_medium,10000,2,evaluation,65,6,-0.131623132177013,-0.1278469150566052,-0.1096748285619892,0.0017525000148452,-0.2594700472336183,-0.2412979607390022,1.0,36.0,85.0,277.77777777777777,0.0,0.2202,1.1155395155389327,0.0,10000.0,36.0,,,,,,,,,,,,,
ridge_medium,10000,2,evaluation,65,7,-0.131623132177013,-0.1527797297691393,-0.1303009435658802,0.0016801670135464,-0.2844028619461524,-0.2619240757428933,1.0,49.0,64.0,204.08163265306123,0.0,0.2475,1.1363990263239738,0.0,10000.0,49.0,,,,,,,,,,,,,
ridge_medium,10000,2,evaluation,66,1,-0.131623132177013,0.1109976151556212,0.1136621488874104,0.0018474170065019,-0.0206255170213917,-0.0179609832896026,1.0,1.0,10000.0,10000.0,0.0,0.0402,1.0204937145923174,0.0,10000.0,1.0,,,,,,,,,,,,,
ridge_medium,10000,2,evaluation,66,2,-0.131623132177013,0.0262113935923227,0.0315799052351191,0.0019753340166062,-0.1054117385846903,-0.1000432269418939,1.0,4.0,1778.0,2500.0,0.0,0.0756,1.0399351877197889,0.0,10000.0,4.0,,,,,,,,,,,,,
ridge_medium,10000,2,evaluation,66,3,-0.131623132177013,-0.0558275355992174,-0.0461825733410676,0.0021077500132378,-0.1874506677762305,-0.1778057055180807,1.0,9.0,794.0,1111.111111111111,0.0,0.1145,1.0585533405401657,0.0,10000.0,9.0,,,,,,,,,,,,,
ridge_medium,10000,2,evaluation,66,4,-0.131623132177013,-0.0779788045852697,-0.067031375390777,0.0018405419832561,-0.2096019367622828,-0.1986545075677901,1.0,16.0,247.0,625.0,0.0,0.1465,1.0769972329287798,0.0,10000.0,16.0,,,,,,,,,,,,,
ridge_medium,10000,2,evaluation,66,5,-0.131623132177013,-0.1054581433059755,-0.0886938450367288,0.001721583015751,-0.2370812754829885,-0.2203169772137418,1.0,25.0,181.0,400.0,0.0,0.1832,1.095714192792577,0.0,10000.0,25.0,,,,,,,,,,,,,
ridge_medium,10000,2,evaluation,66,6,-0.131623132177013,-0.1328114190581293,-0.1135713971738186,0.0017790420097298,-0.2644345512351423,-0.2451945293508317,1.0,36.0,87.0,277.77777777777777,0.0,0.2196,1.1164198738259408,0.0,10000.0,36.0,,,,,,,,,,,,,
ridge_medium,10000,2,evaluation,66,7,-0.131623132177013,-0.1594773898946238,-0.1355463798887401,0.001730083982693,-0.2911005220716369,-0.2671695120657532,1.0,49.0,63.0,204.08163265306123,0.0,0.2523,1.1364366157568233,0.0,10000.0,49.0,,,,,,,,,,,,,
ridge_medium,10000,2,evaluation,67,1,-0.131623132177013,0.1104492392627781,0.1143030372183443,0.0019061659986618,-0.0211738929142348,-0.0173200949586687,1.0,1.0,10000.0,10000.0,0.0,0.0398,1.0198515705957585,0.0,10000.0,1.0,,,,,,,,,,,,,
ridge_medium,10000,2,evaluation,67,2,-0.131623132177013,0.0278127525049823,0.0347851107770131,0.0019988749991171,-0.1038103796720307,-0.0968380213999999,1.0,4.0,1750.0,2500.0,0.0,0.0799,1.0393979894522198,0.0,10000.0,4.0,,,,,,,,,,,,,
ridge_medium,10000,2,evaluation,67,3,-0.131623132177013,-0.0502834679498488,-0.0420925138080488,0.0019005409849341,-0.1819066001268618,-0.1737156459850619,1.0,9.0,828.0,1111.111111111111,0.0,0.1147,1.0602933924685023,0.0,10000.0,9.0,,,,,,,,,,,,,
ridge_medium,10000,2,evaluation,67,4,-0.131623132177013,-0.0775727434873556,-0.0631971371065484,0.0018314170010853,-0.2091958756643687,-0.1948202692835615,1.0,16.0,261.0,625.0,0.0,0.1521,1.0793923541044108,0.0,10000.0,16.0,,,,,,,,,,,,,
ridge_medium,10000,2,evaluation,67,5,-0.131623132177013,-0.1056028017610034,-0.0890590034845157,0.0017793750157579,-0.2372259339380165,-0.2206821356615288,1.0,25.0,174.0,400.0,0.0,0.1843,1.0986703591201483,0.0,10000.0,25.0,,,,,,,,,,,,,
ridge_medium,10000,2,evaluation,67,6,-0.131623132177013,-0.1283612985320113,-0.1081195621592913,0.0017325420049019,-0.2599844307090244,-0.2397426943363044,1.0,36.0,95.0,277.77777777777777,0.0,0.2219,1.116966273661529,0.0,10000.0,36.0,,,,,,,,,,,,,
ridge_medium,10000,2,evaluation,67,7,-0.131623132177013,-0.1533307650807877,-0.129372241140899,0.001676584011875,-0.2849538972578008,-0.2609953733179121,1.0,49.0,73.0,204.08163265306123,0.0,0.2538,1.1358502449337893,0.0,10000.0,49.0,,,,,,,,,,,,,
ridge_medium,10000,2,evaluation,68,1,-0.131623132177013,0.1119279202444704,0.1148574137318671,0.0019288749899715,-0.0196952119325426,-0.0167657184451459,1.0,1.0,10000.0,10000.0,0.0,0.0381,1.0191630025448135,0.0,10000.0,1.0,,,,,,,,,,,,,
ridge_medium,10000,2,evaluation,68,2,-0.131623132177013,0.0339215673584968,0.0387248410928848,0.0020800410129595,-0.0977015648185162,-0.0928982910841282,1.0,4.0,1791.0,2500.0,0.0,0.0762,1.0390088177779089,0.0,10000.0,4.0,,,,,,,,,,,,,
ridge_medium,10000,2,evaluation,68,3,-0.131623132177013,-0.0482731088268647,-0.039814108571554,0.0018588329839985,-0.1798962410038778,-0.1714372407485671,1.0,9.0,806.0,1111.111111111111,0.0,0.112,1.058568942962622,0.0,10000.0,9.0,,,,,,,,,,,,,
ridge_medium,10000,2,evaluation,68,4,-0.131623132177013,-0.0742732939267848,-0.062339715591908,0.0017569999909028,-0.2058964261037979,-0.1939628477689211,1.0,16.0,263.0,625.0,0.0,0.1498,1.0784764938273634,0.0,10000.0,16.0,,,,,,,,,,,,,
ridge_medium,10000,2,evaluation,68,5,-0.131623132177013,-0.1026030538097457,-0.0836221719222847,0.0017786249809432,-0.2342261859867588,-0.2152453040992978,1.0,25.0,184.0,400.0,0.0,0.1795,1.0942446451881789,0.0,10000.0,25.0,,,,,,,,,,,,,
ridge_medium,10000,2,evaluation,68,6,-0.131623132177013,-0.1262312902981652,-0.1084059064196831,0.0017134159861598,-0.2578544224751783,-0.2400290385966962,1.0,36.0,98.0,277.77777777777777,0.0,0.2184,1.1178527833405307,0.0,10000.0,36.0,,,,,,,,,,,,,
ridge_medium,10000,2,evaluation,68,7,-0.131623132177013,-0.1509569305570661,-0.1276978261936272,0.0016795840056147,-0.2825800627340792,-0.2593209583706403,1.0,49.0,64.0,204.08163265306123,0.0,0.2515,1.134652947539048,0.0,10000.0,49.0,,,,,,,,,,,,,
ridge_medium,10000,2,evaluation,69,1,-0.131623132177013,0.1114028507095375,0.1140602312782024,0.0018557090079411,-0.0202202814674754,-0.0175629008988105,1.0,1.0,10000.0,10000.0,0.0,0.04,1.0202871879528663,0.0,10000.0,1.0,,,,,,,,,,,,,
ridge_medium,10000,2,evaluation,69,2,-0.131623132177013,0.0259816578699082,0.0333051187815275,0.0019856250146403,-0.1056414743071048,-0.0983180133954855,1.0,4.0,1742.0,2500.0,0.0,0.0801,1.0402667299367976,0.0,10000.0,4.0,,,,,,,,,,,,,
ridge_medium,10000,2,evaluation,69,3,-0.131623132177013,-0.0641038016754479,-0.0560850274651966,0.0019960420031566,-0.195726933852461,-0.1877081596422097,1.0,9.0,777.0,1111.111111111111,0.0,0.1125,1.0589956910894434,0.0,10000.0,9.0,,,,,,,,,,,,,
ridge_medium,10000,2,evaluation,69,4,-0.131623132177013,-0.0878742676229545,-0.0761315698984884,0.0017985840095207,-0.2194973997999676,-0.2077547020755014,1.0,16.0,229.0,625.0,0.0,0.1504,1.0781619526446389,0.0,10000.0,16.0,,,,,,,,,,,,,
ridge_medium,10000,2,evaluation,69,5,-0.131623132177013,-0.1187359808710465,-0.1010709293234503,0.0017478329828009,-0.2503591130480596,-0.2326940615004633,1.0,25.0,170.0,400.0,0.0,0.1854,1.097822164864033,0.0,10000.0,25.0,,,,,,,,,,,,,
ridge_medium,10000,2,evaluation,69,6,-0.131623132177013,-0.1408554191664686,-0.1211504960007557,0.0017532919882796,-0.2724785513434817,-0.2527736281777687,1.0,36.0,76.0,277.77777777777777,0.0,0.2153,1.114948899901257,0.0,10000.0,36.0,,,,,,,,,,,,,
ridge_medium,10000,2,evaluation,69,7,-0.131623132177013,-0.1684451830791575,-0.1458530075764181,0.0016952080186456,-0.3000683152561706,-0.2774761397534312,1.0,49.0,63.0,204.08163265306123,0.0,0.2477,1.1367555740263997,0.0,10000.0,49.0,,,,,,,,,,,,,
ridge_medium,10000,2,evaluation,70,1,-0.131623132177013,0.1114564381143389,0.1146239086279512,0.0019011670083273,-0.0201666940626741,-0.0169992235490618,1.0,1.0,10000.0,10000.0,0.0,0.0387,1.0191716406686346,0.0,10000.0,1.0,,,,,,,,,,,,,
ridge_medium,10000,2,evaluation,70,2,-0.131623132177013,0.0333567302324104,0.0403242028903074,0.0019980419892817,-0.0982664019446026,-0.0912989292867056,1.0,4.0,1810.0,2500.0,0.0,0.0776,1.03804077104184,0.0,10000.0,4.0,,,,,,,,,,,,,
ridge_medium,10000,2,evaluation,70,3,-0.131623132177013,-0.0505068660564998,-0.0422616602623011,0.0018847080064006,-0.1821299982335129,-0.1738847924393141,1.0,9.0,820.0,1111.111111111111,0.0,0.1143,1.0595324879302814,0.0,10000.0,9.0,,,,,,,,,,,,,
ridge_medium,10000,2,evaluation,70,4,-0.131623132177013,-0.0751364082960518,-0.0605592552415529,0.0017741660121828,-0.2067595404730649,-0.192182387418566,1.0,16.0,260.0,625.0,0.0,0.1492,1.0764751174795482,0.0,10000.0,16.0,,,,,,,,,,,,,
ridge_medium,10000,2,evaluation,70,5,-0.131623132177013,-0.1006712221365103,-0.0850150508215032,0.0017592079821042,-0.2322943543135234,-0.2166381829985163,1.0,25.0,169.0,400.0,0.0,0.1885,1.097296774179171,0.0,10000.0,25.0,,,,,,,,,,,,,
ridge_medium,10000,2,evaluation,70,6,-0.131623132177013,-0.1259241616883905,-0.1062782542492866,0.001744332985254,-0.2575472938654036,-0.2379013864262997,1.0,36.0,81.0,277.77777777777777,0.0,0.2172,1.1151366243982928,0.0,10000.0,36.0,,,,,,,,,,,,,
ridge_medium,10000,2,evaluation,70,7,-0.131623132177013,-0.150072984371493,-0.1296838259425774,0.0017116249946411,-0.2816961165485061,-0.2613069581195905,1.0,49.0,65.0,204.08163265306123,0.0,0.254,1.1360783197058917,0.0,10000.0,49.0,,,,,,,,,,,,,
ridge_medium,10000,2,evaluation,71,1,-0.131623132177013,0.1120483083496142,0.1147210591405048,0.0018377500236965,-0.0195748238273988,-0.0169020730365082,1.0,1.0,10000.0,10000.0,0.0,0.0395,1.0191115534942916,0.0,10000.0,1.0,,,,,,,,,,,,,
ridge_medium,10000,2,evaluation,71,2,-0.131623132177013,0.0275791542700236,0.032502385936403,0.0020026249985676,-0.1040439779069894,-0.09912074624061,1.0,4.0,1762.0,2500.0,0.0,0.0776,1.0377367698006428,0.0,10000.0,4.0,,,,,,,,,,,,,
ridge_medium,10000,2,evaluation,71,3,-0.131623132177013,-0.0527952830671062,-0.043739434476602,0.0018879169947467,-0.1844184152441193,-0.1753625666536151,1.0,9.0,800.0,1111.111111111111,0.0,0.114,1.058205318555988,0.0,10000.0,9.0,,,,,,,,,,,,,
ridge_medium,10000,2,evaluation,71,4,-0.131623132177013,-0.0799601691450193,-0.068347057611552,0.0017840420186985,-0.2115833013220324,-0.1999701897885651,1.0,16.0,243.0,625.0,0.0,0.1474,1.0779421141913952,0.0,10000.0,16.0,,,,,,,,,,,,,
ridge_medium,10000,2,evaluation,71,5,-0.131623132177013,-0.1079695305735299,-0.0928021645027076,0.0017476250068284,-0.239592662750543,-0.2244252966797207,1.0,25.0,175.0,400.0,0.0,0.1861,1.099385715535896,0.0,10000.0,25.0,,,,,,,,,,,,,
ridge_medium,10000,2,evaluation,71,6,-0.131623132177013,-0.131591464708138,-0.1132855200118685,0.0017292079865001,-0.2632145968851511,-0.2449086521888816,1.0,36.0,85.0,277.77777777777777,0.0,0.2196,1.11738131348145,0.0,10000.0,36.0,,,,,,,,,,,,,
ridge_medium,10000,2,evaluation,71,7,-0.131623132177013,-0.1578960533289546,-0.1358818748458249,0.001690957986284,-0.2895191855059677,-0.2675050070228379,1.0,49.0,71.0,204.08163265306123,0.0,0.2515,1.1334652109216012,0.0,10000.0,49.0,,,,,,,,,,,,,
ridge_medium,10000,2,evaluation,72,1,-0.131623132177013,0.1100959336958565,0.113183462327631,0.0018574999994598,-0.0215271984811565,-0.018439669849382,1.0,1.0,10000.0,10000.0,0.0,0.0397,1.020054531207597,0.0,10000.0,1.0,,,,,,,,,,,,,
ridge_medium,10000,2,evaluation,72,2,-0.131623132177013,0.028249527762104,0.0329371379495038,0.0019994580070488,-0.103373604414909,-0.0986859942275091,1.0,4.0,1748.0,2500.0,0.0,0.076,1.039767316558701,0.0,10000.0,4.0,,,,,,,,,,,,,
ridge_medium,10000,2,evaluation,72,3,-0.131623132177013,-0.0540524468377087,-0.0431953757938978,0.0018847080064006,-0.1856755790147218,-0.1748185079709109,1.0,9.0,809.0,1111.111111111111,0.0,0.1159,1.0585069408263996,0.0,10000.0,9.0,,,,,,,,,,,,,
ridge_medium,10000,2,evaluation,72,4,-0.131623132177013,-0.0766565583631943,-0.0655710106226471,0.0018633749859873,-0.2082796905402074,-0.1971941427996602,1.0,16.0,262.0,625.0,0.0,0.1492,1.078493587287444,0.0,10000.0,16.0,,,,,,,,,,,,,
ridge_medium,10000,2,evaluation,72,5,-0.131623132177013,-0.1065384818552857,-0.0914862152403407,0.0017530409968458,-0.2381616140322987,-0.2231093474173538,1.0,25.0,180.0,400.0,0.0,0.1856,1.0977575219616085,0.0,10000.0,25.0,,,,,,,,,,,,,
ridge_medium,10000,2,evaluation,72,6,-0.131623132177013,-0.1329822632488837,-0.1127837199864193,0.0017317090241704,-0.2646053954258968,-0.2444068521634324,1.0,36.0,91.0,277.77777777777777,0.0,0.2145,1.114602877797474,0.0,10000.0,36.0,,,,,,,,,,,,,
ridge_medium,10000,2,evaluation,72,7,-0.131623132177013,-0.1586510095025393,-0.1345839059172947,0.0017060000100173,-0.2902741416795524,-0.2662070380943078,1.0,49.0,64.0,204.08163265306123,0.0,0.2473,1.1359292927578617,0.0,10000.0,49.0,,,,,,,,,,,,,
ridge_medium,10000,2,evaluation,73,1,-0.131623132177013,0.1116080933297377,0.1146747632108125,0.0018617080058902,-0.0200150388472753,-0.0169483689662005,1.0,1.0,10000.0,10000.0,0.0,0.0389,1.0199126512689956,0.0,10000.0,1.0,,,,,,,,,,,,,
ridge_medium,10000,2,evaluation,73,2,-0.131623132177013,0.034657503721466,0.0399021432864249,0.0020307910162955,-0.096965628455547,-0.0917209888905881,1.0,4.0,1767.0,2500.0,0.0,0.0757,1.0396496380406002,0.0,10000.0,4.0,,,,,,,,,,,,,
ridge_medium,10000,2,evaluation,73,3,-0.131623132177013,-0.0452959205936869,-0.035917958431858,0.001889208011562,-0.1769190527707,-0.1675410906088711,1.0,9.0,807.0,1111.111111111111,0.0,0.1137,1.0587872043257265,0.0,10000.0,9.0,,,,,,,,,,,,,
ridge_medium,10000,2,evaluation,73,4,-0.131623132177013,-0.0665632867284457,-0.0542541511774633,0.0018186249944847,-0.1981864189054588,-0.1858772833544764,1.0,16.0,267.0,625.0,0.0,0.1491,1.0777186807514818,0.0,10000.0,16.0,,,,,,,,,,,,,
ridge_medium,10000,2,evaluation,73,5,-0.131623132177013,-0.0931508874962878,-0.0795204476696819,0.0017421249940525,-0.2247740196733009,-0.211143579846695,1.0,25.0,191.0,400.0,0.0,0.183,1.0946201703333238,0.0,10000.0,25.0,,,,,,,,,,,,,
ridge_medium,10000,2,evaluation,73,6,-0.131623132177013,-0.1206467127531865,-0.1017227506228454,0.0017163750017061,-0.2522698449301996,-0.2333458827998585,1.0,36.0,86.0,277.77777777777777,0.0,0.2209,1.1167026988333395,0.0,10000.0,36.0,,,,,,,,,,,,,
ridge_medium,10000,2,evaluation,73,7,-0.131623132177013,-0.147067197930387,-0.1250377578413311,0.0017035420169122,-0.2786903301074001,-0.2566608900183442,1.0,49.0,75.0,204.08163265306123,0.0,0.2517,1.1346833293001528,0.0,10000.0,49.0,,,,,,,,,,,,,
ridge_medium,10000,2,evaluation,74,1,-0.131623132177013,0.1119321685630529,0.1147462106803812,0.0018960000015795,-0.0196909636139601,-0.0168769214966318,1.0,1.0,10000.0,10000.0,0.0,0.0378,1.0188046065953886,0.0,10000.0,1.0,,,,,,,,,,,,,
ridge_medium,10000,2,evaluation,74,2,-0.131623132177013,0.0304111391724687,0.0379328781569337,0.0019790829974226,-0.1012119930045443,-0.0936902540200793,1.0,4.0,1776.0,2500.0,0.0,0.0767,1.0384307242670487,0.0,10000.0,4.0,,,,,,,,,,,,,
ridge_medium,10000,2,evaluation,74,3,-0.131623132177013,-0.0534688518821198,-0.0443456082696339,0.0018658330081962,-0.1850919840591328,-0.175968740446647,1.0,9.0,814.0,1111.111111111111,0.0,0.1128,1.0600830402780663,0.0,10000.0,9.0,,,,,,,,,,,,,
ridge_medium,10000,2,evaluation,74,4,-0.131623132177013,-0.0743885100382488,-0.0601224100604672,0.0017575839883647,-0.2060116422152619,-0.1917455422374803,1.0,16.0,258.0,625.0,0.0,0.1478,1.0743358719378435,0.0,10000.0,16.0,,,,,,,,,,,,,
ridge_medium,10000,2,evaluation,74,5,-0.131623132177013,-0.1049324557263119,-0.0862171112618671,0.0017557500104885,-0.236555587903325,-0.2178402434388802,1.0,25.0,186.0,400.0,0.0,0.1836,1.0959034790701976,0.0,10000.0,25.0,,,,,,,,,,,,,
ridge_medium,10000,2,evaluation,74,6,-0.131623132177013,-0.1308785934682301,-0.1102444399486989,0.0017377500189468,-0.2625017256452432,-0.241867572125712,1.0,36.0,99.0,277.77777777777777,0.0,0.2171,1.116400607568726,0.0,10000.0,36.0,,,,,,,,,,,,,
ridge_medium,10000,2,evaluation,74,7,-0.131623132177013,-0.155245524772769,-0.1280971954944908,0.001665249990765,-0.2868686569497821,-0.2597203276715039,1.0,49.0,68.0,204.08163265306123,0.0,0.2506,1.1320011060599744,0.0,10000.0,49.0,,,,,,,,,,,,,
ridge_medium,10000,2,evaluation,75,1,-0.131623132177013,0.1111399885594688,0.115015123957833,0.0018626249802764,-0.0204831436175442,-0.01660800821918,1.0,1.0,10000.0,10000.0,0.0,0.0395,1.018892379029199,0.0,10000.0,1.0,,,,,,,,,,,,,
ridge_medium,10000,2,evaluation,75,2,-0.131623132177013,0.0274650379403808,0.0343139541317089,0.0019905419903807,-0.1041580942366322,-0.0973091780453041,1.0,4.0,1776.0,2500.0,0.0,0.0798,1.0398669260679232,0.0,10000.0,4.0,,,,,,,,,,,,,
ridge_medium,10000,2,evaluation,75,3,-0.131623132177013,-0.0554942291379305,-0.0441372439469193,0.0019174579938407,-0.1871173613149436,-0.1757603761239324,1.0,9.0,825.0,1111.111111111111,0.0,0.1121,1.0574088923253695,0.0,10000.0,9.0,,,,,,,,,,,,,
ridge_medium,10000,2,evaluation,75,4,-0.131623132177013,-0.0792996089649461,-0.0668315297760532,0.0018000830023083,-0.2109227411419592,-0.1984546619530663,1.0,16.0,263.0,625.0,0.0,0.1483,1.0771271051671163,0.0,10000.0,16.0,,,,,,,,,,,,,
ridge_medium,10000,2,evaluation,75,5,-0.131623132177013,-0.1056500773863453,-0.0883860665260986,0.001725834008539,-0.2372732095633584,-0.2200091987031117,1.0,25.0,182.0,400.0,0.0,0.1834,1.097052624565792,0.0,10000.0,25.0,,,,,,,,,,,,,
ridge_medium,10000,2,evaluation,75,6,-0.131623132177013,-0.1308768189457152,-0.1097236111213847,0.001737291982863,-0.2624999511227283,-0.2413467432983978,1.0,36.0,89.0,277.77777777777777,0.0,0.2195,1.1140285531377123,0.0,10000.0,36.0,,,,,,,,,,,,,
ridge_medium,10000,2,evaluation,75,7,-0.131623132177013,-0.1514327104422059,-0.1300681339382809,0.0017457079957239,-0.283055842619219,-0.261691266115294,1.0,49.0,79.0,204.08163265306123,0.0,0.2499,1.135374370680368,0.0,10000.0,49.0,,,,,,,,,,,,,
ridge_medium,10000,2,evaluation,76,1,-0.131623132177013,0.111885240911635,0.1135487438689787,0.0018927500059362,-0.019737891265378,-0.0180743883080342,1.0,1.0,10000.0,10000.0,0.0,0.0388,1.02097007691826,0.0,10000.0,1.0,,,,,,,,,,,,,
ridge_medium,10000,2,evaluation,76,2,-0.131623132177013,0.0310913277057689,0.0346671636021426,0.0020022090175189,-0.1005318044712441,-0.0969559685748704,1.0,4.0,1790.0,2500.0,0.0,0.0762,1.0407440293531134,0.0,10000.0,4.0,,,,,,,,,,,,,
ridge_medium,10000,2,evaluation,76,3,-0.131623132177013,-0.0481220336540582,-0.0397474231411499,0.0019039580074604,-0.1797451658310713,-0.171370555318163,1.0,9.0,806.0,1111.111111111111,0.0,0.1115,1.060182645446056,0.0,10000.0,9.0,,,,,,,,,,,,,
ridge_medium,10000,2,evaluation,76,4,-0.131623132177013,-0.0678838907731917,-0.0593723384041524,0.0017931250040419,-0.1995070229502048,-0.1909954705811655,1.0,16.0,265.0,625.0,0.0,0.1484,1.0798095327518202,0.0,10000.0,16.0,,,,,,,,,,,,,
ridge_medium,10000,2,evaluation,76,5,-0.131623132177013,-0.0981445384801093,-0.0864198764139591,0.0017644579929765,-0.2297676706571224,-0.2180430085909722,1.0,25.0,193.0,400.0,0.0,0.1798,1.0967270314755997,0.0,10000.0,25.0,,,,,,,,,,,,,
ridge_medium,10000,2,evaluation,76,6,-0.131623132177013,-0.1222003112247676,-0.1076598545355792,0.0017182500159833,-0.2538234434017807,-0.2392829867125923,1.0,36.0,91.0,277.77777777777777,0.0,0.2178,1.118705425913572,0.0,10000.0,36.0,,,,,,,,,,,,,
ridge_medium,10000,2,evaluation,76,7,-0.131623132177013,-0.1463440031780552,-0.1283375035653507,0.0016917080210987,-0.2779671353550683,-0.2599606357423638,1.0,49.0,70.0,204.08163265306123,0.0,0.2497,1.1369510229167854,0.0,10000.0,49.0,,,,,,,,,,,,,
ridge_medium,10000,2,evaluation,77,1,-0.131623132177013,0.1117349105347414,0.1145335044484845,0.0018667909898795,-0.0198882216422716,-0.0170896277285284,1.0,1.0,10000.0,10000.0,0.0,0.04,1.020050136672193,0.0,10000.0,1.0,,,,,,,,,,,,,
ridge_medium,10000,2,evaluation,77,2,-0.131623132177013,0.0304446006115994,0.0347526831399631,0.0020667919889092,-0.1011785315654136,-0.0968704490370499,1.0,4.0,1770.0,2500.0,0.0,0.0774,1.0393948524237655,0.0,10000.0,4.0,,,,,,,,,,,,,
ridge_medium,10000,2,evaluation,77,3,-0.131623132177013,-0.0547864316895905,-0.0466835518991264,0.0019468340033199,-0.1864095638666036,-0.1783066840761395,1.0,9.0,808.0,1111.111111111111,0.0,0.1145,1.0596391877603002,0.0,10000.0,9.0,,,,,,,,,,,,,
ridge_medium,10000,2,evaluation,77,4,-0.131623132177013,-0.0786917972823367,-0.0687291470512533,0.0018114580016117,-0.2103149294593498,-0.2003522792282663,1.0,16.0,239.0,625.0,0.0,0.1511,1.080290342262107,0.0,10000.0,16.0,,,,,,,,,,,,,
ridge_medium,10000,2,evaluation,77,5,-0.131623132177013,-0.1100654815904716,-0.0920705939536494,0.0017180839786306,-0.2416886137674847,-0.2236937261306625,1.0,25.0,177.0,400.0,0.0,0.1858,1.0975680769973764,0.0,10000.0,25.0,,,,,,,,,,,,,
ridge_medium,10000,2,evaluation,77,6,-0.131623132177013,-0.1327194760210682,-0.1153766955449182,0.0017660419980529,-0.2643426081980813,-0.2469998277219313,1.0,36.0,88.0,277.77777777777777,0.0,0.2182,1.1168359519471942,0.0,10000.0,36.0,,,,,,,,,,,,,
ridge_medium,10000,2,evaluation,77,7,-0.131623132177013,-0.1563867327736598,-0.1341405137585415,0.0018122089968528,-0.2880098649506729,-0.2657636459355546,1.0,49.0,73.0,204.08163265306123,0.0,0.2529,1.137568998511574,0.0,10000.0,49.0,,,,,,,,,,,,,
ridge_medium,10000,2,evaluation,78,1,-0.131623132177013,0.1104451050447381,0.1129480585894513,0.0018874999950639,-0.0211780271322748,-0.0186750735875617,1.0,1.0,10000.0,10000.0,0.0,0.0397,1.0210492146780978,0.0,10000.0,1.0,,,,,,,,,,,,,
ridge_medium,10000,2,evaluation,78,2,-0.131623132177013,0.0285769551350858,0.0336342821650787,0.0019942500221077,-0.1030461770419272,-0.0979888500119343,1.0,4.0,1724.0,2500.0,0.0,0.079,1.040404741638827,0.0,10000.0,4.0,,,,,,,,,,,,,
ridge_medium,10000,2,evaluation,78,3,-0.131623132177013,-0.0520613737850876,-0.0454240165382286,0.0019287920149508,-0.1836845059621007,-0.1770471487152417,1.0,9.0,817.0,1111.111111111111,0.0,0.113,1.059832478274875,0.0,10000.0,9.0,,,,,,,,,,,,,
ridge_medium,10000,2,evaluation,78,4,-0.131623132177013,-0.077539345716155,-0.0668329958975056,0.0020047500147484,-0.2091624778931681,-0.1984561280745187,1.0,16.0,252.0,625.0,0.0,0.1466,1.079931513155062,0.0,10000.0,16.0,,,,,,,,,,,,,
ridge_medium,10000,2,evaluation,78,5,-0.131623132177013,-0.111441940451817,-0.0952049080492497,0.0017637500131968,-0.2430650726288301,-0.2268280402262628,1.0,25.0,186.0,400.0,0.0,0.1825,1.0991369768334112,0.0,10000.0,25.0,,,,,,,,,,,,,
ridge_medium,10000,2,evaluation,78,6,-0.131623132177013,-0.1324208334482462,-0.1129816285654375,0.0017435420013498,-0.2640439656252593,-0.2446047607424506,1.0,36.0,82.0,277.77777777777777,0.0,0.2164,1.117223898896804,0.0,10000.0,36.0,,,,,,,,,,,,,
ridge_medium,10000,2,evaluation,78,7,-0.131623132177013,-0.1615904853239536,-0.1359871015688823,0.0016756250115577,-0.2932136175009667,-0.2676102337458954,1.0,49.0,66.0,204.08163265306123,0.0,0.252,1.1334100590559677,0.0,10000.0,49.0,,,,,,,,,,,,,
ridge_medium,10000,2,evaluation,79,1,-0.131623132177013,0.1096859877058448,0.1122470079412396,0.0019176670175511,-0.0219371444711682,-0.0193761242357733,1.0,1.0,10000.0,10000.0,0.0,0.0415,1.0214202274294504,0.0,10000.0,1.0,,,,,,,,,,,,,
ridge_medium,10000,2,evaluation,79,2,-0.131623132177013,0.0267349632579572,0.0326759944749708,0.0019698330143,-0.1048881689190558,-0.0989471377020422,1.0,4.0,1740.0,2500.0,0.0,0.0801,1.0423095021347029,0.0,10000.0,4.0,,,,,,,,,,,,,
ridge_medium,10000,2,evaluation,79,3,-0.131623132177013,-0.054899167927932,-0.0451120442755695,0.0019345409818924,-0.1865223001049451,-0.1767351764525826,1.0,9.0,812.0,1111.111111111111,0.0,0.1144,1.060102712422464,0.0,10000.0,9.0,,,,,,,,,,,,,
ridge_medium,10000,2,evaluation,79,4,-0.131623132177013,-0.0803402253505068,-0.0697700753703449,0.0017917919903993,-0.2119633575275198,-0.201393207547358,1.0,16.0,263.0,625.0,0.0,0.1488,1.0804048157815258,0.0,10000.0,16.0,,,,,,,,,,,,,
ridge_medium,10000,2,evaluation,79,5,-0.131623132177013,-0.1059529909825718,-0.0912352574330023,0.0017169159837067,-0.2375761231595849,-0.2228583896100154,1.0,25.0,178.0,400.0,0.0,0.1835,1.0972813503480632,0.0,10000.0,25.0,,,,,,,,,,,,,
ridge_medium,10000,2,evaluation,79,6,-0.131623132177013,-0.1307150251541786,-0.1123565459935868,0.0017808339907787,-0.2623381573311917,-0.2439796781705999,1.0,36.0,92.0,277.77777777777777,0.0,0.2193,1.1161659738600411,0.0,10000.0,36.0,,,,,,,,,,,,,
ridge_medium,10000,2,evaluation,79,7,-0.131623132177013,-0.1585294667827624,-0.1363077797498692,0.0017291670083068,-0.2901525989597755,-0.2679309119268823,1.0,49.0,64.0,204.08163265306123,0.0,0.2524,1.140132105494434,0.0,10000.0,49.0,,,,,,,,,,,,,
ridge_medium,10000,2,evaluation,80,1,-0.131623132177013,0.1108240415233742,0.1134996359534812,0.0018607499951031,-0.0207990906536387,-0.0181234962235318,1.0,1.0,10000.0,10000.0,0.0,0.0398,1.0206939292526849,0.0,10000.0,1.0,,,,,,,,,,,,,
ridge_medium,10000,2,evaluation,80,2,-0.131623132177013,0.0320928969532249,0.0363583881188408,0.0019493330037221,-0.0995302352237881,-0.0952647440581722,1.0,4.0,1802.0,2500.0,0.0,0.0772,1.040234440842638,0.0,10000.0,4.0,,,,,,,,,,,,,
ridge_medium,10000,2,evaluation,80,3,-0.131623132177013,-0.0480027682409338,-0.0396228197554453,0.001974084007088,-0.1796259004179468,-0.1712459519324584,1.0,9.0,817.0,1111.111111111111,0.0,0.1123,1.0595607895751151,0.0,10000.0,9.0,,,,,,,,,,,,,
ridge_medium,10000,2,evaluation,80,4,-0.131623132177013,-0.0696802435701672,-0.0585820894013741,0.0018406659946776,-0.2013033757471802,-0.1902052215783871,1.0,16.0,261.0,625.0,0.0,0.1483,1.079310080557537,0.0,10000.0,16.0,,,,,,,,,,,,,
ridge_medium,10000,2,evaluation,80,5,-0.131623132177013,-0.099809678286491,-0.085630388287717,0.0017408340063411,-0.2314328104635041,-0.2172535204647301,1.0,25.0,188.0,400.0,0.0,0.1831,1.0978720724858932,0.0,10000.0,25.0,,,,,,,,,,,,,
ridge_medium,10000,2,evaluation,80,6,-0.131623132177013,-0.1258036936139857,-0.1061570705149919,0.0017176670080516,-0.2574268257909988,-0.2377802026920049,1.0,36.0,99.0,277.77777777777777,0.0,0.2186,1.116503499411169,0.0,10000.0,36.0,,,,,,,,,,,,,
ridge_medium,10000,2,evaluation,80,7,-0.131623132177013,-0.1490501351949959,-0.1236873772760632,0.0016705830057617,-0.280673267372009,-0.2553105094530763,1.0,49.0,76.0,204.08163265306123,0.0,0.2527,1.13416390398479,0.0,10000.0,49.0,,,,,,,,,,,,,
ridge_medium,10000,2,evaluation,81,1,-0.131623132177013,0.1104057806309962,0.1136975359916642,0.0019314170058351,-0.0212173515460167,-0.0179255961853488,1.0,1.0,10000.0,10000.0,0.0,0.0392,1.0202369201925738,0.0,10000.0,1.0,,,,,,,,,,,,,
ridge_medium,10000,2,evaluation,81,2,-0.131623132177013,0.031225634341253,0.0373836323588005,0.0019863750203512,-0.10039749783576,-0.0942394998182124,1.0,4.0,1812.0,2500.0,0.0,0.0798,1.041359548831108,0.0,10000.0,4.0,,,,,,,,,,,,,
ridge_medium,10000,2,evaluation,81,3,-0.131623132177013,-0.0519908491816126,-0.0433309868009509,0.0018954580009449,-0.1836139813586257,-0.174954118977964,1.0,9.0,796.0,1111.111111111111,0.0,0.1117,1.0587919991089292,0.0,10000.0,9.0,,,,,,,,,,,,,
ridge_medium,10000,2,evaluation,81,4,-0.131623132177013,-0.0772267584633903,-0.0649461775148795,0.0017920839891303,-0.2088498906404034,-0.1965693096918926,1.0,16.0,269.0,625.0,0.0,0.1501,1.07838351336006,0.0,10000.0,16.0,,,,,,,,,,,,,
ridge_medium,10000,2,evaluation,81,5,-0.131623132177013,-0.1073217040320013,-0.0915721936860067,0.0017346250242553,-0.2389448362090144,-0.2231953258630198,1.0,25.0,181.0,400.0,0.0,0.1841,1.0965552125066744,0.0,10000.0,25.0,,,,,,,,,,,,,
ridge_medium,10000,2,evaluation,81,6,-0.131623132177013,-0.1303822680732785,-0.112997322410604,0.0017917919903993,-0.2620054002502916,-0.244620454587617,1.0,36.0,87.0,277.77777777777777,0.0,0.2184,1.1181572746812316,0.0,10000.0,36.0,,,,,,,,,,,,,
ridge_medium,10000,2,evaluation,81,7,-0.131623132177013,-0.1561180272603988,-0.1340018444639118,0.0017031249881256,-0.2877411594374119,-0.2656249766409249,1.0,49.0,67.0,204.08163265306123,0.0,0.2495,1.1341246704932453,0.0,10000.0,49.0,,,,,,,,,,,,,
ridge_medium,10000,2,evaluation,82,1,-0.131623132177013,0.111360133152782,0.1138128617838023,0.0018670420104172,-0.0202629990242309,-0.0178102703932106,1.0,1.0,10000.0,10000.0,0.0,0.0388,1.0206849887742149,0.0,10000.0,1.0,,,,,,,,,,,,,
ridge_medium,10000,2,evaluation,82,2,-0.131623132177013,0.026854618868288,0.0331651494475806,0.0020029999723192,-0.1047685133087249,-0.0984579827294323,1.0,4.0,1741.0,2500.0,0.0,0.0768,1.0393441712653295,0.0,10000.0,4.0,,,,,,,,,,,,,
ridge_medium,10000,2,evaluation,82,3,-0.131623132177013,-0.0616934704842976,-0.0516258021000261,0.0018778750090859,-0.1933166026613107,-0.1832489342770392,1.0,9.0,782.0,1111.111111111111,0.0,0.1138,1.0596088269363186,0.0,10000.0,9.0,,,,,,,,,,,,,
ridge_medium,10000,2,evaluation,82,4,-0.131623132177013,-0.0878887846340807,-0.0736537082113107,0.001761332998285,-0.2195119168110938,-0.2052768403883238,1.0,16.0,228.0,625.0,0.0,0.1482,1.0777403170091329,0.0,10000.0,16.0,,,,,,,,,,,,,
ridge_medium,10000,2,evaluation,82,5,-0.131623132177013,-0.1126884050827231,-0.0983211776402679,0.0017348330002278,-0.2443115372597361,-0.229944309817281,1.0,25.0,178.0,400.0,0.0,0.1819,1.0982503277051303,0.0,10000.0,25.0,,,,,,,,,,,,,
ridge_medium,10000,2,evaluation,82,6,-0.131623132177013,-0.1414506504202806,-0.1216569063423389,0.0017122919962275,-0.2730737825972937,-0.253280038519352,1.0,36.0,80.0,277.77777777777777,0.0,0.2178,1.11571689282566,0.0,10000.0,36.0,,,,,,,,,,,,,
ridge_medium,10000,2,evaluation,82,7,-0.131623132177013,-0.1655796854565813,-0.1421517339556478,0.001684250019025,-0.2972028176335944,-0.2737748661326609,1.0,49.0,68.0,204.08163265306123,0.0,0.251,1.1343510679892228,0.0,10000.0,49.0,,,,,,,,,,,,,
ridge_medium,10000,2,evaluation,83,1,-0.131623132177013,0.1108205321390647,0.1136123807387925,0.0018785839783959,-0.0208026000379483,-0.0180107514382205,1.0,1.0,10000.0,10000.0,0.0,0.0376,1.0198342822667583,0.0,10000.0,1.0,,,,,,,,,,,,,
ridge_medium,10000,2,evaluation,83,2,-0.131623132177013,0.0304415904214127,0.0353139050921439,0.0019764999742619,-0.1011815417556003,-0.096309227084869,1.0,4.0,1787.0,2500.0,0.0,0.0756,1.040469895144186,0.0,10000.0,4.0,,,,,,,,,,,,,
ridge_medium,10000,2,evaluation,83,3,-0.131623132177013,-0.0484437154680228,-0.0391721004427626,0.0019238750101067,-0.1800668476450359,-0.1707952326197757,1.0,9.0,798.0,1111.111111111111,0.0,0.1117,1.0596417142683567,0.0,10000.0,9.0,,,,,,,,,,,,,
ridge_medium,10000,2,evaluation,83,4,-0.131623132177013,-0.0740830631292962,-0.0620524704807693,0.0017840419895946,-0.2057061953063093,-0.1936756026577824,1.0,16.0,251.0,625.0,0.0,0.1449,1.0757506676187747,0.0,10000.0,16.0,,,,,,,,,,,,,
ridge_medium,10000,2,evaluation,83,5,-0.131623132177013,-0.1002226658170579,-0.0862017059860918,0.0017539999971631,-0.231845797994071,-0.2178248381631049,1.0,25.0,183.0,400.0,0.0,0.1824,1.0980202431884458,0.0,10000.0,25.0,,,,,,,,,,,,,
ridge_medium,10000,2,evaluation,83,6,-0.131623132177013,-0.1262595415240691,-0.1070382366159235,0.0017432919994462,-0.2578826737010822,-0.2386613687929366,1.0,36.0,87.0,277.77777777777777,0.0,0.2195,1.1181943107608678,0.0,10000.0,36.0,,,,,,,,,,,,,
ridge_medium,10000,2,evaluation,83,7,-0.131623132177013,-0.148031528358975,-0.12718754559712,0.0016769999929238,-0.2796546605359881,-0.2588106777741331,1.0,49.0,71.0,204.08163265306123,0.0,0.2527,1.1358696566573458,0.0,10000.0,49.0,,,,,,,,,,,,,
ridge_medium,10000,2,evaluation,84,1,-0.131623132177013,0.112217604879964,0.1148633479855243,0.0018842910067178,-0.019405527297049,-0.0167597841914887,1.0,1.0,10000.0,10000.0,0.0,0.0398,1.0199160148504682,0.0,10000.0,1.0,,,,,,,,,,,,,
ridge_medium,10000,2,evaluation,84,2,-0.131623132177013,0.0333758231417679,0.0408498443656915,0.0020366670214571,-0.0982473090352451,-0.0907732878113215,1.0,4.0,1781.0,2500.0,0.0,0.0778,1.037924221583282,0.0,10000.0,4.0,,,,,,,,,,,,,
ridge_medium,10000,2,evaluation,84,3,-0.131623132177013,-0.0491598840073082,-0.0382947912968316,0.001912292005727,-0.1807830161843213,-0.1699179234738447,1.0,9.0,822.0,1111.111111111111,0.0,0.1174,1.0602034647879794,0.0,10000.0,9.0,,,,,,,,,,,,,
ridge_medium,10000,2,evaluation,84,4,-0.131623132177013,-0.0730842840326379,-0.0595233823312315,0.0018238330085296,-0.204707416209651,-0.1911465145082446,1.0,16.0,254.0,625.0,0.0,0.1507,1.0778611943682643,0.0,10000.0,16.0,,,,,,,,,,,,,
ridge_medium,10000,2,evaluation,84,5,-0.131623132177013,-0.0981985327622615,-0.0838675213123001,0.001712375000352,-0.2298216649392746,-0.2154906534893132,1.0,25.0,190.0,400.0,0.0,0.184,1.0974391859903323,0.0,10000.0,25.0,,,,,,,,,,,,,
ridge_medium,10000,2,evaluation,84,6,-0.131623132177013,-0.1303894738292444,-0.1062337535770976,0.0017349580011796,-0.2620126060062575,-0.2378568857541106,1.0,36.0,90.0,277.77777777777777,0.0,0.2208,1.1147551510768867,0.0,10000.0,36.0,,,,,,,,,,,,,
ridge_medium,10000,2,evaluation,84,7,-0.131623132177013,-0.1522237721433514,-0.1297058462196107,0.0016995419864542,-0.2838469043203644,-0.2613289783966238,1.0,49.0,70.0,204.08163265306123,0.0,0.2492,1.1335126612291095,0.0,10000.0,49.0,,,,,,,,,,,,,
ridge_medium,10000,2,evaluation,85,1,-0.131623132177013,0.1118594022301863,0.1134278184417066,0.0021293750032782,-0.0197637299468267,-0.0181953137353064,1.0,1.0,10000.0,10000.0,0.0,0.0392,1.0206248686011032,0.0,10000.0,1.0,,,,,,,,,,,,,
ridge_medium,10000,2,evaluation,85,2,-0.131623132177013,0.0310875271000933,0.0346515585028479,0.0020082079863641,-0.1005356050769197,-0.0969715736741651,1.0,4.0,1770.0,2500.0,0.0,0.0772,1.0401464796380837,0.0,10000.0,4.0,,,,,,,,,,,,,
ridge_medium,10000,2,evaluation,85,3,-0.131623132177013,-0.0528336127253547,-0.0465746914676565,0.0020979580003768,-0.1844567449023678,-0.1781978236446696,1.0,9.0,775.0,1111.111111111111,0.0,0.1103,1.0597742589088457,0.0,10000.0,9.0,,,,,,,,,,,,,
ridge_medium,10000,2,evaluation,85,4,-0.131623132177013,-0.0779126023986985,-0.0639719295246826,0.0021549999946728,-0.2095357345757116,-0.1955950617016957,1.0,16.0,256.0,625.0,0.0,0.1489,1.0772226062197596,0.0,10000.0,16.0,,,,,,,,,,,,,
ridge_medium,10000,2,evaluation,85,5,-0.131623132177013,-0.1013459103064778,-0.0873657302388982,0.0019327080226503,-0.2329690424834908,-0.2189888624159113,1.0,25.0,192.0,400.0,0.0,0.181,1.0958456098814435,0.0,10000.0,25.0,,,,,,,,,,,,,
ridge_medium,10000,2,evaluation,85,6,-0.131623132177013,-0.1273283512444877,-0.1115156274409738,0.0023083330015651,-0.2589514834215007,-0.2431387596179869,1.0,36.0,86.0,277.77777777777777,0.0,0.2189,1.119390774867432,0.0,10000.0,36.0,,,,,,,,,,,,,
ridge_medium,10000,2,evaluation,85,7,-0.131623132177013,-0.1563112362366064,-0.1331055397569465,0.0019894170109182,-0.2879343684136194,-0.2647286719339596,1.0,49.0,71.0,204.08163265306123,0.0,0.2496,1.135605189725465,0.0,10000.0,49.0,,,,,,,,,,,,,
ridge_medium,10000,2,evaluation,86,1,-0.131623132177013,0.1126153365499458,0.1146193272636421,0.001923292002175,-0.0190077956270672,-0.0170038049133709,1.0,1.0,10000.0,10000.0,0.0,0.0394,1.0201443711403544,0.0,10000.0,1.0,,,,,,,,,,,,,
ridge_medium,10000,2,evaluation,86,2,-0.131623132177013,0.0271771959418475,0.0324152484635046,0.0020362080249469,-0.1044459362351655,-0.0992078837135084,1.0,4.0,1753.0,2500.0,0.0,0.0789,1.0413694625686591,0.0,10000.0,4.0,,,,,,,,,,,,,
ridge_medium,10000,2,evaluation,86,3,-0.131623132177013,-0.0477332726031602,-0.0392434878158136,0.0025307920004706,-0.1793564047801733,-0.1708666199928267,1.0,9.0,806.0,1111.111111111111,0.0,0.114,1.0590526679297425,0.0,10000.0,9.0,,,,,,,,,,,,,
ridge_medium,10000,2,evaluation,86,4,-0.131623132177013,-0.0760351192249039,-0.0647607426864408,0.0018526669882703,-0.207658251401917,-0.1963838748634538,1.0,16.0,257.0,625.0,0.0,0.1509,1.0790768435240816,0.0,10000.0,16.0,,,,,,,,,,,,,
ridge_medium,10000,2,evaluation,86,5,-0.131623132177013,-0.1012947689110425,-0.0876036386332503,0.0017827499832492,-0.2329179010880555,-0.2192267708102634,1.0,25.0,184.0,400.0,0.0,0.1847,1.0973696034882912,0.0,10000.0,25.0,,,,,,,,,,,,,
ridge_medium,10000,2,evaluation,86,6,-0.131623132177013,-0.1260996349058927,-0.1081473012123128,0.0017824589740484,-0.2577227670829058,-0.2397704333893259,1.0,36.0,90.0,277.77777777777777,0.0,0.2173,1.1187709487957789,0.0,10000.0,36.0,,,,,,,,,,,,,
ridge_medium,10000,2,evaluation,86,7,-0.131623132177013,-0.1554507589318612,-0.1353582804850377,0.0017126660095527,-0.2870738911088742,-0.2669814126620508,1.0,49.0,72.0,204.08163265306123,0.0,0.2496,1.1365537770535603,0.0,10000.0,49.0,,,,,,,,,,,,,
ridge_medium,10000,2,evaluation,87,1,-0.131623132177013,0.1110071945764575,0.1147194512622729,0.002346084016608,-0.0206159376005555,-0.0169036809147401,1.0,1.0,10000.0,10000.0,0.0,0.0407,1.0205075452939243,0.0,10000.0,1.0,,,,,,,,,,,,,
ridge_medium,10000,2,evaluation,87,2,-0.131623132177013,0.0292952331546174,0.0353368721775141,0.0026854170137085,-0.1023278990223955,-0.0962862599994989,1.0,4.0,1760.0,2500.0,0.0,0.0787,1.0397163178270226,0.0,10000.0,4.0,,,,,,,,,,,,,
ridge_medium,10000,2,evaluation,87,3,-0.131623132177013,-0.0525291467627957,-0.0431814174806367,0.0023253750114236,-0.1841522789398088,-0.1748045496576498,1.0,9.0,813.0,1111.111111111111,0.0,0.1128,1.058822173678013,0.0,10000.0,9.0,,,,,,,,,,,,,
ridge_medium,10000,2,evaluation,87,4,-0.131623132177013,-0.0762242275048677,-0.0651841224806865,0.0021533339750021,-0.2078473596818808,-0.1968072546576996,1.0,16.0,256.0,625.0,0.0,0.1494,1.0785344895150542,0.0,10000.0,16.0,,,,,,,,,,,,,
ridge_medium,10000,2,evaluation,87,5,-0.131623132177013,-0.1040342711918387,-0.0896553465334031,0.0024103330215439,-0.2356574033688518,-0.2212784787104162,1.0,25.0,167.0,400.0,0.0,0.1858,1.098224136075943,0.0,10000.0,25.0,,,,,,,,,,,,,
ridge_medium,10000,2,evaluation,87,6,-0.131623132177013,-0.1254538261274843,-0.108055060311406,0.0021347500151023,-0.2570769583044974,-0.2396781924884191,1.0,36.0,92.0,277.77777777777777,0.0,0.2159,1.1145582422279272,0.0,10000.0,36.0,,,,,,,,,,,,,
ridge_medium,10000,2,evaluation,87,7,-0.131623132177013,-0.1525352352269538,-0.1316018339742015,0.0021691249858122,-0.2841583674039669,-0.2632249661512146,1.0,49.0,61.0,204.08163265306123,0.0,0.2466,1.1353667354319292,0.0,10000.0,49.0,,,,,,,,,,,,,
ridge_medium,10000,2,evaluation,88,1,-0.131623132177013,0.1112216908920637,0.1147922459217627,0.0021589579991996,-0.0204014412849493,-0.0168308862552503,1.0,1.0,10000.0,10000.0,0.0,0.0398,1.0198704339114597,0.0,10000.0,1.0,,,,,,,,,,,,,
ridge_medium,10000,2,evaluation,88,2,-0.131623132177013,0.0361910007733679,0.04310724381258,0.0023264170158654,-0.0954321314036451,-0.088515888364433,1.0,4.0,1806.0,2500.0,0.0,0.0786,1.0392437006525697,0.0,10000.0,4.0,,,,,,,,,,,,,
ridge_medium,10000,2,evaluation,88,3,-0.131623132177013,-0.0452142793564112,-0.0364767252136742,0.0021657909965142,-0.1768374115334243,-0.1680998573906873,1.0,9.0,833.0,1111.111111111111,0.0,0.1132,1.059497442939492,0.0,10000.0,9.0,,,,,,,,,,,,,
ridge_medium,10000,2,evaluation,88,4,-0.131623132177013,-0.0668579152298452,-0.054972021677997,0.0020392499864101,-0.1984810474068583,-0.1865951538550101,1.0,16.0,270.0,625.0,0.0,0.1495,1.0763271474062872,0.0,10000.0,16.0,,,,,,,,,,,,,
ridge_medium,10000,2,evaluation,88,5,-0.131623132177013,-0.098625395903531,-0.0820595205733689,0.0019421670003794,-0.2302485280805441,-0.2136826527503819,1.0,25.0,191.0,400.0,0.0,0.1802,1.0950412946970296,0.0,10000.0,25.0,,,,,,,,,,,,,
ridge_medium,10000,2,evaluation,88,6,-0.131623132177013,-0.1211886662065539,-0.1029709929284358,0.0019191250030416,-0.252811798383567,-0.2345941251054489,1.0,36.0,87.0,277.77777777777777,0.0,0.2183,1.114706211032252,0.0,10000.0,36.0,,,,,,,,,,,,,
ridge_medium,10000,2,evaluation,88,7,-0.131623132177013,-0.1468719733451614,-0.1232352974995597,0.0019466250087134,-0.2784951055221745,-0.2548584296765728,1.0,49.0,75.0,204.08163265306123,0.0,0.2482,1.1344338192931511,0.0,10000.0,49.0,,,,,,,,,,,,,
ridge_medium,10000,2,evaluation,89,1,-0.131623132177013,0.1110020215471184,0.114037829630714,0.0020820409990847,-0.0206211106298946,-0.017585302546299,1.0,1.0,10000.0,10000.0,0.0,0.0395,1.0204174776756587,0.0,10000.0,1.0,,,,,,,,,,,,,
ridge_medium,10000,2,evaluation,89,2,-0.131623132177013,0.0292303298056117,0.0371496619175716,0.0022282499994616,-0.1023928023714013,-0.0944734702594414,1.0,4.0,1763.0,2500.0,0.0,0.0785,1.040502624602575,0.0,10000.0,4.0,,,,,,,,,,,,,
ridge_medium,10000,2,evaluation,89,3,-0.131623132177013,-0.0543744907496208,-0.0463741850449412,0.002207959012594,-0.1859976229266339,-0.1779973172219542,1.0,9.0,819.0,1111.111111111111,0.0,0.1122,1.0588577650917026,0.0,10000.0,9.0,,,,,,,,,,,,,
ridge_medium,10000,2,evaluation,89,4,-0.131623132177013,-0.077573179309663,-0.0656541977193694,0.0019934169831685,-0.2091963114866761,-0.1972773298963824,1.0,16.0,257.0,625.0,0.0,0.1508,1.0773846647867564,0.0,10000.0,16.0,,,,,,,,,,,,,
ridge_medium,10000,2,evaluation,89,5,-0.131623132177013,-0.1059647244725525,-0.0929978449775774,0.0019580840016715,-0.2375878566495656,-0.2246209771545905,1.0,25.0,181.0,400.0,0.0,0.1824,1.0990153560537488,0.0,10000.0,25.0,,,,,,,,,,,,,
ridge_medium,10000,2,evaluation,89,6,-0.131623132177013,-0.1304063423998127,-0.1119812561176637,0.0019445829966571,-0.2620294745768258,-0.2436043882946768,1.0,36.0,86.0,277.77777777777777,0.0,0.2181,1.1161441364474978,0.0,10000.0,36.0,,,,,,,,,,,,,
ridge_medium,10000,2,evaluation,89,7,-0.131623132177013,-0.1585518973161098,-0.1355698372971122,0.001905249984702,-0.2901750294931229,-0.2671929694741253,1.0,49.0,65.0,204.08163265306123,0.0,0.2523,1.1368395107035003,0.0,10000.0,49.0,,,,,,,,,,,,,
ridge_medium,10000,2,evaluation,90,1,-0.131623132177013,0.1096820906499985,0.1131341040370343,0.0021131669927854,-0.0219410415270145,-0.0184890281399786,1.0,1.0,10000.0,10000.0,0.0,0.0407,1.019864599931189,0.0,10000.0,1.0,,,,,,,,,,,,,
ridge_medium,10000,2,evaluation,90,2,-0.131623132177013,0.0269424293863086,0.0341094815704654,0.0022089170233812,-0.1046807027907044,-0.0975136506065476,1.0,4.0,1727.0,2500.0,0.0,0.0804,1.0403702144916116,0.0,10000.0,4.0,,,,,,,,,,,,,
ridge_medium,10000,2,evaluation,90,3,-0.131623132177013,-0.0567991413485686,-0.0476146737402513,0.0021359579986892,-0.1884222735255817,-0.1792378059172644,1.0,9.0,807.0,1111.111111111111,0.0,0.1142,1.0597090186073823,0.0,10000.0,9.0,,,,,,,,,,,,,
ridge_medium,10000,2,evaluation,90,4,-0.131623132177013,-0.080449200760507,-0.0670093357360334,0.0019837080035358,-0.2120723329375201,-0.1986324679130465,1.0,16.0,247.0,625.0,0.0,0.1496,1.0773640728928495,0.0,10000.0,16.0,,,,,,,,,,,,,
ridge_medium,10000,2,evaluation,90,5,-0.131623132177013,-0.1112277019427707,-0.0925513172657116,0.0019577920029405,-0.2428508341197838,-0.2241744494427247,1.0,25.0,178.0,400.0,0.0,0.185,1.098349809827444,0.0,10000.0,25.0,,,,,,,,,,,,,
ridge_medium,10000,2,evaluation,90,6,-0.131623132177013,-0.1345338749675415,-0.1126969612556114,0.0019776670087594,-0.2661570071445546,-0.2443200934326245,1.0,36.0,91.0,277.77777777777777,0.0,0.2181,1.117109887026755,0.0,10000.0,36.0,,,,,,,,,,,,,
ridge_medium,10000,2,evaluation,90,7,-0.131623132177013,-0.1578986832348238,-0.1324280983423899,0.001958208013093,-0.2895218154118369,-0.264051230519403,1.0,49.0,74.0,204.08163265306123,0.0,0.2501,1.1365723854215672,0.0,10000.0,49.0,,,,,,,,,,,,,
ridge_medium,10000,2,evaluation,91,1,-0.131623132177013,0.1107625941346516,0.1141489665326117,0.0018917080014944,-0.0208605380423613,-0.0174741656444013,1.0,1.0,10000.0,10000.0,0.0,0.0394,1.0198851724728204,0.0,10000.0,1.0,,,,,,,,,,,,,
ridge_medium,10000,2,evaluation,91,2,-0.131623132177013,0.0258884931225029,0.033229767334348,0.0019851669785566,-0.1057346390545101,-0.098393364842665,1.0,4.0,1759.0,2500.0,0.0,0.0776,1.038359737563462,0.0,10000.0,4.0,,,,,,,,,,,,,
ridge_medium,10000,2,evaluation,91,3,-0.131623132177013,-0.0611384344725519,-0.0515713427515616,0.0018627499812282,-0.192761566649565,-0.1831944749285746,1.0,9.0,799.0,1111.111111111111,0.0,0.1165,1.05999541195593,0.0,10000.0,9.0,,,,,,,,,,,,,
ridge_medium,10000,2,evaluation,91,4,-0.131623132177013,-0.0868318861430852,-0.0737649239631185,0.0017700410098768,-0.2184550183200983,-0.2053880561401316,1.0,16.0,239.0,625.0,0.0,0.1492,1.076585425535011,0.0,10000.0,16.0,,,,,,,,,,,,,
ridge_medium,10000,2,evaluation,91,5,-0.131623132177013,-0.1176460337946542,-0.0992322439034917,0.0017189159989356,-0.2492691659716673,-0.2308553760805047,1.0,25.0,165.0,400.0,0.0,0.1854,1.09735200198933,0.0,10000.0,25.0,,,,,,,,,,,,,
ridge_medium,10000,2,evaluation,91,6,-0.131623132177013,-0.1353521603462098,-0.1161545084531896,0.0017481669783592,-0.2669752925232229,-0.2477776406302027,1.0,36.0,88.0,277.77777777777777,0.0,0.2203,1.1163119183954626,0.0,10000.0,36.0,,,,,,,,,,,,,
ridge_medium,10000,2,evaluation,91,7,-0.131623132177013,-0.1611255459351714,-0.1367224576007603,0.0017811659781727,-0.2927486781121845,-0.2683455897777734,1.0,49.0,64.0,204.08163265306123,0.0,0.2526,1.1352452403706244,0.0,10000.0,49.0,,,,,,,,,,,,,
ridge_medium,10000,2,evaluation,92,1,-0.131623132177013,0.1120532618890154,0.1139085672399299,0.0018778749799821,-0.0195698702879976,-0.017714564937083,1.0,1.0,10000.0,10000.0,0.0,0.0394,1.020076411675801,0.0,10000.0,1.0,,,,,,,,,,,,,
ridge_medium,10000,2,evaluation,92,2,-0.131623132177013,0.0334308404857365,0.03926059844308,0.0020117500098422,-0.0981922916912765,-0.092362533733933,1.0,4.0,1798.0,2500.0,0.0,0.078,1.039667624974555,0.0,10000.0,4.0,,,,,,,,,,,,,
ridge_medium,10000,2,evaluation,92,3,-0.131623132177013,-0.0489246259389209,-0.0401335999630403,0.0019554159953258,-0.180547758115934,-0.1717567321400534,1.0,9.0,831.0,1111.111111111111,0.0,0.1156,1.0602048872647014,0.0,10000.0,9.0,,,,,,,,,,,,,
ridge_medium,10000,2,evaluation,92,4,-0.131623132177013,-0.0668908812780383,-0.0570692966382092,0.001809042005334,-0.1985140134550514,-0.1886924288152223,1.0,16.0,244.0,625.0,0.0,0.1516,1.0792586619222169,0.0,10000.0,16.0,,,,,,,,,,,,,
ridge_medium,10000,2,evaluation,92,5,-0.131623132177013,-0.0978725302624004,-0.0851639811388061,0.0017407079867552,-0.2294956624394135,-0.2167871133158192,1.0,25.0,184.0,400.0,0.0,0.1819,1.0982566199771622,0.0,10000.0,25.0,,,,,,,,,,,,,
ridge_medium,10000,2,evaluation,92,6,-0.131623132177013,-0.120673372881147,-0.1026298352554813,0.0017599159909877,-0.2522965050581601,-0.2342529674324944,1.0,36.0,88.0,277.77777777777777,0.0,0.2185,1.11446876576805,0.0,10000.0,36.0,,,,,,,,,,,,,
ridge_medium,10000,2,evaluation,92,7,-0.131623132177013,-0.1446655855428888,-0.124392340596175,0.0017016660131048,-0.2762887177199019,-0.2560154727731881,1.0,49.0,70.0,204.08163265306123,0.0,0.251,1.134121974775704,0.0,10000.0,49.0,,,,,,,,,,,,,
ridge_medium,10000,2,evaluation,93,1,-0.131623132177013,0.1113345315588035,0.1142252694702991,0.0018854580121114,-0.0202886006182095,-0.0173978627067138,1.0,1.0,10000.0,10000.0,0.0,0.0377,1.020044655259059,0.0,10000.0,1.0,,,,,,,,,,,,,
ridge_medium,10000,2,evaluation,93,2,-0.131623132177013,0.0279164095098311,0.0342942630109643,0.0020043330150656,-0.1037067226671819,-0.0973288691660487,1.0,4.0,1779.0,2500.0,0.0,0.0753,1.0389953405165189,0.0,10000.0,4.0,,,,,,,,,,,,,
ridge_medium,10000,2,evaluation,93,3,-0.131623132177013,-0.0473052771577083,-0.0380807555844203,0.0018977919826284,-0.1789284093347213,-0.1697038877614334,1.0,9.0,825.0,1111.111111111111,0.0,0.1149,1.0592977719566972,0.0,10000.0,9.0,,,,,,,,,,,,,
ridge_medium,10000,2,evaluation,93,4,-0.131623132177013,-0.0773548564970043,-0.0648289419973193,0.0018265840189997,-0.2089779886740174,-0.1964520741743324,1.0,16.0,257.0,625.0,0.0,0.1499,1.0793531933937754,0.0,10000.0,16.0,,,,,,,,,,,,,
ridge_medium,10000,2,evaluation,93,5,-0.131623132177013,-0.1010238110539041,-0.0861275007704472,0.0017321250052191,-0.2326469432309172,-0.2177506329474602,1.0,25.0,189.0,400.0,0.0,0.1823,1.0987307163405151,0.0,10000.0,25.0,,,,,,,,,,,,,
ridge_medium,10000,2,evaluation,93,6,-0.131623132177013,-0.1271620615716185,-0.1065424482481669,0.0018932500097434,-0.2587851937486316,-0.23816558042518,1.0,36.0,96.0,277.77777777777777,0.0,0.2176,1.1166385922193731,0.0,10000.0,36.0,,,,,,,,,,,,,
ridge_medium,10000,2,evaluation,93,7,-0.131623132177013,-0.1547032699486158,-0.1309793433418043,0.0017577079997863,-0.2863264021256289,-0.2626024755188174,1.0,49.0,74.0,204.08163265306123,0.0,0.2532,1.1356055482592944,0.0,10000.0,49.0,,,,,,,,,,,,,
ridge_medium,10000,2,evaluation,94,1,-0.131623132177013,0.1099339191951385,0.1135869985144366,0.0018441669817548,-0.0216892129818744,-0.0180361336625764,1.0,1.0,10000.0,10000.0,0.0,0.0394,1.019902189659823,0.0,10000.0,1.0,,,,,,,,,,,,,
ridge_medium,10000,2,evaluation,94,2,-0.131623132177013,0.0306922479579568,0.0366296486871617,0.0019902499916497,-0.1009308842190562,-0.0949934834898513,1.0,4.0,1775.0,2500.0,0.0,0.0785,1.0401878208929056,0.0,10000.0,4.0,,,,,,,,,,,,,
ridge_medium,10000,2,evaluation,94,3,-0.131623132177013,-0.050869867218624,-0.0421217728852301,0.0019254169892519,-0.1824929993956371,-0.1737449050622432,1.0,9.0,833.0,1111.111111111111,0.0,0.1107,1.0579919960320674,0.0,10000.0,9.0,,,,,,,,,,,,,
ridge_medium,10000,2,evaluation,94,4,-0.131623132177013,-0.0764671959889285,-0.0648443630710625,0.0017961669946089,-0.2080903281659415,-0.1964674952480756,1.0,16.0,254.0,625.0,0.0,0.149,1.0791479608239392,0.0,10000.0,16.0,,,,,,,,,,,,,
ridge_medium,10000,2,evaluation,94,5,-0.131623132177013,-0.1071086820811368,-0.091452293387699,0.0017218749853782,-0.2387318142581499,-0.223075425564712,1.0,25.0,178.0,400.0,0.0,0.1842,1.098535051244426,0.0,10000.0,25.0,,,,,,,,,,,,,
ridge_medium,10000,2,evaluation,94,6,-0.131623132177013,-0.1222754053895549,-0.1072530759057542,0.0017127920000348,-0.253898537566568,-0.2388762080827673,1.0,36.0,95.0,277.77777777777777,0.0,0.2147,1.116859762613304,0.0,10000.0,36.0,,,,,,,,,,,,,
ridge_medium,10000,2,evaluation,94,7,-0.131623132177013,-0.1529590846921276,-0.1285361826454878,0.0016702499997336,-0.2845822168691407,-0.2601593148225009,1.0,49.0,71.0,204.08163265306123,0.0,0.2505,1.1347034294000973,0.0,10000.0,49.0,,,,,,,,,,,,,
ridge_medium,10000,2,evaluation,95,1,-0.131623132177013,0.1123214358197669,0.1143025159267916,0.0018829999899026,-0.0193016963572461,-0.0173206162502214,1.0,1.0,10000.0,10000.0,0.0,0.0404,1.0212558709220882,0.0,10000.0,1.0,,,,,,,,,,,,,
ridge_medium,10000,2,evaluation,95,2,-0.131623132177013,0.0302146886269603,0.0340033906113402,0.0019998329808004,-0.1014084435500527,-0.0976197415656728,1.0,4.0,1747.0,2500.0,0.0,0.0763,1.0405968947685262,0.0,10000.0,4.0,,,,,,,,,,,,,
ridge_medium,10000,2,evaluation,95,3,-0.131623132177013,-0.0541621127769056,-0.0463408108810111,0.0018787500157486,-0.1857852449539187,-0.1779639430580242,1.0,9.0,812.0,1111.111111111111,0.0,0.1167,1.060119479205624,0.0,10000.0,9.0,,,,,,,,,,,,,
ridge_medium,10000,2,evaluation,95,4,-0.131623132177013,-0.0783047189264669,-0.0673876886646861,0.0017932920018211,-0.20992785110348,-0.1990108208416992,1.0,16.0,241.0,625.0,0.0,0.1478,1.0771888283460092,0.0,10000.0,16.0,,,,,,,,,,,,,
ridge_medium,10000,2,evaluation,95,5,-0.131623132177013,-0.1049326256463686,-0.0911684267074294,0.0017053750052582,-0.2365557578233817,-0.2227915588844425,1.0,25.0,181.0,400.0,0.0,0.1842,1.0983742719206648,0.0,10000.0,25.0,,,,,,,,,,,,,
ridge_medium,10000,2,evaluation,95,6,-0.131623132177013,-0.1313723786407527,-0.1134931856781238,0.0017360420024488,-0.2629955108177658,-0.2451163178551369,1.0,36.0,91.0,277.77777777777777,0.0,0.2163,1.1176122110365063,0.0,10000.0,36.0,,,,,,,,,,,,,
ridge_medium,10000,2,evaluation,95,7,-0.131623132177013,-0.1567478243137207,-0.134007368295783,0.0016943330119829,-0.2883709564907338,-0.265630500472796,1.0,49.0,60.0,204.08163265306123,0.0,0.2517,1.1347821149420003,0.0,10000.0,49.0,,,,,,,,,,,,,
ridge_medium,10000,2,evaluation,96,1,-0.131623132177013,0.110244983468262,0.1129865029211501,0.0018379160028416,-0.021378148708751,-0.0186366292558629,1.0,1.0,10000.0,10000.0,0.0,0.0381,1.0200444306931555,0.0,10000.0,1.0,,,,,,,,,,,,,
ridge_medium,10000,2,evaluation,96,2,-0.131623132177013,0.0254874616934591,0.0297052606865073,0.0021469579951371,-0.1061356704835538,-0.1019178714905057,1.0,4.0,1752.0,2500.0,0.0,0.078,1.040663455356353,0.0,10000.0,4.0,,,,,,,,,,,,,
ridge_medium,10000,2,evaluation,96,3,-0.131623132177013,-0.0574595073707858,-0.0510163302321992,0.0019155000045429,-0.1890826395477989,-0.1826394624092123,1.0,9.0,810.0,1111.111111111111,0.0,0.1112,1.0602633355700015,0.0,10000.0,9.0,,,,,,,,,,,,,
ridge_medium,10000,2,evaluation,96,4,-0.131623132177013,-0.0866155770739198,-0.0762908721124822,0.0017751670093275,-0.2182387092509329,-0.2079140042894953,1.0,16.0,237.0,625.0,0.0,0.1473,1.0786615526473096,0.0,10000.0,16.0,,,,,,,,,,,,,
ridge_medium,10000,2,evaluation,96,5,-0.131623132177013,-0.1174402547495608,-0.1022049026297269,0.0017159999988507,-0.2490633869265739,-0.23382803480674,1.0,25.0,176.0,400.0,0.0,0.1845,1.0977912315473122,0.0,10000.0,25.0,,,,,,,,,,,,,
ridge_medium,10000,2,evaluation,96,6,-0.131623132177013,-0.1382847173674208,-0.1200529659145639,0.0017242089961655,-0.2699078495444339,-0.251676098091577,1.0,36.0,94.0,277.77777777777777,0.0,0.2173,1.117252499485953,0.0,10000.0,36.0,,,,,,,,,,,,,
ridge_medium,10000,2,evaluation,96,7,-0.131623132177013,-0.1657151364130428,-0.1428302342557536,0.0016750840004533,-0.2973382685900559,-0.2744533664327667,1.0,49.0,63.0,204.08163265306123,0.0,0.2486,1.1350786272135265,0.0,10000.0,49.0,,,,,,,,,,,,,
ridge_medium,10000,2,evaluation,97,1,-0.131623132177013,0.1126910305751981,0.1149725222529686,0.0018784590065479,-0.0189321016018149,-0.0166506099240444,1.0,1.0,10000.0,10000.0,0.0,0.0387,1.0198277632548978,0.0,10000.0,1.0,,,,,,,,,,,,,
ridge_medium,10000,2,evaluation,97,2,-0.131623132177013,0.0315381696491327,0.0360425175620193,0.0019901250198017,-0.1000849625278803,-0.0955806146149936,1.0,4.0,1798.0,2500.0,0.0,0.077,1.0405406581445305,0.0,10000.0,4.0,,,,,,,,,,,,,
ridge_medium,10000,2,evaluation,97,3,-0.131623132177013,-0.055378576769873,-0.047648558168411,0.0018715409969445,-0.187001708946886,-0.1792716903454241,1.0,9.0,808.0,1111.111111111111,0.0,0.114,1.058933291686328,0.0,10000.0,9.0,,,,,,,,,,,,,
ridge_medium,10000,2,evaluation,97,4,-0.131623132177013,-0.0803400065008283,-0.068129400548604,0.0018710840085987,-0.2119631386778414,-0.199752532725617,1.0,16.0,251.0,625.0,0.0,0.1489,1.0787975941297328,0.0,10000.0,16.0,,,,,,,,,,,,,
ridge_medium,10000,2,evaluation,97,5,-0.131623132177013,-0.1078176375559583,-0.0902797859771629,0.0017589589988347,-0.2394407697329714,-0.221902918154176,1.0,25.0,185.0,400.0,0.0,0.1854,1.095360197844835,0.0,10000.0,25.0,,,,,,,,,,,,,
ridge_medium,10000,2,evaluation,97,6,-0.131623132177013,-0.1338053683042485,-0.1151831622447568,0.0017790420097298,-0.2654285004812616,-0.2468062944217699,1.0,36.0,82.0,277.77777777777777,0.0,0.2165,1.1167683466786005,0.0,10000.0,36.0,,,,,,,,,,,,,
ridge_medium,10000,2,evaluation,97,7,-0.131623132177013,-0.1526090895446209,-0.1312628852865591,0.0017165419994853,-0.284232221721634,-0.2628860174635722,1.0,49.0,67.0,204.08163265306123,0.0,0.25,1.135326894220817,0.0,10000.0,49.0,,,,,,,,,,,,,
ridge_medium,10000,2,evaluation,98,1,-0.131623132177013,0.1112899625762908,0.1145290539369695,0.0018753750191535,-0.0203331696007222,-0.0170940782400434,1.0,1.0,10000.0,10000.0,0.0,0.0404,1.0195442104096992,0.0,10000.0,1.0,,,,,,,,,,,,,
ridge_medium,10000,2,evaluation,98,2,-0.131623132177013,0.0295171294094434,0.0357555417107132,0.0019772500090766,-0.1021060027675696,-0.0958675904662998,1.0,4.0,1797.0,2500.0,0.0,0.0782,1.0390738634199643,0.0,10000.0,4.0,,,,,,,,,,,,,
ridge_medium,10000,2,evaluation,98,3,-0.131623132177013,-0.0553357442307102,-0.0462587111412596,0.00188325002091,-0.1869588764077233,-0.1778818433182727,1.0,9.0,818.0,1111.111111111111,0.0,0.1161,1.0585272587898364,0.0,10000.0,9.0,,,,,,,,,,,,,
ridge_medium,10000,2,evaluation,98,4,-0.131623132177013,-0.0794325576643895,-0.0659436107187249,0.0017427499988116,-0.2110556898414026,-0.1975667428957379,1.0,16.0,250.0,625.0,0.0,0.1525,1.0786329663824683,0.0,10000.0,16.0,,,,,,,,,,,,,
ridge_medium,10000,2,evaluation,98,5,-0.131623132177013,-0.1051824209225762,-0.0902201034961913,0.0017070829926524,-0.2368055530995893,-0.2218432356732044,1.0,25.0,179.0,400.0,0.0,0.1869,1.0966772142613035,0.0,10000.0,25.0,,,,,,,,,,,,,
ridge_medium,10000,2,evaluation,98,6,-0.131623132177013,-0.1338417618245155,-0.1125422278972635,0.001699540996924,-0.2654648940015286,-0.2441653600742766,1.0,36.0,85.0,277.77777777777777,0.0,0.2183,1.1150072076098043,0.0,10000.0,36.0,,,,,,,,,,,,,
ridge_medium,10000,2,evaluation,98,7,-0.131623132177013,-0.1543835713341452,-0.1329463568048335,0.0016707920003682,-0.2860067035111583,-0.2645694889818466,1.0,49.0,70.0,204.08163265306123,0.0,0.2487,1.1332236425293696,0.0,10000.0,49.0,,,,,,,,,,,,,
ridge_medium,10000,2,evaluation,99,1,-0.131623132177013,0.110227174852965,0.1136022105216421,0.0019391250098124,-0.021395957324048,-0.0180209216553709,1.0,1.0,10000.0,10000.0,0.0,0.0395,1.0199859706571932,0.0,10000.0,1.0,,,,,,,,,,,,,
ridge_medium,10000,2,evaluation,99,2,-0.131623132177013,0.0276750238830231,0.0354149992652059,0.0020458330109249,-0.1039481082939898,-0.0962081329118071,1.0,4.0,1773.0,2500.0,0.0,0.0772,1.040008751247324,0.0,10000.0,4.0,,,,,,,,,,,,,
ridge_medium,10000,2,evaluation,99,3,-0.131623132177013,-0.0550398086416431,-0.0443622485384067,0.0019103750237263,-0.1866629408186562,-0.1759853807154198,1.0,9.0,815.0,1111.111111111111,0.0,0.1126,1.05869743939614,0.0,10000.0,9.0,,,,,,,,,,,,,
ridge_medium,10000,2,evaluation,99,4,-0.131623132177013,-0.0768221289341176,-0.0638950627311123,0.0018092500104103,-0.2084452611111306,-0.1955181949081254,1.0,16.0,266.0,625.0,0.0,0.1519,1.0779606734245346,0.0,10000.0,16.0,,,,,,,,,,,,,
ridge_medium,10000,2,evaluation,99,5,-0.131623132177013,-0.1074780334915327,-0.0919773466215711,0.0017870420124381,-0.2391011656685458,-0.2236004787985842,1.0,25.0,185.0,400.0,0.0,0.1805,1.0972893164746698,0.0,10000.0,25.0,,,,,,,,,,,,,
ridge_medium,10000,2,evaluation,99,6,-0.131623132177013,-0.1325331903341346,-0.1125012913268633,0.0017596250108908,-0.2641563225111477,-0.2441244235038764,1.0,36.0,84.0,277.77777777777777,0.0,0.2204,1.1153107400920532,0.0,10000.0,36.0,,,,,,,,,,,,,
ridge_medium,10000,2,evaluation,99,7,-0.131623132177013,-0.1587767325333558,-0.1362917444628278,0.0016842080221977,-0.2903998647103689,-0.2679148766398408,1.0,49.0,72.0,204.08163265306123,0.0,0.2477,1.1354038403334894,0.0,10000.0,49.0,,,,,,,,,,,,,
