study_config_id,config_id,family,n,d,rho,replicate,seed,truth,origin,assumption_matched,ell,estimate,coverage,n_valid,skipped_point_fraction,mean_cell_size,occupied_cells,min_cell_size,singleton_cells,integrated_mass,degenerate,error,zero_valid,status,failure,elapsed_s
9,8,Normal,20000,2,0.1,1,2026108701,2.8328518984825948,new_lower_rho_same_seed_schedule,False,1,2.8368761045060373,1.0,20000,0.0,20000.0,1,20000,0,1.022597233934584,False,0.004024206023442556,False,ok,,0.004062584019266069
9,8,Normal,20000,2,0.1,1,2026108701,2.8328518984825948,new_lower_rho_same_seed_schedule,False,2,2.8159393450268544,1.0,20000,0.0,5000.0,4,3602,0,1.0359050278219621,False,-0.016912553455740387,False,ok,,0.004175500012934208
9,8,Normal,20000,2,0.1,1,2026108701,2.8328518984825948,new_lower_rho_same_seed_schedule,False,3,2.801799563552166,1.0,20000,0.0,2222.222222222222,9,74,0,1.03543789664905,False,-0.031052334930428582,False,ok,,0.0042692910064943135
9,8,Normal,20000,2,0.1,1,2026108701,2.8328518984825948,new_lower_rho_same_seed_schedule,False,4,2.791416903960147,0.9999,19998,9.999999999998899e-05,1250.0,16,1,1,1.040217768637251,False,-0.0414349945224477,False,ok,,0.003900459036231041
9,8,Normal,20000,2,0.1,1,2026108701,2.8328518984825948,new_lower_rho_same_seed_schedule,False,5,2.7815171069216804,1.0,20000,0.0,909.0909090909091,22,4,0,1.047699803117623,False,-0.05133479156091436,False,ok,,0.004522916977293789
9,8,Normal,20000,2,0.1,1,2026108701,2.8328518984825948,new_lower_rho_same_seed_schedule,False,6,2.7675514056099795,0.99975,19995,0.00024999999999997247,606.060606060606,33,1,2,1.056128988067997,False,-0.0653004928726153,False,ok,,0.004721249977592379
9,8,Normal,20000,2,0.1,1,2026108701,2.8328518984825948,new_lower_rho_same_seed_schedule,False,7,2.7596104225048625,0.9996,19992,0.00039999999999995595,465.1162790697674,43,1,3,1.062358493733273,False,-0.07324147597773223,False,ok,,0.004425666993483901
9,8,Normal,20000,2,0.1,1,2026108701,2.8328518984825948,new_lower_rho_same_seed_schedule,False,8,2.748576904458592,0.99965,19993,0.00034999999999996145,377.35849056603774,53,1,2,1.0694652149203014,False,-0.08427499402400285,False,ok,,0.004236416949424893
9,8,Normal,20000,2,0.1,1,2026108701,2.8328518984825948,new_lower_rho_same_seed_schedule,False,9,2.7355509307846813,0.9996,19992,0.00039999999999995595,317.46031746031747,63,1,1,1.0802595568332747,False,-0.09730096769791352,False,ok,,0.004381417005788535
9,8,Normal,20000,2,0.1,1,2026108701,2.8328518984825948,new_lower_rho_same_seed_schedule,False,10,2.7239208288348253,0.99925,19985,0.0007500000000000284,253.16455696202533,79,1,8,1.086175910448106,False,-0.10893106964776944,False,ok,,0.004605958005413413
9,8,Normal,20000,2,0.1,1,2026108701,2.8328518984825948,new_lower_rho_same_seed_schedule,False,11,2.7147095109263204,0.99925,19985,0.0007500000000000284,217.3913043478261,92,1,7,1.0940971623349522,False,-0.11814238755627438,False,ok,,0.004542791983112693
9,8,Normal,20000,2,0.1,1,2026108701,2.8328518984825948,new_lower_rho_same_seed_schedule,False,12,2.69919030649435,0.999,19980,0.0010000000000000009,183.4862385321101,109,1,12,1.1015193306333215,False,-0.13366159198824468,False,ok,,0.004370208014734089
9,8,Normal,20000,2,0.1,1,2026108701,2.8328518984825948,new_lower_rho_same_seed_schedule,False,13,2.6877977683394203,0.9987,19974,0.0012999999999999678,162.60162601626016,123,1,10,1.109198704820609,False,-0.14505413014317448,False,ok,,0.00466329202754423
9,8,Normal,20000,2,0.1,1,2026108701,2.8328518984825948,new_lower_rho_same_seed_schedule,False,14,2.6756985329417096,0.99785,19957,0.0021499999999999853,136.05442176870747,147,1,25,1.1152541156123423,False,-0.15715336554088521,False,ok,,0.0046757920063100755
9,8,Normal,20000,2,0.1,1,2026108701,2.8328518984825948,new_lower_rho_same_seed_schedule,False,15,2.664302194039221,0.9984,19968,0.0016000000000000458,127.38853503184713,157,1,19,1.1244134020111167,False,-0.16854970444337392,False,ok,,0.004496333014685661
9,8,Normal,20000,2,0.1,1,2026108701,2.8328518984825948,new_lower_rho_same_seed_schedule,False,16,2.6515362447729602,0.99785,19957,0.0021499999999999853,111.73184357541899,179,1,27,1.1279189719397746,False,-0.18131565370963454,False,ok,,0.004419041040819138
9,8,Normal,20000,2,0.1,1,2026108701,2.8328518984825948,new_lower_rho_same_seed_schedule,False,17,2.6407107339506584,0.99755,19951,0.002449999999999952,101.01010101010101,198,1,24,1.135516282910917,False,-0.19214116453193641,False,ok,,0.005266167048830539
9,8,Normal,20000,2,0.1,1,2026108701,2.8328518984825948,new_lower_rho_same_seed_schedule,False,18,2.622440376738849,0.99715,19943,0.002850000000000019,90.9090909090909,220,1,35,1.1446183063504403,False,-0.21041152174374567,False,ok,,0.0047515000333078206
9,8,Normal,20000,2,0.1,1,2026108701,2.8328518984825948,new_lower_rho_same_seed_schedule,False,19,2.61179629085396,0.99675,19935,0.003249999999999975,82.98755186721992,241,1,44,1.150650846640101,False,-0.22105560762863474,False,ok,,0.004550250014290214
9,8,Normal,20000,2,0.1,1,2026108701,2.8328518984825948,new_lower_rho_same_seed_schedule,False,20,2.601596371666987,0.9968,19936,0.0031999999999999806,77.82101167315174,257,1,35,1.1579453686383772,False,-0.23125552681560757,False,ok,,0.004858500033151358
9,8,Normal,20000,2,0.1,1,2026108701,2.8328518984825948,new_lower_rho_same_seed_schedule,False,21,2.584707693897787,0.9969,19938,0.0030999999999999917,71.17437722419929,281,1,42,1.1635743410991897,False,-0.24814420458480768,False,ok,,0.004788916965480894
9,8,Normal,20000,2,0.1,1,2026108701,2.8328518984825948,new_lower_rho_same_seed_schedule,False,22,2.5724462604826765,0.99595,19919,0.004049999999999998,64.93506493506493,308,1,46,1.171350238105906,False,-0.2604056379999182,False,ok,,0.004497417015954852
9,8,Normal,20000,2,0.1,1,2026108701,2.8328518984825948,new_lower_rho_same_seed_schedule,False,23,2.5614307461977597,0.995,19900,0.0050000000000000044,59.880239520958085,334,1,52,1.1756477622717554,False,-0.2714211522848351,False,ok,,0.004513499967288226
9,8,Normal,20000,2,0.1,1,2026108701,2.8328518984825948,new_lower_rho_same_seed_schedule,False,24,2.5472753764279976,0.9947,19894,0.005299999999999971,56.33802816901409,355,1,60,1.1850135249553768,False,-0.28557652205459716,False,ok,,0.004978208977263421
9,8,Normal,20000,2,0.1,1,2026108701,2.8328518984825948,new_lower_rho_same_seed_schedule,False,25,2.532766372055604,0.9952,19904,0.0048000000000000265,53.191489361702125,376,1,59,1.1927490235120977,False,-0.3000855264269906,False,ok,,0.0047235829988494515
9,8,Normal,20000,2,0.1,1,2026108701,2.8328518984825948,new_lower_rho_same_seed_schedule,False,26,2.518382040203952,0.99435,19887,0.005650000000000044,49.382716049382715,405,1,70,1.2010969064524872,False,-0.3144698582786427,False,ok,,0.004623416985850781
9,8,Normal,20000,2,0.1,1,2026108701,2.8328518984825948,new_lower_rho_same_seed_schedule,False,27,2.5020440692897297,0.9942,19884,0.005800000000000027,46.18937644341801,433,1,77,1.206346240678253,False,-0.3308078291928651,False,ok,,0.004694874980486929
9,8,Normal,20000,2,0.1,1,2026108701,2.8328518984825948,new_lower_rho_same_seed_schedule,False,28,2.492993948970187,0.99325,19865,0.006750000000000034,43.47826086956522,460,1,80,1.2107197058188732,False,-0.33985794951240766,False,ok,,0.005048500024713576
9,8,Normal,20000,2,0.1,1,2026108701,2.8328518984825948,new_lower_rho_same_seed_schedule,False,29,2.473552549054171,0.9931,19862,0.006900000000000017,41.23711340206186,485,1,86,1.21987298865655,False,-0.35929934942842356,False,ok,,0.004685332998633385
9,8,Normal,20000,2,0.1,1,2026108701,2.8328518984825948,new_lower_rho_same_seed_schedule,False,30,2.4679014936343866,0.9924,19848,0.007600000000000051,38.91050583657587,514,1,85,1.2262190426258297,False,-0.3649504048482082,False,ok,,0.004709291970357299
9,8,Normal,20000,2,0.1,1,2026108701,2.8328518984825948,new_lower_rho_same_seed_schedule,False,31,2.44786847371582,0.99255,19851,0.007449999999999957,37.105751391465674,539,1,85,1.230751763517335,False,-0.3849834247667747,False,ok,,0.005316041992045939
9,8,Normal,20000,2,0.1,1,2026108701,2.8328518984825948,new_lower_rho_same_seed_schedule,False,32,2.432383082728879,0.9915,19830,0.008499999999999952,34.96503496503497,572,1,103,1.2348070045239856,False,-0.40046881575371573,False,ok,,0.004860499990172684
9,8,Normal,20000,2,0.1,1,2026108701,2.8328518984825948,new_lower_rho_same_seed_schedule,False,33,2.415140671880232,0.9912,19824,0.00880000000000003,33.16749585406302,603,1,116,1.2448195235826702,False,-0.4177112266023628,False,ok,,0.004756582959089428
9,8,Normal,20000,2,0.1,1,2026108701,2.8328518984825948,new_lower_rho_same_seed_schedule,False,34,2.4086125907702187,0.99035,19807,0.009650000000000047,31.39717425431711,637,1,119,1.2465415614198927,False,-0.42423930771237606,False,ok,,0.004763957986142486
9,8,Normal,20000,2,0.1,1,2026108701,2.8328518984825948,new_lower_rho_same_seed_schedule,False,35,2.3894540948915886,0.98965,19793,0.01034999999999997,30.257186081694403,661,1,120,1.2554098138631797,False,-0.4433978035910062,False,ok,,0.005418416985776275
9,8,Normal,20000,2,0.1,1,2026108701,2.8328518984825948,new_lower_rho_same_seed_schedule,False,36,2.3709530961919194,0.9893,19786,0.010700000000000043,28.735632183908045,696,1,132,1.2617629840951625,False,-0.46189880229067537,False,ok,,0.0048582080053165555
9,8,Normal,20000,2,0.1,1,2026108701,2.8328518984825948,new_lower_rho_same_seed_schedule,False,37,2.3603404602358604,0.98865,19773,0.011349999999999971,27.397260273972602,730,1,138,1.2639163701236857,False,-0.47251143824673436,False,ok,,0.005020584037993103
9,8,Normal,20000,2,0.1,1,2026108701,2.8328518984825948,new_lower_rho_same_seed_schedule,False,38,2.345457085659753,0.9882,19764,0.011800000000000033,26.490066225165563,755,1,139,1.2730076457904143,False,-0.4873948128228416,False,ok,,0.0050555000198073685
9,8,Normal,20000,2,0.1,1,2026108701,2.8328518984825948,new_lower_rho_same_seed_schedule,False,39,2.3240522638438077,0.9884,19768,0.011600000000000055,25.220680958385877,793,1,147,1.2802291140527189,False,-0.5087996346387871,False,ok,,0.004997875017579645
9,8,Normal,20000,2,0.1,1,2026108701,2.8328518984825948,new_lower_rho_same_seed_schedule,False,40,2.3100786889795097,0.9867,19734,0.013299999999999979,24.213075060532688,826,1,159,1.284163185964925,False,-0.522773209503085,False,ok,,0.004997249983716756
9,8,Normal,20000,2,0.1,2,2026108702,2.8328518984825948,new_lower_rho_same_seed_schedule,False,1,2.834083071187212,1.0,20000,0.0,20000.0,1,20000,0,1.0217755441866183,False,0.001231172704617034,False,ok,,0.003843583050183952
9,8,Normal,20000,2,0.1,2,2026108702,2.8328518984825948,new_lower_rho_same_seed_schedule,False,2,2.812564601384814,1.0,20000,0.0,5000.0,4,3141,0,1.0340985253547919,False,-0.020287297097780765,False,ok,,0.00427520798984915
9,8,Normal,20000,2,0.1,2,2026108702,2.8328518984825948,new_lower_rho_same_seed_schedule,False,3,2.8011662139730795,1.0,20000,0.0,2222.222222222222,9,59,0,1.0347359771598577,False,-0.031685684509515255,False,ok,,0.004037374979816377
9,8,Normal,20000,2,0.1,2,2026108702,2.8328518984825948,new_lower_rho_same_seed_schedule,False,4,2.79032430002065,1.0,20000,0.0,1250.0,16,3,0,1.042569669010848,False,-0.04252759846194465,False,ok,,0.004417957970872521
9,8,Normal,20000,2,0.1,2,2026108702,2.8328518984825948,new_lower_rho_same_seed_schedule,False,5,2.7802233435854067,0.9999,19998,9.999999999998899e-05,833.3333333333334,24,2,0,1.0497421255680954,False,-0.052628554897188096,False,ok,,0.004696917021647096
9,8,Normal,20000,2,0.1,2,2026108702,2.8328518984825948,new_lower_rho_same_seed_schedule,False,6,2.768654079543213,0.99985,19997,0.00014999999999998348,588.2352941176471,34,1,3,1.057169885853623,False,-0.0641978189393817,False,ok,,0.004096666001714766
9,8,Normal,20000,2,0.1,2,2026108702,2.8328518984825948,new_lower_rho_same_seed_schedule,False,7,2.7580386705128253,0.99985,19997,0.00014999999999998348,454.54545454545456,44,1,2,1.066567740909045,False,-0.07481322796976952,False,ok,,0.004344666958786547
9,8,Normal,20000,2,0.1,2,2026108702,2.8328518984825948,new_lower_rho_same_seed_schedule,False,8,2.7447064871706313,0.99965,19993,0.00034999999999996145,350.87719298245617,57,1,6,1.0738838482952089,False,-0.08814541131196352,False,ok,,0.004572458972688764
9,8,Normal,20000,2,0.1,2,2026108702,2.8328518984825948,new_lower_rho_same_seed_schedule,False,9,2.7310655198762963,0.9997,19994,0.00029999999999996696,289.8550724637681,69,1,4,1.081814677607097,False,-0.10178637860629847,False,ok,,0.004163708013948053
9,8,Normal,20000,2,0.1,2,2026108702,2.8328518984825948,new_lower_rho_same_seed_schedule,False,10,2.7232030573874515,0.9992,19984,0.0008000000000000229,235.2941176470588,85,1,8,1.0880274155250127,False,-0.10964884109514328,False,ok,,0.004282792040612549
9,8,Normal,20000,2,0.1,2,2026108702,2.8328518984825948,new_lower_rho_same_seed_schedule,False,11,2.707489255283418,0.99905,19981,0.0009500000000000064,200.0,100,1,8,1.0978778476182436,False,-0.12536264319917656,False,ok,,0.004674083029385656
9,8,Normal,20000,2,0.1,2,2026108702,2.8328518984825948,new_lower_rho_same_seed_schedule,False,12,2.694655357875294,0.9989,19978,0.0010999999999999899,172.41379310344828,116,1,10,1.1060410085059047,False,-0.1381965406073009,False,ok,,0.004276583029422909
9,8,Normal,20000,2,0.1,2,2026108702,2.8328518984825948,new_lower_rho_same_seed_schedule,False,13,2.6791905456412635,0.99865,19973,0.0013499999999999623,150.37593984962405,133,1,11,1.1133889999022557,False,-0.1536613528413313,False,ok,,0.004508125013671815
9,8,Normal,20000,2,0.1,2,2026108702,2.8328518984825948,new_lower_rho_same_seed_schedule,False,14,2.6726050881733645,0.9983,19966,0.0017000000000000348,132.4503311258278,151,1,13,1.1218196783223997,False,-0.16024681030923027,False,ok,,0.004370959009975195
9,8,Normal,20000,2,0.1,2,2026108702,2.8328518984825948,new_lower_rho_same_seed_schedule,False,15,2.657337423148781,0.9987,19974,0.0012999999999999678,117.6470588235294,170,1,18,1.1297650944789797,False,-0.1755144753338138,False,ok,,0.004652332980185747
9,8,Normal,20000,2,0.1,2,2026108702,2.8328518984825948,new_lower_rho_same_seed_schedule,False,16,2.6471083165574383,0.9979,19958,0.0020999999999999908,104.71204188481676,191,1,19,1.1378702715156903,False,-0.1857435819251565,False,ok,,0.0047032919828779995
9,8,Normal,20000,2,0.1,2,2026108702,2.8328518984825948,new_lower_rho_same_seed_schedule,False,17,2.62923187475314,0.9974,19948,0.0026000000000000467,93.45794392523365,214,1,28,1.1471165682178444,False,-0.20362002372945476,False,ok,,0.004579500004183501
9,8,Normal,20000,2,0.1,2,2026108702,2.8328518984825948,new_lower_rho_same_seed_schedule,False,18,2.6171620635265933,0.997,19940,0.0030000000000000027,84.7457627118644,236,1,29,1.1512131374842105,False,-0.21568983495600147,False,ok,,0.004456666996702552
9,8,Normal,20000,2,0.1,2,2026108702,2.8328518984825948,new_lower_rho_same_seed_schedule,False,19,2.603678435395749,0.99655,19931,0.003449999999999953,76.33587786259542,262,1,43,1.1593789699920602,False,-0.2291734630868456,False,ok,,0.004713583970442414
9,8,Normal,20000,2,0.1,2,2026108702,2.8328518984825948,new_lower_rho_same_seed_schedule,False,20,2.592263293725932,0.997,19940,0.0030000000000000027,71.68458781362007,279,1,37,1.1665005731811509,False,-0.24058860475666277,False,ok,,0.004592832992784679
9,8,Normal,20000,2,0.1,2,2026108702,2.8328518984825948,new_lower_rho_same_seed_schedule,False,21,2.573498605312946,0.9959,19918,0.0040999999999999925,65.14657980456026,307,1,42,1.1735493100340453,False,-0.25935329316964895,False,ok,,0.004498332971706986
9,8,Normal,20000,2,0.1,2,2026108702,2.8328518984825948,new_lower_rho_same_seed_schedule,False,22,2.5580838469104874,0.99565,19913,0.004349999999999965,60.97560975609756,328,1,37,1.1837148590134114,False,-0.2747680515721074,False,ok,,0.004752375010866672
9,8,Normal,20000,2,0.1,2,2026108702,2.8328518984825948,new_lower_rho_same_seed_schedule,False,23,2.5497022638386073,0.9952,19904,0.0048000000000000265,56.17977528089887,356,1,48,1.1893828422091113,False,-0.28314963464398746,False,ok,,0.004593999998178333
9,8,Normal,20000,2,0.1,2,2026108702,2.8328518984825948,new_lower_rho_same_seed_schedule,False,24,2.5350239101921153,0.9946,19892,0.00539999999999996,51.94805194805195,385,1,60,1.1950637293922806,False,-0.2978279882904795,False,ok,,0.004644708998966962
9,8,Normal,20000,2,0.1,2,2026108702,2.8328518984825948,new_lower_rho_same_seed_schedule,False,25,2.5173906354205364,0.99345,19869,0.006549999999999945,48.426150121065376,413,1,59,1.199967250630083,False,-0.31546126306205835,False,ok,,0.0047228749608621
9,8,Normal,20000,2,0.1,2,2026108702,2.8328518984825948,new_lower_rho_same_seed_schedule,False,26,2.502167176851956,0.9942,19884,0.005800000000000027,45.87155963302752,436,1,62,1.2063123529259676,False,-0.33068472163063856,False,ok,,0.004985791980288923
9,8,Normal,20000,2,0.1,2,2026108702,2.8328518984825948,new_lower_rho_same_seed_schedule,False,27,2.4893251995834818,0.9933,19866,0.006700000000000039,42.918454935622314,466,1,70,1.217208433177413,False,-0.343526698899113,False,ok,,0.004800249997060746
9,8,Normal,20000,2,0.1,2,2026108702,2.8328518984825948,new_lower_rho_same_seed_schedule,False,28,2.471296996867723,0.9929,19858,0.007099999999999995,40.65040650406504,492,1,78,1.2232050673012225,False,-0.3615549016148716,False,ok,,0.004754333000164479
9,8,Normal,20000,2,0.1,2,2026108702,2.8328518984825948,new_lower_rho_same_seed_schedule,False,29,2.458884638634252,0.9915,19830,0.008499999999999952,37.59398496240601,532,1,95,1.227772433234649,False,-0.3739672598483428,False,ok,,0.005083208030555397
9,8,Normal,20000,2,0.1,2,2026108702,2.8328518984825948,new_lower_rho_same_seed_schedule,False,30,2.4408975041075394,0.99065,19813,0.00934999999999997,35.52397868561279,563,1,88,1.235332595499575,False,-0.3919543943750554,False,ok,,0.004863791982643306
9,8,Normal,20000,2,0.1,2,2026108702,2.8328518984825948,new_lower_rho_same_seed_schedule,False,31,2.4272798402546147,0.99165,19833,0.008349999999999969,34.18803418803419,585,1,92,1.243890078987731,False,-0.40557205822798004,False,ok,,0.0047967080026865005
9,8,Normal,20000,2,0.1,2,2026108702,2.8328518984825948,new_lower_rho_same_seed_schedule,False,32,2.410710478973346,0.99105,19821,0.008950000000000014,32.25806451612903,620,1,106,1.247174165152664,False,-0.422141419509249,False,ok,,0.004763707984238863
9,8,Normal,20000,2,0.1,2,2026108702,2.8328518984825948,new_lower_rho_same_seed_schedule,False,33,2.3994623999319624,0.98915,19783,0.010850000000000026,30.441400304414003,657,1,119,1.254275118446722,False,-0.43338949855063236,False,ok,,0.004877416999079287
9,8,Normal,20000,2,0.1,2,2026108702,2.8328518984825948,new_lower_rho_same_seed_schedule,False,34,2.3781942305134374,0.9889,19778,0.011099999999999999,29.11208151382824,687,1,123,1.2626619110077892,False,-0.4546576679691574,False,ok,,0.004807249992154539
9,8,Normal,20000,2,0.1,2,2026108702,2.8328518984825948,new_lower_rho_same_seed_schedule,False,35,2.371724158933725,0.9889,19778,0.011099999999999999,27.662517289073307,723,1,133,1.267028789386669,False,-0.46112773954887,False,ok,,0.004805042000953108
9,8,Normal,20000,2,0.1,2,2026108702,2.8328518984825948,new_lower_rho_same_seed_schedule,False,36,2.344384994146289,0.9879,19758,0.0121,26.490066225165563,755,1,138,1.2724786487739652,False,-0.4884669043363057,False,ok,,0.005132749967742711
9,8,Normal,20000,2,0.1,2,2026108702,2.8328518984825948,new_lower_rho_same_seed_schedule,False,37,2.336870450427227,0.9869,19738,0.0131,25.252525252525253,792,1,152,1.2779529441727289,False,-0.4959814480553679,False,ok,,0.005263792001642287
9,8,Normal,20000,2,0.1,2,2026108702,2.8328518984825948,new_lower_rho_same_seed_schedule,False,38,2.3158643592718144,0.9862,19724,0.013800000000000034,24.183796856106408,827,1,158,1.2841078157755772,False,-0.5169875392107803,False,ok,,0.005032624991144985
9,8,Normal,20000,2,0.1,2,2026108702,2.8328518984825948,new_lower_rho_same_seed_schedule,False,39,2.301272768277731,0.98585,19717,0.014149999999999996,23.364485981308412,856,1,152,1.288196696630671,False,-0.5315791302048636,False,ok,,0.004958666977472603
9,8,Normal,20000,2,0.1,2,2026108702,2.8328518984825948,new_lower_rho_same_seed_schedule,False,40,2.2893261698584184,0.9852,19704,0.014800000000000035,22.371364653243848,894,1,171,1.293667361645196,False,-0.5435257286241764,False,ok,,0.005646415986120701
9,8,Normal,20000,2,0.1,3,2026108703,2.8328518984825948,new_lower_rho_same_seed_schedule,False,1,2.8366582895748254,1.0,20000,0.0,20000.0,1,20000,0,1.0229300344003696,False,0.0038063910922305766,False,ok,,0.003804250038228929
9,8,Normal,20000,2,0.1,3,2026108703,2.8328518984825948,new_lower_rho_same_seed_schedule,False,2,2.8127271063141603,1.0,20000,0.0,5000.0,4,3673,0,1.0352955612523138,False,-0.020124792168434436,False,ok,,0.004354874952696264
9,8,Normal,20000,2,0.1,3,2026108703,2.8328518984825948,new_lower_rho_same_seed_schedule,False,3,2.804142323006751,1.0,20000,0.0,2222.222222222222,9,55,0,1.0347860553120651,False,-0.028709575475843963,False,ok,,0.004154207999818027
9,8,Normal,20000,2,0.1,3,2026108703,2.8328518984825948,new_lower_rho_same_seed_schedule,False,4,2.789342834141227,0.99995,19999,4.999999999999449e-05,1250.0,16,1,1,1.0399316169628143,False,-0.04350906434136759,False,ok,,0.004060375038534403
9,8,Normal,20000,2,0.1,3,2026108703,2.8328518984825948,new_lower_rho_same_seed_schedule,False,5,2.780218681965182,0.9999,19998,9.999999999998899e-05,833.3333333333334,24,1,2,1.0477512563743099,False,-0.052633216517412595,False,ok,,0.004121707985177636
9,8,Normal,20000,2,0.1,3,2026108703,2.8328518984825948,new_lower_rho_same_seed_schedule,False,6,2.7695780420649854,0.9998,19996,0.00019999999999997797,606.060606060606,33,2,0,1.0545479044985333,False,-0.06327385641760941,False,ok,,0.004343333013821393
9,8,Normal,20000,2,0.1,3,2026108703,2.8328518984825948,new_lower_rho_same_seed_schedule,False,7,2.75843330303605,0.99955,19991,0.00044999999999995044,454.54545454545456,44,1,5,1.063818474680695,False,-0.07441859544654461,False,ok,,0.0043926669750362635
9,8,Normal,20000,2,0.1,3,2026108703,2.8328518984825948,new_lower_rho_same_seed_schedule,False,8,2.7469250977505486,0.9994,19988,0.0006000000000000449,357.14285714285717,56,1,9,1.067506954190469,False,-0.08592680073204617,False,ok,,0.004196457972284406
9,8,Normal,20000,2,0.1,3,2026108703,2.8328518984825948,new_lower_rho_same_seed_schedule,False,9,2.735807334833719,0.99915,19983,0.0008500000000000174,298.5074626865672,67,1,8,1.0767768412394794,False,-0.09704456364887593,False,ok,,0.004175375041086227
9,8,Normal,20000,2,0.1,3,2026108703,2.8328518984825948,new_lower_rho_same_seed_schedule,False,10,2.7266167054804025,0.9991,19982,0.0009000000000000119,250.0,80,1,13,1.0832495073384352,False,-0.10623519300219231,False,ok,,0.0042848329758271575
9,8,Normal,20000,2,0.1,3,2026108703,2.8328518984825948,new_lower_rho_same_seed_schedule,False,11,2.713613275463787,0.99905,19981,0.0009500000000000064,217.3913043478261,92,1,8,1.0914521418695298,False,-0.11923862301880783,False,ok,,0.004562875023111701
9,8,Normal,20000,2,0.1,3,2026108703,2.8328518984825948,new_lower_rho_same_seed_schedule,False,12,2.701319833294242,0.9985,19970,0.0014999999999999458,181.8181818181818,110,1,14,1.0978926012609487,False,-0.13153206518835292,False,ok,,0.004276374995242804
9,8,Normal,20000,2,0.1,3,2026108703,2.8328518984825948,new_lower_rho_same_seed_schedule,False,13,2.693201372776744,0.99845,19969,0.0015500000000000513,161.29032258064515,124,1,18,1.1065814497814208,False,-0.1396505257058509,False,ok,,0.004217916983179748
9,8,Normal,20000,2,0.1,3,2026108703,2.8328518984825948,new_lower_rho_same_seed_schedule,False,14,2.6766497537735234,0.9983,19966,0.0017000000000000348,142.85714285714286,140,1,17,1.1150808779439283,False,-0.15620214470907134,False,ok,,0.004405332962051034
9,8,Normal,20000,2,0.1,3,2026108703,2.8328518984825948,new_lower_rho_same_seed_schedule,False,15,2.6658014252645432,0.99785,19957,0.0021499999999999853,125.0,160,1,27,1.1206915865109475,False,-0.16705047321805155,False,ok,,0.004376208002213389
9,8,Normal,20000,2,0.1,3,2026108703,2.8328518984825948,new_lower_rho_same_seed_schedule,False,16,2.6504405341288315,0.99775,19955,0.0022499999999999742,113.63636363636364,176,1,21,1.1277784652174865,False,-0.18241136435376326,False,ok,,0.0043423330062069
9,8,Normal,20000,2,0.1,3,2026108703,2.8328518984825948,new_lower_rho_same_seed_schedule,False,17,2.642741261900426,0.9977,19954,0.0022999999999999687,103.09278350515464,194,1,24,1.1355519738305084,False,-0.19011063658216898,False,ok,,0.004372499999590218
9,8,Normal,20000,2,0.1,3,2026108703,2.8328518984825948,new_lower_rho_same_seed_schedule,False,18,2.6244331109689587,0.9975,19950,0.0024999999999999467,93.02325581395348,215,1,31,1.1418046370068429,False,-0.20841878751363607,False,ok,,0.004735333030112088
9,8,Normal,20000,2,0.1,3,2026108703,2.8328518984825948,new_lower_rho_same_seed_schedule,False,19,2.6126399979528525,0.99725,19945,0.00275000000000003,85.47008547008546,234,1,26,1.1521604496947453,False,-0.22021190052974227,False,ok,,0.0045215419959276915
9,8,Normal,20000,2,0.1,3,2026108703,2.8328518984825948,new_lower_rho_same_seed_schedule,False,20,2.5975593826726295,0.99695,19939,0.003049999999999997,77.22007722007721,259,1,41,1.156688502035293,False,-0.23529251580996524,False,ok,,0.004422415979206562
9,8,Normal,20000,2,0.1,3,2026108703,2.8328518984825948,new_lower_rho_same_seed_schedule,False,21,2.5842179067682483,0.9959,19918,0.0040999999999999925,71.42857142857143,280,1,40,1.1652208379867768,False,-0.24863399171434653,False,ok,,0.004646958026569337
9,8,Normal,20000,2,0.1,3,2026108703,2.8328518984825948,new_lower_rho_same_seed_schedule,False,22,2.576712885351466,0.9962,19924,0.0038000000000000256,66.88963210702342,299,1,39,1.1704219411042924,False,-0.25613901313112875,False,ok,,0.004591417033225298
9,8,Normal,20000,2,0.1,3,2026108703,2.8328518984825948,new_lower_rho_same_seed_schedule,False,23,2.559892548416807,0.9958,19916,0.0041999999999999815,61.53846153846154,325,1,51,1.1767878101713516,False,-0.27295935006578764,False,ok,,0.004628124996088445
9,8,Normal,20000,2,0.1,3,2026108703,2.8328518984825948,new_lower_rho_same_seed_schedule,False,24,2.5456941704598717,0.9947,19894,0.005299999999999971,56.33802816901409,355,1,57,1.180354561298883,False,-0.2871577280227231,False,ok,,0.004519124981015921
9,8,Normal,20000,2,0.1,3,2026108703,2.8328518984825948,new_lower_rho_same_seed_schedule,False,25,2.531947476713198,0.99495,19899,0.005049999999999999,53.333333333333336,375,1,59,1.1944880849675619,False,-0.3009044217693968,False,ok,,0.004840250010602176
9,8,Normal,20000,2,0.1,3,2026108703,2.8328518984825948,new_lower_rho_same_seed_schedule,False,26,2.523745858345035,0.99445,19889,0.005550000000000055,50.505050505050505,396,1,57,1.1964893122931641,False,-0.3091060401375598,False,ok,,0.004563333000987768
9,8,Normal,20000,2,0.1,3,2026108703,2.8328518984825948,new_lower_rho_same_seed_schedule,False,27,2.504630276050052,0.99375,19875,0.006249999999999978,46.51162790697674,430,1,80,1.2030586623633057,False,-0.32822162243254294,False,ok,,0.004586916998960078
9,8,Normal,20000,2,0.1,3,2026108703,2.8328518984825948,new_lower_rho_same_seed_schedule,False,28,2.4924137465378564,0.9938,19876,0.006199999999999983,44.44444444444444,450,1,69,1.2111891221707742,False,-0.34043815194473837,False,ok,,0.004523958021309227
9,8,Normal,20000,2,0.1,3,2026108703,2.8328518984825948,new_lower_rho_same_seed_schedule,False,29,2.4703353181540395,0.99295,19859,0.007050000000000001,41.49377593360996,482,1,76,1.217153815113206,False,-0.36251658032855527,False,ok,,0.005064333032350987
9,8,Normal,20000,2,0.1,3,2026108703,2.8328518984825948,new_lower_rho_same_seed_schedule,False,30,2.464193189498647,0.9928,19856,0.007199999999999984,39.29273084479372,509,1,89,1.2237134894979638,False,-0.3686587089839479,False,ok,,0.00481058401055634
9,8,Normal,20000,2,0.1,3,2026108703,2.8328518984825948,new_lower_rho_same_seed_schedule,False,31,2.44507711161542,0.9919,19838,0.008099999999999996,37.3134328358209,536,1,92,1.2314594615920842,False,-0.3877747868671748,False,ok,,0.004743875004351139
9,8,Normal,20000,2,0.1,3,2026108703,2.8328518984825948,new_lower_rho_same_seed_schedule,False,32,2.434457980001229,0.9916,19832,0.008399999999999963,35.52397868561279,563,1,92,1.2358406000165556,False,-0.3983939184813656,False,ok,,0.005086041986942291
9,8,Normal,20000,2,0.1,3,2026108703,2.8328518984825948,new_lower_rho_same_seed_schedule,False,33,2.419590468044464,0.9906,19812,0.009399999999999964,33.78378378378378,592,1,95,1.238467984987807,False,-0.4132614304381308,False,ok,,0.004775957961101085
9,8,Normal,20000,2,0.1,3,2026108703,2.8328518984825948,new_lower_rho_same_seed_schedule,False,34,2.406040464508718,0.99005,19801,0.009950000000000014,32.0,625,1,114,1.2482122174534072,False,-0.42681143397387666,False,ok,,0.004774499975610524
9,8,Normal,20000,2,0.1,3,2026108703,2.8328518984825948,new_lower_rho_same_seed_schedule,False,35,2.3870217762682078,0.9909,19818,0.009099999999999997,30.959752321981423,646,1,106,1.2561211184172822,False,-0.445830122214387,False,ok,,0.004842207999899983
9,8,Normal,20000,2,0.1,3,2026108703,2.8328518984825948,new_lower_rho_same_seed_schedule,False,36,2.3723856531753196,0.9887,19774,0.011299999999999977,29.027576197387518,689,1,123,1.258858011858047,False,-0.4604662453072752,False,ok,,0.005023458041250706
9,8,Normal,20000,2,0.1,3,2026108703,2.8328518984825948,new_lower_rho_same_seed_schedule,False,37,2.3562192765164722,0.98805,19761,0.011950000000000016,27.77777777777778,720,1,134,1.2645949793662037,False,-0.47663262196612255,False,ok,,0.004903041000943631
9,8,Normal,20000,2,0.1,3,2026108703,2.8328518984825948,new_lower_rho_same_seed_schedule,False,38,2.3388204834215767,0.9885,19770,0.011499999999999955,26.666666666666668,750,1,139,1.272677397322224,False,-0.4940314150610181,False,ok,,0.0049888750072568655
9,8,Normal,20000,2,0.1,3,2026108703,2.8328518984825948,new_lower_rho_same_seed_schedule,False,39,2.3294835243721024,0.9877,19754,0.012299999999999978,25.74002574002574,777,1,135,1.276612941028984,False,-0.5033683741104924,False,ok,,0.005381458031479269
9,8,Normal,20000,2,0.1,3,2026108703,2.8328518984825948,new_lower_rho_same_seed_schedule,False,40,2.317600581383669,0.98725,19745,0.012750000000000039,24.691358024691358,810,1,143,1.281567844404741,False,-0.5152513170989259,False,ok,,0.005107334000058472
9,8,Normal,20000,2,0.1,4,2026108704,2.8328518984825948,new_lower_rho_same_seed_schedule,False,1,2.8490363439472044,1.0,20000,0.0,20000.0,1,20000,0,1.0226018505606091,False,0.01618444546460962,False,ok,,0.0039656670414842665
9,8,Normal,20000,2,0.1,4,2026108704,2.8328518984825948,new_lower_rho_same_seed_schedule,False,2,2.8256711731736717,1.0,20000,0.0,5000.0,4,3761,0,1.035326718193207,False,-0.007180725308923108,False,ok,,0.004017458995804191
9,8,Normal,20000,2,0.1,4,2026108704,2.8328518984825948,new_lower_rho_same_seed_schedule,False,3,2.8141036829152584,1.0,20000,0.0,2222.222222222222,9,116,0,1.0364256653988628,False,-0.018748215567336413,False,ok,,0.0039606670034118
9,8,Normal,20000,2,0.1,4,2026108704,2.8328518984825948,new_lower_rho_same_seed_schedule,False,4,2.8016519936896156,1.0,20000,0.0,1250.0,16,3,0,1.0426756040462934,False,-0.031199904792979183,False,ok,,0.003929166996385902
9,8,Normal,20000,2,0.1,4,2026108704,2.8328518984825948,new_lower_rho_same_seed_schedule,False,5,2.790621980416293,0.9998,19996,0.00019999999999997797,833.3333333333334,24,2,0,1.0500160834911538,False,-0.04222991806630194,False,ok,,0.004241042013745755
9,8,Normal,20000,2,0.1,4,2026108704,2.8328518984825948,new_lower_rho_same_seed_schedule,False,6,2.7809956485800424,0.99995,19999,4.999999999999449e-05,625.0,32,2,0,1.0579073484898356,False,-0.05185624990255233,False,ok,,0.004549124976620078
9,8,Normal,20000,2,0.1,4,2026108704,2.8328518984825948,new_lower_rho_same_seed_schedule,False,7,2.7691812952986803,0.99985,19997,0.00014999999999998348,465.1162790697674,43,1,1,1.0647791419609711,False,-0.06367060318391449,False,ok,,0.004251417005434632
9,8,Normal,20000,2,0.1,4,2026108704,2.8328518984825948,new_lower_rho_same_seed_schedule,False,8,2.75715656789105,0.99965,19993,0.00034999999999996145,363.6363636363636,55,1,3,1.0737772989492076,False,-0.07569533059154487,False,ok,,0.004227917001117021
9,8,Normal,20000,2,0.1,4,2026108704,2.8328518984825948,new_lower_rho_same_seed_schedule,False,9,2.7469880552785066,0.99935,19987,0.0006500000000000394,298.5074626865672,67,1,4,1.0808906872383872,False,-0.08586384320408813,False,ok,,0.004209875012747943
9,8,Normal,20000,2,0.1,4,2026108704,2.8328518984825948,new_lower_rho_same_seed_schedule,False,10,2.7323596738769473,0.99925,19985,0.0007500000000000284,246.91358024691357,81,1,3,1.0891615422111232,False,-0.10049222460564744,False,ok,,0.004590999975334853
9,8,Normal,20000,2,0.1,4,2026108704,2.8328518984825948,new_lower_rho_same_seed_schedule,False,11,2.7211217833521384,0.99915,19983,0.0008500000000000174,212.7659574468085,94,1,7,1.0967383749807806,False,-0.11173011513045639,False,ok,,0.00425558298593387
9,8,Normal,20000,2,0.1,4,2026108704,2.8328518984825948,new_lower_rho_same_seed_schedule,False,12,2.7095334336181804,0.9991,19982,0.0009000000000000119,181.8181818181818,110,1,16,1.104451038868203,False,-0.12331846486441433,False,ok,,0.004222124989610165
9,8,Normal,20000,2,0.1,4,2026108704,2.8328518984825948,new_lower_rho_same_seed_schedule,False,13,2.6957646660482957,0.99885,19977,0.0011499999999999844,158.73015873015873,126,1,14,1.1130273639650077,False,-0.1370872324342991,False,ok,,0.0045722920331172645
9,8,Normal,20000,2,0.1,4,2026108704,2.8328518984825948,new_lower_rho_same_seed_schedule,False,14,2.682595748408147,0.99855,19971,0.0014499999999999513,139.86013986013987,143,1,15,1.119440626114088,False,-0.1502561500744477,False,ok,,0.004410166991874576
9,8,Normal,20000,2,0.1,4,2026108704,2.8328518984825948,new_lower_rho_same_seed_schedule,False,15,2.669663248379139,0.99825,19965,0.0017500000000000293,123.45679012345678,162,1,18,1.12764554520275,False,-0.16318865010345585,False,ok,,0.004403083003126085
9,8,Normal,20000,2,0.1,4,2026108704,2.8328518984825948,new_lower_rho_same_seed_schedule,False,16,2.6571871388417683,0.998,19960,0.0020000000000000018,109.89010989010988,182,1,21,1.1339775115258968,False,-0.1756647596408265,False,ok,,0.004313874989748001
9,8,Normal,20000,2,0.1,4,2026108704,2.8328518984825948,new_lower_rho_same_seed_schedule,False,17,2.645353704834049,0.9972,19944,0.0028000000000000247,98.52216748768473,203,1,26,1.1414399900451175,False,-0.1874981936485458,False,ok,,0.004528583958745003
9,8,Normal,20000,2,0.1,4,2026108704,2.8328518984825948,new_lower_rho_same_seed_schedule,False,18,2.6303112911642232,0.9977,19954,0.0022999999999999687,90.09009009009009,222,1,29,1.1493926670780679,False,-0.20254060731837153,False,ok,,0.004447499988600612
9,8,Normal,20000,2,0.1,4,2026108704,2.8328518984825948,new_lower_rho_same_seed_schedule,False,19,2.615241680306528,0.9974,19948,0.0026000000000000467,80.97165991902834,247,1,36,1.1582246655737958,False,-0.21761021817606663,False,ok,,0.004433459020219743
9,8,Normal,20000,2,0.1,4,2026108704,2.8328518984825948,new_lower_rho_same_seed_schedule,False,20,2.6020360881436826,0.99645,19929,0.003550000000000053,74.34944237918215,269,1,34,1.1631808892124014,False,-0.2308158103389122,False,ok,,0.0044173329952172935
9,8,Normal,20000,2,0.1,4,2026108704,2.8328518984825948,new_lower_rho_same_seed_schedule,False,21,2.5886512334722935,0.99625,19925,0.003750000000000031,68.96551724137932,290,1,36,1.1713760644049083,False,-0.24420066501030124,False,ok,,0.005145457980688661
9,8,Normal,20000,2,0.1,4,2026108704,2.8328518984825948,new_lower_rho_same_seed_schedule,False,22,2.5711923531755696,0.9957,19914,0.0042999999999999705,62.69592476489028,319,1,50,1.1784894114603846,False,-0.2616595453070252,False,ok,,0.004582041990943253
9,8,Normal,20000,2,0.1,4,2026108704,2.8328518984825948,new_lower_rho_same_seed_schedule,False,23,2.560599847790586,0.9961,19922,0.0039000000000000146,58.47953216374269,342,1,55,1.1878920383506193,False,-0.27225205069200875,False,ok,,0.004526207980234176
9,8,Normal,20000,2,0.1,4,2026108704,2.8328518984825948,new_lower_rho_same_seed_schedule,False,24,2.5463343387783217,0.99535,19907,0.004650000000000043,54.94505494505494,364,1,57,1.1936196754782393,False,-0.28651755970427306,False,ok,,0.004873082973062992
9,8,Normal,20000,2,0.1,4,2026108704,2.8328518984825948,new_lower_rho_same_seed_schedule,False,25,2.5324771582399226,0.995,19900,0.0050000000000000044,50.76142131979695,394,1,61,1.200055735560258,False,-0.3003747402426722,False,ok,,0.004694667004514486
9,8,Normal,20000,2,0.1,4,2026108704,2.8328518984825948,new_lower_rho_same_seed_schedule,False,26,2.514308979278348,0.9953,19906,0.0047000000000000375,48.07692307692308,416,1,59,1.2090046643917316,False,-0.3185429192042468,False,ok,,0.004590333031956106
9,8,Normal,20000,2,0.1,4,2026108704,2.8328518984825948,new_lower_rho_same_seed_schedule,False,27,2.5034964012452896,0.9945,19890,0.005499999999999949,45.35147392290249,441,1,62,1.2157428834604538,False,-0.3293554972373052,False,ok,,0.004656000004615635
9,8,Normal,20000,2,0.1,4,2026108704,2.8328518984825948,new_lower_rho_same_seed_schedule,False,28,2.4870166326093193,0.9937,19874,0.006299999999999972,42.3728813559322,472,1,69,1.219598972586591,False,-0.3458352658732755,False,ok,,0.005208415968809277
9,8,Normal,20000,2,0.1,4,2026108704,2.8328518984825948,new_lower_rho_same_seed_schedule,False,29,2.4726164187018886,0.99385,19877,0.006149999999999989,40.08016032064128,499,1,68,1.2276826781616197,False,-0.36023547978070614,False,ok,,0.00478908303193748
9,8,Normal,20000,2,0.1,4,2026108704,2.8328518984825948,new_lower_rho_same_seed_schedule,False,30,2.4618412309319746,0.9929,19858,0.007099999999999995,37.38317757009346,535,1,90,1.2340795500604311,False,-0.3710106675506202,False,ok,,0.004769208957441151
9,8,Normal,20000,2,0.1,4,2026108704,2.8328518984825948,new_lower_rho_same_seed_schedule,False,31,2.442868438208662,0.99245,19849,0.007549999999999946,35.587188612099645,562,1,84,1.2417134955052531,False,-0.3899834602739327,False,ok,,0.0050489159766584635
9,8,Normal,20000,2,0.1,4,2026108704,2.8328518984825948,new_lower_rho_same_seed_schedule,False,32,2.4267537159828496,0.9907,19814,0.009299999999999975,33.840947546531304,591,1,87,1.2459454852989145,False,-0.40609818249974516,False,ok,,0.004922959022223949
9,8,Normal,20000,2,0.1,4,2026108704,2.8328518984825948,new_lower_rho_same_seed_schedule,False,33,2.4100395734355886,0.9912,19824,0.00880000000000003,32.05128205128205,624,1,101,1.2540241010189592,False,-0.42281232504700617,False,ok,,0.0047559579834342
9,8,Normal,20000,2,0.1,4,2026108704,2.8328518984825948,new_lower_rho_same_seed_schedule,False,34,2.3968398529418424,0.991,19820,0.009000000000000008,30.48780487804878,656,1,112,1.2603635355710876,False,-0.43601204554075235,False,ok,,0.004942084022331983
9,8,Normal,20000,2,0.1,4,2026108704,2.8328518984825948,new_lower_rho_same_seed_schedule,False,35,2.383161576060981,0.99055,19811,0.009449999999999958,28.985507246376812,690,1,113,1.2657252512550057,False,-0.4496903224216138,False,ok,,0.0048812500317581
9,8,Normal,20000,2,0.1,4,2026108704,2.8328518984825948,new_lower_rho_same_seed_schedule,False,36,2.3706571998773285,0.98885,19777,0.011149999999999993,27.700831024930746,722,1,114,1.271667231361081,False,-0.4621946986052663,False,ok,,0.004805959004443139
9,8,Normal,20000,2,0.1,4,2026108704,2.8328518984825948,new_lower_rho_same_seed_schedule,False,37,2.35371306259411,0.98815,19763,0.011850000000000027,26.455026455026456,756,1,125,1.2753639383726731,False,-0.47913883588848494,False,ok,,0.004813291016034782
9,8,Normal,20000,2,0.1,4,2026108704,2.8328518984825948,new_lower_rho_same_seed_schedule,False,38,2.337263533529534,0.988,19760,0.01200000000000001,25.60819462227913,781,1,113,1.2836974479291459,False,-0.4955883649530608,False,ok,,0.005097542016301304
9,8,Normal,20000,2,0.1,4,2026108704,2.8328518984825948,new_lower_rho_same_seed_schedule,False,39,2.321878831208376,0.98745,19749,0.01254999999999995,24.479804161566708,817,1,129,1.2903597396277715,False,-0.510973067274219,False,ok,,0.005087791010737419
9,8,Normal,20000,2,0.1,4,2026108704,2.8328518984825948,new_lower_rho_same_seed_schedule,False,40,2.3039929337301004,0.9872,19744,0.012800000000000034,23.529411764705884,850,1,134,1.2994044763223223,False,-0.5288589647524944,False,ok,,0.004966333042830229
9,8,Normal,20000,2,0.1,5,2026108705,2.8328518984825948,new_lower_rho_same_seed_schedule,False,1,2.837198787554142,1.0,20000,0.0,20000.0,1,20000,0,1.0228456496084206,False,0.004346889071547011,False,ok,,0.0041342079639434814
9,8,Normal,20000,2,0.1,5,2026108705,2.8328518984825948,new_lower_rho_same_seed_schedule,False,2,2.814845418757143,1.0,20000,0.0,5000.0,4,3093,0,1.0353231777851541,False,-0.018006479725451996,False,ok,,0.004378208017442375
9,8,Normal,20000,2,0.1,5,2026108705,2.8328518984825948,new_lower_rho_same_seed_schedule,False,3,2.8029593208938475,1.0,20000,0.0,2222.222222222222,9,37,0,1.0347093488628365,False,-0.029892577588747304,False,ok,,0.004024875001050532
9,8,Normal,20000,2,0.1,5,2026108705,2.8328518984825948,new_lower_rho_same_seed_schedule,False,4,2.790916347311881,0.99995,19999,4.999999999999449e-05,1250.0,16,1,1,1.039832973235235,False,-0.04193555117071357,False,ok,,0.0042866250150837
9,8,Normal,20000,2,0.1,5,2026108705,2.8328518984825948,new_lower_rho_same_seed_schedule,False,5,2.7810374274109617,0.9998,19996,0.00019999999999997797,869.5652173913044,23,1,1,1.0478895616024353,False,-0.05181447107163306,False,ok,,0.004511416016612202
9,8,Normal,20000,2,0.1,5,2026108705,2.8328518984825948,new_lower_rho_same_seed_schedule,False,6,2.772764064395728,0.99995,19999,4.999999999999449e-05,645.1612903225806,31,1,1,1.054633065348789,False,-0.06008783408686691,False,ok,,0.003952457976993173
9,8,Normal,20000,2,0.1,5,2026108705,2.8328518984825948,new_lower_rho_same_seed_schedule,False,7,2.759999975287698,0.99955,19991,0.00044999999999995044,465.1162790697674,43,1,3,1.0628380112860079,False,-0.07285192319489697,False,ok,,0.00431445799767971
9,8,Normal,20000,2,0.1,5,2026108705,2.8328518984825948,new_lower_rho_same_seed_schedule,False,8,2.749446740986143,0.99965,19993,0.00034999999999996145,392.15686274509807,51,1,4,1.0691840115562337,False,-0.08340515749645183,False,ok,,0.0041371670085936785
9,8,Normal,20000,2,0.1,5,2026108705,2.8328518984825948,new_lower_rho_same_seed_schedule,False,9,2.7392740275454326,0.9994,19988,0.0006000000000000449,312.5,64,1,5,1.0765281005648644,False,-0.09357787093716219,False,ok,,0.004352208983618766
9,8,Normal,20000,2,0.1,5,2026108705,2.8328518984825948,new_lower_rho_same_seed_schedule,False,10,2.727995708734823,0.99935,19987,0.0006500000000000394,263.1578947368421,76,1,7,1.0847217335999604,False,-0.10485618974777156,False,ok,,0.004325125017203391
9,8,Normal,20000,2,0.1,5,2026108705,2.8328518984825948,new_lower_rho_same_seed_schedule,False,11,2.7161972802443506,0.99885,19977,0.0011499999999999844,219.78021978021977,91,1,9,1.0893554426457965,False,-0.11665461823824419,False,ok,,0.004363915999419987
9,8,Normal,20000,2,0.1,5,2026108705,2.8328518984825948,new_lower_rho_same_seed_schedule,False,12,2.705885922312067,0.9989,19978,0.0010999999999999899,186.9158878504673,107,1,13,1.099858181941476,False,-0.12696597617052774,False,ok,,0.004594041965901852
9,8,Normal,20000,2,0.1,5,2026108705,2.8328518984825948,new_lower_rho_same_seed_schedule,False,13,2.6905007915773314,0.99835,19967,0.0016500000000000403,160.0,125,1,19,1.1070361713415542,False,-0.14235110690526342,False,ok,,0.004380541970022023
9,8,Normal,20000,2,0.1,5,2026108705,2.8328518984825948,new_lower_rho_same_seed_schedule,False,14,2.6809518469086515,0.99805,19961,0.0019500000000000073,144.92753623188406,138,1,18,1.1132429896389553,False,-0.15190005157394326,False,ok,,0.004402625025250018
9,8,Normal,20000,2,0.1,5,2026108705,2.8328518984825948,new_lower_rho_same_seed_schedule,False,15,2.667297350549194,0.998,19960,0.0020000000000000018,129.03225806451613,155,1,23,1.1211100480827947,False,-0.16555454793340063,False,ok,,0.00432591704884544
9,8,Normal,20000,2,0.1,5,2026108705,2.8328518984825948,new_lower_rho_same_seed_schedule,False,16,2.6566298786666707,0.99745,19949,0.0025500000000000522,114.28571428571429,175,1,23,1.1252440266798318,False,-0.1762220198159241,False,ok,,0.004790000035427511
9,8,Normal,20000,2,0.1,5,2026108705,2.8328518984825948,new_lower_rho_same_seed_schedule,False,17,2.643127435829,0.99725,19945,0.00275000000000003,102.56410256410257,195,1,28,1.1355854498725786,False,-0.189724462653595,False,ok,,0.0044075419427827
9,8,Normal,20000,2,0.1,5,2026108705,2.8328518984825948,new_lower_rho_same_seed_schedule,False,18,2.628085536965127,0.99665,19933,0.003349999999999964,95.69377990430623,209,1,28,1.140339999208179,False,-0.20476636151746774,False,ok,,0.004322041990235448
9,8,Normal,20000,2,0.1,5,2026108705,2.8328518984825948,new_lower_rho_same_seed_schedule,False,19,2.6194229826431705,0.9968,19936,0.0031999999999999806,85.1063829787234,235,1,43,1.1452315636482995,False,-0.21342891583942425,False,ok,,0.004309749987442046
9,8,Normal,20000,2,0.1,5,2026108705,2.8328518984825948,new_lower_rho_same_seed_schedule,False,20,2.611083287089185,0.9964,19928,0.0036000000000000476,78.74015748031496,254,1,42,1.155010910154056,False,-0.22176861139340964,False,ok,,0.004574000020511448
9,8,Normal,20000,2,0.1,5,2026108705,2.8328518984825948,new_lower_rho_same_seed_schedule,False,21,2.5940435122866052,0.99585,19917,0.004149999999999987,72.46376811594203,276,1,51,1.1628175896561725,False,-0.23880838619598954,False,ok,,0.004421624995302409
9,8,Normal,20000,2,0.1,5,2026108705,2.8328518984825948,new_lower_rho_same_seed_schedule,False,22,2.5804404110907457,0.9951,19902,0.0049000000000000155,67.56756756756756,296,1,51,1.1655334308830518,False,-0.25241148739184904,False,ok,,0.004484332981519401
9,8,Normal,20000,2,0.1,5,2026108705,2.8328518984825948,new_lower_rho_same_seed_schedule,False,23,2.566833112172881,0.99545,19909,0.004550000000000054,62.5,320,1,53,1.17545862379087,False,-0.26601878630971365,False,ok,,0.004929416987579316
9,8,Normal,20000,2,0.1,5,2026108705,2.8328518984825948,new_lower_rho_same_seed_schedule,False,24,2.55658445406646,0.9948,19896,0.005199999999999982,58.47953216374269,342,1,57,1.1805036192215455,False,-0.2762674444161348,False,ok,,0.004576665989588946
9,8,Normal,20000,2,0.1,5,2026108705,2.8328518984825948,new_lower_rho_same_seed_schedule,False,25,2.5380559220624437,0.9947,19894,0.005299999999999971,54.054054054054056,370,1,70,1.189165301149982,False,-0.2947959764201511,False,ok,,0.0046670419978909194
9,8,Normal,20000,2,0.1,5,2026108705,2.8328518984825948,new_lower_rho_same_seed_schedule,False,26,2.5279847929331263,0.99375,19875,0.006249999999999978,50.63291139240506,395,1,73,1.1944343831611648,False,-0.3048671055494685,False,ok,,0.00456512498203665
9,8,Normal,20000,2,0.1,5,2026108705,2.8328518984825948,new_lower_rho_same_seed_schedule,False,27,2.5140931931113646,0.9941,19882,0.005900000000000016,47.7326968973747,419,1,85,1.201452469955988,False,-0.3187587053712302,False,ok,,0.0048078339896164834
9,8,Normal,20000,2,0.1,5,2026108705,2.8328518984825948,new_lower_rho_same_seed_schedule,False,28,2.499493362896921,0.9938,19876,0.006199999999999983,45.558086560364465,439,1,76,1.2082908881376684,False,-0.33335853558567363,False,ok,,0.004677999997511506
9,8,Normal,20000,2,0.1,5,2026108705,2.8328518984825948,new_lower_rho_same_seed_schedule,False,29,2.48907500980499,0.99345,19869,0.006549999999999945,43.29004329004329,462,1,86,1.2127202249031452,False,-0.3437768886776049,False,ok,,0.004685249994508922
9,8,Normal,20000,2,0.1,5,2026108705,2.8328518984825948,new_lower_rho_same_seed_schedule,False,30,2.473223191824615,0.9934,19868,0.00660000000000005,40.73319755600814,491,1,87,1.2223746964426938,False,-0.35962870665797997,False,ok,,0.00494454096769914
9,8,Normal,20000,2,0.1,5,2026108705,2.8328518984825948,new_lower_rho_same_seed_schedule,False,31,2.4657931501828125,0.9924,19848,0.007600000000000051,38.095238095238095,525,1,102,1.227985329502623,False,-0.36705874829978224,False,ok,,0.00470774999121204
9,8,Normal,20000,2,0.1,5,2026108705,2.8328518984825948,new_lower_rho_same_seed_schedule,False,32,2.4521447296619625,0.99225,19845,0.007750000000000035,36.96857670979667,541,1,96,1.232737457645568,False,-0.38070716882063227,False,ok,,0.004770457977429032
9,8,Normal,20000,2,0.1,5,2026108705,2.8328518984825948,new_lower_rho_same_seed_schedule,False,33,2.431119796106305,0.99115,19823,0.008850000000000025,34.72222222222222,576,1,107,1.2376611578206793,False,-0.40173210237628965,False,ok,,0.004847540985792875
9,8,Normal,20000,2,0.1,5,2026108705,2.8328518984825948,new_lower_rho_same_seed_schedule,False,34,2.4182189009553334,0.99075,19815,0.00924999999999998,32.78688524590164,610,1,121,1.2449396645463677,False,-0.41463299752726135,False,ok,,0.005031749955378473
9,8,Normal,20000,2,0.1,5,2026108705,2.8328518984825948,new_lower_rho_same_seed_schedule,False,35,2.3978004482362487,0.991,19820,0.009000000000000008,31.645569620253166,632,1,111,1.2515358789224176,False,-0.43505145024634606,False,ok,,0.004876790975686163
9,8,Normal,20000,2,0.1,5,2026108705,2.8328518984825948,new_lower_rho_same_seed_schedule,False,36,2.393230955642783,0.9894,19788,0.010600000000000054,29.895366218236173,669,1,128,1.2557978066049806,False,-0.4396209428398117,False,ok,,0.004714332986623049
9,8,Normal,20000,2,0.1,5,2026108705,2.8328518984825948,new_lower_rho_same_seed_schedule,False,37,2.375020540910362,0.9897,19794,0.010299999999999976,28.776978417266186,695,1,133,1.2632009804902173,False,-0.4578313575722328,False,ok,,0.005135959014296532
9,8,Normal,20000,2,0.1,5,2026108705,2.8328518984825948,new_lower_rho_same_seed_schedule,False,38,2.3611318265771084,0.9889,19778,0.011099999999999999,27.662517289073307,723,1,138,1.2660708818691855,False,-0.47172007190548637,False,ok,,0.004982125014066696
9,8,Normal,20000,2,0.1,5,2026108705,2.8328518984825948,new_lower_rho_same_seed_schedule,False,39,2.335963544703817,0.98825,19765,0.011750000000000038,26.246719160104988,762,1,154,1.273790029708155,False,-0.4968883537787776,False,ok,,0.00491245900047943
9,8,Normal,20000,2,0.1,5,2026108705,2.8328518984825948,new_lower_rho_same_seed_schedule,False,40,2.334853626514124,0.98785,19757,0.012149999999999994,25.34854245880862,789,1,149,1.2816857163003395,False,-0.4979982719684708,False,ok,,0.004899916995782405
9,8,Normal,20000,2,0.1,6,2026108706,2.8328518984825948,new_lower_rho_same_seed_schedule,False,1,2.8329800297139944,1.0,20000,0.0,20000.0,1,20000,0,1.021757308043334,False,0.000128131231399653,False,ok,,0.003856999974232167
9,8,Normal,20000,2,0.1,6,2026108706,2.8328518984825948,new_lower_rho_same_seed_schedule,False,2,2.8123532013401698,1.0,20000,0.0,5000.0,4,4394,0,1.0353089300818958,False,-0.020498697142425026,False,ok,,0.004014250007458031
9,8,Normal,20000,2,0.1,6,2026108706,2.8328518984825948,new_lower_rho_same_seed_schedule,False,3,2.8009584800249083,1.0,20000,0.0,2222.222222222222,9,120,0,1.0357960141905838,False,-0.03189341845768645,False,ok,,0.004168500017840415
9,8,Normal,20000,2,0.1,6,2026108706,2.8328518984825948,new_lower_rho_same_seed_schedule,False,4,2.7875388110908372,1.0,20000,0.0,1250.0,16,6,0,1.0422784171997803,False,-0.045313087391757545,False,ok,,0.0038680830039083958
9,8,Normal,20000,2,0.1,6,2026108706,2.8328518984825948,new_lower_rho_same_seed_schedule,False,5,2.7788572255674686,0.99995,19999,4.999999999999449e-05,833.3333333333334,24,1,1,1.0500212593538198,False,-0.05399467291512616,False,ok,,0.0042696669697761536
9,8,Normal,20000,2,0.1,6,2026108706,2.8328518984825948,new_lower_rho_same_seed_schedule,False,6,2.767716792628811,0.99985,19997,0.00014999999999998348,571.4285714285714,35,1,3,1.0585832784086213,False,-0.06513510585378368,False,ok,,0.004258957982528955
9,8,Normal,20000,2,0.1,6,2026108706,2.8328518984825948,new_lower_rho_same_seed_schedule,False,7,2.7572466143179684,0.99985,19997,0.00014999999999998348,454.54545454545456,44,1,3,1.0657757882941727,False,-0.07560528416462642,False,ok,,0.004043040971737355
9,8,Normal,20000,2,0.1,6,2026108706,2.8328518984825948,new_lower_rho_same_seed_schedule,False,8,2.744016917756093,0.9997,19994,0.00029999999999996696,350.87719298245617,57,1,2,1.0733349691082492,False,-0.08883498072650164,False,ok,,0.00473712501116097
9,8,Normal,20000,2,0.1,6,2026108706,2.8328518984825948,new_lower_rho_same_seed_schedule,False,9,2.73257835235797,0.9995,19990,0.0004999999999999449,281.6901408450704,71,1,5,1.0820418299761705,False,-0.10027354612462469,False,ok,,0.004233249987009913
9,8,Normal,20000,2,0.1,6,2026108706,2.8328518984825948,new_lower_rho_same_seed_schedule,False,10,2.72151946208887,0.9991,19982,0.0009000000000000119,232.5581395348837,86,1,10,1.0898186746006253,False,-0.1113324363937247,False,ok,,0.004346166970208287
9,8,Normal,20000,2,0.1,6,2026108706,2.8328518984825948,new_lower_rho_same_seed_schedule,False,11,2.7097981639493747,0.99905,19981,0.0009500000000000064,200.0,100,1,14,1.0970164998952672,False,-0.1230537345332201,False,ok,,0.00476291700033471
9,8,Normal,20000,2,0.1,6,2026108706,2.8328518984825948,new_lower_rho_same_seed_schedule,False,12,2.698837573843413,0.99885,19977,0.0011499999999999844,175.43859649122808,114,1,11,1.1049706805952755,False,-0.13401432463918184,False,ok,,0.004380375030450523
9,8,Normal,20000,2,0.1,6,2026108706,2.8328518984825948,new_lower_rho_same_seed_schedule,False,13,2.6843052952281226,0.99835,19967,0.0016500000000000403,147.05882352941177,136,1,19,1.1121962302982105,False,-0.14854660325447222,False,ok,,0.004449667001608759
9,8,Normal,20000,2,0.1,6,2026108706,2.8328518984825948,new_lower_rho_same_seed_schedule,False,14,2.6741303373957366,0.99855,19971,0.0014499999999999513,133.33333333333334,150,1,14,1.1200734654389923,False,-0.1587215610868582,False,ok,,0.004433333000633866
9,8,Normal,20000,2,0.1,6,2026108706,2.8328518984825948,new_lower_rho_same_seed_schedule,False,15,2.656601208724669,0.99815,19963,0.0018500000000000183,116.95906432748538,171,1,19,1.128651064202207,False,-0.1762506897579259,False,ok,,0.0048208339721895754
9,8,Normal,20000,2,0.1,6,2026108706,2.8328518984825948,new_lower_rho_same_seed_schedule,False,16,2.644924263137907,0.99755,19951,0.002449999999999952,103.62694300518135,193,1,23,1.1375786734393092,False,-0.1879276353446877,False,ok,,0.004405292042065412
9,8,Normal,20000,2,0.1,6,2026108706,2.8328518984825948,new_lower_rho_same_seed_schedule,False,17,2.6344256982456855,0.99735,19947,0.002650000000000041,93.89671361502347,213,1,28,1.1425544268904417,False,-0.19842620023690927,False,ok,,0.004329583025537431
9,8,Normal,20000,2,0.1,6,2026108706,2.8328518984825948,new_lower_rho_same_seed_schedule,False,18,2.6163309924665894,0.9966,19932,0.0033999999999999586,84.03361344537815,238,1,32,1.1489893747335842,False,-0.21652090601600538,False,ok,,0.004496291978284717
9,8,Normal,20000,2,0.1,6,2026108706,2.8328518984825948,new_lower_rho_same_seed_schedule,False,19,2.6023477153507106,0.9962,19924,0.0038000000000000256,77.22007722007721,259,1,38,1.1583039285783627,False,-0.23050418313188414,False,ok,,0.004544541996438056
9,8,Normal,20000,2,0.1,6,2026108706,2.8328518984825948,new_lower_rho_same_seed_schedule,False,20,2.587232017411419,0.9959,19918,0.0040999999999999925,70.92198581560284,282,1,41,1.1632317351941315,False,-0.2456198810711756,False,ok,,0.0046222080127336085
9,8,Normal,20000,2,0.1,6,2026108706,2.8328518984825948,new_lower_rho_same_seed_schedule,False,21,2.5809510586138344,0.9963,19926,0.0037000000000000366,65.359477124183,306,1,45,1.170462022638073,False,-0.25190083986876033,False,ok,,0.004490750026889145
9,8,Normal,20000,2,0.1,6,2026108706,2.8328518984825948,new_lower_rho_same_seed_schedule,False,22,2.5644584661847287,0.9951,19902,0.0049000000000000155,60.60606060606061,330,1,51,1.178742980036575,False,-0.26839343229786605,False,ok,,0.004784375021699816
9,8,Normal,20000,2,0.1,6,2026108706,2.8328518984825948,new_lower_rho_same_seed_schedule,False,23,2.5509428641880243,0.9955,19910,0.0044999999999999485,56.98005698005698,351,1,51,1.185912473150243,False,-0.2819090342945705,False,ok,,0.004766375001054257
9,8,Normal,20000,2,0.1,6,2026108706,2.8328518984825948,new_lower_rho_same_seed_schedule,False,24,2.533500064293813,0.9949,19898,0.005099999999999993,52.63157894736842,380,1,58,1.1926158875102828,False,-0.29935183418878175,False,ok,,0.0045726660173386335
9,8,Normal,20000,2,0.1,6,2026108706,2.8328518984825948,new_lower_rho_same_seed_schedule,False,25,2.5197588066260086,0.9943,19886,0.005700000000000038,49.26108374384236,406,1,62,1.1999577406901998,False,-0.3130930918565862,False,ok,,0.00473433401202783
9,8,Normal,20000,2,0.1,6,2026108706,2.8328518984825948,new_lower_rho_same_seed_schedule,False,26,2.509910826491223,0.9931,19862,0.006900000000000017,45.146726862302486,443,1,82,1.2059807345636917,False,-0.3229410719913717,False,ok,,0.004929582995828241
9,8,Normal,20000,2,0.1,6,2026108706,2.8328518984825948,new_lower_rho_same_seed_schedule,False,27,2.4902327789129775,0.99305,19861,0.006950000000000012,43.196544276457885,463,1,76,1.2126545852353194,False,-0.3426191195696173,False,ok,,0.004699665994849056
9,8,Normal,20000,2,0.1,6,2026108706,2.8328518984825948,new_lower_rho_same_seed_schedule,False,28,2.4806598782270317,0.99255,19851,0.007449999999999957,40.4040404040404,495,1,89,1.217902528672958,False,-0.35219202025556307,False,ok,,0.004675499978475273
9,8,Normal,20000,2,0.1,6,2026108706,2.8328518984825948,new_lower_rho_same_seed_schedule,False,29,2.462016708104098,0.9921,19842,0.007900000000000018,37.95066413662239,527,1,93,1.2265728873444652,False,-0.370835190378497,False,ok,,0.005469875002745539
9,8,Normal,20000,2,0.1,6,2026108706,2.8328518984825948,new_lower_rho_same_seed_schedule,False,30,2.448688461068195,0.99125,19825,0.008750000000000036,36.231884057971016,552,1,91,1.2305989350101172,False,-0.38416343741439984,False,ok,,0.004991125024389476
9,8,Normal,20000,2,0.1,6,2026108706,2.8328518984825948,new_lower_rho_same_seed_schedule,False,31,2.430971185895924,0.99105,19821,0.008950000000000014,34.129692832764505,586,1,111,1.238981946579332,False,-0.4018807125866708,False,ok,,0.004977833013981581
9,8,Normal,20000,2,0.1,6,2026108706,2.8328518984825948,new_lower_rho_same_seed_schedule,False,32,2.416464851000089,0.9914,19828,0.008600000000000052,32.520325203252035,615,1,111,1.247326005129384,False,-0.41638704748250577,False,ok,,0.004959167039487511
9,8,Normal,20000,2,0.1,6,2026108706,2.8328518984825948,new_lower_rho_same_seed_schedule,False,33,2.399601814528821,0.9896,19792,0.010399999999999965,30.76923076923077,650,1,121,1.2511610839039793,False,-0.43325008395377385,False,ok,,0.005426209012512118
9,8,Normal,20000,2,0.1,6,2026108706,2.8328518984825948,new_lower_rho_same_seed_schedule,False,34,2.3928440793133503,0.98865,19773,0.011349999999999971,29.282576866764277,683,1,133,1.2574914720249168,False,-0.4400078191692445,False,ok,,0.005024874990340322
9,8,Normal,20000,2,0.1,6,2026108706,2.8328518984825948,new_lower_rho_same_seed_schedule,False,35,2.370327087549077,0.9884,19768,0.011600000000000055,28.089887640449437,712,1,133,1.2635535507027238,False,-0.4625248109335178,False,ok,,0.005159583000931889
9,8,Normal,20000,2,0.1,6,2026108706,2.8328518984825948,new_lower_rho_same_seed_schedule,False,36,2.34779216279553,0.98825,19765,0.011750000000000038,26.845637583892618,745,1,141,1.267588925908528,False,-0.48505973568706473,False,ok,,0.005826332955621183
9,8,Normal,20000,2,0.1,6,2026108706,2.8328518984825948,new_lower_rho_same_seed_schedule,False,37,2.3378282181492676,0.9877,19754,0.012299999999999978,25.70694087403599,778,1,142,1.2741527753447752,False,-0.4950236803333272,False,ok,,0.005112083978019655
9,8,Normal,20000,2,0.1,6,2026108706,2.8328518984825948,new_lower_rho_same_seed_schedule,False,38,2.321040618892583,0.98655,19731,0.013449999999999962,24.600246002460025,813,1,148,1.285605195401333,False,-0.5118112795900118,False,ok,,0.0049779999535530806
9,8,Normal,20000,2,0.1,6,2026108706,2.8328518984825948,new_lower_rho_same_seed_schedule,False,39,2.3084961847247105,0.9858,19716,0.01419999999999999,23.474178403755868,852,1,174,1.286315125008128,False,-0.5243557137578843,False,ok,,0.005512416013516486
9,8,Normal,20000,2,0.1,6,2026108706,2.8328518984825948,new_lower_rho_same_seed_schedule,False,40,2.288239927017235,0.98595,19719,0.014050000000000007,22.701475595913735,881,1,172,1.2971366120010492,False,-0.5446119714653599,False,ok,,0.005267417000140995
9,8,Normal,20000,2,0.1,7,2026108707,2.8328518984825948,new_lower_rho_same_seed_schedule,False,1,2.8331322616017642,1.0,20000,0.0,20000.0,1,20000,0,1.0219991623423814,False,0.0002803631191694578,False,ok,,0.005533124960493296
9,8,Normal,20000,2,0.1,7,2026108707,2.8328518984825948,new_lower_rho_same_seed_schedule,False,2,2.8124280077539607,1.0,20000,0.0,5000.0,4,4187,0,1.0357009535410255,False,-0.020423890728634042,False,ok,,0.00581112498184666
9,8,Normal,20000,2,0.1,7,2026108707,2.8328518984825948,new_lower_rho_same_seed_schedule,False,3,2.800459028800946,1.0,20000,0.0,2222.222222222222,9,104,0,1.0355643467319722,False,-0.03239286968164867,False,ok,,0.0046660410007461905
9,8,Normal,20000,2,0.1,7,2026108707,2.8328518984825948,new_lower_rho_same_seed_schedule,False,4,2.7891403521727063,1.0,20000,0.0,1250.0,16,5,0,1.0424133285027481,False,-0.043711546309888494,False,ok,,0.004567041003610939
9,8,Normal,20000,2,0.1,7,2026108707,2.8328518984825948,new_lower_rho_same_seed_schedule,False,5,2.7790056929041245,1.0,20000,0.0,833.3333333333334,24,3,0,1.0515259528573582,False,-0.05384620557847031,False,ok,,0.005006375024095178
9,8,Normal,20000,2,0.1,7,2026108707,2.8328518984825948,new_lower_rho_same_seed_schedule,False,6,2.7667631741099363,0.99985,19997,0.00014999999999998348,606.060606060606,33,1,1,1.0576716694853703,False,-0.06608872437265845,False,ok,,0.004351417010184377
9,8,Normal,20000,2,0.1,7,2026108707,2.8328518984825948,new_lower_rho_same_seed_schedule,False,7,2.756307763542264,0.9997,19994,0.00029999999999996696,444.44444444444446,45,1,2,1.0657038982102245,False,-0.07654413494033063,False,ok,,0.004503917007241398
9,8,Normal,20000,2,0.1,7,2026108707,2.8328518984825948,new_lower_rho_same_seed_schedule,False,8,2.7421282044997493,0.99965,19993,0.00034999999999996145,350.87719298245617,57,1,3,1.073225974253578,False,-0.09072369398284552,False,ok,,0.004721415985841304
9,8,Normal,20000,2,0.1,7,2026108707,2.8328518984825948,new_lower_rho_same_seed_schedule,False,9,2.7310546916542684,0.99925,19985,0.0007500000000000284,285.7142857142857,70,1,7,1.0798096152623333,False,-0.10179720682832638,False,ok,,0.004346041998360306
9,8,Normal,20000,2,0.1,7,2026108707,2.8328518984825948,new_lower_rho_same_seed_schedule,False,10,2.7167841763607563,0.9995,19990,0.0004999999999999449,240.96385542168676,83,1,5,1.0888637984748895,False,-0.11606772212183847,False,ok,,0.0043304580030962825
9,8,Normal,20000,2,0.1,7,2026108707,2.8328518984825948,new_lower_rho_same_seed_schedule,False,11,2.704644539022603,0.99875,19975,0.0012499999999999734,200.0,100,1,8,1.0968275626161212,False,-0.12820735945999173,False,ok,,0.00443670799722895
9,8,Normal,20000,2,0.1,7,2026108707,2.8328518984825948,new_lower_rho_same_seed_schedule,False,12,2.6936211457178727,0.9986,19972,0.0013999999999999568,170.94017094017093,117,1,11,1.1045245067451945,False,-0.13923075276472208,False,ok,,0.004480417002923787
9,8,Normal,20000,2,0.1,7,2026108707,2.8328518984825948,new_lower_rho_same_seed_schedule,False,13,2.6814588418622916,0.99845,19969,0.0015500000000000513,151.5151515151515,132,1,14,1.113482184133763,False,-0.15139305662030322,False,ok,,0.004298000014387071
9,8,Normal,20000,2,0.1,7,2026108707,2.8328518984825948,new_lower_rho_same_seed_schedule,False,14,2.6670895146029503,0.9982,19964,0.0018000000000000238,130.718954248366,153,1,23,1.1204398131811328,False,-0.16576238387964448,False,ok,,0.004551749967504293
9,8,Normal,20000,2,0.1,7,2026108707,2.8328518984825948,new_lower_rho_same_seed_schedule,False,15,2.6578718910057257,0.99835,19967,0.0016500000000000403,117.6470588235294,170,1,19,1.127903509643059,False,-0.17498000747686904,False,ok,,0.005358875030651689
9,8,Normal,20000,2,0.1,7,2026108707,2.8328518984825948,new_lower_rho_same_seed_schedule,False,16,2.6392241913246943,0.9981,19962,0.0019000000000000128,105.82010582010582,189,1,21,1.1369350496015875,False,-0.19362770715790045,False,ok,,0.004597249964717776
9,8,Normal,20000,2,0.1,7,2026108707,2.8328518984825948,new_lower_rho_same_seed_schedule,False,17,2.6288137472232687,0.99765,19953,0.0023499999999999632,95.69377990430623,209,1,25,1.1443689772518248,False,-0.20403815125932612,False,ok,,0.0044864999945275486
9,8,Normal,20000,2,0.1,7,2026108707,2.8328518984825948,new_lower_rho_same_seed_schedule,False,18,2.615070011805723,0.9972,19944,0.0028000000000000247,85.47008547008546,234,1,38,1.1503643940054251,False,-0.21778188667687193,False,ok,,0.004536999971605837
9,8,Normal,20000,2,0.1,7,2026108707,2.8328518984825948,new_lower_rho_same_seed_schedule,False,19,2.6028384122891586,0.99665,19933,0.003349999999999964,77.22007722007721,259,1,36,1.1574376611848862,False,-0.2300134861934362,False,ok,,0.004669833986554295
9,8,Normal,20000,2,0.1,7,2026108707,2.8328518984825948,new_lower_rho_same_seed_schedule,False,20,2.5828749823484296,0.9968,19936,0.0031999999999999806,71.94244604316546,278,1,36,1.1655555637190886,False,-0.24997691613416517,False,ok,,0.0044737919815815985
9,8,Normal,20000,2,0.1,7,2026108707,2.8328518984825948,new_lower_rho_same_seed_schedule,False,21,2.568467325871347,0.9958,19916,0.0041999999999999815,65.14657980456026,307,1,43,1.1740425541972623,False,-0.2643845726112479,False,ok,,0.004599542007781565
9,8,Normal,20000,2,0.1,7,2026108707,2.8328518984825948,new_lower_rho_same_seed_schedule,False,22,2.5593850093901915,0.9957,19914,0.0042999999999999705,60.790273556231,329,1,48,1.1795194657358734,False,-0.27346688909240324,False,ok,,0.004966666980180889
9,8,Normal,20000,2,0.1,7,2026108707,2.8328518984825948,new_lower_rho_same_seed_schedule,False,23,2.543317986247551,0.9956,19912,0.0043999999999999595,56.49717514124294,354,1,53,1.1857008965344717,False,-0.289533912235044,False,ok,,0.004570166987832636
9,8,Normal,20000,2,0.1,7,2026108707,2.8328518984825948,new_lower_rho_same_seed_schedule,False,24,2.5275477236204833,0.9946,19892,0.00539999999999996,52.63157894736842,380,1,54,1.1930562760023584,False,-0.3053041748621115,False,ok,,0.004581374989356846
9,8,Normal,20000,2,0.1,7,2026108707,2.8328518984825948,new_lower_rho_same_seed_schedule,False,25,2.514817883227512,0.99485,19897,0.005149999999999988,50.12531328320802,399,1,45,1.2024242489860448,False,-0.3180340152550829,False,ok,,0.004619374987669289
9,8,Normal,20000,2,0.1,7,2026108707,2.8328518984825948,new_lower_rho_same_seed_schedule,False,26,2.4987585326099286,0.99425,19885,0.005750000000000033,46.62004662004662,429,1,57,1.2102951634531791,False,-0.33409336587266614,False,ok,,0.00501937500666827
9,8,Normal,20000,2,0.1,7,2026108707,2.8328518984825948,new_lower_rho_same_seed_schedule,False,27,2.4883060858270327,0.9933,19866,0.006700000000000039,43.47826086956522,460,1,71,1.2139334217855378,False,-0.34454581265556206,False,ok,,0.004656209028325975
9,8,Normal,20000,2,0.1,7,2026108707,2.8328518984825948,new_lower_rho_same_seed_schedule,False,28,2.4682427954136426,0.9936,19872,0.006399999999999961,40.816326530612244,490,1,76,1.2241150855243694,False,-0.3646091030689522,False,ok,,0.004662749997805804
9,8,Normal,20000,2,0.1,7,2026108707,2.8328518984825948,new_lower_rho_same_seed_schedule,False,29,2.460830620648624,0.99225,19845,0.007750000000000035,38.095238095238095,525,1,84,1.2275342952608133,False,-0.37202127783397065,False,ok,,0.004998582997359335
9,8,Normal,20000,2,0.1,7,2026108707,2.8328518984825948,new_lower_rho_same_seed_schedule,False,30,2.4372748343325688,0.99155,19831,0.008449999999999958,35.77817531305904,559,1,89,1.232033684277286,False,-0.395577064150026,False,ok,,0.004754125024192035
9,8,Normal,20000,2,0.1,7,2026108707,2.8328518984825948,new_lower_rho_same_seed_schedule,False,31,2.4264284480065488,0.99075,19815,0.00924999999999998,34.24657534246575,584,1,90,1.2408389521393022,False,-0.406423450476046,False,ok,,0.004735250025987625
9,8,Normal,20000,2,0.1,7,2026108707,2.8328518984825948,new_lower_rho_same_seed_schedule,False,32,2.411894628847386,0.98945,19789,0.010549999999999948,32.31017770597738,619,1,99,1.2424404892183607,False,-0.42095726963520885,False,ok,,0.004711417015641928
9,8,Normal,20000,2,0.1,7,2026108707,2.8328518984825948,new_lower_rho_same_seed_schedule,False,33,2.398762107597686,0.99045,19809,0.009549999999999947,30.959752321981423,646,1,110,1.2535086323890885,False,-0.43408979088490884,False,ok,,0.00498108402825892
9,8,Normal,20000,2,0.1,7,2026108707,2.8328518984825948,new_lower_rho_same_seed_schedule,False,34,2.3790685733948713,0.98975,19795,0.010249999999999981,29.41176470588235,680,1,123,1.259679611983956,False,-0.45378332508772345,False,ok,,0.004813875013496727
9,8,Normal,20000,2,0.1,7,2026108707,2.8328518984825948,new_lower_rho_same_seed_schedule,False,35,2.3647461264930945,0.9894,19788,0.010600000000000054,28.208744710860366,709,1,127,1.2678755800496853,False,-0.4681057719895003,False,ok,,0.004812917031813413
9,8,Normal,20000,2,0.1,7,2026108707,2.8328518984825948,new_lower_rho_same_seed_schedule,False,36,2.3503939448085562,0.98835,19767,0.01165000000000005,26.917900403768506,743,1,126,1.2713498426690764,False,-0.48245795367403854,False,ok,,0.004805166972801089
9,8,Normal,20000,2,0.1,7,2026108707,2.8328518984825948,new_lower_rho_same_seed_schedule,False,37,2.3310131991770726,0.98855,19771,0.01144999999999996,25.74002574002574,777,1,138,1.280349471045412,False,-0.5018386993055222,False,ok,,0.005307334009557962
9,8,Normal,20000,2,0.1,7,2026108707,2.8328518984825948,new_lower_rho_same_seed_schedule,False,38,2.318769658846112,0.9865,19730,0.013499999999999956,24.50980392156863,816,1,137,1.2832093226379633,False,-0.5140822396364828,False,ok,,0.00492795801255852
9,8,Normal,20000,2,0.1,7,2026108707,2.8328518984825948,new_lower_rho_same_seed_schedule,False,39,2.3028590556966977,0.9856,19712,0.014399999999999968,23.612750885478157,847,1,142,1.2908835100695533,False,-0.5299928427858971,False,ok,,0.0051626249914988875
9,8,Normal,20000,2,0.1,7,2026108707,2.8328518984825948,new_lower_rho_same_seed_schedule,False,40,2.276420266471134,0.9847,19694,0.01529999999999998,22.598870056497177,885,1,159,1.2909248173055021,False,-0.5564316320114608,False,ok,,0.005285334016662091
9,8,Normal,20000,2,0.1,8,2026108708,2.8328518984825948,new_lower_rho_same_seed_schedule,False,1,2.8428482083781064,1.0,20000,0.0,20000.0,1,20000,0,1.0216190834429075,False,0.00999630989551159,False,ok,,0.003815417003352195
9,8,Normal,20000,2,0.1,8,2026108708,2.8328518984825948,new_lower_rho_same_seed_schedule,False,2,2.8214924965728336,1.0,20000,0.0,5000.0,4,4375,0,1.0354310649965914,False,-0.011359401909761146,False,ok,,0.004239959002006799
9,8,Normal,20000,2,0.1,8,2026108708,2.8328518984825948,new_lower_rho_same_seed_schedule,False,3,2.80984933904167,1.0,20000,0.0,2222.222222222222,9,140,0,1.0359345283111685,False,-0.023002559440924664,False,ok,,0.004277833038941026
9,8,Normal,20000,2,0.1,8,2026108708,2.8328518984825948,new_lower_rho_same_seed_schedule,False,4,2.7982908726180447,1.0,20000,0.0,1250.0,16,10,0,1.0435010467858579,False,-0.03456102586455012,False,ok,,0.00376287498511374
9,8,Normal,20000,2,0.1,8,2026108708,2.8328518984825948,new_lower_rho_same_seed_schedule,False,5,2.7875190449670884,0.99985,19997,0.00014999999999998348,800.0,25,1,1,1.0492350123518879,False,-0.04533285351550642,False,ok,,0.004331583972088993
9,8,Normal,20000,2,0.1,8,2026108708,2.8328518984825948,new_lower_rho_same_seed_schedule,False,6,2.7744608850505377,0.99995,19999,4.999999999999449e-05,588.2352941176471,34,1,1,1.057958786222573,False,-0.058391013432057104,False,ok,,0.004251667007338256
9,8,Normal,20000,2,0.1,8,2026108708,2.8328518984825948,new_lower_rho_same_seed_schedule,False,7,2.7628473863066487,0.99975,19995,0.00024999999999997247,434.7826086956522,46,1,2,1.0675605832134842,False,-0.07000451217594605,False,ok,,0.00434554205276072
9,8,Normal,20000,2,0.1,8,2026108708,2.8328518984825948,new_lower_rho_same_seed_schedule,False,8,2.7497901263867206,0.9997,19994,0.00029999999999996696,338.9830508474576,59,1,6,1.0748553122278692,False,-0.08306177209587418,False,ok,,0.004276457999367267
9,8,Normal,20000,2,0.1,8,2026108708,2.8328518984825948,new_lower_rho_same_seed_schedule,False,9,2.7400757887314082,0.99935,19987,0.0006500000000000394,281.6901408450704,71,1,3,1.0823528673378497,False,-0.09277610975118655,False,ok,,0.004247332981321961
9,8,Normal,20000,2,0.1,8,2026108708,2.8328518984825948,new_lower_rho_same_seed_schedule,False,10,2.7276288921089695,0.99905,19981,0.0009500000000000064,229.88505747126436,87,1,7,1.0904379337431287,False,-0.10522300637362525,False,ok,,0.004693041963037103
9,8,Normal,20000,2,0.1,8,2026108708,2.8328518984825948,new_lower_rho_same_seed_schedule,False,11,2.7139525476224677,0.999,19980,0.0010000000000000009,192.30769230769232,104,1,12,1.1000754081665547,False,-0.11889935086012704,False,ok,,0.004431166977155954
9,8,Normal,20000,2,0.1,8,2026108708,2.8328518984825948,new_lower_rho_same_seed_schedule,False,12,2.7013425267491677,0.99885,19977,0.0011499999999999844,168.0672268907563,119,1,11,1.1063285227263042,False,-0.13150937173342703,False,ok,,0.015165042015723884
9,8,Normal,20000,2,0.1,8,2026108708,2.8328518984825948,new_lower_rho_same_seed_schedule,False,13,2.6862102239155434,0.9984,19968,0.0016000000000000458,141.84397163120568,141,1,20,1.1159031413994427,False,-0.14664167456705135,False,ok,,0.004436374991200864
9,8,Normal,20000,2,0.1,8,2026108708,2.8328518984825948,new_lower_rho_same_seed_schedule,False,14,2.675049129700089,0.9981,19962,0.0019000000000000128,125.0,160,1,20,1.1241082400841975,False,-0.15780276878250588,False,ok,,0.00433729198994115
9,8,Normal,20000,2,0.1,8,2026108708,2.8328518984825948,new_lower_rho_same_seed_schedule,False,15,2.663147365825042,0.9979,19958,0.0020999999999999908,113.63636363636364,176,1,21,1.1289455174147587,False,-0.1697045326575526,False,ok,,0.004547708958853036
9,8,Normal,20000,2,0.1,8,2026108708,2.8328518984825948,new_lower_rho_same_seed_schedule,False,16,2.645314959625261,0.9975,19950,0.0024999999999999467,101.5228426395939,197,1,24,1.1406930156786543,False,-0.1875369388573338,False,ok,,0.004613582976162434
9,8,Normal,20000,2,0.1,8,2026108708,2.8328518984825948,new_lower_rho_same_seed_schedule,False,17,2.633483933544831,0.9971,19942,0.0029000000000000137,90.9090909090909,220,1,30,1.1464921968037445,False,-0.199367964937764,False,ok,,0.004474916961044073
9,8,Normal,20000,2,0.1,8,2026108708,2.8328518984825948,new_lower_rho_same_seed_schedule,False,18,2.6179710139258767,0.99675,19935,0.003249999999999975,82.3045267489712,243,1,34,1.1504350413832334,False,-0.21488088455671805,False,ok,,0.0044437499600462615
9,8,Normal,20000,2,0.1,8,2026108708,2.8328518984825948,new_lower_rho_same_seed_schedule,False,19,2.6058787268619374,0.99655,19931,0.003449999999999953,75.47169811320755,265,1,36,1.1616831451095395,False,-0.22697317162065733,False,ok,,0.004765125049743801
9,8,Normal,20000,2,0.1,8,2026108708,2.8328518984825948,new_lower_rho_same_seed_schedule,False,20,2.5938625002462175,0.99635,19927,0.003650000000000042,68.96551724137932,290,1,47,1.1678179251371745,False,-0.23898939823637733,False,ok,,0.004534541047178209
9,8,Normal,20000,2,0.1,8,2026108708,2.8328518984825948,new_lower_rho_same_seed_schedule,False,21,2.5771312879837476,0.9961,19922,0.0039000000000000146,63.29113924050633,316,1,50,1.1756479189321245,False,-0.2557206104988472,False,ok,,0.004485999990720302
9,8,Normal,20000,2,0.1,8,2026108708,2.8328518984825948,new_lower_rho_same_seed_schedule,False,22,2.557329647629094,0.9948,19896,0.005199999999999982,57.971014492753625,345,1,56,1.1828668877341824,False,-0.2755222508535007,False,ok,,0.004466708051040769
9,8,Normal,20000,2,0.1,8,2026108708,2.8328518984825948,new_lower_rho_same_seed_schedule,False,23,2.5476144779065812,0.9951,19902,0.0049000000000000155,55.09641873278237,363,1,54,1.1889513964592775,False,-0.28523742057601353,False,ok,,0.00475695903878659
9,8,Normal,20000,2,0.1,8,2026108708,2.8328518984825948,new_lower_rho_same_seed_schedule,False,24,2.531482956153742,0.99475,19895,0.005249999999999977,50.89058524173028,393,1,64,1.1956082739294527,False,-0.3013689423288528,False,ok,,0.004601874970830977
9,8,Normal,20000,2,0.1,8,2026108708,2.8328518984825948,new_lower_rho_same_seed_schedule,False,25,2.5194652864126508,0.9944,19888,0.005600000000000049,47.61904761904762,420,1,68,1.2041219377641963,False,-0.313386612069944,False,ok,,0.004955624986905605
9,8,Normal,20000,2,0.1,8,2026108708,2.8328518984825948,new_lower_rho_same_seed_schedule,False,26,2.507550004684612,0.99345,19869,0.006549999999999945,44.54342984409799,449,1,73,1.2112812361728904,False,-0.3253018937979828,False,ok,,0.005154083017259836
9,8,Normal,20000,2,0.1,8,2026108708,2.8328518984825948,new_lower_rho_same_seed_schedule,False,27,2.4853100640007924,0.9937,19874,0.006299999999999972,41.928721174004195,477,1,82,1.2169892474543043,False,-0.3475418344818024,False,ok,,0.004823959025088698
9,8,Normal,20000,2,0.1,8,2026108708,2.8328518984825948,new_lower_rho_same_seed_schedule,False,28,2.477891048179929,0.9927,19854,0.007299999999999973,38.98635477582846,513,1,88,1.2236860484303207,False,-0.3549608503026658,False,ok,,0.004719165968708694
9,8,Normal,20000,2,0.1,8,2026108708,2.8328518984825948,new_lower_rho_same_seed_schedule,False,29,2.4553237649601485,0.9915,19830,0.008499999999999952,36.63003663003663,546,1,99,1.2273675878662313,False,-0.3775281335224463,False,ok,,0.005260834004729986
9,8,Normal,20000,2,0.1,8,2026108708,2.8328518984825948,new_lower_rho_same_seed_schedule,False,30,2.4448467687907804,0.99155,19831,0.008449999999999958,35.08771929824562,570,1,98,1.237657228697558,False,-0.38800512969181433,False,ok,,0.004951708018779755
9,8,Normal,20000,2,0.1,8,2026108708,2.8328518984825948,new_lower_rho_same_seed_schedule,False,31,2.4277778417319054,0.99065,19813,0.00934999999999997,32.948929159802304,607,1,104,1.2447210457464126,False,-0.4050740567506894,False,ok,,0.004819041991140693
9,8,Normal,20000,2,0.1,8,2026108708,2.8328518984825948,new_lower_rho_same_seed_schedule,False,32,2.407728625740203,0.9903,19806,0.009700000000000042,31.446540880503143,636,1,106,1.2536552956715896,False,-0.4251232727423919,False,ok,,0.004810624988749623
9,8,Normal,20000,2,0.1,8,2026108708,2.8328518984825948,new_lower_rho_same_seed_schedule,False,33,2.3931783544551246,0.98955,19791,0.01044999999999996,29.806259314456035,671,1,121,1.254605627620115,False,-0.43967354402747016,False,ok,,0.004998041957151145
9,8,Normal,20000,2,0.1,8,2026108708,2.8328518984825948,new_lower_rho_same_seed_schedule,False,34,2.379189298103204,0.9886,19772,0.011399999999999966,28.49002849002849,702,1,119,1.2630865357148904,False,-0.45366260037939066,False,ok,,0.004951958020683378
9,8,Normal,20000,2,0.1,8,2026108708,2.8328518984825948,new_lower_rho_same_seed_schedule,False,35,2.363854486964543,0.98885,19777,0.011149999999999993,27.137042062415198,737,1,136,1.270100644926832,False,-0.46899741151805197,False,ok,,0.004875625018030405
9,8,Normal,20000,2,0.1,8,2026108708,2.8328518984825948,new_lower_rho_same_seed_schedule,False,36,2.3470906191025414,0.98795,19759,0.012050000000000005,26.109660574412533,766,1,131,1.2728635652638158,False,-0.4857612793800534,False,ok,,0.005256958014797419
9,8,Normal,20000,2,0.1,8,2026108708,2.8328518984825948,new_lower_rho_same_seed_schedule,False,37,2.3300738190390144,0.98705,19741,0.012950000000000017,24.63054187192118,812,1,157,1.2852746316696335,False,-0.5027780794435803,False,ok,,0.005244959029369056
9,8,Normal,20000,2,0.1,8,2026108708,2.8328518984825948,new_lower_rho_same_seed_schedule,False,38,2.3166054320782794,0.9871,19742,0.012900000000000023,23.980815347721823,834,1,138,1.2892329390070727,False,-0.5162464664043154,False,ok,,0.005131666956003755
9,8,Normal,20000,2,0.1,8,2026108708,2.8328518984825948,new_lower_rho_same_seed_schedule,False,39,2.303749164103675,0.98615,19723,0.013850000000000029,22.831050228310502,876,1,164,1.293375991070459,False,-0.5291027343789199,False,ok,,0.005313834000844508
9,8,Normal,20000,2,0.1,8,2026108708,2.8328518984825948,new_lower_rho_same_seed_schedule,False,40,2.2797587951318854,0.9858,19716,0.01419999999999999,21.92982456140351,912,1,171,1.2994831723474802,False,-0.5530931033507094,False,ok,,0.005272166978102177
9,8,Normal,20000,2,0.1,9,2026108709,2.8328518984825948,new_lower_rho_same_seed_schedule,False,1,2.8458097758494083,1.0,20000,0.0,20000.0,1,20000,0,1.0225992099789227,False,0.01295787736681353,False,ok,,0.003936082997824997
9,8,Normal,20000,2,0.1,9,2026108709,2.8328518984825948,new_lower_rho_same_seed_schedule,False,2,2.825811358934769,1.0,20000,0.0,5000.0,4,4025,0,1.0368865275417003,False,-0.007040539547825908,False,ok,,0.0044368329690769315
9,8,Normal,20000,2,0.1,9,2026108709,2.8328518984825948,new_lower_rho_same_seed_schedule,False,3,2.813419219306086,1.0,20000,0.0,2222.222222222222,9,78,0,1.0343434023647147,False,-0.019432679176508927,False,ok,,0.003999832959380001
9,8,Normal,20000,2,0.1,9,2026108709,2.8328518984825948,new_lower_rho_same_seed_schedule,False,4,2.801229287118055,1.0,20000,0.0,1250.0,16,5,0,1.0425460401157196,False,-0.03162261136453992,False,ok,,0.003938957990612835
9,8,Normal,20000,2,0.1,9,2026108709,2.8328518984825948,new_lower_rho_same_seed_schedule,False,5,2.7900586008745814,0.9998,19996,0.00019999999999997797,800.0,25,1,2,1.0491583913871287,False,-0.042793297608013425,False,ok,,0.00419970799703151
9,8,Normal,20000,2,0.1,9,2026108709,2.8328518984825948,new_lower_rho_same_seed_schedule,False,6,2.77979335270948,0.9999,19998,9.999999999998899e-05,625.0,32,1,1,1.0554178176132711,False,-0.05305854577311475,False,ok,,0.004531958024017513
9,8,Normal,20000,2,0.1,9,2026108709,2.8328518984825948,new_lower_rho_same_seed_schedule,False,7,2.7691816596603216,0.99975,19995,0.00024999999999997247,476.1904761904762,42,1,3,1.0624319645748763,False,-0.06367023882227318,False,ok,,0.0041770420502871275
9,8,Normal,20000,2,0.1,9,2026108709,2.8328518984825948,new_lower_rho_same_seed_schedule,False,8,2.757116243606647,0.99965,19993,0.00034999999999996145,363.6363636363636,55,1,4,1.071751477827231,False,-0.07573565487594758,False,ok,,0.00423745799344033
9,8,Normal,20000,2,0.1,9,2026108709,2.8328518984825948,new_lower_rho_same_seed_schedule,False,9,2.747487933760381,0.99935,19987,0.0006500000000000394,303.030303030303,66,1,5,1.078654024049883,False,-0.08536396472221375,False,ok,,0.004460708005353808
9,8,Normal,20000,2,0.1,9,2026108709,2.8328518984825948,new_lower_rho_same_seed_schedule,False,10,2.7329540718384946,0.999,19980,0.0010000000000000009,240.96385542168676,83,1,13,1.087054278056875,False,-0.09989782664410018,False,ok,,0.004362542007584125
9,8,Normal,20000,2,0.1,9,2026108709,2.8328518984825948,new_lower_rho_same_seed_schedule,False,11,2.724175031711036,0.9991,19982,0.0009000000000000119,215.05376344086022,93,1,12,1.0944966329917551,False,-0.10867686677155897,False,ok,,0.00443595799151808
9,8,Normal,20000,2,0.1,9,2026108709,2.8328518984825948,new_lower_rho_same_seed_schedule,False,12,2.709825871121134,0.99915,19983,0.0008500000000000174,186.9158878504673,107,1,11,1.1014936617283535,False,-0.12302602736146095,False,ok,,0.00426995794987306
9,8,Normal,20000,2,0.1,9,2026108709,2.8328518984825948,new_lower_rho_same_seed_schedule,False,13,2.703480649791436,0.999,19980,0.0010000000000000009,163.9344262295082,122,1,13,1.1110752110457611,False,-0.12937124869115868,False,ok,,0.004309540963731706
9,8,Normal,20000,2,0.1,9,2026108709,2.8328518984825948,new_lower_rho_same_seed_schedule,False,14,2.688750550016365,0.9986,19972,0.0013999999999999568,141.84397163120568,141,1,16,1.1173656797765186,False,-0.14410134846622968,False,ok,,0.00479300000006333
9,8,Normal,20000,2,0.1,9,2026108709,2.8328518984825948,new_lower_rho_same_seed_schedule,False,15,2.6709617821183715,0.9981,19962,0.0019000000000000128,124.22360248447205,161,1,18,1.123347114742492,False,-0.16189011636422324,False,ok,,0.004524749994743615
9,8,Normal,20000,2,0.1,9,2026108709,2.8328518984825948,new_lower_rho_same_seed_schedule,False,16,2.6639744519761814,0.998,19960,0.0020000000000000018,111.73184357541899,179,1,26,1.1312182322280164,False,-0.16887744650641334,False,ok,,0.004342124972026795
9,8,Normal,20000,2,0.1,9,2026108709,2.8328518984825948,new_lower_rho_same_seed_schedule,False,17,2.647921586079693,0.9978,19956,0.0021999999999999797,100.50251256281408,199,1,30,1.1391898317501274,False,-0.1849303124029018,False,ok,,0.004785249999258667
9,8,Normal,20000,2,0.1,9,2026108709,2.8328518984825948,new_lower_rho_same_seed_schedule,False,18,2.6367002800850527,0.99755,19951,0.002449999999999952,92.5925925925926,216,1,28,1.1467456566263385,False,-0.19615161839754203,False,ok,,0.0045513330260291696
9,8,Normal,20000,2,0.1,9,2026108709,2.8328518984825948,new_lower_rho_same_seed_schedule,False,19,2.6206135556117696,0.9971,19942,0.0029000000000000137,82.98755186721992,241,1,36,1.1515039436799346,False,-0.21223834287082521,False,ok,,0.004416875017341226
9,8,Normal,20000,2,0.1,9,2026108709,2.8328518984825948,new_lower_rho_same_seed_schedule,False,20,2.6075766993455716,0.9971,19942,0.0029000000000000137,76.33587786259542,262,1,38,1.1603757258831247,False,-0.2252751991370232,False,ok,,0.004418666998390108
9,8,Normal,20000,2,0.1,9,2026108709,2.8328518984825948,new_lower_rho_same_seed_schedule,False,21,2.5962176375541848,0.99625,19925,0.003750000000000031,70.17543859649123,285,1,40,1.1650779802383162,False,-0.23663426092841,False,ok,,0.004747083003167063
9,8,Normal,20000,2,0.1,9,2026108709,2.8328518984825948,new_lower_rho_same_seed_schedule,False,22,2.5813931877365284,0.9961,19922,0.0039000000000000146,64.93506493506493,308,1,45,1.1744210645678186,False,-0.2514587107460664,False,ok,,0.004460167023353279
9,8,Normal,20000,2,0.1,9,2026108709,2.8328518984825948,new_lower_rho_same_seed_schedule,False,23,2.568036487735024,0.9959,19918,0.0040999999999999925,60.24096385542169,332,1,52,1.1813066545763176,False,-0.26481541074757065,False,ok,,0.004500166978687048
9,8,Normal,20000,2,0.1,9,2026108709,2.8328518984825948,new_lower_rho_same_seed_schedule,False,24,2.5554006941943506,0.99485,19897,0.005149999999999988,55.865921787709496,358,1,54,1.18472801209801,False,-0.2774512042882442,False,ok,,0.004501874966081232
9,8,Normal,20000,2,0.1,9,2026108709,2.8328518984825948,new_lower_rho_same_seed_schedule,False,25,2.539063568181585,0.99495,19899,0.005049999999999999,52.083333333333336,384,1,61,1.1945728962741848,False,-0.2937883303010098,False,ok,,0.0047289999783970416
9,8,Normal,20000,2,0.1,9,2026108709,2.8328518984825948,new_lower_rho_same_seed_schedule,False,26,2.527034888962163,0.9948,19896,0.005199999999999982,48.899755501222494,409,1,64,1.2030414798196953,False,-0.3058170095204318,False,ok,,0.004678791970945895
9,8,Normal,20000,2,0.1,9,2026108709,2.8328518984825948,new_lower_rho_same_seed_schedule,False,27,2.5162358607592394,0.99405,19881,0.005950000000000011,45.97701149425287,435,1,71,1.20573827030738,False,-0.31661603772335534,False,ok,,0.0046486250357702374
9,8,Normal,20000,2,0.1,9,2026108709,2.8328518984825948,new_lower_rho_same_seed_schedule,False,28,2.5038744779118853,0.9933,19866,0.006700000000000039,43.66812227074236,458,1,67,1.213442131187321,False,-0.32897742057070944,False,ok,,0.005029624968301505
9,8,Normal,20000,2,0.1,9,2026108709,2.8328518984825948,new_lower_rho_same_seed_schedule,False,29,2.4842976418909384,0.99315,19863,0.006850000000000023,40.98360655737705,488,1,78,1.2210342738236346,False,-0.3485542565916564,False,ok,,0.004766375001054257
9,8,Normal,20000,2,0.1,9,2026108709,2.8328518984825948,new_lower_rho_same_seed_schedule,False,30,2.4679335179016784,0.9927,19854,0.007299999999999973,38.31417624521073,522,1,85,1.2264218156743651,False,-0.3649183805809164,False,ok,,0.004679083009250462
9,8,Normal,20000,2,0.1,9,2026108709,2.8328518984825948,new_lower_rho_same_seed_schedule,False,31,2.4569265206953865,0.9923,19846,0.00770000000000004,36.42987249544627,549,1,91,1.2330981352517385,False,-0.37592537778720825,False,ok,,0.004752583976369351
9,8,Normal,20000,2,0.1,9,2026108709,2.8328518984825948,new_lower_rho_same_seed_schedule,False,32,2.446186687064805,0.99225,19845,0.007750000000000035,34.78260869565217,575,1,88,1.2405768165147835,False,-0.38666521141778976,False,ok,,0.004934417025651783
9,8,Normal,20000,2,0.1,9,2026108709,2.8328518984825948,new_lower_rho_same_seed_schedule,False,33,2.4294604720542132,0.99135,19827,0.008650000000000047,33.11258278145695,604,1,98,1.246700035477328,False,-0.40339142642838155,False,ok,,0.004875208018347621
9,8,Normal,20000,2,0.1,9,2026108709,2.8328518984825948,new_lower_rho_same_seed_schedule,False,34,2.4140067612745364,0.9903,19806,0.009700000000000042,31.545741324921135,634,1,107,1.2518054811116572,False,-0.4188451372080584,False,ok,,0.004757624992635101
9,8,Normal,20000,2,0.1,9,2026108709,2.8328518984825948,new_lower_rho_same_seed_schedule,False,35,2.394662009585012,0.99025,19805,0.009750000000000036,29.895366218236173,669,1,114,1.2584978178718877,False,-0.4381898888975826,False,ok,,0.005141082976479083
9,8,Normal,20000,2,0.1,9,2026108709,2.8328518984825948,new_lower_rho_same_seed_schedule,False,36,2.381196360790287,0.98945,19789,0.010549999999999948,28.571428571428573,700,1,119,1.2620595148989902,False,-0.4516555376923077,False,ok,,0.004938666010275483
9,8,Normal,20000,2,0.1,9,2026108709,2.8328518984825948,new_lower_rho_same_seed_schedule,False,37,2.372028808026192,0.98825,19765,0.011750000000000038,27.285129604365622,733,1,121,1.269847106986092,False,-0.4608230904564028,False,ok,,0.004895166028290987
9,8,Normal,20000,2,0.1,9,2026108709,2.8328518984825948,new_lower_rho_same_seed_schedule,False,38,2.3504378524826417,0.98805,19761,0.011950000000000016,26.109660574412533,766,1,137,1.2747584380675638,False,-0.4824140459999531,False,ok,,0.005169957992620766
9,8,Normal,20000,2,0.1,9,2026108709,2.8328518984825948,new_lower_rho_same_seed_schedule,False,39,2.3436165562028077,0.98715,19743,0.012850000000000028,25.031289111389235,799,1,144,1.2769880442892787,False,-0.48923534227978704,False,ok,,0.005155791994184256
9,8,Normal,20000,2,0.1,9,2026108709,2.8328518984825948,new_lower_rho_same_seed_schedule,False,40,2.3167854818638545,0.98715,19743,0.012850000000000028,23.894862604540023,837,1,163,1.2856858416500703,False,-0.5160664166187403,False,ok,,0.005023042031098157
9,8,Normal,20000,2,0.1,10,2026108710,2.8328518984825948,new_lower_rho_same_seed_schedule,False,1,2.825411212481925,1.0,20000,0.0,20000.0,1,20000,0,1.022947225832555,False,-0.007440686000669938,False,ok,,0.004084999964106828
9,8,Normal,20000,2,0.1,10,2026108710,2.8328518984825948,new_lower_rho_same_seed_schedule,False,2,2.803792646848564,1.0,20000,0.0,5000.0,4,3853,0,1.035908427323565,False,-0.02905925163403067,False,ok,,0.003773874952457845
9,8,Normal,20000,2,0.1,10,2026108710,2.8328518984825948,new_lower_rho_same_seed_schedule,False,3,2.792687077985907,1.0,20000,0.0,2222.222222222222,9,69,0,1.035038535402778,False,-0.04016482049668779,False,ok,,0.0037944160285405815
9,8,Normal,20000,2,0.1,10,2026108710,2.8328518984825948,new_lower_rho_same_seed_schedule,False,4,2.7808215078408165,1.0,20000,0.0,1250.0,16,3,0,1.0413758825732564,False,-0.05203039064177828,False,ok,,0.0039649159880355
9,8,Normal,20000,2,0.1,10,2026108710,2.8328518984825948,new_lower_rho_same_seed_schedule,False,5,2.771332905609021,0.99995,19999,4.999999999999449e-05,909.0909090909091,22,2,0,1.04825239976937,False,-0.061518992873573985,False,ok,,0.004300541011616588
9,8,Normal,20000,2,0.1,10,2026108710,2.8328518984825948,new_lower_rho_same_seed_schedule,False,6,2.7598243910061906,0.9999,19998,9.999999999998899e-05,645.1612903225806,31,1,1,1.055209762114975,False,-0.07302750747640419,False,ok,,0.004244082956574857
9,8,Normal,20000,2,0.1,10,2026108710,2.8328518984825948,new_lower_rho_same_seed_schedule,False,7,2.7504249506143013,0.99975,19995,0.00024999999999997247,476.1904761904762,42,1,1,1.0636514316858403,False,-0.08242694786829352,False,ok,,0.004237999964971095
9,8,Normal,20000,2,0.1,10,2026108710,2.8328518984825948,new_lower_rho_same_seed_schedule,False,8,2.7392553919617795,0.9997,19994,0.00029999999999996696,392.15686274509807,51,1,1,1.0715295993333056,False,-0.0935965065208153,False,ok,,0.004228415957186371
9,8,Normal,20000,2,0.1,10,2026108710,2.8328518984825948,new_lower_rho_same_seed_schedule,False,9,2.7272947644465386,0.9995,19990,0.0004999999999999449,317.46031746031747,63,1,8,1.0755403102948577,False,-0.10555713403605615,False,ok,,0.004650750022847205
9,8,Normal,20000,2,0.1,10,2026108710,2.8328518984825948,new_lower_rho_same_seed_schedule,False,10,2.7161938632394413,0.9994,19988,0.0006000000000000449,263.1578947368421,76,1,8,1.0855783893354132,False,-0.11665803524315344,False,ok,,0.004367082961834967
9,8,Normal,20000,2,0.1,10,2026108710,2.8328518984825948,new_lower_rho_same_seed_schedule,False,11,2.706305478961151,0.9993,19986,0.0007000000000000339,227.27272727272728,88,1,7,1.092552201538377,False,-0.12654641952144363,False,ok,,0.004262291011400521
9,8,Normal,20000,2,0.1,10,2026108710,2.8328518984825948,new_lower_rho_same_seed_schedule,False,12,2.6921819590393303,0.99875,19975,0.0012499999999999734,186.9158878504673,107,1,14,1.0995054962991464,False,-0.14066993944326445,False,ok,,0.0043080420000478625
9,8,Normal,20000,2,0.1,10,2026108710,2.8328518984825948,new_lower_rho_same_seed_schedule,False,13,2.68360036703199,0.99885,19977,0.0011499999999999844,166.66666666666666,120,1,15,1.1064424646679805,False,-0.14925153145060488,False,ok,,0.00454254203941673
9,8,Normal,20000,2,0.1,10,2026108710,2.8328518984825948,new_lower_rho_same_seed_schedule,False,14,2.668160826142006,0.9985,19970,0.0014999999999999458,149.2537313432836,134,1,10,1.115329575690443,False,-0.164691072340589,False,ok,,0.004605207999702543
9,8,Normal,20000,2,0.1,10,2026108710,2.8328518984825948,new_lower_rho_same_seed_schedule,False,15,2.660392764522014,0.9984,19968,0.0016000000000000458,131.57894736842104,152,1,18,1.1225913039516533,False,-0.17245913396058077,False,ok,,0.00444587500533089
9,8,Normal,20000,2,0.1,10,2026108710,2.8328518984825948,new_lower_rho_same_seed_schedule,False,16,2.6450703043721076,0.99815,19963,0.0018500000000000183,117.6470588235294,170,1,21,1.1309598402357253,False,-0.18778159411048723,False,ok,,0.004616666992660612
9,8,Normal,20000,2,0.1,10,2026108710,2.8328518984825948,new_lower_rho_same_seed_schedule,False,17,2.6349848554434976,0.99785,19957,0.0021499999999999853,106.95187165775401,187,1,22,1.1357893214232948,False,-0.1978670430390972,False,ok,,0.0045982919982634485
9,8,Normal,20000,2,0.1,10,2026108710,2.8328518984825948,new_lower_rho_same_seed_schedule,False,18,2.6235516921120845,0.99805,19961,0.0019500000000000073,98.03921568627452,204,1,24,1.14319365287243,False,-0.20930020637051028,False,ok,,0.004464959027245641
9,8,Normal,20000,2,0.1,10,2026108710,2.8328518984825948,new_lower_rho_same_seed_schedule,False,19,2.608786823402311,0.9974,19948,0.0026000000000000467,87.71929824561404,228,1,32,1.1510894395403253,False,-0.22406507508028373,False,ok,,0.004493291024118662
9,8,Normal,20000,2,0.1,10,2026108710,2.8328518984825948,new_lower_rho_same_seed_schedule,False,20,2.593925597083868,0.99725,19945,0.00275000000000003,80.0,250,1,32,1.157814112727901,False,-0.23892630139872661,False,ok,,0.004810791986528784
9,8,Normal,20000,2,0.1,10,2026108710,2.8328518984825948,new_lower_rho_same_seed_schedule,False,21,2.5796457297322397,0.9964,19928,0.0036000000000000476,72.72727272727273,275,1,39,1.1622208158885463,False,-0.25320616875035507,False,ok,,0.004729542008135468
9,8,Normal,20000,2,0.1,10,2026108710,2.8328518984825948,new_lower_rho_same_seed_schedule,False,22,2.568035645403107,0.99585,19917,0.004149999999999987,67.79661016949153,295,1,36,1.170223963554526,False,-0.26481625307948775,False,ok,,0.004526833014097065
9,8,Normal,20000,2,0.1,10,2026108710,2.8328518984825948,new_lower_rho_same_seed_schedule,False,23,2.560279456865495,0.99605,19921,0.003950000000000009,64.30868167202573,311,1,34,1.1799747121586557,False,-0.2725724416170996,False,ok,,0.0044525000266730785
9,8,Normal,20000,2,0.1,10,2026108710,2.8328518984825948,new_lower_rho_same_seed_schedule,False,24,2.5408065147791303,0.9958,19916,0.0041999999999999815,59.523809523809526,336,1,42,1.1859344872387618,False,-0.29204538370346445,False,ok,,0.004822041955776513
9,8,Normal,20000,2,0.1,10,2026108710,2.8328518984825948,new_lower_rho_same_seed_schedule,False,25,2.5307425117703137,0.99595,19919,0.004049999999999998,55.40166204986149,361,1,52,1.1915384559289852,False,-0.30210938671228105,False,ok,,0.004682875005528331
9,8,Normal,20000,2,0.1,10,2026108710,2.8328518984825948,new_lower_rho_same_seed_schedule,False,26,2.5152273378142698,0.99505,19901,0.00495000000000001,51.282051282051285,390,1,61,1.1967347546297222,False,-0.317624560668325,False,ok,,0.00461208401247859
9,8,Normal,20000,2,0.1,10,2026108710,2.8328518984825948,new_lower_rho_same_seed_schedule,False,27,2.5048880665493383,0.9947,19894,0.005299999999999971,48.309178743961354,414,1,57,1.2043285480215657,False,-0.3279638319332565,False,ok,,0.0047492500161752105
9,8,Normal,20000,2,0.1,10,2026108710,2.8328518984825948,new_lower_rho_same_seed_schedule,False,28,2.485734705097827,0.99355,19871,0.006449999999999956,45.04504504504504,444,1,66,1.209623206555157,False,-0.34711719338476765,False,ok,,0.0047409170074388385
9,8,Normal,20000,2,0.1,10,2026108710,2.8328518984825948,new_lower_rho_same_seed_schedule,False,29,2.4753594516606827,0.99415,19883,0.005850000000000022,42.82655246252676,467,1,71,1.2186773936083422,False,-0.35749244682191206,False,ok,,0.00479541695676744
9,8,Normal,20000,2,0.1,10,2026108710,2.8328518984825948,new_lower_rho_same_seed_schedule,False,30,2.461020263681252,0.99335,19867,0.006650000000000045,40.56795131845842,493,1,76,1.221514854360828,False,-0.37183163480134285,False,ok,,0.004714625014457852
9,8,Normal,20000,2,0.1,10,2026108710,2.8328518984825948,new_lower_rho_same_seed_schedule,False,31,2.4470524539500698,0.993,19860,0.007000000000000006,38.095238095238095,525,1,89,1.2287595104962898,False,-0.385799444532525,False,ok,,0.00502983300248161
9,8,Normal,20000,2,0.1,10,2026108710,2.8328518984825948,new_lower_rho_same_seed_schedule,False,32,2.4304555502858496,0.99305,19861,0.006950000000000012,36.231884057971016,552,1,84,1.2374137920171038,False,-0.4023963481967452,False,ok,,0.004895457997918129
9,8,Normal,20000,2,0.1,10,2026108710,2.8328518984825948,new_lower_rho_same_seed_schedule,False,33,2.41722521781042,0.9922,19844,0.007800000000000029,34.72222222222222,576,1,85,1.2416898479742358,False,-0.4156266806721747,False,ok,,0.004749665968120098
9,8,Normal,20000,2,0.1,10,2026108710,2.8328518984825948,new_lower_rho_same_seed_schedule,False,34,2.397931678663719,0.9914,19828,0.008600000000000052,32.57328990228013,614,1,97,1.251567416534611,False,-0.43492021981887596,False,ok,,0.005176417005714029
9,8,Normal,20000,2,0.1,10,2026108710,2.8328518984825948,new_lower_rho_same_seed_schedule,False,35,2.3885223628582133,0.991,19820,0.009000000000000008,31.34796238244514,638,1,107,1.251640177692735,False,-0.4443295356243815,False,ok,,0.004963083018083125
9,8,Normal,20000,2,0.1,10,2026108710,2.8328518984825948,new_lower_rho_same_seed_schedule,False,36,2.3709516960147914,0.98985,19797,0.010149999999999992,29.71768202080238,673,1,109,1.257423845722992,False,-0.4619002024678034,False,ok,,0.004803665971849114
9,8,Normal,20000,2,0.1,10,2026108710,2.8328518984825948,new_lower_rho_same_seed_schedule,False,37,2.359890319604429,0.9906,19812,0.009399999999999964,28.735632183908045,696,1,112,1.2693703902939666,False,-0.4729615788781656,False,ok,,0.0050959999789483845
9,8,Normal,20000,2,0.1,10,2026108710,2.8328518984825948,new_lower_rho_same_seed_schedule,False,38,2.3451659196258725,0.9897,19794,0.010299999999999976,27.210884353741495,735,1,118,1.2732652287091826,False,-0.48768597885672227,False,ok,,0.0050210829940624535
9,8,Normal,20000,2,0.1,10,2026108710,2.8328518984825948,new_lower_rho_same_seed_schedule,False,39,2.320640337370692,0.98915,19783,0.010850000000000026,26.246719160104988,762,1,119,1.282277440893506,False,-0.5122115611119029,False,ok,,0.005068874976132065
9,8,Normal,20000,2,0.1,10,2026108710,2.8328518984825948,new_lower_rho_same_seed_schedule,False,40,2.3128064510137216,0.98785,19757,0.012149999999999994,24.968789013732835,801,1,143,1.284661890619727,False,-0.5200454474688732,False,ok,,0.004896958009339869
9,8,Normal,20000,2,0.1,11,2026108711,2.8328518984825948,new_lower_rho_same_seed_schedule,False,1,2.8357581496946485,1.0,20000,0.0,20000.0,1,20000,0,1.021729741101352,False,0.0029062512120536788,False,ok,,0.003950457961764187
9,8,Normal,20000,2,0.1,11,2026108711,2.8328518984825948,new_lower_rho_same_seed_schedule,False,2,2.813660062617158,1.0,20000,0.0,5000.0,4,4588,0,1.0360937078769747,False,-0.0191918358654366,False,ok,,0.0042037079692818224
9,8,Normal,20000,2,0.1,11,2026108711,2.8328518984825948,new_lower_rho_same_seed_schedule,False,3,2.805310712610805,1.0,20000,0.0,2222.222222222222,9,121,0,1.035335131883488,False,-0.027541185871789775,False,ok,,0.004414167022332549
9,8,Normal,20000,2,0.1,11,2026108711,2.8328518984825948,new_lower_rho_same_seed_schedule,False,4,2.790693155689982,1.0,20000,0.0,1250.0,16,3,0,1.042425300163708,False,-0.04215874279261289,False,ok,,0.004185250028967857
9,8,Normal,20000,2,0.1,11,2026108711,2.8328518984825948,new_lower_rho_same_seed_schedule,False,5,2.780173696450723,0.9999,19998,9.999999999998899e-05,869.5652173913044,23,2,0,1.0498899235011259,False,-0.0526782020318719,False,ok,,0.004221708048135042
9,8,Normal,20000,2,0.1,11,2026108711,2.8328518984825948,new_lower_rho_same_seed_schedule,False,6,2.7679814181348275,0.99985,19997,0.00014999999999998348,606.060606060606,33,1,1,1.0580325911985053,False,-0.06487048034776732,False,ok,,0.004187166981864721
9,8,Normal,20000,2,0.1,11,2026108711,2.8328518984825948,new_lower_rho_same_seed_schedule,False,7,2.759326507504055,0.9999,19998,9.999999999998899e-05,476.1904761904762,42,1,2,1.0652222164031546,False,-0.07352539097853983,False,ok,,0.004114957991987467
9,8,Normal,20000,2,0.1,11,2026108711,2.8328518984825948,new_lower_rho_same_seed_schedule,False,8,2.7465945585713167,0.99985,19997,0.00014999999999998348,363.6363636363636,55,1,3,1.073176346945528,False,-0.08625733991127804,False,ok,,0.004518624977208674
9,8,Normal,20000,2,0.1,11,2026108711,2.8328518984825948,new_lower_rho_same_seed_schedule,False,9,2.734859315705277,0.99955,19991,0.00044999999999995044,285.7142857142857,70,1,6,1.0822887552689855,False,-0.0979925827773176,False,ok,,0.004430041997693479
9,8,Normal,20000,2,0.1,11,2026108711,2.8328518984825948,new_lower_rho_same_seed_schedule,False,10,2.718202750162848,0.99935,19987,0.0006500000000000394,240.96385542168676,83,1,6,1.09006421767392,False,-0.11464914831974671,False,ok,,0.0042712910217233
9,8,Normal,20000,2,0.1,11,2026108711,2.8328518984825948,new_lower_rho_same_seed_schedule,False,11,2.711197175937493,0.9989,19978,0.0010999999999999899,200.0,100,1,11,1.0966812058831772,False,-0.1216547225451019,False,ok,,0.00424887501867488
9,8,Normal,20000,2,0.1,11,2026108711,2.8328518984825948,new_lower_rho_same_seed_schedule,False,12,2.6973957249322695,0.9987,19974,0.0012999999999999678,170.94017094017093,117,1,15,1.1042033944268863,False,-0.13545617355032524,False,ok,,0.004833707993384451
9,8,Normal,20000,2,0.1,11,2026108711,2.8328518984825948,new_lower_rho_same_seed_schedule,False,13,2.6876284927864256,0.99845,19969,0.0015500000000000513,152.67175572519085,131,1,16,1.1130329727920487,False,-0.1452234056961692,False,ok,,0.004320332955103368
9,8,Normal,20000,2,0.1,11,2026108711,2.8328518984825948,new_lower_rho_same_seed_schedule,False,14,2.6752498930555086,0.99875,19975,0.0012499999999999734,136.05442176870747,147,1,17,1.1203169733175797,False,-0.15760200542708613,False,ok,,0.0044797079754062
9,8,Normal,20000,2,0.1,11,2026108711,2.8328518984825948,new_lower_rho_same_seed_schedule,False,15,2.658485880018427,0.998,19960,0.0020000000000000018,121.95121951219512,164,1,17,1.127862452031904,False,-0.174366018464168,False,ok,,0.004891749995294958
9,8,Normal,20000,2,0.1,11,2026108711,2.8328518984825948,new_lower_rho_same_seed_schedule,False,16,2.647762397900802,0.99835,19967,0.0016500000000000403,109.2896174863388,183,1,21,1.1343628103716306,False,-0.18508950058179297,False,ok,,0.004854958038777113
9,8,Normal,20000,2,0.1,11,2026108711,2.8328518984825948,new_lower_rho_same_seed_schedule,False,17,2.6331035291451705,0.9974,19948,0.0026000000000000467,98.03921568627452,204,1,20,1.1417360225145932,False,-0.19974836933742424,False,ok,,0.004499792004935443
9,8,Normal,20000,2,0.1,11,2026108711,2.8328518984825948,new_lower_rho_same_seed_schedule,False,18,2.614547099355836,0.99755,19951,0.002449999999999952,87.71929824561404,228,1,25,1.1512911951340215,False,-0.21830479912675882,False,ok,,0.00455595797393471
9,8,Normal,20000,2,0.1,11,2026108711,2.8328518984825948,new_lower_rho_same_seed_schedule,False,19,2.6028534256762157,0.99665,19933,0.003349999999999964,79.6812749003984,251,1,29,1.154934615727041,False,-0.22999847280637908,False,ok,,0.0048817089991644025
9,8,Normal,20000,2,0.1,11,2026108711,2.8328518984825948,new_lower_rho_same_seed_schedule,False,20,2.592517846741097,0.9971,19942,0.0029000000000000137,73.52941176470588,272,1,34,1.1666453658600584,False,-0.24033405174149758,False,ok,,0.004920166975352913
9,8,Normal,20000,2,0.1,11,2026108711,2.8328518984825948,new_lower_rho_same_seed_schedule,False,21,2.5772425054594965,0.99655,19931,0.003449999999999953,68.02721088435374,294,1,35,1.1736540378865181,False,-0.25560939302309826,False,ok,,0.005183000001125038
9,8,Normal,20000,2,0.1,11,2026108711,2.8328518984825948,new_lower_rho_same_seed_schedule,False,22,2.5590404612009268,0.9958,19916,0.0041999999999999815,62.30529595015577,321,1,38,1.1780703707613283,False,-0.273811437281668,False,ok,,0.005391583021264523
9,8,Normal,20000,2,0.1,11,2026108711,2.8328518984825948,new_lower_rho_same_seed_schedule,False,23,2.5449003647100916,0.9958,19916,0.0041999999999999815,57.142857142857146,350,1,53,1.1865230765823558,False,-0.28795153377250315,False,ok,,0.004591208009514958
9,8,Normal,20000,2,0.1,11,2026108711,2.8328518984825948,new_lower_rho_same_seed_schedule,False,24,2.538057364317858,0.9953,19906,0.0047000000000000375,53.333333333333336,375,1,54,1.1935581996088795,False,-0.2947945341647369,False,ok,,0.004558291984722018
9,8,Normal,20000,2,0.1,11,2026108711,2.8328518984825948,new_lower_rho_same_seed_schedule,False,25,2.5164692810757354,0.99385,19877,0.006149999999999989,49.382716049382715,405,1,58,1.2000288642454948,False,-0.31638261740685936,False,ok,,0.004746000049635768
9,8,Normal,20000,2,0.1,11,2026108711,2.8328518984825948,new_lower_rho_same_seed_schedule,False,26,2.5022670803432265,0.9939,19878,0.006099999999999994,46.403712296983755,431,1,65,1.2067309592412938,False,-0.33058481813936824,False,ok,,0.0048690419644117355
9,8,Normal,20000,2,0.1,11,2026108711,2.8328518984825948,new_lower_rho_same_seed_schedule,False,27,2.49009331619726,0.99425,19885,0.005750000000000033,43.7636761487965,457,1,67,1.2151158502464952,False,-0.34275858228533496,False,ok,,0.0047854590229690075
9,8,Normal,20000,2,0.1,11,2026108711,2.8328518984825948,new_lower_rho_same_seed_schedule,False,28,2.4791473013358263,0.99275,19855,0.007249999999999979,40.899795501022496,489,1,77,1.2203334695632215,False,-0.3537045971467685,False,ok,,0.004650500020943582
9,8,Normal,20000,2,0.1,11,2026108711,2.8328518984825948,new_lower_rho_same_seed_schedule,False,29,2.458491095990348,0.99295,19859,0.007050000000000001,39.603960396039604,505,1,72,1.2254868005058959,False,-0.3743608024922467,False,ok,,0.004937250050716102
9,8,Normal,20000,2,0.1,11,2026108711,2.8328518984825948,new_lower_rho_same_seed_schedule,False,30,2.4361981540703384,0.9916,19832,0.008399999999999963,36.90036900369004,542,1,77,1.2340769130450968,False,-0.3966537444122564,False,ok,,0.0049907080247066915
9,8,Normal,20000,2,0.1,11,2026108711,2.8328518984825948,new_lower_rho_same_seed_schedule,False,31,2.4252167203182564,0.99165,19833,0.008349999999999969,34.542314335060446,579,1,90,1.2406461122409491,False,-0.40763517816433836,False,ok,,0.004790125007275492
9,8,Normal,20000,2,0.1,11,2026108711,2.8328518984825948,new_lower_rho_same_seed_schedule,False,32,2.414212529536942,0.9907,19814,0.009299999999999975,33.00330033003301,606,1,94,1.243288620378018,False,-0.4186393689456529,False,ok,,0.005207334004808217
9,8,Normal,20000,2,0.1,11,2026108711,2.8328518984825948,new_lower_rho_same_seed_schedule,False,33,2.3996491485122395,0.99005,19801,0.009950000000000014,31.201248049921997,641,1,110,1.2528021313285234,False,-0.43320274997035524,False,ok,,0.004941624996718019
9,8,Normal,20000,2,0.1,11,2026108711,2.8328518984825948,new_lower_rho_same_seed_schedule,False,34,2.3811334343255006,0.98935,19787,0.010650000000000048,29.455081001472752,679,1,124,1.2574102181269489,False,-0.45171846415709416,False,ok,,0.00493016600375995
9,8,Normal,20000,2,0.1,11,2026108711,2.8328518984825948,new_lower_rho_same_seed_schedule,False,35,2.3674168865790923,0.9893,19786,0.010700000000000043,28.40909090909091,704,1,115,1.265220369998843,False,-0.46543501190350245,False,ok,,0.004828666977118701
9,8,Normal,20000,2,0.1,11,2026108711,2.8328518984825948,new_lower_rho_same_seed_schedule,False,36,2.3479860218229227,0.9881,19762,0.011900000000000022,27.137042062415198,737,1,121,1.268813891798848,False,-0.48486587665967207,False,ok,,0.0052889580256305635
9,8,Normal,20000,2,0.1,11,2026108711,2.8328518984825948,new_lower_rho_same_seed_schedule,False,37,2.335182878985419,0.9883,19766,0.011700000000000044,25.906735751295336,772,1,142,1.27630941342634,False,-0.49766901949717557,False,ok,,0.004904375004116446
9,8,Normal,20000,2,0.1,11,2026108711,2.8328518984825948,new_lower_rho_same_seed_schedule,False,38,2.3214887986607917,0.988,19760,0.01200000000000001,25.031289111389235,799,1,141,1.282066308936443,False,-0.5113630998218031,False,ok,,0.004987917025573552
9,8,Normal,20000,2,0.1,11,2026108711,2.8328518984825948,new_lower_rho_same_seed_schedule,False,39,2.3130237076737763,0.98565,19713,0.014349999999999974,23.781212841854934,841,1,147,1.2864993369105309,False,-0.5198281908088185,False,ok,,0.0051923750434070826
9,8,Normal,20000,2,0.1,11,2026108711,2.8328518984825948,new_lower_rho_same_seed_schedule,False,40,2.291643371768426,0.98495,19699,0.015050000000000008,22.573363431151243,886,1,171,1.2910631315724694,False,-0.5412085267141689,False,ok,,0.00519150000764057
9,8,Normal,20000,2,0.1,12,2026108712,2.8328518984825948,new_lower_rho_same_seed_schedule,False,1,2.838029855226457,1.0,20000,0.0,20000.0,1,20000,0,1.0222528160732391,False,0.005177956743862122,False,ok,,0.0038760420284233987
9,8,Normal,20000,2,0.1,12,2026108712,2.8328518984825948,new_lower_rho_same_seed_schedule,False,2,2.8184131022519208,1.0,20000,0.0,5000.0,4,3470,0,1.0357489783697136,False,-0.014438796230674011,False,ok,,0.00443745800293982
9,8,Normal,20000,2,0.1,12,2026108712,2.8328518984825948,new_lower_rho_same_seed_schedule,False,3,2.8047361409312535,1.0,20000,0.0,2222.222222222222,9,59,0,1.0346305066238994,False,-0.028115757551341325,False,ok,,0.004139124997891486
9,8,Normal,20000,2,0.1,12,2026108712,2.8328518984825948,new_lower_rho_same_seed_schedule,False,4,2.7944364055886863,0.99995,19999,4.999999999999449e-05,1250.0,16,1,1,1.0425923055210564,False,-0.03841549289390844,False,ok,,0.00401108298683539
9,8,Normal,20000,2,0.1,12,2026108712,2.8328518984825948,new_lower_rho_same_seed_schedule,False,5,2.7845185964594825,0.99995,19999,4.999999999999449e-05,833.3333333333334,24,1,1,1.051488649273055,False,-0.04833330202311226,False,ok,,0.0045951250358484685
9,8,Normal,20000,2,0.1,12,2026108712,2.8328518984825948,new_lower_rho_same_seed_schedule,False,6,2.772563918491861,0.99975,19995,0.00024999999999997247,588.2352941176471,34,1,2,1.0570829220018372,False,-0.06028797999073365,False,ok,,0.0043011659872718155
9,8,Normal,20000,2,0.1,12,2026108712,2.8328518984825948,new_lower_rho_same_seed_schedule,False,7,2.7615203469405207,0.9999,19998,9.999999999998899e-05,476.1904761904762,42,1,1,1.0650976797891964,False,-0.07133155154207405,False,ok,,0.004306874994654208
9,8,Normal,20000,2,0.1,12,2026108712,2.8328518984825948,new_lower_rho_same_seed_schedule,False,8,2.751179379708845,0.9996,19992,0.00039999999999995595,363.6363636363636,55,1,3,1.0724562817926675,False,-0.08167251877374992,False,ok,,0.004148832987993956
9,8,Normal,20000,2,0.1,12,2026108712,2.8328518984825948,new_lower_rho_same_seed_schedule,False,9,2.737411508347266,0.9997,19994,0.00029999999999996696,303.030303030303,66,1,1,1.079873701857646,False,-0.0954403901353289,False,ok,,0.004605291993357241
9,8,Normal,20000,2,0.1,12,2026108712,2.8328518984825948,new_lower_rho_same_seed_schedule,False,10,2.725234358071146,0.9991,19982,0.0009000000000000119,243.90243902439025,82,1,8,1.0902681514770514,False,-0.10761754041144878,False,ok,,0.004588750016409904
9,8,Normal,20000,2,0.1,12,2026108712,2.8328518984825948,new_lower_rho_same_seed_schedule,False,11,2.7131667956789305,0.99915,19983,0.0008500000000000174,210.52631578947367,95,1,7,1.0952407411661857,False,-0.11968510280366429,False,ok,,0.004278582986444235
9,8,Normal,20000,2,0.1,12,2026108712,2.8328518984825948,new_lower_rho_same_seed_schedule,False,12,2.7000894175049437,0.99845,19969,0.0015500000000000513,173.91304347826087,115,1,15,1.1016544903539072,False,-0.1327624809776511,False,ok,,0.0042370830196887255
9,8,Normal,20000,2,0.1,12,2026108712,2.8328518984825948,new_lower_rho_same_seed_schedule,False,13,2.690346114261166,0.99865,19973,0.0013499999999999623,152.67175572519085,131,1,19,1.1116636334425058,False,-0.14250578422142857,False,ok,,0.004519791982602328
9,8,Normal,20000,2,0.1,12,2026108712,2.8328518984825948,new_lower_rho_same_seed_schedule,False,14,2.676458195632906,0.99855,19971,0.0014499999999999513,138.88888888888889,144,1,13,1.118520504362144,False,-0.15639370284968868,False,ok,,0.004594624973833561
9,8,Normal,20000,2,0.1,12,2026108712,2.8328518984825948,new_lower_rho_same_seed_schedule,False,15,2.6624049350883503,0.9984,19968,0.0016000000000000458,123.45679012345678,162,1,13,1.126037181183492,False,-0.17044696339424448,False,ok,,0.004389375040773302
9,8,Normal,20000,2,0.1,12,2026108712,2.8328518984825948,new_lower_rho_same_seed_schedule,False,16,2.653417081498158,0.9977,19954,0.0022999999999999687,108.69565217391305,184,1,20,1.1344259236575231,False,-0.17943481698443664,False,ok,,0.004567541996948421
9,8,Normal,20000,2,0.1,12,2026108712,2.8328518984825948,new_lower_rho_same_seed_schedule,False,17,2.635537590005263,0.998,19960,0.0020000000000000018,100.50251256281408,199,1,20,1.1417188835728929,False,-0.19731430847733167,False,ok,,0.004738083982374519
9,8,Normal,20000,2,0.1,12,2026108712,2.8328518984825948,new_lower_rho_same_seed_schedule,False,18,2.625930116148903,0.99705,19941,0.002950000000000008,88.49557522123894,226,1,30,1.1481937114531584,False,-0.20692178233369196,False,ok,,0.004402332997415215
9,8,Normal,20000,2,0.1,12,2026108712,2.8328518984825948,new_lower_rho_same_seed_schedule,False,19,2.6115160828258617,0.9968,19936,0.0031999999999999806,80.64516129032258,248,1,34,1.1550790338955863,False,-0.2213358156567331,False,ok,,0.00445616600336507
9,8,Normal,20000,2,0.1,12,2026108712,2.8328518984825948,new_lower_rho_same_seed_schedule,False,20,2.5958092357771094,0.9968,19936,0.0031999999999999806,73.80073800738008,271,1,38,1.1633745177789978,False,-0.23704266270548535,False,ok,,0.004735749971587211
9,8,Normal,20000,2,0.1,12,2026108712,2.8328518984825948,new_lower_rho_same_seed_schedule,False,21,2.5834525003691233,0.9966,19932,0.0033999999999999586,68.96551724137932,290,1,41,1.1685527603651065,False,-0.24939939811347145,False,ok,,0.004635500023141503
9,8,Normal,20000,2,0.1,12,2026108712,2.8328518984825948,new_lower_rho_same_seed_schedule,False,22,2.57079901560708,0.99545,19909,0.004550000000000054,63.09148264984227,317,1,47,1.1735959286336217,False,-0.26205288287551465,False,ok,,0.004562582995276898
9,8,Normal,20000,2,0.1,12,2026108712,2.8328518984825948,new_lower_rho_same_seed_schedule,False,23,2.555447607377386,0.9955,19910,0.0044999999999999485,58.309037900874635,343,1,54,1.1856724717813965,False,-0.2774042911052086,False,ok,,0.004650249960832298
9,8,Normal,20000,2,0.1,12,2026108712,2.8328518984825948,new_lower_rho_same_seed_schedule,False,24,2.537881959826351,0.9946,19892,0.00539999999999996,54.054054054054056,370,1,61,1.1883466042024842,False,-0.2949699386562439,False,ok,,0.00488441699417308
9,8,Normal,20000,2,0.1,12,2026108712,2.8328518984825948,new_lower_rho_same_seed_schedule,False,25,2.5290397529789876,0.99455,19891,0.005449999999999955,51.02040816326531,392,1,56,1.1976850904200984,False,-0.30381214550360713,False,ok,,0.004637791949789971
9,8,Normal,20000,2,0.1,12,2026108712,2.8328518984825948,new_lower_rho_same_seed_schedule,False,26,2.51103376668961,0.99405,19881,0.005950000000000011,47.16981132075472,424,1,67,1.2044693910616076,False,-0.3218181317929849,False,ok,,0.004596790997311473
9,8,Normal,20000,2,0.1,12,2026108712,2.8328518984825948,new_lower_rho_same_seed_schedule,False,27,2.5032578466943587,0.994,19880,0.006000000000000005,44.84304932735426,446,1,65,1.2150590934696255,False,-0.3295940517882361,False,ok,,0.004728291998617351
9,8,Normal,20000,2,0.1,12,2026108712,2.8328518984825948,new_lower_rho_same_seed_schedule,False,28,2.4790158800981246,0.9936,19872,0.006399999999999961,42.3728813559322,472,1,66,1.2174957148266181,False,-0.3538360183844702,False,ok,,0.004782875010278076
9,8,Normal,20000,2,0.1,12,2026108712,2.8328518984825948,new_lower_rho_same_seed_schedule,False,29,2.465726330688446,0.9928,19856,0.007199999999999984,40.08016032064128,499,1,78,1.2220232732958938,False,-0.36712556779414873,False,ok,,0.004799665999598801
9,8,Normal,20000,2,0.1,12,2026108712,2.8328518984825948,new_lower_rho_same_seed_schedule,False,30,2.458303385081498,0.993,19860,0.007000000000000006,37.95066413662239,527,1,79,1.232281070179093,False,-0.3745485134010966,False,ok,,0.004742624994833022
9,8,Normal,20000,2,0.1,12,2026108712,2.8328518984825948,new_lower_rho_same_seed_schedule,False,31,2.4394264731078708,0.9915,19830,0.008499999999999952,35.650623885918,561,1,89,1.2351524251748784,False,-0.393425425374724,False,ok,,0.004915416007861495
9,8,Normal,20000,2,0.1,12,2026108712,2.8328518984825948,new_lower_rho_same_seed_schedule,False,32,2.4237803368741915,0.992,19840,0.008000000000000007,33.557046979865774,596,1,106,1.2465284814818738,False,-0.4090715616084033,False,ok,,0.004852707963436842
9,8,Normal,20000,2,0.1,12,2026108712,2.8328518984825948,new_lower_rho_same_seed_schedule,False,33,2.4140745036488456,0.99095,19819,0.009050000000000002,32.0,625,1,106,1.248270156576243,False,-0.4187773948337492,False,ok,,0.004753125016577542
9,8,Normal,20000,2,0.1,12,2026108712,2.8328518984825948,new_lower_rho_same_seed_schedule,False,34,2.3884181388382846,0.9907,19814,0.009299999999999975,30.53435114503817,655,1,109,1.2587819551155865,False,-0.4444337596443102,False,ok,,0.005212042015045881
9,8,Normal,20000,2,0.1,12,2026108712,2.8328518984825948,new_lower_rho_same_seed_schedule,False,35,2.380895069198455,0.98925,19785,0.010750000000000037,29.154518950437318,686,1,113,1.259178916634081,False,-0.4519568292841396,False,ok,,0.005143333983141929
9,8,Normal,20000,2,0.1,12,2026108712,2.8328518984825948,new_lower_rho_same_seed_schedule,False,36,2.366942655187908,0.9893,19786,0.010700000000000043,27.816411682892905,719,1,128,1.2680855789896286,False,-0.46590924329468697,False,ok,,0.004953249997925013
9,8,Normal,20000,2,0.1,12,2026108712,2.8328518984825948,new_lower_rho_same_seed_schedule,False,37,2.346852394706187,0.98895,19779,0.011050000000000004,26.7022696929239,749,1,126,1.2760698524374383,False,-0.48599950377640777,False,ok,,0.004890666983556002
9,8,Normal,20000,2,0.1,12,2026108712,2.8328518984825948,new_lower_rho_same_seed_schedule,False,38,2.3342914420312058,0.9884,19768,0.011600000000000055,25.70694087403599,778,1,128,1.2795571991925339,False,-0.498560456451389,False,ok,,0.0053971249726600945
9,8,Normal,20000,2,0.1,12,2026108712,2.8328518984825948,new_lower_rho_same_seed_schedule,False,39,2.3185295425774863,0.98765,19753,0.012349999999999972,24.360535931790498,821,1,150,1.2881709326948638,False,-0.5143223559051084,False,ok,,0.005004083970561624
9,8,Normal,20000,2,0.1,12,2026108712,2.8328518984825948,new_lower_rho_same_seed_schedule,False,40,2.3021518792091036,0.9857,19714,0.01429999999999998,23.174971031286212,863,1,165,1.2921922235069287,False,-0.5307000192734912,False,ok,,0.004991416004486382
9,8,Normal,20000,2,0.1,13,2026108713,2.8328518984825948,new_lower_rho_same_seed_schedule,False,1,2.836202014335493,1.0,20000,0.0,20000.0,1,20000,0,1.0225722036905647,False,0.003350115852898128,False,ok,,0.00391541700810194
9,8,Normal,20000,2,0.1,13,2026108713,2.8328518984825948,new_lower_rho_same_seed_schedule,False,2,2.8144204618411006,1.0,20000,0.0,5000.0,4,4134,0,1.0357109196955983,False,-0.01843143664149416,False,ok,,0.004025875008665025
9,8,Normal,20000,2,0.1,13,2026108713,2.8328518984825948,new_lower_rho_same_seed_schedule,False,3,2.8039926687776022,1.0,20000,0.0,2222.222222222222,9,72,0,1.0354195189930815,False,-0.02885922970499255,False,ok,,0.0038556670187972486
9,8,Normal,20000,2,0.1,13,2026108713,2.8328518984825948,new_lower_rho_same_seed_schedule,False,4,2.7917039836815545,1.0,20000,0.0,1250.0,16,3,0,1.0415724224549388,False,-0.0411479148010403,False,ok,,0.004201792005915195
9,8,Normal,20000,2,0.1,13,2026108713,2.8328518984825948,new_lower_rho_same_seed_schedule,False,5,2.7808611547868107,0.99995,19999,4.999999999999449e-05,869.5652173913044,23,2,0,1.0485265619060975,False,-0.05199074369578405,False,ok,,0.004479082999750972
9,8,Normal,20000,2,0.1,13,2026108713,2.8328518984825948,new_lower_rho_same_seed_schedule,False,6,2.770388264692193,0.99985,19997,0.00014999999999998348,606.060606060606,33,1,1,1.056317579789744,False,-0.06246363379040165,False,ok,,0.0040116250165738165
9,8,Normal,20000,2,0.1,13,2026108713,2.8328518984825948,new_lower_rho_same_seed_schedule,False,7,2.758175422647397,0.99985,19997,0.00014999999999998348,476.1904761904762,42,1,1,1.064395761018728,False,-0.07467647583519765,False,ok,,0.0039942500297911465
9,8,Normal,20000,2,0.1,13,2026108713,2.8328518984825948,new_lower_rho_same_seed_schedule,False,8,2.74801836231439,0.99985,19997,0.00014999999999998348,357.14285714285717,56,1,1,1.073239645651698,False,-0.08483353616820466,False,ok,,0.004283124988432974
9,8,Normal,20000,2,0.1,13,2026108713,2.8328518984825948,new_lower_rho_same_seed_schedule,False,9,2.7335199047628063,0.99945,19989,0.0005500000000000504,289.8550724637681,69,1,4,1.0799049866076649,False,-0.09933199371978851,False,ok,,0.004292749974410981
9,8,Normal,20000,2,0.1,13,2026108713,2.8328518984825948,new_lower_rho_same_seed_schedule,False,10,2.721165931677908,0.99905,19981,0.0009500000000000064,238.0952380952381,84,1,7,1.0875357191838364,False,-0.11168596680468657,False,ok,,0.0041820419719442725
9,8,Normal,20000,2,0.1,13,2026108713,2.8328518984825948,new_lower_rho_same_seed_schedule,False,11,2.709090433781198,0.99865,19973,0.0013499999999999623,200.0,100,1,12,1.0947911187024795,False,-0.12376146470139693,False,ok,,0.00424566597212106
9,8,Normal,20000,2,0.1,13,2026108713,2.8328518984825948,new_lower_rho_same_seed_schedule,False,12,2.699287828606827,0.99895,19979,0.0010499999999999954,176.99115044247787,113,1,16,1.1030665504149344,False,-0.13356406987576763,False,ok,,0.004405291983857751
9,8,Normal,20000,2,0.1,13,2026108713,2.8328518984825948,new_lower_rho_same_seed_schedule,False,13,2.6836177301223634,0.9983,19966,0.0017000000000000348,153.84615384615384,130,1,16,1.1101377365471459,False,-0.1492341683602314,False,ok,,0.00424383400240913
9,8,Normal,20000,2,0.1,13,2026108713,2.8328518984825948,new_lower_rho_same_seed_schedule,False,14,2.6731626023990027,0.99785,19957,0.0021499999999999853,134.2281879194631,149,1,21,1.116987858926058,False,-0.15968929608359206,False,ok,,0.004320458974689245
9,8,Normal,20000,2,0.1,13,2026108713,2.8328518984825948,new_lower_rho_same_seed_schedule,False,15,2.655686803895371,0.9976,19952,0.0023999999999999577,116.27906976744185,172,1,30,1.1274436875477065,False,-0.17716509458722385,False,ok,,0.004375165968667716
9,8,Normal,20000,2,0.1,13,2026108713,2.8328518984825948,new_lower_rho_same_seed_schedule,False,16,2.6485738095056193,0.9974,19948,0.0026000000000000467,105.26315789473684,190,1,32,1.1308030885619922,False,-0.1842780889769755,False,ok,,0.004635124991182238
9,8,Normal,20000,2,0.1,13,2026108713,2.8328518984825948,new_lower_rho_same_seed_schedule,False,17,2.635291300394473,0.9974,19948,0.0026000000000000467,97.5609756097561,205,1,30,1.1409331054294276,False,-0.19756059808812187,False,ok,,0.004506291996221989
9,8,Normal,20000,2,0.1,13,2026108713,2.8328518984825948,new_lower_rho_same_seed_schedule,False,18,2.6192145650990355,0.99685,19937,0.003149999999999986,88.10572687224669,227,1,33,1.1483949168579088,False,-0.21363733338355928,False,ok,,0.004426583007443696
9,8,Normal,20000,2,0.1,13,2026108713,2.8328518984825948,new_lower_rho_same_seed_schedule,False,19,2.605964627741957,0.9971,19942,0.0029000000000000137,81.30081300813008,246,1,38,1.1541167489244843,False,-0.22688727074063797,False,ok,,0.004677666001953185
9,8,Normal,20000,2,0.1,13,2026108713,2.8328518984825948,new_lower_rho_same_seed_schedule,False,20,2.591895461446237,0.9959,19918,0.0040999999999999925,72.99270072992701,274,1,46,1.1607519229158634,False,-0.24095643703635794,False,ok,,0.00469879200682044
9,8,Normal,20000,2,0.1,13,2026108713,2.8328518984825948,new_lower_rho_same_seed_schedule,False,21,2.5777721518503687,0.99615,19923,0.00385000000000002,67.79661016949153,295,1,44,1.168994709071156,False,-0.2550797466322261,False,ok,,0.004688624991104007
9,8,Normal,20000,2,0.1,13,2026108713,2.8328518984825948,new_lower_rho_same_seed_schedule,False,22,2.5639669464949284,0.99535,19907,0.004650000000000043,62.69592476489028,319,1,50,1.1780886107468367,False,-0.2688849519876664,False,ok,,0.004545042000245303
9,8,Normal,20000,2,0.1,13,2026108713,2.8328518984825948,new_lower_rho_same_seed_schedule,False,23,2.5505874927303265,0.9949,19898,0.005099999999999993,57.971014492753625,345,1,57,1.1817928920080578,False,-0.2822644057522683,False,ok,,0.004796041001100093
9,8,Normal,20000,2,0.1,13,2026108713,2.8328518984825948,new_lower_rho_same_seed_schedule,False,24,2.5389955467663357,0.99395,19879,0.00605,53.475935828877006,374,1,65,1.1874482631271606,False,-0.2938563517162591,False,ok,,0.004515709006227553
9,8,Normal,20000,2,0.1,13,2026108713,2.8328518984825948,new_lower_rho_same_seed_schedule,False,25,2.5227183692364963,0.99445,19889,0.005550000000000055,50.63291139240506,395,1,67,1.1971827880721708,False,-0.3101335292460985,False,ok,,0.004522083967458457
9,8,Normal,20000,2,0.1,13,2026108713,2.8328518984825948,new_lower_rho_same_seed_schedule,False,26,2.506820970930827,0.99435,19887,0.005650000000000044,47.961630695443645,417,1,66,1.2038869290015055,False,-0.32603092755176766,False,ok,,0.00454629200976342
9,8,Normal,20000,2,0.1,13,2026108713,2.8328518984825948,new_lower_rho_same_seed_schedule,False,27,2.493753616135421,0.99305,19861,0.006950000000000012,44.642857142857146,448,1,74,1.2076458194556585,False,-0.339098282347174,False,ok,,0.004787791986018419
9,8,Normal,20000,2,0.1,13,2026108713,2.8328518984825948,new_lower_rho_same_seed_schedule,False,28,2.476869255723488,0.9932,19864,0.006800000000000028,42.46284501061571,471,1,82,1.2126017207385444,False,-0.35598264275910685,False,ok,,0.0046048330259509385
9,8,Normal,20000,2,0.1,13,2026108713,2.8328518984825948,new_lower_rho_same_seed_schedule,False,29,2.4678803769182798,0.99255,19851,0.007449999999999957,39.920159680638726,501,1,86,1.2250223326926208,False,-0.364971521564315,False,ok,,0.004674208001233637
9,8,Normal,20000,2,0.1,13,2026108713,2.8328518984825948,new_lower_rho_same_seed_schedule,False,30,2.4483920423715344,0.99205,19841,0.007950000000000013,37.5234521575985,533,1,95,1.231692281005473,False,-0.38445985611106037,False,ok,,0.004893250006716698
9,8,Normal,20000,2,0.1,13,2026108713,2.8328518984825948,new_lower_rho_same_seed_schedule,False,31,2.434282467494308,0.99165,19833,0.008349999999999969,35.650623885918,561,1,94,1.2354601533196023,False,-0.39856943098828657,False,ok,,0.004967666987795383
9,8,Normal,20000,2,0.1,13,2026108713,2.8328518984825948,new_lower_rho_same_seed_schedule,False,32,2.420686125138085,0.9905,19810,0.009499999999999953,33.557046979865774,596,1,103,1.240073215599868,False,-0.41216577334450966,False,ok,,0.0048256670124828815
9,8,Normal,20000,2,0.1,13,2026108713,2.8328518984825948,new_lower_rho_same_seed_schedule,False,33,2.4089101769449397,0.9913,19826,0.008700000000000041,32.414910858995135,617,1,103,1.2504055795805094,False,-0.4239417215376551,False,ok,,0.005047666956670582
9,8,Normal,20000,2,0.1,13,2026108713,2.8328518984825948,new_lower_rho_same_seed_schedule,False,34,2.391972081813627,0.99,19800,0.010000000000000009,30.816640986132512,649,1,105,1.2528263582462775,False,-0.4408798166689678,False,ok,,0.0048270419938489795
9,8,Normal,20000,2,0.1,13,2026108713,2.8328518984825948,new_lower_rho_same_seed_schedule,False,35,2.375227321821958,0.989,19780,0.01100000000000001,29.197080291970803,685,1,118,1.2587953945338597,False,-0.4576245766606366,False,ok,,0.004851625009905547
9,8,Normal,20000,2,0.1,13,2026108713,2.8328518984825948,new_lower_rho_same_seed_schedule,False,36,2.3616930860229157,0.98865,19773,0.011349999999999971,27.700831024930746,722,1,142,1.2662548956201267,False,-0.47115881245967905,False,ok,,0.004859042004682124
9,8,Normal,20000,2,0.1,13,2026108713,2.8328518984825948,new_lower_rho_same_seed_schedule,False,37,2.3453362199734156,0.98905,19781,0.010950000000000015,26.7022696929239,749,1,142,1.272734759241932,False,-0.4875156785091792,False,ok,,0.0052617919864133
9,8,Normal,20000,2,0.1,13,2026108713,2.8328518984825948,new_lower_rho_same_seed_schedule,False,38,2.3299454991558863,0.98785,19757,0.012149999999999994,25.70694087403599,778,1,138,1.2767722633412808,False,-0.5029063993267084,False,ok,,0.004943583044223487
9,8,Normal,20000,2,0.1,13,2026108713,2.8328518984825948,new_lower_rho_same_seed_schedule,False,39,2.3105865427411585,0.98735,19747,0.01265000000000005,24.600246002460025,813,1,147,1.2854150519678889,False,-0.5222653557414363,False,ok,,0.005073333042673767
9,8,Normal,20000,2,0.1,13,2026108713,2.8328518984825948,new_lower_rho_same_seed_schedule,False,40,2.298490275520459,0.98655,19731,0.013449999999999962,23.364485981308412,856,1,163,1.2896885093975343,False,-0.5343616229621357,False,ok,,0.005272291949950159
9,8,Normal,20000,2,0.1,14,2026108714,2.8328518984825948,new_lower_rho_same_seed_schedule,False,1,2.8382895391168232,1.0,20000,0.0,20000.0,1,20000,0,1.0229630514931543,False,0.005437640634228469,False,ok,,0.003866708022542298
9,8,Normal,20000,2,0.1,14,2026108714,2.8328518984825948,new_lower_rho_same_seed_schedule,False,2,2.8155719326693585,1.0,20000,0.0,5000.0,4,3268,0,1.03533624192222,False,-0.01727996581323632,False,ok,,0.003779917024075985
9,8,Normal,20000,2,0.1,14,2026108714,2.8328518984825948,new_lower_rho_same_seed_schedule,False,3,2.805690274974886,1.0,20000,0.0,2222.222222222222,9,35,0,1.0336767152116582,False,-0.027161623507708565,False,ok,,0.003913708962500095
9,8,Normal,20000,2,0.1,14,2026108714,2.8328518984825948,new_lower_rho_same_seed_schedule,False,4,2.7927819070573108,0.9999,19998,9.999999999998899e-05,1250.0,16,1,2,1.0404826319981335,False,-0.040069991425284,False,ok,,0.004248209006618708
9,8,Normal,20000,2,0.1,14,2026108714,2.8328518984825948,new_lower_rho_same_seed_schedule,False,5,2.783395603259124,1.0,20000,0.0,909.0909090909091,22,3,0,1.0460404744233542,False,-0.049456295223470725,False,ok,,0.004177541995886713
9,8,Normal,20000,2,0.1,14,2026108714,2.8328518984825948,new_lower_rho_same_seed_schedule,False,6,2.7713908111048555,0.99985,19997,0.00014999999999998348,666.6666666666666,30,1,2,1.0526091972993756,False,-0.061461087377739254,False,ok,,0.004196833004243672
9,8,Normal,20000,2,0.1,14,2026108714,2.8328518984825948,new_lower_rho_same_seed_schedule,False,7,2.7634921547192484,0.99985,19997,0.00014999999999998348,512.8205128205128,39,1,2,1.0609955791479007,False,-0.06935974376334642,False,ok,,0.004053084005136043
9,8,Normal,20000,2,0.1,14,2026108714,2.8328518984825948,new_lower_rho_same_seed_schedule,False,8,2.7526405412648725,0.99955,19991,0.00044999999999995044,392.15686274509807,51,1,5,1.0685845859510004,False,-0.08021135721772232,False,ok,,0.0043681670213118196
9,8,Normal,20000,2,0.1,14,2026108714,2.8328518984825948,new_lower_rho_same_seed_schedule,False,9,2.7417818895950554,0.99965,19993,0.00034999999999996145,344.82758620689657,58,1,3,1.0739730943154093,False,-0.09107000888753936,False,ok,,0.004224208008963615
9,8,Normal,20000,2,0.1,14,2026108714,2.8328518984825948,new_lower_rho_same_seed_schedule,False,10,2.730722588301991,0.99945,19989,0.0005500000000000504,277.77777777777777,72,1,6,1.0816815384298506,False,-0.10212931018060356,False,ok,,0.004154249967541546
9,8,Normal,20000,2,0.1,14,2026108714,2.8328518984825948,new_lower_rho_same_seed_schedule,False,11,2.716363303192294,0.99915,19983,0.0008500000000000174,229.88505747126436,87,1,10,1.0891693814895638,False,-0.11648859529030098,False,ok,,0.0047666250029578805
9,8,Normal,20000,2,0.1,14,2026108714,2.8328518984825948,new_lower_rho_same_seed_schedule,False,12,2.7078015328956546,0.99885,19977,0.0011499999999999844,200.0,100,1,9,1.0963366095410547,False,-0.12505036558694016,False,ok,,0.004312541976105422
9,8,Normal,20000,2,0.1,14,2026108714,2.8328518984825948,new_lower_rho_same_seed_schedule,False,13,2.695178160076087,0.9985,19970,0.0014999999999999458,172.41379310344828,116,1,15,1.1037762219621972,False,-0.13767373840650787,False,ok,,0.004303625028114766
9,8,Normal,20000,2,0.1,14,2026108714,2.8328518984825948,new_lower_rho_same_seed_schedule,False,14,2.6863425732233965,0.9987,19974,0.0012999999999999678,155.03875968992247,129,1,12,1.110035695797452,False,-0.14650932525919824,False,ok,,0.00424887501867488
9,8,Normal,20000,2,0.1,14,2026108714,2.8328518984825948,new_lower_rho_same_seed_schedule,False,15,2.6718968730255885,0.99835,19967,0.0016500000000000403,133.33333333333334,150,1,18,1.1179439433454341,False,-0.16095502545700624,False,ok,,0.004501999996136874
9,8,Normal,20000,2,0.1,14,2026108714,2.8328518984825948,new_lower_rho_same_seed_schedule,False,16,2.66324689201585,0.99805,19961,0.0019500000000000073,120.48192771084338,166,1,23,1.125531673153367,False,-0.1696050064667447,False,ok,,0.00441712501924485
9,8,Normal,20000,2,0.1,14,2026108714,2.8328518984825948,new_lower_rho_same_seed_schedule,False,17,2.650807381358261,0.9978,19956,0.0021999999999999797,110.49723756906077,181,1,21,1.130600484004866,False,-0.1820445171243339,False,ok,,0.004332832992076874
9,8,Normal,20000,2,0.1,14,2026108714,2.8328518984825948,new_lower_rho_same_seed_schedule,False,18,2.639034377574575,0.998,19960,0.0020000000000000018,103.09278350515464,194,1,18,1.1399547369653054,False,-0.19381752090801996,False,ok,,0.004404916020575911
9,8,Normal,20000,2,0.1,14,2026108714,2.8328518984825948,new_lower_rho_same_seed_schedule,False,19,2.6252638268347064,0.99745,19949,0.0025500000000000522,90.9090909090909,220,1,27,1.1439245566589353,False,-0.2075880716478884,False,ok,,0.004610957985278219
9,8,Normal,20000,2,0.1,14,2026108714,2.8328518984825948,new_lower_rho_same_seed_schedule,False,20,2.608733645400544,0.9969,19938,0.0030999999999999917,83.33333333333333,240,1,31,1.1520942592528904,False,-0.2241182530820507,False,ok,,0.004388791974633932
9,8,Normal,20000,2,0.1,14,2026108714,2.8328518984825948,new_lower_rho_same_seed_schedule,False,21,2.594967082886646,0.99645,19929,0.003550000000000053,75.47169811320755,265,1,39,1.160026588923903,False,-0.23788481559594876,False,ok,,0.004394541960209608
9,8,Normal,20000,2,0.1,14,2026108714,2.8328518984825948,new_lower_rho_same_seed_schedule,False,22,2.588723373475404,0.99635,19927,0.003650000000000042,70.17543859649123,285,1,42,1.1642647594211166,False,-0.24412852500719096,False,ok,,0.004425457969773561
9,8,Normal,20000,2,0.1,14,2026108714,2.8328518984825948,new_lower_rho_same_seed_schedule,False,23,2.580026084966585,0.9958,19916,0.0041999999999999815,65.14657980456026,307,1,49,1.1705942026625777,False,-0.25282581351600975,False,ok,,0.004572457983158529
9,8,Normal,20000,2,0.1,14,2026108714,2.8328518984825948,new_lower_rho_same_seed_schedule,False,24,2.5623909215755214,0.9954,19908,0.0046000000000000485,60.97560975609756,328,1,53,1.1821429904802379,False,-0.2704609769070734,False,ok,,0.004442875040695071
9,8,Normal,20000,2,0.1,14,2026108714,2.8328518984825948,new_lower_rho_same_seed_schedule,False,25,2.5495011061539583,0.99485,19897,0.005149999999999988,57.142857142857146,350,1,52,1.1818449174675811,False,-0.28335079232863647,False,ok,,0.004434957983903587
9,8,Normal,20000,2,0.1,14,2026108714,2.8328518984825948,new_lower_rho_same_seed_schedule,False,26,2.536671644795879,0.9943,19886,0.005700000000000038,53.191489361702125,376,1,57,1.1902437353387396,False,-0.29618025368671574,False,ok,,0.004812875005882233
9,8,Normal,20000,2,0.1,14,2026108714,2.8328518984825948,new_lower_rho_same_seed_schedule,False,27,2.5224400999689185,0.99445,19889,0.005550000000000055,50.505050505050505,396,1,57,1.1978929835687537,False,-0.3104117985136763,False,ok,,0.004698167031165212
9,8,Normal,20000,2,0.1,14,2026108714,2.8328518984825948,new_lower_rho_same_seed_schedule,False,28,2.5061966588818487,0.9926,19852,0.007399999999999962,46.8384074941452,427,1,69,1.2004192593107408,False,-0.32665523960074605,False,ok,,0.004545665986370295
9,8,Normal,20000,2,0.1,14,2026108714,2.8328518984825948,new_lower_rho_same_seed_schedule,False,29,2.4916823900711162,0.99265,19853,0.007349999999999968,44.052863436123346,454,1,75,1.207298995669673,False,-0.34116950841147853,False,ok,,0.004889958014246076
9,8,Normal,20000,2,0.1,14,2026108714,2.8328518984825948,new_lower_rho_same_seed_schedule,False,30,2.482214510339458,0.9929,19858,0.007099999999999995,41.928721174004195,477,1,83,1.2153583272373354,False,-0.3506373881431366,False,ok,,0.004751875007059425
9,8,Normal,20000,2,0.1,14,2026108714,2.8328518984825948,new_lower_rho_same_seed_schedule,False,31,2.4699757834314013,0.99215,19843,0.007850000000000024,39.603960396039604,505,1,88,1.219805193614718,False,-0.36287611505119344,False,ok,,0.004840249952394515
9,8,Normal,20000,2,0.1,14,2026108714,2.8328518984825948,new_lower_rho_same_seed_schedule,False,32,2.45337106939496,0.9917,19834,0.008299999999999974,37.80718336483932,529,1,90,1.226523930116884,False,-0.3794808290876346,False,ok,,0.004742958000861108
9,8,Normal,20000,2,0.1,14,2026108714,2.8328518984825948,new_lower_rho_same_seed_schedule,False,33,2.438406230804094,0.99145,19829,0.008549999999999947,35.714285714285715,560,1,107,1.2321252085445709,False,-0.39444566767850064,False,ok,,0.004988208005670458
9,8,Normal,20000,2,0.1,14,2026108714,2.8328518984825948,new_lower_rho_same_seed_schedule,False,34,2.4289163059006285,0.9903,19806,0.009700000000000042,34.01360544217687,588,1,107,1.2374222019855121,False,-0.4039355925819663,False,ok,,0.004895374993793666
9,8,Normal,20000,2,0.1,14,2026108714,2.8328518984825948,new_lower_rho_same_seed_schedule,False,35,2.411989149743612,0.99005,19801,0.009950000000000014,32.520325203252035,615,1,117,1.2409570919436754,False,-0.4208627487389829,False,ok,,0.004881499975454062
9,8,Normal,20000,2,0.1,14,2026108714,2.8328518984825948,new_lower_rho_same_seed_schedule,False,36,2.403116886030357,0.98985,19797,0.010149999999999992,30.864197530864196,648,1,130,1.2507356176530937,False,-0.4297350124522379,False,ok,,0.004890166979748756
9,8,Normal,20000,2,0.1,14,2026108714,2.8328518984825948,new_lower_rho_same_seed_schedule,False,37,2.38939602691639,0.98905,19781,0.010950000000000015,29.585798816568047,676,1,136,1.2564477289725402,False,-0.4434558715662047,False,ok,,0.00500570802250877
9,8,Normal,20000,2,0.1,14,2026108714,2.8328518984825948,new_lower_rho_same_seed_schedule,False,38,2.37456939122456,0.98855,19771,0.01144999999999996,28.818443804034583,694,1,117,1.2606142484614034,False,-0.45828250725803477,False,ok,,0.004820707952603698
9,8,Normal,20000,2,0.1,14,2026108714,2.8328518984825948,new_lower_rho_same_seed_schedule,False,39,2.365425335815187,0.9877,19754,0.012299999999999978,27.210884353741495,735,1,147,1.2628291747226659,False,-0.4674265626674079,False,ok,,0.004759959003422409
9,8,Normal,20000,2,0.1,14,2026108714,2.8328518984825948,new_lower_rho_same_seed_schedule,False,40,2.3425594497687294,0.9882,19764,0.011800000000000033,25.940337224383917,771,1,163,1.2719433003548077,False,-0.49029244871386535,False,ok,,0.005299874988850206
9,8,Normal,20000,2,0.1,15,2026108715,2.8328518984825948,new_lower_rho_same_seed_schedule,False,1,2.833840349467849,1.0,20000,0.0,20000.0,1,20000,0,1.0223555366204515,False,0.000988450985254019,False,ok,,0.003827042004559189
9,8,Normal,20000,2,0.1,15,2026108715,2.8328518984825948,new_lower_rho_same_seed_schedule,False,2,2.8112294348781046,1.0,20000,0.0,5000.0,4,2603,0,1.0343998283506535,False,-0.02162246360449016,False,ok,,0.003914833010639995
9,8,Normal,20000,2,0.1,15,2026108715,2.8328518984825948,new_lower_rho_same_seed_schedule,False,3,2.8012174461689714,1.0,20000,0.0,2222.222222222222,9,37,0,1.0349255911308493,False,-0.031634452313623385,False,ok,,0.004203666991088539
9,8,Normal,20000,2,0.1,15,2026108715,2.8328518984825948,new_lower_rho_same_seed_schedule,False,4,2.7889135614126475,0.9999,19998,9.999999999998899e-05,1333.3333333333333,15,2,0,1.0414103120665643,False,-0.04393833706994732,False,ok,,0.004228540987242013
9,8,Normal,20000,2,0.1,15,2026108715,2.8328518984825948,new_lower_rho_same_seed_schedule,False,5,2.778570117415624,0.9999,19998,9.999999999998899e-05,869.5652173913044,23,1,2,1.0479886509927712,False,-0.05428178106697068,False,ok,,0.004160416021477431
9,8,Normal,20000,2,0.1,15,2026108715,2.8328518984825948,new_lower_rho_same_seed_schedule,False,6,2.7685991050650034,1.0,20000,0.0,689.6551724137931,29,3,0,1.0552499730134566,False,-0.06425279341759138,False,ok,,0.003905625024344772
9,8,Normal,20000,2,0.1,15,2026108715,2.8328518984825948,new_lower_rho_same_seed_schedule,False,7,2.759254442991547,0.9999,19998,9.999999999998899e-05,512.8205128205128,39,1,2,1.0647862840704847,False,-0.0735974554910479,False,ok,,0.004493042011745274
9,8,Normal,20000,2,0.1,15,2026108715,2.8328518984825948,new_lower_rho_same_seed_schedule,False,8,2.7464851337718637,0.99965,19993,0.00034999999999996145,392.15686274509807,51,1,2,1.0712177103222134,False,-0.08636676471073113,False,ok,,0.004267417010851204
9,8,Normal,20000,2,0.1,15,2026108715,2.8328518984825948,new_lower_rho_same_seed_schedule,False,9,2.7355375397605934,0.9997,19994,0.00029999999999996696,312.5,64,1,5,1.078330964445871,False,-0.09731435872200134,False,ok,,0.0042211670079268515
9,8,Normal,20000,2,0.1,15,2026108715,2.8328518984825948,new_lower_rho_same_seed_schedule,False,10,2.723120306145846,0.9993,19986,0.0007000000000000339,263.1578947368421,76,1,3,1.0869507075091778,False,-0.10973159233674856,False,ok,,0.004359957994893193
9,8,Normal,20000,2,0.1,15,2026108715,2.8328518984825948,new_lower_rho_same_seed_schedule,False,11,2.711034330625494,0.999,19980,0.0010000000000000009,217.3913043478261,92,1,8,1.0942372596758712,False,-0.12181756785710096,False,ok,,0.0046195839531719685
9,8,Normal,20000,2,0.1,15,2026108715,2.8328518984825948,new_lower_rho_same_seed_schedule,False,12,2.7004957030885794,0.99885,19977,0.0011499999999999844,186.9158878504673,107,1,11,1.1021449247492492,False,-0.13235619539401533,False,ok,,0.004357749945484102
9,8,Normal,20000,2,0.1,15,2026108715,2.8328518984825948,new_lower_rho_same_seed_schedule,False,13,2.6885336303462397,0.9986,19972,0.0013999999999999568,161.29032258064515,124,1,15,1.1116075131842553,False,-0.14431826813635507,False,ok,,0.004286042007151991
9,8,Normal,20000,2,0.1,15,2026108715,2.8328518984825948,new_lower_rho_same_seed_schedule,False,14,2.6740707166521394,0.99855,19971,0.0014499999999999513,144.92753623188406,138,1,13,1.118877279120566,False,-0.15878118183045542,False,ok,,0.004357500001788139
9,8,Normal,20000,2,0.1,15,2026108715,2.8328518984825948,new_lower_rho_same_seed_schedule,False,15,2.662573813051309,0.9986,19972,0.0013999999999999568,129.03225806451613,155,1,12,1.1252935471364447,False,-0.17027808543128575,False,ok,,0.004593833989929408
9,8,Normal,20000,2,0.1,15,2026108715,2.8328518984825948,new_lower_rho_same_seed_schedule,False,16,2.6482197021118354,0.998,19960,0.0020000000000000018,113.63636363636364,176,1,17,1.1339127031034852,False,-0.18463219637075934,False,ok,,0.004445499973371625
9,8,Normal,20000,2,0.1,15,2026108715,2.8328518984825948,new_lower_rho_same_seed_schedule,False,17,2.6354476109739107,0.99775,19955,0.0022499999999999742,103.62694300518135,193,1,19,1.138806777156577,False,-0.1974042875086841,False,ok,,0.004322165972553194
9,8,Normal,20000,2,0.1,15,2026108715,2.8328518984825948,new_lower_rho_same_seed_schedule,False,18,2.6231441304085052,0.9977,19954,0.0022999999999999687,92.5925925925926,216,1,26,1.1467049055988818,False,-0.20970776807408953,False,ok,,0.004471207968890667
9,8,Normal,20000,2,0.1,15,2026108715,2.8328518984825948,new_lower_rho_same_seed_schedule,False,19,2.608402774654814,0.9973,19946,0.0027000000000000357,84.38818565400844,237,1,26,1.1561480310381254,False,-0.22444912382778082,False,ok,,0.004465541976969689
9,8,Normal,20000,2,0.1,15,2026108715,2.8328518984825948,new_lower_rho_same_seed_schedule,False,20,2.5954299831623615,0.9969,19938,0.0030999999999999917,78.125,256,1,24,1.163606533952258,False,-0.23742191532023327,False,ok,,0.004442041972652078
9,8,Normal,20000,2,0.1,15,2026108715,2.8328518984825948,new_lower_rho_same_seed_schedule,False,21,2.584562844161575,0.99565,19913,0.004349999999999965,70.4225352112676,284,1,36,1.1666152273399413,False,-0.2482890543210199,False,ok,,0.004435707989614457
9,8,Normal,20000,2,0.1,15,2026108715,2.8328518984825948,new_lower_rho_same_seed_schedule,False,22,2.568651083845544,0.9965,19930,0.0034999999999999476,66.00660066006601,303,1,45,1.176682315605639,False,-0.2642008146370509,False,ok,,0.004793625033926219
9,8,Normal,20000,2,0.1,15,2026108715,2.8328518984825948,new_lower_rho_same_seed_schedule,False,23,2.5614492101866926,0.9961,19922,0.0039000000000000146,61.34969325153374,326,1,39,1.1819205226991707,False,-0.2714026882959022,False,ok,,0.004727291001472622
9,8,Normal,20000,2,0.1,15,2026108715,2.8328518984825948,new_lower_rho_same_seed_schedule,False,24,2.545976832912272,0.99565,19913,0.004349999999999965,56.81818181818182,352,1,47,1.1899800559142806,False,-0.2868750655703227,False,ok,,0.004529708996415138
9,8,Normal,20000,2,0.1,15,2026108715,2.8328518984825948,new_lower_rho_same_seed_schedule,False,25,2.5303674514783947,0.99485,19897,0.005149999999999988,52.21932114882507,383,1,58,1.1984334338402376,False,-0.3024844470042001,False,ok,,0.004511916020419449
9,8,Normal,20000,2,0.1,15,2026108715,2.8328518984825948,new_lower_rho_same_seed_schedule,False,26,2.514692762336978,0.99435,19887,0.005650000000000044,49.01960784313726,408,1,63,1.2048728805708395,False,-0.31815913614561664,False,ok,,0.004985540988855064
9,8,Normal,20000,2,0.1,15,2026108715,2.8328518984825948,new_lower_rho_same_seed_schedule,False,27,2.4988878873205587,0.994,19880,0.006000000000000005,45.76659038901602,437,1,70,1.2089121869985546,False,-0.3339640111620361,False,ok,,0.004586958035361022
9,8,Normal,20000,2,0.1,15,2026108715,2.8328518984825948,new_lower_rho_same_seed_schedule,False,28,2.479459298196813,0.99395,19879,0.00605,43.38394793926247,461,1,71,1.2180872382869121,False,-0.3533926002857819,False,ok,,0.004751540953293443
9,8,Normal,20000,2,0.1,15,2026108715,2.8328518984825948,new_lower_rho_same_seed_schedule,False,29,2.470828662263725,0.99285,19857,0.00714999999999999,40.08016032064128,499,1,80,1.2235027745311031,False,-0.36202323621886956,False,ok,,0.004990874964278191
9,8,Normal,20000,2,0.1,15,2026108715,2.8328518984825948,new_lower_rho_same_seed_schedule,False,30,2.4524163992683388,0.993,19860,0.007000000000000006,38.46153846153846,520,1,86,1.230732888767023,False,-0.380435499214256,False,ok,,0.004783916985616088
9,8,Normal,20000,2,0.1,15,2026108715,2.8328518984825948,new_lower_rho_same_seed_schedule,False,31,2.4397169763385,0.99255,19851,0.007449999999999957,36.96857670979667,541,1,74,1.2327031526534473,False,-0.39313492214409473,False,ok,,0.0047358329757116735
9,8,Normal,20000,2,0.1,15,2026108715,2.8328518984825948,new_lower_rho_same_seed_schedule,False,32,2.428088927016334,0.9917,19834,0.008299999999999974,34.84320557491289,574,1,88,1.2409039225345577,False,-0.4047629714662606,False,ok,,0.0048238750314339995
9,8,Normal,20000,2,0.1,15,2026108715,2.8328518984825948,new_lower_rho_same_seed_schedule,False,33,2.418141417352288,0.99095,19819,0.009050000000000002,32.57328990228013,614,1,105,1.249535640694071,False,-0.4147104811303066,False,ok,,0.005042625009082258
9,8,Normal,20000,2,0.1,15,2026108715,2.8328518984825948,new_lower_rho_same_seed_schedule,False,34,2.399367800228407,0.9918,19836,0.008199999999999985,31.746031746031747,630,1,101,1.2525819813545485,False,-0.4334840982541879,False,ok,,0.004861874971538782
9,8,Normal,20000,2,0.1,15,2026108715,2.8328518984825948,new_lower_rho_same_seed_schedule,False,35,2.3777874639877483,0.99015,19803,0.009850000000000025,29.71768202080238,673,1,116,1.2594031380978883,False,-0.45506443449484646,False,ok,,0.004859625012613833
9,8,Normal,20000,2,0.1,15,2026108715,2.8328518984825948,new_lower_rho_same_seed_schedule,False,36,2.372070581656025,0.98985,19797,0.010149999999999992,28.40909090909091,704,1,124,1.2662991655702989,False,-0.46078131682656975,False,ok,,0.005182958033401519
9,8,Normal,20000,2,0.1,15,2026108715,2.8328518984825948,new_lower_rho_same_seed_schedule,False,37,2.348511193893805,0.9881,19762,0.011900000000000022,26.99055330634278,741,1,127,1.2709627109082131,False,-0.48434070458878997,False,ok,,0.004903875000309199
9,8,Normal,20000,2,0.1,15,2026108715,2.8328518984825948,new_lower_rho_same_seed_schedule,False,38,2.33552984475911,0.9881,19762,0.011900000000000022,25.974025974025974,770,1,140,1.2751559095370393,False,-0.4973220537234848,False,ok,,0.004900416999589652
9,8,Normal,20000,2,0.1,15,2026108715,2.8328518984825948,new_lower_rho_same_seed_schedule,False,39,2.3291453856758384,0.98815,19763,0.011850000000000027,25.06265664160401,798,1,141,1.2867791772821144,False,-0.5037065128067564,False,ok,,0.00520516699180007
9,8,Normal,20000,2,0.1,15,2026108715,2.8328518984825948,new_lower_rho_same_seed_schedule,False,40,2.3058791645459307,0.98655,19731,0.013449999999999962,23.86634844868735,838,1,153,1.2886343756954746,False,-0.5269727339366641,False,ok,,0.005161291977856308
9,8,Normal,20000,2,0.1,16,2026108716,2.8328518984825948,new_lower_rho_same_seed_schedule,False,1,2.8363926724780746,1.0,20000,0.0,20000.0,1,20000,0,1.0220513297784666,False,0.0035407739954798068,False,ok,,0.003951249993406236
9,8,Normal,20000,2,0.1,16,2026108716,2.8328518984825948,new_lower_rho_same_seed_schedule,False,2,2.8159828924071757,1.0,20000,0.0,5000.0,4,4319,0,1.0356389921540212,False,-0.01686900607541908,False,ok,,0.004224499978590757
9,8,Normal,20000,2,0.1,16,2026108716,2.8328518984825948,new_lower_rho_same_seed_schedule,False,3,2.8023418974744936,1.0,20000,0.0,2222.222222222222,9,116,0,1.0344006371381527,False,-0.030510001008101195,False,ok,,0.004003792011644691
9,8,Normal,20000,2,0.1,16,2026108716,2.8328518984825948,new_lower_rho_same_seed_schedule,False,4,2.791346706728705,0.99995,19999,4.999999999999449e-05,1250.0,16,2,0,1.0420562579380572,False,-0.04150519175388956,False,ok,,0.0038674590177834034
9,8,Normal,20000,2,0.1,16,2026108716,2.8328518984825948,new_lower_rho_same_seed_schedule,False,5,2.7800786207658175,0.99985,19997,0.00014999999999998348,833.3333333333334,24,1,1,1.0490110742964902,False,-0.05277327771677731,False,ok,,0.004249707970302552
9,8,Normal,20000,2,0.1,16,2026108716,2.8328518984825948,new_lower_rho_same_seed_schedule,False,6,2.769388052634925,0.9999,19998,9.999999999998899e-05,606.060606060606,33,1,1,1.0556818648329582,False,-0.06346384584766973,False,ok,,0.004221790994051844
9,8,Normal,20000,2,0.1,16,2026108716,2.8328518984825948,new_lower_rho_same_seed_schedule,False,7,2.7606642729820527,0.9997,19994,0.00029999999999996696,444.44444444444446,45,1,3,1.063966771506316,False,-0.07218762550054203,False,ok,,0.004139250027947128
9,8,Normal,20000,2,0.1,16,2026108716,2.8328518984825948,new_lower_rho_same_seed_schedule,False,8,2.7464117290410246,0.99955,19991,0.00044999999999995044,350.87719298245617,57,1,5,1.0719686828632913,False,-0.08644016944157018,False,ok,,0.0042482909630052745
9,8,Normal,20000,2,0.1,16,2026108716,2.8328518984825948,new_lower_rho_same_seed_schedule,False,9,2.7350046965781227,0.99955,19991,0.00044999999999995044,289.8550724637681,69,1,5,1.0800343416652955,False,-0.09784720190447205,False,ok,,0.004248582990840077
9,8,Normal,20000,2,0.1,16,2026108716,2.8328518984825948,new_lower_rho_same_seed_schedule,False,10,2.723668348051635,0.9993,19986,0.0007000000000000339,246.91358024691357,81,1,4,1.087590710904701,False,-0.10918355043095973,False,ok,,0.0046265419805422425
9,8,Normal,20000,2,0.1,16,2026108716,2.8328518984825948,new_lower_rho_same_seed_schedule,False,11,2.7130328294397628,0.9992,19984,0.0008000000000000229,206.18556701030928,97,1,12,1.0951150354606227,False,-0.11981906904283202,False,ok,,0.004291290999390185
9,8,Normal,20000,2,0.1,16,2026108716,2.8328518984825948,new_lower_rho_same_seed_schedule,False,12,2.702542886455875,0.9991,19982,0.0009000000000000119,176.99115044247787,113,1,12,1.104383292037531,False,-0.13030901202671963,False,ok,,0.004361875005997717
9,8,Normal,20000,2,0.1,16,2026108716,2.8328518984825948,new_lower_rho_same_seed_schedule,False,13,2.6876143934583268,0.99895,19979,0.0010499999999999954,156.25,128,1,14,1.1142792505500008,False,-0.14523750502426802,False,ok,,0.004472667002119124
9,8,Normal,20000,2,0.1,16,2026108716,2.8328518984825948,new_lower_rho_same_seed_schedule,False,14,2.676552953894464,0.99855,19971,0.0014499999999999513,134.2281879194631,149,1,14,1.1212555025843545,False,-0.15629894458813087,False,ok,,0.00458012503804639
9,8,Normal,20000,2,0.1,16,2026108716,2.8328518984825948,new_lower_rho_same_seed_schedule,False,15,2.658982902953346,0.9978,19956,0.0021999999999999797,116.27906976744185,172,1,20,1.1274224279514216,False,-0.17386899552924895,False,ok,,0.004515708016697317
9,8,Normal,20000,2,0.1,16,2026108716,2.8328518984825948,new_lower_rho_same_seed_schedule,False,16,2.6466523516817952,0.99755,19951,0.002449999999999952,104.16666666666667,192,1,28,1.13328539230045,False,-0.18619954680079953,False,ok,,0.004353374999482185
9,8,Normal,20000,2,0.1,16,2026108716,2.8328518984825948,new_lower_rho_same_seed_schedule,False,17,2.633877165778327,0.99665,19933,0.003349999999999964,94.33962264150944,212,1,28,1.1393106008943454,False,-0.1989747327042677,False,ok,,0.0046753750066272914
9,8,Normal,20000,2,0.1,16,2026108716,2.8328518984825948,new_lower_rho_same_seed_schedule,False,18,2.6233587072773368,0.99705,19941,0.002950000000000008,87.33624454148472,229,1,31,1.1475213308195198,False,-0.209493191205258,False,ok,,0.004571999947074801
9,8,Normal,20000,2,0.1,16,2026108716,2.8328518984825948,new_lower_rho_same_seed_schedule,False,19,2.6049654894154717,0.997,19940,0.0030000000000000027,78.74015748031496,254,1,38,1.1559675367696958,False,-0.2278864090671231,False,ok,,0.004556957981549203
9,8,Normal,20000,2,0.1,16,2026108716,2.8328518984825948,new_lower_rho_same_seed_schedule,False,20,2.5899710067922728,0.99675,19935,0.003249999999999975,72.72727272727273,275,1,41,1.1634157346728555,False,-0.242880891690322,False,ok,,0.004480208037421107
9,8,Normal,20000,2,0.1,16,2026108716,2.8328518984825948,new_lower_rho_same_seed_schedule,False,21,2.581217308128831,0.99585,19917,0.004149999999999987,66.2251655629139,302,1,46,1.172499071271425,False,-0.2516345903537638,False,ok,,0.004803916963282973
9,8,Normal,20000,2,0.1,16,2026108716,2.8328518984825948,new_lower_rho_same_seed_schedule,False,22,2.5637512683579713,0.9959,19918,0.0040999999999999925,61.34969325153374,326,1,52,1.1783390956219075,False,-0.2691006301246235,False,ok,,0.004711750021670014
9,8,Normal,20000,2,0.1,16,2026108716,2.8328518984825948,new_lower_rho_same_seed_schedule,False,23,2.5468693240295917,0.99515,19903,0.004850000000000021,56.022408963585434,357,1,61,1.1837712107719072,False,-0.2859825744530031,False,ok,,0.0045929159969091415
9,8,Normal,20000,2,0.1,16,2026108716,2.8328518984825948,new_lower_rho_same_seed_schedule,False,24,2.5395211182925626,0.99485,19897,0.005149999999999988,53.05039787798408,377,1,60,1.1897399599609177,False,-0.2933307801900322,False,ok,,0.004862041037995368
9,8,Normal,20000,2,0.1,16,2026108716,2.8328518984825948,new_lower_rho_same_seed_schedule,False,25,2.5185845871311554,0.9941,19882,0.005900000000000016,49.26108374384236,406,1,66,1.1975865184319507,False,-0.31426731135143937,False,ok,,0.004858790955040604
9,8,Normal,20000,2,0.1,16,2026108716,2.8328518984825948,new_lower_rho_same_seed_schedule,False,26,2.5120899898999416,0.99445,19889,0.005550000000000055,46.728971962616825,428,1,72,1.2065382107057723,False,-0.3207619085826532,False,ok,,0.004603541980031878
9,8,Normal,20000,2,0.1,16,2026108716,2.8328518984825948,new_lower_rho_same_seed_schedule,False,27,2.4933336790937397,0.9936,19872,0.006399999999999961,43.38394793926247,461,1,83,1.2141588066746414,False,-0.33951821938885507,False,ok,,0.004590666969306767
9,8,Normal,20000,2,0.1,16,2026108716,2.8328518984825948,new_lower_rho_same_seed_schedule,False,28,2.479148970629326,0.99265,19853,0.007349999999999968,40.56795131845842,493,1,90,1.2165489457334202,False,-0.3537029278532686,False,ok,,0.004976125026587397
9,8,Normal,20000,2,0.1,16,2026108716,2.8328518984825948,new_lower_rho_same_seed_schedule,False,29,2.4606862654320203,0.99195,19839,0.008050000000000002,38.684719535783366,517,1,82,1.223492703690504,False,-0.3721656330505745,False,ok,,0.004685583000537008
9,8,Normal,20000,2,0.1,16,2026108716,2.8328518984825948,new_lower_rho_same_seed_schedule,False,30,2.449050122571129,0.99165,19833,0.008349999999999969,36.42987249544627,549,1,92,1.2317258638978543,False,-0.3838017759114658,False,ok,,0.004659124999307096
9,8,Normal,20000,2,0.1,16,2026108716,2.8328518984825948,new_lower_rho_same_seed_schedule,False,31,2.4273343759695623,0.99115,19823,0.008850000000000025,34.66204506065858,577,1,99,1.2368627896436324,False,-0.4055175225130325,False,ok,,0.004712665977422148
9,8,Normal,20000,2,0.1,16,2026108716,2.8328518984825948,new_lower_rho_same_seed_schedule,False,32,2.413739352240487,0.99105,19821,0.008950000000000014,33.277870216306155,601,1,91,1.2470234369783617,False,-0.4191125462421077,False,ok,,0.004887666029389948
9,8,Normal,20000,2,0.1,16,2026108716,2.8328518984825948,new_lower_rho_same_seed_schedule,False,33,2.4048801688198393,0.9909,19818,0.009099999999999997,31.25,640,1,114,1.2494664690179964,False,-0.42797172966275543,False,ok,,0.004925457993522286
9,8,Normal,20000,2,0.1,16,2026108716,2.8328518984825948,new_lower_rho_same_seed_schedule,False,34,2.3882909273783537,0.9898,19796,0.010199999999999987,29.49852507374631,678,1,131,1.2610264635753958,False,-0.4445609711042411,False,ok,,0.004937042016535997
9,8,Normal,20000,2,0.1,16,2026108716,2.8328518984825948,new_lower_rho_same_seed_schedule,False,35,2.3702161615379085,0.9892,19784,0.010800000000000032,28.328611898016998,706,1,129,1.2612326373926492,False,-0.4626357369446863,False,ok,,0.005197417049203068
9,8,Normal,20000,2,0.1,16,2026108716,2.8328518984825948,new_lower_rho_same_seed_schedule,False,36,2.3542688739296884,0.98805,19761,0.011950000000000016,26.99055330634278,741,1,129,1.2693880540650087,False,-0.47858302455290636,False,ok,,0.004906042013317347
9,8,Normal,20000,2,0.1,16,2026108716,2.8328518984825948,new_lower_rho_same_seed_schedule,False,37,2.336877157575742,0.9884,19768,0.011600000000000055,26.07561929595828,767,1,130,1.2782360450431483,False,-0.4959747409068527,False,ok,,0.005057041998952627
9,8,Normal,20000,2,0.1,16,2026108716,2.8328518984825948,new_lower_rho_same_seed_schedule,False,38,2.321955732578308,0.98685,19737,0.013149999999999995,24.81389578163772,806,1,148,1.2802219366288021,False,-0.510896165904287,False,ok,,0.005199084000196308
9,8,Normal,20000,2,0.1,16,2026108716,2.8328518984825948,new_lower_rho_same_seed_schedule,False,39,2.3098855805174408,0.98675,19735,0.013249999999999984,23.781212841854934,841,1,154,1.290008098251497,False,-0.522966317965154,False,ok,,0.004974082985427231
9,8,Normal,20000,2,0.1,16,2026108716,2.8328518984825948,new_lower_rho_same_seed_schedule,False,40,2.29249866646144,0.98585,19717,0.014149999999999996,22.753128555176335,879,1,159,1.2912958926504376,False,-0.5403532320211548,False,ok,,0.005047582963015884
9,8,Normal,20000,2,0.1,17,2026108717,2.8328518984825948,new_lower_rho_same_seed_schedule,False,1,2.8517345849605036,1.0,20000,0.0,20000.0,1,20000,0,1.0228191737344121,False,0.018882686477908806,False,ok,,0.00407970801461488
9,8,Normal,20000,2,0.1,17,2026108717,2.8328518984825948,new_lower_rho_same_seed_schedule,False,2,2.830143554342097,1.0,20000,0.0,5000.0,4,3992,0,1.0363804387903852,False,-0.002708344140497587,False,ok,,0.00423241697717458
9,8,Normal,20000,2,0.1,17,2026108717,2.8328518984825948,new_lower_rho_same_seed_schedule,False,3,2.818190891527774,1.0,20000,0.0,2222.222222222222,9,67,0,1.035909185021108,False,-0.014661006954820976,False,ok,,0.0038807500386610627
9,8,Normal,20000,2,0.1,17,2026108717,2.8328518984825948,new_lower_rho_same_seed_schedule,False,4,2.8046915943173487,1.0,20000,0.0,1250.0,16,3,0,1.042014899278111,False,-0.028160304165246064,False,ok,,0.004211790976114571
9,8,Normal,20000,2,0.1,17,2026108717,2.8328518984825948,new_lower_rho_same_seed_schedule,False,5,2.7958489278593945,0.9999,19998,9.999999999998899e-05,869.5652173913044,23,2,0,1.048287370233689,False,-0.03700297062320024,False,ok,,0.004420541983563453
9,8,Normal,20000,2,0.1,17,2026108717,2.8328518984825948,new_lower_rho_same_seed_schedule,False,6,2.784420188358327,0.99995,19999,4.999999999999449e-05,606.060606060606,33,1,1,1.0564293999198375,False,-0.048431710124267724,False,ok,,0.004138124990276992
9,8,Normal,20000,2,0.1,17,2026108717,2.8328518984825948,new_lower_rho_same_seed_schedule,False,7,2.773638320942738,0.99955,19991,0.00044999999999995044,444.44444444444446,45,1,5,1.063587530476098,False,-0.059213577539856566,False,ok,,0.004146291990764439
9,8,Normal,20000,2,0.1,17,2026108717,2.8328518984825948,new_lower_rho_same_seed_schedule,False,8,2.7617103488996815,0.9995,19990,0.0004999999999999449,357.14285714285717,56,1,6,1.0708749508273367,False,-0.0711415495829133,False,ok,,0.004302457964513451
9,8,Normal,20000,2,0.1,17,2026108717,2.8328518984825948,new_lower_rho_same_seed_schedule,False,9,2.7520384693597952,0.99925,19985,0.0007500000000000284,298.5074626865672,67,1,6,1.0783359742932275,False,-0.08081342912279954,False,ok,,0.004467082966584712
9,8,Normal,20000,2,0.1,17,2026108717,2.8328518984825948,new_lower_rho_same_seed_schedule,False,10,2.741289099423164,0.9993,19986,0.0007000000000000339,250.0,80,1,8,1.0870656365181621,False,-0.09156279905943077,False,ok,,0.004368790949229151
9,8,Normal,20000,2,0.1,17,2026108717,2.8328518984825948,new_lower_rho_same_seed_schedule,False,11,2.7273390948333023,0.99905,19981,0.0009500000000000064,212.7659574468085,94,1,9,1.0929162762146798,False,-0.1055128036492925,False,ok,,0.0042879160027951
9,8,Normal,20000,2,0.1,17,2026108717,2.8328518984825948,new_lower_rho_same_seed_schedule,False,12,2.716313859569108,0.99875,19975,0.0012499999999999734,180.18018018018017,111,1,10,1.102118478091569,False,-0.11653803891348691,False,ok,,0.0044748749933205545
9,8,Normal,20000,2,0.1,17,2026108717,2.8328518984825948,new_lower_rho_same_seed_schedule,False,13,2.7047914213464592,0.9983,19966,0.0017000000000000348,158.73015873015873,126,1,15,1.106883478785492,False,-0.12806047713613555,False,ok,,0.004241666989400983
9,8,Normal,20000,2,0.1,17,2026108717,2.8328518984825948,new_lower_rho_same_seed_schedule,False,14,2.6905271970806544,0.99825,19965,0.0017500000000000293,136.986301369863,146,1,22,1.1164421920199679,False,-0.14232470140194042,False,ok,,0.0043043329496867955
9,8,Normal,20000,2,0.1,17,2026108717,2.8328518984825948,new_lower_rho_same_seed_schedule,False,15,2.6777990742298905,0.9978,19956,0.0021999999999999797,124.22360248447205,161,1,20,1.122679111541842,False,-0.15505282425270428,False,ok,,0.004393708019051701
9,8,Normal,20000,2,0.1,17,2026108717,2.8328518984825948,new_lower_rho_same_seed_schedule,False,16,2.666135236815885,0.99785,19957,0.0021499999999999853,111.73184357541899,179,1,22,1.1312220047002604,False,-0.16671666166670995,False,ok,,0.004725209029857069
9,8,Normal,20000,2,0.1,17,2026108717,2.8328518984825948,new_lower_rho_same_seed_schedule,False,17,2.6523169359825935,0.9974,19948,0.0026000000000000467,99.00990099009901,202,1,38,1.1364616561376852,False,-0.18053496250000123,False,ok,,0.004443500016350299
9,8,Normal,20000,2,0.1,17,2026108717,2.8328518984825948,new_lower_rho_same_seed_schedule,False,18,2.642941375785963,0.99705,19941,0.002950000000000008,90.49773755656109,221,1,37,1.144010414290874,False,-0.18991052269663156,False,ok,,0.004414667026139796
9,8,Normal,20000,2,0.1,17,2026108717,2.8328518984825948,new_lower_rho_same_seed_schedule,False,19,2.6274247061736355,0.99685,19937,0.003149999999999986,82.64462809917356,242,1,41,1.15327187915742,False,-0.20542719230895923,False,ok,,0.004595999955199659
9,8,Normal,20000,2,0.1,17,2026108717,2.8328518984825948,new_lower_rho_same_seed_schedule,False,20,2.611829537477493,0.9964,19928,0.0036000000000000476,76.62835249042146,261,1,40,1.1584648057939517,False,-0.22102236100510186,False,ok,,0.004947124980390072
9,8,Normal,20000,2,0.1,17,2026108717,2.8328518984825948,new_lower_rho_same_seed_schedule,False,21,2.5980033906712903,0.9953,19906,0.0047000000000000375,68.25938566552901,293,1,58,1.1646166503759556,False,-0.2348485078113045,False,ok,,0.004585916991345584
9,8,Normal,20000,2,0.1,17,2026108717,2.8328518984825948,new_lower_rho_same_seed_schedule,False,22,2.5860332518432605,0.9955,19910,0.0044999999999999485,64.30868167202573,311,1,59,1.171854080556009,False,-0.24681864663933428,False,ok,,0.0044832080020569265
9,8,Normal,20000,2,0.1,17,2026108717,2.8328518984825948,new_lower_rho_same_seed_schedule,False,23,2.573763764747581,0.9953,19906,0.0047000000000000375,60.24096385542169,332,1,58,1.1797365406530633,False,-0.25908813373501394,False,ok,,0.004581708984915167
9,8,Normal,20000,2,0.1,17,2026108717,2.8328518984825948,new_lower_rho_same_seed_schedule,False,24,2.5564279794917075,0.994,19880,0.006000000000000005,55.55555555555556,360,1,62,1.1851973765099535,False,-0.27642391899088725,False,ok,,0.00490479200379923
9,8,Normal,20000,2,0.1,17,2026108717,2.8328518984825948,new_lower_rho_same_seed_schedule,False,25,2.5466901727585696,0.99465,19893,0.005349999999999966,52.91005291005291,378,1,63,1.19478329405169,False,-0.2861617257240252,False,ok,,0.0046609159908257425
9,8,Normal,20000,2,0.1,17,2026108717,2.8328518984825948,new_lower_rho_same_seed_schedule,False,26,2.5359503636931753,0.99425,19885,0.005750000000000033,49.01960784313726,408,1,77,1.1986008434058604,False,-0.2969015347894195,False,ok,,0.004543374991044402
9,8,Normal,20000,2,0.1,17,2026108717,2.8328518984825948,new_lower_rho_same_seed_schedule,False,27,2.5186106394478878,0.99395,19879,0.00605,46.62004662004662,429,1,74,1.2073246876602468,False,-0.314241259034707,False,ok,,0.005078374990262091
9,8,Normal,20000,2,0.1,17,2026108717,2.8328518984825948,new_lower_rho_same_seed_schedule,False,28,2.5036983504679124,0.99245,19849,0.007549999999999946,43.47826086956522,460,1,83,1.2092045922286871,False,-0.32915354801468233,False,ok,,0.004790958017110825
9,8,Normal,20000,2,0.1,17,2026108717,2.8328518984825948,new_lower_rho_same_seed_schedule,False,29,2.4912344427703967,0.9925,19850,0.007499999999999951,40.65040650406504,492,1,93,1.2173898472446347,False,-0.34161745571219804,False,ok,,0.004677291959524155
9,8,Normal,20000,2,0.1,17,2026108717,2.8328518984825948,new_lower_rho_same_seed_schedule,False,30,2.4767697655464627,0.9929,19858,0.007099999999999995,39.603960396039604,505,1,82,1.2264248562875655,False,-0.3560821329361321,False,ok,,0.005047290993388742
9,8,Normal,20000,2,0.1,17,2026108717,2.8328518984825948,new_lower_rho_same_seed_schedule,False,31,2.4567534086194933,0.99175,19835,0.00824999999999998,36.96857670979667,541,1,99,1.2317743058030537,False,-0.37609848986310146,False,ok,,0.004945291962940246
9,8,Normal,20000,2,0.1,17,2026108717,2.8328518984825948,new_lower_rho_same_seed_schedule,False,32,2.4468318550486785,0.99105,19821,0.008950000000000014,34.84320557491289,574,1,105,1.2362841327978678,False,-0.38602004343391627,False,ok,,0.004676999989897013
9,8,Normal,20000,2,0.1,17,2026108717,2.8328518984825948,new_lower_rho_same_seed_schedule,False,33,2.4298615145068956,0.9917,19834,0.008299999999999974,33.50083752093802,597,1,111,1.2429660460839411,False,-0.4029903839756992,False,ok,,0.004893624980468303
9,8,Normal,20000,2,0.1,17,2026108717,2.8328518984825948,new_lower_rho_same_seed_schedule,False,34,2.4132316712609936,0.9907,19814,0.009299999999999975,31.84713375796178,628,1,106,1.2527517078590005,False,-0.4196202272216012,False,ok,,0.005008707987144589
9,8,Normal,20000,2,0.1,17,2026108717,2.8328518984825948,new_lower_rho_same_seed_schedule,False,35,2.405230382521762,0.9895,19790,0.010499999999999954,30.257186081694403,661,1,121,1.2528309478558384,False,-0.427621515960833,False,ok,,0.004871790995821357
9,8,Normal,20000,2,0.1,17,2026108717,2.8328518984825948,new_lower_rho_same_seed_schedule,False,36,2.3928199628673545,0.98915,19783,0.010850000000000026,28.571428571428573,700,1,147,1.2629505679770079,False,-0.44003193561524023,False,ok,,0.004820125002879649
9,8,Normal,20000,2,0.1,17,2026108717,2.8328518984825948,new_lower_rho_same_seed_schedule,False,37,2.3721501208355376,0.9883,19766,0.011700000000000044,27.77777777777778,720,1,126,1.267413045381022,False,-0.4607017776470572,False,ok,,0.0052220000070519745
9,8,Normal,20000,2,0.1,17,2026108717,2.8328518984825948,new_lower_rho_same_seed_schedule,False,38,2.362401235900713,0.9892,19784,0.010800000000000032,26.7022696929239,749,1,130,1.2756703229224202,False,-0.47045066258188184,False,ok,,0.005103625007905066
9,8,Normal,20000,2,0.1,17,2026108717,2.8328518984825948,new_lower_rho_same_seed_schedule,False,39,2.3409197080602535,0.98825,19765,0.011750000000000038,25.380710659898476,788,1,145,1.2774289005222388,False,-0.49193219042234126,False,ok,,0.005166042014025152
9,8,Normal,20000,2,0.1,17,2026108717,2.8328518984825948,new_lower_rho_same_seed_schedule,False,40,2.3252634992834977,0.9867,19734,0.013299999999999979,24.242424242424242,825,1,162,1.2842171158074713,False,-0.507588399199097,False,ok,,0.0053431669948622584
9,8,Normal,20000,2,0.1,18,2026108718,2.8328518984825948,new_lower_rho_same_seed_schedule,False,1,2.8368178368507695,1.0,20000,0.0,20000.0,1,20000,0,1.0230848842370956,False,0.003965938368174715,False,ok,,0.0038510829908773303
9,8,Normal,20000,2,0.1,18,2026108718,2.8328518984825948,new_lower_rho_same_seed_schedule,False,2,2.8132633253306674,1.0,20000,0.0,5000.0,4,4137,0,1.0353037042377378,False,-0.019588573151927413,False,ok,,0.003821082995273173
9,8,Normal,20000,2,0.1,18,2026108718,2.8328518984825948,new_lower_rho_same_seed_schedule,False,3,2.8032067134397827,1.0,20000,0.0,2222.222222222222,9,80,0,1.0343304862910148,False,-0.029645185042812106,False,ok,,0.003703041991684586
9,8,Normal,20000,2,0.1,18,2026108718,2.8328518984825948,new_lower_rho_same_seed_schedule,False,4,2.78927649710344,0.9999,19998,9.999999999998899e-05,1250.0,16,2,0,1.040740141260659,False,-0.04357540137915494,False,ok,,0.003958249988500029
9,8,Normal,20000,2,0.1,18,2026108718,2.8328518984825948,new_lower_rho_same_seed_schedule,False,5,2.7794994918624516,0.9999,19998,9.999999999998899e-05,833.3333333333334,24,1,2,1.0469426720121078,False,-0.05335240662014318,False,ok,,0.004197458969429135
9,8,Normal,20000,2,0.1,18,2026108718,2.8328518984825948,new_lower_rho_same_seed_schedule,False,6,2.770712277574207,0.99995,19999,4.999999999999449e-05,625.0,32,1,1,1.0559262420230144,False,-0.06213962090838798,False,ok,,0.003970124991610646
9,8,Normal,20000,2,0.1,18,2026108718,2.8328518984825948,new_lower_rho_same_seed_schedule,False,7,2.7581539231300596,0.99975,19995,0.00024999999999997247,476.1904761904762,42,1,2,1.063138085102262,False,-0.0746979753525352,False,ok,,0.00415370799601078
9,8,Normal,20000,2,0.1,18,2026108718,2.8328518984825948,new_lower_rho_same_seed_schedule,False,8,2.744901339601445,0.9995,19990,0.0004999999999999449,370.3703703703704,54,1,2,1.0696488237310418,False,-0.08795055888115,False,ok,,0.004457333008758724
9,8,Normal,20000,2,0.1,18,2026108718,2.8328518984825948,new_lower_rho_same_seed_schedule,False,9,2.7364910332038086,0.9991,19982,0.0009000000000000119,307.6923076923077,65,1,5,1.0756852157081185,False,-0.09636086527878618,False,ok,,0.004319208033848554
9,8,Normal,20000,2,0.1,18,2026108718,2.8328518984825948,new_lower_rho_same_seed_schedule,False,10,2.7240779352432822,0.99905,19981,0.0009500000000000064,250.0,80,1,10,1.0851720133453435,False,-0.10877396323931254,False,ok,,0.004310666990932077
9,8,Normal,20000,2,0.1,18,2026108718,2.8328518984825948,new_lower_rho_same_seed_schedule,False,11,2.7103335326083333,0.99895,19979,0.0010499999999999954,222.22222222222223,90,1,11,1.0907832831896858,False,-0.12251836587426146,False,ok,,0.004669749992899597
9,8,Normal,20000,2,0.1,18,2026108718,2.8328518984825948,new_lower_rho_same_seed_schedule,False,12,2.701598330990475,0.9989,19978,0.0010999999999999899,190.47619047619048,105,1,13,1.1000819817470693,False,-0.13125356749211958,False,ok,,0.004432834044564515
9,8,Normal,20000,2,0.1,18,2026108718,2.8328518984825948,new_lower_rho_same_seed_schedule,False,13,2.6891504822582104,0.99875,19975,0.0012499999999999734,166.66666666666666,120,1,13,1.1070105819234033,False,-0.14370141622438437,False,ok,,0.0044372500269673765
9,8,Normal,20000,2,0.1,18,2026108718,2.8328518984825948,new_lower_rho_same_seed_schedule,False,14,2.6799907913796917,0.9989,19978,0.0010999999999999899,151.5151515151515,132,1,14,1.1159042917604107,False,-0.15286110710290313,False,ok,,0.004341040970757604
9,8,Normal,20000,2,0.1,18,2026108718,2.8328518984825948,new_lower_rho_same_seed_schedule,False,15,2.664682571653442,0.9987,19974,0.0012999999999999678,132.4503311258278,151,1,13,1.1221867979170206,False,-0.16816932682915287,False,ok,,0.00462174997664988
9,8,Normal,20000,2,0.1,18,2026108718,2.8328518984825948,new_lower_rho_same_seed_schedule,False,16,2.6534405139517006,0.99785,19957,0.0021499999999999853,116.95906432748538,171,1,14,1.1288392508505558,False,-0.17941138453089422,False,ok,,0.004438499978277832
9,8,Normal,20000,2,0.1,18,2026108718,2.8328518984825948,new_lower_rho_same_seed_schedule,False,17,2.63528765506071,0.9978,19956,0.0021999999999999797,103.62694300518135,193,1,24,1.1344789671583713,False,-0.19756424342188472,False,ok,,0.004426957981195301
9,8,Normal,20000,2,0.1,18,2026108718,2.8328518984825948,new_lower_rho_same_seed_schedule,False,18,2.6281017004263845,0.9976,19952,0.0023999999999999577,95.23809523809524,210,1,24,1.1437925972994094,False,-0.2047501980562103,False,ok,,0.004293707956094295
9,8,Normal,20000,2,0.1,18,2026108718,2.8328518984825948,new_lower_rho_same_seed_schedule,False,19,2.6123259425833227,0.9969,19938,0.0030999999999999917,85.1063829787234,235,1,36,1.1502645568357484,False,-0.22052595589927204,False,ok,,0.0049628340057097375
9,8,Normal,20000,2,0.1,18,2026108718,2.8328518984825948,new_lower_rho_same_seed_schedule,False,20,2.6038005610399195,0.9969,19938,0.0030999999999999917,79.05138339920948,253,1,37,1.1562426547822378,False,-0.22905133744267525,False,ok,,0.0044314590049907565
9,8,Normal,20000,2,0.1,18,2026108718,2.8328518984825948,new_lower_rho_same_seed_schedule,False,21,2.589299656252754,0.9966,19932,0.0033999999999999586,74.07407407407408,270,1,32,1.1648419154752852,False,-0.24355224222984084,False,ok,,0.004492165986448526
9,8,Normal,20000,2,0.1,18,2026108718,2.8328518984825948,new_lower_rho_same_seed_schedule,False,22,2.5732731118339793,0.9968,19936,0.0031999999999999806,68.25938566552901,293,1,34,1.1678980821234362,False,-0.25957878664861544,False,ok,,0.004575375001877546
9,8,Normal,20000,2,0.1,18,2026108718,2.8328518984825948,new_lower_rho_same_seed_schedule,False,23,2.561765025769375,0.9958,19916,0.0041999999999999815,62.893081761006286,318,1,41,1.178260899266355,False,-0.27108687271321985,False,ok,,0.00492458394728601
9,8,Normal,20000,2,0.1,18,2026108718,2.8328518984825948,new_lower_rho_same_seed_schedule,False,24,2.5513021762882095,0.99535,19907,0.004650000000000043,58.13953488372093,344,1,51,1.182797309885194,False,-0.28154972219438523,False,ok,,0.0045454580103978515
9,8,Normal,20000,2,0.1,18,2026108718,2.8328518984825948,new_lower_rho_same_seed_schedule,False,25,2.5348679235189864,0.9946,19892,0.00539999999999996,54.34782608695652,368,1,56,1.1896038837873635,False,-0.2979839749636084,False,ok,,0.004592500044964254
9,8,Normal,20000,2,0.1,18,2026108718,2.8328518984825948,new_lower_rho_same_seed_schedule,False,26,2.5225410871664704,0.99425,19885,0.005750000000000033,50.505050505050505,396,1,65,1.1958107266217812,False,-0.31031081131612437,False,ok,,0.004639833001419902
9,8,Normal,20000,2,0.1,18,2026108718,2.8328518984825948,new_lower_rho_same_seed_schedule,False,27,2.502600370587355,0.9936,19872,0.006399999999999961,47.84688995215311,418,1,58,1.2019733269174608,False,-0.3302515278952396,False,ok,,0.004505958000663668
9,8,Normal,20000,2,0.1,18,2026108718,2.8328518984825948,new_lower_rho_same_seed_schedule,False,28,2.493950052940394,0.99395,19879,0.00605,45.558086560364465,439,1,59,1.2124588299219436,False,-0.3389018455422006,False,ok,,0.004549708042759448
9,8,Normal,20000,2,0.1,18,2026108718,2.8328518984825948,new_lower_rho_same_seed_schedule,False,29,2.4787423624674627,0.9924,19848,0.007600000000000051,42.19409282700422,474,1,73,1.2155002352177722,False,-0.35410953601513206,False,ok,,0.004612791002728045
9,8,Normal,20000,2,0.1,18,2026108718,2.8328518984825948,new_lower_rho_same_seed_schedule,False,30,2.4674687762526455,0.99295,19859,0.007050000000000001,39.761431411530815,503,1,85,1.2240520612301065,False,-0.3653831222299493,False,ok,,0.004984667000826448
9,8,Normal,20000,2,0.1,18,2026108718,2.8328518984825948,new_lower_rho_same_seed_schedule,False,31,2.4513666200629975,0.9923,19846,0.00770000000000004,38.02281368821293,526,1,76,1.2320975472192937,False,-0.38148527841959723,False,ok,,0.004885582951828837
9,8,Normal,20000,2,0.1,18,2026108718,2.8328518984825948,new_lower_rho_same_seed_schedule,False,32,2.4365027005618822,0.99185,19837,0.00814999999999999,36.101083032490976,554,1,92,1.2346328991984459,False,-0.39634919792071255,False,ok,,0.004949124995619059
9,8,Normal,20000,2,0.1,18,2026108718,2.8328518984825948,new_lower_rho_same_seed_schedule,False,33,2.422915601833628,0.9903,19806,0.009700000000000042,34.24657534246575,584,1,96,1.2369166878345133,False,-0.4099362966489668,False,ok,,0.005092416948173195
9,8,Normal,20000,2,0.1,18,2026108718,2.8328518984825948,new_lower_rho_same_seed_schedule,False,34,2.4059364000256136,0.98985,19797,0.010149999999999992,32.25806451612903,620,1,105,1.246390085423159,False,-0.4269154984569812,False,ok,,0.004778707982040942
9,8,Normal,20000,2,0.1,18,2026108718,2.8328518984825948,new_lower_rho_same_seed_schedule,False,35,2.3911274328506473,0.9901,19802,0.00990000000000002,31.055900621118013,644,1,109,1.2546735372999314,False,-0.44172446563194745,False,ok,,0.004728333035018295
9,8,Normal,20000,2,0.1,18,2026108718,2.8328518984825948,new_lower_rho_same_seed_schedule,False,36,2.3832232717209365,0.99,19800,0.010000000000000009,29.806259314456035,671,1,106,1.2598067661829888,False,-0.44962862676165827,False,ok,,0.004737375013064593
9,8,Normal,20000,2,0.1,18,2026108718,2.8328518984825948,new_lower_rho_same_seed_schedule,False,37,2.3641093299973157,0.9887,19774,0.011299999999999977,28.24858757062147,708,1,128,1.2631594074718708,False,-0.46874256848527907,False,ok,,0.004984124971088022
9,8,Normal,20000,2,0.1,18,2026108718,2.8328518984825948,new_lower_rho_same_seed_schedule,False,38,2.3503285942223657,0.98805,19761,0.011950000000000016,27.027027027027028,740,1,134,1.272049418144198,False,-0.48252330426022905,False,ok,,0.0049258749932050705
9,8,Normal,20000,2,0.1,18,2026108718,2.8328518984825948,new_lower_rho_same_seed_schedule,False,39,2.3353817712804044,0.98805,19761,0.011950000000000016,26.212319790301443,763,1,134,1.2769801050395122,False,-0.4974701272021904,False,ok,,0.004930499999318272
9,8,Normal,20000,2,0.1,18,2026108718,2.8328518984825948,new_lower_rho_same_seed_schedule,False,40,2.322208867101144,0.98725,19745,0.012750000000000039,25.0,800,1,139,1.2830442085742078,False,-0.5106430313814507,False,ok,,0.005404750001616776
9,8,Normal,20000,2,0.1,19,2026108719,2.8328518984825948,new_lower_rho_same_seed_schedule,False,1,2.8333456471928296,1.0,20000,0.0,20000.0,1,20000,0,1.0224300799918664,False,0.000493748710234776,False,ok,,0.0038289169897325337
9,8,Normal,20000,2,0.1,19,2026108719,2.8328518984825948,new_lower_rho_same_seed_schedule,False,2,2.8110954872639704,1.0,20000,0.0,5000.0,4,3845,0,1.0349411477826773,False,-0.021756411218624372,False,ok,,0.00418270897353068
9,8,Normal,20000,2,0.1,19,2026108719,2.8328518984825948,new_lower_rho_same_seed_schedule,False,3,2.799765066986869,1.0,20000,0.0,2222.222222222222,9,83,0,1.0365813524804797,False,-0.033086831495725555,False,ok,,0.004099416022654623
9,8,Normal,20000,2,0.1,19,2026108719,2.8328518984825948,new_lower_rho_same_seed_schedule,False,4,2.7877184261411023,0.9999,19998,9.999999999998899e-05,1250.0,16,2,0,1.0413650158021188,False,-0.04513347234149245,False,ok,,0.00401558296289295
9,8,Normal,20000,2,0.1,19,2026108719,2.8328518984825948,new_lower_rho_same_seed_schedule,False,5,2.7768595371456266,0.9998,19996,0.00019999999999997797,833.3333333333334,24,1,2,1.048170888510204,False,-0.055992361336968166,False,ok,,0.004209665989037603
9,8,Normal,20000,2,0.1,19,2026108719,2.8328518984825948,new_lower_rho_same_seed_schedule,False,6,2.766804291481995,0.9998,19996,0.00019999999999997797,625.0,32,1,1,1.0563462650601854,False,-0.06604760700059975,False,ok,,0.004025000031106174
9,8,Normal,20000,2,0.1,19,2026108719,2.8328518984825948,new_lower_rho_same_seed_schedule,False,7,2.7567755333716026,0.9996,19992,0.00039999999999995595,465.1162790697674,43,1,4,1.0634803444675605,False,-0.07607636511099214,False,ok,,0.004432208021171391
9,8,Normal,20000,2,0.1,19,2026108719,2.8328518984825948,new_lower_rho_same_seed_schedule,False,8,2.7448603771973903,0.99945,19989,0.0005500000000000504,370.3703703703704,54,1,4,1.0711531376891812,False,-0.08799152128520449,False,ok,,0.0043590409914031625
9,8,Normal,20000,2,0.1,19,2026108719,2.8328518984825948,new_lower_rho_same_seed_schedule,False,9,2.7336981022369136,0.9996,19992,0.00039999999999995595,307.6923076923077,65,1,7,1.0798996248106896,False,-0.09915379624568121,False,ok,,0.004387125023640692
9,8,Normal,20000,2,0.1,19,2026108719,2.8328518984825948,new_lower_rho_same_seed_schedule,False,10,2.7215527956431447,0.99915,19983,0.0008500000000000174,246.91358024691357,81,1,10,1.0861692801127953,False,-0.1112991028394501,False,ok,,0.004328041977714747
9,8,Normal,20000,2,0.1,19,2026108719,2.8328518984825948,new_lower_rho_same_seed_schedule,False,11,2.709438717578887,0.99925,19985,0.0007500000000000284,219.78021978021977,91,1,7,1.0941301935314938,False,-0.12341318090370779,False,ok,,0.0046587910037487745
9,8,Normal,20000,2,0.1,19,2026108719,2.8328518984825948,new_lower_rho_same_seed_schedule,False,12,2.6988749851250953,0.99895,19979,0.0010499999999999954,183.4862385321101,109,1,12,1.1021414671201593,False,-0.1339769133574995,False,ok,,0.004294416983611882
9,8,Normal,20000,2,0.1,19,2026108719,2.8328518984825948,new_lower_rho_same_seed_schedule,False,13,2.6839588251168083,0.99845,19969,0.0015500000000000513,156.25,128,1,17,1.1096768737116742,False,-0.1488930733657865,False,ok,,0.004303166992031038
9,8,Normal,20000,2,0.1,19,2026108719,2.8328518984825948,new_lower_rho_same_seed_schedule,False,14,2.673072442590892,0.9981,19962,0.0019000000000000128,137.93103448275863,145,1,17,1.1167386511553479,False,-0.15977945589170295,False,ok,,0.004574750026222318
9,8,Normal,20000,2,0.1,19,2026108719,2.8328518984825948,new_lower_rho_same_seed_schedule,False,15,2.6623298990757718,0.9983,19966,0.0017000000000000348,125.0,160,1,22,1.124891729125402,False,-0.170521999406823,False,ok,,0.00440275005530566
9,8,Normal,20000,2,0.1,19,2026108719,2.8328518984825948,new_lower_rho_same_seed_schedule,False,16,2.6496804168807273,0.9979,19958,0.0020999999999999908,111.11111111111111,180,1,27,1.1322824919346035,False,-0.18317148160186747,False,ok,,0.0044054590398445725
9,8,Normal,20000,2,0.1,19,2026108719,2.8328518984825948,new_lower_rho_same_seed_schedule,False,17,2.6389777776704655,0.99825,19965,0.0017500000000000293,103.62694300518135,193,1,22,1.1405726965683527,False,-0.1938741208121293,False,ok,,0.004548540979158133
9,8,Normal,20000,2,0.1,19,2026108719,2.8328518984825948,new_lower_rho_same_seed_schedule,False,18,2.623169748048252,0.99795,19959,0.0020499999999999963,93.45794392523365,214,1,21,1.1485542816331304,False,-0.20968215043434268,False,ok,,0.004783791024237871
9,8,Normal,20000,2,0.1,19,2026108719,2.8328518984825948,new_lower_rho_same_seed_schedule,False,19,2.609465025346721,0.99705,19941,0.002950000000000008,83.33333333333333,240,1,29,1.15425769094237,False,-0.2233868731358739,False,ok,,0.00451816595159471
9,8,Normal,20000,2,0.1,19,2026108719,2.8328518984825948,new_lower_rho_same_seed_schedule,False,20,2.594977992193425,0.9967,19934,0.0032999999999999696,74.90636704119851,267,1,40,1.158994905842611,False,-0.23787390628916993,False,ok,,0.004676833050325513
9,8,Normal,20000,2,0.1,19,2026108719,2.8328518984825948,new_lower_rho_same_seed_schedule,False,21,2.578321114530207,0.99665,19933,0.003349999999999964,69.68641114982579,287,1,42,1.167701826292629,False,-0.2545307839523878,False,ok,,0.004817250010091811
9,8,Normal,20000,2,0.1,19,2026108719,2.8328518984825948,new_lower_rho_same_seed_schedule,False,22,2.5695607790461965,0.99615,19923,0.00385000000000002,64.93506493506493,308,1,34,1.1765436312229496,False,-0.26329111943639827,False,ok,,0.00477562501328066
9,8,Normal,20000,2,0.1,19,2026108719,2.8328518984825948,new_lower_rho_same_seed_schedule,False,23,2.551755220212591,0.99575,19915,0.004249999999999976,59.171597633136095,338,1,54,1.1800413025153462,False,-0.28109667827000395,False,ok,,0.00457316602114588
9,8,Normal,20000,2,0.1,19,2026108719,2.8328518984825948,new_lower_rho_same_seed_schedule,False,24,2.5414888807890073,0.99555,19911,0.004449999999999954,55.248618784530386,362,1,54,1.190799627301537,False,-0.2913630176935875,False,ok,,0.004591417033225298
9,8,Normal,20000,2,0.1,19,2026108719,2.8328518984825948,new_lower_rho_same_seed_schedule,False,25,2.5275275930225685,0.9955,19910,0.0044999999999999485,51.94805194805195,385,1,56,1.1978684517387765,False,-0.3053243054600263,False,ok,,0.004901916952803731
9,8,Normal,20000,2,0.1,19,2026108719,2.8328518984825948,new_lower_rho_same_seed_schedule,False,26,2.513245100093618,0.99465,19893,0.005349999999999966,48.78048780487805,410,1,60,1.2028291669057198,False,-0.319606798388977,False,ok,,0.004725000006146729
9,8,Normal,20000,2,0.1,19,2026108719,2.8328518984825948,new_lower_rho_same_seed_schedule,False,27,2.4909926052215607,0.9939,19878,0.006099999999999994,45.04504504504504,444,1,68,1.2101966201490495,False,-0.34185929326103404,False,ok,,0.004649917013011873
9,8,Normal,20000,2,0.1,19,2026108719,2.8328518984825948,new_lower_rho_same_seed_schedule,False,28,2.4825151235034753,0.99265,19853,0.007349999999999968,42.5531914893617,470,1,76,1.2151793140840714,False,-0.3503367749791195,False,ok,,0.0048955000238493085
9,8,Normal,20000,2,0.1,19,2026108719,2.8328518984825948,new_lower_rho_same_seed_schedule,False,29,2.4699682514129955,0.99355,19871,0.006449999999999956,40.65040650406504,492,1,70,1.2246476612765091,False,-0.3628836470695993,False,ok,,0.004686707979999483
9,8,Normal,20000,2,0.1,19,2026108719,2.8328518984825948,new_lower_rho_same_seed_schedule,False,30,2.4504385977700354,0.9924,19848,0.007600000000000051,37.878787878787875,528,1,84,1.2283417826807108,False,-0.3824133007125594,False,ok,,0.004847707983572036
9,8,Normal,20000,2,0.1,19,2026108719,2.8328518984825948,new_lower_rho_same_seed_schedule,False,31,2.4350527696591153,0.9918,19836,0.008199999999999985,35.77817531305904,559,1,92,1.2372567661080236,False,-0.39779912882347945,False,ok,,0.004881542001385242
9,8,Normal,20000,2,0.1,19,2026108719,2.8328518984825948,new_lower_rho_same_seed_schedule,False,32,2.42501962449673,0.9914,19828,0.008600000000000052,34.01360544217687,588,1,99,1.2432997363912235,False,-0.40783227398586464,False,ok,,0.00511374999769032
9,8,Normal,20000,2,0.1,19,2026108719,2.8328518984825948,new_lower_rho_same_seed_schedule,False,33,2.407460921264794,0.9908,19816,0.009199999999999986,32.414910858995135,617,1,100,1.2499276591893596,False,-0.4253909772178006,False,ok,,0.004817833949346095
9,8,Normal,20000,2,0.1,19,2026108719,2.8328518984825948,new_lower_rho_same_seed_schedule,False,34,2.3970038356282246,0.9899,19798,0.010099999999999998,31.055900621118013,644,1,94,1.2535161286195948,False,-0.43584806285437017,False,ok,,0.004994041984900832
9,8,Normal,20000,2,0.1,19,2026108719,2.8328518984825948,new_lower_rho_same_seed_schedule,False,35,2.37351687593914,0.98965,19793,0.01034999999999997,29.49852507374631,678,1,109,1.2593535824631112,False,-0.45933502254345493,False,ok,,0.00520812498871237
9,8,Normal,20000,2,0.1,19,2026108719,2.8328518984825948,new_lower_rho_same_seed_schedule,False,36,2.364734837878817,0.98895,19779,0.011050000000000004,28.129395218002813,711,1,119,1.2649745080010422,False,-0.4681170606037779,False,ok,,0.005117458000313491
9,8,Normal,20000,2,0.1,19,2026108719,2.8328518984825948,new_lower_rho_same_seed_schedule,False,37,2.349554751536329,0.9885,19770,0.011499999999999955,27.027027027027028,740,1,116,1.2748465209736004,False,-0.4832971469462657,False,ok,,0.004951957962475717
9,8,Normal,20000,2,0.1,19,2026108719,2.8328518984825948,new_lower_rho_same_seed_schedule,False,38,2.339228493634448,0.9866,19732,0.013399999999999967,25.74002574002574,777,1,140,1.277246485060003,False,-0.49362340484814693,False,ok,,0.00547916698269546
9,8,Normal,20000,2,0.1,19,2026108719,2.8328518984825948,new_lower_rho_same_seed_schedule,False,39,2.315223600811301,0.98625,19725,0.01375000000000004,24.42002442002442,819,1,151,1.282202348088802,False,-0.5176282976712936,False,ok,,0.0054579999996349216
9,8,Normal,20000,2,0.1,19,2026108719,2.8328518984825948,new_lower_rho_same_seed_schedule,False,40,2.3017368930716,0.98645,19729,0.013549999999999951,23.529411764705884,850,1,158,1.2891502297516726,False,-0.531115005410995,False,ok,,0.005102334020193666
9,8,Normal,20000,2,0.1,20,2026108720,2.8328518984825948,new_lower_rho_same_seed_schedule,False,1,2.8386455326505744,1.0,20000,0.0,20000.0,1,20000,0,1.02225964440034,False,0.005793634167979622,False,ok,,0.004039541003294289
9,8,Normal,20000,2,0.1,20,2026108720,2.8328518984825948,new_lower_rho_same_seed_schedule,False,2,2.8177007235847173,1.0,20000,0.0,5000.0,4,4301,0,1.0363101719496626,False,-0.015151174897877429,False,ok,,0.0042225419892929494
9,8,Normal,20000,2,0.1,20,2026108720,2.8328518984825948,new_lower_rho_same_seed_schedule,False,3,2.8041777908817176,1.0,20000,0.0,2222.222222222222,9,92,0,1.0351078813188705,False,-0.028674107600877186,False,ok,,0.003926207951735705
9,8,Normal,20000,2,0.1,20,2026108720,2.8328518984825948,new_lower_rho_same_seed_schedule,False,4,2.794119007187165,1.0,20000,0.0,1250.0,16,3,0,1.042501641404982,False,-0.038732891295429894,False,ok,,0.003978417022153735
9,8,Normal,20000,2,0.1,20,2026108720,2.8328518984825948,new_lower_rho_same_seed_schedule,False,5,2.78199951241558,0.99985,19997,0.00014999999999998348,833.3333333333334,24,1,1,1.0498830204490275,False,-0.0508523860670147,False,ok,,0.004534041974693537
9,8,Normal,20000,2,0.1,20,2026108720,2.8328518984825948,new_lower_rho_same_seed_schedule,False,6,2.7727886494945237,0.9999,19998,9.999999999998899e-05,625.0,32,2,0,1.0574309470299674,False,-0.06006324898807103,False,ok,,0.004008583026006818
9,8,Normal,20000,2,0.1,20,2026108720,2.8328518984825948,new_lower_rho_same_seed_schedule,False,7,2.7611126335145135,1.0,20000,0.0,487.8048780487805,41,3,0,1.0644353409519292,False,-0.07173926496808125,False,ok,,0.004179125011432916
9,8,Normal,20000,2,0.1,20,2026108720,2.8328518984825948,new_lower_rho_same_seed_schedule,False,8,2.7511110569302972,0.9997,19994,0.00029999999999996696,370.3703703703704,54,1,5,1.0729727326122809,False,-0.08174084155229755,False,ok,,0.004535999963991344
9,8,Normal,20000,2,0.1,20,2026108720,2.8328518984825948,new_lower_rho_same_seed_schedule,False,9,2.7390279405940543,0.99965,19993,0.00034999999999996145,298.5074626865672,67,1,6,1.0807850108924872,False,-0.09382395788854048,False,ok,,0.004763583012390882
9,8,Normal,20000,2,0.1,20,2026108720,2.8328518984825948,new_lower_rho_same_seed_schedule,False,10,2.725489855763384,0.99925,19985,0.0007500000000000284,240.96385542168676,83,1,9,1.086648834838145,False,-0.10736204271921057,False,ok,,0.0043047500075772405
9,8,Normal,20000,2,0.1,20,2026108720,2.8328518984825948,new_lower_rho_same_seed_schedule,False,11,2.7129983504731254,0.99925,19985,0.0007500000000000284,210.52631578947367,95,1,10,1.09605474334167,False,-0.11985354800946935,False,ok,,0.004416417039465159
9,8,Normal,20000,2,0.1,20,2026108720,2.8328518984825948,new_lower_rho_same_seed_schedule,False,12,2.7021525422915706,0.99895,19979,0.0010499999999999954,178.57142857142858,112,1,11,1.1028810433536864,False,-0.13069935619102413,False,ok,,0.004619790997821838
9,8,Normal,20000,2,0.1,20,2026108720,2.8328518984825948,new_lower_rho_same_seed_schedule,False,13,2.688688235288912,0.99895,19979,0.0010499999999999954,160.0,125,1,9,1.1108306711728253,False,-0.1441636631936829,False,ok,,0.0046555420267395675
9,8,Normal,20000,2,0.1,20,2026108720,2.8328518984825948,new_lower_rho_same_seed_schedule,False,14,2.679522257842943,0.9985,19970,0.0014999999999999458,137.93103448275863,145,1,18,1.1190335761318988,False,-0.15332964063965182,False,ok,,0.004602417000569403
9,8,Normal,20000,2,0.1,20,2026108720,2.8328518984825948,new_lower_rho_same_seed_schedule,False,15,2.6593594685945408,0.99795,19959,0.0020499999999999963,121.21212121212122,165,1,18,1.127588161443409,False,-0.17349242988805402,False,ok,,0.004532417049631476
9,8,Normal,20000,2,0.1,20,2026108720,2.8328518984825948,new_lower_rho_same_seed_schedule,False,16,2.653522692002691,0.998,19960,0.0020000000000000018,110.49723756906077,181,1,26,1.1346136166508551,False,-0.1793292064799039,False,ok,,0.004641333012841642
9,8,Normal,20000,2,0.1,20,2026108720,2.8328518984825948,new_lower_rho_same_seed_schedule,False,17,2.640131189269633,0.99735,19947,0.002650000000000041,98.03921568627452,204,1,28,1.1406164418803904,False,-0.1927207092129617,False,ok,,0.0045889580505900085
9,8,Normal,20000,2,0.1,20,2026108720,2.8328518984825948,new_lower_rho_same_seed_schedule,False,18,2.6272147614670667,0.99785,19957,0.0021499999999999853,90.49773755656109,221,1,26,1.1495870492349727,False,-0.2056371370155281,False,ok,,0.0045863339910283685
9,8,Normal,20000,2,0.1,20,2026108720,2.8328518984825948,new_lower_rho_same_seed_schedule,False,19,2.610624782520082,0.99705,19941,0.002950000000000008,80.97165991902834,247,1,33,1.1575513729909455,False,-0.22222711596251266,False,ok,,0.004839999950490892
9,8,Normal,20000,2,0.1,20,2026108720,2.8328518984825948,new_lower_rho_same_seed_schedule,False,20,2.5972723268358866,0.9967,19934,0.0032999999999999696,73.80073800738008,271,1,40,1.1623396859560853,False,-0.23557957164670817,False,ok,,0.0048379169893451035
9,8,Normal,20000,2,0.1,20,2026108720,2.8328518984825948,new_lower_rho_same_seed_schedule,False,21,2.5831868544018968,0.99535,19907,0.004650000000000043,68.02721088435374,294,1,46,1.1698791521679182,False,-0.249665044080698,False,ok,,0.004715832998044789
9,8,Normal,20000,2,0.1,20,2026108720,2.8328518984825948,new_lower_rho_same_seed_schedule,False,22,2.5756613382623907,0.99665,19933,0.003349999999999964,64.93506493506493,308,1,41,1.1782177871004582,False,-0.25719056022020403,False,ok,,0.004672582959756255
9,8,Normal,20000,2,0.1,20,2026108720,2.8328518984825948,new_lower_rho_same_seed_schedule,False,23,2.555562491542492,0.9956,19912,0.0043999999999999595,58.651026392961874,341,1,53,1.1823663312462196,False,-0.2772894069401026,False,ok,,0.0051057920209132135
9,8,Normal,20000,2,0.1,20,2026108720,2.8328518984825948,new_lower_rho_same_seed_schedule,False,24,2.537489243628534,0.9952,19904,0.0048000000000000265,54.94505494505494,364,1,51,1.1880942284560623,False,-0.29536265485406066,False,ok,,0.0045628329971805215
9,8,Normal,20000,2,0.1,20,2026108720,2.8328518984825948,new_lower_rho_same_seed_schedule,False,25,2.532173181537894,0.9951,19902,0.0049000000000000155,51.54639175257732,388,1,54,1.1983702560680713,False,-0.30067871694470094,False,ok,,0.004704582970589399
9,8,Normal,20000,2,0.1,20,2026108720,2.8328518984825948,new_lower_rho_same_seed_schedule,False,26,2.51129166812942,0.9945,19890,0.005499999999999949,48.07692307692308,416,1,63,1.204895829367659,False,-0.3215602303531746,False,ok,,0.004905417037662119
9,8,Normal,20000,2,0.1,20,2026108720,2.8328518984825948,new_lower_rho_same_seed_schedule,False,27,2.5010737423387788,0.9938,19876,0.006199999999999983,45.558086560364465,439,1,63,1.2102477971695236,False,-0.331778156143816,False,ok,,0.004882665991317481
9,8,Normal,20000,2,0.1,20,2026108720,2.8328518984825948,new_lower_rho_same_seed_schedule,False,28,2.485188665803313,0.9941,19882,0.005900000000000016,42.73504273504273,468,1,75,1.2171136957390098,False,-0.3476632326792819,False,ok,,0.004820125002879649
9,8,Normal,20000,2,0.1,20,2026108720,2.8328518984825948,new_lower_rho_same_seed_schedule,False,29,2.4707021011205788,0.9933,19866,0.006700000000000039,40.08016032064128,499,1,79,1.2235275377283552,False,-0.362149797362016,False,ok,,0.005049084022175521
9,8,Normal,20000,2,0.1,20,2026108720,2.8328518984825948,new_lower_rho_same_seed_schedule,False,30,2.457442969895753,0.9925,19850,0.007499999999999951,37.3134328358209,536,1,96,1.2294821856381888,False,-0.37540892858684183,False,ok,,0.005167416005861014
9,8,Normal,20000,2,0.1,20,2026108720,2.8328518984825948,new_lower_rho_same_seed_schedule,False,31,2.4434001812054778,0.99175,19835,0.00824999999999998,35.1493848857645,569,1,107,1.2357174149533017,False,-0.389451717277117,False,ok,,0.004971083020791411
9,8,Normal,20000,2,0.1,20,2026108720,2.8328518984825948,new_lower_rho_same_seed_schedule,False,32,2.4269824827294832,0.99245,19849,0.007549999999999946,34.129692832764505,586,1,88,1.2462065633425905,False,-0.40586941575311153,False,ok,,0.0049577500321902335
9,8,Normal,20000,2,0.1,20,2026108720,2.8328518984825948,new_lower_rho_same_seed_schedule,False,33,2.4141763079112444,0.9916,19832,0.008399999999999963,32.154340836012864,622,1,105,1.2512070886388045,False,-0.4186755905713504,False,ok,,0.005252917006146163
9,8,Normal,20000,2,0.1,20,2026108720,2.8328518984825948,new_lower_rho_same_seed_schedule,False,34,2.4007953503386603,0.99165,19833,0.008349999999999969,30.864197530864196,648,1,102,1.2576305486934651,False,-0.43205654814393446,False,ok,,0.004968790977727622
9,8,Normal,20000,2,0.1,20,2026108720,2.8328518984825948,new_lower_rho_same_seed_schedule,False,35,2.3772709343817398,0.9907,19814,0.009299999999999975,28.94356005788712,691,1,128,1.2627351153787052,False,-0.455580964100855,False,ok,,0.004929916001856327
9,8,Normal,20000,2,0.1,20,2026108720,2.8328518984825948,new_lower_rho_same_seed_schedule,False,36,2.367970018106298,0.9895,19790,0.010499999999999954,27.816411682892905,719,1,132,1.2664432988623464,False,-0.46488188037629685,False,ok,,0.004915125027764589
9,8,Normal,20000,2,0.1,20,2026108720,2.8328518984825948,new_lower_rho_same_seed_schedule,False,37,2.3546733635923554,0.9899,19798,0.010099999999999998,26.80965147453083,746,1,130,1.274142691322368,False,-0.4781785348902394,False,ok,,0.00579845899483189
9,8,Normal,20000,2,0.1,20,2026108720,2.8328518984825948,new_lower_rho_same_seed_schedule,False,38,2.3340093727357747,0.9883,19766,0.011700000000000044,25.54278416347382,783,1,127,1.284273590663307,False,-0.4988425257468201,False,ok,,0.005281874968204647
9,8,Normal,20000,2,0.1,20,2026108720,2.8328518984825948,new_lower_rho_same_seed_schedule,False,39,2.31451934386698,0.98725,19745,0.012750000000000039,24.096385542168676,830,1,158,1.2842828458972524,False,-0.5183325546156148,False,ok,,0.005429625045508146
9,8,Normal,20000,2,0.1,20,2026108720,2.8328518984825948,new_lower_rho_same_seed_schedule,False,40,2.300359861782639,0.98715,19743,0.012850000000000028,23.474178403755868,852,1,148,1.2942698064048044,False,-0.5324920366999559,False,ok,,0.0055049589718692005
9,8,Normal,20000,2,0.1,21,2026108721,2.8328518984825948,new_lower_rho_same_seed_schedule,False,1,2.843208458251603,1.0,20000,0.0,20000.0,1,20000,0,1.022956879707877,False,0.010356559769008289,False,ok,,0.004127625026740134
9,8,Normal,20000,2,0.1,21,2026108721,2.8328518984825948,new_lower_rho_same_seed_schedule,False,2,2.8218141733956332,1.0,20000,0.0,5000.0,4,2926,0,1.036041387791204,False,-0.011037725086961547,False,ok,,0.003928874968551099
9,8,Normal,20000,2,0.1,21,2026108721,2.8328518984825948,new_lower_rho_same_seed_schedule,False,3,2.8095675457656224,1.0,20000,0.0,2222.222222222222,9,41,0,1.033665206908155,False,-0.02328435271697238,False,ok,,0.00410870899213478
9,8,Normal,20000,2,0.1,21,2026108721,2.8328518984825948,new_lower_rho_same_seed_schedule,False,4,2.798027040123427,1.0,20000,0.0,1333.3333333333333,15,3,0,1.0411054513646674,False,-0.03482485835916771,False,ok,,0.004205375036690384
9,8,Normal,20000,2,0.1,21,2026108721,2.8328518984825948,new_lower_rho_same_seed_schedule,False,5,2.7861728472067977,0.9998,19996,0.00019999999999997797,869.5652173913044,23,1,1,1.0466868702591188,False,-0.04667905127579708,False,ok,,0.004302875022403896
9,8,Normal,20000,2,0.1,21,2026108721,2.8328518984825948,new_lower_rho_same_seed_schedule,False,6,2.7774487296864643,0.9996,19992,0.00039999999999995595,625.0,32,1,3,1.0531308880481167,False,-0.0554031687961305,False,ok,,0.004605624999385327
9,8,Normal,20000,2,0.1,21,2026108721,2.8328518984825948,new_lower_rho_same_seed_schedule,False,7,2.768642040324175,0.99985,19997,0.00014999999999998348,512.8205128205128,39,1,2,1.0604613237131717,False,-0.06420985815841984,False,ok,,0.004162958008237183
9,8,Normal,20000,2,0.1,21,2026108721,2.8328518984825948,new_lower_rho_same_seed_schedule,False,8,2.7564117329117592,0.99975,19995,0.00024999999999997247,400.0,50,1,4,1.0685869884620063,False,-0.07644016557083555,False,ok,,0.004386667045764625
9,8,Normal,20000,2,0.1,21,2026108721,2.8328518984825948,new_lower_rho_same_seed_schedule,False,9,2.745764854486845,0.9994,19988,0.0006000000000000449,322.5806451612903,62,1,6,1.0747272129367287,False,-0.08708704399574962,False,ok,,0.004387958033476025
9,8,Normal,20000,2,0.1,21,2026108721,2.8328518984825948,new_lower_rho_same_seed_schedule,False,10,2.7364872576526147,0.9992,19984,0.0008000000000000229,266.6666666666667,75,1,8,1.0830681403332874,False,-0.09636464082998009,False,ok,,0.0045685829827561975
9,8,Normal,20000,2,0.1,21,2026108721,2.8328518984825948,new_lower_rho_same_seed_schedule,False,11,2.7210339789228892,0.9991,19982,0.0009000000000000119,229.88505747126436,87,1,12,1.0876007492027433,False,-0.11181791955970555,False,ok,,0.004456916998606175
9,8,Normal,20000,2,0.1,21,2026108721,2.8328518984825948,new_lower_rho_same_seed_schedule,False,12,2.713631575944064,0.99875,19975,0.0012499999999999734,194.1747572815534,103,1,15,1.0965127948517384,False,-0.11922032253853088,False,ok,,0.004314624995458871
9,8,Normal,20000,2,0.1,21,2026108721,2.8328518984825948,new_lower_rho_same_seed_schedule,False,13,2.697030768279111,0.99875,19975,0.0012499999999999734,170.94017094017093,117,1,16,1.1017843438259638,False,-0.13582113020348396,False,ok,,0.004387041961308569
9,8,Normal,20000,2,0.1,21,2026108721,2.8328518984825948,new_lower_rho_same_seed_schedule,False,14,2.690434991520212,0.99865,19973,0.0013499999999999623,152.67175572519085,131,1,13,1.1101483758254644,False,-0.14241690696238285,False,ok,,0.004762292024679482
9,8,Normal,20000,2,0.1,21,2026108721,2.8328518984825948,new_lower_rho_same_seed_schedule,False,15,2.6765273340904536,0.9984,19968,0.0016000000000000458,134.2281879194631,149,1,20,1.1190235983229495,False,-0.15632456439214115,False,ok,,0.004732750006951392
9,8,Normal,20000,2,0.1,21,2026108721,2.8328518984825948,new_lower_rho_same_seed_schedule,False,16,2.662467536995611,0.9976,19952,0.0023999999999999577,118.34319526627219,169,1,24,1.126561738216875,False,-0.17038436148698377,False,ok,,0.004460625001229346
9,8,Normal,20000,2,0.1,21,2026108721,2.8328518984825948,new_lower_rho_same_seed_schedule,False,17,2.6500769151864145,0.9973,19946,0.0027000000000000357,108.69565217391305,184,1,25,1.1314950421513121,False,-0.18277498329618025,False,ok,,0.004790375009179115
9,8,Normal,20000,2,0.1,21,2026108721,2.8328518984825948,new_lower_rho_same_seed_schedule,False,18,2.640473960642559,0.99735,19947,0.002650000000000041,99.00990099009901,202,1,32,1.1367249969339746,False,-0.19237793784003587,False,ok,,0.004447875020559877
9,8,Normal,20000,2,0.1,21,2026108721,2.8328518984825948,new_lower_rho_same_seed_schedule,False,19,2.626296986468828,0.9972,19944,0.0028000000000000247,89.68609865470852,223,1,36,1.145875413652839,False,-0.20655491201376686,False,ok,,0.004525042022578418
9,8,Normal,20000,2,0.1,21,2026108721,2.8328518984825948,new_lower_rho_same_seed_schedule,False,20,2.616994207018224,0.99615,19923,0.00385000000000002,81.30081300813008,246,1,40,1.1514742628119223,False,-0.21585769146437084,False,ok,,0.004484416975174099
9,8,Normal,20000,2,0.1,21,2026108721,2.8328518984825948,new_lower_rho_same_seed_schedule,False,21,2.6031150769115996,0.99655,19931,0.003449999999999953,76.62835249042146,261,1,37,1.1601703670007364,False,-0.22973682157099518,False,ok,,0.004779124981723726
9,8,Normal,20000,2,0.1,21,2026108721,2.8328518984825948,new_lower_rho_same_seed_schedule,False,22,2.58658402066534,0.9964,19928,0.0036000000000000476,69.68641114982579,287,1,50,1.1646133150404478,False,-0.2462678778172549,False,ok,,0.004801332950592041
9,8,Normal,20000,2,0.1,21,2026108721,2.8328518984825948,new_lower_rho_same_seed_schedule,False,23,2.579258765442919,0.99605,19921,0.003950000000000009,66.44518272425249,301,1,42,1.1727245616429784,False,-0.2535931330396757,False,ok,,0.004598832980263978
9,8,Normal,20000,2,0.1,21,2026108721,2.8328518984825948,new_lower_rho_same_seed_schedule,False,24,2.5641414824673747,0.9952,19904,0.0048000000000000265,60.790273556231,329,1,58,1.1796526994875227,False,-0.26871041601522005,False,ok,,0.004873416037298739
9,8,Normal,20000,2,0.1,21,2026108721,2.8328518984825948,new_lower_rho_same_seed_schedule,False,25,2.5501395987274504,0.995,19900,0.0050000000000000044,56.81818181818182,352,1,60,1.1853476669391965,False,-0.28271229975514434,False,ok,,0.004867416981142014
9,8,Normal,20000,2,0.1,21,2026108721,2.8328518984825948,new_lower_rho_same_seed_schedule,False,26,2.534131598170503,0.99465,19893,0.005349999999999966,53.475935828877006,374,1,58,1.1913190561844347,False,-0.29872030031209196,False,ok,,0.004651166964322329
9,8,Normal,20000,2,0.1,21,2026108721,2.8328518984825948,new_lower_rho_same_seed_schedule,False,27,2.5276794683271997,0.9944,19888,0.005600000000000049,50.377833753148614,397,1,57,1.1981212434680277,False,-0.3051724301553951,False,ok,,0.004644416971132159
9,8,Normal,20000,2,0.1,21,2026108721,2.8328518984825948,new_lower_rho_same_seed_schedule,False,28,2.512460552608784,0.9936,19872,0.006399999999999961,47.16981132075472,424,1,71,1.204474856053595,False,-0.3203913458738108,False,ok,,0.004752624954562634
9,8,Normal,20000,2,0.1,21,2026108721,2.8328518984825948,new_lower_rho_same_seed_schedule,False,29,2.4940391530974364,0.9939,19878,0.006099999999999994,45.04504504504504,444,1,71,1.2134505862020797,False,-0.3388127453851584,False,ok,,0.004727874998934567
9,8,Normal,20000,2,0.1,21,2026108721,2.8328518984825948,new_lower_rho_same_seed_schedule,False,30,2.4879329052844494,0.99335,19867,0.006650000000000045,42.3728813559322,472,1,80,1.2194266926479604,False,-0.34491899319814534,False,ok,,0.004737291019409895
9,8,Normal,20000,2,0.1,21,2026108721,2.8328518984825948,new_lower_rho_same_seed_schedule,False,31,2.47207970400997,0.9929,19858,0.007099999999999995,40.241448692152915,497,1,86,1.2235203503410896,False,-0.360772194472625,False,ok,,0.004775542009156197
9,8,Normal,20000,2,0.1,21,2026108721,2.8328518984825948,new_lower_rho_same_seed_schedule,False,32,2.453244548317813,0.9918,19836,0.008199999999999985,37.664783427495294,531,1,92,1.2292896173412966,False,-0.37960735016478164,False,ok,,0.0050434579607099295
9,8,Normal,20000,2,0.1,21,2026108721,2.8328518984825948,new_lower_rho_same_seed_schedule,False,33,2.442660612396663,0.99235,19847,0.007650000000000046,35.97122302158273,556,1,94,1.2331108880849364,False,-0.39019128608593157,False,ok,,0.004771708976477385
9,8,Normal,20000,2,0.1,21,2026108721,2.8328518984825948,new_lower_rho_same_seed_schedule,False,34,2.431201524134417,0.99135,19827,0.008650000000000047,34.48275862068966,580,1,100,1.2385632683776897,False,-0.40165037434817785,False,ok,,0.004892541037406772
9,8,Normal,20000,2,0.1,21,2026108721,2.8328518984825948,new_lower_rho_same_seed_schedule,False,35,2.4149510508849126,0.99055,19811,0.009449999999999958,32.520325203252035,615,1,111,1.2482234150368934,False,-0.4179008475976822,False,ok,,0.0052948750089854
9,8,Normal,20000,2,0.1,21,2026108721,2.8328518984825948,new_lower_rho_same_seed_schedule,False,36,2.3998916951893303,0.99075,19815,0.00924999999999998,31.152647975077883,642,1,116,1.2523994521017927,False,-0.43296020329326446,False,ok,,0.004870541975833476
9,8,Normal,20000,2,0.1,21,2026108721,2.8328518984825948,new_lower_rho_same_seed_schedule,False,37,2.387735859739443,0.9904,19808,0.009600000000000053,30.03003003003003,666,1,115,1.2614325333449983,False,-0.44511603874315187,False,ok,,0.005062708049081266
9,8,Normal,20000,2,0.1,21,2026108721,2.8328518984825948,new_lower_rho_same_seed_schedule,False,38,2.372161746556209,0.9898,19796,0.010199999999999987,28.94356005788712,691,1,116,1.263008928014071,False,-0.46069015192638574,False,ok,,0.005377458001021296
9,8,Normal,20000,2,0.1,21,2026108721,2.8328518984825948,new_lower_rho_same_seed_schedule,False,39,2.3625280572957577,0.98915,19783,0.010850000000000026,27.77777777777778,720,1,115,1.2699975481475858,False,-0.4703238411868371,False,ok,,0.005335832946002483
9,8,Normal,20000,2,0.1,21,2026108721,2.8328518984825948,new_lower_rho_same_seed_schedule,False,40,2.345220724486538,0.9881,19762,0.011900000000000022,26.281208935611037,761,1,140,1.2764838270475878,False,-0.4876311739960566,False,ok,,0.0051263750065118074
9,8,Normal,20000,2,0.1,22,2026108722,2.8328518984825948,new_lower_rho_same_seed_schedule,False,1,2.842912771465417,1.0,20000,0.0,20000.0,1,20000,0,1.022836282253668,False,0.010060872982822211,False,ok,,0.003967750002630055
9,8,Normal,20000,2,0.1,22,2026108722,2.8328518984825948,new_lower_rho_same_seed_schedule,False,2,2.822431176687178,1.0,20000,0.0,5000.0,4,3680,0,1.0365439236010434,False,-0.010420721795416643,False,ok,,0.004159666947089136
9,8,Normal,20000,2,0.1,22,2026108722,2.8328518984825948,new_lower_rho_same_seed_schedule,False,3,2.8099212254916033,1.0,20000,0.0,2222.222222222222,9,71,0,1.034719859155293,False,-0.022930672990991496,False,ok,,0.004200708004646003
9,8,Normal,20000,2,0.1,22,2026108722,2.8328518984825948,new_lower_rho_same_seed_schedule,False,4,2.7981744989808437,1.0,20000,0.0,1250.0,16,4,0,1.0414706657527104,False,-0.03467739950175108,False,ok,,0.004231916973367333
9,8,Normal,20000,2,0.1,22,2026108722,2.8328518984825948,new_lower_rho_same_seed_schedule,False,5,2.787319688828594,1.0,20000,0.0,869.5652173913044,23,3,0,1.047081642091956,False,-0.045532209654000955,False,ok,,0.004738166986498982
9,8,Normal,20000,2,0.1,22,2026108722,2.8328518984825948,new_lower_rho_same_seed_schedule,False,6,2.7789054357824816,0.99985,19997,0.00014999999999998348,606.060606060606,33,1,1,1.0555950272201098,False,-0.05394646270011316,False,ok,,0.004216917033772916
9,8,Normal,20000,2,0.1,22,2026108722,2.8328518984825948,new_lower_rho_same_seed_schedule,False,7,2.766542422104768,0.99975,19995,0.00024999999999997247,465.1162790697674,43,1,5,1.0606468067364554,False,-0.06630947637782691,False,ok,,0.004458667011931539
9,8,Normal,20000,2,0.1,22,2026108722,2.8328518984825948,new_lower_rho_same_seed_schedule,False,8,2.7546814098044976,0.9995,19990,0.0004999999999999449,357.14285714285717,56,1,7,1.0699476232858423,False,-0.07817048867809717,False,ok,,0.00461937504587695
9,8,Normal,20000,2,0.1,22,2026108722,2.8328518984825948,new_lower_rho_same_seed_schedule,False,9,2.743209471921733,0.9994,19988,0.0006000000000000449,298.5074626865672,67,1,6,1.0776376602875617,False,-0.08964242656086174,False,ok,,0.004459292045794427
9,8,Normal,20000,2,0.1,22,2026108722,2.8328518984825948,new_lower_rho_same_seed_schedule,False,10,2.7333513505517355,0.99915,19983,0.0008500000000000174,256.4102564102564,78,1,5,1.0850108549670632,False,-0.09950054793085927,False,ok,,0.004401499987579882
9,8,Normal,20000,2,0.1,22,2026108722,2.8328518984825948,new_lower_rho_same_seed_schedule,False,11,2.7212783051105673,0.99855,19971,0.0014499999999999513,210.52631578947367,95,1,11,1.089709415964602,False,-0.11157359337202744,False,ok,,0.004446250037290156
9,8,Normal,20000,2,0.1,22,2026108722,2.8328518984825948,new_lower_rho_same_seed_schedule,False,12,2.7104971384863648,0.9988,19976,0.0011999999999999789,183.4862385321101,109,1,16,1.0997799595823219,False,-0.12235475999623002,False,ok,,0.0045104160089977086
9,8,Normal,20000,2,0.1,22,2026108722,2.8328518984825948,new_lower_rho_same_seed_schedule,False,13,2.6985711297711683,0.9987,19974,0.0012999999999999678,162.60162601626016,123,1,14,1.1066985365680562,False,-0.13428076871142647,False,ok,,0.00447766698198393
9,8,Normal,20000,2,0.1,22,2026108722,2.8328518984825948,new_lower_rho_same_seed_schedule,False,14,2.6813764229910815,0.9981,19962,0.0019000000000000128,139.86013986013987,143,1,20,1.1135739597723282,False,-0.1514754754915133,False,ok,,0.004487833008170128
9,8,Normal,20000,2,0.1,22,2026108722,2.8328518984825948,new_lower_rho_same_seed_schedule,False,15,2.675959376358628,0.9985,19970,0.0014999999999999458,128.2051282051282,156,1,19,1.1221243627453918,False,-0.15689252212396676,False,ok,,0.004595457983668894
9,8,Normal,20000,2,0.1,22,2026108722,2.8328518984825948,new_lower_rho_same_seed_schedule,False,16,2.660758652785335,0.9977,19954,0.0022999999999999687,112.99435028248588,177,1,28,1.128688821802117,False,-0.1720932456972597,False,ok,,0.004649124981369823
9,8,Normal,20000,2,0.1,22,2026108722,2.8328518984825948,new_lower_rho_same_seed_schedule,False,17,2.6483242948856494,0.9975,19950,0.0024999999999999467,101.5228426395939,197,1,33,1.1328884568677995,False,-0.18452760359694542,False,ok,,0.004342875035945326
9,8,Normal,20000,2,0.1,22,2026108722,2.8328518984825948,new_lower_rho_same_seed_schedule,False,18,2.633955273875205,0.997,19940,0.0030000000000000027,92.5925925925926,216,1,32,1.143259655814079,False,-0.19889662460738977,False,ok,,0.004409457964356989
9,8,Normal,20000,2,0.1,22,2026108722,2.8328518984825948,new_lower_rho_same_seed_schedule,False,19,2.6234295022181993,0.9964,19928,0.0036000000000000476,84.38818565400844,237,1,39,1.1485431314110401,False,-0.20942239626439552,False,ok,,0.0046388329938054085
9,8,Normal,20000,2,0.1,22,2026108722,2.8328518984825948,new_lower_rho_same_seed_schedule,False,20,2.6109217798499316,0.99635,19927,0.003650000000000042,77.51937984496124,258,1,46,1.1559738897509826,False,-0.2219301186326632,False,ok,,0.004389333014842123
9,8,Normal,20000,2,0.1,22,2026108722,2.8328518984825948,new_lower_rho_same_seed_schedule,False,21,2.596523571744502,0.9959,19918,0.0040999999999999925,71.17437722419929,281,1,52,1.1592607879656425,False,-0.2363283267380929,False,ok,,0.004478249989915639
9,8,Normal,20000,2,0.1,22,2026108722,2.8328518984825948,new_lower_rho_same_seed_schedule,False,22,2.5819044333984706,0.9956,19912,0.0043999999999999595,65.57377049180327,305,1,58,1.1694212430249507,False,-0.25094746508412413,False,ok,,0.004513500025495887
9,8,Normal,20000,2,0.1,22,2026108722,2.8328518984825948,new_lower_rho_same_seed_schedule,False,23,2.5681415114580832,0.9959,19918,0.0040999999999999925,62.30529595015577,321,1,51,1.176665470630837,False,-0.26471038702451155,False,ok,,0.004777708032634109
9,8,Normal,20000,2,0.1,22,2026108722,2.8328518984825948,new_lower_rho_same_seed_schedule,False,24,2.5571832011082476,0.9952,19904,0.0048000000000000265,58.13953488372093,344,1,50,1.1834126086731958,False,-0.2756686973743472,False,ok,,0.004653207957744598
9,8,Normal,20000,2,0.1,22,2026108722,2.8328518984825948,new_lower_rho_same_seed_schedule,False,25,2.539526403399394,0.99485,19897,0.005149999999999988,54.200542005420054,369,1,54,1.1897239346734718,False,-0.29332549508320094,False,ok,,0.004536791006103158
9,8,Normal,20000,2,0.1,22,2026108722,2.8328518984825948,new_lower_rho_same_seed_schedule,False,26,2.5297131671643704,0.9937,19874,0.006299999999999972,50.0,400,1,74,1.1958868424423919,False,-0.30313873131822433,False,ok,,0.0046627079718746245
9,8,Normal,20000,2,0.1,22,2026108722,2.8328518984825948,new_lower_rho_same_seed_schedule,False,27,2.515433226538277,0.9934,19868,0.00660000000000005,46.8384074941452,427,1,83,1.1998459134383985,False,-0.31741867194431794,False,ok,,0.004949334019329399
9,8,Normal,20000,2,0.1,22,2026108722,2.8328518984825948,new_lower_rho_same_seed_schedule,False,28,2.5030414033451485,0.99375,19875,0.006249999999999978,44.943820224719104,445,1,78,1.207939700882513,False,-0.3298104951374463,False,ok,,0.004662540974095464
9,8,Normal,20000,2,0.1,22,2026108722,2.8328518984825948,new_lower_rho_same_seed_schedule,False,29,2.487828573241813,0.99305,19861,0.006950000000000012,42.19409282700422,474,1,84,1.2120520903928462,False,-0.3450233252407817,False,ok,,0.0049374999944120646
9,8,Normal,20000,2,0.1,22,2026108722,2.8328518984825948,new_lower_rho_same_seed_schedule,False,30,2.4784291367968128,0.99305,19861,0.006950000000000012,40.08016032064128,499,1,92,1.222770945568554,False,-0.354422761685782,False,ok,,0.004867625015322119
9,8,Normal,20000,2,0.1,22,2026108722,2.8328518984825948,new_lower_rho_same_seed_schedule,False,31,2.458916355027113,0.9924,19848,0.007600000000000051,37.95066413662239,527,1,87,1.229025676755151,False,-0.37393554345548186,False,ok,,0.004803374991752207
9,8,Normal,20000,2,0.1,22,2026108722,2.8328518984825948,new_lower_rho_same_seed_schedule,False,32,2.4380479690030725,0.9912,19824,0.00880000000000003,35.97122302158273,556,1,97,1.2328633248576528,False,-0.39480392947952225,False,ok,,0.004767749982420355
9,8,Normal,20000,2,0.1,22,2026108722,2.8328518984825948,new_lower_rho_same_seed_schedule,False,33,2.4292090832532955,0.9911,19822,0.008900000000000019,34.07155025553663,587,1,105,1.238484859420884,False,-0.40364281522929923,False,ok,,0.004951958020683378
9,8,Normal,20000,2,0.1,22,2026108722,2.8328518984825948,new_lower_rho_same_seed_schedule,False,34,2.414435763047512,0.98985,19797,0.010149999999999992,32.05128205128205,624,1,130,1.2421969005130904,False,-0.4184161354350828,False,ok,,0.005107666947878897
9,8,Normal,20000,2,0.1,22,2026108722,2.8328518984825948,new_lower_rho_same_seed_schedule,False,35,2.397322238679266,0.99045,19809,0.009549999999999947,30.959752321981423,646,1,123,1.2505658944848703,False,-0.4355296598033287,False,ok,,0.004855125036556274
9,8,Normal,20000,2,0.1,22,2026108722,2.8328518984825948,new_lower_rho_same_seed_schedule,False,36,2.3878292322497834,0.9887,19774,0.011299999999999977,29.71768202080238,673,1,113,1.2563706896477318,False,-0.4450226662328114,False,ok,,0.004747041035443544
9,8,Normal,20000,2,0.1,22,2026108722,2.8328518984825948,new_lower_rho_same_seed_schedule,False,37,2.3683559379849117,0.9887,19774,0.011299999999999977,28.368794326241133,705,1,130,1.266617092568833,False,-0.46449596049768305,False,ok,,0.005464833986479789
9,8,Normal,20000,2,0.1,22,2026108722,2.8328518984825948,new_lower_rho_same_seed_schedule,False,38,2.3609950713253296,0.98785,19757,0.012149999999999994,27.285129604365622,733,1,128,1.26606278909376,False,-0.4718568271572652,False,ok,,0.004858375003095716
9,8,Normal,20000,2,0.1,22,2026108722,2.8328518984825948,new_lower_rho_same_seed_schedule,False,39,2.342347627644132,0.98765,19753,0.012349999999999972,26.07561929595828,767,1,147,1.2744678094301034,False,-0.4905042708384628,False,ok,,0.005039791984017938
9,8,Normal,20000,2,0.1,22,2026108722,2.8328518984825948,new_lower_rho_same_seed_schedule,False,40,2.3226752541428977,0.98585,19717,0.014149999999999996,24.93765586034913,802,1,141,1.281814803407456,False,-0.5101766443396971,False,ok,,0.005359417002182454
9,8,Normal,20000,2,0.1,23,2026108723,2.8328518984825948,new_lower_rho_same_seed_schedule,False,1,2.832500871623952,1.0,20000,0.0,20000.0,1,20000,0,1.0217956646553727,False,-0.0003510268586426335,False,ok,,0.003845667000859976
9,8,Normal,20000,2,0.1,23,2026108723,2.8328518984825948,new_lower_rho_same_seed_schedule,False,2,2.812463330289158,1.0,20000,0.0,5000.0,4,4624,0,1.0354031398657964,False,-0.020388568193436818,False,ok,,0.004062958003487438
9,8,Normal,20000,2,0.1,23,2026108723,2.8328518984825948,new_lower_rho_same_seed_schedule,False,3,2.7991124077982765,1.0,20000,0.0,2222.222222222222,9,119,0,1.0354482980837776,False,-0.03373949068431825,False,ok,,0.004150290973484516
9,8,Normal,20000,2,0.1,23,2026108723,2.8328518984825948,new_lower_rho_same_seed_schedule,False,4,2.7896285607239495,1.0,20000,0.0,1250.0,16,8,0,1.042900535758982,False,-0.043223337758645286,False,ok,,0.0037786669563502073
9,8,Normal,20000,2,0.1,23,2026108723,2.8328518984825948,new_lower_rho_same_seed_schedule,False,5,2.7781841787257435,0.99995,19999,4.999999999999449e-05,833.3333333333334,24,1,1,1.0495477804331421,False,-0.05466771975685125,False,ok,,0.004311083990614861
9,8,Normal,20000,2,0.1,23,2026108723,2.8328518984825948,new_lower_rho_same_seed_schedule,False,6,2.76551081745107,0.99985,19997,0.00014999999999998348,588.2352941176471,34,1,1,1.058515168475147,False,-0.06734108103152492,False,ok,,0.004050999996252358
9,8,Normal,20000,2,0.1,23,2026108723,2.8328518984825948,new_lower_rho_same_seed_schedule,False,7,2.754176925851869,0.9996,19992,0.00039999999999995595,434.7826086956522,46,1,3,1.065177344867958,False,-0.07867497263072565,False,ok,,0.004461458011064678
9,8,Normal,20000,2,0.1,23,2026108723,2.8328518984825948,new_lower_rho_same_seed_schedule,False,8,2.7428959688186074,0.9993,19986,0.0007000000000000339,333.3333333333333,60,1,5,1.0743556157004084,False,-0.08995592966398736,False,ok,,0.0042606249917298555
9,8,Normal,20000,2,0.1,23,2026108723,2.8328518984825948,new_lower_rho_same_seed_schedule,False,9,2.7290467751613865,0.9996,19992,0.00039999999999995595,289.8550724637681,69,1,4,1.0827444201783083,False,-0.10380512332120828,False,ok,,0.00425258296309039
9,8,Normal,20000,2,0.1,23,2026108723,2.8328518984825948,new_lower_rho_same_seed_schedule,False,10,2.719372114784858,0.99975,19995,0.00024999999999997247,243.90243902439025,82,1,2,1.0921580388940249,False,-0.11347978369773681,False,ok,,0.00455016695195809
9,8,Normal,20000,2,0.1,23,2026108723,2.8328518984825948,new_lower_rho_same_seed_schedule,False,11,2.7091297575017164,0.99915,19983,0.0008500000000000174,202.02020202020202,99,1,5,1.0979421513187666,False,-0.12372214098087841,False,ok,,0.004453208006452769
9,8,Normal,20000,2,0.1,23,2026108723,2.8328518984825948,new_lower_rho_same_seed_schedule,False,12,2.691979188632198,0.9989,19978,0.0010999999999999899,170.94017094017093,117,1,8,1.1058244332796616,False,-0.14087270985039657,False,ok,,0.004294874961487949
9,8,Normal,20000,2,0.1,23,2026108723,2.8328518984825948,new_lower_rho_same_seed_schedule,False,13,2.681097497094212,0.9986,19972,0.0013999999999999568,148.14814814814815,135,1,13,1.1141858485630143,False,-0.15175440138838292,False,ok,,0.00429562502540648
9,8,Normal,20000,2,0.1,23,2026108723,2.8328518984825948,new_lower_rho_same_seed_schedule,False,14,2.6692427654987303,0.9985,19970,0.0014999999999999458,131.57894736842104,152,1,15,1.1212469314230977,False,-0.16360913298386448,False,ok,,0.004558624990750104
9,8,Normal,20000,2,0.1,23,2026108723,2.8328518984825948,new_lower_rho_same_seed_schedule,False,15,2.650546795056308,0.99745,19949,0.0025500000000000522,115.60693641618496,173,1,16,1.1278178055551227,False,-0.18230510342628659,False,ok,,0.004395709023810923
9,8,Normal,20000,2,0.1,23,2026108723,2.8328518984825948,new_lower_rho_same_seed_schedule,False,16,2.6432221517928074,0.9976,19952,0.0023999999999999577,103.09278350515464,194,1,27,1.1379044606632842,False,-0.18962974668978738,False,ok,,0.0043319580145180225
9,8,Normal,20000,2,0.1,23,2026108723,2.8328518984825948,new_lower_rho_same_seed_schedule,False,17,2.629951108700404,0.9977,19954,0.0022999999999999687,92.5925925925926,216,1,30,1.145505543551776,False,-0.20290078978219084,False,ok,,0.004296459024772048
9,8,Normal,20000,2,0.1,23,2026108723,2.8328518984825948,new_lower_rho_same_seed_schedule,False,18,2.6076053184059447,0.997,19940,0.0030000000000000027,84.38818565400844,237,1,29,1.152991782971546,False,-0.2252465800766501,False,ok,,0.004635082965251058
9,8,Normal,20000,2,0.1,23,2026108723,2.8328518984825948,new_lower_rho_same_seed_schedule,False,19,2.5942575076101217,0.9965,19930,0.0034999999999999476,76.92307692307692,260,1,27,1.1609856382147952,False,-0.23859439087247303,False,ok,,0.004724500002339482
9,8,Normal,20000,2,0.1,23,2026108723,2.8328518984825948,new_lower_rho_same_seed_schedule,False,20,2.5850360166041084,0.9961,19922,0.0039000000000000146,70.92198581560284,282,1,30,1.1686087178840072,False,-0.24781588187848635,False,ok,,0.004606417031027377
9,8,Normal,20000,2,0.1,23,2026108723,2.8328518984825948,new_lower_rho_same_seed_schedule,False,21,2.5682316947227286,0.99565,19913,0.004349999999999965,64.30868167202573,311,1,53,1.1731803345767255,False,-0.26462020375986617,False,ok,,0.004543374991044402
9,8,Normal,20000,2,0.1,23,2026108723,2.8328518984825948,new_lower_rho_same_seed_schedule,False,22,2.5532791979861607,0.99515,19903,0.004850000000000021,59.347181008902076,337,1,49,1.181239371749341,False,-0.2795727004964341,False,ok,,0.004852708021644503
9,8,Normal,20000,2,0.1,23,2026108723,2.8328518984825948,new_lower_rho_same_seed_schedule,False,23,2.5393898668329595,0.9949,19898,0.005099999999999993,55.248618784530386,362,1,52,1.188500983622419,False,-0.29346203164963525,False,ok,,0.004574250022415072
9,8,Normal,20000,2,0.1,23,2026108723,2.8328518984825948,new_lower_rho_same_seed_schedule,False,24,2.5262996845526997,0.9939,19878,0.006099999999999994,51.150895140664964,391,1,63,1.193133923213152,False,-0.30655221392989507,False,ok,,0.004470125015359372
9,8,Normal,20000,2,0.1,23,2026108723,2.8328518984825948,new_lower_rho_same_seed_schedule,False,25,2.5133318857964873,0.9942,19884,0.005800000000000027,48.309178743961354,414,1,68,1.2011587069124094,False,-0.3195200126861075,False,ok,,0.004845332994591445
9,8,Normal,20000,2,0.1,23,2026108723,2.8328518984825948,new_lower_rho_same_seed_schedule,False,26,2.502565806807824,0.99305,19861,0.006950000000000012,45.146726862302486,443,1,73,1.2080753654617553,False,-0.33028609167477097,False,ok,,0.004633583012036979
9,8,Normal,20000,2,0.1,23,2026108723,2.8328518984825948,new_lower_rho_same_seed_schedule,False,27,2.4752022364209756,0.99255,19851,0.007449999999999957,42.016806722689076,476,1,82,1.2140771706392979,False,-0.3576496620616192,False,ok,,0.004653790965676308
9,8,Normal,20000,2,0.1,23,2026108723,2.8328518984825948,new_lower_rho_same_seed_schedule,False,28,2.4683006916092904,0.99285,19857,0.00714999999999999,40.16064257028113,498,1,83,1.2236406758912104,False,-0.36455120687330433,False,ok,,0.00480720802443102
9,8,Normal,20000,2,0.1,23,2026108723,2.8328518984825948,new_lower_rho_same_seed_schedule,False,29,2.45347415453951,0.9923,19846,0.00770000000000004,38.095238095238095,525,1,79,1.228641293412347,False,-0.37937774394308477,False,ok,,0.005138666019774973
9,8,Normal,20000,2,0.1,23,2026108723,2.8328518984825948,new_lower_rho_same_seed_schedule,False,30,2.437071470199475,0.9914,19828,0.008600000000000052,35.46099290780142,564,1,92,1.235591340279245,False,-0.3957804282831199,False,ok,,0.004772541054990143
9,8,Normal,20000,2,0.1,23,2026108723,2.8328518984825948,new_lower_rho_same_seed_schedule,False,31,2.4208843672415585,0.99065,19813,0.00934999999999997,33.557046979865774,596,1,105,1.2413803773463803,False,-0.41196753124103624,False,ok,,0.004717750009149313
9,8,Normal,20000,2,0.1,23,2026108723,2.8328518984825948,new_lower_rho_same_seed_schedule,False,32,2.4066709647599827,0.99005,19801,0.009950000000000014,32.05128205128205,624,1,105,1.2494678072205734,False,-0.4261809337226121,False,ok,,0.0049121250049211085
9,8,Normal,20000,2,0.1,23,2026108723,2.8328518984825948,new_lower_rho_same_seed_schedule,False,33,2.391237075242239,0.9893,19786,0.010700000000000043,30.441400304414003,657,1,121,1.2547784917016083,False,-0.44161482324035584,False,ok,,0.004952916002366692
9,8,Normal,20000,2,0.1,23,2026108723,2.8328518984825948,new_lower_rho_same_seed_schedule,False,34,2.3786858047385664,0.9891,19782,0.01090000000000002,28.985507246376812,690,1,128,1.2607411646114446,False,-0.4541660937440284,False,ok,,0.004829000041354448
9,8,Normal,20000,2,0.1,23,2026108723,2.8328518984825948,new_lower_rho_same_seed_schedule,False,35,2.3604134417880536,0.99005,19801,0.009950000000000014,28.011204481792717,714,1,128,1.2705748803391808,False,-0.4724384566945412,False,ok,,0.0050999579834751785
9,8,Normal,20000,2,0.1,23,2026108723,2.8328518984825948,new_lower_rho_same_seed_schedule,False,36,2.344149394288245,0.98775,19755,0.012249999999999983,26.31578947368421,760,1,139,1.2702785627524236,False,-0.4887025041943498,False,ok,,0.005112500046379864
9,8,Normal,20000,2,0.1,23,2026108723,2.8328518984825948,new_lower_rho_same_seed_schedule,False,37,2.3296750607092775,0.98715,19743,0.012850000000000028,25.31645569620253,790,1,137,1.2793310342917874,False,-0.5031768377733172,False,ok,,0.004930791037622839
9,8,Normal,20000,2,0.1,23,2026108723,2.8328518984825948,new_lower_rho_same_seed_schedule,False,38,2.310161270838089,0.9872,19744,0.012800000000000034,24.242424242424242,825,1,157,1.2879172277107418,False,-0.5226906276445056,False,ok,,0.004941083025187254
9,8,Normal,20000,2,0.1,23,2026108723,2.8328518984825948,new_lower_rho_same_seed_schedule,False,39,2.296396798765799,0.98535,19707,0.014650000000000052,23.174971031286212,863,1,164,1.2905969971225542,False,-0.5364550997167958,False,ok,,0.005358542024623603
9,8,Normal,20000,2,0.1,23,2026108723,2.8328518984825948,new_lower_rho_same_seed_schedule,False,40,2.2774588549790624,0.9856,19712,0.014399999999999968,22.246941045606228,899,1,173,1.2993274846143703,False,-0.5553930435035324,False,ok,,0.005033958004787564
9,8,Normal,20000,2,0.1,24,2026108724,2.8328518984825948,new_lower_rho_same_seed_schedule,False,1,2.830299928222324,1.0,20000,0.0,20000.0,1,20000,0,1.0222291411558448,False,-0.002551970260270764,False,ok,,0.003855499962810427
9,8,Normal,20000,2,0.1,24,2026108724,2.8328518984825948,new_lower_rho_same_seed_schedule,False,2,2.810530436149955,1.0,20000,0.0,5000.0,4,3590,0,1.036419634836035,False,-0.022321462332639985,False,ok,,0.004289500007871538
9,8,Normal,20000,2,0.1,24,2026108724,2.8328518984825948,new_lower_rho_same_seed_schedule,False,3,2.796867541846262,1.0,20000,0.0,2222.222222222222,9,49,0,1.0349886424105608,False,-0.035984356636332926,False,ok,,0.0038661250146105886
9,8,Normal,20000,2,0.1,24,2026108724,2.8328518984825948,new_lower_rho_same_seed_schedule,False,4,2.7865835723245103,0.99995,19999,4.999999999999449e-05,1250.0,16,2,0,1.0423113820447212,False,-0.046268326158084516,False,ok,,0.004055167024489492
9,8,Normal,20000,2,0.1,24,2026108724,2.8328518984825948,new_lower_rho_same_seed_schedule,False,5,2.7758385456291617,0.99995,19999,4.999999999999449e-05,869.5652173913044,23,1,1,1.0492005002703564,False,-0.05701335285343312,False,ok,,0.004388042027130723
9,8,Normal,20000,2,0.1,24,2026108724,2.8328518984825948,new_lower_rho_same_seed_schedule,False,6,2.764946712250277,0.9998,19996,0.00019999999999997797,588.2352941176471,34,1,4,1.055516428478165,False,-0.06790518623231767,False,ok,,0.004168374987784773
9,8,Normal,20000,2,0.1,24,2026108724,2.8328518984825948,new_lower_rho_same_seed_schedule,False,7,2.753279128833877,0.99965,19993,0.00034999999999996145,454.54545454545456,44,1,4,1.0634026576528466,False,-0.07957276964871784,False,ok,,0.004292791010811925
9,8,Normal,20000,2,0.1,24,2026108724,2.8328518984825948,new_lower_rho_same_seed_schedule,False,8,2.742412145550099,0.99945,19989,0.0005500000000000504,357.14285714285717,56,1,5,1.0715487402105106,False,-0.09043975293249584,False,ok,,0.004435291979461908
9,8,Normal,20000,2,0.1,24,2026108724,2.8328518984825948,new_lower_rho_same_seed_schedule,False,9,2.732235714006107,0.9995,19990,0.0004999999999999449,298.5074626865672,67,1,6,1.0801451529922068,False,-0.1006161844764879,False,ok,,0.004423291014973074
9,8,Normal,20000,2,0.1,24,2026108724,2.8328518984825948,new_lower_rho_same_seed_schedule,False,10,2.7191464283085374,0.9993,19986,0.0007000000000000339,240.96385542168676,83,1,10,1.0878198394532823,False,-0.11370547017405741,False,ok,,0.004516666987910867
9,8,Normal,20000,2,0.1,24,2026108724,2.8328518984825948,new_lower_rho_same_seed_schedule,False,11,2.707522393664837,0.999,19980,0.0010000000000000009,200.0,100,1,14,1.0946029121187266,False,-0.12532950481775762,False,ok,,0.00435616698814556
9,8,Normal,20000,2,0.1,24,2026108724,2.8328518984825948,new_lower_rho_same_seed_schedule,False,12,2.6939821863499724,0.9985,19970,0.0014999999999999458,176.99115044247787,113,1,11,1.1031175956050188,False,-0.13886971213262234,False,ok,,0.004273208964150399
9,8,Normal,20000,2,0.1,24,2026108724,2.8328518984825948,new_lower_rho_same_seed_schedule,False,13,2.6813012722434144,0.99845,19969,0.0015500000000000513,155.03875968992247,129,1,14,1.1080308745959815,False,-0.15155062623918036,False,ok,,0.004795374989043921
9,8,Normal,20000,2,0.1,24,2026108724,2.8328518984825948,new_lower_rho_same_seed_schedule,False,14,2.6705518043537073,0.9982,19964,0.0018000000000000238,132.4503311258278,151,1,25,1.1165247245884675,False,-0.16230009412888746,False,ok,,0.004435624985489994
9,8,Normal,20000,2,0.1,24,2026108724,2.8328518984825948,new_lower_rho_same_seed_schedule,False,15,2.6564095937316954,0.99775,19955,0.0022499999999999742,119.76047904191617,167,1,23,1.1238539359136777,False,-0.1764423047508994,False,ok,,0.00442329200450331
9,8,Normal,20000,2,0.1,24,2026108724,2.8328518984825948,new_lower_rho_same_seed_schedule,False,16,2.6437793987475833,0.9977,19954,0.0022999999999999687,108.69565217391305,184,1,23,1.1321216861874406,False,-0.1890724997350115,False,ok,,0.004643624997697771
9,8,Normal,20000,2,0.1,24,2026108724,2.8328518984825948,new_lower_rho_same_seed_schedule,False,17,2.631038047479044,0.9977,19954,0.0022999999999999687,97.5609756097561,205,1,31,1.1394543683036167,False,-0.20181385100355076,False,ok,,0.004681584017816931
9,8,Normal,20000,2,0.1,24,2026108724,2.8328518984825948,new_lower_rho_same_seed_schedule,False,18,2.620724078779007,0.99745,19949,0.0025500000000000522,88.49557522123894,226,1,39,1.1482917377136017,False,-0.21212781970358785,False,ok,,0.00443016696954146
9,8,Normal,20000,2,0.1,24,2026108724,2.8328518984825948,new_lower_rho_same_seed_schedule,False,19,2.603274146485384,0.9969,19938,0.0030999999999999917,80.32128514056225,249,1,45,1.1512524419926893,False,-0.22957775199721064,False,ok,,0.0044629580224864185
9,8,Normal,20000,2,0.1,24,2026108724,2.8328518984825948,new_lower_rho_same_seed_schedule,False,20,2.5900356233442947,0.9963,19926,0.0037000000000000366,74.6268656716418,268,1,42,1.159673260957703,False,-0.24281627513830006,False,ok,,0.004495042026974261
9,8,Normal,20000,2,0.1,24,2026108724,2.8328518984825948,new_lower_rho_same_seed_schedule,False,21,2.578612234530909,0.99575,19915,0.004249999999999976,68.02721088435374,294,1,44,1.1667306327622182,False,-0.25423966395168573,False,ok,,0.005465000052936375
9,8,Normal,20000,2,0.1,24,2026108724,2.8328518984825948,new_lower_rho_same_seed_schedule,False,22,2.567206662809347,0.99595,19919,0.004049999999999998,64.1025641025641,312,1,41,1.1749261690417894,False,-0.2656452356732477,False,ok,,0.004532332997769117
9,8,Normal,20000,2,0.1,24,2026108724,2.8328518984825948,new_lower_rho_same_seed_schedule,False,23,2.5492236453253274,0.9954,19908,0.0046000000000000485,58.99705014749262,339,1,54,1.1816964734500255,False,-0.28362825315726736,False,ok,,0.00462849996984005
9,8,Normal,20000,2,0.1,24,2026108724,2.8328518984825948,new_lower_rho_same_seed_schedule,False,24,2.53730001585899,0.9948,19896,0.005199999999999982,54.6448087431694,366,1,62,1.1874340585579484,False,-0.295551882623605,False,ok,,0.004863540991209447
9,8,Normal,20000,2,0.1,24,2026108724,2.8328518984825948,new_lower_rho_same_seed_schedule,False,25,2.5225832715691054,0.9949,19898,0.005099999999999993,51.54639175257732,388,1,69,1.196912230628626,False,-0.31026862691348933,False,ok,,0.0045186670031398535
9,8,Normal,20000,2,0.1,24,2026108724,2.8328518984825948,new_lower_rho_same_seed_schedule,False,26,2.506482657441391,0.99415,19883,0.005850000000000022,48.07692307692308,416,1,67,1.2003690434822305,False,-0.3263692410412036,False,ok,,0.0045834589982405305
9,8,Normal,20000,2,0.1,24,2026108724,2.8328518984825948,new_lower_rho_same_seed_schedule,False,27,2.4938621433683608,0.9931,19862,0.006900000000000017,44.84304932735426,446,1,73,1.2075144880239603,False,-0.338989755114234,False,ok,,0.004877750005107373
9,8,Normal,20000,2,0.1,24,2026108724,2.8328518984825948,new_lower_rho_same_seed_schedule,False,28,2.4772136452085447,0.99275,19855,0.007249999999999979,42.28329809725159,473,1,77,1.2160510592679425,False,-0.3556382532740501,False,ok,,0.004908042028546333
9,8,Normal,20000,2,0.1,24,2026108724,2.8328518984825948,new_lower_rho_same_seed_schedule,False,29,2.465311840211803,0.993,19860,0.007000000000000006,40.65040650406504,492,1,77,1.221467650753375,False,-0.3675400582707917,False,ok,,0.0047832499840296805
9,8,Normal,20000,2,0.1,24,2026108724,2.8328518984825948,new_lower_rho_same_seed_schedule,False,30,2.4496800022021397,0.99355,19871,0.006449999999999956,38.24091778202677,523,1,89,1.2311979665081327,False,-0.3831718962804551,False,ok,,0.004787250014487654
9,8,Normal,20000,2,0.1,24,2026108724,2.8328518984825948,new_lower_rho_same_seed_schedule,False,31,2.4376737637734,0.9919,19838,0.008099999999999996,36.36363636363637,550,1,87,1.2337764601439973,False,-0.39517813470919494,False,ok,,0.005177917017135769
9,8,Normal,20000,2,0.1,24,2026108724,2.8328518984825948,new_lower_rho_same_seed_schedule,False,32,2.4190147054473274,0.99145,19829,0.008549999999999947,34.305317324185246,583,1,102,1.241848857474706,False,-0.41383719303526734,False,ok,,0.004896291997283697
9,8,Normal,20000,2,0.1,24,2026108724,2.8328518984825948,new_lower_rho_same_seed_schedule,False,33,2.3997105290520704,0.9903,19806,0.009700000000000042,32.154340836012864,622,1,111,1.2459000308849546,False,-0.4331413694305244,False,ok,,0.004768333048559725
9,8,Normal,20000,2,0.1,24,2026108724,2.8328518984825948,new_lower_rho_same_seed_schedule,False,34,2.391348365852564,0.99005,19801,0.009950000000000014,30.721966205837173,651,1,120,1.2533998527964527,False,-0.4415035326300307,False,ok,,0.004834915976971388
9,8,Normal,20000,2,0.1,24,2026108724,2.8328518984825948,new_lower_rho_same_seed_schedule,False,35,2.383911986815711,0.9895,19790,0.010499999999999954,29.542097488921712,677,1,122,1.256694522774469,False,-0.44893991166688396,False,ok,,0.005188999988604337
9,8,Normal,20000,2,0.1,24,2026108724,2.8328518984825948,new_lower_rho_same_seed_schedule,False,36,2.359606969884074,0.98925,19785,0.010750000000000037,28.44950213371266,703,1,117,1.2668432376767047,False,-0.47324492859852096,False,ok,,0.005062457988969982
9,8,Normal,20000,2,0.1,24,2026108724,2.8328518984825948,new_lower_rho_same_seed_schedule,False,37,2.340874222412559,0.98815,19763,0.011850000000000027,26.737967914438503,748,1,144,1.2693774804509976,False,-0.49197767607003584,False,ok,,0.005129791970830411
9,8,Normal,20000,2,0.1,24,2026108724,2.8328518984825948,new_lower_rho_same_seed_schedule,False,38,2.3255092087788483,0.98815,19763,0.011850000000000027,25.873221216041397,773,1,133,1.2765324726082405,False,-0.5073426897037465,False,ok,,0.005156832979992032
9,8,Normal,20000,2,0.1,24,2026108724,2.8328518984825948,new_lower_rho_same_seed_schedule,False,39,2.314675763687553,0.9877,19754,0.012299999999999978,24.81389578163772,806,1,147,1.283515967532186,False,-0.5181761347950418,False,ok,,0.005092124978546053
9,8,Normal,20000,2,0.1,24,2026108724,2.8328518984825948,new_lower_rho_same_seed_schedule,False,40,2.296091864547178,0.98705,19741,0.012950000000000017,23.923444976076556,836,1,143,1.2891853291826936,False,-0.5367600339354168,False,ok,,0.005098957975860685
9,8,Normal,20000,2,0.1,25,2026108725,2.8328518984825948,new_lower_rho_same_seed_schedule,False,1,2.8262937834416944,1.0,20000,0.0,20000.0,1,20000,0,1.022264525113099,False,-0.006558115040900425,False,ok,,0.0038906250265426934
9,8,Normal,20000,2,0.1,25,2026108725,2.8328518984825948,new_lower_rho_same_seed_schedule,False,2,2.8028589531456354,1.0,20000,0.0,5000.0,4,3166,0,1.0350763390594777,False,-0.029992945336959398,False,ok,,0.004231416969560087
9,8,Normal,20000,2,0.1,25,2026108725,2.8328518984825948,new_lower_rho_same_seed_schedule,False,3,2.7920602790361495,1.0,20000,0.0,2222.222222222222,9,40,0,1.034858329543942,False,-0.04079161944644527,False,ok,,0.0041461659711785614
9,8,Normal,20000,2,0.1,25,2026108725,2.8328518984825948,new_lower_rho_same_seed_schedule,False,4,2.781033207680279,1.0,20000,0.0,1333.3333333333333,15,12,0,1.042109136593145,False,-0.051818690802315714,False,ok,,0.004492833046242595
9,8,Normal,20000,2,0.1,25,2026108725,2.8328518984825948,new_lower_rho_same_seed_schedule,False,5,2.769086987142798,0.99975,19995,0.00024999999999997247,833.3333333333334,24,1,1,1.0484388134757479,False,-0.06376491133979689,False,ok,,0.004327416012529284
9,8,Normal,20000,2,0.1,25,2026108725,2.8328518984825948,new_lower_rho_same_seed_schedule,False,6,2.760073369744497,0.9999,19998,9.999999999998899e-05,625.0,32,1,2,1.0563499691961784,False,-0.07277852873809776,False,ok,,0.004016915976535529
9,8,Normal,20000,2,0.1,25,2026108725,2.8328518984825948,new_lower_rho_same_seed_schedule,False,7,2.7467438650783222,0.99985,19997,0.00014999999999998348,465.1162790697674,43,2,0,1.0649447055693957,False,-0.08610803340427253,False,ok,,0.004198000009637326
9,8,Normal,20000,2,0.1,25,2026108725,2.8328518984825948,new_lower_rho_same_seed_schedule,False,8,2.7365296885783352,0.9996,19992,0.00039999999999995595,350.87719298245617,57,1,4,1.0719726450158913,False,-0.09632220990425955,False,ok,,0.004709457978606224
9,8,Normal,20000,2,0.1,25,2026108725,2.8328518984825948,new_lower_rho_same_seed_schedule,False,9,2.7240230011866915,0.99925,19985,0.0007500000000000284,289.8550724637681,69,1,5,1.0792757820865122,False,-0.10882889729590328,False,ok,,0.004305417009163648
9,8,Normal,20000,2,0.1,25,2026108725,2.8328518984825948,new_lower_rho_same_seed_schedule,False,10,2.71183204209951,0.9991,19982,0.0009000000000000119,243.90243902439025,82,1,10,1.087158501590477,False,-0.12101985638308488,False,ok,,0.0042757499613799155
9,8,Normal,20000,2,0.1,25,2026108725,2.8328518984825948,new_lower_rho_same_seed_schedule,False,11,2.6998173256706055,0.9993,19986,0.0007000000000000339,212.7659574468085,94,1,8,1.0944717280532867,False,-0.13303457281198927,False,ok,,0.00418249994982034
9,8,Normal,20000,2,0.1,25,2026108725,2.8328518984825948,new_lower_rho_same_seed_schedule,False,12,2.6879667644851293,0.99885,19977,0.0011499999999999844,183.4862385321101,109,1,9,1.1048738010732784,False,-0.1448851339974655,False,ok,,0.0044292910024523735
9,8,Normal,20000,2,0.1,25,2026108725,2.8328518984825948,new_lower_rho_same_seed_schedule,False,13,2.6752770579321923,0.9984,19968,0.0016000000000000458,153.84615384615384,130,1,16,1.1094193146123053,False,-0.1575748405504025,False,ok,,0.004356292018201202
9,8,Normal,20000,2,0.1,25,2026108725,2.8328518984825948,new_lower_rho_same_seed_schedule,False,14,2.662748626518273,0.99835,19967,0.0016500000000000403,136.986301369863,146,1,17,1.1181965121754178,False,-0.17010327196432184,False,ok,,0.00427245901664719
9,8,Normal,20000,2,0.1,25,2026108725,2.8328518984825948,new_lower_rho_same_seed_schedule,False,15,2.648482295435549,0.99775,19955,0.0022499999999999742,119.76047904191617,167,1,22,1.125236018337795,False,-0.18436960304704586,False,ok,,0.004486790974624455
9,8,Normal,20000,2,0.1,25,2026108725,2.8328518984825948,new_lower_rho_same_seed_schedule,False,16,2.6353593218399523,0.9978,19956,0.0021999999999999797,108.69565217391305,184,1,21,1.1324508053231903,False,-0.19749257664264253,False,ok,,0.004609874973539263
9,8,Normal,20000,2,0.1,25,2026108725,2.8328518984825948,new_lower_rho_same_seed_schedule,False,17,2.6243888976199026,0.99735,19947,0.002650000000000041,98.03921568627452,204,1,28,1.1407055383537297,False,-0.2084630008626922,False,ok,,0.004373333998955786
9,8,Normal,20000,2,0.1,25,2026108725,2.8328518984825948,new_lower_rho_same_seed_schedule,False,18,2.609701033568101,0.99705,19941,0.002950000000000008,88.10572687224669,227,1,34,1.147555758563628,False,-0.22315086491449376,False,ok,,0.004434583999682218
9,8,Normal,20000,2,0.1,25,2026108725,2.8328518984825948,new_lower_rho_same_seed_schedule,False,19,2.593567030763732,0.9963,19926,0.0037000000000000366,80.64516129032258,248,1,33,1.1528873959675723,False,-0.2392848677188626,False,ok,,0.0046482920297421515
9,8,Normal,20000,2,0.1,25,2026108725,2.8328518984825948,new_lower_rho_same_seed_schedule,False,20,2.5824003718960062,0.9966,19932,0.0033999999999999586,73.80073800738008,271,1,43,1.162951686378668,False,-0.25045152658658854,False,ok,,0.004491708008572459
9,8,Normal,20000,2,0.1,25,2026108725,2.8328518984825948,new_lower_rho_same_seed_schedule,False,21,2.567698566044994,0.9963,19926,0.0037000000000000366,68.96551724137932,290,1,39,1.1696950269840956,False,-0.26515333243760075,False,ok,,0.004474041983485222
9,8,Normal,20000,2,0.1,25,2026108725,2.8328518984825948,new_lower_rho_same_seed_schedule,False,22,2.5562439953738068,0.9966,19932,0.0033999999999999586,64.1025641025641,312,1,44,1.1738023672300861,False,-0.276607903108788,False,ok,,0.004462624958250672
9,8,Normal,20000,2,0.1,25,2026108725,2.8328518984825948,new_lower_rho_same_seed_schedule,False,23,2.5386069292772526,0.9952,19904,0.0048000000000000265,58.47953216374269,342,1,48,1.1823194013371248,False,-0.29424496920534216,False,ok,,0.004917458980344236
9,8,Normal,20000,2,0.1,25,2026108725,2.8328518984825948,new_lower_rho_same_seed_schedule,False,24,2.526479586009137,0.99495,19899,0.005049999999999999,54.6448087431694,366,1,54,1.190661576706089,False,-0.30637231247345786,False,ok,,0.004677749995607883
9,8,Normal,20000,2,0.1,25,2026108725,2.8328518984825948,new_lower_rho_same_seed_schedule,False,25,2.5103808499913165,0.9943,19886,0.005700000000000038,51.41388174807198,389,1,54,1.1976238181573673,False,-0.3224710484912783,False,ok,,0.004520750022493303
9,8,Normal,20000,2,0.1,25,2026108725,2.8328518984825948,new_lower_rho_same_seed_schedule,False,26,2.4972643289318204,0.99425,19885,0.005750000000000033,47.961630695443645,417,1,65,1.2031877205508559,False,-0.3355875695507744,False,ok,,0.004860166984144598
9,8,Normal,20000,2,0.1,25,2026108725,2.8328518984825948,new_lower_rho_same_seed_schedule,False,27,2.477529484518473,0.9936,19872,0.006399999999999961,44.943820224719104,445,1,71,1.208667522721102,False,-0.3553224139641218,False,ok,,0.004557334003038704
9,8,Normal,20000,2,0.1,25,2026108725,2.8328518984825948,new_lower_rho_same_seed_schedule,False,28,2.467832223564286,0.99335,19867,0.006650000000000045,42.643923240938165,469,1,66,1.2195101633328327,False,-0.36501967491830856,False,ok,,0.004576958017423749
9,8,Normal,20000,2,0.1,25,2026108725,2.8328518984825948,new_lower_rho_same_seed_schedule,False,29,2.453306443642141,0.99325,19865,0.006750000000000034,39.8406374501992,502,1,85,1.2215848205863509,False,-0.379545454840454,False,ok,,0.004646750050596893
9,8,Normal,20000,2,0.1,25,2026108725,2.8328518984825948,new_lower_rho_same_seed_schedule,False,30,2.436274744393809,0.99285,19857,0.00714999999999999,37.5234521575985,533,1,93,1.2324697897476429,False,-0.3965771540887859,False,ok,,0.005077958980109543
9,8,Normal,20000,2,0.1,25,2026108725,2.8328518984825948,new_lower_rho_same_seed_schedule,False,31,2.4233814301683663,0.9922,19844,0.007800000000000029,35.39823008849557,565,1,103,1.235598910186162,False,-0.4094704683142285,False,ok,,0.004691625013947487
9,8,Normal,20000,2,0.1,25,2026108725,2.8328518984825948,new_lower_rho_same_seed_schedule,False,32,2.4038875684469083,0.99125,19825,0.008750000000000036,33.72681281618887,593,1,104,1.2438634314004369,False,-0.42896433003568646,False,ok,,0.00479525001719594
9,8,Normal,20000,2,0.1,25,2026108725,2.8328518984825948,new_lower_rho_same_seed_schedule,False,33,2.3933568144045148,0.99035,19807,0.009650000000000047,32.05128205128205,624,1,108,1.2502129100336403,False,-0.43949508407808,False,ok,,0.004956583958119154
9,8,Normal,20000,2,0.1,25,2026108725,2.8328518984825948,new_lower_rho_same_seed_schedule,False,34,2.3839545691109967,0.99025,19805,0.009750000000000036,30.76923076923077,650,1,108,1.2549871115296756,False,-0.4488973293715981,False,ok,,0.004873500030953437
9,8,Normal,20000,2,0.1,25,2026108725,2.8328518984825948,new_lower_rho_same_seed_schedule,False,35,2.35822233077996,0.9891,19782,0.01090000000000002,29.239766081871345,684,1,118,1.2568052059760417,False,-0.47462956770263487,False,ok,,0.004791833984199911
9,8,Normal,20000,2,0.1,25,2026108725,2.8328518984825948,new_lower_rho_same_seed_schedule,False,36,2.3494271204413812,0.98955,19791,0.01044999999999996,27.855153203342617,718,1,130,1.2668243031415343,False,-0.48342477804121353,False,ok,,0.004782667034305632
9,8,Normal,20000,2,0.1,25,2026108725,2.8328518984825948,new_lower_rho_same_seed_schedule,False,37,2.3340372415967203,0.989,19780,0.01100000000000001,27.06359945872801,739,1,116,1.276659771110183,False,-0.49881465688587445,False,ok,,0.005296999996062368
9,8,Normal,20000,2,0.1,25,2026108725,2.8328518984825948,new_lower_rho_same_seed_schedule,False,38,2.3187526568470997,0.98835,19767,0.01165000000000005,25.641025641025642,780,1,140,1.2768790412702915,False,-0.514099241635495,False,ok,,0.005042125005275011
9,8,Normal,20000,2,0.1,25,2026108725,2.8328518984825948,new_lower_rho_same_seed_schedule,False,39,2.307934850545223,0.98665,19733,0.013349999999999973,24.42002442002442,819,1,156,1.281954981783815,False,-0.5249170479373717,False,ok,,0.0050153330084867775
9,8,Normal,20000,2,0.1,25,2026108725,2.8328518984825948,new_lower_rho_same_seed_schedule,False,40,2.2919124743401023,0.98745,19749,0.01254999999999995,23.529411764705884,850,1,160,1.2902839781056656,False,-0.5409394241424925,False,ok,,0.005394125008024275
9,8,Normal,20000,2,0.1,26,2026108726,2.8328518984825948,new_lower_rho_same_seed_schedule,False,1,2.8435269890173016,1.0,20000,0.0,20000.0,1,20000,0,1.0218835436595188,False,0.010675090534706833,False,ok,,0.003767708025407046
9,8,Normal,20000,2,0.1,26,2026108726,2.8328518984825948,new_lower_rho_same_seed_schedule,False,2,2.8242829026718654,1.0,20000,0.0,5000.0,4,3816,0,1.03558969043333,False,-0.00856899581072934,False,ok,,0.004035333986394107
9,8,Normal,20000,2,0.1,26,2026108726,2.8328518984825948,new_lower_rho_same_seed_schedule,False,3,2.8103924491888983,1.0,20000,0.0,2222.222222222222,9,93,0,1.0364919609854597,False,-0.022459449293696476,False,ok,,0.004487333993893117
9,8,Normal,20000,2,0.1,26,2026108726,2.8328518984825948,new_lower_rho_same_seed_schedule,False,4,2.801009274501445,1.0,20000,0.0,1250.0,16,4,0,1.0432553985997826,False,-0.031842623981149565,False,ok,,0.0038656669785268605
9,8,Normal,20000,2,0.1,26,2026108726,2.8328518984825948,new_lower_rho_same_seed_schedule,False,5,2.7879889723137925,0.9999,19998,9.999999999998899e-05,833.3333333333334,24,1,1,1.0510064881337429,False,-0.044862926168802275,False,ok,,0.004329166957177222
9,8,Normal,20000,2,0.1,26,2026108726,2.8328518984825948,new_lower_rho_same_seed_schedule,False,6,2.7783200344109553,0.9998,19996,0.00019999999999997797,588.2352941176471,34,1,1,1.0583021539559885,False,-0.05453186407163946,False,ok,,0.0040459169540554285
9,8,Normal,20000,2,0.1,26,2026108726,2.8328518984825948,new_lower_rho_same_seed_schedule,False,7,2.768344556818065,0.9998,19996,0.00019999999999997797,465.1162790697674,43,1,2,1.0678188267461355,False,-0.06450734166452987,False,ok,,0.00437166600022465
9,8,Normal,20000,2,0.1,26,2026108726,2.8328518984825948,new_lower_rho_same_seed_schedule,False,8,2.756885329927817,0.9997,19994,0.00029999999999996696,357.14285714285717,56,1,3,1.0737618590750293,False,-0.07596656855477768,False,ok,,0.003990042023360729
9,8,Normal,20000,2,0.1,26,2026108726,2.8328518984825948,new_lower_rho_same_seed_schedule,False,9,2.740806841801073,0.9995,19990,0.0004999999999999449,281.6901408450704,71,1,5,1.0832860526249601,False,-0.09204505668152185,False,ok,,0.004154708003625274
9,8,Normal,20000,2,0.1,26,2026108726,2.8328518984825948,new_lower_rho_same_seed_schedule,False,10,2.728919030291867,0.9994,19988,0.0006000000000000449,232.5581395348837,86,1,4,1.0921060829343612,False,-0.10393286819072767,False,ok,,0.004120957979466766
9,8,Normal,20000,2,0.1,26,2026108726,2.8328518984825948,new_lower_rho_same_seed_schedule,False,11,2.7177447831168973,0.9992,19984,0.0008000000000000229,198.01980198019803,101,1,7,1.0986609933795908,False,-0.11510711536569751,False,ok,,0.0042678750469349325
9,8,Normal,20000,2,0.1,26,2026108726,2.8328518984825948,new_lower_rho_same_seed_schedule,False,12,2.703573147511799,0.9989,19978,0.0010999999999999899,169.4915254237288,118,1,9,1.106753025322067,False,-0.129278750970796,False,ok,,0.004223708005156368
9,8,Normal,20000,2,0.1,26,2026108726,2.8328518984825948,new_lower_rho_same_seed_schedule,False,13,2.6909575856048296,0.99895,19979,0.0010499999999999954,150.37593984962405,133,1,10,1.114133139862922,False,-0.14189431287776522,False,ok,,0.004226708027999848
9,8,Normal,20000,2,0.1,26,2026108726,2.8328518984825948,new_lower_rho_same_seed_schedule,False,14,2.6797283886624332,0.99785,19957,0.0021499999999999853,129.87012987012986,154,1,15,1.1232428227981077,False,-0.15312350982016154,False,ok,,0.004555458028335124
9,8,Normal,20000,2,0.1,26,2026108726,2.8328518984825948,new_lower_rho_same_seed_schedule,False,15,2.6652582045529347,0.9984,19968,0.0016000000000000458,116.27906976744185,172,1,16,1.1315126312275903,False,-0.16759369392966006,False,ok,,0.004748041974380612
9,8,Normal,20000,2,0.1,26,2026108726,2.8328518984825948,new_lower_rho_same_seed_schedule,False,16,2.653397877571635,0.9977,19954,0.0022999999999999687,103.62694300518135,193,1,16,1.1374099550259489,False,-0.17945402091095985,False,ok,,0.004350083996541798
9,8,Normal,20000,2,0.1,26,2026108726,2.8328518984825948,new_lower_rho_same_seed_schedule,False,17,2.637102801458113,0.99735,19947,0.002650000000000041,92.16589861751152,217,1,28,1.145102635356078,False,-0.19574909702448196,False,ok,,0.0044014170416630805
9,8,Normal,20000,2,0.1,26,2026108726,2.8328518984825948,new_lower_rho_same_seed_schedule,False,18,2.6213904564301145,0.99735,19947,0.002650000000000041,83.33333333333333,240,1,31,1.1550390715592203,False,-0.2114614420524803,False,ok,,0.004432958026882261
9,8,Normal,20000,2,0.1,26,2026108726,2.8328518984825948,new_lower_rho_same_seed_schedule,False,19,2.612508153942247,0.99685,19937,0.003149999999999986,76.62835249042146,261,1,35,1.1617925954767032,False,-0.22034374454034777,False,ok,,0.005082041025161743
9,8,Normal,20000,2,0.1,26,2026108726,2.8328518984825948,new_lower_rho_same_seed_schedule,False,20,2.5942651946092012,0.99685,19937,0.003149999999999986,70.4225352112676,284,1,36,1.1696566815958305,False,-0.23858670387339354,False,ok,,0.004485999990720302
9,8,Normal,20000,2,0.1,26,2026108726,2.8328518984825948,new_lower_rho_same_seed_schedule,False,21,2.576992385180114,0.99585,19917,0.004149999999999987,63.69426751592356,314,1,49,1.17658589830758,False,-0.2558595133024806,False,ok,,0.004640958039090037
9,8,Normal,20000,2,0.1,26,2026108726,2.8328518984825948,new_lower_rho_same_seed_schedule,False,22,2.563018255720721,0.9957,19914,0.0042999999999999705,58.8235294117647,340,1,50,1.183531785709392,False,-0.2698336427618737,False,ok,,0.004765084013342857
9,8,Normal,20000,2,0.1,26,2026108726,2.8328518984825948,new_lower_rho_same_seed_schedule,False,23,2.5509138329953314,0.995,19900,0.0050000000000000044,54.6448087431694,366,1,54,1.1903660895423844,False,-0.2819380654872634,False,ok,,0.004659417027141899
9,8,Normal,20000,2,0.1,26,2026108726,2.8328518984825948,new_lower_rho_same_seed_schedule,False,24,2.537932305353658,0.99485,19897,0.005149999999999988,50.76142131979695,394,1,65,1.1976497002679343,False,-0.2949195931289368,False,ok,,0.004516332992352545
9,8,Normal,20000,2,0.1,26,2026108726,2.8328518984825948,new_lower_rho_same_seed_schedule,False,25,2.5165774449783687,0.99425,19885,0.005750000000000033,47.61904761904762,420,1,61,1.2083920649454434,False,-0.3162744535042261,False,ok,,0.004516832996159792
9,8,Normal,20000,2,0.1,26,2026108726,2.8328518984825948,new_lower_rho_same_seed_schedule,False,26,2.504127290043501,0.99355,19871,0.006449999999999956,44.54342984409799,449,1,68,1.2084808319696756,False,-0.32872460843909357,False,ok,,0.005073333042673767
9,8,Normal,20000,2,0.1,26,2026108726,2.8328518984825948,new_lower_rho_same_seed_schedule,False,27,2.487825844756946,0.9929,19858,0.007099999999999995,41.84100418410042,478,1,75,1.2178944674597578,False,-0.34502605372564865,False,ok,,0.004840207984670997
9,8,Normal,20000,2,0.1,26,2026108726,2.8328518984825948,new_lower_rho_same_seed_schedule,False,28,2.477821977168164,0.993,19860,0.007000000000000006,39.603960396039604,505,1,86,1.226204751113384,False,-0.35502992131443056,False,ok,,0.0046732500195503235
9,8,Normal,20000,2,0.1,26,2026108726,2.8328518984825948,new_lower_rho_same_seed_schedule,False,29,2.4530142962905135,0.99225,19845,0.007750000000000035,37.174721189591075,538,1,83,1.232542307079183,False,-0.3798376021920813,False,ok,,0.004851959005463868
9,8,Normal,20000,2,0.1,26,2026108726,2.8328518984825948,new_lower_rho_same_seed_schedule,False,30,2.4385366459405993,0.99195,19839,0.008050000000000002,35.1493848857645,569,1,95,1.2406092815752083,False,-0.3943152525419955,False,ok,,0.004713499976787716
9,8,Normal,20000,2,0.1,26,2026108726,2.8328518984825948,new_lower_rho_same_seed_schedule,False,31,2.427818011269098,0.9918,19836,0.008199999999999985,33.222591362126245,602,1,99,1.2471848107791283,False,-0.40503388721349687,False,ok,,0.0046866670018061996
9,8,Normal,20000,2,0.1,26,2026108726,2.8328518984825948,new_lower_rho_same_seed_schedule,False,32,2.4132535569857505,0.98985,19797,0.010149999999999992,31.39717425431711,637,1,104,1.2512649636847535,False,-0.4195983414968443,False,ok,,0.004970499954652041
9,8,Normal,20000,2,0.1,26,2026108726,2.8328518984825948,new_lower_rho_same_seed_schedule,False,33,2.398054379882761,0.99,19800,0.010000000000000009,29.806259314456035,671,1,117,1.2589424202548252,False,-0.43479751859983384,False,ok,,0.004972291993908584
9,8,Normal,20000,2,0.1,26,2026108726,2.8328518984825948,new_lower_rho_same_seed_schedule,False,34,2.377689087128804,0.9896,19792,0.010399999999999965,28.776978417266186,695,1,104,1.2668088703705416,False,-0.4551628113537909,False,ok,,0.004922957974486053
9,8,Normal,20000,2,0.1,26,2026108726,2.8328518984825948,new_lower_rho_same_seed_schedule,False,35,2.361019058919665,0.98845,19769,0.01154999999999995,26.954177897574123,742,1,145,1.270517674961103,False,-0.4718328395629299,False,ok,,0.005025708000175655
9,8,Normal,20000,2,0.1,26,2026108726,2.8328518984825948,new_lower_rho_same_seed_schedule,False,36,2.345592156708664,0.98915,19783,0.010850000000000026,26.00780234070221,769,1,137,1.279145075367331,False,-0.4872597417739306,False,ok,,0.005256708012893796
9,8,Normal,20000,2,0.1,26,2026108726,2.8328518984825948,new_lower_rho_same_seed_schedule,False,37,2.326347155572164,0.9879,19758,0.0121,24.875621890547265,804,1,141,1.2839736133242068,False,-0.5065047429104306,False,ok,,0.004988916974980384
9,8,Normal,20000,2,0.1,26,2026108726,2.8328518984825948,new_lower_rho_same_seed_schedule,False,38,2.3152844800083683,0.98685,19737,0.013149999999999995,23.86634844868735,838,1,140,1.290414263510932,False,-0.5175674184742265,False,ok,,0.005012208013795316
9,8,Normal,20000,2,0.1,26,2026108726,2.8328518984825948,new_lower_rho_same_seed_schedule,False,39,2.300907150536558,0.9855,19710,0.014499999999999957,22.779043280182233,878,1,150,1.2947947430138067,False,-0.5319447479460369,False,ok,,0.005218875012360513
9,8,Normal,20000,2,0.1,26,2026108726,2.8328518984825948,new_lower_rho_same_seed_schedule,False,40,2.2842499495924202,0.98545,19709,0.014549999999999952,21.78649237472767,918,1,169,1.3031639548513074,False,-0.5486019488901746,False,ok,,0.005165749986190349
9,8,Normal,20000,2,0.1,27,2026108727,2.8328518984825948,new_lower_rho_same_seed_schedule,False,1,2.8307268602236118,1.0,20000,0.0,20000.0,1,20000,0,1.0216733142681764,False,-0.0021250382589830252,False,ok,,0.003941874951124191
9,8,Normal,20000,2,0.1,27,2026108727,2.8328518984825948,new_lower_rho_same_seed_schedule,False,2,2.8090014144252944,1.0,20000,0.0,5000.0,4,3972,0,1.0357233455184944,False,-0.023850484057300392,False,ok,,0.004440209013409913
9,8,Normal,20000,2,0.1,27,2026108727,2.8328518984825948,new_lower_rho_same_seed_schedule,False,3,2.798671934620326,1.0,20000,0.0,2222.222222222222,9,74,0,1.0358536158617073,False,-0.034179963862268625,False,ok,,0.004075291974004358
9,8,Normal,20000,2,0.1,27,2026108727,2.8328518984825948,new_lower_rho_same_seed_schedule,False,4,2.786576272275879,1.0,20000,0.0,1250.0,16,3,0,1.043180115972195,False,-0.04627562620671588,False,ok,,0.003942166978958994
9,8,Normal,20000,2,0.1,27,2026108727,2.8328518984825948,new_lower_rho_same_seed_schedule,False,5,2.777010611331813,0.99995,19999,4.999999999999449e-05,833.3333333333334,24,2,0,1.0496754809975763,False,-0.05584128715078185,False,ok,,0.004671416012570262
9,8,Normal,20000,2,0.1,27,2026108727,2.8328518984825948,new_lower_rho_same_seed_schedule,False,6,2.763482834001682,0.9998,19996,0.00019999999999997797,588.2352941176471,34,1,2,1.058627904869515,False,-0.06936906448091262,False,ok,,0.004471833002753556
9,8,Normal,20000,2,0.1,27,2026108727,2.8328518984825948,new_lower_rho_same_seed_schedule,False,7,2.7545077334494903,0.99995,19999,4.999999999999449e-05,454.54545454545456,44,1,1,1.0640431327978122,False,-0.07834416503310448,False,ok,,0.004188124963548034
9,8,Normal,20000,2,0.1,27,2026108727,2.8328518984825948,new_lower_rho_same_seed_schedule,False,8,2.744375358391276,0.9997,19994,0.00029999999999996696,350.87719298245617,57,1,4,1.0755794846540594,False,-0.08847654009131878,False,ok,,0.004189416998997331
9,8,Normal,20000,2,0.1,27,2026108727,2.8328518984825948,new_lower_rho_same_seed_schedule,False,9,2.727223193746323,0.9996,19992,0.00039999999999995595,281.6901408450704,71,1,5,1.0817461807352544,False,-0.10562870473627184,False,ok,,0.004480874980799854
9,8,Normal,20000,2,0.1,27,2026108727,2.8328518984825948,new_lower_rho_same_seed_schedule,False,10,2.718811902852159,0.9995,19990,0.0004999999999999449,232.5581395348837,86,1,5,1.0900333802630262,False,-0.11403999563043588,False,ok,,0.004874875012319535
9,8,Normal,20000,2,0.1,27,2026108727,2.8328518984825948,new_lower_rho_same_seed_schedule,False,11,2.7055388277966697,0.99915,19983,0.0008500000000000174,194.1747572815534,103,1,12,1.0976170959628675,False,-0.12731307068592512,False,ok,,0.004648791975341737
9,8,Normal,20000,2,0.1,27,2026108727,2.8328518984825948,new_lower_rho_same_seed_schedule,False,12,2.689552726714825,0.99875,19975,0.0012499999999999734,166.66666666666666,120,1,17,1.1066785360550917,False,-0.14329917176776963,False,ok,,0.004749334009829909
9,8,Normal,20000,2,0.1,27,2026108727,2.8328518984825948,new_lower_rho_same_seed_schedule,False,13,2.681659603926116,0.99875,19975,0.0012499999999999734,150.37593984962405,133,1,13,1.1142038198194921,False,-0.15119229455647876,False,ok,,0.004498208989389241
9,8,Normal,20000,2,0.1,27,2026108727,2.8328518984825948,new_lower_rho_same_seed_schedule,False,14,2.6643789203418056,0.9979,19958,0.0020999999999999908,126.58227848101266,158,1,21,1.1209681906960494,False,-0.1684729781407892,False,ok,,0.0044633340439759195
9,8,Normal,20000,2,0.1,27,2026108727,2.8328518984825948,new_lower_rho_same_seed_schedule,False,15,2.6501640842706773,0.99765,19953,0.0023499999999999632,113.63636363636364,176,1,19,1.1278123786742629,False,-0.1826878142119175,False,ok,,0.004616208025254309
9,8,Normal,20000,2,0.1,27,2026108727,2.8328518984825948,new_lower_rho_same_seed_schedule,False,16,2.6400495716718746,0.9978,19956,0.0021999999999999797,103.09278350515464,194,1,28,1.1386842976322715,False,-0.19280232681072018,False,ok,,0.004800542024895549
9,8,Normal,20000,2,0.1,27,2026108727,2.8328518984825948,new_lower_rho_same_seed_schedule,False,17,2.6262068498416102,0.9978,19956,0.0021999999999999797,93.89671361502347,213,1,28,1.1446584429432167,False,-0.20664504864098454,False,ok,,0.004675874952226877
9,8,Normal,20000,2,0.1,27,2026108727,2.8328518984825948,new_lower_rho_same_seed_schedule,False,18,2.611168144474678,0.9972,19944,0.0028000000000000247,84.38818565400844,237,1,34,1.1509048128167683,False,-0.22168375400791662,False,ok,,0.0044784169876948
9,8,Normal,20000,2,0.1,27,2026108727,2.8328518984825948,new_lower_rho_same_seed_schedule,False,19,2.6006064444395753,0.99695,19939,0.003049999999999997,77.51937984496124,258,1,39,1.1599437178598537,False,-0.23224545404301944,False,ok,,0.004472208034712821
9,8,Normal,20000,2,0.1,27,2026108727,2.8328518984825948,new_lower_rho_same_seed_schedule,False,20,2.5820812592494353,0.99615,19923,0.00385000000000002,71.17437722419929,281,1,39,1.1637557944544399,False,-0.25077063923315945,False,ok,,0.004807416989933699
9,8,Normal,20000,2,0.1,27,2026108727,2.8328518984825948,new_lower_rho_same_seed_schedule,False,21,2.5665466966799166,0.99555,19911,0.004449999999999954,63.89776357827476,313,1,58,1.1713277111969294,False,-0.26630520180267814,False,ok,,0.004720875003840774
9,8,Normal,20000,2,0.1,27,2026108727,2.8328518984825948,new_lower_rho_same_seed_schedule,False,22,2.5551069722687227,0.99575,19915,0.004249999999999976,60.42296072507553,331,1,50,1.179559139571606,False,-0.27774492621387203,False,ok,,0.00456891703652218
9,8,Normal,20000,2,0.1,27,2026108727,2.8328518984825948,new_lower_rho_same_seed_schedule,False,23,2.535498720514998,0.99515,19903,0.004850000000000021,55.710306406685234,359,1,57,1.1863983678414733,False,-0.29735317796759686,False,ok,,0.00457562500378117
9,8,Normal,20000,2,0.1,27,2026108727,2.8328518984825948,new_lower_rho_same_seed_schedule,False,24,2.5283032787454327,0.99485,19897,0.005149999999999988,52.63157894736842,380,1,58,1.1946280237125448,False,-0.3045486197371621,False,ok,,0.0047471250290982425
9,8,Normal,20000,2,0.1,27,2026108727,2.8328518984825948,new_lower_rho_same_seed_schedule,False,25,2.5141627293811353,0.99455,19891,0.005449999999999955,48.309178743961354,414,1,71,1.2001725466758622,False,-0.3186891691014595,False,ok,,0.0045689590042456985
9,8,Normal,20000,2,0.1,27,2026108727,2.8328518984825948,new_lower_rho_same_seed_schedule,False,26,2.5021629534095733,0.9932,19864,0.006800000000000028,45.35147392290249,441,1,70,1.2053355372750767,False,-0.3306889450730215,False,ok,,0.004556041967589408
9,8,Normal,20000,2,0.1,27,2026108727,2.8328518984825948,new_lower_rho_same_seed_schedule,False,27,2.484670483141333,0.9929,19858,0.007099999999999995,42.28329809725159,473,1,89,1.2134434964161989,False,-0.3481814153412617,False,ok,,0.004880750027950853
9,8,Normal,20000,2,0.1,27,2026108727,2.8328518984825948,new_lower_rho_same_seed_schedule,False,28,2.4688904800912326,0.99285,19857,0.00714999999999999,40.32258064516129,496,1,85,1.2195811464319821,False,-0.3639614183913622,False,ok,,0.004853332997299731
9,8,Normal,20000,2,0.1,27,2026108727,2.8328518984825948,new_lower_rho_same_seed_schedule,False,29,2.4537115723150396,0.99205,19841,0.007950000000000013,37.878787878787875,528,1,99,1.2251439183200545,False,-0.3791403261675552,False,ok,,0.004749917017761618
9,8,Normal,20000,2,0.1,27,2026108727,2.8328518984825948,new_lower_rho_same_seed_schedule,False,30,2.4410249865329767,0.99145,19829,0.008549999999999947,36.03603603603604,555,1,95,1.23347274845676,False,-0.39182691194961805,False,ok,,0.004782708012498915
9,8,Normal,20000,2,0.1,27,2026108727,2.8328518984825948,new_lower_rho_same_seed_schedule,False,31,2.4227958798657108,0.9912,19824,0.00880000000000003,34.18803418803419,585,1,99,1.2391698440322483,False,-0.410056018616884,False,ok,,0.00519895798061043
9,8,Normal,20000,2,0.1,27,2026108727,2.8328518984825948,new_lower_rho_same_seed_schedule,False,32,2.4130742659814004,0.9901,19802,0.00990000000000002,32.57328990228013,614,1,103,1.2453513527024342,False,-0.4197776325011944,False,ok,,0.004886333015747368
9,8,Normal,20000,2,0.1,27,2026108727,2.8328518984825948,new_lower_rho_same_seed_schedule,False,33,2.393565328133825,0.98985,19797,0.010149999999999992,30.91190108191654,647,1,109,1.2545217693051296,False,-0.4392865703487696,False,ok,,0.004955709038767964
9,8,Normal,20000,2,0.1,27,2026108727,2.8328518984825948,new_lower_rho_same_seed_schedule,False,34,2.3793159214534416,0.9897,19794,0.010299999999999976,29.71768202080238,673,1,107,1.2608666113275289,False,-0.45353597702915316,False,ok,,0.0053747089696116745
9,8,Normal,20000,2,0.1,27,2026108727,2.8328518984825948,new_lower_rho_same_seed_schedule,False,35,2.365983591250696,0.98905,19781,0.010950000000000015,28.050490883590463,713,1,135,1.2625858282256421,False,-0.46686830723189887,False,ok,,0.004822916991543025
9,8,Normal,20000,2,0.1,27,2026108727,2.8328518984825948,new_lower_rho_same_seed_schedule,False,36,2.34551367638981,0.9877,19754,0.012299999999999978,26.666666666666668,750,1,134,1.2734759111910192,False,-0.4873382220927849,False,ok,,0.004878584004472941
9,8,Normal,20000,2,0.1,27,2026108727,2.8328518984825948,new_lower_rho_same_seed_schedule,False,37,2.3355919495772235,0.9874,19748,0.012599999999999945,25.54278416347382,783,1,148,1.2785654086200646,False,-0.4972599489053713,False,ok,,0.005065458011813462
9,8,Normal,20000,2,0.1,27,2026108727,2.8328518984825948,new_lower_rho_same_seed_schedule,False,38,2.318516277751401,0.98765,19753,0.012349999999999972,24.93765586034913,802,1,125,1.2864331778384148,False,-0.514335620731194,False,ok,,0.00535133300581947
9,8,Normal,20000,2,0.1,27,2026108727,2.8328518984825948,new_lower_rho_same_seed_schedule,False,39,2.308801143841395,0.9861,19722,0.013900000000000023,23.696682464454977,844,1,154,1.28770987660898,False,-0.5240507546411997,False,ok,,0.005045624973718077
9,8,Normal,20000,2,0.1,27,2026108727,2.8328518984825948,new_lower_rho_same_seed_schedule,False,40,2.2841547628170766,0.98505,19701,0.014950000000000019,22.675736961451246,882,1,160,1.293248740333957,False,-0.5486971356655181,False,ok,,0.005269916960969567
9,8,Normal,20000,2,0.1,28,2026108728,2.8328518984825948,new_lower_rho_same_seed_schedule,False,1,2.849568827190786,1.0,20000,0.0,20000.0,1,20000,0,1.0225141945599052,False,0.016716928708191414,False,ok,,0.003922207979485393
9,8,Normal,20000,2,0.1,28,2026108728,2.8328518984825948,new_lower_rho_same_seed_schedule,False,2,2.8291912856522106,1.0,20000,0.0,5000.0,4,3442,0,1.035881136246509,False,-0.0036606128303842134,False,ok,,0.004108415974769741
9,8,Normal,20000,2,0.1,28,2026108728,2.8328518984825948,new_lower_rho_same_seed_schedule,False,3,2.816058583979608,1.0,20000,0.0,2222.222222222222,9,43,0,1.0341885541025868,False,-0.0167933145029866,False,ok,,0.003821625025011599
9,8,Normal,20000,2,0.1,28,2026108728,2.8328518984825948,new_lower_rho_same_seed_schedule,False,4,2.8059617942942054,0.9999,19998,9.999999999998899e-05,1250.0,16,2,0,1.0413722922923578,False,-0.02689010418838933,False,ok,,0.004631875024642795
9,8,Normal,20000,2,0.1,28,2026108728,2.8328518984825948,new_lower_rho_same_seed_schedule,False,5,2.794406576010993,0.99975,19995,0.00024999999999997247,833.3333333333334,24,2,0,1.0488354115955933,False,-0.038445322471601706,False,ok,,0.004299834021367133
9,8,Normal,20000,2,0.1,28,2026108728,2.8328518984825948,new_lower_rho_same_seed_schedule,False,6,2.7839107116864383,0.9997,19994,0.00029999999999996696,606.060606060606,33,1,4,1.0547370176521138,False,-0.048941186796156444,False,ok,,0.0038951250026002526
9,8,Normal,20000,2,0.1,28,2026108728,2.8328518984825948,new_lower_rho_same_seed_schedule,False,7,2.773137379537239,0.9995,19990,0.0004999999999999449,465.1162790697674,43,1,3,1.0615286664174128,False,-0.05971451894535562,False,ok,,0.0043840419966727495
9,8,Normal,20000,2,0.1,28,2026108728,2.8328518984825948,new_lower_rho_same_seed_schedule,False,8,2.7641630831800836,0.99965,19993,0.00034999999999996145,377.35849056603774,53,1,3,1.0705478486589879,False,-0.06868881530251114,False,ok,,0.004665500018745661
9,8,Normal,20000,2,0.1,28,2026108728,2.8328518984825948,new_lower_rho_same_seed_schedule,False,9,2.7524039367779967,0.99955,19991,0.00044999999999995044,307.6923076923077,65,1,3,1.0779704074809873,False,-0.08044796170459811,False,ok,,0.004370750044472516
9,8,Normal,20000,2,0.1,28,2026108728,2.8328518984825948,new_lower_rho_same_seed_schedule,False,10,2.7385526375694345,0.99915,19983,0.0008500000000000174,253.16455696202533,79,1,6,1.0872965840632551,False,-0.09429926091316032,False,ok,,0.004390957998111844
9,8,Normal,20000,2,0.1,28,2026108728,2.8328518984825948,new_lower_rho_same_seed_schedule,False,11,2.73110941031536,0.99895,19979,0.0010499999999999954,210.52631578947367,95,1,10,1.093454739787186,False,-0.10174248816723486,False,ok,,0.0047225000453181565
9,8,Normal,20000,2,0.1,28,2026108728,2.8328518984825948,new_lower_rho_same_seed_schedule,False,12,2.719492944304568,0.9991,19982,0.0009000000000000119,192.30769230769232,104,1,9,1.1018113922427315,False,-0.11335895417802666,False,ok,,0.004430167027749121
9,8,Normal,20000,2,0.1,28,2026108728,2.8328518984825948,new_lower_rho_same_seed_schedule,False,13,2.701649025676977,0.999,19980,0.0010000000000000009,168.0672268907563,119,1,6,1.1098651595745461,False,-0.1312028728056176,False,ok,,0.0043122079805471
9,8,Normal,20000,2,0.1,28,2026108728,2.8328518984825948,new_lower_rho_same_seed_schedule,False,14,2.6921921780918887,0.99855,19971,0.0014499999999999513,145.98540145985402,137,1,10,1.1143248067947447,False,-0.14065972039070607,False,ok,,0.004403958038892597
9,8,Normal,20000,2,0.1,28,2026108728,2.8328518984825948,new_lower_rho_same_seed_schedule,False,15,2.678513664312463,0.9982,19964,0.0018000000000000238,128.2051282051282,156,1,13,1.1239449565537054,False,-0.15433823417013182,False,ok,,0.004761249991133809
9,8,Normal,20000,2,0.1,28,2026108728,2.8328518984825948,new_lower_rho_same_seed_schedule,False,16,2.6667661687587234,0.9978,19956,0.0021999999999999797,112.35955056179775,178,1,25,1.129843823303623,False,-0.16608572972387137,False,ok,,0.004495750006753951
9,8,Normal,20000,2,0.1,28,2026108728,2.8328518984825948,new_lower_rho_same_seed_schedule,False,17,2.650810075829918,0.9975,19950,0.0024999999999999467,102.04081632653062,196,1,25,1.1381536258585843,False,-0.182041822652677,False,ok,,0.004478958027902991
9,8,Normal,20000,2,0.1,28,2026108728,2.8328518984825948,new_lower_rho_same_seed_schedule,False,18,2.6435415005388756,0.9975,19950,0.0024999999999999467,93.45794392523365,214,1,25,1.1437658222418976,False,-0.18931039794371918,False,ok,,0.00454549997812137
9,8,Normal,20000,2,0.1,28,2026108728,2.8328518984825948,new_lower_rho_same_seed_schedule,False,19,2.6271464766100645,0.99695,19939,0.003049999999999997,85.47008547008546,234,1,29,1.1505824431852885,False,-0.20570542187253027,False,ok,,0.004731208959128708
9,8,Normal,20000,2,0.1,28,2026108728,2.8328518984825948,new_lower_rho_same_seed_schedule,False,20,2.6155311512711807,0.99665,19933,0.003349999999999964,77.22007722007721,259,1,37,1.1600239819520333,False,-0.21732074721141403,False,ok,,0.004545166972093284
9,8,Normal,20000,2,0.1,28,2026108728,2.8328518984825948,new_lower_rho_same_seed_schedule,False,21,2.598414402286448,0.99605,19921,0.003950000000000009,71.68458781362007,279,1,33,1.1660741358650388,False,-0.23443749619614662,False,ok,,0.004455499991308898
9,8,Normal,20000,2,0.1,28,2026108728,2.8328518984825948,new_lower_rho_same_seed_schedule,False,22,2.5886256764797886,0.99585,19917,0.004149999999999987,65.14657980456026,307,1,51,1.1706661174536925,False,-0.2442262220028062,False,ok,,0.00470308301737532
9,8,Normal,20000,2,0.1,28,2026108728,2.8328518984825948,new_lower_rho_same_seed_schedule,False,23,2.575492344707118,0.99535,19907,0.004650000000000043,60.790273556231,329,1,53,1.1783450355491414,False,-0.2573595537754767,False,ok,,0.004671957984101027
9,8,Normal,20000,2,0.1,28,2026108728,2.8328518984825948,new_lower_rho_same_seed_schedule,False,24,2.559763098608788,0.9955,19910,0.0044999999999999485,56.98005698005698,351,1,54,1.1857863366577315,False,-0.27308879987380674,False,ok,,0.004541624977719039
9,8,Normal,20000,2,0.1,28,2026108728,2.8328518984825948,new_lower_rho_same_seed_schedule,False,25,2.545393120196957,0.9956,19912,0.0043999999999999595,53.475935828877006,374,1,58,1.1945662511954485,False,-0.2874587782856377,False,ok,,0.004596624989062548
9,8,Normal,20000,2,0.1,28,2026108728,2.8328518984825948,new_lower_rho_same_seed_schedule,False,26,2.5309263512295,0.99385,19877,0.006149999999999989,49.26108374384236,406,1,65,1.2001216915953534,False,-0.3019255472530946,False,ok,,0.004693542025052011
9,8,Normal,20000,2,0.1,28,2026108728,2.8328518984825948,new_lower_rho_same_seed_schedule,False,27,2.519725366566908,0.9942,19884,0.005800000000000027,46.62004662004662,429,1,67,1.2046237066762246,False,-0.3131265319156866,False,ok,,0.004614332981873304
9,8,Normal,20000,2,0.1,28,2026108728,2.8328518984825948,new_lower_rho_same_seed_schedule,False,28,2.5069367799951228,0.99355,19871,0.006449999999999956,43.956043956043956,455,1,76,1.2108474642866596,False,-0.325915118487472,False,ok,,0.004694207978900522
9,8,Normal,20000,2,0.1,28,2026108728,2.8328518984825948,new_lower_rho_same_seed_schedule,False,29,2.490663730715404,0.99375,19875,0.006249999999999978,41.928721174004195,477,1,72,1.2196947435599792,False,-0.34218816776719096,False,ok,,0.0054699169704690576
9,8,Normal,20000,2,0.1,28,2026108728,2.8328518984825948,new_lower_rho_same_seed_schedule,False,30,2.473226470019035,0.9925,19850,0.007499999999999951,39.21568627450981,510,1,78,1.2275539141704883,False,-0.3596254284635596,False,ok,,0.005297457973938435
9,8,Normal,20000,2,0.1,28,2026108728,2.8328518984825948,new_lower_rho_same_seed_schedule,False,31,2.4630719570948485,0.99225,19845,0.007750000000000035,37.453183520599254,534,1,85,1.2289480762269474,False,-0.3697799413877463,False,ok,,0.004951917042490095
9,8,Normal,20000,2,0.1,28,2026108728,2.8328518984825948,new_lower_rho_same_seed_schedule,False,32,2.4484334539939043,0.9913,19826,0.008700000000000041,34.904013961605585,573,1,98,1.2375628838304926,False,-0.38441844448869045,False,ok,,0.004967708024196327
9,8,Normal,20000,2,0.1,28,2026108728,2.8328518984825948,new_lower_rho_same_seed_schedule,False,33,2.435767596257014,0.9915,19830,0.008499999999999952,33.72681281618887,593,1,99,1.2424695825947736,False,-0.397084302225581,False,ok,,0.0054930830374360085
9,8,Normal,20000,2,0.1,28,2026108728,2.8328518984825948,new_lower_rho_same_seed_schedule,False,34,2.413407452977834,0.9899,19798,0.010099999999999998,31.645569620253166,632,1,111,1.2467237120678991,False,-0.41944444550476057,False,ok,,0.005232582974713296
9,8,Normal,20000,2,0.1,28,2026108728,2.8328518984825948,new_lower_rho_same_seed_schedule,False,35,2.4030537303681614,0.98965,19793,0.01034999999999997,30.165912518853695,663,1,124,1.2543362511204539,False,-0.4297981681144334,False,ok,,0.005021540971938521
9,8,Normal,20000,2,0.1,28,2026108728,2.8328518984825948,new_lower_rho_same_seed_schedule,False,36,2.3881934776671847,0.9888,19776,0.011199999999999988,28.818443804034583,694,1,126,1.2595452265913574,False,-0.44465842081541007,False,ok,,0.005092584004160017
9,8,Normal,20000,2,0.1,28,2026108728,2.8328518984825948,new_lower_rho_same_seed_schedule,False,37,2.37737026111744,0.98885,19777,0.011149999999999993,27.89400278940028,717,1,120,1.267104462533602,False,-0.4554816373651547,False,ok,,0.004962083010468632
9,8,Normal,20000,2,0.1,28,2026108728,2.8328518984825948,new_lower_rho_same_seed_schedule,False,38,2.3585912642177225,0.9883,19766,0.011700000000000044,26.52519893899204,754,1,137,1.2720846287047167,False,-0.4742606342648723,False,ok,,0.004928083042614162
9,8,Normal,20000,2,0.1,28,2026108728,2.8328518984825948,new_lower_rho_same_seed_schedule,False,39,2.3416012743066585,0.98685,19737,0.013149999999999995,25.380710659898476,788,1,148,1.2791004507895543,False,-0.49125062417593623,False,ok,,0.005703542032279074
9,8,Normal,20000,2,0.1,28,2026108728,2.8328518984825948,new_lower_rho_same_seed_schedule,False,40,2.330808510935146,0.9861,19722,0.013900000000000023,24.183796856106408,827,1,158,1.2824865193393242,False,-0.5020433875474488,False,ok,,0.0051574999815784395
9,8,Normal,20000,2,0.1,29,2026108729,2.8328518984825948,new_lower_rho_same_seed_schedule,False,1,2.838512069100351,1.0,20000,0.0,20000.0,1,20000,0,1.021737534452166,False,0.005660170617756144,False,ok,,0.003998041967861354
9,8,Normal,20000,2,0.1,29,2026108729,2.8328518984825948,new_lower_rho_same_seed_schedule,False,2,2.8171026477453167,1.0,20000,0.0,5000.0,4,4147,0,1.0352407412593534,False,-0.015749250737278064,False,ok,,0.00427370797842741
9,8,Normal,20000,2,0.1,29,2026108729,2.8328518984825948,new_lower_rho_same_seed_schedule,False,3,2.8059785358674825,1.0,20000,0.0,2222.222222222222,9,113,0,1.0354156397072005,False,-0.026873362615112306,False,ok,,0.004122457990888506
9,8,Normal,20000,2,0.1,29,2026108729,2.8328518984825948,new_lower_rho_same_seed_schedule,False,4,2.7949816647802908,1.0,20000,0.0,1250.0,16,5,0,1.042504068497545,False,-0.037870233702304024,False,ok,,0.003933499974664301
9,8,Normal,20000,2,0.1,29,2026108729,2.8328518984825948,new_lower_rho_same_seed_schedule,False,5,2.7823363256410643,1.0,20000,0.0,833.3333333333334,24,4,0,1.0491714838384556,False,-0.05051557284153052,False,ok,,0.004298499959986657
9,8,Normal,20000,2,0.1,29,2026108729,2.8328518984825948,new_lower_rho_same_seed_schedule,False,6,2.7716985088839086,0.9998,19996,0.00019999999999997797,571.4285714285714,35,1,1,1.0570853383602987,False,-0.061153389598686214,False,ok,,0.0044346670038066804
9,8,Normal,20000,2,0.1,29,2026108729,2.8328518984825948,new_lower_rho_same_seed_schedule,False,7,2.7602739596395813,0.99975,19995,0.00024999999999997247,444.44444444444446,45,1,3,1.0646948899411146,False,-0.07257793884301345,False,ok,,0.005034708010498434
9,8,Normal,20000,2,0.1,29,2026108729,2.8328518984825948,new_lower_rho_same_seed_schedule,False,8,2.7492231326229937,0.9996,19992,0.00039999999999995595,350.87719298245617,57,1,4,1.0722469146392206,False,-0.0836287658596011,False,ok,,0.004587166011333466
9,8,Normal,20000,2,0.1,29,2026108729,2.8328518984825948,new_lower_rho_same_seed_schedule,False,9,2.733219852057117,0.9995,19990,0.0004999999999999449,277.77777777777777,72,1,7,1.0819122250808062,False,-0.09963204642547785,False,ok,,0.004639499995391816
9,8,Normal,20000,2,0.1,29,2026108729,2.8328518984825948,new_lower_rho_same_seed_schedule,False,10,2.7259873643700514,0.9992,19984,0.0008000000000000229,229.88505747126436,87,1,9,1.0882501468288321,False,-0.10686453411254337,False,ok,,0.004499915987253189
9,8,Normal,20000,2,0.1,29,2026108729,2.8328518984825948,new_lower_rho_same_seed_schedule,False,11,2.710049928119475,0.99895,19979,0.0010499999999999954,196.07843137254903,102,1,11,1.0986074363200857,False,-0.12280197036311957,False,ok,,0.004870707984082401
9,8,Normal,20000,2,0.1,29,2026108729,2.8328518984825948,new_lower_rho_same_seed_schedule,False,12,2.7025932122121303,0.99885,19977,0.0011499999999999844,169.4915254237288,118,1,12,1.103524395805781,False,-0.13025868627046444,False,ok,,0.005059249990154058
9,8,Normal,20000,2,0.1,29,2026108729,2.8328518984825948,new_lower_rho_same_seed_schedule,False,13,2.684793961269112,0.9987,19974,0.0012999999999999678,148.14814814814815,135,1,15,1.1128481274236046,False,-0.14805793721348293,False,ok,,0.005428041971754283
9,8,Normal,20000,2,0.1,29,2026108729,2.8328518984825948,new_lower_rho_same_seed_schedule,False,14,2.6726907147487298,0.99805,19961,0.0019500000000000073,129.03225806451613,155,1,17,1.1202874768224835,False,-0.160161183733865,False,ok,,0.005057415983173996
9,8,Normal,20000,2,0.1,29,2026108729,2.8328518984825948,new_lower_rho_same_seed_schedule,False,15,2.6594065914331106,0.99835,19967,0.0016500000000000403,116.95906432748538,171,1,19,1.128100082108355,False,-0.17344530704948413,False,ok,,0.00527320901164785
9,8,Normal,20000,2,0.1,29,2026108729,2.8328518984825948,new_lower_rho_same_seed_schedule,False,16,2.648021726242561,0.9982,19964,0.0018000000000000238,106.38297872340425,188,1,21,1.1359136894972706,False,-0.18483017224003362,False,ok,,0.005482708045747131
9,8,Normal,20000,2,0.1,29,2026108729,2.8328518984825948,new_lower_rho_same_seed_schedule,False,17,2.6365158398837027,0.99755,19951,0.002449999999999952,93.89671361502347,213,1,24,1.14366432431454,False,-0.19633605859889203,False,ok,,0.005184417008422315
9,8,Normal,20000,2,0.1,29,2026108729,2.8328518984825948,new_lower_rho_same_seed_schedule,False,18,2.6193409355334127,0.997,19940,0.0030000000000000027,84.03361344537815,238,1,31,1.1503433604093163,False,-0.21351096294918204,False,ok,,0.004546375013887882
9,8,Normal,20000,2,0.1,29,2026108729,2.8328518984825948,new_lower_rho_same_seed_schedule,False,19,2.6063043335935543,0.99645,19929,0.003550000000000053,76.92307692307692,260,1,28,1.1592938035616294,False,-0.2265475648890405,False,ok,,0.005248457950074226
9,8,Normal,20000,2,0.1,29,2026108729,2.8328518984825948,new_lower_rho_same_seed_schedule,False,20,2.594462792128248,0.99685,19937,0.003149999999999986,71.42857142857143,280,1,30,1.1664311606091204,False,-0.23838910635434685,False,ok,,0.004753124958369881
9,8,Normal,20000,2,0.1,29,2026108729,2.8328518984825948,new_lower_rho_same_seed_schedule,False,21,2.577416642999147,0.9964,19928,0.0036000000000000476,65.359477124183,306,1,42,1.1732533008682728,False,-0.2554352554834476,False,ok,,0.0046638750354759395
9,8,Normal,20000,2,0.1,29,2026108729,2.8328518984825948,new_lower_rho_same_seed_schedule,False,22,2.562293605456509,0.99615,19923,0.00385000000000002,60.42296072507553,331,1,45,1.1807116796822588,False,-0.2705582930260859,False,ok,,0.005235499993432313
9,8,Normal,20000,2,0.1,29,2026108729,2.8328518984825948,new_lower_rho_same_seed_schedule,False,23,2.548944429994521,0.9956,19912,0.0043999999999999595,56.49717514124294,354,1,49,1.1904215262075826,False,-0.2839074684880738,False,ok,,0.00479579099919647
9,8,Normal,20000,2,0.1,29,2026108729,2.8328518984825948,new_lower_rho_same_seed_schedule,False,24,2.535969011264401,0.9954,19908,0.0046000000000000485,52.770448548812666,379,1,42,1.196544193693388,False,-0.29688288721819367,False,ok,,0.0047223749570548534
9,8,Normal,20000,2,0.1,29,2026108729,2.8328518984825948,new_lower_rho_same_seed_schedule,False,25,2.521675095665536,0.99435,19887,0.005650000000000044,48.54368932038835,412,1,59,1.199783773234711,False,-0.31117680281705873,False,ok,,0.004757832968607545
9,8,Normal,20000,2,0.1,29,2026108729,2.8328518984825948,new_lower_rho_same_seed_schedule,False,26,2.50674646847363,0.9938,19876,0.006199999999999983,45.248868778280546,442,1,72,1.208555978812873,False,-0.32610543000896497,False,ok,,0.005162999965250492
9,8,Normal,20000,2,0.1,29,2026108729,2.8328518984825948,new_lower_rho_same_seed_schedule,False,27,2.4862397311471707,0.993,19860,0.007000000000000006,42.46284501061571,471,1,74,1.2119448513621416,False,-0.3466121673354241,False,ok,,0.004821166046895087
9,8,Normal,20000,2,0.1,29,2026108729,2.8328518984825948,new_lower_rho_same_seed_schedule,False,28,2.4694167437395556,0.99255,19851,0.007449999999999957,40.0,500,1,85,1.2203226150457787,False,-0.3634351547430392,False,ok,,0.00487599999178201
9,8,Normal,20000,2,0.1,29,2026108729,2.8328518984825948,new_lower_rho_same_seed_schedule,False,29,2.460011271839559,0.9932,19864,0.006800000000000028,38.24091778202677,523,1,83,1.2275543544106384,False,-0.37284062664303574,False,ok,,0.005588374973740429
9,8,Normal,20000,2,0.1,29,2026108729,2.8328518984825948,new_lower_rho_same_seed_schedule,False,30,2.448198914783262,0.99265,19853,0.007349999999999968,36.101083032490976,554,1,80,1.2339859667556068,False,-0.38465298369933265,False,ok,,0.004871084005571902
9,8,Normal,20000,2,0.1,29,2026108729,2.8328518984825948,new_lower_rho_same_seed_schedule,False,31,2.4308418000375744,0.99165,19833,0.008349999999999969,33.840947546531304,591,1,102,1.242808787085095,False,-0.40201009844502034,False,ok,,0.004908916016574949
9,8,Normal,20000,2,0.1,29,2026108729,2.8328518984825948,new_lower_rho_same_seed_schedule,False,32,2.4133155537661906,0.9906,19812,0.009399999999999964,32.102728731942214,623,1,105,1.248418278726476,False,-0.4195363447164042,False,ok,,0.005130917008500546
9,8,Normal,20000,2,0.1,29,2026108729,2.8328518984825948,new_lower_rho_same_seed_schedule,False,33,2.3946511815584723,0.99,19800,0.010000000000000009,30.48780487804878,656,1,110,1.2523523144465465,False,-0.43820071692412244,False,ok,,0.005278167023789138
9,8,Normal,20000,2,0.1,29,2026108729,2.8328518984825948,new_lower_rho_same_seed_schedule,False,34,2.388042466815263,0.9894,19788,0.010600000000000054,29.11208151382824,687,1,120,1.2604794866149813,False,-0.4448094316673319,False,ok,,0.004936957964673638
9,8,Normal,20000,2,0.1,29,2026108729,2.8328518984825948,new_lower_rho_same_seed_schedule,False,35,2.366577663454453,0.98875,19775,0.011249999999999982,27.662517289073307,723,1,130,1.260114812242357,False,-0.4662742350281417,False,ok,,0.005192124983295798
9,8,Normal,20000,2,0.1,29,2026108729,2.8328518984825948,new_lower_rho_same_seed_schedule,False,36,2.3540608039112803,0.9875,19750,0.012499999999999956,26.56042496679947,753,1,125,1.2703200175072336,False,-0.4787910945713145,False,ok,,0.005443124973680824
9,8,Normal,20000,2,0.1,29,2026108729,2.8328518984825948,new_lower_rho_same_seed_schedule,False,37,2.3321652077537456,0.98825,19765,0.011750000000000038,25.54278416347382,783,1,130,1.2809753210661161,False,-0.5006866907288492,False,ok,,0.005125124996993691
9,8,Normal,20000,2,0.1,29,2026108729,2.8328518984825948,new_lower_rho_same_seed_schedule,False,38,2.324176002940379,0.9864,19728,0.013599999999999945,24.125452352231605,829,1,151,1.2815824991838323,False,-0.5086758955422157,False,ok,,0.005106707976665348
9,8,Normal,20000,2,0.1,29,2026108729,2.8328518984825948,new_lower_rho_same_seed_schedule,False,39,2.309177773442388,0.98685,19737,0.013149999999999995,23.337222870478413,857,1,154,1.2911784725650155,False,-0.5236741250402068,False,ok,,0.006073082971852273
9,8,Normal,20000,2,0.1,29,2026108729,2.8328518984825948,new_lower_rho_same_seed_schedule,False,40,2.288607453698083,0.98575,19715,0.014249999999999985,22.3463687150838,895,1,158,1.2945902021597482,False,-0.5442444447845118,False,ok,,0.005566458974499255
9,8,Normal,20000,2,0.1,30,2026108730,2.8328518984825948,new_lower_rho_same_seed_schedule,False,1,2.842443341762643,1.0,20000,0.0,20000.0,1,20000,0,1.0216905572337356,False,0.009591443280048129,False,ok,,0.005135584040544927
9,8,Normal,20000,2,0.1,30,2026108730,2.8328518984825948,new_lower_rho_same_seed_schedule,False,2,2.8208903116906323,1.0,20000,0.0,5000.0,4,3685,0,1.0352172761570824,False,-0.011961586791962464,False,ok,,0.004930625029373914
9,8,Normal,20000,2,0.1,30,2026108730,2.8328518984825948,new_lower_rho_same_seed_schedule,False,3,2.809104345590126,1.0,20000,0.0,2222.222222222222,9,80,0,1.0356353930869924,False,-0.02374755289246888,False,ok,,0.0047402080381289124
9,8,Normal,20000,2,0.1,30,2026108730,2.8328518984825948,new_lower_rho_same_seed_schedule,False,4,2.798511101563257,1.0,20000,0.0,1333.3333333333333,15,16,0,1.0418355992527764,False,-0.03434079691933789,False,ok,,0.00519283302128315
9,8,Normal,20000,2,0.1,30,2026108730,2.8328518984825948,new_lower_rho_same_seed_schedule,False,5,2.7862917508687657,0.99995,19999,4.999999999999449e-05,833.3333333333334,24,2,0,1.0508884919634673,False,-0.046560147613829095,False,ok,,0.004453208995983005
9,8,Normal,20000,2,0.1,30,2026108730,2.8328518984825948,new_lower_rho_same_seed_schedule,False,6,2.7748036957810003,0.99985,19997,0.00014999999999998348,588.2352941176471,34,1,1,1.0588419695224633,False,-0.0580482027015945,False,ok,,0.004213374981191009
9,8,Normal,20000,2,0.1,30,2026108730,2.8328518984825948,new_lower_rho_same_seed_schedule,False,7,2.765515127338442,0.9998,19996,0.00019999999999997797,454.54545454545456,44,2,0,1.0656041296839565,False,-0.0673367711441526,False,ok,,0.0043854580144397914
9,8,Normal,20000,2,0.1,30,2026108730,2.8328518984825948,new_lower_rho_same_seed_schedule,False,8,2.7515682293495543,0.99945,19989,0.0005500000000000504,350.87719298245617,57,1,2,1.074221956409956,False,-0.08128366913304053,False,ok,,0.004881125001702458
9,8,Normal,20000,2,0.1,30,2026108730,2.8328518984825948,new_lower_rho_same_seed_schedule,False,9,2.7387395982782046,0.9995,19990,0.0004999999999999449,285.7142857142857,70,1,4,1.0820936236277183,False,-0.09411230020439021,False,ok,,0.004395916999783367
9,8,Normal,20000,2,0.1,30,2026108730,2.8328518984825948,new_lower_rho_same_seed_schedule,False,10,2.7294562252379917,0.9992,19984,0.0008000000000000229,229.88505747126436,87,1,11,1.0898646004758943,False,-0.10339567324460308,False,ok,,0.004246167023666203
9,8,Normal,20000,2,0.1,30,2026108730,2.8328518984825948,new_lower_rho_same_seed_schedule,False,11,2.7129984251065116,0.99915,19983,0.0008500000000000174,204.08163265306123,98,1,5,1.0966838429437324,False,-0.11985347337608321,False,ok,,0.004290624987334013
9,8,Normal,20000,2,0.1,30,2026108730,2.8328518984825948,new_lower_rho_same_seed_schedule,False,12,2.703015335506731,0.99875,19975,0.0012499999999999734,170.94017094017093,117,1,10,1.1053481960025244,False,-0.12983656297586377,False,ok,,0.00462570897070691
9,8,Normal,20000,2,0.1,30,2026108730,2.8328518984825948,new_lower_rho_same_seed_schedule,False,13,2.6890103661116465,0.99845,19969,0.0015500000000000513,148.14814814814815,135,1,12,1.1134497611533336,False,-0.14384153237094832,False,ok,,0.004452584020327777
9,8,Normal,20000,2,0.1,30,2026108730,2.8328518984825948,new_lower_rho_same_seed_schedule,False,14,2.6766420258838894,0.99815,19963,0.0018500000000000183,130.718954248366,153,1,16,1.1206288663148205,False,-0.15620987259870533,False,ok,,0.004415665986016393
9,8,Normal,20000,2,0.1,30,2026108730,2.8328518984825948,new_lower_rho_same_seed_schedule,False,15,2.664596996765542,0.9982,19964,0.0018000000000000238,116.27906976744185,172,1,28,1.1287133259954159,False,-0.1682549017170527,False,ok,,0.004933667019940913
9,8,Normal,20000,2,0.1,30,2026108730,2.8328518984825948,new_lower_rho_same_seed_schedule,False,16,2.648868595649185,0.99765,19953,0.0023499999999999632,103.62694300518135,193,1,21,1.1373695031130149,False,-0.1839833028334099,False,ok,,0.004581917019095272
9,8,Normal,20000,2,0.1,30,2026108730,2.8328518984825948,new_lower_rho_same_seed_schedule,False,17,2.637039053219906,0.9976,19952,0.0023999999999999577,92.5925925925926,216,1,30,1.1432131356947692,False,-0.19581284526268883,False,ok,,0.004459540999960154
9,8,Normal,20000,2,0.1,30,2026108730,2.8328518984825948,new_lower_rho_same_seed_schedule,False,18,2.6215579289699975,0.99705,19941,0.002950000000000008,84.38818565400844,237,1,29,1.151578936767987,False,-0.21129396951259727,False,ok,,0.004670458962209523
9,8,Normal,20000,2,0.1,30,2026108730,2.8328518984825948,new_lower_rho_same_seed_schedule,False,19,2.6118544474563836,0.99665,19933,0.003349999999999964,76.62835249042146,261,1,35,1.1585790793113098,False,-0.22099745102621116,False,ok,,0.004828500037547201
9,8,Normal,20000,2,0.1,30,2026108730,2.8328518984825948,new_lower_rho_same_seed_schedule,False,20,2.595582304212474,0.99625,19925,0.003750000000000031,70.17543859649123,285,1,40,1.1683564582912116,False,-0.23726959427012062,False,ok,,0.0045313750160858035
9,8,Normal,20000,2,0.1,30,2026108730,2.8328518984825948,new_lower_rho_same_seed_schedule,False,21,2.580689951798841,0.9957,19914,0.0042999999999999705,63.69426751592356,314,1,52,1.1730020568460735,False,-0.2521619466837537,False,ok,,0.00450404203729704
9,8,Normal,20000,2,0.1,30,2026108730,2.8328518984825948,new_lower_rho_same_seed_schedule,False,22,2.5645744440710985,0.9956,19912,0.0043999999999999595,59.523809523809526,336,1,59,1.1789654142101034,False,-0.2682774544114963,False,ok,,0.004460625001229346
9,8,Normal,20000,2,0.1,30,2026108730,2.8328518984825948,new_lower_rho_same_seed_schedule,False,23,2.55204409084692,0.99425,19885,0.005750000000000033,54.49591280653951,367,1,63,1.1867878766139648,False,-0.2808078076356746,False,ok,,0.004765208985190839
9,8,Normal,20000,2,0.1,30,2026108730,2.8328518984825948,new_lower_rho_same_seed_schedule,False,24,2.533791561039579,0.9939,19878,0.006099999999999994,51.282051282051285,390,1,56,1.1951021619591824,False,-0.29906033744301563,False,ok,,0.004531832993961871
9,8,Normal,20000,2,0.1,30,2026108730,2.8328518984825948,new_lower_rho_same_seed_schedule,False,25,2.5195236164393777,0.9947,19894,0.005299999999999971,48.07692307692308,416,1,70,1.2034899366736782,False,-0.31332828204321705,False,ok,,0.004502916010096669
9,8,Normal,20000,2,0.1,30,2026108730,2.8328518984825948,new_lower_rho_same_seed_schedule,False,26,2.5042151271230138,0.99345,19869,0.006549999999999945,45.76659038901602,437,1,59,1.209214390052042,False,-0.328636771359581,False,ok,,0.004805375006981194
9,8,Normal,20000,2,0.1,30,2026108730,2.8328518984825948,new_lower_rho_same_seed_schedule,False,27,2.4957750738141438,0.9932,19864,0.006800000000000028,42.19409282700422,474,1,80,1.2138764690156882,False,-0.337076824668451,False,ok,,0.004829165991395712
9,8,Normal,20000,2,0.1,30,2026108730,2.8328518984825948,new_lower_rho_same_seed_schedule,False,28,2.4811416291357626,0.99245,19849,0.007549999999999946,39.8406374501992,502,1,82,1.219583730122254,False,-0.35171026934683214,False,ok,,0.004700999998021871
9,8,Normal,20000,2,0.1,30,2026108730,2.8328518984825948,new_lower_rho_same_seed_schedule,False,29,2.4660532430627775,0.99235,19847,0.007650000000000046,37.735849056603776,530,1,85,1.2292199497934144,False,-0.36679865541981727,False,ok,,0.004732750006951392
9,8,Normal,20000,2,0.1,30,2026108730,2.8328518984825948,new_lower_rho_same_seed_schedule,False,30,2.4518136327163487,0.99175,19835,0.00824999999999998,35.842293906810035,558,1,90,1.2342075418842842,False,-0.3810382657662461,False,ok,,0.00529562501469627
9,8,Normal,20000,2,0.1,30,2026108730,2.8328518984825948,new_lower_rho_same_seed_schedule,False,31,2.434129669842704,0.99145,19829,0.008549999999999947,33.50083752093802,597,1,113,1.2386560523068009,False,-0.3987222286398908,False,ok,,0.004774833039846271
9,8,Normal,20000,2,0.1,30,2026108730,2.8328518984825948,new_lower_rho_same_seed_schedule,False,32,2.4145408825969974,0.9905,19810,0.009499999999999953,31.79650238473768,629,1,114,1.2468333339290594,False,-0.4183110158855974,False,ok,,0.004928999987896532
9,8,Normal,20000,2,0.1,30,2026108730,2.8328518984825948,new_lower_rho_same_seed_schedule,False,33,2.4043643046819185,0.99,19800,0.010000000000000009,30.3951367781155,658,1,118,1.2539636805554892,False,-0.42848759380067625,False,ok,,0.005107332952320576
9,8,Normal,20000,2,0.1,30,2026108730,2.8328518984825948,new_lower_rho_same_seed_schedule,False,34,2.3886198900112374,0.98905,19781,0.010950000000000015,28.735632183908045,696,1,128,1.2602801022074894,False,-0.44423200847135735,False,ok,,0.004792499996256083
9,8,Normal,20000,2,0.1,30,2026108730,2.8328518984825948,new_lower_rho_same_seed_schedule,False,35,2.3707441498266983,0.98825,19765,0.011750000000000038,27.434842249657063,729,1,132,1.26751680303617,False,-0.46210774865589643,False,ok,,0.0047908329870551825
9,8,Normal,20000,2,0.1,30,2026108730,2.8328518984825948,new_lower_rho_same_seed_schedule,False,36,2.353630345720003,0.9881,19762,0.011900000000000022,26.31578947368421,760,1,134,1.2716076720753384,False,-0.4792215527625916,False,ok,,0.005173457961063832
9,8,Normal,20000,2,0.1,30,2026108730,2.8328518984825948,new_lower_rho_same_seed_schedule,False,37,2.343184865178348,0.98805,19761,0.011950000000000016,25.252525252525253,792,1,147,1.280585524446998,False,-0.48966703330424677,False,ok,,0.005010708991903812
9,8,Normal,20000,2,0.1,30,2026108730,2.8328518984825948,new_lower_rho_same_seed_schedule,False,38,2.319941640653653,0.9873,19746,0.012700000000000045,24.183796856106408,827,1,152,1.2859732161037862,False,-0.512910257828942,False,ok,,0.005034999980125576
9,8,Normal,20000,2,0.1,30,2026108730,2.8328518984825948,new_lower_rho_same_seed_schedule,False,39,2.3053025867743324,0.98605,19721,0.013950000000000018,23.094688221709006,866,1,160,1.2916941100008346,False,-0.5275493117082624,False,ok,,0.0051300000050105155
9,8,Normal,20000,2,0.1,30,2026108730,2.8328518984825948,new_lower_rho_same_seed_schedule,False,40,2.2890110094734935,0.9852,19704,0.014800000000000035,22.197558268590456,901,1,169,1.2958914080995139,False,-0.5438408890091013,False,ok,,0.005512000003363937
