config_id,family,n,d,rho,phase,replicate,seed,data_file,source_setting_id,truth,assumption_matched,ell,cv_score,cv_coverage,stable_validation_coverage,min_fold_stable_coverage,feasible,fraction_covered,fraction_outside_global_range,fraction_empty_cell,fraction_singleton_cell,fraction_outside_local_range,fraction_zero_spacing,fraction_degenerate_training_sample,estimate,coverage,n_valid,skipped_point_fraction,mean_cell_size,occupied_cells,min_cell_size,singleton_cells,integrated_mass,degenerate,refit_seconds,study_config_id,origin,error,zero_valid,status,failure
6,Normal,10000,5,0.5,fresh_n,1,2026106701,,-1.0,6.257704449237527,False,1,7.139910003569161,0.9988,0.9988,0.9987998799879988,True,0.9988,0.0012,0.0,0.0,0.0,0.0,0.0,7.130146934334004,1.0,10000,0.0,10000.0,1,10000,0,1.0813587210450195,False,0.0044730000081472,47,archived_rho_0.5_unchanged,0.8724424850964771,False,ok,
6,Normal,10000,5,0.5,fresh_n,1,2026106701,,-1.0,6.257704449237527,False,2,6.188846948499998,0.9585,0.9585,0.9562087582483504,False,0.9585,0.0012,0.0,0.0,0.0403,0.0,0.0,6.130781582759388,1.0,10000,0.0,312.5,32,29,0,1.329274653639348,False,0.0042794999899342,47,archived_rho_0.5_unchanged,-0.12692286647813855,False,ok,
6,Normal,10000,5,0.5,fresh_n,1,2026106701,,-1.0,6.257704449237527,False,3,5.9796779502985125,0.9088,0.9061,0.8997899789978998,False,0.9088,0.0012,0.0027,0.0027,0.0846,0.0,0.0,5.993050993622664,0.9974,9974,0.0026,103.09278350515464,97,1,16,1.3960633318832685,False,0.0040869999793358,47,archived_rho_0.5_unchanged,-0.2646534556148623,False,ok,
6,Normal,10000,5,0.5,fresh_n,1,2026106701,,-1.0,6.257704449237527,False,4,5.66593449080719,0.8441,0.8342,0.8305338932213557,False,0.8441,0.0012,0.0079,0.0067,0.1401,0.0,0.0,5.615891444191778,0.9874,9874,0.0125999999999999,40.81632653061224,245,1,62,1.5712183129466348,False,0.0043438330176286,47,archived_rho_0.5_unchanged,-0.6418130050457487,False,ok,
6,Normal,10000,5,0.5,fresh_n,1,2026106701,,-1.0,6.257704449237527,False,5,5.37869311903652,0.7451,0.7306,0.7086708670867087,False,0.7451,0.0012,0.022,0.0169,0.2148,0.0,0.0,5.234405120147222,0.9768,9768,0.0232,23.20185614849188,431,1,113,1.8135445027998016,False,0.0044552910258062,47,archived_rho_0.5_unchanged,-1.023299329090305,False,ok,
6,Normal,10000,5,0.5,fresh_n,1,2026106701,,-1.0,6.257704449237527,False,6,5.0367130815085694,0.6366,0.6171,0.5937593759375938,False,0.6366,0.0012,0.0341,0.0277,0.3004,0.0,0.0,4.815888435849634,0.9565,9565,0.0434999999999999,14.144271570014144,707,1,243,2.031407858883799,False,0.0045887500164099,47,archived_rho_0.5_unchanged,-1.4418160133878928,False,ok,
6,Normal,10000,5,0.5,fresh_n,1,2026106701,,-1.0,6.257704449237527,False,7,4.670157560602954,0.5044,0.4713,0.465046504650465,False,0.5044,0.0012,0.0608,0.0424,0.3912,0.0,0.0,4.287611517988406,0.9285,9285,0.0715,9.174311926605505,1090,1,419,2.300313810446913,False,0.0049217080231755,47,archived_rho_0.5_unchanged,-1.9700929312491207,False,ok,
6,Normal,10000,5,0.5,fresh_n,1,2026106701,,-1.0,6.257704449237527,False,8,4.2658512806015265,0.3894,0.3466,0.3321332133213321,False,0.3894,0.0012,0.0912,0.0676,0.4506,0.0,0.0,3.7106518088877305,0.8919,8919,0.1080999999999999,6.5487884741322855,1527,1,605,2.50054352710411,False,0.0052221249788999,47,archived_rho_0.5_unchanged,-2.547052640349796,False,ok,
6,Normal,10000,5,0.5,fresh_n,1,2026106701,,-1.0,6.257704449237527,False,9,3.8544912377232503,0.2754,0.227,0.2073207320732073,False,0.2754,0.0012,0.1352,0.0895,0.4987,0.0,0.0,3.060328924640092,0.8413,8413,0.1586999999999999,4.784688995215311,2090,1,938,2.714250256802315,False,0.0055099999881349,47,archived_rho_0.5_unchanged,-3.1973755245974345,False,ok,
6,Normal,10000,5,0.5,fresh_n,1,2026106701,,-1.0,6.257704449237527,False,10,3.3875431495372683,0.1789,0.1224,0.1068106810681068,False,0.1789,0.0012,0.1917,0.1212,0.507,0.0,0.0,2.3797795934474233,0.7809,7809,0.2190999999999999,3.673769287288758,2722,1,1324,2.8125969322305635,False,0.0057413749746046,47,archived_rho_0.5_unchanged,-3.8779248557901034,False,ok,
6,Normal,10000,5,0.5,fresh_n,1,2026106701,,-1.0,6.257704449237527,False,11,2.935464573235762,0.107,0.0522,0.0393039303930393,False,0.107,0.0012,0.2483,0.1477,0.4958,0.0,0.0,1.6704827979403711,0.7123,7123,0.2876999999999999,2.96823983377857,3369,1,1735,2.8656322925272084,False,0.0060043749981559,47,archived_rho_0.5_unchanged,-4.587221651297155,False,ok,
6,Normal,10000,5,0.5,fresh_n,1,2026106701,,-1.0,6.257704449237527,False,12,2.4322810721105994,0.0627,0.0193,0.012001200120012,False,0.0627,0.0012,0.3155,0.1728,0.4478,0.0,0.0,1.0047621418996384,0.6347,6347,0.3652999999999999,2.464268112370626,4058,1,2273,2.823061073047976,False,0.0061634580488316,47,archived_rho_0.5_unchanged,-5.2529423073378885,False,ok,
6,Normal,10000,5,0.5,fresh_n,1,2026106701,,-1.0,6.257704449237527,False,13,1.8818889329366255,0.0347,0.0033,0.0012001200120012,False,0.0347,0.0012,0.3876,0.206,0.3705,0.0,0.0,0.3249853756966518,0.5523,5523,0.4477,2.103934357248054,4753,1,2842,2.685529613915143,False,0.0063242500182241,47,archived_rho_0.5_unchanged,-5.932719073540875,False,ok,
6,Normal,10000,5,0.5,fresh_n,1,2026106701,,-1.0,6.257704449237527,False,14,1.258931025112463,0.0161,0.0007,0.0002999400119976,False,0.0161,0.0012,0.4643,0.2206,0.2978,0.0,0.0,-0.4109104957377746,0.4619,4619,0.5381,1.8315018315018312,5460,1,3489,2.4393911971163305,False,0.0063608330092392,47,archived_rho_0.5_unchanged,-6.668614944975301,False,ok,
6,Normal,10000,5,0.5,fresh_n,1,2026106701,,-1.0,6.257704449237527,False,15,0.6468386324447045,0.0099,0.0,0.0,False,0.0099,0.0012,0.5379,0.2206,0.2304,0.0,0.0,-1.0530124985373028,0.3776,3776,0.6224000000000001,1.626280696048138,6149,1,4219,2.1720337982471003,False,0.0062245830195024,47,archived_rho_0.5_unchanged,-7.3107169477748295,False,ok,
6,Normal,10000,5,0.5,fresh_n,1,2026106701,,-1.0,6.257704449237527,False,16,0.2906060519256848,0.0041,0.0,0.0,False,0.0041,0.0012,0.6171,0.2158,0.1618,0.0,0.0,-1.7104595004868213,0.3025,3025,0.6975,1.4903129657228018,6710,1,4818,1.887975604794356,False,0.0060677499859593,47,archived_rho_0.5_unchanged,-7.968163949724348,False,ok,
6,Normal,10000,5,0.5,fresh_n,1,2026106701,,-1.0,6.257704449237527,False,17,-0.3048940003825632,0.0031,0.0,0.0,False,0.0031,0.0012,0.6761,0.2101,0.1095,0.0,0.0,-2.2413608771670765,0.229,2290,0.771,1.3827433628318584,7232,1,5450,1.569685488424189,False,0.0059158750227652,47,archived_rho_0.5_unchanged,-8.499065326404603,False,ok,
6,Normal,10000,5,0.5,fresh_n,1,2026106701,,-1.0,6.257704449237527,False,18,-0.7127527980973773,0.001,0.0,0.0,False,0.001,0.0012,0.7278,0.192,0.078,0.0,0.0,-2.650610163970065,0.1766,1766,0.8234,1.2992074834351046,7697,1,6118,1.289692846713543,False,0.0055965830106288,47,archived_rho_0.5_unchanged,-8.908314613207592,False,ok,
6,Normal,10000,5,0.5,fresh_n,1,2026106701,,-1.0,6.257704449237527,False,19,-1.0979344699205449,0.0004,0.0,0.0,False,0.0004,0.0012,0.7762,0.1682,0.054,0.0,0.0,-3.0135771000308034,0.1369,1369,0.8631,1.241156758098548,8057,1,6636,1.065230118277222,False,0.0054177080164663,47,archived_rho_0.5_unchanged,-9.27128154926833,False,ok,
6,Normal,10000,5,0.5,fresh_n,1,2026106701,,-1.0,6.257704449237527,False,20,-0.6765687290099336,0.0001,0.0,0.0,False,0.0001,0.0012,0.8193,0.147,0.0324,0.0,0.0,-3.532487054750421,0.0877,877,0.9123,1.1856770215793218,8434,1,7187,0.7639631748301747,False,0.0051263330387882,47,archived_rho_0.5_unchanged,-9.790191503987948,False,ok,
6,Normal,10000,5,0.5,fresh_n,1,2026106701,,-1.0,6.257704449237527,False,21,0.3503171763955559,0.0001,0.0,0.0,False,0.0001,0.0012,0.8514,0.1249,0.0224,0.0,0.0,-3.765188624651224,0.0654,654,0.9346,1.1463945890175398,8723,1,7679,0.5823262319787241,False,0.0049047080101445,47,archived_rho_0.5_unchanged,-10.022893073888751,False,ok,
6,Normal,10000,5,0.5,fresh_n,1,2026106701,,-1.0,6.257704449237527,False,22,inf,0.0,0.0,0.0,False,0.0,0.0012,0.876,0.1064,0.0164,0.0,0.0,-4.090436711552582,0.0402,402,0.9598,1.1183180496533214,8942,1,8015,0.4175369042306485,False,0.0047584580024704,47,archived_rho_0.5_unchanged,-10.348141160790108,False,ok,
6,Normal,10000,5,0.5,fresh_n,1,2026106701,,-1.0,6.257704449237527,False,23,inf,0.0,0.0,0.0,False,0.0,0.0012,0.8951,0.0949,0.0088,0.0,0.0,-4.485625977644778,0.0314,314,0.9686,1.1003521126760565,9088,1,8268,0.3430297151087602,False,0.0046729579917155,47,archived_rho_0.5_unchanged,-10.743330426882306,False,ok,
6,Normal,10000,5,0.5,fresh_n,1,2026106701,,-1.0,6.257704449237527,False,24,inf,0.0,0.0,0.0,False,0.0,0.0012,0.915,0.077,0.0068,0.0,0.0,-4.386994499414932,0.0232,232,0.9768,1.0815487778498811,9246,1,8561,0.262874456216446,False,0.0044752500252798,47,archived_rho_0.5_unchanged,-10.644698948652458,False,ok,
6,Normal,10000,5,0.5,fresh_n,1,2026106701,,-1.0,6.257704449237527,False,25,inf,0.0,0.0,0.0,False,0.0,0.0012,0.9321,0.0628,0.0039,0.0,0.0,-4.749624993182979,0.015,150,0.985,1.0636034886194428,9402,1,8846,0.191049233225699,False,0.004313874989748,47,archived_rho_0.5_unchanged,-11.007329442420506,False,ok,
6,Normal,10000,5,0.5,fresh_n,1,2026106701,,-1.0,6.257704449237527,False,26,inf,0.0,0.0,0.0,False,0.0,0.0012,0.9407,0.0547,0.0034,0.0,0.0,-4.76450088297792,0.0131,131,0.9869,1.0530749789385003,9496,1,9026,0.1559139047341352,False,0.0042349580326117,47,archived_rho_0.5_unchanged,-11.022205332215446,False,ok,
6,Normal,10000,5,0.5,fresh_n,1,2026106701,,-1.0,6.257704449237527,False,27,inf,0.0,0.0,0.0,False,0.0,0.0012,0.9538,0.0424,0.0026,0.0,0.0,-5.136828759511155,0.0115,115,0.9885,1.0463534581981793,9557,1,9145,0.1490116866147015,False,0.0041826249798759,47,archived_rho_0.5_unchanged,-11.394533208748681,False,ok,
6,Normal,10000,5,0.5,fresh_n,1,2026106701,,-1.0,6.257704449237527,False,28,inf,0.0,0.0,0.0,False,0.0,0.0012,0.9586,0.0388,0.0014,0.0,0.0,-5.126809975790032,0.0068,68,0.9932,1.0375596596804315,9638,1,9291,0.1003662695564239,False,0.0041085840202867,47,archived_rho_0.5_unchanged,-11.384514425027557,False,ok,
6,Normal,10000,5,0.5,fresh_n,1,2026106701,,-1.0,6.257704449237527,False,29,inf,0.0,0.0,0.0,False,0.0,0.0012,0.9639,0.0335,0.0014,0.0,0.0,-5.591460978703154,0.0056,56,0.9944,1.0336985734959685,9674,1,9359,0.0853600410447529,False,0.0040599590283818,47,archived_rho_0.5_unchanged,-11.84916542794068,False,ok,
6,Normal,10000,5,0.5,fresh_n,1,2026106701,,-1.0,6.257704449237527,False,30,inf,0.0,0.0,0.0,False,0.0,0.0012,0.971,0.027,0.0008,0.0,0.0,-6.213709715981262,0.0028,28,0.9972,1.0275380189066996,9732,1,9470,0.0646330195981826,False,0.0039930840139277,47,archived_rho_0.5_unchanged,-12.471414165218789,False,ok,
6,Normal,10000,5,0.5,fresh_n,1,2026106701,,-1.0,6.257704449237527,False,31,inf,0.0,0.0,0.0,False,0.0,0.0012,0.9708,0.0278,0.0002,0.0,0.0,-5.1421270014015334,0.0037,37,0.9963,1.0258514567090686,9748,1,9503,0.0628632823034583,False,0.0039612079854123,47,archived_rho_0.5_unchanged,-11.39983145063906,False,ok,
6,Normal,10000,5,0.5,fresh_n,1,2026106701,,-1.0,6.257704449237527,False,32,inf,0.0,0.0,0.0,False,0.0,0.0012,0.9753,0.023,0.0005,0.0,0.0,-6.752021028602979,0.0024,24,0.9976,1.0206164523372117,9798,1,9600,0.0480524967610486,False,0.0040021250024437,47,archived_rho_0.5_unchanged,-13.009725477840504,False,ok,
6,Normal,10000,5,0.5,fresh_n,1,2026106701,,-1.0,6.257704449237527,False,33,inf,0.0,0.0,0.0,False,0.0,0.0012,0.9832,0.0154,0.0002,0.0,0.0,-6.223551175158749,0.0018,18,0.9982,1.0158472165786263,9844,1,9691,0.0372282440634154,False,0.0042368330177851,47,archived_rho_0.5_unchanged,-12.481255624396276,False,ok,
6,Normal,10000,5,0.5,fresh_n,1,2026106701,,-1.0,6.257704449237527,False,34,inf,0.0,0.0,0.0,False,0.0,0.0012,0.9822,0.0163,0.0003,0.0,0.0,-6.158321883808841,0.0018,18,0.9982,1.0154346060113728,9848,1,9698,0.0354668434257583,False,0.0040937919984571,47,archived_rho_0.5_unchanged,-12.416026333046368,False,ok,
6,Normal,10000,5,0.5,fresh_n,1,2026106701,,-1.0,6.257704449237527,False,35,inf,0.0,0.0,0.0,False,0.0,0.0012,0.9862,0.0126,0.0,0.0,0.0,-5.847095022930817,0.0017,17,0.9983,1.013993104846887,9862,1,9725,0.0294858026561867,False,0.0040832499507814,47,archived_rho_0.5_unchanged,-12.104799472168343,False,ok,
6,Normal,10000,5,0.5,fresh_n,1,2026106701,,-1.0,6.257704449237527,False,36,inf,0.0,0.0,0.0,False,0.0,0.0012,0.9871,0.0116,0.0001,0.0,0.0,-5.764830454581772,0.0012,12,0.9988,1.010611419909045,9895,1,9792,0.0242054074764368,False,0.0039131250232458,47,archived_rho_0.5_unchanged,-12.022534903819299,False,ok,
6,Normal,10000,5,0.5,fresh_n,1,2026106701,,-1.0,6.257704449237527,False,37,inf,0.0,0.0,0.0,False,0.0,0.0012,0.9892,0.0095,0.0001,0.0,0.0,-6.6113776357660115,0.0008,8,0.9992,1.0103051121438675,9898,1,9797,0.0227054973155913,False,0.0040215830085799,47,archived_rho_0.5_unchanged,-12.869082085003537,False,ok,
6,Normal,10000,5,0.5,fresh_n,1,2026106701,,-1.0,6.257704449237527,False,38,inf,0.0,0.0,0.0,False,0.0,0.0012,0.9883,0.0105,0.0,0.0,0.0,-6.720368493317084,0.001,10,0.999,1.0086746015735324,9914,1,9830,0.0203960001513429,False,0.0038700830191373,47,archived_rho_0.5_unchanged,-12.978072942554611,False,ok,
6,Normal,10000,5,0.5,fresh_n,1,2026106701,,-1.0,6.257704449237527,False,39,inf,0.0,0.0,0.0,False,0.0,0.0012,0.9905,0.0083,0.0,0.0,0.0,-7.364448988192329,0.0005,5,0.9995,1.0071507704703395,9929,1,9858,0.0142,False,0.0037587920087389,47,archived_rho_0.5_unchanged,-13.622153437429855,False,ok,
6,Normal,10000,5,0.5,fresh_n,1,2026106701,,-1.0,6.257704449237527,False,40,inf,0.0,0.0,0.0,False,0.0,0.0012,0.9918,0.0069,0.0001,0.0,0.0,-9.101213565155197,0.0009,9,0.9991,1.0071507704703395,9929,1,9860,0.0182607424303946,False,0.0037032079999335,47,archived_rho_0.5_unchanged,-15.358918014392724,False,ok,
6,Normal,10000,5,0.5,fresh_n,2,2026106702,,-1.0,6.257704449237527,False,1,7.085951340514268,0.9988,0.9988,0.9975997599759976,True,0.9988,0.0012,0.0,0.0,0.0,0.0,0.0,7.0689309458254135,1.0,10000,0.0,10000.0,1,10000,0,1.080217383217697,False,0.0044630829943344,47,archived_rho_0.5_unchanged,0.8112264965878868,False,ok,
6,Normal,10000,5,0.5,fresh_n,2,2026106702,,-1.0,6.257704449237527,False,2,6.1596210611424205,0.9575,0.9575,0.9546954695469548,False,0.9575,0.0012,0.0,0.0,0.0413,0.0,0.0,6.122193208511642,1.0,10000,0.0,312.5,32,44,0,1.3359643239714414,False,0.0041856250027194,47,archived_rho_0.5_unchanged,-0.13551124072588472,False,ok,
6,Normal,10000,5,0.5,fresh_n,2,2026106702,,-1.0,6.257704449237527,False,3,5.920613011439683,0.8975,0.8945,0.8916891689168917,False,0.8975,0.0012,0.0024,0.0023,0.0966,0.0,0.0,5.92430101037604,0.9968,9968,0.0031999999999999,93.45794392523364,107,1,14,1.417139687090044,False,0.0041077090427279,47,archived_rho_0.5_unchanged,-0.3334034388614864,False,ok,
6,Normal,10000,5,0.5,fresh_n,2,2026106702,,-1.0,6.257704449237527,False,4,5.6356861222183685,0.842,0.8338,0.8331833183318332,False,0.842,0.0012,0.0097,0.0112,0.1359,0.0,0.0,5.559801768418904,0.9872,9872,0.0128,37.735849056603776,265,1,59,1.6084527791049492,False,0.0043432499514892,47,archived_rho_0.5_unchanged,-0.6979026808186228,False,ok,
6,Normal,10000,5,0.5,fresh_n,2,2026106702,,-1.0,6.257704449237527,False,5,5.344687268207125,0.732,0.7169,0.7041704170417041,False,0.732,0.0012,0.0186,0.0193,0.2289,0.0,0.0,5.162824564895945,0.9751,9751,0.0249,21.598272138228943,463,1,135,1.844583117967949,False,0.0044317920110188,47,archived_rho_0.5_unchanged,-1.094879884341582,False,ok,
6,Normal,10000,5,0.5,fresh_n,2,2026106702,,-1.0,6.257704449237527,False,6,4.973963726807186,0.6155,0.5931,0.5766576657665766,False,0.6155,0.0012,0.0365,0.0299,0.3169,0.0,0.0,4.72384270525588,0.9536,9536,0.0464,13.140604467805518,761,1,260,2.096267862340354,False,0.0047432499704882,47,archived_rho_0.5_unchanged,-1.5338617439816469,False,ok,
6,Normal,10000,5,0.5,fresh_n,2,2026106702,,-1.0,6.257704449237527,False,7,4.6119214792752485,0.4855,0.4457,0.4269426942694269,False,0.4855,0.0012,0.0603,0.0495,0.4035,0.0,0.0,4.159803838648313,0.9278,9278,0.0722,8.818342151675486,1134,1,411,2.378782744055496,False,0.0050179999670945,47,archived_rho_0.5_unchanged,-2.097900610589214,False,ok,
6,Normal,10000,5,0.5,fresh_n,2,2026106702,,-1.0,6.257704449237527,False,8,4.19270508637322,0.369,0.3285,0.3129312931293129,False,0.369,0.0012,0.0994,0.0662,0.4642,0.0,0.0,3.5343705009979804,0.8856,8856,0.1143999999999999,6.127450980392157,1632,1,660,2.594655663246823,False,0.0052943750051781,47,archived_rho_0.5_unchanged,-2.723333948239546,False,ok,
6,Normal,10000,5,0.5,fresh_n,2,2026106702,,-1.0,6.257704449237527,False,9,3.761591033490424,0.2507,0.1934,0.1833183318331833,False,0.2507,0.0012,0.1442,0.0944,0.5095,0.0,0.0,2.8894454963982943,0.8275,8275,0.1725,4.448398576512456,2248,1,1021,2.7443429753699524,False,0.0055202500079758,47,archived_rho_0.5_unchanged,-3.3682589528392324,False,ok,
6,Normal,10000,5,0.5,fresh_n,2,2026106702,,-1.0,6.257704449237527,False,10,3.2961818993034364,0.1646,0.1088,0.0975097509750975,False,0.1646,0.0012,0.1982,0.1257,0.5103,0.0,0.0,2.115965097404534,0.7634,7634,0.2366,3.434065934065934,2912,1,1436,2.8825790245591736,False,0.0058184579829685,47,archived_rho_0.5_unchanged,-4.141739351832992,False,ok,
6,Normal,10000,5,0.5,fresh_n,2,2026106702,,-1.0,6.257704449237527,False,11,2.7450398433414733,0.0921,0.0405,0.0351035103510351,False,0.0921,0.0012,0.2567,0.1637,0.4863,0.0,0.0,1.4580639953996624,0.6932,6932,0.3067999999999999,2.7878449958182325,3587,1,1895,2.8818433404380768,False,0.0060298750177025,47,archived_rho_0.5_unchanged,-4.799640453837864,False,ok,
6,Normal,10000,5,0.5,fresh_n,2,2026106702,,-1.0,6.257704449237527,False,12,2.2877350576130637,0.054,0.011,0.0102010201020102,False,0.054,0.0012,0.3274,0.1932,0.4242,0.0,0.0,0.656417707452603,0.6094,6094,0.3905999999999999,2.3185717597959656,4313,1,2441,2.8238443632872894,False,0.0062268329784274,47,archived_rho_0.5_unchanged,-5.601286741784923,False,ok,
6,Normal,10000,5,0.5,fresh_n,2,2026106702,,-1.0,6.257704449237527,False,13,1.7259565879906469,0.0282,0.002,0.0006000600060006,False,0.0282,0.0012,0.4123,0.2057,0.3526,0.0,0.0,-0.0996369701983118,0.5146,5146,0.4854,1.9704433497536944,5075,1,3095,2.6230581505703325,False,0.006359291030094,47,archived_rho_0.5_unchanged,-6.357341419435839,False,ok,
6,Normal,10000,5,0.5,fresh_n,2,2026106702,,-1.0,6.257704449237527,False,14,1.0580797511084594,0.012,0.0,0.0,False,0.012,0.0012,0.4883,0.2283,0.2702,0.0,0.0,-0.7718271929046774,0.4252,4252,0.5748,1.733402669440111,5769,1,3784,2.335142348547151,False,0.0063524580327793,47,archived_rho_0.5_unchanged,-7.029531642142204,False,ok,
6,Normal,10000,5,0.5,fresh_n,2,2026106702,,-1.0,6.257704449237527,False,15,0.4674462047047947,0.0069,0.0,0.0,False,0.0069,0.0012,0.5568,0.2302,0.2049,0.0,0.0,-1.3920158545726098,0.336,3360,0.6639999999999999,1.567398119122257,6380,1,4397,2.04118889640645,False,0.0062638329691253,47,archived_rho_0.5_unchanged,-7.6497203038101365,False,ok,
6,Normal,10000,5,0.5,fresh_n,2,2026106702,,-1.0,6.257704449237527,False,16,0.2991466861429191,0.0039,0.0,0.0,False,0.0039,0.0012,0.6312,0.2258,0.1379,0.0,0.0,-1.9193800381004995,0.2607,2607,0.7393000000000001,1.4316392269148177,6985,1,5128,1.7124825532062722,False,0.0059919169871136,47,archived_rho_0.5_unchanged,-8.177084487338027,False,ok,
6,Normal,10000,5,0.5,fresh_n,2,2026106702,,-1.0,6.257704449237527,False,17,0.12746047169996,0.0024,0.0,0.0,False,0.0024,0.0012,0.6896,0.209,0.0978,0.0,0.0,-2.4045195111603097,0.1924,1924,0.8076,1.3253810470510272,7545,1,5897,1.3617434695529818,False,0.0057174160028807,47,archived_rho_0.5_unchanged,-8.662223960397837,False,ok,
6,Normal,10000,5,0.5,fresh_n,2,2026106702,,-1.0,6.257704449237527,False,18,-0.9861705426770122,0.001,0.0,0.0,False,0.001,0.0012,0.7507,0.1819,0.0652,0.0,0.0,-2.8321720957640792,0.1372,1372,0.8628,1.253604111821487,7977,1,6500,1.0307108735264832,False,0.0054798750206828,47,archived_rho_0.5_unchanged,-9.089876545001605,False,ok,
6,Normal,10000,5,0.5,fresh_n,2,2026106702,,-1.0,6.257704449237527,False,19,-1.4367989494538382,0.0004,0.0,0.0,False,0.0004,0.0012,0.796,0.1569,0.0455,0.0,0.0,-3.337620317680672,0.1046,1046,0.8954,1.208313194780087,8276,1,6936,0.85413883968475,False,0.005275875038933,47,archived_rho_0.5_unchanged,-9.595324766918198,False,ok,
6,Normal,10000,5,0.5,fresh_n,2,2026106702,,-1.0,6.257704449237527,False,20,-0.488212446759152,0.0005,0.0,0.0,False,0.0005,0.0012,0.8336,0.1382,0.0265,0.0,0.0,-3.642566766358477,0.0681,681,0.9319,1.1500862564692351,8695,1,7625,0.6143522272466184,False,0.0049383750301785,47,archived_rho_0.5_unchanged,-9.900271215596003,False,ok,
6,Normal,10000,5,0.5,fresh_n,2,2026106702,,-1.0,6.257704449237527,False,21,-0.7892600576795332,0.0003,0.0,0.0,False,0.0003,0.0012,0.8617,0.1176,0.0192,0.0,0.0,-4.145265194198352,0.0479,479,0.9521,1.1267605633802815,8875,1,7900,0.4619938143544456,False,0.0047888330300338,47,archived_rho_0.5_unchanged,-10.402969643435878,False,ok,
6,Normal,10000,5,0.5,fresh_n,2,2026106702,,-1.0,6.257704449237527,False,22,-2.3155655703361613,0.0001,0.0,0.0,False,0.0001,0.0012,0.8893,0.0968,0.0126,0.0,0.0,-3.9464074668225217,0.0374,374,0.9626,1.102049812651532,9074,1,8266,0.3629214148835808,False,0.0046468750224448,47,archived_rho_0.5_unchanged,-10.204111916060048,False,ok,
6,Normal,10000,5,0.5,fresh_n,2,2026106702,,-1.0,6.257704449237527,False,23,inf,0.0,0.0,0.0,False,0.0,0.0012,0.91,0.081,0.0078,0.0,0.0,-4.46898690581865,0.0245,245,0.9755,1.0844810758052272,9221,1,8516,0.2774850481323113,False,0.0044728339998982,47,archived_rho_0.5_unchanged,-10.726691355056177,False,ok,
6,Normal,10000,5,0.5,fresh_n,2,2026106702,,-1.0,6.257704449237527,False,24,-1.0980139240995217,0.0001,0.0,0.0,False,0.0001,0.0012,0.92,0.0731,0.0056,0.0,0.0,-4.977200250366782,0.0221,221,0.9779,1.0694043417816277,9351,1,8763,0.239117847918391,False,0.004373250005301,47,archived_rho_0.5_unchanged,-11.234904699604309,False,ok,
6,Normal,10000,5,0.5,fresh_n,2,2026106702,,-1.0,6.257704449237527,False,25,inf,0.0,0.0,0.0,False,0.0,0.0012,0.9365,0.0584,0.0039,0.0,0.0,-5.451532737086739,0.0091,91,0.9909,1.0518565267697486,9507,1,9039,0.1476672738366648,False,0.0042210419778712,47,archived_rho_0.5_unchanged,-11.709237186324266,False,ok,
6,Normal,10000,5,0.5,fresh_n,2,2026106702,,-1.0,6.257704449237527,False,26,inf,0.0,0.0,0.0,False,0.0,0.0012,0.946,0.0505,0.0023,0.0,0.0,-5.564149418979911,0.0069,69,0.9931,1.046134532900931,9559,1,9133,0.1138611868994563,False,0.0041672089719213,47,archived_rho_0.5_unchanged,-11.821853868217438,False,ok,
6,Normal,10000,5,0.5,fresh_n,2,2026106702,,-1.0,6.257704449237527,False,27,inf,0.0,0.0,0.0,False,0.0,0.0012,0.953,0.0437,0.0021,0.0,0.0,-5.590773695293929,0.0078,78,0.9922,1.0372368011617052,9641,1,9298,0.1036486788564451,False,0.0041647920152172,47,archived_rho_0.5_unchanged,-11.848478144531455,False,ok,
6,Normal,10000,5,0.5,fresh_n,2,2026106702,,-1.0,6.257704449237527,False,28,inf,0.0,0.0,0.0,False,0.0,0.0012,0.9607,0.0372,0.0009,0.0,0.0,-5.666826375516831,0.0041,41,0.9959,1.0327377878756585,9683,1,9375,0.0810556671539948,False,0.0040484589990228,47,archived_rho_0.5_unchanged,-11.924530824754358,False,ok,
6,Normal,10000,5,0.5,fresh_n,2,2026106702,,-1.0,6.257704449237527,False,29,inf,0.0,0.0,0.0,False,0.0,0.0012,0.9694,0.0286,0.0008,0.0,0.0,-5.4424931126710865,0.0027,27,0.9973,1.024380249948781,9762,1,9530,0.0560049470623233,False,0.0039604170015081,47,archived_rho_0.5_unchanged,-11.700197561908613,False,ok,
6,Normal,10000,5,0.5,fresh_n,2,2026106702,,-1.0,6.257704449237527,False,30,inf,0.0,0.0,0.0,False,0.0,0.0012,0.9722,0.0259,0.0007,0.0,0.0,-5.891764788175161,0.0028,28,0.9972,1.02291325695581,9776,1,9558,0.056878181395704,False,0.0039247919921763,47,archived_rho_0.5_unchanged,-12.149469237412688,False,ok,
6,Normal,10000,5,0.5,fresh_n,2,2026106702,,-1.0,6.257704449237527,False,31,inf,0.0,0.0,0.0,False,0.0,0.0012,0.9778,0.0209,0.0001,0.0,0.0,-6.3425537130493845,0.0018,18,0.9982,1.019160211985324,9812,1,9628,0.0457669279185377,False,0.0039219580357894,47,archived_rho_0.5_unchanged,-12.600258162286911,False,ok,
6,Normal,10000,5,0.5,fresh_n,2,2026106702,,-1.0,6.257704449237527,False,32,inf,0.0,0.0,0.0,False,0.0,0.0012,0.9755,0.0231,0.0002,0.0,0.0,-7.076428302091265,0.0015,15,0.9985,1.0164667615368976,9838,1,9678,0.0366680105455223,False,0.0038574579521082,47,archived_rho_0.5_unchanged,-13.334132751328791,False,ok,
6,Normal,10000,5,0.5,fresh_n,2,2026106702,,-1.0,6.257704449237527,False,33,inf,0.0,0.0,0.0,False,0.0,0.0012,0.9803,0.0183,0.0002,0.0,0.0,-6.314731027101411,0.0022,22,0.9978,1.0140959334753068,9861,1,9727,0.0364903331048096,False,0.0038494170294143,47,archived_rho_0.5_unchanged,-12.572435476338939,False,ok,
6,Normal,10000,5,0.5,fresh_n,2,2026106702,,-1.0,6.257704449237527,False,34,inf,0.0,0.0,0.0,False,0.0,0.0012,0.9847,0.0138,0.0003,0.0,0.0,-6.214652873658103,0.0024,24,0.9976,1.010611419909045,9895,1,9796,0.0291994626633708,False,0.0037791249924339,47,archived_rho_0.5_unchanged,-12.472357322895629,False,ok,
6,Normal,10000,5,0.5,fresh_n,2,2026106702,,-1.0,6.257704449237527,False,35,inf,0.0,0.0,0.0,False,0.0,0.0012,0.988,0.0106,0.0002,0.0,0.0,-7.906826678948523,0.0006,6,0.9994,1.0098969905069684,9902,1,9805,0.022592381624512,False,0.0038114580092951,47,archived_rho_0.5_unchanged,-14.164531128186049,False,ok,
6,Normal,10000,5,0.5,fresh_n,2,2026106702,,-1.0,6.257704449237527,False,36,inf,0.0,0.0,0.0,False,0.0,0.0012,0.986,0.0127,0.0001,0.0,0.0,-7.627581542155414,0.0005,5,0.9995,1.009387301907742,9907,1,9815,0.0206796084252885,False,0.0038075409829616,47,archived_rho_0.5_unchanged,-13.88528599139294,False,ok,
6,Normal,10000,5,0.5,fresh_n,2,2026106702,,-1.0,6.257704449237527,False,37,inf,0.0,0.0,0.0,False,0.0,0.0012,0.9884,0.0102,0.0002,0.0,0.0,-6.813925203155439,0.0007,7,0.9993,1.0068465565847764,9932,1,9865,0.0153935716087194,False,0.0037498329766094,47,archived_rho_0.5_unchanged,-13.071629652392966,False,ok,
6,Normal,10000,5,0.5,fresh_n,2,2026106702,,-1.0,6.257704449237527,False,38,inf,0.0,0.0,0.0,False,0.0,0.0012,0.9895,0.0092,0.0001,0.0,0.0,-6.249517198006018,0.0003,3,0.9997,1.0072522159548751,9928,1,9856,0.0144,False,0.003755000012461,47,archived_rho_0.5_unchanged,-12.507221647243544,False,ok,
6,Normal,10000,5,0.5,fresh_n,2,2026106702,,-1.0,6.257704449237527,False,39,inf,0.0,0.0,0.0,False,0.0,0.0012,0.9916,0.0072,0.0,0.0,0.0,-9.21169777038278,0.0003,3,0.9997,1.0049241282283188,9951,1,9902,0.0098,False,0.0037685840507037,47,archived_rho_0.5_unchanged,-15.469402219620306,False,ok,
6,Normal,10000,5,0.5,fresh_n,2,2026106702,,-1.0,6.257704449237527,False,40,inf,0.0,0.0,0.0,False,0.0,0.0012,0.9929,0.0059,0.0,0.0,0.0,-7.378664295938276,0.0001,1,0.9999,1.0047221943132725,9953,1,9906,0.0094,False,0.003747040987946,47,archived_rho_0.5_unchanged,-13.636368745175803,False,ok,
6,Normal,10000,5,0.5,fresh_n,3,2026106703,,-1.0,6.257704449237527,False,1,7.052157532688763,0.9982,0.9982,0.997899789978998,True,0.9982,0.0018,0.0,0.0,0.0,0.0,0.0,7.041352329092985,1.0,10000,0.0,10000.0,1,10000,0,1.0790351283031885,False,0.0044412499992176,47,archived_rho_0.5_unchanged,0.783647879855458,False,ok,
6,Normal,10000,5,0.5,fresh_n,3,2026106703,,-1.0,6.257704449237527,False,2,6.153975682109414,0.9544,0.9544,0.94989498949895,False,0.9544,0.0018,0.0,0.0,0.0438,0.0,0.0,6.098406271384936,1.0,10000,0.0,312.5,32,38,0,1.3323916484918787,False,0.0040689170127734,47,archived_rho_0.5_unchanged,-0.15929817785259104,False,ok,
6,Normal,10000,5,0.5,fresh_n,3,2026106703,,-1.0,6.257704449237527,False,3,5.880653594213151,0.8986,0.8966,0.8946894689468947,False,0.8986,0.0018,0.0045,0.0021,0.093,0.0,0.0,5.890129294220943,0.9968,9968,0.0031999999999999,90.9090909090909,110,1,20,1.4282065395986396,False,0.0042033749632537,47,archived_rho_0.5_unchanged,-0.367575155016584,False,ok,
6,Normal,10000,5,0.5,fresh_n,3,2026106703,,-1.0,6.257704449237527,False,4,5.596795112297785,0.8222,0.8129,0.8022802280228023,False,0.8222,0.0018,0.0082,0.0104,0.1574,0.0,0.0,5.534938815155708,0.9893,9893,0.0107,39.68253968253968,252,1,58,1.618615826028971,False,0.0042559580178931,47,archived_rho_0.5_unchanged,-0.7227656340818189,False,ok,
6,Normal,10000,5,0.5,fresh_n,3,2026106703,,-1.0,6.257704449237527,False,5,5.268944329405283,0.7195,0.7038,0.6963696369636964,False,0.7195,0.0018,0.0194,0.0204,0.2389,0.0,0.0,5.093398161212895,0.9738,9738,0.0262,20.66115702479339,484,1,138,1.875710945294544,False,0.0044719580328091,47,archived_rho_0.5_unchanged,-1.1643062880246315,False,ok,
6,Normal,10000,5,0.5,fresh_n,3,2026106703,,-1.0,6.257704449237527,False,6,4.909096912829358,0.5975,0.5754,0.5670567056705671,False,0.5975,0.0018,0.0456,0.0315,0.3236,0.0,0.0,4.6292809502887255,0.9451,9451,0.0548999999999999,12.12121212121212,825,1,296,2.083533095653664,False,0.0047882910002954,47,archived_rho_0.5_unchanged,-1.6284234989488011,False,ok,
6,Normal,10000,5,0.5,fresh_n,3,2026106703,,-1.0,6.257704449237527,False,7,4.511492349228515,0.4609,0.4225,0.4160167966406718,False,0.4609,0.0018,0.0665,0.0527,0.4181,0.0,0.0,4.085308029614304,0.919,9190,0.0809999999999999,8.285004142502071,1207,1,460,2.35876415836174,False,0.005023457983043,47,archived_rho_0.5_unchanged,-2.1723964196232224,False,ok,
6,Normal,10000,5,0.5,fresh_n,3,2026106703,,-1.0,6.257704449237527,False,8,4.108257310959878,0.3331,0.2896,0.2723455308938212,False,0.3331,0.0018,0.1121,0.0793,0.4737,0.0,0.0,3.4088442697256127,0.8717,8717,0.1282999999999999,5.724098454493418,1747,1,727,2.609437767148279,False,0.0053218340035527,47,archived_rho_0.5_unchanged,-2.848860179511914,False,ok,
6,Normal,10000,5,0.5,fresh_n,3,2026106703,,-1.0,6.257704449237527,False,9,3.6558737298104793,0.222,0.1686,0.1574685062987402,False,0.222,0.0018,0.1524,0.1044,0.5194,0.0,0.0,2.774053067093959,0.8185,8185,0.1815,4.273504273504273,2340,1,1069,2.7612458997851475,False,0.005613874993287,47,archived_rho_0.5_unchanged,-3.4836513821435675,False,ok,
6,Normal,10000,5,0.5,fresh_n,3,2026106703,,-1.0,6.257704449237527,False,10,3.1836004582412074,0.1388,0.0847,0.0749850029994001,False,0.1388,0.0018,0.2128,0.1372,0.5094,0.0,0.0,1.9811345687558568,0.7507,7507,0.2492999999999999,3.301419610432486,3029,1,1491,2.872668708160754,False,0.0058727080468088,47,archived_rho_0.5_unchanged,-4.27656988048167,False,ok,
6,Normal,10000,5,0.5,fresh_n,3,2026106703,,-1.0,6.257704449237527,False,11,2.643469234732457,0.0798,0.032,0.0245950809838032,False,0.0798,0.0018,0.281,0.1726,0.4648,0.0,0.0,1.2288330800734544,0.6718,6718,0.3282,2.6802465826856072,3731,1,1984,2.8562804610969854,False,0.0061111669638194,47,archived_rho_0.5_unchanged,-5.028871369164072,False,ok,
6,Normal,10000,5,0.5,fresh_n,3,2026106703,,-1.0,6.257704449237527,False,12,2.0154706303661674,0.0419,0.0098,0.0062987402519496,False,0.0419,0.0018,0.3602,0.1972,0.3989,0.0,0.0,0.4427879317463475,0.5921,5921,0.4079,2.2311468094600624,4482,1,2579,2.833234903435892,False,0.0062777919811196,47,archived_rho_0.5_unchanged,-5.814916517491179,False,ok,
6,Normal,10000,5,0.5,fresh_n,3,2026106703,,-1.0,6.257704449237527,False,13,1.5006087597981594,0.0206,0.0016,0.0005998800239952,False,0.0206,0.0018,0.441,0.2137,0.3229,0.0,0.0,-0.337092764842637,0.5062,5062,0.4938,1.9149751053236308,5222,1,3255,2.6466609013138194,False,0.0063843749812804,47,archived_rho_0.5_unchanged,-6.594797214080164,False,ok,
6,Normal,10000,5,0.5,fresh_n,3,2026106703,,-1.0,6.257704449237527,False,14,1.1184904071143595,0.0127,0.0,0.0,False,0.0127,0.0018,0.5188,0.2274,0.2393,0.0,0.0,-0.9637886020025012,0.3986,3986,0.6013999999999999,1.6742005692281936,5973,1,4006,2.2895012453224326,False,0.006279082968831,47,archived_rho_0.5_unchanged,-7.221493051240028,False,ok,
6,Normal,10000,5,0.5,fresh_n,3,2026106703,,-1.0,6.257704449237527,False,15,0.4013175693129774,0.0064,0.0,0.0,False,0.0064,0.0018,0.5973,0.2235,0.171,0.0,0.0,-1.5469539655933149,0.3196,3196,0.6804,1.5190642564180463,6583,1,4680,1.9578340204642473,False,0.0061398330144584,47,archived_rho_0.5_unchanged,-7.8046584148308416,False,ok,
6,Normal,10000,5,0.5,fresh_n,3,2026106703,,-1.0,6.257704449237527,False,16,-0.0828190992441239,0.0039,0.0,0.0,False,0.0039,0.0018,0.6613,0.215,0.118,0.0,0.0,-2.164111515861752,0.246,2460,0.754,1.397624039133473,7155,1,5380,1.650647123780045,False,0.0059013330028392,47,archived_rho_0.5_unchanged,-8.42181596509928,False,ok,
6,Normal,10000,5,0.5,fresh_n,3,2026106703,,-1.0,6.257704449237527,False,17,-0.7265494233329552,0.0019,0.0,0.0,False,0.0019,0.0018,0.7282,0.1921,0.076,0.0,0.0,-2.7098471407104827,0.1786,1786,0.8214,1.3007284079084287,7688,1,6086,1.3266326001802566,False,0.0056559999939054,47,archived_rho_0.5_unchanged,-8.967551589948009,False,ok,
6,Normal,10000,5,0.5,fresh_n,3,2026106703,,-1.0,6.257704449237527,False,18,-0.956813245366876,0.0009,0.0,0.0,False,0.0009,0.0018,0.7714,0.1741,0.0518,0.0,0.0,-2.985110545813614,0.1234,1234,0.8766,1.226241569589209,8155,1,6788,0.9581612567839816,False,0.0053059579804539,47,archived_rho_0.5_unchanged,-9.242814995051141,False,ok,
6,Normal,10000,5,0.5,fresh_n,3,2026106703,,-1.0,6.257704449237527,False,19,-1.2716504951190906,0.0005,0.0,0.0,False,0.0005,0.0018,0.8137,0.1521,0.0319,0.0,0.0,-3.691901530457226,0.0841,841,0.9159,1.1791062374719965,8481,1,7250,0.7441081476501851,False,0.005155791004654,47,archived_rho_0.5_unchanged,-9.949605979694752,False,ok,
6,Normal,10000,5,0.5,fresh_n,3,2026106703,,-1.0,6.257704449237527,False,20,inf,0.0,0.0,0.0,False,0.0,0.0018,0.8518,0.1233,0.0231,0.0,0.0,-3.771862606910924,0.0654,654,0.9346,1.1435105774728416,8745,1,7712,0.5680721426841924,False,0.0048730000271461,47,archived_rho_0.5_unchanged,-10.029567056148451,False,ok,
6,Normal,10000,5,0.5,fresh_n,3,2026106703,,-1.0,6.257704449237527,False,21,inf,0.0,0.0,0.0,False,0.0,0.0018,0.8761,0.1065,0.0156,0.0,0.0,-4.294110181823868,0.0383,383,0.9617,1.1111111111111112,9000,1,8121,0.3956040042536486,False,0.0046603750088252,47,archived_rho_0.5_unchanged,-10.551814631061394,False,ok,
6,Normal,10000,5,0.5,fresh_n,3,2026106703,,-1.0,6.257704449237527,False,22,-3.3938347248871374,0.0001,0.0,0.0,False,0.0001,0.0018,0.8982,0.0911,0.0088,0.0,0.0,-4.519310675062846,0.0264,264,0.9736,1.0861301183881829,9207,1,8496,0.2810339751335055,False,0.0045398750226013,47,archived_rho_0.5_unchanged,-10.777015124300373,False,ok,
6,Normal,10000,5,0.5,fresh_n,3,2026106703,,-1.0,6.257704449237527,False,23,-1.1148357216674654,0.0002,0.0,0.0,False,0.0002,0.0018,0.9192,0.0709,0.0079,0.0,0.0,-4.548466097955677,0.0233,233,0.9767,1.0744600838078866,9307,1,8682,0.2533218405529159,False,0.0044260409777052,47,archived_rho_0.5_unchanged,-10.806170547193204,False,ok,
6,Normal,10000,5,0.5,fresh_n,3,2026106703,,-1.0,6.257704449237527,False,24,inf,0.0,0.0,0.0,False,0.0,0.0018,0.9269,0.0667,0.0046,0.0,0.0,-5.685134304086773,0.0136,136,0.9864,1.0598834128245893,9435,1,8905,0.1776026951191762,False,0.0042739999480545,47,archived_rho_0.5_unchanged,-11.942838753324299,False,ok,
6,Normal,10000,5,0.5,fresh_n,3,2026106703,,-1.0,6.257704449237527,False,25,inf,0.0,0.0,0.0,False,0.0,0.0018,0.9432,0.0511,0.0039,0.0,0.0,-5.0363712173219115,0.0103,103,0.9897,1.048987726843596,9533,1,9092,0.1404176734764956,False,0.0042081660358235,47,archived_rho_0.5_unchanged,-11.294075666559438,False,ok,
6,Normal,10000,5,0.5,fresh_n,3,2026106703,,-1.0,6.257704449237527,False,26,inf,0.0,0.0,0.0,False,0.0,0.0018,0.9525,0.0441,0.0016,0.0,0.0,-5.531255878627039,0.0066,66,0.9934,1.0417751849150954,9599,1,9213,0.1070760763584557,False,0.0041278339922428,47,archived_rho_0.5_unchanged,-11.788960327864565,False,ok,
6,Normal,10000,5,0.5,fresh_n,3,2026106703,,-1.0,6.257704449237527,False,27,inf,0.0,0.0,0.0,False,0.0,0.0018,0.964,0.0323,0.0019,0.0,0.0,-5.818109440422772,0.0057,57,0.9943,1.0339123242349049,9672,1,9359,0.0900082651301799,False,0.0040414999821223,47,archived_rho_0.5_unchanged,-12.0758138896603,False,ok,
6,Normal,10000,5,0.5,fresh_n,3,2026106703,,-1.0,6.257704449237527,False,28,inf,0.0,0.0,0.0,False,0.0,0.0018,0.965,0.0321,0.0011,0.0,0.0,-6.375037746198716,0.0033,33,0.9967,1.0313531353135317,9696,1,9398,0.0732640056067159,False,0.0040084579959511,47,archived_rho_0.5_unchanged,-12.632742195436244,False,ok,
6,Normal,10000,5,0.5,fresh_n,3,2026106703,,-1.0,6.257704449237527,False,29,inf,0.0,0.0,0.0,False,0.0,0.0018,0.9721,0.0251,0.001,0.0,0.0,-5.995016722187557,0.0037,37,0.9963,1.0237510237510237,9768,1,9542,0.0566671728855921,False,0.0039607500075362,47,archived_rho_0.5_unchanged,-12.252721171425083,False,ok,
6,Normal,10000,5,0.5,fresh_n,3,2026106703,,-1.0,6.257704449237527,False,30,inf,0.0,0.0,0.0,False,0.0,0.0018,0.9727,0.0249,0.0006,0.0,0.0,-6.456354968944481,0.0033,33,0.9967,1.0214504596527068,9790,1,9587,0.0555882075401861,False,0.0038931659655645,47,archived_rho_0.5_unchanged,-12.714059418182007,False,ok,
6,Normal,10000,5,0.5,fresh_n,3,2026106703,,-1.0,6.257704449237527,False,31,inf,0.0,0.0,0.0,False,0.0,0.0018,0.9804,0.0174,0.0004,0.0,0.0,-5.984833691001287,0.0023,23,0.9977,1.017293997965412,9830,1,9664,0.041844169503952,False,0.0038741250173188,47,archived_rho_0.5_unchanged,-12.242538140238814,False,ok,
6,Normal,10000,5,0.5,fresh_n,3,2026106703,,-1.0,6.257704449237527,False,32,inf,0.0,0.0,0.0,False,0.0,0.0018,0.9778,0.0201,0.0003,0.0,0.0,-6.598425123015073,0.0016,16,0.9984,1.015228426395939,9850,1,9703,0.0351603171234784,False,0.0038482919917441,47,archived_rho_0.5_unchanged,-12.856129572252598,False,ok,
6,Normal,10000,5,0.5,fresh_n,3,2026106703,,-1.0,6.257704449237527,False,33,inf,0.0,0.0,0.0,False,0.0,0.0018,0.9848,0.0133,0.0001,0.0,0.0,-5.844389540129702,0.0016,16,0.9984,1.012965964343598,9872,1,9747,0.0312022578384176,False,0.0038476249901577,47,archived_rho_0.5_unchanged,-12.10209398936723,False,ok,
6,Normal,10000,5,0.5,fresh_n,3,2026106703,,-1.0,6.257704449237527,False,34,inf,0.0,0.0,0.0,False,0.0,0.0018,0.9856,0.0124,0.0002,0.0,0.0,-7.407416051000155,0.0017,17,0.9983,1.011326860841424,9888,1,9777,0.0240696414887919,False,0.0038129999884404,47,archived_rho_0.5_unchanged,-13.66512050023768,False,ok,
6,Normal,10000,5,0.5,fresh_n,3,2026106703,,-1.0,6.257704449237527,False,35,inf,0.0,0.0,0.0,False,0.0,0.0018,0.9868,0.0113,0.0001,0.0,0.0,-9.440823182037752,0.0009,9,0.9991,1.0103051121438675,9898,1,9796,0.0203999999999999,False,0.003787875000853,47,archived_rho_0.5_unchanged,-15.69852763127528,False,ok,
6,Normal,10000,5,0.5,fresh_n,3,2026106703,,-1.0,6.257704449237527,False,36,inf,0.0,0.0,0.0,False,0.0,0.0018,0.9887,0.0095,0.0,0.0,0.0,-8.129487318089001,0.0008,8,0.9992,1.0083694665725522,9917,1,9835,0.018534267741951,False,0.0037732920027337,47,archived_rho_0.5_unchanged,-14.387191767326527,False,ok,
6,Normal,10000,5,0.5,fresh_n,3,2026106703,,-1.0,6.257704449237527,False,37,inf,0.0,0.0,0.0,False,0.0,0.0018,0.9896,0.0084,0.0002,0.0,0.0,-8.2048208640758,0.0007,7,0.9993,1.0070493454179257,9930,1,9862,0.0168263196300993,False,0.0037695000064559,47,archived_rho_0.5_unchanged,-14.462525313313325,False,ok,
6,Normal,10000,5,0.5,fresh_n,3,2026106703,,-1.0,6.257704449237527,False,38,inf,0.0,0.0,0.0,False,0.0,0.0018,0.9915,0.0067,0.0,0.0,0.0,-9.585670227758492,0.0003,3,0.9997,1.0067451927917044,9933,1,9866,0.0134,False,0.0037773340009152,47,archived_rho_0.5_unchanged,-15.843374676996017,False,ok,
6,Normal,10000,5,0.5,fresh_n,3,2026106703,,-1.0,6.257704449237527,False,39,inf,0.0,0.0,0.0,False,0.0,0.0018,0.9925,0.0056,0.0001,0.0,0.0,-11.289349897026312,0.0004,4,0.9996,1.0055304172951232,9945,1,9891,0.0123332724086119,False,0.00373799999943,47,archived_rho_0.5_unchanged,-17.547054346263838,False,ok,
6,Normal,10000,5,0.5,fresh_n,3,2026106703,,-1.0,6.257704449237527,False,40,inf,0.0,0.0,0.0,False,0.0,0.0018,0.9936,0.0045,0.0001,0.0,0.0,-8.278670470978982,0.0007,7,0.9993,1.0058338362502517,9942,1,9885,0.0135749614187865,False,0.0037493329728022,47,archived_rho_0.5_unchanged,-14.53637492021651,False,ok,
6,Normal,10000,5,0.5,fresh_n,4,2026106704,,-1.0,6.257704449237527,False,1,7.088415999237756,0.9985,0.9985,0.9979004199160167,True,0.9985,0.0015,0.0,0.0,0.0,0.0,0.0,7.075836124724873,1.0,10000,0.0,10000.0,1,10000,0,1.080225960642551,False,0.0044654160155914,47,archived_rho_0.5_unchanged,0.8181316754873462,False,ok,
6,Normal,10000,5,0.5,fresh_n,4,2026106704,,-1.0,6.257704449237527,False,2,6.1741535172680555,0.952,0.952,0.9516951695169515,False,0.952,0.0015,0.0,0.0,0.0465,0.0,0.0,6.11425141723939,1.0,10000,0.0,312.5,32,39,0,1.3401191123242495,False,0.0042094999807886,47,archived_rho_0.5_unchanged,-0.14345303199813664,False,ok,
6,Normal,10000,5,0.5,fresh_n,4,2026106704,,-1.0,6.257704449237527,False,3,5.924970840822092,0.9048,0.9021,0.8959208158368326,False,0.9048,0.0015,0.0032,0.0017,0.0888,0.0,0.0,5.926657497657326,0.9961,9961,0.0039,95.23809523809524,105,1,20,1.403864901969747,False,0.0041237499681301,47,archived_rho_0.5_unchanged,-0.33104695158020103,False,ok,
6,Normal,10000,5,0.5,fresh_n,4,2026106704,,-1.0,6.257704449237527,False,4,5.640172525348884,0.8361,0.8261,0.8143371325734853,False,0.8361,0.0015,0.0093,0.0082,0.1449,0.0,0.0,5.564698424900227,0.9877,9877,0.0122999999999999,39.0625,256,1,52,1.601431114587372,False,0.0043322499841451,47,archived_rho_0.5_unchanged,-0.6930060243372997,False,ok,
6,Normal,10000,5,0.5,fresh_n,4,2026106704,,-1.0,6.257704449237527,False,5,5.321878741531046,0.731,0.7159,0.7065706570657065,False,0.731,0.0015,0.0199,0.0175,0.2301,0.0,0.0,5.1902165563639935,0.9747,9747,0.0252999999999999,21.41327623126338,467,1,149,1.8419144088192752,False,0.0044751249952241,47,archived_rho_0.5_unchanged,-1.0674878928735332,False,ok,
6,Normal,10000,5,0.5,fresh_n,4,2026106704,,-1.0,6.257704449237527,False,6,4.9665306888303835,0.6173,0.5915,0.5656868626274745,False,0.6173,0.0015,0.0377,0.0276,0.3159,0.0,0.0,4.712810467596971,0.9536,9536,0.0464,13.003901170351105,769,1,287,2.071211401719661,False,0.0049040829762816,47,archived_rho_0.5_unchanged,-1.5448939816405556,False,ok,
6,Normal,10000,5,0.5,fresh_n,4,2026106704,,-1.0,6.257704449237527,False,7,4.593317799604532,0.4864,0.4527,0.4349130173965207,False,0.4864,0.0015,0.0635,0.0473,0.4013,0.0,0.0,4.15146739005516,0.9263,9263,0.0736999999999999,8.76424189307625,1141,1,410,2.357188127926624,False,0.005062042037025,47,archived_rho_0.5_unchanged,-2.1062370591823667,False,ok,
6,Normal,10000,5,0.5,fresh_n,4,2026106704,,-1.0,6.257704449237527,False,8,4.213508930523731,0.3667,0.3234,0.3093309330933093,False,0.3667,0.0015,0.0988,0.0717,0.4613,0.0,0.0,3.570033550619943,0.8798,8798,0.1201999999999999,6.053268765133172,1652,1,691,2.553818505216089,False,0.0053355830023065,47,archived_rho_0.5_unchanged,-2.6876708986175837,False,ok,
6,Normal,10000,5,0.5,fresh_n,4,2026106704,,-1.0,6.257704449237527,False,9,3.74256760372986,0.2536,0.1951,0.1769646070785842,False,0.2536,0.0015,0.1432,0.0951,0.5066,0.0,0.0,2.8541917577916593,0.8355,8355,0.1644999999999999,4.5167118337850045,2214,1,998,2.7463844073116426,False,0.0056845829822123,47,archived_rho_0.5_unchanged,-3.4035126914458673,False,ok,
6,Normal,10000,5,0.5,fresh_n,4,2026106704,,-1.0,6.257704449237527,False,10,3.3202981306694253,0.1658,0.109,0.0918091809180918,False,0.1658,0.0015,0.1939,0.1288,0.51,0.0,0.0,2.165051475797248,0.7681,7681,0.2319,3.483106931382794,2871,1,1418,2.851177439499686,False,0.0058072080137208,47,archived_rho_0.5_unchanged,-4.092652973440279,False,ok,
6,Normal,10000,5,0.5,fresh_n,4,2026106704,,-1.0,6.257704449237527,False,11,2.8140575409790825,0.1039,0.0478,0.0426042604260426,False,0.1039,0.0015,0.2522,0.1707,0.4717,0.0,0.0,1.4300616883672737,0.6966,6966,0.3034,2.8019052956010086,3569,1,1901,2.8705426743069262,False,0.0060636249836534,47,archived_rho_0.5_unchanged,-4.827642760870253,False,ok,
6,Normal,10000,5,0.5,fresh_n,4,2026106704,,-1.0,6.257704449237527,False,12,2.3201053111355505,0.0578,0.0158,0.0137972405518896,False,0.0578,0.0015,0.3335,0.1926,0.4146,0.0,0.0,0.6866668013706654,0.6072,6072,0.3928,2.325040688212044,4301,1,2443,2.782960472929327,False,0.0062685830052942,47,archived_rho_0.5_unchanged,-5.571037647866861,False,ok,
6,Normal,10000,5,0.5,fresh_n,4,2026106704,,-1.0,6.257704449237527,False,13,1.7307995947925368,0.0317,0.003,0.0011997600479904,False,0.0317,0.0015,0.4134,0.2058,0.3476,0.0,0.0,-0.0667982927888996,0.5189,5189,0.4810999999999999,1.9845207382417147,5039,1,3066,2.624660322390213,False,0.0063249999657273,47,archived_rho_0.5_unchanged,-6.324502742026426,False,ok,
6,Normal,10000,5,0.5,fresh_n,4,2026106704,,-1.0,6.257704449237527,False,14,1.300854520281253,0.0138,0.0002,0.0,False,0.0138,0.0015,0.484,0.2241,0.2766,0.0,0.0,-0.7430075437969994,0.4435,4435,0.5565,1.7627357659086902,5673,1,3688,2.4564831052640512,False,0.0063052079640328,47,archived_rho_0.5_unchanged,-7.0007119930345265,False,ok,
6,Normal,10000,5,0.5,fresh_n,4,2026106704,,-1.0,6.257704449237527,False,15,0.7023695216929181,0.0064,0.0002,0.0,False,0.0064,0.0015,0.5609,0.2234,0.2078,0.0,0.0,-1.4904238208235898,0.349,3490,0.651,1.57035175879397,6368,1,4423,2.106444186780154,False,0.0064245000248774,47,archived_rho_0.5_unchanged,-7.748128270061116,False,ok,
6,Normal,10000,5,0.5,fresh_n,4,2026106704,,-1.0,6.257704449237527,False,16,0.6188066957973928,0.0026,0.0,0.0,False,0.0026,0.0015,0.6309,0.2275,0.1375,0.0,0.0,-1.9691933235953152,0.2758,2758,0.7242,1.4415453366008362,6937,1,5104,1.8010684050873282,False,0.006109333015047,47,archived_rho_0.5_unchanged,-8.226897772832842,False,ok,
6,Normal,10000,5,0.5,fresh_n,4,2026106704,,-1.0,6.257704449237527,False,17,-0.1548905855559824,0.0021,0.0,0.0,False,0.0021,0.0015,0.6895,0.2084,0.0985,0.0,0.0,-2.369783068385182,0.1993,1993,0.8007,1.3349352556401015,7491,1,5832,1.4037069294881397,False,0.0058575409930199,47,archived_rho_0.5_unchanged,-8.627487517622708,False,ok,
6,Normal,10000,5,0.5,fresh_n,4,2026106704,,-1.0,6.257704449237527,False,18,-0.9647562522950716,0.0009,0.0,0.0,False,0.0009,0.0015,0.7469,0.188,0.0627,0.0,0.0,-2.9673013390542553,0.1488,1488,0.8512,1.2626262626262623,7920,1,6429,1.119705338050108,False,0.0056665409938432,47,archived_rho_0.5_unchanged,-9.225005788291782,False,ok,
6,Normal,10000,5,0.5,fresh_n,4,2026106704,,-1.0,6.257704449237527,False,19,-0.4944760257541508,0.0004,0.0,0.0,False,0.0004,0.0015,0.7896,0.1644,0.0441,0.0,0.0,-3.293132195857707,0.104,1040,0.896,1.2075836251660428,8281,1,6956,0.8581321404687838,False,0.0054126660106703,47,archived_rho_0.5_unchanged,-9.550836645095234,False,ok,
6,Normal,10000,5,0.5,fresh_n,4,2026106704,,-1.0,6.257704449237527,False,20,-1.918880069153736,0.0001,0.0,0.0,False,0.0001,0.0015,0.8289,0.1387,0.0308,0.0,0.0,-3.59706401578528,0.0805,805,0.9195,1.16427989288625,8589,1,7466,0.7033169430331057,False,0.0053222919814288,47,archived_rho_0.5_unchanged,-9.854768465022806,False,ok,
6,Normal,10000,5,0.5,fresh_n,4,2026106704,,-1.0,6.257704449237527,False,21,inf,0.0,0.0,0.0,False,0.0,0.0015,0.862,0.1156,0.0209,0.0,0.0,-4.026178514631205,0.0535,535,0.9465,1.128413450688332,8862,1,7903,0.4971034512925821,False,0.0048681250191293,47,archived_rho_0.5_unchanged,-10.28388296386873,False,ok,
6,Normal,10000,5,0.5,fresh_n,4,2026106704,,-1.0,6.257704449237527,False,22,-1.537075541216304,0.0002,0.0,0.0,False,0.0002,0.0015,0.8845,0.1004,0.0134,0.0,0.0,-4.274319569241617,0.0342,342,0.9658,1.1032656663724625,9064,1,8239,0.354554748665426,False,0.004657249955926,47,archived_rho_0.5_unchanged,-10.532024018479143,False,ok,
6,Normal,10000,5,0.5,fresh_n,4,2026106704,,-1.0,6.257704449237527,False,23,inf,0.0,0.0,0.0,False,0.0,0.0015,0.9036,0.0864,0.0085,0.0,0.0,-4.578035299514939,0.0253,253,0.9747,1.0844810758052272,9221,1,8514,0.2811312487308373,False,0.0045992080122232,47,archived_rho_0.5_unchanged,-10.835739748752466,False,ok,
6,Normal,10000,5,0.5,fresh_n,4,2026106704,,-1.0,6.257704449237527,False,24,inf,0.0,0.0,0.0,False,0.0,0.0015,0.9225,0.0696,0.0064,0.0,0.0,-4.562508059400199,0.0214,214,0.9786,1.0716964955524595,9331,1,8726,0.2390343858024867,False,0.0044425840023905,47,archived_rho_0.5_unchanged,-10.820212508637725,False,ok,
6,Normal,10000,5,0.5,fresh_n,4,2026106704,,-1.0,6.257704449237527,False,25,inf,0.0,0.0,0.0,False,0.0,0.0015,0.937,0.0571,0.0044,0.0,0.0,-4.714374132966432,0.0152,152,0.9848,1.0579771476936095,9452,1,8949,0.1807883777181191,False,0.0042709170375019,47,archived_rho_0.5_unchanged,-10.97207858220396,False,ok,
6,Normal,10000,5,0.5,fresh_n,4,2026106704,,-1.0,6.257704449237527,False,26,inf,0.0,0.0,0.0,False,0.0,0.0015,0.9428,0.0522,0.0035,0.0,0.0,-5.072437859649008,0.0132,132,0.9868,1.0475591870940708,9546,1,9131,0.1541664557208449,False,0.0041837919852696,47,archived_rho_0.5_unchanged,-11.330142308886535,False,ok,
6,Normal,10000,5,0.5,fresh_n,4,2026106704,,-1.0,6.257704449237527,False,27,inf,0.0,0.0,0.0,False,0.0,0.0015,0.9553,0.0406,0.0026,0.0,0.0,-5.793834402110114,0.0081,81,0.9919,1.038098204090107,9633,1,9286,0.1115422350855297,False,0.0041292919777333,47,archived_rho_0.5_unchanged,-12.05153885134764,False,ok,
6,Normal,10000,5,0.5,fresh_n,4,2026106704,,-1.0,6.257704449237527,False,28,inf,0.0,0.0,0.0,False,0.0,0.0015,0.9596,0.0367,0.0022,0.0,0.0,-5.764597292729472,0.0066,66,0.9934,1.03498240529911,9662,1,9340,0.0949534957394768,False,0.0041617919923737,47,archived_rho_0.5_unchanged,-12.022301741966999,False,ok,
6,Normal,10000,5,0.5,fresh_n,4,2026106704,,-1.0,6.257704449237527,False,29,inf,0.0,0.0,0.0,False,0.0,0.0015,0.9673,0.0298,0.0014,0.0,0.0,-5.768227198332442,0.0054,54,0.9946,1.0270103728047653,9737,1,9488,0.0742930322310713,False,0.0040355420205742,47,archived_rho_0.5_unchanged,-12.02593164756997,False,ok,
6,Normal,10000,5,0.5,fresh_n,4,2026106704,,-1.0,6.257704449237527,False,30,inf,0.0,0.0,0.0,False,0.0,0.0015,0.9743,0.0233,0.0009,0.0,0.0,-5.677303734118893,0.0029,29,0.9971,1.0221813349688236,9783,1,9573,0.0549387175049262,False,0.0039313749875873,47,archived_rho_0.5_unchanged,-11.93500818335642,False,ok,
6,Normal,10000,5,0.5,fresh_n,4,2026106704,,-1.0,6.257704449237527,False,31,inf,0.0,0.0,0.0,False,0.0,0.0015,0.976,0.0221,0.0004,0.0,0.0,-6.29865214087621,0.004,40,0.996,1.0214504596527068,9790,1,9588,0.0595653173914709,False,0.0039302089717239,47,archived_rho_0.5_unchanged,-12.556356590113737,False,ok,
6,Normal,10000,5,0.5,fresh_n,4,2026106704,,-1.0,6.257704449237527,False,32,inf,0.0,0.0,0.0,False,0.0,0.0015,0.9822,0.0158,0.0005,0.0,0.0,-6.085978078458164,0.002,20,0.998,1.015950421619425,9843,1,9689,0.036371472879523,False,0.0039048750186339,47,archived_rho_0.5_unchanged,-12.343682527695691,False,ok,
6,Normal,10000,5,0.5,fresh_n,4,2026106704,,-1.0,6.257704449237527,False,33,inf,0.0,0.0,0.0,False,0.0,0.0015,0.9812,0.0169,0.0004,0.0,0.0,-8.345174833025595,0.001,10,0.999,1.0149193139145438,9853,1,9707,0.0309598788944906,False,0.0038573339697904,47,archived_rho_0.5_unchanged,-14.602879282263121,False,ok,
6,Normal,10000,5,0.5,fresh_n,4,2026106704,,-1.0,6.257704449237527,False,34,inf,0.0,0.0,0.0,False,0.0,0.0015,0.9835,0.0145,0.0005,0.0,0.0,-6.263556407994186,0.0019,19,0.9981,1.0133765707336846,9868,1,9740,0.0330468394140378,False,0.0038152090273797,47,archived_rho_0.5_unchanged,-12.521260857231713,False,ok,
6,Normal,10000,5,0.5,fresh_n,4,2026106704,,-1.0,6.257704449237527,False,35,inf,0.0,0.0,0.0,False,0.0,0.0015,0.9883,0.0098,0.0004,0.0,0.0,-6.838756542059135,0.002,20,0.998,1.010815728292732,9893,1,9790,0.0291196507545204,False,0.0038227080367505,47,archived_rho_0.5_unchanged,-13.096460991296663,False,ok,
6,Normal,10000,5,0.5,fresh_n,4,2026106704,,-1.0,6.257704449237527,False,36,inf,0.0,0.0,0.0,False,0.0,0.0015,0.9866,0.0115,0.0004,0.0,0.0,-6.739005164197451,0.002,20,0.998,1.010407194099222,9897,1,9798,0.0273565419726782,False,0.0039614589768461,47,archived_rho_0.5_unchanged,-12.996709613434977,False,ok,
6,Normal,10000,5,0.5,fresh_n,4,2026106704,,-1.0,6.257704449237527,False,37,inf,0.0,0.0,0.0,False,0.0,0.0015,0.9901,0.0083,0.0001,0.0,0.0,-6.209277271315482,0.0015,15,0.9985,1.0095911155981827,9905,1,9813,0.0246020216284173,False,0.0039807920111343,47,archived_rho_0.5_unchanged,-12.466981720553008,False,ok,
6,Normal,10000,5,0.5,fresh_n,4,2026106704,,-1.0,6.257704449237527,False,38,inf,0.0,0.0,0.0,False,0.0,0.0015,0.9903,0.0082,0.0,0.0,0.0,-8.014794035786363,0.001,10,0.999,1.0085728693898135,9915,1,9831,0.0189552293653594,False,0.0038554159691557,47,archived_rho_0.5_unchanged,-14.272498485023888,False,ok,
6,Normal,10000,5,0.5,fresh_n,4,2026106704,,-1.0,6.257704449237527,False,39,inf,0.0,0.0,0.0,False,0.0,0.0015,0.9913,0.0072,0.0,0.0,0.0,-6.802424099327744,0.0003,3,0.9997,1.00664384940608,9934,1,9868,0.0132,False,0.003846459032502,47,archived_rho_0.5_unchanged,-13.06012854856527,False,ok,
6,Normal,10000,5,0.5,fresh_n,4,2026106704,,-1.0,6.257704449237527,False,40,inf,0.0,0.0,0.0,False,0.0,0.0015,0.9915,0.0067,0.0003,0.0,0.0,-8.126833699874275,0.0008,8,0.9992,1.0065425264217414,9935,1,9872,0.0163985756287446,False,0.0038977079675532,47,archived_rho_0.5_unchanged,-14.384538149111801,False,ok,
6,Normal,10000,5,0.5,fresh_n,5,2026106705,,-1.0,6.257704449237527,False,1,7.097385487808911,0.9984,0.9984,0.9963996399639964,True,0.9984,0.0016,0.0,0.0,0.0,0.0,0.0,7.085591531769696,1.0,10000,0.0,10000.0,1,10000,0,1.0778941486539522,False,0.0044670419883914,47,archived_rho_0.5_unchanged,0.8278870825321691,False,ok,
6,Normal,10000,5,0.5,fresh_n,5,2026106705,,-1.0,6.257704449237527,False,2,6.156387401832152,0.955,0.955,0.9504950495049505,False,0.955,0.0016,0.0,0.0,0.0434,0.0,0.0,6.103601946031823,1.0,10000,0.0,312.5,32,69,0,1.3359950929905435,False,0.0042308749980293,47,archived_rho_0.5_unchanged,-0.15410250320570373,False,ok,
6,Normal,10000,5,0.5,fresh_n,5,2026106705,,-1.0,6.257704449237527,False,3,5.913675149168427,0.9037,0.9014,0.8970897089708971,False,0.9037,0.0016,0.0026,0.0024,0.0897,0.0,0.0,5.897171948738713,0.997,9970,0.003,94.33962264150944,106,1,17,1.4315141718360611,False,0.0040941250044852,47,archived_rho_0.5_unchanged,-0.360532500498814,False,ok,
6,Normal,10000,5,0.5,fresh_n,5,2026106705,,-1.0,6.257704449237527,False,4,5.602866772303091,0.8247,0.8111,0.8001800180018002,False,0.8247,0.0016,0.0118,0.0103,0.1516,0.0,0.0,5.506694753824274,0.9859,9859,0.0141,35.3356890459364,283,1,61,1.6482170784008134,False,0.004335000005085,47,archived_rho_0.5_unchanged,-0.751009695413253,False,ok,
6,Normal,10000,5,0.5,fresh_n,5,2026106705,,-1.0,6.257704449237527,False,5,5.278322958771763,0.721,0.7071,0.6813681368136814,False,0.721,0.0016,0.0213,0.0185,0.2376,0.0,0.0,5.100124971576661,0.9741,9741,0.0259,20.40816326530612,490,1,139,1.8785737614721305,False,0.0044749170192517,47,archived_rho_0.5_unchanged,-1.1575794776608657,False,ok,
6,Normal,10000,5,0.5,fresh_n,5,2026106705,,-1.0,6.257704449237527,False,6,4.917626703964652,0.5898,0.5655,0.5217521752175217,False,0.5898,0.0016,0.0413,0.0317,0.3356,0.0,0.0,4.639467112339402,0.9476,9476,0.0524,11.990407673860911,834,1,307,2.1284747787909404,False,0.0046376250102184,47,archived_rho_0.5_unchanged,-1.618237336898125,False,ok,
6,Normal,10000,5,0.5,fresh_n,5,2026106705,,-1.0,6.257704449237527,False,7,4.506586875905115,0.454,0.413,0.3786378637863786,False,0.454,0.0016,0.0605,0.058,0.4259,0.0,0.0,3.987096327568524,0.9231,9231,0.0768999999999999,8.19672131147541,1220,1,439,2.4391202192736707,False,0.0051290420233272,47,archived_rho_0.5_unchanged,-2.2706081216690026,False,ok,
6,Normal,10000,5,0.5,fresh_n,5,2026106705,,-1.0,6.257704449237527,False,8,4.0942894941125925,0.3335,0.2882,0.2391239123912391,False,0.3335,0.0016,0.1067,0.081,0.4772,0.0,0.0,3.361642071969237,0.8716,8716,0.1283999999999999,5.662514156285391,1766,1,702,2.632287657201892,False,0.0054347499972209,47,archived_rho_0.5_unchanged,-2.8960623772682896,False,ok,
6,Normal,10000,5,0.5,fresh_n,5,2026106705,,-1.0,6.257704449237527,False,9,3.6339781256435297,0.2225,0.1685,0.1467146714671467,False,0.2225,0.0016,0.1603,0.1053,0.5103,0.0,0.0,2.6301880888000695,0.814,8140,0.186,4.127115146512588,2423,1,1122,2.8051488328336425,False,0.0056515000178478,47,archived_rho_0.5_unchanged,-3.627516360437457,False,ok,
6,Normal,10000,5,0.5,fresh_n,5,2026106705,,-1.0,6.257704449237527,False,10,3.1780683871225963,0.141,0.0833,0.0576057605760576,False,0.141,0.0016,0.2158,0.1354,0.5062,0.0,0.0,1.8974983622821744,0.7465,7465,0.2534999999999999,3.2144005143040824,3111,1,1569,2.904684825406656,False,0.0060898750089108,47,archived_rho_0.5_unchanged,-4.360206086955352,False,ok,
6,Normal,10000,5,0.5,fresh_n,5,2026106705,,-1.0,6.257704449237527,False,11,2.6117217829571295,0.0803,0.0326,0.0189018901890189,False,0.0803,0.0016,0.2751,0.1816,0.4614,0.0,0.0,1.10848494865454,0.6629,6629,0.3370999999999999,2.599428125812321,3847,1,2067,2.863096071065385,False,0.0062922500073909,47,archived_rho_0.5_unchanged,-5.149219500582987,False,ok,
6,Normal,10000,5,0.5,fresh_n,5,2026106705,,-1.0,6.257704449237527,False,12,2.120932858576291,0.0433,0.0061,0.0042004200420042,False,0.0433,0.0016,0.3655,0.1992,0.3904,0.0,0.0,0.3246684007118276,0.5691,5691,0.4308999999999999,2.155636990730761,4639,1,2726,2.7343945910274106,False,0.0063812499865889,47,archived_rho_0.5_unchanged,-5.933036048525699,False,ok,
6,Normal,10000,5,0.5,fresh_n,5,2026106705,,-1.0,6.257704449237527,False,13,1.524491024850601,0.0191,0.0014,0.0006000600060006,False,0.0191,0.0016,0.4454,0.216,0.3179,0.0,0.0,-0.3913157669494109,0.4704,4704,0.5296000000000001,1.856665428889714,5386,1,3386,2.4916981180849924,False,0.0064560419996269,47,archived_rho_0.5_unchanged,-6.649020216186938,False,ok,
6,Normal,10000,5,0.5,fresh_n,5,2026106705,,-1.0,6.257704449237527,False,14,1.1117440490592083,0.0117,0.0002,0.0,False,0.0117,0.0016,0.5267,0.2169,0.2431,0.0,0.0,-1.0183234091682072,0.3853,3853,0.6147,1.6493485073396008,6063,1,4111,2.1963807591732256,False,0.0063807920087128,47,archived_rho_0.5_unchanged,-7.276027858405734,False,ok,
6,Normal,10000,5,0.5,fresh_n,5,2026106705,,-1.0,6.257704449237527,False,15,0.514390897505283,0.0054,0.0,0.0,False,0.0054,0.0016,0.5977,0.2333,0.162,0.0,0.0,-1.7365283327238643,0.296,2960,0.704,1.4896469536719796,6713,1,4806,1.862856157487833,False,0.0063413750031031,47,archived_rho_0.5_unchanged,-7.994232781961391,False,ok,
6,Normal,10000,5,0.5,fresh_n,5,2026106705,,-1.0,6.257704449237527,False,16,0.4145682534135597,0.0026,0.0,0.0,False,0.0026,0.0016,0.6651,0.2114,0.1193,0.0,0.0,-2.264288858450177,0.2283,2283,0.7717,1.372495196266813,7286,1,5552,1.5576125427569476,False,0.0059669169713743,47,archived_rho_0.5_unchanged,-8.521993307687703,False,ok,
6,Normal,10000,5,0.5,fresh_n,5,2026106705,,-1.0,6.257704449237527,False,17,-0.2140416714265628,0.0014,0.0,0.0,False,0.0014,0.0016,0.7288,0.192,0.0762,0.0,0.0,-2.773497689731065,0.17,1700,0.83,1.2883277505797477,7762,1,6207,1.245092900627301,False,0.0056793749681673,47,archived_rho_0.5_unchanged,-9.031202138968592,False,ok,
6,Normal,10000,5,0.5,fresh_n,5,2026106705,,-1.0,6.257704449237527,False,18,-0.6714969045636296,0.0008,0.0,0.0,False,0.0008,0.0016,0.7763,0.1694,0.0519,0.0,0.0,-3.0853087937115036,0.1162,1162,0.8838,1.2171372930866602,8216,1,6870,0.9190448342865896,False,0.0056038749753497,47,archived_rho_0.5_unchanged,-9.34301324294903,False,ok,
6,Normal,10000,5,0.5,fresh_n,5,2026106705,,-1.0,6.257704449237527,False,19,-2.1366109138070755,0.0001,0.0,0.0,False,0.0001,0.0016,0.8167,0.1469,0.0347,0.0,0.0,-3.548473999215175,0.0844,844,0.9156,1.1713716762328688,8537,1,7366,0.7184773564142075,False,0.0053331669769249,47,archived_rho_0.5_unchanged,-9.806178448452702,False,ok,
6,Normal,10000,5,0.5,fresh_n,5,2026106705,,-1.0,6.257704449237527,False,20,-0.7692511615065266,0.0002,0.0,0.0,False,0.0002,0.0016,0.8546,0.1228,0.0208,0.0,0.0,-3.924376166108038,0.0511,511,0.9489,1.1362345188046812,8801,1,7774,0.5007668211114403,False,0.0049809999763965,47,archived_rho_0.5_unchanged,-10.182080615345566,False,ok,
6,Normal,10000,5,0.5,fresh_n,5,2026106705,,-1.0,6.257704449237527,False,21,0.3159506650906977,0.0002,0.0,0.0,False,0.0002,0.0016,0.8821,0.1005,0.0156,0.0,0.0,-4.138534155227554,0.0421,421,0.9579,1.1097547442015314,9011,1,8167,0.4044985514627316,False,0.0047786249779164,47,archived_rho_0.5_unchanged,-10.396238604465081,False,ok,
6,Normal,10000,5,0.5,fresh_n,5,2026106705,,-1.0,6.257704449237527,False,22,inf,0.0,0.0,0.0,False,0.0,0.0016,0.8992,0.0915,0.0077,0.0,0.0,-4.358394754490087,0.0281,281,0.9719,1.0868383871318334,9201,1,8483,0.298667826990577,False,0.0045324999955482,47,archived_rho_0.5_unchanged,-10.616099203727615,False,ok,
6,Normal,10000,5,0.5,fresh_n,5,2026106705,,-1.0,6.257704449237527,False,23,inf,0.0,0.0,0.0,False,0.0,0.0016,0.9205,0.0712,0.0067,0.0,0.0,-4.956626766162209,0.0233,233,0.9767,1.072271070126528,9326,1,8719,0.2483762072829785,False,0.0044158329837955,47,archived_rho_0.5_unchanged,-11.214331215399735,False,ok,
6,Normal,10000,5,0.5,fresh_n,5,2026106705,,-1.0,6.257704449237527,False,24,inf,0.0,0.0,0.0,False,0.0,0.0016,0.9358,0.0575,0.0051,0.0,0.0,-4.935714075441064,0.013,130,0.987,1.0551862403714256,9477,1,8990,0.1654961538937433,False,0.0043220840161666,47,archived_rho_0.5_unchanged,-11.193418524678592,False,ok,
6,Normal,10000,5,0.5,fresh_n,5,2026106705,,-1.0,6.257704449237527,False,25,inf,0.0,0.0,0.0,False,0.0,0.0016,0.9417,0.0523,0.0044,0.0,0.0,-4.8065524308999,0.013,130,0.987,1.0499790004199916,9524,1,9087,0.160355274045995,False,0.0042959169950336,47,archived_rho_0.5_unchanged,-11.064256880137426,False,ok,
6,Normal,10000,5,0.5,fresh_n,5,2026106705,,-1.0,6.257704449237527,False,26,inf,0.0,0.0,0.0,False,0.0,0.0016,0.9543,0.0419,0.0022,0.0,0.0,-5.553153713473062,0.0058,58,0.9942,1.036591686534674,9647,1,9307,0.0946487900196015,False,0.0043372919899411,47,archived_rho_0.5_unchanged,-11.810858162710588,False,ok,
6,Normal,10000,5,0.5,fresh_n,5,2026106705,,-1.0,6.257704449237527,False,27,inf,0.0,0.0,0.0,False,0.0,0.0016,0.9618,0.0351,0.0015,0.0,0.0,-5.491140177921329,0.0067,67,0.9933,1.0315659170621003,9694,1,9406,0.093670412807432,False,0.0041142500122077,47,archived_rho_0.5_unchanged,-11.748844627158856,False,ok,
6,Normal,10000,5,0.5,fresh_n,5,2026106705,,-1.0,6.257704449237527,False,28,inf,0.0,0.0,0.0,False,0.0,0.0016,0.9638,0.0338,0.0008,0.0,0.0,-6.259683444771616,0.0042,42,0.9958,1.027221366204417,9735,1,9478,0.068340002435295,False,0.0040823750314302,47,archived_rho_0.5_unchanged,-12.517387894009143,False,ok,
6,Normal,10000,5,0.5,fresh_n,5,2026106705,,-1.0,6.257704449237527,False,29,inf,0.0,0.0,0.0,False,0.0,0.0016,0.9734,0.024,0.001,0.0,0.0,-5.830751747834678,0.0031,31,0.9969,1.0221813349688236,9783,1,9571,0.0524908035275296,False,0.0042262920178473,47,archived_rho_0.5_unchanged,-12.088456197072205,False,ok,
6,Normal,10000,5,0.5,fresh_n,5,2026106705,,-1.0,6.257704449237527,False,30,inf,0.0,0.0,0.0,False,0.0,0.0016,0.9749,0.0232,0.0003,0.0,0.0,-7.063638626624233,0.0014,14,0.9986,1.0180189351521938,9823,1,9647,0.0376299513427531,False,0.0041871250141412,47,archived_rho_0.5_unchanged,-13.321343075861758,False,ok,
6,Normal,10000,5,0.5,fresh_n,5,2026106705,,-1.0,6.257704449237527,False,31,inf,0.0,0.0,0.0,False,0.0,0.0016,0.9811,0.0168,0.0005,0.0,0.0,-5.220321675518408,0.0026,26,0.9974,1.0150223304912709,9852,1,9711,0.0407274308591111,False,0.0040334169752895,47,archived_rho_0.5_unchanged,-11.478026124755935,False,ok,
6,Normal,10000,5,0.5,fresh_n,5,2026106705,,-1.0,6.257704449237527,False,32,inf,0.0,0.0,0.0,False,0.0,0.0016,0.9827,0.0154,0.0003,0.0,0.0,-6.504584299211569,0.0013,13,0.9987,1.0124531740407006,9877,1,9756,0.0280603418858712,False,0.0038949170266278,47,archived_rho_0.5_unchanged,-12.762288748449095,False,ok,
6,Normal,10000,5,0.5,fresh_n,5,2026106705,,-1.0,6.257704449237527,False,33,inf,0.0,0.0,0.0,False,0.0,0.0016,0.9854,0.013,0.0,0.0,0.0,-6.269188183979233,0.0008,8,0.9992,1.012248203259439,9879,1,9758,0.0241999999999999,False,0.0039442500565201,47,archived_rho_0.5_unchanged,-12.526892633216761,False,ok,
6,Normal,10000,5,0.5,fresh_n,5,2026106705,,-1.0,6.257704449237527,False,34,inf,0.0,0.0,0.0,False,0.0,0.0016,0.9866,0.0117,0.0001,0.0,0.0,-5.112958594922857,0.001,10,0.999,1.0109179134654267,9892,1,9785,0.0235247781185052,False,0.0038767089718021,47,archived_rho_0.5_unchanged,-11.370663044160384,False,ok,
6,Normal,10000,5,0.5,fresh_n,5,2026106705,,-1.0,6.257704449237527,False,35,inf,0.0,0.0,0.0,False,0.0,0.0016,0.9893,0.0091,0.0,0.0,0.0,-6.418451142495546,0.0004,4,0.9996,1.0090817356205852,9910,1,9820,0.018,False,0.0039953330415301,47,archived_rho_0.5_unchanged,-12.676155591733073,False,ok,
6,Normal,10000,5,0.5,fresh_n,5,2026106705,,-1.0,6.257704449237527,False,36,inf,0.0,0.0,0.0,False,0.0,0.0016,0.9884,0.0099,0.0001,0.0,0.0,-6.825110569590439,0.0008,8,0.9992,1.0063399416322834,9937,1,9875,0.0149196205061191,False,0.0040157079929485,47,archived_rho_0.5_unchanged,-13.082815018827965,False,ok,
6,Normal,10000,5,0.5,fresh_n,5,2026106705,,-1.0,6.257704449237527,False,37,inf,0.0,0.0,0.0,False,0.0,0.0016,0.9904,0.0079,0.0001,0.0,0.0,-5.605186566431109,0.0007,7,0.9993,1.007658202337767,9924,1,9848,0.0152,False,0.0041192079661414,47,archived_rho_0.5_unchanged,-11.862891015668636,False,ok,
6,Normal,10000,5,0.5,fresh_n,5,2026106705,,-1.0,6.257704449237527,False,38,inf,0.0,0.0,0.0,False,0.0,0.0016,0.9915,0.0069,0.0,0.0,0.0,-5.975508694712914,0.0002,2,0.9998,1.0055304172951232,9945,1,9890,0.011,False,0.0038702500169165,47,archived_rho_0.5_unchanged,-12.23321314395044,False,ok,
6,Normal,10000,5,0.5,fresh_n,5,2026106705,,-1.0,6.257704449237527,False,39,inf,0.0,0.0,0.0,False,0.0,0.0016,0.9919,0.0065,0.0,0.0,0.0,-7.051430595970607,0.0007,7,0.9993,1.0047221943132725,9953,1,9906,0.0093999999999999,False,0.0038106249994598,47,archived_rho_0.5_unchanged,-13.309135045208134,False,ok,
6,Normal,10000,5,0.5,fresh_n,5,2026106705,,-1.0,6.257704449237527,False,40,inf,0.0,0.0,0.0,False,0.0,0.0016,0.9944,0.004,0.0,0.0,0.0,-9.560169242928897,0.0001,1,0.9999,1.003814495081309,9962,1,9924,0.0075999999999999,False,0.0037835830007679,47,archived_rho_0.5_unchanged,-15.817873692166422,False,ok,
6,Normal,10000,5,0.5,fresh_n,6,2026106706,,-1.0,6.257704449237527,False,1,7.090494685284068,0.9986,0.9986,0.9976004799040192,True,0.9986,0.0014,0.0,0.0,0.0,0.0,0.0,7.079491461433155,1.0,10000,0.0,10000.0,1,10000,0,1.0799468628398905,False,0.0045957909896969,47,archived_rho_0.5_unchanged,0.8217870121956281,False,ok,
6,Normal,10000,5,0.5,fresh_n,6,2026106706,,-1.0,6.257704449237527,False,2,6.143635651391159,0.9539,0.9539,0.9504950495049505,False,0.9539,0.0014,0.0,0.0,0.0447,0.0,0.0,6.092152126974171,1.0,10000,0.0,312.5,32,46,0,1.3405100811902848,False,0.0050683750305324,47,archived_rho_0.5_unchanged,-0.16555232226335548,False,ok,
6,Normal,10000,5,0.5,fresh_n,6,2026106706,,-1.0,6.257704449237527,False,3,5.910638732579233,0.9049,0.9028,0.9004199160167966,False,0.9049,0.0014,0.0031,0.0026,0.088,0.0,0.0,5.925939807659302,0.9966,9966,0.0033999999999999,99.009900990099,101,1,17,1.414363529198595,False,0.0051312090363353,47,archived_rho_0.5_unchanged,-0.33176464157822494,False,ok,
6,Normal,10000,5,0.5,fresh_n,6,2026106706,,-1.0,6.257704449237527,False,4,5.602150339521333,0.8323,0.8215,0.8137372525494901,False,0.8323,0.0014,0.0089,0.0087,0.1487,0.0,0.0,5.532885780442846,0.9893,9893,0.0107,38.02281368821293,263,1,65,1.6299852161310775,False,0.0051186250057071,47,archived_rho_0.5_unchanged,-0.7248186687946809,False,ok,
6,Normal,10000,5,0.5,fresh_n,6,2026106706,,-1.0,6.257704449237527,False,5,5.292014952032114,0.7254,0.7086,0.6976604679064187,False,0.7254,0.0014,0.0181,0.0183,0.2368,0.0,0.0,5.139874984588816,0.9765,9765,0.0234999999999999,21.551724137931036,464,1,137,1.8606912925744357,False,0.0049521250184625,47,archived_rho_0.5_unchanged,-1.117829464648711,False,ok,
6,Normal,10000,5,0.5,fresh_n,6,2026106706,,-1.0,6.257704449237527,False,6,4.922130009995359,0.602,0.5758,0.5644871025794841,False,0.602,0.0014,0.0397,0.0294,0.3275,0.0,0.0,4.677711595655128,0.9586,9586,0.0413999999999999,13.422818791946307,745,1,239,2.107595458848889,False,0.0050540419761091,47,archived_rho_0.5_unchanged,-1.5799928535823984,False,ok,
6,Normal,10000,5,0.5,fresh_n,6,2026106706,,-1.0,6.257704449237527,False,7,4.5275177910684725,0.4745,0.442,0.4352129574085183,False,0.4745,0.0014,0.0672,0.0539,0.403,0.0,0.0,4.102040764663448,0.9229,9229,0.0770999999999999,8.460236886632826,1182,1,450,2.3806556690238327,False,0.0057313329889439,47,archived_rho_0.5_unchanged,-2.155663684574079,False,ok,
6,Normal,10000,5,0.5,fresh_n,6,2026106706,,-1.0,6.257704449237527,False,8,4.122316409059657,0.3445,0.3015,0.2861427714457109,False,0.3445,0.0014,0.107,0.0727,0.4744,0.0,0.0,3.510409866646953,0.8805,8805,0.1195,5.938242280285036,1684,1,726,2.556393326637464,False,0.0073757090140134,47,archived_rho_0.5_unchanged,-2.7472945825905737,False,ok,
6,Normal,10000,5,0.5,fresh_n,6,2026106706,,-1.0,6.257704449237527,False,9,3.711058155994824,0.2354,0.1791,0.1601679664067186,False,0.2354,0.0014,0.1491,0.1042,0.5099,0.0,0.0,2.8264827554802494,0.8258,8258,0.1742,4.424778761061947,2260,1,1020,2.7579765820855817,False,0.0072906659916043,47,archived_rho_0.5_unchanged,-3.4312216937572773,False,ok,
6,Normal,10000,5,0.5,fresh_n,6,2026106706,,-1.0,6.257704449237527,False,10,3.221968086517645,0.1494,0.1003,0.0878824235152969,False,0.1494,0.0014,0.21,0.1317,0.5075,0.0,0.0,2.1169032251598026,0.7596,7596,0.2403999999999999,3.399048266485384,2942,1,1470,2.836638564852993,False,0.0072673749527893,47,archived_rho_0.5_unchanged,-4.140801224077724,False,ok,
6,Normal,10000,5,0.5,fresh_n,6,2026106706,,-1.0,6.257704449237527,False,11,2.676200573755981,0.0897,0.0339,0.0218956208758248,False,0.0897,0.0014,0.2687,0.167,0.4732,0.0,0.0,1.3878186816794589,0.6875,6875,0.3125,2.7624309392265194,3620,1,1939,2.8554373478807453,False,0.0070401249686256,47,archived_rho_0.5_unchanged,-4.869885767558068,False,ok,
6,Normal,10000,5,0.5,fresh_n,6,2026106706,,-1.0,6.257704449237527,False,12,2.2751365600724123,0.0486,0.0116,0.0083983203359328,False,0.0486,0.0014,0.3488,0.1945,0.4067,0.0,0.0,0.5351449627861977,0.6077,6077,0.3923,2.3004370830457788,4347,1,2469,2.8143612154129776,False,0.007212291995529,47,archived_rho_0.5_unchanged,-5.722559486451329,False,ok,
6,Normal,10000,5,0.5,fresh_n,6,2026106706,,-1.0,6.257704449237527,False,13,1.5495645071606323,0.0249,0.0031,0.0005998800239952,False,0.0249,0.0014,0.4206,0.2106,0.3425,0.0,0.0,-0.0658494079997353,0.5151,5151,0.4849,1.9786307874950535,5054,1,3105,2.6142622687951818,False,0.0078234169632196,47,archived_rho_0.5_unchanged,-6.323553857237262,False,ok,
6,Normal,10000,5,0.5,fresh_n,6,2026106706,,-1.0,6.257704449237527,False,14,1.0982230662646375,0.0118,0.0001,0.0,False,0.0118,0.0014,0.5037,0.2297,0.2534,0.0,0.0,-0.7345884260295961,0.429,4290,0.571,1.7328019407381736,5771,1,3806,2.382858525095114,False,0.0072179590351879,47,archived_rho_0.5_unchanged,-6.992292875267123,False,ok,
6,Normal,10000,5,0.5,fresh_n,6,2026106706,,-1.0,6.257704449237527,False,15,0.4602108204380494,0.0057,0.0,0.0,False,0.0057,0.0014,0.5741,0.2278,0.191,0.0,0.0,-1.4051600666692043,0.3365,3365,0.6635,1.5554518587649713,6429,1,4488,2.03013225712643,False,0.0072341249906457,47,archived_rho_0.5_unchanged,-7.6628645159067315,False,ok,
6,Normal,10000,5,0.5,fresh_n,6,2026106706,,-1.0,6.257704449237527,False,16,0.2291309657876352,0.0037,0.0,0.0,False,0.0037,0.0014,0.6454,0.2245,0.125,0.0,0.0,-1.9308495109482933,0.2652,2652,0.7348,1.4312294260770002,6987,1,5163,1.737116083957057,False,0.0063818329945206,47,archived_rho_0.5_unchanged,-8.18855396018582,False,ok,
6,Normal,10000,5,0.5,fresh_n,6,2026106706,,-1.0,6.257704449237527,False,17,-0.1452319274664286,0.0011,0.0,0.0,False,0.0011,0.0014,0.71,0.1995,0.088,0.0,0.0,-2.4151355824431637,0.1884,1884,0.8116,1.3243279035889286,7551,1,5901,1.3165587355495838,False,0.0068369999644346,47,archived_rho_0.5_unchanged,-8.67284003168069,False,ok,
6,Normal,10000,5,0.5,fresh_n,6,2026106706,,-1.0,6.257704449237527,False,18,-1.1824766372388056,0.0004,0.0,0.0,False,0.0004,0.0014,0.7621,0.1791,0.057,0.0,0.0,-2.937561736675214,0.1434,1434,0.8566,1.2495314257153567,8003,1,6553,1.1329956659495322,False,0.006154750008136,47,archived_rho_0.5_unchanged,-9.19526618591274,False,ok,
6,Normal,10000,5,0.5,fresh_n,6,2026106706,,-1.0,6.257704449237527,False,19,-0.41469649205941,0.0003,0.0,0.0,False,0.0003,0.0014,0.8159,0.1469,0.0355,0.0,0.0,-3.2509426237275036,0.1033,1033,0.8967,1.198609612849095,8343,1,7069,0.8523772274122832,False,0.0062062910292297,47,archived_rho_0.5_unchanged,-9.50864707296503,False,ok,
6,Normal,10000,5,0.5,fresh_n,6,2026106706,,-1.0,6.257704449237527,False,20,-1.1945677084859705,0.0003,0.0,0.0,False,0.0003,0.0014,0.8398,0.1337,0.0248,0.0,0.0,-3.615970927264902,0.065,650,0.935,1.151808339092375,8682,1,7589,0.5890875727778858,False,0.0062627499573864,47,archived_rho_0.5_unchanged,-9.87367537650243,False,ok,
6,Normal,10000,5,0.5,fresh_n,6,2026106706,,-1.0,6.257704449237527,False,21,-1.6771421673852167,0.0005,0.0,0.0,False,0.0005,0.0014,0.8798,0.1004,0.0179,0.0,0.0,-3.860985564690543,0.0506,506,0.9494,1.1233430689732644,8902,1,7972,0.4644059450243578,False,0.0056543750106357,47,archived_rho_0.5_unchanged,-10.11869001392807,False,ok,
6,Normal,10000,5,0.5,fresh_n,6,2026106706,,-1.0,6.257704449237527,False,22,-2.5632645273011874,0.0001,0.0,0.0,False,0.0001,0.0014,0.8955,0.0919,0.0111,0.0,0.0,-3.899753917066516,0.0368,368,0.9632,1.097092704333516,9115,1,8347,0.352784320140729,False,0.0053325840272009,47,archived_rho_0.5_unchanged,-10.157458366304043,False,ok,
6,Normal,10000,5,0.5,fresh_n,6,2026106706,,-1.0,6.257704449237527,False,23,-1.6254643241548608,0.0001,0.0,0.0,False,0.0001,0.0014,0.9172,0.0737,0.0076,0.0,0.0,-4.10063249724629,0.0308,308,0.9692,1.0831889081455806,9232,1,8565,0.3001072920917464,False,0.0051680420292541,47,archived_rho_0.5_unchanged,-10.358336946483817,False,ok,
6,Normal,10000,5,0.5,fresh_n,6,2026106706,,-1.0,6.257704449237527,False,24,-2.912785985030905,0.0002,0.0,0.0,False,0.0002,0.0014,0.9272,0.0661,0.0051,0.0,0.0,-4.600422937907756,0.0205,205,0.9795,1.066211749653481,9379,1,8820,0.2286646205431047,False,0.0050793749978765,47,archived_rho_0.5_unchanged,-10.858127387145283,False,ok,
6,Normal,10000,5,0.5,fresh_n,6,2026106706,,-1.0,6.257704449237527,False,25,inf,0.0,0.0,0.0,False,0.0,0.0014,0.9393,0.0542,0.0051,0.0,0.0,-4.995438085880551,0.0132,132,0.9868,1.053740779768177,9490,1,9016,0.1628682246003173,False,0.0049372919602319,47,archived_rho_0.5_unchanged,-11.253142535118076,False,ok,
6,Normal,10000,5,0.5,fresh_n,6,2026106706,,-1.0,6.257704449237527,False,26,inf,0.0,0.0,0.0,False,0.0,0.0014,0.9498,0.0464,0.0024,0.0,0.0,-5.147611427576709,0.0079,79,0.9921,1.04942806170637,9529,1,9078,0.1281202351700602,False,0.0048422500258311,47,archived_rho_0.5_unchanged,-11.405315876814235,False,ok,
6,Normal,10000,5,0.5,fresh_n,6,2026106706,,-1.0,6.257704449237527,False,27,inf,0.0,0.0,0.0,False,0.0,0.0014,0.9576,0.0395,0.0015,0.0,0.0,-5.413853311210257,0.0079,79,0.9921,1.0359473738734073,9653,1,9328,0.1102968937621439,False,0.004668292007409,47,archived_rho_0.5_unchanged,-11.671557760447783,False,ok,
6,Normal,10000,5,0.5,fresh_n,6,2026106706,,-1.0,6.257704449237527,False,28,inf,0.0,0.0,0.0,False,0.0,0.0014,0.965,0.0326,0.001,0.0,0.0,-4.966972011822135,0.0062,62,0.9938,1.0314595152140278,9695,1,9406,0.0826285627054583,False,0.0042467090534046,47,archived_rho_0.5_unchanged,-11.224676461059662,False,ok,
6,Normal,10000,5,0.5,fresh_n,6,2026106706,,-1.0,6.257704449237527,False,29,inf,0.0,0.0,0.0,False,0.0,0.0014,0.9711,0.0267,0.0008,0.0,0.0,-5.5004150046332665,0.0032,32,0.9968,1.0250102501025011,9756,1,9518,0.0594730122035395,False,0.0040694579947739,47,archived_rho_0.5_unchanged,-11.758119453870794,False,ok,
6,Normal,10000,5,0.5,fresh_n,6,2026106706,,-1.0,6.257704449237527,False,30,inf,0.0,0.0,0.0,False,0.0,0.0014,0.9743,0.0236,0.0007,0.0,0.0,-5.643296945995126,0.0061,61,0.9939,1.024380249948781,9762,1,9538,0.0744385210516683,False,0.0042666250374168,47,archived_rho_0.5_unchanged,-11.901001395232653,False,ok,
6,Normal,10000,5,0.5,fresh_n,6,2026106706,,-1.0,6.257704449237527,False,31,inf,0.0,0.0,0.0,False,0.0,0.0014,0.9797,0.0183,0.0006,0.0,0.0,-5.4671880335915315,0.0026,26,0.9974,1.0189525168127165,9814,1,9632,0.0444097183864206,False,0.0040532920393161,47,archived_rho_0.5_unchanged,-11.724892482829059,False,ok,
6,Normal,10000,5,0.5,fresh_n,6,2026106706,,-1.0,6.257704449237527,False,32,inf,0.0,0.0,0.0,False,0.0,0.0014,0.9819,0.0163,0.0004,0.0,0.0,-6.06890028445834,0.0019,19,0.9981,1.01667344448963,9836,1,9675,0.0385503187819694,False,0.0043655409826897,47,archived_rho_0.5_unchanged,-12.326604733695866,False,ok,
6,Normal,10000,5,0.5,fresh_n,6,2026106706,,-1.0,6.257704449237527,False,33,inf,0.0,0.0,0.0,False,0.0,0.0014,0.9845,0.0139,0.0002,0.0,0.0,-5.5414113959097095,0.0007,7,0.9993,1.0123506782749545,9878,1,9757,0.0263726176498575,False,0.0041511669987812,47,archived_rho_0.5_unchanged,-11.799115845147236,False,ok,
6,Normal,10000,5,0.5,fresh_n,6,2026106706,,-1.0,6.257704449237527,False,34,inf,0.0,0.0,0.0,False,0.0,0.0014,0.9851,0.0132,0.0003,0.0,0.0,-5.7611967088300835,0.0007,7,0.9993,1.0135819987837016,9866,1,9732,0.0267999999999999,False,0.0042706659878604,47,archived_rho_0.5_unchanged,-12.01890115806761,False,ok,
6,Normal,10000,5,0.5,fresh_n,6,2026106706,,-1.0,6.257704449237527,False,35,inf,0.0,0.0,0.0,False,0.0,0.0014,0.9875,0.0109,0.0002,0.0,0.0,-5.8584402911179305,0.0018,18,0.9982,1.0097950116126426,9903,1,9810,0.0270401955495583,False,0.0039783749962225,47,archived_rho_0.5_unchanged,-12.116144740355457,False,ok,
6,Normal,10000,5,0.5,fresh_n,6,2026106706,,-1.0,6.257704449237527,False,36,inf,0.0,0.0,0.0,False,0.0,0.0014,0.9889,0.0094,0.0003,0.0,0.0,-5.398150165536159,0.0015,15,0.9985,1.008979921299566,9911,1,9825,0.0224069075107346,False,0.0043390000355429,47,archived_rho_0.5_unchanged,-11.655854614773686,False,ok,
6,Normal,10000,5,0.5,fresh_n,6,2026106706,,-1.0,6.257704449237527,False,37,inf,0.0,0.0,0.0,False,0.0,0.0014,0.9906,0.0079,0.0001,0.0,0.0,-6.018263902304662,0.0004,4,0.9996,1.0072522159548751,9928,1,9856,0.0144,False,0.0045412920298986,47,archived_rho_0.5_unchanged,-12.27596835154219,False,ok,
6,Normal,10000,5,0.5,fresh_n,6,2026106706,,-1.0,6.257704449237527,False,38,inf,0.0,0.0,0.0,False,0.0,0.0014,0.9917,0.0068,0.0001,0.0,0.0,-6.090707921211308,0.0004,4,0.9996,1.006947940791461,9931,1,9863,0.0150704634347596,False,0.0045455410145223,47,archived_rho_0.5_unchanged,-12.348412370448834,False,ok,
6,Normal,10000,5,0.5,fresh_n,6,2026106706,,-1.0,6.257704449237527,False,39,inf,0.0,0.0,0.0,False,0.0,0.0014,0.9917,0.0068,0.0001,0.0,0.0,-7.1181926034098675,0.0004,4,0.9996,1.0054293183189222,9946,1,9892,0.0108,False,0.0044647910399362,47,archived_rho_0.5_unchanged,-13.375897052647394,False,ok,
6,Normal,10000,5,0.5,fresh_n,6,2026106706,,-1.0,6.257704449237527,False,40,inf,0.0,0.0,0.0,False,0.0,0.0014,0.9935,0.005,0.0001,0.0,0.0,-5.424039938851202,0.0006,6,0.9994,1.0052271813429836,9948,1,9897,0.0120211338089812,False,0.0043603749945759,47,archived_rho_0.5_unchanged,-11.681744388088728,False,ok,
6,Normal,10000,5,0.5,fresh_n,7,2026106707,,-1.0,6.257704449237527,False,1,7.074952923083008,0.9982,0.9982,0.9976004799040192,True,0.9982,0.0018,0.0,0.0,0.0,0.0,0.0,7.071107438016553,1.0,10000,0.0,10000.0,1,10000,0,1.078846548456394,False,0.0059123749961145,47,archived_rho_0.5_unchanged,0.8134029887790266,False,ok,
6,Normal,10000,5,0.5,fresh_n,7,2026106707,,-1.0,6.257704449237527,False,2,6.159612355149184,0.9545,0.9545,0.953509298140372,False,0.9545,0.0018,0.0,0.0,0.0437,0.0,0.0,6.094640062401816,1.0,10000,0.0,312.5,32,103,0,1.344000484947867,False,0.0052702919929288,47,archived_rho_0.5_unchanged,-0.16306438683571045,False,ok,
6,Normal,10000,5,0.5,fresh_n,7,2026106707,,-1.0,6.257704449237527,False,3,5.901983595368123,0.9023,0.9002,0.8977204559088182,False,0.9023,0.0018,0.0021,0.0022,0.0916,0.0,0.0,5.902857723170354,0.9978,9978,0.0021999999999999,100.0,100,1,16,1.430165192308292,False,0.0043473750120028,47,archived_rho_0.5_unchanged,-0.3548467260671728,False,ok,
6,Normal,10000,5,0.5,fresh_n,7,2026106707,,-1.0,6.257704449237527,False,4,5.589190755943247,0.8258,0.8162,0.8115811581158116,False,0.8258,0.0018,0.0097,0.0101,0.1526,0.0,0.0,5.513088530121617,0.9861,9861,0.0139,35.46099290780142,282,1,65,1.640329313552364,False,0.005562332982663,47,archived_rho_0.5_unchanged,-0.7446159191159101,False,ok,
6,Normal,10000,5,0.5,fresh_n,7,2026106707,,-1.0,6.257704449237527,False,5,5.274680266691345,0.7155,0.7005,0.6880623875224955,False,0.7155,0.0018,0.0233,0.0203,0.2391,0.0,0.0,5.060332833978979,0.9702,9702,0.0298,18.939393939393938,528,1,149,1.8952302390133773,False,0.0055810830090194,47,archived_rho_0.5_unchanged,-1.1973716152585476,False,ok,
6,Normal,10000,5,0.5,fresh_n,7,2026106707,,-1.0,6.257704449237527,False,6,4.888474179690371,0.584,0.5592,0.5440911817636472,False,0.584,0.0018,0.0383,0.0333,0.3426,0.0,0.0,4.597935804068783,0.9508,9508,0.0492,12.254901960784316,816,1,281,2.1441243731728794,False,0.0050947910058312,47,archived_rho_0.5_unchanged,-1.659768645168744,False,ok,
6,Normal,10000,5,0.5,fresh_n,7,2026106707,,-1.0,6.257704449237527,False,7,4.51244417708197,0.4649,0.4255,0.4034193161367726,False,0.4649,0.0018,0.071,0.0494,0.4129,0.0,0.0,4.000291386143633,0.9173,9173,0.0827,8.084074373484237,1237,1,449,2.4198421773550267,False,0.0054955419618636,47,archived_rho_0.5_unchanged,-2.2574130630938933,False,ok,
6,Normal,10000,5,0.5,fresh_n,7,2026106707,,-1.0,6.257704449237527,False,8,4.073577003020888,0.3305,0.2868,0.2681463707258548,False,0.3305,0.0018,0.1071,0.0801,0.4805,0.0,0.0,3.359608700424578,0.8647,8647,0.1352999999999999,5.515719801434087,1813,1,775,2.5891033038218105,False,0.0058677500346675,47,archived_rho_0.5_unchanged,-2.8980957488129486,False,ok,
6,Normal,10000,5,0.5,fresh_n,7,2026106707,,-1.0,6.257704449237527,False,9,3.621868777230969,0.2261,0.1694,0.1586682663467306,False,0.2261,0.0018,0.1632,0.1095,0.4994,0.0,0.0,2.6568712028329644,0.8136,8136,0.1864,4.184100418410042,2390,1,1071,2.8224613116793216,False,0.006167541956529,47,archived_rho_0.5_unchanged,-3.6008332464045623,False,ok,
6,Normal,10000,5,0.5,fresh_n,7,2026106707,,-1.0,6.257704449237527,False,10,3.180600888708588,0.1391,0.0848,0.0704859028194361,False,0.1391,0.0018,0.2202,0.1358,0.5031,0.0,0.0,1.9179218709923112,0.7446,7446,0.2553999999999999,3.219575016097875,3106,1,1586,2.8628710825946615,False,0.0064074579859152,47,archived_rho_0.5_unchanged,-4.339782578245216,False,ok,
6,Normal,10000,5,0.5,fresh_n,7,2026106707,,-1.0,6.257704449237527,False,11,2.5642321338635092,0.0775,0.0304,0.0233953209358128,False,0.0775,0.0018,0.2942,0.1664,0.4601,0.0,0.0,1.1395712648455607,0.6619,6619,0.3380999999999999,2.607561929595828,3835,1,2081,2.850868300840531,False,0.0066424999968148,47,archived_rho_0.5_unchanged,-5.118133184391966,False,ok,
6,Normal,10000,5,0.5,fresh_n,7,2026106707,,-1.0,6.257704449237527,False,12,2.131606813876361,0.0442,0.0069,0.0062987402519496,False,0.0442,0.0018,0.3642,0.2009,0.3889,0.0,0.0,0.3668179197177677,0.5777,5777,0.4223,2.1791239921551537,4589,1,2696,2.755612811159641,False,0.0068563750246539,47,archived_rho_0.5_unchanged,-5.890886529519759,False,ok,
6,Normal,10000,5,0.5,fresh_n,7,2026106707,,-1.0,6.257704449237527,False,13,1.6548305652034474,0.0222,0.0018,0.0,False,0.0222,0.0018,0.4437,0.2189,0.3134,0.0,0.0,-0.3699481549699611,0.4794,4794,0.5206,1.8670649738610905,5356,1,3388,2.494464582625714,False,0.0067207909887656,47,archived_rho_0.5_unchanged,-6.627652604207488,False,ok,
6,Normal,10000,5,0.5,fresh_n,7,2026106707,,-1.0,6.257704449237527,False,14,0.9693649208515926,0.0104,0.0,0.0,False,0.0104,0.0018,0.5227,0.2258,0.2393,0.0,0.0,-1.0511336056938445,0.3918,3918,0.6082000000000001,1.662510390689942,6015,1,4015,2.2417141185090106,False,0.0066661250311881,47,archived_rho_0.5_unchanged,-7.308838054931371,False,ok,
6,Normal,10000,5,0.5,fresh_n,7,2026106707,,-1.0,6.257704449237527,False,15,0.7345790560779631,0.0045,0.0,0.0,False,0.0045,0.0018,0.6001,0.2229,0.1707,0.0,0.0,-1.639105006665372,0.3001,3001,0.6999,1.4916467780429594,6704,1,4811,1.8854858443410676,False,0.0061605409719049,47,archived_rho_0.5_unchanged,-7.896809455902899,False,ok,
6,Normal,10000,5,0.5,fresh_n,7,2026106707,,-1.0,6.257704449237527,False,16,0.1786201412748288,0.0023,0.0,0.0,False,0.0023,0.0018,0.6635,0.2096,0.1228,0.0,0.0,-2.137363084087417,0.2223,2223,0.7777000000000001,1.3758943313153549,7268,1,5499,1.5180179951794963,False,0.0061463749734684,47,archived_rho_0.5_unchanged,-8.395067533324944,False,ok,
6,Normal,10000,5,0.5,fresh_n,7,2026106707,,-1.0,6.257704449237527,False,17,-0.2786844652969031,0.0009,0.0,0.0,False,0.0009,0.0018,0.7279,0.1932,0.0762,0.0,0.0,-2.797745536543073,0.1596,1596,0.8404,1.288825879623663,7759,1,6157,1.1988051412625584,False,0.0058272909955121,47,archived_rho_0.5_unchanged,-9.0554499857806,False,ok,
6,Normal,10000,5,0.5,fresh_n,7,2026106707,,-1.0,6.257704449237527,False,18,-1.2067251855965142,0.0005,0.0,0.0,False,0.0005,0.0018,0.7713,0.1743,0.0521,0.0,0.0,-3.017524999343872,0.121,1210,0.879,1.2253400318588408,8161,1,6783,0.9552287480118966,False,0.0054310419945977,47,archived_rho_0.5_unchanged,-9.275229448581399,False,ok,
6,Normal,10000,5,0.5,fresh_n,7,2026106707,,-1.0,6.257704449237527,False,19,-1.343534455372886,0.0003,0.0,0.0,False,0.0003,0.0018,0.8229,0.1424,0.0326,0.0,0.0,-3.4518245363399536,0.0807,807,0.9193,1.1784115012962526,8486,1,7262,0.7109327932010242,False,0.0053051669965498,47,archived_rho_0.5_unchanged,-9.70952898557748,False,ok,
6,Normal,10000,5,0.5,fresh_n,7,2026106707,,-1.0,6.257704449237527,False,20,-3.343020830848939,0.0001,0.0,0.0,False,0.0001,0.0018,0.8503,0.1281,0.0197,0.0,0.0,-3.66943180119203,0.0661,661,0.9339,1.1452130096197892,8732,1,7700,0.5779802154831385,False,0.005030500004068,47,archived_rho_0.5_unchanged,-9.927136250429557,False,ok,
6,Normal,10000,5,0.5,fresh_n,7,2026106707,,-1.0,6.257704449237527,False,21,-1.1265911029143747,0.0001,0.0,0.0,False,0.0001,0.0018,0.8792,0.1042,0.0147,0.0,0.0,-3.920523177860648,0.046,460,0.954,1.115822361080116,8962,1,8075,0.4443104153827251,False,0.0047748329816386,47,archived_rho_0.5_unchanged,-10.178227627098174,False,ok,
6,Normal,10000,5,0.5,fresh_n,7,2026106707,,-1.0,6.257704449237527,False,22,inf,0.0,0.0,0.0,False,0.0,0.0018,0.8984,0.0905,0.0093,0.0,0.0,-4.134365678073898,0.0324,324,0.9676,1.0896807235480004,9177,1,8453,0.3143625574612091,False,0.0045966670149937,47,archived_rho_0.5_unchanged,-10.392070127311424,False,ok,
6,Normal,10000,5,0.5,fresh_n,7,2026106707,,-1.0,6.257704449237527,False,23,inf,0.0,0.0,0.0,False,0.0,0.0018,0.9167,0.0747,0.0068,0.0,0.0,-4.692923406245973,0.0209,209,0.9791,1.0733068584308254,9317,1,8700,0.2402927704705382,False,0.0044094159966334,47,archived_rho_0.5_unchanged,-10.9506278554835,False,ok,
6,Normal,10000,5,0.5,fresh_n,7,2026106707,,-1.0,6.257704449237527,False,24,inf,0.0,0.0,0.0,False,0.0,0.0018,0.932,0.0619,0.0043,0.0,0.0,-4.682540044145974,0.0101,101,0.9899,1.0559662090813091,9470,1,8966,0.1481977584613556,False,0.0043194160098209,47,archived_rho_0.5_unchanged,-10.940244493383501,False,ok,
6,Normal,10000,5,0.5,fresh_n,7,2026106707,,-1.0,6.257704449237527,False,25,inf,0.0,0.0,0.0,False,0.0,0.0018,0.9442,0.052,0.002,0.0,0.0,-5.121510099026667,0.0108,108,0.9892,1.0485477613505294,9537,1,9104,0.1456092584792851,False,0.0042289590346626,47,archived_rho_0.5_unchanged,-11.379214548264194,False,ok,
6,Normal,10000,5,0.5,fresh_n,7,2026106707,,-1.0,6.257704449237527,False,26,inf,0.0,0.0,0.0,False,0.0,0.0018,0.9514,0.0449,0.0019,0.0,0.0,-5.207278457515111,0.0061,61,0.9939,1.0387451958034697,9627,1,9268,0.1005740481945751,False,0.0042319169733673,47,archived_rho_0.5_unchanged,-11.464982906752638,False,ok,
6,Normal,10000,5,0.5,fresh_n,7,2026106707,,-1.0,6.257704449237527,False,27,inf,0.0,0.0,0.0,False,0.0,0.0018,0.9605,0.036,0.0017,0.0,0.0,-5.16839898571843,0.0065,65,0.9935,1.0333781130515656,9677,1,9371,0.0945314520901711,False,0.00411791697843,47,archived_rho_0.5_unchanged,-11.426103434955957,False,ok,
6,Normal,10000,5,0.5,fresh_n,7,2026106707,,-1.0,6.257704449237527,False,28,inf,0.0,0.0,0.0,False,0.0,0.0018,0.9684,0.0294,0.0004,0.0,0.0,-5.240593117382911,0.003,30,0.997,1.0269049086054631,9738,1,9482,0.0638590676630707,False,0.0040180410142056,47,archived_rho_0.5_unchanged,-11.498297566620437,False,ok,
6,Normal,10000,5,0.5,fresh_n,7,2026106707,,-1.0,6.257704449237527,False,29,inf,0.0,0.0,0.0,False,0.0,0.0018,0.9691,0.028,0.0011,0.0,0.0,-4.680819063886143,0.0023,23,0.9977,1.0207206287639072,9797,1,9597,0.0460944804082937,False,0.0040052090189419,47,archived_rho_0.5_unchanged,-10.93852351312367,False,ok,
6,Normal,10000,5,0.5,fresh_n,7,2026106707,,-1.0,6.257704449237527,False,30,inf,0.0,0.0,0.0,False,0.0,0.0018,0.9748,0.0231,0.0003,0.0,0.0,-6.421839008957808,0.0024,24,0.9976,1.020408163265306,9800,1,9605,0.0490661929613219,False,0.0039797500357963,47,archived_rho_0.5_unchanged,-12.679543458195335,False,ok,
6,Normal,10000,5,0.5,fresh_n,7,2026106707,,-1.0,6.257704449237527,False,31,inf,0.0,0.0,0.0,False,0.0,0.0018,0.9802,0.0175,0.0005,0.0,0.0,-5.679631162837607,0.0026,26,0.9974,1.0163634515702815,9839,1,9685,0.0442445802471924,False,0.0039289169944822,47,archived_rho_0.5_unchanged,-11.937335612075135,False,ok,
6,Normal,10000,5,0.5,fresh_n,7,2026106707,,-1.0,6.257704449237527,False,32,inf,0.0,0.0,0.0,False,0.0,0.0018,0.9813,0.0166,0.0003,0.0,0.0,-5.993028926611423,0.0012,12,0.9988,1.015331505736623,9849,1,9700,0.0334955588543019,False,0.0039349580183625,47,archived_rho_0.5_unchanged,-12.250733375848949,False,ok,
6,Normal,10000,5,0.5,fresh_n,7,2026106707,,-1.0,6.257704449237527,False,33,inf,0.0,0.0,0.0,False,0.0,0.0018,0.9838,0.0142,0.0002,0.0,0.0,-5.530692316219656,0.0014,14,0.9986,1.012248203259439,9879,1,9760,0.0273137989125583,False,0.0039800420054234,47,archived_rho_0.5_unchanged,-11.788396765457183,False,ok,
6,Normal,10000,5,0.5,fresh_n,7,2026106707,,-1.0,6.257704449237527,False,34,inf,0.0,0.0,0.0,False,0.0,0.0018,0.9857,0.0124,0.0001,0.0,0.0,-5.660728996709611,0.0007,7,0.9993,1.0098969905069684,9902,1,9805,0.0210254802906523,False,0.0039786660345271,47,archived_rho_0.5_unchanged,-11.918433445947137,False,ok,
6,Normal,10000,5,0.5,fresh_n,7,2026106707,,-1.0,6.257704449237527,False,35,inf,0.0,0.0,0.0,False,0.0,0.0018,0.9885,0.0097,0.0,0.0,0.0,-5.8734525526044905,0.0006,6,0.9994,1.009387301907742,9907,1,9815,0.0200365980745758,False,0.0041145419818349,47,archived_rho_0.5_unchanged,-12.131157001842016,False,ok,
6,Normal,10000,5,0.5,fresh_n,7,2026106707,,-1.0,6.257704449237527,False,36,inf,0.0,0.0,0.0,False,0.0,0.0018,0.9902,0.0079,0.0001,0.0,0.0,-6.633763975493114,0.0009,9,0.9991,1.0070493454179257,9930,1,9862,0.0171381553656487,False,0.0039622920448891,47,archived_rho_0.5_unchanged,-12.89146842473064,False,ok,
6,Normal,10000,5,0.5,fresh_n,7,2026106707,,-1.0,6.257704449237527,False,37,inf,0.0,0.0,0.0,False,0.0,0.0018,0.9906,0.0076,0.0,0.0,0.0,-5.516510687090542,0.0003,3,0.9997,1.007759750075582,9923,1,9846,0.0154,False,0.0038719159783795,47,archived_rho_0.5_unchanged,-11.774215136328069,False,ok,
6,Normal,10000,5,0.5,fresh_n,7,2026106707,,-1.0,6.257704449237527,False,38,inf,0.0,0.0,0.0,False,0.0,0.0018,0.9909,0.0072,0.0001,0.0,0.0,-7.002041664170432,0.0007,7,0.9993,1.0063399416322834,9937,1,9874,0.0126,False,0.0038333749980665,47,archived_rho_0.5_unchanged,-13.259746113407958,False,ok,
6,Normal,10000,5,0.5,fresh_n,7,2026106707,,-1.0,6.257704449237527,False,39,inf,0.0,0.0,0.0,False,0.0,0.0018,0.992,0.0062,0.0,0.0,0.0,-7.894458222225847,0.0004,4,0.9996,1.0053282396702523,9947,1,9895,0.0128680208560156,False,0.0038395000156015,47,archived_rho_0.5_unchanged,-14.152162671463373,False,ok,
6,Normal,10000,5,0.5,fresh_n,7,2026106707,,-1.0,6.257704449237527,False,40,inf,0.0,0.0,0.0,False,0.0,0.0018,0.994,0.0042,0.0,0.0,0.0,-6.728545047557874,0.0007,7,0.9993,1.005126143330988,9949,1,9898,0.0102,False,0.0037844170001335,47,archived_rho_0.5_unchanged,-12.9862494967954,False,ok,
6,Normal,10000,5,0.5,fresh_n,8,2026106708,,-1.0,6.257704449237527,False,1,7.099840338867387,0.9985,0.9985,0.9981998199819982,True,0.9985,0.0015,0.0,0.0,0.0,0.0,0.0,7.085307257428057,1.0,10000,0.0,10000.0,1,10000,0,1.0812616159168469,False,0.004647166992072,47,archived_rho_0.5_unchanged,0.8276028081905302,False,ok,
6,Normal,10000,5,0.5,fresh_n,8,2026106708,,-1.0,6.257704449237527,False,2,6.157294248285899,0.9536,0.9536,0.948994899489949,False,0.9536,0.0015,0.0,0.0,0.0449,0.0,0.0,6.095228545715751,1.0,10000,0.0,312.5,32,88,0,1.341056157706644,False,0.0042488750186748,47,archived_rho_0.5_unchanged,-0.16247590352177532,False,ok,
6,Normal,10000,5,0.5,fresh_n,8,2026106708,,-1.0,6.257704449237527,False,3,5.924646052675371,0.9078,0.9059,0.9012901290129012,False,0.9078,0.0015,0.0033,0.0009,0.0865,0.0,0.0,5.950112580995477,0.9976,9976,0.0023999999999999,105.26315789473684,95,1,14,1.4043606043629573,False,0.0042314170277677,47,archived_rho_0.5_unchanged,-0.3075918682420493,False,ok,
6,Normal,10000,5,0.5,fresh_n,8,2026106708,,-1.0,6.257704449237527,False,4,5.647058077701614,0.8403,0.8335,0.8217821782178217,False,0.8403,0.0015,0.0084,0.0092,0.1406,0.0,0.0,5.574143525883004,0.9884,9884,0.0116,39.8406374501992,251,1,66,1.58608240556917,False,0.0043383750016801,47,archived_rho_0.5_unchanged,-0.6835609233545226,False,ok,
6,Normal,10000,5,0.5,fresh_n,8,2026106708,,-1.0,6.257704449237527,False,5,5.320514607861103,0.7395,0.7246,0.7170717071707171,False,0.7395,0.0015,0.0213,0.0169,0.2208,0.0,0.0,5.203255492115672,0.9749,9749,0.0251,22.321428571428573,448,1,142,1.793908142266924,False,0.0046757080126553,47,archived_rho_0.5_unchanged,-1.0544489571218545,False,ok,
6,Normal,10000,5,0.5,fresh_n,8,2026106708,,-1.0,6.257704449237527,False,6,4.968360553156531,0.6222,0.5997,0.5868586858685868,False,0.6222,0.0015,0.0313,0.0277,0.3173,0.0,0.0,4.7487772250698255,0.9612,9612,0.0387999999999999,14.064697609001406,711,1,256,2.057319660357541,False,0.0047170000034384,47,archived_rho_0.5_unchanged,-1.5089272241677012,False,ok,
6,Normal,10000,5,0.5,fresh_n,8,2026106708,,-1.0,6.257704449237527,False,7,4.623310128821756,0.5023,0.4692,0.4608460846084608,False,0.5023,0.0015,0.0587,0.047,0.3905,0.0,0.0,4.203261759111493,0.9329,9329,0.0671,9.242144177449168,1082,1,409,2.3154305236463513,False,0.004993165959604,47,archived_rho_0.5_unchanged,-2.0544426901260335,False,ok,
6,Normal,10000,5,0.5,fresh_n,8,2026106708,,-1.0,6.257704449237527,False,8,4.243657043392867,0.3856,0.3434,0.3324332433243324,False,0.3856,0.0015,0.0944,0.071,0.4475,0.0,0.0,3.665531282010633,0.8912,8912,0.1088,6.459948320413437,1548,1,626,2.516949789739067,False,0.0053904160158708,47,archived_rho_0.5_unchanged,-2.5921731672268935,False,ok,
6,Normal,10000,5,0.5,fresh_n,8,2026106708,,-1.0,6.257704449237527,False,9,3.804805546883577,0.2675,0.2193,0.2106210621062106,False,0.2675,0.0015,0.1377,0.1041,0.4892,0.0,0.0,2.9741049516927243,0.8395,8395,0.1604999999999999,4.737091425864519,2111,1,927,2.722869332759412,False,0.0056676249951124,47,archived_rho_0.5_unchanged,-3.2835994975448024,False,ok,
6,Normal,10000,5,0.5,fresh_n,8,2026106708,,-1.0,6.257704449237527,False,10,3.347286548674934,0.1772,0.1271,0.1263126312631263,False,0.1772,0.0015,0.1868,0.1273,0.5072,0.0,0.0,2.278567853670647,0.7796,7796,0.2204,3.641660597232338,2746,1,1306,2.854889817062522,False,0.0058455420075915,47,archived_rho_0.5_unchanged,-3.97913659556688,False,ok,
6,Normal,10000,5,0.5,fresh_n,8,2026106708,,-1.0,6.257704449237527,False,11,2.9037023942869995,0.1133,0.0592,0.0555055505550555,False,0.1133,0.0015,0.2551,0.1472,0.4829,0.0,0.0,1.6461784761783191,0.7113,7113,0.2886999999999999,2.959455460195324,3379,1,1760,2.829778898143986,False,0.0061909999931231,47,archived_rho_0.5_unchanged,-4.611525973059208,False,ok,
6,Normal,10000,5,0.5,fresh_n,8,2026106708,,-1.0,6.257704449237527,False,12,2.3950083450636614,0.0655,0.0205,0.0191961607678464,False,0.0655,0.0015,0.3244,0.177,0.4316,0.0,0.0,0.8286121732062327,0.6317,6317,0.3682999999999999,2.442598925256473,4094,1,2266,2.814958689156391,False,0.0064447920303791,47,archived_rho_0.5_unchanged,-5.429092276031294,False,ok,
6,Normal,10000,5,0.5,fresh_n,8,2026106708,,-1.0,6.257704449237527,False,13,2.0994057320638095,0.0307,0.0039,0.0033003300330033,False,0.0307,0.0015,0.3953,0.1978,0.3747,0.0,0.0,0.1508545369671376,0.5481,5481,0.4518999999999999,2.0802995631370917,4807,1,2875,2.679468169535861,False,0.0065280409762635,47,archived_rho_0.5_unchanged,-6.106849912270389,False,ok,
6,Normal,10000,5,0.5,fresh_n,8,2026106708,,-1.0,6.257704449237527,False,14,1.4115883801734257,0.0198,0.0011,0.0008998200359928,False,0.0198,0.0015,0.4752,0.2164,0.2871,0.0,0.0,-0.5413240913174248,0.465,4650,0.5349999999999999,1.82882223847842,5468,1,3483,2.4748156668142696,False,0.0064206250244751,47,archived_rho_0.5_unchanged,-6.799028540554952,False,ok,
6,Normal,10000,5,0.5,fresh_n,8,2026106708,,-1.0,6.257704449237527,False,15,0.8314604581139473,0.0094,0.0003,0.0,False,0.0094,0.0015,0.5442,0.2259,0.219,0.0,0.0,-1.109399955642833,0.3669,3669,0.6331,1.6191709844559583,6176,1,4183,2.166970099006791,False,0.0063554579974152,47,archived_rho_0.5_unchanged,-7.36710440488036,False,ok,
6,Normal,10000,5,0.5,fresh_n,8,2026106708,,-1.0,6.257704449237527,False,16,0.0372430210204517,0.0052,0.0,0.0,False,0.0052,0.0015,0.6197,0.2149,0.1587,0.0,0.0,-1.7538358298147274,0.2978,2978,0.7021999999999999,1.4773230905599055,6769,1,4936,1.8646020513308343,False,0.0060287910164333,47,archived_rho_0.5_unchanged,-8.011540279052253,False,ok,
6,Normal,10000,5,0.5,fresh_n,8,2026106708,,-1.0,6.257704449237527,False,17,-0.0230510552129009,0.0023,0.0,0.0,False,0.0023,0.0015,0.6785,0.2095,0.1082,0.0,0.0,-2.161824628696679,0.2191,2191,0.7809,1.3691128148959475,7304,1,5560,1.5096281459151288,False,0.0060801249928772,47,archived_rho_0.5_unchanged,-8.419529077934206,False,ok,
6,Normal,10000,5,0.5,fresh_n,8,2026106708,,-1.0,6.257704449237527,False,18,-0.5370290550168385,0.0011,0.0,0.0,False,0.0011,0.0015,0.7384,0.1802,0.0788,0.0,0.0,-2.7574999685961488,0.1681,1681,0.8319,1.2899896800825594,7752,1,6184,1.2401907036199198,False,0.0057712909765541,47,archived_rho_0.5_unchanged,-9.015204417833676,False,ok,
6,Normal,10000,5,0.5,fresh_n,8,2026106708,,-1.0,6.257704449237527,False,19,-0.8852824465467259,0.0006,0.0,0.0,False,0.0006,0.0015,0.7864,0.1644,0.0471,0.0,0.0,-2.8827817382629255,0.1184,1184,0.8815999999999999,1.2253400318588408,8161,1,6784,0.9298865644930382,False,0.0056965830153785,47,archived_rho_0.5_unchanged,-9.140486187500452,False,ok,
6,Normal,10000,5,0.5,fresh_n,8,2026106708,,-1.0,6.257704449237527,False,20,-1.3351403902737051,0.0006,0.0,0.0,False,0.0006,0.0015,0.8217,0.1433,0.0329,0.0,0.0,-3.4796083786611525,0.0922,922,0.9078,1.180080245456691,8474,1,7282,0.7707781553913219,False,0.0054035829962231,47,archived_rho_0.5_unchanged,-9.737312827898679,False,ok,
6,Normal,10000,5,0.5,fresh_n,8,2026106708,,-1.0,6.257704449237527,False,21,-1.3390271907024385,0.0003,0.0,0.0,False,0.0003,0.0015,0.8577,0.1173,0.0232,0.0,0.0,-3.626920449229958,0.0676,676,0.9324,1.1457378551787352,8728,1,7698,0.5961191976510339,False,0.0050536249764263,47,archived_rho_0.5_unchanged,-9.884624898467484,False,ok,
6,Normal,10000,5,0.5,fresh_n,8,2026106708,,-1.0,6.257704449237527,False,22,-2.765494307518369,0.0001,0.0,0.0,False,0.0001,0.0015,0.8774,0.1052,0.0158,0.0,0.0,-3.6425618762712504,0.0409,409,0.9591,1.1117287381878822,8995,1,8136,0.3933958892878572,False,0.0048982499865815,47,archived_rho_0.5_unchanged,-9.900266325508777,False,ok,
6,Normal,10000,5,0.5,fresh_n,8,2026106708,,-1.0,6.257704449237527,False,23,inf,0.0,0.0,0.0,False,0.0,0.0015,0.903,0.0837,0.0118,0.0,0.0,-4.237455883913975,0.0351,351,0.9649,1.0939722131057872,9141,1,8395,0.3467589143105712,False,0.004664790991228,47,archived_rho_0.5_unchanged,-10.495160333151501,False,ok,
6,Normal,10000,5,0.5,fresh_n,8,2026106708,,-1.0,6.257704449237527,False,24,-1.2027129652363244,0.0001,0.0,0.0,False,0.0001,0.0015,0.9152,0.0774,0.0058,0.0,0.0,-4.384837183013101,0.0231,231,0.9769,1.0775862068965518,9280,1,8632,0.2590143172885059,False,0.0045137499691918,47,archived_rho_0.5_unchanged,-10.642541632250627,False,ok,
6,Normal,10000,5,0.5,fresh_n,8,2026106708,,-1.0,6.257704449237527,False,25,inf,0.0,0.0,0.0,False,0.0,0.0015,0.9298,0.0633,0.0054,0.0,0.0,-4.60332282795103,0.0182,182,0.9818,1.0654165778819518,9386,1,8828,0.2120585599650089,False,0.0043270000023767,47,archived_rho_0.5_unchanged,-10.861027277188557,False,ok,
6,Normal,10000,5,0.5,fresh_n,8,2026106708,,-1.0,6.257704449237527,False,26,inf,0.0,0.0,0.0,False,0.0,0.0015,0.9428,0.0526,0.0031,0.0,0.0,-5.283186457577298,0.0122,122,0.9878,1.0530749789385003,9496,1,9024,0.1626950999875359,False,0.0042495829984545,47,archived_rho_0.5_unchanged,-11.540890906814825,False,ok,
6,Normal,10000,5,0.5,fresh_n,8,2026106708,,-1.0,6.257704449237527,False,27,inf,0.0,0.0,0.0,False,0.0,0.0015,0.9464,0.0494,0.0027,0.0,0.0,-4.9888968903907,0.0113,113,0.9887,1.0481081647626036,9541,1,9114,0.1453871557607611,False,0.0041474170284345,47,archived_rho_0.5_unchanged,-11.246601339628228,False,ok,
6,Normal,10000,5,0.5,fresh_n,8,2026106708,,-1.0,6.257704449237527,False,28,inf,0.0,0.0,0.0,False,0.0,0.0015,0.9594,0.0372,0.0019,0.0,0.0,-5.251009221064977,0.0101,101,0.9899,1.036162055745519,9651,1,9331,0.1223532487086974,False,0.0040362919680774,47,archived_rho_0.5_unchanged,-11.508713670302503,False,ok,
6,Normal,10000,5,0.5,fresh_n,8,2026106708,,-1.0,6.257704449237527,False,29,inf,0.0,0.0,0.0,False,0.0,0.0015,0.9635,0.0336,0.0014,0.0,0.0,-4.9806425146398485,0.007,70,0.993,1.0310341272296113,9699,1,9416,0.0904694574517004,False,0.0040009160293266,47,archived_rho_0.5_unchanged,-11.238346963877376,False,ok,
6,Normal,10000,5,0.5,fresh_n,8,2026106708,,-1.0,6.257704449237527,False,30,inf,0.0,0.0,0.0,False,0.0,0.0015,0.9698,0.0282,0.0005,0.0,0.0,-5.657233714487689,0.0033,33,0.9967,1.0242753252074157,9763,1,9534,0.0625884734718523,False,0.0040467079961672,47,archived_rho_0.5_unchanged,-11.914938163725216,False,ok,
6,Normal,10000,5,0.5,fresh_n,8,2026106708,,-1.0,6.257704449237527,False,31,inf,0.0,0.0,0.0,False,0.0,0.0015,0.975,0.0228,0.0007,0.0,0.0,-5.486593050373793,0.0038,38,0.9962,1.024485196188915,9761,1,9531,0.0630209143544769,False,0.0040209589642472,47,archived_rho_0.5_unchanged,-11.74429749961132,False,ok,
6,Normal,10000,5,0.5,fresh_n,8,2026106708,,-1.0,6.257704449237527,False,32,inf,0.0,0.0,0.0,False,0.0,0.0015,0.9795,0.0185,0.0005,0.0,0.0,-5.810913068662202,0.002,20,0.998,1.0195758564437194,9808,1,9619,0.0442038579833019,False,0.0039768330170772,47,archived_rho_0.5_unchanged,-12.068617517899728,False,ok,
6,Normal,10000,5,0.5,fresh_n,8,2026106708,,-1.0,6.257704449237527,False,33,inf,0.0,0.0,0.0,False,0.0,0.0015,0.9803,0.0178,0.0004,0.0,0.0,-6.486963689977217,0.0024,24,0.9976,1.0150223304912709,9852,1,9709,0.0396985794887431,False,0.0039271669811569,47,archived_rho_0.5_unchanged,-12.744668139214744,False,ok,
6,Normal,10000,5,0.5,fresh_n,8,2026106708,,-1.0,6.257704449237527,False,34,inf,0.0,0.0,0.0,False,0.0,0.0015,0.9803,0.018,0.0002,0.0,0.0,-6.148444486888726,0.0023,23,0.9977,1.0140959334753068,9861,1,9728,0.0382474307845365,False,0.0039953339728526,47,archived_rho_0.5_unchanged,-12.406148936126254,False,ok,
6,Normal,10000,5,0.5,fresh_n,8,2026106708,,-1.0,6.257704449237527,False,35,inf,0.0,0.0,0.0,False,0.0,0.0015,0.9849,0.0135,0.0001,0.0,0.0,-6.459332295615525,0.001,10,0.999,1.0121457489878545,9880,1,9761,0.0255440918841612,False,0.0040484170312993,47,archived_rho_0.5_unchanged,-12.71703674485305,False,ok,
6,Normal,10000,5,0.5,fresh_n,8,2026106708,,-1.0,6.257704449237527,False,36,inf,0.0,0.0,0.0,False,0.0,0.0015,0.9869,0.0114,0.0002,0.0,0.0,-6.420655504294328,0.0005,5,0.9995,1.0096930533117932,9904,1,9809,0.0209962247835207,False,0.0039880409603938,47,archived_rho_0.5_unchanged,-12.678359953531855,False,ok,
6,Normal,10000,5,0.5,fresh_n,8,2026106708,,-1.0,6.257704449237527,False,37,inf,0.0,0.0,0.0,False,0.0,0.0015,0.9898,0.0085,0.0002,0.0,0.0,-7.669801157049801,0.0005,5,0.9995,1.0096930533117932,9904,1,9808,0.0191999999999999,False,0.0038525839918293,47,archived_rho_0.5_unchanged,-13.927505606287328,False,ok,
6,Normal,10000,5,0.5,fresh_n,8,2026106708,,-1.0,6.257704449237527,False,38,inf,0.0,0.0,0.0,False,0.0,0.0015,0.9888,0.0095,0.0002,0.0,0.0,-6.783621251895053,0.0011,11,0.9989,1.007658202337767,9924,1,9851,0.0199847504436923,False,0.0038646659813821,47,archived_rho_0.5_unchanged,-13.04132570113258,False,ok,
6,Normal,10000,5,0.5,fresh_n,8,2026106708,,-1.0,6.257704449237527,False,39,inf,0.0,0.0,0.0,False,0.0,0.0015,0.9906,0.0078,0.0001,0.0,0.0,-8.344924445693175,0.0006,6,0.9994,1.0068465565847764,9932,1,9865,0.015776678531785,False,0.0038295419653877,47,archived_rho_0.5_unchanged,-14.602628894930703,False,ok,
6,Normal,10000,5,0.5,fresh_n,8,2026106708,,-1.0,6.257704449237527,False,40,inf,0.0,0.0,0.0,False,0.0,0.0015,0.9916,0.0068,0.0001,0.0,0.0,-8.712966315777402,0.0003,3,0.9997,1.0052271813429836,9948,1,9896,0.0104,False,0.0037969579570926,47,archived_rho_0.5_unchanged,-14.97067076501493,False,ok,
6,Normal,10000,5,0.5,fresh_n,9,2026106709,,-1.0,6.257704449237527,False,1,7.106373832218816,0.9987,0.9987,0.9984998499849984,True,0.9987,0.0013,0.0,0.0,0.0,0.0,0.0,7.093189168970089,1.0,10000,0.0,10000.0,1,10000,0,1.0819121392086877,False,0.0045429999590851,47,archived_rho_0.5_unchanged,0.8354847197325626,False,ok,
6,Normal,10000,5,0.5,fresh_n,9,2026106709,,-1.0,6.257704449237527,False,2,6.158952931954065,0.9522,0.9522,0.9513951395139514,False,0.9522,0.0013,0.0,0.0,0.0465,0.0,0.0,6.103465699723513,1.0,10000,0.0,312.5,32,54,0,1.3387282201849728,False,0.004213250009343,47,archived_rho_0.5_unchanged,-0.15423874951401384,False,ok,
6,Normal,10000,5,0.5,fresh_n,9,2026106709,,-1.0,6.257704449237527,False,3,5.934689342892583,0.905,0.9025,0.9004199160167966,False,0.905,0.0013,0.0023,0.0023,0.0891,0.0,0.0,5.948184352608063,0.9974,9974,0.0026,103.09278350515464,97,1,16,1.4060777681237897,False,0.0041064160177484,47,archived_rho_0.5_unchanged,-0.30952009662946356,False,ok,
6,Normal,10000,5,0.5,fresh_n,9,2026106709,,-1.0,6.257704449237527,False,4,5.6405892705766005,0.835,0.8233,0.819081908190819,False,0.835,0.0013,0.0095,0.0081,0.1461,0.0,0.0,5.586041621324398,0.9885,9885,0.0114999999999999,39.8406374501992,251,1,66,1.5854515238802331,False,0.0046835000393912,47,archived_rho_0.5_unchanged,-0.6716628279131287,False,ok,
6,Normal,10000,5,0.5,fresh_n,9,2026106709,,-1.0,6.257704449237527,False,5,5.352233287137228,0.7381,0.7246,0.7023702370237024,False,0.7381,0.0013,0.0218,0.0147,0.2241,0.0,0.0,5.204426873420181,0.9767,9767,0.0232999999999999,23.04147465437788,434,1,123,1.8035807277863376,False,0.0049634999595582,47,archived_rho_0.5_unchanged,-1.0532775758173454,False,ok,
6,Normal,10000,5,0.5,fresh_n,9,2026106709,,-1.0,6.257704449237527,False,6,4.996542180451614,0.6249,0.6018,0.585958595859586,False,0.6249,0.0013,0.0345,0.0277,0.3116,0.0,0.0,4.782087466438759,0.9609,9609,0.0391,14.662756598240469,682,1,215,2.051109362735857,False,0.0051514169899746,47,archived_rho_0.5_unchanged,-1.4756169827987673,False,ok,
6,Normal,10000,5,0.5,fresh_n,9,2026106709,,-1.0,6.257704449237527,False,7,4.671654500902292,0.4971,0.4662,0.4595080983803239,False,0.4971,0.0013,0.0604,0.0444,0.3968,0.0,0.0,4.251779333553001,0.9291,9291,0.0708999999999999,9.216589861751151,1085,1,402,2.2985735137182126,False,0.0054416670463979,47,archived_rho_0.5_unchanged,-2.0059251156845255,False,ok,
6,Normal,10000,5,0.5,fresh_n,9,2026106709,,-1.0,6.257704449237527,False,8,4.238778669333679,0.3781,0.3406,0.312031203120312,False,0.3781,0.0013,0.0919,0.07,0.4587,0.0,0.0,3.6616298057669874,0.8915,8915,0.1085,6.43915003219575,1553,1,629,2.5412941648570477,False,0.0055280000087805,47,archived_rho_0.5_unchanged,-2.5960746434705393,False,ok,
6,Normal,10000,5,0.5,fresh_n,9,2026106709,,-1.0,6.257704449237527,False,9,3.8189767402919146,0.2629,0.214,0.1947194719471947,False,0.2629,0.0013,0.1311,0.0983,0.5064,0.0,0.0,2.950794781141276,0.8466,8466,0.1533999999999999,4.777830864787386,2093,1,893,2.789419117578178,False,0.0056620829855091,47,archived_rho_0.5_unchanged,-3.306909668096251,False,ok,
6,Normal,10000,5,0.5,fresh_n,9,2026106709,,-1.0,6.257704449237527,False,10,3.3200252015034706,0.1701,0.114,0.0921092109210921,False,0.1701,0.0013,0.1909,0.1276,0.5101,0.0,0.0,2.2901912342398036,0.7818,7818,0.2181999999999999,3.6616623947272062,2731,1,1306,2.845080946797579,False,0.0064289160072803,47,archived_rho_0.5_unchanged,-3.967513214997723,False,ok,
6,Normal,10000,5,0.5,fresh_n,9,2026106709,,-1.0,6.257704449237527,False,11,2.8458997602131735,0.1078,0.0521,0.0465046504650465,False,0.1078,0.0013,0.2504,0.1611,0.4794,0.0,0.0,1.594319042144591,0.7031,7031,0.2969,2.9120559114735003,3434,1,1768,2.8328189196761477,False,0.0067737919744104,47,archived_rho_0.5_unchanged,-4.663385407092935,False,ok,
6,Normal,10000,5,0.5,fresh_n,9,2026106709,,-1.0,6.257704449237527,False,12,2.3832516267354564,0.0646,0.019,0.0132013201320132,False,0.0646,0.0013,0.3187,0.1841,0.4313,0.0,0.0,0.8144012924409109,0.6286,6286,0.3713999999999999,2.4295432458697763,4116,1,2251,2.860937889659074,False,0.0064931250526569,47,archived_rho_0.5_unchanged,-5.443303156796616,False,ok,
6,Normal,10000,5,0.5,fresh_n,9,2026106709,,-1.0,6.257704449237527,False,13,1.8477308697223165,0.0329,0.005,0.0036003600360036,False,0.0329,0.0013,0.405,0.2045,0.3563,0.0,0.0,0.1449966800625287,0.5378,5378,0.4622,2.0725388601036268,4825,1,2833,2.6921509597274516,False,0.0065682079875841,47,archived_rho_0.5_unchanged,-6.112707769174998,False,ok,
6,Normal,10000,5,0.5,fresh_n,9,2026106709,,-1.0,6.257704449237527,False,14,1.0955246266076974,0.0158,0.0002,0.0,False,0.0158,0.0013,0.4733,0.2219,0.2877,0.0,0.0,-0.510050925428876,0.4491,4491,0.5509,1.8034265103697025,5545,1,3543,2.411599529189643,False,0.006542166986037,47,archived_rho_0.5_unchanged,-6.767755374666403,False,ok,
6,Normal,10000,5,0.5,fresh_n,9,2026106709,,-1.0,6.257704449237527,False,15,0.5913975428038507,0.0084,0.0003,0.0,False,0.0084,0.0013,0.5496,0.2316,0.2091,0.0,0.0,-1.1643954857628034,0.3648,3648,0.6352,1.6152479405588758,6191,1,4200,2.1646058313109178,False,0.0065515830065123,47,archived_rho_0.5_unchanged,-7.42209993500033,False,ok,
6,Normal,10000,5,0.5,fresh_n,9,2026106709,,-1.0,6.257704449237527,False,16,0.2255535160957436,0.0047,0.0,0.0,False,0.0047,0.0013,0.6192,0.2219,0.1529,0.0,0.0,-1.701131949572611,0.2832,2832,0.7168,1.464343242055938,6829,1,4990,1.7934155478655265,False,0.0062977910274639,47,archived_rho_0.5_unchanged,-7.958836398810138,False,ok,
6,Normal,10000,5,0.5,fresh_n,9,2026106709,,-1.0,6.257704449237527,False,17,-0.4349203043659784,0.003,0.0,0.0,False,0.003,0.0013,0.6907,0.2001,0.1049,0.0,0.0,-2.183378654118434,0.2181,2181,0.7819,1.3646288209606987,7328,1,5599,1.4865117338672218,False,0.0060444999835453,47,archived_rho_0.5_unchanged,-8.441083103355961,False,ok,
6,Normal,10000,5,0.5,fresh_n,9,2026106709,,-1.0,6.257704449237527,False,18,-0.7204535759470292,0.0013,0.0,0.0,False,0.0013,0.0013,0.7375,0.1849,0.075,0.0,0.0,-2.799772111552247,0.1621,1621,0.8379,1.2873326467559216,7768,1,6190,1.2196735447221494,False,0.0058820000267587,47,archived_rho_0.5_unchanged,-9.057476560789773,False,ok,
6,Normal,10000,5,0.5,fresh_n,9,2026106709,,-1.0,6.257704449237527,False,19,-2.0158770841420695,0.0004,0.0,0.0,False,0.0004,0.0013,0.7803,0.1678,0.0502,0.0,0.0,-3.1545734057070054,0.1151,1151,0.8849,1.21921482565228,8202,1,6844,0.9247454111203998,False,0.0054829999571666,47,archived_rho_0.5_unchanged,-9.412277854944533,False,ok,
6,Normal,10000,5,0.5,fresh_n,9,2026106709,,-1.0,6.257704449237527,False,20,-1.4265283308397945,0.0004,0.0,0.0,False,0.0004,0.0013,0.8263,0.1415,0.0305,0.0,0.0,-3.518635273687144,0.0798,798,0.9202,1.1760555098200636,8503,1,7296,0.6863029828332362,False,0.0052558750030584,47,archived_rho_0.5_unchanged,-9.776339722924671,False,ok,
6,Normal,10000,5,0.5,fresh_n,9,2026106709,,-1.0,6.257704449237527,False,21,-3.5913243162570345,0.0004,0.0,0.0,False,0.0004,0.0013,0.8525,0.1244,0.0214,0.0,0.0,-3.82360614785999,0.0594,594,0.9406,1.1399908800729597,8772,1,7754,0.5363212362565541,False,0.0051625829655677,47,archived_rho_0.5_unchanged,-10.081310597097517,False,ok,
6,Normal,10000,5,0.5,fresh_n,9,2026106709,,-1.0,6.257704449237527,False,22,-0.7997333574184112,0.0002,0.0,0.0,False,0.0002,0.0013,0.8792,0.1038,0.0155,0.0,0.0,-4.142076855994382,0.0431,431,0.9569,1.1150758251561106,8968,1,8079,0.4183392799148075,False,0.004959957965184,47,archived_rho_0.5_unchanged,-10.399781305231908,False,ok,
6,Normal,10000,5,0.5,fresh_n,9,2026106709,,-1.0,6.257704449237527,False,23,-5.743869415696372,0.0002,0.0,0.0,False,0.0002,0.0013,0.9004,0.0876,0.0105,0.0,0.0,-4.6010487362479955,0.0301,301,0.9699,1.088613106901807,9186,1,8466,0.3143941778004322,False,0.0047175409854389,47,archived_rho_0.5_unchanged,-10.858753185485522,False,ok,
6,Normal,10000,5,0.5,fresh_n,9,2026106709,,-1.0,6.257704449237527,False,24,-2.9816236389399418,0.0001,0.0,0.0,False,0.0001,0.0013,0.9172,0.0723,0.0091,0.0,0.0,-4.606790007641775,0.0252,252,0.9748,1.077237961865776,9283,1,8646,0.2629530557883892,False,0.0044799579773098,47,archived_rho_0.5_unchanged,-10.864494456879303,False,ok,
6,Normal,10000,5,0.5,fresh_n,9,2026106709,,-1.0,6.257704449237527,False,25,-6.354360582056734,0.0001,0.0,0.0,False,0.0001,0.0013,0.9321,0.0614,0.0051,0.0,0.0,-4.881149082732768,0.0177,177,0.9823,1.059658789869662,9437,1,8926,0.2006318217484989,False,0.0044267499470151,47,archived_rho_0.5_unchanged,-11.138853531970295,False,ok,
6,Normal,10000,5,0.5,fresh_n,9,2026106709,,-1.0,6.257704449237527,False,26,-4.6679921104983375,0.0002,0.0,0.0,False,0.0002,0.0013,0.9398,0.0553,0.0034,0.0,0.0,-5.442752814622791,0.0115,115,0.9885,1.0534077741493733,9493,1,9018,0.15768545761924,False,0.0042687500244937,47,archived_rho_0.5_unchanged,-11.700457263860319,False,ok,
6,Normal,10000,5,0.5,fresh_n,9,2026106709,,-1.0,6.257704449237527,False,27,inf,0.0,0.0,0.0,False,0.0,0.0013,0.9508,0.0453,0.0026,0.0,0.0,-5.2473417709285,0.012,120,0.988,1.0455876202425762,9564,1,9166,0.1431514336323495,False,0.0043198330095037,47,archived_rho_0.5_unchanged,-11.505046220166026,False,ok,
6,Normal,10000,5,0.5,fresh_n,9,2026106709,,-1.0,6.257704449237527,False,28,-6.354360582056734,0.0001,0.0,0.0,False,0.0001,0.0013,0.9549,0.0425,0.0012,0.0,0.0,-6.027355134517684,0.0067,67,0.9933,1.034126163391934,9670,1,9355,0.092002765788443,False,0.0040988749824464,47,archived_rho_0.5_unchanged,-12.28505958375521,False,ok,
6,Normal,10000,5,0.5,fresh_n,9,2026106709,,-1.0,6.257704449237527,False,29,inf,0.0,0.0,0.0,False,0.0,0.0013,0.9612,0.0356,0.0019,0.0,0.0,-5.3700938447112625,0.0053,53,0.9947,1.0320982557539478,9689,1,9393,0.0859043560145448,False,0.0040526670054532,47,archived_rho_0.5_unchanged,-11.62779829394879,False,ok,
6,Normal,10000,5,0.5,fresh_n,9,2026106709,,-1.0,6.257704449237527,False,30,inf,0.0,0.0,0.0,False,0.0,0.0013,0.9703,0.0279,0.0005,0.0,0.0,-6.502557929726145,0.0038,38,0.9962,1.0236462278636502,9769,1,9545,0.0599098521550223,False,0.0039780829683877,47,archived_rho_0.5_unchanged,-12.760262378963672,False,ok,
6,Normal,10000,5,0.5,fresh_n,9,2026106709,,-1.0,6.257704449237527,False,31,inf,0.0,0.0,0.0,False,0.0,0.0013,0.972,0.0257,0.001,0.0,0.0,-5.8104538712096385,0.0024,24,0.9976,1.0249051962693452,9757,1,9519,0.0596447673231574,False,0.0039528750348836,47,archived_rho_0.5_unchanged,-12.068158320447164,False,ok,
6,Normal,10000,5,0.5,fresh_n,9,2026106709,,-1.0,6.257704449237527,False,32,inf,0.0,0.0,0.0,False,0.0,0.0013,0.9769,0.0211,0.0007,0.0,0.0,-6.19769862705056,0.0033,33,0.9967,1.0175010175010175,9828,1,9665,0.0503672264249128,False,0.0038914589677006,47,archived_rho_0.5_unchanged,-12.455403076288086,False,ok,
6,Normal,10000,5,0.5,fresh_n,9,2026106709,,-1.0,6.257704449237527,False,33,inf,0.0,0.0,0.0,False,0.0,0.0013,0.9783,0.0199,0.0005,0.0,0.0,-6.3072496004947824,0.0019,19,0.9981,1.017708121310808,9826,1,9656,0.0408146684220895,False,0.004093041003216,47,archived_rho_0.5_unchanged,-12.56495404973231,False,ok,
6,Normal,10000,5,0.5,fresh_n,9,2026106709,,-1.0,6.257704449237527,False,34,-6.354360582056734,0.0001,0.0,0.0,False,0.0001,0.0013,0.9831,0.0149,0.0006,0.0,0.0,-7.916515379881634,0.0015,15,0.9985,1.015228426395939,9850,1,9702,0.0331459310699285,False,0.003980915993452,47,archived_rho_0.5_unchanged,-14.17421982911916,False,ok,
6,Normal,10000,5,0.5,fresh_n,9,2026106709,,-1.0,6.257704449237527,False,35,inf,0.0,0.0,0.0,False,0.0,0.0013,0.9852,0.0131,0.0004,0.0,0.0,-7.136986156072152,0.0015,15,0.9985,1.0121457489878545,9880,1,9763,0.0295367271053719,False,0.0038862919900566,47,archived_rho_0.5_unchanged,-13.394690605309679,False,ok,
6,Normal,10000,5,0.5,fresh_n,9,2026106709,,-1.0,6.257704449237527,False,36,-6.354360582056734,0.0001,0.0,0.0,False,0.0001,0.0013,0.9852,0.0134,0.0,0.0,0.0,-5.910055313045603,0.0014,14,0.9986,1.012248203259439,9879,1,9759,0.0264960516562997,False,0.0038873339653946,47,archived_rho_0.5_unchanged,-12.16775976228313,False,ok,
6,Normal,10000,5,0.5,fresh_n,9,2026106709,,-1.0,6.257704449237527,False,37,inf,0.0,0.0,0.0,False,0.0,0.0013,0.9891,0.0095,0.0001,0.0,0.0,-6.45387473708901,0.0012,12,0.9988,1.0105092966855296,9896,1,9794,0.0244930304888488,False,0.0040062080370262,47,archived_rho_0.5_unchanged,-12.711579186326537,False,ok,
6,Normal,10000,5,0.5,fresh_n,9,2026106709,,-1.0,6.257704449237527,False,38,inf,0.0,0.0,0.0,False,0.0,0.0013,0.9894,0.0091,0.0002,0.0,0.0,-7.135151776247523,0.0005,5,0.9995,1.0072522159548751,9928,1,9856,0.0144,False,0.0039747499977238,47,archived_rho_0.5_unchanged,-13.39285622548505,False,ok,
6,Normal,10000,5,0.5,fresh_n,9,2026106709,,-1.0,6.257704449237527,False,39,inf,0.0,0.0,0.0,False,0.0,0.0013,0.9907,0.0079,0.0001,0.0,0.0,-8.635810672948615,0.0007,7,0.9993,1.0071507704703395,9929,1,9859,0.0162058215741278,False,0.0038138749659992,47,archived_rho_0.5_unchanged,-14.893515122186141,False,ok,
6,Normal,10000,5,0.5,fresh_n,9,2026106709,,-1.0,6.257704449237527,False,40,inf,0.0,0.0,0.0,False,0.0,0.0013,0.9911,0.0075,0.0001,0.0,0.0,-8.502032551072698,0.0011,11,0.9989,1.0064412238325282,9936,1,9874,0.0159459310699286,False,0.003771209041588,47,archived_rho_0.5_unchanged,-14.759737000310224,False,ok,
6,Normal,10000,5,0.5,fresh_n,10,2026106710,,-1.0,6.257704449237527,False,1,7.066023259746116,0.9984,0.9984,0.9975997599759976,True,0.9984,0.0016,0.0,0.0,0.0,0.0,0.0,7.05596180546915,1.0,10000,0.0,10000.0,1,10000,0,1.079192081514195,False,0.0045863750274293,47,archived_rho_0.5_unchanged,0.7982573562316233,False,ok,
6,Normal,10000,5,0.5,fresh_n,10,2026106710,,-1.0,6.257704449237527,False,2,6.149937997590382,0.9541,0.9541,0.9465946594659466,False,0.9541,0.0016,0.0,0.0,0.0443,0.0,0.0,6.085247284348025,1.0,10000,0.0,312.5,32,76,0,1.3449007118365133,False,0.0041858330368995,47,archived_rho_0.5_unchanged,-0.1724571648895017,False,ok,
6,Normal,10000,5,0.5,fresh_n,10,2026106710,,-1.0,6.257704449237527,False,3,5.898400657965852,0.8969,0.8954,0.8817881788178817,False,0.8969,0.0016,0.002,0.0017,0.0978,0.0,0.0,5.9186985570091,0.9964,9964,0.0036,93.45794392523364,107,1,22,1.409739375447581,False,0.0040944999782368,47,archived_rho_0.5_unchanged,-0.3390058922284265,False,ok,
6,Normal,10000,5,0.5,fresh_n,10,2026106710,,-1.0,6.257704449237527,False,4,5.613237337712576,0.8301,0.8213,0.8076807680768077,False,0.8301,0.0016,0.0101,0.0092,0.149,0.0,0.0,5.525929841382494,0.9864,9864,0.0135999999999999,36.231884057971016,276,1,73,1.6190480346188136,False,0.0044177080271765,47,archived_rho_0.5_unchanged,-0.7317746078550327,False,ok,
6,Normal,10000,5,0.5,fresh_n,10,2026106710,,-1.0,6.257704449237527,False,5,5.283462280752455,0.7288,0.7109,0.693969396939694,False,0.7288,0.0016,0.0208,0.0207,0.2281,0.0,0.0,5.095996908406106,0.9738,9738,0.0262,20.449897750511248,489,1,125,1.8710027693013391,False,0.004574709048029,47,archived_rho_0.5_unchanged,-1.1617075408314204,False,ok,
6,Normal,10000,5,0.5,fresh_n,10,2026106710,,-1.0,6.257704449237527,False,6,4.934054612978938,0.6057,0.5837,0.5655565556555655,False,0.6057,0.0016,0.0396,0.0298,0.3233,0.0,0.0,4.620549814706791,0.9496,9496,0.0504,12.531328320802006,798,1,241,2.116866205373049,False,0.0047742500319145,47,archived_rho_0.5_unchanged,-1.6371546345307353,False,ok,
6,Normal,10000,5,0.5,fresh_n,10,2026106710,,-1.0,6.257704449237527,False,7,4.561970131848156,0.461,0.427,0.4035403540354035,False,0.461,0.0016,0.0693,0.0536,0.4145,0.0,0.0,4.078327336033852,0.9149,9149,0.0850999999999999,8.051529790660226,1242,1,475,2.383515126078873,False,0.0051387079874984,47,archived_rho_0.5_unchanged,-2.1793771132036746,False,ok,
6,Normal,10000,5,0.5,fresh_n,10,2026106710,,-1.0,6.257704449237527,False,8,4.1003357620392,0.3439,0.3046,0.2808280828082808,False,0.3439,0.0016,0.1071,0.0793,0.4681,0.0,0.0,3.4290154139653226,0.8716,8716,0.1283999999999999,5.672149744753262,1763,1,729,2.5891568337865456,False,0.0053231670171953,47,archived_rho_0.5_unchanged,-2.828689035272204,False,ok,
6,Normal,10000,5,0.5,fresh_n,10,2026106710,,-1.0,6.257704449237527,False,9,3.700399567747473,0.2415,0.1871,0.1563156315631563,False,0.2415,0.0016,0.1531,0.1031,0.5007,0.0,0.0,2.720924545422943,0.818,8180,0.182,4.23908435777872,2359,1,1081,2.788018441572594,False,0.0056282919831573,47,archived_rho_0.5_unchanged,-3.5367799038145837,False,ok,
6,Normal,10000,5,0.5,fresh_n,10,2026106710,,-1.0,6.257704449237527,False,10,3.224424831263516,0.1524,0.0955,0.0756075607560756,False,0.1524,0.0016,0.215,0.1274,0.5036,0.0,0.0,1.999248765714405,0.746,7460,0.254,3.3025099075297226,3028,1,1501,2.828251190784769,False,0.005914292007219,47,archived_rho_0.5_unchanged,-4.258455683523122,False,ok,
6,Normal,10000,5,0.5,fresh_n,10,2026106710,,-1.0,6.257704449237527,False,11,2.649415379439471,0.0885,0.0354,0.0252025202520252,False,0.0885,0.0016,0.2753,0.1696,0.465,0.0,0.0,1.2629663749389552,0.675,6750,0.3249999999999999,2.6946914578280787,3711,1,1960,2.829555714440777,False,0.0061165000079199,47,archived_rho_0.5_unchanged,-4.994738074298572,False,ok,
6,Normal,10000,5,0.5,fresh_n,10,2026106710,,-1.0,6.257704449237527,False,12,2.1548899316501497,0.0478,0.0117,0.0057005700570057,False,0.0478,0.0016,0.3468,0.19,0.4138,0.0,0.0,0.5053272362361722,0.5941,5941,0.4059,2.2366360993066428,4471,1,2599,2.8031624973690485,False,0.006327917042654,47,archived_rho_0.5_unchanged,-5.752377213001354,False,ok,
6,Normal,10000,5,0.5,fresh_n,10,2026106710,,-1.0,6.257704449237527,False,13,1.7196861678971664,0.0253,0.002,0.0012001200120012,False,0.0253,0.0016,0.4286,0.2118,0.3327,0.0,0.0,-0.2483623821243273,0.4943,4943,0.5057,1.9011406844106464,5260,1,3328,2.543717101869318,False,0.0069489589659497,47,archived_rho_0.5_unchanged,-6.506066831361854,False,ok,
6,Normal,10000,5,0.5,fresh_n,10,2026106710,,-1.0,6.257704449237527,False,14,1.4316335390621886,0.0114,0.0002,0.0,False,0.0114,0.0016,0.5168,0.2171,0.2531,0.0,0.0,-0.8755668046006894,0.3973,3973,0.6027,1.6840687100033682,5938,1,3962,2.2358410944311697,False,0.0065352499950677,47,archived_rho_0.5_unchanged,-7.133271253838216,False,ok,
6,Normal,10000,5,0.5,fresh_n,10,2026106710,,-1.0,6.257704449237527,False,15,0.1769290304334409,0.0048,0.0,0.0,False,0.0048,0.0016,0.5758,0.2276,0.1902,0.0,0.0,-1.5420802981170787,0.3279,3279,0.6720999999999999,1.5391719255040788,6497,1,4572,2.0123524234742733,False,0.0064114169799722,47,archived_rho_0.5_unchanged,-7.799784747354606,False,ok,
6,Normal,10000,5,0.5,fresh_n,10,2026106710,,-1.0,6.257704449237527,False,16,0.1497990752426919,0.0031,0.0,0.0,False,0.0031,0.0016,0.6482,0.2164,0.1307,0.0,0.0,-2.049733900861329,0.2376,2376,0.7624,1.395283940281847,7167,1,5378,1.5832309752199814,False,0.0061700419755652,47,archived_rho_0.5_unchanged,-8.307438350098856,False,ok,
6,Normal,10000,5,0.5,fresh_n,10,2026106710,,-1.0,6.257704449237527,False,17,0.0335127538828334,0.0009,0.0,0.0,False,0.0009,0.0016,0.7115,0.1991,0.0869,0.0,0.0,-2.678349022238541,0.1755,1755,0.8245,1.3024225058609014,7678,1,6068,1.2797675491345533,False,0.0057974170194938,47,archived_rho_0.5_unchanged,-8.936053471476068,False,ok,
6,Normal,10000,5,0.5,fresh_n,10,2026106710,,-1.0,6.257704449237527,False,18,0.0950160141946124,0.0012,0.0,0.0,False,0.0012,0.0016,0.7614,0.1744,0.0614,0.0,0.0,-3.0457935662242126,0.1321,1321,0.8679,1.2362467548522684,8089,1,6691,1.0304235361928242,False,0.0056963749811984,47,archived_rho_0.5_unchanged,-9.30349801546174,False,ok,
6,Normal,10000,5,0.5,fresh_n,10,2026106710,,-1.0,6.257704449237527,False,19,-0.558850764425172,0.0003,0.0,0.0,False,0.0003,0.0016,0.8038,0.157,0.0373,0.0,0.0,-3.5410244628218965,0.094,940,0.906,1.1910433539780847,8396,1,7126,0.8082592835159288,False,0.0052872910164296,47,archived_rho_0.5_unchanged,-9.798728912059424,False,ok,
6,Normal,10000,5,0.5,fresh_n,10,2026106710,,-1.0,6.257704449237527,False,20,-1.039603567366512,0.0006,0.0,0.0,False,0.0006,0.0016,0.8388,0.131,0.028,0.0,0.0,-3.733232530062099,0.0701,701,0.9299,1.1500862564692351,8695,1,7638,0.6146224234889193,False,0.0050211249617859,47,archived_rho_0.5_unchanged,-9.990936979299626,False,ok,
6,Normal,10000,5,0.5,fresh_n,10,2026106710,,-1.0,6.257704449237527,False,21,-2.185360455877424,0.0001,0.0,0.0,False,0.0001,0.0016,0.872,0.1081,0.0182,0.0,0.0,-4.173968916226797,0.0483,483,0.9517,1.1183180496533214,8942,1,8040,0.4635124211644729,False,0.0049083330086432,47,archived_rho_0.5_unchanged,-10.431673365464324,False,ok,
6,Normal,10000,5,0.5,fresh_n,10,2026106710,,-1.0,6.257704449237527,False,22,-1.50597736134831,0.0002,0.0,0.0,False,0.0002,0.0016,0.8954,0.09,0.0128,0.0,0.0,-4.692453380981746,0.0309,309,0.9691,1.0901558922925978,9173,1,8446,0.329958924171259,False,0.004689666966442,47,archived_rho_0.5_unchanged,-10.950157830219272,False,ok,
6,Normal,10000,5,0.5,fresh_n,10,2026106710,,-1.0,6.257704449237527,False,23,-2.185360455877424,0.0001,0.0,0.0,False,0.0001,0.0016,0.9174,0.0732,0.0077,0.0,0.0,-4.404148425747378,0.0221,221,0.9779,1.0768899418479432,9286,1,8637,0.251747379433714,False,0.0044437919859774,47,archived_rho_0.5_unchanged,-10.661852874984906,False,ok,
6,Normal,10000,5,0.5,fresh_n,10,2026106710,,-1.0,6.257704449237527,False,24,inf,0.0,0.0,0.0,False,0.0,0.0016,0.9258,0.0668,0.0058,0.0,0.0,-4.672091413276218,0.0146,146,0.9854,1.0637166258908626,9401,1,8841,0.185457697442092,False,0.0043886670027859,47,archived_rho_0.5_unchanged,-10.929795862513744,False,ok,
6,Normal,10000,5,0.5,fresh_n,10,2026106710,,-1.0,6.257704449237527,False,25,-2.185360455877424,0.0001,0.0,0.0,False,0.0001,0.0016,0.9416,0.054,0.0027,0.0,0.0,-5.180851985504997,0.012,120,0.988,1.0488777008600798,9534,1,9100,0.155774571011342,False,0.0045930829946883,47,archived_rho_0.5_unchanged,-11.438556434742523,False,ok,
6,Normal,10000,5,0.5,fresh_n,10,2026106710,,-1.0,6.257704449237527,False,26,inf,0.0,0.0,0.0,False,0.0,0.0016,0.9525,0.0442,0.0017,0.0,0.0,-4.956550039578013,0.0086,86,0.9914,1.0409076714895389,9607,1,9236,0.1186920354566959,False,0.0043036669958382,47,archived_rho_0.5_unchanged,-11.21425448881554,False,ok,
6,Normal,10000,5,0.5,fresh_n,10,2026106710,,-1.0,6.257704449237527,False,27,inf,0.0,0.0,0.0,False,0.0,0.0016,0.961,0.0356,0.0018,0.0,0.0,-5.1787798629361435,0.0069,69,0.9931,1.0335917312661498,9675,1,9369,0.1000979988214485,False,0.0040751249762251,47,archived_rho_0.5_unchanged,-11.43648431217367,False,ok,
6,Normal,10000,5,0.5,fresh_n,10,2026106710,,-1.0,6.257704449237527,False,28,inf,0.0,0.0,0.0,False,0.0,0.0016,0.9664,0.0307,0.0013,0.0,0.0,-5.652784468882382,0.0051,51,0.9949,1.0297600659046442,9711,1,9433,0.0800665439044295,False,0.0039862500270828,47,archived_rho_0.5_unchanged,-11.91048891811991,False,ok,
6,Normal,10000,5,0.5,fresh_n,10,2026106710,,-1.0,6.257704449237527,False,29,inf,0.0,0.0,0.0,False,0.0,0.0016,0.9731,0.0247,0.0006,0.0,0.0,-5.847398423156989,0.0025,25,0.9975,1.0209290454313424,9795,1,9595,0.0507005996690934,False,0.0041830830159597,47,archived_rho_0.5_unchanged,-12.105102872394514,False,ok,
6,Normal,10000,5,0.5,fresh_n,10,2026106710,,-1.0,6.257704449237527,False,30,inf,0.0,0.0,0.0,False,0.0,0.0016,0.973,0.0247,0.0007,0.0,0.0,-5.302839994218085,0.0055,55,0.9945,1.021554806415364,9789,1,9592,0.0682958296283835,False,0.0038911250303499,47,archived_rho_0.5_unchanged,-11.560544443455612,False,ok,
6,Normal,10000,5,0.5,fresh_n,10,2026106710,,-1.0,6.257704449237527,False,31,inf,0.0,0.0,0.0,False,0.0,0.0016,0.9787,0.0192,0.0005,0.0,0.0,-7.506546881013545,0.0018,18,0.9982,1.017708121310808,9826,1,9655,0.0407321942862176,False,0.0039075000095181,47,archived_rho_0.5_unchanged,-13.76425133025107,False,ok,
6,Normal,10000,5,0.5,fresh_n,10,2026106710,,-1.0,6.257704449237527,False,32,inf,0.0,0.0,0.0,False,0.0,0.0016,0.9803,0.0177,0.0004,0.0,0.0,-5.386449092310341,0.0021,21,0.9979,1.015228426395939,9850,1,9704,0.0362349493544759,False,0.0038411670248024,47,archived_rho_0.5_unchanged,-11.644153541547869,False,ok,
6,Normal,10000,5,0.5,fresh_n,10,2026106710,,-1.0,6.257704449237527,False,33,inf,0.0,0.0,0.0,False,0.0,0.0016,0.9838,0.0143,0.0003,0.0,0.0,-8.124895176826804,0.0008,8,0.9992,1.0107135637760258,9894,1,9790,0.0255208877774656,False,0.0038645840249955,47,archived_rho_0.5_unchanged,-14.38259962606433,False,ok,
6,Normal,10000,5,0.5,fresh_n,10,2026106710,,-1.0,6.257704449237527,False,34,inf,0.0,0.0,0.0,False,0.0,0.0016,0.9868,0.0115,0.0001,0.0,0.0,-6.665964361909211,0.0004,4,0.9996,1.008979921299566,9911,1,9822,0.0178,False,0.0039091249927878,47,archived_rho_0.5_unchanged,-12.923668811146737,False,ok,
6,Normal,10000,5,0.5,fresh_n,10,2026106710,,-1.0,6.257704449237527,False,35,inf,0.0,0.0,0.0,False,0.0,0.0016,0.9871,0.0113,0.0,0.0,0.0,-5.067754399254196,0.0003,3,0.9997,1.008979921299566,9911,1,9822,0.0178,False,0.003846917010378,47,archived_rho_0.5_unchanged,-11.325458848491722,False,ok,
6,Normal,10000,5,0.5,fresh_n,10,2026106710,,-1.0,6.257704449237527,False,36,inf,0.0,0.0,0.0,False,0.0,0.0016,0.9897,0.0086,0.0001,0.0,0.0,-6.886265165448697,0.0007,7,0.9993,1.007455168245013,9926,1,9852,0.0148,False,0.003841541998554,47,archived_rho_0.5_unchanged,-13.143969614686224,False,ok,
6,Normal,10000,5,0.5,fresh_n,10,2026106710,,-1.0,6.257704449237527,False,37,inf,0.0,0.0,0.0,False,0.0,0.0016,0.989,0.0093,0.0001,0.0,0.0,-5.260548638859649,0.0003,3,0.9997,1.0067451927917044,9933,1,9866,0.0134,False,0.0039075000095181,47,archived_rho_0.5_unchanged,-11.518253088097175,False,ok,
6,Normal,10000,5,0.5,fresh_n,10,2026106710,,-1.0,6.257704449237527,False,38,inf,0.0,0.0,0.0,False,0.0,0.0016,0.9906,0.0077,0.0001,0.0,0.0,-6.506201773326491,0.0006,6,0.9994,1.0063399416322834,9937,1,9874,0.0126,False,0.0038000830099917,47,archived_rho_0.5_unchanged,-12.763906222564017,False,ok,
6,Normal,10000,5,0.5,fresh_n,10,2026106710,,-1.0,6.257704449237527,False,39,inf,0.0,0.0,0.0,False,0.0,0.0016,0.994,0.0044,0.0,0.0,0.0,-5.018427100737438,0.0004,4,0.9996,1.0052271813429836,9948,1,9897,0.0119961531078124,False,0.0037621659575961,47,archived_rho_0.5_unchanged,-11.276131549974965,False,ok,
6,Normal,10000,5,0.5,fresh_n,10,2026106710,,-1.0,6.257704449237527,False,40,inf,0.0,0.0,0.0,False,0.0,0.0016,0.9929,0.0055,0.0,0.0,0.0,-6.402385775691051,0.0003,3,0.9997,1.0050251256281406,9950,1,9900,0.01,False,0.0037372080259956,47,archived_rho_0.5_unchanged,-12.660090224928577,False,ok,
6,Normal,10000,5,0.5,fresh_n,11,2026106711,,-1.0,6.257704449237527,False,1,7.112763363375342,0.9989,0.9989,0.9981998199819982,True,0.9989,0.0011,0.0,0.0,0.0,0.0,0.0,7.094248770306632,1.0,10000,0.0,10000.0,1,10000,0,1.0754660100543822,False,0.0047487090341746,47,archived_rho_0.5_unchanged,0.8365443210691055,False,ok,
6,Normal,10000,5,0.5,fresh_n,11,2026106711,,-1.0,6.257704449237527,False,2,6.159014384390927,0.9536,0.9536,0.9513951395139514,False,0.9536,0.0011,0.0,0.0,0.0453,0.0,0.0,6.098868524307635,1.0,10000,0.0,312.5,32,52,0,1.3386180807624402,False,0.004331916978117,47,archived_rho_0.5_unchanged,-0.15883592492989163,False,ok,
6,Normal,10000,5,0.5,fresh_n,11,2026106711,,-1.0,6.257704449237527,False,3,5.904597043371593,0.8945,0.8924,0.8886888688868887,False,0.8945,0.0011,0.0039,0.0021,0.0984,0.0,0.0,5.899646973196071,0.9956,9956,0.0043999999999999,85.47008547008546,117,1,22,1.44442889971228,False,0.0044057079940102,47,archived_rho_0.5_unchanged,-0.35805747604145566,False,ok,
6,Normal,10000,5,0.5,fresh_n,11,2026106711,,-1.0,6.257704449237527,False,4,5.574987599197053,0.8107,0.7973,0.7893789378937894,False,0.8107,0.0011,0.0105,0.0102,0.1675,0.0,0.0,5.458562163984244,0.9872,9872,0.0128,33.11258278145695,302,1,73,1.686974764707727,False,0.0046778329997323,47,archived_rho_0.5_unchanged,-0.799142285253283,False,ok,
6,Normal,10000,5,0.5,fresh_n,11,2026106711,,-1.0,6.257704449237527,False,5,5.273063230605593,0.6974,0.6805,0.666966696669667,False,0.6974,0.0011,0.0223,0.0212,0.258,0.0,0.0,5.034007475198854,0.9732,9732,0.0268,18.65671641791045,536,1,152,1.9575491313399231,False,0.0050698750419542,47,archived_rho_0.5_unchanged,-1.2236969740386723,False,ok,
6,Normal,10000,5,0.5,fresh_n,11,2026106711,,-1.0,6.257704449237527,False,6,4.8617272380569245,0.5674,0.5395,0.5175517551755175,False,0.5674,0.0011,0.043,0.0379,0.3506,0.0,0.0,4.51610481471715,0.9447,9447,0.0553,11.135857461024498,898,1,304,2.2027911937001763,False,0.0049252079916186,47,archived_rho_0.5_unchanged,-1.7415996345203766,False,ok,
6,Normal,10000,5,0.5,fresh_n,11,2026106711,,-1.0,6.257704449237527,False,7,4.434664820895338,0.4346,0.3907,0.3639363936393639,False,0.4346,0.0011,0.0767,0.0531,0.4345,0.0,0.0,3.8354267740264816,0.9068,9068,0.0931999999999999,7.22543352601156,1384,1,534,2.499327376872243,False,0.0052313749911263,47,archived_rho_0.5_unchanged,-2.422277675211045,False,ok,
6,Normal,10000,5,0.5,fresh_n,11,2026106711,,-1.0,6.257704449237527,False,8,3.981546356578905,0.3028,0.2543,0.234023402340234,False,0.3028,0.0011,0.1184,0.082,0.4957,0.0,0.0,3.1674700185076867,0.8555,8555,0.1444999999999999,5.06842372022301,1973,1,864,2.6871202419950473,False,0.0066427090205252,47,archived_rho_0.5_unchanged,-3.09023443072984,False,ok,
6,Normal,10000,5,0.5,fresh_n,11,2026106711,,-1.0,6.257704449237527,False,9,3.4887451672873007,0.1956,0.1439,0.1188118811881188,False,0.1956,0.0011,0.1712,0.1101,0.522,0.0,0.0,2.3691493999462083,0.7891,7891,0.2108999999999999,3.743916136278547,2671,1,1271,2.8657003374579486,False,0.0059699580306187,47,archived_rho_0.5_unchanged,-3.8885550492913183,False,ok,
6,Normal,10000,5,0.5,fresh_n,11,2026106711,,-1.0,6.257704449237527,False,10,2.961184054419369,0.117,0.0604,0.0486048604860486,False,0.117,0.0011,0.2359,0.1506,0.4954,0.0,0.0,1.6443760082285068,0.7115,7115,0.2885,2.9542097488921715,3385,1,1742,2.883291071477751,False,0.0063435829943045,47,archived_rho_0.5_unchanged,-4.61332844100902,False,ok,
6,Normal,10000,5,0.5,fresh_n,11,2026106711,,-1.0,6.257704449237527,False,11,2.4572759246533145,0.0614,0.0162,0.0123012301230123,False,0.0614,0.0011,0.3085,0.1852,0.4438,0.0,0.0,0.7625198116086193,0.6154,6154,0.3846,2.3618327822390173,4234,1,2392,2.8227976731797746,False,0.0064892500522546,47,archived_rho_0.5_unchanged,-5.495184637628907,False,ok,
6,Normal,10000,5,0.5,fresh_n,11,2026106711,,-1.0,6.257704449237527,False,12,1.902284618982244,0.0345,0.0035,0.0033003300330033,False,0.0345,0.0011,0.3852,0.2184,0.3608,0.0,0.0,0.0040975199654339,0.5272,5272,0.4728,2.0185708518368997,4954,1,2967,2.69632190752025,False,0.0065396249992772,47,archived_rho_0.5_unchanged,-6.253606929272093,False,ok,
6,Normal,10000,5,0.5,fresh_n,11,2026106711,,-1.0,6.257704449237527,False,13,1.3503795955297513,0.0178,0.0009,0.0,False,0.0178,0.0011,0.4697,0.2346,0.2768,0.0,0.0,-0.6501106742650206,0.4263,4263,0.5737,1.7522340984755564,5707,1,3678,2.3540008753576664,False,0.0070950000081211,47,archived_rho_0.5_unchanged,-6.907815123502547,False,ok,
6,Normal,10000,5,0.5,fresh_n,11,2026106711,,-1.0,6.257704449237527,False,14,0.7966297274109337,0.0089,0.0,0.0,False,0.0089,0.0011,0.554,0.225,0.211,0.0,0.0,-1.4322741242716597,0.3413,3413,0.6587000000000001,1.5600624024960998,6410,1,4468,2.0735005535924267,False,0.0067534580011852,47,archived_rho_0.5_unchanged,-7.689978573509187,False,ok,
6,Normal,10000,5,0.5,fresh_n,11,2026106711,,-1.0,6.257704449237527,False,15,0.3160570940178985,0.0036,0.0,0.0,False,0.0036,0.0011,0.6301,0.2224,0.1428,0.0,0.0,-1.9705414563281227,0.2517,2517,0.7483,1.419849495953429,7043,1,5210,1.652874998524011,False,0.0062601669924333,47,archived_rho_0.5_unchanged,-8.22824590556565,False,ok,
6,Normal,10000,5,0.5,fresh_n,11,2026106711,,-1.0,6.257704449237527,False,16,-0.4788321773403307,0.0016,0.0,0.0,False,0.0016,0.0011,0.7018,0.1986,0.0969,0.0,0.0,-2.497806239602168,0.1848,1848,0.8152,1.3109596224436288,7628,1,6010,1.3332994038717323,False,0.0059092080336995,47,archived_rho_0.5_unchanged,-8.755510688839696,False,ok,
6,Normal,10000,5,0.5,fresh_n,11,2026106711,,-1.0,6.257704449237527,False,17,-0.7609001494805773,0.0009,0.0,0.0,False,0.0009,0.0011,0.7523,0.1835,0.0622,0.0,0.0,-2.890545346593944,0.1331,1331,0.8669,1.247193813918683,8018,1,6561,1.0240396663351838,False,0.005656125023961,47,archived_rho_0.5_unchanged,-9.148249795831472,False,ok,
6,Normal,10000,5,0.5,fresh_n,11,2026106711,,-1.0,6.257704449237527,False,18,-1.1899039411142465,0.0005,0.0,0.0,False,0.0005,0.0011,0.8013,0.157,0.0401,0.0,0.0,-3.216276666916095,0.0907,907,0.9093,1.180776951233912,8469,1,7259,0.759449278086279,False,0.0054189580259844,47,archived_rho_0.5_unchanged,-9.473981116153622,False,ok,
6,Normal,10000,5,0.5,fresh_n,11,2026106711,,-1.0,6.257704449237527,False,19,-1.4006557911542,0.0005,0.0,0.0,False,0.0005,0.0011,0.8418,0.129,0.0276,0.0,0.0,-3.782417812729641,0.0636,636,0.9364,1.1435105774728416,8745,1,7712,0.5636914077300911,False,0.0052715000347234,47,archived_rho_0.5_unchanged,-10.040122261967168,False,ok,
6,Normal,10000,5,0.5,fresh_n,11,2026106711,,-1.0,6.257704449237527,False,20,-0.6021033358101128,0.0002,0.0,0.0,False,0.0002,0.0011,0.8695,0.1126,0.0166,0.0,0.0,-3.951609785133583,0.0395,395,0.9605,1.1109876680368849,9001,1,8127,0.3976888939692857,False,0.0048175830161198,47,archived_rho_0.5_unchanged,-10.20931423437111,False,ok,
6,Normal,10000,5,0.5,fresh_n,11,2026106711,,-1.0,6.257704449237527,False,21,inf,0.0,0.0,0.0,False,0.0,0.0011,0.898,0.0903,0.0106,0.0,0.0,-3.9503856065848666,0.0286,286,0.9714,1.0908694229300753,9167,1,8420,0.304236545977589,False,0.0045998750138096,47,archived_rho_0.5_unchanged,-10.208090055822392,False,ok,
6,Normal,10000,5,0.5,fresh_n,11,2026106711,,-1.0,6.257704449237527,False,22,inf,0.0,0.0,0.0,False,0.0,0.0011,0.9182,0.0745,0.0062,0.0,0.0,-4.720671879003744,0.0209,209,0.9791,1.0702054794520548,9344,1,8751,0.23676551116231,False,0.004615708021447,47,archived_rho_0.5_unchanged,-10.978376328241271,False,ok,
6,Normal,10000,5,0.5,fresh_n,11,2026106711,,-1.0,6.257704449237527,False,23,inf,0.0,0.0,0.0,False,0.0,0.0011,0.9315,0.0631,0.0043,0.0,0.0,-4.816558854935014,0.0139,139,0.9861,1.058201058201058,9450,1,8939,0.178954166397025,False,0.0042272919672541,47,archived_rho_0.5_unchanged,-11.07426330417254,False,ok,
6,Normal,10000,5,0.5,fresh_n,11,2026106711,,-1.0,6.257704449237527,False,24,inf,0.0,0.0,0.0,False,0.0,0.0011,0.9443,0.0518,0.0028,0.0,0.0,-4.810284224520187,0.0076,76,0.9924,1.0474494605635278,9547,1,9113,0.1254179928186711,False,0.0041496659978292,47,archived_rho_0.5_unchanged,-11.067988673757714,False,ok,
6,Normal,10000,5,0.5,fresh_n,11,2026106711,,-1.0,6.257704449237527,False,25,inf,0.0,0.0,0.0,False,0.0,0.0011,0.9532,0.0438,0.0019,0.0,0.0,-5.463589199236624,0.007,70,0.993,1.0383137784238397,9631,1,9280,0.1032415818293585,False,0.004029291041661,47,archived_rho_0.5_unchanged,-11.721293648474152,False,ok,
6,Normal,10000,5,0.5,fresh_n,11,2026106711,,-1.0,6.257704449237527,False,26,inf,0.0,0.0,0.0,False,0.0,0.0011,0.9614,0.0366,0.0009,0.0,0.0,-5.336288787030076,0.0066,66,0.9934,1.0320982557539478,9689,1,9397,0.0953204229897169,False,0.0041822500061243,47,archived_rho_0.5_unchanged,-11.593993236267604,False,ok,
6,Normal,10000,5,0.5,fresh_n,11,2026106711,,-1.0,6.257704449237527,False,27,inf,0.0,0.0,0.0,False,0.0,0.0011,0.9685,0.0297,0.0007,0.0,0.0,-5.3361550932216915,0.0037,37,0.9963,1.024380249948781,9762,1,9533,0.0616256726294953,False,0.0040807499899528,47,archived_rho_0.5_unchanged,-11.593859542459217,False,ok,
6,Normal,10000,5,0.5,fresh_n,11,2026106711,,-1.0,6.257704449237527,False,28,inf,0.0,0.0,0.0,False,0.0,0.0011,0.9719,0.0263,0.0007,0.0,0.0,-5.9499363355679735,0.0024,24,0.9976,1.0209290454313424,9795,1,9596,0.0520077753909233,False,0.0040119999903254,47,archived_rho_0.5_unchanged,-12.2076407848055,False,ok,
6,Normal,10000,5,0.5,fresh_n,11,2026106711,,-1.0,6.257704449237527,False,29,inf,0.0,0.0,0.0,False,0.0,0.0011,0.9776,0.0211,0.0002,0.0,0.0,-6.516804732560535,0.0022,22,0.9978,1.017708121310808,9826,1,9655,0.0411619291917995,False,0.004092417017091,47,archived_rho_0.5_unchanged,-12.774509181798063,False,ok,
6,Normal,10000,5,0.5,fresh_n,11,2026106711,,-1.0,6.257704449237527,False,30,inf,0.0,0.0,0.0,False,0.0,0.0011,0.9805,0.0181,0.0003,0.0,0.0,-6.33469523117626,0.001,10,0.999,1.0148163182463974,9854,1,9710,0.032452908967619,False,0.0039670410333201,47,archived_rho_0.5_unchanged,-12.592399680413788,False,ok,
6,Normal,10000,5,0.5,fresh_n,11,2026106711,,-1.0,6.257704449237527,False,31,inf,0.0,0.0,0.0,False,0.0,0.0011,0.982,0.0168,0.0001,0.0,0.0,-7.129105737116125,0.002,20,0.998,1.013787510137875,9864,1,9732,0.0354094057438105,False,0.003957042004913,47,archived_rho_0.5_unchanged,-13.386810186353651,False,ok,
6,Normal,10000,5,0.5,fresh_n,11,2026106711,,-1.0,6.257704449237527,False,32,inf,0.0,0.0,0.0,False,0.0,0.0011,0.9867,0.012,0.0002,0.0,0.0,-4.991023918086388,0.0009,9,0.9991,1.010815728292732,9893,1,9788,0.0249360520180071,False,0.0038857919862493,47,archived_rho_0.5_unchanged,-11.248728367323913,False,ok,
6,Normal,10000,5,0.5,fresh_n,11,2026106711,,-1.0,6.257704449237527,False,33,inf,0.0,0.0,0.0,False,0.0,0.0011,0.9886,0.0102,0.0001,0.0,0.0,-6.926048760337469,0.0009,9,0.9991,1.0087763542822556,9913,1,9827,0.0190653069213238,False,0.0038029169663786,47,archived_rho_0.5_unchanged,-13.183753209574995,False,ok,
6,Normal,10000,5,0.5,fresh_n,11,2026106711,,-1.0,6.257704449237527,False,34,inf,0.0,0.0,0.0,False,0.0,0.0011,0.9906,0.0083,0.0,0.0,0.0,0.0,0.0,0,1.0,1.0068465565847764,9932,1,9864,0.0136,False,0.0038692919770255,47,archived_rho_0.5_unchanged,-6.257704449237527,True,ok,
6,Normal,10000,5,0.5,fresh_n,11,2026106711,,-1.0,6.257704449237527,False,35,inf,0.0,0.0,0.0,False,0.0,0.0011,0.9906,0.0083,0.0,0.0,0.0,-7.448972006294098,0.0004,4,0.9996,1.006947940791461,9931,1,9862,0.0138,False,0.0038275829865597,47,archived_rho_0.5_unchanged,-13.706676455531625,False,ok,
6,Normal,10000,5,0.5,fresh_n,11,2026106711,,-1.0,6.257704449237527,False,36,inf,0.0,0.0,0.0,False,0.0,0.0011,0.9916,0.0073,0.0,0.0,0.0,-3.115749098946058,0.0001,1,0.9999,1.0054293183189222,9946,1,9892,0.0108,False,0.0037827499909326,47,archived_rho_0.5_unchanged,-9.373453548183585,False,ok,
6,Normal,10000,5,0.5,fresh_n,11,2026106711,,-1.0,6.257704449237527,False,37,inf,0.0,0.0,0.0,False,0.0,0.0011,0.991,0.0078,0.0001,0.0,0.0,-8.055061616138733,0.0006,6,0.9994,1.0058338362502517,9942,1,9884,0.0116,False,0.003789750044234,47,archived_rho_0.5_unchanged,-14.312766065376259,False,ok,
6,Normal,10000,5,0.5,fresh_n,11,2026106711,,-1.0,6.257704449237527,False,38,inf,0.0,0.0,0.0,False,0.0,0.0011,0.993,0.0059,0.0,0.0,0.0,-7.49566201011374,0.0001,1,0.9999,1.00391526955125,9961,1,9922,0.0077999999999999,False,0.0037752499920316,47,archived_rho_0.5_unchanged,-13.753366459351266,False,ok,
6,Normal,10000,5,0.5,fresh_n,11,2026106711,,-1.0,6.257704449237527,False,39,inf,0.0,0.0,0.0,False,0.0,0.0011,0.9939,0.005,0.0,0.0,0.0,-6.294579387265343,0.0006,6,0.9994,1.004217714400482,9958,1,9917,0.0099717125725713,False,0.0038506670389324,47,archived_rho_0.5_unchanged,-12.55228383650287,False,ok,
6,Normal,10000,5,0.5,fresh_n,11,2026106711,,-1.0,6.257704449237527,False,40,inf,0.0,0.0,0.0,False,0.0,0.0011,0.9946,0.0043,0.0,0.0,0.0,-6.968335450846512,0.0002,2,0.9998,1.0036130068245686,9964,1,9928,0.0071999999999999,False,0.0037660840316675,47,archived_rho_0.5_unchanged,-13.22603990008404,False,ok,
6,Normal,10000,5,0.5,fresh_n,12,2026106712,,-1.0,6.257704449237527,False,1,7.054524730997314,0.9987,0.9987,0.9981998199819982,True,0.9987,0.0013,0.0,0.0,0.0,0.0,0.0,7.04216566447682,1.0,10000,0.0,10000.0,1,10000,0,1.0802904372467976,False,0.0044854590087197,47,archived_rho_0.5_unchanged,0.7844612152392934,False,ok,
6,Normal,10000,5,0.5,fresh_n,12,2026106712,,-1.0,6.257704449237527,False,2,6.159700451280103,0.9526,0.9526,0.951995199519952,False,0.9526,0.0013,0.0,0.0,0.0461,0.0,0.0,6.104089986897218,1.0,10000,0.0,312.5,32,43,0,1.3358189952677624,False,0.0041475840262137,47,archived_rho_0.5_unchanged,-0.1536144623403084,False,ok,
6,Normal,10000,5,0.5,fresh_n,12,2026106712,,-1.0,6.257704449237527,False,3,5.909211849796232,0.9026,0.901,0.8962207558488302,False,0.9026,0.0013,0.0015,0.0031,0.0915,0.0,0.0,5.909794700498578,0.9971,9971,0.0029,96.15384615384616,104,1,17,1.415501365170326,False,0.0041387079982087,47,archived_rho_0.5_unchanged,-0.34790974873894864,False,ok,
6,Normal,10000,5,0.5,fresh_n,12,2026106712,,-1.0,6.257704449237527,False,4,5.61137401026485,0.8303,0.8194,0.8074385122975405,False,0.8303,0.0013,0.0114,0.0093,0.1477,0.0,0.0,5.5325948700893255,0.9874,9874,0.0125999999999999,38.02281368821293,263,1,58,1.623792765717874,False,0.0044149159803055,47,archived_rho_0.5_unchanged,-0.7251095791482012,False,ok,
6,Normal,10000,5,0.5,fresh_n,12,2026106712,,-1.0,6.257704449237527,False,5,5.297010042725494,0.7291,0.7136,0.6948694869486949,False,0.7291,0.0013,0.0194,0.0196,0.2306,0.0,0.0,5.156724811673381,0.9721,9721,0.0279,21.41327623126338,467,1,127,1.8224348780011208,False,0.0045697090099565,47,archived_rho_0.5_unchanged,-1.100979637564146,False,ok,
6,Normal,10000,5,0.5,fresh_n,12,2026106712,,-1.0,6.257704449237527,False,6,4.939147055119447,0.5971,0.5758,0.5536892621475705,False,0.5971,0.0013,0.0422,0.0308,0.3286,0.0,0.0,4.664478057988683,0.9542,9542,0.0457999999999999,12.738853503184714,785,1,271,2.108578832902623,False,0.0048009579768404,47,archived_rho_0.5_unchanged,-1.5932263912488436,False,ok,
6,Normal,10000,5,0.5,fresh_n,12,2026106712,,-1.0,6.257704449237527,False,7,4.510707140786965,0.4779,0.4426,0.4208158368326334,False,0.4779,0.0013,0.0639,0.0526,0.4043,0.0,0.0,4.111646426559732,0.9234,9234,0.0766,8.59106529209622,1164,1,420,2.355515044836788,False,0.0051354169845581,47,archived_rho_0.5_unchanged,-2.1460580226777948,False,ok,
6,Normal,10000,5,0.5,fresh_n,12,2026106712,,-1.0,6.257704449237527,False,8,4.132468465743848,0.3472,0.3034,0.2765446910617876,False,0.3472,0.0013,0.1027,0.0817,0.4671,0.0,0.0,3.471061350507686,0.8772,8772,0.1228,5.827505827505828,1716,1,715,2.6141892403290425,False,0.0056893330183811,47,archived_rho_0.5_unchanged,-2.7866430987298405,False,ok,
6,Normal,10000,5,0.5,fresh_n,12,2026106712,,-1.0,6.257704449237527,False,9,3.697151396667932,0.2336,0.1825,0.168866226754649,False,0.2336,0.0013,0.1524,0.1047,0.508,0.0,0.0,2.765830521066363,0.826,8260,0.174,4.399472063352397,2273,1,1009,2.7740370814693747,False,0.0057465840363875,47,archived_rho_0.5_unchanged,-3.4918739281711635,False,ok,
6,Normal,10000,5,0.5,fresh_n,12,2026106712,,-1.0,6.257704449237527,False,10,3.206834438320794,0.1511,0.0939,0.0809838032393521,False,0.1511,0.0013,0.2057,0.1322,0.5097,0.0,0.0,2.1044314891919673,0.7623,7623,0.2377,3.4411562284927735,2906,1,1400,2.8572763236203067,False,0.006112333969213,47,archived_rho_0.5_unchanged,-4.153272960045559,False,ok,
6,Normal,10000,5,0.5,fresh_n,12,2026106712,,-1.0,6.257704449237527,False,11,2.7506242774817493,0.0863,0.0373,0.0282028202820282,False,0.0863,0.0013,0.2709,0.1678,0.4737,0.0,0.0,1.3624925034209614,0.6839,6839,0.3161,2.7586206896551726,3625,1,1899,2.8650239142315144,False,0.0062949160346761,47,archived_rho_0.5_unchanged,-4.895211945816565,False,ok,
6,Normal,10000,5,0.5,fresh_n,12,2026106712,,-1.0,6.257704449237527,False,12,2.188437143096404,0.0499,0.01,0.0047990401919616,False,0.0499,0.0013,0.347,0.1934,0.4084,0.0,0.0,0.5600430932629047,0.5936,5936,0.4064,2.25022502250225,4444,1,2574,2.776126305198951,False,0.0063615409890189,47,archived_rho_0.5_unchanged,-5.697661355974622,False,ok,
6,Normal,10000,5,0.5,fresh_n,12,2026106712,,-1.0,6.257704449237527,False,13,1.62598899216842,0.0233,0.002,0.0009000900090009,False,0.0233,0.0013,0.429,0.2171,0.3293,0.0,0.0,-0.0803266578496544,0.5028,5028,0.4972,1.939111886755866,5157,1,3210,2.566135733863042,False,0.0064443339942954,47,archived_rho_0.5_unchanged,-6.338031107087181,False,ok,
6,Normal,10000,5,0.5,fresh_n,12,2026106712,,-1.0,6.257704449237527,False,14,0.9775525841752496,0.014,0.0002,0.0,False,0.014,0.0013,0.5054,0.2233,0.256,0.0,0.0,-0.7977178008394784,0.4184,4184,0.5816,1.7123287671232876,5840,1,3888,2.3435131878336155,False,0.0064707080018706,47,archived_rho_0.5_unchanged,-7.055422250077005,False,ok,
6,Normal,10000,5,0.5,fresh_n,12,2026106712,,-1.0,6.257704449237527,False,15,0.8716517256730282,0.0059,0.0001,0.0,False,0.0059,0.0013,0.5813,0.2234,0.1881,0.0,0.0,-1.381406889768915,0.3248,3248,0.6752,1.536806516059628,6507,1,4596,1.9530888245185531,False,0.0062489170231856,47,archived_rho_0.5_unchanged,-7.639111339006441,False,ok,
6,Normal,10000,5,0.5,fresh_n,12,2026106712,,-1.0,6.257704449237527,False,16,-0.0863659172116,0.003,0.0,0.0,False,0.003,0.0013,0.6534,0.2154,0.1269,0.0,0.0,-2.0702946291109745,0.2471,2471,0.7529,1.413427561837456,7075,1,5256,1.6673379455468564,False,0.0061895420076325,47,archived_rho_0.5_unchanged,-8.327999078348501,False,ok,
6,Normal,10000,5,0.5,fresh_n,12,2026106712,,-1.0,6.257704449237527,False,17,0.415145613749548,0.0018,0.0,0.0,False,0.0018,0.0013,0.7129,0.1927,0.0913,0.0,0.0,-2.4616419488337025,0.1924,1924,0.8076,1.316309069369488,7597,1,6000,1.3682152464127988,False,0.0058507500216364,47,archived_rho_0.5_unchanged,-8.71934639807123,False,ok,
6,Normal,10000,5,0.5,fresh_n,12,2026106712,,-1.0,6.257704449237527,False,18,-1.2606801764763764,0.0005,0.0,0.0,False,0.0005,0.0013,0.7675,0.1703,0.0604,0.0,0.0,-2.9318142648852916,0.1252,1252,0.8748,1.2388503468780971,8072,1,6621,1.007733222307427,False,0.0055947499931789,47,archived_rho_0.5_unchanged,-9.18951871412282,False,ok,
6,Normal,10000,5,0.5,fresh_n,12,2026106712,,-1.0,6.257704449237527,False,19,-2.767087081724861,0.0001,0.0,0.0,False,0.0001,0.0013,0.8087,0.1513,0.0386,0.0,0.0,-3.276966558384939,0.103,1030,0.897,1.1954572624028692,8365,1,7116,0.8239642515498058,False,0.0054382920498028,47,archived_rho_0.5_unchanged,-9.534671007622466,False,ok,
6,Normal,10000,5,0.5,fresh_n,12,2026106712,,-1.0,6.257704449237527,False,20,-3.055979030851988,0.0003,0.0,0.0,False,0.0003,0.0013,0.8456,0.1267,0.0261,0.0,0.0,-3.724815258756757,0.0647,647,0.9353,1.150483202945237,8692,1,7603,0.5899326539106354,False,0.0053004160290583,47,archived_rho_0.5_unchanged,-9.982519707994284,False,ok,
6,Normal,10000,5,0.5,fresh_n,12,2026106712,,-1.0,6.257704449237527,False,21,-3.912414958176572,0.0002,0.0,0.0,False,0.0002,0.0013,0.8703,0.1111,0.0171,0.0,0.0,-3.8465571248168393,0.051,510,0.949,1.1276499774470004,8868,1,7907,0.4820192064969679,False,0.0049051659880205,47,archived_rho_0.5_unchanged,-10.104261574054366,False,ok,
6,Normal,10000,5,0.5,fresh_n,12,2026106712,,-1.0,6.257704449237527,False,22,-5.665269434281255,0.0001,0.0,0.0,False,0.0001,0.0013,0.8941,0.092,0.0125,0.0,0.0,-4.240488932651331,0.0325,325,0.9675,1.1003521126760565,9088,1,8282,0.3387987949864386,False,0.0048077079700306,47,archived_rho_0.5_unchanged,-10.498193381888857,False,ok,
6,Normal,10000,5,0.5,fresh_n,12,2026106712,,-1.0,6.257704449237527,False,23,-1.5269168966670792,0.0001,0.0,0.0,False,0.0001,0.0013,0.911,0.0781,0.0095,0.0,0.0,-4.1376566292204116,0.0259,259,0.9741,1.0802635843145727,9257,1,8595,0.2744056928282198,False,0.0045832089963369,47,archived_rho_0.5_unchanged,-10.395361078457938,False,ok,
6,Normal,10000,5,0.5,fresh_n,12,2026106712,,-1.0,6.257704449237527,False,24,inf,0.0,0.0,0.0,False,0.0,0.0013,0.9307,0.0628,0.0052,0.0,0.0,-4.952878805280976,0.017,170,0.983,1.0637166258908626,9401,1,8854,0.2074501128027024,False,0.0043913329718634,47,archived_rho_0.5_unchanged,-11.210583254518504,False,ok,
6,Normal,10000,5,0.5,fresh_n,12,2026106712,,-1.0,6.257704449237527,False,25,inf,0.0,0.0,0.0,False,0.0,0.0013,0.9409,0.0534,0.0044,0.0,0.0,-4.971003905833524,0.0117,117,0.9883,1.0573059843518715,9458,1,8949,0.1657536788899043,False,0.0042562499875202,47,archived_rho_0.5_unchanged,-11.228708355071051,False,ok,
6,Normal,10000,5,0.5,fresh_n,12,2026106712,,-1.0,6.257704449237527,False,26,inf,0.0,0.0,0.0,False,0.0,0.0013,0.9499,0.0456,0.0032,0.0,0.0,-5.150369991949845,0.0111,111,0.9889,1.042535446205171,9592,1,9217,0.1353380046212317,False,0.004338499973528,47,archived_rho_0.5_unchanged,-11.408074441187372,False,ok,
6,Normal,10000,5,0.5,fresh_n,12,2026106712,,-1.0,6.257704449237527,False,27,-2.8596703133001404,0.0001,0.0,0.0,False,0.0001,0.0013,0.9622,0.0352,0.0012,0.0,0.0,-5.404243798807859,0.006,60,0.994,1.03498240529911,9662,1,9339,0.0984268050114453,False,0.004204083001241,47,archived_rho_0.5_unchanged,-11.661948248045386,False,ok,
6,Normal,10000,5,0.5,fresh_n,12,2026106712,,-1.0,6.257704449237527,False,28,inf,0.0,0.0,0.0,False,0.0,0.0013,0.963,0.035,0.0007,0.0,0.0,-5.586521340959367,0.0058,58,0.9942,1.0329511414110113,9681,1,9378,0.0934290878400166,False,0.0040843340102583,47,archived_rho_0.5_unchanged,-11.844225790196894,False,ok,
6,Normal,10000,5,0.5,fresh_n,12,2026106712,,-1.0,6.257704449237527,False,29,-2.8596703133001404,0.0001,0.0,0.0,False,0.0001,0.0013,0.9713,0.0265,0.0008,0.0,0.0,-5.36960357304362,0.0026,26,0.9974,1.0235414534288638,9770,1,9545,0.0552031512424973,False,0.0040446660132147,47,archived_rho_0.5_unchanged,-11.627308022281147,False,ok,
6,Normal,10000,5,0.5,fresh_n,12,2026106712,,-1.0,6.257704449237527,False,30,inf,0.0,0.0,0.0,False,0.0,0.0013,0.9779,0.0205,0.0003,0.0,0.0,-5.512435332469835,0.0037,37,0.9963,1.021972406745018,9785,1,9578,0.0571368094170849,False,0.0040230419836007,47,archived_rho_0.5_unchanged,-11.77013978170736,False,ok,
6,Normal,10000,5,0.5,fresh_n,12,2026106712,,-1.0,6.257704449237527,False,31,inf,0.0,0.0,0.0,False,0.0,0.0013,0.9796,0.0189,0.0002,0.0,0.0,-5.596701086415982,0.0032,32,0.9968,1.0187449062754683,9816,1,9639,0.0493836209401983,False,0.0040522920317016,47,archived_rho_0.5_unchanged,-11.854405535653509,False,ok,
6,Normal,10000,5,0.5,fresh_n,12,2026106712,,-1.0,6.257704449237527,False,32,inf,0.0,0.0,0.0,False,0.0,0.0013,0.9812,0.0172,0.0003,0.0,0.0,-5.269083287241779,0.0017,17,0.9983,1.0144045445323595,9858,1,9718,0.0313590358560812,False,0.0039694160223007,47,archived_rho_0.5_unchanged,-11.526787736479307,False,ok,
6,Normal,10000,5,0.5,fresh_n,12,2026106712,,-1.0,6.257704449237527,False,33,inf,0.0,0.0,0.0,False,0.0,0.0013,0.9848,0.0138,0.0001,0.0,0.0,-4.851889697507798,0.0012,12,0.9988,1.01276078590237,9874,1,9749,0.0267953994737412,False,0.0038829580298624,47,archived_rho_0.5_unchanged,-11.109594146745325,False,ok,
6,Normal,10000,5,0.5,fresh_n,12,2026106712,,-1.0,6.257704449237527,False,34,inf,0.0,0.0,0.0,False,0.0,0.0013,0.985,0.0134,0.0003,0.0,0.0,-6.327752686582505,0.001,10,0.999,1.011224592982101,9889,1,9780,0.0261685294980267,False,0.0039840000099502,47,archived_rho_0.5_unchanged,-12.585457135820032,False,ok,
6,Normal,10000,5,0.5,fresh_n,12,2026106712,,-1.0,6.257704449237527,False,35,-4.887973231959102,0.0001,0.0,0.0,False,0.0001,0.0013,0.9871,0.0113,0.0002,0.0,0.0,-5.368958739482125,0.0006,6,0.9994,1.0102030508132134,9899,1,9798,0.0201999999999999,False,0.0039310000138357,47,archived_rho_0.5_unchanged,-11.626663188719652,False,ok,
6,Normal,10000,5,0.5,fresh_n,12,2026106712,,-1.0,6.257704449237527,False,36,inf,0.0,0.0,0.0,False,0.0,0.0013,0.9902,0.0083,0.0002,0.0,0.0,-6.363905225833466,0.001,10,0.999,1.0081661457808246,9919,1,9839,0.0181534694011854,False,0.0038085419801063,47,archived_rho_0.5_unchanged,-12.621609675070992,False,ok,
6,Normal,10000,5,0.5,fresh_n,12,2026106712,,-1.0,6.257704449237527,False,37,inf,0.0,0.0,0.0,False,0.0,0.0013,0.9908,0.0079,0.0,0.0,0.0,-4.75729711807907,0.0004,4,0.9996,1.0079629069650238,9921,1,9842,0.0158,False,0.0037684590206481,47,archived_rho_0.5_unchanged,-11.015001567316597,False,ok,
6,Normal,10000,5,0.5,fresh_n,12,2026106712,,-1.0,6.257704449237527,False,38,inf,0.0,0.0,0.0,False,0.0,0.0013,0.9911,0.0074,0.0002,0.0,0.0,-6.383137427163982,0.0007,7,0.9993,1.0065425264217414,9935,1,9871,0.0149534694011854,False,0.0037839579745195,47,archived_rho_0.5_unchanged,-12.64084187640151,False,ok,
6,Normal,10000,5,0.5,fresh_n,12,2026106712,,-1.0,6.257704449237527,False,39,inf,0.0,0.0,0.0,False,0.0,0.0013,0.9945,0.0042,0.0,0.0,0.0,-8.251568718796932,0.0004,4,0.9996,1.0058338362502517,9942,1,9885,0.0137246869972569,False,0.0038203750154934,47,archived_rho_0.5_unchanged,-14.509273168034458,False,ok,
6,Normal,10000,5,0.5,fresh_n,12,2026106712,,-1.0,6.257704449237527,False,40,inf,0.0,0.0,0.0,False,0.0,0.0013,0.9935,0.0052,0.0,0.0,0.0,-6.077999302453296,0.0003,3,0.9997,1.0047221943132725,9953,1,9906,0.0094,False,0.0037990410346537,47,archived_rho_0.5_unchanged,-12.335703751690822,False,ok,
6,Normal,10000,5,0.5,fresh_n,13,2026106713,,-1.0,6.257704449237527,False,1,7.097018901233265,0.9989,0.9989,0.9982003599280144,True,0.9989,0.0011,0.0,0.0,0.0,0.0,0.0,7.083235854886613,1.0,10000,0.0,10000.0,1,10000,0,1.0781085586146453,False,0.0045884160208515,47,archived_rho_0.5_unchanged,0.8255314056490866,False,ok,
6,Normal,10000,5,0.5,fresh_n,13,2026106713,,-1.0,6.257704449237527,False,2,6.156385302854872,0.9542,0.9542,0.952009598080384,False,0.9542,0.0011,0.0,0.0,0.0447,0.0,0.0,6.097181761840174,1.0,10000,0.0,312.5,32,112,0,1.3457107460231588,False,0.0042312499717809,47,archived_rho_0.5_unchanged,-0.16052268739735265,False,ok,
6,Normal,10000,5,0.5,fresh_n,13,2026106713,,-1.0,6.257704449237527,False,3,5.928408455922875,0.8988,0.8966,0.888088808880888,False,0.8988,0.0011,0.0032,0.0015,0.0954,0.0,0.0,5.913252260337707,0.9966,9966,0.0033999999999999,90.09009009009009,111,1,26,1.428929886254247,False,0.0041771249962039,47,archived_rho_0.5_unchanged,-0.34445218889981977,False,ok,
6,Normal,10000,5,0.5,fresh_n,13,2026106713,,-1.0,6.257704449237527,False,4,5.60409567521314,0.8256,0.8149,0.7972405518896221,False,0.8256,0.0011,0.0101,0.0098,0.1534,0.0,0.0,5.504040275063582,0.9882,9882,0.0118,36.496350364963504,274,1,59,1.6336050723173767,False,0.0045450829784385,47,archived_rho_0.5_unchanged,-0.7536641741739443,False,ok,
6,Normal,10000,5,0.5,fresh_n,13,2026106713,,-1.0,6.257704449237527,False,5,5.2733128358086345,0.7154,0.6986,0.6799640071985603,False,0.7154,0.0011,0.022,0.0203,0.2412,0.0,0.0,5.0696011212078815,0.9723,9723,0.0276999999999999,19.455252918287936,514,1,147,1.90005732097364,False,0.004624291032087,47,archived_rho_0.5_unchanged,-1.1881033280296451,False,ok,
6,Normal,10000,5,0.5,fresh_n,13,2026106713,,-1.0,6.257704449237527,False,6,4.918848636002173,0.5914,0.5691,0.5491901619676065,False,0.5914,0.0011,0.0411,0.0348,0.3316,0.0,0.0,4.609695336188361,0.9488,9488,0.0512,11.83431952662722,845,1,302,2.147537116303449,False,0.0047681250143796,47,archived_rho_0.5_unchanged,-1.6480091130491656,False,ok,
6,Normal,10000,5,0.5,fresh_n,13,2026106713,,-1.0,6.257704449237527,False,7,4.52114424648376,0.4572,0.4155,0.403119376124775,False,0.4572,0.0011,0.0759,0.0516,0.4142,0.0,0.0,3.995529770539151,0.9131,9131,0.0868999999999999,7.639419404125286,1309,1,547,2.415420259452552,False,0.0050496670301072,47,archived_rho_0.5_unchanged,-2.2621746786983756,False,ok,
6,Normal,10000,5,0.5,fresh_n,13,2026106713,,-1.0,6.257704449237527,False,8,4.059620629233804,0.3251,0.2824,0.2462507498500299,False,0.3251,0.0011,0.1125,0.0768,0.4845,0.0,0.0,3.3339740965017373,0.8662,8662,0.1338,5.485463521667581,1823,1,769,2.5981769315490904,False,0.0054080000263638,47,archived_rho_0.5_unchanged,-2.9237303527357894,False,ok,
6,Normal,10000,5,0.5,fresh_n,13,2026106713,,-1.0,6.257704449237527,False,9,3.5995247748289287,0.2257,0.167,0.1514697060587882,False,0.2257,0.0011,0.158,0.1081,0.5071,0.0,0.0,2.654451098998732,0.8073,8073,0.1926999999999999,4.0733197556008145,2455,1,1153,2.768581252820975,False,0.0056372910039499,47,archived_rho_0.5_unchanged,-3.6032533502387945,False,ok,
6,Normal,10000,5,0.5,fresh_n,13,2026106713,,-1.0,6.257704449237527,False,10,3.1000601614421113,0.1342,0.0742,0.0623875224955009,False,0.1342,0.0011,0.2192,0.14,0.5055,0.0,0.0,1.8022704428741831,0.7389,7389,0.2611,3.158559696778269,3166,1,1606,2.8638138576277954,False,0.0060554170049726,47,archived_rho_0.5_unchanged,-4.455434006363344,False,ok,
6,Normal,10000,5,0.5,fresh_n,13,2026106713,,-1.0,6.257704449237527,False,11,2.5142690914303785,0.0757,0.0255,0.018001800180018,False,0.0757,0.0011,0.2952,0.1722,0.4558,0.0,0.0,1.0193736684368182,0.6557,6557,0.3443,2.568053415511043,3894,1,2085,2.87514425816345,False,0.0062732080114074,47,archived_rho_0.5_unchanged,-5.238330780800709,False,ok,
6,Normal,10000,5,0.5,fresh_n,13,2026106713,,-1.0,6.257704449237527,False,12,2.0531605651842137,0.0427,0.0075,0.004499100179964,False,0.0427,0.0011,0.3615,0.2073,0.3874,0.0,0.0,0.3551215010470371,0.5718,5718,0.4282,2.154708037060978,4641,1,2737,2.758471250840763,False,0.0064762089750729,47,archived_rho_0.5_unchanged,-5.9025829481904895,False,ok,
6,Normal,10000,5,0.5,fresh_n,13,2026106713,,-1.0,6.257704449237527,False,13,1.348210811964497,0.019,0.0014,0.0003000300030003,False,0.019,0.0011,0.444,0.223,0.3129,0.0,0.0,-0.4566561782784113,0.4711,4711,0.5288999999999999,1.8456995201181248,5418,1,3424,2.50323163922642,False,0.0067252080189064,47,archived_rho_0.5_unchanged,-6.714360627515938,False,ok,
6,Normal,10000,5,0.5,fresh_n,13,2026106713,,-1.0,6.257704449237527,False,14,0.9179870869607188,0.0099,0.0,0.0,False,0.0099,0.0011,0.5257,0.2301,0.2332,0.0,0.0,-1.163235005221151,0.3829,3829,0.6171,1.6347882949158083,6117,1,4170,2.228121930845978,False,0.0064362080302089,47,archived_rho_0.5_unchanged,-7.4209394544586775,False,ok,
6,Normal,10000,5,0.5,fresh_n,13,2026106713,,-1.0,6.257704449237527,False,15,0.0695539806569409,0.0054,0.0,0.0,False,0.0054,0.0011,0.6,0.2239,0.1696,0.0,0.0,-1.768057881042063,0.2935,2935,0.7065,1.4727540500736378,6790,1,4923,1.8832725555796264,False,0.0062633749912492,47,archived_rho_0.5_unchanged,-8.02576233027959,False,ok,
6,Normal,10000,5,0.5,fresh_n,13,2026106713,,-1.0,6.257704449237527,False,16,0.2130860139505234,0.003,0.0,0.0,False,0.003,0.0011,0.6733,0.2119,0.1107,0.0,0.0,-2.202084937573245,0.2142,2142,0.7858,1.362769146906514,7338,1,5578,1.4831097825702295,False,0.0061009580385871,47,archived_rho_0.5_unchanged,-8.459789386810773,False,ok,
6,Normal,10000,5,0.5,fresh_n,13,2026106713,,-1.0,6.257704449237527,False,17,-0.5625290079366778,0.0011,0.0,0.0,False,0.0011,0.0011,0.7323,0.1911,0.0744,0.0,0.0,-2.76012106516702,0.1556,1556,0.8444,1.278281989006775,7823,1,6266,1.1566180531597092,False,0.0057277919840998,47,archived_rho_0.5_unchanged,-9.017825514404546,False,ok,
6,Normal,10000,5,0.5,fresh_n,13,2026106713,,-1.0,6.257704449237527,False,18,-0.8801497807766232,0.0007,0.0,0.0,False,0.0007,0.0011,0.7783,0.1706,0.0493,0.0,0.0,-3.3382869214694506,0.1127,1127,0.8873,1.2169891687963976,8217,1,6855,0.9263363708384368,False,0.0054731249692849,47,archived_rho_0.5_unchanged,-9.595991370706978,False,ok,
6,Normal,10000,5,0.5,fresh_n,13,2026106713,,-1.0,6.257704449237527,False,19,-0.7194621082316565,0.0005,0.0,0.0,False,0.0005,0.0011,0.8208,0.1421,0.0355,0.0,0.0,-3.6572544227076342,0.0798,798,0.9202,1.168360789811894,8559,1,7403,0.6836968290110186,False,0.0051839579828083,47,archived_rho_0.5_unchanged,-9.91495887194516,False,ok,
6,Normal,10000,5,0.5,fresh_n,13,2026106713,,-1.0,6.257704449237527,False,20,-2.4844586967306084,0.0002,0.0,0.0,False,0.0002,0.0011,0.8549,0.1219,0.0219,0.0,0.0,-3.917956275122664,0.0529,529,0.9471,1.13314447592068,8825,1,7831,0.5084012829237208,False,0.0049739170353859,47,archived_rho_0.5_unchanged,-10.17566072436019,False,ok,
6,Normal,10000,5,0.5,fresh_n,13,2026106713,,-1.0,6.257704449237527,False,21,inf,0.0,0.0,0.0,False,0.0,0.0011,0.8845,0.1012,0.0132,0.0,0.0,-4.37534287868459,0.0386,386,0.9614,1.1065619121389842,9037,1,8203,0.3840258158847906,False,0.0048047909513115,47,archived_rho_0.5_unchanged,-10.633047327922117,False,ok,
6,Normal,10000,5,0.5,fresh_n,13,2026106713,,-1.0,6.257704449237527,False,22,-2.49817777771007,0.0003,0.0,0.0,False,0.0003,0.0011,0.9019,0.0873,0.0094,0.0,0.0,-4.643354499114305,0.028,280,0.972,1.087547580206634,9195,1,8479,0.3071425320145263,False,0.0047592080081813,47,archived_rho_0.5_unchanged,-10.901058948351832,False,ok,
6,Normal,10000,5,0.5,fresh_n,13,2026106713,,-1.0,6.257704449237527,False,23,-1.5080391761479306,0.0001,0.0,0.0,False,0.0001,0.0011,0.921,0.0713,0.0065,0.0,0.0,-4.78174172687563,0.0184,184,0.9816,1.0691756655618518,9353,1,8766,0.2153736917259084,False,0.0044276670087128,47,archived_rho_0.5_unchanged,-11.039446176113156,False,ok,
6,Normal,10000,5,0.5,fresh_n,13,2026106713,,-1.0,6.257704449237527,False,24,inf,0.0,0.0,0.0,False,0.0,0.0011,0.939,0.0559,0.004,0.0,0.0,-4.543064277223516,0.0128,128,0.9872,1.0536297545042672,9491,1,9018,0.1634047282977325,False,0.00438383303117,47,archived_rho_0.5_unchanged,-10.800768726461044,False,ok,
6,Normal,10000,5,0.5,fresh_n,13,2026106713,,-1.0,6.257704449237527,False,25,inf,0.0,0.0,0.0,False,0.0,0.0011,0.9455,0.0502,0.0032,0.0,0.0,-5.118976497412663,0.0096,96,0.9904,1.0474494605635278,9547,1,9119,0.1328941179125791,False,0.0042452080524526,47,archived_rho_0.5_unchanged,-11.37668094665019,False,ok,
6,Normal,10000,5,0.5,fresh_n,13,2026106713,,-1.0,6.257704449237527,False,26,inf,0.0,0.0,0.0,False,0.0,0.0011,0.9541,0.0427,0.0021,0.0,0.0,-5.4791722779455405,0.0072,72,0.9928,1.0404744563520965,9611,1,9240,0.1105162715605316,False,0.0041484580142423,47,archived_rho_0.5_unchanged,-11.736876727183066,False,ok,
6,Normal,10000,5,0.5,fresh_n,13,2026106713,,-1.0,6.257704449237527,False,27,inf,0.0,0.0,0.0,False,0.0,0.0011,0.962,0.0359,0.001,0.0,0.0,-6.0017009368730925,0.0055,55,0.9945,1.0297600659046442,9711,1,9433,0.0756045288431048,False,0.0040485409554094,47,archived_rho_0.5_unchanged,-12.259405386110618,False,ok,
6,Normal,10000,5,0.5,fresh_n,13,2026106713,,-1.0,6.257704449237527,False,28,inf,0.0,0.0,0.0,False,0.0,0.0011,0.9671,0.0303,0.0015,0.0,0.0,-6.306994216473097,0.0036,36,0.9964,1.0282776349614395,9725,1,9458,0.0692925672099004,False,0.004032333032228,47,archived_rho_0.5_unchanged,-12.564698665710623,False,ok,
6,Normal,10000,5,0.5,fresh_n,13,2026106713,,-1.0,6.257704449237527,False,29,inf,0.0,0.0,0.0,False,0.0,0.0011,0.9751,0.0234,0.0004,0.0,0.0,-6.387729607174585,0.0034,34,0.9966,1.0198878123406423,9805,1,9617,0.0537196041124483,False,0.003926416975446,47,archived_rho_0.5_unchanged,-12.64543405641211,False,ok,
6,Normal,10000,5,0.5,fresh_n,13,2026106713,,-1.0,6.257704449237527,False,30,inf,0.0,0.0,0.0,False,0.0,0.0011,0.9751,0.0228,0.001,0.0,0.0,-6.964718261268445,0.0038,38,0.9962,1.0194719135487815,9809,1,9627,0.054854503575954,False,0.0039685839437879,47,archived_rho_0.5_unchanged,-13.22242271050597,False,ok,
6,Normal,10000,5,0.5,fresh_n,13,2026106713,,-1.0,6.257704449237527,False,31,inf,0.0,0.0,0.0,False,0.0,0.0011,0.9784,0.0203,0.0002,0.0,0.0,-6.746544981795328,0.0016,16,0.9984,1.016880211511084,9834,1,9669,0.0351985912824422,False,0.0038924999535083,47,archived_rho_0.5_unchanged,-13.004249431032854,False,ok,
6,Normal,10000,5,0.5,fresh_n,13,2026106713,,-1.0,6.257704449237527,False,32,inf,0.0,0.0,0.0,False,0.0,0.0011,0.9811,0.0173,0.0005,0.0,0.0,-6.595905366745548,0.0017,17,0.9983,1.0150223304912709,9852,1,9708,0.0368188070214315,False,0.0038656250108033,47,archived_rho_0.5_unchanged,-12.853609815983074,False,ok,
6,Normal,10000,5,0.5,fresh_n,13,2026106713,,-1.0,6.257704449237527,False,33,inf,0.0,0.0,0.0,False,0.0,0.0011,0.9838,0.0149,0.0002,0.0,0.0,-6.486310643283936,0.0017,17,0.9983,1.0119409026512851,9882,1,9766,0.0273208289749283,False,0.0038155000074766,47,archived_rho_0.5_unchanged,-12.744015092521462,False,ok,
6,Normal,10000,5,0.5,fresh_n,13,2026106713,,-1.0,6.257704449237527,False,34,inf,0.0,0.0,0.0,False,0.0,0.0011,0.9869,0.0118,0.0002,0.0,0.0,-6.563337252383805,0.0008,8,0.9992,1.00999899000101,9901,1,9803,0.0209887725552088,False,0.0040031250100582,47,archived_rho_0.5_unchanged,-12.821041701621333,False,ok,
6,Normal,10000,5,0.5,fresh_n,13,2026106713,,-1.0,6.257704449237527,False,35,inf,0.0,0.0,0.0,False,0.0,0.0011,0.9894,0.0094,0.0001,0.0,0.0,-7.229987537115179,0.0008,8,0.9992,1.0078613182826044,9922,1,9844,0.0156,False,0.0037796249962411,47,archived_rho_0.5_unchanged,-13.487691986352706,False,ok,
6,Normal,10000,5,0.5,fresh_n,13,2026106713,,-1.0,6.257704449237527,False,36,inf,0.0,0.0,0.0,False,0.0,0.0011,0.988,0.0107,0.0002,0.0,0.0,-6.627899947326445,0.001,10,0.999,1.0090817356205852,9910,1,9822,0.0216317665086667,False,0.0037919579772278,47,archived_rho_0.5_unchanged,-12.885604396563972,False,ok,
6,Normal,10000,5,0.5,fresh_n,13,2026106713,,-1.0,6.257704449237527,False,37,inf,0.0,0.0,0.0,False,0.0,0.0011,0.9918,0.0071,0.0,0.0,0.0,-7.914739039619398,0.0014,14,0.9986,1.0070493454179257,9930,1,9862,0.0174759516992616,False,0.0037573330337181,47,archived_rho_0.5_unchanged,-14.172443488856924,False,ok,
6,Normal,10000,5,0.5,fresh_n,13,2026106713,,-1.0,6.257704449237527,False,38,inf,0.0,0.0,0.0,False,0.0,0.0011,0.991,0.0079,0.0,0.0,0.0,-6.409828582795616,0.0003,3,0.9997,1.0064412238325282,9936,1,9872,0.0128,False,0.0038406249950639,47,archived_rho_0.5_unchanged,-12.667533032033143,False,ok,
6,Normal,10000,5,0.5,fresh_n,13,2026106713,,-1.0,6.257704449237527,False,39,inf,0.0,0.0,0.0,False,0.0,0.0011,0.992,0.0068,0.0001,0.0,0.0,-7.291775063510163,0.0003,3,0.9997,1.0065425264217414,9935,1,9870,0.013,False,0.0038166250451467,47,archived_rho_0.5_unchanged,-13.54947951274769,False,ok,
6,Normal,10000,5,0.5,fresh_n,13,2026106713,,-1.0,6.257704449237527,False,40,inf,0.0,0.0,0.0,False,0.0,0.0011,0.9935,0.0054,0.0,0.0,0.0,-8.387462626847428,0.0002,2,0.9998,1.004217714400482,9958,1,9916,0.0083999999999999,False,0.0038627079920843,47,archived_rho_0.5_unchanged,-14.645167076084956,False,ok,
6,Normal,10000,5,0.5,fresh_n,14,2026106714,,-1.0,6.257704449237527,False,1,7.101164707380055,0.9987,0.9987,0.997899789978998,True,0.9987,0.0013,0.0,0.0,0.0,0.0,0.0,7.083613835409101,1.0,10000,0.0,10000.0,1,10000,0,1.0783399879202085,False,0.0046299580135382,47,archived_rho_0.5_unchanged,0.8259093861715741,False,ok,
6,Normal,10000,5,0.5,fresh_n,14,2026106714,,-1.0,6.257704449237527,False,2,6.191911592697879,0.9545,0.9545,0.9528952895289527,False,0.9545,0.0013,0.0,0.0,0.0442,0.0,0.0,6.123678151058632,1.0,10000,0.0,312.5,32,69,0,1.3382568069585563,False,0.0041689170175231,47,archived_rho_0.5_unchanged,-0.13402629817889444,False,ok,
6,Normal,10000,5,0.5,fresh_n,14,2026106714,,-1.0,6.257704449237527,False,3,5.946099638986582,0.9016,0.8975,0.891989198919892,False,0.9016,0.0013,0.0036,0.0012,0.0923,0.0,0.0,5.9274458294685095,0.9963,9963,0.0037,88.49557522123894,113,1,24,1.4273936722299794,False,0.004157000046689,47,archived_rho_0.5_unchanged,-0.33025861976901716,False,ok,
6,Normal,10000,5,0.5,fresh_n,14,2026106714,,-1.0,6.257704449237527,False,4,5.647601138620406,0.8346,0.8262,0.8154815481548154,False,0.8346,0.0013,0.0108,0.0107,0.1426,0.0,0.0,5.535930672523435,0.9867,9867,0.0132999999999999,35.587188612099645,281,1,68,1.6439435534545548,False,0.0044361249892972,47,archived_rho_0.5_unchanged,-0.7217737767140919,False,ok,
6,Normal,10000,5,0.5,fresh_n,14,2026106714,,-1.0,6.257704449237527,False,5,5.317928123914116,0.7286,0.714,0.7032703270327033,False,0.7286,0.0013,0.0226,0.0206,0.2269,0.0,0.0,5.099909007239705,0.9741,9741,0.0259,19.607843137254903,510,1,144,1.9114204488237436,False,0.004735582973808,47,archived_rho_0.5_unchanged,-1.1577954419978216,False,ok,
6,Normal,10000,5,0.5,fresh_n,14,2026106714,,-1.0,6.257704449237527,False,6,4.941834446537887,0.5961,0.574,0.564956495649565,False,0.5961,0.0013,0.0395,0.0308,0.3323,0.0,0.0,4.63089018946256,0.9505,9505,0.0494999999999999,12.004801920768308,833,1,284,2.1483709856035915,False,0.0048594170366413,47,archived_rho_0.5_unchanged,-1.6268142597749664,False,ok,
6,Normal,10000,5,0.5,fresh_n,14,2026106714,,-1.0,6.257704449237527,False,7,4.559262897893008,0.4618,0.4245,0.414041404140414,False,0.4618,0.0013,0.0691,0.0482,0.4196,0.0,0.0,4.030664978646058,0.9141,9141,0.0858999999999999,7.849293563579278,1274,1,498,2.3798819948034535,False,0.0050496249459683,47,archived_rho_0.5_unchanged,-2.2270394705914685,False,ok,
6,Normal,10000,5,0.5,fresh_n,14,2026106714,,-1.0,6.257704449237527,False,8,4.10792132893062,0.3377,0.2913,0.2886288628862886,False,0.3377,0.0013,0.1055,0.0759,0.4796,0.0,0.0,3.405899783544813,0.8613,8613,0.1387,5.485463521667581,1823,1,747,2.6007258757907827,False,0.005447874951642,47,archived_rho_0.5_unchanged,-2.851804665692714,False,ok,
6,Normal,10000,5,0.5,fresh_n,14,2026106714,,-1.0,6.257704449237527,False,9,3.6851639230759674,0.2303,0.1768,0.1713171317131713,False,0.2303,0.0013,0.1482,0.1123,0.5079,0.0,0.0,2.6830427175874374,0.8099,8099,0.1901,4.074979625101874,2454,1,1163,2.7868706535139336,False,0.0058220839709974,47,archived_rho_0.5_unchanged,-3.5746617316500893,False,ok,
6,Normal,10000,5,0.5,fresh_n,14,2026106714,,-1.0,6.257704449237527,False,10,3.157381490760851,0.1437,0.0866,0.078007800780078,False,0.1437,0.0013,0.216,0.1355,0.5035,0.0,0.0,1.9181543004785455,0.7333,7333,0.2667,3.147623544224111,3177,1,1617,2.873946031595974,False,0.0060337500181049,47,archived_rho_0.5_unchanged,-4.339550148758981,False,ok,
6,Normal,10000,5,0.5,fresh_n,14,2026106714,,-1.0,6.257704449237527,False,11,2.7375193899980212,0.0822,0.0345,0.0326934613077384,False,0.0822,0.0013,0.2816,0.1692,0.4657,0.0,0.0,1.1654965356541322,0.6558,6558,0.3441999999999999,2.5693730729701953,3892,1,2146,2.8045670330645915,False,0.006138083001133,47,archived_rho_0.5_unchanged,-5.092207913583394,False,ok,
6,Normal,10000,5,0.5,fresh_n,14,2026106714,,-1.0,6.257704449237527,False,12,2.124170053699825,0.0453,0.0082,0.0075007500750075,False,0.0453,0.0013,0.3625,0.1958,0.3951,0.0,0.0,0.3737790253663027,0.561,5610,0.4389999999999999,2.141786249732277,4669,1,2757,2.6820466908885416,False,0.0063272079569287,47,archived_rho_0.5_unchanged,-5.883925423871224,False,ok,
6,Normal,10000,5,0.5,fresh_n,14,2026106714,,-1.0,6.257704449237527,False,13,1.781860238097133,0.0209,0.0016,0.0006000600060006,False,0.0209,0.0013,0.4395,0.2073,0.331,0.0,0.0,-0.292111463436305,0.4666,4666,0.5334,1.851851851851852,5400,1,3419,2.4379852696845776,False,0.0063833330059424,47,archived_rho_0.5_unchanged,-6.549815912673831,False,ok,
6,Normal,10000,5,0.5,fresh_n,14,2026106714,,-1.0,6.257704449237527,False,14,0.99851559025539,0.0113,0.0001,0.0,False,0.0113,0.0013,0.5157,0.2296,0.2421,0.0,0.0,-1.105114745553463,0.3859,3859,0.6141,1.6385384237260363,6103,1,4145,2.2247271837340867,False,0.0063452500035054,47,archived_rho_0.5_unchanged,-7.36281919479099,False,ok,
6,Normal,10000,5,0.5,fresh_n,14,2026106714,,-1.0,6.257704449237527,False,15,0.5472142399550771,0.0053,0.0,0.0,False,0.0053,0.0013,0.5925,0.2218,0.1791,0.0,0.0,-1.5593817939319905,0.3022,3022,0.6978,1.483019427554501,6743,1,4939,1.850468542681252,False,0.0060568749904632,47,archived_rho_0.5_unchanged,-7.817086243169517,False,ok,
6,Normal,10000,5,0.5,fresh_n,14,2026106714,,-1.0,6.257704449237527,False,16,0.2311436412440112,0.0019,0.0,0.0,False,0.0019,0.0013,0.6664,0.208,0.1224,0.0,0.0,-2.256976886609696,0.2139,2139,0.7861,1.3592496941688188,7357,1,5632,1.4869793433293383,False,0.0059277500258758,47,archived_rho_0.5_unchanged,-8.514681335847223,False,ok,
6,Normal,10000,5,0.5,fresh_n,14,2026106714,,-1.0,6.257704449237527,False,17,0.2642246877489372,0.0015,0.0,0.0,False,0.0015,0.0013,0.7249,0.1895,0.0828,0.0,0.0,-2.7131372741048945,0.169,1690,0.831,1.285016705217168,7782,1,6238,1.2436118948088335,False,0.0056408339878544,47,archived_rho_0.5_unchanged,-8.97084172334242,False,ok,
6,Normal,10000,5,0.5,fresh_n,14,2026106714,,-1.0,6.257704449237527,False,18,-0.8856341477845717,0.0006,0.0,0.0,False,0.0006,0.0013,0.7871,0.1611,0.0499,0.0,0.0,-3.162027171681125,0.1126,1126,0.8874,1.2184720360667722,8207,1,6843,0.9170856591143592,False,0.0053765410557389,47,archived_rho_0.5_unchanged,-9.419731620918652,False,ok,
6,Normal,10000,5,0.5,fresh_n,14,2026106714,,-1.0,6.257704449237527,False,19,0.4583615272931181,0.0003,0.0,0.0,False,0.0003,0.0013,0.8142,0.1458,0.0384,0.0,0.0,-3.4406146671600775,0.0834,834,0.9166,1.175226231049477,8509,1,7321,0.7078556379631615,False,0.0051432080217637,47,archived_rho_0.5_unchanged,-9.698319116397604,False,ok,
6,Normal,10000,5,0.5,fresh_n,14,2026106714,,-1.0,6.257704449237527,False,20,inf,0.0,0.0,0.0,False,0.0,0.0013,0.8516,0.1258,0.0213,0.0,0.0,-3.8275815491885017,0.054,540,0.946,1.1298158400180771,8851,1,7884,0.5012377786573864,False,0.0048648749943822,47,archived_rho_0.5_unchanged,-10.085285998426029,False,ok,
6,Normal,10000,5,0.5,fresh_n,14,2026106714,,-1.0,6.257704449237527,False,21,0.7953619185361649,0.0001,0.0,0.0,False,0.0001,0.0013,0.8795,0.1046,0.0145,0.0,0.0,-4.095226480633015,0.0406,406,0.9594,1.1117287381878822,8995,1,8123,0.4011111161636895,False,0.0046810840140096,47,archived_rho_0.5_unchanged,-10.352930929870542,False,ok,
6,Normal,10000,5,0.5,fresh_n,14,2026106714,,-1.0,6.257704449237527,False,22,inf,0.0,0.0,0.0,False,0.0,0.0013,0.9006,0.0883,0.0098,0.0,0.0,-4.4325868418019905,0.0285,285,0.9715,1.0842459069717012,9223,1,8531,0.2986955263996958,False,0.0045151659869588,47,archived_rho_0.5_unchanged,-10.690291291039518,False,ok,
6,Normal,10000,5,0.5,fresh_n,14,2026106714,,-1.0,6.257704449237527,False,23,-1.8191016145632075,0.0001,0.0,0.0,False,0.0001,0.0013,0.9199,0.072,0.0067,0.0,0.0,-4.309084380712915,0.0204,204,0.9796,1.0704345964461572,9342,1,8746,0.2251941431012575,False,0.0043590419809333,47,archived_rho_0.5_unchanged,-10.566788829950442,False,ok,
6,Normal,10000,5,0.5,fresh_n,14,2026106714,,-1.0,6.257704449237527,False,24,inf,0.0,0.0,0.0,False,0.0,0.0013,0.9325,0.0613,0.0049,0.0,0.0,-4.883750216888337,0.0146,146,0.9854,1.0554089709762533,9475,1,8990,0.1749784363951851,False,0.0042375000193715,47,archived_rho_0.5_unchanged,-11.141454666125863,False,ok,
6,Normal,10000,5,0.5,fresh_n,14,2026106714,,-1.0,6.257704449237527,False,25,inf,0.0,0.0,0.0,False,0.0,0.0013,0.9433,0.0517,0.0037,0.0,0.0,-4.983513364481164,0.0107,107,0.9893,1.0486577181208054,9536,1,9100,0.1378479403047701,False,0.0041811669943854,47,archived_rho_0.5_unchanged,-11.241217813718691,False,ok,
6,Normal,10000,5,0.5,fresh_n,14,2026106714,,-1.0,6.257704449237527,False,26,-2.9065895952548972,0.0001,0.0,0.0,False,0.0001,0.0013,0.9525,0.0447,0.0014,0.0,0.0,-4.875619183186959,0.0069,69,0.9931,1.037344398340249,9640,1,9298,0.1019603231461889,False,0.0040957500459626,47,archived_rho_0.5_unchanged,-11.133323632424485,False,ok,
6,Normal,10000,5,0.5,fresh_n,14,2026106714,,-1.0,6.257704449237527,False,27,inf,0.0,0.0,0.0,False,0.0,0.0013,0.9638,0.0339,0.001,0.0,0.0,-5.748116569139606,0.0053,53,0.9947,1.0299721907508497,9709,1,9430,0.077795801173858,False,0.0039750410360284,47,archived_rho_0.5_unchanged,-12.005821018377134,False,ok,
6,Normal,10000,5,0.5,fresh_n,14,2026106714,,-1.0,6.257704449237527,False,28,inf,0.0,0.0,0.0,False,0.0,0.0013,0.9684,0.0295,0.0008,0.0,0.0,-5.386287088833868,0.0036,36,0.9964,1.0250102501025011,9756,1,9520,0.062607720606479,False,0.0039432080229744,47,archived_rho_0.5_unchanged,-11.643991538071393,False,ok,
6,Normal,10000,5,0.5,fresh_n,14,2026106714,,-1.0,6.257704449237527,False,29,inf,0.0,0.0,0.0,False,0.0,0.0013,0.9716,0.0267,0.0004,0.0,0.0,-6.070191272488345,0.0038,38,0.9962,1.0225994477962983,9779,1,9567,0.0606318321021977,False,0.0039503750158473,47,archived_rho_0.5_unchanged,-12.327895721725872,False,ok,
6,Normal,10000,5,0.5,fresh_n,14,2026106714,,-1.0,6.257704449237527,False,30,inf,0.0,0.0,0.0,False,0.0,0.0013,0.9755,0.0224,0.0008,0.0,0.0,-5.778753162381874,0.0024,24,0.9976,1.0169836265636123,9833,1,9670,0.0410805862203159,False,0.0038947910070419,47,archived_rho_0.5_unchanged,-12.0364576116194,False,ok,
6,Normal,10000,5,0.5,fresh_n,14,2026106714,,-1.0,6.257704449237527,False,31,inf,0.0,0.0,0.0,False,0.0,0.0013,0.9783,0.0197,0.0007,0.0,0.0,-6.096645587437305,0.0022,22,0.9978,1.0175010175010175,9828,1,9660,0.0422756664501831,False,0.0038664590101689,47,archived_rho_0.5_unchanged,-12.35435003667483,False,ok,
6,Normal,10000,5,0.5,fresh_n,14,2026106714,,-1.0,6.257704449237527,False,32,inf,0.0,0.0,0.0,False,0.0,0.0013,0.984,0.0145,0.0002,0.0,0.0,-6.394796180966918,0.0011,11,0.9989,1.0124531740407006,9877,1,9755,0.0261445906268139,False,0.0038536670035682,47,archived_rho_0.5_unchanged,-12.652500630204445,False,ok,
6,Normal,10000,5,0.5,fresh_n,14,2026106714,,-1.0,6.257704449237527,False,33,inf,0.0,0.0,0.0,False,0.0,0.0013,0.9842,0.0141,0.0004,0.0,0.0,-5.987079400292883,0.0013,13,0.9987,1.012965964343598,9872,1,9746,0.0293782868812428,False,0.0038357080193236,47,archived_rho_0.5_unchanged,-12.24478384953041,False,ok,
6,Normal,10000,5,0.5,fresh_n,14,2026106714,,-1.0,6.257704449237527,False,34,inf,0.0,0.0,0.0,False,0.0,0.0013,0.9859,0.0124,0.0004,0.0,0.0,-5.342136040323708,0.0012,12,0.9988,1.0115314586283632,9886,1,9774,0.0263462460408519,False,0.0038337500300258,47,archived_rho_0.5_unchanged,-11.599840489561235,False,ok,
6,Normal,10000,5,0.5,fresh_n,14,2026106714,,-1.0,6.257704449237527,False,35,inf,0.0,0.0,0.0,False,0.0,0.0013,0.9862,0.0125,0.0,0.0,0.0,-6.591502005124184,0.0011,11,0.9989,1.0090817356205852,9910,1,9821,0.0196606625477839,False,0.0037863329635001,47,archived_rho_0.5_unchanged,-12.84920645436171,False,ok,
6,Normal,10000,5,0.5,fresh_n,14,2026106714,,-1.0,6.257704449237527,False,36,inf,0.0,0.0,0.0,False,0.0,0.0013,0.9886,0.0098,0.0003,0.0,0.0,-6.002830242539541,0.0014,14,0.9986,1.0083694665725522,9917,1,9836,0.0199030695461409,False,0.0038052079617045,47,archived_rho_0.5_unchanged,-12.260534691777067,False,ok,
6,Normal,10000,5,0.5,fresh_n,14,2026106714,,-1.0,6.257704449237527,False,37,inf,0.0,0.0,0.0,False,0.0,0.0013,0.9916,0.007,0.0001,0.0,0.0,-4.25762523645075,0.0003,3,0.9997,1.005126143330988,9949,1,9898,0.0102,False,0.0037493749987334,47,archived_rho_0.5_unchanged,-10.515329685688275,False,ok,
6,Normal,10000,5,0.5,fresh_n,14,2026106714,,-1.0,6.257704449237527,False,38,inf,0.0,0.0,0.0,False,0.0,0.0013,0.9917,0.0069,0.0001,0.0,0.0,-6.162474513582942,0.0007,7,0.9993,1.0067451927917044,9933,1,9866,0.0134,False,0.0037850409862585,47,archived_rho_0.5_unchanged,-12.420178962820469,False,ok,
6,Normal,10000,5,0.5,fresh_n,14,2026106714,,-1.0,6.257704449237527,False,39,inf,0.0,0.0,0.0,False,0.0,0.0013,0.9915,0.0071,0.0001,0.0,0.0,-6.5624545502912754,0.0003,3,0.9997,1.0058338362502517,9942,1,9884,0.0116,False,0.0037652920000255,47,archived_rho_0.5_unchanged,-12.820158999528802,False,ok,
6,Normal,10000,5,0.5,fresh_n,14,2026106714,,-1.0,6.257704449237527,False,40,inf,0.0,0.0,0.0,False,0.0,0.0013,0.9925,0.0061,0.0001,0.0,0.0,-4.670749349875925,0.0003,3,0.9997,1.004419445560466,9956,1,9912,0.0087999999999999,False,0.0037414580001495,47,archived_rho_0.5_unchanged,-10.928453799113452,False,ok,
6,Normal,10000,5,0.5,fresh_n,15,2026106715,,-1.0,6.257704449237527,False,1,7.071752471794549,0.9986,0.9986,0.9975997599759976,True,0.9986,0.0014,0.0,0.0,0.0,0.0,0.0,7.056654494753607,1.0,10000,0.0,10000.0,1,10000,0,1.0798679267339064,False,0.0045329160057008,47,archived_rho_0.5_unchanged,0.7989500455160803,False,ok,
6,Normal,10000,5,0.5,fresh_n,15,2026106715,,-1.0,6.257704449237527,False,2,6.166031135151405,0.9526,0.9526,0.9487102579484104,False,0.9526,0.0014,0.0,0.0,0.046,0.0,0.0,6.113476439305188,1.0,10000,0.0,312.5,32,52,0,1.3419103124491227,False,0.0041795829893089,47,archived_rho_0.5_unchanged,-0.14422800993233853,False,ok,
6,Normal,10000,5,0.5,fresh_n,15,2026106715,,-1.0,6.257704449237527,False,3,5.9426190548554905,0.9059,0.9028,0.9015901590159016,False,0.9059,0.0014,0.0025,0.0019,0.0883,0.0,0.0,5.9433305102401155,0.998,9980,0.002,105.26315789473684,95,1,14,1.4113866166642886,False,0.0041174169746227,47,archived_rho_0.5_unchanged,-0.3143739389974112,False,ok,
6,Normal,10000,5,0.5,fresh_n,15,2026106715,,-1.0,6.257704449237527,False,4,5.6444100321893105,0.8369,0.8275,0.8212357528494301,False,0.8369,0.0014,0.0094,0.0107,0.1416,0.0,0.0,5.569813268972325,0.9888,9888,0.0111999999999999,38.61003861003861,259,1,67,1.6107799880827334,False,0.0043779580155387,47,archived_rho_0.5_unchanged,-0.6878911802652015,False,ok,
6,Normal,10000,5,0.5,fresh_n,15,2026106715,,-1.0,6.257704449237527,False,5,5.339018710828499,0.7374,0.7221,0.7084583083383323,False,0.7374,0.0014,0.019,0.017,0.2252,0.0,0.0,5.15168099257583,0.9766,9766,0.0233999999999999,21.645021645021647,462,1,130,1.8687727835754744,False,0.0045414579799398,47,archived_rho_0.5_unchanged,-1.1060234566616964,False,ok,
6,Normal,10000,5,0.5,fresh_n,15,2026106715,,-1.0,6.257704449237527,False,6,4.9698764280652385,0.622,0.6008,0.5722855428914218,False,0.622,0.0014,0.0357,0.03,0.3109,0.0,0.0,4.687135577258679,0.9551,9551,0.0449,13.227513227513228,756,1,253,2.08585365147929,False,0.0047584580024704,47,archived_rho_0.5_unchanged,-1.570568871978848,False,ok,
6,Normal,10000,5,0.5,fresh_n,15,2026106715,,-1.0,6.257704449237527,False,7,4.580188719514148,0.4982,0.4604,0.4487102579484103,False,0.4982,0.0014,0.0628,0.0434,0.3942,0.0,0.0,4.183018001501346,0.9248,9248,0.0752,8.733624454148472,1145,1,431,2.351475505799835,False,0.0049697500071488,47,archived_rho_0.5_unchanged,-2.0746864477361804,False,ok,
6,Normal,10000,5,0.5,fresh_n,15,2026106715,,-1.0,6.257704449237527,False,8,4.195405418470394,0.3696,0.329,0.3116376724655069,False,0.3696,0.0014,0.0959,0.0708,0.4623,0.0,0.0,3.5617861718519004,0.886,8860,0.1139999999999999,6.127450980392157,1632,1,688,2.564839008440476,False,0.005248749977909,47,archived_rho_0.5_unchanged,-2.6959182773856263,False,ok,
6,Normal,10000,5,0.5,fresh_n,15,2026106715,,-1.0,6.257704449237527,False,9,3.7629148226403646,0.2625,0.2076,0.1928614277144571,False,0.2625,0.0014,0.1432,0.0891,0.5038,0.0,0.0,2.8721180494722356,0.8315,8315,0.1684999999999999,4.514672686230249,2215,1,986,2.7410579227459784,False,0.0055709579610265,47,archived_rho_0.5_unchanged,-3.385586399765291,False,ok,
6,Normal,10000,5,0.5,fresh_n,15,2026106715,,-1.0,6.257704449237527,False,10,3.26231562557243,0.1718,0.1177,0.1001799640071985,False,0.1718,0.0014,0.1974,0.1306,0.4988,0.0,0.0,2.1965259862730364,0.7652,7652,0.2348,3.50754121360926,2851,1,1372,2.8460981695436556,False,0.0058361660339869,47,archived_rho_0.5_unchanged,-4.06117846296449,False,ok,
6,Normal,10000,5,0.5,fresh_n,15,2026106715,,-1.0,6.257704449237527,False,11,2.828357489421182,0.0981,0.0533,0.0413917216556688,False,0.0981,0.0014,0.2596,0.1613,0.4796,0.0,0.0,1.440124509784231,0.6931,6931,0.3068999999999999,2.816901408450704,3550,1,1856,2.853913446938907,False,0.0060153340455144,47,archived_rho_0.5_unchanged,-4.817579939453296,False,ok,
6,Normal,10000,5,0.5,fresh_n,15,2026106715,,-1.0,6.257704449237527,False,12,2.32224442201756,0.0622,0.0169,0.013497300539892,False,0.0622,0.0014,0.3308,0.185,0.4206,0.0,0.0,0.6946711261575714,0.6091,6091,0.3909,2.3228803716608595,4305,1,2486,2.7598475065103485,False,0.0062320419820025,47,archived_rho_0.5_unchanged,-5.563033323079956,False,ok,
6,Normal,10000,5,0.5,fresh_n,15,2026106715,,-1.0,6.257704449237527,False,13,1.7908405178951166,0.0346,0.0036,0.0032993401319736,False,0.0346,0.0014,0.4074,0.2083,0.3483,0.0,0.0,-0.0133284789646805,0.5239,5239,0.4760999999999999,1.996007984031936,5010,1,3065,2.657473462249081,False,0.0063115829834714,47,archived_rho_0.5_unchanged,-6.2710329282022075,False,ok,
6,Normal,10000,5,0.5,fresh_n,15,2026106715,,-1.0,6.257704449237527,False,14,1.1961712241425864,0.0179,0.0015,0.0003000300030003,False,0.0179,0.0014,0.4799,0.2189,0.2819,0.0,0.0,-0.6439930991448247,0.4346,4346,0.5654,1.7593244194229416,5684,1,3732,2.353924365506017,False,0.0063527079764753,47,archived_rho_0.5_unchanged,-6.9016975483823515,False,ok,
6,Normal,10000,5,0.5,fresh_n,15,2026106715,,-1.0,6.257704449237527,False,15,0.7249253725001584,0.0091,0.0,0.0,False,0.0091,0.0014,0.5598,0.2264,0.2033,0.0,0.0,-1.3464571891546264,0.3505,3505,0.6495,1.5743073047858942,6352,1,4436,2.062357690033727,False,0.0062640830292366,47,archived_rho_0.5_unchanged,-7.604161638392153,False,ok,
6,Normal,10000,5,0.5,fresh_n,15,2026106715,,-1.0,6.257704449237527,False,16,0.3952167836042357,0.0051,0.0,0.0,False,0.0051,0.0014,0.6241,0.2076,0.1618,0.0,0.0,-1.8760441898767024,0.2796,2796,0.7203999999999999,1.4513788098693758,6890,1,5064,1.785277376012776,False,0.0060726249939762,47,archived_rho_0.5_unchanged,-8.133748639114229,False,ok,
6,Normal,10000,5,0.5,fresh_n,15,2026106715,,-1.0,6.257704449237527,False,17,0.0175035877498466,0.0032,0.0,0.0,False,0.0032,0.0014,0.6863,0.2006,0.1085,0.0,0.0,-2.2902055141893367,0.2116,2116,0.7884,1.3475272874275703,7421,1,5760,1.420890493325119,False,0.0058259159559383,47,archived_rho_0.5_unchanged,-8.547909963426864,False,ok,
6,Normal,10000,5,0.5,fresh_n,15,2026106715,,-1.0,6.257704449237527,False,18,-0.4171328502948962,0.0008,0.0,0.0,False,0.0008,0.0014,0.74,0.1817,0.0761,0.0,0.0,-2.906666444411762,0.1559,1559,0.8441,1.2746972594008923,7845,1,6320,1.1430273370231054,False,0.0056130000157281,47,archived_rho_0.5_unchanged,-9.164370893649288,False,ok,
6,Normal,10000,5,0.5,fresh_n,15,2026106715,,-1.0,6.257704449237527,False,19,-1.2219481072577127,0.001,0.0,0.0,False,0.001,0.0014,0.7862,0.1608,0.0506,0.0,0.0,-3.14121545847961,0.1172,1172,0.8828,1.2150668286755772,8230,1,6901,0.9137027794401305,False,0.0054136250400915,47,archived_rho_0.5_unchanged,-9.398919907717136,False,ok,
6,Normal,10000,5,0.5,fresh_n,15,2026106715,,-1.0,6.257704449237527,False,20,-0.8002130451967905,0.0007,0.0,0.0,False,0.0007,0.0014,0.8156,0.1442,0.0381,0.0,0.0,-3.536370947265062,0.082,820,0.918,1.168907071887785,8555,1,7422,0.6917332739923384,False,0.0050530000007711,47,archived_rho_0.5_unchanged,-9.794075396502588,False,ok,
6,Normal,10000,5,0.5,fresh_n,15,2026106715,,-1.0,6.257704449237527,False,21,-1.6600215863217942,0.0004,0.0,0.0,False,0.0004,0.0014,0.857,0.117,0.0242,0.0,0.0,-3.9730507694834913,0.0579,579,0.9421,1.131990038487661,8834,1,7868,0.5219567495420012,False,0.0048482500133104,47,archived_rho_0.5_unchanged,-10.230755218721018,False,ok,
6,Normal,10000,5,0.5,fresh_n,15,2026106715,,-1.0,6.257704449237527,False,22,inf,0.0,0.0,0.0,False,0.0,0.0014,0.8785,0.1025,0.0176,0.0,0.0,-4.273352298284274,0.0414,414,0.9586,1.1069293779056897,9034,1,8210,0.3972788628420813,False,0.0046725419815629,47,archived_rho_0.5_unchanged,-10.5310567475218,False,ok,
6,Normal,10000,5,0.5,fresh_n,15,2026106715,,-1.0,6.257704449237527,False,23,inf,0.0,0.0,0.0,False,0.0,0.0014,0.8968,0.0889,0.0129,0.0,0.0,-4.235459195027069,0.0291,291,0.9709,1.088020890001088,9191,1,8478,0.2956941287086683,False,0.0044875420280732,47,archived_rho_0.5_unchanged,-10.493163644264595,False,ok,
6,Normal,10000,5,0.5,fresh_n,15,2026106715,,-1.0,6.257704449237527,False,24,inf,0.0,0.0,0.0,False,0.0,0.0014,0.9177,0.0743,0.0066,0.0,0.0,-4.6670700472985915,0.0183,183,0.9817,1.0730765103551885,9319,1,8695,0.2253253888351619,False,0.0044013339793309,47,archived_rho_0.5_unchanged,-10.924774496536118,False,ok,
6,Normal,10000,5,0.5,fresh_n,15,2026106715,,-1.0,6.257704449237527,False,25,inf,0.0,0.0,0.0,False,0.0,0.0014,0.9273,0.0659,0.0054,0.0,0.0,-4.896025557356202,0.0149,149,0.9851,1.056859015007398,9462,1,8964,0.1729401971711749,False,0.0042423749691806,47,archived_rho_0.5_unchanged,-11.15373000659373,False,ok,
6,Normal,10000,5,0.5,fresh_n,15,2026106715,,-1.0,6.257704449237527,False,26,inf,0.0,0.0,0.0,False,0.0,0.0014,0.9418,0.0527,0.0041,0.0,0.0,-5.3946079344788,0.0121,121,0.9879,1.0485477613505294,9537,1,9111,0.1561998116434199,False,0.0041468749986961,47,archived_rho_0.5_unchanged,-11.652312383716326,False,ok,
6,Normal,10000,5,0.5,fresh_n,15,2026106715,,-1.0,6.257704449237527,False,27,inf,0.0,0.0,0.0,False,0.0,0.0014,0.9508,0.0455,0.0023,0.0,0.0,-5.3318785136266325,0.0078,78,0.9922,1.039717196922437,9618,1,9257,0.1100897338525785,False,0.0040718340314924,47,archived_rho_0.5_unchanged,-11.58958296286416,False,ok,
6,Normal,10000,5,0.5,fresh_n,15,2026106715,,-1.0,6.257704449237527,False,28,inf,0.0,0.0,0.0,False,0.0,0.0014,0.9563,0.04,0.0023,0.0,0.0,-6.167245650333319,0.0069,69,0.9931,1.035303861683404,9659,1,9336,0.1018874144990791,False,0.004054666031152,47,archived_rho_0.5_unchanged,-12.424950099570847,False,ok,
6,Normal,10000,5,0.5,fresh_n,15,2026106715,,-1.0,6.257704449237527,False,29,inf,0.0,0.0,0.0,False,0.0,0.0014,0.9661,0.0315,0.001,0.0,0.0,-6.250759243636323,0.0044,44,0.9956,1.027749229188078,9730,1,9468,0.069902951529464,False,0.0039857079973444,47,archived_rho_0.5_unchanged,-12.50846369287385,False,ok,
6,Normal,10000,5,0.5,fresh_n,15,2026106715,,-1.0,6.257704449237527,False,30,inf,0.0,0.0,0.0,False,0.0,0.0014,0.9678,0.0298,0.001,0.0,0.0,-5.430898029898899,0.005,50,0.995,1.0230179028132993,9775,1,9563,0.0697480839977804,False,0.0039104589959606,47,archived_rho_0.5_unchanged,-11.688602479136426,False,ok,
6,Normal,10000,5,0.5,fresh_n,15,2026106715,,-1.0,6.257704449237527,False,31,inf,0.0,0.0,0.0,False,0.0,0.0014,0.9709,0.0265,0.0012,0.0,0.0,-6.486494642585126,0.0043,43,0.9957,1.0201999591920017,9802,1,9614,0.0587433356204904,False,0.0038845419767312,47,archived_rho_0.5_unchanged,-12.744199091822653,False,ok,
6,Normal,10000,5,0.5,fresh_n,15,2026106715,,-1.0,6.257704449237527,False,32,inf,0.0,0.0,0.0,False,0.0,0.0014,0.9785,0.0195,0.0006,0.0,0.0,-6.396016509244975,0.0032,32,0.9968,1.0169836265636123,9833,1,9675,0.05293566765668,False,0.003862083016429,47,archived_rho_0.5_unchanged,-12.653720958482502,False,ok,
6,Normal,10000,5,0.5,fresh_n,15,2026106715,,-1.0,6.257704449237527,False,33,inf,0.0,0.0,0.0,False,0.0,0.0014,0.9807,0.0174,0.0005,0.0,0.0,-7.147611369941646,0.0012,12,0.9988,1.0150223304912709,9852,1,9706,0.0331718193770765,False,0.0038509169826284,47,archived_rho_0.5_unchanged,-13.405315819179172,False,ok,
6,Normal,10000,5,0.5,fresh_n,15,2026106715,,-1.0,6.257704449237527,False,34,inf,0.0,0.0,0.0,False,0.0,0.0014,0.9804,0.0177,0.0005,0.0,0.0,-7.568093272525185,0.0021,21,0.9979,1.0134792743488397,9867,1,9738,0.0352192176436556,False,0.0038366669905371,47,archived_rho_0.5_unchanged,-13.825797721762711,False,ok,
6,Normal,10000,5,0.5,fresh_n,15,2026106715,,-1.0,6.257704449237527,False,35,inf,0.0,0.0,0.0,False,0.0,0.0014,0.9841,0.0145,0.0,0.0,0.0,-7.221735809642209,0.0006,6,0.9994,1.010815728292732,9893,1,9786,0.0213999999999999,False,0.0037924579810351,47,archived_rho_0.5_unchanged,-13.479440258879736,False,ok,
6,Normal,10000,5,0.5,fresh_n,15,2026106715,,-1.0,6.257704449237527,False,36,inf,0.0,0.0,0.0,False,0.0,0.0014,0.9856,0.0128,0.0002,0.0,0.0,-8.850235883816541,0.0008,8,0.9992,1.011020119300374,9891,1,9783,0.0238876653900846,False,0.0037685410352423,47,archived_rho_0.5_unchanged,-15.107940333054067,False,ok,
6,Normal,10000,5,0.5,fresh_n,15,2026106715,,-1.0,6.257704449237527,False,37,inf,0.0,0.0,0.0,False,0.0,0.0014,0.9865,0.012,0.0001,0.0,0.0,-7.648652711033731,0.0008,8,0.9992,1.00999899000101,9901,1,9802,0.0197999999999999,False,0.0038087909924797,47,archived_rho_0.5_unchanged,-13.906357160271257,False,ok,
6,Normal,10000,5,0.5,fresh_n,15,2026106715,,-1.0,6.257704449237527,False,38,inf,0.0,0.0,0.0,False,0.0,0.0014,0.9887,0.0095,0.0004,0.0,0.0,-7.63042601814672,0.0011,11,0.9989,1.008471157724889,9916,1,9834,0.0203368311719967,False,0.0037951659760437,47,archived_rho_0.5_unchanged,-13.888130467384247,False,ok,
6,Normal,10000,5,0.5,fresh_n,15,2026106715,,-1.0,6.257704449237527,False,39,inf,0.0,0.0,0.0,False,0.0,0.0014,0.9909,0.0077,0.0,0.0,0.0,-9.540257007970911,0.0004,4,0.9996,1.0064412238325282,9936,1,9872,0.0128,False,0.0037592079606838,47,archived_rho_0.5_unchanged,-15.797961457208437,False,ok,
6,Normal,10000,5,0.5,fresh_n,15,2026106715,,-1.0,6.257704449237527,False,40,inf,0.0,0.0,0.0,False,0.0,0.0014,0.9892,0.0094,0.0,0.0,0.0,-6.549580103358951,0.0005,5,0.9995,1.0054293183189222,9946,1,9892,0.0108,False,0.0037483329651877,47,archived_rho_0.5_unchanged,-12.807284552596478,False,ok,
6,Normal,10000,5,0.5,fresh_n,16,2026106716,,-1.0,6.257704449237527,False,1,7.100929607906718,0.9989,0.9989,0.9984998499849984,True,0.9989,0.0011,0.0,0.0,0.0,0.0,0.0,7.084923619783455,1.0,10000,0.0,10000.0,1,10000,0,1.0809519083008308,False,0.0045049160253256,47,archived_rho_0.5_unchanged,0.827219170545928,False,ok,
6,Normal,10000,5,0.5,fresh_n,16,2026106716,,-1.0,6.257704449237527,False,2,6.200655722781833,0.9582,0.9582,0.955895589558956,False,0.9582,0.0011,0.0,0.0,0.0407,0.0,0.0,6.124711182606525,1.0,10000,0.0,312.5,32,67,0,1.352060767027686,False,0.0041836249874904,47,archived_rho_0.5_unchanged,-0.13299326663100164,False,ok,
6,Normal,10000,5,0.5,fresh_n,16,2026106716,,-1.0,6.257704449237527,False,3,5.958198178192227,0.9036,0.9006,0.8872225554889022,False,0.9036,0.0011,0.0027,0.0017,0.0909,0.0,0.0,5.969439331219687,0.9975,9975,0.0024999999999999,101.010101010101,99,1,18,1.4085382736344312,False,0.0041029170388355,47,archived_rho_0.5_unchanged,-0.28826511801783994,False,ok,
6,Normal,10000,5,0.5,fresh_n,16,2026106716,,-1.0,6.257704449237527,False,4,5.686592779493672,0.8418,0.8327,0.8293341331733654,False,0.8418,0.0011,0.0096,0.0097,0.1378,0.0,0.0,5.59365525859062,0.9868,9868,0.0131999999999999,38.61003861003861,259,1,67,1.5844765913301444,False,0.0042501660063862,47,archived_rho_0.5_unchanged,-0.6640491906469066,False,ok,
6,Normal,10000,5,0.5,fresh_n,16,2026106716,,-1.0,6.257704449237527,False,5,5.372174026706081,0.7488,0.7357,0.7245724572457246,False,0.7488,0.0011,0.0197,0.0177,0.2127,0.0,0.0,5.197263352145838,0.976,9760,0.024,22.123893805309734,452,1,128,1.8297150261395911,False,0.0045079580158926,47,archived_rho_0.5_unchanged,-1.0604410970916884,False,ok,
6,Normal,10000,5,0.5,fresh_n,16,2026106716,,-1.0,6.257704449237527,False,6,5.034743927892727,0.6159,0.5956,0.585958595859586,False,0.6159,0.0011,0.0377,0.0257,0.3196,0.0,0.0,4.76925560022422,0.954,9540,0.046,13.422818791946307,745,1,257,2.049740455749581,False,0.0046868330100551,47,archived_rho_0.5_unchanged,-1.4884488490133068,False,ok,
6,Normal,10000,5,0.5,fresh_n,16,2026106716,,-1.0,6.257704449237527,False,7,4.657138491319243,0.4962,0.4596,0.4419441944194419,False,0.4962,0.0011,0.0604,0.048,0.3943,0.0,0.0,4.220061548929244,0.931,9310,0.0689999999999999,9.233610341643583,1083,1,390,2.3185459305232823,False,0.0048882499686442,47,archived_rho_0.5_unchanged,-2.037642900308283,False,ok,
6,Normal,10000,5,0.5,fresh_n,16,2026106716,,-1.0,6.257704449237527,False,8,4.236437589519761,0.3711,0.3248,0.3135313531353135,False,0.3711,0.0011,0.0933,0.067,0.4675,0.0,0.0,3.5978266755645296,0.8869,8869,0.1130999999999999,6.257822277847309,1598,1,656,2.5663475846009276,False,0.0052317079971544,47,archived_rho_0.5_unchanged,-2.659877773672997,False,ok,
6,Normal,10000,5,0.5,fresh_n,16,2026106716,,-1.0,6.257704449237527,False,9,3.811927002134606,0.2521,0.2006,0.1974197419741974,False,0.2521,0.0011,0.1405,0.0988,0.5075,0.0,0.0,2.9173155459407214,0.8433,8433,0.1566999999999999,4.646840148698884,2152,1,956,2.8055227505173663,False,0.0054806669941172,47,archived_rho_0.5_unchanged,-3.3403889032968053,False,ok,
6,Normal,10000,5,0.5,fresh_n,16,2026106716,,-1.0,6.257704449237527,False,10,3.34206903633893,0.1661,0.1154,0.1092109210921092,False,0.1661,0.0011,0.1892,0.1237,0.5199,0.0,0.0,2.2054584868850937,0.7787,7787,0.2213,3.6010082823190492,2777,1,1312,2.8869410036540377,False,0.0057977919932454,47,archived_rho_0.5_unchanged,-4.052245962352433,False,ok,
6,Normal,10000,5,0.5,fresh_n,16,2026106716,,-1.0,6.257704449237527,False,11,2.8788010228819925,0.104,0.0463,0.0438043804380438,False,0.104,0.0011,0.2535,0.1567,0.4847,0.0,0.0,1.5062606635457392,0.7036,7036,0.2964,2.8457598178713717,3514,1,1871,2.896984593165711,False,0.005982041999232,47,archived_rho_0.5_unchanged,-4.751443785691787,False,ok,
6,Normal,10000,5,0.5,fresh_n,16,2026106716,,-1.0,6.257704449237527,False,12,2.3327083932578794,0.0542,0.0149,0.0147014701470147,False,0.0542,0.0011,0.33,0.1908,0.4239,0.0,0.0,0.7829025986668819,0.6156,6156,0.3843999999999999,2.365744026496333,4227,1,2367,2.809776691655878,False,0.0062696249806322,47,archived_rho_0.5_unchanged,-5.474801850570644,False,ok,
6,Normal,10000,5,0.5,fresh_n,16,2026106716,,-1.0,6.257704449237527,False,13,1.7936644222401386,0.0326,0.0033,0.0021002100210021,False,0.0326,0.0011,0.3945,0.213,0.3588,0.0,0.0,0.0994214775099077,0.5388,5388,0.4612,2.03210729526519,4921,1,3008,2.648659685160767,False,0.0063276249566115,47,archived_rho_0.5_unchanged,-6.158282971727619,False,ok,
6,Normal,10000,5,0.5,fresh_n,16,2026106716,,-1.0,6.257704449237527,False,14,1.4780400388230153,0.0166,0.0006,0.0,False,0.0166,0.0011,0.4771,0.2332,0.272,0.0,0.0,-0.6086913071157362,0.4486,4486,0.5514,1.796299622777079,5567,1,3531,2.468929555126032,False,0.0064404170261695,47,archived_rho_0.5_unchanged,-6.8663957563532625,False,ok,
6,Normal,10000,5,0.5,fresh_n,16,2026106716,,-1.0,6.257704449237527,False,15,0.6350011354126321,0.0067,0.0,0.0,False,0.0067,0.0011,0.5549,0.2366,0.2007,0.0,0.0,-1.3547431544393491,0.3589,3589,0.6411,1.583280557314756,6316,1,4369,2.1435081471090647,False,0.0062869160319678,47,archived_rho_0.5_unchanged,-7.612447603676876,False,ok,
6,Normal,10000,5,0.5,fresh_n,16,2026106716,,-1.0,6.257704449237527,False,16,0.2462548554642118,0.0039,0.0,0.0,False,0.0039,0.0011,0.6219,0.229,0.1441,0.0,0.0,-1.8320064534207992,0.2835,2835,0.7165,1.4543339150668997,6876,1,5029,1.836106236304826,False,0.0060816250042989,47,archived_rho_0.5_unchanged,-8.089710902658325,False,ok,
6,Normal,10000,5,0.5,fresh_n,16,2026106716,,-1.0,6.257704449237527,False,17,-0.2322291608265645,0.002,0.0,0.0,False,0.002,0.0011,0.6872,0.2112,0.0985,0.0,0.0,-2.344151766674525,0.2109,2109,0.7891,1.352265043948614,7395,1,5674,1.4755822345800176,False,0.005890000029467,47,archived_rho_0.5_unchanged,-8.60185621591205,False,ok,
6,Normal,10000,5,0.5,fresh_n,16,2026106716,,-1.0,6.257704449237527,False,18,-1.008655661366702,0.0007,0.0,0.0,False,0.0007,0.0011,0.7448,0.1821,0.0713,0.0,0.0,-2.707598808819857,0.1523,1523,0.8477,1.2708095056551023,7869,1,6347,1.1460431140959964,False,0.005613625049591,47,archived_rho_0.5_unchanged,-8.965303258057384,False,ok,
6,Normal,10000,5,0.5,fresh_n,16,2026106716,,-1.0,6.257704449237527,False,19,-1.7618451803642228,0.0005,0.0,0.0,False,0.0005,0.0011,0.7907,0.1655,0.0422,0.0,0.0,-3.232590026572471,0.1051,1051,0.8949,1.2027904738994468,8314,1,7022,0.8440225705892255,False,0.0053344589541666,47,archived_rho_0.5_unchanged,-9.490294475809998,False,ok,
6,Normal,10000,5,0.5,fresh_n,16,2026106716,,-1.0,6.257704449237527,False,20,-0.6145691889545565,0.0002,0.0,0.0,False,0.0002,0.0011,0.8343,0.1346,0.0298,0.0,0.0,-3.651603434416934,0.0773,773,0.9227,1.1609008590666356,8614,1,7502,0.6780926692791294,False,0.0050637910026125,47,archived_rho_0.5_unchanged,-9.90930788365446,False,ok,
6,Normal,10000,5,0.5,fresh_n,16,2026106716,,-1.0,6.257704449237527,False,21,-0.6662445925071723,0.0001,0.0,0.0,False,0.0001,0.0011,0.8583,0.1214,0.0191,0.0,0.0,-3.715317771401295,0.0611,611,0.9389,1.1406410402646288,8767,1,7739,0.5559209041965307,False,0.0049266249989159,47,archived_rho_0.5_unchanged,-9.973022220638821,False,ok,
6,Normal,10000,5,0.5,fresh_n,16,2026106716,,-1.0,6.257704449237527,False,22,inf,0.0,0.0,0.0,False,0.0,0.0011,0.8853,0.1021,0.0115,0.0,0.0,-4.423272664449843,0.0393,393,0.9607,1.104484205875856,9054,1,8233,0.4025508151705117,False,0.0046484170015901,47,archived_rho_0.5_unchanged,-10.68097711368737,False,ok,
6,Normal,10000,5,0.5,fresh_n,16,2026106716,,-1.0,6.257704449237527,False,23,inf,0.0,0.0,0.0,False,0.0,0.0011,0.9058,0.0854,0.0077,0.0,0.0,-4.551549633877582,0.0259,259,0.9741,1.0837758751490192,9227,1,8533,0.2809390040139926,False,0.0044509579893201,47,archived_rho_0.5_unchanged,-10.809254083115109,False,ok,
6,Normal,10000,5,0.5,fresh_n,16,2026106716,,-1.0,6.257704449237527,False,24,inf,0.0,0.0,0.0,False,0.0,0.0011,0.9222,0.0714,0.0053,0.0,0.0,-4.485673614392367,0.0206,206,0.9794,1.072961373390558,9320,1,8699,0.2315681530839497,False,0.00437045795843,47,archived_rho_0.5_unchanged,-10.743378063629894,False,ok,
6,Normal,10000,5,0.5,fresh_n,16,2026106716,,-1.0,6.257704449237527,False,25,-0.3736247735308071,0.0001,0.0,0.0,False,0.0001,0.0011,0.9423,0.0524,0.0041,0.0,0.0,-4.665444693888891,0.0143,143,0.9857,1.0578652279699563,9453,1,8946,0.1760853522872323,False,0.0042297079926356,47,archived_rho_0.5_unchanged,-10.923149143126418,False,ok,
6,Normal,10000,5,0.5,fresh_n,16,2026106716,,-1.0,6.257704449237527,False,26,inf,0.0,0.0,0.0,False,0.0,0.0011,0.9423,0.0536,0.003,0.0,0.0,-5.241930836936337,0.0137,137,0.9863,1.0513036164844407,9512,1,9064,0.1677313977984887,False,0.0041525419801473,47,archived_rho_0.5_unchanged,-11.499635286173863,False,ok,
6,Normal,10000,5,0.5,fresh_n,16,2026106716,,-1.0,6.257704449237527,False,27,inf,0.0,0.0,0.0,False,0.0,0.0011,0.956,0.0407,0.0022,0.0,0.0,-5.516343247680428,0.0071,71,0.9929,1.038637307852098,9628,1,9273,0.1074836354539718,False,0.0040882499888539,47,archived_rho_0.5_unchanged,-11.774047696917954,False,ok,
6,Normal,10000,5,0.5,fresh_n,16,2026106716,,-1.0,6.257704449237527,False,28,inf,0.0,0.0,0.0,False,0.0,0.0011,0.9626,0.0352,0.0011,0.0,0.0,-5.7126773462202625,0.0061,61,0.9939,1.034875297526648,9663,1,9342,0.0987555011327862,False,0.0040249999728985,47,archived_rho_0.5_unchanged,-11.97038179545779,False,ok,
6,Normal,10000,5,0.5,fresh_n,16,2026106716,,-1.0,6.257704449237527,False,29,inf,0.0,0.0,0.0,False,0.0,0.0011,0.9709,0.0268,0.0012,0.0,0.0,-5.877724307802807,0.0042,42,0.9958,1.0263779123473262,9743,1,9497,0.0716152938414491,False,0.0039473749930039,47,archived_rho_0.5_unchanged,-12.135428757040334,False,ok,
6,Normal,10000,5,0.5,fresh_n,16,2026106716,,-1.0,6.257704449237527,False,30,inf,0.0,0.0,0.0,False,0.0,0.0011,0.9716,0.0267,0.0006,0.0,0.0,-6.179147156670207,0.0027,27,0.9973,1.0224948875255624,9780,1,9566,0.054781360968823,False,0.0038644580054096,47,archived_rho_0.5_unchanged,-12.436851605907734,False,ok,
6,Normal,10000,5,0.5,fresh_n,16,2026106716,,-1.0,6.257704449237527,False,31,inf,0.0,0.0,0.0,False,0.0,0.0011,0.9743,0.0236,0.001,0.0,0.0,-6.107739291182936,0.0029,29,0.9971,1.0200958890135672,9803,1,9612,0.0507650562070766,False,0.0039049169863574,47,archived_rho_0.5_unchanged,-12.365443740420464,False,ok,
6,Normal,10000,5,0.5,fresh_n,16,2026106716,,-1.0,6.257704449237527,False,32,inf,0.0,0.0,0.0,False,0.0,0.0011,0.9828,0.0158,0.0003,0.0,0.0,-5.244095516743163,0.002,20,0.998,1.015125367982946,9851,1,9706,0.0359279398654042,False,0.0037972909631207,47,archived_rho_0.5_unchanged,-11.50179996598069,False,ok,
6,Normal,10000,5,0.5,fresh_n,16,2026106716,,-1.0,6.257704449237527,False,33,inf,0.0,0.0,0.0,False,0.0,0.0011,0.98,0.0184,0.0005,0.0,0.0,-7.279672748941432,0.0019,19,0.9981,1.015744032503809,9845,1,9694,0.0397840343561662,False,0.0037947500240989,47,archived_rho_0.5_unchanged,-13.537377198178959,False,ok,
6,Normal,10000,5,0.5,fresh_n,16,2026106716,,-1.0,6.257704449237527,False,34,inf,0.0,0.0,0.0,False,0.0,0.0011,0.9847,0.014,0.0002,0.0,0.0,-6.582739646026923,0.0015,15,0.9985,1.012555690562981,9876,1,9755,0.0304345914656028,False,0.0037806250038556,47,archived_rho_0.5_unchanged,-12.840444095264449,False,ok,
6,Normal,10000,5,0.5,fresh_n,16,2026106716,,-1.0,6.257704449237527,False,35,inf,0.0,0.0,0.0,False,0.0,0.0011,0.9865,0.0123,0.0001,0.0,0.0,-5.7481040910455965,0.0014,14,0.9986,1.0126582278481011,9875,1,9752,0.0285806783381614,False,0.0038234170060604,47,archived_rho_0.5_unchanged,-12.005808540283123,False,ok,
6,Normal,10000,5,0.5,fresh_n,16,2026106716,,-1.0,6.257704449237527,False,36,inf,0.0,0.0,0.0,False,0.0,0.0011,0.9879,0.011,0.0,0.0,0.0,-7.288655907391049,0.0011,11,0.9989,1.0092854259184498,9908,1,9817,0.0198786477400002,False,0.0037895830464549,47,archived_rho_0.5_unchanged,-13.546360356628576,False,ok,
6,Normal,10000,5,0.5,fresh_n,16,2026106716,,-1.0,6.257704449237527,False,37,inf,0.0,0.0,0.0,False,0.0,0.0011,0.9904,0.0083,0.0002,0.0,0.0,-6.977959006878397,0.0013,13,0.9987,1.0079629069650238,9921,1,9845,0.0227659324956083,False,0.003725457994733,47,archived_rho_0.5_unchanged,-13.235663456115923,False,ok,
6,Normal,10000,5,0.5,fresh_n,16,2026106716,,-1.0,6.257704449237527,False,38,inf,0.0,0.0,0.0,False,0.0,0.0011,0.9918,0.0071,0.0,0.0,0.0,-5.983365799965943,0.0007,7,0.9993,1.0063399416322834,9937,1,9874,0.0126,False,0.0037257079966366,47,archived_rho_0.5_unchanged,-12.24107024920347,False,ok,
6,Normal,10000,5,0.5,fresh_n,16,2026106716,,-1.0,6.257704449237527,False,39,inf,0.0,0.0,0.0,False,0.0,0.0011,0.9904,0.0085,0.0,0.0,0.0,-8.038116194851748,0.0002,2,0.9998,1.0071507704703395,9929,1,9858,0.0142,False,0.0037200410151854,47,archived_rho_0.5_unchanged,-14.295820644089275,False,ok,
6,Normal,10000,5,0.5,fresh_n,16,2026106716,,-1.0,6.257704449237527,False,40,inf,0.0,0.0,0.0,False,0.0,0.0011,0.9923,0.0066,0.0,0.0,0.0,-6.202441317599082,0.0006,6,0.9994,1.0052271813429836,9948,1,9896,0.0104,False,0.0037153749726712,47,archived_rho_0.5_unchanged,-12.460145766836607,False,ok,
6,Normal,10000,5,0.5,fresh_n,17,2026106717,,-1.0,6.257704449237527,False,1,7.105883375824625,0.9982,0.9982,0.9972997299729972,True,0.9982,0.0018,0.0,0.0,0.0,0.0,0.0,7.0953391645757655,1.0,10000,0.0,10000.0,1,10000,0,1.0804351358060782,False,0.0044468329870142,47,archived_rho_0.5_unchanged,0.8376347153382389,False,ok,
6,Normal,10000,5,0.5,fresh_n,17,2026106717,,-1.0,6.257704449237527,False,2,6.200950841509764,0.9498,0.9498,0.9465946594659466,False,0.9498,0.0018,0.0,0.0,0.0484,0.0,0.0,6.123957265535632,1.0,10000,0.0,312.5,32,79,0,1.3343960092499545,False,0.0041577499941922,47,archived_rho_0.5_unchanged,-0.1337471837018951,False,ok,
6,Normal,10000,5,0.5,fresh_n,17,2026106717,,-1.0,6.257704449237527,False,3,5.93636715999957,0.9027,0.8986,0.8934893489348935,False,0.9027,0.0018,0.0032,0.0011,0.0912,0.0,0.0,5.949128885792814,0.9972,9972,0.0028,97.0873786407767,103,1,22,1.412144807022107,False,0.0040958750178106,47,archived_rho_0.5_unchanged,-0.3085755634447125,False,ok,
6,Normal,10000,5,0.5,fresh_n,17,2026106717,,-1.0,6.257704449237527,False,4,5.665368298979451,0.8354,0.824,0.8136813681368137,False,0.8354,0.0018,0.0109,0.0086,0.1433,0.0,0.0,5.583281191786299,0.9848,9848,0.0151999999999999,38.61003861003861,259,1,59,1.5847001910204823,False,0.0044596669613383,47,archived_rho_0.5_unchanged,-0.6744232574512274,False,ok,
6,Normal,10000,5,0.5,fresh_n,17,2026106717,,-1.0,6.257704449237527,False,5,5.3273155908644165,0.7295,0.7124,0.7002700270027002,False,0.7295,0.0018,0.0197,0.0195,0.2295,0.0,0.0,5.189844359705449,0.9739,9739,0.0261,21.231422505307854,471,1,134,1.8454143898101716,False,0.0044653750373981,47,archived_rho_0.5_unchanged,-1.0678600895320773,False,ok,
6,Normal,10000,5,0.5,fresh_n,17,2026106717,,-1.0,6.257704449237527,False,6,4.981041130091732,0.6082,0.5849,0.5655565556555655,False,0.6082,0.0018,0.0366,0.03,0.3234,0.0,0.0,4.715335285035697,0.9561,9561,0.0439,13.513513513513514,740,1,235,2.0855197106106265,False,0.0047371250111609,47,archived_rho_0.5_unchanged,-1.5423691642018298,False,ok,
6,Normal,10000,5,0.5,fresh_n,17,2026106717,,-1.0,6.257704449237527,False,7,4.591927412569505,0.4844,0.4522,0.4263426342634263,False,0.4844,0.0018,0.0623,0.052,0.3995,0.0,0.0,4.204060601139553,0.9226,9226,0.0774,8.547008547008547,1170,1,462,2.3138238684600188,False,0.0049493329715915,47,archived_rho_0.5_unchanged,-2.0536438480979733,False,ok,
6,Normal,10000,5,0.5,fresh_n,17,2026106717,,-1.0,6.257704449237527,False,8,4.184339759061467,0.3576,0.3124,0.2763276327632763,False,0.3576,0.0018,0.0998,0.0779,0.4629,0.0,0.0,3.528179384773903,0.882,8820,0.118,6.079027355623101,1645,1,657,2.5656986399588413,False,0.0052857080008834,47,archived_rho_0.5_unchanged,-2.7295250644636235,False,ok,
6,Normal,10000,5,0.5,fresh_n,17,2026106717,,-1.0,6.257704449237527,False,9,3.7465532221022055,0.2492,0.1949,0.18001800180018,False,0.2492,0.0018,0.1412,0.1032,0.5046,0.0,0.0,2.8704513342704985,0.832,8320,0.168,4.49034575662326,2227,1,1000,2.781237823240746,False,0.005507291003596,47,archived_rho_0.5_unchanged,-3.387253114967028,False,ok,
6,Normal,10000,5,0.5,fresh_n,17,2026106717,,-1.0,6.257704449237527,False,10,3.267004601475653,0.1623,0.1072,0.099009900990099,False,0.1623,0.0018,0.2097,0.1252,0.501,0.0,0.0,2.197481476386798,0.7627,7627,0.2372999999999999,3.43878954607978,2908,1,1451,2.8555547986605156,False,0.0058078750153072,47,archived_rho_0.5_unchanged,-4.060222972850729,False,ok,
6,Normal,10000,5,0.5,fresh_n,17,2026106717,,-1.0,6.257704449237527,False,11,2.6968733220890244,0.0951,0.044,0.0396039603960396,False,0.0951,0.0018,0.267,0.1638,0.4723,0.0,0.0,1.4437460409474423,0.6962,6962,0.3037999999999999,2.803476310625175,3567,1,1889,2.8999712879897124,False,0.0060231670504435,47,archived_rho_0.5_unchanged,-4.813958408290084,False,ok,
6,Normal,10000,5,0.5,fresh_n,17,2026106717,,-1.0,6.257704449237527,False,12,2.2131955753229517,0.0522,0.0132,0.0075007500750075,False,0.0522,0.0018,0.3405,0.1886,0.4169,0.0,0.0,0.6981700008460597,0.6097,6097,0.3903,2.3293733985557883,4293,1,2461,2.760175159743288,False,0.0061955000273883,47,archived_rho_0.5_unchanged,-5.559534448391467,False,ok,
6,Normal,10000,5,0.5,fresh_n,17,2026106717,,-1.0,6.257704449237527,False,13,1.7657205585694902,0.0296,0.0025,0.0012001200120012,False,0.0296,0.0018,0.4116,0.2129,0.3441,0.0,0.0,-0.0556489609007999,0.5101,5101,0.4899,1.9688915140775745,5079,1,3135,2.58302967622117,False,0.0064150830148719,47,archived_rho_0.5_unchanged,-6.313353410138326,False,ok,
6,Normal,10000,5,0.5,fresh_n,17,2026106717,,-1.0,6.257704449237527,False,14,1.2013182309895103,0.0148,0.0003,0.0,False,0.0148,0.0018,0.5071,0.2142,0.2621,0.0,0.0,-0.666617749967994,0.4333,4333,0.5667,1.755001755001755,5698,1,3719,2.3919764389529172,False,0.0063490419997833,47,archived_rho_0.5_unchanged,-6.924322199205521,False,ok,
6,Normal,10000,5,0.5,fresh_n,17,2026106717,,-1.0,6.257704449237527,False,15,0.6464318108518553,0.0098,0.0,0.0,False,0.0098,0.0018,0.5742,0.2181,0.1961,0.0,0.0,-1.3606388294703995,0.3434,3434,0.6566000000000001,1.5598190609889253,6411,1,4494,2.0747557837888895,False,0.0062188329757191,47,archived_rho_0.5_unchanged,-7.618343278707926,False,ok,
6,Normal,10000,5,0.5,fresh_n,17,2026106717,,-1.0,6.257704449237527,False,16,0.2808214779410057,0.0035,0.0,0.0,False,0.0035,0.0018,0.6409,0.2177,0.1361,0.0,0.0,-1.8695238319511844,0.2722,2722,0.7278,1.4419610670511895,6935,1,5094,1.7667713304229729,False,0.0061354999779723,47,archived_rho_0.5_unchanged,-8.12722828118871,False,ok,
6,Normal,10000,5,0.5,fresh_n,17,2026106717,,-1.0,6.257704449237527,False,17,-0.0728714885663971,0.0023,0.0,0.0,False,0.0023,0.0018,0.7034,0.1996,0.0929,0.0,0.0,-2.4791987396108115,0.2054,2054,0.7946,1.3404825737265416,7460,1,5763,1.4642794733299769,False,0.0058339170063845,47,archived_rho_0.5_unchanged,-8.736903188848338,False,ok,
6,Normal,10000,5,0.5,fresh_n,17,2026106717,,-1.0,6.257704449237527,False,18,-0.6715139754408331,0.0008,0.0,0.0,False,0.0008,0.0018,0.7519,0.1809,0.0646,0.0,0.0,-2.934696310936035,0.147,1470,0.853,1.259763164525069,7938,1,6468,1.107411980940587,False,0.005508208007086,47,archived_rho_0.5_unchanged,-9.192400760173562,False,ok,
6,Normal,10000,5,0.5,fresh_n,17,2026106717,,-1.0,6.257704449237527,False,19,-0.4038699754969929,0.0004,0.0,0.0,False,0.0004,0.0018,0.7882,0.1644,0.0452,0.0,0.0,-3.2008325393813664,0.1083,1083,0.8917,1.2109469605231291,8258,1,6926,0.8865065365461058,False,0.0053494999883696,47,archived_rho_0.5_unchanged,-9.458536988618892,False,ok,
6,Normal,10000,5,0.5,fresh_n,17,2026106717,,-1.0,6.257704449237527,False,20,-1.239445700179834,0.0005,0.0,0.0,False,0.0005,0.0018,0.8324,0.1357,0.0296,0.0,0.0,-3.6240966400451473,0.0788,788,0.9212,1.1614401858304295,8610,1,7504,0.6692403927432495,False,0.0050390829565003,47,archived_rho_0.5_unchanged,-9.881801089282675,False,ok,
6,Normal,10000,5,0.5,fresh_n,17,2026106717,,-1.0,6.257704449237527,False,21,-1.8744030077787683,0.0001,0.0,0.0,False,0.0001,0.0018,0.8696,0.1102,0.0183,0.0,0.0,-3.965647713705436,0.0568,568,0.9432,1.1332728921124209,8824,1,7842,0.542221751998565,False,0.0048447500448673,47,archived_rho_0.5_unchanged,-10.223352162942962,False,ok,
6,Normal,10000,5,0.5,fresh_n,17,2026106717,,-1.0,6.257704449237527,False,22,-2.306439521952652,0.0001,0.0,0.0,False,0.0001,0.0018,0.8852,0.1002,0.0127,0.0,0.0,-4.239809514367159,0.0423,423,0.9577,1.107297087808659,9031,1,8202,0.4024567784753725,False,0.0046548749669454,47,archived_rho_0.5_unchanged,-10.497513963604685,False,ok,
6,Normal,10000,5,0.5,fresh_n,17,2026106717,,-1.0,6.257704449237527,False,23,inf,0.0,0.0,0.0,False,0.0,0.0018,0.9101,0.0795,0.0086,0.0,0.0,-4.421132844503265,0.0282,282,0.9718,1.0831889081455806,9232,1,8552,0.3009450155504351,False,0.004472957982216,47,archived_rho_0.5_unchanged,-10.678837293740791,False,ok,
6,Normal,10000,5,0.5,fresh_n,17,2026106717,,-1.0,6.257704449237527,False,24,-2.306439521952652,0.0001,0.0,0.0,False,0.0001,0.0018,0.9219,0.0705,0.0057,0.0,0.0,-4.439230360078971,0.0196,196,0.9804,1.0694043417816277,9351,1,8761,0.2223729484854002,False,0.0043798750266432,47,archived_rho_0.5_unchanged,-10.696934809316499,False,ok,
6,Normal,10000,5,0.5,fresh_n,17,2026106717,,-1.0,6.257704449237527,False,25,inf,0.0,0.0,0.0,False,0.0,0.0018,0.9372,0.0577,0.0033,0.0,0.0,-4.637388875429197,0.0173,173,0.9827,1.0554089709762533,9475,1,9001,0.1904263575423246,False,0.0042227919911965,47,archived_rho_0.5_unchanged,-10.895093324666725,False,ok,
6,Normal,10000,5,0.5,fresh_n,17,2026106717,,-1.0,6.257704449237527,False,26,inf,0.0,0.0,0.0,False,0.0,0.0018,0.9428,0.052,0.0034,0.0,0.0,-5.279470377210906,0.0106,106,0.9894,1.0442773600668338,9576,1,9182,0.1365043865514744,False,0.0041476669721305,47,archived_rho_0.5_unchanged,-11.537174826448432,False,ok,
6,Normal,10000,5,0.5,fresh_n,17,2026106717,,-1.0,6.257704449237527,False,27,inf,0.0,0.0,0.0,False,0.0,0.0018,0.9564,0.0404,0.0014,0.0,0.0,-5.406936011198301,0.0098,98,0.9902,1.0406910188365075,9609,1,9244,0.1237930525821783,False,0.0040940420003607,47,archived_rho_0.5_unchanged,-11.664640460435827,False,ok,
6,Normal,10000,5,0.5,fresh_n,17,2026106717,,-1.0,6.257704449237527,False,28,inf,0.0,0.0,0.0,False,0.0,0.0018,0.9635,0.034,0.0007,0.0,0.0,-5.5175918886885,0.0052,52,0.9948,1.032417922775139,9686,1,9384,0.0826855652777019,False,0.0040667910361662,47,archived_rho_0.5_unchanged,-11.775296337926026,False,ok,
6,Normal,10000,5,0.5,fresh_n,17,2026106717,,-1.0,6.257704449237527,False,29,inf,0.0,0.0,0.0,False,0.0,0.0018,0.9715,0.0261,0.0006,0.0,0.0,-5.579754467012962,0.0024,24,0.9976,1.0263779123473262,9743,1,9490,0.0586127202774963,False,0.0039664169889874,47,archived_rho_0.5_unchanged,-11.837458916250489,False,ok,
6,Normal,10000,5,0.5,fresh_n,17,2026106717,,-1.0,6.257704449237527,False,30,inf,0.0,0.0,0.0,False,0.0,0.0018,0.9726,0.0252,0.0004,0.0,0.0,-6.244841929037932,0.0025,25,0.9975,1.0212418300653594,9792,1,9589,0.0503618659551175,False,0.0039367499994114,47,archived_rho_0.5_unchanged,-12.502546378275458,False,ok,
6,Normal,10000,5,0.5,fresh_n,17,2026106717,,-1.0,6.257704449237527,False,31,inf,0.0,0.0,0.0,False,0.0,0.0018,0.9785,0.0194,0.0003,0.0,0.0,-5.741778590281945,0.0024,24,0.9976,1.0183299389002036,9820,1,9644,0.0434038945973994,False,0.0038600830012001,47,archived_rho_0.5_unchanged,-11.999483039519472,False,ok,
6,Normal,10000,5,0.5,fresh_n,17,2026106717,,-1.0,6.257704449237527,False,32,inf,0.0,0.0,0.0,False,0.0,0.0018,0.9801,0.0178,0.0003,0.0,0.0,-5.992057163513703,0.0015,15,0.9985,1.0149193139145438,9853,1,9708,0.0329436334677946,False,0.0038827090174891,47,archived_rho_0.5_unchanged,-12.249761612751229,False,ok,
6,Normal,10000,5,0.5,fresh_n,17,2026106717,,-1.0,6.257704449237527,False,33,inf,0.0,0.0,0.0,False,0.0,0.0018,0.9822,0.0159,0.0001,0.0,0.0,-5.63647443658925,0.0024,24,0.9976,1.0148163182463974,9854,1,9712,0.0368053003324335,False,0.0038389170076698,47,archived_rho_0.5_unchanged,-11.894178885826776,False,ok,
6,Normal,10000,5,0.5,fresh_n,17,2026106717,,-1.0,6.257704449237527,False,34,inf,0.0,0.0,0.0,False,0.0,0.0018,0.9844,0.0135,0.0003,0.0,0.0,-6.025799132701676,0.001,10,0.999,1.0116337885685385,9885,1,9771,0.0244428976344876,False,0.0038152909837663,47,archived_rho_0.5_unchanged,-12.283503581939204,False,ok,
6,Normal,10000,5,0.5,fresh_n,17,2026106717,,-1.0,6.257704449237527,False,35,inf,0.0,0.0,0.0,False,0.0,0.0018,0.987,0.0111,0.0001,0.0,0.0,-7.031425956925054,0.0009,9,0.9991,1.00999899000101,9901,1,9803,0.0224023147347519,False,0.0037873330293223,47,archived_rho_0.5_unchanged,-13.289130406162581,False,ok,
6,Normal,10000,5,0.5,fresh_n,17,2026106717,,-1.0,6.257704449237527,False,36,inf,0.0,0.0,0.0,False,0.0,0.0018,0.9882,0.0099,0.0001,0.0,0.0,-6.077999891589668,0.0015,15,0.9985,1.0114291493880854,9887,1,9777,0.0284065529012252,False,0.0038194170338101,47,archived_rho_0.5_unchanged,-12.335704340827196,False,ok,
6,Normal,10000,5,0.5,fresh_n,17,2026106717,,-1.0,6.257704449237527,False,37,inf,0.0,0.0,0.0,False,0.0,0.0018,0.9896,0.0086,0.0,0.0,0.0,-7.632311166743678,0.0008,8,0.9992,1.0075566750629723,9925,1,9851,0.016448235340535,False,0.0037640419905073,47,archived_rho_0.5_unchanged,-13.890015615981206,False,ok,
6,Normal,10000,5,0.5,fresh_n,17,2026106717,,-1.0,6.257704449237527,False,38,inf,0.0,0.0,0.0,False,0.0,0.0018,0.9892,0.009,0.0,0.0,0.0,-5.675171097366281,0.0006,6,0.9994,1.007658202337767,9924,1,9848,0.0152,False,0.0037427920033223,47,archived_rho_0.5_unchanged,-11.932875546603807,False,ok,
6,Normal,10000,5,0.5,fresh_n,17,2026106717,,-1.0,6.257704449237527,False,39,inf,0.0,0.0,0.0,False,0.0,0.0018,0.9908,0.0073,0.0001,0.0,0.0,-7.133964246142624,0.0006,6,0.9994,1.006947940791461,9931,1,9863,0.015045893472948,False,0.0037683750269934,47,archived_rho_0.5_unchanged,-13.391668695380151,False,ok,
6,Normal,10000,5,0.5,fresh_n,17,2026106717,,-1.0,6.257704449237527,False,40,inf,0.0,0.0,0.0,False,0.0,0.0018,0.9904,0.0076,0.0002,0.0,0.0,-6.268665464173456,0.0004,4,0.9996,1.0050251256281406,9950,1,9901,0.0119026781755105,False,0.0037262499681673,47,archived_rho_0.5_unchanged,-12.526369913410981,False,ok,
6,Normal,10000,5,0.5,fresh_n,18,2026106718,,-1.0,6.257704449237527,False,1,7.108797792194177,0.9987,0.9987,0.9979004199160167,True,0.9987,0.0013,0.0,0.0,0.0,0.0,0.0,7.086864799668059,1.0,10000,0.0,10000.0,1,10000,0,1.0811774113045511,False,0.0044692919473163,47,archived_rho_0.5_unchanged,0.8291603504305325,False,ok,
6,Normal,10000,5,0.5,fresh_n,18,2026106718,,-1.0,6.257704449237527,False,2,6.1745423310320575,0.9563,0.9563,0.954995499549955,False,0.9563,0.0013,0.0,0.0,0.0424,0.0,0.0,6.100959351163499,1.0,10000,0.0,312.5,32,46,0,1.3281623462965395,False,0.0042568750213831,47,archived_rho_0.5_unchanged,-0.15674509807402792,False,ok,
6,Normal,10000,5,0.5,fresh_n,18,2026106718,,-1.0,6.257704449237527,False,3,5.937675094611382,0.9053,0.9003,0.8953209358128374,False,0.9053,0.0013,0.002,0.0023,0.0891,0.0,0.0,5.94125393743836,0.9976,9976,0.0023999999999999,101.010101010101,99,1,12,1.41127275783748,False,0.0041549999732524,47,archived_rho_0.5_unchanged,-0.3164505117991663,False,ok,
6,Normal,10000,5,0.5,fresh_n,18,2026106718,,-1.0,6.257704449237527,False,4,5.661307409394383,0.8401,0.8319,0.8098380323935213,False,0.8401,0.0013,0.0092,0.0091,0.1403,0.0,0.0,5.584126661364963,0.9869,9869,0.0131,39.68253968253968,252,1,63,1.5786537464552313,False,0.0043448749929666,47,archived_rho_0.5_unchanged,-0.6735777878725635,False,ok,
6,Normal,10000,5,0.5,fresh_n,18,2026106718,,-1.0,6.257704449237527,False,5,5.340855550786032,0.7387,0.7246,0.7045590881823636,False,0.7387,0.0013,0.0198,0.0196,0.2206,0.0,0.0,5.215899015387189,0.9749,9749,0.0251,21.978021978021975,455,1,144,1.820013272078669,False,0.004487375030294,47,archived_rho_0.5_unchanged,-1.041805433850338,False,ok,
6,Normal,10000,5,0.5,fresh_n,18,2026106718,,-1.0,6.257704449237527,False,6,4.971505919818383,0.6133,0.5894,0.5731853629274145,False,0.6133,0.0013,0.0386,0.0277,0.3191,0.0,0.0,4.747539454117004,0.9575,9575,0.0424999999999999,13.6986301369863,730,1,252,2.088723516663637,False,0.0046663749963045,47,archived_rho_0.5_unchanged,-1.5101649951205225,False,ok,
6,Normal,10000,5,0.5,fresh_n,18,2026106718,,-1.0,6.257704449237527,False,7,4.611315947035598,0.4904,0.4578,0.4463107378524295,False,0.4904,0.0013,0.061,0.0484,0.3989,0.0,0.0,4.1546577409603564,0.9263,9263,0.0736999999999999,8.8261253309797,1133,1,412,2.3487386017866223,False,0.0049637500196695,47,archived_rho_0.5_unchanged,-2.10304670827717,False,ok,
6,Normal,10000,5,0.5,fresh_n,18,2026106718,,-1.0,6.257704449237527,False,8,4.230846507334749,0.367,0.3247,0.3086382723455309,False,0.367,0.0013,0.0959,0.0693,0.4665,0.0,0.0,3.5727610780328383,0.8899,8899,0.1100999999999999,6.273525721455458,1594,1,639,2.5764206726267456,False,0.0052534579881466,47,archived_rho_0.5_unchanged,-2.6849433712046884,False,ok,
6,Normal,10000,5,0.5,fresh_n,18,2026106718,,-1.0,6.257704449237527,False,9,3.7689744637751503,0.2505,0.1958,0.1781643671265746,False,0.2505,0.0013,0.1399,0.0988,0.5095,0.0,0.0,2.900054326146742,0.8381,8381,0.1619,4.570383912248629,2188,1,987,2.7985931711970897,False,0.0054974169470369,47,archived_rho_0.5_unchanged,-3.3576501230907847,False,ok,
6,Normal,10000,5,0.5,fresh_n,18,2026106718,,-1.0,6.257704449237527,False,10,3.350013067780715,0.1709,0.1093,0.0923815236952609,False,0.1709,0.0013,0.1963,0.1292,0.5023,0.0,0.0,2.2068608867745603,0.7768,7768,0.2231999999999999,3.5829451809387316,2791,1,1321,2.898832443831445,False,0.0058542499900795,47,archived_rho_0.5_unchanged,-4.050843562462966,False,ok,
6,Normal,10000,5,0.5,fresh_n,18,2026106718,,-1.0,6.257704449237527,False,11,2.7792785609969677,0.0965,0.048,0.0368926214757048,False,0.0965,0.0013,0.2591,0.1609,0.4822,0.0,0.0,1.4604469295145348,0.6932,6932,0.3067999999999999,2.824858757062147,3540,1,1840,2.855554173936814,False,0.006087124987971,47,archived_rho_0.5_unchanged,-4.797257519722992,False,ok,
6,Normal,10000,5,0.5,fresh_n,18,2026106718,,-1.0,6.257704449237527,False,12,2.2874718230551494,0.0616,0.0169,0.0128974205158968,False,0.0616,0.0013,0.3252,0.188,0.4239,0.0,0.0,0.737692357789389,0.6234,6234,0.3766,2.376990729736154,4207,1,2351,2.867374040363683,False,0.0062627499573864,47,archived_rho_0.5_unchanged,-5.520012091448137,False,ok,
6,Normal,10000,5,0.5,fresh_n,18,2026106718,,-1.0,6.257704449237527,False,13,1.861205125323069,0.03,0.0036,0.0005998800239952,False,0.03,0.0013,0.4011,0.2167,0.3509,0.0,0.0,-0.0486024790747843,0.5295,5295,0.4705,2.027986209693774,4931,1,2935,2.6756139129871035,False,0.0064615409937687,47,archived_rho_0.5_unchanged,-6.306306928312311,False,ok,
6,Normal,10000,5,0.5,fresh_n,18,2026106718,,-1.0,6.257704449237527,False,14,1.295864219121944,0.015,0.0007,0.0,False,0.015,0.0013,0.4862,0.2179,0.2796,0.0,0.0,-0.6410463843690006,0.4349,4349,0.5650999999999999,1.7649135192375571,5666,1,3672,2.3788188047925996,False,0.0063627500203438,47,archived_rho_0.5_unchanged,-6.8987508336065275,False,ok,
6,Normal,10000,5,0.5,fresh_n,18,2026106718,,-1.0,6.257704449237527,False,15,0.8548057765932973,0.0084,0.0,0.0,False,0.0084,0.0013,0.5549,0.2314,0.204,0.0,0.0,-1.3471436822388143,0.348,3480,0.652,1.5743073047858942,6352,1,4400,2.0856423702399685,False,0.0063225419726222,47,archived_rho_0.5_unchanged,-7.604848131476341,False,ok,
6,Normal,10000,5,0.5,fresh_n,18,2026106718,,-1.0,6.257704449237527,False,16,0.003309004171678,0.0041,0.0,0.0,False,0.0041,0.0013,0.6304,0.2152,0.149,0.0,0.0,-2.014864900976765,0.2714,2714,0.7286,1.4484356894553885,6904,1,5042,1.7735552210008672,False,0.0061107079964131,47,archived_rho_0.5_unchanged,-8.272569350214292,False,ok,
6,Normal,10000,5,0.5,fresh_n,18,2026106718,,-1.0,6.257704449237527,False,17,-0.0430192455838421,0.0023,0.0,0.0,False,0.0023,0.0013,0.691,0.2099,0.0955,0.0,0.0,-2.518881586807831,0.198,1980,0.802,1.339046598821639,7468,1,5755,1.433394971513836,False,0.0059077920159325,47,archived_rho_0.5_unchanged,-8.776586036045359,False,ok,
6,Normal,10000,5,0.5,fresh_n,18,2026106718,,-1.0,6.257704449237527,False,18,-0.4509173084667624,0.0018,0.0,0.0,False,0.0018,0.0013,0.7428,0.1851,0.069,0.0,0.0,-2.860411046373831,0.149,1490,0.851,1.2683916793505834,7884,1,6371,1.117905636423385,False,0.0056056670146062,47,archived_rho_0.5_unchanged,-9.118115495611358,False,ok,
6,Normal,10000,5,0.5,fresh_n,18,2026106718,,-1.0,6.257704449237527,False,19,-0.5616254578041742,0.0006,0.0,0.0,False,0.0006,0.0013,0.798,0.157,0.0431,0.0,0.0,-3.293609203945561,0.1083,1083,0.8917,1.2012012012012012,8325,1,7048,0.8814509808181854,False,0.0052807079628109,47,archived_rho_0.5_unchanged,-9.551313653183087,False,ok,
6,Normal,10000,5,0.5,fresh_n,18,2026106718,,-1.0,6.257704449237527,False,20,-0.8729152558934575,0.0007,0.0,0.0,False,0.0007,0.0013,0.8329,0.1357,0.0294,0.0,0.0,-3.648787568549781,0.0736,736,0.9264,1.1592858798979828,8626,1,7501,0.6671444601047734,False,0.0050625000149011,47,archived_rho_0.5_unchanged,-9.906492017787308,False,ok,
6,Normal,10000,5,0.5,fresh_n,18,2026106718,,-1.0,6.257704449237527,False,21,-0.3279230791835461,0.0002,0.0,0.0,False,0.0002,0.0013,0.8584,0.1192,0.0209,0.0,0.0,-3.800241755889038,0.0508,508,0.9492,1.1296882060551288,8852,1,7879,0.4767424630140022,False,0.0048452919581905,47,archived_rho_0.5_unchanged,-10.057946205126564,False,ok,
6,Normal,10000,5,0.5,fresh_n,18,2026106718,,-1.0,6.257704449237527,False,22,-1.4663135300858614,0.0004,0.0,0.0,False,0.0004,0.0013,0.8858,0.0989,0.0136,0.0,0.0,-4.129467020049327,0.0332,332,0.9668,1.0981770261366133,9106,1,8315,0.3493700151168721,False,0.0046080829924903,47,archived_rho_0.5_unchanged,-10.387171469286853,False,ok,
6,Normal,10000,5,0.5,fresh_n,18,2026106718,,-1.0,6.257704449237527,False,23,-1.0371761777354491,0.0001,0.0,0.0,False,0.0001,0.0013,0.9061,0.083,0.0095,0.0,0.0,-4.478992160451365,0.0265,265,0.9735,1.0855405992184108,9212,1,8503,0.2833107433218047,False,0.0044849580153822,47,archived_rho_0.5_unchanged,-10.736696609688892,False,ok,
6,Normal,10000,5,0.5,fresh_n,18,2026106718,,-1.0,6.257704449237527,False,24,inf,0.0,0.0,0.0,False,0.0,0.0013,0.9214,0.0709,0.0064,0.0,0.0,-4.6438533806330895,0.0206,206,0.9794,1.066894270777766,9373,1,8806,0.2272967425770994,False,0.0043690829770639,47,archived_rho_0.5_unchanged,-10.901557829870615,False,ok,
6,Normal,10000,5,0.5,fresh_n,18,2026106718,,-1.0,6.257704449237527,False,25,inf,0.0,0.0,0.0,False,0.0,0.0013,0.9326,0.0607,0.0054,0.0,0.0,-5.0388288452828345,0.0168,168,0.9832,1.0614584439019212,9421,1,8890,0.2005520863061125,False,0.0043087499798275,47,archived_rho_0.5_unchanged,-11.296533294520362,False,ok,
6,Normal,10000,5,0.5,fresh_n,18,2026106718,,-1.0,6.257704449237527,False,26,inf,0.0,0.0,0.0,False,0.0,0.0013,0.9433,0.0525,0.0029,0.0,0.0,-5.084563984428233,0.0111,111,0.9889,1.048767697954903,9535,1,9096,0.1421378650654041,False,0.0042083750013262,47,archived_rho_0.5_unchanged,-11.34226843366576,False,ok,
6,Normal,10000,5,0.5,fresh_n,18,2026106718,,-1.0,6.257704449237527,False,27,inf,0.0,0.0,0.0,False,0.0,0.0013,0.9539,0.0428,0.002,0.0,0.0,-5.025200083008107,0.0086,86,0.9914,1.0395010395010396,9620,1,9262,0.1156696409966462,False,0.0040822500013746,47,archived_rho_0.5_unchanged,-11.282904532245634,False,ok,
6,Normal,10000,5,0.5,fresh_n,18,2026106718,,-1.0,6.257704449237527,False,28,inf,0.0,0.0,0.0,False,0.0,0.0013,0.9611,0.0358,0.0018,0.0,0.0,-5.765604955872172,0.0071,71,0.9929,1.034233116144379,9669,1,9355,0.0969621615190621,False,0.0040787500329315,47,archived_rho_0.5_unchanged,-12.0233094051097,False,ok,
6,Normal,10000,5,0.5,fresh_n,18,2026106718,,-1.0,6.257704449237527,False,29,-1.745604482133746,0.0001,0.0,0.0,False,0.0001,0.0013,0.9678,0.0299,0.0009,0.0,0.0,-5.214825468593986,0.0032,32,0.9968,1.0271158586688578,9736,1,9478,0.0651700932599282,False,0.0039887080201879,47,archived_rho_0.5_unchanged,-11.472529917831512,False,ok,
6,Normal,10000,5,0.5,fresh_n,18,2026106718,,-1.0,6.257704449237527,False,30,inf,0.0,0.0,0.0,False,0.0,0.0013,0.9712,0.026,0.0015,0.0,0.0,-5.755601014669216,0.0033,33,0.9967,1.0240655401945724,9765,1,9537,0.0584095210526424,False,0.0039226250373758,47,archived_rho_0.5_unchanged,-12.013305463906743,False,ok,
6,Normal,10000,5,0.5,fresh_n,18,2026106718,,-1.0,6.257704449237527,False,31,-1.745604482133746,0.0001,0.0,0.0,False,0.0001,0.0013,0.9759,0.022,0.0007,0.0,0.0,-6.095098158492657,0.0026,26,0.9974,1.020512297173181,9799,1,9600,0.043277202760179,False,0.0039338750066235,47,archived_rho_0.5_unchanged,-12.352802607730183,False,ok,
6,Normal,10000,5,0.5,fresh_n,18,2026106718,,-1.0,6.257704449237527,False,32,inf,0.0,0.0,0.0,False,0.0,0.0013,0.979,0.0193,0.0004,0.0,0.0,-5.7242067306551325,0.0019,19,0.9981,1.017087062652563,9832,1,9668,0.0408877267902,False,0.0038894170429557,47,archived_rho_0.5_unchanged,-11.98191117989266,False,ok,
6,Normal,10000,5,0.5,fresh_n,18,2026106718,,-1.0,6.257704449237527,False,33,inf,0.0,0.0,0.0,False,0.0,0.0013,0.9826,0.0159,0.0002,0.0,0.0,-6.709090140049378,0.0011,11,0.9989,1.0140959334753068,9861,1,9723,0.0301801466398439,False,0.003843207960017,47,archived_rho_0.5_unchanged,-12.966794589286906,False,ok,
6,Normal,10000,5,0.5,fresh_n,18,2026106718,,-1.0,6.257704449237527,False,34,inf,0.0,0.0,0.0,False,0.0,0.0013,0.9845,0.014,0.0002,0.0,0.0,-5.926803042088994,0.0012,12,0.9988,1.012248203259439,9879,1,9761,0.0277239764368721,False,0.0037964159855619,47,archived_rho_0.5_unchanged,-12.18450749132652,False,ok,
6,Normal,10000,5,0.5,fresh_n,18,2026106718,,-1.0,6.257704449237527,False,35,inf,0.0,0.0,0.0,False,0.0,0.0013,0.9871,0.0116,0.0,0.0,0.0,-7.220982953213264,0.001,10,0.999,1.012555690562981,9876,1,9754,0.0287559613084432,False,0.0037959169712848,47,archived_rho_0.5_unchanged,-13.478687402450792,False,ok,
6,Normal,10000,5,0.5,fresh_n,18,2026106718,,-1.0,6.257704449237527,False,36,inf,0.0,0.0,0.0,False,0.0,0.0013,0.9871,0.0115,0.0001,0.0,0.0,-6.099337140138713,0.0009,9,0.9991,1.0090817356205852,9910,1,9821,0.0197604875299147,False,0.0037933330168016,47,archived_rho_0.5_unchanged,-12.35704158937624,False,ok,
6,Normal,10000,5,0.5,fresh_n,18,2026106718,,-1.0,6.257704449237527,False,37,inf,0.0,0.0,0.0,False,0.0,0.0013,0.9907,0.0079,0.0001,0.0,0.0,-6.432567469756247,0.0008,8,0.9992,1.008471157724889,9916,1,9833,0.0190763892296762,False,0.0037705000140704,47,archived_rho_0.5_unchanged,-12.690271918993773,False,ok,
6,Normal,10000,5,0.5,fresh_n,18,2026106718,,-1.0,6.257704449237527,False,38,inf,0.0,0.0,0.0,False,0.0,0.0013,0.991,0.0077,0.0,0.0,0.0,-6.681347742902069,0.0002,2,0.9998,1.0060362173038229,9940,1,9880,0.012,False,0.0037663339753635,47,archived_rho_0.5_unchanged,-12.939052192139595,False,ok,
6,Normal,10000,5,0.5,fresh_n,18,2026106718,,-1.0,6.257704449237527,False,39,inf,0.0,0.0,0.0,False,0.0,0.0013,0.9917,0.0068,0.0002,0.0,0.0,-6.613905269346334,0.0004,4,0.9996,1.0068465565847764,9932,1,9864,0.0136,False,0.0038190420018509,47,archived_rho_0.5_unchanged,-12.87160971858386,False,ok,
6,Normal,10000,5,0.5,fresh_n,18,2026106718,,-1.0,6.257704449237527,False,40,inf,0.0,0.0,0.0,False,0.0,0.0013,0.9922,0.0065,0.0,0.0,0.0,-6.474095340436909,0.0001,1,0.9999,1.004621257785815,9954,1,9908,0.0092,False,0.0037417499697767,47,archived_rho_0.5_unchanged,-12.731799789674437,False,ok,
6,Normal,10000,5,0.5,fresh_n,19,2026106719,,-1.0,6.257704449237527,False,1,7.08703954445247,0.9989,0.9989,0.998500299940012,True,0.9989,0.0011,0.0,0.0,0.0,0.0,0.0,7.068567861197413,1.0,10000,0.0,10000.0,1,10000,0,1.08073400955327,False,0.0044369159732013,47,archived_rho_0.5_unchanged,0.8108634119598861,False,ok,
6,Normal,10000,5,0.5,fresh_n,19,2026106719,,-1.0,6.257704449237527,False,2,6.165399230384744,0.9545,0.9545,0.9534953495349536,False,0.9545,0.0011,0.0,0.0,0.0444,0.0,0.0,6.089625762821899,1.0,10000,0.0,312.5,32,52,0,1.332334804856114,False,0.0041122910333797,47,archived_rho_0.5_unchanged,-0.16807868641562784,False,ok,
6,Normal,10000,5,0.5,fresh_n,19,2026106719,,-1.0,6.257704449237527,False,3,5.904162992714704,0.9044,0.9008,0.8985898589858986,False,0.9044,0.0011,0.0022,0.0019,0.0904,0.0,0.0,5.921921801611377,0.9969,9969,0.0030999999999999,99.009900990099,101,1,19,1.4112230822836327,False,0.0040897500002756,47,archived_rho_0.5_unchanged,-0.33578264762615007,False,ok,
6,Normal,10000,5,0.5,fresh_n,19,2026106719,,-1.0,6.257704449237527,False,4,5.634591452317206,0.8357,0.8266,0.8203359328134373,False,0.8357,0.0011,0.0084,0.0105,0.1443,0.0,0.0,5.545306996792903,0.989,9890,0.011,39.52569169960474,253,1,49,1.614131375264167,False,0.004270416975487,47,archived_rho_0.5_unchanged,-0.7123974524446233,False,ok,
6,Normal,10000,5,0.5,fresh_n,19,2026106719,,-1.0,6.257704449237527,False,5,5.318090139492171,0.7354,0.719,0.708070807080708,False,0.7354,0.0011,0.0188,0.0168,0.2279,0.0,0.0,5.161686514546847,0.9757,9757,0.0242999999999999,22.271714922048996,449,1,127,1.8090996833148056,False,0.0045600410085171,47,archived_rho_0.5_unchanged,-1.0960179346906793,False,ok,
6,Normal,10000,5,0.5,fresh_n,19,2026106719,,-1.0,6.257704449237527,False,6,4.980927657102338,0.6175,0.5952,0.5887822435512897,False,0.6175,0.0011,0.0363,0.0276,0.3175,0.0,0.0,4.720435580001249,0.9543,9543,0.0456999999999999,13.440860215053764,744,1,256,2.054700627285488,False,0.0047390830004587,47,archived_rho_0.5_unchanged,-1.5372688692362777,False,ok,
6,Normal,10000,5,0.5,fresh_n,19,2026106719,,-1.0,6.257704449237527,False,7,4.560120159012567,0.4874,0.4544,0.4305430543054305,False,0.4874,0.0011,0.0658,0.0503,0.3954,0.0,0.0,4.12816675222593,0.9244,9244,0.0756,8.598452278589853,1163,1,437,2.3748864877189733,False,0.0050080419750884,47,archived_rho_0.5_unchanged,-2.129537697011597,False,ok,
6,Normal,10000,5,0.5,fresh_n,19,2026106719,,-1.0,6.257704449237527,False,8,4.185712433561718,0.3583,0.3172,0.3081308130813081,False,0.3583,0.0011,0.0977,0.0694,0.4735,0.0,0.0,3.529763836640538,0.8799,8799,0.1200999999999999,6.0606060606060606,1650,1,671,2.5388815375933755,False,0.0053059580386616,47,archived_rho_0.5_unchanged,-2.7279406125969885,False,ok,
6,Normal,10000,5,0.5,fresh_n,19,2026106719,,-1.0,6.257704449237527,False,9,3.6915526955983577,0.2494,0.1964,0.1859628074385123,False,0.2494,0.0011,0.1401,0.099,0.5104,0.0,0.0,2.8044308937022975,0.8358,8358,0.1642,4.514672686230249,2215,1,977,2.799296094053743,False,0.0055487909703515,47,archived_rho_0.5_unchanged,-3.453273555535229,False,ok,
6,Normal,10000,5,0.5,fresh_n,19,2026106719,,-1.0,6.257704449237527,False,10,3.301869242526541,0.157,0.1038,0.0906090609060906,False,0.157,0.0011,0.1947,0.1333,0.5139,0.0,0.0,2.098420991730024,0.7695,7695,0.2305,3.4722222222222223,2880,1,1395,2.8678232544736098,False,0.0058551669935695,47,archived_rho_0.5_unchanged,-4.159283457507502,False,ok,
6,Normal,10000,5,0.5,fresh_n,19,2026106719,,-1.0,6.257704449237527,False,11,2.795296957251613,0.0959,0.0421,0.0318031803180318,False,0.0959,0.0011,0.263,0.1629,0.4771,0.0,0.0,1.2891991461849126,0.6927,6927,0.3073,2.7631942525559547,3619,1,1922,2.909687223264498,False,0.0060491670155897,47,archived_rho_0.5_unchanged,-4.9685053030526145,False,ok,
6,Normal,10000,5,0.5,fresh_n,19,2026106719,,-1.0,6.257704449237527,False,12,2.244536777740483,0.0519,0.012,0.0087008700870087,False,0.0519,0.0011,0.3283,0.1996,0.4191,0.0,0.0,0.6363310799848734,0.611,6110,0.389,2.3169601482854496,4316,1,2462,2.8127810252033463,False,0.0062563749961555,47,archived_rho_0.5_unchanged,-5.6213733692526535,False,ok,
6,Normal,10000,5,0.5,fresh_n,19,2026106719,,-1.0,6.257704449237527,False,13,1.8358915898714232,0.0282,0.0025,0.0021002100210021,False,0.0282,0.0011,0.4081,0.2091,0.3535,0.0,0.0,-0.1288622057928357,0.5154,5154,0.4846,1.97199763360284,5071,1,3100,2.6145647167391397,False,0.0063661250169388,47,archived_rho_0.5_unchanged,-6.386566655030363,False,ok,
6,Normal,10000,5,0.5,fresh_n,19,2026106719,,-1.0,6.257704449237527,False,14,1.0045077959384867,0.0157,0.0002,0.0,False,0.0157,0.0011,0.4924,0.2282,0.2626,0.0,0.0,-0.7599178741174384,0.4216,4216,0.5784,1.7295053614666205,5782,1,3774,2.352532285546617,False,0.0063630419899709,47,archived_rho_0.5_unchanged,-7.017622323354965,False,ok,
6,Normal,10000,5,0.5,fresh_n,19,2026106719,,-1.0,6.257704449237527,False,15,0.6561603247703138,0.0075,0.0,0.0,False,0.0075,0.0011,0.5664,0.2313,0.1937,0.0,0.0,-1.5665880213606902,0.3426,3426,0.6574,1.559332605644784,6413,1,4466,2.082284617800122,False,0.0062899159966036,47,archived_rho_0.5_unchanged,-7.824292470598217,False,ok,
6,Normal,10000,5,0.5,fresh_n,19,2026106719,,-1.0,6.257704449237527,False,16,-0.166571208930141,0.0028,0.0,0.0,False,0.0028,0.0011,0.632,0.225,0.1391,0.0,0.0,-1.999472672921351,0.2582,2582,0.7418,1.42571998859424,7014,1,5170,1.7059237629398063,False,0.0061296250205487,47,archived_rho_0.5_unchanged,-8.257177122158877,False,ok,
6,Normal,10000,5,0.5,fresh_n,19,2026106719,,-1.0,6.257704449237527,False,17,0.0761100723346418,0.002,0.0,0.0,False,0.002,0.0011,0.7028,0.2022,0.0919,0.0,0.0,-2.6195924265998785,0.1937,1937,0.8063,1.3241525423728813,7552,1,5901,1.379656984504369,False,0.0058372499770484,47,archived_rho_0.5_unchanged,-8.877296875837406,False,ok,
6,Normal,10000,5,0.5,fresh_n,19,2026106719,,-1.0,6.257704449237527,False,18,-1.014563157253043,0.0012,0.0,0.0,False,0.0012,0.0011,0.7483,0.1853,0.0641,0.0,0.0,-3.005398445767204,0.1464,1464,0.8536,1.2578616352201255,7950,1,6458,1.1210187782207512,False,0.00556925003184,47,archived_rho_0.5_unchanged,-9.263102895004732,False,ok,
6,Normal,10000,5,0.5,fresh_n,19,2026106719,,-1.0,6.257704449237527,False,19,-1.660592778812196,0.0002,0.0,0.0,False,0.0002,0.0011,0.7988,0.1609,0.039,0.0,0.0,-3.3824192437034637,0.0973,973,0.9027,1.1981787682722262,8346,1,7050,0.8058791009956221,False,0.0053177500376477,47,archived_rho_0.5_unchanged,-9.64012369294099,False,ok,
6,Normal,10000,5,0.5,fresh_n,19,2026106719,,-1.0,6.257704449237527,False,20,inf,0.0,0.0,0.0,False,0.0,0.0011,0.8362,0.1349,0.0278,0.0,0.0,-3.6058962717469862,0.0701,701,0.9299,1.156737998843262,8645,1,7534,0.6202247214016751,False,0.0050382500048726,47,archived_rho_0.5_unchanged,-9.863600720984513,False,ok,
6,Normal,10000,5,0.5,fresh_n,19,2026106719,,-1.0,6.257704449237527,False,21,-2.293225827966613,0.0001,0.0,0.0,False,0.0001,0.0011,0.8658,0.1161,0.0169,0.0,0.0,-3.852810800050118,0.0534,534,0.9466,1.1254924029262805,8885,1,7942,0.483487288878134,False,0.004804124997463,47,archived_rho_0.5_unchanged,-10.110515249287644,False,ok,
6,Normal,10000,5,0.5,fresh_n,19,2026106719,,-1.0,6.257704449237527,False,22,inf,0.0,0.0,0.0,False,0.0,0.0011,0.8898,0.0956,0.0135,0.0,0.0,-4.243545166792483,0.0403,403,0.9597,1.1010790574763267,9082,1,8293,0.3822537070734267,False,0.0046393339871428,47,archived_rho_0.5_unchanged,-10.501249616030009,False,ok,
6,Normal,10000,5,0.5,fresh_n,19,2026106719,,-1.0,6.257704449237527,False,23,inf,0.0,0.0,0.0,False,0.0,0.0011,0.9023,0.0887,0.0079,0.0,0.0,-4.6586141914369374,0.027,270,0.973,1.0804970286331712,9255,1,8590,0.2847720450418654,False,0.0044422920327633,47,archived_rho_0.5_unchanged,-10.916318640674465,False,ok,
6,Normal,10000,5,0.5,fresh_n,19,2026106719,,-1.0,6.257704449237527,False,24,-0.4918237520348256,0.0001,0.0,0.0,False,0.0001,0.0011,0.9238,0.0692,0.0058,0.0,0.0,-5.070367014887694,0.0199,199,0.9801,1.0667804565820354,9374,1,8804,0.2290332756353694,False,0.0043693339684978,47,archived_rho_0.5_unchanged,-11.32807146412522,False,ok,
6,Normal,10000,5,0.5,fresh_n,19,2026106719,,-1.0,6.257704449237527,False,25,-1.5894565798203597,0.0001,0.0,0.0,False,0.0001,0.0011,0.9383,0.0565,0.004,0.0,0.0,-5.191936070490943,0.0154,154,0.9846,1.0559662090813091,9470,1,8986,0.1799443952744047,False,0.0042563750175759,47,archived_rho_0.5_unchanged,-11.449640519728469,False,ok,
6,Normal,10000,5,0.5,fresh_n,19,2026106719,,-1.0,6.257704449237527,False,26,inf,0.0,0.0,0.0,False,0.0,0.0011,0.9469,0.0494,0.0026,0.0,0.0,-5.2764284585722185,0.0094,94,0.9906,1.0455876202425762,9564,1,9151,0.1271041047499831,False,0.004136457981076,47,archived_rho_0.5_unchanged,-11.534132907809745,False,ok,
6,Normal,10000,5,0.5,fresh_n,19,2026106719,,-1.0,6.257704449237527,False,27,inf,0.0,0.0,0.0,False,0.0,0.0011,0.9546,0.0428,0.0015,0.0,0.0,-5.467305154154281,0.0076,76,0.9924,1.0392849719393058,9622,1,9260,0.1052042981511333,False,0.0040942920022644,47,archived_rho_0.5_unchanged,-11.725009603391808,False,ok,
6,Normal,10000,5,0.5,fresh_n,19,2026106719,,-1.0,6.257704449237527,False,28,inf,0.0,0.0,0.0,False,0.0,0.0011,0.9599,0.0382,0.0008,0.0,0.0,-5.902924001782192,0.006,60,0.994,1.0298661174047374,9710,1,9432,0.0777885656913219,False,0.0039854170172475,47,archived_rho_0.5_unchanged,-12.160628451019718,False,ok,
6,Normal,10000,5,0.5,fresh_n,19,2026106719,,-1.0,6.257704449237527,False,29,inf,0.0,0.0,0.0,False,0.0,0.0011,0.9699,0.0281,0.0009,0.0,0.0,-5.652355193031504,0.0042,42,0.9958,1.026694045174538,9740,1,9487,0.066405764963945,False,0.0039487500325776,47,archived_rho_0.5_unchanged,-11.91005964226903,False,ok,
6,Normal,10000,5,0.5,fresh_n,19,2026106719,,-1.0,6.257704449237527,False,30,inf,0.0,0.0,0.0,False,0.0,0.0011,0.9701,0.0282,0.0006,0.0,0.0,-5.5399195804874,0.0039,39,0.9961,1.02291325695581,9776,1,9561,0.0583852318942923,False,0.0039179999730549,47,archived_rho_0.5_unchanged,-11.797624029724926,False,ok,
6,Normal,10000,5,0.5,fresh_n,19,2026106719,,-1.0,6.257704449237527,False,31,inf,0.0,0.0,0.0,False,0.0,0.0011,0.976,0.0223,0.0006,0.0,0.0,-6.0889614378259065,0.0017,17,0.9983,1.017293997965412,9830,1,9662,0.0382613255496261,False,0.0038552089827135,47,archived_rho_0.5_unchanged,-12.346665887063434,False,ok,
6,Normal,10000,5,0.5,fresh_n,19,2026106719,,-1.0,6.257704449237527,False,32,inf,0.0,0.0,0.0,False,0.0,0.0011,0.9773,0.0209,0.0007,0.0,0.0,-6.655410872028832,0.0033,33,0.9967,1.0158472165786263,9844,1,9695,0.0427036160093946,False,0.0038589159958064,47,archived_rho_0.5_unchanged,-12.913115321266359,False,ok,
6,Normal,10000,5,0.5,fresh_n,19,2026106719,,-1.0,6.257704449237527,False,33,inf,0.0,0.0,0.0,False,0.0,0.0011,0.9814,0.017,0.0005,0.0,0.0,-5.59029793203737,0.0031,31,0.9969,1.016053647632595,9842,1,9690,0.0417156298765066,False,0.0038502080133184,47,archived_rho_0.5_unchanged,-11.848002381274895,False,ok,
6,Normal,10000,5,0.5,fresh_n,19,2026106719,,-1.0,6.257704449237527,False,34,inf,0.0,0.0,0.0,False,0.0,0.0011,0.9851,0.0135,0.0003,0.0,0.0,-6.2723969028189615,0.0021,21,0.9979,1.0131712259371837,9870,1,9744,0.0326299826359729,False,0.0038027919945307,47,archived_rho_0.5_unchanged,-12.530101352056487,False,ok,
6,Normal,10000,5,0.5,fresh_n,19,2026106719,,-1.0,6.257704449237527,False,35,inf,0.0,0.0,0.0,False,0.0,0.0011,0.9846,0.0142,0.0001,0.0,0.0,-5.826715177429913,0.0011,11,0.9989,1.00999899000101,9901,1,9804,0.0230153336592066,False,0.0037585829850286,47,archived_rho_0.5_unchanged,-12.08441962666744,False,ok,
6,Normal,10000,5,0.5,fresh_n,19,2026106719,,-1.0,6.257704449237527,False,36,inf,0.0,0.0,0.0,False,0.0,0.0011,0.9871,0.0118,0.0,0.0,0.0,-8.349999837659201,0.0005,5,0.9995,1.0096930533117932,9904,1,9808,0.0191999999999999,False,0.0037886250065639,47,archived_rho_0.5_unchanged,-14.607704286896727,False,ok,
6,Normal,10000,5,0.5,fresh_n,19,2026106719,,-1.0,6.257704449237527,False,37,inf,0.0,0.0,0.0,False,0.0,0.0011,0.99,0.0089,0.0,0.0,0.0,-8.264630815781414,0.0013,13,0.9987,1.0072522159548751,9928,1,9859,0.0200984042818258,False,0.0037446669884957,47,archived_rho_0.5_unchanged,-14.522335265018942,False,ok,
6,Normal,10000,5,0.5,fresh_n,19,2026106719,,-1.0,6.257704449237527,False,38,inf,0.0,0.0,0.0,False,0.0,0.0011,0.9901,0.0088,0.0,0.0,0.0,-7.231000319590868,0.0014,14,0.9986,1.0087763542822556,9913,1,9827,0.0192172739748306,False,0.0037778749829158,47,archived_rho_0.5_unchanged,-13.488704768828395,False,ok,
6,Normal,10000,5,0.5,fresh_n,19,2026106719,,-1.0,6.257704449237527,False,39,inf,0.0,0.0,0.0,False,0.0,0.0011,0.991,0.0079,0.0,0.0,0.0,-7.433721457419781,0.0007,7,0.9993,1.0063399416322834,9937,1,9875,0.0141892270829554,False,0.0037163749802857,47,archived_rho_0.5_unchanged,-13.691425906657308,False,ok,
6,Normal,10000,5,0.5,fresh_n,19,2026106719,,-1.0,6.257704449237527,False,40,inf,0.0,0.0,0.0,False,0.0,0.0011,0.9926,0.0062,0.0001,0.0,0.0,-6.772455263502817,0.0004,4,0.9996,1.005631536604988,9944,1,9888,0.0112,False,0.0037433749530464,47,archived_rho_0.5_unchanged,-13.030159712740343,False,ok,
6,Normal,10000,5,0.5,fresh_n,20,2026106720,,-1.0,6.257704449237527,False,1,7.090615956223153,0.9986,0.9986,0.9972997299729972,True,0.9986,0.0014,0.0,0.0,0.0,0.0,0.0,7.0772965374662755,1.0,10000,0.0,10000.0,1,10000,0,1.0781352116295562,False,0.0044427499524317,47,archived_rho_0.5_unchanged,0.8195920882287488,False,ok,
6,Normal,10000,5,0.5,fresh_n,20,2026106720,,-1.0,6.257704449237527,False,2,6.16947048712397,0.9535,0.9535,0.9495949594959496,False,0.9535,0.0014,0.0,0.0,0.0451,0.0,0.0,6.110892816144872,1.0,10000,0.0,312.5,32,58,0,1.3414074043564133,False,0.0041422499925829,47,archived_rho_0.5_unchanged,-0.14681163309265433,False,ok,
6,Normal,10000,5,0.5,fresh_n,20,2026106720,,-1.0,6.257704449237527,False,3,5.9080567066384715,0.9002,0.8977,0.8946894689468947,False,0.9002,0.0014,0.003,0.0014,0.094,0.0,0.0,5.8978389675731595,0.9968,9968,0.0031999999999999,93.45794392523364,107,1,18,1.433536767119833,False,0.0041169589967466,47,archived_rho_0.5_unchanged,-0.35986548166436716,False,ok,
6,Normal,10000,5,0.5,fresh_n,20,2026106720,,-1.0,6.257704449237527,False,4,5.604706070172691,0.8238,0.8124,0.8118811881188119,False,0.8238,0.0014,0.0094,0.0095,0.1559,0.0,0.0,5.5172456074843295,0.9844,9844,0.0155999999999999,34.84320557491289,287,1,67,1.6277583786348964,False,0.0043698329827748,47,archived_rho_0.5_unchanged,-0.7404588417531972,False,ok,
6,Normal,10000,5,0.5,fresh_n,20,2026106720,,-1.0,6.257704449237527,False,5,5.2749339714340335,0.7064,0.6911,0.6820635872825435,False,0.7064,0.0014,0.0211,0.0222,0.2489,0.0,0.0,5.088050114536892,0.9697,9697,0.0302999999999999,19.15708812260537,522,1,148,1.882025990303465,False,0.0045582499587908,47,archived_rho_0.5_unchanged,-1.1696543347006347,False,ok,
6,Normal,10000,5,0.5,fresh_n,20,2026106720,,-1.0,6.257704449237527,False,6,4.884951813103569,0.5801,0.5542,0.5506898620275945,False,0.5801,0.0014,0.0398,0.0372,0.3415,0.0,0.0,4.571424600990797,0.9499,9499,0.0501,12.01923076923077,832,1,270,2.182318063384836,False,0.0048071659984998,47,archived_rho_0.5_unchanged,-1.6862798482467296,False,ok,
6,Normal,10000,5,0.5,fresh_n,20,2026106720,,-1.0,6.257704449237527,False,7,4.483636425671354,0.4425,0.4015,0.3878224355128974,False,0.4425,0.0014,0.0703,0.0564,0.4294,0.0,0.0,3.958271962927148,0.9152,9152,0.0847999999999999,7.739938080495356,1292,1,506,2.4341215956941187,False,0.0050263339653611,47,archived_rho_0.5_unchanged,-2.2994324863103786,False,ok,
6,Normal,10000,5,0.5,fresh_n,20,2026106720,,-1.0,6.257704449237527,False,8,4.034547400997774,0.3124,0.2682,0.2645470905818836,False,0.3124,0.0014,0.1109,0.082,0.4933,0.0,0.0,3.2547641561018197,0.8678,8678,0.1321999999999999,5.443658138268916,1837,1,743,2.690202212165917,False,0.0053959999931976,47,archived_rho_0.5_unchanged,-3.002940293135707,False,ok,
6,Normal,10000,5,0.5,fresh_n,20,2026106720,,-1.0,6.257704449237527,False,9,3.601852587848215,0.2182,0.1629,0.1551155115511551,False,0.2182,0.0014,0.1638,0.1162,0.5004,0.0,0.0,2.5426200204163707,0.8048,8048,0.1952,3.995205753096284,2503,1,1135,2.854421511811513,False,0.0056950420257635,47,archived_rho_0.5_unchanged,-3.715084428821156,False,ok,
6,Normal,10000,5,0.5,fresh_n,20,2026106720,,-1.0,6.257704449237527,False,10,3.069499469155331,0.1234,0.0735,0.0662867426514697,False,0.1234,0.0014,0.2262,0.1456,0.5034,0.0,0.0,1.788200780515235,0.7345,7345,0.2654999999999999,3.095017022593624,3231,1,1652,2.879855468326805,False,0.0059555830084718,47,archived_rho_0.5_unchanged,-4.469503668722291,False,ok,
6,Normal,10000,5,0.5,fresh_n,20,2026106720,,-1.0,6.257704449237527,False,11,2.5008304182258336,0.0729,0.0287,0.025494901019796,False,0.0729,0.0014,0.295,0.1821,0.4486,0.0,0.0,1.0253005030282831,0.6498,6498,0.3501999999999999,2.526528549772612,3958,1,2188,2.804620986431011,False,0.0061502919998019,47,archived_rho_0.5_unchanged,-5.232403946209244,False,ok,
6,Normal,10000,5,0.5,fresh_n,20,2026106720,,-1.0,6.257704449237527,False,12,1.808570594004849,0.036,0.0064,0.0036003600360036,False,0.036,0.0014,0.3729,0.2085,0.3812,0.0,0.0,0.2790571108357921,0.5526,5526,0.4474,2.1052631578947367,4750,1,2818,2.698303673464607,False,0.0063598749693483,47,archived_rho_0.5_unchanged,-5.978647338401735,False,ok,
6,Normal,10000,5,0.5,fresh_n,20,2026106720,,-1.0,6.257704449237527,False,13,1.4229253443610546,0.0182,0.0006,0.0,False,0.0182,0.0014,0.4623,0.2213,0.2968,0.0,0.0,-0.5178241153871189,0.4693,4693,0.5307,1.833180568285976,5455,1,3455,2.536858978630339,False,0.0064070830121636,47,archived_rho_0.5_unchanged,-6.775528564624645,False,ok,
6,Normal,10000,5,0.5,fresh_n,20,2026106720,,-1.0,6.257704449237527,False,14,0.984539319761758,0.0103,0.0007,0.0002999400119976,False,0.0103,0.0014,0.5447,0.2223,0.2213,0.0,0.0,-1.1806360762179926,0.3664,3664,0.6335999999999999,1.6142050040355125,6195,1,4241,2.1429781771600656,False,0.0063483330304734,47,archived_rho_0.5_unchanged,-7.438340525455519,False,ok,
6,Normal,10000,5,0.5,fresh_n,20,2026106720,,-1.0,6.257704449237527,False,15,0.7549819920870858,0.0043,0.0,0.0,False,0.0043,0.0014,0.6197,0.2178,0.1568,0.0,0.0,-1.749021096813616,0.2814,2814,0.7186,1.4682131845543973,6811,1,4927,1.7964514590409535,False,0.0062344170291908,47,archived_rho_0.5_unchanged,-8.006725546051143,False,ok,
6,Normal,10000,5,0.5,fresh_n,20,2026106720,,-1.0,6.257704449237527,False,16,-0.1731217544206199,0.0032,0.0,0.0,False,0.0032,0.0014,0.6814,0.2047,0.1093,0.0,0.0,-2.235668543115215,0.2214,2214,0.7786,1.3588802826470987,7359,1,5670,1.4911583464829117,False,0.005880165961571,47,archived_rho_0.5_unchanged,-8.493372992352741,False,ok,
6,Normal,10000,5,0.5,fresh_n,20,2026106720,,-1.0,6.257704449237527,False,17,-0.8028932682917106,0.0017,0.0,0.0,False,0.0017,0.0014,0.7395,0.1799,0.0775,0.0,0.0,-2.687421540486614,0.1615,1615,0.8385,1.2794268167860798,7816,1,6294,1.1781922149425827,False,0.0056342500029131,47,archived_rho_0.5_unchanged,-8.94512598972414,False,ok,
6,Normal,10000,5,0.5,fresh_n,20,2026106720,,-1.0,6.257704449237527,False,18,-0.9658764822215364,0.0012,0.0,0.0,False,0.0012,0.0014,0.7907,0.1632,0.0435,0.0,0.0,-3.0426816887533796,0.1127,1127,0.8873,1.21300339640951,8244,1,6913,0.9058941111946508,False,0.0053687500185333,47,archived_rho_0.5_unchanged,-9.300386137990905,False,ok,
6,Normal,10000,5,0.5,fresh_n,20,2026106720,,-1.0,6.257704449237527,False,19,-1.544544270822928,0.0003,0.0,0.0,False,0.0003,0.0014,0.8286,0.1384,0.0313,0.0,0.0,-3.388384219452546,0.0811,811,0.9189,1.1680878402055834,8561,1,7420,0.6751017343717742,False,0.0051068330067209,47,archived_rho_0.5_unchanged,-9.646088668690073,False,ok,
6,Normal,10000,5,0.5,fresh_n,20,2026106720,,-1.0,6.257704449237527,False,20,-2.0831378019446416,0.0003,0.0,0.0,False,0.0003,0.0014,0.861,0.1168,0.0205,0.0,0.0,-3.7227643329989046,0.0561,561,0.9439,1.1361054305839582,8802,1,7795,0.5146291675459208,False,0.0049079579766839,47,archived_rho_0.5_unchanged,-9.980468782236432,False,ok,
6,Normal,10000,5,0.5,fresh_n,20,2026106720,,-1.0,6.257704449237527,False,21,-3.6186445713264015,0.0001,0.0,0.0,False,0.0001,0.0014,0.8845,0.1011,0.0129,0.0,0.0,-4.199820927297548,0.04,400,0.96,1.1066843736166443,9036,1,8204,0.3881925321244109,False,0.0046629590215161,47,archived_rho_0.5_unchanged,-10.457525376535074,False,ok,
6,Normal,10000,5,0.5,fresh_n,20,2026106720,,-1.0,6.257704449237527,False,22,-2.377928521609782,0.0006,0.0,0.0,False,0.0006,0.0014,0.9095,0.0786,0.0099,0.0,0.0,-4.308618622618683,0.0311,311,0.9689,1.080613788631943,9254,1,8608,0.2984356730198098,False,0.0044320420129224,47,archived_rho_0.5_unchanged,-10.56632307185621,False,ok,
6,Normal,10000,5,0.5,fresh_n,20,2026106720,,-1.0,6.257704449237527,False,23,0.3883933433531121,0.0001,0.0,0.0,False,0.0001,0.0014,0.9241,0.0673,0.0071,0.0,0.0,-4.59110445586245,0.0213,213,0.9787,1.0700909577314073,9345,1,8752,0.2325427448927061,False,0.0043369579943828,47,archived_rho_0.5_unchanged,-10.848808905099975,False,ok,
6,Normal,10000,5,0.5,fresh_n,20,2026106720,,-1.0,6.257704449237527,False,24,-1.7898657163003646,0.0002,0.0,0.0,False,0.0002,0.0014,0.9363,0.0578,0.0043,0.0,0.0,-4.4774585070000485,0.0118,118,0.9882,1.055297593921486,9476,1,8990,0.1569601341155218,False,0.0042111249640583,47,archived_rho_0.5_unchanged,-10.735162956237575,False,ok,
6,Normal,10000,5,0.5,fresh_n,20,2026106720,,-1.0,6.257704449237527,False,25,-4.712740764831369,0.0001,0.0,0.0,False,0.0001,0.0014,0.9492,0.0454,0.0039,0.0,0.0,-5.161177709138023,0.0119,119,0.9881,1.0446046171524077,9573,1,9182,0.1455376763423927,False,0.0041081249946728,47,archived_rho_0.5_unchanged,-11.418882158375549,False,ok,
6,Normal,10000,5,0.5,fresh_n,20,2026106720,,-1.0,6.257704449237527,False,26,inf,0.0,0.0,0.0,False,0.0,0.0014,0.952,0.0447,0.0019,0.0,0.0,-5.40735859117126,0.0077,77,0.9923,1.0399334442595674,9616,1,9252,0.1128470191037429,False,0.0041226249886676,47,archived_rho_0.5_unchanged,-11.665063040408786,False,ok,
6,Normal,10000,5,0.5,fresh_n,20,2026106720,,-1.0,6.257704449237527,False,27,inf,0.0,0.0,0.0,False,0.0,0.0014,0.9631,0.0341,0.0014,0.0,0.0,-5.324056356519881,0.005,50,0.995,1.03327133705311,9678,1,9367,0.0848507594451263,False,0.0040254160412587,47,archived_rho_0.5_unchanged,-11.581760805757408,False,ok,
6,Normal,10000,5,0.5,fresh_n,20,2026106720,,-1.0,6.257704449237527,False,28,inf,0.0,0.0,0.0,False,0.0,0.0014,0.9657,0.0318,0.0011,0.0,0.0,-6.133688169722198,0.0049,49,0.9951,1.0300782859497322,9708,1,9429,0.0829984900609493,False,0.0039897499955259,47,archived_rho_0.5_unchanged,-12.391392618959724,False,ok,
6,Normal,10000,5,0.5,fresh_n,20,2026106720,,-1.0,6.257704449237527,False,29,inf,0.0,0.0,0.0,False,0.0,0.0014,0.9712,0.0269,0.0005,0.0,0.0,-6.418125376695696,0.0018,18,0.9982,1.02291325695581,9776,1,9555,0.050244561570078,False,0.0039372919709421,47,archived_rho_0.5_unchanged,-12.675829825933222,False,ok,
6,Normal,10000,5,0.5,fresh_n,20,2026106720,,-1.0,6.257704449237527,False,30,inf,0.0,0.0,0.0,False,0.0,0.0014,0.9794,0.0189,0.0003,0.0,0.0,-5.150910394205506,0.0023,23,0.9977,1.0195758564437194,9808,1,9620,0.046230066385323,False,0.0039140419685281,47,archived_rho_0.5_unchanged,-11.408614843443033,False,ok,
6,Normal,10000,5,0.5,fresh_n,20,2026106720,,-1.0,6.257704449237527,False,31,inf,0.0,0.0,0.0,False,0.0,0.0014,0.9802,0.0181,0.0003,0.0,0.0,-5.979212024381515,0.0014,14,0.9986,1.0148163182463974,9854,1,9710,0.032462364793766,False,0.0039160000160336,47,archived_rho_0.5_unchanged,-12.236916473619042,False,ok,
6,Normal,10000,5,0.5,fresh_n,20,2026106720,,-1.0,6.257704449237527,False,32,inf,0.0,0.0,0.0,False,0.0,0.0014,0.9832,0.015,0.0004,0.0,0.0,-5.275779629576579,0.0015,15,0.9985,1.013273887931908,9869,1,9742,0.0328050998461863,False,0.0038347499794326,47,archived_rho_0.5_unchanged,-11.533484078814105,False,ok,
6,Normal,10000,5,0.5,fresh_n,20,2026106720,,-1.0,6.257704449237527,False,33,inf,0.0,0.0,0.0,False,0.0,0.0014,0.9852,0.0132,0.0002,0.0,0.0,-5.677116428732271,0.0014,14,0.9986,1.0107135637760258,9894,1,9790,0.024462364793766,False,0.0037819999852217,47,archived_rho_0.5_unchanged,-11.934820877969798,False,ok,
6,Normal,10000,5,0.5,fresh_n,20,2026106720,,-1.0,6.257704449237527,False,34,inf,0.0,0.0,0.0,False,0.0,0.0014,0.9876,0.011,0.0,0.0,0.0,-7.397530825342435,0.0017,17,0.9983,1.0117361392148927,9884,1,9771,0.02916763485115,False,0.003822625032626,47,archived_rho_0.5_unchanged,-13.655235274579962,False,ok,
6,Normal,10000,5,0.5,fresh_n,20,2026106720,,-1.0,6.257704449237527,False,35,inf,0.0,0.0,0.0,False,0.0,0.0014,0.9886,0.0099,0.0001,0.0,0.0,-6.862939637352511,0.0007,7,0.9993,1.0096930533117932,9904,1,9809,0.0208030069447268,False,0.0037714170175604,47,archived_rho_0.5_unchanged,-13.120644086590037,False,ok,
6,Normal,10000,5,0.5,fresh_n,20,2026106720,,-1.0,6.257704449237527,False,36,inf,0.0,0.0,0.0,False,0.0,0.0014,0.9895,0.009,0.0001,0.0,0.0,-5.872032992744526,0.0017,17,0.9983,1.0075566750629723,9925,1,9854,0.0225065255010104,False,0.0037552079884335,47,archived_rho_0.5_unchanged,-12.129737441982051,False,ok,
6,Normal,10000,5,0.5,fresh_n,20,2026106720,,-1.0,6.257704449237527,False,37,inf,0.0,0.0,0.0,False,0.0,0.0014,0.9903,0.0083,0.0,0.0,0.0,-6.479127197965998,0.0007,7,0.9993,1.0070493454179257,9930,1,9861,0.0161842784273481,False,0.0037376669934019,47,archived_rho_0.5_unchanged,-12.736831647203525,False,ok,
6,Normal,10000,5,0.5,fresh_n,20,2026106720,,-1.0,6.257704449237527,False,38,inf,0.0,0.0,0.0,False,0.0,0.0014,0.992,0.0066,0.0,0.0,0.0,-6.15719777943591,0.0008,8,0.9992,1.0068465565847764,9932,1,9865,0.015595881935327,False,0.0037615419714711,47,archived_rho_0.5_unchanged,-12.414902228673437,False,ok,
6,Normal,10000,5,0.5,fresh_n,20,2026106720,,-1.0,6.257704449237527,False,39,inf,0.0,0.0,0.0,False,0.0,0.0014,0.9928,0.0057,0.0001,0.0,0.0,-7.533359818941557,0.0008,8,0.9992,1.0058338362502517,9942,1,9886,0.0157234501774389,False,0.0037634160253219,47,archived_rho_0.5_unchanged,-13.791064268179085,False,ok,
6,Normal,10000,5,0.5,fresh_n,20,2026106720,,-1.0,6.257704449237527,False,40,inf,0.0,0.0,0.0,False,0.0,0.0014,0.9939,0.0047,0.0,0.0,0.0,-7.8363068984965265,0.0007,7,0.9993,1.0045203415369162,9955,1,9911,0.0106348917234587,False,0.0037228330038487,47,archived_rho_0.5_unchanged,-14.094011347734053,False,ok,
6,Normal,10000,5,0.5,fresh_n,21,2026106721,,-1.0,6.257704449237527,False,1,7.048486754311166,0.9983,0.9983,0.9973005398920216,True,0.9983,0.0017,0.0,0.0,0.0,0.0,0.0,7.035499286057167,1.0,10000,0.0,10000.0,1,10000,0,1.078272549093702,False,0.0045410830061882,47,archived_rho_0.5_unchanged,0.7777948368196403,False,ok,
6,Normal,10000,5,0.5,fresh_n,21,2026106721,,-1.0,6.257704449237527,False,2,6.137940149591481,0.956,0.9555,0.9513951395139514,False,0.956,0.0017,0.0,0.0,0.0423,0.0,0.0,6.102684271365808,1.0,10000,0.0,312.5,32,5,0,1.3173382179323108,False,0.0041219589766114,47,archived_rho_0.5_unchanged,-0.15502017787171862,False,ok,
6,Normal,10000,5,0.5,fresh_n,21,2026106721,,-1.0,6.257704449237527,False,3,5.899221788873737,0.9075,0.9041,0.8941211757648471,False,0.9075,0.0017,0.0023,0.0025,0.086,0.0,0.0,5.870523028596522,0.9967,9967,0.0032999999999999,90.09009009009009,111,1,19,1.4189523723897677,False,0.0043247090070508,47,archived_rho_0.5_unchanged,-0.3871814206410047,False,ok,
6,Normal,10000,5,0.5,fresh_n,21,2026106721,,-1.0,6.257704449237527,False,4,5.590421403931107,0.832,0.8246,0.8143371325734853,False,0.832,0.0017,0.0084,0.0084,0.1495,0.0,0.0,5.5298310760478415,0.9884,9884,0.0116,38.46153846153846,260,1,72,1.613420188561471,False,0.0044217089889571,47,archived_rho_0.5_unchanged,-0.7278733731896851,False,ok,
6,Normal,10000,5,0.5,fresh_n,21,2026106721,,-1.0,6.257704449237527,False,5,5.28725572631753,0.729,0.7147,0.7075584883023396,False,0.729,0.0017,0.0204,0.0182,0.2307,0.0,0.0,5.116580693948398,0.9738,9738,0.0262,21.27659574468085,470,1,117,1.8593058295644636,False,0.0045210420503281,47,archived_rho_0.5_unchanged,-1.1411237552891285,False,ok,
6,Normal,10000,5,0.5,fresh_n,21,2026106721,,-1.0,6.257704449237527,False,6,4.926144984645602,0.6114,0.5857,0.5716856628674265,False,0.6114,0.0017,0.0404,0.0349,0.3116,0.0,0.0,4.644723453119861,0.9533,9533,0.0466999999999999,12.836970474967908,779,1,263,2.1320934535093388,False,0.0047090420266613,47,archived_rho_0.5_unchanged,-1.612980996117666,False,ok,
6,Normal,10000,5,0.5,fresh_n,21,2026106721,,-1.0,6.257704449237527,False,7,4.5145996996048385,0.4763,0.4453,0.4214157168566286,False,0.4763,0.0017,0.0696,0.0448,0.4076,0.0,0.0,4.086721013387012,0.9206,9206,0.0794,8.271298593879239,1209,1,477,2.356596090206284,False,0.0049845839967019,47,archived_rho_0.5_unchanged,-2.1709834358505145,False,ok,
6,Normal,10000,5,0.5,fresh_n,21,2026106721,,-1.0,6.257704449237527,False,8,4.075055420627726,0.3509,0.3064,0.2993401319736052,False,0.3509,0.0017,0.102,0.075,0.4704,0.0,0.0,3.396587226363567,0.8813,8813,0.1187,5.820721769499418,1718,1,734,2.605685252124144,False,0.0053593330085277,47,archived_rho_0.5_unchanged,-2.86111722287396,False,ok,
6,Normal,10000,5,0.5,fresh_n,21,2026106721,,-1.0,6.257704449237527,False,9,3.6796278519760146,0.243,0.1915,0.1812181218121812,False,0.243,0.0017,0.146,0.1064,0.5029,0.0,0.0,2.7542218103068463,0.8208,8208,0.1792,4.323389537397319,2313,1,1053,2.7503546952614437,False,0.0056061249924823,47,archived_rho_0.5_unchanged,-3.5034826389306803,False,ok,
6,Normal,10000,5,0.5,fresh_n,21,2026106721,,-1.0,6.257704449237527,False,10,3.143518167524495,0.1497,0.0913,0.0819081908190819,False,0.1497,0.0017,0.2033,0.1346,0.5107,0.0,0.0,2.052667895581827,0.7568,7568,0.2431999999999999,3.3795201081446433,2959,1,1445,2.877190168750161,False,0.0059169590240344,47,archived_rho_0.5_unchanged,-4.2050365536557,False,ok,
6,Normal,10000,5,0.5,fresh_n,21,2026106721,,-1.0,6.257704449237527,False,11,2.72570808546299,0.0945,0.0414,0.0332933413317336,False,0.0945,0.0017,0.2737,0.1557,0.4744,0.0,0.0,1.3662027165209143,0.6781,6781,0.3218999999999999,2.7085590465872156,3692,1,2015,2.780903017750981,False,0.0060842499951832,47,archived_rho_0.5_unchanged,-4.891501732716613,False,ok,
6,Normal,10000,5,0.5,fresh_n,21,2026106721,,-1.0,6.257704449237527,False,12,2.1990022358457364,0.0492,0.014,0.0092981403719256,False,0.0492,0.0017,0.3457,0.1891,0.4143,0.0,0.0,0.5356330525596437,0.5905,5905,0.4095,2.24870699347875,4447,1,2567,2.7424340268061314,False,0.0063316670130006,47,archived_rho_0.5_unchanged,-5.722071396677883,False,ok,
6,Normal,10000,5,0.5,fresh_n,21,2026106721,,-1.0,6.257704449237527,False,13,1.5788524448631405,0.0244,0.0014,0.0002999400119976,False,0.0244,0.0017,0.417,0.2146,0.3423,0.0,0.0,-0.1809038916006786,0.503,5030,0.497,1.939111886755866,5157,1,3196,2.569342229496567,False,0.0064147910452447,47,archived_rho_0.5_unchanged,-6.438608340838205,False,ok,
6,Normal,10000,5,0.5,fresh_n,21,2026106721,,-1.0,6.257704449237527,False,14,1.016767729421107,0.0133,0.0002,0.0,False,0.0133,0.0017,0.5006,0.2292,0.2552,0.0,0.0,-0.8689144758978457,0.4159,4159,0.5841000000000001,1.7056114617090228,5863,1,3913,2.318821260965145,False,0.0063434169860556,47,archived_rho_0.5_unchanged,-7.126618925135372,False,ok,
6,Normal,10000,5,0.5,fresh_n,21,2026106721,,-1.0,6.257704449237527,False,15,0.4823710941220854,0.0058,0.0,0.0,False,0.0058,0.0017,0.5759,0.231,0.1856,0.0,0.0,-1.5983470485072746,0.3246,3246,0.6754,1.528117359413203,6544,1,4615,2.0096972577567875,False,0.0062339169671759,47,archived_rho_0.5_unchanged,-7.856051497744801,False,ok,
6,Normal,10000,5,0.5,fresh_n,21,2026106721,,-1.0,6.257704449237527,False,16,-0.0146179313250171,0.0045,0.0001,0.0,False,0.0045,0.0017,0.6438,0.2201,0.1299,0.0,0.0,-2.102626796079718,0.2562,2562,0.7438,1.4206563432305723,7039,1,5219,1.670098659646328,False,0.0060336669557727,47,archived_rho_0.5_unchanged,-8.360331245317244,False,ok,
6,Normal,10000,5,0.5,fresh_n,21,2026106721,,-1.0,6.257704449237527,False,17,0.0351755753536757,0.0016,0.0,0.0,False,0.0016,0.0017,0.7084,0.1979,0.0904,0.0,0.0,-2.567240478403229,0.1848,1848,0.8152,1.3137151865475565,7612,1,5974,1.31677297977131,False,0.0057575000100769,47,archived_rho_0.5_unchanged,-8.824944927640756,False,ok,
6,Normal,10000,5,0.5,fresh_n,21,2026106721,,-1.0,6.257704449237527,False,18,-0.2445510226734664,0.0016,0.0,0.0,False,0.0016,0.0017,0.7538,0.1864,0.0565,0.0,0.0,-3.00333448945894,0.1337,1337,0.8663,1.249375312343828,8004,1,6524,1.0330541677126648,False,0.0055539999739266,47,archived_rho_0.5_unchanged,-9.261038938696467,False,ok,
6,Normal,10000,5,0.5,fresh_n,21,2026106721,,-1.0,6.257704449237527,False,19,-0.8889736682092452,0.0006,0.0,0.0,False,0.0006,0.0017,0.8068,0.1529,0.038,0.0,0.0,-3.390006256138321,0.0963,963,0.9037,1.1923214498628831,8387,1,7126,0.806571548979178,False,0.0052284579724073,47,archived_rho_0.5_unchanged,-9.647710705375847,False,ok,
6,Normal,10000,5,0.5,fresh_n,21,2026106721,,-1.0,6.257704449237527,False,20,0.1480166951539042,0.0003,0.0,0.0,False,0.0003,0.0017,0.845,0.127,0.026,0.0,0.0,-3.712282844899432,0.0703,703,0.9297,1.1502185415228894,8694,1,7637,0.6130778939258296,False,0.0050106249982491,47,archived_rho_0.5_unchanged,-9.969987294136958,False,ok,
6,Normal,10000,5,0.5,fresh_n,21,2026106721,,-1.0,6.257704449237527,False,21,-2.833566037957679,0.0002,0.0,0.0,False,0.0002,0.0017,0.8694,0.1113,0.0174,0.0,0.0,-3.942051484354854,0.0517,517,0.9483,1.1179429849077698,8945,1,8067,0.4652501196319284,False,0.0047419999609701,47,archived_rho_0.5_unchanged,-10.199755933592382,False,ok,
6,Normal,10000,5,0.5,fresh_n,21,2026106721,,-1.0,6.257704449237527,False,22,inf,0.0,0.0,0.0,False,0.0,0.0017,0.8918,0.0959,0.0106,0.0,0.0,-4.263602367680343,0.035,350,0.965,1.0979358805445762,9108,1,8325,0.3450851113048747,False,0.0046199999633245,47,archived_rho_0.5_unchanged,-10.52130681691787,False,ok,
6,Normal,10000,5,0.5,fresh_n,21,2026106721,,-1.0,6.257704449237527,False,23,inf,0.0,0.0,0.0,False,0.0,0.0017,0.9138,0.0768,0.0077,0.0,0.0,-4.414262798905747,0.026,260,0.974,1.0800302408467437,9259,1,8600,0.2705328970277995,False,0.0044382920023053,47,archived_rho_0.5_unchanged,-10.671967248143273,False,ok,
6,Normal,10000,5,0.5,fresh_n,21,2026106721,,-1.0,6.257704449237527,False,24,-2.549858240873028,0.0001,0.0,0.0,False,0.0001,0.0017,0.9268,0.0659,0.0055,0.0,0.0,-4.891909412046945,0.021,210,0.979,1.0680337498664958,9363,1,8788,0.2321980224853403,False,0.0043464580085128,47,archived_rho_0.5_unchanged,-11.149613861284472,False,ok,
6,Normal,10000,5,0.5,fresh_n,21,2026106721,,-1.0,6.257704449237527,False,25,inf,0.0,0.0,0.0,False,0.0,0.0017,0.9392,0.0559,0.0032,0.0,0.0,-4.752671489775694,0.0108,108,0.9892,1.0518565267697486,9507,1,9042,0.141217826262964,False,0.0041785000357776,47,archived_rho_0.5_unchanged,-11.01037593901322,False,ok,
6,Normal,10000,5,0.5,fresh_n,21,2026106721,,-1.0,6.257704449237527,False,26,inf,0.0,0.0,0.0,False,0.0,0.0017,0.951,0.0448,0.0025,0.0,0.0,-5.702642510602767,0.0099,99,0.9901,1.045696957021855,9563,1,9150,0.135198694922793,False,0.0041295000119134,47,archived_rho_0.5_unchanged,-11.960346959840294,False,ok,
6,Normal,10000,5,0.5,fresh_n,21,2026106721,,-1.0,6.257704449237527,False,27,inf,0.0,0.0,0.0,False,0.0,0.0017,0.9556,0.0409,0.0018,0.0,0.0,-5.394815843141676,0.0081,81,0.9919,1.036699149906697,9646,1,9313,0.1089848511543317,False,0.0040721659897826,47,archived_rho_0.5_unchanged,-11.652520292379203,False,ok,
6,Normal,10000,5,0.5,fresh_n,21,2026106721,,-1.0,6.257704449237527,False,28,inf,0.0,0.0,0.0,False,0.0,0.0017,0.9615,0.0347,0.0021,0.0,0.0,-6.218446195188528,0.0044,44,0.9956,1.0308215647871353,9701,1,9412,0.0797434535797096,False,0.0039485410088673,47,archived_rho_0.5_unchanged,-12.476150644426054,False,ok,
6,Normal,10000,5,0.5,fresh_n,21,2026106721,,-1.0,6.257704449237527,False,29,inf,0.0,0.0,0.0,False,0.0,0.0017,0.9661,0.0312,0.001,0.0,0.0,-5.471021879498694,0.0054,54,0.9946,1.0294420424130122,9714,1,9441,0.0786515116507019,False,0.0039606250356882,47,archived_rho_0.5_unchanged,-11.72872632873622,False,ok,
6,Normal,10000,5,0.5,fresh_n,21,2026106721,,-1.0,6.257704449237527,False,30,inf,0.0,0.0,0.0,False,0.0,0.0017,0.9737,0.0236,0.001,0.0,0.0,-5.105709646623535,0.0029,29,0.9971,1.023122570083896,9774,1,9554,0.0553936010682468,False,0.0038738750154152,47,archived_rho_0.5_unchanged,-11.363414095861062,False,ok,
6,Normal,10000,5,0.5,fresh_n,21,2026106721,,-1.0,6.257704449237527,False,31,inf,0.0,0.0,0.0,False,0.0,0.0017,0.9784,0.0196,0.0003,0.0,0.0,-6.9440556103013416,0.0015,15,0.9985,1.0187449062754683,9816,1,9634,0.0398303126309288,False,0.0038240840076468,47,archived_rho_0.5_unchanged,-13.201760059538868,False,ok,
6,Normal,10000,5,0.5,fresh_n,21,2026106721,,-1.0,6.257704449237527,False,32,inf,0.0,0.0,0.0,False,0.0,0.0017,0.9782,0.0191,0.001,0.0,0.0,-6.552816417776603,0.0022,22,0.9978,1.017915309446254,9824,1,9652,0.0431315417795643,False,0.0038114589988254,47,archived_rho_0.5_unchanged,-12.81052086701413,False,ok,
6,Normal,10000,5,0.5,fresh_n,21,2026106721,,-1.0,6.257704449237527,False,33,inf,0.0,0.0,0.0,False,0.0,0.0017,0.9813,0.0163,0.0007,0.0,0.0,-6.06051470299018,0.0012,12,0.9988,1.0135819987837016,9866,1,9733,0.0288180329047624,False,0.0037913339911028,47,archived_rho_0.5_unchanged,-12.318219152227707,False,ok,
6,Normal,10000,5,0.5,fresh_n,21,2026106721,,-1.0,6.257704449237527,False,34,inf,0.0,0.0,0.0,False,0.0,0.0017,0.9842,0.0139,0.0002,0.0,0.0,-7.026802364530816,0.0019,19,0.9981,1.012248203259439,9879,1,9762,0.0321132327842355,False,0.0037774160155095,47,archived_rho_0.5_unchanged,-13.284506813768342,False,ok,
6,Normal,10000,5,0.5,fresh_n,21,2026106721,,-1.0,6.257704449237527,False,35,inf,0.0,0.0,0.0,False,0.0,0.0017,0.9877,0.0105,0.0001,0.0,0.0,-6.745516714479373,0.0012,12,0.9988,1.011224592982101,9889,1,9780,0.0263276720146877,False,0.0037422079476527,47,archived_rho_0.5_unchanged,-13.0032211637169,False,ok,
6,Normal,10000,5,0.5,fresh_n,21,2026106721,,-1.0,6.257704449237527,False,36,inf,0.0,0.0,0.0,False,0.0,0.0017,0.9858,0.0125,0.0,0.0,0.0,-6.527764038320014,0.0011,11,0.9989,1.0111223458038423,9890,1,9781,0.0240192696332207,False,0.0037320829578675,47,archived_rho_0.5_unchanged,-12.78546848755754,False,ok,
6,Normal,10000,5,0.5,fresh_n,21,2026106721,,-1.0,6.257704449237527,False,37,inf,0.0,0.0,0.0,False,0.0,0.0017,0.9904,0.0078,0.0001,0.0,0.0,-7.822272939466095,0.0008,8,0.9992,1.0088781275221954,9912,1,9824,0.0176,False,0.0037486249930225,47,archived_rho_0.5_unchanged,-14.079977388703622,False,ok,
6,Normal,10000,5,0.5,fresh_n,21,2026106721,,-1.0,6.257704449237527,False,38,inf,0.0,0.0,0.0,False,0.0,0.0017,0.9906,0.0076,0.0001,0.0,0.0,-7.477060786107481,0.0004,4,0.9996,1.0078613182826044,9922,1,9844,0.0156,False,0.0037207920104265,47,archived_rho_0.5_unchanged,-13.734765235345009,False,ok,
6,Normal,10000,5,0.5,fresh_n,21,2026106721,,-1.0,6.257704449237527,False,39,inf,0.0,0.0,0.0,False,0.0,0.0017,0.9906,0.0077,0.0,0.0,0.0,-8.168260357762454,0.0002,2,0.9998,1.0060362173038229,9940,1,9880,0.012,False,0.0037086659576743,47,archived_rho_0.5_unchanged,-14.425964806999982,False,ok,
6,Normal,10000,5,0.5,fresh_n,21,2026106721,,-1.0,6.257704449237527,False,40,inf,0.0,0.0,0.0,False,0.0,0.0017,0.9922,0.0061,0.0,0.0,0.0,-7.551957808198673,0.0003,3,0.9997,1.0055304172951232,9945,1,9890,0.011,False,0.0037000420270487,47,archived_rho_0.5_unchanged,-13.8096622574362,False,ok,
6,Normal,10000,5,0.5,fresh_n,22,2026106722,,-1.0,6.257704449237527,False,1,7.129258164790789,0.999,0.999,0.9984998499849984,True,0.999,0.001,0.0,0.0,0.0,0.0,0.0,7.1186838419441525,1.0,10000,0.0,10000.0,1,10000,0,1.0812868364054364,False,0.0044615839724428,47,archived_rho_0.5_unchanged,0.8609793927066258,False,ok,
6,Normal,10000,5,0.5,fresh_n,22,2026106722,,-1.0,6.257704449237527,False,2,6.188094313461667,0.9543,0.9543,0.9523095380923816,False,0.9543,0.001,0.0,0.0,0.0447,0.0,0.0,6.127347518218162,1.0,10000,0.0,312.5,32,42,0,1.3344953988922252,False,0.0041293340036645,47,archived_rho_0.5_unchanged,-0.13035693101936463,False,ok,
6,Normal,10000,5,0.5,fresh_n,22,2026106722,,-1.0,6.257704449237527,False,3,5.9530707711401325,0.9062,0.9034,0.8982898289828983,False,0.9062,0.001,0.0013,0.0019,0.0896,0.0,0.0,5.960127794586523,0.9976,9976,0.0023999999999999,102.04081632653062,98,1,14,1.4066324743672285,False,0.0041127909789793,47,archived_rho_0.5_unchanged,-0.2975766546510039,False,ok,
6,Normal,10000,5,0.5,fresh_n,22,2026106722,,-1.0,6.257704449237527,False,4,5.661586260582084,0.8303,0.8221,0.801980198019802,False,0.8303,0.001,0.0076,0.0093,0.1518,0.0,0.0,5.588719766360673,0.9889,9889,0.0110999999999999,39.52569169960474,253,1,63,1.6091311634658598,False,0.0043494999990798,47,archived_rho_0.5_unchanged,-0.6689846828768538,False,ok,
6,Normal,10000,5,0.5,fresh_n,22,2026106722,,-1.0,6.257704449237527,False,5,5.3597211094661965,0.7361,0.7196,0.6993699369936993,False,0.7361,0.001,0.0198,0.0161,0.227,0.0,0.0,5.215016361856336,0.9728,9728,0.0272,21.78649237472767,459,1,132,1.8166481328696469,False,0.0045073329820297,47,archived_rho_0.5_unchanged,-1.0426880873811903,False,ok,
6,Normal,10000,5,0.5,fresh_n,22,2026106722,,-1.0,6.257704449237527,False,6,5.012813764110857,0.6098,0.588,0.5535553555355536,False,0.6098,0.001,0.0382,0.0295,0.3215,0.0,0.0,4.761875746866401,0.9535,9535,0.0464999999999999,13.386880856760374,747,1,250,2.073851096466879,False,0.0047139579546637,47,archived_rho_0.5_unchanged,-1.495828702371126,False,ok,
6,Normal,10000,5,0.5,fresh_n,22,2026106722,,-1.0,6.257704449237527,False,7,4.593275168207558,0.4921,0.4566,0.4113411341134113,False,0.4921,0.001,0.0641,0.047,0.3958,0.0,0.0,4.200815153272701,0.9279,9279,0.0721,8.818342151675486,1134,1,444,2.3362826240454737,False,0.0048993750242516,47,archived_rho_0.5_unchanged,-2.056889295964826,False,ok,
6,Normal,10000,5,0.5,fresh_n,22,2026106722,,-1.0,6.257704449237527,False,8,4.231416789272184,0.3658,0.3213,0.2859285928592859,False,0.3658,0.001,0.0947,0.0718,0.4667,0.0,0.0,3.5814147009081583,0.8895,8895,0.1105,6.265664160401003,1596,1,625,2.5929924235678588,False,0.0052767499582841,47,archived_rho_0.5_unchanged,-2.6762897483293684,False,ok,
6,Normal,10000,5,0.5,fresh_n,22,2026106722,,-1.0,6.257704449237527,False,9,3.773860772432968,0.2519,0.1972,0.1698169816981698,False,0.2519,0.001,0.1403,0.0954,0.5114,0.0,0.0,2.938599629352095,0.8347,8347,0.1653,4.6040515653775325,2172,1,964,2.7353331917822454,False,0.0054997919942252,47,archived_rho_0.5_unchanged,-3.319104819885432,False,ok,
6,Normal,10000,5,0.5,fresh_n,22,2026106722,,-1.0,6.257704449237527,False,10,3.315258329378059,0.1635,0.1048,0.0753075307530753,False,0.1635,0.001,0.1979,0.1218,0.5158,0.0,0.0,2.222119715224578,0.7747,7747,0.2252999999999999,3.5486160397444997,2818,1,1363,2.8650619459495266,False,0.0057881249813362,47,archived_rho_0.5_unchanged,-4.035584734012948,False,ok,
6,Normal,10000,5,0.5,fresh_n,22,2026106722,,-1.0,6.257704449237527,False,11,2.8669034435226455,0.1013,0.0484,0.0246024602460246,False,0.1013,0.001,0.2608,0.1539,0.483,0.0,0.0,1.43347740427518,0.7025,7025,0.2975,2.840909090909091,3520,1,1844,2.9023089943545477,False,0.0060385409742593,47,archived_rho_0.5_unchanged,-4.824227044962347,False,ok,
6,Normal,10000,5,0.5,fresh_n,22,2026106722,,-1.0,6.257704449237527,False,12,2.2796671483831012,0.0501,0.0139,0.0069006900690069,False,0.0501,0.001,0.3382,0.1871,0.4236,0.0,0.0,0.6906197751662173,0.6216,6216,0.3783999999999999,2.375861249703018,4209,1,2314,2.858493569220707,False,0.006294708000496,47,archived_rho_0.5_unchanged,-5.567084674071309,False,ok,
6,Normal,10000,5,0.5,fresh_n,22,2026106722,,-1.0,6.257704449237527,False,13,1.9702545131683051,0.0313,0.0029,0.0003000300030003,False,0.0313,0.001,0.4007,0.2248,0.3422,0.0,0.0,0.1089388362278532,0.5265,5265,0.4735,2.0100502512562812,4975,1,3033,2.625109290187633,False,0.0062998750363476,47,archived_rho_0.5_unchanged,-6.148765613009673,False,ok,
6,Normal,10000,5,0.5,fresh_n,22,2026106722,,-1.0,6.257704449237527,False,14,1.0189393689437227,0.0137,0.0002,0.0,False,0.0137,0.001,0.491,0.2272,0.2671,0.0,0.0,-0.7742714131913158,0.4485,4485,0.5515,1.7667844522968197,5660,1,3661,2.504352547794659,False,0.0063292499980889,47,archived_rho_0.5_unchanged,-7.031975862428842,False,ok,
6,Normal,10000,5,0.5,fresh_n,22,2026106722,,-1.0,6.257704449237527,False,15,0.6997659681818016,0.0077,0.0,0.0,False,0.0077,0.001,0.5645,0.2239,0.2029,0.0,0.0,-1.3809281657350023,0.3545,3545,0.6455,1.5812776723592663,6324,1,4356,2.151890081613162,False,0.0062488749972544,47,archived_rho_0.5_unchanged,-7.638632614972529,False,ok,
6,Normal,10000,5,0.5,fresh_n,22,2026106722,,-1.0,6.257704449237527,False,16,0.3910153083153341,0.0052,0.0,0.0,False,0.0052,0.001,0.6303,0.2235,0.14,0.0,0.0,-1.79966562311532,0.28,2800,0.72,1.452643811737362,6884,1,5030,1.808138006033034,False,0.0060782079817727,47,archived_rho_0.5_unchanged,-8.057370072352846,False,ok,
6,Normal,10000,5,0.5,fresh_n,22,2026106722,,-1.0,6.257704449237527,False,17,0.0315727912340414,0.0016,0.0,0.0,False,0.0016,0.001,0.7,0.203,0.0944,0.0,0.0,-2.2820654185790534,0.1942,1942,0.8058,1.337255950788981,7478,1,5766,1.3795154058510075,False,0.0058305410202592,47,archived_rho_0.5_unchanged,-8.539769867816581,False,ok,
6,Normal,10000,5,0.5,fresh_n,22,2026106722,,-1.0,6.257704449237527,False,18,-0.9710452964275488,0.001,0.0,0.0,False,0.001,0.001,0.7535,0.1798,0.0647,0.0,0.0,-2.7730399505682586,0.1426,1426,0.8573999999999999,1.2663036596175763,7897,1,6356,1.0932633146744413,False,0.0055568749667145,47,archived_rho_0.5_unchanged,-9.030744399805785,False,ok,
6,Normal,10000,5,0.5,fresh_n,22,2026106722,,-1.0,6.257704449237527,False,19,-0.5223804298352134,0.0008,0.0,0.0,False,0.0008,0.001,0.7943,0.1617,0.0422,0.0,0.0,-3.17505361159511,0.1062,1062,0.8938,1.2078753472641623,8279,1,6958,0.8631225975430529,False,0.0053322500316426,47,archived_rho_0.5_unchanged,-9.432758060832636,False,ok,
6,Normal,10000,5,0.5,fresh_n,22,2026106722,,-1.0,6.257704449237527,False,20,-1.820815706573522,0.0001,0.0,0.0,False,0.0001,0.001,0.8386,0.1323,0.028,0.0,0.0,-3.516440706307571,0.0764,764,0.9236,1.1638733705772812,8592,1,7458,0.6634899252578892,False,0.0050452910363674,47,archived_rho_0.5_unchanged,-9.774145155545098,False,ok,
6,Normal,10000,5,0.5,fresh_n,22,2026106722,,-1.0,6.257704449237527,False,21,inf,0.0,0.0,0.0,False,0.0,0.001,0.8622,0.1197,0.0171,0.0,0.0,-3.899923619657806,0.0529,529,0.9471,1.1332728921124209,8824,1,7826,0.521076689046839,False,0.0048698750324547,47,archived_rho_0.5_unchanged,-10.157628068895333,False,ok,
6,Normal,10000,5,0.5,fresh_n,22,2026106722,,-1.0,6.257704449237527,False,22,inf,0.0,0.0,0.0,False,0.0,0.001,0.884,0.1007,0.0143,0.0,0.0,-4.1153604669343755,0.0382,382,0.9618,1.1036309458117206,9061,1,8247,0.376061774954123,False,0.0046402090229094,47,archived_rho_0.5_unchanged,-10.373064916171902,False,ok,
6,Normal,10000,5,0.5,fresh_n,22,2026106722,,-1.0,6.257704449237527,False,23,inf,0.0,0.0,0.0,False,0.0,0.001,0.9058,0.0843,0.0089,0.0,0.0,-4.294888457028144,0.0248,248,0.9752,1.086484137331595,9204,1,8486,0.2902435030831312,False,0.004531875019893,47,archived_rho_0.5_unchanged,-10.55259290626567,False,ok,
6,Normal,10000,5,0.5,fresh_n,22,2026106722,,-1.0,6.257704449237527,False,24,inf,0.0,0.0,0.0,False,0.0,0.001,0.9175,0.0745,0.007,0.0,0.0,-4.296891490773897,0.021,210,0.979,1.0714668381013608,9333,1,8733,0.2365641419502846,False,0.0043390000355429,47,archived_rho_0.5_unchanged,-10.554595940011424,False,ok,
6,Normal,10000,5,0.5,fresh_n,22,2026106722,,-1.0,6.257704449237527,False,25,-2.4795175848152833,0.0001,0.0,0.0,False,0.0001,0.001,0.9358,0.0591,0.004,0.0,0.0,-5.160521640116991,0.0144,144,0.9856,1.0605578534309046,9429,1,8894,0.1840614342579179,False,0.0043524589855223,47,archived_rho_0.5_unchanged,-11.418226089354517,False,ok,
6,Normal,10000,5,0.5,fresh_n,22,2026106722,,-1.0,6.257704449237527,False,26,inf,0.0,0.0,0.0,False,0.0,0.001,0.9482,0.0471,0.0037,0.0,0.0,-4.946521835577448,0.0117,117,0.9883,1.0465724751439036,9555,1,9144,0.1410274687981501,False,0.0040968339890241,47,archived_rho_0.5_unchanged,-11.204226284814975,False,ok,
6,Normal,10000,5,0.5,fresh_n,22,2026106722,,-1.0,6.257704449237527,False,27,inf,0.0,0.0,0.0,False,0.0,0.001,0.9561,0.0411,0.0018,0.0,0.0,-5.515633427471603,0.0081,81,0.9919,1.0372368011617052,9641,1,9303,0.1113230254059065,False,0.0040472919936291,47,archived_rho_0.5_unchanged,-11.77333787670913,False,ok,
6,Normal,10000,5,0.5,fresh_n,22,2026106722,,-1.0,6.257704449237527,False,28,inf,0.0,0.0,0.0,False,0.0,0.001,0.9608,0.0368,0.0014,0.0,0.0,-5.4744623524900975,0.0054,54,0.9946,1.030502885408079,9704,1,9420,0.0801051360845126,False,0.0039281659992411,47,archived_rho_0.5_unchanged,-11.732166801727624,False,ok,
6,Normal,10000,5,0.5,fresh_n,22,2026106722,,-1.0,6.257704449237527,False,29,inf,0.0,0.0,0.0,False,0.0,0.001,0.9706,0.0272,0.0012,0.0,0.0,-5.57826964912286,0.0054,54,0.9946,1.0274324463166546,9733,1,9476,0.0726148901630085,False,0.0039177919970825,47,archived_rho_0.5_unchanged,-11.835974098360387,False,ok,
6,Normal,10000,5,0.5,fresh_n,22,2026106722,,-1.0,6.257704449237527,False,30,inf,0.0,0.0,0.0,False,0.0,0.001,0.97,0.0284,0.0006,0.0,0.0,-5.737365908376667,0.0032,32,0.9968,1.0256410256410255,9750,1,9505,0.0595463532197845,False,0.0038700000150129,47,archived_rho_0.5_unchanged,-11.995070357614193,False,ok,
6,Normal,10000,5,0.5,fresh_n,22,2026106722,,-1.0,6.257704449237527,False,31,inf,0.0,0.0,0.0,False,0.0,0.001,0.9768,0.0219,0.0003,0.0,0.0,-5.827786770372939,0.0027,27,0.9973,1.0195758564437194,9808,1,9620,0.0446625814158932,False,0.0038094170158728,47,archived_rho_0.5_unchanged,-12.085491219610466,False,ok,
6,Normal,10000,5,0.5,fresh_n,22,2026106722,,-1.0,6.257704449237527,False,32,inf,0.0,0.0,0.0,False,0.0,0.001,0.9783,0.0205,0.0002,0.0,0.0,-5.713443767216834,0.0031,31,0.9969,1.0189525168127165,9814,1,9633,0.0473211109001728,False,0.0037940419861115,47,archived_rho_0.5_unchanged,-11.97114821645436,False,ok,
6,Normal,10000,5,0.5,fresh_n,22,2026106722,,-1.0,6.257704449237527,False,33,inf,0.0,0.0,0.0,False,0.0,0.001,0.9833,0.0155,0.0002,0.0,0.0,-7.105339454815427,0.0008,8,0.9992,1.0148163182463974,9854,1,9709,0.0310619232589624,False,0.0038244999595917,47,archived_rho_0.5_unchanged,-13.363043904052955,False,ok,
6,Normal,10000,5,0.5,fresh_n,22,2026106722,,-1.0,6.257704449237527,False,34,inf,0.0,0.0,0.0,False,0.0,0.001,0.9847,0.0141,0.0002,0.0,0.0,-6.805613239315833,0.0012,12,0.9988,1.012248203259439,9879,1,9759,0.0261819419265265,False,0.003741834021639,47,archived_rho_0.5_unchanged,-13.06331768855336,False,ok,
6,Normal,10000,5,0.5,fresh_n,22,2026106722,,-1.0,6.257704449237527,False,35,inf,0.0,0.0,0.0,False,0.0,0.001,0.9843,0.0146,0.0001,0.0,0.0,-6.2846338740448475,0.0007,7,0.9993,1.0118385105737124,9883,1,9766,0.0233999999999999,False,0.0037247499567456,47,archived_rho_0.5_unchanged,-12.542338323282374,False,ok,
6,Normal,10000,5,0.5,fresh_n,22,2026106722,,-1.0,6.257704449237527,False,36,inf,0.0,0.0,0.0,False,0.0,0.001,0.9879,0.011,0.0001,0.0,0.0,-6.3477413206818705,0.0009,9,0.9991,1.0091835704914724,9909,1,9819,0.0204959863842795,False,0.0037113340222276,47,archived_rho_0.5_unchanged,-12.605445769919397,False,ok,
6,Normal,10000,5,0.5,fresh_n,22,2026106722,,-1.0,6.257704449237527,False,37,inf,0.0,0.0,0.0,False,0.0,0.001,0.9895,0.0094,0.0001,0.0,0.0,-7.759574518825178,0.0005,5,0.9995,1.007658202337767,9924,1,9848,0.0152,False,0.0037065839860588,47,archived_rho_0.5_unchanged,-14.017278968062705,False,ok,
6,Normal,10000,5,0.5,fresh_n,22,2026106722,,-1.0,6.257704449237527,False,38,inf,0.0,0.0,0.0,False,0.0,0.001,0.9906,0.0084,0.0,0.0,0.0,-6.4518764506404755,0.0011,11,0.9989,1.0071507704703395,9929,1,9859,0.0159804942365218,False,0.0037010830128565,47,archived_rho_0.5_unchanged,-12.709580899878002,False,ok,
6,Normal,10000,5,0.5,fresh_n,22,2026106722,,-1.0,6.257704449237527,False,39,inf,0.0,0.0,0.0,False,0.0,0.001,0.992,0.0069,0.0001,0.0,0.0,-6.998812818530513,0.001,10,0.999,1.0060362173038229,9940,1,9882,0.0157271265637542,False,0.0036884999717585,47,archived_rho_0.5_unchanged,-13.25651726776804,False,ok,
6,Normal,10000,5,0.5,fresh_n,22,2026106722,,-1.0,6.257704449237527,False,40,inf,0.0,0.0,0.0,False,0.0,0.001,0.9924,0.0064,0.0002,0.0,0.0,-7.854281007142642,0.0002,2,0.9998,1.00664384940608,9934,1,9868,0.0132,False,0.0036773750325664,47,archived_rho_0.5_unchanged,-14.111985456380168,False,ok,
6,Normal,10000,5,0.5,fresh_n,23,2026106723,,-1.0,6.257704449237527,False,1,7.085562390503574,0.9977,0.9977,0.9963996399639964,True,0.9977,0.0023,0.0,0.0,0.0,0.0,0.0,7.0814675318366485,1.0,10000,0.0,10000.0,1,10000,0,1.0784907301877318,False,0.0044413750292733,47,archived_rho_0.5_unchanged,0.8237630825991218,False,ok,
6,Normal,10000,5,0.5,fresh_n,23,2026106723,,-1.0,6.257704449237527,False,2,6.158225226231316,0.9519,0.9519,0.9474947494749476,False,0.9519,0.0023,0.0,0.0,0.0458,0.0,0.0,6.1058123545032075,1.0,10000,0.0,312.5,32,128,0,1.353119359127292,False,0.00422579201404,47,archived_rho_0.5_unchanged,-0.1518920947343192,False,ok,
6,Normal,10000,5,0.5,fresh_n,23,2026106723,,-1.0,6.257704449237527,False,3,5.911250660429999,0.8981,0.895,0.8848230353929214,False,0.8981,0.0023,0.0028,0.0028,0.094,0.0,0.0,5.913861731697569,0.9968,9968,0.0031999999999999,93.45794392523364,107,1,18,1.4273868606423248,False,0.0040730419568717,47,archived_rho_0.5_unchanged,-0.34384271753995765,False,ok,
6,Normal,10000,5,0.5,fresh_n,23,2026106723,,-1.0,6.257704449237527,False,4,5.614143425275354,0.8267,0.8181,0.8002399520095981,False,0.8267,0.0023,0.0098,0.0104,0.1508,0.0,0.0,5.541201421330408,0.9856,9856,0.0143999999999999,35.587188612099645,281,1,75,1.6148596826683186,False,0.0043498749728314,47,archived_rho_0.5_unchanged,-0.7165030279071187,False,ok,
6,Normal,10000,5,0.5,fresh_n,23,2026106723,,-1.0,6.257704449237527,False,5,5.298648047588359,0.7253,0.7075,0.7020702070207021,False,0.7253,0.0023,0.0198,0.0176,0.235,0.0,0.0,5.125783808958045,0.9751,9751,0.0249,20.66115702479339,484,1,122,1.8799278344922168,False,0.0045070829801261,47,archived_rho_0.5_unchanged,-1.131920640279482,False,ok,
6,Normal,10000,5,0.5,fresh_n,23,2026106723,,-1.0,6.257704449237527,False,6,4.932955792499088,0.5996,0.5735,0.5671865626874625,False,0.5996,0.0023,0.0441,0.0305,0.3235,0.0,0.0,4.666692096009404,0.9478,9478,0.0522,12.15066828675577,823,1,300,2.1187315515260763,False,0.0047065000399015,47,archived_rho_0.5_unchanged,-1.5910123532281224,False,ok,
6,Normal,10000,5,0.5,fresh_n,23,2026106723,,-1.0,6.257704449237527,False,7,4.541122802708915,0.4705,0.4298,0.4130173965206958,False,0.4705,0.0023,0.0677,0.0489,0.4106,0.0,0.0,4.137839343292922,0.9144,9144,0.0856,8.149959250203748,1227,1,486,2.3357441572369484,False,0.0049287919537164,47,archived_rho_0.5_unchanged,-2.119865105944605,False,ok,
6,Normal,10000,5,0.5,fresh_n,23,2026106723,,-1.0,6.257704449237527,False,8,4.1371707809526095,0.3402,0.3001,0.2832283228322832,False,0.3402,0.0023,0.1048,0.0797,0.473,0.0,0.0,3.4557319710100844,0.8789,8789,0.1210999999999999,5.820721769499418,1718,1,733,2.6181883577346814,False,0.00527433300158,47,archived_rho_0.5_unchanged,-2.801972478227442,False,ok,
6,Normal,10000,5,0.5,fresh_n,23,2026106723,,-1.0,6.257704449237527,False,9,3.667645285647757,0.2322,0.1772,0.1737173717371737,False,0.2322,0.0023,0.1478,0.1023,0.5154,0.0,0.0,2.7825130524385586,0.8206,8206,0.1794,4.271678769756514,2341,1,1095,2.7522494688414407,False,0.0055121249752119,47,archived_rho_0.5_unchanged,-3.475191396798968,False,ok,
6,Normal,10000,5,0.5,fresh_n,23,2026106723,,-1.0,6.257704449237527,False,10,3.1549006728480435,0.1433,0.0896,0.0888088808880888,False,0.1433,0.0023,0.2098,0.1348,0.5098,0.0,0.0,2.013163291068781,0.7455,7455,0.2544999999999999,3.2658393207054215,3062,1,1547,2.823036800738159,False,0.0059302920126356,47,archived_rho_0.5_unchanged,-4.2445411581687456,False,ok,
6,Normal,10000,5,0.5,fresh_n,23,2026106723,,-1.0,6.257704449237527,False,11,2.6956462475881184,0.084,0.0298,0.0252025202520252,False,0.084,0.0023,0.28,0.1593,0.4744,0.0,0.0,1.3027576023314171,0.6771,6771,0.3228999999999999,2.6888948642108095,3719,1,2006,2.900235814273558,False,0.0061155409784987,47,archived_rho_0.5_unchanged,-4.954946846906109,False,ok,
6,Normal,10000,5,0.5,fresh_n,23,2026106723,,-1.0,6.257704449237527,False,12,2.041385363646008,0.0471,0.0072,0.0054005400540054,False,0.0471,0.0023,0.3506,0.1974,0.4026,0.0,0.0,0.4826203866101516,0.5933,5933,0.4066999999999999,2.233638597274961,4477,1,2613,2.7862660146185996,False,0.0062906670500524,47,archived_rho_0.5_unchanged,-5.775084062627375,False,ok,
6,Normal,10000,5,0.5,fresh_n,23,2026106723,,-1.0,6.257704449237527,False,13,1.715647417405698,0.0236,0.001,0.0008998200359928,False,0.0236,0.0023,0.4319,0.2121,0.3301,0.0,0.0,-0.2307297266881327,0.4975,4975,0.5025,1.9301293186643504,5181,1,3191,2.5783579194350694,False,0.0063593750237487,47,archived_rho_0.5_unchanged,-6.48843417592566,False,ok,
6,Normal,10000,5,0.5,fresh_n,23,2026106723,,-1.0,6.257704449237527,False,14,0.9707601360150788,0.0114,0.0,0.0,False,0.0114,0.0023,0.506,0.2338,0.2465,0.0,0.0,-0.9850858037598338,0.4112,4112,0.5888,1.6886187098953056,5922,1,3944,2.317434131724837,False,0.0063067089649848,47,archived_rho_0.5_unchanged,-7.24279025299736,False,ok,
6,Normal,10000,5,0.5,fresh_n,23,2026106723,,-1.0,6.257704449237527,False,15,0.3334326609996416,0.0047,0.0,0.0,False,0.0047,0.0023,0.5924,0.2242,0.1764,0.0,0.0,-1.5684819552400169,0.3175,3175,0.6825,1.523229246001523,6565,1,4635,1.957833597244997,False,0.0061712500173598,47,archived_rho_0.5_unchanged,-7.826186404477544,False,ok,
6,Normal,10000,5,0.5,fresh_n,23,2026106723,,-1.0,6.257704449237527,False,16,0.0575891193818715,0.0028,0.0,0.0,False,0.0028,0.0023,0.6479,0.2257,0.1213,0.0,0.0,-2.221789766642571,0.2477,2477,0.7523,1.4054813773717498,7115,1,5296,1.6901765761670429,False,0.0059744589962065,47,archived_rho_0.5_unchanged,-8.479494215880099,False,ok,
6,Normal,10000,5,0.5,fresh_n,23,2026106723,,-1.0,6.257704449237527,False,17,-0.4869950733847877,0.0009,0.0,0.0,False,0.0009,0.0023,0.7149,0.2019,0.08,0.0,0.0,-2.6307554563313773,0.1815,1815,0.8185,1.3092432573972244,7638,1,6016,1.3201878549537616,False,0.0056994170299731,47,archived_rho_0.5_unchanged,-8.888459905568904,False,ok,
6,Normal,10000,5,0.5,fresh_n,23,2026106723,,-1.0,6.257704449237527,False,18,-0.8219724734395165,0.0006,0.0,0.0,False,0.0006,0.0023,0.7694,0.1759,0.0518,0.0,0.0,-3.006734834725436,0.1297,1297,0.8703,1.2393109431156275,8069,1,6636,1.0103328889923129,False,0.0054381670197471,47,archived_rho_0.5_unchanged,-9.264439283962963,False,ok,
6,Normal,10000,5,0.5,fresh_n,23,2026106723,,-1.0,6.257704449237527,False,19,-0.1430362083407863,0.0001,0.0,0.0,False,0.0001,0.0023,0.8141,0.1482,0.0353,0.0,0.0,-3.427690573460788,0.091,910,0.909,1.1862396204033214,8430,1,7189,0.7636987107114532,False,0.0052040420123375,47,archived_rho_0.5_unchanged,-9.685395022698314,False,ok,
6,Normal,10000,5,0.5,fresh_n,23,2026106723,,-1.0,6.257704449237527,False,20,-2.0167056205355127,0.0003,0.0,0.0,False,0.0003,0.0023,0.8439,0.1329,0.0206,0.0,0.0,-3.666201615859875,0.0543,543,0.9457,1.1411617026132603,8763,1,7709,0.5148620397202903,False,0.0049492079997435,47,archived_rho_0.5_unchanged,-9.923906065097402,False,ok,
6,Normal,10000,5,0.5,fresh_n,23,2026106723,,-1.0,6.257704449237527,False,21,-2.3465330510665097,0.0001,0.0,0.0,False,0.0001,0.0023,0.8761,0.1053,0.0162,0.0,0.0,-4.116980239903307,0.0448,448,0.9552,1.1208249271463795,8922,1,7987,0.4573404856538696,False,0.0047751659876666,47,archived_rho_0.5_unchanged,-10.374684689140834,False,ok,
6,Normal,10000,5,0.5,fresh_n,23,2026106723,,-1.0,6.257704449237527,False,22,inf,0.0,0.0,0.0,False,0.0,0.0023,0.8949,0.0933,0.0095,0.0,0.0,-4.377385239792325,0.0254,254,0.9746,1.0932546190007653,9147,1,8371,0.2948034332834766,False,0.0046163750230334,47,archived_rho_0.5_unchanged,-10.63508968902985,False,ok,
6,Normal,10000,5,0.5,fresh_n,23,2026106723,,-1.0,6.257704449237527,False,23,inf,0.0,0.0,0.0,False,0.0,0.0023,0.9125,0.0778,0.0074,0.0,0.0,-4.774141774540693,0.0229,229,0.9771,1.0757314974182444,9296,1,8656,0.2518812569577419,False,0.0044134589843451,47,archived_rho_0.5_unchanged,-11.03184622377822,False,ok,
6,Normal,10000,5,0.5,fresh_n,23,2026106723,,-1.0,6.257704449237527,False,24,inf,0.0,0.0,0.0,False,0.0,0.0023,0.9321,0.0616,0.004,0.0,0.0,-4.588418927432606,0.0132,132,0.9868,1.0607828577490188,9427,1,8890,0.1718602043323419,False,0.0042572920210659,47,archived_rho_0.5_unchanged,-10.846123376670132,False,ok,
6,Normal,10000,5,0.5,fresh_n,23,2026106723,,-1.0,6.257704449237527,False,25,inf,0.0,0.0,0.0,False,0.0,0.0023,0.9413,0.0542,0.0022,0.0,0.0,-5.171580186369056,0.0132,132,0.9868,1.0510826150935464,9514,1,9064,0.162535842985891,False,0.0041862499783746,47,archived_rho_0.5_unchanged,-11.429284635606582,False,ok,
6,Normal,10000,5,0.5,fresh_n,23,2026106723,,-1.0,6.257704449237527,False,26,inf,0.0,0.0,0.0,False,0.0,0.0023,0.9506,0.045,0.0021,0.0,0.0,-5.026661094432501,0.0067,67,0.9933,1.0395010395010396,9620,1,9258,0.1080667992274027,False,0.0040361250285059,47,archived_rho_0.5_unchanged,-11.284365543670027,False,ok,
6,Normal,10000,5,0.5,fresh_n,23,2026106723,,-1.0,6.257704449237527,False,27,inf,0.0,0.0,0.0,False,0.0,0.0023,0.9607,0.0359,0.0011,0.0,0.0,-5.085983943873226,0.0063,63,0.9937,1.0354110581901017,9658,1,9330,0.0900155650168401,False,0.003997083986178,47,archived_rho_0.5_unchanged,-11.343688393110753,False,ok,
6,Normal,10000,5,0.5,fresh_n,23,2026106723,,-1.0,6.257704449237527,False,28,inf,0.0,0.0,0.0,False,0.0,0.0023,0.9633,0.0333,0.0011,0.0,0.0,-5.298141041336755,0.006,60,0.994,1.0318852543597152,9691,1,9394,0.0860229282232313,False,0.0040240840171463,47,archived_rho_0.5_unchanged,-11.555845490574281,False,ok,
6,Normal,10000,5,0.5,fresh_n,23,2026106723,,-1.0,6.257704449237527,False,29,inf,0.0,0.0,0.0,False,0.0,0.0023,0.9736,0.0235,0.0006,0.0,0.0,-5.471417266447002,0.0035,35,0.9965,1.0228086325048584,9777,1,9560,0.0570165406416218,False,0.0038810829864814,47,archived_rho_0.5_unchanged,-11.729121715684528,False,ok,
6,Normal,10000,5,0.5,fresh_n,23,2026106723,,-1.0,6.257704449237527,False,30,inf,0.0,0.0,0.0,False,0.0,0.0023,0.9729,0.024,0.0008,0.0,0.0,-6.425778980591733,0.003,30,0.997,1.0211375472276116,9793,1,9590,0.0487865086672096,False,0.0038281249580904,47,archived_rho_0.5_unchanged,-12.68348342982926,False,ok,
6,Normal,10000,5,0.5,fresh_n,23,2026106723,,-1.0,6.257704449237527,False,31,inf,0.0,0.0,0.0,False,0.0,0.0023,0.9801,0.0172,0.0004,0.0,0.0,-5.859261640527613,0.0028,28,0.9972,1.015950421619425,9843,1,9691,0.0405601085732569,False,0.0037880000309087,47,archived_rho_0.5_unchanged,-12.116966089765139,False,ok,
6,Normal,10000,5,0.5,fresh_n,23,2026106723,,-1.0,6.257704449237527,False,32,inf,0.0,0.0,0.0,False,0.0,0.0023,0.9791,0.0184,0.0002,0.0,0.0,-5.286718142418952,0.0011,11,0.9989,1.0158472165786263,9844,1,9688,0.0311999999999999,False,0.0037679590168409,47,archived_rho_0.5_unchanged,-11.544422591656478,False,ok,
6,Normal,10000,5,0.5,fresh_n,23,2026106723,,-1.0,6.257704449237527,False,33,inf,0.0,0.0,0.0,False,0.0,0.0023,0.985,0.0125,0.0002,0.0,0.0,-6.229788596175962,0.0014,14,0.9986,1.0121457489878545,9880,1,9761,0.0258766658719974,False,0.0037568749976344,47,archived_rho_0.5_unchanged,-12.487493045413489,False,ok,
6,Normal,10000,5,0.5,fresh_n,23,2026106723,,-1.0,6.257704449237527,False,34,inf,0.0,0.0,0.0,False,0.0,0.0023,0.984,0.0135,0.0002,0.0,0.0,-5.551845878563107,0.0006,6,0.9994,1.0107135637760258,9894,1,9789,0.022973464824069,False,0.0037172500160522,47,archived_rho_0.5_unchanged,-11.809550327800633,False,ok,
6,Normal,10000,5,0.5,fresh_n,23,2026106723,,-1.0,6.257704449237527,False,35,inf,0.0,0.0,0.0,False,0.0,0.0023,0.9872,0.0102,0.0003,0.0,0.0,-8.727412699038029,0.0003,3,0.9997,1.008979921299566,9911,1,9822,0.0178,False,0.0037096249870955,47,archived_rho_0.5_unchanged,-14.985117148275556,False,ok,
6,Normal,10000,5,0.5,fresh_n,23,2026106723,,-1.0,6.257704449237527,False,36,inf,0.0,0.0,0.0,False,0.0,0.0023,0.9889,0.0088,0.0,0.0,0.0,-6.293069195380484,0.0005,5,0.9995,1.0080645161290325,9920,1,9841,0.0177709390163686,False,0.003681875008624,47,archived_rho_0.5_unchanged,-12.550773644618012,False,ok,
6,Normal,10000,5,0.5,fresh_n,23,2026106723,,-1.0,6.257704449237527,False,37,inf,0.0,0.0,0.0,False,0.0,0.0023,0.9888,0.0088,0.0001,0.0,0.0,-6.772239784262699,0.0009,9,0.9991,1.0073536818777074,9927,1,9856,0.0183123803746712,False,0.0036784580443054,47,archived_rho_0.5_unchanged,-13.029944233500226,False,ok,
6,Normal,10000,5,0.5,fresh_n,23,2026106723,,-1.0,6.257704449237527,False,38,inf,0.0,0.0,0.0,False,0.0,0.0023,0.9917,0.006,0.0,0.0,0.0,-6.854861924981288,0.0002,2,0.9998,1.0062386798148522,9938,1,9876,0.0124,False,0.0037160000065341,47,archived_rho_0.5_unchanged,-13.112566374218815,False,ok,
6,Normal,10000,5,0.5,fresh_n,23,2026106723,,-1.0,6.257704449237527,False,39,inf,0.0,0.0,0.0,False,0.0,0.0023,0.9899,0.0077,0.0001,0.0,0.0,-6.255540159348743,0.0003,3,0.9997,1.004621257785815,9954,1,9908,0.0092,False,0.0036591669777408,47,archived_rho_0.5_unchanged,-12.51324460858627,False,ok,
6,Normal,10000,5,0.5,fresh_n,23,2026106723,,-1.0,6.257704449237527,False,40,inf,0.0,0.0,0.0,False,0.0,0.0023,0.9922,0.0055,0.0,0.0,0.0,-4.4590384740247995,0.0004,4,0.9996,1.004823151125402,9952,1,9904,0.0096,False,0.0036655000294558,47,archived_rho_0.5_unchanged,-10.716742923262327,False,ok,
6,Normal,10000,5,0.5,fresh_n,24,2026106724,,-1.0,6.257704449237527,False,1,7.09664959442056,0.9985,0.9985,0.997899789978998,True,0.9985,0.0015,0.0,0.0,0.0,0.0,0.0,7.089722359787194,1.0,10000,0.0,10000.0,1,10000,0,1.080554067883736,False,0.0044907080009579,47,archived_rho_0.5_unchanged,0.8320179105496672,False,ok,
6,Normal,10000,5,0.5,fresh_n,24,2026106724,,-1.0,6.257704449237527,False,2,6.180199081437906,0.9525,0.9525,0.9493101379724056,False,0.9525,0.0015,0.0,0.0,0.046,0.0,0.0,6.115225420667038,1.0,10000,0.0,312.5,32,99,0,1.3466695970026594,False,0.0041837089811451,47,archived_rho_0.5_unchanged,-0.14247902857048889,False,ok,
6,Normal,10000,5,0.5,fresh_n,24,2026106724,,-1.0,6.257704449237527,False,3,5.942248062377006,0.9078,0.905,0.9015901590159016,False,0.9078,0.0015,0.004,0.002,0.0847,0.0,0.0,5.954770386361282,0.9976,9976,0.0023999999999999,101.010101010101,99,1,16,1.4099752276158677,False,0.004190917010419,47,archived_rho_0.5_unchanged,-0.30293406287624425,False,ok,
6,Normal,10000,5,0.5,fresh_n,24,2026106724,,-1.0,6.257704449237527,False,4,5.656453222719563,0.8382,0.8312,0.8283828382838284,False,0.8382,0.0015,0.0108,0.0074,0.1421,0.0,0.0,5.594536944445161,0.983,9830,0.017,37.735849056603776,265,1,57,1.5755468156604755,False,0.0043422080343589,47,archived_rho_0.5_unchanged,-0.6631675047923657,False,ok,
6,Normal,10000,5,0.5,fresh_n,24,2026106724,,-1.0,6.257704449237527,False,5,5.327431158330263,0.7327,0.7179,0.711971197119712,False,0.7327,0.0015,0.0211,0.0186,0.2261,0.0,0.0,5.199434832661884,0.9758,9758,0.0242,22.831050228310502,438,1,109,1.82000133562993,False,0.0045656249858438,47,archived_rho_0.5_unchanged,-1.0582696165756422,False,ok,
6,Normal,10000,5,0.5,fresh_n,24,2026106724,,-1.0,6.257704449237527,False,6,4.970127529003967,0.6226,0.5987,0.5898589858985899,False,0.6226,0.0015,0.0378,0.0284,0.3097,0.0,0.0,4.769871409572705,0.9563,9563,0.0436999999999999,13.79310344827586,725,1,238,2.0581017544731344,False,0.0048641660250723,47,archived_rho_0.5_unchanged,-1.4878330396648218,False,ok,
6,Normal,10000,5,0.5,fresh_n,24,2026106724,,-1.0,6.257704449237527,False,7,4.615329196370649,0.4945,0.4588,0.4482448244824482,False,0.4945,0.0015,0.061,0.0476,0.3954,0.0,0.0,4.237484724071632,0.925,9250,0.0749999999999999,8.94454382826476,1118,1,425,2.286883767499377,False,0.0049737920053303,47,archived_rho_0.5_unchanged,-2.0202197251658944,False,ok,
6,Normal,10000,5,0.5,fresh_n,24,2026106724,,-1.0,6.257704449237527,False,8,4.204322193014552,0.3625,0.323,0.3156315631563156,False,0.3625,0.0015,0.0984,0.0687,0.4689,0.0,0.0,3.622598698244934,0.8897,8897,0.1102999999999999,6.285355122564425,1591,1,670,2.5580060698860674,False,0.0053600409883074,47,archived_rho_0.5_unchanged,-2.635105750992593,False,ok,
6,Normal,10000,5,0.5,fresh_n,24,2026106724,,-1.0,6.257704449237527,False,9,3.756763720625261,0.2552,0.1998,0.1908190819081908,False,0.2552,0.0015,0.1358,0.1112,0.4963,0.0,0.0,2.960653858578561,0.8401,8401,0.1599,4.688232536333802,2133,1,936,2.740945007038304,False,0.0056047500111162,47,archived_rho_0.5_unchanged,-3.2970505906589658,False,ok,
6,Normal,10000,5,0.5,fresh_n,24,2026106724,,-1.0,6.257704449237527,False,10,3.3360447805853304,0.1697,0.1089,0.1014101410141014,False,0.1697,0.0015,0.1939,0.1239,0.511,0.0,0.0,2.235510807668152,0.7722,7722,0.2278,3.5473572188719404,2819,1,1383,2.8413935246880953,False,0.0058576670126058,47,archived_rho_0.5_unchanged,-4.022193641569375,False,ok,
6,Normal,10000,5,0.5,fresh_n,24,2026106724,,-1.0,6.257704449237527,False,11,2.761682077367355,0.0984,0.0481,0.0426042604260426,False,0.0984,0.0015,0.2606,0.155,0.4845,0.0,0.0,1.5387100386590762,0.7033,7033,0.2966999999999999,2.86697247706422,3488,1,1850,2.8547916564169755,False,0.0061902909656055,47,archived_rho_0.5_unchanged,-4.718994410578451,False,ok,
6,Normal,10000,5,0.5,fresh_n,24,2026106724,,-1.0,6.257704449237527,False,12,2.295852148535414,0.0597,0.0154,0.0129012901290129,False,0.0597,0.0015,0.3339,0.1802,0.4247,0.0,0.0,0.7812370340476679,0.6277,6277,0.3722999999999999,2.407318247472316,4154,1,2300,2.827676734060195,False,0.0066195839899592,47,archived_rho_0.5_unchanged,-5.476467415189859,False,ok,
6,Normal,10000,5,0.5,fresh_n,24,2026106724,,-1.0,6.257704449237527,False,13,1.7115524872220198,0.029,0.002,0.0012001200120012,False,0.029,0.0015,0.4043,0.2152,0.35,0.0,0.0,0.0792271060436767,0.5268,5268,0.4731999999999999,2.025931928687196,4936,1,2984,2.6190254195846596,False,0.0065230420441366,47,archived_rho_0.5_unchanged,-6.17847734319385,False,ok,
6,Normal,10000,5,0.5,fresh_n,24,2026106724,,-1.0,6.257704449237527,False,14,1.391239274074707,0.0155,0.0005,0.0,False,0.0155,0.0015,0.4834,0.223,0.2766,0.0,0.0,-0.6608702616699347,0.4559,4559,0.5441,1.793400286944046,5576,1,3594,2.489050819241589,False,0.0065248750033788,47,archived_rho_0.5_unchanged,-6.918574710907461,False,ok,
6,Normal,10000,5,0.5,fresh_n,24,2026106724,,-1.0,6.257704449237527,False,15,0.7734779975542987,0.0068,0.0,0.0,False,0.0068,0.0015,0.5599,0.2358,0.196,0.0,0.0,-1.212943976413532,0.3537,3537,0.6463,1.6007683688170322,6247,1,4258,2.061128773362139,False,0.0064712919993326,47,archived_rho_0.5_unchanged,-7.470648425651058,False,ok,
6,Normal,10000,5,0.5,fresh_n,24,2026106724,,-1.0,6.257704449237527,False,16,0.1926682315220939,0.0041,0.0,0.0,False,0.0041,0.0015,0.6286,0.2187,0.1471,0.0,0.0,-1.8346032867252329,0.2829,2829,0.7171000000000001,1.4604936468526362,6847,1,5003,1.8289727961594284,False,0.0062018749886192,47,archived_rho_0.5_unchanged,-8.092307735962759,False,ok,
6,Normal,10000,5,0.5,fresh_n,24,2026106724,,-1.0,6.257704449237527,False,17,-0.4159651553669458,0.0021,0.0,0.0,False,0.0021,0.0015,0.69,0.2065,0.0999,0.0,0.0,-2.29146389858662,0.2099,2099,0.7901,1.352447930754666,7394,1,5687,1.4449340138743505,False,0.005989583034534,47,archived_rho_0.5_unchanged,-8.549168347824146,False,ok,
6,Normal,10000,5,0.5,fresh_n,24,2026106724,,-1.0,6.257704449237527,False,18,-0.5006807483081313,0.001,0.0,0.0,False,0.001,0.0015,0.7399,0.1852,0.0724,0.0,0.0,-2.63593125746941,0.1625,1625,0.8375,1.2840267077555214,7788,1,6237,1.1840864344936,False,0.0057315420126542,47,archived_rho_0.5_unchanged,-8.893635706706936,False,ok,
6,Normal,10000,5,0.5,fresh_n,24,2026106724,,-1.0,6.257704449237527,False,19,-1.3199565278702747,0.0005,0.0,0.0,False,0.0005,0.0015,0.7957,0.1566,0.0457,0.0,0.0,-3.313909378050824,0.1086,1086,0.8914,1.2208521548040532,8191,1,6776,0.9184857637066324,False,0.0056055409950204,47,archived_rho_0.5_unchanged,-9.57161382728835,False,ok,
6,Normal,10000,5,0.5,fresh_n,24,2026106724,,-1.0,6.257704449237527,False,20,-0.5642419167590623,0.0004,0.0,0.0,False,0.0004,0.0015,0.8301,0.1356,0.0324,0.0,0.0,-3.4934073211809427,0.0831,831,0.9169,1.166861143523921,8570,1,7440,0.7141577884556205,False,0.0052613329607993,47,archived_rho_0.5_unchanged,-9.751111770418468,False,ok,
6,Normal,10000,5,0.5,fresh_n,24,2026106724,,-1.0,6.257704449237527,False,21,-3.578341254769809,0.0001,0.0,0.0,False,0.0001,0.0015,0.8657,0.1145,0.0182,0.0,0.0,-3.907153818706896,0.0582,582,0.9418,1.1367511651699442,8797,1,7792,0.5396876001185547,False,0.0051129159983247,47,archived_rho_0.5_unchanged,-10.164858267944423,False,ok,
6,Normal,10000,5,0.5,fresh_n,24,2026106724,,-1.0,6.257704449237527,False,22,inf,0.0,0.0,0.0,False,0.0,0.0015,0.8798,0.1052,0.0135,0.0,0.0,-4.197377657718804,0.0448,448,0.9552,1.1122233344455568,8991,1,8130,0.4354274573940583,False,0.0047542079701088,47,archived_rho_0.5_unchanged,-10.455082106956331,False,ok,
6,Normal,10000,5,0.5,fresh_n,24,2026106724,,-1.0,6.257704449237527,False,23,-3.578341254769809,0.0001,0.0,0.0,False,0.0001,0.0015,0.9047,0.0849,0.0088,0.0,0.0,-4.213970077172578,0.0263,263,0.9737,1.090037061260083,9174,1,8428,0.2942481644725115,False,0.0048384590190835,47,archived_rho_0.5_unchanged,-10.471674526410105,False,ok,
6,Normal,10000,5,0.5,fresh_n,24,2026106724,,-1.0,6.257704449237527,False,24,inf,0.0,0.0,0.0,False,0.0,0.0015,0.9217,0.0714,0.0054,0.0,0.0,-4.450954427646869,0.0199,199,0.9801,1.0718113612004287,9330,1,8724,0.2258491374943549,False,0.0044770420063287,47,archived_rho_0.5_unchanged,-10.708658876884396,False,ok,
6,Normal,10000,5,0.5,fresh_n,24,2026106724,,-1.0,6.257704449237527,False,25,inf,0.0,0.0,0.0,False,0.0,0.0015,0.9311,0.0623,0.0051,0.0,0.0,-5.114257695761322,0.0132,132,0.9868,1.0599957600169598,9434,1,8902,0.1726152414348898,False,0.0043624170357361,47,archived_rho_0.5_unchanged,-11.371962144998848,False,ok,
6,Normal,10000,5,0.5,fresh_n,24,2026106724,,-1.0,6.257704449237527,False,26,-3.423401965996681,0.0001,0.0,0.0,False,0.0001,0.0015,0.944,0.0518,0.0026,0.0,0.0,-4.984425445538546,0.0093,93,0.9907,1.0525207872855489,9501,1,9027,0.1366897372455654,False,0.0043264160049147,47,archived_rho_0.5_unchanged,-11.242129894776074,False,ok,
6,Normal,10000,5,0.5,fresh_n,24,2026106724,,-1.0,6.257704449237527,False,27,inf,0.0,0.0,0.0,False,0.0,0.0015,0.9506,0.0461,0.0018,0.0,0.0,-5.080829838796872,0.0076,76,0.9924,1.0404744563520965,9611,1,9245,0.1188074146707046,False,0.0041853750008158,47,archived_rho_0.5_unchanged,-11.338534288034399,False,ok,
6,Normal,10000,5,0.5,fresh_n,24,2026106724,,-1.0,6.257704449237527,False,28,inf,0.0,0.0,0.0,False,0.0,0.0015,0.959,0.0369,0.0026,0.0,0.0,-4.99976963534922,0.0052,52,0.9948,1.03498240529911,9662,1,9338,0.0897557885005311,False,0.0040609159623272,47,archived_rho_0.5_unchanged,-11.257474084586747,False,ok,
6,Normal,10000,5,0.5,fresh_n,24,2026106724,,-1.0,6.257704449237527,False,29,inf,0.0,0.0,0.0,False,0.0,0.0015,0.9649,0.0316,0.002,0.0,0.0,-6.218748741308471,0.0051,51,0.9949,1.0294420424130122,9714,1,9440,0.081905423770586,False,0.0039774589822627,47,archived_rho_0.5_unchanged,-12.476453190545998,False,ok,
6,Normal,10000,5,0.5,fresh_n,24,2026106724,,-1.0,6.257704449237527,False,30,inf,0.0,0.0,0.0,False,0.0,0.0015,0.973,0.0247,0.0008,0.0,0.0,-5.666087819793289,0.0036,36,0.9964,1.024485196188915,9761,1,9529,0.060335641508678,False,0.0038827079697512,47,archived_rho_0.5_unchanged,-11.923792269030816,False,ok,
6,Normal,10000,5,0.5,fresh_n,24,2026106724,,-1.0,6.257704449237527,False,31,inf,0.0,0.0,0.0,False,0.0,0.0015,0.9752,0.0228,0.0005,0.0,0.0,-6.041250594514095,0.002,20,0.998,1.019367991845056,9810,1,9623,0.0442040576242519,False,0.0040437090210616,47,archived_rho_0.5_unchanged,-12.298955043751622,False,ok,
6,Normal,10000,5,0.5,fresh_n,24,2026106724,,-1.0,6.257704449237527,False,32,inf,0.0,0.0,0.0,False,0.0,0.0015,0.977,0.021,0.0005,0.0,0.0,-5.453236341184496,0.0032,32,0.9968,1.0185373803218578,9818,1,9643,0.0499487306095288,False,0.0039172089891508,47,archived_rho_0.5_unchanged,-11.710940790422022,False,ok,
6,Normal,10000,5,0.5,fresh_n,24,2026106724,,-1.0,6.257704449237527,False,33,inf,0.0,0.0,0.0,False,0.0,0.0015,0.981,0.017,0.0005,0.0,0.0,-8.539414478689345,0.0012,12,0.9988,1.015228426395939,9850,1,9700,0.0299999999999999,False,0.0038855000166222,47,archived_rho_0.5_unchanged,-14.79711892792687,False,ok,
6,Normal,10000,5,0.5,fresh_n,24,2026106724,,-1.0,6.257704449237527,False,34,inf,0.0,0.0,0.0,False,0.0,0.0015,0.9841,0.0142,0.0002,0.0,0.0,-4.9276925993921905,0.0009,9,0.9991,1.0135819987837016,9866,1,9732,0.0267999999999999,False,0.0038209999911487,47,archived_rho_0.5_unchanged,-11.185397048629717,False,ok,
6,Normal,10000,5,0.5,fresh_n,24,2026106724,,-1.0,6.257704449237527,False,35,inf,0.0,0.0,0.0,False,0.0,0.0015,0.9849,0.0136,0.0,0.0,0.0,-7.71391134071368,0.0011,11,0.9989,1.0116337885685385,9885,1,9772,0.0267481521326349,False,0.003940416034311,47,archived_rho_0.5_unchanged,-13.971615789951207,False,ok,
6,Normal,10000,5,0.5,fresh_n,24,2026106724,,-1.0,6.257704449237527,False,36,inf,0.0,0.0,0.0,False,0.0,0.0015,0.9864,0.0121,0.0,0.0,0.0,-5.977417930637953,0.0015,15,0.9985,1.010815728292732,9893,1,9789,0.0272475306719005,False,0.0038189580081962,47,archived_rho_0.5_unchanged,-12.235122379875481,False,ok,
6,Normal,10000,5,0.5,fresh_n,24,2026106724,,-1.0,6.257704449237527,False,37,inf,0.0,0.0,0.0,False,0.0,0.0015,0.9909,0.0075,0.0001,0.0,0.0,-6.276152221744491,0.0008,8,0.9992,1.0088781275221954,9912,1,9824,0.0176,False,0.0038014159654267,47,archived_rho_0.5_unchanged,-12.533856670982018,False,ok,
6,Normal,10000,5,0.5,fresh_n,24,2026106724,,-1.0,6.257704449237527,False,38,inf,0.0,0.0,0.0,False,0.0,0.0015,0.9873,0.0111,0.0001,0.0,0.0,-8.109484372879644,0.0006,6,0.9994,1.0097950116126426,9903,1,9806,0.0194,False,0.0038074170006439,47,archived_rho_0.5_unchanged,-14.367188822117171,False,ok,
6,Normal,10000,5,0.5,fresh_n,24,2026106724,,-1.0,6.257704449237527,False,39,inf,0.0,0.0,0.0,False,0.0,0.0015,0.9911,0.0073,0.0001,0.0,0.0,-8.177537000527815,0.0006,6,0.9994,1.0060362173038229,9940,1,9881,0.0144206226816025,False,0.0038114170311018,47,archived_rho_0.5_unchanged,-14.435241449765343,False,ok,
6,Normal,10000,5,0.5,fresh_n,24,2026106724,,-1.0,6.257704449237527,False,40,inf,0.0,0.0,0.0,False,0.0,0.0015,0.9923,0.0062,0.0,0.0,0.0,-8.68544930420413,0.0004,4,0.9996,1.0064412238325282,9936,1,9872,0.0128,False,0.0038195410161279,47,archived_rho_0.5_unchanged,-14.943153753441656,False,ok,
6,Normal,10000,5,0.5,fresh_n,25,2026106725,,-1.0,6.257704449237527,False,1,7.079015706112627,0.9986,0.9986,0.9972997299729972,True,0.9986,0.0014,0.0,0.0,0.0,0.0,0.0,7.063203792468661,1.0,10000,0.0,10000.0,1,10000,0,1.081284590811012,False,0.0045955419773235,47,archived_rho_0.5_unchanged,0.8054993432311344,False,ok,
6,Normal,10000,5,0.5,fresh_n,25,2026106725,,-1.0,6.257704449237527,False,2,6.146533441964019,0.9537,0.9537,0.948994899489949,False,0.9537,0.0014,0.0,0.0,0.0449,0.0,0.0,6.092747795124358,1.0,10000,0.0,312.5,32,51,0,1.3403844425266287,False,0.0044992910115979,47,archived_rho_0.5_unchanged,-0.16495665411316907,False,ok,
6,Normal,10000,5,0.5,fresh_n,25,2026106725,,-1.0,6.257704449237527,False,3,5.9401310421035465,0.9106,0.9081,0.9052189562087584,False,0.9106,0.0014,0.0035,0.0023,0.0822,0.0,0.0,5.932094184074888,0.9961,9961,0.0039,93.45794392523364,107,1,17,1.40952888359666,False,0.0043522909982129,47,archived_rho_0.5_unchanged,-0.3256102651626387,False,ok,
6,Normal,10000,5,0.5,fresh_n,25,2026106725,,-1.0,6.257704449237527,False,4,5.652303265306939,0.8438,0.835,0.8298829882988299,False,0.8438,0.0014,0.0081,0.0112,0.1355,0.0,0.0,5.555722216309842,0.9889,9889,0.0110999999999999,40.32258064516129,248,1,55,1.5887639376624356,False,0.0044357909937389,47,archived_rho_0.5_unchanged,-0.7019822329276844,False,ok,
6,Normal,10000,5,0.5,fresh_n,25,2026106725,,-1.0,6.257704449237527,False,5,5.366765255424714,0.7439,0.7299,0.7227722772277227,False,0.7439,0.0014,0.0175,0.0208,0.2164,0.0,0.0,5.194908530515168,0.9762,9762,0.0238,22.026431718061673,454,1,133,1.8477665763904496,False,0.0047337090363726,47,archived_rho_0.5_unchanged,-1.062795918722359,False,ok,
6,Normal,10000,5,0.5,fresh_n,25,2026106725,,-1.0,6.257704449237527,False,6,5.000199525853917,0.6309,0.6048,0.594059405940594,False,0.6309,0.0014,0.039,0.0312,0.2975,0.0,0.0,4.733045497063004,0.9516,9516,0.0484,13.35113484646195,749,1,247,2.0365744770133203,False,0.0048035419895313,47,archived_rho_0.5_unchanged,-1.5246589521745229,False,ok,
6,Normal,10000,5,0.5,fresh_n,25,2026106725,,-1.0,6.257704449237527,False,7,4.634313783829684,0.4885,0.4589,0.4569456945694569,False,0.4885,0.0014,0.0597,0.0418,0.4086,0.0,0.0,4.224675920120242,0.9294,9294,0.0706,9.1324200913242,1095,1,383,2.3617193371978313,False,0.0049647910054773,47,archived_rho_0.5_unchanged,-2.033028529117285,False,ok,
6,Normal,10000,5,0.5,fresh_n,25,2026106725,,-1.0,6.257704449237527,False,8,4.248987949969966,0.3759,0.3336,0.33003300330033,False,0.3759,0.0014,0.0971,0.0637,0.4619,0.0,0.0,3.6032283746537375,0.8839,8839,0.1160999999999999,6.195786864931846,1614,1,671,2.5394114200057283,False,0.0053102090023458,47,archived_rho_0.5_unchanged,-2.654476074583789,False,ok,
6,Normal,10000,5,0.5,fresh_n,25,2026106725,,-1.0,6.257704449237527,False,9,3.814843244193822,0.2623,0.2093,0.2046204620462046,False,0.2623,0.0014,0.1375,0.0952,0.5036,0.0,0.0,2.9132048487524975,0.8348,8348,0.1652,4.5892611289582375,2179,1,988,2.7024445812877422,False,0.0056264580343849,47,archived_rho_0.5_unchanged,-3.344499600485029,False,ok,
6,Normal,10000,5,0.5,fresh_n,25,2026106725,,-1.0,6.257704449237527,False,10,3.384578378858676,0.1705,0.1149,0.1047104710471047,False,0.1705,0.0014,0.1922,0.1292,0.5067,0.0,0.0,2.2395529308369304,0.7725,7725,0.2275,3.549875754348598,2817,1,1371,2.8565607306941896,False,0.0058877079864032,47,archived_rho_0.5_unchanged,-4.018151518400597,False,ok,
6,Normal,10000,5,0.5,fresh_n,25,2026106725,,-1.0,6.257704449237527,False,11,2.8878618691203704,0.101,0.0464,0.0453045304530453,False,0.101,0.0014,0.2554,0.1586,0.4836,0.0,0.0,1.4498236953193055,0.7013,7013,0.2986999999999999,2.844950213371266,3515,1,1822,2.92208794346125,False,0.0062787909992039,47,archived_rho_0.5_unchanged,-4.807880753918221,False,ok,
6,Normal,10000,5,0.5,fresh_n,25,2026106725,,-1.0,6.257704449237527,False,12,2.303293441379918,0.056,0.0115,0.009000900090009,False,0.056,0.0014,0.3242,0.1856,0.4328,0.0,0.0,0.7301904327565308,0.6254,6254,0.3746,2.373605506764776,4213,1,2378,2.8569780129793374,False,0.0064094160334207,47,archived_rho_0.5_unchanged,-5.527514016480996,False,ok,
6,Normal,10000,5,0.5,fresh_n,25,2026106725,,-1.0,6.257704449237527,False,13,1.85752368733629,0.0294,0.0015,0.0003000300030003,False,0.0294,0.0014,0.4024,0.2135,0.3533,0.0,0.0,-0.0466050956226572,0.5317,5317,0.4683,1.998800719568259,5003,1,3079,2.684032119218958,False,0.0064148750388994,47,archived_rho_0.5_unchanged,-6.304309544860184,False,ok,
6,Normal,10000,5,0.5,fresh_n,25,2026106725,,-1.0,6.257704449237527,False,14,1.2919822831728072,0.0123,0.0001,0.0,False,0.0123,0.0014,0.4733,0.2279,0.2851,0.0,0.0,-0.7760565520934417,0.4452,4452,0.5548,1.7809439002671417,5615,1,3570,2.4756793878611596,False,0.0068876249715685,47,archived_rho_0.5_unchanged,-7.033761001330968,False,ok,
6,Normal,10000,5,0.5,fresh_n,25,2026106725,,-1.0,6.257704449237527,False,15,0.5214907071940083,0.0083,0.0,0.0,False,0.0083,0.0014,0.5579,0.2284,0.204,0.0,0.0,-1.302619631326154,0.3504,3504,0.6496,1.5820281601012498,6321,1,4372,2.068390694418968,False,0.0064796250080689,47,archived_rho_0.5_unchanged,-7.560324080563681,False,ok,
6,Normal,10000,5,0.5,fresh_n,25,2026106725,,-1.0,6.257704449237527,False,16,0.4473056751322208,0.0025,0.0,0.0,False,0.0025,0.0014,0.6265,0.2241,0.1455,0.0,0.0,-1.809736953699516,0.267,2670,0.733,1.441753171856978,6936,1,5066,1.7331352838600689,False,0.0064930829685181,47,archived_rho_0.5_unchanged,-8.067441402937042,False,ok,
6,Normal,10000,5,0.5,fresh_n,25,2026106725,,-1.0,6.257704449237527,False,17,-0.1232284910176456,0.0016,0.0,0.0,False,0.0016,0.0014,0.6834,0.2094,0.1042,0.0,0.0,-2.344561353205768,0.2035,2035,0.7965,1.3428226131328052,7447,1,5747,1.4252820899590264,False,0.0059917920152656,47,archived_rho_0.5_unchanged,-8.602265802443295,False,ok,
6,Normal,10000,5,0.5,fresh_n,25,2026106725,,-1.0,6.257704449237527,False,18,-0.3446370165329244,0.0013,0.0,0.0,False,0.0013,0.0014,0.7414,0.1872,0.0687,0.0,0.0,-2.825088182096134,0.1494,1494,0.8506,1.2661433274246645,7898,1,6381,1.1360669840975297,False,0.0056852090056054,47,archived_rho_0.5_unchanged,-9.08279263133366,False,ok,
6,Normal,10000,5,0.5,fresh_n,25,2026106725,,-1.0,6.257704449237527,False,19,-1.064149903967571,0.0002,0.0,0.0,False,0.0002,0.0014,0.786,0.1687,0.0437,0.0,0.0,-3.1409855778656675,0.1004,1004,0.8996,1.208313194780087,8276,1,6929,0.8425465792232258,False,0.0055205830140039,47,archived_rho_0.5_unchanged,-9.398690027103195,False,ok,
6,Normal,10000,5,0.5,fresh_n,25,2026106725,,-1.0,6.257704449237527,False,20,-1.871574913793849,0.0003,0.0,0.0,False,0.0003,0.0014,0.8285,0.1406,0.0292,0.0,0.0,-3.4964351287786553,0.0741,741,0.9259,1.166044776119403,8576,1,7410,0.6561081449727882,False,0.0051464160205796,47,archived_rho_0.5_unchanged,-9.754139578016183,False,ok,
6,Normal,10000,5,0.5,fresh_n,25,2026106725,,-1.0,6.257704449237527,False,21,inf,0.0,0.0,0.0,False,0.0,0.0014,0.8551,0.1236,0.0199,0.0,0.0,-3.804666475084628,0.0526,526,0.9474,1.1354604292040422,8807,1,7793,0.4989080284165885,False,0.0049683329998515,47,archived_rho_0.5_unchanged,-10.062370924322154,False,ok,
6,Normal,10000,5,0.5,fresh_n,25,2026106725,,-1.0,6.257704449237527,False,22,inf,0.0,0.0,0.0,False,0.0,0.0014,0.8807,0.105,0.0129,0.0,0.0,-4.292231770625321,0.0383,383,0.9617,1.1071744906997345,9032,1,8181,0.389610697859228,False,0.0049003750318661,47,archived_rho_0.5_unchanged,-10.549936219862847,False,ok,
6,Normal,10000,5,0.5,fresh_n,25,2026106725,,-1.0,6.257704449237527,False,23,inf,0.0,0.0,0.0,False,0.0,0.0014,0.9047,0.0845,0.0094,0.0,0.0,-4.2176325192967,0.0262,262,0.9738,1.0867202782003913,9202,1,8483,0.2900845895933175,False,0.004514708998613,47,archived_rho_0.5_unchanged,-10.475336968534226,False,ok,
6,Normal,10000,5,0.5,fresh_n,25,2026106725,,-1.0,6.257704449237527,False,24,inf,0.0,0.0,0.0,False,0.0,0.0014,0.9221,0.0708,0.0057,0.0,0.0,-4.214449141232121,0.0174,174,0.9826,1.0704345964461572,9342,1,8735,0.2040973830557109,False,0.0043502500047907,47,archived_rho_0.5_unchanged,-10.472153590469649,False,ok,
6,Normal,10000,5,0.5,fresh_n,25,2026106725,,-1.0,6.257704449237527,False,25,inf,0.0,0.0,0.0,False,0.0,0.0014,0.9368,0.0574,0.0044,0.0,0.0,-4.708837354589515,0.0105,105,0.9895,1.0563008344776592,9467,1,8963,0.1573496923802697,False,0.0042131670052185,47,archived_rho_0.5_unchanged,-10.966541803827042,False,ok,
6,Normal,10000,5,0.5,fresh_n,25,2026106725,,-1.0,6.257704449237527,False,26,inf,0.0,0.0,0.0,False,0.0,0.0014,0.9481,0.048,0.0025,0.0,0.0,-4.805526997067115,0.0078,78,0.9922,1.0464629552113855,9556,1,9130,0.1214529460317809,False,0.004209125007037,47,archived_rho_0.5_unchanged,-11.063231446304641,False,ok,
6,Normal,10000,5,0.5,fresh_n,25,2026106725,,-1.0,6.257704449237527,False,27,inf,0.0,0.0,0.0,False,0.0,0.0014,0.95,0.0464,0.0022,0.0,0.0,-5.13585806009966,0.0074,74,0.9926,1.0414496979795875,9602,1,9224,0.1155602479108805,False,0.0041912089800462,47,archived_rho_0.5_unchanged,-11.393562509337187,False,ok,
6,Normal,10000,5,0.5,fresh_n,25,2026106725,,-1.0,6.257704449237527,False,28,inf,0.0,0.0,0.0,False,0.0,0.0014,0.9606,0.0369,0.0011,0.0,0.0,-5.117205818511152,0.005,50,0.995,1.0326311441553078,9684,1,9379,0.082639741555771,False,0.0041540420497767,47,archived_rho_0.5_unchanged,-11.374910267748678,False,ok,
6,Normal,10000,5,0.5,fresh_n,25,2026106725,,-1.0,6.257704449237527,False,29,inf,0.0,0.0,0.0,False,0.0,0.0014,0.9679,0.0298,0.0009,0.0,0.0,-5.046397182360764,0.0045,45,0.9955,1.027643613194944,9731,1,9471,0.0710305744718316,False,0.0041001249919645,47,archived_rho_0.5_unchanged,-11.30410163159829,False,ok,
6,Normal,10000,5,0.5,fresh_n,25,2026106725,,-1.0,6.257704449237527,False,30,inf,0.0,0.0,0.0,False,0.0,0.0014,0.9712,0.027,0.0004,0.0,0.0,-5.299652951658337,0.0031,31,0.9969,1.0236462278636502,9769,1,9544,0.0580272405528387,False,0.0042681250488385,47,archived_rho_0.5_unchanged,-11.557357400895864,False,ok,
6,Normal,10000,5,0.5,fresh_n,25,2026106725,,-1.0,6.257704449237527,False,31,inf,0.0,0.0,0.0,False,0.0,0.0014,0.9749,0.023,0.0007,0.0,0.0,-6.522752952929698,0.002,20,0.998,1.0184336490477646,9819,1,9641,0.0422832044760934,False,0.0039282499928958,47,archived_rho_0.5_unchanged,-12.780457402167226,False,ok,
6,Normal,10000,5,0.5,fresh_n,25,2026106725,,-1.0,6.257704449237527,False,32,inf,0.0,0.0,0.0,False,0.0,0.0014,0.9788,0.0195,0.0003,0.0,0.0,-5.37029286557411,0.0019,19,0.9981,1.0165700925078784,9837,1,9678,0.0390135244783421,False,0.003935792017728,47,archived_rho_0.5_unchanged,-11.627997314811637,False,ok,
6,Normal,10000,5,0.5,fresh_n,25,2026106725,,-1.0,6.257704449237527,False,33,inf,0.0,0.0,0.0,False,0.0,0.0014,0.9823,0.0162,0.0001,0.0,0.0,-6.199234952902145,0.0014,14,0.9986,1.015125367982946,9851,1,9703,0.0321153555553865,False,0.0039240419864654,47,archived_rho_0.5_unchanged,-12.456939402139671,False,ok,
6,Normal,10000,5,0.5,fresh_n,25,2026106725,,-1.0,6.257704449237527,False,34,inf,0.0,0.0,0.0,False,0.0,0.0014,0.9849,0.0137,0.0,0.0,0.0,-5.039299472196296,0.0008,8,0.9992,1.0117361392148927,9884,1,9769,0.0248799851891903,False,0.0039270410197786,47,archived_rho_0.5_unchanged,-11.297003921433824,False,ok,
6,Normal,10000,5,0.5,fresh_n,25,2026106725,,-1.0,6.257704449237527,False,35,inf,0.0,0.0,0.0,False,0.0,0.0014,0.9872,0.0113,0.0001,0.0,0.0,-6.177994069501228,0.0018,18,0.9982,1.0116337885685385,9885,1,9773,0.0285060080386239,False,0.0038615409866906,47,archived_rho_0.5_unchanged,-12.435698518738754,False,ok,
6,Normal,10000,5,0.5,fresh_n,25,2026106725,,-1.0,6.257704449237527,False,36,inf,0.0,0.0,0.0,False,0.0,0.0014,0.9878,0.0107,0.0001,0.0,0.0,-5.357762707385961,0.0008,8,0.9992,1.0090817356205852,9910,1,9823,0.0206963921276694,False,0.0038436669856309,47,archived_rho_0.5_unchanged,-11.615467156623488,False,ok,
6,Normal,10000,5,0.5,fresh_n,25,2026106725,,-1.0,6.257704449237527,False,37,inf,0.0,0.0,0.0,False,0.0,0.0014,0.9892,0.0094,0.0,0.0,0.0,-5.654662882895362,0.0012,12,0.9988,1.0075566750629723,9925,1,9851,0.0168090078956333,False,0.0038294999976642,47,archived_rho_0.5_unchanged,-11.912367332132888,False,ok,
6,Normal,10000,5,0.5,fresh_n,25,2026106725,,-1.0,6.257704449237527,False,38,inf,0.0,0.0,0.0,False,0.0,0.0014,0.9908,0.0078,0.0,0.0,0.0,-5.348121280916538,0.0006,6,0.9994,1.007455168245013,9926,1,9853,0.0161832418651021,False,0.0038139589596539,47,archived_rho_0.5_unchanged,-11.605825730154065,False,ok,
6,Normal,10000,5,0.5,fresh_n,25,2026106725,,-1.0,6.257704449237527,False,39,inf,0.0,0.0,0.0,False,0.0,0.0014,0.9914,0.0072,0.0,0.0,0.0,-9.724869266977157,0.0002,2,0.9998,1.0055304172951232,9945,1,9890,0.011,False,0.0038993750349618,47,archived_rho_0.5_unchanged,-15.982573716214684,False,ok,
6,Normal,10000,5,0.5,fresh_n,25,2026106725,,-1.0,6.257704449237527,False,40,inf,0.0,0.0,0.0,False,0.0,0.0014,0.9925,0.006,0.0001,0.0,0.0,-6.134896932703155,0.0007,7,0.9993,1.0052271813429836,9948,1,9897,0.0117832418651021,False,0.0038340829778462,47,archived_rho_0.5_unchanged,-12.392601381940683,False,ok,
6,Normal,10000,5,0.5,fresh_n,26,2026106726,,-1.0,6.257704449237527,False,1,7.09428490124858,0.9982,0.9982,0.996999699969997,True,0.9982,0.0018,0.0,0.0,0.0,0.0,0.0,7.092967922989401,1.0,10000,0.0,10000.0,1,10000,0,1.0800810337214697,False,0.005201083025895,47,archived_rho_0.5_unchanged,0.8352634737518745,False,ok,
6,Normal,10000,5,0.5,fresh_n,26,2026106726,,-1.0,6.257704449237527,False,2,6.178510810325177,0.9537,0.9536,0.9513951395139514,False,0.9537,0.0018,0.0,0.0,0.0445,0.0,0.0,6.125107467813259,1.0,10000,0.0,312.5,32,23,0,1.3308972146688771,False,0.0046805829624645,47,archived_rho_0.5_unchanged,-0.13259698142426757,False,ok,
6,Normal,10000,5,0.5,fresh_n,26,2026106726,,-1.0,6.257704449237527,False,3,5.936184340307141,0.9034,0.9008,0.885122975404919,False,0.9034,0.0018,0.0015,0.0034,0.0899,0.0,0.0,5.940527125757392,0.9969,9969,0.0030999999999999,92.5925925925926,108,1,17,1.409259426485247,False,0.0043280840036459,47,archived_rho_0.5_unchanged,-0.3171773234801343,False,ok,
6,Normal,10000,5,0.5,fresh_n,26,2026106726,,-1.0,6.257704449237527,False,4,5.6439601035477995,0.8302,0.8197,0.8133813381338134,False,0.8302,0.0018,0.0087,0.009,0.1503,0.0,0.0,5.5950426768194035,0.9907,9907,0.0092999999999999,42.5531914893617,235,1,44,1.6090253879037546,False,0.0047347500221803,47,archived_rho_0.5_unchanged,-0.6626617724181232,False,ok,
6,Normal,10000,5,0.5,fresh_n,26,2026106726,,-1.0,6.257704449237527,False,5,5.350061422957936,0.7298,0.7153,0.7065706570657065,False,0.7298,0.0018,0.0187,0.0181,0.2316,0.0,0.0,5.203099415440392,0.9783,9783,0.0217,22.42152466367713,446,1,122,1.8482991784347669,False,0.0051715000299736,47,archived_rho_0.5_unchanged,-1.0546050337971344,False,ok,
6,Normal,10000,5,0.5,fresh_n,26,2026106726,,-1.0,6.257704449237527,False,6,4.98595307985483,0.6072,0.5847,0.5653869226154769,False,0.6072,0.0018,0.039,0.0324,0.3196,0.0,0.0,4.760081007628869,0.955,9550,0.045,13.404825737265416,746,1,258,2.0721936890088997,False,0.0052581669879145,47,archived_rho_0.5_unchanged,-1.497623441608658,False,ok,
6,Normal,10000,5,0.5,fresh_n,26,2026106726,,-1.0,6.257704449237527,False,7,4.605919792345741,0.4884,0.4507,0.4304139172165567,False,0.4884,0.0018,0.0647,0.047,0.3981,0.0,0.0,4.24414843879116,0.9254,9254,0.0746,8.787346221441124,1138,1,451,2.2995916567514216,False,0.0056918750051409,47,archived_rho_0.5_unchanged,-2.013556010446367,False,ok,
6,Normal,10000,5,0.5,fresh_n,26,2026106726,,-1.0,6.257704449237527,False,8,4.213574829581699,0.3579,0.3153,0.2951409718056388,False,0.3579,0.0018,0.0953,0.0728,0.4722,0.0,0.0,3.5984419173740965,0.8879,8879,0.1120999999999999,6.329113924050633,1580,1,626,2.5438728261343204,False,0.0061052090022712,47,archived_rho_0.5_unchanged,-2.65926253186343,False,ok,
6,Normal,10000,5,0.5,fresh_n,26,2026106726,,-1.0,6.257704449237527,False,9,3.753906163618755,0.25,0.2011,0.1877624475104979,False,0.25,0.0018,0.1449,0.0996,0.5037,0.0,0.0,2.9508052373284652,0.8309,8309,0.1691,4.582951420714941,2182,1,983,2.7008033564667717,False,0.0062562079983763,47,archived_rho_0.5_unchanged,-3.3068992119090614,False,ok,
6,Normal,10000,5,0.5,fresh_n,26,2026106726,,-1.0,6.257704449237527,False,10,3.292531472498794,0.158,0.1027,0.0944811037792441,False,0.158,0.0018,0.1971,0.127,0.5161,0.0,0.0,2.2292083178465507,0.7782,7782,0.2218,3.599712023038157,2778,1,1337,2.8436990549836834,False,0.0066141670104116,47,archived_rho_0.5_unchanged,-4.028496131390976,False,ok,
6,Normal,10000,5,0.5,fresh_n,26,2026106726,,-1.0,6.257704449237527,False,11,2.758651624464121,0.0971,0.0438,0.0395920815836832,False,0.0971,0.0018,0.2682,0.1565,0.4764,0.0,0.0,1.5624452412486924,0.6983,6983,0.3016999999999999,2.852253280091272,3506,1,1860,2.8366835506345445,False,0.006873375037685,47,archived_rho_0.5_unchanged,-4.695259207988834,False,ok,
6,Normal,10000,5,0.5,fresh_n,26,2026106726,,-1.0,6.257704449237527,False,12,2.273410698843557,0.0529,0.0147,0.0084008400840084,False,0.0529,0.0018,0.3289,0.1998,0.4166,0.0,0.0,0.8288678842790687,0.6205,6205,0.3794999999999999,2.3849272597185784,4193,1,2350,2.8124463465238008,False,0.0072063750121742,47,archived_rho_0.5_unchanged,-5.428836564958458,False,ok,
6,Normal,10000,5,0.5,fresh_n,26,2026106726,,-1.0,6.257704449237527,False,13,1.7115044563676949,0.0257,0.0025,0.0011997600479904,False,0.0257,0.0018,0.4189,0.2072,0.3464,0.0,0.0,0.1327243904869225,0.5305,5305,0.4695,2.035002035002035,4914,1,2970,2.608339635815622,False,0.0072688750224187,47,archived_rho_0.5_unchanged,-6.124980058750604,False,ok,
6,Normal,10000,5,0.5,fresh_n,26,2026106726,,-1.0,6.257704449237527,False,14,1.2545775122640055,0.0129,0.0002,0.0,False,0.0129,0.0018,0.4909,0.2219,0.2725,0.0,0.0,-0.6238286492912813,0.44,4400,0.56,1.763668430335097,5670,1,3703,2.408650414473889,False,0.0067578750313259,47,archived_rho_0.5_unchanged,-6.881533098528808,False,ok,
6,Normal,10000,5,0.5,fresh_n,26,2026106726,,-1.0,6.257704449237527,False,15,0.6741004469166317,0.0072,0.0,0.0,False,0.0072,0.0018,0.5636,0.2306,0.1968,0.0,0.0,-1.2758300752485907,0.3559,3559,0.6441,1.6005121638924455,6248,1,4252,2.1233682048736524,False,0.0064375840011052,47,archived_rho_0.5_unchanged,-7.533534524486117,False,ok,
6,Normal,10000,5,0.5,fresh_n,26,2026106726,,-1.0,6.257704449237527,False,16,0.3195124791987533,0.0032,0.0,0.0,False,0.0032,0.0018,0.6341,0.2273,0.1336,0.0,0.0,-1.8938945767807591,0.2774,2774,0.7226,1.455604075691412,6870,1,4983,1.8128104421908848,False,0.0062652080086991,47,archived_rho_0.5_unchanged,-8.151599026018285,False,ok,
6,Normal,10000,5,0.5,fresh_n,26,2026106726,,-1.0,6.257704449237527,False,17,-0.2831020239144678,0.0017,0.0,0.0,False,0.0017,0.0018,0.7034,0.1998,0.0933,0.0,0.0,-2.3458466912561633,0.2108,2108,0.7892,1.3550135501355014,7380,1,5643,1.4856273412183845,False,0.0059998329961672,47,archived_rho_0.5_unchanged,-8.603551140493689,False,ok,
6,Normal,10000,5,0.5,fresh_n,26,2026106726,,-1.0,6.257704449237527,False,18,-0.993092468566652,0.0004,0.0,0.0,False,0.0004,0.0018,0.748,0.1873,0.0625,0.0,0.0,-2.795668991985018,0.1545,1545,0.8455,1.273560876209883,7852,1,6316,1.1573480749375271,False,0.0056993749458342,47,archived_rho_0.5_unchanged,-9.053373441222545,False,ok,
6,Normal,10000,5,0.5,fresh_n,26,2026106726,,-1.0,6.257704449237527,False,19,-0.8451135170428415,0.0006,0.0,0.0,False,0.0006,0.0018,0.7906,0.1632,0.0438,0.0,0.0,-3.0977923768787456,0.1139,1139,0.8861,1.2183235867446394,8208,1,6842,0.929617516214922,False,0.0054717499879188,47,archived_rho_0.5_unchanged,-9.355496826116273,False,ok,
6,Normal,10000,5,0.5,fresh_n,26,2026106726,,-1.0,6.257704449237527,False,20,-1.0115158194436842,0.0002,0.0,0.0,False,0.0002,0.0018,0.8316,0.1388,0.0276,0.0,0.0,-3.4518694050578844,0.0847,847,0.9153,1.1716461628588166,8535,1,7371,0.7130557945871725,False,0.005580041965004,47,archived_rho_0.5_unchanged,-9.70957385429541,False,ok,
6,Normal,10000,5,0.5,fresh_n,26,2026106726,,-1.0,6.257704449237527,False,21,-2.4035204494616864,0.0001,0.0,0.0,False,0.0001,0.0018,0.8638,0.1141,0.0202,0.0,0.0,-3.774308746267234,0.0579,579,0.9421,1.1352026336701102,8809,1,7815,0.5319976424517262,False,0.0052865000325255,47,archived_rho_0.5_unchanged,-10.03201319550476,False,ok,
6,Normal,10000,5,0.5,fresh_n,26,2026106726,,-1.0,6.257704449237527,False,22,-1.4575237645625905,0.0002,0.0,0.0,False,0.0002,0.0018,0.8868,0.0974,0.0138,0.0,0.0,-4.3388565875396745,0.0386,386,0.9614,1.1111111111111112,9000,1,8125,0.4021036746752436,False,0.0048250409890897,47,archived_rho_0.5_unchanged,-10.596561036777201,False,ok,
6,Normal,10000,5,0.5,fresh_n,26,2026106726,,-1.0,6.257704449237527,False,23,inf,0.0,0.0,0.0,False,0.0,0.0018,0.9094,0.0798,0.009,0.0,0.0,-4.492821491062965,0.0304,304,0.9696,1.0849517196484757,9217,1,8530,0.3046789743253167,False,0.0045760000357404,47,archived_rho_0.5_unchanged,-10.750525940300491,False,ok,
6,Normal,10000,5,0.5,fresh_n,26,2026106726,,-1.0,6.257704449237527,False,24,-1.4369009451041244,0.0001,0.0,0.0,False,0.0001,0.0018,0.9237,0.0696,0.0048,0.0,0.0,-4.708690268516517,0.0188,188,0.9812,1.0698619878035731,9347,1,8746,0.2232775553045324,False,0.0044023750233463,47,archived_rho_0.5_unchanged,-10.966394717754044,False,ok,
6,Normal,10000,5,0.5,fresh_n,26,2026106726,,-1.0,6.257704449237527,False,25,inf,0.0,0.0,0.0,False,0.0,0.0018,0.9344,0.0583,0.0055,0.0,0.0,-4.867777717289794,0.0162,162,0.9838,1.0623605651758208,9413,1,8873,0.1966721511609003,False,0.0043180410284549,47,archived_rho_0.5_unchanged,-11.12548216652732,False,ok,
6,Normal,10000,5,0.5,fresh_n,26,2026106726,,-1.0,6.257704449237527,False,26,inf,0.0,0.0,0.0,False,0.0,0.0018,0.947,0.0486,0.0026,0.0,0.0,-5.072047553274131,0.0105,105,0.9895,1.0462439840970914,9558,1,9143,0.1345634782652476,False,0.0041475840262137,47,archived_rho_0.5_unchanged,-11.329752002511658,False,ok,
6,Normal,10000,5,0.5,fresh_n,26,2026106726,,-1.0,6.257704449237527,False,27,inf,0.0,0.0,0.0,False,0.0,0.0018,0.9574,0.0383,0.0025,0.0,0.0,-5.153988738220895,0.0084,84,0.9916,1.038637307852098,9628,1,9276,0.1060739951257635,False,0.004168874991592,47,archived_rho_0.5_unchanged,-11.411693187458422,False,ok,
6,Normal,10000,5,0.5,fresh_n,26,2026106726,,-1.0,6.257704449237527,False,28,inf,0.0,0.0,0.0,False,0.0,0.0018,0.9639,0.0335,0.0008,0.0,0.0,-5.610879996805962,0.006,60,0.994,1.0318852543597152,9691,1,9397,0.0889560470680442,False,0.0040385000174865,47,archived_rho_0.5_unchanged,-11.868584446043489,False,ok,
6,Normal,10000,5,0.5,fresh_n,26,2026106726,,-1.0,6.257704449237527,False,29,inf,0.0,0.0,0.0,False,0.0,0.0018,0.9708,0.0265,0.0009,0.0,0.0,-5.617771985579172,0.0035,35,0.9965,1.0282776349614395,9725,1,9456,0.0671062707524234,False,0.0039855840150266,47,archived_rho_0.5_unchanged,-11.875476434816699,False,ok,
6,Normal,10000,5,0.5,fresh_n,26,2026106726,,-1.0,6.257704449237527,False,30,inf,0.0,0.0,0.0,False,0.0,0.0018,0.9708,0.0269,0.0005,0.0,0.0,-6.519874556022904,0.0043,43,0.9957,1.026167265264238,9745,1,9498,0.0664916027024902,False,0.0039594590198248,47,archived_rho_0.5_unchanged,-12.777579005260431,False,ok,
6,Normal,10000,5,0.5,fresh_n,26,2026106726,,-1.0,6.257704449237527,False,31,inf,0.0,0.0,0.0,False,0.0,0.0018,0.9788,0.0185,0.0009,0.0,0.0,-5.725083370810878,0.0029,29,0.9971,1.0182262498727217,9821,1,9645,0.0421502351873241,False,0.0041229160269722,47,archived_rho_0.5_unchanged,-11.982787820048404,False,ok,
6,Normal,10000,5,0.5,fresh_n,26,2026106726,,-1.0,6.257704449237527,False,32,inf,0.0,0.0,0.0,False,0.0,0.0018,0.9778,0.0202,0.0002,0.0,0.0,-6.898328831271041,0.0022,22,0.9978,1.0186411327289395,9817,1,9637,0.0422922405319981,False,0.0039896660018712,47,archived_rho_0.5_unchanged,-13.156033280508566,False,ok,
6,Normal,10000,5,0.5,fresh_n,26,2026106726,,-1.0,6.257704449237527,False,33,inf,0.0,0.0,0.0,False,0.0,0.0018,0.9809,0.0166,0.0007,0.0,0.0,-6.228480165279276,0.0018,18,0.9982,1.013993104846887,9862,1,9726,0.0311209748591717,False,0.0038298330036923,47,archived_rho_0.5_unchanged,-12.486184614516802,False,ok,
6,Normal,10000,5,0.5,fresh_n,26,2026106726,,-1.0,6.257704449237527,False,34,inf,0.0,0.0,0.0,False,0.0,0.0018,0.9828,0.0151,0.0003,0.0,0.0,-7.200040765833946,0.0028,28,0.9972,1.01276078590237,9874,1,9753,0.0358449531052177,False,0.0038325829664245,47,archived_rho_0.5_unchanged,-13.457745215071473,False,ok,
6,Normal,10000,5,0.5,fresh_n,26,2026106726,,-1.0,6.257704449237527,False,35,inf,0.0,0.0,0.0,False,0.0,0.0018,0.984,0.0138,0.0004,0.0,0.0,-8.070141489925783,0.0012,12,0.9988,1.010611419909045,9895,1,9792,0.0249109789568681,False,0.0038313749828375,47,archived_rho_0.5_unchanged,-14.32784593916331,False,ok,
6,Normal,10000,5,0.5,fresh_n,26,2026106726,,-1.0,6.257704449237527,False,36,inf,0.0,0.0,0.0,False,0.0,0.0018,0.9882,0.0099,0.0001,0.0,0.0,-6.969686555989493,0.0012,12,0.9988,1.0098969905069684,9902,1,9805,0.0210321274177501,False,0.003870333021041,47,archived_rho_0.5_unchanged,-13.22739100522702,False,ok,
6,Normal,10000,5,0.5,fresh_n,26,2026106726,,-1.0,6.257704449237527,False,37,inf,0.0,0.0,0.0,False,0.0,0.0018,0.9892,0.0088,0.0002,0.0,0.0,-7.775158037585225,0.0003,3,0.9997,1.0078613182826044,9922,1,9844,0.0156,False,0.0039013749919831,47,archived_rho_0.5_unchanged,-14.03286248682275,False,ok,
6,Normal,10000,5,0.5,fresh_n,26,2026106726,,-1.0,6.257704449237527,False,38,inf,0.0,0.0,0.0,False,0.0,0.0018,0.989,0.009,0.0002,0.0,0.0,-7.078230778876363,0.0015,15,0.9985,1.0072522159548751,9928,1,9858,0.0182588015109064,False,0.0038457919727079,47,archived_rho_0.5_unchanged,-13.33593522811389,False,ok,
6,Normal,10000,5,0.5,fresh_n,26,2026106726,,-1.0,6.257704449237527,False,39,inf,0.0,0.0,0.0,False,0.0,0.0018,0.9912,0.007,0.0,0.0,0.0,-6.656978815154882,0.0007,7,0.9993,1.0050251256281406,9950,1,9900,0.01,False,0.0037629999569617,47,archived_rho_0.5_unchanged,-12.914683264392409,False,ok,
6,Normal,10000,5,0.5,fresh_n,26,2026106726,,-1.0,6.257704449237527,False,40,inf,0.0,0.0,0.0,False,0.0,0.0018,0.9918,0.0062,0.0002,0.0,0.0,-9.223803191665878,0.0012,12,0.9988,1.0067451927917044,9933,1,9868,0.0175670465451494,False,0.0039486660389229,47,archived_rho_0.5_unchanged,-15.481507640903406,False,ok,
6,Normal,10000,5,0.5,fresh_n,27,2026106727,,-1.0,6.257704449237527,False,1,7.130339468853159,0.9985,0.9985,0.9966996699669968,True,0.9985,0.0015,0.0,0.0,0.0,0.0,0.0,7.116628895618739,1.0,10000,0.0,10000.0,1,10000,0,1.0793570867703308,False,0.0046015409752726,47,archived_rho_0.5_unchanged,0.858924446381212,False,ok,
6,Normal,10000,5,0.5,fresh_n,27,2026106727,,-1.0,6.257704449237527,False,2,6.184553487446792,0.955,0.955,0.9510951095109512,False,0.955,0.0015,0.0,0.0,0.0435,0.0,0.0,6.130548087452345,1.0,10000,0.0,312.5,32,12,0,1.3169730791496157,False,0.0044584170100279,47,archived_rho_0.5_unchanged,-0.12715636178518164,False,ok,
6,Normal,10000,5,0.5,fresh_n,27,2026106727,,-1.0,6.257704449237527,False,3,5.934436866987552,0.9026,0.9008,0.8994899489948995,False,0.9026,0.0015,0.0033,0.003,0.0896,0.0,0.0,5.936867027502794,0.997,9970,0.003,93.45794392523364,107,1,19,1.4155330713841858,False,0.0045782079687342,47,archived_rho_0.5_unchanged,-0.3208374217347325,False,ok,
6,Normal,10000,5,0.5,fresh_n,27,2026106727,,-1.0,6.257704449237527,False,4,5.631167040061649,0.8268,0.8183,0.7995799579957996,False,0.8268,0.0015,0.0079,0.0083,0.1555,0.0,0.0,5.5662323356507235,0.9894,9894,0.0106,39.68253968253968,252,1,59,1.6271059070495777,False,0.0045008339802734,47,archived_rho_0.5_unchanged,-0.6914721135868032,False,ok,
6,Normal,10000,5,0.5,fresh_n,27,2026106727,,-1.0,6.257704449237527,False,5,5.323864759509492,0.7286,0.7101,0.6900690069006901,False,0.7286,0.0015,0.0224,0.0147,0.2328,0.0,0.0,5.183186559217502,0.9755,9755,0.0244999999999999,21.459227467811157,466,1,147,1.8474858358822932,False,0.0046011249651201,47,archived_rho_0.5_unchanged,-1.074517890020025,False,ok,
6,Normal,10000,5,0.5,fresh_n,27,2026106727,,-1.0,6.257704449237527,False,6,4.959893002315657,0.6016,0.5799,0.5574557455745575,False,0.6016,0.0015,0.0382,0.0356,0.3231,0.0,0.0,4.731246694042481,0.949,9490,0.051,12.9366106080207,773,1,249,2.076485416067202,False,0.0050614590290933,47,archived_rho_0.5_unchanged,-1.5264577551950458,False,ok,
6,Normal,10000,5,0.5,fresh_n,27,2026106727,,-1.0,6.257704449237527,False,7,4.574668574162297,0.4742,0.4397,0.3915391539153915,False,0.4742,0.0015,0.0652,0.0568,0.4023,0.0,0.0,4.160376927925998,0.9251,9251,0.0748999999999999,8.756567425569177,1142,1,396,2.3713076159221727,False,0.005058083042968,47,archived_rho_0.5_unchanged,-2.097327521311529,False,ok,
6,Normal,10000,5,0.5,fresh_n,27,2026106727,,-1.0,6.257704449237527,False,8,4.1254372043225835,0.3342,0.2901,0.2535253525352535,False,0.3342,0.0015,0.1046,0.0753,0.4844,0.0,0.0,3.5272648650431155,0.8791,8791,0.1209,5.9171597633136095,1690,1,712,2.564740792883551,False,0.0052516249706968,47,archived_rho_0.5_unchanged,-2.730439584194411,False,ok,
6,Normal,10000,5,0.5,fresh_n,27,2026106727,,-1.0,6.257704449237527,False,9,3.715622243841872,0.2323,0.1777,0.1371137113711371,False,0.2323,0.0015,0.1454,0.105,0.5158,0.0,0.0,2.8545383089481584,0.8268,8268,0.1732,4.44642063139173,2249,1,996,2.7491287866396426,False,0.0055480410228483,47,archived_rho_0.5_unchanged,-3.4031661402893683,False,ok,
6,Normal,10000,5,0.5,fresh_n,27,2026106727,,-1.0,6.257704449237527,False,10,3.135377356302849,0.144,0.0912,0.0654065406540654,False,0.144,0.0015,0.2085,0.1384,0.5076,0.0,0.0,2.054108823283041,0.7592,7592,0.2408,3.3783783783783785,2960,1,1451,2.8621311603425013,False,0.0058794579817913,47,archived_rho_0.5_unchanged,-4.2035956259544855,False,ok,
6,Normal,10000,5,0.5,fresh_n,27,2026106727,,-1.0,6.257704449237527,False,11,2.702788097235285,0.088,0.0387,0.0237023702370237,False,0.088,0.0015,0.2703,0.1741,0.4661,0.0,0.0,1.315388031770376,0.678,6780,0.3219999999999999,2.7159152634437804,3682,1,1955,2.8598875296303516,False,0.0060908750165253,47,archived_rho_0.5_unchanged,-4.942316417467151,False,ok,
6,Normal,10000,5,0.5,fresh_n,27,2026106727,,-1.0,6.257704449237527,False,12,2.0861230944685816,0.0471,0.0084,0.0021002100210021,False,0.0471,0.0015,0.3509,0.1946,0.4059,0.0,0.0,0.539881829260283,0.6094,6094,0.3905999999999999,2.293577981651376,4360,1,2481,2.84095301888247,False,0.0063933330238796,47,archived_rho_0.5_unchanged,-5.717822619977244,False,ok,
6,Normal,10000,5,0.5,fresh_n,27,2026106727,,-1.0,6.257704449237527,False,13,1.6628106562104654,0.0246,0.0015,0.0003000300030003,False,0.0246,0.0015,0.4212,0.2333,0.3194,0.0,0.0,-0.1063602966119172,0.5065,5065,0.4935,1.9425019425019423,5148,1,3207,2.541856116538243,False,0.0063140839920379,47,archived_rho_0.5_unchanged,-6.3640647458494435,False,ok,
6,Normal,10000,5,0.5,fresh_n,27,2026106727,,-1.0,6.257704449237527,False,14,1.1815127107039756,0.0132,0.0003,0.0,False,0.0132,0.0015,0.5152,0.2199,0.2502,0.0,0.0,-0.7670652475634273,0.4179,4179,0.5821000000000001,1.7102787754403967,5847,1,3902,2.3190223115743795,False,0.0063108339672908,47,archived_rho_0.5_unchanged,-7.024769696800954,False,ok,
6,Normal,10000,5,0.5,fresh_n,27,2026106727,,-1.0,6.257704449237527,False,15,0.599479205229834,0.0057,0.0,0.0,False,0.0057,0.0015,0.5796,0.2257,0.1875,0.0,0.0,-1.414267691963131,0.3291,3291,0.6709,1.5346838551258442,6516,1,4628,1.9579385654446184,False,0.006454250018578,47,archived_rho_0.5_unchanged,-7.671972141200658,False,ok,
6,Normal,10000,5,0.5,fresh_n,27,2026106727,,-1.0,6.257704449237527,False,16,-0.1305696345480048,0.0029,0.0,0.0,False,0.0029,0.0015,0.6581,0.2086,0.1289,0.0,0.0,-2.0108447773749725,0.2484,2484,0.7516,1.41622999575131,7061,1,5231,1.6281377498159453,False,0.0073483749874867,47,archived_rho_0.5_unchanged,-8.2685492266125,False,ok,
6,Normal,10000,5,0.5,fresh_n,27,2026106727,,-1.0,6.257704449237527,False,17,-0.5739810757738926,0.0013,0.0,0.0,False,0.0013,0.0015,0.7124,0.1981,0.0867,0.0,0.0,-2.4989490402868757,0.19,1900,0.81,1.3273161667109106,7534,1,5871,1.340706791008166,False,0.0063613340025767,47,archived_rho_0.5_unchanged,-8.756653489524403,False,ok,
6,Normal,10000,5,0.5,fresh_n,27,2026106727,,-1.0,6.257704449237527,False,18,-1.1051241771630176,0.0008,0.0,0.0,False,0.0008,0.0015,0.7655,0.1705,0.0617,0.0,0.0,-3.1283417931214332,0.1433,1433,0.8567,1.2509382036527394,7994,1,6534,1.1062887021876702,False,0.0058574169524945,47,archived_rho_0.5_unchanged,-9.38604624235896,False,ok,
6,Normal,10000,5,0.5,fresh_n,27,2026106727,,-1.0,6.257704449237527,False,19,-3.234599280828986,0.0001,0.0,0.0,False,0.0001,0.0015,0.8139,0.1468,0.0377,0.0,0.0,-3.348465669760242,0.0918,918,0.9082,1.1980352222355335,8347,1,7034,0.7776478647435414,False,0.0054786669788882,47,archived_rho_0.5_unchanged,-9.606170118997769,False,ok,
6,Normal,10000,5,0.5,fresh_n,27,2026106727,,-1.0,6.257704449237527,False,20,-2.1355884577377098,0.0004,0.0,0.0,False,0.0004,0.0015,0.8425,0.1291,0.0265,0.0,0.0,-3.7122876472213178,0.0711,711,0.9289,1.154201292705448,8664,1,7581,0.6185402671862644,False,0.0054817090276628,47,archived_rho_0.5_unchanged,-9.969992096458844,False,ok,
6,Normal,10000,5,0.5,fresh_n,27,2026106727,,-1.0,6.257704449237527,False,21,inf,0.0,0.0,0.0,False,0.0,0.0015,0.8766,0.1071,0.0148,0.0,0.0,-3.874140427523436,0.0532,532,0.9468,1.125112511251125,8888,1,7958,0.4940775149810064,False,0.0048512920038774,47,archived_rho_0.5_unchanged,-10.131844876760962,False,ok,
6,Normal,10000,5,0.5,fresh_n,27,2026106727,,-1.0,6.257704449237527,False,22,-2.217501216502894,0.0001,0.0,0.0,False,0.0001,0.0015,0.8973,0.0908,0.0103,0.0,0.0,-4.050850825295327,0.0317,317,0.9683,1.09421162052741,9139,1,8381,0.3271846968422469,False,0.0046516669681295,47,archived_rho_0.5_unchanged,-10.308555274532853,False,ok,
6,Normal,10000,5,0.5,fresh_n,27,2026106727,,-1.0,6.257704449237527,False,23,-3.924930344768543,0.0001,0.0,0.0,False,0.0001,0.0015,0.9113,0.0792,0.0079,0.0,0.0,-4.603334029517896,0.0294,294,0.9706,1.0808473843493298,9252,1,8590,0.2960146110506935,False,0.0045840830425731,47,archived_rho_0.5_unchanged,-10.861038478755422,False,ok,
6,Normal,10000,5,0.5,fresh_n,27,2026106727,,-1.0,6.257704449237527,False,24,inf,0.0,0.0,0.0,False,0.0,0.0015,0.9318,0.061,0.0057,0.0,0.0,-4.643395396697324,0.0157,157,0.9843,1.063264221158958,9405,1,8853,0.1865665199999921,False,0.0044568330049514,47,archived_rho_0.5_unchanged,-10.901099845934851,False,ok,
6,Normal,10000,5,0.5,fresh_n,27,2026106727,,-1.0,6.257704449237527,False,25,inf,0.0,0.0,0.0,False,0.0,0.0015,0.9411,0.0535,0.0039,0.0,0.0,-4.884184801237973,0.0136,136,0.9864,1.0515247108307044,9510,1,9059,0.1655953582649448,False,0.0042951669893227,47,archived_rho_0.5_unchanged,-11.1418892504755,False,ok,
6,Normal,10000,5,0.5,fresh_n,27,2026106727,,-1.0,6.257704449237527,False,26,inf,0.0,0.0,0.0,False,0.0,0.0015,0.9515,0.0433,0.0037,0.0,0.0,-4.995452647292733,0.0108,108,0.9892,1.0451505016722409,9568,1,9165,0.1349783510327307,False,0.0042359169456176,47,archived_rho_0.5_unchanged,-11.25315709653026,False,ok,
6,Normal,10000,5,0.5,fresh_n,27,2026106727,,-1.0,6.257704449237527,False,27,inf,0.0,0.0,0.0,False,0.0,0.0015,0.9588,0.0376,0.0021,0.0,0.0,-5.335827703898358,0.0092,92,0.9908,1.0359473738734073,9653,1,9329,0.1100426052392785,False,0.0041752909892238,47,archived_rho_0.5_unchanged,-11.593532153135886,False,ok,
6,Normal,10000,5,0.5,fresh_n,27,2026106727,,-1.0,6.257704449237527,False,28,-5.571198592637435,0.0001,0.0,0.0,False,0.0001,0.0015,0.9665,0.0305,0.0014,0.0,0.0,-5.822006868173923,0.0046,46,0.9954,1.0315659170621003,9694,1,9398,0.0791100501779782,False,0.0041105419513769,47,archived_rho_0.5_unchanged,-12.07971131741145,False,ok,
6,Normal,10000,5,0.5,fresh_n,27,2026106727,,-1.0,6.257704449237527,False,29,inf,0.0,0.0,0.0,False,0.0,0.0015,0.9683,0.0298,0.0004,0.0,0.0,-6.012137284093237,0.0035,35,0.9965,1.0257462303826033,9749,1,9505,0.0606031043484658,False,0.0040137500036507,47,archived_rho_0.5_unchanged,-12.269841733330765,False,ok,
6,Normal,10000,5,0.5,fresh_n,27,2026106727,,-1.0,6.257704449237527,False,30,inf,0.0,0.0,0.0,False,0.0,0.0015,0.9754,0.0226,0.0005,0.0,0.0,-5.839012374858484,0.0041,41,0.9959,1.024170421958214,9764,1,9535,0.0595176419174227,False,0.0039790419978089,47,archived_rho_0.5_unchanged,-12.09671682409601,False,ok,
6,Normal,10000,5,0.5,fresh_n,27,2026106727,,-1.0,6.257704449237527,False,31,inf,0.0,0.0,0.0,False,0.0,0.0015,0.9771,0.0208,0.0006,0.0,0.0,-7.041861929648296,0.0024,24,0.9976,1.0187449062754683,9816,1,9637,0.0456688100182051,False,0.0039252920541912,47,archived_rho_0.5_unchanged,-13.299566378885823,False,ok,
6,Normal,10000,5,0.5,fresh_n,27,2026106727,,-1.0,6.257704449237527,False,32,inf,0.0,0.0,0.0,False,0.0,0.0015,0.9812,0.0169,0.0004,0.0,0.0,-6.799311981658157,0.0024,24,0.9976,1.016260162601626,9840,1,9684,0.0388978985155476,False,0.0040137500036507,47,archived_rho_0.5_unchanged,-13.057016430895683,False,ok,
6,Normal,10000,5,0.5,fresh_n,27,2026106727,,-1.0,6.257704449237527,False,33,-5.571198592637435,0.0001,0.0,0.0,False,0.0001,0.0015,0.984,0.0142,0.0002,0.0,0.0,-6.423798226597526,0.0028,28,0.9972,1.015640869388584,9846,1,9699,0.0426804226801793,False,0.003928416990675,47,archived_rho_0.5_unchanged,-12.681502675835052,False,ok,
6,Normal,10000,5,0.5,fresh_n,27,2026106727,,-1.0,6.257704449237527,False,34,inf,0.0,0.0,0.0,False,0.0,0.0015,0.9847,0.0136,0.0002,0.0,0.0,-8.72875126073892,0.0016,16,0.9984,1.0126582278481011,9875,1,9753,0.0314887312405958,False,0.0038150000036694,47,archived_rho_0.5_unchanged,-14.986455709976447,False,ok,
6,Normal,10000,5,0.5,fresh_n,27,2026106727,,-1.0,6.257704449237527,False,35,inf,0.0,0.0,0.0,False,0.0,0.0015,0.9885,0.0098,0.0002,0.0,0.0,-5.885999154198304,0.0008,8,0.9992,1.0097950116126426,9903,1,9807,0.021240435582839,False,0.0038242919836193,47,archived_rho_0.5_unchanged,-12.143703603435831,False,ok,
6,Normal,10000,5,0.5,fresh_n,27,2026106727,,-1.0,6.257704449237527,False,36,inf,0.0,0.0,0.0,False,0.0,0.0015,0.9879,0.0103,0.0003,0.0,0.0,-6.86111022219518,0.0012,12,0.9988,1.0095911155981827,9905,1,9812,0.0229880656505456,False,0.0038936670171096,47,archived_rho_0.5_unchanged,-13.118814671432705,False,ok,
6,Normal,10000,5,0.5,fresh_n,27,2026106727,,-1.0,6.257704449237527,False,37,inf,0.0,0.0,0.0,False,0.0,0.0015,0.9911,0.0074,0.0,0.0,0.0,-8.054070690937017,0.0004,4,0.9996,1.0080645161290325,9920,1,9841,0.0183802577808578,False,0.0041007919935509,47,archived_rho_0.5_unchanged,-14.311775140174543,False,ok,
6,Normal,10000,5,0.5,fresh_n,27,2026106727,,-1.0,6.257704449237527,False,38,inf,0.0,0.0,0.0,False,0.0,0.0015,0.9916,0.0068,0.0001,0.0,0.0,-8.433401848258914,0.0016,16,0.9984,1.007658202337767,9924,1,9852,0.0225932002530626,False,0.0038532500038854,47,archived_rho_0.5_unchanged,-14.69110629749644,False,ok,
6,Normal,10000,5,0.5,fresh_n,27,2026106727,,-1.0,6.257704449237527,False,39,inf,0.0,0.0,0.0,False,0.0,0.0015,0.9911,0.0074,0.0,0.0,0.0,-8.783180572320141,0.0004,4,0.9996,1.0073536818777074,9927,1,9855,0.0169802577808578,False,0.0038257500273175,47,archived_rho_0.5_unchanged,-15.040885021557667,False,ok,
6,Normal,10000,5,0.5,fresh_n,27,2026106727,,-1.0,6.257704449237527,False,40,inf,0.0,0.0,0.0,False,0.0,0.0015,0.9934,0.0051,0.0,0.0,0.0,-7.715662525606574,0.0003,3,0.9997,1.004217714400482,9958,1,9916,0.0084,False,0.003923250013031,47,archived_rho_0.5_unchanged,-13.973366974844101,False,ok,
6,Normal,10000,5,0.5,fresh_n,28,2026106728,,-1.0,6.257704449237527,False,1,7.088052338895989,0.9987,0.9987,0.9981998199819982,True,0.9987,0.0013,0.0,0.0,0.0,0.0,0.0,7.071856237122904,1.0,10000,0.0,10000.0,1,10000,0,1.079628439886922,False,0.0045426249853335,47,archived_rho_0.5_unchanged,0.8141517878853772,False,ok,
6,Normal,10000,5,0.5,fresh_n,28,2026106728,,-1.0,6.257704449237527,False,2,6.157773044442234,0.9563,0.9563,0.943894389438944,False,0.9563,0.0013,0.0,0.0,0.0424,0.0,0.0,6.100230595613406,1.0,10000,0.0,312.5,32,71,0,1.3404203568567288,False,0.0042073749937117,47,archived_rho_0.5_unchanged,-0.15747385362412025,False,ok,
6,Normal,10000,5,0.5,fresh_n,28,2026106728,,-1.0,6.257704449237527,False,3,5.93820813999008,0.9052,0.9034,0.8943894389438944,False,0.9052,0.0013,0.0024,0.002,0.0891,0.0,0.0,5.946882611359619,0.9971,9971,0.0029,98.03921568627452,102,1,15,1.421303546540415,False,0.004210665996652,47,archived_rho_0.5_unchanged,-0.3108218378779073,False,ok,
6,Normal,10000,5,0.5,fresh_n,28,2026106728,,-1.0,6.257704449237527,False,4,5.638950196323228,0.8404,0.8274,0.8064806480648065,False,0.8404,0.0013,0.009,0.0106,0.1387,0.0,0.0,5.548145838332378,0.9866,9866,0.0133999999999999,37.453183520599254,267,1,62,1.6104584723761637,False,0.0043376249959692,47,archived_rho_0.5_unchanged,-0.709558610905149,False,ok,
6,Normal,10000,5,0.5,fresh_n,28,2026106728,,-1.0,6.257704449237527,False,5,5.3374325562498965,0.7372,0.7235,0.7107710771077108,False,0.7372,0.0013,0.0177,0.0224,0.2214,0.0,0.0,5.148558820326282,0.9766,9766,0.0233999999999999,21.50537634408602,465,1,129,1.8399641319850089,False,0.0045885830186307,47,archived_rho_0.5_unchanged,-1.1091456289112447,False,ok,
6,Normal,10000,5,0.5,fresh_n,28,2026106728,,-1.0,6.257704449237527,False,6,4.950384208544817,0.615,0.594,0.5892589258925892,False,0.615,0.0013,0.0378,0.0301,0.3158,0.0,0.0,4.724772633677543,0.95,9500,0.05,12.919896640826874,774,1,268,2.0844247901795714,False,0.0048467500018887,47,archived_rho_0.5_unchanged,-1.5329318155599836,False,ok,
6,Normal,10000,5,0.5,fresh_n,28,2026106728,,-1.0,6.257704449237527,False,7,4.584971734692126,0.4777,0.4457,0.4305430543054305,False,0.4777,0.0013,0.0648,0.049,0.4072,0.0,0.0,4.163286849684704,0.9226,9226,0.0774,8.561643835616438,1168,1,430,2.362763938617891,False,0.0052412499790079,47,archived_rho_0.5_unchanged,-2.0944175995528225,False,ok,
6,Normal,10000,5,0.5,fresh_n,28,2026106728,,-1.0,6.257704449237527,False,8,4.197723828933245,0.3627,0.3258,0.3141314131413141,False,0.3627,0.0013,0.0995,0.072,0.4645,0.0,0.0,3.5187096480915545,0.8816,8816,0.1183999999999999,5.973715651135006,1674,1,714,2.5825171310694763,False,0.0053061250364407,47,archived_rho_0.5_unchanged,-2.738994801145972,False,ok,
6,Normal,10000,5,0.5,fresh_n,28,2026106728,,-1.0,6.257704449237527,False,9,3.7281215210032688,0.2597,0.201,0.1788178817881788,False,0.2597,0.0013,0.149,0.0964,0.4936,0.0,0.0,2.89249588771859,0.8245,8245,0.1755,4.436557231588288,2254,1,1042,2.7110454057108937,False,0.0056413330021314,47,archived_rho_0.5_unchanged,-3.3652085615189367,False,ok,
6,Normal,10000,5,0.5,fresh_n,28,2026106728,,-1.0,6.257704449237527,False,10,3.2417873156080934,0.1658,0.105,0.1014101410141014,False,0.1658,0.0013,0.1963,0.1333,0.5033,0.0,0.0,2.147385440926261,0.7634,7634,0.2366,3.444712366517396,2903,1,1446,2.849597058317751,False,0.0059445420047268,47,archived_rho_0.5_unchanged,-4.110319008311265,False,ok,
6,Normal,10000,5,0.5,fresh_n,28,2026106728,,-1.0,6.257704449237527,False,11,2.784770060864348,0.0923,0.0438,0.0414041404140414,False,0.0923,0.0013,0.2703,0.1531,0.483,0.0,0.0,1.3728662130984963,0.6911,6911,0.3088999999999999,2.7586206896551726,3625,1,1929,2.9213962520362013,False,0.0061914579709991,47,archived_rho_0.5_unchanged,-4.88483823613903,False,ok,
6,Normal,10000,5,0.5,fresh_n,28,2026106728,,-1.0,6.257704449237527,False,12,2.2103154941812453,0.0526,0.0142,0.0123012301230123,False,0.0526,0.0013,0.3344,0.1848,0.4269,0.0,0.0,0.6513679809266023,0.6113,6113,0.3887,2.31535077564251,4319,1,2483,2.8275706678256616,False,0.0064232919830828,47,archived_rho_0.5_unchanged,-5.606336468310924,False,ok,
6,Normal,10000,5,0.5,fresh_n,28,2026106728,,-1.0,6.257704449237527,False,13,1.7487970457087327,0.0284,0.0017,0.0008998200359928,False,0.0284,0.0013,0.4093,0.2091,0.3519,0.0,0.0,-0.0989491666478019,0.5198,5198,0.4801999999999999,1.9747235387045816,5064,1,3129,2.6267101721695933,False,0.0065502080251462,47,archived_rho_0.5_unchanged,-6.356653615885328,False,ok,
6,Normal,10000,5,0.5,fresh_n,28,2026106728,,-1.0,6.257704449237527,False,14,1.19982721773293,0.0132,0.0003,0.0,False,0.0132,0.0013,0.489,0.2196,0.2769,0.0,0.0,-0.787982396061621,0.4212,4212,0.5788,1.7289073305670817,5784,1,3795,2.321156073698119,False,0.006555792002473,47,archived_rho_0.5_unchanged,-7.045686845299148,False,ok,
6,Normal,10000,5,0.5,fresh_n,28,2026106728,,-1.0,6.257704449237527,False,15,0.761360254087005,0.0068,0.0,0.0,False,0.0068,0.0013,0.5626,0.2291,0.2002,0.0,0.0,-1.3332766289036158,0.3382,3382,0.6617999999999999,1.563721657544957,6395,1,4441,2.0278007910751032,False,0.0065755830146372,47,archived_rho_0.5_unchanged,-7.590981078141143,False,ok,
6,Normal,10000,5,0.5,fresh_n,28,2026106728,,-1.0,6.257704449237527,False,16,0.5146039523725595,0.0038,0.0,0.0,False,0.0038,0.0013,0.6349,0.2192,0.1408,0.0,0.0,-2.0455217860667414,0.2629,2629,0.7371,1.42571998859424,7014,1,5183,1.7505565165272483,False,0.0061888750060461,47,archived_rho_0.5_unchanged,-8.303226235304269,False,ok,
6,Normal,10000,5,0.5,fresh_n,28,2026106728,,-1.0,6.257704449237527,False,17,0.0440656423771093,0.0022,0.0,0.0,False,0.0022,0.0013,0.6909,0.2043,0.1013,0.0,0.0,-2.405524319929077,0.19,1900,0.81,1.3324450366422385,7505,1,5803,1.352647839610986,False,0.0058862500009126,47,archived_rho_0.5_unchanged,-8.663228769166604,False,ok,
6,Normal,10000,5,0.5,fresh_n,28,2026106728,,-1.0,6.257704449237527,False,18,-0.2124034001403463,0.0008,0.0,0.0,False,0.0008,0.0013,0.7436,0.1892,0.0651,0.0,0.0,-2.86987329341265,0.1396,1396,0.8604,1.258019876714052,7949,1,6452,1.0479575248288704,False,0.005653083033394,47,archived_rho_0.5_unchanged,-9.127577742650177,False,ok,
6,Normal,10000,5,0.5,fresh_n,28,2026106728,,-1.0,6.257704449237527,False,19,-1.387968378628865,0.0002,0.0,0.0,False,0.0002,0.0013,0.7971,0.1591,0.0423,0.0,0.0,-3.3071934459303307,0.1083,1083,0.8917,1.1981787682722262,8346,1,7088,0.8795230578331233,False,0.0052277080249041,47,archived_rho_0.5_unchanged,-9.564897895167856,False,ok,
6,Normal,10000,5,0.5,fresh_n,28,2026106728,,-1.0,6.257704449237527,False,20,-1.3103669775581408,0.0003,0.0,0.0,False,0.0003,0.0013,0.8337,0.1357,0.029,0.0,0.0,-3.6954584220584494,0.0732,732,0.9268,1.160092807424594,8620,1,7494,0.6579541298892416,False,0.005087541998364,47,archived_rho_0.5_unchanged,-9.953162871295977,False,ok,
6,Normal,10000,5,0.5,fresh_n,28,2026106728,,-1.0,6.257704449237527,False,21,inf,0.0,0.0,0.0,False,0.0,0.0013,0.8663,0.1137,0.0187,0.0,0.0,-3.6886252195612217,0.0503,503,0.9497,1.1196954428395476,8931,1,8030,0.456978215454367,False,0.0050277909613214,47,archived_rho_0.5_unchanged,-9.946329668798748,False,ok,
6,Normal,10000,5,0.5,fresh_n,28,2026106728,,-1.0,6.257704449237527,False,22,inf,0.0,0.0,0.0,False,0.0,0.0013,0.8905,0.097,0.0112,0.0,0.0,-4.4957522969996475,0.0384,384,0.9616,1.104728236853734,9052,1,8224,0.3948218037587289,False,0.0047489579883404,47,archived_rho_0.5_unchanged,-10.753456746237173,False,ok,
6,Normal,10000,5,0.5,fresh_n,28,2026106728,,-1.0,6.257704449237527,False,23,inf,0.0,0.0,0.0,False,0.0,0.0013,0.9089,0.0823,0.0075,0.0,0.0,-4.403619684322865,0.0276,276,0.9724,1.0797969981643452,9261,1,8602,0.2795147753885345,False,0.0044928750139661,47,archived_rho_0.5_unchanged,-10.661324133560392,False,ok,
6,Normal,10000,5,0.5,fresh_n,28,2026106728,,-1.0,6.257704449237527,False,24,inf,0.0,0.0,0.0,False,0.0,0.0013,0.9199,0.0736,0.0052,0.0,0.0,-4.828535035153598,0.0186,186,0.9814,1.0663254425250586,9378,1,8808,0.2072569696140901,False,0.0044863750226795,47,archived_rho_0.5_unchanged,-11.086239484391125,False,ok,
6,Normal,10000,5,0.5,fresh_n,28,2026106728,,-1.0,6.257704449237527,False,25,-1.7750088743240449,0.0001,0.0,0.0,False,0.0001,0.0013,0.9362,0.0589,0.0035,0.0,0.0,-4.908054978923303,0.0135,135,0.9865,1.055297593921486,9476,1,8990,0.1707208135532642,False,0.0045271249837242,47,archived_rho_0.5_unchanged,-11.165759428160829,False,ok,
6,Normal,10000,5,0.5,fresh_n,28,2026106728,,-1.0,6.257704449237527,False,26,inf,0.0,0.0,0.0,False,0.0,0.0013,0.9445,0.0524,0.0018,0.0,0.0,-5.3238607536168985,0.0103,103,0.9897,1.0419922892570594,9597,1,9221,0.1285336037359086,False,0.0042318329797126,47,archived_rho_0.5_unchanged,-11.581565202854424,False,ok,
6,Normal,10000,5,0.5,fresh_n,28,2026106728,,-1.0,6.257704449237527,False,27,-1.7750088743240449,0.0001,0.0,0.0,False,0.0001,0.0013,0.9549,0.0416,0.0021,0.0,0.0,-5.362225740165087,0.0073,73,0.9927,1.0379904504878554,9634,1,9285,0.1050192310190563,False,0.0041172910132445,47,archived_rho_0.5_unchanged,-11.619930189402613,False,ok,
6,Normal,10000,5,0.5,fresh_n,28,2026106728,,-1.0,6.257704449237527,False,28,inf,0.0,0.0,0.0,False,0.0,0.0013,0.9628,0.0344,0.0015,0.0,0.0,-5.3436573158808836,0.0054,54,0.9946,1.030715316429602,9702,1,9416,0.0801423108674464,False,0.004165708029177,47,archived_rho_0.5_unchanged,-11.60136176511841,False,ok,
6,Normal,10000,5,0.5,fresh_n,28,2026106728,,-1.0,6.257704449237527,False,29,inf,0.0,0.0,0.0,False,0.0,0.0013,0.967,0.0303,0.0014,0.0,0.0,-6.026662206378447,0.0048,48,0.9952,1.026272577996716,9744,1,9495,0.0656422603281924,False,0.0040755420341156,47,archived_rho_0.5_unchanged,-12.284366655615973,False,ok,
6,Normal,10000,5,0.5,fresh_n,28,2026106728,,-1.0,6.257704449237527,False,30,inf,0.0,0.0,0.0,False,0.0,0.0013,0.9711,0.0273,0.0003,0.0,0.0,-5.762348891279179,0.0024,24,0.9976,1.0221813349688236,9783,1,9569,0.0486007996844935,False,0.0040821659495122,47,archived_rho_0.5_unchanged,-12.020053340516705,False,ok,
6,Normal,10000,5,0.5,fresh_n,28,2026106728,,-1.0,6.257704449237527,False,31,inf,0.0,0.0,0.0,False,0.0,0.0013,0.9751,0.0233,0.0003,0.0,0.0,-6.689465915969006,0.0032,32,0.9968,1.0195758564437194,9808,1,9622,0.0486756080267629,False,0.0039277499890886,47,archived_rho_0.5_unchanged,-12.947170365206532,False,ok,
6,Normal,10000,5,0.5,fresh_n,28,2026106728,,-1.0,6.257704449237527,False,32,inf,0.0,0.0,0.0,False,0.0,0.0013,0.9825,0.016,0.0002,0.0,0.0,-6.510136098039686,0.0017,17,0.9983,1.012965964343598,9872,1,9746,0.0300636447122015,False,0.0039891250198706,47,archived_rho_0.5_unchanged,-12.767840547277213,False,ok,
6,Normal,10000,5,0.5,fresh_n,28,2026106728,,-1.0,6.257704449237527,False,33,inf,0.0,0.0,0.0,False,0.0,0.0013,0.9794,0.019,0.0003,0.0,0.0,-6.709022349390042,0.0023,23,0.9977,1.0141987829614605,9860,1,9724,0.0358308332761461,False,0.0038722080062143,47,archived_rho_0.5_unchanged,-12.966726798627569,False,ok,
6,Normal,10000,5,0.5,fresh_n,28,2026106728,,-1.0,6.257704449237527,False,34,inf,0.0,0.0,0.0,False,0.0,0.0013,0.984,0.0146,0.0001,0.0,0.0,-7.656825471021532,0.0018,18,0.9982,1.010611419909045,9895,1,9790,0.0209999999999999,False,0.0038789170212112,47,archived_rho_0.5_unchanged,-13.91452992025906,False,ok,
6,Normal,10000,5,0.5,fresh_n,28,2026106728,,-1.0,6.257704449237527,False,35,inf,0.0,0.0,0.0,False,0.0,0.0013,0.986,0.0125,0.0002,0.0,0.0,-6.804644084313284,0.0019,19,0.9981,1.011326860841424,9888,1,9780,0.0302724298590498,False,0.0038165000150911,47,archived_rho_0.5_unchanged,-13.06234853355081,False,ok,
6,Normal,10000,5,0.5,fresh_n,28,2026106728,,-1.0,6.257704449237527,False,36,inf,0.0,0.0,0.0,False,0.0,0.0013,0.9873,0.0113,0.0001,0.0,0.0,-8.020593348078194,0.0004,4,0.9996,1.0083694665725522,9917,1,9834,0.0166,False,0.0040014160331338,47,archived_rho_0.5_unchanged,-14.27829779731572,False,ok,
6,Normal,10000,5,0.5,fresh_n,28,2026106728,,-1.0,6.257704449237527,False,37,inf,0.0,0.0,0.0,False,0.0,0.0013,0.9892,0.0095,0.0,0.0,0.0,-7.674328922226461,0.0022,22,0.9978,1.008979921299566,9911,1,9826,0.0257177901699752,False,0.0039073330117389,47,archived_rho_0.5_unchanged,-13.932033371463987,False,ok,
6,Normal,10000,5,0.5,fresh_n,28,2026106728,,-1.0,6.257704449237527,False,38,inf,0.0,0.0,0.0,False,0.0,0.0013,0.9922,0.0065,0.0,0.0,0.0,-7.436721893109887,0.0004,4,0.9996,1.0062386798148522,9938,1,9876,0.0124,False,0.0038189580081962,47,archived_rho_0.5_unchanged,-13.694426342347413,False,ok,
6,Normal,10000,5,0.5,fresh_n,28,2026106728,,-1.0,6.257704449237527,False,39,inf,0.0,0.0,0.0,False,0.0,0.0013,0.9921,0.0065,0.0001,0.0,0.0,-7.205242321145891,0.0012,12,0.9988,1.0063399416322834,9937,1,9875,0.014409694138015,False,0.0037163750384934,47,archived_rho_0.5_unchanged,-13.462946770383418,False,ok,
6,Normal,10000,5,0.5,fresh_n,28,2026106728,,-1.0,6.257704449237527,False,40,inf,0.0,0.0,0.0,False,0.0,0.0013,0.9926,0.0061,0.0,0.0,0.0,-7.599442314436477,0.0003,3,0.9997,1.0054293183189222,9946,1,9892,0.0108,False,0.0037772499490529,47,archived_rho_0.5_unchanged,-13.857146763674002,False,ok,
6,Normal,10000,5,0.5,fresh_n,29,2026106729,,-1.0,6.257704449237527,False,1,7.085588883041082,0.9988,0.9988,0.9981998199819982,True,0.9988,0.0012,0.0,0.0,0.0,0.0,0.0,7.070738588991016,1.0,10000,0.0,10000.0,1,10000,0,1.0812000574381158,False,0.004641540988814,47,archived_rho_0.5_unchanged,0.8130341397534897,False,ok,
6,Normal,10000,5,0.5,fresh_n,29,2026106729,,-1.0,6.257704449237527,False,2,6.153367098035911,0.9531,0.9531,0.9495949594959496,False,0.9531,0.0012,0.0,0.0,0.0457,0.0,0.0,6.099078487392298,1.0,10000,0.0,312.5,32,30,0,1.3337158645389129,False,0.0043311670306138,47,archived_rho_0.5_unchanged,-0.15862596184522904,False,ok,
6,Normal,10000,5,0.5,fresh_n,29,2026106729,,-1.0,6.257704449237527,False,3,5.9354447488313715,0.9104,0.9076,0.9015901590159016,False,0.9104,0.0012,0.0017,0.0025,0.0842,0.0,0.0,5.941726282354003,0.9977,9977,0.0022999999999999,101.010101010101,99,1,17,1.3951349825271613,False,0.0042259590118192,47,archived_rho_0.5_unchanged,-0.3159781668835233,False,ok,
6,Normal,10000,5,0.5,fresh_n,29,2026106729,,-1.0,6.257704449237527,False,4,5.660416145921925,0.8455,0.8378,0.8238823882388239,False,0.8455,0.0012,0.0084,0.0092,0.1357,0.0,0.0,5.609760610170662,0.9891,9891,0.0109,43.29004329004329,231,1,54,1.566369578367235,False,0.0044431670103222,47,archived_rho_0.5_unchanged,-0.6479438390668646,False,ok,
6,Normal,10000,5,0.5,fresh_n,29,2026106729,,-1.0,6.257704449237527,False,5,5.357810623064464,0.7498,0.7348,0.7188718871887189,False,0.7498,0.0012,0.0188,0.015,0.2152,0.0,0.0,5.2342788053858715,0.9786,9786,0.0213999999999999,24.271844660194176,412,1,113,1.8038571156611616,False,0.0045226659858599,47,archived_rho_0.5_unchanged,-1.0234256438516551,False,ok,
6,Normal,10000,5,0.5,fresh_n,29,2026106729,,-1.0,6.257704449237527,False,6,5.02439240943301,0.6332,0.6127,0.5937593759375938,False,0.6332,0.0012,0.0363,0.0261,0.3032,0.0,0.0,4.806424593878259,0.9575,9575,0.0424999999999999,14.204545454545457,704,1,247,2.030470386726797,False,0.0047759999870322,47,archived_rho_0.5_unchanged,-1.4512798553592674,False,ok,
6,Normal,10000,5,0.5,fresh_n,29,2026106729,,-1.0,6.257704449237527,False,7,4.652089917872604,0.505,0.4759,0.4566456645664566,False,0.505,0.0012,0.0581,0.0425,0.3932,0.0,0.0,4.263327149258734,0.9337,9337,0.0663,9.569377990430622,1045,1,377,2.299785414270812,False,0.004966415988747,47,archived_rho_0.5_unchanged,-1.994377299978793,False,ok,
6,Normal,10000,5,0.5,fresh_n,29,2026106729,,-1.0,6.257704449237527,False,8,4.287265057769282,0.3942,0.352,0.3297329732973297,False,0.3942,0.0012,0.0849,0.0676,0.4521,0.0,0.0,3.674987771548152,0.8975,8975,0.1025,6.793478260869565,1472,1,546,2.5363083356548444,False,0.0052122499910183,47,archived_rho_0.5_unchanged,-2.582716677689375,False,ok,
6,Normal,10000,5,0.5,fresh_n,29,2026106729,,-1.0,6.257704449237527,False,9,3.8270746467600767,0.279,0.2283,0.207020702070207,False,0.279,0.0012,0.133,0.0909,0.4959,0.0,0.0,3.0330448197225595,0.8531,8531,0.1469,4.88997555012225,2045,1,916,2.6966586896332374,False,0.0054192920215427,47,archived_rho_0.5_unchanged,-3.224659629514967,False,ok,
6,Normal,10000,5,0.5,fresh_n,29,2026106729,,-1.0,6.257704449237527,False,10,3.4219602352951837,0.194,0.1353,0.1257125712571257,False,0.194,0.0012,0.1803,0.1153,0.5092,0.0,0.0,2.3741441540694206,0.7879,7879,0.2120999999999999,3.725782414307005,2684,1,1318,2.812304267058811,False,0.0058035419788211,47,archived_rho_0.5_unchanged,-3.883560295168106,False,ok,
6,Normal,10000,5,0.5,fresh_n,29,2026106729,,-1.0,6.257704449237527,False,11,2.8981752815537147,0.1174,0.0625,0.0522052205220522,False,0.1174,0.0012,0.2381,0.1561,0.4872,0.0,0.0,1.6374793842071222,0.7093,7093,0.2906999999999999,2.9559562518474727,3383,1,1756,2.8484569015665624,False,0.0060899579548276,47,archived_rho_0.5_unchanged,-4.620225065030405,False,ok,
6,Normal,10000,5,0.5,fresh_n,29,2026106729,,-1.0,6.257704449237527,False,12,2.3966659339528755,0.0679,0.0196,0.0132013201320132,False,0.0679,0.0012,0.3111,0.174,0.4458,0.0,0.0,0.9868739576803944,0.6383,6383,0.3617,2.472187886279358,4045,1,2264,2.8053096895649556,False,0.0062943749944679,47,archived_rho_0.5_unchanged,-5.270830491557132,False,ok,
6,Normal,10000,5,0.5,fresh_n,29,2026106729,,-1.0,6.257704449237527,False,13,1.804691241278914,0.0374,0.0049,0.0036003600360036,False,0.0374,0.0012,0.3785,0.2054,0.3775,0.0,0.0,0.2537291064110769,0.554,5540,0.4459999999999999,2.0885547201336676,4788,1,2905,2.666187630962571,False,0.0066110829939134,47,archived_rho_0.5_unchanged,-6.0039753428264495,False,ok,
6,Normal,10000,5,0.5,fresh_n,29,2026106729,,-1.0,6.257704449237527,False,14,1.534391351966132,0.0177,0.001,0.0003000300030003,False,0.0177,0.0012,0.4558,0.2197,0.3056,0.0,0.0,-0.434828796548509,0.4636,4636,0.5364,1.8321729571271528,5458,1,3492,2.4349159459710576,False,0.0065183749538846,47,archived_rho_0.5_unchanged,-6.692533245786036,False,ok,
6,Normal,10000,5,0.5,fresh_n,29,2026106729,,-1.0,6.257704449237527,False,15,0.8141850110509684,0.0104,0.0001,0.0,False,0.0104,0.0012,0.5457,0.2213,0.2214,0.0,0.0,-1.121168217504902,0.3773,3773,0.6227,1.6347882949158083,6117,1,4152,2.1801041557452803,False,0.0065143330139108,47,archived_rho_0.5_unchanged,-7.378872666742429,False,ok,
6,Normal,10000,5,0.5,fresh_n,29,2026106729,,-1.0,6.257704449237527,False,16,0.2329517710216101,0.005,0.0,0.0,False,0.005,0.0012,0.607,0.2211,0.1657,0.0,0.0,-1.7084385047153068,0.3029,3029,0.6971,1.485222040695084,6733,1,4876,1.893544935395049,False,0.0063923340057954,47,archived_rho_0.5_unchanged,-7.966142953952834,False,ok,
6,Normal,10000,5,0.5,fresh_n,29,2026106729,,-1.0,6.257704449237527,False,17,0.0365369464485634,0.0029,0.0,0.0,False,0.0029,0.0012,0.6652,0.2093,0.1214,0.0,0.0,-2.163970668463498,0.2389,2389,0.7611,1.3900472616068946,7194,1,5438,1.5852045952850355,False,0.0060867079882882,47,archived_rho_0.5_unchanged,-8.421675117701025,False,ok,
6,Normal,10000,5,0.5,fresh_n,29,2026106729,,-1.0,6.257704449237527,False,18,-0.6052708698798123,0.0016,0.0,0.0,False,0.0016,0.0012,0.727,0.1874,0.0828,0.0,0.0,-2.558095058725573,0.1719,1719,0.8281000000000001,1.2914890869172155,7743,1,6186,1.2482294504975262,False,0.0058004160528071,47,archived_rho_0.5_unchanged,-8.8157995079631,False,ok,
6,Normal,10000,5,0.5,fresh_n,29,2026106729,,-1.0,6.257704449237527,False,19,-0.5324486013476035,0.001,0.0,0.0,False,0.001,0.0012,0.7659,0.1759,0.056,0.0,0.0,-2.9669293240906627,0.1295,1295,0.8705,1.2362467548522684,8089,1,6686,1.00046718421101,False,0.005545207997784,47,archived_rho_0.5_unchanged,-9.22463377332819,False,ok,
6,Normal,10000,5,0.5,fresh_n,29,2026106729,,-1.0,6.257704449237527,False,20,-1.3780692994147377,0.0003,0.0,0.0,False,0.0003,0.0012,0.809,0.1541,0.0354,0.0,0.0,-3.399204550887392,0.0913,913,0.9087,1.1853959222380277,8436,1,7204,0.7775757902134497,False,0.0052691249875351,47,archived_rho_0.5_unchanged,-9.65690900012492,False,ok,
6,Normal,10000,5,0.5,fresh_n,29,2026106729,,-1.0,6.257704449237527,False,21,-1.5410327187631787,0.0002,0.0,0.0,False,0.0002,0.0012,0.8439,0.13,0.0247,0.0,0.0,-3.5474105604865662,0.071,710,0.929,1.1486331265793706,8706,1,7667,0.6168521580156782,False,0.0049857499543577,47,archived_rho_0.5_unchanged,-9.805115009724092,False,ok,
6,Normal,10000,5,0.5,fresh_n,29,2026106729,,-1.0,6.257704449237527,False,22,-2.393895606569366,0.0001,0.0,0.0,False,0.0001,0.0012,0.8641,0.1172,0.0174,0.0,0.0,-4.04198174397087,0.0506,506,0.9494,1.1189437171310284,8937,1,8047,0.4628718752422044,False,0.0046945419744588,47,archived_rho_0.5_unchanged,-10.299686193208396,False,ok,
6,Normal,10000,5,0.5,fresh_n,29,2026106729,,-1.0,6.257704449237527,False,23,inf,0.0,0.0,0.0,False,0.0,0.0012,0.8941,0.0957,0.009,0.0,0.0,-4.317467642990239,0.0325,325,0.9675,1.0981770261366133,9106,1,8318,0.3494159326597917,False,0.0045626669889315,47,archived_rho_0.5_unchanged,-10.575172092227767,False,ok,
6,Normal,10000,5,0.5,fresh_n,29,2026106729,,-1.0,6.257704449237527,False,24,-0.6405022336449921,0.0001,0.0,0.0,False,0.0001,0.0012,0.9104,0.0796,0.0087,0.0,0.0,-4.304953106590405,0.025,250,0.975,1.0787486515641855,9270,1,8621,0.2626892663265379,False,0.0043666249839589,47,archived_rho_0.5_unchanged,-10.562657555827933,False,ok,
6,Normal,10000,5,0.5,fresh_n,29,2026106729,,-1.0,6.257704449237527,False,25,inf,0.0,0.0,0.0,False,0.0,0.0012,0.9205,0.0736,0.0047,0.0,0.0,-4.619791973913814,0.02,200,0.98,1.0687186063909373,9357,1,8776,0.2266464874605752,False,0.0043977500172331,47,archived_rho_0.5_unchanged,-10.87749642315134,False,ok,
6,Normal,10000,5,0.5,fresh_n,29,2026106729,,-1.0,6.257704449237527,False,26,-1.949509170421307,0.0001,0.0,0.0,False,0.0001,0.0012,0.937,0.0578,0.0039,0.0,0.0,-4.929558946751003,0.0129,129,0.9871,1.0524100189433805,9502,1,9041,0.1646252546056426,False,0.0042874999926425,47,archived_rho_0.5_unchanged,-11.18726339598853,False,ok,
6,Normal,10000,5,0.5,fresh_n,29,2026106729,,-1.0,6.257704449237527,False,27,inf,0.0,0.0,0.0,False,0.0,0.0012,0.9443,0.0511,0.0034,0.0,0.0,-4.901367302452314,0.0121,121,0.9879,1.0481081647626036,9541,1,9115,0.1509432878657065,False,0.0041700829751789,47,archived_rho_0.5_unchanged,-11.15907175168984,False,ok,
6,Normal,10000,5,0.5,fresh_n,29,2026106729,,-1.0,6.257704449237527,False,28,inf,0.0,0.0,0.0,False,0.0,0.0012,0.9562,0.0415,0.0011,0.0,0.0,-5.604952352108931,0.0074,74,0.9926,1.0344470880314471,9667,1,9356,0.1023185185038667,False,0.0040125420200638,47,archived_rho_0.5_unchanged,-11.862656801346457,False,ok,
6,Normal,10000,5,0.5,fresh_n,29,2026106729,,-1.0,6.257704449237527,False,29,inf,0.0,0.0,0.0,False,0.0,0.0012,0.9635,0.0338,0.0015,0.0,0.0,-5.684331041509745,0.0054,54,0.9946,1.0323113451016828,9687,1,9388,0.0879765720211733,False,0.0040706659783609,47,archived_rho_0.5_unchanged,-11.942035490747273,False,ok,
6,Normal,10000,5,0.5,fresh_n,29,2026106729,,-1.0,6.257704449237527,False,30,inf,0.0,0.0,0.0,False,0.0,0.0012,0.9661,0.0319,0.0008,0.0,0.0,-5.798454042325024,0.0046,46,0.9954,1.0274324463166546,9733,1,9477,0.075036910608712,False,0.0039077920373529,47,archived_rho_0.5_unchanged,-12.05615849156255,False,ok,
6,Normal,10000,5,0.5,fresh_n,29,2026106729,,-1.0,6.257704449237527,False,31,inf,0.0,0.0,0.0,False,0.0,0.0012,0.971,0.0272,0.0006,0.0,0.0,-5.4158965314528205,0.0039,39,0.9961,1.0240655401945724,9765,1,9540,0.0653004060160908,False,0.00389766698936,47,archived_rho_0.5_unchanged,-11.673600980690347,False,ok,
6,Normal,10000,5,0.5,fresh_n,29,2026106729,,-1.0,6.257704449237527,False,32,inf,0.0,0.0,0.0,False,0.0,0.0012,0.9782,0.02,0.0006,0.0,0.0,-6.135600407428231,0.0022,22,0.9978,1.0196798205363515,9807,1,9618,0.047144348572253,False,0.0038905409746803,47,archived_rho_0.5_unchanged,-12.393304856665758,False,ok,
6,Normal,10000,5,0.5,fresh_n,29,2026106729,,-1.0,6.257704449237527,False,33,inf,0.0,0.0,0.0,False,0.0,0.0012,0.9771,0.0215,0.0002,0.0,0.0,-6.313962169667894,0.0019,19,0.9981,1.0176045588684235,9827,1,9657,0.0399215816461317,False,0.00388275005389,47,archived_rho_0.5_unchanged,-12.571666618905422,False,ok,
6,Normal,10000,5,0.5,fresh_n,29,2026106729,,-1.0,6.257704449237527,False,34,inf,0.0,0.0,0.0,False,0.0,0.0012,0.9842,0.0142,0.0004,0.0,0.0,-7.1548793241585145,0.0018,18,0.9982,1.0133765707336846,9868,1,9740,0.034442196007533,False,0.0038001670036464,47,archived_rho_0.5_unchanged,-13.41258377339604,False,ok,
6,Normal,10000,5,0.5,fresh_n,29,2026106729,,-1.0,6.257704449237527,False,35,inf,0.0,0.0,0.0,False,0.0,0.0012,0.9833,0.0153,0.0002,0.0,0.0,-6.558756985940165,0.0007,7,0.9993,1.013993104846887,9862,1,9725,0.0296920763106188,False,0.0038059999933466,47,archived_rho_0.5_unchanged,-12.816461435177692,False,ok,
6,Normal,10000,5,0.5,fresh_n,29,2026106729,,-1.0,6.257704449237527,False,36,inf,0.0,0.0,0.0,False,0.0,0.0012,0.9863,0.0121,0.0004,0.0,0.0,-6.132699298194701,0.0011,11,0.9989,1.010611419909045,9895,1,9791,0.0231184452989468,False,0.0037620840012095,47,archived_rho_0.5_unchanged,-12.390403747432227,False,ok,
6,Normal,10000,5,0.5,fresh_n,29,2026106729,,-1.0,6.257704449237527,False,37,inf,0.0,0.0,0.0,False,0.0,0.0012,0.9871,0.0117,0.0,0.0,0.0,-5.624679326299464,0.0005,5,0.9995,1.0086746015735324,9914,1,9828,0.0172,False,0.0037452080287039,47,archived_rho_0.5_unchanged,-11.88238377553699,False,ok,
6,Normal,10000,5,0.5,fresh_n,29,2026106729,,-1.0,6.257704449237527,False,38,inf,0.0,0.0,0.0,False,0.0,0.0012,0.9895,0.0092,0.0001,0.0,0.0,-6.960737576467184,0.0006,6,0.9994,1.006947940791461,9931,1,9863,0.0157067524588882,False,0.0037661250098608,47,archived_rho_0.5_unchanged,-13.21844202570471,False,ok,
6,Normal,10000,5,0.5,fresh_n,29,2026106729,,-1.0,6.257704449237527,False,39,inf,0.0,0.0,0.0,False,0.0,0.0012,0.9901,0.0087,0.0,0.0,0.0,-8.714737739271479,0.0004,4,0.9996,1.006947940791461,9931,1,9863,0.0163889941990444,False,0.0037417500279843,47,archived_rho_0.5_unchanged,-14.972442188509007,False,ok,
6,Normal,10000,5,0.5,fresh_n,29,2026106729,,-1.0,6.257704449237527,False,40,inf,0.0,0.0,0.0,False,0.0,0.0012,0.9901,0.0086,0.0001,0.0,0.0,0.0,0.0,0,1.0,1.0059350165979275,9941,1,9882,0.0118,False,0.0037032910040579,47,archived_rho_0.5_unchanged,-6.257704449237527,True,ok,
6,Normal,10000,5,0.5,fresh_n,30,2026106730,,-1.0,6.257704449237527,False,1,7.076689825206785,0.9987,0.9987,0.9984998499849984,True,0.9987,0.0013,0.0,0.0,0.0,0.0,0.0,7.065804570827786,1.0,10000,0.0,10000.0,1,10000,0,1.0813313597499663,False,0.0045833340263925,47,archived_rho_0.5_unchanged,0.8081001215902592,False,ok,
6,Normal,10000,5,0.5,fresh_n,30,2026106730,,-1.0,6.257704449237527,False,2,6.134038793922473,0.9558,0.9558,0.9508098380323936,False,0.9558,0.0013,0.0,0.0,0.0429,0.0,0.0,6.074339658763166,1.0,10000,0.0,312.5,32,70,0,1.3488141982940274,False,0.0041594170033931,47,archived_rho_0.5_unchanged,-0.18336479047436072,False,ok,
6,Normal,10000,5,0.5,fresh_n,30,2026106730,,-1.0,6.257704449237527,False,3,5.918775702235973,0.9055,0.9034,0.8934893489348935,False,0.9055,0.0013,0.0021,0.0022,0.0889,0.0,0.0,5.937939817438139,0.9972,9972,0.0028,100.0,100,1,13,1.4054181524106744,False,0.0043203749810345,47,archived_rho_0.5_unchanged,-0.3197646317993881,False,ok,
6,Normal,10000,5,0.5,fresh_n,30,2026106730,,-1.0,6.257704449237527,False,4,5.650845536828499,0.8508,0.8418,0.8260347930413917,False,0.8508,0.0013,0.0109,0.0111,0.1259,0.0,0.0,5.572357789317463,0.9854,9854,0.0145999999999999,39.0625,256,1,66,1.550388732509695,False,0.004487959027756,47,archived_rho_0.5_unchanged,-0.6853466599200635,False,ok,
6,Normal,10000,5,0.5,fresh_n,30,2026106730,,-1.0,6.257704449237527,False,5,5.363225243827435,0.7566,0.7446,0.7369526094781044,False,0.7566,0.0013,0.02,0.0189,0.2032,0.0,0.0,5.218093633170345,0.9749,9749,0.0251,22.573363431151243,443,1,130,1.785329056308523,False,0.0045720000052824,47,archived_rho_0.5_unchanged,-1.0396108160671815,False,ok,
6,Normal,10000,5,0.5,fresh_n,30,2026106730,,-1.0,6.257704449237527,False,6,5.026500050840831,0.6452,0.6292,0.6154769046190762,False,0.6452,0.0013,0.0359,0.0262,0.2914,0.0,0.0,4.789980534964196,0.9566,9566,0.0433999999999999,14.409221902017292,694,1,227,2.0231499925480794,False,0.0046992499846965,47,archived_rho_0.5_unchanged,-1.4677239142733303,False,ok,
6,Normal,10000,5,0.5,fresh_n,30,2026106730,,-1.0,6.257704449237527,False,7,4.6697785275238735,0.5153,0.4808,0.4691061787642471,False,0.5153,0.0013,0.0566,0.0407,0.3861,0.0,0.0,4.2561029634938,0.9367,9367,0.0633,9.596928982725528,1042,1,378,2.312459658120525,False,0.0049621249781921,47,archived_rho_0.5_unchanged,-2.001601485743727,False,ok,
6,Normal,10000,5,0.5,fresh_n,30,2026106730,,-1.0,6.257704449237527,False,8,4.269925759538796,0.3951,0.3553,0.3353329334133173,False,0.3951,0.0013,0.089,0.0625,0.4521,0.0,0.0,3.6517856912416335,0.8948,8948,0.1051999999999999,6.609385327164573,1513,1,619,2.535926875345148,False,0.005179958010558,47,archived_rho_0.5_unchanged,-2.605918757995893,False,ok,
6,Normal,10000,5,0.5,fresh_n,30,2026106730,,-1.0,6.257704449237527,False,9,3.866088510568198,0.2848,0.2358,0.2201559688062387,False,0.2848,0.0013,0.1295,0.0855,0.4989,0.0,0.0,3.10402563260065,0.8443,8443,0.1556999999999999,4.861448711716092,2057,1,922,2.6749378469800313,False,0.0054450829629786,47,archived_rho_0.5_unchanged,-3.1536788166368765,False,ok,
6,Normal,10000,5,0.5,fresh_n,30,2026106730,,-1.0,6.257704449237527,False,10,3.4583208275393247,0.1901,0.1372,0.1307738452309538,False,0.1901,0.0013,0.1792,0.1185,0.5109,0.0,0.0,2.3238193830587055,0.7887,7887,0.2113,3.7467216185837393,2669,1,1267,2.845580274067191,False,0.0057257500011473,47,archived_rho_0.5_unchanged,-3.933885066178821,False,ok,
6,Normal,10000,5,0.5,fresh_n,30,2026106730,,-1.0,6.257704449237527,False,11,3.006332151997696,0.118,0.0632,0.0557888422315536,False,0.118,0.0013,0.2398,0.1463,0.4946,0.0,0.0,1.646042302774759,0.7152,7152,0.2848,2.9967036260113873,3337,1,1708,2.851083804035692,False,0.0060821250081062,47,archived_rho_0.5_unchanged,-4.611662146462768,False,ok,
6,Normal,10000,5,0.5,fresh_n,30,2026106730,,-1.0,6.257704449237527,False,12,2.4353452227246852,0.0696,0.0255,0.0200959808038392,False,0.0696,0.0013,0.311,0.1702,0.4479,0.0,0.0,0.9084400585460892,0.649,6490,0.351,2.4801587301587302,4032,1,2241,2.904526637319145,False,0.0063012919854372,47,archived_rho_0.5_unchanged,-5.349264390691437,False,ok,
6,Normal,10000,5,0.5,fresh_n,30,2026106730,,-1.0,6.257704449237527,False,13,1.994858469273039,0.0415,0.0069,0.0054005400540054,False,0.0415,0.0013,0.3724,0.2038,0.381,0.0,0.0,0.2242049192234162,0.5636,5636,0.4364,2.1422450728363325,4668,1,2711,2.715485092678792,False,0.0065188750158995,47,archived_rho_0.5_unchanged,-6.033499530014111,False,ok,
6,Normal,10000,5,0.5,fresh_n,30,2026106730,,-1.0,6.257704449237527,False,14,1.3482296394498818,0.0189,0.0017,0.0008998200359928,False,0.0189,0.0013,0.4531,0.2138,0.3129,0.0,0.0,-0.4944276874715694,0.4707,4707,0.5293,1.844337882700111,5422,1,3440,2.4910588592086533,False,0.0066430419683456,47,archived_rho_0.5_unchanged,-6.752132136709096,False,ok,
6,Normal,10000,5,0.5,fresh_n,30,2026106730,,-1.0,6.257704449237527,False,15,1.04969010605706,0.0109,0.0,0.0,False,0.0109,0.0013,0.5197,0.2293,0.2388,0.0,0.0,-0.9927121643774264,0.3875,3875,0.6125,1.6627868307283007,6014,1,4027,2.200354973321811,False,0.0066655420232564,47,archived_rho_0.5_unchanged,-7.250416613614953,False,ok,
6,Normal,10000,5,0.5,fresh_n,30,2026106730,,-1.0,6.257704449237527,False,16,0.6022920438257734,0.0064,0.0,0.0,False,0.0064,0.0013,0.5958,0.2299,0.1666,0.0,0.0,-1.703297401175833,0.308,3080,0.692,1.5030813166992334,6653,1,4760,1.9145761427708392,False,0.0091299170162528,47,archived_rho_0.5_unchanged,-7.96100185041336,False,ok,
6,Normal,10000,5,0.5,fresh_n,30,2026106730,,-1.0,6.257704449237527,False,17,-0.1704272039454863,0.0029,0.0,0.0,False,0.0029,0.0013,0.6635,0.2122,0.1201,0.0,0.0,-2.103716204562667,0.2256,2256,0.7744,1.3812154696132597,7240,1,5485,1.507235153042698,False,0.0064134579733945,47,archived_rho_0.5_unchanged,-8.361420653800193,False,ok,
6,Normal,10000,5,0.5,fresh_n,30,2026106730,,-1.0,6.257704449237527,False,18,-0.3376407626395361,0.0019,0.0,0.0,False,0.0019,0.0013,0.7165,0.1946,0.0857,0.0,0.0,-2.564682051573924,0.1791,1791,0.8209,1.3007284079084287,7688,1,6108,1.2989276396980929,False,0.0061918749706819,47,archived_rho_0.5_unchanged,-8.82238650081145,False,ok,
6,Normal,10000,5,0.5,fresh_n,30,2026106730,,-1.0,6.257704449237527,False,19,-0.204287111222159,0.0005,0.0,0.0,False,0.0005,0.0013,0.7672,0.1747,0.0563,0.0,0.0,-3.0035863652457184,0.1298,1298,0.8702,1.2377769525931428,8079,1,6663,1.0076422620898218,False,0.0056728749768808,47,archived_rho_0.5_unchanged,-9.261290814483246,False,ok,
6,Normal,10000,5,0.5,fresh_n,30,2026106730,,-1.0,6.257704449237527,False,20,-2.450578544004113,0.0003,0.0,0.0,False,0.0003,0.0013,0.8111,0.1462,0.0411,0.0,0.0,-3.5337944470096208,0.0847,847,0.9153,1.1830119484206791,8453,1,7213,0.7348668820837246,False,0.0054046669974923,47,archived_rho_0.5_unchanged,-9.791498896247148,False,ok,
6,Normal,10000,5,0.5,fresh_n,30,2026106730,,-1.0,6.257704449237527,False,21,-2.437598641681248,0.0002,0.0,0.0,False,0.0002,0.0013,0.8409,0.1304,0.0272,0.0,0.0,-3.6793867097837007,0.071,710,0.929,1.154467790348649,8662,1,7568,0.6221617885326018,False,0.0052080830209888,47,archived_rho_0.5_unchanged,-9.937091159021227,False,ok,
6,Normal,10000,5,0.5,fresh_n,30,2026106730,,-1.0,6.257704449237527,False,22,-1.9550956803711403,0.0001,0.0,0.0,False,0.0001,0.0013,0.8687,0.1131,0.0168,0.0,0.0,-4.196839443422187,0.043,430,0.957,1.1179429849077698,8945,1,8034,0.4380699566688711,False,0.0049802500288933,47,archived_rho_0.5_unchanged,-10.454543892659714,False,ok,
6,Normal,10000,5,0.5,fresh_n,30,2026106730,,-1.0,6.257704449237527,False,23,inf,0.0,0.0,0.0,False,0.0,0.0013,0.8902,0.0957,0.0128,0.0,0.0,-4.21894315811621,0.0386,386,0.9614,1.096371011950444,9121,1,8362,0.3737522614742921,False,0.0046730840113013,47,archived_rho_0.5_unchanged,-10.476647607353737,False,ok,
6,Normal,10000,5,0.5,fresh_n,30,2026106730,,-1.0,6.257704449237527,False,24,inf,0.0,0.0,0.0,False,0.0,0.0013,0.9101,0.0807,0.0079,0.0,0.0,-4.337060116814626,0.0262,262,0.9738,1.0826025765941325,9237,1,8554,0.2819241325618836,False,0.0045857920194976,47,archived_rho_0.5_unchanged,-10.594764566052152,False,ok,
6,Normal,10000,5,0.5,fresh_n,30,2026106730,,-1.0,6.257704449237527,False,25,-1.3660279929415615,0.0001,0.0,0.0,False,0.0001,0.0013,0.9259,0.0671,0.0056,0.0,0.0,-4.712451663617738,0.0192,192,0.9808,1.0683760683760684,9360,1,8776,0.2200477863913541,False,0.0043887500069104,47,archived_rho_0.5_unchanged,-10.970156112855264,False,ok,
6,Normal,10000,5,0.5,fresh_n,30,2026106730,,-1.0,6.257704449237527,False,26,inf,0.0,0.0,0.0,False,0.0,0.0013,0.9417,0.0531,0.0039,0.0,0.0,-4.890189433789391,0.0142,142,0.9858,1.0542962572482868,9485,1,9009,0.1641529545533635,False,0.0042828749865293,47,archived_rho_0.5_unchanged,-11.147893883026917,False,ok,
6,Normal,10000,5,0.5,fresh_n,30,2026106730,,-1.0,6.257704449237527,False,27,inf,0.0,0.0,0.0,False,0.0,0.0013,0.9468,0.0486,0.0033,0.0,0.0,-4.989799814454699,0.0103,103,0.9897,1.0469011725293131,9552,1,9132,0.1305561428116207,False,0.0042032080236822,47,archived_rho_0.5_unchanged,-11.247504263692225,False,ok,
6,Normal,10000,5,0.5,fresh_n,30,2026106730,,-1.0,6.257704449237527,False,28,inf,0.0,0.0,0.0,False,0.0,0.0013,0.9547,0.0424,0.0016,0.0,0.0,-5.670787383827326,0.007,70,0.993,1.0368066355624677,9645,1,9307,0.0988379227524887,False,0.0041578749660402,47,archived_rho_0.5_unchanged,-11.928491833064854,False,ok,
6,Normal,10000,5,0.5,fresh_n,30,2026106730,,-1.0,6.257704449237527,False,29,inf,0.0,0.0,0.0,False,0.0,0.0013,0.9606,0.0367,0.0014,0.0,0.0,-5.550990114794727,0.0072,72,0.9928,1.03327133705311,9678,1,9375,0.0983513700718655,False,0.0042478329851292,47,archived_rho_0.5_unchanged,-11.808694564032255,False,ok,
6,Normal,10000,5,0.5,fresh_n,30,2026106730,,-1.0,6.257704449237527,False,30,inf,0.0,0.0,0.0,False,0.0,0.0013,0.9663,0.0314,0.001,0.0,0.0,-6.111849705032268,0.0043,43,0.9957,1.027326895418122,9734,1,9478,0.0691836176269105,False,0.0040427499916404,47,archived_rho_0.5_unchanged,-12.369554154269796,False,ok,
6,Normal,10000,5,0.5,fresh_n,30,2026106730,,-1.0,6.257704449237527,False,31,inf,0.0,0.0,0.0,False,0.0,0.0013,0.9738,0.0244,0.0005,0.0,0.0,-5.504619226328526,0.0048,48,0.9952,1.022285831118381,9782,1,9575,0.0656906071880473,False,0.0039134590188041,47,archived_rho_0.5_unchanged,-11.762323675566051,False,ok,
6,Normal,10000,5,0.5,fresh_n,30,2026106730,,-1.0,6.257704449237527,False,32,inf,0.0,0.0,0.0,False,0.0,0.0013,0.9783,0.0201,0.0003,0.0,0.0,-6.101032332230153,0.0039,39,0.9961,1.0212418300653594,9792,1,9591,0.0531550142970194,False,0.0039497090037912,47,archived_rho_0.5_unchanged,-12.35873678146768,False,ok,
6,Normal,10000,5,0.5,fresh_n,30,2026106730,,-1.0,6.257704449237527,False,33,inf,0.0,0.0,0.0,False,0.0,0.0013,0.9788,0.0196,0.0003,0.0,0.0,-5.890477717604988,0.0025,25,0.9975,1.0163634515702815,9839,1,9683,0.040197088452319,False,0.0039564169710502,47,archived_rho_0.5_unchanged,-12.148182166842513,False,ok,
6,Normal,10000,5,0.5,fresh_n,30,2026106730,,-1.0,6.257704449237527,False,34,inf,0.0,0.0,0.0,False,0.0,0.0013,0.9815,0.0171,0.0001,0.0,0.0,-6.709903139211705,0.0026,26,0.9974,1.0165700925078784,9837,1,9679,0.042782098687665,False,0.0037966249510645,47,archived_rho_0.5_unchanged,-12.967607588449232,False,ok,
6,Normal,10000,5,0.5,fresh_n,30,2026106730,,-1.0,6.257704449237527,False,35,inf,0.0,0.0,0.0,False,0.0,0.0013,0.9852,0.0134,0.0001,0.0,0.0,-5.970762056092597,0.0023,23,0.9977,1.010815728292732,9893,1,9791,0.0282857191368728,False,0.0037491249968297,47,archived_rho_0.5_unchanged,-12.228466505330124,False,ok,
6,Normal,10000,5,0.5,fresh_n,30,2026106730,,-1.0,6.257704449237527,False,36,inf,0.0,0.0,0.0,False,0.0,0.0013,0.9856,0.0129,0.0002,0.0,0.0,-6.435154665867384,0.0023,23,0.9977,1.012965964343598,9872,1,9750,0.0375671028973213,False,0.003725291986484,47,archived_rho_0.5_unchanged,-12.69285911510491,False,ok,
6,Normal,10000,5,0.5,fresh_n,30,2026106730,,-1.0,6.257704449237527,False,37,inf,0.0,0.0,0.0,False,0.0,0.0013,0.9887,0.01,0.0,0.0,0.0,-7.038323840974908,0.0011,11,0.9989,1.0081661457808246,9919,1,9840,0.0177722950817541,False,0.0037983749643899,47,archived_rho_0.5_unchanged,-13.296028290212433,False,ok,
6,Normal,10000,5,0.5,fresh_n,30,2026106730,,-1.0,6.257704449237527,False,38,inf,0.0,0.0,0.0,False,0.0,0.0013,0.9902,0.0085,0.0,0.0,0.0,-7.914646675819414,0.0009,9,0.9991,1.0083694665725522,9917,1,9835,0.0186922880438379,False,0.003718750027474,47,archived_rho_0.5_unchanged,-14.172351125056942,False,ok,
6,Normal,10000,5,0.5,fresh_n,30,2026106730,,-1.0,6.257704449237527,False,39,inf,0.0,0.0,0.0,False,0.0,0.0013,0.9918,0.0069,0.0,0.0,0.0,-5.970415075645819,0.0008,8,0.9992,1.007658202337767,9924,1,9850,0.0168297259372937,False,0.0037132080178707,47,archived_rho_0.5_unchanged,-12.228119524883347,False,ok,
6,Normal,10000,5,0.5,fresh_n,30,2026106730,,-1.0,6.257704449237527,False,40,inf,0.0,0.0,0.0,False,0.0,0.0013,0.9921,0.0065,0.0001,0.0,0.0,-6.899034058112647,0.0011,11,0.9989,1.0068465565847764,9932,1,9865,0.0150438550316288,False,0.0037266659783199,47,archived_rho_0.5_unchanged,-13.156738507350173,False,ok,
