study_config_id,config_id,family,n,d,rho,replicate,seed,truth,origin,assumption_matched,ell,estimate,coverage,n_valid,skipped_point_fraction,mean_cell_size,occupied_cells,min_cell_size,singleton_cells,integrated_mass,degenerate,error,zero_valid,status,failure,elapsed_s
38,5,Normal,3000,5,0.4,1,2026105701,6.5507971410051,new_lower_rho_same_seed_schedule,False,1,7.042288572420221,1.0,3000,0.0,3000.0,1,3000,0,1.140479103518303,False,0.4914914314151204,False,ok,,0.0011710840044543147
38,5,Normal,3000,5,0.4,1,2026105701,6.5507971410051,new_lower_rho_same_seed_schedule,False,2,6.069792201924946,1.0,3000,0.0,93.75,32,22,0,1.6708759854314148,False,-0.4810049390801545,False,ok,,0.0011023329570889473
38,5,Normal,3000,5,0.4,1,2026105701,6.5507971410051,new_lower_rho_same_seed_schedule,False,3,5.532228054816268,0.9866666666666667,2960,0.013333333333333308,26.548672566371682,113,1,23,1.8850795645608542,False,-1.0185690861888324,False,ok,,0.0011749999830499291
38,5,Normal,3000,5,0.4,1,2026105701,6.5507971410051,new_lower_rho_same_seed_schedule,False,4,4.717085938189773,0.943,2829,0.05700000000000005,10.56338028169014,284,1,87,2.3021995705734475,False,-1.8337112028153273,False,ok,,0.00130191701464355
38,5,Normal,3000,5,0.4,1,2026105701,6.5507971410051,new_lower_rho_same_seed_schedule,False,5,3.823896753947616,0.8836666666666667,2651,0.11633333333333329,6.109979633401222,491,1,193,2.5994814499310204,False,-2.7269003870574844,False,ok,,0.0014097089879214764
38,5,Normal,3000,5,0.4,1,2026105701,6.5507971410051,new_lower_rho_same_seed_schedule,False,6,2.826404273782349,0.809,2427,0.19099999999999995,4.005340453938585,749,1,342,2.8719490987473253,False,-3.7243928672227513,False,ok,,0.001504375017248094
38,5,Normal,3000,5,0.4,1,2026105701,6.5507971410051,new_lower_rho_same_seed_schedule,False,7,1.6401909334913942,0.6866666666666666,2060,0.31333333333333335,2.785515320334262,1077,1,576,2.758506283297095,False,-4.910606207513706,False,ok,,0.0015857089892961085
38,5,Normal,3000,5,0.4,1,2026105701,6.5507971410051,new_lower_rho_same_seed_schedule,False,8,0.5936334882861793,0.555,1665,0.44499999999999995,2.099370188943317,1429,1,869,2.656079004842002,False,-5.957163652718921,False,ok,,0.0016595409833826125
38,5,Normal,3000,5,0.4,1,2026105701,6.5507971410051,new_lower_rho_same_seed_schedule,False,9,-0.46803487162180235,0.4196666666666667,1259,0.5803333333333334,1.7371163867979154,1727,1,1123,2.321000686083849,False,-7.018832012626903,False,ok,,0.0017288330127485096
38,5,Normal,3000,5,0.4,1,2026105701,6.5507971410051,new_lower_rho_same_seed_schedule,False,10,-1.2253566848076065,0.29633333333333334,889,0.7036666666666667,1.4977533699450825,2003,1,1429,1.8021666122106677,False,-7.776153825812707,False,ok,,0.0016626249998807907
38,5,Normal,3000,5,0.4,1,2026105701,6.5507971410051,new_lower_rho_same_seed_schedule,False,11,-2.0974469205280406,0.19333333333333333,580,0.8066666666666666,1.3262599469496021,2262,1,1774,1.3443504014813668,False,-8.648244061533141,False,ok,,0.0015327919973060489
38,5,Normal,3000,5,0.4,1,2026105701,6.5507971410051,new_lower_rho_same_seed_schedule,False,12,-2.8411949197047788,0.117,351,0.883,1.2116316639741518,2476,1,2084,0.897515955023698,False,-9.391992060709878,False,ok,,0.0014164579915814102
38,5,Normal,3000,5,0.4,1,2026105701,6.5507971410051,new_lower_rho_same_seed_schedule,False,13,-3.157604556762497,0.079,237,0.921,1.1636927851047323,2578,1,2248,0.6580650130079346,False,-9.708401697767597,False,ok,,0.0013124169781804085
38,5,Normal,3000,5,0.4,1,2026105701,6.5507971410051,new_lower_rho_same_seed_schedule,False,14,-3.451274629810066,0.044333333333333336,133,0.9556666666666667,1.1148272017837235,2691,1,2425,0.4114886137032793,False,-10.002071770815167,False,ok,,0.001223083003424108
38,5,Normal,3000,5,0.4,1,2026105701,6.5507971410051,new_lower_rho_same_seed_schedule,False,15,-3.8915639889505833,0.036,108,0.964,1.0748835542816195,2791,1,2617,0.3213201856467293,False,-10.442361129955684,False,ok,,0.0011412500170990825
38,5,Normal,3000,5,0.4,1,2026105701,6.5507971410051,new_lower_rho_same_seed_schedule,False,16,-3.9254159158391673,0.014,42,0.986,1.053740779768177,2847,1,2705,0.16855370791916766,False,-10.476213056844268,False,ok,,0.0010813340195454657
38,5,Normal,3000,5,0.4,1,2026105701,6.5507971410051,new_lower_rho_same_seed_schedule,False,17,-4.4492253132937005,0.007666666666666666,23,0.9923333333333333,1.0467550593161201,2866,1,2739,0.1230511748173215,False,-11.0000224542988,False,ok,,0.0010914999875240028
38,5,Normal,3000,5,0.4,1,2026105701,6.5507971410051,new_lower_rho_same_seed_schedule,False,18,-5.9564221227370275,0.007333333333333333,22,0.9926666666666667,1.0327022375215147,2905,1,2815,0.09383906181062282,False,-12.507219263742128,False,ok,,0.001007665996439755
38,5,Normal,3000,5,0.4,1,2026105701,6.5507971410051,new_lower_rho_same_seed_schedule,False,19,-5.025609934630845,0.0026666666666666666,8,0.9973333333333333,1.0252904989747096,2926,1,2854,0.059668755461735584,False,-11.576407075635945,False,ok,,0.0009878749842755497
38,5,Normal,3000,5,0.4,1,2026105701,6.5507971410051,new_lower_rho_same_seed_schedule,False,20,-5.307863603819145,0.0033333333333333335,10,0.9966666666666667,1.0214504596527068,2937,1,2876,0.05380801924165525,False,-11.858660744824245,False,ok,,0.0009951250394806266
38,5,Normal,3000,5,0.4,1,2026105701,6.5507971410051,new_lower_rho_same_seed_schedule,False,21,-5.909362842340775,0.0016666666666666668,5,0.9983333333333333,1.015228426395939,2955,1,2911,0.03851487452011914,False,-12.460159983345875,False,ok,,0.0009554579737596214
38,5,Normal,3000,5,0.4,1,2026105701,6.5507971410051,new_lower_rho_same_seed_schedule,False,22,-6.685108114607789,0.001,3,0.999,1.0118043844856661,2965,1,2930,0.02333333333333332,False,-13.235905255612888,False,ok,,0.0009509589872322977
38,5,Normal,3000,5,0.4,1,2026105701,6.5507971410051,new_lower_rho_same_seed_schedule,False,23,-3.721230810972591,0.0006666666666666666,2,0.9993333333333333,1.0090817356205852,2973,1,2946,0.01799999999999999,False,-10.272027951977691,False,ok,,0.0009307079599238932
38,5,Normal,3000,5,0.4,1,2026105701,6.5507971410051,new_lower_rho_same_seed_schedule,False,24,-5.297851807885497,0.001,3,0.999,1.0090817356205852,2973,1,2947,0.025200599228330785,False,-11.848648948890597,False,ok,,0.0009221250074915588
38,5,Normal,3000,5,0.4,1,2026105701,6.5507971410051,new_lower_rho_same_seed_schedule,False,25,-6.744298452669177,0.001,3,0.999,1.0084033613445378,2975,1,2950,0.01666666666666666,False,-13.295095593674278,False,ok,,0.0009126670192927122
38,5,Normal,3000,5,0.4,1,2026105701,6.5507971410051,new_lower_rho_same_seed_schedule,False,26,-5.764965396440521,0.0016666666666666668,5,0.9983333333333333,1.0060362173038229,2982,1,2965,0.01735759772827699,False,-12.315762537445622,False,ok,,0.0009040420409291983
38,5,Normal,3000,5,0.4,1,2026105701,6.5507971410051,new_lower_rho_same_seed_schedule,False,27,-7.763422933799758,0.0006666666666666666,2,0.9993333333333333,1.0063737001006374,2981,1,2962,0.01266666666666666,False,-14.314220074804858,False,ok,,0.0009040000149980187
38,5,Normal,3000,5,0.4,1,2026105701,6.5507971410051,new_lower_rho_same_seed_schedule,False,28,-7.831751671500531,0.0003333333333333333,1,0.9996666666666667,1.001669449081803,2995,1,2990,0.003333333333333333,False,-14.382548812505632,False,ok,,0.0008876250358298421
38,5,Normal,3000,5,0.4,1,2026105701,6.5507971410051,new_lower_rho_same_seed_schedule,False,29,-5.286317481309067,0.001,3,0.999,1.0040160642570282,2988,1,2976,0.007999999999999998,False,-11.837114622314168,False,ok,,0.0008940830011852086
38,5,Normal,3000,5,0.4,1,2026105701,6.5507971410051,new_lower_rho_same_seed_schedule,False,30,0.0,0.0,0,1.0,1.0040160642570282,2988,1,2976,0.007999999999999998,False,-6.5507971410051,True,ok,,0.0008890419849194586
38,5,Normal,3000,5,0.4,1,2026105701,6.5507971410051,new_lower_rho_same_seed_schedule,False,31,0.0,0.0,0,1.0,1.002004008016032,2994,1,2988,0.004,False,-6.5507971410051,True,ok,,0.0008804169483482838
38,5,Normal,3000,5,0.4,1,2026105701,6.5507971410051,new_lower_rho_same_seed_schedule,False,32,0.0,0.0,0,1.0,1.001001001001001,2997,1,2994,0.001999999999999999,False,-6.5507971410051,True,ok,,0.0008967909961938858
38,5,Normal,3000,5,0.4,1,2026105701,6.5507971410051,new_lower_rho_same_seed_schedule,False,33,-6.749085070654436,0.0003333333333333333,1,0.9996666666666667,1.0030090270812437,2991,1,2982,0.005999999999999999,False,-13.299882211659536,False,ok,,0.0008913329802453518
38,5,Normal,3000,5,0.4,1,2026105701,6.5507971410051,new_lower_rho_same_seed_schedule,False,34,0.0,0.0,0,1.0,1.0003334444814937,2999,1,2998,0.0006666666666666666,False,-6.5507971410051,True,ok,,0.0008746670209802687
38,5,Normal,3000,5,0.4,1,2026105701,6.5507971410051,new_lower_rho_same_seed_schedule,False,35,0.0,0.0,0,1.0,1.0023387905111927,2993,1,2986,0.004666666666666666,False,-6.5507971410051,True,ok,,0.0008881670073606074
38,5,Normal,3000,5,0.4,1,2026105701,6.5507971410051,new_lower_rho_same_seed_schedule,False,36,0.0,0.0,0,1.0,1.0013351134846462,2996,1,2992,0.0026666666666666666,False,-6.5507971410051,True,ok,,0.0008935420191846788
38,5,Normal,3000,5,0.4,1,2026105701,6.5507971410051,new_lower_rho_same_seed_schedule,False,37,0.0,0.0,0,1.0,1.002004008016032,2994,1,2988,0.004,False,-6.5507971410051,True,ok,,0.0008868750301189721
38,5,Normal,3000,5,0.4,1,2026105701,6.5507971410051,new_lower_rho_same_seed_schedule,False,38,0.0,0.0,0,1.0,1.001001001001001,2997,1,2994,0.0020000000000000005,False,-6.5507971410051,True,ok,,0.0008803750388324261
38,5,Normal,3000,5,0.4,1,2026105701,6.5507971410051,new_lower_rho_same_seed_schedule,False,39,0.0,0.0,0,1.0,1.0006671114076051,2998,1,2996,0.001333333333333333,False,-6.5507971410051,True,ok,,0.0008972499636001885
38,5,Normal,3000,5,0.4,1,2026105701,6.5507971410051,new_lower_rho_same_seed_schedule,False,40,0.0,0.0,0,1.0,1.0003334444814937,2999,1,2998,0.0006666666666666666,False,-6.5507971410051,True,ok,,0.0008786669932305813
38,5,Normal,3000,5,0.4,2,2026105702,6.5507971410051,new_lower_rho_same_seed_schedule,False,1,7.033910948944877,1.0,3000,0.0,3000.0,1,3000,0,1.1459722535396795,False,0.48311380793977676,False,ok,,0.0011648330255411565
38,5,Normal,3000,5,0.4,2,2026105702,6.5507971410051,new_lower_rho_same_seed_schedule,False,2,6.0322389036407085,1.0,3000,0.0,93.75,32,22,0,1.6601202182862698,False,-0.5185582373643918,False,ok,,0.0010646250448189676
38,5,Normal,3000,5,0.4,2,2026105702,6.5507971410051,new_lower_rho_same_seed_schedule,False,3,5.612201872938296,0.986,2958,0.014000000000000012,28.571428571428573,105,1,18,1.8197314699750824,False,-0.9385952680668046,False,ok,,0.00114808400394395
38,5,Normal,3000,5,0.4,2,2026105702,6.5507971410051,new_lower_rho_same_seed_schedule,False,4,4.938898920027558,0.9563333333333334,2869,0.04366666666666663,13.452914798206278,223,1,67,2.1751425355689284,False,-1.611898220977542,False,ok,,0.0012188749969936907
38,5,Normal,3000,5,0.4,2,2026105702,6.5507971410051,new_lower_rho_same_seed_schedule,False,5,4.199438013633175,0.9133333333333333,2740,0.08666666666666667,7.614213197969543,394,1,156,2.4776381165039645,False,-2.351359127371925,False,ok,,0.0013215419603511691
38,5,Normal,3000,5,0.4,2,2026105702,6.5507971410051,new_lower_rho_same_seed_schedule,False,6,3.3253191648524894,0.8496666666666667,2549,0.15033333333333332,4.901960784313726,612,1,266,2.748738866489558,False,-3.225477976152611,False,ok,,0.0014583750162273645
38,5,Normal,3000,5,0.4,2,2026105702,6.5507971410051,new_lower_rho_same_seed_schedule,False,7,2.3001431282549776,0.762,2286,0.238,3.367003367003367,891,1,446,2.9537790891557005,False,-4.250654012750123,False,ok,,0.0015388749889098108
38,5,Normal,3000,5,0.4,2,2026105702,6.5507971410051,new_lower_rho_same_seed_schedule,False,8,1.3704891554825478,0.649,1947,0.351,2.5380710659898478,1182,1,645,2.8440954814358577,False,-5.1803079855225524,False,ok,,0.0015970420208759606
38,5,Normal,3000,5,0.4,2,2026105702,6.5507971410051,new_lower_rho_same_seed_schedule,False,9,0.24147240384891452,0.5233333333333333,1570,0.4766666666666667,1.9920318725099602,1506,1,929,2.622659183778658,False,-6.309324737156186,False,ok,,0.001619459013454616
38,5,Normal,3000,5,0.4,2,2026105702,6.5507971410051,new_lower_rho_same_seed_schedule,False,10,-0.5429894108447181,0.4063333333333333,1219,0.5936666666666667,1.6882386043894204,1777,1,1187,2.2387829139092976,False,-7.093786551849818,False,ok,,0.0016151670133695006
38,5,Normal,3000,5,0.4,2,2026105702,6.5507971410051,new_lower_rho_same_seed_schedule,False,11,-1.544398941479641,0.2876666666666667,863,0.7123333333333333,1.4705882352941178,2040,1,1485,1.8129724800169518,False,-8.09519608248474,False,ok,,0.001585999969393015
38,5,Normal,3000,5,0.4,2,2026105702,6.5507971410051,new_lower_rho_same_seed_schedule,False,12,-2.0741962013428905,0.19666666666666666,590,0.8033333333333333,1.3315579227696406,2253,1,1753,1.3675522840354366,False,-8.624993342347992,False,ok,,0.0014967499882914126
38,5,Normal,3000,5,0.4,2,2026105702,6.5507971410051,new_lower_rho_same_seed_schedule,False,13,-2.783242508280304,0.12166666666666667,365,0.8783333333333333,1.2234910277324633,2452,1,2042,0.9452064631657181,False,-9.334039649285405,False,ok,,0.001371749967802316
38,5,Normal,3000,5,0.4,2,2026105702,6.5507971410051,new_lower_rho_same_seed_schedule,False,14,-3.312693769275369,0.07733333333333334,232,0.9226666666666666,1.1583011583011582,2590,1,2260,0.6501709185416833,False,-9.863490910280468,False,ok,,0.001275583985261619
38,5,Normal,3000,5,0.4,2,2026105702,6.5507971410051,new_lower_rho_same_seed_schedule,False,15,-3.5621284663613975,0.04566666666666667,137,0.9543333333333334,1.1181513231457323,2683,1,2410,0.429462120784996,False,-10.112925607366497,False,ok,,0.001203166029881686
38,5,Normal,3000,5,0.4,2,2026105702,6.5507971410051,new_lower_rho_same_seed_schedule,False,16,-4.111376005281207,0.027333333333333334,82,0.9726666666666667,1.0826416456153014,2771,1,2568,0.2782826645363077,False,-10.662173146286307,False,ok,,0.001243625010829419
38,5,Normal,3000,5,0.4,2,2026105702,6.5507971410051,new_lower_rho_same_seed_schedule,False,17,-3.8628978525633566,0.020666666666666667,62,0.9793333333333334,1.0619469026548674,2825,1,2670,0.22235798387992797,False,-10.413694993568457,False,ok,,0.0010725840111263096
38,5,Normal,3000,5,0.4,2,2026105702,6.5507971410051,new_lower_rho_same_seed_schedule,False,18,-5.70161280518538,0.010333333333333333,31,0.9896666666666667,1.0478519035976248,2863,1,2734,0.14260454761873673,False,-12.252409946190479,False,ok,,0.001036333036608994
38,5,Normal,3000,5,0.4,2,2026105702,6.5507971410051,new_lower_rho_same_seed_schedule,False,19,-5.279365068875642,0.004666666666666667,14,0.9953333333333333,1.0402219140083218,2884,1,2770,0.09238468920998319,False,-11.830162209880744,False,ok,,0.0010264170123264194
38,5,Normal,3000,5,0.4,2,2026105702,6.5507971410051,new_lower_rho_same_seed_schedule,False,20,-3.4368826237802677,0.005,15,0.995,1.0291595197255574,2915,1,2834,0.07287746444275443,False,-9.987679764785367,False,ok,,0.0009868749766610563
38,5,Normal,3000,5,0.4,2,2026105702,6.5507971410051,new_lower_rho_same_seed_schedule,False,21,-4.415158023563992,0.0033333333333333335,10,0.9966666666666667,1.0270455323519343,2921,1,2845,0.06339354507670017,False,-10.965955164569092,False,ok,,0.000978708965703845
38,5,Normal,3000,5,0.4,2,2026105702,6.5507971410051,new_lower_rho_same_seed_schedule,False,22,-7.507948531924526,0.002,6,0.998,1.0186757215619695,2945,1,2892,0.051494103409115165,False,-14.058745672929625,False,ok,,0.0009456250118091702
38,5,Normal,3000,5,0.4,2,2026105702,6.5507971410051,new_lower_rho_same_seed_schedule,False,23,-5.780986796324594,0.002,6,0.998,1.015916017609211,2953,1,2907,0.03825796634213901,False,-12.331783937329694,False,ok,,0.0009354999638162553
38,5,Normal,3000,5,0.4,2,2026105702,6.5507971410051,new_lower_rho_same_seed_schedule,False,24,-6.433683314530917,0.003,9,0.997,1.0114632501685772,2966,1,2935,0.03952019972874095,False,-12.984480455536017,False,ok,,0.0009208329720422626
38,5,Normal,3000,5,0.4,2,2026105702,6.5507971410051,new_lower_rho_same_seed_schedule,False,25,-4.937997878507634,0.0003333333333333333,1,0.9996666666666667,1.012829169480081,2962,1,2924,0.02533333333333332,False,-11.488795019512734,False,ok,,0.0009435000247322023
38,5,Normal,3000,5,0.4,2,2026105702,6.5507971410051,new_lower_rho_same_seed_schedule,False,26,-10.882896387131517,0.0003333333333333333,1,0.9996666666666667,1.0077258985555928,2977,1,2954,0.015333333333333326,False,-17.433693528136615,False,ok,,0.0009094999986700714
38,5,Normal,3000,5,0.4,2,2026105702,6.5507971410051,new_lower_rho_same_seed_schedule,False,27,0.0,0.0,0,1.0,1.0063737001006374,2981,1,2962,0.012666666666666663,False,-6.5507971410051,True,ok,,0.0009031250374391675
38,5,Normal,3000,5,0.4,2,2026105702,6.5507971410051,new_lower_rho_same_seed_schedule,False,28,0.0,0.0,0,1.0,1.0050251256281406,2985,1,2970,0.009999999999999997,False,-6.5507971410051,True,ok,,0.0008941249689087272
38,5,Normal,3000,5,0.4,2,2026105702,6.5507971410051,new_lower_rho_same_seed_schedule,False,29,-5.902030644008583,0.0006666666666666666,2,0.9993333333333333,1.0070493454179255,2979,1,2958,0.013999999999999995,False,-12.452827785013683,False,ok,,0.0009011250222101808
38,5,Normal,3000,5,0.4,2,2026105702,6.5507971410051,new_lower_rho_same_seed_schedule,False,30,-7.882606992279198,0.0003333333333333333,1,0.9996666666666667,1.0046885465505693,2986,1,2972,0.00933333333333333,False,-14.433404133284299,False,ok,,0.0008978749974630773
38,5,Normal,3000,5,0.4,2,2026105702,6.5507971410051,new_lower_rho_same_seed_schedule,False,31,0.0,0.0,0,1.0,1.004352192835621,2987,1,2974,0.008666666666666665,False,-6.5507971410051,True,ok,,0.0008916669758036733
38,5,Normal,3000,5,0.4,2,2026105702,6.5507971410051,new_lower_rho_same_seed_schedule,False,32,-4.6353257335299345,0.0003333333333333333,1,0.9996666666666667,1.0036801605888257,2989,1,2978,0.0073333333333333315,False,-11.186122874535034,False,ok,,0.0009011250222101808
38,5,Normal,3000,5,0.4,2,2026105702,6.5507971410051,new_lower_rho_same_seed_schedule,False,33,0.0,0.0,0,1.0,1.0026737967914439,2992,1,2984,0.005333333333333331,False,-6.5507971410051,True,ok,,0.0008904580026865005
38,5,Normal,3000,5,0.4,2,2026105702,6.5507971410051,new_lower_rho_same_seed_schedule,False,34,-4.6353257335299345,0.0003333333333333333,1,0.9996666666666667,1.0026737967914439,2992,1,2984,0.005333333333333333,False,-11.186122874535034,False,ok,,0.000883250031620264
38,5,Normal,3000,5,0.4,2,2026105702,6.5507971410051,new_lower_rho_same_seed_schedule,False,35,0.0,0.0,0,1.0,1.0053619302949062,2984,1,2968,0.010666666666666663,False,-6.5507971410051,True,ok,,0.0008886660216376185
38,5,Normal,3000,5,0.4,2,2026105702,6.5507971410051,new_lower_rho_same_seed_schedule,False,36,0.0,0.0,0,1.0,1.0026737967914439,2992,1,2984,0.005333333333333333,False,-6.5507971410051,True,ok,,0.0008793330052867532
38,5,Normal,3000,5,0.4,2,2026105702,6.5507971410051,new_lower_rho_same_seed_schedule,False,37,0.0,0.0,0,1.0,1.0013351134846462,2996,1,2992,0.002666666666666666,False,-6.5507971410051,True,ok,,0.0008758750045672059
38,5,Normal,3000,5,0.4,2,2026105702,6.5507971410051,new_lower_rho_same_seed_schedule,False,38,0.0,0.0,0,1.0,1.001669449081803,2995,1,2990,0.0033333333333333322,False,-6.5507971410051,True,ok,,0.0008804590324871242
38,5,Normal,3000,5,0.4,2,2026105702,6.5507971410051,new_lower_rho_same_seed_schedule,False,39,0.0,0.0,0,1.0,1.001001001001001,2997,1,2994,0.002,False,-6.5507971410051,True,ok,,0.0008725000079721212
38,5,Normal,3000,5,0.4,2,2026105702,6.5507971410051,new_lower_rho_same_seed_schedule,False,40,0.0,0.0,0,1.0,1.001001001001001,2997,1,2994,0.001999999999999999,False,-6.5507971410051,True,ok,,0.0008679999737069011
38,5,Normal,3000,5,0.4,3,2026105703,6.5507971410051,new_lower_rho_same_seed_schedule,False,1,7.035751866588277,1.0,3000,0.0,3000.0,1,3000,0,1.1383413523268529,False,0.48495472558317676,False,ok,,0.0011523340363055468
38,5,Normal,3000,5,0.4,3,2026105703,6.5507971410051,new_lower_rho_same_seed_schedule,False,2,6.102590170746538,1.0,3000,0.0,93.75,32,3,0,1.6095987914739447,False,-0.44820697025856227,False,ok,,0.0010953330202028155
38,5,Normal,3000,5,0.4,3,2026105703,6.5507971410051,new_lower_rho_same_seed_schedule,False,3,5.607825236297828,0.979,2937,0.02100000000000002,25.423728813559322,118,1,28,1.8345902615777447,False,-0.9429719047072727,False,ok,,0.001182875013910234
38,5,Normal,3000,5,0.4,3,2026105703,6.5507971410051,new_lower_rho_same_seed_schedule,False,4,4.853974270432485,0.954,2862,0.04600000000000004,12.0,250,1,77,2.2546217988813075,False,-1.696822870572615,False,ok,,0.0012568329693749547
38,5,Normal,3000,5,0.4,3,2026105703,6.5507971410051,new_lower_rho_same_seed_schedule,False,5,3.959178969423691,0.8923333333333333,2677,0.10766666666666669,6.4655172413793105,464,1,179,2.6195482350996047,False,-2.591618171581409,False,ok,,0.0013469579862430692
38,5,Normal,3000,5,0.4,3,2026105703,6.5507971410051,new_lower_rho_same_seed_schedule,False,6,2.9888018921167143,0.8086666666666666,2426,0.19133333333333336,4.1208791208791204,728,1,338,2.7586607235617224,False,-3.561995248888386,False,ok,,0.00149741698987782
38,5,Normal,3000,5,0.4,3,2026105703,6.5507971410051,new_lower_rho_same_seed_schedule,False,7,1.906697999652717,0.715,2145,0.28500000000000003,2.9411764705882355,1020,1,535,2.8829311317122848,False,-4.644099141352383,False,ok,,0.0015607079840265214
38,5,Normal,3000,5,0.4,3,2026105703,6.5507971410051,new_lower_rho_same_seed_schedule,False,8,0.8857071924800928,0.6026666666666667,1808,0.3973333333333333,2.291825821237586,1309,1,743,2.8268119469535704,False,-5.665089948525008,False,ok,,0.0016145000117830932
38,5,Normal,3000,5,0.4,3,2026105703,6.5507971410051,new_lower_rho_same_seed_schedule,False,9,-0.21786470418802872,0.457,1371,0.5429999999999999,1.8337408312958434,1636,1,1023,2.4432633389542375,False,-6.768661845193129,False,ok,,0.0016348329954780638
38,5,Normal,3000,5,0.4,3,2026105703,6.5507971410051,new_lower_rho_same_seed_schedule,False,10,-0.9863875788525068,0.32566666666666666,977,0.6743333333333333,1.5527950310559007,1932,1,1342,1.9925499299298284,False,-7.537184719857607,False,ok,,0.0015997079899534583
38,5,Normal,3000,5,0.4,3,2026105703,6.5507971410051,new_lower_rho_same_seed_schedule,False,11,-1.9864886460940672,0.22766666666666666,683,0.7723333333333333,1.3679890560875514,2193,1,1683,1.5619655177769667,False,-8.537285787099167,False,ok,,0.0015002500149421394
38,5,Normal,3000,5,0.4,3,2026105703,6.5507971410051,new_lower_rho_same_seed_schedule,False,12,-2.5643216463658565,0.147,441,0.853,1.2658227848101267,2370,1,1912,1.132418823034761,False,-9.115118787370957,False,ok,,0.0014342089998535812
38,5,Normal,3000,5,0.4,3,2026105703,6.5507971410051,new_lower_rho_same_seed_schedule,False,13,-3.3740298988598396,0.089,267,0.911,1.1797090051120724,2543,1,2184,0.7653160877920951,False,-9.92482703986494,False,ok,,0.0013157500070519745
38,5,Normal,3000,5,0.4,3,2026105703,6.5507971410051,new_lower_rho_same_seed_schedule,False,14,-3.629366719340923,0.061,183,0.9390000000000001,1.1290929619872037,2657,1,2377,0.5345854022972018,False,-10.180163860346024,False,ok,,0.0012216659961268306
38,5,Normal,3000,5,0.4,3,2026105703,6.5507971410051,new_lower_rho_same_seed_schedule,False,15,-3.8982819264309216,0.033,99,0.967,1.0834236186348862,2769,1,2569,0.33102363804276724,False,-10.449079067436022,False,ok,,0.0011180000146850944
38,5,Normal,3000,5,0.4,3,2026105703,6.5507971410051,new_lower_rho_same_seed_schedule,False,16,-4.21196305549002,0.012,36,0.988,1.0660980810234542,2814,1,2639,0.17857959488328282,False,-10.762760196495119,False,ok,,0.0010951249860227108
38,5,Normal,3000,5,0.4,3,2026105703,6.5507971410051,new_lower_rho_same_seed_schedule,False,17,-4.161205372951022,0.008666666666666666,26,0.9913333333333333,1.0467550593161201,2866,1,2738,0.12142371450562615,False,-10.712002513956122,False,ok,,0.0010264579905197024
38,5,Normal,3000,5,0.4,3,2026105703,6.5507971410051,new_lower_rho_same_seed_schedule,False,18,-4.9850931666637495,0.010333333333333333,31,0.9896666666666667,1.0366275051831375,2894,1,2797,0.12717901677856747,False,-11.53589030766885,False,ok,,0.0010025830124504864
38,5,Normal,3000,5,0.4,3,2026105703,6.5507971410051,new_lower_rho_same_seed_schedule,False,19,-5.439838644717921,0.0033333333333333335,10,0.9966666666666667,1.0298661174047374,2913,1,2828,0.06968142267471471,False,-11.990635785723022,False,ok,,0.000983833975624293
38,5,Normal,3000,5,0.4,3,2026105703,6.5507971410051,new_lower_rho_same_seed_schedule,False,20,-5.801638552995952,0.005666666666666667,17,0.9943333333333333,1.0259917920656634,2924,1,2853,0.07655283479706415,False,-12.352435694001052,False,ok,,0.0009795840014703572
38,5,Normal,3000,5,0.4,3,2026105703,6.5507971410051,new_lower_rho_same_seed_schedule,False,21,-4.672515594973372,0.0013333333333333333,4,0.9986666666666667,1.017293997965412,2949,1,2899,0.03995309463091881,False,-11.223312735978471,False,ok,,0.0009559589670971036
38,5,Normal,3000,5,0.4,3,2026105703,6.5507971410051,new_lower_rho_same_seed_schedule,False,22,-4.539101256598481,0.0006666666666666666,2,0.9993333333333333,1.0124873439082012,2963,1,2926,0.02466666666666665,False,-11.08989839760358,False,ok,,0.0009357079979963601
38,5,Normal,3000,5,0.4,3,2026105703,6.5507971410051,new_lower_rho_same_seed_schedule,False,23,-4.5019025275959805,0.0006666666666666666,2,0.9993333333333333,1.0121457489878543,2964,1,2928,0.023999999999999987,False,-11.05269966860108,False,ok,,0.0009236669866368175
38,5,Normal,3000,5,0.4,3,2026105703,6.5507971410051,new_lower_rho_same_seed_schedule,False,24,-3.5626971134922076,0.0003333333333333333,1,0.9996666666666667,1.0090817356205852,2973,1,2946,0.01799999999999999,False,-10.113494254497308,False,ok,,0.0009237499907612801
38,5,Normal,3000,5,0.4,3,2026105703,6.5507971410051,new_lower_rho_same_seed_schedule,False,25,0.0,0.0,0,1.0,1.0087424344317417,2974,1,2948,0.017333333333333326,False,-6.5507971410051,True,ok,,0.0008999999845400453
38,5,Normal,3000,5,0.4,3,2026105703,6.5507971410051,new_lower_rho_same_seed_schedule,False,26,-6.2444154597503205,0.001,3,0.999,1.007387508394896,2978,1,2957,0.021478006694757697,False,-12.79521260075542,False,ok,,0.0009017079719342291
38,5,Normal,3000,5,0.4,3,2026105703,6.5507971410051,new_lower_rho_same_seed_schedule,False,27,0.0,0.0,0,1.0,1.0040160642570282,2988,1,2976,0.008000000000000002,False,-6.5507971410051,True,ok,,0.0008897079969756305
38,5,Normal,3000,5,0.4,3,2026105703,6.5507971410051,new_lower_rho_same_seed_schedule,False,28,-6.2522783368058965,0.0026666666666666666,8,0.9973333333333333,1.0053619302949062,2984,1,2970,0.023644486251016623,False,-12.803075477810996,False,ok,,0.000893708027433604
38,5,Normal,3000,5,0.4,3,2026105703,6.5507971410051,new_lower_rho_same_seed_schedule,False,29,0.0,0.0,0,1.0,1.0036801605888257,2989,1,2978,0.007333333333333334,False,-6.5507971410051,True,ok,,0.0008915000362321734
38,5,Normal,3000,5,0.4,3,2026105703,6.5507971410051,new_lower_rho_same_seed_schedule,False,30,0.0,0.0,0,1.0,1.002004008016032,2994,1,2988,0.003999999999999999,False,-6.5507971410051,True,ok,,0.0008810840081423521
38,5,Normal,3000,5,0.4,3,2026105703,6.5507971410051,new_lower_rho_same_seed_schedule,False,31,0.0,0.0,0,1.0,1.0023387905111927,2993,1,2986,0.004666666666666665,False,-6.5507971410051,True,ok,,0.0008767919498495758
38,5,Normal,3000,5,0.4,3,2026105703,6.5507971410051,new_lower_rho_same_seed_schedule,False,32,0.0,0.0,0,1.0,1.0026737967914439,2992,1,2984,0.005333333333333333,False,-6.5507971410051,True,ok,,0.0008970830240286887
38,5,Normal,3000,5,0.4,3,2026105703,6.5507971410051,new_lower_rho_same_seed_schedule,False,33,0.0,0.0,0,1.0,1.001001001001001,2997,1,2994,0.0019999999999999996,False,-6.5507971410051,True,ok,,0.0008795420289970934
38,5,Normal,3000,5,0.4,3,2026105703,6.5507971410051,new_lower_rho_same_seed_schedule,False,34,0.0,0.0,0,1.0,1.0006671114076051,2998,1,2996,0.0013333333333333335,False,-6.5507971410051,True,ok,,0.0008750840206630528
38,5,Normal,3000,5,0.4,3,2026105703,6.5507971410051,new_lower_rho_same_seed_schedule,False,35,0.0,0.0,0,1.0,1.001001001001001,2997,1,2994,0.0019999999999999996,False,-6.5507971410051,True,ok,,0.0009568330133333802
38,5,Normal,3000,5,0.4,3,2026105703,6.5507971410051,new_lower_rho_same_seed_schedule,False,36,0.0,0.0,0,1.0,1.0013351134846462,2996,1,2992,0.002666666666666666,False,-6.5507971410051,True,ok,,0.0008734160219319165
38,5,Normal,3000,5,0.4,3,2026105703,6.5507971410051,new_lower_rho_same_seed_schedule,False,37,-8.400175715980401,0.0003333333333333333,1,0.9996666666666667,1.0006671114076051,2998,1,2996,0.001333333333333333,False,-14.950972856985501,False,ok,,0.000873332959599793
38,5,Normal,3000,5,0.4,3,2026105703,6.5507971410051,new_lower_rho_same_seed_schedule,False,38,0.0,0.0,0,1.0,1.001001001001001,2997,1,2994,0.002,False,-6.5507971410051,True,ok,,0.0008702089544385672
38,5,Normal,3000,5,0.4,3,2026105703,6.5507971410051,new_lower_rho_same_seed_schedule,False,39,0.0,0.0,0,1.0,1.001001001001001,2997,1,2994,0.001999999999999999,False,-6.5507971410051,True,ok,,0.0008644170011393726
38,5,Normal,3000,5,0.4,3,2026105703,6.5507971410051,new_lower_rho_same_seed_schedule,False,40,0.0,0.0,0,1.0,1.0013351134846462,2996,1,2992,0.002666666666666667,False,-6.5507971410051,True,ok,,0.000868709001224488
38,5,Normal,3000,5,0.4,4,2026105704,6.5507971410051,new_lower_rho_same_seed_schedule,False,1,7.081480714299323,1.0,3000,0.0,3000.0,1,3000,0,1.1416329913651484,False,0.5306835732942226,False,ok,,0.00115537503734231
38,5,Normal,3000,5,0.4,4,2026105704,6.5507971410051,new_lower_rho_same_seed_schedule,False,2,6.043233055590336,1.0,3000,0.0,93.75,32,19,0,1.6475723535532567,False,-0.5075640854147645,False,ok,,0.0010839580208994448
38,5,Normal,3000,5,0.4,4,2026105704,6.5507971410051,new_lower_rho_same_seed_schedule,False,3,5.600701334368791,0.9853333333333333,2956,0.014666666666666717,26.31578947368421,114,1,26,1.860334524735656,False,-0.950095806636309,False,ok,,0.0011477500083856285
38,5,Normal,3000,5,0.4,4,2026105704,6.5507971410051,new_lower_rho_same_seed_schedule,False,4,4.83016348740732,0.9493333333333334,2848,0.05066666666666664,11.673151750972762,257,1,78,2.2297259585894427,False,-1.7206336535977806,False,ok,,0.001261083991266787
38,5,Normal,3000,5,0.4,4,2026105704,6.5507971410051,new_lower_rho_same_seed_schedule,False,5,4.037120095124396,0.9,2700,0.09999999999999998,6.864988558352403,437,1,163,2.566477048221993,False,-2.513677045880704,False,ok,,0.0013742079609073699
38,5,Normal,3000,5,0.4,4,2026105704,6.5507971410051,new_lower_rho_same_seed_schedule,False,6,3.028095870450898,0.8303333333333334,2491,0.16966666666666663,4.437869822485207,676,1,287,2.877207223591557,False,-3.5227012705542022,False,ok,,0.0014679579762741923
38,5,Normal,3000,5,0.4,4,2026105704,6.5507971410051,new_lower_rho_same_seed_schedule,False,7,1.96707955091195,0.7126666666666667,2138,0.28733333333333333,2.985074626865672,1005,1,531,2.813493340443504,False,-4.58371759009315,False,ok,,0.001530083012767136
38,5,Normal,3000,5,0.4,4,2026105704,6.5507971410051,new_lower_rho_same_seed_schedule,False,8,0.8850398040774295,0.591,1773,0.40900000000000003,2.2848438690022848,1313,1,744,2.6933205560458537,False,-5.665757336927671,False,ok,,0.0015997500158846378
38,5,Normal,3000,5,0.4,4,2026105704,6.5507971410051,new_lower_rho_same_seed_schedule,False,9,-0.14019897720680813,0.47933333333333333,1438,0.5206666666666666,1.8633540372670807,1610,1,1018,2.4896514789971897,False,-6.690996118211908,False,ok,,0.0016129159484989941
38,5,Normal,3000,5,0.4,4,2026105704,6.5507971410051,new_lower_rho_same_seed_schedule,False,10,-1.1075352672910028,0.36966666666666664,1109,0.6303333333333334,1.594896331738437,1881,1,1291,2.2055815408167745,False,-7.658332408296103,False,ok,,0.0015864589950069785
38,5,Normal,3000,5,0.4,4,2026105704,6.5507971410051,new_lower_rho_same_seed_schedule,False,11,-1.8001736085463511,0.24433333333333335,733,0.7556666666666667,1.3934045517882026,2153,1,1624,1.6617266554418848,False,-8.35097074955145,False,ok,,0.0014910419704392552
38,5,Normal,3000,5,0.4,4,2026105704,6.5507971410051,new_lower_rho_same_seed_schedule,False,12,-2.656070720178308,0.14233333333333334,427,0.8576666666666667,1.2610340479192939,2379,1,1923,1.0539730669076666,False,-9.206867861183408,False,ok,,0.0013951250002719462
38,5,Normal,3000,5,0.4,4,2026105704,6.5507971410051,new_lower_rho_same_seed_schedule,False,13,-3.0520545922498257,0.08666666666666667,260,0.9133333333333333,1.190003966679889,2521,1,2138,0.7174175492338196,False,-9.602851733254926,False,ok,,0.0013085830141790211
38,5,Normal,3000,5,0.4,4,2026105704,6.5507971410051,new_lower_rho_same_seed_schedule,False,14,-3.871532863284398,0.05566666666666667,167,0.9443333333333334,1.1398176291793314,2632,1,2320,0.5298901328725987,False,-10.422330004289499,False,ok,,0.001242250029463321
38,5,Normal,3000,5,0.4,4,2026105704,6.5507971410051,new_lower_rho_same_seed_schedule,False,15,-3.9599980548504568,0.030333333333333334,91,0.9696666666666667,1.095290251916758,2739,1,2505,0.32357226902581276,False,-10.510795195855557,False,ok,,0.0011485829600133002
38,5,Normal,3000,5,0.4,4,2026105704,6.5507971410051,new_lower_rho_same_seed_schedule,False,16,-4.482650518428111,0.018666666666666668,56,0.9813333333333333,1.0737294201861132,2794,1,2602,0.2168958339191629,False,-11.033447659433211,False,ok,,0.0010929579730145633
38,5,Normal,3000,5,0.4,4,2026105704,6.5507971410051,new_lower_rho_same_seed_schedule,False,17,-4.886890368531037,0.014,42,0.986,1.0552233556102708,2843,1,2697,0.17625227111639016,False,-11.437687509536136,False,ok,,0.001042832969687879
38,5,Normal,3000,5,0.4,4,2026105704,6.5507971410051,new_lower_rho_same_seed_schedule,False,18,-5.2941451884799635,0.011,33,0.989,1.0463899546564353,2867,1,2743,0.13518234010976585,False,-11.844942329485065,False,ok,,0.0010190839529968798
38,5,Normal,3000,5,0.4,4,2026105704,6.5507971410051,new_lower_rho_same_seed_schedule,False,19,-5.989972784731339,0.0033333333333333335,10,0.9966666666666667,1.0242403550699897,2929,1,2860,0.060671937774798304,False,-12.54076992573644,False,ok,,0.0009622499928809702
38,5,Normal,3000,5,0.4,4,2026105704,6.5507971410051,new_lower_rho_same_seed_schedule,False,20,-5.026140306069642,0.007666666666666666,23,0.9923333333333333,1.0245901639344261,2928,1,2861,0.0767845971992207,False,-11.576937447074743,False,ok,,0.0009549579699523747
38,5,Normal,3000,5,0.4,4,2026105704,6.5507971410051,new_lower_rho_same_seed_schedule,False,21,-8.05845932656121,0.0006666666666666666,2,0.9993333333333333,1.01763907734057,2948,1,2896,0.034666666666666665,False,-14.60925646756631,False,ok,,0.0009337500086985528
38,5,Normal,3000,5,0.4,4,2026105704,6.5507971410051,new_lower_rho_same_seed_schedule,False,22,-6.428805088948348,0.004,12,0.996,1.0135135135135136,2960,1,2923,0.04642023102049032,False,-12.979602229953448,False,ok,,0.0009211659780703485
38,5,Normal,3000,5,0.4,4,2026105704,6.5507971410051,new_lower_rho_same_seed_schedule,False,23,-6.6073929069994835,0.0013333333333333333,4,0.9986666666666667,1.0124873439082012,2963,1,2926,0.024666666666666653,False,-13.158190048004585,False,ok,,0.0009354579960927367
38,5,Normal,3000,5,0.4,4,2026105704,6.5507971410051,new_lower_rho_same_seed_schedule,False,24,-8.875413996283157,0.0003333333333333333,1,0.9996666666666667,1.0090817356205852,2973,1,2946,0.01799999999999999,False,-15.426211137288258,False,ok,,0.0009216250036843121
38,5,Normal,3000,5,0.4,4,2026105704,6.5507971410051,new_lower_rho_same_seed_schedule,False,25,-5.8573900981011775,0.001,3,0.999,1.0067114093959733,2980,1,2961,0.01854637324906966,False,-12.408187239106278,False,ok,,0.0009013339877128601
38,5,Normal,3000,5,0.4,4,2026105704,6.5507971410051,new_lower_rho_same_seed_schedule,False,26,0.0,0.0,0,1.0,1.0050251256281406,2985,1,2970,0.009999999999999995,False,-6.5507971410051,True,ok,,0.0008920420077629387
38,5,Normal,3000,5,0.4,4,2026105704,6.5507971410051,new_lower_rho_same_seed_schedule,False,27,-9.18218268493169,0.0003333333333333333,1,0.9996666666666667,1.0046885465505693,2986,1,2972,0.00933333333333333,False,-15.73297982593679,False,ok,,0.0008972920477390289
38,5,Normal,3000,5,0.4,4,2026105704,6.5507971410051,new_lower_rho_same_seed_schedule,False,28,0.0,0.0,0,1.0,1.0046885465505693,2986,1,2972,0.00933333333333333,False,-6.5507971410051,True,ok,,0.0008941249689087272
38,5,Normal,3000,5,0.4,4,2026105704,6.5507971410051,new_lower_rho_same_seed_schedule,False,29,-3.6814991921803615,0.0006666666666666666,2,0.9993333333333333,1.0046885465505693,2986,1,2972,0.00933333333333333,False,-10.232296333185461,False,ok,,0.0009003339800983667
38,5,Normal,3000,5,0.4,4,2026105704,6.5507971410051,new_lower_rho_same_seed_schedule,False,30,-8.21045655823264,0.0003333333333333333,1,0.9996666666666667,1.0036801605888257,2989,1,2978,0.007333333333333332,False,-14.76125369923774,False,ok,,0.0008927090093493462
38,5,Normal,3000,5,0.4,4,2026105704,6.5507971410051,new_lower_rho_same_seed_schedule,False,31,-6.402968003420843,0.0006666666666666666,2,0.9993333333333333,1.0023387905111927,2993,1,2986,0.0046666666666666645,False,-12.953765144425944,False,ok,,0.0008840420050546527
38,5,Normal,3000,5,0.4,4,2026105704,6.5507971410051,new_lower_rho_same_seed_schedule,False,32,0.0,0.0,0,1.0,1.0023387905111927,2993,1,2986,0.004666666666666667,False,-6.5507971410051,True,ok,,0.0008796249749138951
38,5,Normal,3000,5,0.4,4,2026105704,6.5507971410051,new_lower_rho_same_seed_schedule,False,33,0.0,0.0,0,1.0,1.0006671114076051,2998,1,2996,0.0013333333333333326,False,-6.5507971410051,True,ok,,0.0008709169924259186
38,5,Normal,3000,5,0.4,4,2026105704,6.5507971410051,new_lower_rho_same_seed_schedule,False,34,-11.037488264072827,0.0003333333333333333,1,0.9996666666666667,1.001001001001001,2997,1,2994,0.002,False,-17.588285405077926,False,ok,,0.0008895000210031867
38,5,Normal,3000,5,0.4,4,2026105704,6.5507971410051,new_lower_rho_same_seed_schedule,False,35,0.0,0.0,0,1.0,1.0003334444814937,2999,1,2998,0.0006666666666666665,False,-6.5507971410051,True,ok,,0.0008735409937798977
38,5,Normal,3000,5,0.4,4,2026105704,6.5507971410051,new_lower_rho_same_seed_schedule,False,36,-4.337889354074596,0.0003333333333333333,1,0.9996666666666667,1.0006671114076051,2998,1,2996,0.001333333333333333,False,-10.888686495079696,False,ok,,0.0008724170038476586
38,5,Normal,3000,5,0.4,4,2026105704,6.5507971410051,new_lower_rho_same_seed_schedule,False,37,0.0,0.0,0,1.0,1.0006671114076051,2998,1,2996,0.001333333333333333,False,-6.5507971410051,True,ok,,0.0008857499924488366
38,5,Normal,3000,5,0.4,4,2026105704,6.5507971410051,new_lower_rho_same_seed_schedule,False,38,0.0,0.0,0,1.0,1.0006671114076051,2998,1,2996,0.0013333333333333335,False,-6.5507971410051,True,ok,,0.0008664579945616424
38,5,Normal,3000,5,0.4,4,2026105704,6.5507971410051,new_lower_rho_same_seed_schedule,False,39,0.0,0.0,0,1.0,1.001001001001001,2997,1,2994,0.002,False,-6.5507971410051,True,ok,,0.0008687910158187151
38,5,Normal,3000,5,0.4,4,2026105704,6.5507971410051,new_lower_rho_same_seed_schedule,False,40,0.0,0.0,0,1.0,1.0003334444814937,2999,1,2998,0.0006666666666666663,False,-6.5507971410051,True,ok,,0.0008663340122438967
38,5,Normal,3000,5,0.4,5,2026105705,6.5507971410051,new_lower_rho_same_seed_schedule,False,1,7.073137089254873,1.0,3000,0.0,3000.0,1,3000,0,1.139740222062653,False,0.5223399482497726,False,ok,,0.00116004201117903
38,5,Normal,3000,5,0.4,5,2026105705,6.5507971410051,new_lower_rho_same_seed_schedule,False,2,6.023814540369691,1.0,3000,0.0,93.75,32,25,0,1.6691327628491572,False,-0.5269826006354092,False,ok,,0.0010769579675979912
38,5,Normal,3000,5,0.4,5,2026105705,6.5507971410051,new_lower_rho_same_seed_schedule,False,3,5.56334039445123,0.987,2961,0.013000000000000012,26.31578947368421,114,1,26,1.872362133244792,False,-0.9874567465538702,False,ok,,0.001135875005275011
38,5,Normal,3000,5,0.4,5,2026105705,6.5507971410051,new_lower_rho_same_seed_schedule,False,4,4.7470566918237544,0.945,2835,0.05500000000000005,11.406844106463879,263,1,71,2.227479416672779,False,-1.8037404491813458,False,ok,,0.0012861250434070826
38,5,Normal,3000,5,0.4,5,2026105705,6.5507971410051,new_lower_rho_same_seed_schedule,False,5,3.849364935800644,0.8866666666666667,2660,0.11333333333333329,6.329113924050633,474,1,182,2.6264254092988275,False,-2.701432205204456,False,ok,,0.0013700409908778965
38,5,Normal,3000,5,0.4,5,2026105705,6.5507971410051,new_lower_rho_same_seed_schedule,False,6,2.917630749116565,0.81,2430,0.18999999999999995,4.087193460490464,734,1,352,2.8006829878661526,False,-3.633166391888535,False,ok,,0.0015092090470716357
38,5,Normal,3000,5,0.4,5,2026105705,6.5507971410051,new_lower_rho_same_seed_schedule,False,7,1.7852259710912368,0.6976666666666667,2093,0.30233333333333334,2.892960462873674,1037,1,518,2.859469918873539,False,-4.765571169913864,False,ok,,0.00160845898790285
38,5,Normal,3000,5,0.4,5,2026105705,6.5507971410051,new_lower_rho_same_seed_schedule,False,8,0.7217917352807299,0.5906666666666667,1772,0.4093333333333333,2.242152466367713,1338,1,749,2.8065639807871747,False,-5.82900540572437,False,ok,,0.0016379579901695251
38,5,Normal,3000,5,0.4,5,2026105705,6.5507971410051,new_lower_rho_same_seed_schedule,False,9,-0.2582063304565261,0.43233333333333335,1297,0.5676666666666667,1.757469244288225,1707,1,1123,2.295525161891779,False,-6.809003471461626,False,ok,,0.001619041955564171
38,5,Normal,3000,5,0.4,5,2026105705,6.5507971410051,new_lower_rho_same_seed_schedule,False,10,-1.230055415054744,0.31333333333333335,940,0.6866666666666666,1.513622603430878,1982,1,1402,1.960023868745879,False,-7.780852556059845,False,ok,,0.0015910000074654818
38,5,Normal,3000,5,0.4,5,2026105705,6.5507971410051,new_lower_rho_same_seed_schedule,False,11,-2.3303465623987587,0.205,615,0.795,1.3513513513513513,2220,1,1687,1.5030771661371751,False,-8.88114370340386,False,ok,,0.0015180000336840749
38,5,Normal,3000,5,0.4,5,2026105705,6.5507971410051,new_lower_rho_same_seed_schedule,False,12,-2.650207333542356,0.12466666666666666,374,0.8753333333333333,1.2290045063498567,2441,1,2026,0.9635157476035549,False,-9.201004474547457,False,ok,,0.0013862079940736294
38,5,Normal,3000,5,0.4,5,2026105705,6.5507971410051,new_lower_rho_same_seed_schedule,False,13,-3.183142330813498,0.079,237,0.921,1.1632415664986429,2579,1,2244,0.6733364023244965,False,-9.733939471818598,False,ok,,0.001281666976865381
38,5,Normal,3000,5,0.4,5,2026105705,6.5507971410051,new_lower_rho_same_seed_schedule,False,14,-3.708592916078873,0.04566666666666667,137,0.9543333333333334,1.122334455667789,2673,1,2389,0.44064648821895414,False,-10.259390057083973,False,ok,,0.0013194589992053807
38,5,Normal,3000,5,0.4,5,2026105705,6.5507971410051,new_lower_rho_same_seed_schedule,False,15,-3.754466457959281,0.028333333333333332,85,0.9716666666666667,1.0944910616563297,2741,1,2509,0.2886651722231989,False,-10.30526359896438,False,ok,,0.0011527499882504344
38,5,Normal,3000,5,0.4,5,2026105705,6.5507971410051,new_lower_rho_same_seed_schedule,False,16,-4.382284507761717,0.017,51,0.983,1.0593220338983051,2832,1,2681,0.1898488324754758,False,-10.933081648766818,False,ok,,0.0010639580432325602
38,5,Normal,3000,5,0.4,5,2026105705,6.5507971410051,new_lower_rho_same_seed_schedule,False,17,-4.607023104575322,0.009,27,0.991,1.0478519035976248,2863,1,2734,0.13445783706314987,False,-11.157820245580421,False,ok,,0.0010310420184396207
38,5,Normal,3000,5,0.4,5,2026105705,6.5507971410051,new_lower_rho_same_seed_schedule,False,18,-5.71333240378692,0.006666666666666667,20,0.9933333333333333,1.0334137099552188,2903,1,2811,0.09726106492035365,False,-12.26412954479202,False,ok,,0.000995791982859373
38,5,Normal,3000,5,0.4,5,2026105705,6.5507971410051,new_lower_rho_same_seed_schedule,False,19,-6.073685079368236,0.005333333333333333,16,0.9946666666666667,1.0284538909838876,2917,1,2837,0.0740878944844596,False,-12.624482220373336,False,ok,,0.0009788339957594872
38,5,Normal,3000,5,0.4,5,2026105705,6.5507971410051,new_lower_rho_same_seed_schedule,False,20,-5.191302378884738,0.0023333333333333335,7,0.9976666666666667,1.01763907734057,2948,1,2897,0.04024663955174689,False,-11.742099519889837,False,ok,,0.0009618749609217048
38,5,Normal,3000,5,0.4,5,2026105705,6.5507971410051,new_lower_rho_same_seed_schedule,False,21,-5.236739550174342,0.0026666666666666666,8,0.9973333333333333,1.019367991845056,2943,1,2887,0.04372505813601534,False,-11.787536691179442,False,ok,,0.0009563330095261335
38,5,Normal,3000,5,0.4,5,2026105705,6.5507971410051,new_lower_rho_same_seed_schedule,False,22,-5.341220198604072,0.0023333333333333335,7,0.9976666666666667,1.0121457489878543,2964,1,2929,0.029832046491216718,False,-11.892017339609172,False,ok,,0.0009271670132875443
38,5,Normal,3000,5,0.4,5,2026105705,6.5507971410051,new_lower_rho_same_seed_schedule,False,23,-6.011375838470069,0.001,3,0.999,1.012829169480081,2962,1,2924,0.025333333333333322,False,-12.562172979475168,False,ok,,0.0009280829690396786
38,5,Normal,3000,5,0.4,5,2026105705,6.5507971410051,new_lower_rho_same_seed_schedule,False,24,-5.226432133716736,0.001,3,0.999,1.0070493454179255,2979,1,2958,0.013999999999999995,False,-11.777229274721837,False,ok,,0.0009124590433202684
38,5,Normal,3000,5,0.4,5,2026105705,6.5507971410051,new_lower_rho_same_seed_schedule,False,25,0.0,0.0,0,1.0,1.007387508394896,2978,1,2956,0.014666666666666661,False,-6.5507971410051,True,ok,,0.0009083329932764173
38,5,Normal,3000,5,0.4,5,2026105705,6.5507971410051,new_lower_rho_same_seed_schedule,False,26,-12.5809209962179,0.0003333333333333333,1,0.9996666666666667,1.0060362173038229,2982,1,2964,0.011999999999999999,False,-19.131718137223,False,ok,,0.0009024160099215806
38,5,Normal,3000,5,0.4,5,2026105705,6.5507971410051,new_lower_rho_same_seed_schedule,False,27,-10.215216756617101,0.001,3,0.999,1.0056989607777405,2983,1,2966,0.01133333333333333,False,-16.7660138976222,False,ok,,0.0008924580179154873
38,5,Normal,3000,5,0.4,5,2026105705,6.5507971410051,new_lower_rho_same_seed_schedule,False,28,0.0,0.0,0,1.0,1.0036801605888257,2989,1,2978,0.007333333333333332,False,-6.5507971410051,True,ok,,0.0008851249585859478
38,5,Normal,3000,5,0.4,5,2026105705,6.5507971410051,new_lower_rho_same_seed_schedule,False,29,-6.651146974603566,0.0006666666666666666,2,0.9993333333333333,1.0023387905111927,2993,1,2986,0.004666666666666667,False,-13.201944115608665,False,ok,,0.0008804160170257092
38,5,Normal,3000,5,0.4,5,2026105705,6.5507971410051,new_lower_rho_same_seed_schedule,False,30,-12.5809209962179,0.0003333333333333333,1,0.9996666666666667,1.004352192835621,2987,1,2974,0.008666666666666665,False,-19.131718137223,False,ok,,0.0008901669643819332
38,5,Normal,3000,5,0.4,5,2026105705,6.5507971410051,new_lower_rho_same_seed_schedule,False,31,-4.920513715958547,0.0003333333333333333,1,0.9996666666666667,1.0026737967914439,2992,1,2984,0.005333333333333333,False,-11.471310856963647,False,ok,,0.0008831250015646219
38,5,Normal,3000,5,0.4,5,2026105705,6.5507971410051,new_lower_rho_same_seed_schedule,False,32,0.0,0.0,0,1.0,1.0026737967914439,2992,1,2984,0.005333333333333333,False,-6.5507971410051,True,ok,,0.0008979580015875399
38,5,Normal,3000,5,0.4,5,2026105705,6.5507971410051,new_lower_rho_same_seed_schedule,False,33,0.0,0.0,0,1.0,1.002004008016032,2994,1,2988,0.004,False,-6.5507971410051,True,ok,,0.0008829170255921781
38,5,Normal,3000,5,0.4,5,2026105705,6.5507971410051,new_lower_rho_same_seed_schedule,False,34,0.0,0.0,0,1.0,1.001669449081803,2995,1,2990,0.003333333333333333,False,-6.5507971410051,True,ok,,0.0008835840271785855
38,5,Normal,3000,5,0.4,5,2026105705,6.5507971410051,new_lower_rho_same_seed_schedule,False,35,-12.5809209962179,0.0003333333333333333,1,0.9996666666666667,1.0013351134846462,2996,1,2992,0.002666666666666668,False,-19.131718137223,False,ok,,0.000883165979757905
38,5,Normal,3000,5,0.4,5,2026105705,6.5507971410051,new_lower_rho_same_seed_schedule,False,36,0.0,0.0,0,1.0,1.0023387905111927,2993,1,2986,0.004666666666666666,False,-6.5507971410051,True,ok,,0.0008852920145727694
38,5,Normal,3000,5,0.4,5,2026105705,6.5507971410051,new_lower_rho_same_seed_schedule,False,37,0.0,0.0,0,1.0,1.0006671114076051,2998,1,2996,0.0013333333333333342,False,-6.5507971410051,True,ok,,0.0008673749980516732
38,5,Normal,3000,5,0.4,5,2026105705,6.5507971410051,new_lower_rho_same_seed_schedule,False,38,0.0,0.0,0,1.0,1.0003334444814937,2999,1,2998,0.0006666666666666662,False,-6.5507971410051,True,ok,,0.000869042007252574
38,5,Normal,3000,5,0.4,5,2026105705,6.5507971410051,new_lower_rho_same_seed_schedule,False,39,-12.5809209962179,0.0003333333333333333,1,0.9996666666666667,1.001669449081803,2995,1,2990,0.003333333333333333,False,-19.131718137223,False,ok,,0.0008774169837124646
38,5,Normal,3000,5,0.4,5,2026105705,6.5507971410051,new_lower_rho_same_seed_schedule,False,40,0.0,0.0,0,1.0,1.0006671114076051,2998,1,2996,0.0013333333333333342,False,-6.5507971410051,True,ok,,0.0008634999976493418
38,5,Normal,3000,5,0.4,6,2026105706,6.5507971410051,new_lower_rho_same_seed_schedule,False,1,7.075227014235393,1.0,3000,0.0,3000.0,1,3000,0,1.1467895644278732,False,0.524429873230293,False,ok,,0.0011594169773161411
38,5,Normal,3000,5,0.4,6,2026105706,6.5507971410051,new_lower_rho_same_seed_schedule,False,2,6.019305605618355,1.0,3000,0.0,93.75,32,27,0,1.6509523306774578,False,-0.5314915353867455,False,ok,,0.0010685419547371566
38,5,Normal,3000,5,0.4,6,2026105706,6.5507971410051,new_lower_rho_same_seed_schedule,False,3,5.571814920287669,0.9893333333333333,2968,0.010666666666666713,29.702970297029704,101,1,14,1.8674643082924978,False,-0.9789822207174312,False,ok,,0.0011817500344477594
38,5,Normal,3000,5,0.4,6,2026105706,6.5507971410051,new_lower_rho_same_seed_schedule,False,4,4.932316248279796,0.9433333333333334,2830,0.05666666666666664,12.195121951219512,246,1,84,2.097205084143324,False,-1.6184808927253043,False,ok,,0.001244375016540289
38,5,Normal,3000,5,0.4,6,2026105706,6.5507971410051,new_lower_rho_same_seed_schedule,False,5,4.087706600193986,0.904,2712,0.09599999999999997,7.1258907363420425,421,1,165,2.482667658421717,False,-2.4630905408111143,False,ok,,0.0013510829885490239
38,5,Normal,3000,5,0.4,6,2026105706,6.5507971410051,new_lower_rho_same_seed_schedule,False,6,3.2048457919926907,0.844,2532,0.15600000000000003,4.6801872074882995,641,1,277,2.808847283545515,False,-3.3459513490124095,False,ok,,0.0014313750434666872
38,5,Normal,3000,5,0.4,6,2026105706,6.5507971410051,new_lower_rho_same_seed_schedule,False,7,2.1111047891666574,0.751,2253,0.249,3.2432432432432434,925,1,448,2.9222104313385415,False,-4.439692351838443,False,ok,,0.0015252919984050095
38,5,Normal,3000,5,0.4,6,2026105706,6.5507971410051,new_lower_rho_same_seed_schedule,False,8,1.2494468392953115,0.6356666666666667,1907,0.3643333333333333,2.44299674267101,1228,1,689,2.8693591681119988,False,-5.301350301709789,False,ok,,0.0015686250408180058
38,5,Normal,3000,5,0.4,6,2026105706,6.5507971410051,new_lower_rho_same_seed_schedule,False,9,-0.009528943959371327,0.5186666666666667,1556,0.4813333333333333,1.953125,1536,1,941,2.721369674299011,False,-6.560326084964472,False,ok,,0.001622958981897682
38,5,Normal,3000,5,0.4,6,2026105706,6.5507971410051,new_lower_rho_same_seed_schedule,False,10,-0.739092142787895,0.386,1158,0.614,1.6556291390728477,1812,1,1201,2.256975162554581,False,-7.289889283792995,False,ok,,0.0016144170076586306
38,5,Normal,3000,5,0.4,6,2026105706,6.5507971410051,new_lower_rho_same_seed_schedule,False,11,-1.5952523154296796,0.25066666666666665,752,0.7493333333333334,1.422475106685633,2109,1,1566,1.6384306968867701,False,-8.14604945643478,False,ok,,0.0015135419671423733
38,5,Normal,3000,5,0.4,6,2026105706,6.5507971410051,new_lower_rho_same_seed_schedule,False,12,-2.42061441434372,0.15633333333333332,469,0.8436666666666667,1.2820512820512822,2340,1,1870,1.197747915980358,False,-8.97141155534882,False,ok,,0.0014204999897629023
38,5,Normal,3000,5,0.4,6,2026105706,6.5507971410051,new_lower_rho_same_seed_schedule,False,13,-3.0511102378543065,0.108,324,0.892,1.2219959266802445,2455,1,2031,0.8893840284576667,False,-9.601907378859407,False,ok,,0.0013680830015800893
38,5,Normal,3000,5,0.4,6,2026105706,6.5507971410051,new_lower_rho_same_seed_schedule,False,14,-3.6162857135004796,0.056666666666666664,170,0.9433333333333334,1.1329305135951662,2648,1,2356,0.5321820019596782,False,-10.16708285450558,False,ok,,0.0012417500256560743
38,5,Normal,3000,5,0.4,6,2026105706,6.5507971410051,new_lower_rho_same_seed_schedule,False,15,-3.698254982710856,0.030333333333333334,91,0.9696666666666667,1.1111111111111112,2700,1,2430,0.33704970862308575,False,-10.249052123715956,False,ok,,0.0012058750144205987
38,5,Normal,3000,5,0.4,6,2026105706,6.5507971410051,new_lower_rho_same_seed_schedule,False,16,-4.552742891972454,0.023,69,0.977,1.079913606911447,2778,1,2576,0.2711862160960664,False,-11.103540032977556,False,ok,,0.0011234580306336284
38,5,Normal,3000,5,0.4,6,2026105706,6.5507971410051,new_lower_rho_same_seed_schedule,False,17,-4.649259239044103,0.017666666666666667,53,0.9823333333333333,1.0626992561105206,2823,1,2661,0.20253865227358406,False,-11.200056380049205,False,ok,,0.0010747910127975047
38,5,Normal,3000,5,0.4,6,2026105706,6.5507971410051,new_lower_rho_same_seed_schedule,False,18,-4.968496801051353,0.012666666666666666,38,0.9873333333333333,1.0456605088881143,2869,1,2748,0.14747437744151756,False,-11.519293942056454,False,ok,,0.0010256670066155493
38,5,Normal,3000,5,0.4,6,2026105706,6.5507971410051,new_lower_rho_same_seed_schedule,False,19,-4.578973338587159,0.005666666666666667,17,0.9943333333333333,1.0298661174047374,2913,1,2831,0.09115834353215925,False,-11.12977047959226,False,ok,,0.0009785830043256283
38,5,Normal,3000,5,0.4,6,2026105706,6.5507971410051,new_lower_rho_same_seed_schedule,False,20,-4.61279421926681,0.005333333333333333,16,0.9946666666666667,1.0259917920656634,2924,1,2852,0.07447308819149433,False,-11.16359136027191,False,ok,,0.0009664170211181045
38,5,Normal,3000,5,0.4,6,2026105706,6.5507971410051,new_lower_rho_same_seed_schedule,False,21,-5.565897359478829,0.0036666666666666666,11,0.9963333333333333,1.01763907734057,2948,1,2899,0.05514553585058754,False,-12.116694500483929,False,ok,,0.0009417079854756594
38,5,Normal,3000,5,0.4,6,2026105706,6.5507971410051,new_lower_rho_same_seed_schedule,False,22,-4.809072839532858,0.003,9,0.997,1.0169491525423728,2950,1,2902,0.045839264891982937,False,-11.359869980537958,False,ok,,0.0009392499923706055
38,5,Normal,3000,5,0.4,6,2026105706,6.5507971410051,new_lower_rho_same_seed_schedule,False,23,-5.963953007090389,0.0006666666666666666,2,0.9993333333333333,1.0118043844856661,2965,1,2930,0.02333333333333332,False,-12.514750148095489,False,ok,,0.0009393329964950681
38,5,Normal,3000,5,0.4,6,2026105706,6.5507971410051,new_lower_rho_same_seed_schedule,False,24,-6.125349646903909,0.0003333333333333333,1,0.9996666666666667,1.0077258985555928,2977,1,2954,0.015333333333333324,False,-12.676146787909008,False,ok,,0.0009219999774359167
38,5,Normal,3000,5,0.4,6,2026105706,6.5507971410051,new_lower_rho_same_seed_schedule,False,25,0.0,0.0,0,1.0,1.0080645161290323,2976,1,2952,0.01599999999999999,False,-6.5507971410051,True,ok,,0.0009169999975711107
38,5,Normal,3000,5,0.4,6,2026105706,6.5507971410051,new_lower_rho_same_seed_schedule,False,26,-5.43721765430375,0.001,3,0.999,1.0077258985555928,2977,1,2955,0.020520560122080207,False,-11.98801479530885,False,ok,,0.000912874995265156
38,5,Normal,3000,5,0.4,6,2026105706,6.5507971410051,new_lower_rho_same_seed_schedule,False,27,0.0,0.0,0,1.0,1.0053619302949062,2984,1,2968,0.010666666666666665,False,-6.5507971410051,True,ok,,0.0009041669545695186
38,5,Normal,3000,5,0.4,6,2026105706,6.5507971410051,new_lower_rho_same_seed_schedule,False,28,-6.125349646903909,0.0003333333333333333,1,0.9996666666666667,1.004352192835621,2987,1,2974,0.008666666666666665,False,-12.676146787909008,False,ok,,0.0008902500267140567
38,5,Normal,3000,5,0.4,6,2026105706,6.5507971410051,new_lower_rho_same_seed_schedule,False,29,-5.104059891659138,0.001,3,0.999,1.0050251256281406,2985,1,2970,0.009999999999999997,False,-11.65485703266424,False,ok,,0.0008956250385381281
38,5,Normal,3000,5,0.4,6,2026105706,6.5507971410051,new_lower_rho_same_seed_schedule,False,30,0.0,0.0,0,1.0,1.0023387905111927,2993,1,2986,0.004666666666666665,False,-6.5507971410051,True,ok,,0.0008772499859333038
38,5,Normal,3000,5,0.4,6,2026105706,6.5507971410051,new_lower_rho_same_seed_schedule,False,31,-6.973875042282525,0.0003333333333333333,1,0.9996666666666667,1.0036801605888257,2989,1,2978,0.007333333333333333,False,-13.524672183287624,False,ok,,0.0008899169624783099
38,5,Normal,3000,5,0.4,6,2026105706,6.5507971410051,new_lower_rho_same_seed_schedule,False,32,-6.125349646903909,0.0003333333333333333,1,0.9996666666666667,1.0013351134846462,2996,1,2992,0.0026666666666666657,False,-12.676146787909008,False,ok,,0.0008736669551581144
38,5,Normal,3000,5,0.4,6,2026105706,6.5507971410051,new_lower_rho_same_seed_schedule,False,33,0.0,0.0,0,1.0,1.0023387905111927,2993,1,2986,0.004666666666666666,False,-6.5507971410051,True,ok,,0.000956708041485399
38,5,Normal,3000,5,0.4,6,2026105706,6.5507971410051,new_lower_rho_same_seed_schedule,False,34,0.0,0.0,0,1.0,1.001669449081803,2995,1,2990,0.0033333333333333327,False,-6.5507971410051,True,ok,,0.0008722079801373184
38,5,Normal,3000,5,0.4,6,2026105706,6.5507971410051,new_lower_rho_same_seed_schedule,False,35,0.0,0.0,0,1.0,1.0013351134846462,2996,1,2992,0.002666666666666667,False,-6.5507971410051,True,ok,,0.0008850420126691461
38,5,Normal,3000,5,0.4,6,2026105706,6.5507971410051,new_lower_rho_same_seed_schedule,False,36,0.0,0.0,0,1.0,1.0013351134846462,2996,1,2992,0.0026666666666666666,False,-6.5507971410051,True,ok,,0.0008787919650785625
38,5,Normal,3000,5,0.4,6,2026105706,6.5507971410051,new_lower_rho_same_seed_schedule,False,37,0.0,0.0,0,1.0,1.001001001001001,2997,1,2994,0.0020000000000000005,False,-6.5507971410051,True,ok,,0.0008769590058363974
38,5,Normal,3000,5,0.4,6,2026105706,6.5507971410051,new_lower_rho_same_seed_schedule,False,38,0.0,0.0,0,1.0,1.0006671114076051,2998,1,2996,0.0013333333333333333,False,-6.5507971410051,True,ok,,0.0008794169989414513
38,5,Normal,3000,5,0.4,6,2026105706,6.5507971410051,new_lower_rho_same_seed_schedule,False,39,0.0,0.0,0,1.0,1.0006671114076051,2998,1,2996,0.001333333333333333,False,-6.5507971410051,True,ok,,0.0008754169684834778
38,5,Normal,3000,5,0.4,6,2026105706,6.5507971410051,new_lower_rho_same_seed_schedule,False,40,0.0,0.0,0,1.0,1.0,3000,1,3000,0.0,False,-6.5507971410051,True,ok,,0.0008729160181246698
38,5,Normal,3000,5,0.4,7,2026105707,6.5507971410051,new_lower_rho_same_seed_schedule,False,1,7.071773229323369,1.0,3000,0.0,3000.0,1,3000,0,1.142083404023892,False,0.5209760883182684,False,ok,,0.0011592080118134618
38,5,Normal,3000,5,0.4,7,2026105707,6.5507971410051,new_lower_rho_same_seed_schedule,False,2,6.066955861514093,1.0,3000,0.0,93.75,32,17,0,1.6599347134423938,False,-0.4838412794910072,False,ok,,0.0010919589549303055
38,5,Normal,3000,5,0.4,7,2026105707,6.5507971410051,new_lower_rho_same_seed_schedule,False,3,5.564115337131043,0.988,2964,0.01200000000000001,28.037383177570092,107,1,17,1.8614683616149095,False,-0.986681803874057,False,ok,,0.001162709027994424
38,5,Normal,3000,5,0.4,7,2026105707,6.5507971410051,new_lower_rho_same_seed_schedule,False,4,4.740419971463482,0.9503333333333334,2851,0.04966666666666664,11.538461538461538,260,1,66,2.272810882174913,False,-1.810377169541618,False,ok,,0.0012861250434070826
38,5,Normal,3000,5,0.4,7,2026105707,6.5507971410051,new_lower_rho_same_seed_schedule,False,5,3.8743648853717865,0.8813333333333333,2644,0.1186666666666667,6.25,480,1,182,2.558820831413243,False,-2.6764322556333138,False,ok,,0.0014011249877512455
38,5,Normal,3000,5,0.4,7,2026105707,6.5507971410051,new_lower_rho_same_seed_schedule,False,6,2.875640218367519,0.817,2451,0.18300000000000005,4.132231404958677,726,1,330,2.8322670163973775,False,-3.6751569226375813,False,ok,,0.0014639589935541153
38,5,Normal,3000,5,0.4,7,2026105707,6.5507971410051,new_lower_rho_same_seed_schedule,False,7,1.7321020369387932,0.705,2115,0.29500000000000004,2.8544243577545196,1051,1,531,2.9760489099973357,False,-4.8186951040663075,False,ok,,0.0016937910113483667
38,5,Normal,3000,5,0.4,7,2026105707,6.5507971410051,new_lower_rho_same_seed_schedule,False,8,0.700435916448093,0.5706666666666667,1712,0.42933333333333334,2.159827213822894,1389,1,821,2.7380247513733997,False,-5.850361224557007,False,ok,,0.0016011249972507358
38,5,Normal,3000,5,0.4,7,2026105707,6.5507971410051,new_lower_rho_same_seed_schedule,False,9,-0.33986840733654344,0.43466666666666665,1304,0.5653333333333334,1.7615971814445097,1703,1,1110,2.3848933876364202,False,-6.8906655483416435,False,ok,,0.0016253750072792172
38,5,Normal,3000,5,0.4,7,2026105707,6.5507971410051,new_lower_rho_same_seed_schedule,False,10,-1.3490986801273113,0.298,894,0.702,1.4970059880239521,2004,1,1435,1.863563491823036,False,-7.899895821132412,False,ok,,0.0015537500148639083
38,5,Normal,3000,5,0.4,7,2026105707,6.5507971410051,new_lower_rho_same_seed_schedule,False,11,-2.0408978883146593,0.196,588,0.804,1.3280212483399734,2259,1,1768,1.369350273686244,False,-8.591695029319759,False,ok,,0.0014519589603878558
38,5,Normal,3000,5,0.4,7,2026105707,6.5507971410051,new_lower_rho_same_seed_schedule,False,12,-2.8549439230855627,0.127,381,0.873,1.2335526315789473,2432,1,2010,0.9594692660873292,False,-9.405741064090662,False,ok,,0.0013598749646916986
38,5,Normal,3000,5,0.4,7,2026105707,6.5507971410051,new_lower_rho_same_seed_schedule,False,13,-3.458380458079851,0.06833333333333333,205,0.9316666666666666,1.1618900077459333,2582,1,2236,0.6115018475758193,False,-10.009177599084952,False,ok,,0.0012713329633697867
38,5,Normal,3000,5,0.4,7,2026105707,6.5507971410051,new_lower_rho_same_seed_schedule,False,14,-3.5334946180429707,0.04833333333333333,145,0.9516666666666667,1.1148272017837235,2691,1,2432,0.4306859553205132,False,-10.084291759048071,False,ok,,0.001197666977532208
38,5,Normal,3000,5,0.4,7,2026105707,6.5507971410051,new_lower_rho_same_seed_schedule,False,15,-4.0906121818098,0.028333333333333332,85,0.9716666666666667,1.0814708002883922,2774,1,2576,0.29378599815383166,False,-10.641409322814901,False,ok,,0.001120208005886525
38,5,Normal,3000,5,0.4,7,2026105707,6.5507971410051,new_lower_rho_same_seed_schedule,False,16,-4.577145895436969,0.013333333333333334,40,0.9866666666666667,1.0582010582010581,2835,1,2682,0.16548469087364834,False,-11.127943036442069,False,ok,,0.0010581670212559402
38,5,Normal,3000,5,0.4,7,2026105707,6.5507971410051,new_lower_rho_same_seed_schedule,False,17,-5.338783951552797,0.008666666666666666,26,0.9913333333333333,1.0482180293501049,2862,1,2731,0.14085997677871057,False,-11.889581092557897,False,ok,,0.0010303329909220338
38,5,Normal,3000,5,0.4,7,2026105707,6.5507971410051,new_lower_rho_same_seed_schedule,False,18,-5.492431889511561,0.011333333333333334,34,0.9886666666666667,1.0413051023950017,2881,1,2773,0.13229653218500273,False,-12.043229030516661,False,ok,,0.0010040419874712825
38,5,Normal,3000,5,0.4,7,2026105707,6.5507971410051,new_lower_rho_same_seed_schedule,False,19,-6.548212126551739,0.003,9,0.997,1.0273972602739727,2920,1,2843,0.0723029076082267,False,-13.09900926755684,False,ok,,0.0009651670115999877
38,5,Normal,3000,5,0.4,7,2026105707,6.5507971410051,new_lower_rho_same_seed_schedule,False,20,-4.938040338424608,0.005333333333333333,16,0.9946666666666667,1.0204081632653061,2940,1,2885,0.06536325191943436,False,-11.488837479429709,False,ok,,0.0009434579988010228
38,5,Normal,3000,5,0.4,7,2026105707,6.5507971410051,new_lower_rho_same_seed_schedule,False,21,-4.167865341317739,0.0003333333333333333,1,0.9996666666666667,1.017984390906006,2947,1,2894,0.035333333333333335,False,-10.71866248232284,False,ok,,0.0009322090190835297
38,5,Normal,3000,5,0.4,7,2026105707,6.5507971410051,new_lower_rho_same_seed_schedule,False,22,-7.106973289016574,0.0026666666666666666,8,0.9973333333333333,1.0141987829614605,2958,1,2918,0.04163715783226147,False,-13.657770430021674,False,ok,,0.0009219999774359167
38,5,Normal,3000,5,0.4,7,2026105707,6.5507971410051,new_lower_rho_same_seed_schedule,False,23,0.0,0.0,0,1.0,1.0111223458038423,2967,1,2934,0.02199999999999999,False,-6.5507971410051,True,ok,,0.0009160409681499004
38,5,Normal,3000,5,0.4,7,2026105707,6.5507971410051,new_lower_rho_same_seed_schedule,False,24,-3.579043143876959,0.0003333333333333333,1,0.9996666666666667,1.0087424344317417,2974,1,2948,0.017333333333333326,False,-10.129840284882059,False,ok,,0.0009144170326180756
38,5,Normal,3000,5,0.4,7,2026105707,6.5507971410051,new_lower_rho_same_seed_schedule,False,25,0.0,0.0,0,1.0,1.0060362173038229,2982,1,2964,0.011999999999999995,False,-6.5507971410051,True,ok,,0.000900916988030076
38,5,Normal,3000,5,0.4,7,2026105707,6.5507971410051,new_lower_rho_same_seed_schedule,False,26,-4.4901431072891596,0.0006666666666666666,2,0.9993333333333333,1.0053619302949062,2984,1,2968,0.010666666666666663,False,-11.040940248294259,False,ok,,0.000905958004295826
38,5,Normal,3000,5,0.4,7,2026105707,6.5507971410051,new_lower_rho_same_seed_schedule,False,27,0.0,0.0,0,1.0,1.0056989607777405,2983,1,2966,0.01133333333333333,False,-6.5507971410051,True,ok,,0.0008988750050775707
38,5,Normal,3000,5,0.4,7,2026105707,6.5507971410051,new_lower_rho_same_seed_schedule,False,28,-4.81242087326058,0.0003333333333333333,1,0.9996666666666667,1.0040160642570282,2988,1,2976,0.008,False,-11.36321801426568,False,ok,,0.00088900001719594
38,5,Normal,3000,5,0.4,7,2026105707,6.5507971410051,new_lower_rho_same_seed_schedule,False,29,0.0,0.0,0,1.0,1.0036801605888257,2989,1,2978,0.007333333333333334,False,-6.5507971410051,True,ok,,0.0008861669921316206
38,5,Normal,3000,5,0.4,7,2026105707,6.5507971410051,new_lower_rho_same_seed_schedule,False,30,-3.2834990279421126,0.0003333333333333333,1,0.9996666666666667,1.0036801605888257,2989,1,2978,0.007333333333333333,False,-9.834296168947212,False,ok,,0.0008851659949868917
38,5,Normal,3000,5,0.4,7,2026105707,6.5507971410051,new_lower_rho_same_seed_schedule,False,31,-5.4680308202932775,0.0013333333333333333,4,0.9986666666666667,1.004352192835621,2987,1,2975,0.013591546988697252,False,-12.018827961298378,False,ok,,0.0008809999562799931
38,5,Normal,3000,5,0.4,7,2026105707,6.5507971410051,new_lower_rho_same_seed_schedule,False,32,0.0,0.0,0,1.0,1.0013351134846462,2996,1,2992,0.002666666666666667,False,-6.5507971410051,True,ok,,0.0008654590346850455
38,5,Normal,3000,5,0.4,7,2026105707,6.5507971410051,new_lower_rho_same_seed_schedule,False,33,-6.315717388946049,0.001,3,0.999,1.0023387905111927,2993,1,2987,0.009040253951997899,False,-12.86651452995115,False,ok,,0.0008714579744264483
38,5,Normal,3000,5,0.4,7,2026105707,6.5507971410051,new_lower_rho_same_seed_schedule,False,34,0.0,0.0,0,1.0,1.0013351134846462,2996,1,2992,0.002666666666666666,False,-6.5507971410051,True,ok,,0.0008739170152693987
38,5,Normal,3000,5,0.4,7,2026105707,6.5507971410051,new_lower_rho_same_seed_schedule,False,35,0.0,0.0,0,1.0,1.0013351134846462,2996,1,2992,0.002666666666666667,False,-6.5507971410051,True,ok,,0.0008757920004427433
38,5,Normal,3000,5,0.4,7,2026105707,6.5507971410051,new_lower_rho_same_seed_schedule,False,36,0.0,0.0,0,1.0,1.001001001001001,2997,1,2994,0.002,False,-6.5507971410051,True,ok,,0.0008856249623931944
38,5,Normal,3000,5,0.4,7,2026105707,6.5507971410051,new_lower_rho_same_seed_schedule,False,37,0.0,0.0,0,1.0,1.002004008016032,2994,1,2988,0.004,False,-6.5507971410051,True,ok,,0.0008819579961709678
38,5,Normal,3000,5,0.4,7,2026105707,6.5507971410051,new_lower_rho_same_seed_schedule,False,38,0.0,0.0,0,1.0,1.001001001001001,2997,1,2994,0.0019999999999999996,False,-6.5507971410051,True,ok,,0.0008745830273255706
38,5,Normal,3000,5,0.4,7,2026105707,6.5507971410051,new_lower_rho_same_seed_schedule,False,39,0.0,0.0,0,1.0,1.0006671114076051,2998,1,2996,0.001333333333333333,False,-6.5507971410051,True,ok,,0.0008747089887037873
38,5,Normal,3000,5,0.4,7,2026105707,6.5507971410051,new_lower_rho_same_seed_schedule,False,40,0.0,0.0,0,1.0,1.001001001001001,2997,1,2994,0.002,False,-6.5507971410051,True,ok,,0.0008671249961480498
38,5,Normal,3000,5,0.4,8,2026105708,6.5507971410051,new_lower_rho_same_seed_schedule,False,1,7.079332264786784,1.0,3000,0.0,3000.0,1,3000,0,1.1457696245120834,False,0.5285351237816833,False,ok,,0.0011531669879332185
38,5,Normal,3000,5,0.4,8,2026105708,6.5507971410051,new_lower_rho_same_seed_schedule,False,2,6.047614377410976,1.0,3000,0.0,93.75,32,30,0,1.6557506243840274,False,-0.5031827635941246,False,ok,,0.0010827499791048467
38,5,Normal,3000,5,0.4,8,2026105708,6.5507971410051,new_lower_rho_same_seed_schedule,False,3,5.62545206645088,0.9873333333333333,2962,0.012666666666666715,28.571428571428573,105,1,18,1.8603986565342676,False,-0.9253450745542207,False,ok,,0.0011501249973662198
38,5,Normal,3000,5,0.4,8,2026105708,6.5507971410051,new_lower_rho_same_seed_schedule,False,4,4.792019722944649,0.949,2847,0.051000000000000045,11.406844106463879,263,1,84,2.2414401985979233,False,-1.7587774180604514,False,ok,,0.001265375001821667
38,5,Normal,3000,5,0.4,8,2026105708,6.5507971410051,new_lower_rho_same_seed_schedule,False,5,4.025920938698415,0.8963333333333333,2689,0.10366666666666668,6.741573033707865,445,1,164,2.5630934937608756,False,-2.524876202306685,False,ok,,0.0013567919959314167
38,5,Normal,3000,5,0.4,8,2026105708,6.5507971410051,new_lower_rho_same_seed_schedule,False,6,3.0930532737601957,0.816,2448,0.18400000000000005,4.279600570613409,701,1,308,2.8027813049529082,False,-3.4577438672449046,False,ok,,0.001514374976977706
38,5,Normal,3000,5,0.4,8,2026105708,6.5507971410051,new_lower_rho_same_seed_schedule,False,7,2.0407580554241593,0.703,2109,0.29700000000000004,2.9940119760479043,1002,1,488,2.851612378964881,False,-4.5100390855809405,False,ok,,0.0016005829675123096
38,5,Normal,3000,5,0.4,8,2026105708,6.5507971410051,new_lower_rho_same_seed_schedule,False,8,0.9110346538936247,0.5813333333333334,1744,0.41866666666666663,2.250562640660165,1333,1,748,2.741268568123952,False,-5.639762487111476,False,ok,,0.001640415983274579
38,5,Normal,3000,5,0.4,8,2026105708,6.5507971410051,new_lower_rho_same_seed_schedule,False,9,-0.08010716228327042,0.4573333333333333,1372,0.5426666666666666,1.834862385321101,1635,1,1034,2.461230132000869,False,-6.6309043032883705,False,ok,,0.0016397919971495867
38,5,Normal,3000,5,0.4,8,2026105708,6.5507971410051,new_lower_rho_same_seed_schedule,False,10,-1.158990013867007,0.323,969,0.677,1.5220700152207,1971,1,1407,1.961262083768795,False,-7.7097871548721075,False,ok,,0.001576000009663403
38,5,Normal,3000,5,0.4,8,2026105708,6.5507971410051,new_lower_rho_same_seed_schedule,False,11,-1.9853847372692872,0.208,624,0.792,1.3477088948787062,2226,1,1709,1.4611205131355904,False,-8.536181878274387,False,ok,,0.0015232500154525042
38,5,Normal,3000,5,0.4,8,2026105708,6.5507971410051,new_lower_rho_same_seed_schedule,False,12,-2.271323918861957,0.14633333333333334,439,0.8536666666666667,1.2610340479192939,2379,1,1938,1.1057530371632536,False,-8.822121059867058,False,ok,,0.0015024589956738055
38,5,Normal,3000,5,0.4,8,2026105708,6.5507971410051,new_lower_rho_same_seed_schedule,False,13,-3.006508714299755,0.09166666666666666,275,0.9083333333333333,1.1769321302471558,2549,1,2195,0.733405589551159,False,-9.557305855304856,False,ok,,0.001316040987148881
38,5,Normal,3000,5,0.4,8,2026105708,6.5507971410051,new_lower_rho_same_seed_schedule,False,14,-3.717249221175156,0.054,162,0.946,1.1269722013523666,2662,1,2378,0.5025252835323488,False,-10.268046362180257,False,ok,,0.0012192500289529562
38,5,Normal,3000,5,0.4,8,2026105708,6.5507971410051,new_lower_rho_same_seed_schedule,False,15,-3.8749380888904503,0.03766666666666667,113,0.9623333333333334,1.093693036820999,2743,1,2523,0.37130350836455106,False,-10.425735229895551,False,ok,,0.0011461660033091903
38,5,Normal,3000,5,0.4,8,2026105708,6.5507971410051,new_lower_rho_same_seed_schedule,False,16,-5.126844824454947,0.014666666666666666,44,0.9853333333333333,1.0615711252653928,2826,1,2664,0.18967892194602015,False,-11.677641965460047,False,ok,,0.0010769159998744726
38,5,Normal,3000,5,0.4,8,2026105708,6.5507971410051,new_lower_rho_same_seed_schedule,False,17,-3.82362677369405,0.010333333333333333,31,0.9896666666666667,1.0507880910683012,2855,1,2717,0.13900235233622193,False,-10.37442391469915,False,ok,,0.0010487919789738953
38,5,Normal,3000,5,0.4,8,2026105708,6.5507971410051,new_lower_rho_same_seed_schedule,False,18,-4.955457280336761,0.009666666666666667,29,0.9903333333333333,1.0391409767925182,2887,1,2780,0.11001291119054141,False,-11.506254421341861,False,ok,,0.0010187500156462193
38,5,Normal,3000,5,0.4,8,2026105708,6.5507971410051,new_lower_rho_same_seed_schedule,False,19,-4.332639470601675,0.004,12,0.996,1.0270455323519343,2921,1,2845,0.06456854725355538,False,-10.883436611606776,False,ok,,0.0009862500010058284
38,5,Normal,3000,5,0.4,8,2026105708,6.5507971410051,new_lower_rho_same_seed_schedule,False,20,-5.056276109010913,0.003,9,0.997,1.0207553589656346,2939,1,2880,0.0497542894301927,False,-11.607073250016013,False,ok,,0.0009641250362619758
38,5,Normal,3000,5,0.4,8,2026105708,6.5507971410051,new_lower_rho_same_seed_schedule,False,21,-5.564794739697128,0.0006666666666666666,2,0.9993333333333333,1.016260162601626,2952,1,2904,0.03199999999999999,False,-12.115591880702228,False,ok,,0.0009466250194236636
38,5,Normal,3000,5,0.4,8,2026105708,6.5507971410051,new_lower_rho_same_seed_schedule,False,22,-8.40979548612004,0.001,3,0.999,1.0107816711590296,2968,1,2936,0.021333333333333322,False,-14.96059262712514,False,ok,,0.0009218750055879354
38,5,Normal,3000,5,0.4,8,2026105708,6.5507971410051,new_lower_rho_same_seed_schedule,False,23,0.0,0.0,0,1.0,1.0087424344317417,2974,1,2948,0.017333333333333326,False,-6.5507971410051,True,ok,,0.0009060000302270055
38,5,Normal,3000,5,0.4,8,2026105708,6.5507971410051,new_lower_rho_same_seed_schedule,False,24,-7.215475786723798,0.002,6,0.998,1.0118043844856661,2965,1,2930,0.02333333333333332,False,-13.766272927728899,False,ok,,0.0009207919938489795
38,5,Normal,3000,5,0.4,8,2026105708,6.5507971410051,new_lower_rho_same_seed_schedule,False,25,-7.485308687751891,0.0003333333333333333,1,0.9996666666666667,1.0060362173038229,2982,1,2964,0.011999999999999993,False,-14.036105828756991,False,ok,,0.0009062499739229679
38,5,Normal,3000,5,0.4,8,2026105708,6.5507971410051,new_lower_rho_same_seed_schedule,False,26,-5.861830575272719,0.002,6,0.998,1.0063737001006374,2981,1,2964,0.016391265539824222,False,-12.412627716277818,False,ok,,0.0008949170005507767
38,5,Normal,3000,5,0.4,8,2026105708,6.5507971410051,new_lower_rho_same_seed_schedule,False,27,-5.211347792770294,0.0006666666666666666,2,0.9993333333333333,1.0056989607777405,2983,1,2966,0.011333333333333327,False,-11.762144933775394,False,ok,,0.0008951659547165036
38,5,Normal,3000,5,0.4,8,2026105708,6.5507971410051,new_lower_rho_same_seed_schedule,False,28,-7.258542789131767,0.001,3,0.999,1.0056989607777405,2983,1,2966,0.011333333333333329,False,-13.809339930136868,False,ok,,0.0008874170016497374
38,5,Normal,3000,5,0.4,8,2026105708,6.5507971410051,new_lower_rho_same_seed_schedule,False,29,-7.856050429412073,0.0003333333333333333,1,0.9996666666666667,1.0050251256281406,2985,1,2970,0.009999999999999997,False,-14.406847570417174,False,ok,,0.0008932920172810555
38,5,Normal,3000,5,0.4,8,2026105708,6.5507971410051,new_lower_rho_same_seed_schedule,False,30,-6.917497379633433,0.0003333333333333333,1,0.9996666666666667,1.0030090270812437,2991,1,2982,0.005999999999999999,False,-13.468294520638533,False,ok,,0.0008754589944146574
38,5,Normal,3000,5,0.4,8,2026105708,6.5507971410051,new_lower_rho_same_seed_schedule,False,31,0.0,0.0,0,1.0,1.0023387905111927,2993,1,2986,0.004666666666666665,False,-6.5507971410051,True,ok,,0.0008759579504840076
38,5,Normal,3000,5,0.4,8,2026105708,6.5507971410051,new_lower_rho_same_seed_schedule,False,32,-7.485308687751891,0.0003333333333333333,1,0.9996666666666667,1.002004008016032,2994,1,2988,0.004,False,-14.036105828756991,False,ok,,0.0008861249662004411
38,5,Normal,3000,5,0.4,8,2026105708,6.5507971410051,new_lower_rho_same_seed_schedule,False,33,0.0,0.0,0,1.0,1.002004008016032,2994,1,2988,0.004,False,-6.5507971410051,True,ok,,0.0008927499875426292
38,5,Normal,3000,5,0.4,8,2026105708,6.5507971410051,new_lower_rho_same_seed_schedule,False,34,0.0,0.0,0,1.0,1.001001001001001,2997,1,2994,0.001999999999999999,False,-6.5507971410051,True,ok,,0.0008743749931454659
38,5,Normal,3000,5,0.4,8,2026105708,6.5507971410051,new_lower_rho_same_seed_schedule,False,35,0.0,0.0,0,1.0,1.0013351134846462,2996,1,2992,0.002666666666666666,False,-6.5507971410051,True,ok,,0.0008704999927431345
38,5,Normal,3000,5,0.4,8,2026105708,6.5507971410051,new_lower_rho_same_seed_schedule,False,36,0.0,0.0,0,1.0,1.0006671114076051,2998,1,2996,0.001333333333333333,False,-6.5507971410051,True,ok,,0.0008721670019440353
38,5,Normal,3000,5,0.4,8,2026105708,6.5507971410051,new_lower_rho_same_seed_schedule,False,37,0.0,0.0,0,1.0,1.0003334444814937,2999,1,2998,0.0006666666666666665,False,-6.5507971410051,True,ok,,0.0008648750372231007
38,5,Normal,3000,5,0.4,8,2026105708,6.5507971410051,new_lower_rho_same_seed_schedule,False,38,0.0,0.0,0,1.0,1.001001001001001,2997,1,2994,0.001999999999999999,False,-6.5507971410051,True,ok,,0.0008714169962331653
38,5,Normal,3000,5,0.4,8,2026105708,6.5507971410051,new_lower_rho_same_seed_schedule,False,39,0.0,0.0,0,1.0,1.0003334444814937,2999,1,2998,0.0006666666666666663,False,-6.5507971410051,True,ok,,0.0008631670498289168
38,5,Normal,3000,5,0.4,8,2026105708,6.5507971410051,new_lower_rho_same_seed_schedule,False,40,0.0,0.0,0,1.0,1.0003334444814937,2999,1,2998,0.0006666666666666666,False,-6.5507971410051,True,ok,,0.0008641660097055137
38,5,Normal,3000,5,0.4,9,2026105709,6.5507971410051,new_lower_rho_same_seed_schedule,False,1,7.069409071186623,1.0,3000,0.0,3000.0,1,3000,0,1.148606155241014,False,0.5186119301815229,False,ok,,0.0011552920332178473
38,5,Normal,3000,5,0.4,9,2026105709,6.5507971410051,new_lower_rho_same_seed_schedule,False,2,6.066880506130882,1.0,3000,0.0,93.75,32,23,0,1.6747069941837323,False,-0.4839166348742179,False,ok,,0.0010989580187015235
38,5,Normal,3000,5,0.4,9,2026105709,6.5507971410051,new_lower_rho_same_seed_schedule,False,3,5.587067617197286,0.987,2961,0.013000000000000012,28.30188679245283,106,1,17,1.8505286379577446,False,-0.9637295238078138,False,ok,,0.0011497919913381338
38,5,Normal,3000,5,0.4,9,2026105709,6.5507971410051,new_lower_rho_same_seed_schedule,False,4,4.923978404151394,0.9566666666666667,2870,0.043333333333333335,12.5,240,1,75,2.226934182428648,False,-1.6268187368537061,False,ok,,0.0012517079594545066
38,5,Normal,3000,5,0.4,9,2026105709,6.5507971410051,new_lower_rho_same_seed_schedule,False,5,4.1096338688414455,0.9103333333333333,2731,0.08966666666666667,7.092198581560283,423,1,167,2.5735680164027466,False,-2.4411632721636547,False,ok,,0.001337749999947846
38,5,Normal,3000,5,0.4,9,2026105709,6.5507971410051,new_lower_rho_same_seed_schedule,False,6,3.1664804556425477,0.83,2490,0.17000000000000004,4.636785162287481,647,1,262,2.795217777208246,False,-3.3843166853625526,False,ok,,0.0015093749971129
38,5,Normal,3000,5,0.4,9,2026105709,6.5507971410051,new_lower_rho_same_seed_schedule,False,7,2.087686511589185,0.7413333333333333,2224,0.2586666666666667,3.171247357293869,946,1,457,3.0071389286812766,False,-4.463110629415915,False,ok,,0.0015834159567020833
38,5,Normal,3000,5,0.4,9,2026105709,6.5507971410051,new_lower_rho_same_seed_schedule,False,8,1.095400463358198,0.6063333333333333,1819,0.3936666666666667,2.3076923076923075,1300,1,765,2.7377666232496534,False,-5.4553966776469025,False,ok,,0.0016086249961517751
38,5,Normal,3000,5,0.4,9,2026105709,6.5507971410051,new_lower_rho_same_seed_schedule,False,9,0.0034355696700592137,0.47833333333333333,1435,0.5216666666666667,1.8915510718789408,1586,1,978,2.546447708567563,False,-6.547361571335041,False,ok,,0.0016554159810766578
38,5,Normal,3000,5,0.4,9,2026105709,6.5507971410051,new_lower_rho_same_seed_schedule,False,10,-0.8600454676897219,0.37633333333333335,1129,0.6236666666666666,1.609442060085837,1864,1,1285,2.1985164647094364,False,-7.410842608694822,False,ok,,0.0016036249580793083
38,5,Normal,3000,5,0.4,9,2026105709,6.5507971410051,new_lower_rho_same_seed_schedule,False,11,-1.7633169712127936,0.25133333333333335,754,0.7486666666666666,1.4144271570014144,2121,1,1580,1.695783751999517,False,-8.314114112217894,False,ok,,0.0015622499631717801
38,5,Normal,3000,5,0.4,9,2026105709,6.5507971410051,new_lower_rho_same_seed_schedule,False,12,-2.2334074586608423,0.166,498,0.834,1.2701100762066047,2362,1,1928,1.1701426265054677,False,-8.784204599665943,False,ok,,0.0014283329946920276
38,5,Normal,3000,5,0.4,9,2026105709,6.5507971410051,new_lower_rho_same_seed_schedule,False,13,-3.0162547493563348,0.092,276,0.908,1.1815675462780622,2539,1,2174,0.7635621334315782,False,-9.567051890361435,False,ok,,0.0013250409974716604
38,5,Normal,3000,5,0.4,9,2026105709,6.5507971410051,new_lower_rho_same_seed_schedule,False,14,-3.40951459151254,0.060333333333333336,181,0.9396666666666667,1.1411182959300115,2629,1,2322,0.5198389565966595,False,-9.96031173251764,False,ok,,0.0012611249694600701
38,5,Normal,3000,5,0.4,9,2026105709,6.5507971410051,new_lower_rho_same_seed_schedule,False,15,-4.081167714153292,0.04133333333333333,124,0.9586666666666667,1.1111111111111112,2700,1,2440,0.4291196428190439,False,-10.631964855158392,False,ok,,0.001191458955872804
38,5,Normal,3000,5,0.4,9,2026105709,6.5507971410051,new_lower_rho_same_seed_schedule,False,16,-4.474401009245316,0.025666666666666667,77,0.9743333333333334,1.0748835542816195,2791,1,2604,0.2680104835594902,False,-11.025198150250416,False,ok,,0.0011103749857284129
38,5,Normal,3000,5,0.4,9,2026105709,6.5507971410051,new_lower_rho_same_seed_schedule,False,17,-4.322425081313662,0.011666666666666667,35,0.9883333333333333,1.0548523206751055,2844,1,2696,0.15284458539301407,False,-10.873222222318763,False,ok,,0.001067083969246596
38,5,Normal,3000,5,0.4,9,2026105709,6.5507971410051,new_lower_rho_same_seed_schedule,False,18,-6.189775417676342,0.010666666666666666,32,0.9893333333333333,1.0405827263267429,2883,1,2775,0.1390230375477106,False,-12.740572558681443,False,ok,,0.0010274999658577144
38,5,Normal,3000,5,0.4,9,2026105709,6.5507971410051,new_lower_rho_same_seed_schedule,False,19,-5.467491025386394,0.004333333333333333,13,0.9956666666666667,1.0281014393420151,2918,1,2838,0.06842895894636977,False,-12.018288166391494,False,ok,,0.0009902080055326223
38,5,Normal,3000,5,0.4,9,2026105709,6.5507971410051,new_lower_rho_same_seed_schedule,False,20,-4.805560700322889,0.0036666666666666666,11,0.9963333333333333,1.0252904989747096,2926,1,2855,0.0678693048446745,False,-11.35635784132799,False,ok,,0.0009687080164439976
38,5,Normal,3000,5,0.4,9,2026105709,6.5507971410051,new_lower_rho_same_seed_schedule,False,21,-5.440245753885457,0.0036666666666666666,11,0.9963333333333333,1.015916017609211,2953,1,2908,0.047304674988088255,False,-11.991042894890558,False,ok,,0.0009398749680258334
38,5,Normal,3000,5,0.4,9,2026105709,6.5507971410051,new_lower_rho_same_seed_schedule,False,22,-3.808089043673719,0.001,3,0.999,1.01763907734057,2948,1,2896,0.034666666666666665,False,-10.35888618467882,False,ok,,0.0009385840385220945
38,5,Normal,3000,5,0.4,9,2026105709,6.5507971410051,new_lower_rho_same_seed_schedule,False,23,-5.184790366500581,0.0016666666666666668,5,0.9983333333333333,1.0124873439082012,2963,1,2927,0.02997074037249618,False,-11.73558750750568,False,ok,,0.000928749970626086
38,5,Normal,3000,5,0.4,9,2026105709,6.5507971410051,new_lower_rho_same_seed_schedule,False,24,-5.505259651462504,0.0016666666666666668,5,0.9983333333333333,1.0114632501685772,2966,1,2933,0.030126105730923735,False,-12.056056792467604,False,ok,,0.0009227920090779662
38,5,Normal,3000,5,0.4,9,2026105709,6.5507971410051,new_lower_rho_same_seed_schedule,False,25,-6.65385488296503,0.0003333333333333333,1,0.9996666666666667,1.0080645161290323,2976,1,2952,0.015999999999999993,False,-13.20465202397013,False,ok,,0.0009119580499827862
38,5,Normal,3000,5,0.4,9,2026105709,6.5507971410051,new_lower_rho_same_seed_schedule,False,26,-4.452467602956836,0.0006666666666666666,2,0.9993333333333333,1.0046885465505693,2986,1,2972,0.00933333333333333,False,-11.003264743961935,False,ok,,0.0008967079920694232
38,5,Normal,3000,5,0.4,9,2026105709,6.5507971410051,new_lower_rho_same_seed_schedule,False,27,-6.8432795824270265,0.0003333333333333333,1,0.9996666666666667,1.004352192835621,2987,1,2974,0.008666666666666663,False,-13.394076723432127,False,ok,,0.0008895000210031867
38,5,Normal,3000,5,0.4,9,2026105709,6.5507971410051,new_lower_rho_same_seed_schedule,False,28,-4.1316621795401645,0.0003333333333333333,1,0.9996666666666667,1.0050251256281406,2985,1,2970,0.009999999999999998,False,-10.682459320545265,False,ok,,0.0008924999856390059
38,5,Normal,3000,5,0.4,9,2026105709,6.5507971410051,new_lower_rho_same_seed_schedule,False,29,0.0,0.0,0,1.0,1.0030090270812437,2991,1,2982,0.005999999999999999,False,-6.5507971410051,True,ok,,0.0008872909820638597
38,5,Normal,3000,5,0.4,9,2026105709,6.5507971410051,new_lower_rho_same_seed_schedule,False,30,0.0,0.0,0,1.0,1.0026737967914439,2992,1,2984,0.005333333333333332,False,-6.5507971410051,True,ok,,0.000896541983820498
38,5,Normal,3000,5,0.4,9,2026105709,6.5507971410051,new_lower_rho_same_seed_schedule,False,31,-6.4657537666453955,0.0003333333333333333,1,0.9996666666666667,1.002004008016032,2994,1,2988,0.004,False,-13.016550907650496,False,ok,,0.0009607910178601742
38,5,Normal,3000,5,0.4,9,2026105709,6.5507971410051,new_lower_rho_same_seed_schedule,False,32,0.0,0.0,0,1.0,1.0023387905111927,2993,1,2986,0.004666666666666665,False,-6.5507971410051,True,ok,,0.0008847500430420041
38,5,Normal,3000,5,0.4,9,2026105709,6.5507971410051,new_lower_rho_same_seed_schedule,False,33,0.0,0.0,0,1.0,1.002004008016032,2994,1,2988,0.004,False,-6.5507971410051,True,ok,,0.0008792910375632346
38,5,Normal,3000,5,0.4,9,2026105709,6.5507971410051,new_lower_rho_same_seed_schedule,False,34,0.0,0.0,0,1.0,1.001001001001001,2997,1,2994,0.001999999999999999,False,-6.5507971410051,True,ok,,0.0008783339872024953
38,5,Normal,3000,5,0.4,9,2026105709,6.5507971410051,new_lower_rho_same_seed_schedule,False,35,0.0,0.0,0,1.0,1.0003334444814937,2999,1,2998,0.0006666666666666665,False,-6.5507971410051,True,ok,,0.0008695410215295851
38,5,Normal,3000,5,0.4,9,2026105709,6.5507971410051,new_lower_rho_same_seed_schedule,False,36,0.0,0.0,0,1.0,1.0006671114076051,2998,1,2996,0.001333333333333333,False,-6.5507971410051,True,ok,,0.0008656249847263098
38,5,Normal,3000,5,0.4,9,2026105709,6.5507971410051,new_lower_rho_same_seed_schedule,False,37,0.0,0.0,0,1.0,1.0003334444814937,2999,1,2998,0.0006666666666666668,False,-6.5507971410051,True,ok,,0.0008708750247024
38,5,Normal,3000,5,0.4,9,2026105709,6.5507971410051,new_lower_rho_same_seed_schedule,False,38,0.0,0.0,0,1.0,1.0003334444814937,2999,1,2998,0.0006666666666666673,False,-6.5507971410051,True,ok,,0.0008782919612713158
38,5,Normal,3000,5,0.4,9,2026105709,6.5507971410051,new_lower_rho_same_seed_schedule,False,39,0.0,0.0,0,1.0,1.001001001001001,2997,1,2994,0.0019999999999999996,False,-6.5507971410051,True,ok,,0.000873417011462152
38,5,Normal,3000,5,0.4,9,2026105709,6.5507971410051,new_lower_rho_same_seed_schedule,False,40,0.0,0.0,0,1.0,1.0003334444814937,2999,1,2998,0.0006666666666666663,False,-6.5507971410051,True,ok,,0.0008785420213826001
38,5,Normal,3000,5,0.4,10,2026105710,6.5507971410051,new_lower_rho_same_seed_schedule,False,1,7.116060015041353,1.0,3000,0.0,3000.0,1,3000,0,1.151036578522279,False,0.5652628740362529,False,ok,,0.001185417000669986
38,5,Normal,3000,5,0.4,10,2026105710,6.5507971410051,new_lower_rho_same_seed_schedule,False,2,6.103802371261579,1.0,3000,0.0,93.75,32,18,0,1.6709560683266222,False,-0.4469947697435215,False,ok,,0.0011382079683244228
38,5,Normal,3000,5,0.4,10,2026105710,6.5507971410051,new_lower_rho_same_seed_schedule,False,3,5.675237207192916,0.989,2967,0.01100000000000001,29.41176470588235,102,1,13,1.8412330043132696,False,-0.875559933812184,False,ok,,0.0011744999792426825
38,5,Normal,3000,5,0.4,10,2026105710,6.5507971410051,new_lower_rho_same_seed_schedule,False,4,5.05227259944051,0.9436666666666667,2831,0.056333333333333346,12.552301255230125,239,1,80,2.0424214305412316,False,-1.4985245415645903,False,ok,,0.0012765410356223583
38,5,Normal,3000,5,0.4,10,2026105710,6.5507971410051,new_lower_rho_same_seed_schedule,False,5,4.217548601618869,0.905,2715,0.09499999999999997,7.317073170731708,410,1,148,2.504844206631584,False,-2.333248539386231,False,ok,,0.0013743749586865306
38,5,Normal,3000,5,0.4,10,2026105710,6.5507971410051,new_lower_rho_same_seed_schedule,False,6,3.3144269673710682,0.85,2550,0.15000000000000002,4.8,625,1,273,2.796828974305457,False,-3.236370173634032,False,ok,,0.0014567080070264637
38,5,Normal,3000,5,0.4,10,2026105710,6.5507971410051,new_lower_rho_same_seed_schedule,False,7,2.354230074495531,0.7373333333333333,2212,0.2626666666666667,3.260869565217391,920,1,451,2.826750134062742,False,-4.196567066509569,False,ok,,0.0015597500023432076
38,5,Normal,3000,5,0.4,10,2026105710,6.5507971410051,new_lower_rho_same_seed_schedule,False,8,1.2197669936712368,0.6456666666666667,1937,0.3543333333333333,2.510460251046025,1195,1,641,2.9066744359646917,False,-5.3310301473338635,False,ok,,0.0016218330129049718
38,5,Normal,3000,5,0.4,10,2026105710,6.5507971410051,new_lower_rho_same_seed_schedule,False,9,0.307876093536272,0.52,1560,0.48,2.0080321285140563,1494,1,884,2.693329507982623,False,-6.242921047468828,False,ok,,0.0016828749794512987
38,5,Normal,3000,5,0.4,10,2026105710,6.5507971410051,new_lower_rho_same_seed_schedule,False,10,-0.6536663027627472,0.36833333333333335,1105,0.6316666666666666,1.6366612111292962,1833,1,1236,2.1585420433241107,False,-7.204463443767848,False,ok,,0.001644125033635646
38,5,Normal,3000,5,0.4,10,2026105710,6.5507971410051,new_lower_rho_same_seed_schedule,False,11,-1.4673136555890454,0.27,810,0.73,1.4381591562799616,2086,1,1555,1.6981281041744194,False,-8.018110796594145,False,ok,,0.0015489580109715462
38,5,Normal,3000,5,0.4,10,2026105710,6.5507971410051,new_lower_rho_same_seed_schedule,False,12,-2.1377882095612115,0.19633333333333333,589,0.8036666666666666,1.3303769401330376,2255,1,1761,1.3597075759173762,False,-8.688585350566312,False,ok,,0.0014778749900870025
38,5,Normal,3000,5,0.4,10,2026105710,6.5507971410051,new_lower_rho_same_seed_schedule,False,13,-2.8677497227022295,0.11,330,0.89,1.222992254382389,2453,1,2030,0.8745379035213582,False,-9.41854686370733,False,ok,,0.0013892920105718076
38,5,Normal,3000,5,0.4,10,2026105710,6.5507971410051,new_lower_rho_same_seed_schedule,False,14,-3.0148082057635563,0.07266666666666667,218,0.9273333333333333,1.1727912431587177,2558,1,2191,0.6216384090263337,False,-9.565605346768656,False,ok,,0.00132004200713709
38,5,Normal,3000,5,0.4,10,2026105710,6.5507971410051,new_lower_rho_same_seed_schedule,False,15,-3.859208483648,0.044333333333333336,133,0.9556666666666667,1.1135857461024499,2694,1,2431,0.41903631235472744,False,-10.4100056246531,False,ok,,0.0012089170049875975
38,5,Normal,3000,5,0.4,10,2026105710,6.5507971410051,new_lower_rho_same_seed_schedule,False,16,-4.027640458597131,0.034,102,0.966,1.0787486515641855,2781,1,2594,0.32747304273025557,False,-10.578437599602232,False,ok,,0.0011163330054841936
38,5,Normal,3000,5,0.4,10,2026105710,6.5507971410051,new_lower_rho_same_seed_schedule,False,17,-4.413086118254108,0.015333333333333332,46,0.9846666666666667,1.0626992561105206,2823,1,2659,0.20258369539243798,False,-10.963883259259209,False,ok,,0.0010832079569809139
38,5,Normal,3000,5,0.4,10,2026105710,6.5507971410051,new_lower_rho_same_seed_schedule,False,18,-5.301670382056854,0.008,24,0.992,1.0460251046025104,2868,1,2742,0.11512401423349883,False,-11.852467523061954,False,ok,,0.001035958994179964
38,5,Normal,3000,5,0.4,10,2026105710,6.5507971410051,new_lower_rho_same_seed_schedule,False,19,-5.026108148906906,0.008333333333333333,25,0.9916666666666667,1.0384215991692627,2889,1,2784,0.11290602096486964,False,-11.576905289912006,False,ok,,0.0010024160146713257
38,5,Normal,3000,5,0.4,10,2026105710,6.5507971410051,new_lower_rho_same_seed_schedule,False,20,-5.036025841965728,0.007333333333333333,22,0.9926666666666667,1.0266940451745379,2922,1,2851,0.09003308190228933,False,-11.586822982970828,False,ok,,0.0009742500260472298
38,5,Normal,3000,5,0.4,10,2026105710,6.5507971410051,new_lower_rho_same_seed_schedule,False,21,-5.224158753098408,0.0026666666666666666,8,0.9973333333333333,1.0235414534288638,2931,1,2862,0.04600000000000004,False,-11.774955894103508,False,ok,,0.0009600829798728228
38,5,Normal,3000,5,0.4,10,2026105710,6.5507971410051,new_lower_rho_same_seed_schedule,False,22,-6.298362643579326,0.0016666666666666668,5,0.9983333333333333,1.021798365122616,2936,1,2872,0.04266666666666669,False,-12.849159784584426,False,ok,,0.000955208030063659
38,5,Normal,3000,5,0.4,10,2026105710,6.5507971410051,new_lower_rho_same_seed_schedule,False,23,-3.8436073910050315,0.0013333333333333333,4,0.9986666666666667,1.0131712259371835,2961,1,2922,0.025999999999999985,False,-10.394404532010132,False,ok,,0.0009317499934695661
38,5,Normal,3000,5,0.4,10,2026105710,6.5507971410051,new_lower_rho_same_seed_schedule,False,24,-4.2436876594266115,0.0016666666666666668,5,0.9983333333333333,1.0124873439082012,2963,1,2927,0.03042319939118433,False,-10.79448480043171,False,ok,,0.0009265830158255994
38,5,Normal,3000,5,0.4,10,2026105710,6.5507971410051,new_lower_rho_same_seed_schedule,False,25,-6.812709379188818,0.001,3,0.999,1.0097610232245036,2971,1,2942,0.019333333333333324,False,-13.36350652019392,False,ok,,0.000928084016777575
38,5,Normal,3000,5,0.4,10,2026105710,6.5507971410051,new_lower_rho_same_seed_schedule,False,26,0.0,0.0,0,1.0,1.007387508394896,2978,1,2956,0.01466666666666666,False,-6.5507971410051,True,ok,,0.0009137919987551868
38,5,Normal,3000,5,0.4,10,2026105710,6.5507971410051,new_lower_rho_same_seed_schedule,False,27,0.0,0.0,0,1.0,1.004352192835621,2987,1,2974,0.008666666666666663,False,-6.5507971410051,True,ok,,0.0008933749631978571
38,5,Normal,3000,5,0.4,10,2026105710,6.5507971410051,new_lower_rho_same_seed_schedule,False,28,-7.088804696163519,0.0013333333333333333,4,0.9986666666666667,1.0056989607777405,2983,1,2967,0.01755712748754875,False,-13.63960183716862,False,ok,,0.0009034170070663095
38,5,Normal,3000,5,0.4,10,2026105710,6.5507971410051,new_lower_rho_same_seed_schedule,False,29,-9.216185720518714,0.0003333333333333333,1,0.9996666666666667,1.0050251256281406,2985,1,2970,0.009999999999999995,False,-15.766982861523815,False,ok,,0.0008946669986471534
38,5,Normal,3000,5,0.4,10,2026105710,6.5507971410051,new_lower_rho_same_seed_schedule,False,30,0.0,0.0,0,1.0,1.0040160642570282,2988,1,2976,0.007999999999999997,False,-6.5507971410051,True,ok,,0.0008855420164763927
38,5,Normal,3000,5,0.4,10,2026105710,6.5507971410051,new_lower_rho_same_seed_schedule,False,31,-5.788451973131025,0.0013333333333333333,4,0.9986666666666667,1.0036801605888257,2989,1,2979,0.011487248929590946,False,-12.339249114136125,False,ok,,0.0008867920259945095
38,5,Normal,3000,5,0.4,10,2026105710,6.5507971410051,new_lower_rho_same_seed_schedule,False,32,-7.743856088008553,0.001,3,0.999,1.0040160642570282,2988,1,2976,0.007999999999999997,False,-14.294653229013655,False,ok,,0.0008862079703249037
38,5,Normal,3000,5,0.4,10,2026105710,6.5507971410051,new_lower_rho_same_seed_schedule,False,33,0.0,0.0,0,1.0,1.0030090270812437,2991,1,2982,0.0059999999999999975,False,-6.5507971410051,True,ok,,0.0008833329775370657
38,5,Normal,3000,5,0.4,10,2026105710,6.5507971410051,new_lower_rho_same_seed_schedule,False,34,-3.5998556207319714,0.0003333333333333333,1,0.9996666666666667,1.002004008016032,2994,1,2988,0.004,False,-10.15065276173707,False,ok,,0.0008782910299487412
38,5,Normal,3000,5,0.4,10,2026105710,6.5507971410051,new_lower_rho_same_seed_schedule,False,35,-5.7956013140233065,0.0003333333333333333,1,0.9996666666666667,1.0033444816053512,2990,1,2980,0.0066666666666666645,False,-12.346398455028407,False,ok,,0.0008810830186121166
38,5,Normal,3000,5,0.4,10,2026105710,6.5507971410051,new_lower_rho_same_seed_schedule,False,36,-3.5998556207319714,0.0003333333333333333,1,0.9996666666666667,1.0013351134846462,2996,1,2992,0.002666666666666666,False,-10.15065276173707,False,ok,,0.0008692499832250178
38,5,Normal,3000,5,0.4,10,2026105710,6.5507971410051,new_lower_rho_same_seed_schedule,False,37,0.0,0.0,0,1.0,1.0013351134846462,2996,1,2992,0.002666666666666667,False,-6.5507971410051,True,ok,,0.0008929579635150731
38,5,Normal,3000,5,0.4,10,2026105710,6.5507971410051,new_lower_rho_same_seed_schedule,False,38,0.0,0.0,0,1.0,1.0026737967914439,2992,1,2984,0.005333333333333332,False,-6.5507971410051,True,ok,,0.0008780410280451179
38,5,Normal,3000,5,0.4,10,2026105710,6.5507971410051,new_lower_rho_same_seed_schedule,False,39,-9.216185720518714,0.0003333333333333333,1,0.9996666666666667,1.0013351134846462,2996,1,2992,0.002666666666666666,False,-15.766982861523815,False,ok,,0.0008768750121816993
38,5,Normal,3000,5,0.4,10,2026105710,6.5507971410051,new_lower_rho_same_seed_schedule,False,40,0.0,0.0,0,1.0,1.0013351134846462,2996,1,2992,0.002666666666666666,False,-6.5507971410051,True,ok,,0.0008791659492999315
38,5,Normal,3000,5,0.4,11,2026105711,6.5507971410051,new_lower_rho_same_seed_schedule,False,1,7.0496262353947605,1.0,3000,0.0,3000.0,1,3000,0,1.1440240823296821,False,0.4988290943896603,False,ok,,0.0011938749812543392
38,5,Normal,3000,5,0.4,11,2026105711,6.5507971410051,new_lower_rho_same_seed_schedule,False,2,6.074257880996158,1.0,3000,0.0,93.75,32,24,0,1.6635193164428288,False,-0.4765392600089422,False,ok,,0.0011193749960511923
38,5,Normal,3000,5,0.4,11,2026105711,6.5507971410051,new_lower_rho_same_seed_schedule,False,3,5.612587390858526,0.9866666666666667,2960,0.013333333333333308,27.272727272727273,110,1,26,1.8681967962362074,False,-0.9382097501465738,False,ok,,0.0011751249548979104
38,5,Normal,3000,5,0.4,11,2026105711,6.5507971410051,new_lower_rho_same_seed_schedule,False,4,4.912862611878476,0.9446666666666667,2834,0.055333333333333345,11.538461538461538,260,1,90,2.136526677624651,False,-1.6379345291266239,False,ok,,0.0012602500501088798
38,5,Normal,3000,5,0.4,11,2026105711,6.5507971410051,new_lower_rho_same_seed_schedule,False,5,4.1113637695905965,0.8943333333333333,2683,0.10566666666666669,6.787330316742081,442,1,181,2.489917472238717,False,-2.439433371414504,False,ok,,0.0013701670104637742
38,5,Normal,3000,5,0.4,11,2026105711,6.5507971410051,new_lower_rho_same_seed_schedule,False,6,3.039226616413924,0.836,2508,0.16400000000000003,4.491017964071856,668,1,286,2.8432670293992555,False,-3.511570524591176,False,ok,,0.0014945840230211616
38,5,Normal,3000,5,0.4,11,2026105711,6.5507971410051,new_lower_rho_same_seed_schedule,False,7,2.0175852402516155,0.7236666666666667,2171,0.2763333333333333,3.067484662576687,978,1,489,2.966470631538105,False,-4.533211900753485,False,ok,,0.0015851670177653432
38,5,Normal,3000,5,0.4,11,2026105711,6.5507971410051,new_lower_rho_same_seed_schedule,False,8,1.1476371553385556,0.5946666666666667,1784,0.4053333333333333,2.320185614849188,1293,1,740,2.6658182840721634,False,-5.403159985666544,False,ok,,0.0016138749779202044
38,5,Normal,3000,5,0.4,11,2026105711,6.5507971410051,new_lower_rho_same_seed_schedule,False,9,0.1020029153330992,0.48133333333333334,1444,0.5186666666666666,1.8773466833541927,1598,1,1012,2.5183458878228993,False,-6.4487942256720014,False,ok,,0.0016458749887533486
38,5,Normal,3000,5,0.4,11,2026105711,6.5507971410051,new_lower_rho_same_seed_schedule,False,10,-0.9391638665904892,0.3436666666666667,1031,0.6563333333333333,1.5731515469323545,1907,1,1324,2.062421717446168,False,-7.489961007595589,False,ok,,0.0016887499950826168
38,5,Normal,3000,5,0.4,11,2026105711,6.5507971410051,new_lower_rho_same_seed_schedule,False,11,-1.697831907814683,0.252,756,0.748,1.3979496738117427,2146,1,1629,1.6757118346403475,False,-8.248629048819783,False,ok,,0.0015189580153673887
38,5,Normal,3000,5,0.4,11,2026105711,6.5507971410051,new_lower_rho_same_seed_schedule,False,12,-2.3514431207710564,0.15666666666666668,470,0.8433333333333333,1.2776831345826236,2348,1,1885,1.1376943905121781,False,-8.902240261776157,False,ok,,0.0014383329544216394
38,5,Normal,3000,5,0.4,11,2026105711,6.5507971410051,new_lower_rho_same_seed_schedule,False,13,-3.073475241962166,0.09133333333333334,274,0.9086666666666666,1.1947431302270013,2511,1,2117,0.8012966107818015,False,-9.624272382967266,False,ok,,0.0013472919818013906
38,5,Normal,3000,5,0.4,11,2026105711,6.5507971410051,new_lower_rho_same_seed_schedule,False,14,-3.451863353637707,0.05433333333333333,163,0.9456666666666667,1.1376564277588168,2637,1,2331,0.5456310478432674,False,-10.002660494642807,False,ok,,0.0012551660183817148
38,5,Normal,3000,5,0.4,11,2026105711,6.5507971410051,new_lower_rho_same_seed_schedule,False,15,-3.9139507951180255,0.03133333333333333,94,0.9686666666666667,1.0976948408342482,2733,1,2496,0.3324542390694089,False,-10.464747936123125,False,ok,,0.0011710409889928997
38,5,Normal,3000,5,0.4,11,2026105711,6.5507971410051,new_lower_rho_same_seed_schedule,False,16,-4.002153212178294,0.017666666666666667,53,0.9823333333333333,1.0718113612004287,2799,1,2613,0.22908145971490387,False,-10.552950353183395,False,ok,,0.0010968749993480742
38,5,Normal,3000,5,0.4,11,2026105711,6.5507971410051,new_lower_rho_same_seed_schedule,False,17,-4.16847091075013,0.021,63,0.979,1.054481546572935,2845,1,2708,0.22181825512635936,False,-10.719268051755229,False,ok,,0.0010472499998286366
38,5,Normal,3000,5,0.4,11,2026105711,6.5507971410051,new_lower_rho_same_seed_schedule,False,18,-4.55834158770858,0.006,18,0.994,1.0413051023950017,2881,1,2768,0.09882391955594126,False,-11.109138728713681,False,ok,,0.0010154579649679363
38,5,Normal,3000,5,0.4,11,2026105711,6.5507971410051,new_lower_rho_same_seed_schedule,False,19,-4.7865718776182495,0.005,15,0.995,1.0281014393420151,2918,1,2839,0.07420911794750965,False,-11.337369018623349,False,ok,,0.000973291986156255
38,5,Normal,3000,5,0.4,11,2026105711,6.5507971410051,new_lower_rho_same_seed_schedule,False,20,-4.71692138387154,0.006,18,0.994,1.0270455323519343,2921,1,2848,0.07961563052003034,False,-11.26771852487664,False,ok,,0.0009776250226423144
38,5,Normal,3000,5,0.4,11,2026105711,6.5507971410051,new_lower_rho_same_seed_schedule,False,21,-6.780421468017006,0.001,3,0.999,1.0190217391304348,2944,1,2888,0.03733333333333334,False,-13.331218609022105,False,ok,,0.0009484580368734896
38,5,Normal,3000,5,0.4,11,2026105711,6.5507971410051,new_lower_rho_same_seed_schedule,False,22,-4.912583479835346,0.003,9,0.997,1.015228426395939,2955,1,2911,0.036659573466849324,False,-11.463380620840447,False,ok,,0.0009275840129703283
38,5,Normal,3000,5,0.4,11,2026105711,6.5507971410051,new_lower_rho_same_seed_schedule,False,23,-4.1818327864892435,0.0003333333333333333,1,0.9996666666666667,1.0124873439082012,2963,1,2926,0.02466666666666665,False,-10.732629927494344,False,ok,,0.0009215000318363309
38,5,Normal,3000,5,0.4,11,2026105711,6.5507971410051,new_lower_rho_same_seed_schedule,False,24,-5.721868939532279,0.0023333333333333335,7,0.9976666666666667,1.012829169480081,2962,1,2926,0.037816744470951506,False,-12.27266608053738,False,ok,,0.0009187909890897572
38,5,Normal,3000,5,0.4,11,2026105711,6.5507971410051,new_lower_rho_same_seed_schedule,False,25,-6.37377419057221,0.001,3,0.999,1.0067114093959733,2980,1,2961,0.019801203753645545,False,-12.92457133157731,False,ok,,0.0009322910336777568
38,5,Normal,3000,5,0.4,11,2026105711,6.5507971410051,new_lower_rho_same_seed_schedule,False,26,-5.897470462749505,0.0003333333333333333,1,0.9996666666666667,1.0063737001006374,2981,1,2962,0.012666666666666661,False,-12.448267603754605,False,ok,,0.0009094580309465528
38,5,Normal,3000,5,0.4,11,2026105711,6.5507971410051,new_lower_rho_same_seed_schedule,False,27,0.0,0.0,0,1.0,1.0063737001006374,2981,1,2962,0.01266666666666666,False,-6.5507971410051,True,ok,,0.0008994159870781004
38,5,Normal,3000,5,0.4,11,2026105711,6.5507971410051,new_lower_rho_same_seed_schedule,False,28,-7.784441886718694,0.0003333333333333333,1,0.9996666666666667,1.0030090270812437,2991,1,2982,0.006,False,-14.335239027723794,False,ok,,0.00089216697961092
38,5,Normal,3000,5,0.4,11,2026105711,6.5507971410051,new_lower_rho_same_seed_schedule,False,29,0.0,0.0,0,1.0,1.0033444816053512,2990,1,2980,0.006666666666666665,False,-6.5507971410051,True,ok,,0.000889291986823082
38,5,Normal,3000,5,0.4,11,2026105711,6.5507971410051,new_lower_rho_same_seed_schedule,False,30,-7.5470182030025965,0.0003333333333333333,1,0.9996666666666667,1.0036801605888257,2989,1,2978,0.007333333333333333,False,-14.097815344007696,False,ok,,0.0008849169826135039
38,5,Normal,3000,5,0.4,11,2026105711,6.5507971410051,new_lower_rho_same_seed_schedule,False,31,0.0,0.0,0,1.0,1.004352192835621,2987,1,2974,0.008666666666666663,False,-6.5507971410051,True,ok,,0.0008990840287879109
38,5,Normal,3000,5,0.4,11,2026105711,6.5507971410051,new_lower_rho_same_seed_schedule,False,32,0.0,0.0,0,1.0,1.0023387905111927,2993,1,2986,0.004666666666666666,False,-6.5507971410051,True,ok,,0.0008837920031510293
38,5,Normal,3000,5,0.4,11,2026105711,6.5507971410051,new_lower_rho_same_seed_schedule,False,33,0.0,0.0,0,1.0,1.002004008016032,2994,1,2988,0.003999999999999999,False,-6.5507971410051,True,ok,,0.000881750020198524
38,5,Normal,3000,5,0.4,11,2026105711,6.5507971410051,new_lower_rho_same_seed_schedule,False,34,0.0,0.0,0,1.0,1.001001001001001,2997,1,2994,0.002,False,-6.5507971410051,True,ok,,0.0008694169810041785
38,5,Normal,3000,5,0.4,11,2026105711,6.5507971410051,new_lower_rho_same_seed_schedule,False,35,0.0,0.0,0,1.0,1.001669449081803,2995,1,2990,0.0033333333333333327,False,-6.5507971410051,True,ok,,0.000873749959282577
38,5,Normal,3000,5,0.4,11,2026105711,6.5507971410051,new_lower_rho_same_seed_schedule,False,36,0.0,0.0,0,1.0,1.0023387905111927,2993,1,2986,0.004666666666666665,False,-6.5507971410051,True,ok,,0.000874458986800164
38,5,Normal,3000,5,0.4,11,2026105711,6.5507971410051,new_lower_rho_same_seed_schedule,False,37,-4.1818327864892435,0.0003333333333333333,1,0.9996666666666667,1.001001001001001,2997,1,2994,0.0019999999999999996,False,-10.732629927494344,False,ok,,0.0008784160017967224
38,5,Normal,3000,5,0.4,11,2026105711,6.5507971410051,new_lower_rho_same_seed_schedule,False,38,0.0,0.0,0,1.0,1.0003334444814937,2999,1,2998,0.0006666666666666665,False,-6.5507971410051,True,ok,,0.0008822919917292893
38,5,Normal,3000,5,0.4,11,2026105711,6.5507971410051,new_lower_rho_same_seed_schedule,False,39,0.0,0.0,0,1.0,1.001001001001001,2997,1,2994,0.0019999999999999996,False,-6.5507971410051,True,ok,,0.00087779201567173
38,5,Normal,3000,5,0.4,11,2026105711,6.5507971410051,new_lower_rho_same_seed_schedule,False,40,0.0,0.0,0,1.0,1.001001001001001,2997,1,2994,0.002,False,-6.5507971410051,True,ok,,0.0008735840092413127
38,5,Normal,3000,5,0.4,12,2026105712,6.5507971410051,new_lower_rho_same_seed_schedule,False,1,7.094280836147083,1.0,3000,0.0,3000.0,1,3000,0,1.1435186568178923,False,0.5434836951419824,False,ok,,0.0011975829838775098
38,5,Normal,3000,5,0.4,12,2026105712,6.5507971410051,new_lower_rho_same_seed_schedule,False,2,6.06878186000738,1.0,3000,0.0,93.75,32,19,0,1.6621199344567106,False,-0.48201528099771984,False,ok,,0.0011483340058475733
38,5,Normal,3000,5,0.4,12,2026105712,6.5507971410051,new_lower_rho_same_seed_schedule,False,3,5.537538899259794,0.9856666666666667,2957,0.014333333333333309,24.59016393442623,122,1,29,1.9012319138052391,False,-1.013258241745306,False,ok,,0.0012062080204486847
38,5,Normal,3000,5,0.4,12,2026105712,6.5507971410051,new_lower_rho_same_seed_schedule,False,4,4.848051140629141,0.95,2850,0.050000000000000044,11.71875,256,1,79,2.2424400210541897,False,-1.7027460003759591,False,ok,,0.0012969999806955457
38,5,Normal,3000,5,0.4,12,2026105712,6.5507971410051,new_lower_rho_same_seed_schedule,False,5,3.9718546547114957,0.8843333333333333,2653,0.1156666666666667,6.3965884861407245,469,1,179,2.53118046339464,False,-2.5789424862936046,False,ok,,0.0014021670212969184
38,5,Normal,3000,5,0.4,12,2026105712,6.5507971410051,new_lower_rho_same_seed_schedule,False,6,3.0240582769529785,0.8133333333333334,2440,0.18666666666666665,4.1208791208791204,728,1,343,2.8647138712075377,False,-3.526738864052122,False,ok,,0.0015014170203357935
38,5,Normal,3000,5,0.4,12,2026105712,6.5507971410051,new_lower_rho_same_seed_schedule,False,7,1.924117236721705,0.704,2112,0.29600000000000004,2.9182879377431905,1028,1,537,2.81599164860012,False,-4.626679904283395,False,ok,,0.0015922080492600799
38,5,Normal,3000,5,0.4,12,2026105712,6.5507971410051,new_lower_rho_same_seed_schedule,False,8,0.9248207376617236,0.598,1794,0.402,2.2796352583586628,1316,1,760,2.729293643700167,False,-5.625976403343377,False,ok,,0.0016328750061802566
38,5,Normal,3000,5,0.4,12,2026105712,6.5507971410051,new_lower_rho_same_seed_schedule,False,9,-0.28288823534094815,0.454,1362,0.546,1.786777843954735,1679,1,1098,2.4667875973946907,False,-6.833685376346049,False,ok,,0.0016495420131832361
38,5,Normal,3000,5,0.4,12,2026105712,6.5507971410051,new_lower_rho_same_seed_schedule,False,10,-0.8300717863224891,0.32366666666666666,971,0.6763333333333333,1.5463917525773196,1940,1,1362,1.8761895327746512,False,-7.380868927327589,False,ok,,0.0016106250113807619
38,5,Normal,3000,5,0.4,12,2026105712,6.5507971410051,new_lower_rho_same_seed_schedule,False,11,-2.0427180021748055,0.216,648,0.784,1.3673655423883317,2194,1,1663,1.5243979790426254,False,-8.593515143179905,False,ok,,0.0015475000254809856
38,5,Normal,3000,5,0.4,12,2026105712,6.5507971410051,new_lower_rho_same_seed_schedule,False,12,-2.5492850802045877,0.15166666666666667,455,0.8483333333333334,1.2520868113522539,2396,1,1972,1.1423836524209945,False,-9.100082221209687,False,ok,,0.0014095419901423156
38,5,Normal,3000,5,0.4,12,2026105712,6.5507971410051,new_lower_rho_same_seed_schedule,False,13,-3.04734281968185,0.08366666666666667,251,0.9163333333333333,1.1764705882352942,2550,1,2187,0.7051970192296879,False,-9.59813996068695,False,ok,,0.0013278329861350358
38,5,Normal,3000,5,0.4,12,2026105712,6.5507971410051,new_lower_rho_same_seed_schedule,False,14,-3.4773706830064794,0.050666666666666665,152,0.9493333333333334,1.1269722013523666,2662,1,2376,0.4979120242020389,False,-10.028167824011579,False,ok,,0.0012336249928921461
38,5,Normal,3000,5,0.4,12,2026105712,6.5507971410051,new_lower_rho_same_seed_schedule,False,15,-3.705549861574263,0.035333333333333335,106,0.9646666666666667,1.0885341074020318,2756,1,2546,0.33398412852878995,False,-10.256347002579364,False,ok,,0.001153291028458625
38,5,Normal,3000,5,0.4,12,2026105712,6.5507971410051,new_lower_rho_same_seed_schedule,False,16,-4.407579430662449,0.024333333333333332,73,0.9756666666666667,1.0695187165775402,2805,1,2631,0.24769939362475596,False,-10.95837657166755,False,ok,,0.0011075410293415189
38,5,Normal,3000,5,0.4,12,2026105712,6.5507971410051,new_lower_rho_same_seed_schedule,False,17,-4.653432747184824,0.013666666666666667,41,0.9863333333333333,1.048584411045089,2861,1,2735,0.15627167824143767,False,-11.204229888189925,False,ok,,0.0010487089748494327
38,5,Normal,3000,5,0.4,12,2026105712,6.5507971410051,new_lower_rho_same_seed_schedule,False,18,-4.325019088190601,0.011333333333333334,34,0.9886666666666667,1.0377032168799722,2891,1,2790,0.10686053344807385,False,-10.875816229195701,False,ok,,0.0010120830265805125
38,5,Normal,3000,5,0.4,12,2026105712,6.5507971410051,new_lower_rho_same_seed_schedule,False,19,-4.512967606219166,0.002,6,0.998,1.0214504596527068,2937,1,2876,0.053769743146652726,False,-11.063764747224266,False,ok,,0.0009619580232538283
38,5,Normal,3000,5,0.4,12,2026105712,6.5507971410051,new_lower_rho_same_seed_schedule,False,20,-6.050881076814558,0.004,12,0.996,1.0207553589656346,2939,1,2881,0.060446081069377225,False,-12.601678217819657,False,ok,,0.0009594159782864153
38,5,Normal,3000,5,0.4,12,2026105712,6.5507971410051,new_lower_rho_same_seed_schedule,False,21,-5.180698525037869,0.0023333333333333335,7,0.9976666666666667,1.0166045408336157,2951,1,2904,0.04597128911987801,False,-11.731495666042969,False,ok,,0.0009460829896852374
38,5,Normal,3000,5,0.4,12,2026105712,6.5507971410051,new_lower_rho_same_seed_schedule,False,22,-6.420600470653238,0.0026666666666666666,8,0.9973333333333333,1.0148849797023005,2956,1,2913,0.03552897207817495,False,-12.971397611658338,False,ok,,0.0009392499923706055
38,5,Normal,3000,5,0.4,12,2026105712,6.5507971410051,new_lower_rho_same_seed_schedule,False,23,-5.044451434755319,0.0016666666666666668,5,0.9983333333333333,1.0124873439082012,2963,1,2927,0.02927512443492621,False,-11.595248575760419,False,ok,,0.0009303329861722887
38,5,Normal,3000,5,0.4,12,2026105712,6.5507971410051,new_lower_rho_same_seed_schedule,False,24,0.0,0.0,0,1.0,1.0084033613445378,2975,1,2950,0.01666666666666666,False,-6.5507971410051,True,ok,,0.00091758300550282
38,5,Normal,3000,5,0.4,12,2026105712,6.5507971410051,new_lower_rho_same_seed_schedule,False,25,0.0,0.0,0,1.0,1.0063737001006374,2981,1,2962,0.012666666666666661,False,-6.5507971410051,True,ok,,0.0009127499652095139
38,5,Normal,3000,5,0.4,12,2026105712,6.5507971410051,new_lower_rho_same_seed_schedule,False,26,-8.850719086578993,0.0003333333333333333,1,0.9996666666666667,1.009421265141319,2972,1,2944,0.018666666666666658,False,-15.401516227584093,False,ok,,0.000936749973334372
38,5,Normal,3000,5,0.4,12,2026105712,6.5507971410051,new_lower_rho_same_seed_schedule,False,27,-9.44459509330977,0.0003333333333333333,1,0.9996666666666667,1.0067114093959733,2980,1,2960,0.013333333333333326,False,-15.99539223431487,False,ok,,0.0009188339463435113
38,5,Normal,3000,5,0.4,12,2026105712,6.5507971410051,new_lower_rho_same_seed_schedule,False,28,0.0,0.0,0,1.0,1.0040160642570282,2988,1,2976,0.008,False,-6.5507971410051,True,ok,,0.0008990420028567314
38,5,Normal,3000,5,0.4,12,2026105712,6.5507971410051,new_lower_rho_same_seed_schedule,False,29,-9.44459509330977,0.0003333333333333333,1,0.9996666666666667,1.0033444816053512,2990,1,2980,0.006666666666666666,False,-15.99539223431487,False,ok,,0.0009662079974077642
38,5,Normal,3000,5,0.4,12,2026105712,6.5507971410051,new_lower_rho_same_seed_schedule,False,30,0.0,0.0,0,1.0,1.0030090270812437,2991,1,2982,0.005999999999999998,False,-6.5507971410051,True,ok,,0.0008934999932534993
38,5,Normal,3000,5,0.4,12,2026105712,6.5507971410051,new_lower_rho_same_seed_schedule,False,31,-9.44459509330977,0.0003333333333333333,1,0.9996666666666667,1.0023387905111927,2993,1,2986,0.004666666666666666,False,-15.99539223431487,False,ok,,0.0008869160083122551
38,5,Normal,3000,5,0.4,12,2026105712,6.5507971410051,new_lower_rho_same_seed_schedule,False,32,0.0,0.0,0,1.0,1.002004008016032,2994,1,2988,0.003999999999999998,False,-6.5507971410051,True,ok,,0.000884207955095917
38,5,Normal,3000,5,0.4,12,2026105712,6.5507971410051,new_lower_rho_same_seed_schedule,False,33,-8.850719086578993,0.0003333333333333333,1,0.9996666666666667,1.0030090270812437,2991,1,2982,0.006,False,-15.401516227584093,False,ok,,0.0008880410459823906
38,5,Normal,3000,5,0.4,12,2026105712,6.5507971410051,new_lower_rho_same_seed_schedule,False,34,-9.03343494041549,0.0003333333333333333,1,0.9996666666666667,1.0023387905111927,2993,1,2986,0.004666666666666665,False,-15.58423208142059,False,ok,,0.0008847919525578618
38,5,Normal,3000,5,0.4,12,2026105712,6.5507971410051,new_lower_rho_same_seed_schedule,False,35,-9.44459509330977,0.0003333333333333333,1,0.9996666666666667,1.001001001001001,2997,1,2994,0.001999999999999999,False,-15.99539223431487,False,ok,,0.0008779169875197113
38,5,Normal,3000,5,0.4,12,2026105712,6.5507971410051,new_lower_rho_same_seed_schedule,False,36,0.0,0.0,0,1.0,1.0006671114076051,2998,1,2996,0.0013333333333333335,False,-6.5507971410051,True,ok,,0.000875250028911978
38,5,Normal,3000,5,0.4,12,2026105712,6.5507971410051,new_lower_rho_same_seed_schedule,False,37,0.0,0.0,0,1.0,1.0003334444814937,2999,1,2998,0.0006666666666666668,False,-6.5507971410051,True,ok,,0.0008807919803075492
38,5,Normal,3000,5,0.4,12,2026105712,6.5507971410051,new_lower_rho_same_seed_schedule,False,38,0.0,0.0,0,1.0,1.0003334444814937,2999,1,2998,0.0006666666666666664,False,-6.5507971410051,True,ok,,0.0008862499962560833
38,5,Normal,3000,5,0.4,12,2026105712,6.5507971410051,new_lower_rho_same_seed_schedule,False,39,0.0,0.0,0,1.0,1.0003334444814937,2999,1,2998,0.0006666666666666663,False,-6.5507971410051,True,ok,,0.0008775420137681067
38,5,Normal,3000,5,0.4,12,2026105712,6.5507971410051,new_lower_rho_same_seed_schedule,False,40,0.0,0.0,0,1.0,1.001001001001001,2997,1,2994,0.001999999999999999,False,-6.5507971410051,True,ok,,0.0008786669932305813
38,5,Normal,3000,5,0.4,13,2026105713,6.5507971410051,new_lower_rho_same_seed_schedule,False,1,7.07575671874602,1.0,3000,0.0,3000.0,1,3000,0,1.1446439325219093,False,0.52495957774092,False,ok,,0.0011949169565923512
38,5,Normal,3000,5,0.4,13,2026105713,6.5507971410051,new_lower_rho_same_seed_schedule,False,2,6.073502703723786,1.0,3000,0.0,93.75,32,12,0,1.6625949794203227,False,-0.47729443728131393,False,ok,,0.0011415829649195075
38,5,Normal,3000,5,0.4,13,2026105713,6.5507971410051,new_lower_rho_same_seed_schedule,False,3,5.639036142110268,0.99,2970,0.010000000000000009,30.303030303030305,99,1,19,1.8271472839570355,False,-0.9117609988948319,False,ok,,0.001175332989078015
38,5,Normal,3000,5,0.4,13,2026105713,6.5507971410051,new_lower_rho_same_seed_schedule,False,4,4.987576475075003,0.9483333333333334,2845,0.05166666666666664,12.76595744680851,235,1,69,2.142251307491377,False,-1.5632206659300971,False,ok,,0.0012854160158894956
38,5,Normal,3000,5,0.4,13,2026105713,6.5507971410051,new_lower_rho_same_seed_schedule,False,5,4.20804634864454,0.917,2751,0.08299999999999996,7.633587786259542,393,1,153,2.5411646276160025,False,-2.34275079236056,False,ok,,0.001362374983727932
38,5,Normal,3000,5,0.4,13,2026105713,6.5507971410051,new_lower_rho_same_seed_schedule,False,6,3.3501631668239753,0.8493333333333334,2548,0.15066666666666662,4.815409309791332,623,1,275,2.7498608607829094,False,-3.200633974181125,False,ok,,0.0014504999853670597
38,5,Normal,3000,5,0.4,13,2026105713,6.5507971410051,new_lower_rho_same_seed_schedule,False,7,2.2581320369355473,0.7486666666666667,2246,0.2513333333333333,3.3076074972436604,907,1,427,2.9132741634546013,False,-4.2926651040695525,False,ok,,0.0015768749872222543
38,5,Normal,3000,5,0.4,13,2026105713,6.5507971410051,new_lower_rho_same_seed_schedule,False,8,1.2143480012914611,0.652,1956,0.348,2.4916943521594686,1204,1,673,2.882029792022347,False,-5.336449139713639,False,ok,,0.0016135000041685998
38,5,Normal,3000,5,0.4,13,2026105713,6.5507971410051,new_lower_rho_same_seed_schedule,False,9,0.18312339898584085,0.522,1566,0.478,1.9933554817275747,1505,1,910,2.6856631623516893,False,-6.367673742019259,False,ok,,0.0016955839819274843
38,5,Normal,3000,5,0.4,13,2026105713,6.5507971410051,new_lower_rho_same_seed_schedule,False,10,-0.773984194602612,0.3953333333333333,1186,0.6046666666666667,1.6741071428571428,1792,1,1177,2.349227927251752,False,-7.324781335607712,False,ok,,0.0016911670099943876
38,5,Normal,3000,5,0.4,13,2026105713,6.5507971410051,new_lower_rho_same_seed_schedule,False,11,-1.5186862064164817,0.2776666666666667,833,0.7223333333333333,1.4450867052023122,2076,1,1539,1.7484262711877852,False,-8.069483347421581,False,ok,,0.0015573340351693332
38,5,Normal,3000,5,0.4,13,2026105713,6.5507971410051,new_lower_rho_same_seed_schedule,False,12,-2.219999195675075,0.16333333333333333,490,0.8366666666666667,1.2981393336218088,2311,1,1829,1.1842509394226899,False,-8.770796336680174,False,ok,,0.0014650830416940153
38,5,Normal,3000,5,0.4,13,2026105713,6.5507971410051,new_lower_rho_same_seed_schedule,False,13,-2.9265926140684226,0.12,360,0.88,1.2290045063498567,2441,1,2025,0.9319355977645885,False,-9.477389755073522,False,ok,,0.0013864579959772527
38,5,Normal,3000,5,0.4,13,2026105713,6.5507971410051,new_lower_rho_same_seed_schedule,False,14,-3.1814852084574947,0.06866666666666667,206,0.9313333333333333,1.1547344110854503,2598,1,2271,0.5838147314350488,False,-9.732282349462595,False,ok,,0.0012798330280929804
38,5,Normal,3000,5,0.4,13,2026105713,6.5507971410051,new_lower_rho_same_seed_schedule,False,15,-3.869945641771946,0.03866666666666667,116,0.9613333333333334,1.1098779134295227,2703,1,2439,0.38459532399696594,False,-10.420742782777047,False,ok,,0.0012033749953843653
38,5,Normal,3000,5,0.4,13,2026105713,6.5507971410051,new_lower_rho_same_seed_schedule,False,16,-4.507020602031817,0.035666666666666666,107,0.9643333333333334,1.0830324909747293,2770,1,2576,0.35498798637969514,False,-11.057817743036917,False,ok,,0.0011212079552933574
38,5,Normal,3000,5,0.4,13,2026105713,6.5507971410051,new_lower_rho_same_seed_schedule,False,17,-4.53913791001849,0.012666666666666666,38,0.9873333333333333,1.0608203677510608,2828,1,2665,0.1663244779361398,False,-11.089935051023591,False,ok,,0.00107141601620242
38,5,Normal,3000,5,0.4,13,2026105713,6.5507971410051,new_lower_rho_same_seed_schedule,False,18,-5.312085506928157,0.014666666666666666,44,0.9853333333333333,1.0493179433368311,2859,1,2731,0.17841776053321184,False,-11.862882647933258,False,ok,,0.0010316249681636691
38,5,Normal,3000,5,0.4,13,2026105713,6.5507971410051,new_lower_rho_same_seed_schedule,False,19,-4.679053595373715,0.006,18,0.994,1.0380622837370241,2890,1,2783,0.09296112745702131,False,-11.229850736378815,False,ok,,0.0010077079641632736
38,5,Normal,3000,5,0.4,13,2026105713,6.5507971410051,new_lower_rho_same_seed_schedule,False,20,-6.094842372398403,0.005333333333333333,16,0.9946666666666667,1.0281014393420151,2918,1,2841,0.07163266835511811,False,-12.645639513403502,False,ok,,0.0009694999898783863
38,5,Normal,3000,5,0.4,13,2026105713,6.5507971410051,new_lower_rho_same_seed_schedule,False,21,-5.7889477104085,0.0036666666666666666,11,0.9963333333333333,1.021798365122616,2936,1,2874,0.053930981704385796,False,-12.3397448514136,False,ok,,0.0009549160022288561
38,5,Normal,3000,5,0.4,13,2026105713,6.5507971410051,new_lower_rho_same_seed_schedule,False,22,-6.944023962874675,0.004,12,0.996,1.01763907734057,2948,1,2898,0.04686236896610907,False,-13.494821103879776,False,ok,,0.0009433329687453806
38,5,Normal,3000,5,0.4,13,2026105713,6.5507971410051,new_lower_rho_same_seed_schedule,False,23,-10.467355721624978,0.0003333333333333333,1,0.9996666666666667,1.0148849797023005,2956,1,2912,0.029333333333333315,False,-17.018152862630078,False,ok,,0.0009358339593745768
38,5,Normal,3000,5,0.4,13,2026105713,6.5507971410051,new_lower_rho_same_seed_schedule,False,24,-6.636812773061084,0.0026666666666666666,8,0.9973333333333333,1.015916017609211,2953,1,2908,0.044173945120851356,False,-13.187609914066185,False,ok,,0.0009492919780313969
38,5,Normal,3000,5,0.4,13,2026105713,6.5507971410051,new_lower_rho_same_seed_schedule,False,25,-5.941123014859893,0.0006666666666666666,2,0.9993333333333333,1.0097610232245036,2971,1,2942,0.019333333333333324,False,-12.491920155864992,False,ok,,0.0009176250314339995
38,5,Normal,3000,5,0.4,13,2026105713,6.5507971410051,new_lower_rho_same_seed_schedule,False,26,-6.713547522717823,0.0006666666666666666,2,0.9993333333333333,1.0101010101010102,2970,1,2940,0.01999999999999999,False,-13.264344663722923,False,ok,,0.0009156250162050128
38,5,Normal,3000,5,0.4,13,2026105713,6.5507971410051,new_lower_rho_same_seed_schedule,False,27,-5.420976612447529,0.0003333333333333333,1,0.9996666666666667,1.0077258985555928,2977,1,2954,0.015333333333333326,False,-11.971773753452629,False,ok,,0.0009102909825742245
38,5,Normal,3000,5,0.4,13,2026105713,6.5507971410051,new_lower_rho_same_seed_schedule,False,28,-7.0512015116824855,0.0003333333333333333,1,0.9996666666666667,1.0060362173038229,2982,1,2964,0.011999999999999997,False,-13.601998652687586,False,ok,,0.0009019580320455134
38,5,Normal,3000,5,0.4,13,2026105713,6.5507971410051,new_lower_rho_same_seed_schedule,False,29,-5.420976612447529,0.0003333333333333333,1,0.9996666666666667,1.004352192835621,2987,1,2974,0.008666666666666663,False,-11.971773753452629,False,ok,,0.0008937499951571226
38,5,Normal,3000,5,0.4,13,2026105713,6.5507971410051,new_lower_rho_same_seed_schedule,False,30,-6.076005520998555,0.0013333333333333333,4,0.9986666666666667,1.0050251256281406,2985,1,2971,0.01599845835287758,False,-12.626802662003655,False,ok,,0.0009117919835262001
38,5,Normal,3000,5,0.4,13,2026105713,6.5507971410051,new_lower_rho_same_seed_schedule,False,31,-6.236089062065007,0.0006666666666666666,2,0.9993333333333333,1.0056989607777405,2983,1,2966,0.01133333333333333,False,-12.786886203070107,False,ok,,0.000893999997060746
38,5,Normal,3000,5,0.4,13,2026105713,6.5507971410051,new_lower_rho_same_seed_schedule,False,32,0.0,0.0,0,1.0,1.001669449081803,2995,1,2990,0.0033333333333333322,False,-6.5507971410051,True,ok,,0.0008715000003576279
38,5,Normal,3000,5,0.4,13,2026105713,6.5507971410051,new_lower_rho_same_seed_schedule,False,33,-6.910095670313976,0.0013333333333333333,4,0.9986666666666667,1.0030090270812437,2991,1,2983,0.011773090863190689,False,-13.460892811319077,False,ok,,0.0008847499848343432
38,5,Normal,3000,5,0.4,13,2026105713,6.5507971410051,new_lower_rho_same_seed_schedule,False,34,-6.236089062065007,0.0006666666666666666,2,0.9993333333333333,1.0030090270812437,2991,1,2982,0.005999999999999999,False,-12.786886203070107,False,ok,,0.0008788749692030251
38,5,Normal,3000,5,0.4,13,2026105713,6.5507971410051,new_lower_rho_same_seed_schedule,False,35,-7.0512015116824855,0.0003333333333333333,1,0.9996666666666667,1.0030090270812437,2991,1,2982,0.005999999999999998,False,-13.601998652687586,False,ok,,0.0008795000030659139
38,5,Normal,3000,5,0.4,13,2026105713,6.5507971410051,new_lower_rho_same_seed_schedule,False,36,0.0,0.0,0,1.0,1.0013351134846462,2996,1,2992,0.0026666666666666653,False,-6.5507971410051,True,ok,,0.0008865839918144047
38,5,Normal,3000,5,0.4,13,2026105713,6.5507971410051,new_lower_rho_same_seed_schedule,False,37,0.0,0.0,0,1.0,1.0003334444814937,2999,1,2998,0.0006666666666666666,False,-6.5507971410051,True,ok,,0.0008755000308156013
38,5,Normal,3000,5,0.4,13,2026105713,6.5507971410051,new_lower_rho_same_seed_schedule,False,38,-5.420976612447529,0.0003333333333333333,1,0.9996666666666667,1.001669449081803,2995,1,2990,0.0033333333333333322,False,-11.971773753452629,False,ok,,0.00089945801300928
38,5,Normal,3000,5,0.4,13,2026105713,6.5507971410051,new_lower_rho_same_seed_schedule,False,39,0.0,0.0,0,1.0,1.0006671114076051,2998,1,2996,0.0013333333333333333,False,-6.5507971410051,True,ok,,0.0008789580315351486
38,5,Normal,3000,5,0.4,13,2026105713,6.5507971410051,new_lower_rho_same_seed_schedule,False,40,0.0,0.0,0,1.0,1.001001001001001,2997,1,2994,0.0019999999999999996,False,-6.5507971410051,True,ok,,0.0008712080307304859
38,5,Normal,3000,5,0.4,14,2026105714,6.5507971410051,new_lower_rho_same_seed_schedule,False,1,7.042888428767457,1.0,3000,0.0,3000.0,1,3000,0,1.1374268178908826,False,0.49209128776235644,False,ok,,0.001170584000647068
38,5,Normal,3000,5,0.4,14,2026105714,6.5507971410051,new_lower_rho_same_seed_schedule,False,2,6.01695810414336,1.0,3000,0.0,93.75,32,20,0,1.6465813753238376,False,-0.5338390368617398,False,ok,,0.001108290976844728
38,5,Normal,3000,5,0.4,14,2026105714,6.5507971410051,new_lower_rho_same_seed_schedule,False,3,5.5313344016086905,0.9833333333333333,2950,0.01666666666666672,25.423728813559322,118,1,31,1.8561193452190112,False,-1.0194627393964097,False,ok,,0.0011849580332636833
38,5,Normal,3000,5,0.4,14,2026105714,6.5507971410051,new_lower_rho_same_seed_schedule,False,4,4.7252633637366594,0.9443333333333334,2833,0.05566666666666664,11.07011070110701,271,1,74,2.2814951189884347,False,-1.8255337772684408,False,ok,,0.0012810000334866345
38,5,Normal,3000,5,0.4,14,2026105714,6.5507971410051,new_lower_rho_same_seed_schedule,False,5,3.9539002860235795,0.8843333333333333,2653,0.1156666666666667,6.4655172413793105,464,1,169,2.5711129579736682,False,-2.596896854981521,False,ok,,0.0013836250291205943
38,5,Normal,3000,5,0.4,14,2026105714,6.5507971410051,new_lower_rho_same_seed_schedule,False,6,2.943426842305163,0.8,2400,0.19999999999999996,4.054054054054054,740,1,342,2.7374911161409767,False,-3.607370298699937,False,ok,,0.0015399580006487668
38,5,Normal,3000,5,0.4,14,2026105714,6.5507971410051,new_lower_rho_same_seed_schedule,False,7,1.791877547109629,0.6956666666666667,2087,0.30433333333333334,2.827521206409048,1061,1,554,2.8692070578317175,False,-4.758919593895471,False,ok,,0.001601667026989162
38,5,Normal,3000,5,0.4,14,2026105714,6.5507971410051,new_lower_rho_same_seed_schedule,False,8,0.8011944627406298,0.5766666666666667,1730,0.42333333333333334,2.207505518763797,1359,1,792,2.676708115823596,False,-5.749602678264471,False,ok,,0.0017556669772602618
38,5,Normal,3000,5,0.4,14,2026105714,6.5507971410051,new_lower_rho_same_seed_schedule,False,9,-0.3598028959965734,0.447,1341,0.5529999999999999,1.7554125219426566,1709,1,1136,2.435075257359051,False,-6.910600037001673,False,ok,,0.0016510830027982593
38,5,Normal,3000,5,0.4,14,2026105714,6.5507971410051,new_lower_rho_same_seed_schedule,False,10,-1.2153061373202196,0.31666666666666665,950,0.6833333333333333,1.4940239043824701,2008,1,1470,1.932622546999678,False,-7.766103278325319,False,ok,,0.0015902920276857913
38,5,Normal,3000,5,0.4,14,2026105714,6.5507971410051,new_lower_rho_same_seed_schedule,False,11,-1.9520428984739,0.20766666666666667,623,0.7923333333333333,1.3345195729537367,2248,1,1764,1.436608377543415,False,-8.502840039479,False,ok,,0.0014927079901099205
38,5,Normal,3000,5,0.4,14,2026105714,6.5507971410051,new_lower_rho_same_seed_schedule,False,12,-2.609354022893,0.12866666666666668,386,0.8713333333333333,1.2360939431396787,2427,1,2007,0.995125308985228,False,-9.1601511638981,False,ok,,0.0013979580253362656
38,5,Normal,3000,5,0.4,14,2026105714,6.5507971410051,new_lower_rho_same_seed_schedule,False,13,-3.0788122863113174,0.073,219,0.927,1.1583011583011582,2590,1,2258,0.6265024102704148,False,-9.629609427316417,False,ok,,0.001287916034925729
38,5,Normal,3000,5,0.4,14,2026105714,6.5507971410051,new_lower_rho_same_seed_schedule,False,14,-3.5544979602843223,0.050333333333333334,151,0.9496666666666667,1.111934766493699,2698,1,2449,0.43877336045802,False,-10.105295101289423,False,ok,,0.0011913749622181058
38,5,Normal,3000,5,0.4,14,2026105714,6.5507971410051,new_lower_rho_same_seed_schedule,False,15,-3.7196951188663774,0.025333333333333333,76,0.9746666666666667,1.083815028901734,2768,1,2558,0.2744200918419123,False,-10.270492259871478,False,ok,,0.0011339170159772038
38,5,Normal,3000,5,0.4,14,2026105714,6.5507971410051,new_lower_rho_same_seed_schedule,False,16,-4.90772570579217,0.017,51,0.983,1.0619469026548674,2825,1,2664,0.1927098314173009,False,-11.458522846797269,False,ok,,0.001083709008526057
38,5,Normal,3000,5,0.4,14,2026105714,6.5507971410051,new_lower_rho_same_seed_schedule,False,17,-4.3130808275180685,0.01,30,0.99,1.0467550593161201,2866,1,2741,0.14201093414154625,False,-10.86387796852317,False,ok,,0.0010385829955339432
38,5,Normal,3000,5,0.4,14,2026105714,6.5507971410051,new_lower_rho_same_seed_schedule,False,18,-3.781684627661796,0.008666666666666666,26,0.9913333333333333,1.0369858278603525,2893,1,2794,0.10379964409699989,False,-10.332481768666897,False,ok,,0.0010120419901795685
38,5,Normal,3000,5,0.4,14,2026105714,6.5507971410051,new_lower_rho_same_seed_schedule,False,19,-5.065796628029672,0.004,12,0.996,1.0259917920656634,2924,1,2850,0.06366594411026501,False,-11.616593769034772,False,ok,,0.000984082987997681
38,5,Normal,3000,5,0.4,14,2026105714,6.5507971410051,new_lower_rho_same_seed_schedule,False,20,-5.170265428627506,0.0036666666666666666,11,0.9963333333333333,1.0169491525423728,2950,1,2902,0.04753579743980441,False,-11.721062569632606,False,ok,,0.0009477089624851942
38,5,Normal,3000,5,0.4,14,2026105714,6.5507971410051,new_lower_rho_same_seed_schedule,False,21,-5.732900337926967,0.0016666666666666668,5,0.9983333333333333,1.0124873439082012,2963,1,2927,0.03054345711004462,False,-12.283697478932067,False,ok,,0.0009321660036221147
38,5,Normal,3000,5,0.4,14,2026105714,6.5507971410051,new_lower_rho_same_seed_schedule,False,22,-7.692262224028138,0.002,6,0.998,1.0169491525423728,2950,1,2901,0.03991226006241297,False,-14.243059365033238,False,ok,,0.000943249964620918
38,5,Normal,3000,5,0.4,14,2026105714,6.5507971410051,new_lower_rho_same_seed_schedule,False,23,-7.261658980330786,0.0016666666666666668,5,0.9983333333333333,1.007387508394896,2978,1,2957,0.020543457110044624,False,-13.812456121335886,False,ok,,0.0009108329541049898
38,5,Normal,3000,5,0.4,14,2026105714,6.5507971410051,new_lower_rho_same_seed_schedule,False,24,-6.880695731313773,0.0006666666666666666,2,0.9993333333333333,1.0104412260020208,2969,1,2938,0.020666666666666656,False,-13.431492872318874,False,ok,,0.0009207080001942813
38,5,Normal,3000,5,0.4,14,2026105714,6.5507971410051,new_lower_rho_same_seed_schedule,False,25,-8.181369711668182,0.0003333333333333333,1,0.9996666666666667,1.0040160642570282,2988,1,2976,0.007999999999999997,False,-14.732166852673283,False,ok,,0.0008916250080801547
38,5,Normal,3000,5,0.4,14,2026105714,6.5507971410051,new_lower_rho_same_seed_schedule,False,26,-4.266918816541277,0.0006666666666666666,2,0.9993333333333333,1.0030090270812437,2991,1,2982,0.005999999999999998,False,-10.817715957546376,False,ok,,0.0008890830213204026
38,5,Normal,3000,5,0.4,14,2026105714,6.5507971410051,new_lower_rho_same_seed_schedule,False,27,0.0,0.0,0,1.0,1.0046885465505693,2986,1,2972,0.00933333333333333,False,-6.5507971410051,True,ok,,0.0008880000095814466
38,5,Normal,3000,5,0.4,14,2026105714,6.5507971410051,new_lower_rho_same_seed_schedule,False,28,-5.437566473029947,0.0003333333333333333,1,0.9996666666666667,1.0040160642570282,2988,1,2976,0.007999999999999998,False,-11.988363614035048,False,ok,,0.0009050829685293138
38,5,Normal,3000,5,0.4,14,2026105714,6.5507971410051,new_lower_rho_same_seed_schedule,False,29,0.0,0.0,0,1.0,1.0023387905111927,2993,1,2986,0.0046666666666666645,False,-6.5507971410051,True,ok,,0.0008800830109976232
38,5,Normal,3000,5,0.4,14,2026105714,6.5507971410051,new_lower_rho_same_seed_schedule,False,30,-5.989410660835368,0.0003333333333333333,1,0.9996666666666667,1.0036801605888257,2989,1,2978,0.007333333333333331,False,-12.540207801840468,False,ok,,0.0009066659840755165
38,5,Normal,3000,5,0.4,14,2026105714,6.5507971410051,new_lower_rho_same_seed_schedule,False,31,0.0,0.0,0,1.0,1.001001001001001,2997,1,2994,0.0019999999999999987,False,-6.5507971410051,True,ok,,0.0008921249536797404
38,5,Normal,3000,5,0.4,14,2026105714,6.5507971410051,new_lower_rho_same_seed_schedule,False,32,0.0,0.0,0,1.0,1.0036801605888257,2989,1,2978,0.007333333333333329,False,-6.5507971410051,True,ok,,0.0008930829935707152
38,5,Normal,3000,5,0.4,14,2026105714,6.5507971410051,new_lower_rho_same_seed_schedule,False,33,0.0,0.0,0,1.0,1.0006671114076051,2998,1,2996,0.0013333333333333326,False,-6.5507971410051,True,ok,,0.0008757910109125078
38,5,Normal,3000,5,0.4,14,2026105714,6.5507971410051,new_lower_rho_same_seed_schedule,False,34,0.0,0.0,0,1.0,1.0013351134846462,2996,1,2992,0.0026666666666666666,False,-6.5507971410051,True,ok,,0.0008786660037003458
38,5,Normal,3000,5,0.4,14,2026105714,6.5507971410051,new_lower_rho_same_seed_schedule,False,35,0.0,0.0,0,1.0,1.0013351134846462,2996,1,2992,0.0026666666666666657,False,-6.5507971410051,True,ok,,0.0008777910261414945
38,5,Normal,3000,5,0.4,14,2026105714,6.5507971410051,new_lower_rho_same_seed_schedule,False,36,0.0,0.0,0,1.0,1.0003334444814937,2999,1,2998,0.0006666666666666664,False,-6.5507971410051,True,ok,,0.0008732919814065099
38,5,Normal,3000,5,0.4,14,2026105714,6.5507971410051,new_lower_rho_same_seed_schedule,False,37,0.0,0.0,0,1.0,1.0003334444814937,2999,1,2998,0.0006666666666666664,False,-6.5507971410051,True,ok,,0.0008697080193087459
38,5,Normal,3000,5,0.4,14,2026105714,6.5507971410051,new_lower_rho_same_seed_schedule,False,38,0.0,0.0,0,1.0,1.0013351134846462,2996,1,2992,0.002666666666666666,False,-6.5507971410051,True,ok,,0.0008766250102780759
38,5,Normal,3000,5,0.4,14,2026105714,6.5507971410051,new_lower_rho_same_seed_schedule,False,39,-5.903520777358503,0.0003333333333333333,1,0.9996666666666667,1.0006671114076051,2998,1,2996,0.0013333333333333326,False,-12.454317918363603,False,ok,,0.0008732500136829913
38,5,Normal,3000,5,0.4,14,2026105714,6.5507971410051,new_lower_rho_same_seed_schedule,False,40,0.0,0.0,0,1.0,1.0,3000,1,3000,0.0,False,-6.5507971410051,True,ok,,0.0008818329661153257
38,5,Normal,3000,5,0.4,15,2026105715,6.5507971410051,new_lower_rho_same_seed_schedule,False,1,7.1494756456712105,1.0,3000,0.0,3000.0,1,3000,0,1.148027690192369,False,0.5986785046661103,False,ok,,0.0011842079693451524
38,5,Normal,3000,5,0.4,15,2026105715,6.5507971410051,new_lower_rho_same_seed_schedule,False,2,6.105408138918761,1.0,3000,0.0,93.75,32,4,0,1.6319271438571161,False,-0.4453890020863396,False,ok,,0.0011089170002378523
38,5,Normal,3000,5,0.4,15,2026105715,6.5507971410051,new_lower_rho_same_seed_schedule,False,3,5.651966839817284,0.988,2964,0.01200000000000001,29.12621359223301,103,1,28,1.804530279284884,False,-0.8988303011878163,False,ok,,0.0011906250147148967
38,5,Normal,3000,5,0.4,15,2026105715,6.5507971410051,new_lower_rho_same_seed_schedule,False,4,5.026318044256224,0.955,2865,0.04500000000000004,12.987012987012987,231,1,72,2.11724683477575,False,-1.524479096748876,False,ok,,0.0012740830425173044
38,5,Normal,3000,5,0.4,15,2026105715,6.5507971410051,new_lower_rho_same_seed_schedule,False,5,4.364110490551608,0.9016666666666666,2705,0.09833333333333338,7.444168734491315,403,1,162,2.3826936562623175,False,-2.186686650453492,False,ok,,0.0013627499574795365
38,5,Normal,3000,5,0.4,15,2026105715,6.5507971410051,new_lower_rho_same_seed_schedule,False,6,3.3954360745646937,0.8513333333333334,2554,0.1486666666666666,4.966887417218543,604,1,255,2.7527520009019346,False,-3.1553610664404066,False,ok,,0.001465583045501262
38,5,Normal,3000,5,0.4,15,2026105715,6.5507971410051,new_lower_rho_same_seed_schedule,False,7,2.3822293311755027,0.7706666666666667,2312,0.22933333333333328,3.4482758620689653,870,1,427,2.885208830331414,False,-4.1685678098295975,False,ok,,0.0015375419752672315
38,5,Normal,3000,5,0.4,15,2026105715,6.5507971410051,new_lower_rho_same_seed_schedule,False,8,1.4033040144389626,0.654,1962,0.346,2.5553662691652472,1174,1,638,2.890390023477198,False,-5.147493126566138,False,ok,,0.0016542910016141832
38,5,Normal,3000,5,0.4,15,2026105715,6.5507971410051,new_lower_rho_same_seed_schedule,False,9,0.5432910044217887,0.5396666666666666,1619,0.46033333333333337,2.05761316872428,1458,1,892,2.621034179292957,False,-6.007506136583311,False,ok,,0.0016652080230414867
38,5,Normal,3000,5,0.4,15,2026105715,6.5507971410051,new_lower_rho_same_seed_schedule,False,10,-0.5403367057526828,0.40066666666666667,1202,0.5993333333333333,1.695873374788016,1769,1,1165,2.265632132569451,False,-7.091133846757783,False,ok,,0.0016835419810377061
38,5,Normal,3000,5,0.4,15,2026105715,6.5507971410051,new_lower_rho_same_seed_schedule,False,11,-1.4598348900568463,0.2876666666666667,863,0.7123333333333333,1.4713094654242276,2039,1,1486,1.7891439935511637,False,-8.010632031061947,False,ok,,0.001599124982021749
38,5,Normal,3000,5,0.4,15,2026105715,6.5507971410051,new_lower_rho_same_seed_schedule,False,12,-2.0804656460878896,0.20833333333333334,625,0.7916666666666666,1.3440860215053763,2232,1,1728,1.4113622538045367,False,-8.63126278709299,False,ok,,0.0015209169941954315
38,5,Normal,3000,5,0.4,15,2026105715,6.5507971410051,new_lower_rho_same_seed_schedule,False,13,-2.658752113042762,0.143,429,0.857,1.2526096033402923,2395,1,1958,1.076623466052059,False,-9.209549254047863,False,ok,,0.0014197079581208527
38,5,Normal,3000,5,0.4,15,2026105715,6.5507971410051,new_lower_rho_same_seed_schedule,False,14,-3.3263181469071803,0.077,231,0.923,1.1750881316098707,2553,1,2190,0.686459752918566,False,-9.87711528791228,False,ok,,0.0013281670399010181
38,5,Normal,3000,5,0.4,15,2026105715,6.5507971410051,new_lower_rho_same_seed_schedule,False,15,-3.7009240959356546,0.05266666666666667,158,0.9473333333333334,1.1278195488721805,2660,1,2374,0.49210360729718444,False,-10.251721236940755,False,ok,,0.0012312079779803753
38,5,Normal,3000,5,0.4,15,2026105715,6.5507971410051,new_lower_rho_same_seed_schedule,False,16,-3.7390374925277463,0.032,96,0.968,1.0976948408342482,2733,1,2496,0.33760411307259336,False,-10.289834633532847,False,ok,,0.0011606670450419188
38,5,Normal,3000,5,0.4,15,2026105715,6.5507971410051,new_lower_rho_same_seed_schedule,False,17,-4.612563532214381,0.020666666666666667,62,0.9793333333333334,1.0737294201861132,2794,1,2603,0.23259037504518126,False,-11.163360673219481,False,ok,,0.0011059999815188348
38,5,Normal,3000,5,0.4,15,2026105715,6.5507971410051,new_lower_rho_same_seed_schedule,False,18,-4.48029634510495,0.014666666666666666,44,0.9853333333333333,1.056710109193378,2839,1,2690,0.17489709963042396,False,-11.03109348611005,False,ok,,0.0010649579926393926
38,5,Normal,3000,5,0.4,15,2026105715,6.5507971410051,new_lower_rho_same_seed_schedule,False,19,-4.856244168864922,0.007333333333333333,22,0.9926666666666667,1.0395010395010396,2886,1,2777,0.10558976738669026,False,-11.407041309870023,False,ok,,0.001015292014926672
38,5,Normal,3000,5,0.4,15,2026105715,6.5507971410051,new_lower_rho_same_seed_schedule,False,20,-5.029533426859194,0.0016666666666666668,5,0.9983333333333333,1.0309278350515463,2910,1,2821,0.06555609710702447,False,-11.580330567864294,False,ok,,0.0009920830489136279
38,5,Normal,3000,5,0.4,15,2026105715,6.5507971410051,new_lower_rho_same_seed_schedule,False,21,-5.574198959071347,0.0013333333333333333,4,0.9986666666666667,1.0231923601637107,2932,1,2865,0.051751565777420586,False,-12.124996100076448,False,ok,,0.0009617500472813845
38,5,Normal,3000,5,0.4,15,2026105715,6.5507971410051,new_lower_rho_same_seed_schedule,False,22,-5.5032873367487944,0.004,12,0.996,1.0204081632653061,2940,1,2882,0.05041176650515053,False,-12.054084477753895,False,ok,,0.0009554590214975178
38,5,Normal,3000,5,0.4,15,2026105715,6.5507971410051,new_lower_rho_same_seed_schedule,False,23,-6.955813158945935,0.0006666666666666666,2,0.9993333333333333,1.015572105619499,2954,1,2908,0.03066666666666665,False,-13.506610299951035,False,ok,,0.0009457080159336329
38,5,Normal,3000,5,0.4,15,2026105715,6.5507971410051,new_lower_rho_same_seed_schedule,False,24,-6.123945063565098,0.0006666666666666666,2,0.9993333333333333,1.0124873439082012,2963,1,2926,0.024666666666666653,False,-12.674742204570197,False,ok,,0.0009330000029876828
38,5,Normal,3000,5,0.4,15,2026105715,6.5507971410051,new_lower_rho_same_seed_schedule,False,25,-6.162676846803985,0.0006666666666666666,2,0.9993333333333333,1.0145417653026716,2957,1,2914,0.02866666666666665,False,-12.713473987809085,False,ok,,0.0009273749892599881
38,5,Normal,3000,5,0.4,15,2026105715,6.5507971410051,new_lower_rho_same_seed_schedule,False,26,-7.307755507086053,0.0013333333333333333,4,0.9986666666666667,1.0101010101010102,2970,1,2941,0.027760395015240566,False,-13.858552648091154,False,ok,,0.0009188749827444553
38,5,Normal,3000,5,0.4,15,2026105715,6.5507971410051,new_lower_rho_same_seed_schedule,False,27,-8.512720310276684,0.001,3,0.999,1.0080645161290323,2976,1,2952,0.01599999999999999,False,-15.063517451281784,False,ok,,0.0009880419820547104
38,5,Normal,3000,5,0.4,15,2026105715,6.5507971410051,new_lower_rho_same_seed_schedule,False,28,0.0,0.0,0,1.0,1.0070493454179255,2979,1,2958,0.013999999999999995,False,-6.5507971410051,True,ok,,0.0008982499712146819
38,5,Normal,3000,5,0.4,15,2026105715,6.5507971410051,new_lower_rho_same_seed_schedule,False,29,-5.9290890263768805,0.0003333333333333333,1,0.9996666666666667,1.0040160642570282,2988,1,2976,0.007999999999999998,False,-12.47988616738198,False,ok,,0.0008900000248104334
38,5,Normal,3000,5,0.4,15,2026105715,6.5507971410051,new_lower_rho_same_seed_schedule,False,30,0.0,0.0,0,1.0,1.0033444816053512,2990,1,2980,0.006666666666666669,False,-6.5507971410051,True,ok,,0.0008869580342434347
38,5,Normal,3000,5,0.4,15,2026105715,6.5507971410051,new_lower_rho_same_seed_schedule,False,31,0.0,0.0,0,1.0,1.0033444816053512,2990,1,2980,0.006666666666666667,False,-6.5507971410051,True,ok,,0.0008798339986242354
38,5,Normal,3000,5,0.4,15,2026105715,6.5507971410051,new_lower_rho_same_seed_schedule,False,32,0.0,0.0,0,1.0,1.0040160642570282,2988,1,2976,0.007999999999999998,False,-6.5507971410051,True,ok,,0.0008895419887267053
38,5,Normal,3000,5,0.4,15,2026105715,6.5507971410051,new_lower_rho_same_seed_schedule,False,33,0.0,0.0,0,1.0,1.001669449081803,2995,1,2990,0.0033333333333333322,False,-6.5507971410051,True,ok,,0.0008790420251898468
38,5,Normal,3000,5,0.4,15,2026105715,6.5507971410051,new_lower_rho_same_seed_schedule,False,34,-5.91761248340039,0.0003333333333333333,1,0.9996666666666667,1.0050251256281406,2985,1,2970,0.009999999999999997,False,-12.46840962440549,False,ok,,0.000894750002771616
38,5,Normal,3000,5,0.4,15,2026105715,6.5507971410051,new_lower_rho_same_seed_schedule,False,35,-6.39626466723109,0.0003333333333333333,1,0.9996666666666667,1.0040160642570282,2988,1,2976,0.007999999999999998,False,-12.94706180823619,False,ok,,0.000885708024725318
38,5,Normal,3000,5,0.4,15,2026105715,6.5507971410051,new_lower_rho_same_seed_schedule,False,36,0.0,0.0,0,1.0,1.001001001001001,2997,1,2994,0.001999999999999999,False,-6.5507971410051,True,ok,,0.0008885000133886933
38,5,Normal,3000,5,0.4,15,2026105715,6.5507971410051,new_lower_rho_same_seed_schedule,False,37,0.0,0.0,0,1.0,1.002004008016032,2994,1,2988,0.003999999999999999,False,-6.5507971410051,True,ok,,0.0008815000182949007
38,5,Normal,3000,5,0.4,15,2026105715,6.5507971410051,new_lower_rho_same_seed_schedule,False,38,0.0,0.0,0,1.0,1.0006671114076051,2998,1,2996,0.0013333333333333342,False,-6.5507971410051,True,ok,,0.0008674170239828527
38,5,Normal,3000,5,0.4,15,2026105715,6.5507971410051,new_lower_rho_same_seed_schedule,False,39,0.0,0.0,0,1.0,1.001001001001001,2997,1,2994,0.0019999999999999987,False,-6.5507971410051,True,ok,,0.0008743749931454659
38,5,Normal,3000,5,0.4,15,2026105715,6.5507971410051,new_lower_rho_same_seed_schedule,False,40,0.0,0.0,0,1.0,1.002004008016032,2994,1,2988,0.004000000000000001,False,-6.5507971410051,True,ok,,0.0008921249536797404
38,5,Normal,3000,5,0.4,16,2026105716,6.5507971410051,new_lower_rho_same_seed_schedule,False,1,7.105140525610482,1.0,3000,0.0,3000.0,1,3000,0,1.14204442522036,False,0.5543433846053816,False,ok,,0.0011602080194279552
38,5,Normal,3000,5,0.4,16,2026105716,6.5507971410051,new_lower_rho_same_seed_schedule,False,2,6.099629317442554,1.0,3000,0.0,93.75,32,19,0,1.6609281648960526,False,-0.45116782356254603,False,ok,,0.001075750042218715
38,5,Normal,3000,5,0.4,16,2026105716,6.5507971410051,new_lower_rho_same_seed_schedule,False,3,5.627272242027252,0.9866666666666667,2960,0.013333333333333308,26.785714285714285,112,1,22,1.8820259313221888,False,-0.9235248989778482,False,ok,,0.0011595420073717833
38,5,Normal,3000,5,0.4,16,2026105716,6.5507971410051,new_lower_rho_same_seed_schedule,False,4,4.836982920658455,0.9476666666666667,2843,0.05233333333333334,11.406844106463879,263,1,76,2.271187549496516,False,-1.713814220346645,False,ok,,0.001288167026359588
38,5,Normal,3000,5,0.4,16,2026105716,6.5507971410051,new_lower_rho_same_seed_schedule,False,5,4.052104342688587,0.8853333333333333,2656,0.1146666666666667,6.578947368421052,456,1,167,2.5284693906848816,False,-2.4986927983165135,False,ok,,0.001356916967779398
38,5,Normal,3000,5,0.4,16,2026105716,6.5507971410051,new_lower_rho_same_seed_schedule,False,6,2.881736808645494,0.8196666666666667,2459,0.18033333333333335,4.098360655737705,732,1,327,2.923211241110263,False,-3.669060332359606,False,ok,,0.001530459034256637
38,5,Normal,3000,5,0.4,16,2026105716,6.5507971410051,new_lower_rho_same_seed_schedule,False,7,1.938875511261495,0.697,2091,0.30300000000000005,2.898550724637681,1035,1,537,2.8241221124621414,False,-4.611921629743605,False,ok,,0.0016309160273522139
38,5,Normal,3000,5,0.4,16,2026105716,6.5507971410051,new_lower_rho_same_seed_schedule,False,8,0.7319807151949796,0.5696666666666667,1709,0.43033333333333335,2.1754894851341553,1379,1,794,2.7858448923583072,False,-5.8188164258101205,False,ok,,0.0016814999980852008
38,5,Normal,3000,5,0.4,16,2026105716,6.5507971410051,new_lower_rho_same_seed_schedule,False,9,-0.08919505229590287,0.43566666666666665,1307,0.5643333333333334,1.7678255745433118,1697,1,1106,2.4026863973955312,False,-6.639992193301003,False,ok,,0.001666832948103547
38,5,Normal,3000,5,0.4,16,2026105716,6.5507971410051,new_lower_rho_same_seed_schedule,False,10,-1.3458606527498957,0.31366666666666665,941,0.6863333333333334,1.503006012024048,1996,1,1432,1.940289814610915,False,-7.896657793754996,False,ok,,0.0016138750361278653
38,5,Normal,3000,5,0.4,16,2026105716,6.5507971410051,new_lower_rho_same_seed_schedule,False,11,-1.864905017555415,0.21,630,0.79,1.3398838767306833,2239,1,1754,1.4269595481027992,False,-8.415702158560515,False,ok,,0.0015058330027386546
38,5,Normal,3000,5,0.4,16,2026105716,6.5507971410051,new_lower_rho_same_seed_schedule,False,12,-2.688749168127985,0.12866666666666668,386,0.8713333333333333,1.2401818933443571,2419,1,1989,0.9902087578746128,False,-9.239546309133086,False,ok,,0.001422166998963803
38,5,Normal,3000,5,0.4,16,2026105716,6.5507971410051,new_lower_rho_same_seed_schedule,False,13,-3.3859847714158966,0.07266666666666667,218,0.9273333333333333,1.1485451761102603,2612,1,2296,0.6439895444476753,False,-9.936781912420997,False,ok,,0.0012648749980144203
38,5,Normal,3000,5,0.4,16,2026105716,6.5507971410051,new_lower_rho_same_seed_schedule,False,14,-3.7546698552260858,0.05333333333333334,160,0.9466666666666667,1.1244377811094453,2668,1,2391,0.5084846928055976,False,-10.305466996231186,False,ok,,0.0012117080041207373
38,5,Normal,3000,5,0.4,16,2026105716,6.5507971410051,new_lower_rho_same_seed_schedule,False,15,-3.888134558921821,0.022333333333333334,67,0.9776666666666667,1.0818608005769925,2773,1,2568,0.2536232350978513,False,-10.438931699926922,False,ok,,0.0011252500116825104
38,5,Normal,3000,5,0.4,16,2026105716,6.5507971410051,new_lower_rho_same_seed_schedule,False,16,-4.71516816591543,0.016666666666666666,50,0.9833333333333333,1.0611956137247966,2827,1,2668,0.19885568010981425,False,-11.265965306920531,False,ok,,0.001075834035873413
38,5,Normal,3000,5,0.4,16,2026105716,6.5507971410051,new_lower_rho_same_seed_schedule,False,17,-4.380227706404547,0.007333333333333333,22,0.9926666666666667,1.0423905489923557,2878,1,2762,0.10631938048570093,False,-10.931024847409647,False,ok,,0.0010235420195385814
38,5,Normal,3000,5,0.4,16,2026105716,6.5507971410051,new_lower_rho_same_seed_schedule,False,18,-5.363106864195998,0.004333333333333333,13,0.9956666666666667,1.0351966873706004,2898,1,2799,0.08582357102583833,False,-11.913904005201097,False,ok,,0.0010151250171475112
38,5,Normal,3000,5,0.4,16,2026105716,6.5507971410051,new_lower_rho_same_seed_schedule,False,19,-5.025853709697604,0.002,6,0.998,1.0221465076660987,2935,1,2871,0.04919692833953367,False,-11.576650850702705,False,ok,,0.0009653340093791485
38,5,Normal,3000,5,0.4,16,2026105716,6.5507971410051,new_lower_rho_same_seed_schedule,False,20,-5.767578382746751,0.0036666666666666666,11,0.9963333333333333,1.0235414534288638,2931,1,2864,0.05992595389660598,False,-12.31837552375185,False,ok,,0.0009648330160416663
38,5,Normal,3000,5,0.4,16,2026105716,6.5507971410051,new_lower_rho_same_seed_schedule,False,21,-8.062543707004071,0.0006666666666666666,2,0.9993333333333333,1.017984390906006,2947,1,2894,0.03533333333333333,False,-14.613340848009171,False,ok,,0.0009425419848412275
38,5,Normal,3000,5,0.4,16,2026105716,6.5507971410051,new_lower_rho_same_seed_schedule,False,22,-6.417041637397072,0.0016666666666666668,5,0.9983333333333333,1.0145417653026716,2957,1,2914,0.028666666666666653,False,-12.967838778402172,False,ok,,0.0009276249911636114
38,5,Normal,3000,5,0.4,16,2026105716,6.5507971410051,new_lower_rho_same_seed_schedule,False,23,-4.700821667322003,0.0016666666666666668,5,0.9983333333333333,1.0111223458038423,2967,1,2935,0.026471777865268158,False,-11.251618808327104,False,ok,,0.0009153750143013895
38,5,Normal,3000,5,0.4,16,2026105716,6.5507971410051,new_lower_rho_same_seed_schedule,False,24,-6.96928504611272,0.001,3,0.999,1.0111223458038423,2967,1,2934,0.02199999999999999,False,-13.52008218711782,False,ok,,0.000913166964892298
38,5,Normal,3000,5,0.4,16,2026105716,6.5507971410051,new_lower_rho_same_seed_schedule,False,25,-7.207160642026186,0.0023333333333333335,7,0.9976666666666667,1.0097610232245036,2971,1,2944,0.0312736109208933,False,-13.757957783031287,False,ok,,0.0009086250211112201
38,5,Normal,3000,5,0.4,16,2026105716,6.5507971410051,new_lower_rho_same_seed_schedule,False,26,-5.6620170014859745,0.0003333333333333333,1,0.9996666666666667,1.0063737001006374,2981,1,2962,0.012666666666666661,False,-12.212814142491075,False,ok,,0.0009052500245161355
38,5,Normal,3000,5,0.4,16,2026105716,6.5507971410051,new_lower_rho_same_seed_schedule,False,27,-7.47944804231489,0.001,3,0.999,1.0056989607777405,2983,1,2967,0.017917838694045937,False,-14.030245183319991,False,ok,,0.0009058330324478447
38,5,Normal,3000,5,0.4,16,2026105716,6.5507971410051,new_lower_rho_same_seed_schedule,False,28,-7.277735565547478,0.0006666666666666666,2,0.9993333333333333,1.0040160642570282,2988,1,2976,0.007999999999999998,False,-13.82853270655258,False,ok,,0.0008946660091169178
38,5,Normal,3000,5,0.4,16,2026105716,6.5507971410051,new_lower_rho_same_seed_schedule,False,29,0.0,0.0,0,1.0,1.0030090270812437,2991,1,2982,0.006,False,-6.5507971410051,True,ok,,0.0008874160121195018
38,5,Normal,3000,5,0.4,16,2026105716,6.5507971410051,new_lower_rho_same_seed_schedule,False,30,0.0,0.0,0,1.0,1.0036801605888257,2989,1,2978,0.007333333333333333,False,-6.5507971410051,True,ok,,0.0009010410285554826
38,5,Normal,3000,5,0.4,16,2026105716,6.5507971410051,new_lower_rho_same_seed_schedule,False,31,0.0,0.0,0,1.0,1.001001001001001,2997,1,2994,0.002,False,-6.5507971410051,True,ok,,0.0008797919726930559
38,5,Normal,3000,5,0.4,16,2026105716,6.5507971410051,new_lower_rho_same_seed_schedule,False,32,0.0,0.0,0,1.0,1.001669449081803,2995,1,2990,0.003333333333333333,False,-6.5507971410051,True,ok,,0.0008875000057742
38,5,Normal,3000,5,0.4,16,2026105716,6.5507971410051,new_lower_rho_same_seed_schedule,False,33,-9.820194168432256,0.0003333333333333333,1,0.9996666666666667,1.0013351134846462,2996,1,2992,0.002666666666666666,False,-16.370991309437358,False,ok,,0.0008872500038705766
38,5,Normal,3000,5,0.4,16,2026105716,6.5507971410051,new_lower_rho_same_seed_schedule,False,34,0.0,0.0,0,1.0,1.0003334444814937,2999,1,2998,0.0006666666666666666,False,-6.5507971410051,True,ok,,0.0008746659732423723
38,5,Normal,3000,5,0.4,16,2026105716,6.5507971410051,new_lower_rho_same_seed_schedule,False,35,-7.277735565547478,0.0006666666666666666,2,0.9993333333333333,1.0013351134846462,2996,1,2992,0.002666666666666667,False,-13.82853270655258,False,ok,,0.0008764159865677357
38,5,Normal,3000,5,0.4,16,2026105716,6.5507971410051,new_lower_rho_same_seed_schedule,False,36,0.0,0.0,0,1.0,1.0006671114076051,2998,1,2996,0.001333333333333333,False,-6.5507971410051,True,ok,,0.0008735829615034163
38,5,Normal,3000,5,0.4,16,2026105716,6.5507971410051,new_lower_rho_same_seed_schedule,False,37,0.0,0.0,0,1.0,1.001001001001001,2997,1,2994,0.0019999999999999996,False,-6.5507971410051,True,ok,,0.0008722080383449793
38,5,Normal,3000,5,0.4,16,2026105716,6.5507971410051,new_lower_rho_same_seed_schedule,False,38,0.0,0.0,0,1.0,1.0013351134846462,2996,1,2992,0.002666666666666666,False,-6.5507971410051,True,ok,,0.0008772080182097852
38,5,Normal,3000,5,0.4,16,2026105716,6.5507971410051,new_lower_rho_same_seed_schedule,False,39,0.0,0.0,0,1.0,1.0013351134846462,2996,1,2992,0.002666666666666666,False,-6.5507971410051,True,ok,,0.0008747079991735518
38,5,Normal,3000,5,0.4,16,2026105716,6.5507971410051,new_lower_rho_same_seed_schedule,False,40,0.0,0.0,0,1.0,1.001001001001001,2997,1,2994,0.002,False,-6.5507971410051,True,ok,,0.0008847920107655227
38,5,Normal,3000,5,0.4,17,2026105717,6.5507971410051,new_lower_rho_same_seed_schedule,False,1,7.123724569071979,1.0,3000,0.0,3000.0,1,3000,0,1.1513213268685507,False,0.5729274280668788,False,ok,,0.0011860410450026393
38,5,Normal,3000,5,0.4,17,2026105717,6.5507971410051,new_lower_rho_same_seed_schedule,False,2,6.074305189186198,1.0,3000,0.0,93.75,32,22,0,1.6739243492199867,False,-0.47649195181890214,False,ok,,0.0011602499871514738
38,5,Normal,3000,5,0.4,17,2026105717,6.5507971410051,new_lower_rho_same_seed_schedule,False,3,5.658042657227279,0.9876666666666667,2963,0.012333333333333307,29.12621359223301,103,1,19,1.8132555085048907,False,-0.8927544837778214,False,ok,,0.001143125002272427
38,5,Normal,3000,5,0.4,17,2026105717,6.5507971410051,new_lower_rho_same_seed_schedule,False,4,5.05877239306931,0.9536666666666667,2861,0.04633333333333334,13.215859030837004,227,1,84,2.068792975265974,False,-1.4920247479357904,False,ok,,0.0012573330313898623
38,5,Normal,3000,5,0.4,17,2026105717,6.5507971410051,new_lower_rho_same_seed_schedule,False,5,4.352578058161416,0.9116666666666666,2735,0.08833333333333337,7.83289817232376,383,1,156,2.3701751734632697,False,-2.198219082843684,False,ok,,0.0013563749962486327
38,5,Normal,3000,5,0.4,17,2026105717,6.5507971410051,new_lower_rho_same_seed_schedule,False,6,3.2915887662278043,0.8506666666666667,2552,0.14933333333333332,4.901960784313726,612,1,253,2.8098844680955963,False,-3.259208374777296,False,ok,,0.0015399159747175872
38,5,Normal,3000,5,0.4,17,2026105717,6.5507971410051,new_lower_rho_same_seed_schedule,False,7,2.4939743439415403,0.763,2289,0.237,3.4052213393870603,881,1,446,2.840075270143147,False,-4.05682279706356,False,ok,,0.0015664169914089143
38,5,Normal,3000,5,0.4,17,2026105717,6.5507971410051,new_lower_rho_same_seed_schedule,False,8,1.441014135541081,0.6506666666666666,1952,0.3493333333333334,2.5466893039049237,1178,1,664,2.7819512107843973,False,-5.109783005464019,False,ok,,0.0016265830490738153
38,5,Normal,3000,5,0.4,17,2026105717,6.5507971410051,new_lower_rho_same_seed_schedule,False,9,0.4548050603780776,0.5276666666666666,1583,0.4723333333333334,2.050580997949419,1463,1,856,2.7425911078871117,False,-6.095992080627022,False,ok,,0.0017155410023406148
38,5,Normal,3000,5,0.4,17,2026105717,6.5507971410051,new_lower_rho_same_seed_schedule,False,10,-0.527278103125006,0.4116666666666667,1235,0.5883333333333334,1.7026106696935301,1762,1,1170,2.2768372096274683,False,-7.0780752441301065,False,ok,,0.0016579579678364098
38,5,Normal,3000,5,0.4,17,2026105717,6.5507971410051,new_lower_rho_same_seed_schedule,False,11,-1.3125248830801781,0.28633333333333333,859,0.7136666666666667,1.477832512315271,2030,1,1471,1.793381998729829,False,-7.863322024085278,False,ok,,0.0016027909587137401
38,5,Normal,3000,5,0.4,17,2026105717,6.5507971410051,new_lower_rho_same_seed_schedule,False,12,-2.0126386090879587,0.21133333333333335,634,0.7886666666666666,1.3392857142857142,2240,1,1755,1.4229083130063622,False,-8.56343575009306,False,ok,,0.001499959034845233
38,5,Normal,3000,5,0.4,17,2026105717,6.5507971410051,new_lower_rho_same_seed_schedule,False,13,-2.698932436561112,0.12566666666666668,377,0.8743333333333333,1.2422360248447204,2415,1,1978,0.9917474803112137,False,-9.249729577566212,False,ok,,0.0014298339956440032
38,5,Normal,3000,5,0.4,17,2026105717,6.5507971410051,new_lower_rho_same_seed_schedule,False,14,-3.2981087757570764,0.07866666666666666,236,0.9213333333333333,1.1746280344557556,2554,1,2192,0.6741288690879708,False,-9.848905916762178,False,ok,,0.001334875007160008
38,5,Normal,3000,5,0.4,17,2026105717,6.5507971410051,new_lower_rho_same_seed_schedule,False,15,-3.7981830310567934,0.053,159,0.947,1.1210762331838564,2676,1,2405,0.4678688739354269,False,-10.348980172061893,False,ok,,0.0012116670259274542
38,5,Normal,3000,5,0.4,17,2026105717,6.5507971410051,new_lower_rho_same_seed_schedule,False,16,-4.509733704763596,0.031,93,0.969,1.0893246187363834,2754,1,2538,0.33357072935821774,False,-11.060530845768696,False,ok,,0.0011497920495457947
38,5,Normal,3000,5,0.4,17,2026105717,6.5507971410051,new_lower_rho_same_seed_schedule,False,17,-4.802711823176251,0.027,81,0.973,1.0706638115631693,2802,1,2627,0.2783255153936439,False,-11.353508964181351,False,ok,,0.001097083033528179
38,5,Normal,3000,5,0.4,17,2026105717,6.5507971410051,new_lower_rho_same_seed_schedule,False,18,-5.9539640875340245,0.014333333333333333,43,0.9856666666666667,1.0526315789473684,2850,1,2713,0.18812160520311805,False,-12.504761228539124,False,ok,,0.0010473339934833348
38,5,Normal,3000,5,0.4,17,2026105717,6.5507971410051,new_lower_rho_same_seed_schedule,False,19,-5.864480635645252,0.010666666666666666,32,0.9893333333333333,1.0413051023950017,2881,1,2771,0.13733223136760916,False,-12.415277776650353,False,ok,,0.0010206670267507434
38,5,Normal,3000,5,0.4,17,2026105717,6.5507971410051,new_lower_rho_same_seed_schedule,False,20,-5.705848418344274,0.006666666666666667,20,0.9933333333333333,1.029512697323267,2914,1,2833,0.0937784492375187,False,-12.256645559349375,False,ok,,0.0009870000067166984
38,5,Normal,3000,5,0.4,17,2026105717,6.5507971410051,new_lower_rho_same_seed_schedule,False,21,-4.693641939551708,0.0026666666666666666,8,0.9973333333333333,1.0249402118209772,2927,1,2855,0.05566646995534912,False,-11.244439080556809,False,ok,,0.000974083028268069
38,5,Normal,3000,5,0.4,17,2026105717,6.5507971410051,new_lower_rho_same_seed_schedule,False,22,-4.70400846678071,0.0026666666666666666,8,0.9973333333333333,1.0207553589656346,2939,1,2880,0.04687802558184351,False,-11.25480560778581,False,ok,,0.0009695839835330844
38,5,Normal,3000,5,0.4,17,2026105717,6.5507971410051,new_lower_rho_same_seed_schedule,False,23,-5.783438370579649,0.003,9,0.997,1.0124873439082012,2963,1,2928,0.03739992627710646,False,-12.33423551158475,False,ok,,0.0009388329926878214
38,5,Normal,3000,5,0.4,17,2026105717,6.5507971410051,new_lower_rho_same_seed_schedule,False,24,-5.771537086647259,0.0023333333333333335,7,0.9976666666666667,1.0118043844856661,2965,1,2933,0.034582889781644824,False,-12.322334227652359,False,ok,,0.0009206250542774796
38,5,Normal,3000,5,0.4,17,2026105717,6.5507971410051,new_lower_rho_same_seed_schedule,False,25,-6.142482167733583,0.0013333333333333333,4,0.9986666666666667,1.009421265141319,2972,1,2945,0.025395080299252065,False,-12.693279308738683,False,ok,,0.0009115840075537562
38,5,Normal,3000,5,0.4,17,2026105717,6.5507971410051,new_lower_rho_same_seed_schedule,False,26,-6.212204046838515,0.0013333333333333333,4,0.9986666666666667,1.0087424344317417,2974,1,2948,0.017333333333333326,False,-12.763001187843615,False,ok,,0.0009084580233320594
38,5,Normal,3000,5,0.4,17,2026105717,6.5507971410051,new_lower_rho_same_seed_schedule,False,27,0.0,0.0,0,1.0,1.0067114093959733,2980,1,2960,0.013333333333333327,False,-6.5507971410051,True,ok,,0.0008960830164141953
38,5,Normal,3000,5,0.4,17,2026105717,6.5507971410051,new_lower_rho_same_seed_schedule,False,28,0.0,0.0,0,1.0,1.0056989607777405,2983,1,2966,0.01133333333333333,False,-6.5507971410051,True,ok,,0.0008976669632829726
38,5,Normal,3000,5,0.4,17,2026105717,6.5507971410051,new_lower_rho_same_seed_schedule,False,29,-7.811776847290262,0.0003333333333333333,1,0.9996666666666667,1.0040160642570282,2988,1,2976,0.007999999999999998,False,-14.362573988295363,False,ok,,0.0008866669959388673
38,5,Normal,3000,5,0.4,17,2026105717,6.5507971410051,new_lower_rho_same_seed_schedule,False,30,-5.043286899540976,0.001,3,0.999,1.0070493454179255,2979,1,2958,0.013999999999999993,False,-11.594084040546075,False,ok,,0.0008995829848572612
38,5,Normal,3000,5,0.4,17,2026105717,6.5507971410051,new_lower_rho_same_seed_schedule,False,31,0.0,0.0,0,1.0,1.0036801605888257,2989,1,2978,0.007333333333333333,False,-6.5507971410051,True,ok,,0.0008939170511439443
38,5,Normal,3000,5,0.4,17,2026105717,6.5507971410051,new_lower_rho_same_seed_schedule,False,32,0.0,0.0,0,1.0,1.0046885465505693,2986,1,2972,0.009333333333333334,False,-6.5507971410051,True,ok,,0.0008949170005507767
38,5,Normal,3000,5,0.4,17,2026105717,6.5507971410051,new_lower_rho_same_seed_schedule,False,33,-8.50156382593628,0.0003333333333333333,1,0.9996666666666667,1.004352192835621,2987,1,2974,0.008666666666666665,False,-15.05236096694138,False,ok,,0.0008910830365493894
38,5,Normal,3000,5,0.4,17,2026105717,6.5507971410051,new_lower_rho_same_seed_schedule,False,34,0.0,0.0,0,1.0,1.001669449081803,2995,1,2990,0.003333333333333333,False,-6.5507971410051,True,ok,,0.0008924999856390059
38,5,Normal,3000,5,0.4,17,2026105717,6.5507971410051,new_lower_rho_same_seed_schedule,False,35,-5.4703029240142635,0.0003333333333333333,1,0.9996666666666667,1.0033444816053512,2990,1,2980,0.006666666666666668,False,-12.021100065019365,False,ok,,0.0008915829821489751
38,5,Normal,3000,5,0.4,17,2026105717,6.5507971410051,new_lower_rho_same_seed_schedule,False,36,0.0,0.0,0,1.0,1.001669449081803,2995,1,2990,0.003333333333333333,False,-6.5507971410051,True,ok,,0.0008758750045672059
38,5,Normal,3000,5,0.4,17,2026105717,6.5507971410051,new_lower_rho_same_seed_schedule,False,37,-5.264759229093495,0.0003333333333333333,1,0.9996666666666667,1.0033444816053512,2990,1,2980,0.006666666666666666,False,-11.815556370098594,False,ok,,0.0008895840146578848
38,5,Normal,3000,5,0.4,17,2026105717,6.5507971410051,new_lower_rho_same_seed_schedule,False,38,0.0,0.0,0,1.0,1.0013351134846462,2996,1,2992,0.002666666666666667,False,-6.5507971410051,True,ok,,0.0008735829615034163
38,5,Normal,3000,5,0.4,17,2026105717,6.5507971410051,new_lower_rho_same_seed_schedule,False,39,0.0,0.0,0,1.0,1.001669449081803,2995,1,2990,0.003333333333333333,False,-6.5507971410051,True,ok,,0.0008711250266060233
38,5,Normal,3000,5,0.4,17,2026105717,6.5507971410051,new_lower_rho_same_seed_schedule,False,40,0.0,0.0,0,1.0,1.0006671114076051,2998,1,2996,0.0013333333333333335,False,-6.5507971410051,True,ok,,0.0008659170125611126
38,5,Normal,3000,5,0.4,18,2026105718,6.5507971410051,new_lower_rho_same_seed_schedule,False,1,7.028127642868261,1.0,3000,0.0,3000.0,1,3000,0,1.1460037946351451,False,0.47733050186316106,False,ok,,0.0011616249685175717
38,5,Normal,3000,5,0.4,18,2026105718,6.5507971410051,new_lower_rho_same_seed_schedule,False,2,6.0607342074776,1.0,3000,0.0,93.75,32,18,0,1.6478038188532145,False,-0.49006293352750063,False,ok,,0.0010534159955568612
38,5,Normal,3000,5,0.4,18,2026105718,6.5507971410051,new_lower_rho_same_seed_schedule,False,3,5.627701408126209,0.9813333333333333,2944,0.01866666666666672,26.548672566371682,113,1,27,1.789683011074026,False,-0.9230957328788909,False,ok,,0.0011403340031392872
38,5,Normal,3000,5,0.4,18,2026105718,6.5507971410051,new_lower_rho_same_seed_schedule,False,4,4.983607005913036,0.952,2856,0.04800000000000004,12.931034482758621,232,1,79,2.098547633637156,False,-1.5671901350920638,False,ok,,0.001219124998897314
38,5,Normal,3000,5,0.4,18,2026105718,6.5507971410051,new_lower_rho_same_seed_schedule,False,5,4.162130729904624,0.9056666666666666,2717,0.09433333333333338,7.194244604316546,417,1,156,2.504922135415093,False,-2.388666411100476,False,ok,,0.0013464170042425394
38,5,Normal,3000,5,0.4,18,2026105718,6.5507971410051,new_lower_rho_same_seed_schedule,False,6,3.323676256751649,0.8313333333333334,2494,0.16866666666666663,4.643962848297214,646,1,287,2.6891753838495642,False,-3.227120884253451,False,ok,,0.0014591660001315176
38,5,Normal,3000,5,0.4,18,2026105718,6.5507971410051,new_lower_rho_same_seed_schedule,False,7,2.248265714327692,0.7476666666666667,2243,0.2523333333333333,3.2467532467532467,924,1,466,2.9030297349461125,False,-4.302531426677408,False,ok,,0.001561167009640485
38,5,Normal,3000,5,0.4,18,2026105718,6.5507971410051,new_lower_rho_same_seed_schedule,False,8,1.2155244043615578,0.6283333333333333,1885,0.3716666666666667,2.4469820554649266,1226,1,669,2.880795865888535,False,-5.335272736643542,False,ok,,0.0016253330395556986
38,5,Normal,3000,5,0.4,18,2026105718,6.5507971410051,new_lower_rho_same_seed_schedule,False,9,0.16807379877045325,0.5083333333333333,1525,0.4916666666666667,1.937984496124031,1548,1,980,2.5442842567934827,False,-6.382723342234647,False,ok,,0.0016141250380314887
38,5,Normal,3000,5,0.4,18,2026105718,6.5507971410051,new_lower_rho_same_seed_schedule,False,10,-0.8602259330921114,0.392,1176,0.608,1.651073197578426,1817,1,1219,2.2747803496355057,False,-7.411023074097212,False,ok,,0.001634624961297959
38,5,Normal,3000,5,0.4,18,2026105718,6.5507971410051,new_lower_rho_same_seed_schedule,False,11,-1.8084953011479692,0.262,786,0.738,1.4306151645207439,2097,1,1534,1.750247241204312,False,-8.35929244215307,False,ok,,0.0016075840103439987
38,5,Normal,3000,5,0.4,18,2026105718,6.5507971410051,new_lower_rho_same_seed_schedule,False,12,-2.583602446386341,0.17966666666666667,539,0.8203333333333334,1.3003901170351104,2307,1,1831,1.2989354637186223,False,-9.134399587391442,False,ok,,0.0014727910165674984
38,5,Normal,3000,5,0.4,18,2026105718,6.5507971410051,new_lower_rho_same_seed_schedule,False,13,-2.875215549581441,0.11333333333333333,340,0.8866666666666667,1.2126111560226354,2474,1,2075,0.8962001401839367,False,-9.426012690586541,False,ok,,0.00136900000507012
38,5,Normal,3000,5,0.4,18,2026105718,6.5507971410051,new_lower_rho_same_seed_schedule,False,14,-3.3234786119010127,0.06866666666666667,206,0.9313333333333333,1.1596443757247776,2587,1,2245,0.6415404993159289,False,-9.874275752906113,False,ok,,0.0012938330182805657
38,5,Normal,3000,5,0.4,18,2026105718,6.5507971410051,new_lower_rho_same_seed_schedule,False,15,-4.120604134872863,0.036333333333333336,109,0.9636666666666667,1.1098779134295227,2703,1,2439,0.3733862657127417,False,-10.671401275877963,False,ok,,0.0011967079481109977
38,5,Normal,3000,5,0.4,18,2026105718,6.5507971410051,new_lower_rho_same_seed_schedule,False,16,-4.110642544470048,0.029333333333333333,88,0.9706666666666667,1.079913606911447,2778,1,2584,0.3092296053801006,False,-10.661439685475148,False,ok,,0.0011200419976375997
38,5,Normal,3000,5,0.4,18,2026105718,6.5507971410051,new_lower_rho_same_seed_schedule,False,17,-4.035488915029483,0.016666666666666666,50,0.9833333333333333,1.056338028169014,2840,1,2695,0.18711445590228534,False,-10.586286056034584,False,ok,,0.0010780409793369472
38,5,Normal,3000,5,0.4,18,2026105718,6.5507971410051,new_lower_rho_same_seed_schedule,False,18,-4.639398941658965,0.011666666666666667,35,0.9883333333333333,1.0526315789473684,2850,1,2709,0.15619508955330616,False,-11.190196082664066,False,ok,,0.001061999995727092
38,5,Normal,3000,5,0.4,18,2026105718,6.5507971410051,new_lower_rho_same_seed_schedule,False,19,-5.002389965345242,0.007333333333333333,22,0.9926666666666667,1.0298661174047374,2913,1,2831,0.08891853358595894,False,-11.553187106350343,False,ok,,0.0009891249937936664
38,5,Normal,3000,5,0.4,18,2026105718,6.5507971410051,new_lower_rho_same_seed_schedule,False,20,-5.5050678073179915,0.004,12,0.996,1.0259917920656634,2924,1,2850,0.06023964267355777,False,-12.05586494832309,False,ok,,0.0009819589904509485
38,5,Normal,3000,5,0.4,18,2026105718,6.5507971410051,new_lower_rho_same_seed_schedule,False,21,-5.533648161528947,0.003,9,0.997,1.0211027910142954,2938,1,2878,0.05425089405307705,False,-12.084445302534046,False,ok,,0.0009564999490976334
38,5,Normal,3000,5,0.4,18,2026105718,6.5507971410051,new_lower_rho_same_seed_schedule,False,22,-6.171100509248438,0.0013333333333333333,4,0.9986666666666667,1.013856032443393,2959,1,2918,0.027333333333333314,False,-12.721897650253538,False,ok,,0.0009314170456491411
38,5,Normal,3000,5,0.4,18,2026105718,6.5507971410051,new_lower_rho_same_seed_schedule,False,23,-4.459176707674388,0.001,3,0.999,1.0107816711590296,2968,1,2936,0.021333333333333322,False,-11.009973848679488,False,ok,,0.0009184170048683882
38,5,Normal,3000,5,0.4,18,2026105718,6.5507971410051,new_lower_rho_same_seed_schedule,False,24,-5.667280300669075,0.003,9,0.997,1.013856032443393,2959,1,2919,0.031882848898677305,False,-12.218077441674176,False,ok,,0.000934166950173676
38,5,Normal,3000,5,0.4,18,2026105718,6.5507971410051,new_lower_rho_same_seed_schedule,False,25,-4.4639135982777445,0.0003333333333333333,1,0.9996666666666667,1.007387508394896,2978,1,2956,0.014666666666666661,False,-11.014710739282844,False,ok,,0.000979083008132875
38,5,Normal,3000,5,0.4,18,2026105718,6.5507971410051,new_lower_rho_same_seed_schedule,False,26,-6.418295199900069,0.001,3,0.999,1.0080645161290323,2976,1,2952,0.015999999999999993,False,-12.969092340905169,False,ok,,0.0009080409654416144
38,5,Normal,3000,5,0.4,18,2026105718,6.5507971410051,new_lower_rho_same_seed_schedule,False,27,-4.956857475852698,0.0006666666666666666,2,0.9993333333333333,1.007387508394896,2978,1,2956,0.014666666666666661,False,-11.5076546168578,False,ok,,0.0009100420284084976
38,5,Normal,3000,5,0.4,18,2026105718,6.5507971410051,new_lower_rho_same_seed_schedule,False,28,-6.3022852768346045,0.0006666666666666666,2,0.9993333333333333,1.0056989607777405,2983,1,2966,0.01133333333333333,False,-12.853082417839705,False,ok,,0.0009119169553741813
38,5,Normal,3000,5,0.4,18,2026105718,6.5507971410051,new_lower_rho_same_seed_schedule,False,29,-7.2831271877361745,0.0003333333333333333,1,0.9996666666666667,1.0036801605888257,2989,1,2978,0.007333333333333332,False,-13.833924328741276,False,ok,,0.0009010419598780572
38,5,Normal,3000,5,0.4,18,2026105718,6.5507971410051,new_lower_rho_same_seed_schedule,False,30,-7.701442919447767,0.0003333333333333333,1,0.9996666666666667,1.0056989607777405,2983,1,2966,0.011333333333333329,False,-14.252240060452866,False,ok,,0.0009025000035762787
38,5,Normal,3000,5,0.4,18,2026105718,6.5507971410051,new_lower_rho_same_seed_schedule,False,31,0.0,0.0,0,1.0,1.0036801605888257,2989,1,2978,0.007333333333333329,False,-6.5507971410051,True,ok,,0.0009004579624161124
38,5,Normal,3000,5,0.4,18,2026105718,6.5507971410051,new_lower_rho_same_seed_schedule,False,32,0.0,0.0,0,1.0,1.0030090270812437,2991,1,2982,0.006,False,-6.5507971410051,True,ok,,0.0008887920412234962
38,5,Normal,3000,5,0.4,18,2026105718,6.5507971410051,new_lower_rho_same_seed_schedule,False,33,-7.136005036915206,0.0003333333333333333,1,0.9996666666666667,1.0033444816053512,2990,1,2980,0.0066666666666666645,False,-13.686802177920306,False,ok,,0.0008879579836502671
38,5,Normal,3000,5,0.4,18,2026105718,6.5507971410051,new_lower_rho_same_seed_schedule,False,34,0.0,0.0,0,1.0,1.0033444816053512,2990,1,2980,0.006666666666666666,False,-6.5507971410051,True,ok,,0.0008851249585859478
38,5,Normal,3000,5,0.4,18,2026105718,6.5507971410051,new_lower_rho_same_seed_schedule,False,35,-7.136005036915206,0.0003333333333333333,1,0.9996666666666667,1.0036801605888257,2989,1,2978,0.007333333333333332,False,-13.686802177920306,False,ok,,0.0008894169586710632
38,5,Normal,3000,5,0.4,18,2026105718,6.5507971410051,new_lower_rho_same_seed_schedule,False,36,0.0,0.0,0,1.0,1.001669449081803,2995,1,2990,0.0033333333333333327,False,-6.5507971410051,True,ok,,0.0008800000068731606
38,5,Normal,3000,5,0.4,18,2026105718,6.5507971410051,new_lower_rho_same_seed_schedule,False,37,0.0,0.0,0,1.0,1.002004008016032,2994,1,2988,0.004,False,-6.5507971410051,True,ok,,0.0008783749653957784
38,5,Normal,3000,5,0.4,18,2026105718,6.5507971410051,new_lower_rho_same_seed_schedule,False,38,0.0,0.0,0,1.0,1.0013351134846462,2996,1,2992,0.0026666666666666666,False,-6.5507971410051,True,ok,,0.0008891669567674398
38,5,Normal,3000,5,0.4,18,2026105718,6.5507971410051,new_lower_rho_same_seed_schedule,False,39,0.0,0.0,0,1.0,1.0013351134846462,2996,1,2992,0.002666666666666666,False,-6.5507971410051,True,ok,,0.0008831250015646219
38,5,Normal,3000,5,0.4,18,2026105718,6.5507971410051,new_lower_rho_same_seed_schedule,False,40,0.0,0.0,0,1.0,1.001669449081803,2995,1,2990,0.0033333333333333322,False,-6.5507971410051,True,ok,,0.0008840410155244172
38,5,Normal,3000,5,0.4,19,2026105719,6.5507971410051,new_lower_rho_same_seed_schedule,False,1,7.06697552880118,1.0,3000,0.0,3000.0,1,3000,0,1.1447983098300492,False,0.5161783877960797,False,ok,,0.001193333009723574
38,5,Normal,3000,5,0.4,19,2026105719,6.5507971410051,new_lower_rho_same_seed_schedule,False,2,6.0799821248288595,1.0,3000,0.0,93.75,32,7,0,1.6468396670589878,False,-0.4708150161762408,False,ok,,0.0011260409955866635
38,5,Normal,3000,5,0.4,19,2026105719,6.5507971410051,new_lower_rho_same_seed_schedule,False,3,5.5661299526457695,0.988,2964,0.01200000000000001,27.522935779816514,109,1,20,1.8928996866139416,False,-0.9846671883593308,False,ok,,0.0012057499843649566
38,5,Normal,3000,5,0.4,19,2026105719,6.5507971410051,new_lower_rho_same_seed_schedule,False,4,4.9209031512811725,0.955,2865,0.04500000000000004,12.5,240,1,71,2.2098594676780094,False,-1.6298939897239277,False,ok,,0.0012999579776078463
38,5,Normal,3000,5,0.4,19,2026105719,6.5507971410051,new_lower_rho_same_seed_schedule,False,5,3.9548147267908584,0.9016666666666666,2705,0.09833333333333338,6.726457399103139,446,1,170,2.5757550057321645,False,-2.595982414214242,False,ok,,0.0014046670403331518
38,5,Normal,3000,5,0.4,19,2026105719,6.5507971410051,new_lower_rho_same_seed_schedule,False,6,3.1439658053944135,0.823,2469,0.17700000000000005,4.30416068866571,697,1,332,2.742370795892566,False,-3.4068313356106867,False,ok,,0.0014770830166526139
38,5,Normal,3000,5,0.4,19,2026105719,6.5507971410051,new_lower_rho_same_seed_schedule,False,7,1.914241834116984,0.742,2226,0.258,3.0927835051546393,970,1,484,3.048823682816389,False,-4.636555306888116,False,ok,,0.0015857500256970525
38,5,Normal,3000,5,0.4,19,2026105719,6.5507971410051,new_lower_rho_same_seed_schedule,False,8,0.9148666228104131,0.617,1851,0.383,2.332814930015552,1286,1,719,2.91772388680625,False,-5.635930518194687,False,ok,,0.0016738339909352362
38,5,Normal,3000,5,0.4,19,2026105719,6.5507971410051,new_lower_rho_same_seed_schedule,False,9,-0.0763570212672703,0.464,1392,0.536,1.845018450184502,1626,1,1023,2.4898247917200758,False,-6.627154162272371,False,ok,,0.00167833297746256
38,5,Normal,3000,5,0.4,19,2026105719,6.5507971410051,new_lower_rho_same_seed_schedule,False,10,-0.9500689547823863,0.33266666666666667,998,0.6673333333333333,1.5535991714137753,1931,1,1354,1.977367664249943,False,-7.500866095787487,False,ok,,0.001626292010769248
38,5,Normal,3000,5,0.4,19,2026105719,6.5507971410051,new_lower_rho_same_seed_schedule,False,11,-1.9933578142989548,0.22733333333333333,682,0.7726666666666666,1.375515818431912,2181,1,1646,1.5588413498585314,False,-8.544154955304055,False,ok,,0.0015507499920204282
38,5,Normal,3000,5,0.4,19,2026105719,6.5507971410051,new_lower_rho_same_seed_schedule,False,12,-2.707208439815051,0.14333333333333334,430,0.8566666666666667,1.2605042016806722,2380,1,1934,1.086178217935427,False,-9.258005580820152,False,ok,,0.0014325830270536244
38,5,Normal,3000,5,0.4,19,2026105719,6.5507971410051,new_lower_rho_same_seed_schedule,False,13,-3.0544619744954273,0.08866666666666667,266,0.9113333333333333,1.178318931657502,2546,1,2191,0.7178191563874242,False,-9.605259115500527,False,ok,,0.0013259999686852098
38,5,Normal,3000,5,0.4,19,2026105719,6.5507971410051,new_lower_rho_same_seed_schedule,False,14,-3.7555339627140376,0.059666666666666666,179,0.9403333333333334,1.1372251705837755,2638,1,2337,0.568337600222027,False,-10.306331103719138,False,ok,,0.0012655830360017717
38,5,Normal,3000,5,0.4,19,2026105719,6.5507971410051,new_lower_rho_same_seed_schedule,False,15,-4.242095152004776,0.03133333333333333,94,0.9686666666666667,1.091703056768559,2748,1,2527,0.3253273760710889,False,-10.792892293009876,False,ok,,0.0011476250365376472
38,5,Normal,3000,5,0.4,19,2026105719,6.5507971410051,new_lower_rho_same_seed_schedule,False,16,-3.883904733825834,0.021333333333333333,64,0.9786666666666667,1.0729613733905579,2796,1,2611,0.24756863042729282,False,-10.434701874830935,False,ok,,0.0011054999777115881
38,5,Normal,3000,5,0.4,19,2026105719,6.5507971410051,new_lower_rho_same_seed_schedule,False,17,-5.237692139997492,0.015,45,0.985,1.056710109193378,2839,1,2691,0.18341126840077945,False,-11.788489281002592,False,ok,,0.0010573340114206076
38,5,Normal,3000,5,0.4,19,2026105719,6.5507971410051,new_lower_rho_same_seed_schedule,False,18,-4.512488550444292,0.005666666666666667,17,0.9943333333333333,1.0362694300518134,2895,1,2793,0.08650739140283095,False,-11.063285691449392,False,ok,,0.0010055829770863056
38,5,Normal,3000,5,0.4,19,2026105719,6.5507971410051,new_lower_rho_same_seed_schedule,False,19,-5.61611858032188,0.005666666666666667,17,0.9943333333333333,1.027749229188078,2919,1,2843,0.0862702112879165,False,-12.16691572132698,False,ok,,0.0009677500347606838
38,5,Normal,3000,5,0.4,19,2026105719,6.5507971410051,new_lower_rho_same_seed_schedule,False,20,-6.498336019764705,0.002,6,0.998,1.0211027910142954,2938,1,2877,0.048685355438065285,False,-13.049133160769806,False,ok,,0.0009750419994816184
38,5,Normal,3000,5,0.4,19,2026105719,6.5507971410051,new_lower_rho_same_seed_schedule,False,21,-4.888827494687499,0.006666666666666667,20,0.9933333333333333,1.0214504596527068,2937,1,2878,0.06933731515169314,False,-11.4396246356926,False,ok,,0.0009583340142853558
38,5,Normal,3000,5,0.4,19,2026105719,6.5507971410051,new_lower_rho_same_seed_schedule,False,22,-6.703333365847248,0.0023333333333333335,7,0.9976666666666667,1.0141987829614605,2958,1,2918,0.042018019266355636,False,-13.254130506852349,False,ok,,0.0009192499564960599
38,5,Normal,3000,5,0.4,19,2026105719,6.5507971410051,new_lower_rho_same_seed_schedule,False,23,-8.502090970477253,0.0006666666666666666,2,0.9993333333333333,1.0124873439082012,2963,1,2926,0.024666666666666653,False,-15.052888111482353,False,ok,,0.0009253330063074827
38,5,Normal,3000,5,0.4,19,2026105719,6.5507971410051,new_lower_rho_same_seed_schedule,False,24,-5.87801724569468,0.0013333333333333333,4,0.9986666666666667,1.0114632501685772,2966,1,2933,0.029100532889616032,False,-12.42881438669978,False,ok,,0.0009371250052936375
38,5,Normal,3000,5,0.4,19,2026105719,6.5507971410051,new_lower_rho_same_seed_schedule,False,25,-7.12825606093842,0.001,3,0.999,1.0087424344317417,2974,1,2948,0.017333333333333322,False,-13.679053201943521,False,ok,,0.0009222500375472009
38,5,Normal,3000,5,0.4,19,2026105719,6.5507971410051,new_lower_rho_same_seed_schedule,False,26,-6.024894959693479,0.001,3,0.999,1.0063737001006374,2981,1,2963,0.019188965465437198,False,-12.575692100698578,False,ok,,0.0009135000291280448
38,5,Normal,3000,5,0.4,19,2026105719,6.5507971410051,new_lower_rho_same_seed_schedule,False,27,-7.5669745067643035,0.0003333333333333333,1,0.9996666666666667,1.0063737001006374,2981,1,2962,0.012666666666666665,False,-14.117771647769404,False,ok,,0.0009117919835262001
38,5,Normal,3000,5,0.4,19,2026105719,6.5507971410051,new_lower_rho_same_seed_schedule,False,28,0.0,0.0,0,1.0,1.0036801605888257,2989,1,2978,0.007333333333333329,False,-6.5507971410051,True,ok,,0.0008954170043580234
38,5,Normal,3000,5,0.4,19,2026105719,6.5507971410051,new_lower_rho_same_seed_schedule,False,29,0.0,0.0,0,1.0,1.0040160642570282,2988,1,2976,0.008,False,-6.5507971410051,True,ok,,0.0008880420355126262
38,5,Normal,3000,5,0.4,19,2026105719,6.5507971410051,new_lower_rho_same_seed_schedule,False,30,0.0,0.0,0,1.0,1.0033444816053512,2990,1,2980,0.006666666666666665,False,-6.5507971410051,True,ok,,0.0008854999905452132
38,5,Normal,3000,5,0.4,19,2026105719,6.5507971410051,new_lower_rho_same_seed_schedule,False,31,0.0,0.0,0,1.0,1.0030090270812437,2991,1,2982,0.005999999999999998,False,-6.5507971410051,True,ok,,0.0008882920374162495
38,5,Normal,3000,5,0.4,19,2026105719,6.5507971410051,new_lower_rho_same_seed_schedule,False,32,0.0,0.0,0,1.0,1.0036801605888257,2989,1,2978,0.007333333333333332,False,-6.5507971410051,True,ok,,0.0008896670187823474
38,5,Normal,3000,5,0.4,19,2026105719,6.5507971410051,new_lower_rho_same_seed_schedule,False,33,0.0,0.0,0,1.0,1.0003334444814937,2999,1,2998,0.0006666666666666665,False,-6.5507971410051,True,ok,,0.0008711250266060233
38,5,Normal,3000,5,0.4,19,2026105719,6.5507971410051,new_lower_rho_same_seed_schedule,False,34,-7.774516231616113,0.0003333333333333333,1,0.9996666666666667,1.001669449081803,2995,1,2990,0.0033333333333333327,False,-14.325313372621213,False,ok,,0.0008781669894233346
38,5,Normal,3000,5,0.4,19,2026105719,6.5507971410051,new_lower_rho_same_seed_schedule,False,35,0.0,0.0,0,1.0,1.0006671114076051,2998,1,2996,0.0013333333333333333,False,-6.5507971410051,True,ok,,0.0008761250064708292
38,5,Normal,3000,5,0.4,19,2026105719,6.5507971410051,new_lower_rho_same_seed_schedule,False,36,0.0,0.0,0,1.0,1.0006671114076051,2998,1,2996,0.001333333333333333,False,-6.5507971410051,True,ok,,0.0008830000297166407
38,5,Normal,3000,5,0.4,19,2026105719,6.5507971410051,new_lower_rho_same_seed_schedule,False,37,0.0,0.0,0,1.0,1.0003334444814937,2999,1,2998,0.0006666666666666669,False,-6.5507971410051,True,ok,,0.0008754160371609032
38,5,Normal,3000,5,0.4,19,2026105719,6.5507971410051,new_lower_rho_same_seed_schedule,False,38,0.0,0.0,0,1.0,1.001001001001001,2997,1,2994,0.001999999999999999,False,-6.5507971410051,True,ok,,0.0008825830300338566
38,5,Normal,3000,5,0.4,19,2026105719,6.5507971410051,new_lower_rho_same_seed_schedule,False,39,0.0,0.0,0,1.0,1.0006671114076051,2998,1,2996,0.001333333333333333,False,-6.5507971410051,True,ok,,0.0008746249950490892
38,5,Normal,3000,5,0.4,19,2026105719,6.5507971410051,new_lower_rho_same_seed_schedule,False,40,-7.774516231616113,0.0003333333333333333,1,0.9996666666666667,1.0006671114076051,2998,1,2996,0.0013333333333333335,False,-14.325313372621213,False,ok,,0.0008678750018589199
38,5,Normal,3000,5,0.4,20,2026105720,6.5507971410051,new_lower_rho_same_seed_schedule,False,1,7.087531231945875,1.0,3000,0.0,3000.0,1,3000,0,1.1475615144723694,False,0.536734090940775,False,ok,,0.0011563329608179629
38,5,Normal,3000,5,0.4,20,2026105720,6.5507971410051,new_lower_rho_same_seed_schedule,False,2,6.059794156557858,1.0,3000,0.0,93.75,32,14,0,1.6422838911644555,False,-0.4910029844472419,False,ok,,0.0010751669760793447
38,5,Normal,3000,5,0.4,20,2026105720,6.5507971410051,new_lower_rho_same_seed_schedule,False,3,5.633642756517855,0.9843333333333333,2953,0.015666666666666718,28.846153846153847,104,1,17,1.8047888079517416,False,-0.9171543844872456,False,ok,,0.001128917036112398
38,5,Normal,3000,5,0.4,20,2026105720,6.5507971410051,new_lower_rho_same_seed_schedule,False,4,5.014622843246149,0.946,2838,0.05400000000000005,12.448132780082988,241,1,84,2.0735463546829167,False,-1.5361742977589516,False,ok,,0.0012963750050403178
38,5,Normal,3000,5,0.4,20,2026105720,6.5507971410051,new_lower_rho_same_seed_schedule,False,5,4.241504587413023,0.9083333333333333,2725,0.09166666666666667,7.407407407407407,405,1,152,2.4661305380738985,False,-2.309292553592077,False,ok,,0.0013456669985316694
38,5,Normal,3000,5,0.4,20,2026105720,6.5507971410051,new_lower_rho_same_seed_schedule,False,6,3.2922007477550257,0.8423333333333334,2527,0.15766666666666662,4.702194357366771,638,1,280,2.728212241807654,False,-3.2585963932500746,False,ok,,0.0014920840039849281
38,5,Normal,3000,5,0.4,20,2026105720,6.5507971410051,new_lower_rho_same_seed_schedule,False,7,2.2496580786076694,0.7513333333333333,2254,0.2486666666666667,3.2967032967032965,910,1,440,2.9121359149521258,False,-4.30113906239743,False,ok,,0.0015895830001682043
38,5,Normal,3000,5,0.4,20,2026105720,6.5507971410051,new_lower_rho_same_seed_schedule,False,8,1.242979438241528,0.642,1926,0.358,2.508361204013378,1196,1,637,2.8397500855062794,False,-5.307817702763572,False,ok,,0.0016430409741587937
38,5,Normal,3000,5,0.4,20,2026105720,6.5507971410051,new_lower_rho_same_seed_schedule,False,9,0.06013778381497754,0.5163333333333333,1549,0.4836666666666667,1.9607843137254901,1530,1,931,2.643128725777067,False,-6.490659357190123,False,ok,,0.001660000008996576
38,5,Normal,3000,5,0.4,20,2026105720,6.5507971410051,new_lower_rho_same_seed_schedule,False,10,-0.7254708980843475,0.384,1152,0.616,1.651073197578426,1817,1,1223,2.2187203074895647,False,-7.276268039089448,False,ok,,0.001639000023715198
38,5,Normal,3000,5,0.4,20,2026105720,6.5507971410051,new_lower_rho_same_seed_schedule,False,11,-1.63187910440656,0.265,795,0.735,1.4360938247965533,2089,1,1530,1.7672363536698366,False,-8.18267624541166,False,ok,,0.0016021250048652291
38,5,Normal,3000,5,0.4,20,2026105720,6.5507971410051,new_lower_rho_same_seed_schedule,False,12,-2.3906421790637244,0.164,492,0.836,1.2842465753424657,2336,1,1872,1.1979339641779323,False,-8.941439320068824,False,ok,,0.0014723340282216668
38,5,Normal,3000,5,0.4,20,2026105720,6.5507971410051,new_lower_rho_same_seed_schedule,False,13,-3.265867545814012,0.124,372,0.876,1.2200081333875559,2459,1,2053,1.0008400502385923,False,-9.816664686819113,False,ok,,0.0013893750146962702
38,5,Normal,3000,5,0.4,20,2026105720,6.5507971410051,new_lower_rho_same_seed_schedule,False,14,-3.3010345958933907,0.07166666666666667,215,0.9283333333333333,1.1551790527531767,2597,1,2269,0.6121345659546037,False,-9.851831736898491,False,ok,,0.0012890000361949205
38,5,Normal,3000,5,0.4,20,2026105720,6.5507971410051,new_lower_rho_same_seed_schedule,False,15,-3.682801485560411,0.03966666666666667,119,0.9603333333333334,1.1001100110011002,2727,1,2495,0.3980821481732853,False,-10.233598626565511,False,ok,,0.001172791002318263
38,5,Normal,3000,5,0.4,20,2026105720,6.5507971410051,new_lower_rho_same_seed_schedule,False,16,-4.377315244199247,0.021,63,0.979,1.0861694424330195,2762,1,2543,0.26104285982042924,False,-10.928112385204347,False,ok,,0.0011486250441521406
38,5,Normal,3000,5,0.4,20,2026105720,6.5507971410051,new_lower_rho_same_seed_schedule,False,17,-4.384971164989615,0.017333333333333333,52,0.9826666666666667,1.0718113612004287,2799,1,2614,0.2196142617548561,False,-10.935768305994715,False,ok,,0.001108707976527512
38,5,Normal,3000,5,0.4,20,2026105720,6.5507971410051,new_lower_rho_same_seed_schedule,False,18,-4.704484188030183,0.010333333333333333,31,0.9896666666666667,1.0460251046025104,2868,1,2745,0.14570531194072828,False,-11.255281329035284,False,ok,,0.0010424170177429914
38,5,Normal,3000,5,0.4,20,2026105720,6.5507971410051,new_lower_rho_same_seed_schedule,False,19,-4.813451334718901,0.011666666666666667,35,0.9883333333333333,1.0366275051831375,2894,1,2798,0.13815425060340322,False,-11.364248475724,False,ok,,0.0010100000072270632
38,5,Normal,3000,5,0.4,20,2026105720,6.5507971410051,new_lower_rho_same_seed_schedule,False,20,-6.887539091694283,0.005,15,0.995,1.0309278350515463,2910,1,2823,0.0844250359240156,False,-13.438336232699383,False,ok,,0.0009922499884851277
38,5,Normal,3000,5,0.4,20,2026105720,6.5507971410051,new_lower_rho_same_seed_schedule,False,21,-6.030267612640207,0.0016666666666666668,5,0.9983333333333333,1.0221465076660987,2935,1,2871,0.050813506022184,False,-12.581064753645308,False,ok,,0.0009649579878896475
38,5,Normal,3000,5,0.4,20,2026105720,6.5507971410051,new_lower_rho_same_seed_schedule,False,22,-4.201702771603985,0.002,6,0.998,1.0183299389002036,2946,1,2893,0.0408358037273556,False,-10.752499912609085,False,ok,,0.000947292021010071
38,5,Normal,3000,5,0.4,20,2026105720,6.5507971410051,new_lower_rho_same_seed_schedule,False,23,-7.056502568038238,0.0023333333333333335,7,0.9976666666666667,1.015916017609211,2953,1,2908,0.04426841076601977,False,-13.607299709043339,False,ok,,0.000930582988075912
38,5,Normal,3000,5,0.4,20,2026105720,6.5507971410051,new_lower_rho_same_seed_schedule,False,24,-1.8161362844117686,0.0003333333333333333,1,0.9996666666666667,1.0097610232245036,2971,1,2942,0.019333333333333324,False,-8.36693342541687,False,ok,,0.0009112079860642552
38,5,Normal,3000,5,0.4,20,2026105720,6.5507971410051,new_lower_rho_same_seed_schedule,False,25,0.0,0.0,0,1.0,1.0070493454179255,2979,1,2958,0.013999999999999995,False,-6.5507971410051,True,ok,,0.0009076660498976707
38,5,Normal,3000,5,0.4,20,2026105720,6.5507971410051,new_lower_rho_same_seed_schedule,False,26,-9.076602456010242,0.0013333333333333333,4,0.9986666666666667,1.009421265141319,2972,1,2945,0.026311602069010186,False,-15.627399597015343,False,ok,,0.000914666976314038
38,5,Normal,3000,5,0.4,20,2026105720,6.5507971410051,new_lower_rho_same_seed_schedule,False,27,-5.272925728636747,0.001,3,0.999,1.0053619302949062,2984,1,2968,0.010666666666666663,False,-11.823722869641848,False,ok,,0.0009004169842228293
38,5,Normal,3000,5,0.4,20,2026105720,6.5507971410051,new_lower_rho_same_seed_schedule,False,28,-7.938129703626112,0.0003333333333333333,1,0.9996666666666667,1.009421265141319,2972,1,2944,0.018666666666666658,False,-14.488926844631212,False,ok,,0.0009231250151060522
38,5,Normal,3000,5,0.4,20,2026105720,6.5507971410051,new_lower_rho_same_seed_schedule,False,29,0.0,0.0,0,1.0,1.004352192835621,2987,1,2974,0.008666666666666666,False,-6.5507971410051,True,ok,,0.0008903749985620379
38,5,Normal,3000,5,0.4,20,2026105720,6.5507971410051,new_lower_rho_same_seed_schedule,False,30,-7.938129703626112,0.0003333333333333333,1,0.9996666666666667,1.004352192835621,2987,1,2974,0.008666666666666665,False,-14.488926844631212,False,ok,,0.0008974579977802932
38,5,Normal,3000,5,0.4,20,2026105720,6.5507971410051,new_lower_rho_same_seed_schedule,False,31,0.0,0.0,0,1.0,1.0050251256281406,2985,1,2970,0.009999999999999998,False,-6.5507971410051,True,ok,,0.0008942500571720302
38,5,Normal,3000,5,0.4,20,2026105720,6.5507971410051,new_lower_rho_same_seed_schedule,False,32,0.0,0.0,0,1.0,1.0033444816053512,2990,1,2980,0.006666666666666666,False,-6.5507971410051,True,ok,,0.0008963340078480542
38,5,Normal,3000,5,0.4,20,2026105720,6.5507971410051,new_lower_rho_same_seed_schedule,False,33,0.0,0.0,0,1.0,1.0026737967914439,2992,1,2984,0.005333333333333334,False,-6.5507971410051,True,ok,,0.0008863330003805459
38,5,Normal,3000,5,0.4,20,2026105720,6.5507971410051,new_lower_rho_same_seed_schedule,False,34,-7.938129703626112,0.0003333333333333333,1,0.9996666666666667,1.0033444816053512,2990,1,2980,0.006666666666666665,False,-14.488926844631212,False,ok,,0.0008908340241760015
38,5,Normal,3000,5,0.4,20,2026105720,6.5507971410051,new_lower_rho_same_seed_schedule,False,35,0.0,0.0,0,1.0,1.002004008016032,2994,1,2988,0.003999999999999999,False,-6.5507971410051,True,ok,,0.0008832080056890845
38,5,Normal,3000,5,0.4,20,2026105720,6.5507971410051,new_lower_rho_same_seed_schedule,False,36,-7.938129703626112,0.0003333333333333333,1,0.9996666666666667,1.0023387905111927,2993,1,2986,0.004666666666666666,False,-14.488926844631212,False,ok,,0.0008848330471664667
38,5,Normal,3000,5,0.4,20,2026105720,6.5507971410051,new_lower_rho_same_seed_schedule,False,37,0.0,0.0,0,1.0,1.0013351134846462,2996,1,2992,0.0026666666666666666,False,-6.5507971410051,True,ok,,0.0008789999992586672
38,5,Normal,3000,5,0.4,20,2026105720,6.5507971410051,new_lower_rho_same_seed_schedule,False,38,0.0,0.0,0,1.0,1.0023387905111927,2993,1,2986,0.004666666666666666,False,-6.5507971410051,True,ok,,0.00087779201567173
38,5,Normal,3000,5,0.4,20,2026105720,6.5507971410051,new_lower_rho_same_seed_schedule,False,39,0.0,0.0,0,1.0,1.002004008016032,2994,1,2988,0.004,False,-6.5507971410051,True,ok,,0.0008762500365264714
38,5,Normal,3000,5,0.4,20,2026105720,6.5507971410051,new_lower_rho_same_seed_schedule,False,40,0.0,0.0,0,1.0,1.0006671114076051,2998,1,2996,0.0013333333333333326,False,-6.5507971410051,True,ok,,0.0008826660341583192
38,5,Normal,3000,5,0.4,21,2026105721,6.5507971410051,new_lower_rho_same_seed_schedule,False,1,7.109197095631147,1.0,3000,0.0,3000.0,1,3000,0,1.1412607766537162,False,0.5583999546260472,False,ok,,0.0011892920010723174
38,5,Normal,3000,5,0.4,21,2026105721,6.5507971410051,new_lower_rho_same_seed_schedule,False,2,6.110311739941451,1.0,3000,0.0,93.75,32,22,0,1.6809916310273851,False,-0.44048540106364964,False,ok,,0.001139083004090935
38,5,Normal,3000,5,0.4,21,2026105721,6.5507971410051,new_lower_rho_same_seed_schedule,False,3,5.651342534419155,0.987,2961,0.013000000000000012,28.30188679245283,106,1,16,1.8853008676104839,False,-0.8994546065859454,False,ok,,0.0012057500425726175
38,5,Normal,3000,5,0.4,21,2026105721,6.5507971410051,new_lower_rho_same_seed_schedule,False,4,4.850695965431206,0.941,2823,0.05900000000000005,11.11111111111111,270,1,90,2.189157848855975,False,-1.7001011755738942,False,ok,,0.0013048339751549065
38,5,Normal,3000,5,0.4,21,2026105721,6.5507971410051,new_lower_rho_same_seed_schedule,False,5,3.9946728497600392,0.8976666666666666,2693,0.10233333333333339,6.451612903225806,465,1,185,2.6248801081663062,False,-2.556124291245061,False,ok,,0.001411958015523851
38,5,Normal,3000,5,0.4,21,2026105721,6.5507971410051,new_lower_rho_same_seed_schedule,False,6,3.004914320843308,0.8203333333333334,2461,0.17966666666666664,4.126547455295736,727,1,340,2.830740748070392,False,-3.5458828201617925,False,ok,,0.0015154999564401805
38,5,Normal,3000,5,0.4,21,2026105721,6.5507971410051,new_lower_rho_same_seed_schedule,False,7,2.0160562981065455,0.707,2121,0.29300000000000004,2.932551319648094,1023,1,516,2.90602265505403,False,-4.534740842898555,False,ok,,0.001620874973013997
38,5,Normal,3000,5,0.4,21,2026105721,6.5507971410051,new_lower_rho_same_seed_schedule,False,8,0.9630139460010302,0.5776666666666667,1733,0.42233333333333334,2.2338049143708116,1343,1,772,2.6529037850758037,False,-5.58778319500407,False,ok,,0.0016708750044927
38,5,Normal,3000,5,0.4,21,2026105721,6.5507971410051,new_lower_rho_same_seed_schedule,False,9,-0.1525770262531195,0.4503333333333333,1351,0.5496666666666667,1.7964071856287425,1670,1,1074,2.460434749990743,False,-6.70337416725822,False,ok,,0.0016667090239934623
38,5,Normal,3000,5,0.4,21,2026105721,6.5507971410051,new_lower_rho_same_seed_schedule,False,10,-1.2610236303855584,0.321,963,0.679,1.5174506828528074,1977,1,1409,2.00163492801982,False,-7.811820771390659,False,ok,,0.0016035830485634506
38,5,Normal,3000,5,0.4,21,2026105721,6.5507971410051,new_lower_rho_same_seed_schedule,False,11,-1.9906780070198737,0.22733333333333333,682,0.7726666666666666,1.3568521031207599,2211,1,1713,1.5491436669022147,False,-8.541475148024974,False,ok,,0.0015034159878268838
38,5,Normal,3000,5,0.4,21,2026105721,6.5507971410051,new_lower_rho_same_seed_schedule,False,12,-2.701581581045425,0.141,423,0.859,1.2396694214876034,2420,1,2002,1.0655634909892633,False,-9.252378722050526,False,ok,,0.0013950840220786631
38,5,Normal,3000,5,0.4,21,2026105721,6.5507971410051,new_lower_rho_same_seed_schedule,False,13,-3.182018150679573,0.08366666666666667,251,0.9163333333333333,1.1787819253438114,2545,1,2178,0.7394810496310923,False,-9.732815291684673,False,ok,,0.0013331249938346446
38,5,Normal,3000,5,0.4,21,2026105721,6.5507971410051,new_lower_rho_same_seed_schedule,False,14,-3.928294219652718,0.049,147,0.951,1.122334455667789,2673,1,2396,0.484214355296182,False,-10.479091360657819,False,ok,,0.0012306669959798455
38,5,Normal,3000,5,0.4,21,2026105721,6.5507971410051,new_lower_rho_same_seed_schedule,False,15,-3.98873111447624,0.03933333333333333,118,0.9606666666666667,1.0964912280701755,2736,1,2511,0.3891422401794248,False,-10.53952825548134,False,ok,,0.001167417038232088
38,5,Normal,3000,5,0.4,21,2026105721,6.5507971410051,new_lower_rho_same_seed_schedule,False,16,-4.507936945583078,0.026,78,0.974,1.0768126346015794,2786,1,2595,0.2654363597663273,False,-11.058734086588178,False,ok,,0.0011226250207982957
38,5,Normal,3000,5,0.4,21,2026105721,6.5507971410051,new_lower_rho_same_seed_schedule,False,17,-4.3051678716261845,0.017333333333333333,52,0.9826666666666667,1.0493179433368311,2859,1,2733,0.15773398065530514,False,-10.855965012631284,False,ok,,0.001043916039634496
38,5,Normal,3000,5,0.4,21,2026105721,6.5507971410051,new_lower_rho_same_seed_schedule,False,18,-4.870803713092218,0.01,30,0.99,1.0420284821118444,2879,1,2767,0.13143944604522342,False,-11.421600854097317,False,ok,,0.001025040983222425
38,5,Normal,3000,5,0.4,21,2026105721,6.5507971410051,new_lower_rho_same_seed_schedule,False,19,-5.603254504694998,0.007333333333333333,22,0.9926666666666667,1.0305736860185504,2911,1,2827,0.08225850581146886,False,-12.154051645700099,False,ok,,0.0009876670083031058
38,5,Normal,3000,5,0.4,21,2026105721,6.5507971410051,new_lower_rho_same_seed_schedule,False,20,-5.707977138633241,0.004333333333333333,13,0.9956666666666667,1.0242403550699897,2929,1,2860,0.05902651117397257,False,-12.258774279638342,False,ok,,0.0009758749511092901
38,5,Normal,3000,5,0.4,21,2026105721,6.5507971410051,new_lower_rho_same_seed_schedule,False,21,-6.950921604494936,0.0026666666666666666,8,0.9973333333333333,1.0166045408336157,2951,1,2905,0.04158651775752106,False,-13.501718745500035,False,ok,,0.0009420830174349248
38,5,Normal,3000,5,0.4,21,2026105721,6.5507971410051,new_lower_rho_same_seed_schedule,False,22,-7.014288992145768,0.002,6,0.998,1.017984390906006,2947,1,2895,0.04070499316390137,False,-13.565086133150867,False,ok,,0.0009434159728698432
38,5,Normal,3000,5,0.4,21,2026105721,6.5507971410051,new_lower_rho_same_seed_schedule,False,23,-5.349072452386639,0.0006666666666666666,2,0.9993333333333333,1.0118043844856661,2965,1,2930,0.02333333333333332,False,-11.899869593391738,False,ok,,0.000993124966043979
38,5,Normal,3000,5,0.4,21,2026105721,6.5507971410051,new_lower_rho_same_seed_schedule,False,24,-7.02379729061226,0.0016666666666666668,5,0.9983333333333333,1.0114632501685772,2966,1,2933,0.028038326497234676,False,-13.57459443161736,False,ok,,0.0009481669985689223
38,5,Normal,3000,5,0.4,21,2026105721,6.5507971410051,new_lower_rho_same_seed_schedule,False,25,0.0,0.0,0,1.0,1.0084033613445378,2975,1,2950,0.01666666666666666,False,-6.5507971410051,True,ok,,0.0009169160039164126
38,5,Normal,3000,5,0.4,21,2026105721,6.5507971410051,new_lower_rho_same_seed_schedule,False,26,-8.119543290964929,0.001,3,0.999,1.004352192835621,2987,1,2975,0.014038326497234686,False,-14.670340431970029,False,ok,,0.0009008340421132743
38,5,Normal,3000,5,0.4,21,2026105721,6.5507971410051,new_lower_rho_same_seed_schedule,False,27,0.0,0.0,0,1.0,1.0067114093959733,2980,1,2960,0.013333333333333327,False,-6.5507971410051,True,ok,,0.0009035830153152347
38,5,Normal,3000,5,0.4,21,2026105721,6.5507971410051,new_lower_rho_same_seed_schedule,False,28,-8.119543290964929,0.001,3,0.999,1.0056989607777405,2983,1,2967,0.01670499316390135,False,-14.670340431970029,False,ok,,0.0008984999731183052
38,5,Normal,3000,5,0.4,21,2026105721,6.5507971410051,new_lower_rho_same_seed_schedule,False,29,-6.159951600500398,0.0006666666666666666,2,0.9993333333333333,1.0026737967914439,2992,1,2984,0.005333333333333332,False,-12.710748741505498,False,ok,,0.0008902500267140567
38,5,Normal,3000,5,0.4,21,2026105721,6.5507971410051,new_lower_rho_same_seed_schedule,False,30,-7.156415567143464,0.0003333333333333333,1,0.9996666666666667,1.0050251256281406,2985,1,2970,0.009999999999999995,False,-13.707212708148564,False,ok,,0.0008972079958766699
38,5,Normal,3000,5,0.4,21,2026105721,6.5507971410051,new_lower_rho_same_seed_schedule,False,31,0.0,0.0,0,1.0,1.0006671114076051,2998,1,2996,0.0013333333333333335,False,-6.5507971410051,True,ok,,0.0008800420328043401
38,5,Normal,3000,5,0.4,21,2026105721,6.5507971410051,new_lower_rho_same_seed_schedule,False,32,-2.984939210421354,0.0003333333333333333,1,0.9996666666666667,1.0036801605888257,2989,1,2978,0.007333333333333331,False,-9.535736351426454,False,ok,,0.0008905419963411987
38,5,Normal,3000,5,0.4,21,2026105721,6.5507971410051,new_lower_rho_same_seed_schedule,False,33,0.0,0.0,0,1.0,1.0033444816053512,2990,1,2980,0.0066666666666666645,False,-6.5507971410051,True,ok,,0.000895500008482486
38,5,Normal,3000,5,0.4,21,2026105721,6.5507971410051,new_lower_rho_same_seed_schedule,False,34,-7.31028497586437,0.001,3,0.999,1.0023387905111927,2993,1,2987,0.010327026298764003,False,-13.86108211686947,False,ok,,0.0008859999943524599
38,5,Normal,3000,5,0.4,21,2026105721,6.5507971410051,new_lower_rho_same_seed_schedule,False,35,0.0,0.0,0,1.0,1.0023387905111927,2993,1,2986,0.004666666666666666,False,-6.5507971410051,True,ok,,0.0008845840347930789
38,5,Normal,3000,5,0.4,21,2026105721,6.5507971410051,new_lower_rho_same_seed_schedule,False,36,0.0,0.0,0,1.0,1.0013351134846462,2996,1,2992,0.0026666666666666653,False,-6.5507971410051,True,ok,,0.000897333025932312
38,5,Normal,3000,5,0.4,21,2026105721,6.5507971410051,new_lower_rho_same_seed_schedule,False,37,0.0,0.0,0,1.0,1.0026737967914439,2992,1,2984,0.005333333333333332,False,-6.5507971410051,True,ok,,0.0008877500076778233
38,5,Normal,3000,5,0.4,21,2026105721,6.5507971410051,new_lower_rho_same_seed_schedule,False,38,0.0,0.0,0,1.0,1.001001001001001,2997,1,2994,0.0019999999999999996,False,-6.5507971410051,True,ok,,0.0008790419669821858
38,5,Normal,3000,5,0.4,21,2026105721,6.5507971410051,new_lower_rho_same_seed_schedule,False,39,0.0,0.0,0,1.0,1.0003334444814937,2999,1,2998,0.0006666666666666662,False,-6.5507971410051,True,ok,,0.0008769169799052179
38,5,Normal,3000,5,0.4,21,2026105721,6.5507971410051,new_lower_rho_same_seed_schedule,False,40,0.0,0.0,0,1.0,1.0003334444814937,2999,1,2998,0.0006666666666666666,False,-6.5507971410051,True,ok,,0.0008731660200282931
38,5,Normal,3000,5,0.4,22,2026105722,6.5507971410051,new_lower_rho_same_seed_schedule,False,1,7.053955607192787,1.0,3000,0.0,3000.0,1,3000,0,1.1423685717951388,False,0.5031584661876867,False,ok,,0.0011545419692993164
38,5,Normal,3000,5,0.4,22,2026105722,6.5507971410051,new_lower_rho_same_seed_schedule,False,2,6.0023939819031895,1.0,3000,0.0,93.75,32,11,0,1.6440718959100917,False,-0.5484031591019107,False,ok,,0.0010937080369330943
38,5,Normal,3000,5,0.4,22,2026105722,6.5507971410051,new_lower_rho_same_seed_schedule,False,3,5.531029030055137,0.9873333333333333,2962,0.012666666666666715,27.027027027027028,111,1,19,1.9022767845521062,False,-1.019768110949963,False,ok,,0.0011798340128734708
38,5,Normal,3000,5,0.4,22,2026105722,6.5507971410051,new_lower_rho_same_seed_schedule,False,4,4.696444980968177,0.9446666666666667,2834,0.055333333333333345,10.869565217391305,276,1,83,2.2718899463885722,False,-1.8543521600369228,False,ok,,0.0013067499967291951
38,5,Normal,3000,5,0.4,22,2026105722,6.5507971410051,new_lower_rho_same_seed_schedule,False,5,3.8523016069656473,0.8866666666666667,2660,0.11333333333333329,6.134969325153374,489,1,199,2.5813919753056407,False,-2.698495534039453,False,ok,,0.0013721249997615814
38,5,Normal,3000,5,0.4,22,2026105722,6.5507971410051,new_lower_rho_same_seed_schedule,False,6,2.8566683904061345,0.8073333333333333,2422,0.19266666666666665,4.07055630936228,737,1,328,2.8129452105816153,False,-3.6941287505989657,False,ok,,0.0015437909751199186
38,5,Normal,3000,5,0.4,22,2026105722,6.5507971410051,new_lower_rho_same_seed_schedule,False,7,1.7416542495487894,0.6866666666666666,2060,0.31333333333333335,2.819548872180451,1064,1,548,2.795009431449547,False,-4.809142891456311,False,ok,,0.001617959002032876
38,5,Normal,3000,5,0.4,22,2026105722,6.5507971410051,new_lower_rho_same_seed_schedule,False,8,0.643094341095038,0.5793333333333334,1738,0.42066666666666663,2.156721782890007,1391,1,832,2.8044848033014356,False,-5.907702799910062,False,ok,,0.0016457079909741879
38,5,Normal,3000,5,0.4,22,2026105722,6.5507971410051,new_lower_rho_same_seed_schedule,False,9,-0.38842568583046577,0.43633333333333335,1309,0.5636666666666666,1.7554125219426566,1709,1,1112,2.3932647543546617,False,-6.939222826835566,False,ok,,0.0016644999850541353
38,5,Normal,3000,5,0.4,22,2026105722,6.5507971410051,new_lower_rho_same_seed_schedule,False,10,-1.6154692048381307,0.313,939,0.687,1.5075376884422111,1990,1,1415,1.9440288233117473,False,-8.166266345843232,False,ok,,0.0016115420148707926
38,5,Normal,3000,5,0.4,22,2026105722,6.5507971410051,new_lower_rho_same_seed_schedule,False,11,-2.066824312108068,0.206,618,0.794,1.335707925200356,2246,1,1744,1.4654935483240175,False,-8.617621453113168,False,ok,,0.0015237919869832695
38,5,Normal,3000,5,0.4,22,2026105722,6.5507971410051,new_lower_rho_same_seed_schedule,False,12,-2.7196963346841305,0.136,408,0.864,1.2366034624896949,2426,1,2011,1.0031162451474833,False,-9.27049347568923,False,ok,,0.0014032499748282135
38,5,Normal,3000,5,0.4,22,2026105722,6.5507971410051,new_lower_rho_same_seed_schedule,False,13,-3.106950959269412,0.06633333333333333,199,0.9336666666666666,1.1542901115813775,2599,1,2266,0.5769255954341378,False,-9.657748100274512,False,ok,,0.001292250002734363
38,5,Normal,3000,5,0.4,22,2026105722,6.5507971410051,new_lower_rho_same_seed_schedule,False,14,-3.8706552719144587,0.045,135,0.955,1.1261261261261262,2664,1,2372,0.44757072729187986,False,-10.421452412919558,False,ok,,0.0012409170158207417
38,5,Normal,3000,5,0.4,22,2026105722,6.5507971410051,new_lower_rho_same_seed_schedule,False,15,-4.12561387477722,0.03333333333333333,100,0.9666666666666667,1.0834236186348862,2769,1,2570,0.31514668849088434,False,-10.676411015782321,False,ok,,0.0011354160378687084
38,5,Normal,3000,5,0.4,22,2026105722,6.5507971410051,new_lower_rho_same_seed_schedule,False,16,-4.966434390134077,0.018,54,0.982,1.0642071656615821,2819,1,2650,0.2017690609029807,False,-11.517231531139178,False,ok,,0.001104625000152737
38,5,Normal,3000,5,0.4,22,2026105722,6.5507971410051,new_lower_rho_same_seed_schedule,False,17,-4.484123548339783,0.013333333333333334,40,0.9866666666666667,1.0507880910683012,2855,1,2722,0.16011017823402635,False,-11.034920689344883,False,ok,,0.0010580410016700625
38,5,Normal,3000,5,0.4,22,2026105722,6.5507971410051,new_lower_rho_same_seed_schedule,False,18,-6.072143150076407,0.009,27,0.991,1.0402219140083218,2884,1,2774,0.11334148651363148,False,-12.622940291081507,False,ok,,0.0010242080315947533
38,5,Normal,3000,5,0.4,22,2026105722,6.5507971410051,new_lower_rho_same_seed_schedule,False,19,-5.493268173628831,0.004,12,0.996,1.0245901639344261,2928,1,2858,0.05960652518873746,False,-12.044065314633931,False,ok,,0.0009949170053005219
38,5,Normal,3000,5,0.4,22,2026105722,6.5507971410051,new_lower_rho_same_seed_schedule,False,20,-4.9569930598729135,0.004,12,0.996,1.019367991845056,2943,1,2889,0.056954741346813796,False,-11.507790200878013,False,ok,,0.0009724160190671682
38,5,Normal,3000,5,0.4,22,2026105722,6.5507971410051,new_lower_rho_same_seed_schedule,False,21,-6.158919031891543,0.0026666666666666666,8,0.9973333333333333,1.0183299389002036,2946,1,2893,0.04240435778260983,False,-12.709716172896643,False,ok,,0.0009532080148346722
38,5,Normal,3000,5,0.4,22,2026105722,6.5507971410051,new_lower_rho_same_seed_schedule,False,22,-7.108793479455716,0.0003333333333333333,1,0.9996666666666667,1.0114632501685772,2966,1,2932,0.022666666666666658,False,-13.659590620460817,False,ok,,0.0009240410290658474
38,5,Normal,3000,5,0.4,22,2026105722,6.5507971410051,new_lower_rho_same_seed_schedule,False,23,-8.185163386388506,0.0016666666666666668,5,0.9983333333333333,1.0118043844856661,2965,1,2931,0.031015118405719005,False,-14.735960527393607,False,ok,,0.0009207080001942813
38,5,Normal,3000,5,0.4,22,2026105722,6.5507971410051,new_lower_rho_same_seed_schedule,False,24,-6.13485676050765,0.002,6,0.998,1.0077258985555928,2977,1,2955,0.021529902041409137,False,-12.685653901512751,False,ok,,0.0009159999899566174
38,5,Normal,3000,5,0.4,22,2026105722,6.5507971410051,new_lower_rho_same_seed_schedule,False,25,-5.777120709854271,0.0003333333333333333,1,0.9996666666666667,1.0056989607777405,2983,1,2966,0.01133333333333333,False,-12.327917850859372,False,ok,,0.0009035000111907721
38,5,Normal,3000,5,0.4,22,2026105722,6.5507971410051,new_lower_rho_same_seed_schedule,False,26,-5.305645877161429,0.0003333333333333333,1,0.9996666666666667,1.0046885465505693,2986,1,2972,0.009333333333333329,False,-11.85644301816653,False,ok,,0.0008946669986471534
38,5,Normal,3000,5,0.4,22,2026105722,6.5507971410051,new_lower_rho_same_seed_schedule,False,27,-5.406006324823164,0.0006666666666666666,2,0.9993333333333333,1.0080645161290323,2976,1,2952,0.015999999999999993,False,-11.956803465828264,False,ok,,0.0009081250173039734
38,5,Normal,3000,5,0.4,22,2026105722,6.5507971410051,new_lower_rho_same_seed_schedule,False,28,-7.108793479455716,0.0003333333333333333,1,0.9996666666666667,1.004352192835621,2987,1,2974,0.008666666666666665,False,-13.659590620460817,False,ok,,0.0008932079654186964
38,5,Normal,3000,5,0.4,22,2026105722,6.5507971410051,new_lower_rho_same_seed_schedule,False,29,-5.777120709854271,0.0003333333333333333,1,0.9996666666666667,1.0030090270812437,2991,1,2982,0.006,False,-12.327917850859372,False,ok,,0.0008902089903131127
38,5,Normal,3000,5,0.4,22,2026105722,6.5507971410051,new_lower_rho_same_seed_schedule,False,30,0.0,0.0,0,1.0,1.0026737967914439,2992,1,2984,0.0053333333333333306,False,-6.5507971410051,True,ok,,0.0008851659949868917
38,5,Normal,3000,5,0.4,22,2026105722,6.5507971410051,new_lower_rho_same_seed_schedule,False,31,0.0,0.0,0,1.0,1.001669449081803,2995,1,2990,0.0033333333333333335,False,-6.5507971410051,True,ok,,0.000889708986505866
38,5,Normal,3000,5,0.4,22,2026105722,6.5507971410051,new_lower_rho_same_seed_schedule,False,32,0.0,0.0,0,1.0,1.001669449081803,2995,1,2990,0.0033333333333333327,False,-6.5507971410051,True,ok,,0.0009024169994518161
38,5,Normal,3000,5,0.4,22,2026105722,6.5507971410051,new_lower_rho_same_seed_schedule,False,33,0.0,0.0,0,1.0,1.0030090270812437,2991,1,2982,0.0059999999999999975,False,-6.5507971410051,True,ok,,0.0009009999921545386
38,5,Normal,3000,5,0.4,22,2026105722,6.5507971410051,new_lower_rho_same_seed_schedule,False,34,0.0,0.0,0,1.0,1.001669449081803,2995,1,2990,0.003333333333333333,False,-6.5507971410051,True,ok,,0.0008891669567674398
38,5,Normal,3000,5,0.4,22,2026105722,6.5507971410051,new_lower_rho_same_seed_schedule,False,35,0.0,0.0,0,1.0,1.002004008016032,2994,1,2988,0.003999999999999998,False,-6.5507971410051,True,ok,,0.0008781659998930991
38,5,Normal,3000,5,0.4,22,2026105722,6.5507971410051,new_lower_rho_same_seed_schedule,False,36,0.0,0.0,0,1.0,1.0006671114076051,2998,1,2996,0.0013333333333333326,False,-6.5507971410051,True,ok,,0.0008698749588802457
38,5,Normal,3000,5,0.4,22,2026105722,6.5507971410051,new_lower_rho_same_seed_schedule,False,37,0.0,0.0,0,1.0,1.0006671114076051,2998,1,2996,0.001333333333333333,False,-6.5507971410051,True,ok,,0.0008819999638944864
38,5,Normal,3000,5,0.4,22,2026105722,6.5507971410051,new_lower_rho_same_seed_schedule,False,38,0.0,0.0,0,1.0,1.001001001001001,2997,1,2994,0.0019999999999999996,False,-6.5507971410051,True,ok,,0.0008743340149521828
38,5,Normal,3000,5,0.4,22,2026105722,6.5507971410051,new_lower_rho_same_seed_schedule,False,39,-6.031280597819652,0.0003333333333333333,1,0.9996666666666667,1.0013351134846462,2996,1,2992,0.002666666666666666,False,-12.582077738824752,False,ok,,0.0008739579934626818
38,5,Normal,3000,5,0.4,22,2026105722,6.5507971410051,new_lower_rho_same_seed_schedule,False,40,0.0,0.0,0,1.0,1.0006671114076051,2998,1,2996,0.0013333333333333335,False,-6.5507971410051,True,ok,,0.0008751669665798545
38,5,Normal,3000,5,0.4,23,2026105723,6.5507971410051,new_lower_rho_same_seed_schedule,False,1,7.037379506692879,1.0,3000,0.0,3000.0,1,3000,0,1.1403090996100795,False,0.486582365687779,False,ok,,0.0011529159964993596
38,5,Normal,3000,5,0.4,23,2026105723,6.5507971410051,new_lower_rho_same_seed_schedule,False,2,6.029088302752852,1.0,3000,0.0,93.75,32,32,0,1.661083410063264,False,-0.5217088382522483,False,ok,,0.0011352919973433018
38,5,Normal,3000,5,0.4,23,2026105723,6.5507971410051,new_lower_rho_same_seed_schedule,False,3,5.498550507930815,0.9886666666666667,2966,0.011333333333333306,26.785714285714285,112,1,18,1.9137112807685486,False,-1.0522466330742857,False,ok,,0.0011617499985732138
38,5,Normal,3000,5,0.4,23,2026105723,6.5507971410051,new_lower_rho_same_seed_schedule,False,4,4.729711116896567,0.939,2817,0.061000000000000054,10.714285714285714,280,1,90,2.199389672533694,False,-1.8210860241085332,False,ok,,0.0012888750061392784
38,5,Normal,3000,5,0.4,23,2026105723,6.5507971410051,new_lower_rho_same_seed_schedule,False,5,3.9217834360302715,0.884,2652,0.11599999999999999,6.315789473684211,475,1,190,2.558363949387495,False,-2.629013704974829,False,ok,,0.001360541966278106
38,5,Normal,3000,5,0.4,23,2026105723,6.5507971410051,new_lower_rho_same_seed_schedule,False,6,2.902238967253858,0.8113333333333334,2434,0.18866666666666665,4.065040650406504,738,1,352,2.741539601124175,False,-3.6485581737512423,False,ok,,0.0015236249892041087
38,5,Normal,3000,5,0.4,23,2026105723,6.5507971410051,new_lower_rho_same_seed_schedule,False,7,1.7642025561471533,0.7033333333333334,2110,0.29666666666666663,2.840909090909091,1056,1,559,2.8935597518402827,False,-4.786594584857947,False,ok,,0.0016004579956643283
38,5,Normal,3000,5,0.4,23,2026105723,6.5507971410051,new_lower_rho_same_seed_schedule,False,8,0.7289079723770815,0.5586666666666666,1676,0.44133333333333336,2.1739130434782608,1380,1,800,2.677964171563334,False,-5.821889168628019,False,ok,,0.0016641669790260494
38,5,Normal,3000,5,0.4,23,2026105723,6.5507971410051,new_lower_rho_same_seed_schedule,False,9,-0.5424224453563058,0.448,1344,0.552,1.7533606078316775,1711,1,1121,2.4506817173408204,False,-7.093219586361406,False,ok,,0.001641749986447394
38,5,Normal,3000,5,0.4,23,2026105723,6.5507971410051,new_lower_rho_same_seed_schedule,False,10,-1.2441613334652717,0.29933333333333334,898,0.7006666666666667,1.4903129657228018,2013,1,1455,1.8344625708586457,False,-7.794958474470372,False,ok,,0.0015956250135786831
38,5,Normal,3000,5,0.4,23,2026105723,6.5507971410051,new_lower_rho_same_seed_schedule,False,11,-2.271870507013545,0.21566666666666667,647,0.7843333333333333,1.3513513513513513,2220,1,1696,1.5702101127655474,False,-8.822667648018646,False,ok,,0.001547291991300881
38,5,Normal,3000,5,0.4,23,2026105723,6.5507971410051,new_lower_rho_same_seed_schedule,False,12,-2.8167218684998145,0.117,351,0.883,1.2295081967213115,2440,1,2011,0.9738091188225776,False,-9.367519009504914,False,ok,,0.0014171659713611007
38,5,Normal,3000,5,0.4,23,2026105723,6.5507971410051,new_lower_rho_same_seed_schedule,False,13,-3.3464236473770312,0.07733333333333334,232,0.9226666666666666,1.162340178225494,2581,1,2240,0.6976143290885064,False,-9.897220788382132,False,ok,,0.001301540993154049
38,5,Normal,3000,5,0.4,23,2026105723,6.5507971410051,new_lower_rho_same_seed_schedule,False,14,-3.6496327526219803,0.044,132,0.956,1.1098779134295227,2703,1,2449,0.4065810805020971,False,-10.200429893627081,False,ok,,0.0012037919950671494
38,5,Normal,3000,5,0.4,23,2026105723,6.5507971410051,new_lower_rho_same_seed_schedule,False,15,-4.320893952603918,0.021666666666666667,65,0.9783333333333333,1.0779734099892202,2783,1,2585,0.25456041371947474,False,-10.87169109360902,False,ok,,0.0011373339802958071
38,5,Normal,3000,5,0.4,23,2026105723,6.5507971410051,new_lower_rho_same_seed_schedule,False,16,-5.246214842670917,0.012,36,0.988,1.0574550581600282,2837,1,2686,0.17919222114852462,False,-11.797011983676018,False,ok,,0.001078624976798892
38,5,Normal,3000,5,0.4,23,2026105723,6.5507971410051,new_lower_rho_same_seed_schedule,False,17,-3.9532825101886804,0.008666666666666666,26,0.9913333333333333,1.0344827586206897,2900,1,2809,0.10721861715568269,False,-10.50407965119378,False,ok,,0.0010086250258609653
38,5,Normal,3000,5,0.4,23,2026105723,6.5507971410051,new_lower_rho_same_seed_schedule,False,18,-5.651328414233012,0.005666666666666667,17,0.9943333333333333,1.0312822275696116,2909,1,2823,0.09296692234945628,False,-12.202125555238112,False,ok,,0.0010042079957202077
38,5,Normal,3000,5,0.4,23,2026105723,6.5507971410051,new_lower_rho_same_seed_schedule,False,19,-5.116841373950861,0.005666666666666667,17,0.9943333333333333,1.027749229188078,2919,1,2842,0.07912529322015498,False,-11.66763851495596,False,ok,,0.0009975000284612179
38,5,Normal,3000,5,0.4,23,2026105723,6.5507971410051,new_lower_rho_same_seed_schedule,False,20,-4.274800995375762,0.001,3,0.999,1.0186757215619695,2945,1,2890,0.03666666666666667,False,-10.825598136380862,False,ok,,0.0009728749864734709
38,5,Normal,3000,5,0.4,23,2026105723,6.5507971410051,new_lower_rho_same_seed_schedule,False,21,-4.902036429275123,0.0036666666666666666,11,0.9963333333333333,1.01763907734057,2948,1,2899,0.052534073748364975,False,-11.452833570280223,False,ok,,0.0009569170069880784
38,5,Normal,3000,5,0.4,23,2026105723,6.5507971410051,new_lower_rho_same_seed_schedule,False,22,-6.466019899235376,0.0003333333333333333,1,0.9996666666666667,1.0097610232245036,2971,1,2942,0.019333333333333327,False,-13.016817040240475,False,ok,,0.0009262500097975135
38,5,Normal,3000,5,0.4,23,2026105723,6.5507971410051,new_lower_rho_same_seed_schedule,False,23,-6.280901429367421,0.0006666666666666666,2,0.9993333333333333,1.0097610232245036,2971,1,2942,0.019333333333333324,False,-12.83169857037252,False,ok,,0.000921958009712398
38,5,Normal,3000,5,0.4,23,2026105723,6.5507971410051,new_lower_rho_same_seed_schedule,False,24,-2.811818238977119,0.0003333333333333333,1,0.9996666666666667,1.0067114093959733,2980,1,2960,0.013333333333333329,False,-9.36261537998222,False,ok,,0.0009101670002564788
38,5,Normal,3000,5,0.4,23,2026105723,6.5507971410051,new_lower_rho_same_seed_schedule,False,25,0.0,0.0,0,1.0,1.0077258985555928,2977,1,2954,0.015333333333333327,False,-6.5507971410051,True,ok,,0.0009047499625012279
38,5,Normal,3000,5,0.4,23,2026105723,6.5507971410051,new_lower_rho_same_seed_schedule,False,26,-4.1806063405745935,0.0003333333333333333,1,0.9996666666666667,1.004352192835621,2987,1,2974,0.008666666666666663,False,-10.731403481579694,False,ok,,0.0008986250031739473
38,5,Normal,3000,5,0.4,23,2026105723,6.5507971410051,new_lower_rho_same_seed_schedule,False,27,-3.762499419803477,0.0003333333333333333,1,0.9996666666666667,1.0036801605888257,2989,1,2978,0.0073333333333333315,False,-10.313296560808578,False,ok,,0.0008943749708123505
38,5,Normal,3000,5,0.4,23,2026105723,6.5507971410051,new_lower_rho_same_seed_schedule,False,28,0.0,0.0,0,1.0,1.0033444816053512,2990,1,2980,0.006666666666666666,False,-6.5507971410051,True,ok,,0.000895500008482486
38,5,Normal,3000,5,0.4,23,2026105723,6.5507971410051,new_lower_rho_same_seed_schedule,False,29,-6.080053928969277,0.001,3,0.999,1.0046885465505693,2986,1,2972,0.009333333333333332,False,-12.630851069974376,False,ok,,0.0008992499788291752
38,5,Normal,3000,5,0.4,23,2026105723,6.5507971410051,new_lower_rho_same_seed_schedule,False,30,0.0,0.0,0,1.0,1.0030090270812437,2991,1,2982,0.006,False,-6.5507971410051,True,ok,,0.0009035000111907721
38,5,Normal,3000,5,0.4,23,2026105723,6.5507971410051,new_lower_rho_same_seed_schedule,False,31,0.0,0.0,0,1.0,1.001669449081803,2995,1,2990,0.003333333333333333,False,-6.5507971410051,True,ok,,0.0008948749746195972
38,5,Normal,3000,5,0.4,23,2026105723,6.5507971410051,new_lower_rho_same_seed_schedule,False,32,-10.046454315722436,0.0003333333333333333,1,0.9996666666666667,1.001669449081803,2995,1,2990,0.003333333333333333,False,-16.597251456727534,False,ok,,0.0008896670187823474
38,5,Normal,3000,5,0.4,23,2026105723,6.5507971410051,new_lower_rho_same_seed_schedule,False,33,0.0,0.0,0,1.0,1.0003334444814937,2999,1,2998,0.0006666666666666665,False,-6.5507971410051,True,ok,,0.0008805830148048699
38,5,Normal,3000,5,0.4,23,2026105723,6.5507971410051,new_lower_rho_same_seed_schedule,False,34,0.0,0.0,0,1.0,1.0013351134846462,2996,1,2992,0.002666666666666666,False,-6.5507971410051,True,ok,,0.0008870830060914159
38,5,Normal,3000,5,0.4,23,2026105723,6.5507971410051,new_lower_rho_same_seed_schedule,False,35,0.0,0.0,0,1.0,1.001001001001001,2997,1,2994,0.002,False,-6.5507971410051,True,ok,,0.0008768750121816993
38,5,Normal,3000,5,0.4,23,2026105723,6.5507971410051,new_lower_rho_same_seed_schedule,False,36,0.0,0.0,0,1.0,1.001001001001001,2997,1,2994,0.002,False,-6.5507971410051,True,ok,,0.0008871249738149345
38,5,Normal,3000,5,0.4,23,2026105723,6.5507971410051,new_lower_rho_same_seed_schedule,False,37,0.0,0.0,0,1.0,1.001001001001001,2997,1,2994,0.001999999999999999,False,-6.5507971410051,True,ok,,0.0008856250206008554
38,5,Normal,3000,5,0.4,23,2026105723,6.5507971410051,new_lower_rho_same_seed_schedule,False,38,0.0,0.0,0,1.0,1.0006671114076051,2998,1,2996,0.001333333333333333,False,-6.5507971410051,True,ok,,0.0008766250102780759
38,5,Normal,3000,5,0.4,23,2026105723,6.5507971410051,new_lower_rho_same_seed_schedule,False,39,0.0,0.0,0,1.0,1.0,3000,1,3000,0.0,False,-6.5507971410051,True,ok,,0.0008741660276427865
38,5,Normal,3000,5,0.4,23,2026105723,6.5507971410051,new_lower_rho_same_seed_schedule,False,40,0.0,0.0,0,1.0,1.0,3000,1,3000,0.0,False,-6.5507971410051,True,ok,,0.0008823749958537519
38,5,Normal,3000,5,0.4,24,2026105724,6.5507971410051,new_lower_rho_same_seed_schedule,False,1,7.034906493848396,1.0,3000,0.0,3000.0,1,3000,0,1.1483939339916032,False,0.48410935284329604,False,ok,,0.0011969159822911024
38,5,Normal,3000,5,0.4,24,2026105724,6.5507971410051,new_lower_rho_same_seed_schedule,False,2,6.047297645828841,1.0,3000,0.0,93.75,32,12,0,1.664349673671751,False,-0.5034994951762588,False,ok,,0.0011548749753274024
38,5,Normal,3000,5,0.4,24,2026105724,6.5507971410051,new_lower_rho_same_seed_schedule,False,3,5.69066339751721,0.9846666666666667,2954,0.01533333333333331,28.846153846153847,104,1,24,1.8055459072947404,False,-0.8601337434878902,False,ok,,0.0011733749997802079
38,5,Normal,3000,5,0.4,24,2026105724,6.5507971410051,new_lower_rho_same_seed_schedule,False,4,4.933123822548958,0.9576666666666667,2873,0.042333333333333334,13.392857142857142,224,1,72,2.142936689210083,False,-1.6176733184561423,False,ok,,0.0012848339974880219
38,5,Normal,3000,5,0.4,24,2026105724,6.5507971410051,new_lower_rho_same_seed_schedule,False,5,4.210109640811589,0.91,2730,0.08999999999999997,7.5566750629722925,397,1,146,2.4719869739126277,False,-2.3406875001935115,False,ok,,0.0013952080043964088
38,5,Normal,3000,5,0.4,24,2026105724,6.5507971410051,new_lower_rho_same_seed_schedule,False,6,3.308966581752433,0.8436666666666667,2531,0.15633333333333332,4.854368932038835,618,1,263,2.7767572161264593,False,-3.241830559252667,False,ok,,0.001482166990172118
38,5,Normal,3000,5,0.4,24,2026105724,6.5507971410051,new_lower_rho_same_seed_schedule,False,7,2.3019514476542358,0.7656666666666667,2297,0.23433333333333328,3.386004514672686,886,1,434,2.8988154940985997,False,-4.248845693350864,False,ok,,0.0015593330026604235
38,5,Normal,3000,5,0.4,24,2026105724,6.5507971410051,new_lower_rho_same_seed_schedule,False,8,1.25200151172983,0.6603333333333333,1981,0.3396666666666667,2.5662959794696323,1169,1,623,2.9717689919867674,False,-5.29879562927527,False,ok,,0.0016471249982714653
38,5,Normal,3000,5,0.4,24,2026105724,6.5507971410051,new_lower_rho_same_seed_schedule,False,9,0.2749732734612624,0.5366666666666666,1610,0.4633333333333334,2.0107238605898123,1492,1,917,2.67365425679815,False,-6.275823867543838,False,ok,,0.0016516660107299685
38,5,Normal,3000,5,0.4,24,2026105724,6.5507971410051,new_lower_rho_same_seed_schedule,False,10,-0.7023780483912259,0.39966666666666667,1199,0.6003333333333334,1.6901408450704225,1775,1,1167,2.2912082438199324,False,-7.253175189396326,False,ok,,0.0016629589954391122
38,5,Normal,3000,5,0.4,24,2026105724,6.5507971410051,new_lower_rho_same_seed_schedule,False,11,-1.560940226980231,0.29133333333333333,874,0.7086666666666667,1.4627011214041932,2051,1,1504,1.832040696054969,False,-8.11173736798533,False,ok,,0.0015688749845139682
38,5,Normal,3000,5,0.4,24,2026105724,6.5507971410051,new_lower_rho_same_seed_schedule,False,12,-2.1152680240527233,0.196,588,0.804,1.335113484646195,2247,1,1744,1.345097271436914,False,-8.666065165057823,False,ok,,0.0014949580072425306
38,5,Normal,3000,5,0.4,24,2026105724,6.5507971410051,new_lower_rho_same_seed_schedule,False,13,-2.7326044832416487,0.12266666666666666,368,0.8773333333333333,1.2350761630300535,2429,1,2003,0.9720092179006452,False,-9.28340162424675,False,ok,,0.0014042920083738863
38,5,Normal,3000,5,0.4,24,2026105724,6.5507971410051,new_lower_rho_same_seed_schedule,False,14,-3.1490481456771358,0.07433333333333333,223,0.9256666666666666,1.1691348402182384,2566,1,2211,0.6346809241127218,False,-9.699845286682237,False,ok,,0.0013092500157654285
38,5,Normal,3000,5,0.4,24,2026105724,6.5507971410051,new_lower_rho_same_seed_schedule,False,15,-3.5324008225882113,0.054,162,0.946,1.1144130757800892,2692,1,2441,0.45913281916459625,False,-10.083197963593312,False,ok,,0.0011783340014517307
38,5,Normal,3000,5,0.4,24,2026105724,6.5507971410051,new_lower_rho_same_seed_schedule,False,16,-3.658057257216591,0.034666666666666665,104,0.9653333333333334,1.093693036820999,2743,1,2520,0.3391535379645994,False,-10.20885439822169,False,ok,,0.0011445829877629876
38,5,Normal,3000,5,0.4,24,2026105724,6.5507971410051,new_lower_rho_same_seed_schedule,False,17,-4.7331527418369586,0.018333333333333333,55,0.9816666666666667,1.0744985673352436,2792,1,2601,0.23350093551137166,False,-11.283949882842059,False,ok,,0.0011077910312451422
38,5,Normal,3000,5,0.4,24,2026105724,6.5507971410051,new_lower_rho_same_seed_schedule,False,18,-4.522073118482393,0.011,33,0.989,1.058574453069866,2834,1,2677,0.16589047532936715,False,-11.072870259487493,False,ok,,0.001067332981619984
38,5,Normal,3000,5,0.4,24,2026105724,6.5507971410051,new_lower_rho_same_seed_schedule,False,19,-5.580560887943678,0.006333333333333333,19,0.9936666666666667,1.0355540214014498,2897,1,2798,0.0950397738344321,False,-12.131358028948778,False,ok,,0.0010017909808084369
38,5,Normal,3000,5,0.4,24,2026105724,6.5507971410051,new_lower_rho_same_seed_schedule,False,20,-5.684496092931408,0.004,12,0.996,1.0334137099552188,2903,1,2809,0.08405623815900547,False,-12.235293233936508,False,ok,,0.0009971249965019524
38,5,Normal,3000,5,0.4,24,2026105724,6.5507971410051,new_lower_rho_same_seed_schedule,False,21,-6.017209085405951,0.004,12,0.996,1.0242403550699897,2929,1,2860,0.05980817413364392,False,-12.56800622641105,False,ok,,0.0010552079766057432
38,5,Normal,3000,5,0.4,24,2026105724,6.5507971410051,new_lower_rho_same_seed_schedule,False,22,-5.631790766157809,0.0013333333333333333,4,0.9986666666666667,1.0200612036722203,2941,1,2882,0.039333333333333345,False,-12.182587907162908,False,ok,,0.0009705830016173422
38,5,Normal,3000,5,0.4,24,2026105724,6.5507971410051,new_lower_rho_same_seed_schedule,False,23,-5.0972385074877895,0.0006666666666666666,2,0.9993333333333333,1.0166045408336157,2951,1,2902,0.032666666666666656,False,-11.64803564849289,False,ok,,0.0009633330046199262
38,5,Normal,3000,5,0.4,24,2026105724,6.5507971410051,new_lower_rho_same_seed_schedule,False,24,-7.488342175273437,0.0013333333333333333,4,0.9986666666666667,1.0135135135135136,2960,1,2920,0.02666666666666665,False,-14.039139316278536,False,ok,,0.0009459580178372562
38,5,Normal,3000,5,0.4,24,2026105724,6.5507971410051,new_lower_rho_same_seed_schedule,False,25,-5.9337133995940885,0.0013333333333333333,4,0.9986666666666667,1.0097610232245036,2971,1,2942,0.019333333333333324,False,-12.484510540599189,False,ok,,0.0009363749995827675
38,5,Normal,3000,5,0.4,24,2026105724,6.5507971410051,new_lower_rho_same_seed_schedule,False,26,-7.699373536353348,0.0006666666666666666,2,0.9993333333333333,1.0107816711590296,2968,1,2936,0.021333333333333322,False,-14.250170677358447,False,ok,,0.0009271659655496478
38,5,Normal,3000,5,0.4,24,2026105724,6.5507971410051,new_lower_rho_same_seed_schedule,False,27,0.0,0.0,0,1.0,1.0056989607777405,2983,1,2966,0.01133333333333333,False,-6.5507971410051,True,ok,,0.0009055829723365605
38,5,Normal,3000,5,0.4,24,2026105724,6.5507971410051,new_lower_rho_same_seed_schedule,False,28,0.0,0.0,0,1.0,1.0067114093959733,2980,1,2960,0.013333333333333329,False,-6.5507971410051,True,ok,,0.0009079579613171518
38,5,Normal,3000,5,0.4,24,2026105724,6.5507971410051,new_lower_rho_same_seed_schedule,False,29,0.0,0.0,0,1.0,1.0023387905111927,2993,1,2986,0.004666666666666666,False,-6.5507971410051,True,ok,,0.0009098339942283928
38,5,Normal,3000,5,0.4,24,2026105724,6.5507971410051,new_lower_rho_same_seed_schedule,False,30,0.0,0.0,0,1.0,1.0023387905111927,2993,1,2986,0.0046666666666666645,False,-6.5507971410051,True,ok,,0.0008988750050775707
38,5,Normal,3000,5,0.4,24,2026105724,6.5507971410051,new_lower_rho_same_seed_schedule,False,31,0.0,0.0,0,1.0,1.0040160642570282,2988,1,2976,0.007999999999999998,False,-6.5507971410051,True,ok,,0.000895833014510572
38,5,Normal,3000,5,0.4,24,2026105724,6.5507971410051,new_lower_rho_same_seed_schedule,False,32,-6.303690708513888,0.0003333333333333333,1,0.9996666666666667,1.004352192835621,2987,1,2974,0.008666666666666666,False,-12.85448784951899,False,ok,,0.000901249994058162
38,5,Normal,3000,5,0.4,24,2026105724,6.5507971410051,new_lower_rho_same_seed_schedule,False,33,0.0,0.0,0,1.0,1.001669449081803,2995,1,2990,0.0033333333333333327,False,-6.5507971410051,True,ok,,0.0008875420317053795
38,5,Normal,3000,5,0.4,24,2026105724,6.5507971410051,new_lower_rho_same_seed_schedule,False,34,0.0,0.0,0,1.0,1.0036801605888257,2989,1,2978,0.007333333333333332,False,-6.5507971410051,True,ok,,0.0008883749833330512
38,5,Normal,3000,5,0.4,24,2026105724,6.5507971410051,new_lower_rho_same_seed_schedule,False,35,0.0,0.0,0,1.0,1.0013351134846462,2996,1,2992,0.002666666666666666,False,-6.5507971410051,True,ok,,0.0008977910038083792
38,5,Normal,3000,5,0.4,24,2026105724,6.5507971410051,new_lower_rho_same_seed_schedule,False,36,-6.924463867143916,0.0003333333333333333,1,0.9996666666666667,1.0026737967914439,2992,1,2984,0.005333333333333333,False,-13.475261008149015,False,ok,,0.0008957079844549298
38,5,Normal,3000,5,0.4,24,2026105724,6.5507971410051,new_lower_rho_same_seed_schedule,False,37,0.0,0.0,0,1.0,1.001669449081803,2995,1,2990,0.003333333333333332,False,-6.5507971410051,True,ok,,0.0008899590466171503
38,5,Normal,3000,5,0.4,24,2026105724,6.5507971410051,new_lower_rho_same_seed_schedule,False,38,0.0,0.0,0,1.0,1.001669449081803,2995,1,2990,0.0033333333333333335,False,-6.5507971410051,True,ok,,0.0008878750377334654
38,5,Normal,3000,5,0.4,24,2026105724,6.5507971410051,new_lower_rho_same_seed_schedule,False,39,0.0,0.0,0,1.0,1.001001001001001,2997,1,2994,0.001999999999999999,False,-6.5507971410051,True,ok,,0.0008847499848343432
38,5,Normal,3000,5,0.4,24,2026105724,6.5507971410051,new_lower_rho_same_seed_schedule,False,40,0.0,0.0,0,1.0,1.0013351134846462,2996,1,2992,0.0026666666666666666,False,-6.5507971410051,True,ok,,0.0008875000057742
38,5,Normal,3000,5,0.4,25,2026105725,6.5507971410051,new_lower_rho_same_seed_schedule,False,1,7.0725485041843035,1.0,3000,0.0,3000.0,1,3000,0,1.1480221065640168,False,0.5217513631792032,False,ok,,0.0011727919918484986
38,5,Normal,3000,5,0.4,25,2026105725,6.5507971410051,new_lower_rho_same_seed_schedule,False,2,6.0350343493920855,1.0,3000,0.0,93.75,32,16,0,1.665218393284311,False,-0.5157627916130147,False,ok,,0.001096708991099149
38,5,Normal,3000,5,0.4,25,2026105725,6.5507971410051,new_lower_rho_same_seed_schedule,False,3,5.608379172959513,0.991,2973,0.009000000000000008,30.0,100,1,19,1.8345841590775103,False,-0.9424179680455875,False,ok,,0.0011267500231042504
38,5,Normal,3000,5,0.4,25,2026105725,6.5507971410051,new_lower_rho_same_seed_schedule,False,4,5.012562491253358,0.9433333333333334,2830,0.05666666666666664,12.345679012345679,243,1,86,2.0576781366756753,False,-1.5382346497517423,False,ok,,0.0012513750116340816
38,5,Normal,3000,5,0.4,25,2026105725,6.5507971410051,new_lower_rho_same_seed_schedule,False,5,4.277940935438036,0.907,2721,0.09299999999999997,7.5566750629722925,397,1,154,2.406110637717424,False,-2.272856205567064,False,ok,,0.001326667028479278
38,5,Normal,3000,5,0.4,25,2026105725,6.5507971410051,new_lower_rho_same_seed_schedule,False,6,3.2369862411511803,0.8516666666666667,2555,0.14833333333333332,4.893964110929853,613,1,253,2.7616363278394673,False,-3.31381089985392,False,ok,,0.0014939579996280372
38,5,Normal,3000,5,0.4,25,2026105725,6.5507971410051,new_lower_rho_same_seed_schedule,False,7,2.269107345988526,0.7503333333333333,2251,0.2496666666666667,3.3112582781456954,906,1,451,2.83964423274093,False,-4.281689795016574,False,ok,,0.0015686670085415244
38,5,Normal,3000,5,0.4,25,2026105725,6.5507971410051,new_lower_rho_same_seed_schedule,False,8,1.2229918048593207,0.6473333333333333,1942,0.3526666666666667,2.5041736227045077,1198,1,656,2.8906768556683207,False,-5.327805336145779,False,ok,,0.0016292919754050672
38,5,Normal,3000,5,0.4,25,2026105725,6.5507971410051,new_lower_rho_same_seed_schedule,False,9,0.3335783447226367,0.5233333333333333,1570,0.4766666666666667,2.0174848688634834,1487,1,897,2.6051509182557226,False,-6.217218796282464,False,ok,,0.0016619580565020442
38,5,Normal,3000,5,0.4,25,2026105725,6.5507971410051,new_lower_rho_same_seed_schedule,False,10,-0.6752234790514053,0.4013333333333333,1204,0.5986666666666667,1.6797312430011198,1786,1,1194,2.2664400158343474,False,-7.226020620056506,False,ok,,0.0016495830495841801
38,5,Normal,3000,5,0.4,25,2026105725,6.5507971410051,new_lower_rho_same_seed_schedule,False,11,-1.4988723125453731,0.2806666666666667,842,0.7193333333333334,1.4627011214041932,2051,1,1494,1.7827888242274206,False,-8.049669453550473,False,ok,,0.0016037499881349504
38,5,Normal,3000,5,0.4,25,2026105725,6.5507971410051,new_lower_rho_same_seed_schedule,False,12,-2.19931459807478,0.18866666666666668,566,0.8113333333333334,1.3106159895150722,2289,1,1814,1.3310057893866212,False,-8.75011173907988,False,ok,,0.0015225419774651527
38,5,Normal,3000,5,0.4,25,2026105725,6.5507971410051,new_lower_rho_same_seed_schedule,False,13,-2.8060400901942835,0.116,348,0.884,1.2239902080783354,2451,1,2033,0.957817762903331,False,-9.356837231199384,False,ok,,0.0014940000255592167
38,5,Normal,3000,5,0.4,25,2026105725,6.5507971410051,new_lower_rho_same_seed_schedule,False,14,-3.2349033267487664,0.06933333333333333,208,0.9306666666666666,1.1609907120743035,2584,1,2235,0.6219951162519356,False,-9.785700467753866,False,ok,,0.0013694579829461873
38,5,Normal,3000,5,0.4,25,2026105725,6.5507971410051,new_lower_rho_same_seed_schedule,False,15,-3.751497826499133,0.03333333333333333,100,0.9666666666666667,1.1139992573338284,2693,1,2415,0.38166394965548395,False,-10.302294967504233,False,ok,,0.0012303750263527036
38,5,Normal,3000,5,0.4,25,2026105725,6.5507971410051,new_lower_rho_same_seed_schedule,False,16,-4.075758846729235,0.023,69,0.977,1.0737294201861132,2794,1,2609,0.25256100879661514,False,-10.626555987734335,False,ok,,0.001125291979406029
38,5,Normal,3000,5,0.4,25,2026105725,6.5507971410051,new_lower_rho_same_seed_schedule,False,17,-4.323326452920075,0.016,48,0.984,1.066477070742979,2813,1,2641,0.2064154602844219,False,-10.874123593925175,False,ok,,0.001112625002861023
38,5,Normal,3000,5,0.4,25,2026105725,6.5507971410051,new_lower_rho_same_seed_schedule,False,18,-4.738728432799024,0.012,36,0.988,1.050420168067227,2856,1,2722,0.15320442599257747,False,-11.289525573804124,False,ok,,0.001072040991857648
38,5,Normal,3000,5,0.4,25,2026105725,6.5507971410051,new_lower_rho_same_seed_schedule,False,19,-5.204360936042411,0.005666666666666667,17,0.9943333333333333,1.0377032168799722,2891,1,2785,0.09036992526532314,False,-11.755158077047511,False,ok,,0.0010320830042473972
38,5,Normal,3000,5,0.4,25,2026105725,6.5507971410051,new_lower_rho_same_seed_schedule,False,20,-5.055439426383941,0.002,6,0.998,1.0273972602739727,2920,1,2840,0.05333333333333341,False,-11.606236567389042,False,ok,,0.0009947500075213611
38,5,Normal,3000,5,0.4,25,2026105725,6.5507971410051,new_lower_rho_same_seed_schedule,False,21,-5.730021908042825,0.005,15,0.995,1.0224948875255624,2934,1,2871,0.06365165181659253,False,-12.280819049047924,False,ok,,0.0009802499553188682
38,5,Normal,3000,5,0.4,25,2026105725,6.5507971410051,new_lower_rho_same_seed_schedule,False,22,-5.26144071787874,0.0006666666666666666,2,0.9993333333333333,1.0145417653026716,2957,1,2914,0.02866666666666665,False,-11.81223785888384,False,ok,,0.0009485839982517064
38,5,Normal,3000,5,0.4,25,2026105725,6.5507971410051,new_lower_rho_same_seed_schedule,False,23,-5.087014550849388,0.005,15,0.995,1.0183299389002036,2946,1,2895,0.05335024336891156,False,-11.637811691854488,False,ok,,0.0009585410007275641
38,5,Normal,3000,5,0.4,25,2026105725,6.5507971410051,new_lower_rho_same_seed_schedule,False,24,-1.7330763206909165,0.0003333333333333333,1,0.9996666666666667,1.0097610232245036,2971,1,2942,0.019333333333333324,False,-8.283873461696016,False,ok,,0.0009282919927500188
38,5,Normal,3000,5,0.4,25,2026105725,6.5507971410051,new_lower_rho_same_seed_schedule,False,25,-7.192849760556372,0.0016666666666666668,5,0.9983333333333333,1.0114632501685772,2966,1,2933,0.028401592779376227,False,-13.743646901561473,False,ok,,0.0009250000002793968
38,5,Normal,3000,5,0.4,25,2026105725,6.5507971410051,new_lower_rho_same_seed_schedule,False,26,0.0,0.0,0,1.0,1.0087424344317417,2974,1,2948,0.017333333333333326,False,-6.5507971410051,True,ok,,0.0009292920003645122
38,5,Normal,3000,5,0.4,25,2026105725,6.5507971410051,new_lower_rho_same_seed_schedule,False,27,0.0,0.0,0,1.0,1.0060362173038229,2982,1,2964,0.011999999999999999,False,-6.5507971410051,True,ok,,0.0009158339817076921
38,5,Normal,3000,5,0.4,25,2026105725,6.5507971410051,new_lower_rho_same_seed_schedule,False,28,-11.44049814666713,0.0006666666666666666,2,0.9993333333333333,1.0063737001006374,2981,1,2962,0.012666666666666663,False,-17.99129528767223,False,ok,,0.0009175410377793014
38,5,Normal,3000,5,0.4,25,2026105725,6.5507971410051,new_lower_rho_same_seed_schedule,False,29,0.0,0.0,0,1.0,1.0040160642570282,2988,1,2976,0.007999999999999997,False,-6.5507971410051,True,ok,,0.0009257909841835499
38,5,Normal,3000,5,0.4,25,2026105725,6.5507971410051,new_lower_rho_same_seed_schedule,False,30,-16.194967874053745,0.0003333333333333333,1,0.9996666666666667,1.0030090270812437,2991,1,2982,0.005999999999999998,False,-22.745765015058844,False,ok,,0.0009175000013783574
38,5,Normal,3000,5,0.4,25,2026105725,6.5507971410051,new_lower_rho_same_seed_schedule,False,31,0.0,0.0,0,1.0,1.002004008016032,2994,1,2988,0.003999999999999999,False,-6.5507971410051,True,ok,,0.0009047089843079448
38,5,Normal,3000,5,0.4,25,2026105725,6.5507971410051,new_lower_rho_same_seed_schedule,False,32,0.0,0.0,0,1.0,1.0030090270812437,2991,1,2982,0.0059999999999999975,False,-6.5507971410051,True,ok,,0.0009109160164371133
38,5,Normal,3000,5,0.4,25,2026105725,6.5507971410051,new_lower_rho_same_seed_schedule,False,33,-16.194967874053745,0.0003333333333333333,1,0.9996666666666667,1.0030090270812437,2991,1,2982,0.006,False,-22.745765015058844,False,ok,,0.0009093330008909106
38,5,Normal,3000,5,0.4,25,2026105725,6.5507971410051,new_lower_rho_same_seed_schedule,False,34,0.0,0.0,0,1.0,1.0023387905111927,2993,1,2986,0.004666666666666666,False,-6.5507971410051,True,ok,,0.0009501249878667295
38,5,Normal,3000,5,0.4,25,2026105725,6.5507971410051,new_lower_rho_same_seed_schedule,False,35,0.0,0.0,0,1.0,1.0026737967914439,2992,1,2984,0.005333333333333332,False,-6.5507971410051,True,ok,,0.0009307920117862523
38,5,Normal,3000,5,0.4,25,2026105725,6.5507971410051,new_lower_rho_same_seed_schedule,False,36,0.0,0.0,0,1.0,1.002004008016032,2994,1,2988,0.003999999999999999,False,-6.5507971410051,True,ok,,0.000961375015322119
38,5,Normal,3000,5,0.4,25,2026105725,6.5507971410051,new_lower_rho_same_seed_schedule,False,37,0.0,0.0,0,1.0,1.001001001001001,2997,1,2994,0.0019999999999999996,False,-6.5507971410051,True,ok,,0.0009582079946994781
38,5,Normal,3000,5,0.4,25,2026105725,6.5507971410051,new_lower_rho_same_seed_schedule,False,38,-6.421054080478083,0.0003333333333333333,1,0.9996666666666667,1.001669449081803,2995,1,2990,0.003333333333333333,False,-12.971851221483183,False,ok,,0.0009567909874022007
38,5,Normal,3000,5,0.4,25,2026105725,6.5507971410051,new_lower_rho_same_seed_schedule,False,39,0.0,0.0,0,1.0,1.0003334444814937,2999,1,2998,0.0006666666666666664,False,-6.5507971410051,True,ok,,0.0008943339926190674
38,5,Normal,3000,5,0.4,25,2026105725,6.5507971410051,new_lower_rho_same_seed_schedule,False,40,-11.308010977265914,0.0006666666666666666,2,0.9993333333333333,1.0023387905111927,2993,1,2986,0.004666666666666666,False,-17.858808118271014,False,ok,,0.0009883749880827963
38,5,Normal,3000,5,0.4,26,2026105726,6.5507971410051,new_lower_rho_same_seed_schedule,False,1,7.024826596204093,1.0,3000,0.0,3000.0,1,3000,0,1.1449097737855711,False,0.474029455198993,False,ok,,0.001199208025354892
38,5,Normal,3000,5,0.4,26,2026105726,6.5507971410051,new_lower_rho_same_seed_schedule,False,2,6.062541512460768,1.0,3000,0.0,93.75,32,5,0,1.6202322630268267,False,-0.4882556285443327,False,ok,,0.001133584009949118
38,5,Normal,3000,5,0.4,26,2026105726,6.5507971410051,new_lower_rho_same_seed_schedule,False,3,5.5980395734101815,0.983,2949,0.017000000000000015,27.272727272727273,110,1,17,1.8314480621536513,False,-0.9527575675949187,False,ok,,0.0012464169994927943
38,5,Normal,3000,5,0.4,26,2026105726,6.5507971410051,new_lower_rho_same_seed_schedule,False,4,4.926872556037697,0.9546666666666667,2864,0.04533333333333334,12.605042016806722,238,1,75,2.192037900391643,False,-1.623924584967403,False,ok,,0.0012929170043207705
38,5,Normal,3000,5,0.4,26,2026105726,6.5507971410051,new_lower_rho_same_seed_schedule,False,5,4.090134254875549,0.904,2712,0.09599999999999997,7.1258907363420425,421,1,159,2.50380318081507,False,-2.460662886129551,False,ok,,0.0013942919904366136
38,5,Normal,3000,5,0.4,26,2026105726,6.5507971410051,new_lower_rho_same_seed_schedule,False,6,3.1312121585010853,0.8283333333333334,2485,0.17166666666666663,4.424778761061947,678,1,316,2.757220170254604,False,-3.419584982504015,False,ok,,0.0014832080341875553
38,5,Normal,3000,5,0.4,26,2026105726,6.5507971410051,new_lower_rho_same_seed_schedule,False,7,2.1022022527576207,0.741,2223,0.259,3.1446540880503147,954,1,489,2.9047720282267067,False,-4.448594888247479,False,ok,,0.0015804159920662642
38,5,Normal,3000,5,0.4,26,2026105726,6.5507971410051,new_lower_rho_same_seed_schedule,False,8,1.1403156381994675,0.627,1881,0.373,2.3904382470119523,1255,1,706,2.8357165556334163,False,-5.410481502805633,False,ok,,0.0016521660145372152
38,5,Normal,3000,5,0.4,26,2026105726,6.5507971410051,new_lower_rho_same_seed_schedule,False,9,-0.009792718355728251,0.5083333333333333,1525,0.4916666666666667,1.9543973941368078,1535,1,920,2.7048719106452124,False,-6.560589859360828,False,ok,,0.0016879999893717468
38,5,Normal,3000,5,0.4,26,2026105726,6.5507971410051,new_lower_rho_same_seed_schedule,False,10,-0.8808217912927212,0.37,1110,0.63,1.6085790884718498,1865,1,1282,2.155154886562464,False,-7.4316189322978214,False,ok,,0.0017160839634016156
38,5,Normal,3000,5,0.4,26,2026105726,6.5507971410051,new_lower_rho_same_seed_schedule,False,11,-1.9075622130793022,0.235,705,0.765,1.3979496738117427,2146,1,1600,1.6078360099699491,False,-8.458359354084402,False,ok,,0.001700499968137592
38,5,Normal,3000,5,0.4,26,2026105726,6.5507971410051,new_lower_rho_same_seed_schedule,False,12,-2.3182219703656197,0.16733333333333333,502,0.8326666666666667,1.2820512820512822,2340,1,1892,1.1888083905220974,False,-8.86901911137072,False,ok,,0.0015454170061275363
38,5,Normal,3000,5,0.4,26,2026105726,6.5507971410051,new_lower_rho_same_seed_schedule,False,13,-3.132845586236204,0.10833333333333334,325,0.8916666666666666,1.2072434607645874,2485,1,2086,0.8875185089757754,False,-9.683642727241304,False,ok,,0.001459833001717925
38,5,Normal,3000,5,0.4,26,2026105726,6.5507971410051,new_lower_rho_same_seed_schedule,False,14,-3.3963688009015036,0.059,177,0.9410000000000001,1.1402508551881414,2631,1,2327,0.5289734656901522,False,-9.947165941906604,False,ok,,0.0013617919757962227
38,5,Normal,3000,5,0.4,26,2026105726,6.5507971410051,new_lower_rho_same_seed_schedule,False,15,-4.066976439992531,0.037333333333333336,112,0.9626666666666667,1.1045655375552283,2716,1,2466,0.3589736340746066,False,-10.617773580997632,False,ok,,0.0012651659781113267
38,5,Normal,3000,5,0.4,26,2026105726,6.5507971410051,new_lower_rho_same_seed_schedule,False,16,-4.083328002950921,0.025333333333333333,76,0.9746666666666667,1.079136690647482,2780,1,2581,0.2521750112483433,False,-10.634125143956021,False,ok,,0.0011997080291621387
38,5,Normal,3000,5,0.4,26,2026105726,6.5507971410051,new_lower_rho_same_seed_schedule,False,17,-4.1533115215716965,0.015666666666666666,47,0.9843333333333333,1.0604453870625663,2829,1,2672,0.19781885457791437,False,-10.704108662576797,False,ok,,0.0011495830258354545
38,5,Normal,3000,5,0.4,26,2026105726,6.5507971410051,new_lower_rho_same_seed_schedule,False,18,-4.1331797552519465,0.008,24,0.992,1.0434782608695652,2875,1,2755,0.10525915175961698,False,-10.683976896257047,False,ok,,0.0011012909817509353
38,5,Normal,3000,5,0.4,26,2026105726,6.5507971410051,new_lower_rho_same_seed_schedule,False,19,-5.240726432004086,0.008333333333333333,25,0.9916666666666667,1.0384215991692627,2889,1,2784,0.11076841179067863,False,-11.791523573009187,False,ok,,0.0010780000011436641
38,5,Normal,3000,5,0.4,26,2026105726,6.5507971410051,new_lower_rho_same_seed_schedule,False,20,-3.6707203974764866,0.002,6,0.998,1.0252904989747096,2926,1,2852,0.04933333333333339,False,-10.221517538481587,False,ok,,0.0010422500199638307
38,5,Normal,3000,5,0.4,26,2026105726,6.5507971410051,new_lower_rho_same_seed_schedule,False,21,-5.727126948093655,0.006666666666666667,20,0.9933333333333333,1.0214504596527068,2937,1,2879,0.07675004307647763,False,-12.277924089098756,False,ok,,0.0010290409554727376
38,5,Normal,3000,5,0.4,26,2026105726,6.5507971410051,new_lower_rho_same_seed_schedule,False,22,-6.167292265457969,0.0023333333333333335,7,0.9976666666666667,1.0204081632653061,2940,1,2881,0.04672010743763543,False,-12.718089406463069,False,ok,,0.001028000027872622
38,5,Normal,3000,5,0.4,26,2026105726,6.5507971410051,new_lower_rho_same_seed_schedule,False,23,-4.739327310324359,0.002,6,0.998,1.0131712259371835,2961,1,2923,0.03285406692070502,False,-11.29012445132946,False,ok,,0.0009945000056177378
38,5,Normal,3000,5,0.4,26,2026105726,6.5507971410051,new_lower_rho_same_seed_schedule,False,24,-7.87809376595969,0.003,9,0.997,1.0124873439082012,2963,1,2928,0.0366570222633106,False,-14.42889090696479,False,ok,,0.0009949170053005219
38,5,Normal,3000,5,0.4,26,2026105726,6.5507971410051,new_lower_rho_same_seed_schedule,False,25,-8.4043597558137,0.0013333333333333333,4,0.9986666666666667,1.0111223458038423,2967,1,2934,0.02199999999999999,False,-14.955156896818801,False,ok,,0.000977249990683049
38,5,Normal,3000,5,0.4,26,2026105726,6.5507971410051,new_lower_rho_same_seed_schedule,False,26,-11.09327410990603,0.0006666666666666666,2,0.9993333333333333,1.0084033613445378,2975,1,2950,0.01666666666666666,False,-17.644071250911132,False,ok,,0.0009679580107331276
38,5,Normal,3000,5,0.4,26,2026105726,6.5507971410051,new_lower_rho_same_seed_schedule,False,27,-9.17863370949923,0.0013333333333333333,4,0.9986666666666667,1.0084033613445378,2975,1,2951,0.022747970996804562,False,-15.72943085050433,False,ok,,0.0009662499651312828
38,5,Normal,3000,5,0.4,26,2026105726,6.5507971410051,new_lower_rho_same_seed_schedule,False,28,0.0,0.0,0,1.0,1.0050251256281406,2985,1,2970,0.009999999999999998,False,-6.5507971410051,True,ok,,0.0009516249992884696
38,5,Normal,3000,5,0.4,26,2026105726,6.5507971410051,new_lower_rho_same_seed_schedule,False,29,-9.478110853691046,0.001,3,0.999,1.0053619302949062,2984,1,2968,0.010666666666666666,False,-16.028907994696148,False,ok,,0.0009438340202905238
38,5,Normal,3000,5,0.4,26,2026105726,6.5507971410051,new_lower_rho_same_seed_schedule,False,30,-5.262627415186045,0.0003333333333333333,1,0.9996666666666667,1.0046885465505693,2986,1,2972,0.00933333333333333,False,-11.813424556191144,False,ok,,0.0009476249688304961
38,5,Normal,3000,5,0.4,26,2026105726,6.5507971410051,new_lower_rho_same_seed_schedule,False,31,-10.009321513635395,0.0006666666666666666,2,0.9993333333333333,1.0023387905111927,2993,1,2986,0.004666666666666667,False,-16.560118654640497,False,ok,,0.0009428749908693135
38,5,Normal,3000,5,0.4,26,2026105726,6.5507971410051,new_lower_rho_same_seed_schedule,False,32,0.0,0.0,0,1.0,1.001669449081803,2995,1,2990,0.0033333333333333335,False,-6.5507971410051,True,ok,,0.0009311250178143382
38,5,Normal,3000,5,0.4,26,2026105726,6.5507971410051,new_lower_rho_same_seed_schedule,False,33,-7.6393147094973815,0.0016666666666666668,5,0.9983333333333333,1.0046885465505693,2986,1,2973,0.016053440770968742,False,-14.190111850502483,False,ok,,0.000942625047173351
38,5,Normal,3000,5,0.4,26,2026105726,6.5507971410051,new_lower_rho_same_seed_schedule,False,34,0.0,0.0,0,1.0,1.0013351134846462,2996,1,2992,0.002666666666666666,False,-6.5507971410051,True,ok,,0.0009464589529670775
38,5,Normal,3000,5,0.4,26,2026105726,6.5507971410051,new_lower_rho_same_seed_schedule,False,35,-9.169484486791104,0.0006666666666666666,2,0.9993333333333333,1.0023387905111927,2993,1,2986,0.004666666666666665,False,-15.720281627796204,False,ok,,0.0009519169689156115
38,5,Normal,3000,5,0.4,26,2026105726,6.5507971410051,new_lower_rho_same_seed_schedule,False,36,0.0,0.0,0,1.0,1.001669449081803,2995,1,2990,0.0033333333333333327,False,-6.5507971410051,True,ok,,0.0009340829565189779
38,5,Normal,3000,5,0.4,26,2026105726,6.5507971410051,new_lower_rho_same_seed_schedule,False,37,0.0,0.0,0,1.0,1.002004008016032,2994,1,2988,0.004,False,-6.5507971410051,True,ok,,0.000941083999350667
38,5,Normal,3000,5,0.4,26,2026105726,6.5507971410051,new_lower_rho_same_seed_schedule,False,38,-13.770858686009714,0.0003333333333333333,1,0.9996666666666667,1.001001001001001,2997,1,2994,0.002,False,-20.321655827014816,False,ok,,0.0009357079979963601
38,5,Normal,3000,5,0.4,26,2026105726,6.5507971410051,new_lower_rho_same_seed_schedule,False,39,-13.770858686009714,0.0003333333333333333,1,0.9996666666666667,1.001001001001001,2997,1,2994,0.002,False,-20.321655827014816,False,ok,,0.0009259170037694275
38,5,Normal,3000,5,0.4,26,2026105726,6.5507971410051,new_lower_rho_same_seed_schedule,False,40,0.0,0.0,0,1.0,1.0003334444814937,2999,1,2998,0.0006666666666666663,False,-6.5507971410051,True,ok,,0.0009241249645128846
38,5,Normal,3000,5,0.4,27,2026105727,6.5507971410051,new_lower_rho_same_seed_schedule,False,1,6.976572998223541,1.0,3000,0.0,3000.0,1,3000,0,1.1395708484135412,False,0.4257758572184409,False,ok,,0.0011704170028679073
38,5,Normal,3000,5,0.4,27,2026105727,6.5507971410051,new_lower_rho_same_seed_schedule,False,2,5.9922708523603045,1.0,3000,0.0,93.75,32,25,0,1.6603062877999497,False,-0.5585262886447957,False,ok,,0.0010969170252792537
38,5,Normal,3000,5,0.4,27,2026105727,6.5507971410051,new_lower_rho_same_seed_schedule,False,3,5.494618407055746,0.9843333333333333,2953,0.015666666666666718,25.210084033613445,119,1,33,1.8686125641090983,False,-1.0561787339493547,False,ok,,0.001180291990749538
38,5,Normal,3000,5,0.4,27,2026105727,6.5507971410051,new_lower_rho_same_seed_schedule,False,4,4.7750048842092445,0.947,2841,0.05300000000000005,11.406844106463879,263,1,92,2.2137012379590124,False,-1.7757922567958557,False,ok,,0.0012882919982075691
38,5,Normal,3000,5,0.4,27,2026105727,6.5507971410051,new_lower_rho_same_seed_schedule,False,5,3.9322173501180218,0.891,2673,0.10899999999999999,6.651884700665189,451,1,172,2.5250959351575437,False,-2.6185797908870785,False,ok,,0.0013733329833485186
38,5,Normal,3000,5,0.4,27,2026105727,6.5507971410051,new_lower_rho_same_seed_schedule,False,6,2.9148780439707944,0.8203333333333334,2461,0.17966666666666664,4.225352112676056,710,1,327,2.8363714550395014,False,-3.635919097034306,False,ok,,0.0015377909876406193
38,5,Normal,3000,5,0.4,27,2026105727,6.5507971410051,new_lower_rho_same_seed_schedule,False,7,2.0120408595190535,0.723,2169,0.277,3.033367037411527,989,1,514,2.828813422214593,False,-4.538756281486046,False,ok,,0.0016150419833138585
38,5,Normal,3000,5,0.4,27,2026105727,6.5507971410051,new_lower_rho_same_seed_schedule,False,8,0.825487417006106,0.5916666666666667,1775,0.4083333333333333,2.2388059701492535,1340,1,789,2.7721545362576254,False,-5.725309723998994,False,ok,,0.0016653330530971289
38,5,Normal,3000,5,0.4,27,2026105727,6.5507971410051,new_lower_rho_same_seed_schedule,False,9,-0.23504702522145546,0.47333333333333333,1420,0.5266666666666666,1.8416206261510129,1629,1,1036,2.478296475135375,False,-6.785844166226556,False,ok,,0.0016784159815870225
38,5,Normal,3000,5,0.4,27,2026105727,6.5507971410051,new_lower_rho_same_seed_schedule,False,10,-1.2063479163871906,0.3343333333333333,1003,0.6656666666666666,1.5471892728210417,1939,1,1355,2.0490680929032177,False,-7.757145057392291,False,ok,,0.001649125013500452
38,5,Normal,3000,5,0.4,27,2026105727,6.5507971410051,new_lower_rho_same_seed_schedule,False,11,-2.064992414577323,0.23966666666666667,719,0.7603333333333333,1.3895321908290876,2159,1,1617,1.6860068489825357,False,-8.615789555582424,False,ok,,0.0015997079899534583
38,5,Normal,3000,5,0.4,27,2026105727,6.5507971410051,new_lower_rho_same_seed_schedule,False,12,-2.862052543230541,0.14333333333333334,430,0.8566666666666667,1.256281407035176,2388,1,1938,1.1302370413382188,False,-9.412849684235642,False,ok,,0.0014812919544056058
38,5,Normal,3000,5,0.4,27,2026105727,6.5507971410051,new_lower_rho_same_seed_schedule,False,13,-3.027319997382959,0.08433333333333333,253,0.9156666666666666,1.1811023622047243,2540,1,2172,0.7577855338615505,False,-9.578117138388059,False,ok,,0.0013729999773204327
38,5,Normal,3000,5,0.4,27,2026105727,6.5507971410051,new_lower_rho_same_seed_schedule,False,14,-3.9463997684266077,0.063,189,0.937,1.1406844106463878,2630,1,2319,0.6030287831302533,False,-10.497196909431707,False,ok,,0.0013060420169495046
38,5,Normal,3000,5,0.4,27,2026105727,6.5507971410051,new_lower_rho_same_seed_schedule,False,15,-3.9985771236549623,0.033,99,0.967,1.0964912280701755,2736,1,2504,0.35059319421177815,False,-10.549374264660063,False,ok,,0.0012083749752491713
38,5,Normal,3000,5,0.4,27,2026105727,6.5507971410051,new_lower_rho_same_seed_schedule,False,16,-4.886167858718527,0.016666666666666666,50,0.9833333333333333,1.0748835542816195,2791,1,2596,0.22842403543943032,False,-11.436964999723628,False,ok,,0.0011620830046012998
38,5,Normal,3000,5,0.4,27,2026105727,6.5507971410051,new_lower_rho_same_seed_schedule,False,17,-4.462022759665199,0.011666666666666667,35,0.9883333333333333,1.0526315789473684,2850,1,2710,0.16727621271751997,False,-11.0128199006703,False,ok,,0.0010984999826177955
38,5,Normal,3000,5,0.4,27,2026105727,6.5507971410051,new_lower_rho_same_seed_schedule,False,18,-4.9696210464376875,0.011,33,0.989,1.0387811634349031,2888,1,2785,0.1315016047028609,False,-11.520418187442788,False,ok,,0.0010755000403150916
38,5,Normal,3000,5,0.4,27,2026105727,6.5507971410051,new_lower_rho_same_seed_schedule,False,19,-5.2614332604980785,0.006,18,0.994,1.0327022375215147,2905,1,2813,0.08419501162592317,False,-11.812230401503179,False,ok,,0.0011364169768057764
38,5,Normal,3000,5,0.4,27,2026105727,6.5507971410051,new_lower_rho_same_seed_schedule,False,20,-6.210330850377942,0.001,3,0.999,1.0242403550699897,2929,1,2858,0.04733333333333339,False,-12.761127991383042,False,ok,,0.00101816700771451
38,5,Normal,3000,5,0.4,27,2026105727,6.5507971410051,new_lower_rho_same_seed_schedule,False,21,-2.975223681514798,0.0003333333333333333,1,0.9996666666666667,1.013856032443393,2959,1,2918,0.027333333333333317,False,-9.526020822519898,False,ok,,0.0009834999800659716
38,5,Normal,3000,5,0.4,27,2026105727,6.5507971410051,new_lower_rho_same_seed_schedule,False,22,-5.788505529115108,0.0016666666666666668,5,0.9983333333333333,1.016260162601626,2952,1,2905,0.03874178133768964,False,-12.339302670120208,False,ok,,0.0009925839840434492
38,5,Normal,3000,5,0.4,27,2026105727,6.5507971410051,new_lower_rho_same_seed_schedule,False,23,-5.807862031364699,0.001,3,0.999,1.0118043844856661,2965,1,2930,0.02333333333333332,False,-12.3586591723698,False,ok,,0.0009685000404715538
38,5,Normal,3000,5,0.4,27,2026105727,6.5507971410051,new_lower_rho_same_seed_schedule,False,24,-4.803169956238363,0.0013333333333333333,4,0.9986666666666667,1.0111223458038423,2967,1,2935,0.028053430848752607,False,-11.353967097243462,False,ok,,0.000969375018030405
38,5,Normal,3000,5,0.4,27,2026105727,6.5507971410051,new_lower_rho_same_seed_schedule,False,25,0.0,0.0,0,1.0,1.0087424344317417,2974,1,2948,0.017333333333333322,False,-6.5507971410051,True,ok,,0.0009589580004103482
38,5,Normal,3000,5,0.4,27,2026105727,6.5507971410051,new_lower_rho_same_seed_schedule,False,26,-5.6303577628907195,0.0006666666666666666,2,0.9993333333333333,1.0050251256281406,2985,1,2970,0.009999999999999997,False,-12.18115490389582,False,ok,,0.0009509589872322977
38,5,Normal,3000,5,0.4,27,2026105727,6.5507971410051,new_lower_rho_same_seed_schedule,False,27,0.0,0.0,0,1.0,1.0040160642570282,2988,1,2976,0.007999999999999998,False,-6.5507971410051,True,ok,,0.0009443750022910535
38,5,Normal,3000,5,0.4,27,2026105727,6.5507971410051,new_lower_rho_same_seed_schedule,False,28,-4.079768756846795,0.0003333333333333333,1,0.9996666666666667,1.0050251256281406,2985,1,2970,0.009999999999999995,False,-10.630565897851895,False,ok,,0.0009412500075995922
38,5,Normal,3000,5,0.4,27,2026105727,6.5507971410051,new_lower_rho_same_seed_schedule,False,29,0.0,0.0,0,1.0,1.0013351134846462,2996,1,2992,0.0026666666666666657,False,-6.5507971410051,True,ok,,0.0009456250118091702
38,5,Normal,3000,5,0.4,27,2026105727,6.5507971410051,new_lower_rho_same_seed_schedule,False,30,0.0,0.0,0,1.0,1.001669449081803,2995,1,2990,0.003333333333333332,False,-6.5507971410051,True,ok,,0.0009444580064155161
38,5,Normal,3000,5,0.4,27,2026105727,6.5507971410051,new_lower_rho_same_seed_schedule,False,31,0.0,0.0,0,1.0,1.002004008016032,2994,1,2988,0.003999999999999999,False,-6.5507971410051,True,ok,,0.0009357499657198787
38,5,Normal,3000,5,0.4,27,2026105727,6.5507971410051,new_lower_rho_same_seed_schedule,False,32,0.0,0.0,0,1.0,1.0013351134846462,2996,1,2992,0.002666666666666666,False,-6.5507971410051,True,ok,,0.0009250839939340949
38,5,Normal,3000,5,0.4,27,2026105727,6.5507971410051,new_lower_rho_same_seed_schedule,False,33,0.0,0.0,0,1.0,1.0006671114076051,2998,1,2996,0.0013333333333333333,False,-6.5507971410051,True,ok,,0.0009264170075766742
38,5,Normal,3000,5,0.4,27,2026105727,6.5507971410051,new_lower_rho_same_seed_schedule,False,34,0.0,0.0,0,1.0,1.001669449081803,2995,1,2990,0.0033333333333333322,False,-6.5507971410051,True,ok,,0.0009235410252586007
38,5,Normal,3000,5,0.4,27,2026105727,6.5507971410051,new_lower_rho_same_seed_schedule,False,35,0.0,0.0,0,1.0,1.0006671114076051,2998,1,2996,0.0013333333333333329,False,-6.5507971410051,True,ok,,0.0009239169885404408
38,5,Normal,3000,5,0.4,27,2026105727,6.5507971410051,new_lower_rho_same_seed_schedule,False,36,0.0,0.0,0,1.0,1.001669449081803,2995,1,2990,0.003333333333333333,False,-6.5507971410051,True,ok,,0.0009256670018658042
38,5,Normal,3000,5,0.4,27,2026105727,6.5507971410051,new_lower_rho_same_seed_schedule,False,37,0.0,0.0,0,1.0,1.0006671114076051,2998,1,2996,0.0013333333333333329,False,-6.5507971410051,True,ok,,0.0009200409986078739
38,5,Normal,3000,5,0.4,27,2026105727,6.5507971410051,new_lower_rho_same_seed_schedule,False,38,0.0,0.0,0,1.0,1.0013351134846462,2996,1,2992,0.002666666666666667,False,-6.5507971410051,True,ok,,0.0009431250509805977
38,5,Normal,3000,5,0.4,27,2026105727,6.5507971410051,new_lower_rho_same_seed_schedule,False,39,0.0,0.0,0,1.0,1.0003334444814937,2999,1,2998,0.0006666666666666665,False,-6.5507971410051,True,ok,,0.0009249169961549342
38,5,Normal,3000,5,0.4,27,2026105727,6.5507971410051,new_lower_rho_same_seed_schedule,False,40,0.0,0.0,0,1.0,1.0,3000,1,3000,0.0,False,-6.5507971410051,True,ok,,0.0009279170189984143
38,5,Normal,3000,5,0.4,28,2026105728,6.5507971410051,new_lower_rho_same_seed_schedule,False,1,7.074414124056811,1.0,3000,0.0,3000.0,1,3000,0,1.1442948742627672,False,0.5236169830517108,False,ok,,0.0011993750231340528
38,5,Normal,3000,5,0.4,28,2026105728,6.5507971410051,new_lower_rho_same_seed_schedule,False,2,6.072609707639305,1.0,3000,0.0,93.75,32,27,0,1.664125468783868,False,-0.47818743336579494,False,ok,,0.0011434589978307486
38,5,Normal,3000,5,0.4,28,2026105728,6.5507971410051,new_lower_rho_same_seed_schedule,False,3,5.582641204684853,0.9856666666666667,2957,0.014333333333333309,25.862068965517242,116,1,24,1.8872880372518939,False,-0.9681559363202474,False,ok,,0.0011916669900529087
38,5,Normal,3000,5,0.4,28,2026105728,6.5507971410051,new_lower_rho_same_seed_schedule,False,4,4.915342331125294,0.937,2811,0.06299999999999994,11.235955056179776,267,1,87,2.1656844635715307,False,-1.635454809879806,False,ok,,0.0013009579852223396
38,5,Normal,3000,5,0.4,28,2026105728,6.5507971410051,new_lower_rho_same_seed_schedule,False,5,4.048695897405947,0.897,2691,0.10299999999999998,6.726457399103139,446,1,174,2.5603491749965457,False,-2.502101243599153,False,ok,,0.0014110420015640557
38,5,Normal,3000,5,0.4,28,2026105728,6.5507971410051,new_lower_rho_same_seed_schedule,False,6,3.015669333768432,0.8093333333333333,2428,0.19066666666666665,4.160887656033287,721,1,323,2.811239252439251,False,-3.5351278072366683,False,ok,,0.001550957967992872
38,5,Normal,3000,5,0.4,28,2026105728,6.5507971410051,new_lower_rho_same_seed_schedule,False,7,1.9947821227728895,0.7136666666666667,2141,0.28633333333333333,2.982107355864811,1006,1,521,2.846314325476721,False,-4.556015018232211,False,ok,,0.0016207500011660159
38,5,Normal,3000,5,0.4,28,2026105728,6.5507971410051,new_lower_rho_same_seed_schedule,False,8,0.8129971977144066,0.5936666666666667,1781,0.4063333333333333,2.2710068130204393,1321,1,756,2.7938343385025965,False,-5.737799943290693,False,ok,,0.0016770419897511601
38,5,Normal,3000,5,0.4,28,2026105728,6.5507971410051,new_lower_rho_same_seed_schedule,False,9,-0.14402287549249304,0.469,1407,0.531,1.8281535648994516,1641,1,1058,2.528366692535149,False,-6.6948200164975935,False,ok,,0.0016742080333642662
38,5,Normal,3000,5,0.4,28,2026105728,6.5507971410051,new_lower_rho_same_seed_schedule,False,10,-0.9654878526266337,0.3463333333333333,1039,0.6536666666666666,1.566579634464752,1915,1,1341,2.0650060192214967,False,-7.516284993631734,False,ok,,0.0016464579966850579
38,5,Normal,3000,5,0.4,28,2026105728,6.5507971410051,new_lower_rho_same_seed_schedule,False,11,-1.871849584033291,0.241,723,0.759,1.3844023996308261,2167,1,1645,1.6213880691598679,False,-8.42264672503839,False,ok,,0.0015677500050514936
38,5,Normal,3000,5,0.4,28,2026105728,6.5507971410051,new_lower_rho_same_seed_schedule,False,12,-2.504050749248619,0.149,447,0.851,1.2647554806070826,2372,1,1924,1.1167227640128092,False,-9.054847890253718,False,ok,,0.0014755839947611094
38,5,Normal,3000,5,0.4,28,2026105728,6.5507971410051,new_lower_rho_same_seed_schedule,False,13,-2.931255495421962,0.098,294,0.902,1.1918951132300357,2517,1,2145,0.7895863495815217,False,-9.482052636427062,False,ok,,0.0013863330241292715
38,5,Normal,3000,5,0.4,28,2026105728,6.5507971410051,new_lower_rho_same_seed_schedule,False,14,-3.5516299913530824,0.05533333333333333,166,0.9446666666666667,1.1307953260459858,2653,1,2366,0.5285196543073251,False,-10.102427132358184,False,ok,,0.0012853750376962125
38,5,Normal,3000,5,0.4,28,2026105728,6.5507971410051,new_lower_rho_same_seed_schedule,False,15,-3.791597676528182,0.027333333333333334,82,0.9726666666666667,1.0905125408942202,2751,1,2528,0.29039020300772006,False,-10.342394817533282,False,ok,,0.0012080409796908498
38,5,Normal,3000,5,0.4,28,2026105728,6.5507971410051,new_lower_rho_same_seed_schedule,False,16,-4.157678844723172,0.016,48,0.984,1.0653409090909092,2816,1,2646,0.20087329685422484,False,-10.708475985728272,False,ok,,0.0011327919783070683
38,5,Normal,3000,5,0.4,28,2026105728,6.5507971410051,new_lower_rho_same_seed_schedule,False,17,-4.904449628645544,0.018333333333333333,55,0.9816666666666667,1.0589481115425343,2833,1,2681,0.20809535401541596,False,-11.455246769650644,False,ok,,0.001114749989937991
38,5,Normal,3000,5,0.4,28,2026105728,6.5507971410051,new_lower_rho_same_seed_schedule,False,18,-4.586444134787765,0.008,24,0.992,1.0413051023950017,2881,1,2769,0.11872105058509506,False,-11.137241275792865,False,ok,,0.001067332981619984
38,5,Normal,3000,5,0.4,28,2026105728,6.5507971410051,new_lower_rho_same_seed_schedule,False,19,-4.555492160534104,0.006,18,0.994,1.0312822275696116,2909,1,2823,0.08945229191516252,False,-11.106289301539205,False,ok,,0.0010335829574614763
38,5,Normal,3000,5,0.4,28,2026105728,6.5507971410051,new_lower_rho_same_seed_schedule,False,20,-4.924986010208084,0.0036666666666666666,11,0.9963333333333333,1.0204081632653061,2940,1,2883,0.05758650463104627,False,-11.475783151213184,False,ok,,0.000999624957330525
38,5,Normal,3000,5,0.4,28,2026105728,6.5507971410051,new_lower_rho_same_seed_schedule,False,21,-5.5041099530917705,0.0026666666666666666,8,0.9973333333333333,1.01763907734057,2948,1,2898,0.04789713292175246,False,-12.05490709409687,False,ok,,0.0009893340175040066
38,5,Normal,3000,5,0.4,28,2026105728,6.5507971410051,new_lower_rho_same_seed_schedule,False,22,-3.9717591067573843,0.0033333333333333335,10,0.9966666666666667,1.017984390906006,2947,1,2897,0.05168527672756947,False,-10.522556247762484,False,ok,,0.0010003750212490559
38,5,Normal,3000,5,0.4,28,2026105728,6.5507971410051,new_lower_rho_same_seed_schedule,False,23,-7.4827391614326375,0.0006666666666666666,2,0.9993333333333333,1.009421265141319,2972,1,2944,0.018666666666666658,False,-14.033536302437739,False,ok,,0.0009708330035209656
38,5,Normal,3000,5,0.4,28,2026105728,6.5507971410051,new_lower_rho_same_seed_schedule,False,24,-4.355737334551682,0.0016666666666666668,5,0.9983333333333333,1.0104412260020208,2969,1,2939,0.026254023791029996,False,-10.906534475556782,False,ok,,0.0009613329893909395
38,5,Normal,3000,5,0.4,28,2026105728,6.5507971410051,new_lower_rho_same_seed_schedule,False,25,0.0,0.0,0,1.0,1.0060362173038229,2982,1,2964,0.011999999999999993,False,-6.5507971410051,True,ok,,0.0009434999665245414
38,5,Normal,3000,5,0.4,28,2026105728,6.5507971410051,new_lower_rho_same_seed_schedule,False,26,0.0,0.0,0,1.0,1.0070493454179255,2979,1,2958,0.013999999999999992,False,-6.5507971410051,True,ok,,0.0009378750110045075
38,5,Normal,3000,5,0.4,28,2026105728,6.5507971410051,new_lower_rho_same_seed_schedule,False,27,0.0,0.0,0,1.0,1.0056989607777405,2983,1,2966,0.011333333333333332,False,-6.5507971410051,True,ok,,0.0009387499885633588
38,5,Normal,3000,5,0.4,28,2026105728,6.5507971410051,new_lower_rho_same_seed_schedule,False,28,0.0,0.0,0,1.0,1.0040160642570282,2988,1,2976,0.007999999999999998,False,-6.5507971410051,True,ok,,0.0009286669665016234
38,5,Normal,3000,5,0.4,28,2026105728,6.5507971410051,new_lower_rho_same_seed_schedule,False,29,-5.621821783091386,0.0006666666666666666,2,0.9993333333333333,1.0050251256281406,2985,1,2970,0.009999999999999997,False,-12.172618924096486,False,ok,,0.0009351249900646508
38,5,Normal,3000,5,0.4,28,2026105728,6.5507971410051,new_lower_rho_same_seed_schedule,False,30,0.0,0.0,0,1.0,1.0036801605888257,2989,1,2978,0.0073333333333333315,False,-6.5507971410051,True,ok,,0.0009410829516127706
38,5,Normal,3000,5,0.4,28,2026105728,6.5507971410051,new_lower_rho_same_seed_schedule,False,31,0.0,0.0,0,1.0,1.0030090270812437,2991,1,2982,0.006,False,-6.5507971410051,True,ok,,0.0009381250129081309
38,5,Normal,3000,5,0.4,28,2026105728,6.5507971410051,new_lower_rho_same_seed_schedule,False,32,0.0,0.0,0,1.0,1.0023387905111927,2993,1,2986,0.0046666666666666645,False,-6.5507971410051,True,ok,,0.0009284590487368405
38,5,Normal,3000,5,0.4,28,2026105728,6.5507971410051,new_lower_rho_same_seed_schedule,False,33,0.0,0.0,0,1.0,1.0003334444814937,2999,1,2998,0.0006666666666666666,False,-6.5507971410051,True,ok,,0.0009328749729320407
38,5,Normal,3000,5,0.4,28,2026105728,6.5507971410051,new_lower_rho_same_seed_schedule,False,34,-6.680456345061768,0.0003333333333333333,1,0.9996666666666667,1.0026737967914439,2992,1,2984,0.005333333333333334,False,-13.23125348606687,False,ok,,0.0009316250216215849
38,5,Normal,3000,5,0.4,28,2026105728,6.5507971410051,new_lower_rho_same_seed_schedule,False,35,0.0,0.0,0,1.0,1.0,3000,1,3000,0.0,False,-6.5507971410051,True,ok,,0.001152792014181614
38,5,Normal,3000,5,0.4,28,2026105728,6.5507971410051,new_lower_rho_same_seed_schedule,False,36,0.0,0.0,0,1.0,1.0023387905111927,2993,1,2986,0.004666666666666666,False,-6.5507971410051,True,ok,,0.0010512080043554306
38,5,Normal,3000,5,0.4,28,2026105728,6.5507971410051,new_lower_rho_same_seed_schedule,False,37,0.0,0.0,0,1.0,1.0003334444814937,2999,1,2998,0.0006666666666666666,False,-6.5507971410051,True,ok,,0.0010002080234698951
38,5,Normal,3000,5,0.4,28,2026105728,6.5507971410051,new_lower_rho_same_seed_schedule,False,38,0.0,0.0,0,1.0,1.001669449081803,2995,1,2990,0.003333333333333333,False,-6.5507971410051,True,ok,,0.0010700420243665576
38,5,Normal,3000,5,0.4,28,2026105728,6.5507971410051,new_lower_rho_same_seed_schedule,False,39,0.0,0.0,0,1.0,1.0,3000,1,3000,0.0,False,-6.5507971410051,True,ok,,0.0009614999871701002
38,5,Normal,3000,5,0.4,28,2026105728,6.5507971410051,new_lower_rho_same_seed_schedule,False,40,0.0,0.0,0,1.0,1.0003334444814937,2999,1,2998,0.0006666666666666666,False,-6.5507971410051,True,ok,,0.0009425000171177089
38,5,Normal,3000,5,0.4,29,2026105729,6.5507971410051,new_lower_rho_same_seed_schedule,False,1,7.035682903390768,1.0,3000,0.0,3000.0,1,3000,0,1.1446087828525626,False,0.4848857623856677,False,ok,,0.001201624982059002
38,5,Normal,3000,5,0.4,29,2026105729,6.5507971410051,new_lower_rho_same_seed_schedule,False,2,6.025911257351493,1.0,3000,0.0,93.75,32,17,0,1.6567087323666692,False,-0.5248858836536074,False,ok,,0.0011425000266171992
38,5,Normal,3000,5,0.4,29,2026105729,6.5507971410051,new_lower_rho_same_seed_schedule,False,3,5.5199158649602005,0.9896666666666667,2969,0.010333333333333306,27.027027027027028,111,1,26,1.9049855681134347,False,-1.0308812760448998,False,ok,,0.00120208301814273
38,5,Normal,3000,5,0.4,29,2026105729,6.5507971410051,new_lower_rho_same_seed_schedule,False,4,4.7163771155454715,0.9466666666666667,2840,0.053333333333333344,11.406844106463879,263,1,70,2.2691977305712414,False,-1.8344200254596288,False,ok,,0.0013238749816082418
38,5,Normal,3000,5,0.4,29,2026105729,6.5507971410051,new_lower_rho_same_seed_schedule,False,5,3.94860758985562,0.8943333333333333,2683,0.10566666666666669,6.451612903225806,465,1,195,2.573342486089826,False,-2.6021895511494804,False,ok,,0.0014044580166228116
38,5,Normal,3000,5,0.4,29,2026105729,6.5507971410051,new_lower_rho_same_seed_schedule,False,6,2.9779147170679208,0.8163333333333334,2449,0.18366666666666664,4.143646408839779,724,1,345,2.8342952127839016,False,-3.5728824239371795,False,ok,,0.0015152500127442181
38,5,Normal,3000,5,0.4,29,2026105729,6.5507971410051,new_lower_rho_same_seed_schedule,False,7,1.8533572339582873,0.7076666666666667,2123,0.29233333333333333,2.8790786948176583,1042,1,550,2.9392486843228878,False,-4.697439907046813,False,ok,,0.00161295902216807
38,5,Normal,3000,5,0.4,29,2026105729,6.5507971410051,new_lower_rho_same_seed_schedule,False,8,0.6386576314662651,0.572,1716,0.42800000000000005,2.186588921282799,1372,1,780,2.7590056571557713,False,-5.912139509538835,False,ok,,0.001708791998680681
38,5,Normal,3000,5,0.4,29,2026105729,6.5507971410051,new_lower_rho_same_seed_schedule,False,9,-0.3023880360939847,0.461,1383,0.5389999999999999,1.8170805572380375,1651,1,1037,2.5119836604898196,False,-6.853185177099085,False,ok,,0.0017085419967770576
38,5,Normal,3000,5,0.4,29,2026105729,6.5507971410051,new_lower_rho_same_seed_schedule,False,10,-1.3762962744569405,0.298,894,0.702,1.5067805123053741,1991,1,1399,1.9111469834148662,False,-7.927093415462041,False,ok,,0.001651290978770703
38,5,Normal,3000,5,0.4,29,2026105729,6.5507971410051,new_lower_rho_same_seed_schedule,False,11,-2.2061414064547833,0.20066666666666666,602,0.7993333333333333,1.3345195729537367,2248,1,1749,1.4024754823051486,False,-8.756938547459884,False,ok,,0.0015382500132545829
38,5,Normal,3000,5,0.4,29,2026105729,6.5507971410051,new_lower_rho_same_seed_schedule,False,12,-2.593172233966486,0.12733333333333333,382,0.8726666666666667,1.2386457473162675,2422,1,1991,1.0199600227410834,False,-9.143969374971586,False,ok,,0.0014356669853441417
38,5,Normal,3000,5,0.4,29,2026105729,6.5507971410051,new_lower_rho_same_seed_schedule,False,13,-3.3721441115768878,0.08433333333333333,253,0.9156666666666666,1.1645962732919255,2576,1,2240,0.7217730241733724,False,-9.922941252581989,False,ok,,0.00132770900381729
38,5,Normal,3000,5,0.4,29,2026105729,6.5507971410051,new_lower_rho_same_seed_schedule,False,14,-3.1572158385835993,0.03666666666666667,110,0.9633333333333334,1.1148272017837235,2691,1,2418,0.37475133163450763,False,-9.7080129795887,False,ok,,0.0012419999693520367
38,5,Normal,3000,5,0.4,29,2026105729,6.5507971410051,new_lower_rho_same_seed_schedule,False,15,-3.5726292670406132,0.027,81,0.973,1.0861694424330195,2762,1,2550,0.2872543583356392,False,-10.123426408045713,False,ok,,0.0011690420215018094
38,5,Normal,3000,5,0.4,29,2026105729,6.5507971410051,new_lower_rho_same_seed_schedule,False,16,-4.5818844975533946,0.013,39,0.987,1.058574453069866,2834,1,2680,0.16604042647975903,False,-11.132681638558495,False,ok,,0.0010949589777737856
38,5,Normal,3000,5,0.4,29,2026105729,6.5507971410051,new_lower_rho_same_seed_schedule,False,17,-4.416576147274566,0.011333333333333334,34,0.9886666666666667,1.0482180293501049,2862,1,2735,0.1505945623560728,False,-10.967373288279667,False,ok,,0.0010727500193752348
38,5,Normal,3000,5,0.4,29,2026105729,6.5507971410051,new_lower_rho_same_seed_schedule,False,18,-5.096327765783857,0.008,24,0.992,1.0387811634349031,2888,1,2782,0.10901690481584034,False,-11.647124906788957,False,ok,,0.0010365410125814378
38,5,Normal,3000,5,0.4,29,2026105729,6.5507971410051,new_lower_rho_same_seed_schedule,False,19,-5.700816666190205,0.0016666666666666668,5,0.9983333333333333,1.0270455323519343,2921,1,2843,0.05842022719519752,False,-12.251613807195305,False,ok,,0.0010094589670188725
38,5,Normal,3000,5,0.4,29,2026105729,6.5507971410051,new_lower_rho_same_seed_schedule,False,20,-5.522507981045049,0.002,6,0.998,1.0186757215619695,2945,1,2891,0.044496348105763604,False,-12.073305122050149,False,ok,,0.0009818749967962503
38,5,Normal,3000,5,0.4,29,2026105729,6.5507971410051,new_lower_rho_same_seed_schedule,False,21,-6.162550619416582,0.002,6,0.998,1.017984390906006,2947,1,2896,0.05087442698546549,False,-12.713347760421684,False,ok,,0.000977708026766777
38,5,Normal,3000,5,0.4,29,2026105729,6.5507971410051,new_lower_rho_same_seed_schedule,False,22,-5.4579468825311,0.0003333333333333333,1,0.9996666666666667,1.0104412260020208,2969,1,2938,0.020666666666666656,False,-12.0087440235362,False,ok,,0.0009531249525025487
38,5,Normal,3000,5,0.4,29,2026105729,6.5507971410051,new_lower_rho_same_seed_schedule,False,23,-7.917872331965665,0.0006666666666666666,2,0.9993333333333333,1.0101010101010102,2970,1,2940,0.01999999999999999,False,-14.468669472970765,False,ok,,0.0009614999871701002
38,5,Normal,3000,5,0.4,29,2026105729,6.5507971410051,new_lower_rho_same_seed_schedule,False,24,-6.439218291428668,0.0026666666666666666,8,0.9973333333333333,1.0121457489878543,2964,1,2930,0.03801463316789577,False,-12.990015432433768,False,ok,,0.0009629999985918403
38,5,Normal,3000,5,0.4,29,2026105729,6.5507971410051,new_lower_rho_same_seed_schedule,False,25,0.0,0.0,0,1.0,1.0080645161290323,2976,1,2952,0.015999999999999993,False,-6.5507971410051,True,ok,,0.0009428340126760304
38,5,Normal,3000,5,0.4,29,2026105729,6.5507971410051,new_lower_rho_same_seed_schedule,False,26,-7.838561166619506,0.001,3,0.999,1.0056989607777405,2983,1,2966,0.011333333333333329,False,-14.389358307624606,False,ok,,0.0009362089913338423
38,5,Normal,3000,5,0.4,29,2026105729,6.5507971410051,new_lower_rho_same_seed_schedule,False,27,-4.550608730695972,0.0003333333333333333,1,0.9996666666666667,1.0056989607777405,2983,1,2966,0.011333333333333329,False,-11.101405871701072,False,ok,,0.0009264579857699573
38,5,Normal,3000,5,0.4,29,2026105729,6.5507971410051,new_lower_rho_same_seed_schedule,False,28,-5.4579468825311,0.0003333333333333333,1,0.9996666666666667,1.0040160642570282,2988,1,2976,0.007999999999999998,False,-12.0087440235362,False,ok,,0.0009192500147037208
38,5,Normal,3000,5,0.4,29,2026105729,6.5507971410051,new_lower_rho_same_seed_schedule,False,29,-9.346883927616199,0.0003333333333333333,1,0.9996666666666667,1.0040160642570282,2988,1,2976,0.008,False,-15.8976810686213,False,ok,,0.000916499993763864
38,5,Normal,3000,5,0.4,29,2026105729,6.5507971410051,new_lower_rho_same_seed_schedule,False,30,-5.004277806613536,0.0006666666666666666,2,0.9993333333333333,1.0023387905111927,2993,1,2986,0.004666666666666666,False,-11.555074947618635,False,ok,,0.0009089999948628247
38,5,Normal,3000,5,0.4,29,2026105729,6.5507971410051,new_lower_rho_same_seed_schedule,False,31,0.0,0.0,0,1.0,1.002004008016032,2994,1,2988,0.003999999999999999,False,-6.5507971410051,True,ok,,0.0009056669659912586
38,5,Normal,3000,5,0.4,29,2026105729,6.5507971410051,new_lower_rho_same_seed_schedule,False,32,0.0,0.0,0,1.0,1.0,3000,1,3000,0.0,False,-6.5507971410051,True,ok,,0.0008950419723987579
38,5,Normal,3000,5,0.4,29,2026105729,6.5507971410051,new_lower_rho_same_seed_schedule,False,33,0.0,0.0,0,1.0,1.0013351134846462,2996,1,2992,0.002666666666666666,False,-6.5507971410051,True,ok,,0.000898375001270324
38,5,Normal,3000,5,0.4,29,2026105729,6.5507971410051,new_lower_rho_same_seed_schedule,False,34,0.0,0.0,0,1.0,1.001669449081803,2995,1,2990,0.003333333333333333,False,-6.5507971410051,True,ok,,0.000919707992579788
38,5,Normal,3000,5,0.4,29,2026105729,6.5507971410051,new_lower_rho_same_seed_schedule,False,35,0.0,0.0,0,1.0,1.0006671114076051,2998,1,2996,0.0013333333333333337,False,-6.5507971410051,True,ok,,0.0009118340094573796
38,5,Normal,3000,5,0.4,29,2026105729,6.5507971410051,new_lower_rho_same_seed_schedule,False,36,0.0,0.0,0,1.0,1.0006671114076051,2998,1,2996,0.001333333333333333,False,-6.5507971410051,True,ok,,0.0009082910255528986
38,5,Normal,3000,5,0.4,29,2026105729,6.5507971410051,new_lower_rho_same_seed_schedule,False,37,0.0,0.0,0,1.0,1.001001001001001,2997,1,2994,0.0020000000000000005,False,-6.5507971410051,True,ok,,0.0009046250488609076
38,5,Normal,3000,5,0.4,29,2026105729,6.5507971410051,new_lower_rho_same_seed_schedule,False,38,0.0,0.0,0,1.0,1.001001001001001,2997,1,2994,0.002,False,-6.5507971410051,True,ok,,0.0009035419789142907
38,5,Normal,3000,5,0.4,29,2026105729,6.5507971410051,new_lower_rho_same_seed_schedule,False,39,0.0,0.0,0,1.0,1.0003334444814937,2999,1,2998,0.000666666666666667,False,-6.5507971410051,True,ok,,0.0009000409627333283
38,5,Normal,3000,5,0.4,29,2026105729,6.5507971410051,new_lower_rho_same_seed_schedule,False,40,0.0,0.0,0,1.0,1.0006671114076051,2998,1,2996,0.0013333333333333335,False,-6.5507971410051,True,ok,,0.0009028330096043646
38,5,Normal,3000,5,0.4,30,2026105730,6.5507971410051,new_lower_rho_same_seed_schedule,False,1,7.091101609802904,1.0,3000,0.0,3000.0,1,3000,0,1.147833716076363,False,0.540304468797804,False,ok,,0.0011568330228328705
38,5,Normal,3000,5,0.4,30,2026105730,6.5507971410051,new_lower_rho_same_seed_schedule,False,2,6.056970220553699,1.0,3000,0.0,93.75,32,28,0,1.657948669033612,False,-0.49382692045140164,False,ok,,0.001076374959666282
38,5,Normal,3000,5,0.4,30,2026105730,6.5507971410051,new_lower_rho_same_seed_schedule,False,3,5.596464702796424,0.9866666666666667,2960,0.013333333333333308,27.77777777777778,108,1,22,1.8568802719614879,False,-0.9543324382086764,False,ok,,0.0011545419692993164
38,5,Normal,3000,5,0.4,30,2026105730,6.5507971410051,new_lower_rho_same_seed_schedule,False,4,4.896062800994054,0.9493333333333334,2848,0.05066666666666664,11.71875,256,1,87,2.15397485564152,False,-1.6547343400110464,False,ok,,0.0012785840081050992
38,5,Normal,3000,5,0.4,30,2026105730,6.5507971410051,new_lower_rho_same_seed_schedule,False,5,4.1399756918799,0.9,2700,0.09999999999999998,7.009345794392523,428,1,163,2.504882826437189,False,-2.4108214491252005,False,ok,,0.0013772500096820295
38,5,Normal,3000,5,0.4,30,2026105730,6.5507971410051,new_lower_rho_same_seed_schedule,False,6,3.083346870924998,0.8376666666666667,2513,0.16233333333333333,4.511278195488722,665,1,293,2.8403106740451705,False,-3.467450270080102,False,ok,,0.0015380419790744781
38,5,Normal,3000,5,0.4,30,2026105730,6.5507971410051,new_lower_rho_same_seed_schedule,False,7,2.0927210466116914,0.7323333333333333,2197,0.2676666666666667,3.1446540880503147,954,1,470,2.9292337863479614,False,-4.458076094393409,False,ok,,0.0016135419718921185
38,5,Normal,3000,5,0.4,30,2026105730,6.5507971410051,new_lower_rho_same_seed_schedule,False,8,1.026978752065255,0.6246666666666667,1874,0.3753333333333333,2.3828435266084194,1259,1,695,2.8567851919074645,False,-5.523818388939845,False,ok,,0.0016743330052122474
38,5,Normal,3000,5,0.4,30,2026105730,6.5507971410051,new_lower_rho_same_seed_schedule,False,9,-0.18107170025263247,0.48733333333333334,1462,0.5126666666666666,1.8867924528301887,1590,1,982,2.5548899952616053,False,-6.731868841257732,False,ok,,0.00169254100183025
38,5,Normal,3000,5,0.4,30,2026105730,6.5507971410051,new_lower_rho_same_seed_schedule,False,10,-0.9629492590775713,0.3423333333333333,1027,0.6576666666666666,1.58144438587243,1897,1,1306,2.045754974423539,False,-7.513746400082671,False,ok,,0.001658833003602922
38,5,Normal,3000,5,0.4,30,2026105730,6.5507971410051,new_lower_rho_same_seed_schedule,False,11,-1.8272978270928093,0.24866666666666667,746,0.7513333333333333,1.408450704225352,2130,1,1582,1.709528618348971,False,-8.37809496809791,False,ok,,0.0016079579945653677
38,5,Normal,3000,5,0.4,30,2026105730,6.5507971410051,new_lower_rho_same_seed_schedule,False,12,-2.9197449662393073,0.14833333333333334,445,0.8516666666666667,1.2690355329949239,2364,1,1897,1.12913601828022,False,-9.470542107244407,False,ok,,0.0014846660196781158
38,5,Normal,3000,5,0.4,30,2026105730,6.5507971410051,new_lower_rho_same_seed_schedule,False,13,-3.1984315196555775,0.09466666666666666,284,0.9053333333333333,1.1848341232227488,2532,1,2168,0.8011198648651466,False,-9.749228660660677,False,ok,,0.001358875015284866
38,5,Normal,3000,5,0.4,30,2026105730,6.5507971410051,new_lower_rho_same_seed_schedule,False,14,-3.8375262171917783,0.07333333333333333,220,0.9266666666666666,1.1507479861910241,2607,1,2290,0.6648341463072738,False,-10.388323358196878,False,ok,,0.0012973750126548111
38,5,Normal,3000,5,0.4,30,2026105730,6.5507971410051,new_lower_rho_same_seed_schedule,False,15,-3.7424669296555746,0.035666666666666666,107,0.9643333333333334,1.1029411764705883,2720,1,2473,0.3624717545068504,False,-10.293264070660674,False,ok,,0.0012022500159218907
38,5,Normal,3000,5,0.4,30,2026105730,6.5507971410051,new_lower_rho_same_seed_schedule,False,16,-4.475684465613405,0.022,66,0.978,1.0744985673352436,2792,1,2604,0.2568541888342612,False,-11.026481606618505,False,ok,,0.0011342500220052898
38,5,Normal,3000,5,0.4,30,2026105730,6.5507971410051,new_lower_rho_same_seed_schedule,False,17,-5.422035993424556,0.017,51,0.983,1.0570824524312896,2838,1,2691,0.20434782544743765,False,-11.972833134429656,False,ok,,0.001176792022306472
38,5,Normal,3000,5,0.4,30,2026105730,6.5507971410051,new_lower_rho_same_seed_schedule,False,18,-4.4552387840542504,0.009666666666666667,29,0.9903333333333333,1.0438413361169103,2874,1,2755,0.12573521557465664,False,-11.00603592505935,False,ok,,0.00106637499993667
38,5,Normal,3000,5,0.4,30,2026105730,6.5507971410051,new_lower_rho_same_seed_schedule,False,19,-5.7765606287213815,0.008333333333333333,25,0.9916666666666667,1.0348395998620215,2899,1,2805,0.11308863710161668,False,-12.327357769726483,False,ok,,0.0010317079722881317
38,5,Normal,3000,5,0.4,30,2026105730,6.5507971410051,new_lower_rho_same_seed_schedule,False,20,-5.699212635131754,0.0033333333333333335,10,0.9966666666666667,1.027749229188078,2919,1,2840,0.06482874183107115,False,-12.250009776136853,False,ok,,0.001004332967568189
38,5,Normal,3000,5,0.4,30,2026105730,6.5507971410051,new_lower_rho_same_seed_schedule,False,21,-6.705077622348016,0.0026666666666666666,8,0.9973333333333333,1.0252904989747096,2926,1,2853,0.05761652424076447,False,-13.255874763353116,False,ok,,0.0009977089939638972
38,5,Normal,3000,5,0.4,30,2026105730,6.5507971410051,new_lower_rho_same_seed_schedule,False,22,-5.755904031622494,0.0026666666666666666,8,0.9973333333333333,1.0169491525423728,2950,1,2902,0.0439325536764777,False,-12.306701172627594,False,ok,,0.0009675000328570604
38,5,Normal,3000,5,0.4,30,2026105730,6.5507971410051,new_lower_rho_same_seed_schedule,False,23,-7.704101427458722,0.0013333333333333333,4,0.9986666666666667,1.0166045408336157,2951,1,2903,0.04007134907272706,False,-14.254898568463823,False,ok,,0.0009682920062914491
38,5,Normal,3000,5,0.4,30,2026105730,6.5507971410051,new_lower_rho_same_seed_schedule,False,24,-4.839429784044448,0.0013333333333333333,4,0.9986666666666667,1.0131712259371835,2961,1,2923,0.031232356768859763,False,-11.390226925049548,False,ok,,0.0009454170358367264
38,5,Normal,3000,5,0.4,30,2026105730,6.5507971410051,new_lower_rho_same_seed_schedule,False,25,0.0,0.0,0,1.0,1.0077258985555928,2977,1,2954,0.015333333333333327,False,-6.5507971410051,True,ok,,0.0009245419641956687
38,5,Normal,3000,5,0.4,30,2026105730,6.5507971410051,new_lower_rho_same_seed_schedule,False,26,-7.245424624525438,0.0016666666666666668,5,0.9983333333333333,1.0111223458038423,2967,1,2935,0.027983985151997685,False,-13.79622176553054,False,ok,,0.0009450410143472254
38,5,Normal,3000,5,0.4,30,2026105730,6.5507971410051,new_lower_rho_same_seed_schedule,False,27,0.0,0.0,0,1.0,1.0070493454179255,2979,1,2958,0.013999999999999993,False,-6.5507971410051,True,ok,,0.0009313339833170176
38,5,Normal,3000,5,0.4,30,2026105730,6.5507971410051,new_lower_rho_same_seed_schedule,False,28,-6.453539759956884,0.0003333333333333333,1,0.9996666666666667,1.0056989607777405,2983,1,2966,0.01133333333333333,False,-13.004336900961984,False,ok,,0.0009428749908693135
38,5,Normal,3000,5,0.4,30,2026105730,6.5507971410051,new_lower_rho_same_seed_schedule,False,29,-6.340984490891317,0.001,3,0.999,1.0056989607777405,2983,1,2966,0.011333333333333329,False,-12.891781631896418,False,ok,,0.0009365000296384096
38,5,Normal,3000,5,0.4,30,2026105730,6.5507971410051,new_lower_rho_same_seed_schedule,False,30,0.0,0.0,0,1.0,1.0056989607777405,2983,1,2966,0.011333333333333327,False,-6.5507971410051,True,ok,,0.0009264170075766742
38,5,Normal,3000,5,0.4,30,2026105730,6.5507971410051,new_lower_rho_same_seed_schedule,False,31,0.0,0.0,0,1.0,1.0026737967914439,2992,1,2984,0.005333333333333333,False,-6.5507971410051,True,ok,,0.0009145410149358213
38,5,Normal,3000,5,0.4,30,2026105730,6.5507971410051,new_lower_rho_same_seed_schedule,False,32,0.0,0.0,0,1.0,1.0023387905111927,2993,1,2986,0.004666666666666666,False,-6.5507971410051,True,ok,,0.0009127919911406934
38,5,Normal,3000,5,0.4,30,2026105730,6.5507971410051,new_lower_rho_same_seed_schedule,False,33,-7.266130312990365,0.0003333333333333333,1,0.9996666666666667,1.001669449081803,2995,1,2990,0.0033333333333333322,False,-13.816927453995465,False,ok,,0.0009135419968515635
38,5,Normal,3000,5,0.4,30,2026105730,6.5507971410051,new_lower_rho_same_seed_schedule,False,34,0.0,0.0,0,1.0,1.001669449081803,2995,1,2990,0.0033333333333333327,False,-6.5507971410051,True,ok,,0.000902750005479902
38,5,Normal,3000,5,0.4,30,2026105730,6.5507971410051,new_lower_rho_same_seed_schedule,False,35,-6.8598350364736245,0.0006666666666666666,2,0.9993333333333333,1.0033444816053512,2990,1,2980,0.006666666666666667,False,-13.410632177478725,False,ok,,0.0009080829913727939
38,5,Normal,3000,5,0.4,30,2026105730,6.5507971410051,new_lower_rho_same_seed_schedule,False,36,0.0,0.0,0,1.0,1.001001001001001,2997,1,2994,0.002,False,-6.5507971410051,True,ok,,0.0008947079768404365
38,5,Normal,3000,5,0.4,30,2026105730,6.5507971410051,new_lower_rho_same_seed_schedule,False,37,0.0,0.0,0,1.0,1.0013351134846462,2996,1,2992,0.002666666666666666,False,-6.5507971410051,True,ok,,0.0008949589682742953
38,5,Normal,3000,5,0.4,30,2026105730,6.5507971410051,new_lower_rho_same_seed_schedule,False,38,0.0,0.0,0,1.0,1.0006671114076051,2998,1,2996,0.0013333333333333329,False,-6.5507971410051,True,ok,,0.0009051660308614373
38,5,Normal,3000,5,0.4,30,2026105730,6.5507971410051,new_lower_rho_same_seed_schedule,False,39,0.0,0.0,0,1.0,1.001669449081803,2995,1,2990,0.0033333333333333322,False,-6.5507971410051,True,ok,,0.0009028330096043646
38,5,Normal,3000,5,0.4,30,2026105730,6.5507971410051,new_lower_rho_same_seed_schedule,False,40,-5.74701065397454,0.0003333333333333333,1,0.9996666666666667,1.0013351134846462,2996,1,2992,0.002666666666666666,False,-12.29780779497964,False,ok,,0.000900584040209651
