study_config_id,config_id,family,n,d,rho,replicate,seed,truth,origin,assumption_matched,ell,estimate,coverage,n_valid,skipped_point_fraction,mean_cell_size,occupied_cells,min_cell_size,singleton_cells,integrated_mass,degenerate,error,zero_valid,status,failure,elapsed_s
14,5,Normal,3000,5,0.1,1,2026105701,7.052207753018317,new_lower_rho_same_seed_schedule,False,1,7.0571172453781985,1.0,3000,0.0,3000.0,1,3000,0,1.145562989887407,False,0.004909492359881362,False,ok,,0.0011751669808290899
14,5,Normal,3000,5,0.1,1,2026105701,7.052207753018317,new_lower_rho_same_seed_schedule,False,2,6.478924125277161,1.0,3000,0.0,93.75,32,30,0,1.6669331584920757,False,-0.5732836277411559,False,ok,,0.0010823749471455812
14,5,Normal,3000,5,0.1,1,2026105701,7.052207753018317,new_lower_rho_same_seed_schedule,False,3,5.897772333431794,0.9756666666666667,2927,0.024333333333333318,20.97902097902098,143,1,36,1.876620002507049,False,-1.1544354195865232,False,ok,,0.001208291039802134
14,5,Normal,3000,5,0.1,1,2026105701,7.052207753018317,new_lower_rho_same_seed_schedule,False,4,5.1270867259698,0.9286666666666666,2786,0.07133333333333336,9.615384615384615,312,1,113,2.2399609612531886,False,-1.925121027048517,False,ok,,0.001353416999336332
14,5,Normal,3000,5,0.1,1,2026105701,7.052207753018317,new_lower_rho_same_seed_schedule,False,5,4.163948465588022,0.8763333333333333,2629,0.1236666666666667,5.628517823639775,533,1,221,2.6892598606427214,False,-2.8882592874302953,False,ok,,0.001516207994427532
14,5,Normal,3000,5,0.1,1,2026105701,7.052207753018317,new_lower_rho_same_seed_schedule,False,6,3.0482881753716176,0.782,2346,0.21799999999999997,3.6101083032490973,831,1,399,2.910041144196911,False,-4.0039195776467,False,ok,,0.0016847500228323042
14,5,Normal,3000,5,0.1,1,2026105701,7.052207753018317,new_lower_rho_same_seed_schedule,False,7,1.9531154408723652,0.6606666666666666,1982,0.3393333333333334,2.5884383088869716,1159,1,644,2.8906680732619434,False,-5.099092312145952,False,ok,,0.001846417027991265
14,5,Normal,3000,5,0.1,1,2026105701,7.052207753018317,new_lower_rho_same_seed_schedule,False,8,0.717891824772298,0.5226666666666666,1568,0.4773333333333334,2.0215633423180592,1484,1,863,2.653249268844743,False,-6.334315928246019,False,ok,,0.001802916987799108
14,5,Normal,3000,5,0.1,1,2026105701,7.052207753018317,new_lower_rho_same_seed_schedule,False,9,-0.2872014954731524,0.37633333333333335,1129,0.6236666666666666,1.6339869281045751,1836,1,1252,2.143339285072452,False,-7.33940924849147,False,ok,,0.0017032499890774488
14,5,Normal,3000,5,0.1,1,2026105701,7.052207753018317,new_lower_rho_same_seed_schedule,False,10,-1.1530034106464366,0.25733333333333336,772,0.7426666666666666,1.419782300047326,2113,1,1581,1.6588632155127072,False,-8.205211163664753,False,ok,,0.0016169169684872031
14,5,Normal,3000,5,0.1,1,2026105701,7.052207753018317,new_lower_rho_same_seed_schedule,False,11,-1.8594734517832645,0.15133333333333332,454,0.8486666666666667,1.2717253073336159,2359,1,1909,1.1036764806479709,False,-8.911681204801582,False,ok,,0.0014864999684505165
14,5,Normal,3000,5,0.1,1,2026105701,7.052207753018317,new_lower_rho_same_seed_schedule,False,12,-2.6742303044255835,0.09466666666666666,284,0.9053333333333333,1.2019230769230769,2496,1,2098,0.8205494386477841,False,-9.7264380574439,False,ok,,0.001431958982720971
14,5,Normal,3000,5,0.1,1,2026105701,7.052207753018317,new_lower_rho_same_seed_schedule,False,13,-3.1211548714622377,0.053,159,0.947,1.1342155009451795,2645,1,2343,0.5158003396344778,False,-10.173362624480555,False,ok,,0.0012832499924115837
14,5,Normal,3000,5,0.1,1,2026105701,7.052207753018317,new_lower_rho_same_seed_schedule,False,14,-3.4252574260009445,0.03866666666666667,116,0.9613333333333334,1.1005135730007336,2726,1,2493,0.3629985563082268,False,-10.477465179019262,False,ok,,0.0012041250010952353
14,5,Normal,3000,5,0.1,1,2026105701,7.052207753018317,new_lower_rho_same_seed_schedule,False,15,-3.702162781575263,0.023,69,0.977,1.0714285714285714,2800,1,2620,0.2459997321893452,False,-10.75437053459358,False,ok,,0.0011860840022563934
14,5,Normal,3000,5,0.1,1,2026105701,7.052207753018317,new_lower_rho_same_seed_schedule,False,16,-4.467620954523431,0.017333333333333333,52,0.9826666666666667,1.0555946516537649,2842,1,2699,0.19691501351478008,False,-11.519828707541748,False,ok,,0.0011805000249296427
14,5,Normal,3000,5,0.1,1,2026105701,7.052207753018317,new_lower_rho_same_seed_schedule,False,17,-4.733694835798786,0.005666666666666667,17,0.9943333333333333,1.0334137099552188,2903,1,2810,0.08780229574828886,False,-11.785902588817102,False,ok,,0.0011682499898597598
14,5,Normal,3000,5,0.1,1,2026105701,7.052207753018317,new_lower_rho_same_seed_schedule,False,18,-4.190060308055327,0.005333333333333333,16,0.9946666666666667,1.0302197802197801,2912,1,2829,0.0780417830474727,False,-11.242268061073645,False,ok,,0.0011170830111950636
14,5,Normal,3000,5,0.1,1,2026105701,7.052207753018317,new_lower_rho_same_seed_schedule,False,19,-5.794080227793045,0.0026666666666666666,8,0.9973333333333333,1.0197144799456153,2942,1,2886,0.05151605660322173,False,-12.846287980811361,False,ok,,0.0010202080011367798
14,5,Normal,3000,5,0.1,1,2026105701,7.052207753018317,new_lower_rho_same_seed_schedule,False,20,-4.51776227567873,0.001,3,0.999,1.0197144799456153,2942,1,2884,0.03866666666666668,False,-11.569970028697046,False,ok,,0.0010581670212559402
14,5,Normal,3000,5,0.1,1,2026105701,7.052207753018317,new_lower_rho_same_seed_schedule,False,21,-5.285449749710704,0.003,9,0.997,1.0148849797023005,2956,1,2913,0.03459732684387128,False,-12.337657502729021,False,ok,,0.0010406250366941094
14,5,Normal,3000,5,0.1,1,2026105701,7.052207753018317,new_lower_rho_same_seed_schedule,False,22,-5.9674660534403365,0.001,3,0.999,1.0090817356205852,2973,1,2946,0.01799999999999999,False,-13.019673806458654,False,ok,,0.00104975001886487
14,5,Normal,3000,5,0.1,1,2026105701,7.052207753018317,new_lower_rho_same_seed_schedule,False,23,-4.394164720914526,0.0016666666666666668,5,0.9983333333333333,1.0104412260020208,2969,1,2940,0.025698737109314876,False,-11.446372473932843,False,ok,,0.001014249981380999
14,5,Normal,3000,5,0.1,1,2026105701,7.052207753018317,new_lower_rho_same_seed_schedule,False,24,-5.543482734277094,0.0006666666666666666,2,0.9993333333333333,1.0046885465505693,2986,1,2972,0.009333333333333332,False,-12.59569048729541,False,ok,,0.000994957983493805
14,5,Normal,3000,5,0.1,1,2026105701,7.052207753018317,new_lower_rho_same_seed_schedule,False,25,-7.34880635921661,0.0003333333333333333,1,0.9996666666666667,1.004352192835621,2987,1,2974,0.008666666666666663,False,-14.401014112234927,False,ok,,0.0009849590132944286
14,5,Normal,3000,5,0.1,1,2026105701,7.052207753018317,new_lower_rho_same_seed_schedule,False,26,-3.413542311586994,0.001,3,0.999,1.0056989607777405,2983,1,2966,0.01133333333333333,False,-10.465750064605311,False,ok,,0.0010939579806290567
14,5,Normal,3000,5,0.1,1,2026105701,7.052207753018317,new_lower_rho_same_seed_schedule,False,27,0.0,0.0,0,1.0,1.0030090270812437,2991,1,2982,0.006,False,-7.052207753018317,True,ok,,0.0009811670170165598
14,5,Normal,3000,5,0.1,1,2026105701,7.052207753018317,new_lower_rho_same_seed_schedule,False,28,-7.34880635921661,0.0003333333333333333,1,0.9996666666666667,1.0026737967914439,2992,1,2984,0.005333333333333332,False,-14.401014112234927,False,ok,,0.000977375020738691
14,5,Normal,3000,5,0.1,1,2026105701,7.052207753018317,new_lower_rho_same_seed_schedule,False,29,-7.399137284049968,0.0003333333333333333,1,0.9996666666666667,1.0030090270812437,2991,1,2982,0.006,False,-14.451345037068286,False,ok,,0.0009305839776061475
14,5,Normal,3000,5,0.1,1,2026105701,7.052207753018317,new_lower_rho_same_seed_schedule,False,30,-5.941651842855547,0.0003333333333333333,1,0.9996666666666667,1.0023387905111927,2993,1,2986,0.004666666666666666,False,-12.993859595873865,False,ok,,0.0009408750338479877
14,5,Normal,3000,5,0.1,1,2026105701,7.052207753018317,new_lower_rho_same_seed_schedule,False,31,0.0,0.0,0,1.0,1.0006671114076051,2998,1,2996,0.0013333333333333333,False,-7.052207753018317,True,ok,,0.0009100830066017807
14,5,Normal,3000,5,0.1,1,2026105701,7.052207753018317,new_lower_rho_same_seed_schedule,False,32,0.0,0.0,0,1.0,1.001669449081803,2995,1,2990,0.003333333333333333,False,-7.052207753018317,True,ok,,0.0009696249617263675
14,5,Normal,3000,5,0.1,1,2026105701,7.052207753018317,new_lower_rho_same_seed_schedule,False,33,0.0,0.0,0,1.0,1.001669449081803,2995,1,2990,0.003333333333333333,False,-7.052207753018317,True,ok,,0.001035542052704841
14,5,Normal,3000,5,0.1,1,2026105701,7.052207753018317,new_lower_rho_same_seed_schedule,False,34,0.0,0.0,0,1.0,1.001669449081803,2995,1,2990,0.0033333333333333327,False,-7.052207753018317,True,ok,,0.0010080839856527746
14,5,Normal,3000,5,0.1,1,2026105701,7.052207753018317,new_lower_rho_same_seed_schedule,False,35,-5.941651842855547,0.0003333333333333333,1,0.9996666666666667,1.0006671114076051,2998,1,2996,0.0013333333333333326,False,-12.993859595873865,False,ok,,0.0010472090216353536
14,5,Normal,3000,5,0.1,1,2026105701,7.052207753018317,new_lower_rho_same_seed_schedule,False,36,0.0,0.0,0,1.0,1.0006671114076051,2998,1,2996,0.0013333333333333329,False,-7.052207753018317,True,ok,,0.0011326249805279076
14,5,Normal,3000,5,0.1,1,2026105701,7.052207753018317,new_lower_rho_same_seed_schedule,False,37,0.0,0.0,0,1.0,1.0003334444814937,2999,1,2998,0.0006666666666666663,False,-7.052207753018317,True,ok,,0.000979792035650462
14,5,Normal,3000,5,0.1,1,2026105701,7.052207753018317,new_lower_rho_same_seed_schedule,False,38,0.0,0.0,0,1.0,1.0003334444814937,2999,1,2998,0.0006666666666666661,False,-7.052207753018317,True,ok,,0.0010296250111423433
14,5,Normal,3000,5,0.1,1,2026105701,7.052207753018317,new_lower_rho_same_seed_schedule,False,39,0.0,0.0,0,1.0,1.0003334444814937,2999,1,2998,0.0006666666666666669,False,-7.052207753018317,True,ok,,0.0010751669760793447
14,5,Normal,3000,5,0.1,1,2026105701,7.052207753018317,new_lower_rho_same_seed_schedule,False,40,0.0,0.0,0,1.0,1.0003334444814937,2999,1,2998,0.0006666666666666665,False,-7.052207753018317,True,ok,,0.0009719589725136757
14,5,Normal,3000,5,0.1,2,2026105702,7.052207753018317,new_lower_rho_same_seed_schedule,False,1,7.036475324956222,1.0,3000,0.0,3000.0,1,3000,0,1.14769434590848,False,-0.01573242806209496,False,ok,,0.0011882079998031259
14,5,Normal,3000,5,0.1,2,2026105702,7.052207753018317,new_lower_rho_same_seed_schedule,False,2,6.458566073071813,1.0,3000,0.0,93.75,32,20,0,1.691703644898575,False,-0.5936416799465043,False,ok,,0.0010947919799946249
14,5,Normal,3000,5,0.1,2,2026105702,7.052207753018317,new_lower_rho_same_seed_schedule,False,3,5.957975495825824,0.9763333333333334,2929,0.023666666666666614,22.388059701492537,134,1,33,1.820024027426422,False,-1.094232257192493,False,ok,,0.0013132499880157411
14,5,Normal,3000,5,0.1,2,2026105702,7.052207753018317,new_lower_rho_same_seed_schedule,False,4,5.307348833045062,0.9513333333333334,2854,0.048666666666666636,11.857707509881424,253,1,84,2.2071871413388213,False,-1.7448589199732547,False,ok,,0.0013882920029573143
14,5,Normal,3000,5,0.1,2,2026105702,7.052207753018317,new_lower_rho_same_seed_schedule,False,5,4.4401337920906405,0.8946666666666667,2684,0.10533333333333328,6.5359477124183005,459,1,193,2.5401490011899566,False,-2.6120739609276766,False,ok,,0.0015276660560630262
14,5,Normal,3000,5,0.1,2,2026105702,7.052207753018317,new_lower_rho_same_seed_schedule,False,6,3.462826233262335,0.8036666666666666,2411,0.19633333333333336,4.048582995951417,741,1,362,2.699914633623144,False,-3.589381519755982,False,ok,,0.001654874999076128
14,5,Normal,3000,5,0.1,2,2026105702,7.052207753018317,new_lower_rho_same_seed_schedule,False,7,2.3381588199783074,0.7066666666666667,2120,0.29333333333333333,2.8957528957528957,1036,1,534,2.9343314239007285,False,-4.71404893304001,False,ok,,0.0018377919914200902
14,5,Normal,3000,5,0.1,2,2026105702,7.052207753018317,new_lower_rho_same_seed_schedule,False,8,1.257788438608207,0.5743333333333334,1723,0.42566666666666664,2.2156573116691285,1354,1,774,2.682914513787111,False,-5.79441931441011,False,ok,,0.0017588749760761857
14,5,Normal,3000,5,0.1,2,2026105702,7.052207753018317,new_lower_rho_same_seed_schedule,False,9,0.29932050780372427,0.4553333333333333,1366,0.5446666666666666,1.803968731208659,1663,1,1071,2.4582368671621264,False,-6.752887245214593,False,ok,,0.0017531660269014537
14,5,Normal,3000,5,0.1,2,2026105702,7.052207753018317,new_lower_rho_same_seed_schedule,False,10,-1.04567021360894,0.316,948,0.6839999999999999,1.5090543259557343,1988,1,1416,1.959660156943397,False,-8.097877966627257,False,ok,,0.0016877499874681234
14,5,Normal,3000,5,0.1,2,2026105702,7.052207753018317,new_lower_rho_same_seed_schedule,False,11,-1.5991417605293718,0.19766666666666666,593,0.8023333333333333,1.333926189417519,2249,1,1750,1.3944983792899348,False,-8.65134951354769,False,ok,,0.0015720829833298922
14,5,Normal,3000,5,0.1,2,2026105702,7.052207753018317,new_lower_rho_same_seed_schedule,False,12,-2.187702145714701,0.12666666666666668,380,0.8733333333333333,1.2422360248447204,2415,1,1973,1.0012604058902845,False,-9.239909898733018,False,ok,,0.0015327500295825303
14,5,Normal,3000,5,0.1,2,2026105702,7.052207753018317,new_lower_rho_same_seed_schedule,False,13,-3.1490941946707682,0.07866666666666666,236,0.9213333333333333,1.1583011583011582,2590,1,2264,0.6858041881245392,False,-10.201301947689085,False,ok,,0.0013624170096591115
14,5,Normal,3000,5,0.1,2,2026105702,7.052207753018317,new_lower_rho_same_seed_schedule,False,14,-3.363923813132617,0.059,177,0.9410000000000001,1.1278195488721805,2660,1,2378,0.5472356232910235,False,-10.416131566150934,False,ok,,0.0012737090000882745
14,5,Normal,3000,5,0.1,2,2026105702,7.052207753018317,new_lower_rho_same_seed_schedule,False,15,-3.962965970065664,0.032,96,0.968,1.0921004732435384,2747,1,2525,0.3366814746317892,False,-11.015173723083981,False,ok,,0.00120133301243186
14,5,Normal,3000,5,0.1,2,2026105702,7.052207753018317,new_lower_rho_same_seed_schedule,False,16,-4.714713260482975,0.015333333333333332,46,0.9846666666666667,1.0630758327427356,2822,1,2659,0.20503659695609017,False,-11.766921013501292,False,ok,,0.0013041250058449805
14,5,Normal,3000,5,0.1,2,2026105702,7.052207753018317,new_lower_rho_same_seed_schedule,False,17,-4.808357507724438,0.012,36,0.988,1.0467550593161201,2866,1,2742,0.14853326212351353,False,-11.860565260742755,False,ok,,0.0011502080014906824
14,5,Normal,3000,5,0.1,2,2026105702,7.052207753018317,new_lower_rho_same_seed_schedule,False,18,-4.7714456772811715,0.005666666666666667,17,0.9943333333333333,1.0309278350515463,2910,1,2825,0.08663924462129624,False,-11.823653430299489,False,ok,,0.0013941669603809714
14,5,Normal,3000,5,0.1,2,2026105702,7.052207753018317,new_lower_rho_same_seed_schedule,False,19,-5.693897483858143,0.007666666666666666,23,0.9923333333333333,1.0259917920656634,2924,1,2854,0.08813087788385364,False,-12.74610523687646,False,ok,,0.001251709007192403
14,5,Normal,3000,5,0.1,2,2026105702,7.052207753018317,new_lower_rho_same_seed_schedule,False,20,-5.270554381535321,0.004666666666666667,14,0.9953333333333333,1.0221465076660987,2935,1,2874,0.06111667882491328,False,-12.322762134553638,False,ok,,0.0011690419632941484
14,5,Normal,3000,5,0.1,2,2026105702,7.052207753018317,new_lower_rho_same_seed_schedule,False,21,-5.886005480931181,0.001,3,0.999,1.016260162601626,2952,1,2904,0.03199999999999999,False,-12.938213233949497,False,ok,,0.0010583329712972045
14,5,Normal,3000,5,0.1,2,2026105702,7.052207753018317,new_lower_rho_same_seed_schedule,False,22,-5.664393364594718,0.0016666666666666668,5,0.9983333333333333,1.0118043844856661,2965,1,2932,0.027626182457689857,False,-12.716601117613035,False,ok,,0.0010105410474352539
14,5,Normal,3000,5,0.1,2,2026105702,7.052207753018317,new_lower_rho_same_seed_schedule,False,23,-6.3574039586501305,0.0023333333333333335,7,0.9976666666666667,1.0107816711590296,2968,1,2938,0.034275694997825845,False,-13.409611711668447,False,ok,,0.0010003750212490559
14,5,Normal,3000,5,0.1,2,2026105702,7.052207753018317,new_lower_rho_same_seed_schedule,False,24,0.0,0.0,0,1.0,1.012829169480081,2962,1,2924,0.02533333333333332,False,-7.052207753018317,True,ok,,0.0009830420021899045
14,5,Normal,3000,5,0.1,2,2026105702,7.052207753018317,new_lower_rho_same_seed_schedule,False,25,-3.151344250478781,0.0003333333333333333,1,0.9996666666666667,1.0080645161290323,2976,1,2952,0.015999999999999993,False,-10.203552003497098,False,ok,,0.0009601250058040023
14,5,Normal,3000,5,0.1,2,2026105702,7.052207753018317,new_lower_rho_same_seed_schedule,False,26,-8.855023572866102,0.0006666666666666666,2,0.9993333333333333,1.0060362173038229,2982,1,2964,0.011999999999999995,False,-15.90723132588442,False,ok,,0.0010321669979020953
14,5,Normal,3000,5,0.1,2,2026105702,7.052207753018317,new_lower_rho_same_seed_schedule,False,27,0.0,0.0,0,1.0,1.0036801605888257,2989,1,2978,0.007333333333333329,False,-7.052207753018317,True,ok,,0.0010308329947292805
14,5,Normal,3000,5,0.1,2,2026105702,7.052207753018317,new_lower_rho_same_seed_schedule,False,28,0.0,0.0,0,1.0,1.0053619302949062,2984,1,2968,0.010666666666666663,False,-7.052207753018317,True,ok,,0.0010241250274702907
14,5,Normal,3000,5,0.1,2,2026105702,7.052207753018317,new_lower_rho_same_seed_schedule,False,29,0.0,0.0,0,1.0,1.0033444816053512,2990,1,2980,0.006666666666666666,False,-7.052207753018317,True,ok,,0.0009861669968813658
14,5,Normal,3000,5,0.1,2,2026105702,7.052207753018317,new_lower_rho_same_seed_schedule,False,30,-5.5686684797310875,0.001,3,0.999,1.0023387905111927,2993,1,2987,0.0095405773580499,False,-12.620876232749405,False,ok,,0.0010020000045187771
14,5,Normal,3000,5,0.1,2,2026105702,7.052207753018317,new_lower_rho_same_seed_schedule,False,31,0.0,0.0,0,1.0,1.002004008016032,2994,1,2988,0.004,False,-7.052207753018317,True,ok,,0.0009730840101838112
14,5,Normal,3000,5,0.1,2,2026105702,7.052207753018317,new_lower_rho_same_seed_schedule,False,32,-6.8027230767048215,0.002,6,0.998,1.0033444816053512,2990,1,2982,0.018303687971165317,False,-13.854930829723138,False,ok,,0.000992832996416837
14,5,Normal,3000,5,0.1,2,2026105702,7.052207753018317,new_lower_rho_same_seed_schedule,False,33,0.0,0.0,0,1.0,1.001669449081803,2995,1,2990,0.0033333333333333322,False,-7.052207753018317,True,ok,,0.0009648750419728458
14,5,Normal,3000,5,0.1,2,2026105702,7.052207753018317,new_lower_rho_same_seed_schedule,False,34,0.0,0.0,0,1.0,1.0026737967914439,2992,1,2984,0.005333333333333332,False,-7.052207753018317,True,ok,,0.0011216659913770854
14,5,Normal,3000,5,0.1,2,2026105702,7.052207753018317,new_lower_rho_same_seed_schedule,False,35,0.0,0.0,0,1.0,1.0023387905111927,2993,1,2986,0.004666666666666666,False,-7.052207753018317,True,ok,,0.001249041990377009
14,5,Normal,3000,5,0.1,2,2026105702,7.052207753018317,new_lower_rho_same_seed_schedule,False,36,0.0,0.0,0,1.0,1.0006671114076051,2998,1,2996,0.0013333333333333326,False,-7.052207753018317,True,ok,,0.000975875009316951
14,5,Normal,3000,5,0.1,2,2026105702,7.052207753018317,new_lower_rho_same_seed_schedule,False,37,-8.036777673678555,0.001,3,0.999,1.002004008016032,2994,1,2989,0.010763110613115417,False,-15.088985426696873,False,ok,,0.000973624992184341
14,5,Normal,3000,5,0.1,2,2026105702,7.052207753018317,new_lower_rho_same_seed_schedule,False,38,0.0,0.0,0,1.0,1.0013351134846462,2996,1,2992,0.002666666666666666,False,-7.052207753018317,True,ok,,0.000947625027038157
14,5,Normal,3000,5,0.1,2,2026105702,7.052207753018317,new_lower_rho_same_seed_schedule,False,39,0.0,0.0,0,1.0,1.0003334444814937,2999,1,2998,0.0006666666666666666,False,-7.052207753018317,True,ok,,0.0009305839776061475
14,5,Normal,3000,5,0.1,2,2026105702,7.052207753018317,new_lower_rho_same_seed_schedule,False,40,0.0,0.0,0,1.0,1.0003334444814937,2999,1,2998,0.0006666666666666665,False,-7.052207753018317,True,ok,,0.0009534999844618142
14,5,Normal,3000,5,0.1,3,2026105703,7.052207753018317,new_lower_rho_same_seed_schedule,False,1,7.069090319628638,1.0,3000,0.0,3000.0,1,3000,0,1.1456223575431261,False,0.01688256661032117,False,ok,,0.0011716660228557885
14,5,Normal,3000,5,0.1,3,2026105703,7.052207753018317,new_lower_rho_same_seed_schedule,False,2,6.491725527737481,1.0,3000,0.0,93.75,32,41,0,1.7005146841562384,False,-0.5604822252808361,False,ok,,0.0010988340363837779
14,5,Normal,3000,5,0.1,3,2026105703,7.052207753018317,new_lower_rho_same_seed_schedule,False,3,5.789567619638074,0.9743333333333334,2923,0.025666666666666615,18.404907975460123,163,1,32,1.9887731118430216,False,-1.262640133380243,False,ok,,0.0012667499831877649
14,5,Normal,3000,5,0.1,3,2026105703,7.052207753018317,new_lower_rho_same_seed_schedule,False,4,4.944819478196803,0.9373333333333334,2812,0.06266666666666665,9.036144578313253,332,1,117,2.41107378435523,False,-2.1073882748215143,False,ok,,0.0013128750142641366
14,5,Normal,3000,5,0.1,3,2026105703,7.052207753018317,new_lower_rho_same_seed_schedule,False,5,4.048766420991503,0.856,2568,0.14400000000000002,5.136986301369863,584,1,254,2.652328271132972,False,-3.0034413320268145,False,ok,,0.0014833749737590551
14,5,Normal,3000,5,0.1,3,2026105703,7.052207753018317,new_lower_rho_same_seed_schedule,False,6,2.803829677967885,0.7423333333333333,2227,0.2576666666666667,3.289473684210526,912,1,450,2.8338444094963124,False,-4.248378075050432,False,ok,,0.001734916993882507
14,5,Normal,3000,5,0.1,3,2026105703,7.052207753018317,new_lower_rho_same_seed_schedule,False,7,1.6283389479685082,0.6076666666666667,1823,0.3923333333333333,2.347417840375587,1278,1,730,2.736108546252545,False,-5.423868805049809,False,ok,,0.0021219580085016787
14,5,Normal,3000,5,0.1,3,2026105703,7.052207753018317,new_lower_rho_same_seed_schedule,False,8,0.43876606669159735,0.477,1431,0.523,1.8575851393188854,1615,1,1027,2.5230613700872806,False,-6.61344168632672,False,ok,,0.0022290829801931977
14,5,Normal,3000,5,0.1,3,2026105703,7.052207753018317,new_lower_rho_same_seed_schedule,False,9,-0.6183842371560468,0.329,987,0.671,1.5424164524421593,1945,1,1376,1.961966433881705,False,-7.670591990174364,False,ok,,0.001873415953014046
14,5,Normal,3000,5,0.1,3,2026105703,7.052207753018317,new_lower_rho_same_seed_schedule,False,10,-1.606252922405726,0.20766666666666667,623,0.7923333333333333,1.3458950201884252,2229,1,1716,1.4477436164568978,False,-8.658460675424044,False,ok,,0.0017528750468045473
14,5,Normal,3000,5,0.1,3,2026105703,7.052207753018317,new_lower_rho_same_seed_schedule,False,11,-2.228986814924389,0.11933333333333333,358,0.8806666666666667,1.2305168170631666,2438,1,2017,0.9288830637710533,False,-9.281194567942705,False,ok,,0.0014700000174343586
14,5,Normal,3000,5,0.1,3,2026105703,7.052207753018317,new_lower_rho_same_seed_schedule,False,12,-3.2170127140246785,0.069,207,0.931,1.1605415860735009,2585,1,2240,0.6497299884027556,False,-10.269220467042995,False,ok,,0.0013483749935403466
14,5,Normal,3000,5,0.1,3,2026105703,7.052207753018317,new_lower_rho_same_seed_schedule,False,13,-3.5034279157888557,0.035333333333333335,106,0.9646666666666667,1.094890510948905,2740,1,2511,0.34296175637587145,False,-10.555635668807174,False,ok,,0.001362707989756018
14,5,Normal,3000,5,0.1,3,2026105703,7.052207753018317,new_lower_rho_same_seed_schedule,False,14,-3.8601964280746555,0.024,72,0.976,1.0741138560687433,2793,1,2609,0.2659981356173016,False,-10.912404181092972,False,ok,,0.0012569170212373137
14,5,Normal,3000,5,0.1,3,2026105703,7.052207753018317,new_lower_rho_same_seed_schedule,False,15,-3.7532147226013066,0.016,48,0.984,1.048951048951049,2860,1,2733,0.15200890337772116,False,-10.805422475619624,False,ok,,0.0011482909903861582
14,5,Normal,3000,5,0.1,3,2026105703,7.052207753018317,new_lower_rho_same_seed_schedule,False,16,-4.088188194144872,0.005,15,0.995,1.0398613518197575,2885,1,2774,0.09466163081568806,False,-11.140395947163189,False,ok,,0.0010978750069625676
14,5,Normal,3000,5,0.1,3,2026105703,7.052207753018317,new_lower_rho_same_seed_schedule,False,17,-4.998401385222497,0.0036666666666666666,11,0.9963333333333333,1.0256410256410255,2925,1,2854,0.06528967143450105,False,-12.050609138240814,False,ok,,0.0010332909878343344
14,5,Normal,3000,5,0.1,3,2026105703,7.052207753018317,new_lower_rho_same_seed_schedule,False,18,-5.333992934258305,0.0026666666666666666,8,0.9973333333333333,1.0211027910142954,2938,1,2878,0.05422404219528153,False,-12.386200687276622,False,ok,,0.0010070829885080457
14,5,Normal,3000,5,0.1,3,2026105703,7.052207753018317,new_lower_rho_same_seed_schedule,False,19,-5.900583144171034,0.001,3,0.999,1.015228426395939,2955,1,2910,0.029999999999999978,False,-12.952790897189352,False,ok,,0.0011075420188717544
14,5,Normal,3000,5,0.1,3,2026105703,7.052207753018317,new_lower_rho_same_seed_schedule,False,20,0.0,0.0,0,1.0,1.0101010101010102,2970,1,2940,0.01999999999999999,False,-7.052207753018317,True,ok,,0.0013535830075852573
14,5,Normal,3000,5,0.1,3,2026105703,7.052207753018317,new_lower_rho_same_seed_schedule,False,21,-4.826631955097598,0.0003333333333333333,1,0.9996666666666667,1.0121457489878543,2964,1,2928,0.023999999999999987,False,-11.878839708115915,False,ok,,0.0010150420130230486
14,5,Normal,3000,5,0.1,3,2026105703,7.052207753018317,new_lower_rho_same_seed_schedule,False,22,-4.712540405165876,0.0003333333333333333,1,0.9996666666666667,1.0067114093959733,2980,1,2960,0.013333333333333326,False,-11.764748158184194,False,ok,,0.000971500005107373
14,5,Normal,3000,5,0.1,3,2026105703,7.052207753018317,new_lower_rho_same_seed_schedule,False,23,0.0,0.0,0,1.0,1.0060362173038229,2982,1,2964,0.011999999999999997,False,-7.052207753018317,True,ok,,0.0010183749836869538
14,5,Normal,3000,5,0.1,3,2026105703,7.052207753018317,new_lower_rho_same_seed_schedule,False,24,-6.129664927665581,0.0003333333333333333,1,0.9996666666666667,1.0050251256281406,2985,1,2970,0.009999999999999997,False,-13.181872680683899,False,ok,,0.0010289999772794545
14,5,Normal,3000,5,0.1,3,2026105703,7.052207753018317,new_lower_rho_same_seed_schedule,False,25,-8.328421259630893,0.0003333333333333333,1,0.9996666666666667,1.0033444816053512,2990,1,2980,0.006666666666666667,False,-15.38062901264921,False,ok,,0.000975875009316951
14,5,Normal,3000,5,0.1,3,2026105703,7.052207753018317,new_lower_rho_same_seed_schedule,False,26,0.0,0.0,0,1.0,1.0026737967914439,2992,1,2984,0.005333333333333333,False,-7.052207753018317,True,ok,,0.0009515830315649509
14,5,Normal,3000,5,0.1,3,2026105703,7.052207753018317,new_lower_rho_same_seed_schedule,False,27,0.0,0.0,0,1.0,1.0036801605888257,2989,1,2978,0.007333333333333331,False,-7.052207753018317,True,ok,,0.0009603329817764461
14,5,Normal,3000,5,0.1,3,2026105703,7.052207753018317,new_lower_rho_same_seed_schedule,False,28,-7.326880757006346,0.0003333333333333333,1,0.9996666666666667,1.0026737967914439,2992,1,2984,0.005333333333333333,False,-14.379088510024662,False,ok,,0.0009359579998999834
14,5,Normal,3000,5,0.1,3,2026105703,7.052207753018317,new_lower_rho_same_seed_schedule,False,29,-8.328421259630893,0.0003333333333333333,1,0.9996666666666667,1.0023387905111927,2993,1,2986,0.004666666666666667,False,-15.38062901264921,False,ok,,0.0009429589845240116
14,5,Normal,3000,5,0.1,3,2026105703,7.052207753018317,new_lower_rho_same_seed_schedule,False,30,0.0,0.0,0,1.0,1.0003334444814937,2999,1,2998,0.0006666666666666662,False,-7.052207753018317,True,ok,,0.0009193340083584189
14,5,Normal,3000,5,0.1,3,2026105703,7.052207753018317,new_lower_rho_same_seed_schedule,False,31,0.0,0.0,0,1.0,1.0006671114076051,2998,1,2996,0.0013333333333333333,False,-7.052207753018317,True,ok,,0.0009292500326409936
14,5,Normal,3000,5,0.1,3,2026105703,7.052207753018317,new_lower_rho_same_seed_schedule,False,32,0.0,0.0,0,1.0,1.0006671114076051,2998,1,2996,0.0013333333333333333,False,-7.052207753018317,True,ok,,0.0010627079755067825
14,5,Normal,3000,5,0.1,3,2026105703,7.052207753018317,new_lower_rho_same_seed_schedule,False,33,0.0,0.0,0,1.0,1.001669449081803,2995,1,2990,0.0033333333333333327,False,-7.052207753018317,True,ok,,0.001208291039802134
14,5,Normal,3000,5,0.1,3,2026105703,7.052207753018317,new_lower_rho_same_seed_schedule,False,34,0.0,0.0,0,1.0,1.0006671114076051,2998,1,2996,0.001333333333333333,False,-7.052207753018317,True,ok,,0.0010487499530427158
14,5,Normal,3000,5,0.1,3,2026105703,7.052207753018317,new_lower_rho_same_seed_schedule,False,35,0.0,0.0,0,1.0,1.0003334444814937,2999,1,2998,0.0006666666666666666,False,-7.052207753018317,True,ok,,0.0010114580509252846
14,5,Normal,3000,5,0.1,3,2026105703,7.052207753018317,new_lower_rho_same_seed_schedule,False,36,0.0,0.0,0,1.0,1.0006671114076051,2998,1,2996,0.001333333333333333,False,-7.052207753018317,True,ok,,0.00099537504138425
14,5,Normal,3000,5,0.1,3,2026105703,7.052207753018317,new_lower_rho_same_seed_schedule,False,37,0.0,0.0,0,1.0,1.0003334444814937,2999,1,2998,0.0006666666666666663,False,-7.052207753018317,True,ok,,0.0010324999457225204
14,5,Normal,3000,5,0.1,3,2026105703,7.052207753018317,new_lower_rho_same_seed_schedule,False,38,0.0,0.0,0,1.0,1.0,3000,1,3000,0.0,False,-7.052207753018317,True,ok,,0.0009311250178143382
14,5,Normal,3000,5,0.1,3,2026105703,7.052207753018317,new_lower_rho_same_seed_schedule,False,39,0.0,0.0,0,1.0,1.0003334444814937,2999,1,2998,0.0006666666666666663,False,-7.052207753018317,True,ok,,0.0009154590079560876
14,5,Normal,3000,5,0.1,3,2026105703,7.052207753018317,new_lower_rho_same_seed_schedule,False,40,0.0,0.0,0,1.0,1.0,3000,1,3000,0.0,False,-7.052207753018317,True,ok,,0.0009875830146484077
14,5,Normal,3000,5,0.1,4,2026105704,7.052207753018317,new_lower_rho_same_seed_schedule,False,1,7.082739290534958,1.0,3000,0.0,3000.0,1,3000,0,1.1455509701944069,False,0.03053153751664084,False,ok,,0.0011903339764103293
14,5,Normal,3000,5,0.1,4,2026105704,7.052207753018317,new_lower_rho_same_seed_schedule,False,2,6.489130102429171,1.0,3000,0.0,93.75,32,42,0,1.6909841608644078,False,-0.5630776505891459,False,ok,,0.0011204580077901483
14,5,Normal,3000,5,0.1,4,2026105704,7.052207753018317,new_lower_rho_same_seed_schedule,False,3,5.972328679733537,0.9756666666666667,2927,0.024333333333333318,21.12676056338028,142,1,36,1.8597354487809874,False,-1.07987907328478,False,ok,,0.0012525829952210188
14,5,Normal,3000,5,0.1,4,2026105704,7.052207753018317,new_lower_rho_same_seed_schedule,False,4,5.222881542907263,0.9486666666666667,2846,0.05133333333333334,10.79136690647482,278,1,93,2.304162292017979,False,-1.829326210111054,False,ok,,0.0013538749772123992
14,5,Normal,3000,5,0.1,4,2026105704,7.052207753018317,new_lower_rho_same_seed_schedule,False,5,4.349199732664014,0.8843333333333333,2653,0.1156666666666667,6.172839506172839,486,1,201,2.551352217872757,False,-2.7030080203543028,False,ok,,0.0014615000109188259
14,5,Normal,3000,5,0.1,4,2026105704,7.052207753018317,new_lower_rho_same_seed_schedule,False,6,3.2397800145897477,0.793,2379,0.20699999999999996,3.787878787878788,792,1,381,2.7950142953696755,False,-3.8124277384285694,False,ok,,0.0015717920032329857
14,5,Normal,3000,5,0.1,4,2026105704,7.052207753018317,new_lower_rho_same_seed_schedule,False,7,2.1992119030135546,0.6793333333333333,2038,0.32066666666666666,2.7624309392265194,1086,1,587,2.768357690869902,False,-4.8529958500047625,False,ok,,0.001672999991569668
14,5,Normal,3000,5,0.1,4,2026105704,7.052207753018317,new_lower_rho_same_seed_schedule,False,8,1.0552437005997994,0.5546666666666666,1664,0.44533333333333336,2.1306818181818183,1408,1,823,2.6472299261522534,False,-5.996964052418518,False,ok,,0.001892375003080815
14,5,Normal,3000,5,0.1,4,2026105704,7.052207753018317,new_lower_rho_same_seed_schedule,False,9,0.03492466309039249,0.4096666666666667,1229,0.5903333333333334,1.710376282782212,1754,1,1169,2.2474434811500728,False,-7.017283089927925,False,ok,,0.001696542021818459
14,5,Normal,3000,5,0.1,4,2026105704,7.052207753018317,new_lower_rho_same_seed_schedule,False,10,-0.8020416927480305,0.294,882,0.706,1.4880952380952381,2016,1,1445,1.8606122047951597,False,-7.854249445766348,False,ok,,0.0017336669843643904
14,5,Normal,3000,5,0.1,4,2026105704,7.052207753018317,new_lower_rho_same_seed_schedule,False,11,-1.5952062697372604,0.18633333333333332,559,0.8136666666666666,1.3233348037053374,2267,1,1766,1.3235645799358167,False,-8.647414022755578,False,ok,,0.0015927919885143638
14,5,Normal,3000,5,0.1,4,2026105704,7.052207753018317,new_lower_rho_same_seed_schedule,False,12,-2.4597788544228996,0.12033333333333333,361,0.8796666666666667,1.221498371335505,2456,1,2044,0.9660661750756508,False,-9.511986607441216,False,ok,,0.0014507919549942017
14,5,Normal,3000,5,0.1,4,2026105704,7.052207753018317,new_lower_rho_same_seed_schedule,False,13,-2.6332320371061053,0.064,192,0.9359999999999999,1.1534025374855825,2601,1,2272,0.5664077035629285,False,-9.685439790124423,False,ok,,0.0013313330127857625
14,5,Normal,3000,5,0.1,4,2026105704,7.052207753018317,new_lower_rho_same_seed_schedule,False,14,-3.5042228390343255,0.039,117,0.961,1.1135857461024499,2694,1,2427,0.39787643154180957,False,-10.556430592052642,False,ok,,0.0012442499864846468
14,5,Normal,3000,5,0.1,4,2026105704,7.052207753018317,new_lower_rho_same_seed_schedule,False,15,-3.43189556778866,0.027333333333333334,82,0.9726666666666667,1.0818608005769925,2773,1,2570,0.2872631164017016,False,-10.484103320806977,False,ok,,0.0011724589858204126
14,5,Normal,3000,5,0.1,4,2026105704,7.052207753018317,new_lower_rho_same_seed_schedule,False,16,-4.091146156738945,0.013666666666666667,41,0.9863333333333333,1.053001053001053,2849,1,2710,0.16351515785565526,False,-11.143353909757263,False,ok,,0.0010966249974444509
14,5,Normal,3000,5,0.1,4,2026105704,7.052207753018317,new_lower_rho_same_seed_schedule,False,17,-5.014104669654092,0.008666666666666666,26,0.9913333333333333,1.048951048951049,2860,1,2725,0.12467137486710093,False,-12.066312422672409,False,ok,,0.0011105419835075736
14,5,Normal,3000,5,0.1,4,2026105704,7.052207753018317,new_lower_rho_same_seed_schedule,False,18,-5.027240278800113,0.006666666666666667,20,0.9933333333333333,1.032346868547832,2906,1,2817,0.09758853062722762,False,-12.07944803181843,False,ok,,0.0010257920366711915
14,5,Normal,3000,5,0.1,4,2026105704,7.052207753018317,new_lower_rho_same_seed_schedule,False,19,-5.720239397726803,0.0013333333333333333,4,0.9986666666666667,1.02880658436214,2916,1,2832,0.056000000000000084,False,-12.77244715074512,False,ok,,0.0012170000118203461
14,5,Normal,3000,5,0.1,4,2026105704,7.052207753018317,new_lower_rho_same_seed_schedule,False,20,-4.776557558786361,0.005333333333333333,16,0.9946666666666667,1.0186757215619695,2945,1,2893,0.05484660064825389,False,-11.828765311804677,False,ok,,0.0011570000206120312
14,5,Normal,3000,5,0.1,4,2026105704,7.052207753018317,new_lower_rho_same_seed_schedule,False,21,-4.292010565922605,0.0023333333333333335,7,0.9976666666666667,1.0214504596527068,2937,1,2875,0.049697377382836395,False,-11.344218318940921,False,ok,,0.001101458037737757
14,5,Normal,3000,5,0.1,4,2026105704,7.052207753018317,new_lower_rho_same_seed_schedule,False,22,-2.686639405895151,0.0003333333333333333,1,0.9996666666666667,1.0121457489878543,2964,1,2928,0.023999999999999987,False,-9.738847158913469,False,ok,,0.001150582975242287
14,5,Normal,3000,5,0.1,4,2026105704,7.052207753018317,new_lower_rho_same_seed_schedule,False,23,-8.137909030993569,0.0006666666666666666,2,0.9993333333333333,1.007387508394896,2978,1,2956,0.014666666666666661,False,-15.190116784011886,False,ok,,0.0010151250171475112
14,5,Normal,3000,5,0.1,4,2026105704,7.052207753018317,new_lower_rho_same_seed_schedule,False,24,0.0,0.0,0,1.0,1.0070493454179255,2979,1,2958,0.013999999999999999,False,-7.052207753018317,True,ok,,0.0010989999864250422
14,5,Normal,3000,5,0.1,4,2026105704,7.052207753018317,new_lower_rho_same_seed_schedule,False,25,-6.204908043947272,0.0003333333333333333,1,0.9996666666666667,1.007387508394896,2978,1,2956,0.014666666666666661,False,-13.25711579696559,False,ok,,0.0010764579637907445
14,5,Normal,3000,5,0.1,4,2026105704,7.052207753018317,new_lower_rho_same_seed_schedule,False,26,-7.069328356714063,0.0013333333333333333,4,0.9986666666666667,1.0053619302949062,2984,1,2968,0.010666666666666661,False,-14.12153610973238,False,ok,,0.0009726670105010271
14,5,Normal,3000,5,0.1,4,2026105704,7.052207753018317,new_lower_rho_same_seed_schedule,False,27,-6.204908043947272,0.0003333333333333333,1,0.9996666666666667,1.0060362173038229,2982,1,2964,0.011999999999999997,False,-13.25711579696559,False,ok,,0.0010241669951938093
14,5,Normal,3000,5,0.1,4,2026105704,7.052207753018317,new_lower_rho_same_seed_schedule,False,28,-8.002478866300784,0.0013333333333333333,4,0.9986666666666667,1.0026737967914439,2992,1,2985,0.012378017236549918,False,-15.054686619319101,False,ok,,0.0009478750289417803
14,5,Normal,3000,5,0.1,4,2026105704,7.052207753018317,new_lower_rho_same_seed_schedule,False,29,-6.204908043947272,0.0003333333333333333,1,0.9996666666666667,1.0023387905111927,2993,1,2986,0.004666666666666666,False,-13.25711579696559,False,ok,,0.0010434160358272493
14,5,Normal,3000,5,0.1,4,2026105704,7.052207753018317,new_lower_rho_same_seed_schedule,False,30,0.0,0.0,0,1.0,1.0033444816053512,2990,1,2980,0.006666666666666666,False,-7.052207753018317,True,ok,,0.0009364999714307487
14,5,Normal,3000,5,0.1,4,2026105704,7.052207753018317,new_lower_rho_same_seed_schedule,False,31,0.0,0.0,0,1.0,1.0023387905111927,2993,1,2986,0.004666666666666665,False,-7.052207753018317,True,ok,,0.0009195409948006272
14,5,Normal,3000,5,0.1,4,2026105704,7.052207753018317,new_lower_rho_same_seed_schedule,False,32,-13.070611625628661,0.0003333333333333333,1,0.9996666666666667,1.001669449081803,2995,1,2990,0.0033333333333333322,False,-20.12281937864698,False,ok,,0.0011811250005848706
14,5,Normal,3000,5,0.1,4,2026105704,7.052207753018317,new_lower_rho_same_seed_schedule,False,33,0.0,0.0,0,1.0,1.001669449081803,2995,1,2990,0.0033333333333333327,False,-7.052207753018317,True,ok,,0.0010480410419404507
14,5,Normal,3000,5,0.1,4,2026105704,7.052207753018317,new_lower_rho_same_seed_schedule,False,34,-13.070611625628661,0.0003333333333333333,1,0.9996666666666667,1.001669449081803,2995,1,2990,0.003333333333333333,False,-20.12281937864698,False,ok,,0.0011960840201936662
14,5,Normal,3000,5,0.1,4,2026105704,7.052207753018317,new_lower_rho_same_seed_schedule,False,35,0.0,0.0,0,1.0,1.0006671114076051,2998,1,2996,0.0013333333333333322,False,-7.052207753018317,True,ok,,0.0010339589789509773
14,5,Normal,3000,5,0.1,4,2026105704,7.052207753018317,new_lower_rho_same_seed_schedule,False,36,0.0,0.0,0,1.0,1.002004008016032,2994,1,2988,0.004,False,-7.052207753018317,True,ok,,0.0010925829992629588
14,5,Normal,3000,5,0.1,4,2026105704,7.052207753018317,new_lower_rho_same_seed_schedule,False,37,0.0,0.0,0,1.0,1.0003334444814937,2999,1,2998,0.0006666666666666665,False,-7.052207753018317,True,ok,,0.0010095409816130996
14,5,Normal,3000,5,0.1,4,2026105704,7.052207753018317,new_lower_rho_same_seed_schedule,False,38,0.0,0.0,0,1.0,1.0006671114076051,2998,1,2996,0.0013333333333333335,False,-7.052207753018317,True,ok,,0.0009811670170165598
14,5,Normal,3000,5,0.1,4,2026105704,7.052207753018317,new_lower_rho_same_seed_schedule,False,39,0.0,0.0,0,1.0,1.001001001001001,2997,1,2994,0.002,False,-7.052207753018317,True,ok,,0.0010322079760953784
14,5,Normal,3000,5,0.1,4,2026105704,7.052207753018317,new_lower_rho_same_seed_schedule,False,40,-13.070611625628661,0.0003333333333333333,1,0.9996666666666667,1.001001001001001,2997,1,2994,0.0019999999999999996,False,-20.12281937864698,False,ok,,0.0010762499878183007
14,5,Normal,3000,5,0.1,5,2026105705,7.052207753018317,new_lower_rho_same_seed_schedule,False,1,7.051428918535045,1.0,3000,0.0,3000.0,1,3000,0,1.1398775989173542,False,-0.0007788344832722061,False,ok,,0.0012029579957015812
14,5,Normal,3000,5,0.1,5,2026105705,7.052207753018317,new_lower_rho_same_seed_schedule,False,2,6.47211607928473,1.0,3000,0.0,93.75,32,47,0,1.6997909528379718,False,-0.5800916737335875,False,ok,,0.0013121659867465496
14,5,Normal,3000,5,0.1,5,2026105705,7.052207753018317,new_lower_rho_same_seed_schedule,False,3,5.772539781131256,0.975,2925,0.025000000000000022,18.75,160,1,34,1.9925641583720504,False,-1.2796679718870614,False,ok,,0.0014582090079784393
14,5,Normal,3000,5,0.1,5,2026105705,7.052207753018317,new_lower_rho_same_seed_schedule,False,4,4.980867691776132,0.9313333333333333,2794,0.06866666666666665,9.146341463414634,328,1,102,2.369468832026915,False,-2.071340061242185,False,ok,,0.001382625021506101
14,5,Normal,3000,5,0.1,5,2026105705,7.052207753018317,new_lower_rho_same_seed_schedule,False,5,3.9201653618939956,0.8573333333333333,2572,0.14266666666666672,5.1194539249146755,586,1,258,2.696458619919404,False,-3.1320423911243216,False,ok,,0.0015724580152891576
14,5,Normal,3000,5,0.1,5,2026105705,7.052207753018317,new_lower_rho_same_seed_schedule,False,6,2.689243341470567,0.747,2241,0.253,3.278688524590164,915,1,440,2.923081598901762,False,-4.36296441154775,False,ok,,0.0018794999923557043
14,5,Normal,3000,5,0.1,5,2026105705,7.052207753018317,new_lower_rho_same_seed_schedule,False,7,1.5723894583265983,0.6263333333333333,1879,0.3736666666666667,2.3640661938534278,1269,1,734,2.8515958916288024,False,-5.479818294691719,False,ok,,0.001668207987677306
14,5,Normal,3000,5,0.1,5,2026105705,7.052207753018317,new_lower_rho_same_seed_schedule,False,8,0.22136416544988327,0.46366666666666667,1391,0.5363333333333333,1.8303843807199511,1639,1,1020,2.5721952009643334,False,-6.830843587568434,False,ok,,0.0017166670295409858
14,5,Normal,3000,5,0.1,5,2026105705,7.052207753018317,new_lower_rho_same_seed_schedule,False,9,-0.5733027218865878,0.32466666666666666,974,0.6753333333333333,1.5313935681470139,1959,1,1395,1.9106169316545882,False,-7.625510474904905,False,ok,,0.0016362920287065208
14,5,Normal,3000,5,0.1,5,2026105705,7.052207753018317,new_lower_rho_same_seed_schedule,False,10,-1.8493101477311398,0.201,603,0.7989999999999999,1.3374944271065536,2243,1,1730,1.4244729418303532,False,-8.901517900749457,False,ok,,0.0015262080123648047
14,5,Normal,3000,5,0.1,5,2026105705,7.052207753018317,new_lower_rho_same_seed_schedule,False,11,-1.7824746228686381,0.11933333333333333,358,0.8806666666666667,1.2376237623762376,2424,1,1986,0.9254828042040321,False,-8.834682375886956,False,ok,,0.0015018749982118607
14,5,Normal,3000,5,0.1,5,2026105705,7.052207753018317,new_lower_rho_same_seed_schedule,False,12,-2.6454919813092563,0.06633333333333333,199,0.9336666666666666,1.1489850631941785,2611,1,2294,0.5955351449995606,False,-9.697699734327573,False,ok,,0.0012960000312887132
14,5,Normal,3000,5,0.1,5,2026105705,7.052207753018317,new_lower_rho_same_seed_schedule,False,13,-3.000883936882784,0.041,123,0.959,1.1070110701107012,2710,1,2462,0.3664503756806723,False,-10.053091689901102,False,ok,,0.0012279169750399888
14,5,Normal,3000,5,0.1,5,2026105705,7.052207753018317,new_lower_rho_same_seed_schedule,False,14,-3.940723297855328,0.018666666666666668,56,0.9813333333333333,1.0687566797292483,2807,1,2632,0.235053624779619,False,-10.992931050873645,False,ok,,0.0012250420404598117
14,5,Normal,3000,5,0.1,5,2026105705,7.052207753018317,new_lower_rho_same_seed_schedule,False,15,-4.069297684057888,0.011666666666666667,35,0.9883333333333333,1.053370786516854,2848,1,2706,0.1544628895398726,False,-11.121505437076205,False,ok,,0.0010700840502977371
14,5,Normal,3000,5,0.1,5,2026105705,7.052207753018317,new_lower_rho_same_seed_schedule,False,16,-3.918506700781219,0.004666666666666667,14,0.9953333333333333,1.0359116022099448,2896,1,2796,0.09394982593578571,False,-10.970714453799536,False,ok,,0.001039499999023974
14,5,Normal,3000,5,0.1,5,2026105705,7.052207753018317,new_lower_rho_same_seed_schedule,False,17,-4.710213691560361,0.0023333333333333335,7,0.9976666666666667,1.0263427984946973,2923,1,2847,0.057507641812914394,False,-11.762421444578678,False,ok,,0.0010067500406876206
14,5,Normal,3000,5,0.1,5,2026105705,7.052207753018317,new_lower_rho_same_seed_schedule,False,18,-5.3497038351145605,0.001,3,0.999,1.0224948875255624,2934,1,2868,0.04400000000000004,False,-12.401911588132878,False,ok,,0.0011073340428993106
14,5,Normal,3000,5,0.1,5,2026105705,7.052207753018317,new_lower_rho_same_seed_schedule,False,19,-5.301754557123444,0.002,6,0.998,1.015572105619499,2954,1,2909,0.03686207487191283,False,-12.35396231014176,False,ok,,0.00118583400035277
14,5,Normal,3000,5,0.1,5,2026105705,7.052207753018317,new_lower_rho_same_seed_schedule,False,20,-5.143458809315743,0.001,3,0.999,1.0124873439082012,2963,1,2927,0.03084097514624765,False,-12.195666562334061,False,ok,,0.0010885830270126462
14,5,Normal,3000,5,0.1,5,2026105705,7.052207753018317,new_lower_rho_same_seed_schedule,False,21,-5.8697299368668805,0.0013333333333333333,4,0.9986666666666667,1.0080645161290323,2976,1,2952,0.015999999999999993,False,-12.921937689885198,False,ok,,0.0010840000468306243
14,5,Normal,3000,5,0.1,5,2026105705,7.052207753018317,new_lower_rho_same_seed_schedule,False,22,-7.518898812659465,0.0003333333333333333,1,0.9996666666666667,1.0056989607777405,2983,1,2966,0.01133333333333333,False,-14.571106565677782,False,ok,,0.0010849169921129942
14,5,Normal,3000,5,0.1,5,2026105705,7.052207753018317,new_lower_rho_same_seed_schedule,False,23,-5.097529103055961,0.0003333333333333333,1,0.9996666666666667,1.0050251256281406,2985,1,2970,0.009999999999999997,False,-12.149736856074277,False,ok,,0.000970749999396503
14,5,Normal,3000,5,0.1,5,2026105705,7.052207753018317,new_lower_rho_same_seed_schedule,False,24,0.0,0.0,0,1.0,1.0040160642570282,2988,1,2976,0.008,False,-7.052207753018317,True,ok,,0.0010189589811488986
14,5,Normal,3000,5,0.1,5,2026105705,7.052207753018317,new_lower_rho_same_seed_schedule,False,25,0.0,0.0,0,1.0,1.0036801605888257,2989,1,2978,0.0073333333333333315,False,-7.052207753018317,True,ok,,0.0009424579911865294
14,5,Normal,3000,5,0.1,5,2026105705,7.052207753018317,new_lower_rho_same_seed_schedule,False,26,0.0,0.0,0,1.0,1.0026737967914439,2992,1,2984,0.005333333333333332,False,-7.052207753018317,True,ok,,0.0009419170091859996
14,5,Normal,3000,5,0.1,5,2026105705,7.052207753018317,new_lower_rho_same_seed_schedule,False,27,-4.033671685314163,0.0003333333333333333,1,0.9996666666666667,1.0033444816053512,2990,1,2980,0.006666666666666666,False,-11.08587943833248,False,ok,,0.0009381250129081309
14,5,Normal,3000,5,0.1,5,2026105705,7.052207753018317,new_lower_rho_same_seed_schedule,False,28,0.0,0.0,0,1.0,1.002004008016032,2994,1,2988,0.003999999999999998,False,-7.052207753018317,True,ok,,0.0009106670040637255
14,5,Normal,3000,5,0.1,5,2026105705,7.052207753018317,new_lower_rho_same_seed_schedule,False,29,0.0,0.0,0,1.0,1.0023387905111927,2993,1,2986,0.004666666666666667,False,-7.052207753018317,True,ok,,0.0009046249906532466
14,5,Normal,3000,5,0.1,5,2026105705,7.052207753018317,new_lower_rho_same_seed_schedule,False,30,-7.518898812659465,0.0003333333333333333,1,0.9996666666666667,1.0033444816053512,2990,1,2980,0.0066666666666666645,False,-14.571106565677782,False,ok,,0.0009024579776450992
14,5,Normal,3000,5,0.1,5,2026105705,7.052207753018317,new_lower_rho_same_seed_schedule,False,31,0.0,0.0,0,1.0,1.0013351134846462,2996,1,2992,0.002666666666666666,False,-7.052207753018317,True,ok,,0.0011512920027598739
14,5,Normal,3000,5,0.1,5,2026105705,7.052207753018317,new_lower_rho_same_seed_schedule,False,32,-7.518898812659465,0.0003333333333333333,1,0.9996666666666667,1.0013351134846462,2996,1,2992,0.002666666666666666,False,-14.571106565677782,False,ok,,0.001057166955433786
14,5,Normal,3000,5,0.1,5,2026105705,7.052207753018317,new_lower_rho_same_seed_schedule,False,33,0.0,0.0,0,1.0,1.001001001001001,2997,1,2994,0.0019999999999999996,False,-7.052207753018317,True,ok,,0.0010628749732859433
14,5,Normal,3000,5,0.1,5,2026105705,7.052207753018317,new_lower_rho_same_seed_schedule,False,34,-7.518898812659465,0.0003333333333333333,1,0.9996666666666667,1.001669449081803,2995,1,2990,0.0033333333333333327,False,-14.571106565677782,False,ok,,0.0010581670212559402
14,5,Normal,3000,5,0.1,5,2026105705,7.052207753018317,new_lower_rho_same_seed_schedule,False,35,0.0,0.0,0,1.0,1.0006671114076051,2998,1,2996,0.001333333333333333,False,-7.052207753018317,True,ok,,0.0011404160177335143
14,5,Normal,3000,5,0.1,5,2026105705,7.052207753018317,new_lower_rho_same_seed_schedule,False,36,0.0,0.0,0,1.0,1.0006671114076051,2998,1,2996,0.001333333333333333,False,-7.052207753018317,True,ok,,0.0010643330169841647
14,5,Normal,3000,5,0.1,5,2026105705,7.052207753018317,new_lower_rho_same_seed_schedule,False,37,0.0,0.0,0,1.0,1.0003334444814937,2999,1,2998,0.0006666666666666668,False,-7.052207753018317,True,ok,,0.0009505830239504576
14,5,Normal,3000,5,0.1,5,2026105705,7.052207753018317,new_lower_rho_same_seed_schedule,False,38,0.0,0.0,0,1.0,1.0006671114076051,2998,1,2996,0.0013333333333333329,False,-7.052207753018317,True,ok,,0.0009066250058822334
14,5,Normal,3000,5,0.1,5,2026105705,7.052207753018317,new_lower_rho_same_seed_schedule,False,39,-7.518898812659465,0.0003333333333333333,1,0.9996666666666667,1.0006671114076051,2998,1,2996,0.0013333333333333335,False,-14.571106565677782,False,ok,,0.0009034160175360739
14,5,Normal,3000,5,0.1,5,2026105705,7.052207753018317,new_lower_rho_same_seed_schedule,False,40,0.0,0.0,0,1.0,1.0003334444814937,2999,1,2998,0.0006666666666666664,False,-7.052207753018317,True,ok,,0.0008984169689938426
14,5,Normal,3000,5,0.1,6,2026105706,7.052207753018317,new_lower_rho_same_seed_schedule,False,1,7.04560980911862,1.0,3000,0.0,3000.0,1,3000,0,1.145305350764138,False,-0.006597943899697256,False,ok,,0.0012133749551139772
14,5,Normal,3000,5,0.1,6,2026105706,7.052207753018317,new_lower_rho_same_seed_schedule,False,2,6.451987111270722,1.0,3000,0.0,93.75,32,30,0,1.6766461938257016,False,-0.6002206417475948,False,ok,,0.0011000829981639981
14,5,Normal,3000,5,0.1,6,2026105706,7.052207753018317,new_lower_rho_same_seed_schedule,False,3,5.960494006106487,0.9786666666666667,2936,0.021333333333333315,21.8978102189781,137,1,36,1.9077625985427296,False,-1.0917137469118305,False,ok,,0.0013154590269550681
14,5,Normal,3000,5,0.1,6,2026105706,7.052207753018317,new_lower_rho_same_seed_schedule,False,4,5.184306046602718,0.9473333333333334,2842,0.05266666666666664,11.07011070110701,271,1,84,2.2574626404291407,False,-1.8679017064155987,False,ok,,0.0013834999990649521
14,5,Normal,3000,5,0.1,6,2026105706,7.052207753018317,new_lower_rho_same_seed_schedule,False,5,4.2759693488022394,0.891,2673,0.10899999999999999,6.109979633401222,491,1,209,2.6873174807267315,False,-2.7762384042160777,False,ok,,0.00154412497067824
14,5,Normal,3000,5,0.1,6,2026105706,7.052207753018317,new_lower_rho_same_seed_schedule,False,6,3.221197083196569,0.7883333333333333,2365,0.21166666666666667,3.787878787878788,792,1,371,2.8485178880432906,False,-3.8310106698217483,False,ok,,0.0017416659975424409
14,5,Normal,3000,5,0.1,6,2026105706,7.052207753018317,new_lower_rho_same_seed_schedule,False,7,2.0957885343885483,0.675,2025,0.32499999999999996,2.6881720430107525,1116,1,599,2.8990825147789683,False,-4.956419218629769,False,ok,,0.0018913339590653777
14,5,Normal,3000,5,0.1,6,2026105706,7.052207753018317,new_lower_rho_same_seed_schedule,False,8,0.945842160780537,0.544,1632,0.45599999999999996,2.0775623268698062,1444,1,852,2.6669315803256612,False,-6.10636559223778,False,ok,,0.0017242089961655438
14,5,Normal,3000,5,0.1,6,2026105706,7.052207753018317,new_lower_rho_same_seed_schedule,False,9,-0.12188718377336255,0.4013333333333333,1204,0.5986666666666667,1.6731734523145567,1793,1,1201,2.3110197239614156,False,-7.17409493679168,False,ok,,0.0016689589829184115
14,5,Normal,3000,5,0.1,6,2026105706,7.052207753018317,new_lower_rho_same_seed_schedule,False,10,-1.0421677230959117,0.288,864,0.712,1.4577259475218658,2058,1,1498,1.8726201356226744,False,-8.094375476114228,False,ok,,0.0015904169995337725
14,5,Normal,3000,5,0.1,6,2026105706,7.052207753018317,new_lower_rho_same_seed_schedule,False,11,-1.9089963848632245,0.17533333333333334,526,0.8246666666666667,1.3049151805132666,2299,1,1819,1.2743014748690413,False,-8.961204137881541,False,ok,,0.0014864580007269979
14,5,Normal,3000,5,0.1,6,2026105706,7.052207753018317,new_lower_rho_same_seed_schedule,False,12,-2.550017230906016,0.095,285,0.905,1.195695496213631,2509,1,2123,0.8163614954966731,False,-9.602224983924334,False,ok,,0.0013674580259248614
14,5,Normal,3000,5,0.1,6,2026105706,7.052207753018317,new_lower_rho_same_seed_schedule,False,13,-2.6575079501020613,0.058333333333333334,175,0.9416666666666667,1.1376564277588168,2637,1,2338,0.5348555139721353,False,-9.709715703120379,False,ok,,0.0012512090033851564
14,5,Normal,3000,5,0.1,6,2026105706,7.052207753018317,new_lower_rho_same_seed_schedule,False,14,-3.3661095760909148,0.03766666666666667,113,0.9623333333333334,1.1111111111111112,2700,1,2439,0.36809992746828074,False,-10.418317329109232,False,ok,,0.0012781670084223151
14,5,Normal,3000,5,0.1,6,2026105706,7.052207753018317,new_lower_rho_same_seed_schedule,False,15,-3.3969475506964284,0.018666666666666668,56,0.9813333333333333,1.0718113612004287,2799,1,2615,0.217444964348308,False,-10.449155303714745,False,ok,,0.001268666994292289
14,5,Normal,3000,5,0.1,6,2026105706,7.052207753018317,new_lower_rho_same_seed_schedule,False,16,-4.181477509604229,0.015666666666666666,47,0.9843333333333333,1.0555946516537649,2842,1,2697,0.19334446135369465,False,-11.233685262622547,False,ok,,0.0012018750421702862
14,5,Normal,3000,5,0.1,6,2026105706,7.052207753018317,new_lower_rho_same_seed_schedule,False,17,-4.233338322749044,0.007,21,0.993,1.0387811634349031,2888,1,2781,0.10308340628504818,False,-11.28554607576736,False,ok,,0.0012019170098938048
14,5,Normal,3000,5,0.1,6,2026105706,7.052207753018317,new_lower_rho_same_seed_schedule,False,18,-4.466842093774775,0.004666666666666667,14,0.9953333333333333,1.0228435049437437,2933,1,2869,0.06438566771182154,False,-11.519049846793092,False,ok,,0.0010259159607812762
14,5,Normal,3000,5,0.1,6,2026105706,7.052207753018317,new_lower_rho_same_seed_schedule,False,19,-4.802720301992415,0.0023333333333333335,7,0.9976666666666667,1.0207553589656346,2939,1,2878,0.04066666666666669,False,-11.854928055010731,False,ok,,0.0010193330235779285
14,5,Normal,3000,5,0.1,6,2026105706,7.052207753018317,new_lower_rho_same_seed_schedule,False,20,-4.276427335646311,0.004,12,0.996,1.016260162601626,2952,1,2907,0.047600606911754835,False,-11.328635088664628,False,ok,,0.0010667919996194541
14,5,Normal,3000,5,0.1,6,2026105706,7.052207753018317,new_lower_rho_same_seed_schedule,False,21,-5.1873547201121575,0.0016666666666666668,5,0.9983333333333333,1.0148849797023005,2956,1,2912,0.029333333333333315,False,-12.239562473130475,False,ok,,0.0011175419786013663
14,5,Normal,3000,5,0.1,6,2026105706,7.052207753018317,new_lower_rho_same_seed_schedule,False,22,-6.100665454320014,0.0023333333333333335,7,0.9976666666666667,1.0135135135135136,2960,1,2922,0.03959573447666125,False,-13.152873207338331,False,ok,,0.0010795000125654042
14,5,Normal,3000,5,0.1,6,2026105706,7.052207753018317,new_lower_rho_same_seed_schedule,False,23,-6.3583653870536345,0.0006666666666666666,2,0.9993333333333333,1.0070493454179255,2979,1,2958,0.013999999999999993,False,-13.410573140071952,False,ok,,0.0009863750310614705
14,5,Normal,3000,5,0.1,6,2026105706,7.052207753018317,new_lower_rho_same_seed_schedule,False,24,-4.553605329148163,0.0003333333333333333,1,0.9996666666666667,1.0097610232245036,2971,1,2942,0.019333333333333324,False,-11.605813082166481,False,ok,,0.0009983750060200691
14,5,Normal,3000,5,0.1,6,2026105706,7.052207753018317,new_lower_rho_same_seed_schedule,False,25,-3.678838481286067,0.0003333333333333333,1,0.9996666666666667,1.0053619302949062,2984,1,2968,0.010666666666666665,False,-10.731046234304383,False,ok,,0.0010067910188809037
14,5,Normal,3000,5,0.1,6,2026105706,7.052207753018317,new_lower_rho_same_seed_schedule,False,26,-6.929313608670427,0.0016666666666666668,5,0.9983333333333333,1.0053619302949062,2984,1,2969,0.018404569952903006,False,-13.981521361688744,False,ok,,0.0010361250024288893
14,5,Normal,3000,5,0.1,6,2026105706,7.052207753018317,new_lower_rho_same_seed_schedule,False,27,-2.170794297710398,0.0003333333333333333,1,0.9996666666666667,1.0033444816053512,2990,1,2980,0.006666666666666667,False,-9.223002050728715,False,ok,,0.0010264160227961838
14,5,Normal,3000,5,0.1,6,2026105706,7.052207753018317,new_lower_rho_same_seed_schedule,False,28,-11.539945768237436,0.0003333333333333333,1,0.9996666666666667,1.0023387905111927,2993,1,2986,0.004666666666666665,False,-18.592153521255753,False,ok,,0.0009589589899405837
14,5,Normal,3000,5,0.1,6,2026105706,7.052207753018317,new_lower_rho_same_seed_schedule,False,29,-7.540890508364554,0.0006666666666666666,2,0.9993333333333333,1.004352192835621,2987,1,2974,0.008666666666666665,False,-14.59309826138287,False,ok,,0.000972583016846329
14,5,Normal,3000,5,0.1,6,2026105706,7.052207753018317,new_lower_rho_same_seed_schedule,False,30,-11.539945768237436,0.0003333333333333333,1,0.9996666666666667,1.0026737967914439,2992,1,2984,0.005333333333333332,False,-18.592153521255753,False,ok,,0.000948707980569452
14,5,Normal,3000,5,0.1,6,2026105706,7.052207753018317,new_lower_rho_same_seed_schedule,False,31,-8.728378091727633,0.0003333333333333333,1,0.9996666666666667,1.002004008016032,2994,1,2988,0.003999999999999999,False,-15.78058584474595,False,ok,,0.0009549580281600356
14,5,Normal,3000,5,0.1,6,2026105706,7.052207753018317,new_lower_rho_same_seed_schedule,False,32,-11.539945768237436,0.0003333333333333333,1,0.9996666666666667,1.0006671114076051,2998,1,2996,0.0013333333333333335,False,-18.592153521255753,False,ok,,0.0009387499885633588
14,5,Normal,3000,5,0.1,6,2026105706,7.052207753018317,new_lower_rho_same_seed_schedule,False,33,0.0,0.0,0,1.0,1.0013351134846462,2996,1,2992,0.0026666666666666657,False,-7.052207753018317,True,ok,,0.0010076250182464719
14,5,Normal,3000,5,0.1,6,2026105706,7.052207753018317,new_lower_rho_same_seed_schedule,False,34,0.0,0.0,0,1.0,1.0013351134846462,2996,1,2992,0.0026666666666666666,False,-7.052207753018317,True,ok,,0.0009344160207547247
14,5,Normal,3000,5,0.1,6,2026105706,7.052207753018317,new_lower_rho_same_seed_schedule,False,35,0.0,0.0,0,1.0,1.0006671114076051,2998,1,2996,0.001333333333333333,False,-7.052207753018317,True,ok,,0.0009466250194236636
14,5,Normal,3000,5,0.1,6,2026105706,7.052207753018317,new_lower_rho_same_seed_schedule,False,36,0.0,0.0,0,1.0,1.001669449081803,2995,1,2990,0.0033333333333333327,False,-7.052207753018317,True,ok,,0.0010592499747872353
14,5,Normal,3000,5,0.1,6,2026105706,7.052207753018317,new_lower_rho_same_seed_schedule,False,37,0.0,0.0,0,1.0,1.0013351134846462,2996,1,2992,0.002666666666666666,False,-7.052207753018317,True,ok,,0.0011296659940853715
14,5,Normal,3000,5,0.1,6,2026105706,7.052207753018317,new_lower_rho_same_seed_schedule,False,38,0.0,0.0,0,1.0,1.0006671114076051,2998,1,2996,0.0013333333333333333,False,-7.052207753018317,True,ok,,0.001081500027794391
14,5,Normal,3000,5,0.1,6,2026105706,7.052207753018317,new_lower_rho_same_seed_schedule,False,39,0.0,0.0,0,1.0,1.001669449081803,2995,1,2990,0.003333333333333333,False,-7.052207753018317,True,ok,,0.0010512499720789492
14,5,Normal,3000,5,0.1,6,2026105706,7.052207753018317,new_lower_rho_same_seed_schedule,False,40,0.0,0.0,0,1.0,1.0,3000,1,3000,0.0,False,-7.052207753018317,True,ok,,0.0009293329785577953
14,5,Normal,3000,5,0.1,7,2026105707,7.052207753018317,new_lower_rho_same_seed_schedule,False,1,7.066354857113157,1.0,3000,0.0,3000.0,1,3000,0,1.1466757521584359,False,0.014147104094839769,False,ok,,0.0012318750377744436
14,5,Normal,3000,5,0.1,7,2026105707,7.052207753018317,new_lower_rho_same_seed_schedule,False,2,6.450552716283308,1.0,3000,0.0,93.75,32,42,0,1.686367958781019,False,-0.6016550367350089,False,ok,,0.0011318749748170376
14,5,Normal,3000,5,0.1,7,2026105707,7.052207753018317,new_lower_rho_same_seed_schedule,False,3,5.82896681509837,0.977,2931,0.02300000000000002,19.35483870967742,155,1,37,1.9591871967774122,False,-1.2232409379199476,False,ok,,0.0013072500005364418
14,5,Normal,3000,5,0.1,7,2026105707,7.052207753018317,new_lower_rho_same_seed_schedule,False,4,4.955157780862052,0.9276666666666666,2783,0.07233333333333336,8.955223880597014,335,1,110,2.359951137818137,False,-2.097049972156265,False,ok,,0.00136058300267905
14,5,Normal,3000,5,0.1,7,2026105707,7.052207753018317,new_lower_rho_same_seed_schedule,False,5,4.114527492274636,0.8616666666666667,2585,0.1383333333333333,5.253940455341506,571,1,249,2.6757500959059204,False,-2.937680260743681,False,ok,,0.0015403330326080322
14,5,Normal,3000,5,0.1,7,2026105707,7.052207753018317,new_lower_rho_same_seed_schedule,False,6,2.857751328240496,0.7696666666666667,2309,0.23033333333333328,3.420752565564424,877,1,424,2.9532704810944446,False,-4.194456424777821,False,ok,,0.0017614579992368817
14,5,Normal,3000,5,0.1,7,2026105707,7.052207753018317,new_lower_rho_same_seed_schedule,False,7,1.5898054810001523,0.6283333333333333,1885,0.3716666666666667,2.4115755627009645,1244,1,694,2.821346293628128,False,-5.462402272018165,False,ok,,0.0019563339883461595
14,5,Normal,3000,5,0.1,7,2026105707,7.052207753018317,new_lower_rho_same_seed_schedule,False,8,0.5064328308673599,0.46366666666666667,1391,0.5363333333333333,1.8359853121175032,1634,1,1052,2.373088777171182,False,-6.545774922150957,False,ok,,0.001682375033851713
14,5,Normal,3000,5,0.1,7,2026105707,7.052207753018317,new_lower_rho_same_seed_schedule,False,9,-0.5827391337958292,0.3476666666666667,1043,0.6523333333333333,1.5641293013555788,1918,1,1341,2.0908868101174676,False,-7.634946886814147,False,ok,,0.0016270839842036366
14,5,Normal,3000,5,0.1,7,2026105707,7.052207753018317,new_lower_rho_same_seed_schedule,False,10,-1.5225021037301327,0.21166666666666667,635,0.7883333333333333,1.3507429085997298,2221,1,1704,1.4782083230940062,False,-8.57470985674845,False,ok,,0.0015369999455288053
14,5,Normal,3000,5,0.1,7,2026105707,7.052207753018317,new_lower_rho_same_seed_schedule,False,11,-2.1960884665496865,0.15466666666666667,464,0.8453333333333333,1.2489592006661117,2402,1,1991,1.1081148683487125,False,-9.248296219568005,False,ok,,0.0013987079728394747
14,5,Normal,3000,5,0.1,7,2026105707,7.052207753018317,new_lower_rho_same_seed_schedule,False,12,-2.8938153543834764,0.073,219,0.927,1.1547344110854503,2598,1,2270,0.639200433635036,False,-9.946023107401793,False,ok,,0.0012976249563507736
14,5,Normal,3000,5,0.1,7,2026105707,7.052207753018317,new_lower_rho_same_seed_schedule,False,13,-3.0184378477006177,0.04766666666666667,143,0.9523333333333334,1.1127596439169138,2696,1,2443,0.43264712172520176,False,-10.070645600718935,False,ok,,0.0011975830420851707
14,5,Normal,3000,5,0.1,7,2026105707,7.052207753018317,new_lower_rho_same_seed_schedule,False,14,-4.067529649368119,0.028333333333333332,85,0.9716666666666667,1.0822510822510822,2772,1,2570,0.3120637517180267,False,-11.119737402386436,False,ok,,0.0011400409857742488
14,5,Normal,3000,5,0.1,7,2026105707,7.052207753018317,new_lower_rho_same_seed_schedule,False,15,-3.645063283063276,0.014666666666666666,44,0.9853333333333333,1.0548523206751055,2844,1,2698,0.16741263498179085,False,-10.697271036081593,False,ok,,0.001070750004146248
14,5,Normal,3000,5,0.1,7,2026105707,7.052207753018317,new_lower_rho_same_seed_schedule,False,16,-4.053835644840957,0.006666666666666667,20,0.9933333333333333,1.040943789035392,2882,1,2768,0.10229402813153535,False,-11.106043397859274,False,ok,,0.0010372090036980808
14,5,Normal,3000,5,0.1,7,2026105707,7.052207753018317,new_lower_rho_same_seed_schedule,False,17,-4.548801049658133,0.012,36,0.988,1.0334137099552188,2903,1,2815,0.12010557781721012,False,-11.60100880267645,False,ok,,0.001068459008820355
14,5,Normal,3000,5,0.1,7,2026105707,7.052207753018317,new_lower_rho_same_seed_schedule,False,18,-3.2761247809170726,0.0016666666666666668,5,0.9983333333333333,1.0231923601637107,2932,1,2865,0.05184693821359775,False,-10.32833253393539,False,ok,,0.0011154579697176814
14,5,Normal,3000,5,0.1,7,2026105707,7.052207753018317,new_lower_rho_same_seed_schedule,False,19,-5.815971667422782,0.004,12,0.996,1.021798365122616,2936,1,2874,0.05429877162761502,False,-12.868179420441098,False,ok,,0.0010614590137265623
14,5,Normal,3000,5,0.1,7,2026105707,7.052207753018317,new_lower_rho_same_seed_schedule,False,20,-4.3910169039678495,0.003,9,0.997,1.0124873439082012,2963,1,2928,0.03728552813935842,False,-11.443224656986168,False,ok,,0.0010116250487044454
14,5,Normal,3000,5,0.1,7,2026105707,7.052207753018317,new_lower_rho_same_seed_schedule,False,21,-5.6980359841141714,0.0016666666666666668,5,0.9983333333333333,1.0121457489878543,2964,1,2929,0.028503766803445147,False,-12.75024373713249,False,ok,,0.001376083993818611
14,5,Normal,3000,5,0.1,7,2026105707,7.052207753018317,new_lower_rho_same_seed_schedule,False,22,0.0,0.0,0,1.0,1.0080645161290323,2976,1,2952,0.015999999999999993,False,-7.052207753018317,True,ok,,0.0011287090019322932
14,5,Normal,3000,5,0.1,7,2026105707,7.052207753018317,new_lower_rho_same_seed_schedule,False,23,-9.66129954694394,0.0013333333333333333,4,0.9986666666666667,1.0056989607777405,2983,1,2967,0.020603656430797524,False,-16.71350729996226,False,ok,,0.0010304590105079114
14,5,Normal,3000,5,0.1,7,2026105707,7.052207753018317,new_lower_rho_same_seed_schedule,False,24,0.0,0.0,0,1.0,1.0040160642570282,2988,1,2976,0.007999999999999998,False,-7.052207753018317,True,ok,,0.0009805000154301524
14,5,Normal,3000,5,0.1,7,2026105707,7.052207753018317,new_lower_rho_same_seed_schedule,False,25,-6.24333330640464,0.0003333333333333333,1,0.9996666666666667,1.0030090270812437,2991,1,2982,0.0059999999999999975,False,-13.295541059422957,False,ok,,0.0009627090184949338
14,5,Normal,3000,5,0.1,7,2026105707,7.052207753018317,new_lower_rho_same_seed_schedule,False,26,-5.951141035245538,0.0006666666666666666,2,0.9993333333333333,1.0030090270812437,2991,1,2982,0.006,False,-13.003348788263855,False,ok,,0.0009449580102227628
14,5,Normal,3000,5,0.1,7,2026105707,7.052207753018317,new_lower_rho_same_seed_schedule,False,27,0.0,0.0,0,1.0,1.0023387905111927,2993,1,2986,0.004666666666666665,False,-7.052207753018317,True,ok,,0.0009363749995827675
14,5,Normal,3000,5,0.1,7,2026105707,7.052207753018317,new_lower_rho_same_seed_schedule,False,28,0.0,0.0,0,1.0,1.0006671114076051,2998,1,2996,0.001333333333333333,False,-7.052207753018317,True,ok,,0.0009254579781554639
14,5,Normal,3000,5,0.1,7,2026105707,7.052207753018317,new_lower_rho_same_seed_schedule,False,29,0.0,0.0,0,1.0,1.0023387905111927,2993,1,2986,0.004666666666666666,False,-7.052207753018317,True,ok,,0.0009172499994747341
14,5,Normal,3000,5,0.1,7,2026105707,7.052207753018317,new_lower_rho_same_seed_schedule,False,30,0.0,0.0,0,1.0,1.001001001001001,2997,1,2994,0.0019999999999999996,False,-7.052207753018317,True,ok,,0.0009051249944604933
14,5,Normal,3000,5,0.1,7,2026105707,7.052207753018317,new_lower_rho_same_seed_schedule,False,31,-3.972623968979564,0.0003333333333333333,1,0.9996666666666667,1.0026737967914439,2992,1,2984,0.005333333333333333,False,-11.02483172199788,False,ok,,0.0009120409958995879
14,5,Normal,3000,5,0.1,7,2026105707,7.052207753018317,new_lower_rho_same_seed_schedule,False,32,0.0,0.0,0,1.0,1.0003334444814937,2999,1,2998,0.0006666666666666666,False,-7.052207753018317,True,ok,,0.0009110840037465096
14,5,Normal,3000,5,0.1,7,2026105707,7.052207753018317,new_lower_rho_same_seed_schedule,False,33,0.0,0.0,0,1.0,1.001001001001001,2997,1,2994,0.0019999999999999996,False,-7.052207753018317,True,ok,,0.0009001250145956874
14,5,Normal,3000,5,0.1,7,2026105707,7.052207753018317,new_lower_rho_same_seed_schedule,False,34,0.0,0.0,0,1.0,1.0003334444814937,2999,1,2998,0.0006666666666666666,False,-7.052207753018317,True,ok,,0.0008942499989643693
14,5,Normal,3000,5,0.1,7,2026105707,7.052207753018317,new_lower_rho_same_seed_schedule,False,35,0.0,0.0,0,1.0,1.0003334444814937,2999,1,2998,0.0006666666666666665,False,-7.052207753018317,True,ok,,0.0009999169851653278
14,5,Normal,3000,5,0.1,7,2026105707,7.052207753018317,new_lower_rho_same_seed_schedule,False,36,0.0,0.0,0,1.0,1.001001001001001,2997,1,2994,0.001999999999999999,False,-7.052207753018317,True,ok,,0.0009889579960145056
14,5,Normal,3000,5,0.1,7,2026105707,7.052207753018317,new_lower_rho_same_seed_schedule,False,37,0.0,0.0,0,1.0,1.0,3000,1,3000,0.0,False,-7.052207753018317,True,ok,,0.0010847910307347775
14,5,Normal,3000,5,0.1,7,2026105707,7.052207753018317,new_lower_rho_same_seed_schedule,False,38,0.0,0.0,0,1.0,1.001669449081803,2995,1,2990,0.0033333333333333327,False,-7.052207753018317,True,ok,,0.0009549579699523747
14,5,Normal,3000,5,0.1,7,2026105707,7.052207753018317,new_lower_rho_same_seed_schedule,False,39,0.0,0.0,0,1.0,1.0,3000,1,3000,0.0,False,-7.052207753018317,True,ok,,0.0010917079634964466
14,5,Normal,3000,5,0.1,7,2026105707,7.052207753018317,new_lower_rho_same_seed_schedule,False,40,0.0,0.0,0,1.0,1.001001001001001,2997,1,2994,0.002,False,-7.052207753018317,True,ok,,0.0009244999964721501
14,5,Normal,3000,5,0.1,8,2026105708,7.052207753018317,new_lower_rho_same_seed_schedule,False,1,7.088125610040663,1.0,3000,0.0,3000.0,1,3000,0,1.149353118014577,False,0.035917857022345956,False,ok,,0.0011981669813394547
14,5,Normal,3000,5,0.1,8,2026105708,7.052207753018317,new_lower_rho_same_seed_schedule,False,2,6.491418754694249,1.0,3000,0.0,93.75,32,48,0,1.6881935220201845,False,-0.5607889983240684,False,ok,,0.0011347500258125365
14,5,Normal,3000,5,0.1,8,2026105708,7.052207753018317,new_lower_rho_same_seed_schedule,False,3,5.920852960101546,0.976,2928,0.02400000000000002,20.97902097902098,143,1,39,1.8747761180626257,False,-1.1313547929167713,False,ok,,0.0012774579809047282
14,5,Normal,3000,5,0.1,8,2026105708,7.052207753018317,new_lower_rho_same_seed_schedule,False,4,5.057341227880688,0.945,2835,0.05500000000000005,10.1010101010101,297,1,88,2.360674814267177,False,-1.9948665251376294,False,ok,,0.0013150000013411045
14,5,Normal,3000,5,0.1,8,2026105708,7.052207753018317,new_lower_rho_same_seed_schedule,False,5,4.245794948146978,0.875,2625,0.125,5.7915057915057915,518,1,204,2.662675784422238,False,-2.8064128048713393,False,ok,,0.0014379170024767518
14,5,Normal,3000,5,0.1,8,2026105708,7.052207753018317,new_lower_rho_same_seed_schedule,False,6,3.0484299538578776,0.7843333333333333,2353,0.21566666666666667,3.676470588235294,816,1,370,2.942732739395036,False,-4.0037777991604395,False,ok,,0.0015767919830977917
14,5,Normal,3000,5,0.1,8,2026105708,7.052207753018317,new_lower_rho_same_seed_schedule,False,7,2.0507757455827726,0.652,1956,0.348,2.5553662691652472,1174,1,648,2.8154879531722226,False,-5.001432007435545,False,ok,,0.0016331670340150595
14,5,Normal,3000,5,0.1,8,2026105708,7.052207753018317,new_lower_rho_same_seed_schedule,False,8,0.7939657207458473,0.526,1578,0.474,2.014775016789792,1489,1,889,2.632242737605872,False,-6.25824203227247,False,ok,,0.0016799579607322812
14,5,Normal,3000,5,0.1,8,2026105708,7.052207753018317,new_lower_rho_same_seed_schedule,False,9,-0.2541475703567287,0.3596666666666667,1079,0.6403333333333333,1.6295491580662684,1841,1,1232,2.148942849795264,False,-7.306355323375046,False,ok,,0.0018293330213055015
14,5,Normal,3000,5,0.1,8,2026105708,7.052207753018317,new_lower_rho_same_seed_schedule,False,10,-1.168603515475788,0.25266666666666665,758,0.7473333333333334,1.4191106906338695,2114,1,1566,1.6670760226988384,False,-8.220811268494105,False,ok,,0.0016825409838929772
14,5,Normal,3000,5,0.1,8,2026105708,7.052207753018317,new_lower_rho_same_seed_schedule,False,11,-1.9502149970952223,0.154,462,0.846,1.2815036309269543,2341,1,1874,1.14249153815197,False,-9.002422750113539,False,ok,,0.0015525410417467356
14,5,Normal,3000,5,0.1,8,2026105708,7.052207753018317,new_lower_rho_same_seed_schedule,False,12,-2.5304696245433447,0.08933333333333333,268,0.9106666666666666,1.1811023622047243,2540,1,2175,0.7524229457094319,False,-9.582677377561662,False,ok,,0.001555417024064809
14,5,Normal,3000,5,0.1,8,2026105708,7.052207753018317,new_lower_rho_same_seed_schedule,False,13,-2.656198226574813,0.04533333333333334,136,0.9546666666666667,1.1350737797956867,2643,1,2335,0.459689335954608,False,-9.708405979593131,False,ok,,0.001385584007948637
14,5,Normal,3000,5,0.1,8,2026105708,7.052207753018317,new_lower_rho_same_seed_schedule,False,14,-3.527553581719472,0.032,96,0.968,1.0889292196007259,2755,1,2539,0.32168780645730916,False,-10.579761334737789,False,ok,,0.0013344160397537053
14,5,Normal,3000,5,0.1,8,2026105708,7.052207753018317,new_lower_rho_same_seed_schedule,False,15,-3.3450982034268653,0.015333333333333332,46,0.9846666666666667,1.0638297872340425,2820,1,2654,0.20584252537407188,False,-10.397305956445182,False,ok,,0.0012514999834820628
14,5,Normal,3000,5,0.1,8,2026105708,7.052207753018317,new_lower_rho_same_seed_schedule,False,16,-3.9389669231576563,0.012333333333333333,37,0.9876666666666667,1.044932079414838,2871,1,2752,0.14063943650177377,False,-10.991174676175973,False,ok,,0.0011137500405311584
14,5,Normal,3000,5,0.1,8,2026105708,7.052207753018317,new_lower_rho_same_seed_schedule,False,17,-3.5800542009270337,0.006333333333333333,19,0.9936666666666667,1.0355540214014498,2897,1,2798,0.09314197197664127,False,-10.632261953945351,False,ok,,0.0010574170155450702
14,5,Normal,3000,5,0.1,8,2026105708,7.052207753018317,new_lower_rho_same_seed_schedule,False,18,-4.376944440763153,0.004333333333333333,13,0.9956666666666667,1.0245901639344261,2928,1,2859,0.05823451184003232,False,-11.42915219378147,False,ok,,0.0010154580231755972
14,5,Normal,3000,5,0.1,8,2026105708,7.052207753018317,new_lower_rho_same_seed_schedule,False,19,-5.4667993782133335,0.001,3,0.999,1.0252904989747096,2926,1,2852,0.049333333333333396,False,-12.51900713123165,False,ok,,0.0010218750103376806
14,5,Normal,3000,5,0.1,8,2026105708,7.052207753018317,new_lower_rho_same_seed_schedule,False,20,-6.237054489897272,0.002,6,0.998,1.0141987829614605,2958,1,2917,0.03330323161695573,False,-13.289262242915589,False,ok,,0.0009650830179452896
14,5,Normal,3000,5,0.1,8,2026105708,7.052207753018317,new_lower_rho_same_seed_schedule,False,21,-7.294155870028755,0.0013333333333333333,4,0.9986666666666667,1.0135135135135136,2960,1,2921,0.035278257160684556,False,-14.346363623047072,False,ok,,0.0009666659752838314
14,5,Normal,3000,5,0.1,8,2026105708,7.052207753018317,new_lower_rho_same_seed_schedule,False,22,-5.551154831436569,0.001,3,0.999,1.0107816711590296,2968,1,2936,0.021333333333333322,False,-12.603362584454885,False,ok,,0.0009495419799350202
14,5,Normal,3000,5,0.1,8,2026105708,7.052207753018317,new_lower_rho_same_seed_schedule,False,23,-4.320476400892934,0.0006666666666666666,2,0.9993333333333333,1.0070493454179255,2979,1,2958,0.013999999999999993,False,-11.372684153911251,False,ok,,0.0011552079813554883
14,5,Normal,3000,5,0.1,8,2026105708,7.052207753018317,new_lower_rho_same_seed_schedule,False,24,-2.7344299410373902,0.0003333333333333333,1,0.9996666666666667,1.007387508394896,2978,1,2956,0.014666666666666661,False,-9.786637694055708,False,ok,,0.0012877500266768038
14,5,Normal,3000,5,0.1,8,2026105708,7.052207753018317,new_lower_rho_same_seed_schedule,False,25,-5.440291819738644,0.0003333333333333333,1,0.9996666666666667,1.0036801605888257,2989,1,2978,0.007333333333333332,False,-12.492499572756962,False,ok,,0.0010654579964466393
14,5,Normal,3000,5,0.1,8,2026105708,7.052207753018317,new_lower_rho_same_seed_schedule,False,26,0.0,0.0,0,1.0,1.0036801605888257,2989,1,2978,0.007333333333333332,False,-7.052207753018317,True,ok,,0.0009768329910002649
14,5,Normal,3000,5,0.1,8,2026105708,7.052207753018317,new_lower_rho_same_seed_schedule,False,27,0.0,0.0,0,1.0,1.0036801605888257,2989,1,2978,0.007333333333333332,False,-7.052207753018317,True,ok,,0.0009791659540496767
14,5,Normal,3000,5,0.1,8,2026105708,7.052207753018317,new_lower_rho_same_seed_schedule,False,28,0.0,0.0,0,1.0,1.0030090270812437,2991,1,2982,0.005999999999999999,False,-7.052207753018317,True,ok,,0.0009687500423751771
14,5,Normal,3000,5,0.1,8,2026105708,7.052207753018317,new_lower_rho_same_seed_schedule,False,29,0.0,0.0,0,1.0,1.0030090270812437,2991,1,2982,0.005999999999999998,False,-7.052207753018317,True,ok,,0.0009770409669727087
14,5,Normal,3000,5,0.1,8,2026105708,7.052207753018317,new_lower_rho_same_seed_schedule,False,30,0.0,0.0,0,1.0,1.0013351134846462,2996,1,2992,0.002666666666666666,False,-7.052207753018317,True,ok,,0.000979500007815659
14,5,Normal,3000,5,0.1,8,2026105708,7.052207753018317,new_lower_rho_same_seed_schedule,False,31,-8.060799007632388,0.0003333333333333333,1,0.9996666666666667,1.0036801605888257,2989,1,2978,0.007333333333333334,False,-15.113006760650705,False,ok,,0.0009745419956743717
14,5,Normal,3000,5,0.1,8,2026105708,7.052207753018317,new_lower_rho_same_seed_schedule,False,32,0.0,0.0,0,1.0,1.0023387905111927,2993,1,2986,0.004666666666666666,False,-7.052207753018317,True,ok,,0.0010349579970352352
14,5,Normal,3000,5,0.1,8,2026105708,7.052207753018317,new_lower_rho_same_seed_schedule,False,33,-8.060799007632388,0.0003333333333333333,1,0.9996666666666667,1.001669449081803,2995,1,2990,0.0033333333333333327,False,-15.113006760650705,False,ok,,0.0010195000213570893
14,5,Normal,3000,5,0.1,8,2026105708,7.052207753018317,new_lower_rho_same_seed_schedule,False,34,0.0,0.0,0,1.0,1.0006671114076051,2998,1,2996,0.001333333333333333,False,-7.052207753018317,True,ok,,0.0009756250074133277
14,5,Normal,3000,5,0.1,8,2026105708,7.052207753018317,new_lower_rho_same_seed_schedule,False,35,0.0,0.0,0,1.0,1.0013351134846462,2996,1,2992,0.0026666666666666666,False,-7.052207753018317,True,ok,,0.0009819999686442316
14,5,Normal,3000,5,0.1,8,2026105708,7.052207753018317,new_lower_rho_same_seed_schedule,False,36,-5.478042445832358,0.0003333333333333333,1,0.9996666666666667,1.001001001001001,2997,1,2994,0.0019999999999999996,False,-12.530250198850675,False,ok,,0.0009850839851424098
14,5,Normal,3000,5,0.1,8,2026105708,7.052207753018317,new_lower_rho_same_seed_schedule,False,37,0.0,0.0,0,1.0,1.0,3000,1,3000,0.0,False,-7.052207753018317,True,ok,,0.0009607499814592302
14,5,Normal,3000,5,0.1,8,2026105708,7.052207753018317,new_lower_rho_same_seed_schedule,False,38,-5.478042445832358,0.0003333333333333333,1,0.9996666666666667,1.001669449081803,2995,1,2990,0.0033333333333333322,False,-12.530250198850675,False,ok,,0.0011642499594017863
14,5,Normal,3000,5,0.1,8,2026105708,7.052207753018317,new_lower_rho_same_seed_schedule,False,39,0.0,0.0,0,1.0,1.0003334444814937,2999,1,2998,0.0006666666666666666,False,-7.052207753018317,True,ok,,0.0010552500025369227
14,5,Normal,3000,5,0.1,8,2026105708,7.052207753018317,new_lower_rho_same_seed_schedule,False,40,0.0,0.0,0,1.0,1.0006671114076051,2998,1,2996,0.001333333333333333,False,-7.052207753018317,True,ok,,0.0010300420108251274
14,5,Normal,3000,5,0.1,9,2026105709,7.052207753018317,new_lower_rho_same_seed_schedule,False,1,7.061183659810837,1.0,3000,0.0,3000.0,1,3000,0,1.1467069919334625,False,0.008975906792519694,False,ok,,0.0012076669954694808
14,5,Normal,3000,5,0.1,9,2026105709,7.052207753018317,new_lower_rho_same_seed_schedule,False,2,6.487221042030826,1.0,3000,0.0,93.75,32,35,0,1.6693699266306656,False,-0.5649867109874913,False,ok,,0.001087707991246134
14,5,Normal,3000,5,0.1,9,2026105709,7.052207753018317,new_lower_rho_same_seed_schedule,False,3,5.866333914257544,0.9776666666666667,2933,0.022333333333333316,20.689655172413794,145,1,37,1.9286664747446964,False,-1.1858738387607728,False,ok,,0.0013082080404274166
14,5,Normal,3000,5,0.1,9,2026105709,7.052207753018317,new_lower_rho_same_seed_schedule,False,4,5.108116742936453,0.932,2796,0.06799999999999995,9.316770186335404,322,1,124,2.3217128916122087,False,-1.9440910100818645,False,ok,,0.0013274169759824872
14,5,Normal,3000,5,0.1,9,2026105709,7.052207753018317,new_lower_rho_same_seed_schedule,False,5,4.193147128333798,0.8646666666666667,2594,0.1353333333333333,5.484460694698354,547,1,226,2.6616552186556115,False,-2.8590606246845187,False,ok,,0.0014369169948622584
14,5,Normal,3000,5,0.1,9,2026105709,7.052207753018317,new_lower_rho_same_seed_schedule,False,6,2.9974514607517384,0.7856666666666666,2357,0.21433333333333338,3.6144578313253013,830,1,389,2.9630368599373944,False,-4.054756292266578,False,ok,,0.0015521669993177056
14,5,Normal,3000,5,0.1,9,2026105709,7.052207753018317,new_lower_rho_same_seed_schedule,False,7,1.866558503807287,0.647,1941,0.353,2.5146689019279127,1193,1,658,2.843685413293894,False,-5.18564924921103,False,ok,,0.0016149579896591604
14,5,Normal,3000,5,0.1,9,2026105709,7.052207753018317,new_lower_rho_same_seed_schedule,False,8,0.48535185292094785,0.497,1491,0.503,1.913265306122449,1568,1,969,2.6030075312381458,False,-6.566855900097369,False,ok,,0.0017364159575663507
14,5,Normal,3000,5,0.1,9,2026105709,7.052207753018317,new_lower_rho_same_seed_schedule,False,9,-0.4023378328167147,0.36233333333333334,1087,0.6376666666666666,1.5965939329430547,1879,1,1302,2.1050620521644734,False,-7.454545585835032,False,ok,,0.0018872920190915465
14,5,Normal,3000,5,0.1,9,2026105709,7.052207753018317,new_lower_rho_same_seed_schedule,False,10,-1.2541043217413936,0.228,684,0.772,1.3882461823229986,2161,1,1621,1.514364768556203,False,-8.306312074759711,False,ok,,0.0017187499906867743
14,5,Normal,3000,5,0.1,9,2026105709,7.052207753018317,new_lower_rho_same_seed_schedule,False,11,-2.1150628530833027,0.13133333333333333,394,0.8686666666666667,1.2432656444260257,2413,1,1977,1.0268845450394042,False,-9.16727060610162,False,ok,,0.0015065830084495246
14,5,Normal,3000,5,0.1,9,2026105709,7.052207753018317,new_lower_rho_same_seed_schedule,False,12,-2.513356287353603,0.08333333333333333,250,0.9166666666666666,1.1714174150722374,2561,1,2210,0.713628748725691,False,-9.565564040371921,False,ok,,0.001407375035341829
14,5,Normal,3000,5,0.1,9,2026105709,7.052207753018317,new_lower_rho_same_seed_schedule,False,13,-3.290487318276184,0.04733333333333333,142,0.9526666666666667,1.1244377811094453,2668,1,2383,0.4803676478183763,False,-10.3426950712945,False,ok,,0.001296458998695016
14,5,Normal,3000,5,0.1,9,2026105709,7.052207753018317,new_lower_rho_same_seed_schedule,False,14,-3.354425833991857,0.031,93,0.969,1.080691642651297,2776,1,2582,0.2931710315071785,False,-10.406633587010173,False,ok,,0.0011755420127883554
14,5,Normal,3000,5,0.1,9,2026105709,7.052207753018317,new_lower_rho_same_seed_schedule,False,15,-4.241251945002396,0.009666666666666667,29,0.9903333333333333,1.0552233556102708,2843,1,2693,0.15060893851176307,False,-11.293459698020714,False,ok,,0.0011195840197615325
14,5,Normal,3000,5,0.1,9,2026105709,7.052207753018317,new_lower_rho_same_seed_schedule,False,16,-4.4188009433251985,0.01,30,0.99,1.0452961672473868,2870,1,2747,0.12771923273689684,False,-11.471008696343516,False,ok,,0.0010890000266954303
14,5,Normal,3000,5,0.1,9,2026105709,7.052207753018317,new_lower_rho_same_seed_schedule,False,17,-5.099574680810436,0.005333333333333333,16,0.9946666666666667,1.0327022375215147,2905,1,2814,0.0877727692858142,False,-12.151782433828753,False,ok,,0.0010551250306889415
14,5,Normal,3000,5,0.1,9,2026105709,7.052207753018317,new_lower_rho_same_seed_schedule,False,18,-4.84355785800412,0.0033333333333333335,10,0.9966666666666667,1.0228435049437437,2933,1,2868,0.056955290753004234,False,-11.895765611022437,False,ok,,0.0010172500042244792
14,5,Normal,3000,5,0.1,9,2026105709,7.052207753018317,new_lower_rho_same_seed_schedule,False,19,-5.3927309605527824,0.0036666666666666666,11,0.9963333333333333,1.0207553589656346,2939,1,2880,0.054347050069090484,False,-12.4449387135711,False,ok,,0.0010010419646278024
14,5,Normal,3000,5,0.1,9,2026105709,7.052207753018317,new_lower_rho_same_seed_schedule,False,20,-4.790982149628412,0.0013333333333333333,4,0.9986666666666667,1.012829169480081,2962,1,2924,0.025333333333333315,False,-11.84318990264673,False,ok,,0.0009694159962236881
14,5,Normal,3000,5,0.1,9,2026105709,7.052207753018317,new_lower_rho_same_seed_schedule,False,21,-6.311363833894249,0.0033333333333333335,10,0.9966666666666667,1.0121457489878543,2964,1,2930,0.03883248865449883,False,-13.363571586912567,False,ok,,0.0009747500298544765
14,5,Normal,3000,5,0.1,9,2026105709,7.052207753018317,new_lower_rho_same_seed_schedule,False,22,-8.760772891380705,0.001,3,0.999,1.0067114093959733,2980,1,2960,0.013333333333333327,False,-15.812980644399023,False,ok,,0.0009489170042797923
14,5,Normal,3000,5,0.1,9,2026105709,7.052207753018317,new_lower_rho_same_seed_schedule,False,23,-4.948063388207858,0.0003333333333333333,1,0.9996666666666667,1.0053619302949062,2984,1,2968,0.010666666666666661,False,-12.000271141226175,False,ok,,0.0009470419608987868
14,5,Normal,3000,5,0.1,9,2026105709,7.052207753018317,new_lower_rho_same_seed_schedule,False,24,-5.4057867029650275,0.0003333333333333333,1,0.9996666666666667,1.0050251256281406,2985,1,2970,0.009999999999999998,False,-12.457994455983345,False,ok,,0.0013079590280540287
14,5,Normal,3000,5,0.1,9,2026105709,7.052207753018317,new_lower_rho_same_seed_schedule,False,25,0.0,0.0,0,1.0,1.0046885465505693,2986,1,2972,0.009333333333333332,False,-7.052207753018317,True,ok,,0.001267625018954277
14,5,Normal,3000,5,0.1,9,2026105709,7.052207753018317,new_lower_rho_same_seed_schedule,False,26,-10.440191650461516,0.0006666666666666666,2,0.9993333333333333,1.0046885465505693,2986,1,2972,0.009333333333333332,False,-17.492399403479833,False,ok,,0.0010972500313073397
14,5,Normal,3000,5,0.1,9,2026105709,7.052207753018317,new_lower_rho_same_seed_schedule,False,27,0.0,0.0,0,1.0,1.0036801605888257,2989,1,2978,0.007333333333333332,False,-7.052207753018317,True,ok,,0.0010124589898623526
14,5,Normal,3000,5,0.1,9,2026105709,7.052207753018317,new_lower_rho_same_seed_schedule,False,28,0.0,0.0,0,1.0,1.0013351134846462,2996,1,2992,0.0026666666666666674,False,-7.052207753018317,True,ok,,0.0009844169835560024
14,5,Normal,3000,5,0.1,9,2026105709,7.052207753018317,new_lower_rho_same_seed_schedule,False,29,0.0,0.0,0,1.0,1.0026737967914439,2992,1,2984,0.005333333333333332,False,-7.052207753018317,True,ok,,0.0009450000361539423
14,5,Normal,3000,5,0.1,9,2026105709,7.052207753018317,new_lower_rho_same_seed_schedule,False,30,0.0,0.0,0,1.0,1.002004008016032,2994,1,2988,0.004,False,-7.052207753018317,True,ok,,0.0009336249786429107
14,5,Normal,3000,5,0.1,9,2026105709,7.052207753018317,new_lower_rho_same_seed_schedule,False,31,-13.011920057340896,0.0003333333333333333,1,0.9996666666666667,1.0006671114076051,2998,1,2996,0.0013333333333333333,False,-20.064127810359214,False,ok,,0.0009973749984055758
14,5,Normal,3000,5,0.1,9,2026105709,7.052207753018317,new_lower_rho_same_seed_schedule,False,32,0.0,0.0,0,1.0,1.001001001001001,2997,1,2994,0.0019999999999999996,False,-7.052207753018317,True,ok,,0.0009208339615724981
14,5,Normal,3000,5,0.1,9,2026105709,7.052207753018317,new_lower_rho_same_seed_schedule,False,33,-7.868463243582136,0.0003333333333333333,1,0.9996666666666667,1.0013351134846462,2996,1,2992,0.0026666666666666666,False,-14.920670996600453,False,ok,,0.000909583002794534
14,5,Normal,3000,5,0.1,9,2026105709,7.052207753018317,new_lower_rho_same_seed_schedule,False,34,0.0,0.0,0,1.0,1.0003334444814937,2999,1,2998,0.0006666666666666666,False,-7.052207753018317,True,ok,,0.0009044589824043214
14,5,Normal,3000,5,0.1,9,2026105709,7.052207753018317,new_lower_rho_same_seed_schedule,False,35,0.0,0.0,0,1.0,1.0003334444814937,2999,1,2998,0.0006666666666666668,False,-7.052207753018317,True,ok,,0.0008989169728010893
14,5,Normal,3000,5,0.1,9,2026105709,7.052207753018317,new_lower_rho_same_seed_schedule,False,36,0.0,0.0,0,1.0,1.0003334444814937,2999,1,2998,0.0006666666666666664,False,-7.052207753018317,True,ok,,0.0008951249765232205
14,5,Normal,3000,5,0.1,9,2026105709,7.052207753018317,new_lower_rho_same_seed_schedule,False,37,0.0,0.0,0,1.0,1.0,3000,1,3000,0.0,False,-7.052207753018317,True,ok,,0.00088975002290681
14,5,Normal,3000,5,0.1,9,2026105709,7.052207753018317,new_lower_rho_same_seed_schedule,False,38,0.0,0.0,0,1.0,1.001001001001001,2997,1,2994,0.002,False,-7.052207753018317,True,ok,,0.000891875009983778
14,5,Normal,3000,5,0.1,9,2026105709,7.052207753018317,new_lower_rho_same_seed_schedule,False,39,0.0,0.0,0,1.0,1.0,3000,1,3000,0.0,False,-7.052207753018317,True,ok,,0.0009067920036613941
14,5,Normal,3000,5,0.1,9,2026105709,7.052207753018317,new_lower_rho_same_seed_schedule,False,40,0.0,0.0,0,1.0,1.0003334444814937,2999,1,2998,0.0006666666666666666,False,-7.052207753018317,True,ok,,0.0009013749659061432
14,5,Normal,3000,5,0.1,10,2026105710,7.052207753018317,new_lower_rho_same_seed_schedule,False,1,7.105155305099899,1.0,3000,0.0,3000.0,1,3000,0,1.1485711882620933,False,0.05294755208158186,False,ok,,0.0011711660190485418
14,5,Normal,3000,5,0.1,10,2026105710,7.052207753018317,new_lower_rho_same_seed_schedule,False,2,6.526676180141112,1.0,3000,0.0,93.75,32,17,0,1.6803485668185534,False,-0.5255315728772052,False,ok,,0.0010900410125032067
14,5,Normal,3000,5,0.1,10,2026105710,7.052207753018317,new_lower_rho_same_seed_schedule,False,3,5.9956756160407005,0.9813333333333333,2944,0.01866666666666672,22.55639097744361,133,1,35,1.8742690450522987,False,-1.0565321369776166,False,ok,,0.001185000000987202
14,5,Normal,3000,5,0.1,10,2026105710,7.052207753018317,new_lower_rho_same_seed_schedule,False,4,5.3591630838855675,0.942,2826,0.05800000000000005,11.363636363636363,264,1,91,2.166935795374041,False,-1.6930446691327496,False,ok,,0.0012615420273505151
14,5,Normal,3000,5,0.1,10,2026105710,7.052207753018317,new_lower_rho_same_seed_schedule,False,5,4.425234826318341,0.8873333333333333,2662,0.11266666666666669,6.369426751592357,471,1,185,2.556308636433333,False,-2.6269729266999757,False,ok,,0.0013730409555137157
14,5,Normal,3000,5,0.1,10,2026105710,7.052207753018317,new_lower_rho_same_seed_schedule,False,6,3.428101074579442,0.802,2406,0.19799999999999995,4.054054054054054,740,1,321,2.802657431498827,False,-3.624106678438875,False,ok,,0.0015059580327942967
14,5,Normal,3000,5,0.1,10,2026105710,7.052207753018317,new_lower_rho_same_seed_schedule,False,7,2.2666565958842857,0.7006666666666667,2102,0.29933333333333334,2.843601895734597,1055,1,542,2.9262626962149083,False,-4.785551157134032,False,ok,,0.0016023339703679085
14,5,Normal,3000,5,0.1,10,2026105710,7.052207753018317,new_lower_rho_same_seed_schedule,False,8,1.1695340545639,0.5843333333333334,1753,0.41566666666666663,2.201027146001467,1363,1,789,2.8321908278487347,False,-5.8826736984544175,False,ok,,0.0016579160001128912
14,5,Normal,3000,5,0.1,10,2026105710,7.052207753018317,new_lower_rho_same_seed_schedule,False,9,0.18733767522606978,0.42633333333333334,1279,0.5736666666666667,1.7554125219426566,1709,1,1095,2.3561465955748586,False,-6.864870077792247,False,ok,,0.0017704999772831798
14,5,Normal,3000,5,0.1,10,2026105710,7.052207753018317,new_lower_rho_same_seed_schedule,False,10,-0.7175476726511032,0.32066666666666666,962,0.6793333333333333,1.5105740181268883,1986,1,1414,1.9824256278691463,False,-7.769755425669421,False,ok,,0.0018279170035384595
14,5,Normal,3000,5,0.1,10,2026105710,7.052207753018317,new_lower_rho_same_seed_schedule,False,11,-1.5753338668463865,0.20233333333333334,607,0.7976666666666666,1.3440860215053763,2232,1,1719,1.4659658019860125,False,-8.627541619864704,False,ok,,0.001628750003874302
14,5,Normal,3000,5,0.1,10,2026105710,7.052207753018317,new_lower_rho_same_seed_schedule,False,12,-2.206366131488584,0.12533333333333332,376,0.8746666666666667,1.2330456226880395,2433,1,2014,0.9718260243250083,False,-9.258573884506902,False,ok,,0.0014863749966025352
14,5,Normal,3000,5,0.1,10,2026105710,7.052207753018317,new_lower_rho_same_seed_schedule,False,13,-2.996354704925889,0.072,216,0.928,1.1741682974559686,2555,1,2185,0.6643821307782899,False,-10.048562457944206,False,ok,,0.0014235409907996655
14,5,Normal,3000,5,0.1,10,2026105710,7.052207753018317,new_lower_rho_same_seed_schedule,False,14,-3.551757315740394,0.046,138,0.954,1.1127596439169138,2696,1,2441,0.4472977598451788,False,-10.603965068758711,False,ok,,0.0012711670133285224
14,5,Normal,3000,5,0.1,10,2026105710,7.052207753018317,new_lower_rho_same_seed_schedule,False,15,-4.162143895475852,0.015,45,0.985,1.0783608914450036,2782,1,2577,0.22787877849029328,False,-11.21435164849417,False,ok,,0.0012044580071233213
14,5,Normal,3000,5,0.1,10,2026105710,7.052207753018317,new_lower_rho_same_seed_schedule,False,16,-3.914940672379826,0.01633333333333333,49,0.9836666666666667,1.0608203677510608,2828,1,2669,0.19438937685774293,False,-10.967148425398143,False,ok,,0.0011527500464580953
14,5,Normal,3000,5,0.1,10,2026105710,7.052207753018317,new_lower_rho_same_seed_schedule,False,17,-4.5082973509886495,0.007,21,0.993,1.0423905489923557,2878,1,2761,0.11269010062439626,False,-11.560505104006968,False,ok,,0.0010839999886229634
14,5,Normal,3000,5,0.1,10,2026105710,7.052207753018317,new_lower_rho_same_seed_schedule,False,18,-5.246787695406486,0.004333333333333333,13,0.9956666666666667,1.0344827586206897,2900,1,2803,0.08611988281012972,False,-12.298995448424803,False,ok,,0.0010562920360825956
14,5,Normal,3000,5,0.1,10,2026105710,7.052207753018317,new_lower_rho_same_seed_schedule,False,19,-5.890799560389222,0.004333333333333333,13,0.9956666666666667,1.0235414534288638,2931,1,2864,0.060506180189672895,False,-12.943007313407538,False,ok,,0.0010131250019185245
14,5,Normal,3000,5,0.1,10,2026105710,7.052207753018317,new_lower_rho_same_seed_schedule,False,20,-5.453708327102332,0.0013333333333333333,4,0.9986666666666667,1.019367991845056,2943,1,2886,0.03800000000000001,False,-12.505916080120649,False,ok,,0.000996834016405046
14,5,Normal,3000,5,0.1,10,2026105710,7.052207753018317,new_lower_rho_same_seed_schedule,False,21,-6.830804394945047,0.0006666666666666666,2,0.9993333333333333,1.0169491525423728,2950,1,2900,0.03333333333333332,False,-13.883012147963363,False,ok,,0.001081458991393447
14,5,Normal,3000,5,0.1,10,2026105710,7.052207753018317,new_lower_rho_same_seed_schedule,False,22,-5.863657379828602,0.0006666666666666666,2,0.9993333333333333,1.0121457489878543,2964,1,2928,0.023999999999999987,False,-12.91586513284692,False,ok,,0.0011917090159840882
14,5,Normal,3000,5,0.1,10,2026105710,7.052207753018317,new_lower_rho_same_seed_schedule,False,23,-5.761398155760322,0.001,3,0.999,1.0101010101010102,2970,1,2940,0.01999999999999999,False,-12.813605908778639,False,ok,,0.0012667499831877649
14,5,Normal,3000,5,0.1,10,2026105710,7.052207753018317,new_lower_rho_same_seed_schedule,False,24,-6.245625921334731,0.0013333333333333333,4,0.9986666666666667,1.0087424344317417,2974,1,2948,0.01733333333333333,False,-13.297833674353047,False,ok,,0.0010473329457454383
14,5,Normal,3000,5,0.1,10,2026105710,7.052207753018317,new_lower_rho_same_seed_schedule,False,25,0.0,0.0,0,1.0,1.0067114093959733,2980,1,2960,0.013333333333333326,False,-7.052207753018317,True,ok,,0.001128958014305681
14,5,Normal,3000,5,0.1,10,2026105710,7.052207753018317,new_lower_rho_same_seed_schedule,False,26,-7.495054966065569,0.0016666666666666668,5,0.9983333333333333,1.0060362173038229,2982,1,2965,0.018187392152980736,False,-14.547262719083886,False,ok,,0.0010641670087352395
14,5,Normal,3000,5,0.1,10,2026105710,7.052207753018317,new_lower_rho_same_seed_schedule,False,27,-5.344415711434193,0.0003333333333333333,1,0.9996666666666667,1.0056989607777405,2983,1,2966,0.01133333333333333,False,-12.39662346445251,False,ok,,0.0010486660175956786
14,5,Normal,3000,5,0.1,10,2026105710,7.052207753018317,new_lower_rho_same_seed_schedule,False,28,0.0,0.0,0,1.0,1.0036801605888257,2989,1,2978,0.007333333333333333,False,-7.052207753018317,True,ok,,0.0011193749960511923
14,5,Normal,3000,5,0.1,10,2026105710,7.052207753018317,new_lower_rho_same_seed_schedule,False,29,-8.590277473972204,0.0006666666666666666,2,0.9993333333333333,1.0050251256281406,2985,1,2970,0.009999999999999997,False,-15.642485226990521,False,ok,,0.0010294169769622386
14,5,Normal,3000,5,0.1,10,2026105710,7.052207753018317,new_lower_rho_same_seed_schedule,False,30,-8.887035946812063,0.0003333333333333333,1,0.9996666666666667,1.0026737967914439,2992,1,2984,0.005333333333333332,False,-15.93924369983038,False,ok,,0.0009731249883770943
14,5,Normal,3000,5,0.1,10,2026105710,7.052207753018317,new_lower_rho_same_seed_schedule,False,31,-10.346933129832102,0.0003333333333333333,1,0.9996666666666667,1.0033444816053512,2990,1,2980,0.006666666666666668,False,-17.399140882850418,False,ok,,0.000961083045694977
14,5,Normal,3000,5,0.1,10,2026105710,7.052207753018317,new_lower_rho_same_seed_schedule,False,32,0.0,0.0,0,1.0,1.001669449081803,2995,1,2990,0.003333333333333333,False,-7.052207753018317,True,ok,,0.0009505419875495136
14,5,Normal,3000,5,0.1,10,2026105710,7.052207753018317,new_lower_rho_same_seed_schedule,False,33,0.0,0.0,0,1.0,1.0013351134846462,2996,1,2992,0.0026666666666666666,False,-7.052207753018317,True,ok,,0.0009286670247092843
14,5,Normal,3000,5,0.1,10,2026105710,7.052207753018317,new_lower_rho_same_seed_schedule,False,34,-10.346933129832102,0.0003333333333333333,1,0.9996666666666667,1.001001001001001,2997,1,2994,0.002,False,-17.399140882850418,False,ok,,0.000920457998290658
14,5,Normal,3000,5,0.1,10,2026105710,7.052207753018317,new_lower_rho_same_seed_schedule,False,35,0.0,0.0,0,1.0,1.002004008016032,2994,1,2988,0.003999999999999999,False,-7.052207753018317,True,ok,,0.0009131659753620625
14,5,Normal,3000,5,0.1,10,2026105710,7.052207753018317,new_lower_rho_same_seed_schedule,False,36,0.0,0.0,0,1.0,1.002004008016032,2994,1,2988,0.003999999999999999,False,-7.052207753018317,True,ok,,0.0009024160099215806
14,5,Normal,3000,5,0.1,10,2026105710,7.052207753018317,new_lower_rho_same_seed_schedule,False,37,-5.344415711434193,0.0003333333333333333,1,0.9996666666666667,1.002004008016032,2994,1,2988,0.003999999999999999,False,-12.39662346445251,False,ok,,0.0009134589927271008
14,5,Normal,3000,5,0.1,10,2026105710,7.052207753018317,new_lower_rho_same_seed_schedule,False,38,0.0,0.0,0,1.0,1.001669449081803,2995,1,2990,0.0033333333333333327,False,-7.052207753018317,True,ok,,0.001038083981256932
14,5,Normal,3000,5,0.1,10,2026105710,7.052207753018317,new_lower_rho_same_seed_schedule,False,39,0.0,0.0,0,1.0,1.001669449081803,2995,1,2990,0.003333333333333333,False,-7.052207753018317,True,ok,,0.0011263340129517019
14,5,Normal,3000,5,0.1,10,2026105710,7.052207753018317,new_lower_rho_same_seed_schedule,False,40,-8.317193078455901,0.0003333333333333333,1,0.9996666666666667,1.0013351134846462,2996,1,2992,0.002666666666666665,False,-15.369400831474218,False,ok,,0.0010412089759483933
14,5,Normal,3000,5,0.1,11,2026105711,7.052207753018317,new_lower_rho_same_seed_schedule,False,1,7.06008499329926,1.0,3000,0.0,3000.0,1,3000,0,1.144639011203372,False,0.007877240280943276,False,ok,,0.001192334049846977
14,5,Normal,3000,5,0.1,11,2026105711,7.052207753018317,new_lower_rho_same_seed_schedule,False,2,6.486754139185092,1.0,3000,0.0,93.75,32,34,0,1.698208484024013,False,-0.5654536138332249,False,ok,,0.0011270000250078738
14,5,Normal,3000,5,0.1,11,2026105711,7.052207753018317,new_lower_rho_same_seed_schedule,False,3,5.857125941494419,0.9826666666666667,2948,0.01733333333333331,21.12676056338028,142,1,30,1.9918251663027853,False,-1.195081811523898,False,ok,,0.0012379580293782055
14,5,Normal,3000,5,0.1,11,2026105711,7.052207753018317,new_lower_rho_same_seed_schedule,False,4,5.147544137715808,0.9343333333333333,2803,0.06566666666666665,9.523809523809524,315,1,116,2.296150686172422,False,-1.9046636153025087,False,ok,,0.0013050829875282943
14,5,Normal,3000,5,0.1,11,2026105711,7.052207753018317,new_lower_rho_same_seed_schedule,False,5,4.209863038205057,0.8706666666666667,2612,0.1293333333333333,5.607476635514018,535,1,236,2.59713057224071,False,-2.84234471481326,False,ok,,0.0014096249942667782
14,5,Normal,3000,5,0.1,11,2026105711,7.052207753018317,new_lower_rho_same_seed_schedule,False,6,3.048536410146202,0.7716666666666666,2315,0.2283333333333334,3.525264394829612,851,1,424,2.8516005862501115,False,-4.003671342872115,False,ok,,0.0015265839756466448
14,5,Normal,3000,5,0.1,11,2026105711,7.052207753018317,new_lower_rho_same_seed_schedule,False,7,1.9270861116895637,0.6596666666666666,1979,0.3403333333333334,2.5531914893617023,1175,1,643,2.93664604479074,False,-5.125121641328754,False,ok,,0.0015997500158846378
14,5,Normal,3000,5,0.1,11,2026105711,7.052207753018317,new_lower_rho_same_seed_schedule,False,8,0.7817283366657743,0.493,1479,0.507,1.9392372333548804,1547,1,972,2.475392641060642,False,-6.270479416352543,False,ok,,0.0016554580070078373
14,5,Normal,3000,5,0.1,11,2026105711,7.052207753018317,new_lower_rho_same_seed_schedule,False,9,-0.3979191399176815,0.37933333333333336,1138,0.6206666666666667,1.6375545851528384,1832,1,1232,2.210333358279417,False,-7.450126892935999,False,ok,,0.0016709159826859832
14,5,Normal,3000,5,0.1,11,2026105711,7.052207753018317,new_lower_rho_same_seed_schedule,False,10,-1.0343942712964818,0.24566666666666667,737,0.7543333333333333,1.402524544179523,2139,1,1614,1.586635423998537,False,-8.086602024314798,False,ok,,0.0017379169585183263
14,5,Normal,3000,5,0.1,11,2026105711,7.052207753018317,new_lower_rho_same_seed_schedule,False,11,-2.094022832382376,0.15966666666666668,479,0.8403333333333334,1.274968125796855,2353,1,1895,1.2066387302079076,False,-9.146230585400694,False,ok,,0.0014874589978717268
14,5,Normal,3000,5,0.1,11,2026105711,7.052207753018317,new_lower_rho_same_seed_schedule,False,12,-2.704974298790795,0.09866666666666667,296,0.9013333333333333,1.1824990145841545,2537,1,2188,0.7968334776718667,False,-9.757182051809112,False,ok,,0.001316542038694024
14,5,Normal,3000,5,0.1,11,2026105711,7.052207753018317,new_lower_rho_same_seed_schedule,False,13,-3.0050092499915566,0.05266666666666667,158,0.9473333333333334,1.1286681715575622,2658,1,2370,0.49645635306158803,False,-10.057217003009875,False,ok,,0.0012621660134755075
14,5,Normal,3000,5,0.1,11,2026105711,7.052207753018317,new_lower_rho_same_seed_schedule,False,14,-3.1127893393741117,0.026,78,0.974,1.093693036820999,2743,1,2507,0.2940383129999736,False,-10.16499709239243,False,ok,,0.0011868750443682075
14,5,Normal,3000,5,0.1,11,2026105711,7.052207753018317,new_lower_rho_same_seed_schedule,False,15,-4.335908966071864,0.016666666666666666,50,0.9833333333333333,1.0653409090909092,2816,1,2645,0.20904103383321349,False,-11.388116719090181,False,ok,,0.0010988329886458814
14,5,Normal,3000,5,0.1,11,2026105711,7.052207753018317,new_lower_rho_same_seed_schedule,False,16,-4.282776506266528,0.013666666666666667,41,0.9863333333333333,1.048584411045089,2861,1,2733,0.16176365551388655,False,-11.334984259284845,False,ok,,0.0012034589890390635
14,5,Normal,3000,5,0.1,11,2026105711,7.052207753018317,new_lower_rho_same_seed_schedule,False,17,-4.109163330265335,0.007333333333333333,22,0.9926666666666667,1.0377032168799722,2891,1,2788,0.11062186234699634,False,-11.161371083283651,False,ok,,0.0011506659793667495
14,5,Normal,3000,5,0.1,11,2026105711,7.052207753018317,new_lower_rho_same_seed_schedule,False,18,-2.760227620729845,0.0033333333333333335,10,0.9966666666666667,1.0259917920656634,2924,1,2850,0.06137196511466523,False,-9.812435373748162,False,ok,,0.0010785000049509108
14,5,Normal,3000,5,0.1,11,2026105711,7.052207753018317,new_lower_rho_same_seed_schedule,False,19,-3.739642446827866,0.0016666666666666668,5,0.9983333333333333,1.015572105619499,2954,1,2909,0.03746207709873061,False,-10.791850199846184,False,ok,,0.0010462080244906247
14,5,Normal,3000,5,0.1,11,2026105711,7.052207753018317,new_lower_rho_same_seed_schedule,False,20,-3.5935478648214483,0.0003333333333333333,1,0.9996666666666667,1.0118043844856661,2965,1,2930,0.02333333333333332,False,-10.645755617839765,False,ok,,0.0010128339636139572
14,5,Normal,3000,5,0.1,11,2026105711,7.052207753018317,new_lower_rho_same_seed_schedule,False,21,-1.7601793213060588,0.0003333333333333333,1,0.9996666666666667,1.0111223458038423,2967,1,2934,0.02199999999999999,False,-8.812387074324375,False,ok,,0.0011009579757228494
14,5,Normal,3000,5,0.1,11,2026105711,7.052207753018317,new_lower_rho_same_seed_schedule,False,22,-4.670886960441909,0.002,6,0.998,1.0107816711590296,2968,1,2937,0.026897002395588267,False,-11.723094713460227,False,ok,,0.001138332998380065
14,5,Normal,3000,5,0.1,11,2026105711,7.052207753018317,new_lower_rho_same_seed_schedule,False,23,-6.885270811491194,0.0003333333333333333,1,0.9996666666666667,1.0080645161290323,2976,1,2952,0.015999999999999993,False,-13.937478564509512,False,ok,,0.0011377910268492997
14,5,Normal,3000,5,0.1,11,2026105711,7.052207753018317,new_lower_rho_same_seed_schedule,False,24,-6.944141024696674,0.001,3,0.999,1.0087424344317417,2974,1,2948,0.017333333333333326,False,-13.996348777714992,False,ok,,0.0011419159709475935
14,5,Normal,3000,5,0.1,11,2026105711,7.052207753018317,new_lower_rho_same_seed_schedule,False,25,0.0,0.0,0,1.0,1.0046885465505693,2986,1,2972,0.009333333333333332,False,-7.052207753018317,True,ok,,0.0010852909763343632
14,5,Normal,3000,5,0.1,11,2026105711,7.052207753018317,new_lower_rho_same_seed_schedule,False,26,0.0,0.0,0,1.0,1.0033444816053512,2990,1,2980,0.006666666666666666,False,-7.052207753018317,True,ok,,0.0011377919581718743
14,5,Normal,3000,5,0.1,11,2026105711,7.052207753018317,new_lower_rho_same_seed_schedule,False,27,-6.0684101478980885,0.001,3,0.999,1.0036801605888257,2989,1,2979,0.012315682205434287,False,-13.120617900916406,False,ok,,0.0009527080110274255
14,5,Normal,3000,5,0.1,11,2026105711,7.052207753018317,new_lower_rho_same_seed_schedule,False,28,0.0,0.0,0,1.0,1.002004008016032,2994,1,2988,0.003999999999999999,False,-7.052207753018317,True,ok,,0.0009105830104090273
14,5,Normal,3000,5,0.1,11,2026105711,7.052207753018317,new_lower_rho_same_seed_schedule,False,29,0.0,0.0,0,1.0,1.0026737967914439,2992,1,2984,0.005333333333333332,False,-7.052207753018317,True,ok,,0.0009117909939959645
14,5,Normal,3000,5,0.1,11,2026105711,7.052207753018317,new_lower_rho_same_seed_schedule,False,30,-7.768028423807186,0.0006666666666666666,2,0.9993333333333333,1.0023387905111927,2993,1,2986,0.004666666666666665,False,-14.820236176825503,False,ok,,0.0009140829788520932
14,5,Normal,3000,5,0.1,11,2026105711,7.052207753018317,new_lower_rho_same_seed_schedule,False,31,0.0,0.0,0,1.0,1.0023387905111927,2993,1,2986,0.004666666666666666,False,-7.052207753018317,True,ok,,0.0009029579814523458
14,5,Normal,3000,5,0.1,11,2026105711,7.052207753018317,new_lower_rho_same_seed_schedule,False,32,0.0,0.0,0,1.0,1.0013351134846462,2996,1,2992,0.0026666666666666666,False,-7.052207753018317,True,ok,,0.0009018330019898713
14,5,Normal,3000,5,0.1,11,2026105711,7.052207753018317,new_lower_rho_same_seed_schedule,False,33,0.0,0.0,0,1.0,1.0023387905111927,2993,1,2986,0.004666666666666666,False,-7.052207753018317,True,ok,,0.0009035000111907721
14,5,Normal,3000,5,0.1,11,2026105711,7.052207753018317,new_lower_rho_same_seed_schedule,False,34,0.0,0.0,0,1.0,1.0006671114076051,2998,1,2996,0.0013333333333333326,False,-7.052207753018317,True,ok,,0.0008857920183800161
14,5,Normal,3000,5,0.1,11,2026105711,7.052207753018317,new_lower_rho_same_seed_schedule,False,35,-9.434136564628934,0.0003333333333333333,1,0.9996666666666667,1.001001001001001,2997,1,2994,0.002,False,-16.48634431764725,False,ok,,0.0008924580179154873
14,5,Normal,3000,5,0.1,11,2026105711,7.052207753018317,new_lower_rho_same_seed_schedule,False,36,0.0,0.0,0,1.0,1.0006671114076051,2998,1,2996,0.0013333333333333326,False,-7.052207753018317,True,ok,,0.0008832080056890845
14,5,Normal,3000,5,0.1,11,2026105711,7.052207753018317,new_lower_rho_same_seed_schedule,False,37,0.0,0.0,0,1.0,1.001001001001001,2997,1,2994,0.002,False,-7.052207753018317,True,ok,,0.0008818749920465052
14,5,Normal,3000,5,0.1,11,2026105711,7.052207753018317,new_lower_rho_same_seed_schedule,False,38,0.0,0.0,0,1.0,1.001001001001001,2997,1,2994,0.002,False,-7.052207753018317,True,ok,,0.0008867500000633299
14,5,Normal,3000,5,0.1,11,2026105711,7.052207753018317,new_lower_rho_same_seed_schedule,False,39,0.0,0.0,0,1.0,1.001001001001001,2997,1,2994,0.001999999999999999,False,-7.052207753018317,True,ok,,0.0009995410218834877
14,5,Normal,3000,5,0.1,11,2026105711,7.052207753018317,new_lower_rho_same_seed_schedule,False,40,0.0,0.0,0,1.0,1.0,3000,1,3000,0.0,False,-7.052207753018317,True,ok,,0.0010006660013459623
14,5,Normal,3000,5,0.1,12,2026105712,7.052207753018317,new_lower_rho_same_seed_schedule,False,1,7.077554098185896,1.0,3000,0.0,3000.0,1,3000,0,1.1392778930935903,False,0.025346345167578832,False,ok,,0.0013005000073462725
14,5,Normal,3000,5,0.1,12,2026105712,7.052207753018317,new_lower_rho_same_seed_schedule,False,2,6.517591685869995,1.0,3000,0.0,93.75,32,38,0,1.6905525416090712,False,-0.5346160671483222,False,ok,,0.00112895795609802
14,5,Normal,3000,5,0.1,12,2026105712,7.052207753018317,new_lower_rho_same_seed_schedule,False,3,5.820966186776439,0.9713333333333334,2914,0.028666666666666618,18.404907975460123,163,1,42,1.9701651614485691,False,-1.231241566241878,False,ok,,0.0013232080382294953
14,5,Normal,3000,5,0.1,12,2026105712,7.052207753018317,new_lower_rho_same_seed_schedule,False,4,4.956629093343614,0.925,2775,0.07499999999999996,8.450704225352112,355,1,128,2.3674855748312433,False,-2.095578659674703,False,ok,,0.001368541968986392
14,5,Normal,3000,5,0.1,12,2026105712,7.052207753018317,new_lower_rho_same_seed_schedule,False,5,3.907284976953162,0.8536666666666667,2561,0.14633333333333332,4.918032786885246,610,1,272,2.76658421630649,False,-3.144922776065155,False,ok,,0.0015177500317804515
14,5,Normal,3000,5,0.1,12,2026105712,7.052207753018317,new_lower_rho_same_seed_schedule,False,6,2.666041847328072,0.7333333333333333,2200,0.2666666666666667,3.1446540880503147,954,1,485,2.7821966787665606,False,-4.386165905690245,False,ok,,0.001653791987337172
14,5,Normal,3000,5,0.1,12,2026105712,7.052207753018317,new_lower_rho_same_seed_schedule,False,7,1.3608580791607248,0.6046666666666667,1814,0.3953333333333333,2.245508982035928,1336,1,787,2.836552961231862,False,-5.691349673857593,False,ok,,0.0017000410007312894
14,5,Normal,3000,5,0.1,12,2026105712,7.052207753018317,new_lower_rho_same_seed_schedule,False,8,0.377177139714811,0.43733333333333335,1312,0.5626666666666666,1.7878426698450536,1678,1,1089,2.3305149172420068,False,-6.675030613303506,False,ok,,0.0016927910037338734
14,5,Normal,3000,5,0.1,12,2026105712,7.052207753018317,new_lower_rho_same_seed_schedule,False,9,-0.7689100533652051,0.32366666666666666,971,0.6763333333333333,1.5228426395939085,1970,1,1397,2.0041890188311027,False,-7.821117806383523,False,ok,,0.001920832961332053
14,5,Normal,3000,5,0.1,12,2026105712,7.052207753018317,new_lower_rho_same_seed_schedule,False,10,-1.7055227070744612,0.19533333333333333,586,0.8046666666666666,1.3169446883230904,2278,1,1798,1.3756748643443988,False,-8.757730460092779,False,ok,,0.0015765419811941683
14,5,Normal,3000,5,0.1,12,2026105712,7.052207753018317,new_lower_rho_same_seed_schedule,False,11,-2.0299388505122242,0.114,342,0.886,1.222992254382389,2453,1,2035,0.8991692188592469,False,-9.082146603530541,False,ok,,0.0014606670010834932
14,5,Normal,3000,5,0.1,12,2026105712,7.052207753018317,new_lower_rho_same_seed_schedule,False,12,-2.8866499519219464,0.05466666666666667,164,0.9453333333333334,1.1428571428571428,2625,1,2308,0.510998082972576,False,-9.938857704940263,False,ok,,0.0014531659544445574
14,5,Normal,3000,5,0.1,12,2026105712,7.052207753018317,new_lower_rho_same_seed_schedule,False,13,-3.2786223372556518,0.03133333333333333,94,0.9686666666666667,1.0940919037199124,2742,1,2513,0.3288852300116463,False,-10.330830090273968,False,ok,,0.0012117080041207373
14,5,Normal,3000,5,0.1,12,2026105712,7.052207753018317,new_lower_rho_same_seed_schedule,False,14,-3.9060450905404727,0.015666666666666666,47,0.9843333333333333,1.072194424588992,2798,1,2611,0.2131999001307471,False,-10.958252843558789,False,ok,,0.0011429579462856054
14,5,Normal,3000,5,0.1,12,2026105712,7.052207753018317,new_lower_rho_same_seed_schedule,False,15,-3.690678598510635,0.008,24,0.992,1.0467550593161201,2866,1,2737,0.11671240183609406,False,-10.742886351528952,False,ok,,0.0010734589886851609
14,5,Normal,3000,5,0.1,12,2026105712,7.052207753018317,new_lower_rho_same_seed_schedule,False,16,-4.0069907560844795,0.009666666666666667,29,0.9903333333333333,1.0377032168799722,2891,1,2791,0.1298378994190225,False,-11.059198509102796,False,ok,,0.0010392919648438692
14,5,Normal,3000,5,0.1,12,2026105712,7.052207753018317,new_lower_rho_same_seed_schedule,False,17,-3.460392028840615,0.0033333333333333335,10,0.9966666666666667,1.021798365122616,2936,1,2873,0.047251875070315995,False,-10.512599781858931,False,ok,,0.0009930829983204603
14,5,Normal,3000,5,0.1,12,2026105712,7.052207753018317,new_lower_rho_same_seed_schedule,False,18,-5.051604270450446,0.004,12,0.996,1.0242403550699897,2929,1,2861,0.06523395120505826,False,-12.103812023468763,False,ok,,0.0009955409914255142
14,5,Normal,3000,5,0.1,12,2026105712,7.052207753018317,new_lower_rho_same_seed_schedule,False,19,-2.1620405233228883,0.0006666666666666666,2,0.9993333333333333,1.0131712259371835,2961,1,2922,0.02599999999999999,False,-9.214248276341205,False,ok,,0.0009485419723205268
14,5,Normal,3000,5,0.1,12,2026105712,7.052207753018317,new_lower_rho_same_seed_schedule,False,20,-4.190643132678726,0.001,3,0.999,1.015228426395939,2955,1,2910,0.029999999999999978,False,-11.242850885697043,False,ok,,0.0009628330008126795
14,5,Normal,3000,5,0.1,12,2026105712,7.052207753018317,new_lower_rho_same_seed_schedule,False,21,-8.391180711433709,0.0003333333333333333,1,0.9996666666666667,1.0080645161290323,2976,1,2952,0.015999999999999993,False,-15.443388464452026,False,ok,,0.0009212499717250466
14,5,Normal,3000,5,0.1,12,2026105712,7.052207753018317,new_lower_rho_same_seed_schedule,False,22,-4.696093364501988,0.0006666666666666666,2,0.9993333333333333,1.0084033613445378,2975,1,2950,0.01666666666666666,False,-11.748301117520306,False,ok,,0.0009134590509347618
14,5,Normal,3000,5,0.1,12,2026105712,7.052207753018317,new_lower_rho_same_seed_schedule,False,23,-5.52493796167937,0.0003333333333333333,1,0.9996666666666667,1.0070493454179255,2979,1,2958,0.013999999999999995,False,-12.577145714697687,False,ok,,0.0009108330123126507
14,5,Normal,3000,5,0.1,12,2026105712,7.052207753018317,new_lower_rho_same_seed_schedule,False,24,0.0,0.0,0,1.0,1.0060362173038229,2982,1,2964,0.011999999999999993,False,-7.052207753018317,True,ok,,0.0009257919737137854
14,5,Normal,3000,5,0.1,12,2026105712,7.052207753018317,new_lower_rho_same_seed_schedule,False,25,0.0,0.0,0,1.0,1.0026737967914439,2992,1,2984,0.005333333333333333,False,-7.052207753018317,True,ok,,0.0010429170215502381
14,5,Normal,3000,5,0.1,12,2026105712,7.052207753018317,new_lower_rho_same_seed_schedule,False,26,0.0,0.0,0,1.0,1.0056989607777405,2983,1,2966,0.011333333333333329,False,-7.052207753018317,True,ok,,0.001150708005297929
14,5,Normal,3000,5,0.1,12,2026105712,7.052207753018317,new_lower_rho_same_seed_schedule,False,27,0.0,0.0,0,1.0,1.0023387905111927,2993,1,2986,0.004666666666666666,False,-7.052207753018317,True,ok,,0.0010347499628551304
14,5,Normal,3000,5,0.1,12,2026105712,7.052207753018317,new_lower_rho_same_seed_schedule,False,28,0.0,0.0,0,1.0,1.0023387905111927,2993,1,2986,0.004666666666666665,False,-7.052207753018317,True,ok,,0.0013189580058678985
14,5,Normal,3000,5,0.1,12,2026105712,7.052207753018317,new_lower_rho_same_seed_schedule,False,29,0.0,0.0,0,1.0,1.0006671114076051,2998,1,2996,0.0013333333333333337,False,-7.052207753018317,True,ok,,0.0010858330060727894
14,5,Normal,3000,5,0.1,12,2026105712,7.052207753018317,new_lower_rho_same_seed_schedule,False,30,0.0,0.0,0,1.0,1.001669449081803,2995,1,2990,0.003333333333333333,False,-7.052207753018317,True,ok,,0.0009744589915499091
14,5,Normal,3000,5,0.1,12,2026105712,7.052207753018317,new_lower_rho_same_seed_schedule,False,31,0.0,0.0,0,1.0,1.001001001001001,2997,1,2994,0.0019999999999999996,False,-7.052207753018317,True,ok,,0.0009683750104159117
14,5,Normal,3000,5,0.1,12,2026105712,7.052207753018317,new_lower_rho_same_seed_schedule,False,32,0.0,0.0,0,1.0,1.0013351134846462,2996,1,2992,0.0026666666666666657,False,-7.052207753018317,True,ok,,0.0009459590073674917
14,5,Normal,3000,5,0.1,12,2026105712,7.052207753018317,new_lower_rho_same_seed_schedule,False,33,0.0,0.0,0,1.0,1.0006671114076051,2998,1,2996,0.0013333333333333335,False,-7.052207753018317,True,ok,,0.0009201670181937516
14,5,Normal,3000,5,0.1,12,2026105712,7.052207753018317,new_lower_rho_same_seed_schedule,False,34,0.0,0.0,0,1.0,1.0003334444814937,2999,1,2998,0.0006666666666666661,False,-7.052207753018317,True,ok,,0.0009118340094573796
14,5,Normal,3000,5,0.1,12,2026105712,7.052207753018317,new_lower_rho_same_seed_schedule,False,35,0.0,0.0,0,1.0,1.0006671114076051,2998,1,2996,0.001333333333333333,False,-7.052207753018317,True,ok,,0.000900166982319206
14,5,Normal,3000,5,0.1,12,2026105712,7.052207753018317,new_lower_rho_same_seed_schedule,False,36,0.0,0.0,0,1.0,1.0003334444814937,2999,1,2998,0.0006666666666666666,False,-7.052207753018317,True,ok,,0.0008949580369517207
14,5,Normal,3000,5,0.1,12,2026105712,7.052207753018317,new_lower_rho_same_seed_schedule,False,37,0.0,0.0,0,1.0,1.001001001001001,2997,1,2994,0.0019999999999999987,False,-7.052207753018317,True,ok,,0.0008961249841377139
14,5,Normal,3000,5,0.1,12,2026105712,7.052207753018317,new_lower_rho_same_seed_schedule,False,38,0.0,0.0,0,1.0,1.0006671114076051,2998,1,2996,0.001333333333333333,False,-7.052207753018317,True,ok,,0.0008887919830158353
14,5,Normal,3000,5,0.1,12,2026105712,7.052207753018317,new_lower_rho_same_seed_schedule,False,39,0.0,0.0,0,1.0,1.0003334444814937,2999,1,2998,0.0006666666666666665,False,-7.052207753018317,True,ok,,0.0008779169875197113
14,5,Normal,3000,5,0.1,12,2026105712,7.052207753018317,new_lower_rho_same_seed_schedule,False,40,0.0,0.0,0,1.0,1.0003334444814937,2999,1,2998,0.0006666666666666661,False,-7.052207753018317,True,ok,,0.000931000045966357
14,5,Normal,3000,5,0.1,13,2026105713,7.052207753018317,new_lower_rho_same_seed_schedule,False,1,7.075750188260144,1.0,3000,0.0,3000.0,1,3000,0,1.1473988771337966,False,0.02354243524182653,False,ok,,0.00133350002579391
14,5,Normal,3000,5,0.1,13,2026105713,7.052207753018317,new_lower_rho_same_seed_schedule,False,2,6.483616694359548,1.0,3000,0.0,93.75,32,34,0,1.7170239636936495,False,-0.568591058658769,False,ok,,0.001154957979451865
14,5,Normal,3000,5,0.1,13,2026105713,7.052207753018317,new_lower_rho_same_seed_schedule,False,3,6.014494486842883,0.9693333333333334,2908,0.03066666666666662,21.12676056338028,142,1,34,1.8193631645095938,False,-1.0377132661754338,False,ok,,0.001361916947644204
14,5,Normal,3000,5,0.1,13,2026105713,7.052207753018317,new_lower_rho_same_seed_schedule,False,4,5.238152765558502,0.9486666666666667,2846,0.05133333333333334,11.320754716981131,265,1,83,2.2628043520480454,False,-1.8140549874598149,False,ok,,0.0013474589795805514
14,5,Normal,3000,5,0.1,13,2026105713,7.052207753018317,new_lower_rho_same_seed_schedule,False,5,4.411184923716306,0.8946666666666667,2684,0.10533333333333328,6.437768240343348,466,1,184,2.5822082048325,False,-2.6410228293020115,False,ok,,0.0014451249735429883
14,5,Normal,3000,5,0.1,13,2026105713,7.052207753018317,new_lower_rho_same_seed_schedule,False,6,3.4293897143342913,0.7996666666666666,2399,0.20033333333333336,4.076086956521739,736,1,331,2.733554296148497,False,-3.622818038684026,False,ok,,0.0015562920016236603
14,5,Normal,3000,5,0.1,13,2026105713,7.052207753018317,new_lower_rho_same_seed_schedule,False,7,2.318384739980791,0.695,2085,0.30500000000000005,2.838221381267739,1057,1,554,2.821732831322953,False,-4.733823013037526,False,ok,,0.0016372090321965516
14,5,Normal,3000,5,0.1,13,2026105713,7.052207753018317,new_lower_rho_same_seed_schedule,False,8,1.1354557110214263,0.5786666666666667,1736,0.42133333333333334,2.170767004341534,1382,1,805,2.810166578134461,False,-5.916752041996891,False,ok,,0.0016774999676272273
14,5,Normal,3000,5,0.1,13,2026105713,7.052207753018317,new_lower_rho_same_seed_schedule,False,9,0.06379857358714508,0.43133333333333335,1294,0.5686666666666667,1.7431725740848345,1721,1,1122,2.3646008825984173,False,-6.988409179431172,False,ok,,0.001683040987700224
14,5,Normal,3000,5,0.1,13,2026105713,7.052207753018317,new_lower_rho_same_seed_schedule,False,10,-0.9315577221310624,0.2936666666666667,881,0.7063333333333333,1.4734774066797642,2036,1,1477,1.8974490278552147,False,-7.983765475149379,False,ok,,0.0015989170060493052
14,5,Normal,3000,5,0.1,13,2026105713,7.052207753018317,new_lower_rho_same_seed_schedule,False,11,-1.8123593037917813,0.195,585,0.8049999999999999,1.3215859030837005,2270,1,1779,1.4016988312573584,False,-8.864567056810099,False,ok,,0.0015720829833298922
14,5,Normal,3000,5,0.1,13,2026105713,7.052207753018317,new_lower_rho_same_seed_schedule,False,12,-2.0494046367192906,0.12466666666666666,374,0.8753333333333333,1.2340600575894694,2431,1,2007,0.9550498852587987,False,-9.101612389737607,False,ok,,0.0016585830016992986
14,5,Normal,3000,5,0.1,13,2026105713,7.052207753018317,new_lower_rho_same_seed_schedule,False,13,-2.945887052405872,0.058666666666666666,176,0.9413333333333334,1.1476664116296864,2614,1,2289,0.5669226195821894,False,-9.99809480542419,False,ok,,0.0013773340033367276
14,5,Normal,3000,5,0.1,13,2026105713,7.052207753018317,new_lower_rho_same_seed_schedule,False,14,-3.230690799374295,0.04633333333333333,139,0.9536666666666667,1.1148272017837235,2691,1,2429,0.4244419537337329,False,-10.282898552392613,False,ok,,0.0012307500001043081
14,5,Normal,3000,5,0.1,13,2026105713,7.052207753018317,new_lower_rho_same_seed_schedule,False,15,-3.486153686369345,0.01633333333333333,49,0.9836666666666667,1.0710460549803642,2801,1,2616,0.19946881191586796,False,-10.538361439387662,False,ok,,0.0011264170170761645
14,5,Normal,3000,5,0.1,13,2026105713,7.052207753018317,new_lower_rho_same_seed_schedule,False,16,-4.002351033239136,0.017666666666666667,53,0.9823333333333333,1.0593220338983051,2832,1,2681,0.20804922930499978,False,-11.054558786257452,False,ok,,0.0010852079722099006
14,5,Normal,3000,5,0.1,13,2026105713,7.052207753018317,new_lower_rho_same_seed_schedule,False,17,-5.0104226137883785,0.013,39,0.987,1.0482180293501049,2862,1,2735,0.15658852605274004,False,-12.062630366806696,False,ok,,0.001049291982781142
14,5,Normal,3000,5,0.1,13,2026105713,7.052207753018317,new_lower_rho_same_seed_schedule,False,18,-3.829289964311227,0.008666666666666666,26,0.9913333333333333,1.0366275051831375,2894,1,2795,0.11516314531588866,False,-10.881497717329545,False,ok,,0.001011374988593161
14,5,Normal,3000,5,0.1,13,2026105713,7.052207753018317,new_lower_rho_same_seed_schedule,False,19,-6.078144662255856,0.006,18,0.994,1.032346868547832,2906,1,2816,0.09160298562325049,False,-13.130352415274174,False,ok,,0.0009947080397978425
14,5,Normal,3000,5,0.1,13,2026105713,7.052207753018317,new_lower_rho_same_seed_schedule,False,20,-4.058299785868434,0.003,9,0.997,1.0204081632653061,2940,1,2882,0.05151563944221621,False,-11.11050753888675,False,ok,,0.000954833987634629
14,5,Normal,3000,5,0.1,13,2026105713,7.052207753018317,new_lower_rho_same_seed_schedule,False,21,-4.260029892031371,0.004333333333333333,13,0.9956666666666667,1.0135135135135136,2960,1,2922,0.039474146130910666,False,-11.312237645049688,False,ok,,0.0009303329861722887
14,5,Normal,3000,5,0.1,13,2026105713,7.052207753018317,new_lower_rho_same_seed_schedule,False,22,-7.505013409657569,0.002,6,0.998,1.0107816711590296,2968,1,2938,0.0388814841071615,False,-14.557221162675887,False,ok,,0.0009282079990953207
14,5,Normal,3000,5,0.1,13,2026105713,7.052207753018317,new_lower_rho_same_seed_schedule,False,23,-5.078443410389944,0.0013333333333333333,4,0.9986666666666667,1.007387508394896,2978,1,2956,0.014666666666666658,False,-12.130651163408261,False,ok,,0.0009162089554592967
14,5,Normal,3000,5,0.1,13,2026105713,7.052207753018317,new_lower_rho_same_seed_schedule,False,24,-9.26733487247016,0.0003333333333333333,1,0.9996666666666667,1.0067114093959733,2980,1,2960,0.01333333333333333,False,-16.319542625488477,False,ok,,0.0009143750066868961
14,5,Normal,3000,5,0.1,13,2026105713,7.052207753018317,new_lower_rho_same_seed_schedule,False,25,-3.850515229591323,0.0003333333333333333,1,0.9996666666666667,1.007387508394896,2978,1,2956,0.014666666666666658,False,-10.90272298260964,False,ok,,0.0009227919508703053
14,5,Normal,3000,5,0.1,13,2026105713,7.052207753018317,new_lower_rho_same_seed_schedule,False,26,-9.26733487247016,0.0003333333333333333,1,0.9996666666666667,1.0036801605888257,2989,1,2978,0.007333333333333334,False,-16.319542625488477,False,ok,,0.000897291989531368
14,5,Normal,3000,5,0.1,13,2026105713,7.052207753018317,new_lower_rho_same_seed_schedule,False,27,0.0,0.0,0,1.0,1.0036801605888257,2989,1,2978,0.007333333333333332,False,-7.052207753018317,True,ok,,0.0008927499875426292
14,5,Normal,3000,5,0.1,13,2026105713,7.052207753018317,new_lower_rho_same_seed_schedule,False,28,-7.1403667144303675,0.0003333333333333333,1,0.9996666666666667,1.0033444816053512,2990,1,2980,0.006666666666666666,False,-14.192574467448685,False,ok,,0.0009032089728862047
14,5,Normal,3000,5,0.1,13,2026105713,7.052207753018317,new_lower_rho_same_seed_schedule,False,29,-3.850515229591323,0.0003333333333333333,1,0.9996666666666667,1.0033444816053512,2990,1,2980,0.006666666666666666,False,-10.90272298260964,False,ok,,0.0008978330297395587
14,5,Normal,3000,5,0.1,13,2026105713,7.052207753018317,new_lower_rho_same_seed_schedule,False,30,-9.26733487247016,0.0003333333333333333,1,0.9996666666666667,1.0036801605888257,2989,1,2978,0.007333333333333332,False,-16.319542625488477,False,ok,,0.0013402499607764184
14,5,Normal,3000,5,0.1,13,2026105713,7.052207753018317,new_lower_rho_same_seed_schedule,False,31,-4.144868153033649,0.0003333333333333333,1,0.9996666666666667,1.0023387905111927,2993,1,2986,0.004666666666666666,False,-11.197075906051966,False,ok,,0.0011598750133998692
14,5,Normal,3000,5,0.1,13,2026105713,7.052207753018317,new_lower_rho_same_seed_schedule,False,32,0.0,0.0,0,1.0,1.002004008016032,2994,1,2988,0.003999999999999999,False,-7.052207753018317,True,ok,,0.0011081250268034637
14,5,Normal,3000,5,0.1,13,2026105713,7.052207753018317,new_lower_rho_same_seed_schedule,False,33,-9.26733487247016,0.0003333333333333333,1,0.9996666666666667,1.0026737967914439,2992,1,2984,0.005333333333333332,False,-16.319542625488477,False,ok,,0.0009014580282382667
14,5,Normal,3000,5,0.1,13,2026105713,7.052207753018317,new_lower_rho_same_seed_schedule,False,34,0.0,0.0,0,1.0,1.001669449081803,2995,1,2990,0.003333333333333333,False,-7.052207753018317,True,ok,,0.000886416994035244
14,5,Normal,3000,5,0.1,13,2026105713,7.052207753018317,new_lower_rho_same_seed_schedule,False,35,0.0,0.0,0,1.0,1.001669449081803,2995,1,2990,0.003333333333333333,False,-7.052207753018317,True,ok,,0.0008854169864207506
14,5,Normal,3000,5,0.1,13,2026105713,7.052207753018317,new_lower_rho_same_seed_schedule,False,36,-9.26733487247016,0.0003333333333333333,1,0.9996666666666667,1.0013351134846462,2996,1,2992,0.0026666666666666666,False,-16.319542625488477,False,ok,,0.0009007500484585762
14,5,Normal,3000,5,0.1,13,2026105713,7.052207753018317,new_lower_rho_same_seed_schedule,False,37,0.0,0.0,0,1.0,1.001001001001001,2997,1,2994,0.002,False,-7.052207753018317,True,ok,,0.0008845419506542385
14,5,Normal,3000,5,0.1,13,2026105713,7.052207753018317,new_lower_rho_same_seed_schedule,False,38,0.0,0.0,0,1.0,1.0003334444814937,2999,1,2998,0.0006666666666666662,False,-7.052207753018317,True,ok,,0.0008732079877518117
14,5,Normal,3000,5,0.1,13,2026105713,7.052207753018317,new_lower_rho_same_seed_schedule,False,39,0.0,0.0,0,1.0,1.0003334444814937,2999,1,2998,0.0006666666666666669,False,-7.052207753018317,True,ok,,0.0008767500403337181
14,5,Normal,3000,5,0.1,13,2026105713,7.052207753018317,new_lower_rho_same_seed_schedule,False,40,0.0,0.0,0,1.0,1.001001001001001,2997,1,2994,0.0019999999999999996,False,-7.052207753018317,True,ok,,0.0008743330254219472
14,5,Normal,3000,5,0.1,14,2026105714,7.052207753018317,new_lower_rho_same_seed_schedule,False,1,7.05088573960805,1.0,3000,0.0,3000.0,1,3000,0,1.1471354803304432,False,-0.0013220134102667203,False,ok,,0.0011600000434555113
14,5,Normal,3000,5,0.1,14,2026105714,7.052207753018317,new_lower_rho_same_seed_schedule,False,2,6.474989612355406,1.0,3000,0.0,93.75,32,22,0,1.6735609730440728,False,-0.5772181406629109,False,ok,,0.0010783749748952687
14,5,Normal,3000,5,0.1,14,2026105714,7.052207753018317,new_lower_rho_same_seed_schedule,False,3,5.8626698641000745,0.975,2925,0.025000000000000022,20.833333333333332,144,1,28,1.9137627963431334,False,-1.1895378889182426,False,ok,,0.0012144999927841127
14,5,Normal,3000,5,0.1,14,2026105714,7.052207753018317,new_lower_rho_same_seed_schedule,False,4,5.112503436432147,0.9276666666666666,2783,0.07233333333333336,9.584664536741213,313,1,105,2.2957210895159696,False,-1.9397043165861705,False,ok,,0.0014505829894915223
14,5,Normal,3000,5,0.1,14,2026105714,7.052207753018317,new_lower_rho_same_seed_schedule,False,5,4.192532991291792,0.8693333333333333,2608,0.1306666666666667,5.5762081784386615,538,1,234,2.6073499613787754,False,-2.8596747617265255,False,ok,,0.0014567080070264637
14,5,Normal,3000,5,0.1,14,2026105714,7.052207753018317,new_lower_rho_same_seed_schedule,False,6,3.0472109090882187,0.7753333333333333,2326,0.22466666666666668,3.6014405762304924,833,1,395,2.890735882162422,False,-4.0049968439300985,False,ok,,0.0015675409813411534
14,5,Normal,3000,5,0.1,14,2026105714,7.052207753018317,new_lower_rho_same_seed_schedule,False,7,1.9899285255306562,0.6513333333333333,1954,0.3486666666666667,2.5728987993138936,1166,1,635,2.83732733842724,False,-5.062279227487661,False,ok,,0.0016703750006854534
14,5,Normal,3000,5,0.1,14,2026105714,7.052207753018317,new_lower_rho_same_seed_schedule,False,8,0.802676050234975,0.5136666666666667,1541,0.4863333333333333,1.9788918205804749,1516,1,926,2.57202657101464,False,-6.249531702783342,False,ok,,0.0017259999876841903
14,5,Normal,3000,5,0.1,14,2026105714,7.052207753018317,new_lower_rho_same_seed_schedule,False,9,-0.18211553323217358,0.37,1110,0.63,1.6137708445400754,1859,1,1299,2.086256747388079,False,-7.234323286250491,False,ok,,0.0015907089691609144
14,5,Normal,3000,5,0.1,14,2026105714,7.052207753018317,new_lower_rho_same_seed_schedule,False,10,-1.3262880553849759,0.245,735,0.755,1.4157621519584709,2119,1,1568,1.640405098800035,False,-8.378495808403294,False,ok,,0.0015608749818056822
14,5,Normal,3000,5,0.1,14,2026105714,7.052207753018317,new_lower_rho_same_seed_schedule,False,11,-1.9144428885541573,0.15,450,0.85,1.2706480304955527,2361,1,1898,1.1311612459064515,False,-8.966650641572475,False,ok,,0.0014626250485889614
14,5,Normal,3000,5,0.1,14,2026105714,7.052207753018317,new_lower_rho_same_seed_schedule,False,12,-2.3866899258715506,0.08766666666666667,263,0.9123333333333333,1.1797090051120724,2543,1,2187,0.703267873529814,False,-9.438897678889868,False,ok,,0.0013170410529710352
14,5,Normal,3000,5,0.1,14,2026105714,7.052207753018317,new_lower_rho_same_seed_schedule,False,13,-3.1402184908916007,0.05,150,0.95,1.1265490048817124,2663,1,2375,0.47965359646514655,False,-10.192426243909917,False,ok,,0.0013054169830866158
14,5,Normal,3000,5,0.1,14,2026105714,7.052207753018317,new_lower_rho_same_seed_schedule,False,14,-3.540818741671585,0.027333333333333334,82,0.9726666666666667,1.0814708002883922,2774,1,2575,0.28118257094035143,False,-10.593026494689902,False,ok,,0.0013835420249961317
14,5,Normal,3000,5,0.1,14,2026105714,7.052207753018317,new_lower_rho_same_seed_schedule,False,15,-3.971058274031443,0.02033333333333333,61,0.9796666666666667,1.0638297872340425,2820,1,2659,0.22215132333811494,False,-11.023266027049761,False,ok,,0.0012297910288907588
14,5,Normal,3000,5,0.1,14,2026105714,7.052207753018317,new_lower_rho_same_seed_schedule,False,16,-4.418399421798114,0.013333333333333334,40,0.9866666666666667,1.0507880910683012,2855,1,2722,0.1588139863894868,False,-11.47060717481643,False,ok,,0.0011460829991847277
14,5,Normal,3000,5,0.1,14,2026105714,7.052207753018317,new_lower_rho_same_seed_schedule,False,17,-4.4910326036853085,0.005333333333333333,16,0.9946666666666667,1.0312822275696116,2909,1,2822,0.08464479906123092,False,-11.543240356703626,False,ok,,0.0011777920299209654
14,5,Normal,3000,5,0.1,14,2026105714,7.052207753018317,new_lower_rho_same_seed_schedule,False,18,-4.074277450222567,0.005333333333333333,16,0.9946666666666667,1.029512697323267,2914,1,2831,0.07619136970553013,False,-11.126485203240884,False,ok,,0.0011277919984422624
14,5,Normal,3000,5,0.1,14,2026105714,7.052207753018317,new_lower_rho_same_seed_schedule,False,19,-5.801892956902675,0.003,9,0.997,1.019367991845056,2943,1,2889,0.05773652445815768,False,-12.854100709920992,False,ok,,0.001085541967768222
14,5,Normal,3000,5,0.1,14,2026105714,7.052207753018317,new_lower_rho_same_seed_schedule,False,20,-5.58678325648984,0.0026666666666666666,8,0.9973333333333333,1.017984390906006,2947,1,2896,0.04815332945299241,False,-12.638991009508157,False,ok,,0.0010566659620963037
14,5,Normal,3000,5,0.1,14,2026105714,7.052207753018317,new_lower_rho_same_seed_schedule,False,21,-3.8409262579423116,0.0016666666666666668,5,0.9983333333333333,1.0114632501685772,2966,1,2933,0.029106586998663992,False,-10.89313401096063,False,ok,,0.001025790988933295
14,5,Normal,3000,5,0.1,14,2026105714,7.052207753018317,new_lower_rho_same_seed_schedule,False,22,-2.9643632066238124,0.001,3,0.999,1.0097610232245036,2971,1,2942,0.019333333333333324,False,-10.016570959642129,False,ok,,0.0010078750201500952
14,5,Normal,3000,5,0.1,14,2026105714,7.052207753018317,new_lower_rho_same_seed_schedule,False,23,-4.48008745738087,0.0003333333333333333,1,0.9996666666666667,1.0056989607777405,2983,1,2966,0.01133333333333333,False,-11.532295210399187,False,ok,,0.000978084048256278
14,5,Normal,3000,5,0.1,14,2026105714,7.052207753018317,new_lower_rho_same_seed_schedule,False,24,-7.596731498535163,0.0006666666666666666,2,0.9993333333333333,1.0056989607777405,2983,1,2966,0.011333333333333329,False,-14.648939251553479,False,ok,,0.0009641249780543149
14,5,Normal,3000,5,0.1,14,2026105714,7.052207753018317,new_lower_rho_same_seed_schedule,False,25,0.0,0.0,0,1.0,1.004352192835621,2987,1,2974,0.008666666666666666,False,-7.052207753018317,True,ok,,0.0009549999958835542
14,5,Normal,3000,5,0.1,14,2026105714,7.052207753018317,new_lower_rho_same_seed_schedule,False,26,-10.598069605196201,0.0003333333333333333,1,0.9996666666666667,1.0053619302949062,2984,1,2968,0.010666666666666665,False,-17.650277358214517,False,ok,,0.0009578340104781091
14,5,Normal,3000,5,0.1,14,2026105714,7.052207753018317,new_lower_rho_same_seed_schedule,False,27,0.0,0.0,0,1.0,1.0026737967914439,2992,1,2984,0.005333333333333332,False,-7.052207753018317,True,ok,,0.0009467919589951634
14,5,Normal,3000,5,0.1,14,2026105714,7.052207753018317,new_lower_rho_same_seed_schedule,False,28,-10.598069605196201,0.0003333333333333333,1,0.9996666666666667,1.0040160642570282,2988,1,2976,0.007999999999999997,False,-17.650277358214517,False,ok,,0.0009884589817374945
14,5,Normal,3000,5,0.1,14,2026105714,7.052207753018317,new_lower_rho_same_seed_schedule,False,29,0.0,0.0,0,1.0,1.001001001001001,2997,1,2994,0.002,False,-7.052207753018317,True,ok,,0.0010240419651381671
14,5,Normal,3000,5,0.1,14,2026105714,7.052207753018317,new_lower_rho_same_seed_schedule,False,30,0.0,0.0,0,1.0,1.001669449081803,2995,1,2990,0.003333333333333333,False,-7.052207753018317,True,ok,,0.001101875037420541
14,5,Normal,3000,5,0.1,14,2026105714,7.052207753018317,new_lower_rho_same_seed_schedule,False,31,0.0,0.0,0,1.0,1.0013351134846462,2996,1,2992,0.0026666666666666653,False,-7.052207753018317,True,ok,,0.0010507500264793634
14,5,Normal,3000,5,0.1,14,2026105714,7.052207753018317,new_lower_rho_same_seed_schedule,False,32,0.0,0.0,0,1.0,1.002004008016032,2994,1,2988,0.003999999999999999,False,-7.052207753018317,True,ok,,0.0011089160107076168
14,5,Normal,3000,5,0.1,14,2026105714,7.052207753018317,new_lower_rho_same_seed_schedule,False,33,0.0,0.0,0,1.0,1.0003334444814937,2999,1,2998,0.0006666666666666664,False,-7.052207753018317,True,ok,,0.000980541983153671
14,5,Normal,3000,5,0.1,14,2026105714,7.052207753018317,new_lower_rho_same_seed_schedule,False,34,0.0,0.0,0,1.0,1.0013351134846462,2996,1,2992,0.0026666666666666674,False,-7.052207753018317,True,ok,,0.0009318329975940287
14,5,Normal,3000,5,0.1,14,2026105714,7.052207753018317,new_lower_rho_same_seed_schedule,False,35,0.0,0.0,0,1.0,1.0006671114076051,2998,1,2996,0.001333333333333334,False,-7.052207753018317,True,ok,,0.0009130410035140812
14,5,Normal,3000,5,0.1,14,2026105714,7.052207753018317,new_lower_rho_same_seed_schedule,False,36,0.0,0.0,0,1.0,1.0006671114076051,2998,1,2996,0.0013333333333333324,False,-7.052207753018317,True,ok,,0.000913166964892298
14,5,Normal,3000,5,0.1,14,2026105714,7.052207753018317,new_lower_rho_same_seed_schedule,False,37,-10.598069605196201,0.0003333333333333333,1,0.9996666666666667,1.0013351134846462,2996,1,2992,0.0026666666666666666,False,-17.650277358214517,False,ok,,0.000912834017071873
14,5,Normal,3000,5,0.1,14,2026105714,7.052207753018317,new_lower_rho_same_seed_schedule,False,38,0.0,0.0,0,1.0,1.0003334444814937,2999,1,2998,0.0006666666666666664,False,-7.052207753018317,True,ok,,0.0009039170108735561
14,5,Normal,3000,5,0.1,14,2026105714,7.052207753018317,new_lower_rho_same_seed_schedule,False,39,-10.598069605196201,0.0003333333333333333,1,0.9996666666666667,1.0003334444814937,2999,1,2998,0.0006666666666666664,False,-17.650277358214517,False,ok,,0.0009039579890668392
14,5,Normal,3000,5,0.1,14,2026105714,7.052207753018317,new_lower_rho_same_seed_schedule,False,40,0.0,0.0,0,1.0,1.0,3000,1,3000,0.0,False,-7.052207753018317,True,ok,,0.0009029579814523458
14,5,Normal,3000,5,0.1,15,2026105715,7.052207753018317,new_lower_rho_same_seed_schedule,False,1,7.10374913106241,1.0,3000,0.0,3000.0,1,3000,0,1.143883046921791,False,0.0515413780440932,False,ok,,0.0011678329901769757
14,5,Normal,3000,5,0.1,15,2026105715,7.052207753018317,new_lower_rho_same_seed_schedule,False,2,6.537139872046263,1.0,3000,0.0,93.75,32,16,0,1.6729572983869319,False,-0.5150678809720546,False,ok,,0.0010852499981410801
14,5,Normal,3000,5,0.1,15,2026105715,7.052207753018317,new_lower_rho_same_seed_schedule,False,3,6.020130090034943,0.9803333333333333,2941,0.01966666666666672,23.80952380952381,126,1,24,1.864687618604665,False,-1.0320776629833741,False,ok,,0.0012127500376664102
14,5,Normal,3000,5,0.1,15,2026105715,7.052207753018317,new_lower_rho_same_seed_schedule,False,4,5.210768392047091,0.943,2829,0.05700000000000005,10.676156583629894,281,1,93,2.2670810492745415,False,-1.8414393609712265,False,ok,,0.001359208021312952
14,5,Normal,3000,5,0.1,15,2026105715,7.052207753018317,new_lower_rho_same_seed_schedule,False,5,4.293108282146139,0.8763333333333333,2629,0.1236666666666667,5.780346820809249,519,1,224,2.589245215039197,False,-2.7590994708721785,False,ok,,0.0016625839634798467
14,5,Normal,3000,5,0.1,15,2026105715,7.052207753018317,new_lower_rho_same_seed_schedule,False,6,3.2099333843876385,0.803,2409,0.19699999999999995,3.8809831824062098,773,1,353,2.9270992555145643,False,-3.8422743686306786,False,ok,,0.0017001669621095061
14,5,Normal,3000,5,0.1,15,2026105715,7.052207753018317,new_lower_rho_same_seed_schedule,False,7,2.1296194647624986,0.6626666666666666,1988,0.3373333333333334,2.633889376646181,1139,1,628,2.798714658884799,False,-4.9225882882558185,False,ok,,0.0016619579982943833
14,5,Normal,3000,5,0.1,15,2026105715,7.052207753018317,new_lower_rho_same_seed_schedule,False,8,0.8824624293099741,0.5433333333333333,1630,0.45666666666666667,2.0519835841313268,1462,1,891,2.6402514648366315,False,-6.169745323708343,False,ok,,0.0016730420175008476
14,5,Normal,3000,5,0.1,15,2026105715,7.052207753018317,new_lower_rho_same_seed_schedule,False,9,-0.031870930052186684,0.40166666666666667,1205,0.5983333333333334,1.693002257336343,1772,1,1176,2.275412503112505,False,-7.084078683070504,False,ok,,0.0016727499896660447
14,5,Normal,3000,5,0.1,15,2026105715,7.052207753018317,new_lower_rho_same_seed_schedule,False,10,-1.0152266879811498,0.28,840,0.72,1.4527845036319613,2065,1,1513,1.799159271697356,False,-8.067434440999467,False,ok,,0.0016107919509522617
14,5,Normal,3000,5,0.1,15,2026105715,7.052207753018317,new_lower_rho_same_seed_schedule,False,11,-1.8554731646928464,0.167,501,0.833,1.3054830287206267,2298,1,1798,1.261745351759607,False,-8.907680917711163,False,ok,,0.0015087909996509552
14,5,Normal,3000,5,0.1,15,2026105715,7.052207753018317,new_lower_rho_same_seed_schedule,False,12,-2.4895892494109377,0.10866666666666666,326,0.8913333333333333,1.2072434607645874,2485,1,2088,0.913921285585959,False,-9.541797002429256,False,ok,,0.0013781249872408807
14,5,Normal,3000,5,0.1,15,2026105715,7.052207753018317,new_lower_rho_same_seed_schedule,False,13,-2.83515922948841,0.06533333333333333,196,0.9346666666666666,1.1446012972148034,2621,1,2310,0.5699747636936036,False,-9.887366982506727,False,ok,,0.0012750420137308538
14,5,Normal,3000,5,0.1,15,2026105715,7.052207753018317,new_lower_rho_same_seed_schedule,False,14,-3.117595455940152,0.042,126,0.958,1.105379513633014,2714,1,2469,0.41286682539876335,False,-10.16980320895847,False,ok,,0.001192583004012704
14,5,Normal,3000,5,0.1,15,2026105715,7.052207753018317,new_lower_rho_same_seed_schedule,False,15,-4.347246155711587,0.01633333333333333,49,0.9836666666666667,1.0714285714285714,2800,1,2614,0.2112699561451404,False,-11.399453908729903,False,ok,,0.0011099580442532897
14,5,Normal,3000,5,0.1,15,2026105715,7.052207753018317,new_lower_rho_same_seed_schedule,False,16,-4.553908649454204,0.012,36,0.988,1.0515247108307044,2853,1,2715,0.15080469496736573,False,-11.606116402472521,False,ok,,0.0011457499931566417
14,5,Normal,3000,5,0.1,15,2026105715,7.052207753018317,new_lower_rho_same_seed_schedule,False,17,-3.6053114984737755,0.005333333333333333,16,0.9946666666666667,1.0413051023950017,2881,1,2765,0.09017510697865845,False,-10.657519251492094,False,ok,,0.0012759160017594695
14,5,Normal,3000,5,0.1,15,2026105715,7.052207753018317,new_lower_rho_same_seed_schedule,False,18,-8.290152384370804,0.002,6,0.998,1.0291595197255574,2915,1,2831,0.06468572807920105,False,-15.342360137389122,False,ok,,0.00114883400965482
14,5,Normal,3000,5,0.1,15,2026105715,7.052207753018317,new_lower_rho_same_seed_schedule,False,19,-4.476054073879921,0.004666666666666667,14,0.9953333333333333,1.0252904989747096,2926,1,2856,0.07033263972721653,False,-11.528261826898238,False,ok,,0.0010722500155679882
14,5,Normal,3000,5,0.1,15,2026105715,7.052207753018317,new_lower_rho_same_seed_schedule,False,20,-5.322042516211589,0.0013333333333333333,4,0.9986666666666667,1.0200612036722203,2941,1,2882,0.03933333333333335,False,-12.374250269229906,False,ok,,0.0010428340174257755
14,5,Normal,3000,5,0.1,15,2026105715,7.052207753018317,new_lower_rho_same_seed_schedule,False,21,-3.0983106129013835,0.0013333333333333333,4,0.9986666666666667,1.0107816711590296,2968,1,2936,0.021333333333333322,False,-10.150518365919702,False,ok,,0.001009541971143335
14,5,Normal,3000,5,0.1,15,2026105715,7.052207753018317,new_lower_rho_same_seed_schedule,False,22,-5.774276939556852,0.0003333333333333333,1,0.9996666666666667,1.0131712259371835,2961,1,2922,0.02599999999999998,False,-12.82648469257517,False,ok,,0.0009971249965019524
14,5,Normal,3000,5,0.1,15,2026105715,7.052207753018317,new_lower_rho_same_seed_schedule,False,23,-6.391884909693386,0.001,3,0.999,1.0114632501685772,2966,1,2932,0.022666666666666654,False,-13.444092662711704,False,ok,,0.0009904159815050662
14,5,Normal,3000,5,0.1,15,2026105715,7.052207753018317,new_lower_rho_same_seed_schedule,False,24,-5.774276939556852,0.0003333333333333333,1,0.9996666666666667,1.009421265141319,2972,1,2944,0.018666666666666658,False,-12.82648469257517,False,ok,,0.0009804999572224915
14,5,Normal,3000,5,0.1,15,2026105715,7.052207753018317,new_lower_rho_same_seed_schedule,False,25,0.0,0.0,0,1.0,1.0070493454179255,2979,1,2958,0.013999999999999992,False,-7.052207753018317,True,ok,,0.0009681659867055714
14,5,Normal,3000,5,0.1,15,2026105715,7.052207753018317,new_lower_rho_same_seed_schedule,False,26,0.0,0.0,0,1.0,1.0077258985555928,2977,1,2954,0.015333333333333327,False,-7.052207753018317,True,ok,,0.0009678329806774855
14,5,Normal,3000,5,0.1,15,2026105715,7.052207753018317,new_lower_rho_same_seed_schedule,False,27,0.0,0.0,0,1.0,1.001669449081803,2995,1,2990,0.0033333333333333322,False,-7.052207753018317,True,ok,,0.0010110409930348396
14,5,Normal,3000,5,0.1,15,2026105715,7.052207753018317,new_lower_rho_same_seed_schedule,False,28,-3.6192480484462486,0.0003333333333333333,1,0.9996666666666667,1.0053619302949062,2984,1,2968,0.010666666666666668,False,-10.671455801464566,False,ok,,0.0009583749924786389
14,5,Normal,3000,5,0.1,15,2026105715,7.052207753018317,new_lower_rho_same_seed_schedule,False,29,0.0,0.0,0,1.0,1.0033444816053512,2990,1,2980,0.0066666666666666645,False,-7.052207753018317,True,ok,,0.0009520829771645367
14,5,Normal,3000,5,0.1,15,2026105715,7.052207753018317,new_lower_rho_same_seed_schedule,False,30,-5.774276939556852,0.0003333333333333333,1,0.9996666666666667,1.0026737967914439,2992,1,2984,0.005333333333333333,False,-12.82648469257517,False,ok,,0.0010587500291876495
14,5,Normal,3000,5,0.1,15,2026105715,7.052207753018317,new_lower_rho_same_seed_schedule,False,31,0.0,0.0,0,1.0,1.001669449081803,2995,1,2990,0.003333333333333334,False,-7.052207753018317,True,ok,,0.0009768339805305004
14,5,Normal,3000,5,0.1,15,2026105715,7.052207753018317,new_lower_rho_same_seed_schedule,False,32,-5.774276939556852,0.0003333333333333333,1,0.9996666666666667,1.0030090270812437,2991,1,2982,0.005999999999999999,False,-12.82648469257517,False,ok,,0.0010762499878183007
14,5,Normal,3000,5,0.1,15,2026105715,7.052207753018317,new_lower_rho_same_seed_schedule,False,33,0.0,0.0,0,1.0,1.002004008016032,2994,1,2988,0.003999999999999999,False,-7.052207753018317,True,ok,,0.001063792034983635
14,5,Normal,3000,5,0.1,15,2026105715,7.052207753018317,new_lower_rho_same_seed_schedule,False,34,0.0,0.0,0,1.0,1.001001001001001,2997,1,2994,0.002,False,-7.052207753018317,True,ok,,0.0010406250366941094
14,5,Normal,3000,5,0.1,15,2026105715,7.052207753018317,new_lower_rho_same_seed_schedule,False,35,0.0,0.0,0,1.0,1.0013351134846462,2996,1,2992,0.002666666666666666,False,-7.052207753018317,True,ok,,0.0009951670072041452
14,5,Normal,3000,5,0.1,15,2026105715,7.052207753018317,new_lower_rho_same_seed_schedule,False,36,0.0,0.0,0,1.0,1.0003334444814937,2999,1,2998,0.0006666666666666669,False,-7.052207753018317,True,ok,,0.0009580409969203174
14,5,Normal,3000,5,0.1,15,2026105715,7.052207753018317,new_lower_rho_same_seed_schedule,False,37,0.0,0.0,0,1.0,1.0013351134846462,2996,1,2992,0.002666666666666667,False,-7.052207753018317,True,ok,,0.0009645000100135803
14,5,Normal,3000,5,0.1,15,2026105715,7.052207753018317,new_lower_rho_same_seed_schedule,False,38,-5.774276939556852,0.0003333333333333333,1,0.9996666666666667,1.0013351134846462,2996,1,2992,0.002666666666666666,False,-12.82648469257517,False,ok,,0.0009451670339331031
14,5,Normal,3000,5,0.1,15,2026105715,7.052207753018317,new_lower_rho_same_seed_schedule,False,39,0.0,0.0,0,1.0,1.0003334444814937,2999,1,2998,0.0006666666666666668,False,-7.052207753018317,True,ok,,0.0009337910450994968
14,5,Normal,3000,5,0.1,15,2026105715,7.052207753018317,new_lower_rho_same_seed_schedule,False,40,-5.774276939556852,0.0003333333333333333,1,0.9996666666666667,1.0013351134846462,2996,1,2992,0.002666666666666667,False,-12.82648469257517,False,ok,,0.000929499976336956
14,5,Normal,3000,5,0.1,16,2026105716,7.052207753018317,new_lower_rho_same_seed_schedule,False,1,7.120448904450975,1.0,3000,0.0,3000.0,1,3000,0,1.145337812187986,False,0.06824115143265796,False,ok,,0.0011842500534839928
14,5,Normal,3000,5,0.1,16,2026105716,7.052207753018317,new_lower_rho_same_seed_schedule,False,2,6.544901164434412,1.0,3000,0.0,93.75,32,28,0,1.6847471163045646,False,-0.507306588583905,False,ok,,0.0011283750063739717
14,5,Normal,3000,5,0.1,16,2026105716,7.052207753018317,new_lower_rho_same_seed_schedule,False,3,5.957299766269164,0.9783333333333334,2935,0.021666666666666612,21.27659574468085,141,1,36,1.9261843195579063,False,-1.0949079867491536,False,ok,,0.0012379579711705446
14,5,Normal,3000,5,0.1,16,2026105716,7.052207753018317,new_lower_rho_same_seed_schedule,False,4,5.252980438848586,0.9406666666666667,2822,0.05933333333333335,10.380622837370241,289,1,101,2.2616226729967055,False,-1.7992273141697313,False,ok,,0.001358875015284866
14,5,Normal,3000,5,0.1,16,2026105716,7.052207753018317,new_lower_rho_same_seed_schedule,False,5,4.363604972562842,0.8786666666666667,2636,0.1213333333333333,5.9880239520958085,501,1,206,2.5669579335550914,False,-2.688602780455475,False,ok,,0.001590833009686321
14,5,Normal,3000,5,0.1,16,2026105716,7.052207753018317,new_lower_rho_same_seed_schedule,False,6,3.1378178862941537,0.7893333333333333,2368,0.21066666666666667,3.7593984962406015,798,1,368,2.859976511227945,False,-3.9143898667241634,False,ok,,0.0018136670114472508
14,5,Normal,3000,5,0.1,16,2026105716,7.052207753018317,new_lower_rho_same_seed_schedule,False,7,2.0760710913985823,0.6683333333333333,2005,0.33166666666666667,2.643171806167401,1135,1,605,2.876904487741895,False,-4.976136661619735,False,ok,,0.001794583979062736
14,5,Normal,3000,5,0.1,16,2026105716,7.052207753018317,new_lower_rho_same_seed_schedule,False,8,0.8663154390333465,0.5306666666666666,1592,0.4693333333333334,2.025658338960162,1481,1,901,2.699558244349111,False,-6.18589231398497,False,ok,,0.0017409579595550895
14,5,Normal,3000,5,0.1,16,2026105716,7.052207753018317,new_lower_rho_same_seed_schedule,False,9,-0.19372075068442637,0.394,1182,0.606,1.6483516483516483,1820,1,1238,2.270395503805442,False,-7.245928503702744,False,ok,,0.0017169159837067127
14,5,Normal,3000,5,0.1,16,2026105716,7.052207753018317,new_lower_rho_same_seed_schedule,False,10,-1.013396515417089,0.257,771,0.743,1.4306151645207439,2097,1,1539,1.727369465381811,False,-8.065604268435406,False,ok,,0.0016503750230185688
14,5,Normal,3000,5,0.1,16,2026105716,7.052207753018317,new_lower_rho_same_seed_schedule,False,11,-1.8820664554018203,0.15633333333333332,469,0.8436666666666667,1.2755102040816326,2352,1,1892,1.153007315783355,False,-8.934274208420138,False,ok,,0.0015247919945977628
14,5,Normal,3000,5,0.1,16,2026105716,7.052207753018317,new_lower_rho_same_seed_schedule,False,12,-2.4440512613815204,0.097,291,0.903,1.1909487892020643,2519,1,2150,0.7765848359130484,False,-9.496259014399838,False,ok,,0.0013980829971842468
14,5,Normal,3000,5,0.1,16,2026105716,7.052207753018317,new_lower_rho_same_seed_schedule,False,13,-2.65475882638016,0.059333333333333335,178,0.9406666666666667,1.1286681715575622,2658,1,2375,0.5514707172585804,False,-9.706966579398477,False,ok,,0.0012958329753018916
14,5,Normal,3000,5,0.1,16,2026105716,7.052207753018317,new_lower_rho_same_seed_schedule,False,14,-3.7059023362864396,0.03866666666666667,116,0.9613333333333334,1.0976948408342482,2733,1,2505,0.380381099919338,False,-10.758110089304758,False,ok,,0.0012282920069992542
14,5,Normal,3000,5,0.1,16,2026105716,7.052207753018317,new_lower_rho_same_seed_schedule,False,15,-4.0222416412381,0.02,60,0.98,1.0626992561105206,2823,1,2663,0.2256735378171565,False,-11.074449394256417,False,ok,,0.0011490830220282078
14,5,Normal,3000,5,0.1,16,2026105716,7.052207753018317,new_lower_rho_same_seed_schedule,False,16,-3.6399053849606675,0.015,45,0.985,1.0496850944716585,2858,1,2728,0.15455698818665395,False,-10.692113137978986,False,ok,,0.0011071250191889703
14,5,Normal,3000,5,0.1,16,2026105716,7.052207753018317,new_lower_rho_same_seed_schedule,False,17,-5.109760925516585,0.005333333333333333,16,0.9946666666666667,1.0327022375215147,2905,1,2815,0.095043776907928,False,-12.161968678534901,False,ok,,0.0011382500524632633
14,5,Normal,3000,5,0.1,16,2026105716,7.052207753018317,new_lower_rho_same_seed_schedule,False,18,-4.685519150394922,0.006333333333333333,19,0.9936666666666667,1.0291595197255574,2915,1,2833,0.07652484960171542,False,-11.73772690341324,False,ok,,0.001176416000816971
14,5,Normal,3000,5,0.1,16,2026105716,7.052207753018317,new_lower_rho_same_seed_schedule,False,19,-5.709365249976783,0.0023333333333333335,7,0.9976666666666667,1.0242403550699897,2929,1,2859,0.05387893150170589,False,-12.7615730029951,False,ok,,0.0010899580083787441
14,5,Normal,3000,5,0.1,16,2026105716,7.052207753018317,new_lower_rho_same_seed_schedule,False,20,-4.022520160897941,0.002,6,0.998,1.017293997965412,2949,1,2898,0.033999999999999996,False,-11.07472791391626,False,ok,,0.0010320409783162177
14,5,Normal,3000,5,0.1,16,2026105716,7.052207753018317,new_lower_rho_same_seed_schedule,False,21,-5.216724293081661,0.0023333333333333335,7,0.9976666666666667,1.0118043844856661,2965,1,2932,0.03558143982734525,False,-12.268932046099978,False,ok,,0.0009793330100364983
14,5,Normal,3000,5,0.1,16,2026105716,7.052207753018317,new_lower_rho_same_seed_schedule,False,22,-6.59742963053976,0.004,12,0.996,1.0101010101010102,2970,1,2943,0.03939828311039781,False,-13.649637383558076,False,ok,,0.0009623339865356684
14,5,Normal,3000,5,0.1,16,2026105716,7.052207753018317,new_lower_rho_same_seed_schedule,False,23,-6.8275914460941225,0.0003333333333333333,1,0.9996666666666667,1.007387508394896,2978,1,2956,0.014666666666666658,False,-13.87979919911244,False,ok,,0.0009489159565418959
14,5,Normal,3000,5,0.1,16,2026105716,7.052207753018317,new_lower_rho_same_seed_schedule,False,24,-4.128905273827606,0.002,6,0.998,1.0067114093959733,2980,1,2960,0.013333333333333326,False,-11.181113026845924,False,ok,,0.0009385000448673964
14,5,Normal,3000,5,0.1,16,2026105716,7.052207753018317,new_lower_rho_same_seed_schedule,False,25,-8.048116962319064,0.0006666666666666666,2,0.9993333333333333,1.007387508394896,2978,1,2956,0.014666666666666658,False,-15.100324715337381,False,ok,,0.0009275419870391488
14,5,Normal,3000,5,0.1,16,2026105716,7.052207753018317,new_lower_rho_same_seed_schedule,False,26,-3.7374474454615685,0.0003333333333333333,1,0.9996666666666667,1.0036801605888257,2989,1,2978,0.007333333333333331,False,-10.789655198479885,False,ok,,0.0009116249857470393
14,5,Normal,3000,5,0.1,16,2026105716,7.052207753018317,new_lower_rho_same_seed_schedule,False,27,-6.652034859157768,0.0013333333333333333,4,0.9986666666666667,1.0050251256281406,2985,1,2971,0.016545598168372477,False,-13.704242612176085,False,ok,,0.0009169999975711107
14,5,Normal,3000,5,0.1,16,2026105716,7.052207753018317,new_lower_rho_same_seed_schedule,False,28,-6.656497768247558,0.0006666666666666666,2,0.9993333333333333,1.0030090270812437,2991,1,2982,0.005999999999999998,False,-13.708705521265875,False,ok,,0.0009114170097745955
14,5,Normal,3000,5,0.1,16,2026105716,7.052207753018317,new_lower_rho_same_seed_schedule,False,29,0.0,0.0,0,1.0,1.0023387905111927,2993,1,2986,0.004666666666666665,False,-7.052207753018317,True,ok,,0.00089945801300928
14,5,Normal,3000,5,0.1,16,2026105716,7.052207753018317,new_lower_rho_same_seed_schedule,False,30,0.0,0.0,0,1.0,1.0033444816053512,2990,1,2980,0.006666666666666666,False,-7.052207753018317,True,ok,,0.0009041250450536609
14,5,Normal,3000,5,0.1,16,2026105716,7.052207753018317,new_lower_rho_same_seed_schedule,False,31,-6.485404090400994,0.0003333333333333333,1,0.9996666666666667,1.001669449081803,2995,1,2990,0.003333333333333333,False,-13.537611843419311,False,ok,,0.0009002910228446126
14,5,Normal,3000,5,0.1,16,2026105716,7.052207753018317,new_lower_rho_same_seed_schedule,False,32,0.0,0.0,0,1.0,1.0013351134846462,2996,1,2992,0.002666666666666666,False,-7.052207753018317,True,ok,,0.0008985410095192492
14,5,Normal,3000,5,0.1,16,2026105716,7.052207753018317,new_lower_rho_same_seed_schedule,False,33,0.0,0.0,0,1.0,1.0013351134846462,2996,1,2992,0.0026666666666666674,False,-7.052207753018317,True,ok,,0.0008990829810500145
14,5,Normal,3000,5,0.1,16,2026105716,7.052207753018317,new_lower_rho_same_seed_schedule,False,34,0.0,0.0,0,1.0,1.002004008016032,2994,1,2988,0.003999999999999999,False,-7.052207753018317,True,ok,,0.0009017499978654087
14,5,Normal,3000,5,0.1,16,2026105716,7.052207753018317,new_lower_rho_same_seed_schedule,False,35,0.0,0.0,0,1.0,1.001669449081803,2995,1,2990,0.003333333333333333,False,-7.052207753018317,True,ok,,0.0010068329866044223
14,5,Normal,3000,5,0.1,16,2026105716,7.052207753018317,new_lower_rho_same_seed_schedule,False,36,0.0,0.0,0,1.0,1.0013351134846462,2996,1,2992,0.002666666666666667,False,-7.052207753018317,True,ok,,0.0012035410036332905
14,5,Normal,3000,5,0.1,16,2026105716,7.052207753018317,new_lower_rho_same_seed_schedule,False,37,0.0,0.0,0,1.0,1.001001001001001,2997,1,2994,0.001999999999999999,False,-7.052207753018317,True,ok,,0.0008989589987322688
14,5,Normal,3000,5,0.1,16,2026105716,7.052207753018317,new_lower_rho_same_seed_schedule,False,38,0.0,0.0,0,1.0,1.0006671114076051,2998,1,2996,0.0013333333333333329,False,-7.052207753018317,True,ok,,0.0008853329927660525
14,5,Normal,3000,5,0.1,16,2026105716,7.052207753018317,new_lower_rho_same_seed_schedule,False,39,0.0,0.0,0,1.0,1.0003334444814937,2999,1,2998,0.0006666666666666662,False,-7.052207753018317,True,ok,,0.0008823340176604688
14,5,Normal,3000,5,0.1,16,2026105716,7.052207753018317,new_lower_rho_same_seed_schedule,False,40,0.0,0.0,0,1.0,1.0,3000,1,3000,0.0,False,-7.052207753018317,True,ok,,0.0008811659645289183
14,5,Normal,3000,5,0.1,17,2026105717,7.052207753018317,new_lower_rho_same_seed_schedule,False,1,7.089081771439744,1.0,3000,0.0,3000.0,1,3000,0,1.1448023027242986,False,0.036874018421427124,False,ok,,0.001160499989055097
14,5,Normal,3000,5,0.1,17,2026105717,7.052207753018317,new_lower_rho_same_seed_schedule,False,2,6.521373029277813,1.0,3000,0.0,93.75,32,21,0,1.668452348329187,False,-0.5308347237405044,False,ok,,0.0010546249686740339
14,5,Normal,3000,5,0.1,17,2026105717,7.052207753018317,new_lower_rho_same_seed_schedule,False,3,5.95919537671731,0.9746666666666667,2924,0.02533333333333332,21.27659574468085,141,1,36,1.8710882944439733,False,-1.0930123763010071,False,ok,,0.0012142499908804893
14,5,Normal,3000,5,0.1,17,2026105717,7.052207753018317,new_lower_rho_same_seed_schedule,False,4,5.2087692100616145,0.9313333333333333,2794,0.06866666666666665,9.836065573770492,305,1,115,2.197933949460557,False,-1.8434385429567026,False,ok,,0.0012735420023091137
14,5,Normal,3000,5,0.1,17,2026105717,7.052207753018317,new_lower_rho_same_seed_schedule,False,5,4.274826432835433,0.8736666666666667,2621,0.1263333333333333,5.882352941176471,510,1,189,2.6194183489997567,False,-2.777381320182884,False,ok,,0.0014154999516904354
14,5,Normal,3000,5,0.1,17,2026105717,7.052207753018317,new_lower_rho_same_seed_schedule,False,6,3.1676617430563176,0.7896666666666666,2369,0.21033333333333337,3.816793893129771,786,1,349,2.9314030687719477,False,-3.8845460099619995,False,ok,,0.0017592500080354512
14,5,Normal,3000,5,0.1,17,2026105717,7.052207753018317,new_lower_rho_same_seed_schedule,False,7,1.9726110736782243,0.6596666666666666,1979,0.3403333333333334,2.6109660574412534,1149,1,612,2.8770130777584897,False,-5.079596679340093,False,ok,,0.0019266250310465693
14,5,Normal,3000,5,0.1,17,2026105717,7.052207753018317,new_lower_rho_same_seed_schedule,False,8,0.8631600682892607,0.519,1557,0.481,1.996007984031936,1503,1,917,2.5690849130038957,False,-6.189047684729056,False,ok,,0.0018201670027337968
14,5,Normal,3000,5,0.1,17,2026105717,7.052207753018317,new_lower_rho_same_seed_schedule,False,9,-0.2234861247805591,0.377,1131,0.623,1.6242555495397943,1847,1,1270,2.1467030990290787,False,-7.275693877798877,False,ok,,0.0016188750159926713
14,5,Normal,3000,5,0.1,17,2026105717,7.052207753018317,new_lower_rho_same_seed_schedule,False,10,-0.9669827021974517,0.249,747,0.751,1.4218009478672986,2110,1,1567,1.5854390766991215,False,-8.01919045521577,False,ok,,0.0015676660113967955
14,5,Normal,3000,5,0.1,17,2026105717,7.052207753018317,new_lower_rho_same_seed_schedule,False,11,-2.0031404132235244,0.17066666666666666,512,0.8293333333333334,1.289213579716373,2327,1,1868,1.2514630559478501,False,-9.055348166241842,False,ok,,0.0014423750108107924
14,5,Normal,3000,5,0.1,17,2026105717,7.052207753018317,new_lower_rho_same_seed_schedule,False,12,-2.479343397407437,0.096,288,0.904,1.1990407673860912,2502,1,2113,0.8100082535025194,False,-9.531551150425754,False,ok,,0.0013802499743178487
14,5,Normal,3000,5,0.1,17,2026105717,7.052207753018317,new_lower_rho_same_seed_schedule,False,13,-2.9833737757234244,0.063,189,0.937,1.1367942402425162,2639,1,2345,0.5652579172549372,False,-10.03558152874174,False,ok,,0.0012975420104339719
14,5,Normal,3000,5,0.1,17,2026105717,7.052207753018317,new_lower_rho_same_seed_schedule,False,14,-3.2328260051798536,0.03333333333333333,100,0.9666666666666667,1.0980966325036603,2732,1,2496,0.3510628761798075,False,-10.285033758198171,False,ok,,0.0011733749997802079
14,5,Normal,3000,5,0.1,17,2026105717,7.052207753018317,new_lower_rho_same_seed_schedule,False,15,-3.1018708711731304,0.020666666666666667,62,0.9793333333333334,1.067995728017088,2809,1,2638,0.23944511125312154,False,-10.154078624191447,False,ok,,0.0010723749874159694
14,5,Normal,3000,5,0.1,17,2026105717,7.052207753018317,new_lower_rho_same_seed_schedule,False,16,-3.6481535033272072,0.015,45,0.985,1.050420168067227,2856,1,2722,0.15685255765584638,False,-10.700361256345523,False,ok,,0.0010019170003943145
14,5,Normal,3000,5,0.1,17,2026105717,7.052207753018317,new_lower_rho_same_seed_schedule,False,17,-4.9364661767648785,0.0036666666666666666,11,0.9963333333333333,1.0384215991692627,2889,1,2780,0.08742859973581624,False,-11.988673929783197,False,ok,,0.0010137080098502338
14,5,Normal,3000,5,0.1,17,2026105717,7.052207753018317,new_lower_rho_same_seed_schedule,False,18,-3.963048099423645,0.003,9,0.997,1.0266940451745379,2922,1,2846,0.0637610764854106,False,-11.015255852441962,False,ok,,0.0009793339995667338
14,5,Normal,3000,5,0.1,17,2026105717,7.052207753018317,new_lower_rho_same_seed_schedule,False,19,-4.564132666315556,0.0026666666666666666,8,0.9973333333333333,1.0200612036722203,2941,1,2883,0.044588643417524366,False,-11.616340419333874,False,ok,,0.0009534999844618142
14,5,Normal,3000,5,0.1,17,2026105717,7.052207753018317,new_lower_rho_same_seed_schedule,False,20,-10.625144401863853,0.0003333333333333333,1,0.9996666666666667,1.017293997965412,2949,1,2898,0.033999999999999996,False,-17.677352154882172,False,ok,,0.0009498329600319266
14,5,Normal,3000,5,0.1,17,2026105717,7.052207753018317,new_lower_rho_same_seed_schedule,False,21,-5.374714564765609,0.0016666666666666668,5,0.9983333333333333,1.015572105619499,2954,1,2909,0.03723657416516661,False,-12.426922317783927,False,ok,,0.0009417920373380184
14,5,Normal,3000,5,0.1,17,2026105717,7.052207753018317,new_lower_rho_same_seed_schedule,False,22,-10.363076621158609,0.0016666666666666668,5,0.9983333333333333,1.0131712259371835,2961,1,2923,0.03324617236635934,False,-17.415284374176927,False,ok,,0.0011217910214327276
14,5,Normal,3000,5,0.1,17,2026105717,7.052207753018317,new_lower_rho_same_seed_schedule,False,23,-6.441158559220017,0.002,6,0.998,1.0077258985555928,2977,1,2955,0.02041421661726435,False,-13.493366312238333,False,ok,,0.0010297499829903245
14,5,Normal,3000,5,0.1,17,2026105717,7.052207753018317,new_lower_rho_same_seed_schedule,False,24,-10.625144401863853,0.0003333333333333333,1,0.9996666666666667,1.0067114093959733,2980,1,2960,0.013333333333333327,False,-17.677352154882172,False,ok,,0.000983749981969595
14,5,Normal,3000,5,0.1,17,2026105717,7.052207753018317,new_lower_rho_same_seed_schedule,False,25,-4.530394154618751,0.0003333333333333333,1,0.9996666666666667,1.0026737967914439,2992,1,2984,0.005333333333333333,False,-11.582601907637068,False,ok,,0.0009672910091467202
14,5,Normal,3000,5,0.1,17,2026105717,7.052207753018317,new_lower_rho_same_seed_schedule,False,26,-5.454155939657335,0.0003333333333333333,1,0.9996666666666667,1.0040160642570282,2988,1,2976,0.007999999999999997,False,-12.506363692675652,False,ok,,0.0009591660345904529
14,5,Normal,3000,5,0.1,17,2026105717,7.052207753018317,new_lower_rho_same_seed_schedule,False,27,0.0,0.0,0,1.0,1.0033444816053512,2990,1,2980,0.006666666666666666,False,-7.052207753018317,True,ok,,0.0009371250052936375
14,5,Normal,3000,5,0.1,17,2026105717,7.052207753018317,new_lower_rho_same_seed_schedule,False,28,0.0,0.0,0,1.0,1.0036801605888257,2989,1,2978,0.007333333333333332,False,-7.052207753018317,True,ok,,0.00091645895736292
14,5,Normal,3000,5,0.1,17,2026105717,7.052207753018317,new_lower_rho_same_seed_schedule,False,29,-5.454155939657335,0.0003333333333333333,1,0.9996666666666667,1.0033444816053512,2990,1,2980,0.006666666666666666,False,-12.506363692675652,False,ok,,0.0009126660297624767
14,5,Normal,3000,5,0.1,17,2026105717,7.052207753018317,new_lower_rho_same_seed_schedule,False,30,-10.625144401863853,0.0003333333333333333,1,0.9996666666666667,1.0026737967914439,2992,1,2984,0.005333333333333333,False,-17.677352154882172,False,ok,,0.0009156250162050128
14,5,Normal,3000,5,0.1,17,2026105717,7.052207753018317,new_lower_rho_same_seed_schedule,False,31,-6.044240600517904,0.0003333333333333333,1,0.9996666666666667,1.0030090270812437,2991,1,2982,0.005999999999999999,False,-13.096448353536221,False,ok,,0.000908499991055578
14,5,Normal,3000,5,0.1,17,2026105717,7.052207753018317,new_lower_rho_same_seed_schedule,False,32,-10.625144401863853,0.0003333333333333333,1,0.9996666666666667,1.001669449081803,2995,1,2990,0.0033333333333333322,False,-17.677352154882172,False,ok,,0.0009013750241138041
14,5,Normal,3000,5,0.1,17,2026105717,7.052207753018317,new_lower_rho_same_seed_schedule,False,33,0.0,0.0,0,1.0,1.0023387905111927,2993,1,2986,0.004666666666666667,False,-7.052207753018317,True,ok,,0.0008985419990494847
14,5,Normal,3000,5,0.1,17,2026105717,7.052207753018317,new_lower_rho_same_seed_schedule,False,34,0.0,0.0,0,1.0,1.001001001001001,2997,1,2994,0.0019999999999999996,False,-7.052207753018317,True,ok,,0.0009065830381587148
14,5,Normal,3000,5,0.1,17,2026105717,7.052207753018317,new_lower_rho_same_seed_schedule,False,35,0.0,0.0,0,1.0,1.0013351134846462,2996,1,2992,0.002666666666666666,False,-7.052207753018317,True,ok,,0.0009727920405566692
14,5,Normal,3000,5,0.1,17,2026105717,7.052207753018317,new_lower_rho_same_seed_schedule,False,36,0.0,0.0,0,1.0,1.001669449081803,2995,1,2990,0.0033333333333333327,False,-7.052207753018317,True,ok,,0.001064541982486844
14,5,Normal,3000,5,0.1,17,2026105717,7.052207753018317,new_lower_rho_same_seed_schedule,False,37,0.0,0.0,0,1.0,1.0006671114076051,2998,1,2996,0.0013333333333333337,False,-7.052207753018317,True,ok,,0.0011467909789644182
14,5,Normal,3000,5,0.1,17,2026105717,7.052207753018317,new_lower_rho_same_seed_schedule,False,38,0.0,0.0,0,1.0,1.0006671114076051,2998,1,2996,0.0013333333333333329,False,-7.052207753018317,True,ok,,0.001125291979406029
14,5,Normal,3000,5,0.1,17,2026105717,7.052207753018317,new_lower_rho_same_seed_schedule,False,39,0.0,0.0,0,1.0,1.0003334444814937,2999,1,2998,0.0006666666666666671,False,-7.052207753018317,True,ok,,0.0009904580074362457
14,5,Normal,3000,5,0.1,17,2026105717,7.052207753018317,new_lower_rho_same_seed_schedule,False,40,-10.625144401863853,0.0003333333333333333,1,0.9996666666666667,1.001001001001001,2997,1,2994,0.001999999999999999,False,-17.677352154882172,False,ok,,0.0010692080250009894
14,5,Normal,3000,5,0.1,18,2026105718,7.052207753018317,new_lower_rho_same_seed_schedule,False,1,7.057966559876358,1.0,3000,0.0,3000.0,1,3000,0,1.1445821224116495,False,0.005758806858040977,False,ok,,0.0012372920173220336
14,5,Normal,3000,5,0.1,18,2026105718,7.052207753018317,new_lower_rho_same_seed_schedule,False,2,6.465635509311071,1.0,3000,0.0,93.75,32,45,0,1.6799961016706233,False,-0.5865722437072458,False,ok,,0.0011525409645400941
14,5,Normal,3000,5,0.1,18,2026105718,7.052207753018317,new_lower_rho_same_seed_schedule,False,3,5.841019058331373,0.975,2925,0.025000000000000022,19.867549668874172,151,1,33,1.948670850985471,False,-1.2111886946869443,False,ok,,0.0014106250018812716
14,5,Normal,3000,5,0.1,18,2026105718,7.052207753018317,new_lower_rho_same_seed_schedule,False,4,5.099950534532271,0.9373333333333334,2812,0.06266666666666665,9.868421052631579,304,1,102,2.315053858442618,False,-1.9522572184860465,False,ok,,0.0013922919752076268
14,5,Normal,3000,5,0.1,18,2026105718,7.052207753018317,new_lower_rho_same_seed_schedule,False,5,4.117830446731885,0.8566666666666667,2570,0.1433333333333333,5.272407732864675,569,1,242,2.6515707037717493,False,-2.9343773062864322,False,ok,,0.0016069580451585352
14,5,Normal,3000,5,0.1,18,2026105718,7.052207753018317,new_lower_rho_same_seed_schedule,False,6,2.892503287416112,0.7736666666666666,2321,0.2263333333333334,3.5169988276670576,853,1,407,2.9206318066926453,False,-4.159704465602205,False,ok,,0.0016704999725334346
14,5,Normal,3000,5,0.1,18,2026105718,7.052207753018317,new_lower_rho_same_seed_schedule,False,7,1.803236270324201,0.6376666666666667,1913,0.3623333333333333,2.487562189054726,1206,1,666,2.7759840588385356,False,-5.248971482694116,False,ok,,0.001798124983906746
14,5,Normal,3000,5,0.1,18,2026105718,7.052207753018317,new_lower_rho_same_seed_schedule,False,8,0.46113348794247216,0.5036666666666667,1511,0.4963333333333333,1.9305019305019304,1554,1,956,2.6256543689503915,False,-6.591074265075845,False,ok,,0.0018401250126771629
14,5,Normal,3000,5,0.1,18,2026105718,7.052207753018317,new_lower_rho_same_seed_schedule,False,9,-0.6567356606576156,0.3426666666666667,1028,0.6573333333333333,1.5608740894901145,1922,1,1340,2.076428451961428,False,-7.708943413675932,False,ok,,0.002000708016566932
14,5,Normal,3000,5,0.1,18,2026105718,7.052207753018317,new_lower_rho_same_seed_schedule,False,10,-1.443614649919093,0.241,723,0.759,1.3908205841446453,2157,1,1619,1.7028652284604704,False,-8.49582240293741,False,ok,,0.0017007499700412154
14,5,Normal,3000,5,0.1,18,2026105718,7.052207753018317,new_lower_rho_same_seed_schedule,False,11,-2.1329561943571202,0.131,393,0.869,1.2315270935960592,2436,1,2020,1.0191844117487399,False,-9.185163947375438,False,ok,,0.001524624996818602
14,5,Normal,3000,5,0.1,18,2026105718,7.052207753018317,new_lower_rho_same_seed_schedule,False,12,-3.006093436840161,0.085,255,0.915,1.1750881316098707,2553,1,2193,0.729990351215297,False,-10.058301189858478,False,ok,,0.001436249993275851
14,5,Normal,3000,5,0.1,18,2026105718,7.052207753018317,new_lower_rho_same_seed_schedule,False,13,-2.9095997116215275,0.04566666666666667,137,0.9543333333333334,1.1152416356877324,2690,1,2424,0.4371158674837787,False,-9.961807464639845,False,ok,,0.0013969169813208282
14,5,Normal,3000,5,0.1,18,2026105718,7.052207753018317,new_lower_rho_same_seed_schedule,False,14,-3.779205421818142,0.023333333333333334,70,0.9766666666666667,1.084206722081677,2767,1,2554,0.26564413204725446,False,-10.83141317483646,False,ok,,0.0013092919834889472
14,5,Normal,3000,5,0.1,18,2026105718,7.052207753018317,new_lower_rho_same_seed_schedule,False,15,-4.403309857176394,0.010333333333333333,31,0.9896666666666667,1.053740779768177,2847,1,2702,0.15015958850103137,False,-11.455517610194711,False,ok,,0.001169457973446697
14,5,Normal,3000,5,0.1,18,2026105718,7.052207753018317,new_lower_rho_same_seed_schedule,False,16,-5.20958594810572,0.009333333333333334,28,0.9906666666666667,1.043115438108484,2876,1,2758,0.12449384150302881,False,-12.261793701124038,False,ok,,0.0011330830166116357
14,5,Normal,3000,5,0.1,18,2026105718,7.052207753018317,new_lower_rho_same_seed_schedule,False,17,-5.008931711531275,0.0033333333333333335,10,0.9966666666666667,1.031636863823934,2908,1,2817,0.06686102113057067,False,-12.061139464549592,False,ok,,0.0011467920267023146
14,5,Normal,3000,5,0.1,18,2026105718,7.052207753018317,new_lower_rho_same_seed_schedule,False,18,-4.145985403229221,0.005,15,0.995,1.0270455323519343,2921,1,2844,0.06356354153848279,False,-11.198193156247537,False,ok,,0.0012936670100316405
14,5,Normal,3000,5,0.1,18,2026105718,7.052207753018317,new_lower_rho_same_seed_schedule,False,19,-6.921946840178324,0.002,6,0.998,1.019367991845056,2943,1,2887,0.04556031094687057,False,-13.97415459319664,False,ok,,0.0014622919843532145
14,5,Normal,3000,5,0.1,18,2026105718,7.052207753018317,new_lower_rho_same_seed_schedule,False,20,-4.57087091273186,0.002,6,0.998,1.015916017609211,2953,1,2906,0.03133333333333331,False,-11.623078665750178,False,ok,,0.001095334009733051
14,5,Normal,3000,5,0.1,18,2026105718,7.052207753018317,new_lower_rho_same_seed_schedule,False,21,-6.57663927072664,0.003,9,0.997,1.015916017609211,2953,1,2908,0.04598778854836295,False,-13.628847023744957,False,ok,,0.0010545419645495713
14,5,Normal,3000,5,0.1,18,2026105718,7.052207753018317,new_lower_rho_same_seed_schedule,False,22,-4.501799034962823,0.001,3,0.999,1.0101010101010102,2970,1,2940,0.01999999999999999,False,-11.554006787981141,False,ok,,0.0010465420200489461
14,5,Normal,3000,5,0.1,18,2026105718,7.052207753018317,new_lower_rho_same_seed_schedule,False,23,-7.41672456550803,0.0006666666666666666,2,0.9993333333333333,1.0121457489878543,2964,1,2928,0.02399999999999999,False,-14.468932318526347,False,ok,,0.0010049590491689742
14,5,Normal,3000,5,0.1,18,2026105718,7.052207753018317,new_lower_rho_same_seed_schedule,False,24,-7.148566200693472,0.001,3,0.999,1.007387508394896,2978,1,2956,0.01466666666666666,False,-14.200773953711789,False,ok,,0.0009778750245459378
14,5,Normal,3000,5,0.1,18,2026105718,7.052207753018317,new_lower_rho_same_seed_schedule,False,25,-4.5202197370109705,0.0003333333333333333,1,0.9996666666666667,1.0063737001006374,2981,1,2962,0.012666666666666661,False,-11.572427490029288,False,ok,,0.001058374997228384
14,5,Normal,3000,5,0.1,18,2026105718,7.052207753018317,new_lower_rho_same_seed_schedule,False,26,-2.8712137029877236,0.0006666666666666666,2,0.9993333333333333,1.0026737967914439,2992,1,2984,0.005333333333333332,False,-9.923421456006041,False,ok,,0.000942540995310992
14,5,Normal,3000,5,0.1,18,2026105718,7.052207753018317,new_lower_rho_same_seed_schedule,False,27,-8.709710308440235,0.0003333333333333333,1,0.9996666666666667,1.0036801605888257,2989,1,2978,0.007333333333333333,False,-15.761918061458552,False,ok,,0.0009505830239504576
14,5,Normal,3000,5,0.1,18,2026105718,7.052207753018317,new_lower_rho_same_seed_schedule,False,28,-9.436245833402118,0.0006666666666666666,2,0.9993333333333333,1.0030090270812437,2991,1,2982,0.006,False,-16.488453586420434,False,ok,,0.0009342500125057995
14,5,Normal,3000,5,0.1,18,2026105718,7.052207753018317,new_lower_rho_same_seed_schedule,False,29,0.0,0.0,0,1.0,1.0026737967914439,2992,1,2984,0.005333333333333332,False,-7.052207753018317,True,ok,,0.000929917034227401
14,5,Normal,3000,5,0.1,18,2026105718,7.052207753018317,new_lower_rho_same_seed_schedule,False,30,-7.0741669448904485,0.0003333333333333333,1,0.9996666666666667,1.001669449081803,2995,1,2990,0.0033333333333333327,False,-14.126374697908766,False,ok,,0.0009255830082111061
14,5,Normal,3000,5,0.1,18,2026105718,7.052207753018317,new_lower_rho_same_seed_schedule,False,31,0.0,0.0,0,1.0,1.0013351134846462,2996,1,2992,0.0026666666666666666,False,-7.052207753018317,True,ok,,0.000940375030040741
14,5,Normal,3000,5,0.1,18,2026105718,7.052207753018317,new_lower_rho_same_seed_schedule,False,32,0.0,0.0,0,1.0,1.001001001001001,2997,1,2994,0.0019999999999999996,False,-7.052207753018317,True,ok,,0.0009262499515898526
14,5,Normal,3000,5,0.1,18,2026105718,7.052207753018317,new_lower_rho_same_seed_schedule,False,33,0.0,0.0,0,1.0,1.0013351134846462,2996,1,2992,0.0026666666666666666,False,-7.052207753018317,True,ok,,0.0009232090087607503
14,5,Normal,3000,5,0.1,18,2026105718,7.052207753018317,new_lower_rho_same_seed_schedule,False,34,-7.0741669448904485,0.0003333333333333333,1,0.9996666666666667,1.001669449081803,2995,1,2990,0.003333333333333332,False,-14.126374697908766,False,ok,,0.0009272499592043459
14,5,Normal,3000,5,0.1,18,2026105718,7.052207753018317,new_lower_rho_same_seed_schedule,False,35,0.0,0.0,0,1.0,1.0006671114076051,2998,1,2996,0.001333333333333333,False,-7.052207753018317,True,ok,,0.0009317079675383866
14,5,Normal,3000,5,0.1,18,2026105718,7.052207753018317,new_lower_rho_same_seed_schedule,False,36,-7.8919386266653415,0.0006666666666666666,2,0.9993333333333333,1.0040160642570282,2988,1,2976,0.008,False,-14.944146379683659,False,ok,,0.0009533329866826534
14,5,Normal,3000,5,0.1,18,2026105718,7.052207753018317,new_lower_rho_same_seed_schedule,False,37,0.0,0.0,0,1.0,1.0006671114076051,2998,1,2996,0.0013333333333333333,False,-7.052207753018317,True,ok,,0.00136524997651577
14,5,Normal,3000,5,0.1,18,2026105718,7.052207753018317,new_lower_rho_same_seed_schedule,False,38,0.0,0.0,0,1.0,1.0013351134846462,2996,1,2992,0.0026666666666666666,False,-7.052207753018317,True,ok,,0.0011585830361582339
14,5,Normal,3000,5,0.1,18,2026105718,7.052207753018317,new_lower_rho_same_seed_schedule,False,39,0.0,0.0,0,1.0,1.0006671114076051,2998,1,2996,0.0013333333333333329,False,-7.052207753018317,True,ok,,0.0011295829899609089
14,5,Normal,3000,5,0.1,18,2026105718,7.052207753018317,new_lower_rho_same_seed_schedule,False,40,-8.709710308440235,0.0003333333333333333,1,0.9996666666666667,1.001669449081803,2995,1,2990,0.003333333333333333,False,-15.761918061458552,False,ok,,0.0010932919685728848
14,5,Normal,3000,5,0.1,19,2026105719,7.052207753018317,new_lower_rho_same_seed_schedule,False,1,7.055813816251457,1.0,3000,0.0,3000.0,1,3000,0,1.1441869661482311,False,0.0036060632331400555,False,ok,,0.0012085000053048134
14,5,Normal,3000,5,0.1,19,2026105719,7.052207753018317,new_lower_rho_same_seed_schedule,False,2,6.4825674269515465,1.0,3000,0.0,93.75,32,20,0,1.6616424664801548,False,-0.5696403260667706,False,ok,,0.0011256670113652945
14,5,Normal,3000,5,0.1,19,2026105719,7.052207753018317,new_lower_rho_same_seed_schedule,False,3,5.832003470673935,0.979,2937,0.02100000000000002,20.27027027027027,148,1,29,1.9794853105991663,False,-1.2202042823443824,False,ok,,0.0012732920004054904
14,5,Normal,3000,5,0.1,19,2026105719,7.052207753018317,new_lower_rho_same_seed_schedule,False,4,5.07889324036892,0.9356666666666666,2807,0.06433333333333335,9.615384615384615,312,1,103,2.354032752597168,False,-1.973314512649397,False,ok,,0.001327666046563536
14,5,Normal,3000,5,0.1,19,2026105719,7.052207753018317,new_lower_rho_same_seed_schedule,False,5,4.031463477926024,0.8633333333333333,2590,0.13666666666666671,5.328596802841918,563,1,235,2.708247052155471,False,-3.0207442750922935,False,ok,,0.0014796670293435454
14,5,Normal,3000,5,0.1,19,2026105719,7.052207753018317,new_lower_rho_same_seed_schedule,False,6,2.8263528528067234,0.761,2283,0.239,3.386004514672686,886,1,429,2.9289895843197113,False,-4.225854900211594,False,ok,,0.0016830830136314034
14,5,Normal,3000,5,0.1,19,2026105719,7.052207753018317,new_lower_rho_same_seed_schedule,False,7,1.739925083771331,0.6526666666666666,1958,0.3473333333333334,2.510460251046025,1195,1,653,2.8966033515884337,False,-5.312282669246986,False,ok,,0.0018769580055959523
14,5,Normal,3000,5,0.1,19,2026105719,7.052207753018317,new_lower_rho_same_seed_schedule,False,8,0.521912991211809,0.5053333333333333,1516,0.4946666666666667,1.9071837253655435,1573,1,964,2.7223080147294008,False,-6.530294761806508,False,ok,,0.0019048749818466604
14,5,Normal,3000,5,0.1,19,2026105719,7.052207753018317,new_lower_rho_same_seed_schedule,False,9,-0.4436375669086924,0.334,1002,0.6659999999999999,1.550387596899225,1935,1,1360,1.9698710239960695,False,-7.495845319927009,False,ok,,0.0017192919622175395
14,5,Normal,3000,5,0.1,19,2026105719,7.052207753018317,new_lower_rho_same_seed_schedule,False,10,-1.4588475633211422,0.21166666666666667,635,0.7883333333333333,1.3679890560875514,2193,1,1661,1.4607476820535354,False,-8.511055316339458,False,ok,,0.0017135419766418636
14,5,Normal,3000,5,0.1,19,2026105719,7.052207753018317,new_lower_rho_same_seed_schedule,False,11,-2.1273703554970926,0.12466666666666666,374,0.8753333333333333,1.2320328542094456,2435,1,2014,0.9844495045014827,False,-9.17957810851541,False,ok,,0.0014865000266581774
14,5,Normal,3000,5,0.1,19,2026105719,7.052207753018317,new_lower_rho_same_seed_schedule,False,12,-2.897349227557241,0.08266666666666667,248,0.9173333333333333,1.166407465007776,2572,1,2227,0.7238339969232417,False,-9.949556980575558,False,ok,,0.0013853340060450137
14,5,Normal,3000,5,0.1,19,2026105719,7.052207753018317,new_lower_rho_same_seed_schedule,False,13,-3.0658077109805872,0.042,126,0.958,1.1090573012939002,2705,1,2450,0.4296255502465326,False,-10.118015463998905,False,ok,,0.0012682079686783254
14,5,Normal,3000,5,0.1,19,2026105719,7.052207753018317,new_lower_rho_same_seed_schedule,False,14,-3.31964256235272,0.025333333333333333,76,0.9746666666666667,1.0849909584086799,2765,1,2552,0.2813510068386705,False,-10.371850315371038,False,ok,,0.0012400419800542295
14,5,Normal,3000,5,0.1,19,2026105719,7.052207753018317,new_lower_rho_same_seed_schedule,False,15,-4.104130425741171,0.014,42,0.986,1.056710109193378,2839,1,2689,0.1724364313284983,False,-11.156338178759487,False,ok,,0.0011617919662967324
14,5,Normal,3000,5,0.1,19,2026105719,7.052207753018317,new_lower_rho_same_seed_schedule,False,16,-4.027553946164919,0.007,21,0.993,1.0395010395010396,2886,1,2779,0.10675639037551683,False,-11.079761699183237,False,ok,,0.001091665995772928
14,5,Normal,3000,5,0.1,19,2026105719,7.052207753018317,new_lower_rho_same_seed_schedule,False,17,-4.427152605679933,0.004666666666666667,14,0.9953333333333333,1.0270455323519343,2921,1,2846,0.07185255639455099,False,-11.479360358698251,False,ok,,0.001031666004564613
14,5,Normal,3000,5,0.1,19,2026105719,7.052207753018317,new_lower_rho_same_seed_schedule,False,18,-5.526468066620384,0.0016666666666666668,5,0.9983333333333333,1.017293997965412,2949,1,2899,0.03992537597941976,False,-12.5786758196387,False,ok,,0.0010102909873239696
14,5,Normal,3000,5,0.1,19,2026105719,7.052207753018317,new_lower_rho_same_seed_schedule,False,19,-5.142111171815876,0.004,12,0.996,1.0224948875255624,2934,1,2872,0.06637859863565825,False,-12.194318924834192,False,ok,,0.0010186670115217566
14,5,Normal,3000,5,0.1,19,2026105719,7.052207753018317,new_lower_rho_same_seed_schedule,False,20,-4.8739381904187695,0.002,6,0.998,1.0141987829614605,2958,1,2917,0.03414968537540441,False,-11.926145943437087,False,ok,,0.001092082995455712
14,5,Normal,3000,5,0.1,19,2026105719,7.052207753018317,new_lower_rho_same_seed_schedule,False,21,-5.152401923736185,0.001,3,0.999,1.0111223458038423,2967,1,2934,0.021999999999999992,False,-12.204609676754501,False,ok,,0.0010644170106388628
14,5,Normal,3000,5,0.1,19,2026105719,7.052207753018317,new_lower_rho_same_seed_schedule,False,22,0.0,0.0,0,1.0,1.0111223458038423,2967,1,2934,0.021999999999999985,False,-7.052207753018317,True,ok,,0.0010155409690923989
14,5,Normal,3000,5,0.1,19,2026105719,7.052207753018317,new_lower_rho_same_seed_schedule,False,23,-5.036452443069052,0.001,3,0.999,1.0063737001006374,2981,1,2963,0.017906023699140447,False,-12.08866019608737,False,ok,,0.0009712500032037497
14,5,Normal,3000,5,0.1,19,2026105719,7.052207753018317,new_lower_rho_same_seed_schedule,False,24,0.0,0.0,0,1.0,1.004352192835621,2987,1,2974,0.008666666666666665,False,-7.052207753018317,True,ok,,0.0009508330258540809
14,5,Normal,3000,5,0.1,19,2026105719,7.052207753018317,new_lower_rho_same_seed_schedule,False,25,0.0,0.0,0,1.0,1.0036801605888257,2989,1,2978,0.0073333333333333315,False,-7.052207753018317,True,ok,,0.0010494170128367841
14,5,Normal,3000,5,0.1,19,2026105719,7.052207753018317,new_lower_rho_same_seed_schedule,False,26,0.0,0.0,0,1.0,1.001669449081803,2995,1,2990,0.0033333333333333327,False,-7.052207753018317,True,ok,,0.000995334004983306
14,5,Normal,3000,5,0.1,19,2026105719,7.052207753018317,new_lower_rho_same_seed_schedule,False,27,0.0,0.0,0,1.0,1.0046885465505693,2986,1,2972,0.00933333333333333,False,-7.052207753018317,True,ok,,0.0009769999887794256
14,5,Normal,3000,5,0.1,19,2026105719,7.052207753018317,new_lower_rho_same_seed_schedule,False,28,0.0,0.0,0,1.0,1.0026737967914439,2992,1,2984,0.005333333333333333,False,-7.052207753018317,True,ok,,0.0009586659725755453
14,5,Normal,3000,5,0.1,19,2026105719,7.052207753018317,new_lower_rho_same_seed_schedule,False,29,0.0,0.0,0,1.0,1.0023387905111927,2993,1,2986,0.004666666666666665,False,-7.052207753018317,True,ok,,0.0009166249656118453
14,5,Normal,3000,5,0.1,19,2026105719,7.052207753018317,new_lower_rho_same_seed_schedule,False,30,0.0,0.0,0,1.0,1.001001001001001,2997,1,2994,0.001999999999999999,False,-7.052207753018317,True,ok,,0.0009230000432580709
14,5,Normal,3000,5,0.1,19,2026105719,7.052207753018317,new_lower_rho_same_seed_schedule,False,31,0.0,0.0,0,1.0,1.001001001001001,2997,1,2994,0.0019999999999999987,False,-7.052207753018317,True,ok,,0.0009133340208791196
14,5,Normal,3000,5,0.1,19,2026105719,7.052207753018317,new_lower_rho_same_seed_schedule,False,32,0.0,0.0,0,1.0,1.0013351134846462,2996,1,2992,0.002666666666666666,False,-7.052207753018317,True,ok,,0.0009099169983528554
14,5,Normal,3000,5,0.1,19,2026105719,7.052207753018317,new_lower_rho_same_seed_schedule,False,33,0.0,0.0,0,1.0,1.0006671114076051,2998,1,2996,0.0013333333333333324,False,-7.052207753018317,True,ok,,0.0009126669610850513
14,5,Normal,3000,5,0.1,19,2026105719,7.052207753018317,new_lower_rho_same_seed_schedule,False,34,0.0,0.0,0,1.0,1.0003334444814937,2999,1,2998,0.0006666666666666666,False,-7.052207753018317,True,ok,,0.0009420830174349248
14,5,Normal,3000,5,0.1,19,2026105719,7.052207753018317,new_lower_rho_same_seed_schedule,False,35,0.0,0.0,0,1.0,1.0006671114076051,2998,1,2996,0.0013333333333333326,False,-7.052207753018317,True,ok,,0.0011357500334270298
14,5,Normal,3000,5,0.1,19,2026105719,7.052207753018317,new_lower_rho_same_seed_schedule,False,36,0.0,0.0,0,1.0,1.0003334444814937,2999,1,2998,0.0006666666666666666,False,-7.052207753018317,True,ok,,0.0010874579893425107
14,5,Normal,3000,5,0.1,19,2026105719,7.052207753018317,new_lower_rho_same_seed_schedule,False,37,0.0,0.0,0,1.0,1.0006671114076051,2998,1,2996,0.0013333333333333326,False,-7.052207753018317,True,ok,,0.0011843329994007945
14,5,Normal,3000,5,0.1,19,2026105719,7.052207753018317,new_lower_rho_same_seed_schedule,False,38,0.0,0.0,0,1.0,1.001001001001001,2997,1,2994,0.0019999999999999987,False,-7.052207753018317,True,ok,,0.0011715420405380428
14,5,Normal,3000,5,0.1,19,2026105719,7.052207753018317,new_lower_rho_same_seed_schedule,False,39,0.0,0.0,0,1.0,1.0006671114076051,2998,1,2996,0.0013333333333333335,False,-7.052207753018317,True,ok,,0.0011152919614687562
14,5,Normal,3000,5,0.1,19,2026105719,7.052207753018317,new_lower_rho_same_seed_schedule,False,40,0.0,0.0,0,1.0,1.0006671114076051,2998,1,2996,0.0013333333333333322,False,-7.052207753018317,True,ok,,0.0009912080131471157
14,5,Normal,3000,5,0.1,20,2026105720,7.052207753018317,new_lower_rho_same_seed_schedule,False,1,7.082295830143054,1.0,3000,0.0,3000.0,1,3000,0,1.1479321842903418,False,0.030088077124736934,False,ok,,0.0014089170144870877
14,5,Normal,3000,5,0.1,20,2026105720,7.052207753018317,new_lower_rho_same_seed_schedule,False,2,6.473662143193361,1.0,3000,0.0,93.75,32,48,0,1.6927244007465583,False,-0.578545609824956,False,ok,,0.001273792004212737
14,5,Normal,3000,5,0.1,20,2026105720,7.052207753018317,new_lower_rho_same_seed_schedule,False,3,5.978204655821108,0.971,2913,0.029000000000000026,20.689655172413794,145,1,39,1.873648281660507,False,-1.0740030971972088,False,ok,,0.0014868329744786024
14,5,Normal,3000,5,0.1,20,2026105720,7.052207753018317,new_lower_rho_same_seed_schedule,False,4,5.110499535899583,0.9466666666666667,2840,0.053333333333333344,10.638297872340425,282,1,85,2.309333983507166,False,-1.9417082171187339,False,ok,,0.0019228750024922192
14,5,Normal,3000,5,0.1,20,2026105720,7.052207753018317,new_lower_rho_same_seed_schedule,False,5,4.215870469042166,0.8813333333333333,2644,0.1186666666666667,5.758157389635317,521,1,221,2.6325054783088464,False,-2.8363372839761514,False,ok,,0.001974916027393192
14,5,Normal,3000,5,0.1,20,2026105720,7.052207753018317,new_lower_rho_same_seed_schedule,False,6,3.0467877269582013,0.795,2385,0.20499999999999996,3.7546933667083855,799,1,370,2.928030261651467,False,-4.005420026060116,False,ok,,0.002617207996081561
14,5,Normal,3000,5,0.1,20,2026105720,7.052207753018317,new_lower_rho_same_seed_schedule,False,7,1.8995463041823948,0.67,2010,0.32999999999999996,2.5906735751295336,1158,1,641,2.888308057349958,False,-5.152661448835922,False,ok,,0.002147249993868172
14,5,Normal,3000,5,0.1,20,2026105720,7.052207753018317,new_lower_rho_same_seed_schedule,False,8,0.8914927989009633,0.52,1560,0.48,2.0242914979757085,1482,1,878,2.5853558041833007,False,-6.160714954117354,False,ok,,0.001768167014233768
14,5,Normal,3000,5,0.1,20,2026105720,7.052207753018317,new_lower_rho_same_seed_schedule,False,9,-0.3298962581977819,0.3923333333333333,1177,0.6076666666666667,1.6268980477223427,1844,1,1270,2.2965650995296594,False,-7.382104011216099,False,ok,,0.0018215000163763762
14,5,Normal,3000,5,0.1,20,2026105720,7.052207753018317,new_lower_rho_same_seed_schedule,False,10,-1.3104687596449094,0.252,756,0.748,1.4218009478672986,2110,1,1549,1.6586970460197124,False,-8.362676512663226,False,ok,,0.0019791669910773635
14,5,Normal,3000,5,0.1,20,2026105720,7.052207753018317,new_lower_rho_same_seed_schedule,False,11,-1.9383323466507412,0.15466666666666667,464,0.8453333333333333,1.272264631043257,2358,1,1897,1.1785723225406928,False,-8.990540099669058,False,ok,,0.001832999987527728
14,5,Normal,3000,5,0.1,20,2026105720,7.052207753018317,new_lower_rho_same_seed_schedule,False,12,-2.2438220298122644,0.09866666666666667,296,0.9013333333333333,1.1909487892020643,2519,1,2147,0.7972266360354039,False,-9.296029782830582,False,ok,,0.0016893750289455056
14,5,Normal,3000,5,0.1,20,2026105720,7.052207753018317,new_lower_rho_same_seed_schedule,False,13,-3.294681454456568,0.049666666666666665,149,0.9503333333333334,1.131648434552999,2651,1,2352,0.5039465096683148,False,-10.346889207474884,False,ok,,0.0015358749660663307
14,5,Normal,3000,5,0.1,20,2026105720,7.052207753018317,new_lower_rho_same_seed_schedule,False,14,-3.2420256406911783,0.03333333333333333,100,0.9666666666666667,1.092896174863388,2745,1,2525,0.34629839915482036,False,-10.294233393709495,False,ok,,0.0017419169889762998
14,5,Normal,3000,5,0.1,20,2026105720,7.052207753018317,new_lower_rho_same_seed_schedule,False,15,-4.536855837656092,0.022333333333333334,67,0.9776666666666667,1.0649627263045793,2817,1,2654,0.24282608007427042,False,-11.58906359067441,False,ok,,0.0019564589601941407
14,5,Normal,3000,5,0.1,20,2026105720,7.052207753018317,new_lower_rho_same_seed_schedule,False,16,-3.691324219718978,0.014,42,0.986,1.0541110330288124,2846,1,2704,0.17263737249018543,False,-10.743531972737294,False,ok,,0.0014452089671976864
14,5,Normal,3000,5,0.1,20,2026105720,7.052207753018317,new_lower_rho_same_seed_schedule,False,17,-4.228131877843839,0.007666666666666666,23,0.9923333333333333,1.0398613518197575,2885,1,2776,0.11528568829713381,False,-11.280339630862155,False,ok,,0.001281375007238239
14,5,Normal,3000,5,0.1,20,2026105720,7.052207753018317,new_lower_rho_same_seed_schedule,False,18,-4.278758834822365,0.0036666666666666666,11,0.9963333333333333,1.0263427984946973,2923,1,2849,0.07148653389199683,False,-11.330966587840681,False,ok,,0.0011977090034633875
14,5,Normal,3000,5,0.1,20,2026105720,7.052207753018317,new_lower_rho_same_seed_schedule,False,19,-5.0471198350181865,0.0026666666666666666,8,0.9973333333333333,1.0207553589656346,2939,1,2879,0.04812769016565157,False,-12.099327588036504,False,ok,,0.0012396249803714454
14,5,Normal,3000,5,0.1,20,2026105720,7.052207753018317,new_lower_rho_same_seed_schedule,False,20,-4.571288997194981,0.0016666666666666668,5,0.9983333333333333,1.015916017609211,2953,1,2907,0.036901406357862127,False,-11.623496750213299,False,ok,,0.0012111669639125466
14,5,Normal,3000,5,0.1,20,2026105720,7.052207753018317,new_lower_rho_same_seed_schedule,False,21,-5.78285435894419,0.005,15,0.995,1.017293997965412,2949,1,2902,0.059554678284103324,False,-12.835062111962507,False,ok,,0.001284208963625133
14,5,Normal,3000,5,0.1,20,2026105720,7.052207753018317,new_lower_rho_same_seed_schedule,False,22,-8.641510016117385,0.001,3,0.999,1.0118043844856661,2965,1,2931,0.02947403415687809,False,-15.693717769135702,False,ok,,0.001181374944280833
14,5,Normal,3000,5,0.1,20,2026105720,7.052207753018317,new_lower_rho_same_seed_schedule,False,23,-5.649539013746445,0.0013333333333333333,4,0.9986666666666667,1.0067114093959733,2980,1,2961,0.018833568204905237,False,-12.701746766764762,False,ok,,0.0011432089959271252
14,5,Normal,3000,5,0.1,20,2026105720,7.052207753018317,new_lower_rho_same_seed_schedule,False,24,-3.666366341649925,0.0006666666666666666,2,0.9993333333333333,1.0097610232245036,2971,1,2942,0.019333333333333324,False,-10.718574094668242,False,ok,,0.001139374973718077
14,5,Normal,3000,5,0.1,20,2026105720,7.052207753018317,new_lower_rho_same_seed_schedule,False,25,0.0,0.0,0,1.0,1.0046885465505693,2986,1,2972,0.009333333333333329,False,-7.052207753018317,True,ok,,0.001115540973842144
14,5,Normal,3000,5,0.1,20,2026105720,7.052207753018317,new_lower_rho_same_seed_schedule,False,26,-2.203548430205783,0.0003333333333333333,1,0.9996666666666667,1.0060362173038229,2982,1,2964,0.011999999999999997,False,-9.2557561832241,False,ok,,0.0011329580447636545
14,5,Normal,3000,5,0.1,20,2026105720,7.052207753018317,new_lower_rho_same_seed_schedule,False,27,0.0,0.0,0,1.0,1.0036801605888257,2989,1,2978,0.007333333333333332,False,-7.052207753018317,True,ok,,0.0011227080249227583
14,5,Normal,3000,5,0.1,20,2026105720,7.052207753018317,new_lower_rho_same_seed_schedule,False,28,-3.467937010232831,0.0003333333333333333,1,0.9996666666666667,1.0046885465505693,2986,1,2972,0.00933333333333333,False,-10.520144763251148,False,ok,,0.0014599999994970858
14,5,Normal,3000,5,0.1,20,2026105720,7.052207753018317,new_lower_rho_same_seed_schedule,False,29,0.0,0.0,0,1.0,1.0026737967914439,2992,1,2984,0.005333333333333332,False,-7.052207753018317,True,ok,,0.0016152079915627837
14,5,Normal,3000,5,0.1,20,2026105720,7.052207753018317,new_lower_rho_same_seed_schedule,False,30,0.0,0.0,0,1.0,1.0030090270812437,2991,1,2982,0.006,False,-7.052207753018317,True,ok,,0.0016577080241404474
14,5,Normal,3000,5,0.1,20,2026105720,7.052207753018317,new_lower_rho_same_seed_schedule,False,31,0.0,0.0,0,1.0,1.0023387905111927,2993,1,2986,0.004666666666666665,False,-7.052207753018317,True,ok,,0.0012068329961039126
14,5,Normal,3000,5,0.1,20,2026105720,7.052207753018317,new_lower_rho_same_seed_schedule,False,32,-5.212479940208448,0.0006666666666666666,2,0.9993333333333333,1.0023387905111927,2993,1,2986,0.004666666666666666,False,-12.264687693226765,False,ok,,0.0011877910001203418
14,5,Normal,3000,5,0.1,20,2026105720,7.052207753018317,new_lower_rho_same_seed_schedule,False,33,0.0,0.0,0,1.0,1.001001001001001,2997,1,2994,0.001999999999999999,False,-7.052207753018317,True,ok,,0.0011695409775711596
14,5,Normal,3000,5,0.1,20,2026105720,7.052207753018317,new_lower_rho_same_seed_schedule,False,34,0.0,0.0,0,1.0,1.0023387905111927,2993,1,2986,0.004666666666666666,False,-7.052207753018317,True,ok,,0.0012420840212143958
14,5,Normal,3000,5,0.1,20,2026105720,7.052207753018317,new_lower_rho_same_seed_schedule,False,35,0.0,0.0,0,1.0,1.0013351134846462,2996,1,2992,0.0026666666666666657,False,-7.052207753018317,True,ok,,0.001137666986323893
14,5,Normal,3000,5,0.1,20,2026105720,7.052207753018317,new_lower_rho_same_seed_schedule,False,36,0.0,0.0,0,1.0,1.002004008016032,2994,1,2988,0.004,False,-7.052207753018317,True,ok,,0.001131833007093519
14,5,Normal,3000,5,0.1,20,2026105720,7.052207753018317,new_lower_rho_same_seed_schedule,False,37,0.0,0.0,0,1.0,1.0013351134846462,2996,1,2992,0.002666666666666666,False,-7.052207753018317,True,ok,,0.0011102500138804317
14,5,Normal,3000,5,0.1,20,2026105720,7.052207753018317,new_lower_rho_same_seed_schedule,False,38,0.0,0.0,0,1.0,1.001669449081803,2995,1,2990,0.0033333333333333327,False,-7.052207753018317,True,ok,,0.0010878749890252948
14,5,Normal,3000,5,0.1,20,2026105720,7.052207753018317,new_lower_rho_same_seed_schedule,False,39,0.0,0.0,0,1.0,1.001001001001001,2997,1,2994,0.001999999999999999,False,-7.052207753018317,True,ok,,0.0011174160172231495
14,5,Normal,3000,5,0.1,20,2026105720,7.052207753018317,new_lower_rho_same_seed_schedule,False,40,0.0,0.0,0,1.0,1.0006671114076051,2998,1,2996,0.0013333333333333333,False,-7.052207753018317,True,ok,,0.001275541028007865
14,5,Normal,3000,5,0.1,21,2026105721,7.052207753018317,new_lower_rho_same_seed_schedule,False,1,7.127823715199097,1.0,3000,0.0,3000.0,1,3000,0,1.146628086117843,False,0.07561596218077948,False,ok,,0.0015830000047571957
14,5,Normal,3000,5,0.1,21,2026105721,7.052207753018317,new_lower_rho_same_seed_schedule,False,2,6.551224896249421,1.0,3000,0.0,93.75,32,41,0,1.6918823089319772,False,-0.5009828567688963,False,ok,,0.0013675829977728426
14,5,Normal,3000,5,0.1,21,2026105721,7.052207753018317,new_lower_rho_same_seed_schedule,False,3,5.98572606706674,0.972,2916,0.028000000000000025,20.0,150,1,43,1.8491163573080327,False,-1.0664816859515769,False,ok,,0.0013451249687932432
14,5,Normal,3000,5,0.1,21,2026105721,7.052207753018317,new_lower_rho_same_seed_schedule,False,4,5.1664181937727705,0.9403333333333334,2821,0.059666666666666646,9.868421052631579,304,1,114,2.2873356369277986,False,-1.8857895592455467,False,ok,,0.0014088330208323896
14,5,Normal,3000,5,0.1,21,2026105721,7.052207753018317,new_lower_rho_same_seed_schedule,False,5,4.327365405477446,0.8653333333333333,2596,0.1346666666666667,5.617977528089888,534,1,229,2.5549760606717205,False,-2.7248423475408714,False,ok,,0.001527500047814101
14,5,Normal,3000,5,0.1,21,2026105721,7.052207753018317,new_lower_rho_same_seed_schedule,False,6,3.1296646292252417,0.8006666666666666,2402,0.19933333333333336,3.802281368821293,789,1,365,2.9347874281578847,False,-3.9225431237930755,False,ok,,0.0016350829973816872
14,5,Normal,3000,5,0.1,21,2026105721,7.052207753018317,new_lower_rho_same_seed_schedule,False,7,1.9931862405919927,0.6733333333333333,2020,0.32666666666666666,2.6223776223776225,1144,1,619,2.9866025232421425,False,-5.059021512426325,False,ok,,0.0017020420054905117
14,5,Normal,3000,5,0.1,21,2026105721,7.052207753018317,new_lower_rho_same_seed_schedule,False,8,0.8257618791134848,0.5063333333333333,1519,0.4936666666666667,1.976284584980237,1518,1,912,2.609291069971341,False,-6.226445873904832,False,ok,,0.0017660000012256205
14,5,Normal,3000,5,0.1,21,2026105721,7.052207753018317,new_lower_rho_same_seed_schedule,False,9,-0.14142033590369846,0.37566666666666665,1127,0.6243333333333334,1.642935377875137,1826,1,1236,2.1852060922792664,False,-7.193628088922016,False,ok,,0.0017898340011015534
14,5,Normal,3000,5,0.1,21,2026105721,7.052207753018317,new_lower_rho_same_seed_schedule,False,10,-1.4427839501567095,0.25833333333333336,775,0.7416666666666667,1.4164305949008498,2118,1,1573,1.7343829208042283,False,-8.494991703175026,False,ok,,0.0017212079837918282
14,5,Normal,3000,5,0.1,21,2026105721,7.052207753018317,new_lower_rho_same_seed_schedule,False,11,-1.6174615617701238,0.16266666666666665,488,0.8373333333333334,1.2897678417884781,2326,1,1862,1.2048168686688208,False,-8.669669314788441,False,ok,,0.001998291991185397
14,5,Normal,3000,5,0.1,21,2026105721,7.052207753018317,new_lower_rho_same_seed_schedule,False,12,-2.9190006927165992,0.09566666666666666,287,0.9043333333333333,1.1952191235059761,2510,1,2119,0.8141622097045798,False,-9.971208445734916,False,ok,,0.0016064579831436276
14,5,Normal,3000,5,0.1,21,2026105721,7.052207753018317,new_lower_rho_same_seed_schedule,False,13,-3.3934213284705286,0.058333333333333334,175,0.9416666666666667,1.1320754716981132,2650,1,2362,0.5547716212702322,False,-10.445629081488846,False,ok,,0.0013995000044815242
14,5,Normal,3000,5,0.1,21,2026105721,7.052207753018317,new_lower_rho_same_seed_schedule,False,14,-3.661858096044171,0.029666666666666668,89,0.9703333333333334,1.0980966325036603,2732,1,2492,0.32996270694414276,False,-10.714065849062488,False,ok,,0.0012815409572795033
14,5,Normal,3000,5,0.1,21,2026105721,7.052207753018317,new_lower_rho_same_seed_schedule,False,15,-3.5746986804349,0.023666666666666666,71,0.9763333333333334,1.0768126346015794,2786,1,2595,0.25237087089281773,False,-10.626906433453218,False,ok,,0.0012308330042287707
14,5,Normal,3000,5,0.1,21,2026105721,7.052207753018317,new_lower_rho_same_seed_schedule,False,16,-4.799427803025467,0.011666666666666667,35,0.9883333333333333,1.0478519035976248,2863,1,2737,0.1549119827304819,False,-11.851635556043785,False,ok,,0.0011210840311832726
14,5,Normal,3000,5,0.1,21,2026105721,7.052207753018317,new_lower_rho_same_seed_schedule,False,17,-4.99914301224143,0.006333333333333333,19,0.9936666666666667,1.0456605088881143,2869,1,2742,0.11252981793269147,False,-12.051350765259748,False,ok,,0.0010995000484399498
14,5,Normal,3000,5,0.1,21,2026105721,7.052207753018317,new_lower_rho_same_seed_schedule,False,18,-4.832135506242535,0.006,18,0.994,1.0309278350515463,2910,1,2825,0.09236036282601175,False,-11.884343259260852,False,ok,,0.00106487498851493
14,5,Normal,3000,5,0.1,21,2026105721,7.052207753018317,new_lower_rho_same_seed_schedule,False,19,-4.456790522922195,0.0016666666666666668,5,0.9983333333333333,1.0249402118209772,2927,1,2854,0.04866666666666671,False,-11.508998275940513,False,ok,,0.0010295420070178807
14,5,Normal,3000,5,0.1,21,2026105721,7.052207753018317,new_lower_rho_same_seed_schedule,False,20,-6.87199524338516,0.0026666666666666666,8,0.9973333333333333,1.015916017609211,2953,1,2908,0.04550864526933877,False,-13.924202996403476,False,ok,,0.0009923329926095903
14,5,Normal,3000,5,0.1,21,2026105721,7.052207753018317,new_lower_rho_same_seed_schedule,False,21,-2.6482181444594532,0.0003333333333333333,1,0.9996666666666667,1.013856032443393,2959,1,2918,0.02733333333333332,False,-9.700425897477771,False,ok,,0.000981624994892627
14,5,Normal,3000,5,0.1,21,2026105721,7.052207753018317,new_lower_rho_same_seed_schedule,False,22,-8.517107279934573,0.002,6,0.998,1.0087424344317417,2974,1,2950,0.03150864526933871,False,-15.56931503295289,False,ok,,0.0010043749934993684
14,5,Normal,3000,5,0.1,21,2026105721,7.052207753018317,new_lower_rho_same_seed_schedule,False,23,-2.6482181444594532,0.0003333333333333333,1,0.9996666666666667,1.0087424344317417,2974,1,2948,0.017333333333333326,False,-9.700425897477771,False,ok,,0.0012080830056220293
14,5,Normal,3000,5,0.1,21,2026105721,7.052207753018317,new_lower_rho_same_seed_schedule,False,24,-8.444640725094095,0.001,3,0.999,1.007387508394896,2978,1,2957,0.020810716268415578,False,-15.496848478112412,False,ok,,0.0013789169606752694
14,5,Normal,3000,5,0.1,21,2026105721,7.052207753018317,new_lower_rho_same_seed_schedule,False,25,0.0,0.0,0,1.0,1.0067114093959733,2980,1,2960,0.013333333333333327,False,-7.052207753018317,True,ok,,0.0013086670078337193
14,5,Normal,3000,5,0.1,21,2026105721,7.052207753018317,new_lower_rho_same_seed_schedule,False,26,0.0,0.0,0,1.0,1.0050251256281406,2985,1,2970,0.009999999999999998,False,-7.052207753018317,True,ok,,0.00109045795397833
14,5,Normal,3000,5,0.1,21,2026105721,7.052207753018317,new_lower_rho_same_seed_schedule,False,27,0.0,0.0,0,1.0,1.0056989607777405,2983,1,2966,0.011333333333333327,False,-7.052207753018317,True,ok,,0.0012865840108133852
14,5,Normal,3000,5,0.1,21,2026105721,7.052207753018317,new_lower_rho_same_seed_schedule,False,28,0.0,0.0,0,1.0,1.0026737967914439,2992,1,2984,0.005333333333333333,False,-7.052207753018317,True,ok,,0.0009991250117309391
14,5,Normal,3000,5,0.1,21,2026105721,7.052207753018317,new_lower_rho_same_seed_schedule,False,29,0.0,0.0,0,1.0,1.002004008016032,2994,1,2988,0.003999999999999999,False,-7.052207753018317,True,ok,,0.0009740000241436064
14,5,Normal,3000,5,0.1,21,2026105721,7.052207753018317,new_lower_rho_same_seed_schedule,False,30,0.0,0.0,0,1.0,1.0013351134846462,2996,1,2992,0.0026666666666666657,False,-7.052207753018317,True,ok,,0.0010250420309603214
14,5,Normal,3000,5,0.1,21,2026105721,7.052207753018317,new_lower_rho_same_seed_schedule,False,31,0.0,0.0,0,1.0,1.002004008016032,2994,1,2988,0.003999999999999999,False,-7.052207753018317,True,ok,,0.001011582964565605
14,5,Normal,3000,5,0.1,21,2026105721,7.052207753018317,new_lower_rho_same_seed_schedule,False,32,-4.8198415759083275,0.0003333333333333333,1,0.9996666666666667,1.0023387905111927,2993,1,2986,0.004666666666666666,False,-11.872049328926645,False,ok,,0.0009790000040084124
14,5,Normal,3000,5,0.1,21,2026105721,7.052207753018317,new_lower_rho_same_seed_schedule,False,33,0.0,0.0,0,1.0,1.001001001001001,2997,1,2994,0.0019999999999999996,False,-7.052207753018317,True,ok,,0.0009544169879518449
14,5,Normal,3000,5,0.1,21,2026105721,7.052207753018317,new_lower_rho_same_seed_schedule,False,34,0.0,0.0,0,1.0,1.001001001001001,2997,1,2994,0.0019999999999999996,False,-7.052207753018317,True,ok,,0.0009549999958835542
14,5,Normal,3000,5,0.1,21,2026105721,7.052207753018317,new_lower_rho_same_seed_schedule,False,35,0.0,0.0,0,1.0,1.0013351134846462,2996,1,2992,0.002666666666666666,False,-7.052207753018317,True,ok,,0.0009317499934695661
14,5,Normal,3000,5,0.1,21,2026105721,7.052207753018317,new_lower_rho_same_seed_schedule,False,36,0.0,0.0,0,1.0,1.0013351134846462,2996,1,2992,0.0026666666666666657,False,-7.052207753018317,True,ok,,0.0009277500212192535
14,5,Normal,3000,5,0.1,21,2026105721,7.052207753018317,new_lower_rho_same_seed_schedule,False,37,0.0,0.0,0,1.0,1.0006671114076051,2998,1,2996,0.0013333333333333326,False,-7.052207753018317,True,ok,,0.0009275000193156302
14,5,Normal,3000,5,0.1,21,2026105721,7.052207753018317,new_lower_rho_same_seed_schedule,False,38,0.0,0.0,0,1.0,1.001001001001001,2997,1,2994,0.001999999999999999,False,-7.052207753018317,True,ok,,0.0009239579667337239
14,5,Normal,3000,5,0.1,21,2026105721,7.052207753018317,new_lower_rho_same_seed_schedule,False,39,0.0,0.0,0,1.0,1.0006671114076051,2998,1,2996,0.001333333333333333,False,-7.052207753018317,True,ok,,0.0009119579917751253
14,5,Normal,3000,5,0.1,21,2026105721,7.052207753018317,new_lower_rho_same_seed_schedule,False,40,0.0,0.0,0,1.0,1.0006671114076051,2998,1,2996,0.0013333333333333333,False,-7.052207753018317,True,ok,,0.0009890410001389682
14,5,Normal,3000,5,0.1,22,2026105722,7.052207753018317,new_lower_rho_same_seed_schedule,False,1,7.040333800088938,1.0,3000,0.0,3000.0,1,3000,0,1.141836644054232,False,-0.011873952929379428,False,ok,,0.001392417005263269
14,5,Normal,3000,5,0.1,22,2026105722,7.052207753018317,new_lower_rho_same_seed_schedule,False,2,6.447579084974533,1.0,3000,0.0,93.75,32,50,0,1.6789967291447427,False,-0.6046286680437838,False,ok,,0.0010970410075969994
14,5,Normal,3000,5,0.1,22,2026105722,7.052207753018317,new_lower_rho_same_seed_schedule,False,3,5.7827234097591695,0.971,2913,0.029000000000000026,18.51851851851852,162,1,44,1.9434976557602979,False,-1.2694843432591476,False,ok,,0.001261708966922015
14,5,Normal,3000,5,0.1,22,2026105722,7.052207753018317,new_lower_rho_same_seed_schedule,False,4,4.860186565091184,0.9393333333333334,2818,0.06066666666666665,8.928571428571429,336,1,117,2.4585583298294478,False,-2.192021187927133,False,ok,,0.0013158330111764371
14,5,Normal,3000,5,0.1,22,2026105722,7.052207753018317,new_lower_rho_same_seed_schedule,False,5,3.9505514610936934,0.8603333333333333,2581,0.13966666666666672,5.05050505050505,594,1,264,2.746774922778055,False,-3.1016562919246238,False,ok,,0.0014971659984439611
14,5,Normal,3000,5,0.1,22,2026105722,7.052207753018317,new_lower_rho_same_seed_schedule,False,6,2.69640364138916,0.751,2253,0.249,3.3112582781456954,906,1,437,2.885320990298043,False,-4.355804111629157,False,ok,,0.0016280420240946114
14,5,Normal,3000,5,0.1,22,2026105722,7.052207753018317,new_lower_rho_same_seed_schedule,False,7,1.5556698825633046,0.612,1836,0.388,2.3603461841070024,1271,1,702,2.827818422489056,False,-5.496537870455013,False,ok,,0.0016919579938985407
14,5,Normal,3000,5,0.1,22,2026105722,7.052207753018317,new_lower_rho_same_seed_schedule,False,8,0.1761126809731959,0.4633333333333333,1390,0.5366666666666666,1.8192844147968465,1649,1,1066,2.4332833884605534,False,-6.876095072045121,False,ok,,0.00167179194977507
14,5,Normal,3000,5,0.1,22,2026105722,7.052207753018317,new_lower_rho_same_seed_schedule,False,9,-0.8656347616041411,0.3006666666666667,902,0.6993333333333334,1.513622603430878,1982,1,1387,1.8699499199549854,False,-7.917842514622459,False,ok,,0.0021590410033240914
14,5,Normal,3000,5,0.1,22,2026105722,7.052207753018317,new_lower_rho_same_seed_schedule,False,10,-1.5057815149743388,0.18966666666666668,569,0.8103333333333333,1.3398838767306833,2239,1,1728,1.2969135662867,False,-8.557989267992657,False,ok,,0.0018572499975562096
14,5,Normal,3000,5,0.1,22,2026105722,7.052207753018317,new_lower_rho_same_seed_schedule,False,11,-2.255196427049295,0.114,342,0.886,1.2234910277324633,2452,1,2032,0.914726981737298,False,-9.307404180067612,False,ok,,0.0015510839875787497
14,5,Normal,3000,5,0.1,22,2026105722,7.052207753018317,new_lower_rho_same_seed_schedule,False,12,-3.2097764587778963,0.065,195,0.935,1.152516327314637,2603,1,2276,0.5937810519804798,False,-10.261984211796214,False,ok,,0.0014300000038929284
14,5,Normal,3000,5,0.1,22,2026105722,7.052207753018317,new_lower_rho_same_seed_schedule,False,13,-3.10638644821404,0.051666666666666666,155,0.9483333333333334,1.1206574523720583,2677,1,2406,0.47631726146625053,False,-10.158594201232358,False,ok,,0.001319957955274731
14,5,Normal,3000,5,0.1,22,2026105722,7.052207753018317,new_lower_rho_same_seed_schedule,False,14,-3.7014014084352422,0.022333333333333334,67,0.9776666666666667,1.0725777618877368,2797,1,2613,0.23154169405827138,False,-10.753609161453559,False,ok,,0.0012122500338591635
14,5,Normal,3000,5,0.1,22,2026105722,7.052207753018317,new_lower_rho_same_seed_schedule,False,15,-4.655475837156558,0.012333333333333333,37,0.9876666666666667,1.0574550581600282,2837,1,2682,0.1616647839169247,False,-11.707683590174875,False,ok,,0.001129666983615607
14,5,Normal,3000,5,0.1,22,2026105722,7.052207753018317,new_lower_rho_same_seed_schedule,False,16,-4.954167808289567,0.01,30,0.99,1.0398613518197575,2885,1,2779,0.1223666105585407,False,-12.006375561307884,False,ok,,0.0010622080299071968
14,5,Normal,3000,5,0.1,22,2026105722,7.052207753018317,new_lower_rho_same_seed_schedule,False,17,-4.544094121683599,0.006333333333333333,19,0.9936666666666667,1.0337698139214335,2902,1,2808,0.08801984859275246,False,-11.596301874701915,False,ok,,0.0010414169519208372
14,5,Normal,3000,5,0.1,22,2026105722,7.052207753018317,new_lower_rho_same_seed_schedule,False,18,-3.856305889913203,0.0013333333333333333,4,0.9986666666666667,1.017293997965412,2949,1,2898,0.033999999999999996,False,-10.90851364293152,False,ok,,0.0009916669805534184
14,5,Normal,3000,5,0.1,22,2026105722,7.052207753018317,new_lower_rho_same_seed_schedule,False,19,-6.675052335414162,0.0033333333333333335,10,0.9966666666666667,1.0190217391304348,2944,1,2889,0.04437116187867528,False,-13.72726008843248,False,ok,,0.0010149169829674065
14,5,Normal,3000,5,0.1,22,2026105722,7.052207753018317,new_lower_rho_same_seed_schedule,False,20,-5.192285172543456,0.0003333333333333333,1,0.9996666666666667,1.015572105619499,2954,1,2908,0.030666666666666648,False,-12.244492925561772,False,ok,,0.0009739170200191438
14,5,Normal,3000,5,0.1,22,2026105722,7.052207753018317,new_lower_rho_same_seed_schedule,False,21,-3.7382092014677464,0.0006666666666666666,2,0.9993333333333333,1.0104412260020208,2969,1,2938,0.020666666666666656,False,-10.790416954486064,False,ok,,0.0009706249693408608
14,5,Normal,3000,5,0.1,22,2026105722,7.052207753018317,new_lower_rho_same_seed_schedule,False,22,-4.692513151783793,0.0006666666666666666,2,0.9993333333333333,1.007387508394896,2978,1,2956,0.014666666666666665,False,-11.74472090480211,False,ok,,0.001170584000647068
14,5,Normal,3000,5,0.1,22,2026105722,7.052207753018317,new_lower_rho_same_seed_schedule,False,23,-5.0141639495281,0.0003333333333333333,1,0.9996666666666667,1.0070493454179255,2979,1,2958,0.013999999999999995,False,-12.066371702546416,False,ok,,0.0011497500236146152
14,5,Normal,3000,5,0.1,22,2026105722,7.052207753018317,new_lower_rho_same_seed_schedule,False,24,-4.0486033619983095,0.0003333333333333333,1,0.9996666666666667,1.0080645161290323,2976,1,2952,0.015999999999999993,False,-11.100811115016626,False,ok,,0.0011689160019159317
14,5,Normal,3000,5,0.1,22,2026105722,7.052207753018317,new_lower_rho_same_seed_schedule,False,25,-6.655618141369449,0.001,3,0.999,1.0067114093959733,2980,1,2960,0.01333333333333333,False,-13.707825894387767,False,ok,,0.001515457988716662
14,5,Normal,3000,5,0.1,22,2026105722,7.052207753018317,new_lower_rho_same_seed_schedule,False,26,-4.1186587978358995,0.001,3,0.999,1.0053619302949062,2984,1,2968,0.010666666666666665,False,-11.170866550854218,False,ok,,0.0011470000026747584
14,5,Normal,3000,5,0.1,22,2026105722,7.052207753018317,new_lower_rho_same_seed_schedule,False,27,0.0,0.0,0,1.0,1.0030090270812437,2991,1,2982,0.005999999999999999,False,-7.052207753018317,True,ok,,0.001026167010422796
14,5,Normal,3000,5,0.1,22,2026105722,7.052207753018317,new_lower_rho_same_seed_schedule,False,28,0.0,0.0,0,1.0,1.0040160642570282,2988,1,2976,0.008,False,-7.052207753018317,True,ok,,0.0009772079647518694
14,5,Normal,3000,5,0.1,22,2026105722,7.052207753018317,new_lower_rho_same_seed_schedule,False,29,-5.192285172543456,0.0003333333333333333,1,0.9996666666666667,1.0023387905111927,2993,1,2986,0.0046666666666666645,False,-12.244492925561772,False,ok,,0.0009766659932211041
14,5,Normal,3000,5,0.1,22,2026105722,7.052207753018317,new_lower_rho_same_seed_schedule,False,30,0.0,0.0,0,1.0,1.001669449081803,2995,1,2990,0.003333333333333334,False,-7.052207753018317,True,ok,,0.0009764999849721789
14,5,Normal,3000,5,0.1,22,2026105722,7.052207753018317,new_lower_rho_same_seed_schedule,False,31,-5.0141639495281,0.0003333333333333333,1,0.9996666666666667,1.0013351134846462,2996,1,2992,0.002666666666666667,False,-12.066371702546416,False,ok,,0.0009632079745642841
14,5,Normal,3000,5,0.1,22,2026105722,7.052207753018317,new_lower_rho_same_seed_schedule,False,32,0.0,0.0,0,1.0,1.0006671114076051,2998,1,2996,0.0013333333333333333,False,-7.052207753018317,True,ok,,0.0009374999790452421
14,5,Normal,3000,5,0.1,22,2026105722,7.052207753018317,new_lower_rho_same_seed_schedule,False,33,0.0,0.0,0,1.0,1.002004008016032,2994,1,2988,0.004,False,-7.052207753018317,True,ok,,0.0009612920111976564
14,5,Normal,3000,5,0.1,22,2026105722,7.052207753018317,new_lower_rho_same_seed_schedule,False,34,0.0,0.0,0,1.0,1.0003334444814937,2999,1,2998,0.000666666666666667,False,-7.052207753018317,True,ok,,0.0009314999915659428
14,5,Normal,3000,5,0.1,22,2026105722,7.052207753018317,new_lower_rho_same_seed_schedule,False,35,0.0,0.0,0,1.0,1.0,3000,1,3000,0.0,False,-7.052207753018317,True,ok,,0.0009378340328112245
14,5,Normal,3000,5,0.1,22,2026105722,7.052207753018317,new_lower_rho_same_seed_schedule,False,36,0.0,0.0,0,1.0,1.0003334444814937,2999,1,2998,0.000666666666666667,False,-7.052207753018317,True,ok,,0.0009465839830227196
14,5,Normal,3000,5,0.1,22,2026105722,7.052207753018317,new_lower_rho_same_seed_schedule,False,37,0.0,0.0,0,1.0,1.0006671114076051,2998,1,2996,0.001333333333333333,False,-7.052207753018317,True,ok,,0.0009391250205226243
14,5,Normal,3000,5,0.1,22,2026105722,7.052207753018317,new_lower_rho_same_seed_schedule,False,38,0.0,0.0,0,1.0,1.0003334444814937,2999,1,2998,0.0006666666666666664,False,-7.052207753018317,True,ok,,0.0010497499606572092
14,5,Normal,3000,5,0.1,22,2026105722,7.052207753018317,new_lower_rho_same_seed_schedule,False,39,0.0,0.0,0,1.0,1.0003334444814937,2999,1,2998,0.0006666666666666665,False,-7.052207753018317,True,ok,,0.0010144169791601598
14,5,Normal,3000,5,0.1,22,2026105722,7.052207753018317,new_lower_rho_same_seed_schedule,False,40,0.0,0.0,0,1.0,1.0003334444814937,2999,1,2998,0.0006666666666666665,False,-7.052207753018317,True,ok,,0.0012799579999409616
14,5,Normal,3000,5,0.1,23,2026105723,7.052207753018317,new_lower_rho_same_seed_schedule,False,1,7.040665455900328,1.0,3000,0.0,3000.0,1,3000,0,1.1504612776350194,False,-0.011542297117989264,False,ok,,0.001191458955872804
14,5,Normal,3000,5,0.1,23,2026105723,7.052207753018317,new_lower_rho_same_seed_schedule,False,2,6.461372366514394,1.0,3000,0.0,93.75,32,49,0,1.7061823870280572,False,-0.5908353865039233,False,ok,,0.0011902920086868107
14,5,Normal,3000,5,0.1,23,2026105723,7.052207753018317,new_lower_rho_same_seed_schedule,False,3,6.018723708837966,0.9716666666666667,2915,0.02833333333333332,21.27659574468085,141,1,41,1.8118454086673343,False,-1.0334840441803514,False,ok,,0.0011728330282494426
14,5,Normal,3000,5,0.1,23,2026105723,7.052207753018317,new_lower_rho_same_seed_schedule,False,4,5.231305589046834,0.948,2844,0.052000000000000046,11.194029850746269,268,1,81,2.2248239234497884,False,-1.8209021639714829,False,ok,,0.0012695830082520843
14,5,Normal,3000,5,0.1,23,2026105723,7.052207753018317,new_lower_rho_same_seed_schedule,False,5,4.366638987623199,0.8926666666666667,2678,0.10733333333333328,6.237006237006237,481,1,204,2.625213173843905,False,-2.685568765395118,False,ok,,0.0013865839573554695
14,5,Normal,3000,5,0.1,23,2026105723,7.052207753018317,new_lower_rho_same_seed_schedule,False,6,3.3929774943713213,0.801,2403,0.19899999999999995,3.952569169960474,759,1,370,2.7748690119617856,False,-3.659230258646996,False,ok,,0.001481875020544976
14,5,Normal,3000,5,0.1,23,2026105723,7.052207753018317,new_lower_rho_same_seed_schedule,False,7,2.2631076174703337,0.7056666666666667,2117,0.29433333333333334,2.8901734104046244,1038,1,535,2.893732789874105,False,-4.789100135547983,False,ok,,0.0015942080062814057
14,5,Normal,3000,5,0.1,23,2026105723,7.052207753018317,new_lower_rho_same_seed_schedule,False,8,1.0557643514827209,0.57,1710,0.43000000000000005,2.150537634408602,1395,1,814,2.7568461421063315,False,-5.996443401535596,False,ok,,0.0017462500254623592
14,5,Normal,3000,5,0.1,23,2026105723,7.052207753018317,new_lower_rho_same_seed_schedule,False,9,-0.021265479532067665,0.44333333333333336,1330,0.5566666666666666,1.7647058823529411,1700,1,1100,2.440408361396465,False,-7.073473232550385,False,ok,,0.002140166994649917
14,5,Normal,3000,5,0.1,23,2026105723,7.052207753018317,new_lower_rho_same_seed_schedule,False,10,-1.0156188816146237,0.31966666666666665,959,0.6803333333333333,1.5060240963855422,1992,1,1415,2.0485323212412836,False,-8.06782663463294,False,ok,,0.0020997910178266466
14,5,Normal,3000,5,0.1,23,2026105723,7.052207753018317,new_lower_rho_same_seed_schedule,False,11,-1.9805471281693068,0.2,600,0.8,1.329198050509526,2257,1,1760,1.4841586066060195,False,-9.032754881187625,False,ok,,0.0017216669511981308
14,5,Normal,3000,5,0.1,23,2026105723,7.052207753018317,new_lower_rho_same_seed_schedule,False,12,-2.3206403608148456,0.112,336,0.888,1.2315270935960592,2436,1,2001,0.9050258003165857,False,-9.372848113833163,False,ok,,0.0015116670401766896
14,5,Normal,3000,5,0.1,23,2026105723,7.052207753018317,new_lower_rho_same_seed_schedule,False,13,-2.9462771245308166,0.06166666666666667,185,0.9383333333333334,1.1428571428571428,2625,1,2313,0.5415844135652761,False,-9.998484877549133,False,ok,,0.0014032499748282135
14,5,Normal,3000,5,0.1,23,2026105723,7.052207753018317,new_lower_rho_same_seed_schedule,False,14,-3.399838691689885,0.03333333333333333,100,0.9666666666666667,1.1057869517139698,2713,1,2459,0.35005548289284383,False,-10.452046444708202,False,ok,,0.001285750011447817
14,5,Normal,3000,5,0.1,23,2026105723,7.052207753018317,new_lower_rho_same_seed_schedule,False,15,-4.205854898260002,0.025,75,0.975,1.079913606911447,2778,1,2578,0.26175776729466915,False,-11.258062651278319,False,ok,,0.0012843339936807752
14,5,Normal,3000,5,0.1,23,2026105723,7.052207753018317,new_lower_rho_same_seed_schedule,False,16,-3.5205765771025797,0.014666666666666666,44,0.9853333333333333,1.0615711252653928,2826,1,2666,0.1775302448964419,False,-10.572784330120896,False,ok,,0.0011559170088730752
14,5,Normal,3000,5,0.1,23,2026105723,7.052207753018317,new_lower_rho_same_seed_schedule,False,17,-4.582875458218257,0.011333333333333334,34,0.9886666666666667,1.048951048951049,2860,1,2729,0.1483248716451965,False,-11.635083211236573,False,ok,,0.001129666983615607
14,5,Normal,3000,5,0.1,23,2026105723,7.052207753018317,new_lower_rho_same_seed_schedule,False,18,-5.383192653617487,0.006,18,0.994,1.0330578512396693,2904,1,2812,0.09226997654430462,False,-12.435400406635804,False,ok,,0.00110037496779114
14,5,Normal,3000,5,0.1,23,2026105723,7.052207753018317,new_lower_rho_same_seed_schedule,False,19,-4.324291683141027,0.001,3,0.999,1.0228435049437437,2933,1,2867,0.049578608527153935,False,-11.376499436159344,False,ok,,0.0010307090124115348
14,5,Normal,3000,5,0.1,23,2026105723,7.052207753018317,new_lower_rho_same_seed_schedule,False,20,-6.991569830229874,0.0026666666666666666,8,0.9973333333333333,1.0190217391304348,2944,1,2889,0.04420899218060052,False,-14.043777583248191,False,ok,,0.001012332970276475
14,5,Normal,3000,5,0.1,23,2026105723,7.052207753018317,new_lower_rho_same_seed_schedule,False,21,-2.805336523744224,0.0013333333333333333,4,0.9986666666666667,1.012829169480081,2962,1,2925,0.031073540486784658,False,-9.85754427676254,False,ok,,0.0011079999967478216
14,5,Normal,3000,5,0.1,23,2026105723,7.052207753018317,new_lower_rho_same_seed_schedule,False,22,-4.121998612524615,0.001,3,0.999,1.0080645161290323,2976,1,2952,0.015999999999999993,False,-11.174206365542933,False,ok,,0.0011556250392459333
14,5,Normal,3000,5,0.1,23,2026105723,7.052207753018317,new_lower_rho_same_seed_schedule,False,23,-5.3609940444705515,0.001,3,0.999,1.0114632501685772,2966,1,2932,0.02266666666666665,False,-12.413201797488869,False,ok,,0.001377584005240351
14,5,Normal,3000,5,0.1,23,2026105723,7.052207753018317,new_lower_rho_same_seed_schedule,False,24,-9.664660285286281,0.0003333333333333333,1,0.9996666666666667,1.0084033613445378,2975,1,2950,0.01666666666666666,False,-16.716868038304597,False,ok,,0.0012489160289987922
14,5,Normal,3000,5,0.1,23,2026105723,7.052207753018317,new_lower_rho_same_seed_schedule,False,25,-5.943142897407297,0.0006666666666666666,2,0.9993333333333333,1.0087424344317417,2974,1,2948,0.017333333333333326,False,-12.995350650425614,False,ok,,0.0010302499867975712
14,5,Normal,3000,5,0.1,23,2026105723,7.052207753018317,new_lower_rho_same_seed_schedule,False,26,-6.218824794887935,0.0003333333333333333,1,0.9996666666666667,1.0026737967914439,2992,1,2984,0.0053333333333333306,False,-13.271032547906252,False,ok,,0.0009683750104159117
14,5,Normal,3000,5,0.1,23,2026105723,7.052207753018317,new_lower_rho_same_seed_schedule,False,27,-5.5887967191095065,0.0003333333333333333,1,0.9996666666666667,1.0050251256281406,2985,1,2970,0.009999999999999997,False,-12.641004472127824,False,ok,,0.0009763330454006791
14,5,Normal,3000,5,0.1,23,2026105723,7.052207753018317,new_lower_rho_same_seed_schedule,False,28,-6.258156935296512,0.0006666666666666666,2,0.9993333333333333,1.0030090270812437,2991,1,2982,0.005999999999999998,False,-13.310364688314829,False,ok,,0.0009720000089146197
14,5,Normal,3000,5,0.1,23,2026105723,7.052207753018317,new_lower_rho_same_seed_schedule,False,29,0.0,0.0,0,1.0,1.0033444816053512,2990,1,2980,0.006666666666666665,False,-7.052207753018317,True,ok,,0.000959250028245151
14,5,Normal,3000,5,0.1,23,2026105723,7.052207753018317,new_lower_rho_same_seed_schedule,False,30,-7.183648693366958,0.001,3,0.999,1.0026737967914439,2992,1,2984,0.005333333333333332,False,-14.235856446385275,False,ok,,0.000940416008234024
14,5,Normal,3000,5,0.1,23,2026105723,7.052207753018317,new_lower_rho_same_seed_schedule,False,31,-5.705606218169282,0.0003333333333333333,1,0.9996666666666667,1.0023387905111927,2993,1,2986,0.0046666666666666645,False,-12.757813971187598,False,ok,,0.0009389999904669821
14,5,Normal,3000,5,0.1,23,2026105723,7.052207753018317,new_lower_rho_same_seed_schedule,False,32,-5.5887967191095065,0.0003333333333333333,1,0.9996666666666667,1.0013351134846462,2996,1,2992,0.0026666666666666657,False,-12.641004472127824,False,ok,,0.0009615410235710442
14,5,Normal,3000,5,0.1,23,2026105723,7.052207753018317,new_lower_rho_same_seed_schedule,False,33,0.0,0.0,0,1.0,1.0023387905111927,2993,1,2986,0.004666666666666666,False,-7.052207753018317,True,ok,,0.0009449160424992442
14,5,Normal,3000,5,0.1,23,2026105723,7.052207753018317,new_lower_rho_same_seed_schedule,False,34,0.0,0.0,0,1.0,1.0006671114076051,2998,1,2996,0.001333333333333333,False,-7.052207753018317,True,ok,,0.0009359589894302189
14,5,Normal,3000,5,0.1,23,2026105723,7.052207753018317,new_lower_rho_same_seed_schedule,False,35,-6.297489075705088,0.0003333333333333333,1,0.9996666666666667,1.0013351134846462,2996,1,2992,0.002666666666666666,False,-13.349696828723406,False,ok,,0.0009517919970676303
14,5,Normal,3000,5,0.1,23,2026105723,7.052207753018317,new_lower_rho_same_seed_schedule,False,36,0.0,0.0,0,1.0,1.0003334444814937,2999,1,2998,0.0006666666666666663,False,-7.052207753018317,True,ok,,0.0009186670067720115
14,5,Normal,3000,5,0.1,23,2026105723,7.052207753018317,new_lower_rho_same_seed_schedule,False,37,0.0,0.0,0,1.0,1.001001001001001,2997,1,2994,0.001999999999999999,False,-7.052207753018317,True,ok,,0.0010183340054936707
14,5,Normal,3000,5,0.1,23,2026105723,7.052207753018317,new_lower_rho_same_seed_schedule,False,38,0.0,0.0,0,1.0,1.0003334444814937,2999,1,2998,0.0006666666666666664,False,-7.052207753018317,True,ok,,0.0011318749748170376
14,5,Normal,3000,5,0.1,23,2026105723,7.052207753018317,new_lower_rho_same_seed_schedule,False,39,0.0,0.0,0,1.0,1.0,3000,1,3000,0.0,False,-7.052207753018317,True,ok,,0.0011945830192416906
14,5,Normal,3000,5,0.1,23,2026105723,7.052207753018317,new_lower_rho_same_seed_schedule,False,40,0.0,0.0,0,1.0,1.0,3000,1,3000,0.0,False,-7.052207753018317,True,ok,,0.00103854201734066
14,5,Normal,3000,5,0.1,24,2026105724,7.052207753018317,new_lower_rho_same_seed_schedule,False,1,7.0411637981765764,1.0,3000,0.0,3000.0,1,3000,0,1.1475898939393854,False,-0.0110439548417407,False,ok,,0.0012475000112317502
14,5,Normal,3000,5,0.1,24,2026105724,7.052207753018317,new_lower_rho_same_seed_schedule,False,2,6.476099743264732,1.0,3000,0.0,93.75,32,13,0,1.6930941608443852,False,-0.5761080097535851,False,ok,,0.001168333983514458
14,5,Normal,3000,5,0.1,24,2026105724,7.052207753018317,new_lower_rho_same_seed_schedule,False,3,5.941236435957443,0.9746666666666667,2924,0.02533333333333332,21.8978102189781,137,1,31,1.8484421221241825,False,-1.1109713170608737,False,ok,,0.0012465420295484364
14,5,Normal,3000,5,0.1,24,2026105724,7.052207753018317,new_lower_rho_same_seed_schedule,False,4,5.273152387925961,0.945,2835,0.05500000000000005,11.194029850746269,268,1,86,2.230491034513092,False,-1.779055365092356,False,ok,,0.0014074170030653477
14,5,Normal,3000,5,0.1,24,2026105724,7.052207753018317,new_lower_rho_same_seed_schedule,False,5,4.3230630991256875,0.885,2655,0.11499999999999999,6.109979633401222,491,1,209,2.5468131088132417,False,-2.7291446538926296,False,ok,,0.00152749998960644
14,5,Normal,3000,5,0.1,24,2026105724,7.052207753018317,new_lower_rho_same_seed_schedule,False,6,3.2812842486378875,0.7803333333333333,2341,0.21966666666666668,3.7974683544303796,790,1,371,2.784638618482484,False,-3.7709235043804297,False,ok,,0.0015512090176343918
14,5,Normal,3000,5,0.1,24,2026105724,7.052207753018317,new_lower_rho_same_seed_schedule,False,7,2.1859820357022426,0.6873333333333334,2062,0.31266666666666665,2.7958993476234855,1073,1,567,2.8334972310568363,False,-4.866225717316075,False,ok,,0.0016178340301848948
14,5,Normal,3000,5,0.1,24,2026105724,7.052207753018317,new_lower_rho_same_seed_schedule,False,8,1.0357570119760486,0.5563333333333333,1669,0.44366666666666665,2.1231422505307855,1413,1,827,2.728106513543374,False,-6.016450741042268,False,ok,,0.0017377909971401095
14,5,Normal,3000,5,0.1,24,2026105724,7.052207753018317,new_lower_rho_same_seed_schedule,False,9,-0.06801161224946858,0.4146666666666667,1244,0.5853333333333333,1.7123287671232876,1752,1,1168,2.3525326932742283,False,-7.120219365267785,False,ok,,0.0018517919816076756
14,5,Normal,3000,5,0.1,24,2026105724,7.052207753018317,new_lower_rho_same_seed_schedule,False,10,-0.8768825340051921,0.276,828,0.724,1.466992665036675,2045,1,1480,1.747566963222022,False,-7.929090287023509,False,ok,,0.0017723750206641853
14,5,Normal,3000,5,0.1,24,2026105724,7.052207753018317,new_lower_rho_same_seed_schedule,False,11,-1.7077721268709745,0.19633333333333333,589,0.8036666666666666,1.314060446780552,2283,1,1808,1.3689573367009134,False,-8.759979879889292,False,ok,,0.0015626249951310456
14,5,Normal,3000,5,0.1,24,2026105724,7.052207753018317,new_lower_rho_same_seed_schedule,False,12,-2.25773730926655,0.122,366,0.878,1.2165450121654502,2466,1,2080,0.9239750523556078,False,-9.309945062284868,False,ok,,0.0014258750015869737
14,5,Normal,3000,5,0.1,24,2026105724,7.052207753018317,new_lower_rho_same_seed_schedule,False,13,-2.724411525232518,0.066,198,0.9339999999999999,1.152516327314637,2603,1,2278,0.5985533332364966,False,-9.776619278250834,False,ok,,0.001327000034507364
14,5,Normal,3000,5,0.1,24,2026105724,7.052207753018317,new_lower_rho_same_seed_schedule,False,14,-3.4667623270353234,0.03966666666666667,119,0.9603333333333334,1.1094674556213018,2704,1,2446,0.3998817977187525,False,-10.518970080053641,False,ok,,0.0012239590287208557
14,5,Normal,3000,5,0.1,24,2026105724,7.052207753018317,new_lower_rho_same_seed_schedule,False,15,-3.7968884596118753,0.018666666666666668,56,0.9813333333333333,1.0737294201861132,2794,1,2605,0.23095053274173133,False,-10.849096212630192,False,ok,,0.0011514999787323177
14,5,Normal,3000,5,0.1,24,2026105724,7.052207753018317,new_lower_rho_same_seed_schedule,False,16,-3.9633738327674943,0.016666666666666666,50,0.9833333333333333,1.0638297872340425,2820,1,2654,0.1968553690131314,False,-11.015581585785812,False,ok,,0.0011021249811165035
14,5,Normal,3000,5,0.1,24,2026105724,7.052207753018317,new_lower_rho_same_seed_schedule,False,17,-4.238904383323882,0.006333333333333333,19,0.9936666666666667,1.0445682451253482,2872,1,2749,0.11481013736432691,False,-11.2911121363422,False,ok,,0.001046084042172879
14,5,Normal,3000,5,0.1,24,2026105724,7.052207753018317,new_lower_rho_same_seed_schedule,False,18,-4.162260285009348,0.008,24,0.992,1.0351966873706004,2898,1,2803,0.10356665352016851,False,-11.214468038027665,False,ok,,0.0010169580345973372
14,5,Normal,3000,5,0.1,24,2026105724,7.052207753018317,new_lower_rho_same_seed_schedule,False,19,-4.7479467487707545,0.006,18,0.994,1.0263427984946973,2923,1,2851,0.08101602643842391,False,-11.800154501789072,False,ok,,0.000989624997600913
14,5,Normal,3000,5,0.1,24,2026105724,7.052207753018317,new_lower_rho_same_seed_schedule,False,20,-5.760849788776951,0.0026666666666666666,8,0.9973333333333333,1.0183299389002036,2946,1,2894,0.04864796683726661,False,-12.813057541795267,False,ok,,0.0009667089907452464
14,5,Normal,3000,5,0.1,24,2026105724,7.052207753018317,new_lower_rho_same_seed_schedule,False,21,-7.035924128437813,0.0016666666666666668,5,0.9983333333333333,1.0166045408336157,2951,1,2903,0.038762828102868976,False,-14.08813188145613,False,ok,,0.0010362089960835874
14,5,Normal,3000,5,0.1,24,2026105724,7.052207753018317,new_lower_rho_same_seed_schedule,False,22,-5.634587363261764,0.0023333333333333335,7,0.9976666666666667,1.013856032443393,2959,1,2919,0.03304210026959193,False,-12.68679511628008,False,ok,,0.0009500830201432109
14,5,Normal,3000,5,0.1,24,2026105724,7.052207753018317,new_lower_rho_same_seed_schedule,False,23,-7.477063751310028,0.0003333333333333333,1,0.9996666666666667,1.009421265141319,2972,1,2944,0.018666666666666658,False,-14.529271504328346,False,ok,,0.0009322919650003314
14,5,Normal,3000,5,0.1,24,2026105724,7.052207753018317,new_lower_rho_same_seed_schedule,False,24,-6.4034251381614204,0.0013333333333333333,4,0.9986666666666667,1.009421265141319,2972,1,2945,0.02437543360292526,False,-13.455632891179738,False,ok,,0.0009256670018658042
14,5,Normal,3000,5,0.1,24,2026105724,7.052207753018317,new_lower_rho_same_seed_schedule,False,25,-6.93018747946171,0.0016666666666666668,5,0.9983333333333333,1.0070493454179255,2979,1,2959,0.020096161436202308,False,-13.982395232480027,False,ok,,0.0012590829865075648
14,5,Normal,3000,5,0.1,24,2026105724,7.052207753018317,new_lower_rho_same_seed_schedule,False,26,0.0,0.0,0,1.0,1.007387508394896,2978,1,2956,0.014666666666666661,False,-7.052207753018317,True,ok,,0.0011168330092914402
14,5,Normal,3000,5,0.1,24,2026105724,7.052207753018317,new_lower_rho_same_seed_schedule,False,27,-2.695873491666736,0.0003333333333333333,1,0.9996666666666667,1.004352192835621,2987,1,2974,0.008666666666666665,False,-9.748081244685054,False,ok,,0.0009573340066708624
14,5,Normal,3000,5,0.1,24,2026105724,7.052207753018317,new_lower_rho_same_seed_schedule,False,28,0.0,0.0,0,1.0,1.0030090270812437,2991,1,2982,0.005999999999999998,False,-7.052207753018317,True,ok,,0.0009224579553119838
14,5,Normal,3000,5,0.1,24,2026105724,7.052207753018317,new_lower_rho_same_seed_schedule,False,29,-8.25568393171725,0.001,3,0.999,1.0023387905111927,2993,1,2987,0.010762828102868978,False,-15.307891684735567,False,ok,,0.0009091669926419854
14,5,Normal,3000,5,0.1,24,2026105724,7.052207753018317,new_lower_rho_same_seed_schedule,False,30,0.0,0.0,0,1.0,1.0013351134846462,2996,1,2992,0.002666666666666666,False,-7.052207753018317,True,ok,,0.0009087920188903809
14,5,Normal,3000,5,0.1,24,2026105724,7.052207753018317,new_lower_rho_same_seed_schedule,False,31,0.0,0.0,0,1.0,1.0026737967914439,2992,1,2984,0.005333333333333331,False,-7.052207753018317,True,ok,,0.0009043330210261047
14,5,Normal,3000,5,0.1,24,2026105724,7.052207753018317,new_lower_rho_same_seed_schedule,False,32,0.0,0.0,0,1.0,1.002004008016032,2994,1,2988,0.003999999999999999,False,-7.052207753018317,True,ok,,0.0009014999959617853
14,5,Normal,3000,5,0.1,24,2026105724,7.052207753018317,new_lower_rho_same_seed_schedule,False,33,0.0,0.0,0,1.0,1.0013351134846462,2996,1,2992,0.002666666666666666,False,-7.052207753018317,True,ok,,0.0008989999769255519
14,5,Normal,3000,5,0.1,24,2026105724,7.052207753018317,new_lower_rho_same_seed_schedule,False,34,0.0,0.0,0,1.0,1.0013351134846462,2996,1,2992,0.0026666666666666666,False,-7.052207753018317,True,ok,,0.0008873339975252748
14,5,Normal,3000,5,0.1,24,2026105724,7.052207753018317,new_lower_rho_same_seed_schedule,False,35,0.0,0.0,0,1.0,1.0006671114076051,2998,1,2996,0.0013333333333333326,False,-7.052207753018317,True,ok,,0.0008885409915819764
14,5,Normal,3000,5,0.1,24,2026105724,7.052207753018317,new_lower_rho_same_seed_schedule,False,36,0.0,0.0,0,1.0,1.0023387905111927,2993,1,2986,0.004666666666666667,False,-7.052207753018317,True,ok,,0.0008910420001484454
14,5,Normal,3000,5,0.1,24,2026105724,7.052207753018317,new_lower_rho_same_seed_schedule,False,37,0.0,0.0,0,1.0,1.0003334444814937,2999,1,2998,0.000666666666666666,False,-7.052207753018317,True,ok,,0.0008823330281302333
14,5,Normal,3000,5,0.1,24,2026105724,7.052207753018317,new_lower_rho_same_seed_schedule,False,38,0.0,0.0,0,1.0,1.001001001001001,2997,1,2994,0.002,False,-7.052207753018317,True,ok,,0.0008992920047603548
14,5,Normal,3000,5,0.1,24,2026105724,7.052207753018317,new_lower_rho_same_seed_schedule,False,39,0.0,0.0,0,1.0,1.001001001001001,2997,1,2994,0.002,False,-7.052207753018317,True,ok,,0.0008875830098986626
14,5,Normal,3000,5,0.1,24,2026105724,7.052207753018317,new_lower_rho_same_seed_schedule,False,40,0.0,0.0,0,1.0,1.0006671114076051,2998,1,2996,0.001333333333333333,False,-7.052207753018317,True,ok,,0.0008887909934855998
14,5,Normal,3000,5,0.1,25,2026105725,7.052207753018317,new_lower_rho_same_seed_schedule,False,1,7.044622745354859,1.0,3000,0.0,3000.0,1,3000,0,1.1474945227813624,False,-0.007585007663458043,False,ok,,0.0013078339979983866
14,5,Normal,3000,5,0.1,25,2026105725,7.052207753018317,new_lower_rho_same_seed_schedule,False,2,6.46368672853319,1.0,3000,0.0,93.75,32,38,0,1.6824507030736668,False,-0.5885210244851269,False,ok,,0.001125708979088813
14,5,Normal,3000,5,0.1,25,2026105725,7.052207753018317,new_lower_rho_same_seed_schedule,False,3,5.8705514646816095,0.9753333333333334,2926,0.024666666666666615,20.54794520547945,146,1,33,1.8901346942983275,False,-1.1816562883367077,False,ok,,0.0012990410323254764
14,5,Normal,3000,5,0.1,25,2026105725,7.052207753018317,new_lower_rho_same_seed_schedule,False,4,5.0967285335873,0.94,2820,0.06000000000000005,10.169491525423728,295,1,91,2.349494616971266,False,-1.9554792194310169,False,ok,,0.0013700000126846135
14,5,Normal,3000,5,0.1,25,2026105725,7.052207753018317,new_lower_rho_same_seed_schedule,False,5,4.180627960654936,0.8616666666666667,2585,0.1383333333333333,5.514705882352941,544,1,235,2.582797751555352,False,-2.871579792363381,False,ok,,0.0014654580154456198
14,5,Normal,3000,5,0.1,25,2026105725,7.052207753018317,new_lower_rho_same_seed_schedule,False,6,3.162359092158375,0.7826666666666666,2348,0.21733333333333338,3.592814371257485,835,1,438,2.8495265884218406,False,-3.889848660859942,False,ok,,0.0015809170436114073
14,5,Normal,3000,5,0.1,25,2026105725,7.052207753018317,new_lower_rho_same_seed_schedule,False,7,1.8897444388921842,0.675,2025,0.32499999999999996,2.671415850400712,1123,1,590,2.9678291316418948,False,-5.162463314126133,False,ok,,0.0016970830038189888
14,5,Normal,3000,5,0.1,25,2026105725,7.052207753018317,new_lower_rho_same_seed_schedule,False,8,0.7267623714841474,0.5343333333333333,1603,0.4656666666666667,2.0093770931011385,1493,1,909,2.7001506622799827,False,-6.32544538153417,False,ok,,0.0017104999860748649
14,5,Normal,3000,5,0.1,25,2026105725,7.052207753018317,new_lower_rho_same_seed_schedule,False,9,-0.28632757959387684,0.3893333333333333,1168,0.6106666666666667,1.6357688113413305,1834,1,1262,2.249860838133941,False,-7.338535332612194,False,ok,,0.0017087500309571624
14,5,Normal,3000,5,0.1,25,2026105725,7.052207753018317,new_lower_rho_same_seed_schedule,False,10,-1.1440634768038196,0.262,786,0.738,1.4395393474088292,2084,1,1525,1.7092720114919076,False,-8.196271229822138,False,ok,,0.0017818330088630319
14,5,Normal,3000,5,0.1,25,2026105725,7.052207753018317,new_lower_rho_same_seed_schedule,False,11,-1.9679596875777998,0.16366666666666665,491,0.8363333333333334,1.2825994014536126,2339,1,1876,1.2122332245721992,False,-9.020167440596117,False,ok,,0.001620458031538874
14,5,Normal,3000,5,0.1,25,2026105725,7.052207753018317,new_lower_rho_same_seed_schedule,False,12,-2.2870127860581735,0.09966666666666667,299,0.9003333333333333,1.1990407673860912,2502,1,2118,0.7790574704168877,False,-9.339220539076491,False,ok,,0.001414541038684547
14,5,Normal,3000,5,0.1,25,2026105725,7.052207753018317,new_lower_rho_same_seed_schedule,False,13,-2.951465918622529,0.049666666666666665,149,0.9503333333333334,1.1295180722891567,2656,1,2361,0.4692829589693024,False,-10.003673671640847,False,ok,,0.0012817499809898436
14,5,Normal,3000,5,0.1,25,2026105725,7.052207753018317,new_lower_rho_same_seed_schedule,False,14,-3.411701105177638,0.029,87,0.971,1.0980966325036603,2732,1,2492,0.3169731612961088,False,-10.463908858195955,False,ok,,0.0011945830192416906
14,5,Normal,3000,5,0.1,25,2026105725,7.052207753018317,new_lower_rho_same_seed_schedule,False,15,-4.077266462753436,0.016666666666666666,50,0.9833333333333333,1.0729613733905579,2796,1,2605,0.20959417238417152,False,-11.129474215771754,False,ok,,0.0011229580268263817
14,5,Normal,3000,5,0.1,25,2026105725,7.052207753018317,new_lower_rho_same_seed_schedule,False,16,-3.7219628471194994,0.005,15,0.995,1.0452961672473868,2870,1,2743,0.1031220042992995,False,-10.774170600137817,False,ok,,0.0010538339847698808
14,5,Normal,3000,5,0.1,25,2026105725,7.052207753018317,new_lower_rho_same_seed_schedule,False,17,-4.88781074163197,0.006,18,0.994,1.0391409767925182,2887,1,2778,0.10002903495279743,False,-11.940018494650287,False,ok,,0.0010279580019414425
14,5,Normal,3000,5,0.1,25,2026105725,7.052207753018317,new_lower_rho_same_seed_schedule,False,18,-3.913594542966481,0.003,9,0.997,1.0231923601637107,2932,1,2866,0.05910877831384938,False,-10.965802295984798,False,ok,,0.0009768750169314444
14,5,Normal,3000,5,0.1,25,2026105725,7.052207753018317,new_lower_rho_same_seed_schedule,False,19,-3.7736711778191965,0.0013333333333333333,4,0.9986666666666667,1.0183299389002036,2946,1,2892,0.036000000000000004,False,-10.825878930837513,False,ok,,0.0009676250047050416
14,5,Normal,3000,5,0.1,25,2026105725,7.052207753018317,new_lower_rho_same_seed_schedule,False,20,0.0,0.0,0,1.0,1.015916017609211,2953,1,2906,0.03133333333333332,False,-7.052207753018317,True,ok,,0.0009548749658279121
14,5,Normal,3000,5,0.1,25,2026105725,7.052207753018317,new_lower_rho_same_seed_schedule,False,21,-3.9026567198015325,0.001,3,0.999,1.0101010101010102,2970,1,2940,0.01999999999999999,False,-10.95486447281985,False,ok,,0.0009410829516127706
14,5,Normal,3000,5,0.1,25,2026105725,7.052207753018317,new_lower_rho_same_seed_schedule,False,22,-3.0407393411748687,0.001,3,0.999,1.0118043844856661,2965,1,2930,0.02333333333333332,False,-10.092947094193185,False,ok,,0.0009343749843537807
14,5,Normal,3000,5,0.1,25,2026105725,7.052207753018317,new_lower_rho_same_seed_schedule,False,23,-4.504191636441168,0.0003333333333333333,1,0.9996666666666667,1.0053619302949062,2984,1,2968,0.010666666666666661,False,-11.556399389459486,False,ok,,0.0009110000100918114
14,5,Normal,3000,5,0.1,25,2026105725,7.052207753018317,new_lower_rho_same_seed_schedule,False,24,0.0,0.0,0,1.0,1.0046885465505693,2986,1,2972,0.009333333333333332,False,-7.052207753018317,True,ok,,0.0009000419522635639
14,5,Normal,3000,5,0.1,25,2026105725,7.052207753018317,new_lower_rho_same_seed_schedule,False,25,-3.6428218127070298,0.0006666666666666666,2,0.9993333333333333,1.0046885465505693,2986,1,2972,0.00933333333333333,False,-10.695029565725347,False,ok,,0.000901249994058162
14,5,Normal,3000,5,0.1,25,2026105725,7.052207753018317,new_lower_rho_same_seed_schedule,False,26,0.0,0.0,0,1.0,1.004352192835621,2987,1,2974,0.008666666666666661,False,-7.052207753018317,True,ok,,0.0008943330030888319
14,5,Normal,3000,5,0.1,25,2026105725,7.052207753018317,new_lower_rho_same_seed_schedule,False,27,-3.7542508430216674,0.0003333333333333333,1,0.9996666666666667,1.0046885465505693,2986,1,2972,0.00933333333333333,False,-10.806458596039985,False,ok,,0.0009091660031117499
14,5,Normal,3000,5,0.1,25,2026105725,7.052207753018317,new_lower_rho_same_seed_schedule,False,28,-3.7665161061830132,0.0003333333333333333,1,0.9996666666666667,1.0023387905111927,2993,1,2986,0.004666666666666666,False,-10.81872385920133,False,ok,,0.0012887499760836363
14,5,Normal,3000,5,0.1,25,2026105725,7.052207753018317,new_lower_rho_same_seed_schedule,False,29,0.0,0.0,0,1.0,1.0006671114076051,2998,1,2996,0.0013333333333333335,False,-7.052207753018317,True,ok,,0.001064209034666419
14,5,Normal,3000,5,0.1,25,2026105725,7.052207753018317,new_lower_rho_same_seed_schedule,False,30,0.0,0.0,0,1.0,1.0006671114076051,2998,1,2996,0.001333333333333333,False,-7.052207753018317,True,ok,,0.0010555839980952442
14,5,Normal,3000,5,0.1,25,2026105725,7.052207753018317,new_lower_rho_same_seed_schedule,False,31,0.0,0.0,0,1.0,1.001669449081803,2995,1,2990,0.003333333333333333,False,-7.052207753018317,True,ok,,0.0008949589682742953
14,5,Normal,3000,5,0.1,25,2026105725,7.052207753018317,new_lower_rho_same_seed_schedule,False,32,0.0,0.0,0,1.0,1.0003334444814937,2999,1,2998,0.0006666666666666668,False,-7.052207753018317,True,ok,,0.0008834999753162265
14,5,Normal,3000,5,0.1,25,2026105725,7.052207753018317,new_lower_rho_same_seed_schedule,False,33,0.0,0.0,0,1.0,1.001669449081803,2995,1,2990,0.0033333333333333322,False,-7.052207753018317,True,ok,,0.0008774999878369272
14,5,Normal,3000,5,0.1,25,2026105725,7.052207753018317,new_lower_rho_same_seed_schedule,False,34,0.0,0.0,0,1.0,1.0003334444814937,2999,1,2998,0.0006666666666666666,False,-7.052207753018317,True,ok,,0.0008747079991735518
14,5,Normal,3000,5,0.1,25,2026105725,7.052207753018317,new_lower_rho_same_seed_schedule,False,35,0.0,0.0,0,1.0,1.001001001001001,2997,1,2994,0.0019999999999999996,False,-7.052207753018317,True,ok,,0.0008713329443708062
14,5,Normal,3000,5,0.1,25,2026105725,7.052207753018317,new_lower_rho_same_seed_schedule,False,36,0.0,0.0,0,1.0,1.0003334444814937,2999,1,2998,0.0006666666666666661,False,-7.052207753018317,True,ok,,0.0008786250255070627
14,5,Normal,3000,5,0.1,25,2026105725,7.052207753018317,new_lower_rho_same_seed_schedule,False,37,0.0,0.0,0,1.0,1.0006671114076051,2998,1,2996,0.001333333333333333,False,-7.052207753018317,True,ok,,0.0008784160017967224
14,5,Normal,3000,5,0.1,25,2026105725,7.052207753018317,new_lower_rho_same_seed_schedule,False,38,0.0,0.0,0,1.0,1.0003334444814937,2999,1,2998,0.0006666666666666665,False,-7.052207753018317,True,ok,,0.0008720839978195727
14,5,Normal,3000,5,0.1,25,2026105725,7.052207753018317,new_lower_rho_same_seed_schedule,False,39,0.0,0.0,0,1.0,1.0003334444814937,2999,1,2998,0.0006666666666666665,False,-7.052207753018317,True,ok,,0.0008742079953663051
14,5,Normal,3000,5,0.1,25,2026105725,7.052207753018317,new_lower_rho_same_seed_schedule,False,40,0.0,0.0,0,1.0,1.0006671114076051,2998,1,2996,0.0013333333333333329,False,-7.052207753018317,True,ok,,0.0009571670088917017
14,5,Normal,3000,5,0.1,26,2026105726,7.052207753018317,new_lower_rho_same_seed_schedule,False,1,7.061674371182994,1.0,3000,0.0,3000.0,1,3000,0,1.1459482806676753,False,0.009466618164676532,False,ok,,0.0011817500344477594
14,5,Normal,3000,5,0.1,26,2026105726,7.052207753018317,new_lower_rho_same_seed_schedule,False,2,6.481667910797344,1.0,3000,0.0,93.75,32,18,0,1.676212093030158,False,-0.5705398422209731,False,ok,,0.0012057910207659006
14,5,Normal,3000,5,0.1,26,2026105726,7.052207753018317,new_lower_rho_same_seed_schedule,False,3,5.948047770770359,0.976,2928,0.02400000000000002,21.428571428571427,140,1,39,1.8548608806022784,False,-1.1041599822479577,False,ok,,0.0015005419845692813
14,5,Normal,3000,5,0.1,26,2026105726,7.052207753018317,new_lower_rho_same_seed_schedule,False,4,5.221115645042637,0.9366666666666666,2810,0.06333333333333335,10.273972602739725,292,1,104,2.225291029249965,False,-1.83109210797568,False,ok,,0.0013639589888043702
14,5,Normal,3000,5,0.1,26,2026105726,7.052207753018317,new_lower_rho_same_seed_schedule,False,5,4.258975281169104,0.8846666666666667,2654,0.11533333333333329,6.012024048096192,499,1,199,2.6029779583638812,False,-2.7932324718492128,False,ok,,0.001457874954212457
14,5,Normal,3000,5,0.1,26,2026105726,7.052207753018317,new_lower_rho_same_seed_schedule,False,6,3.148513993550465,0.7946666666666666,2384,0.20533333333333337,3.7926675094816686,791,1,376,2.8990729024418807,False,-3.9036937594678522,False,ok,,0.0015812080237083137
14,5,Normal,3000,5,0.1,26,2026105726,7.052207753018317,new_lower_rho_same_seed_schedule,False,7,2.005247211579995,0.6766666666666666,2030,0.32333333333333336,2.664298401420959,1126,1,606,2.9338387953570852,False,-5.046960541438322,False,ok,,0.0016649169847369194
14,5,Normal,3000,5,0.1,26,2026105726,7.052207753018317,new_lower_rho_same_seed_schedule,False,8,0.9861436500360187,0.529,1587,0.471,2.0380434782608696,1472,1,890,2.512203816314911,False,-6.066064102982298,False,ok,,0.0016823330079205334
14,5,Normal,3000,5,0.1,26,2026105726,7.052207753018317,new_lower_rho_same_seed_schedule,False,9,-0.15365682537792072,0.389,1167,0.611,1.6565433462175594,1811,1,1227,2.154102499983265,False,-7.205864578396238,False,ok,,0.0016698329709470272
14,5,Normal,3000,5,0.1,26,2026105726,7.052207753018317,new_lower_rho_same_seed_schedule,False,10,-1.1161918634259902,0.277,831,0.723,1.4527845036319613,2065,1,1506,1.7581767585028005,False,-8.168399616444308,False,ok,,0.0016209169989451766
14,5,Normal,3000,5,0.1,26,2026105726,7.052207753018317,new_lower_rho_same_seed_schedule,False,11,-1.8412080826426205,0.17166666666666666,515,0.8283333333333334,1.297016861219196,2313,1,1838,1.2486843323882488,False,-8.893415835660937,False,ok,,0.001545500010251999
14,5,Normal,3000,5,0.1,26,2026105726,7.052207753018317,new_lower_rho_same_seed_schedule,False,12,-2.4876311632847057,0.102,306,0.898,1.2077294685990339,2484,1,2086,0.8188474147243253,False,-9.539838916303022,False,ok,,0.001508333021774888
14,5,Normal,3000,5,0.1,26,2026105726,7.052207753018317,new_lower_rho_same_seed_schedule,False,13,-3.5838031821234697,0.06066666666666667,182,0.9393333333333334,1.1376564277588168,2637,1,2335,0.5449706847863823,False,-10.636010935141787,False,ok,,0.0013886660453863442
14,5,Normal,3000,5,0.1,26,2026105726,7.052207753018317,new_lower_rho_same_seed_schedule,False,14,-3.457682661286519,0.033,99,0.967,1.1017260374586852,2723,1,2477,0.36225685792465134,False,-10.509890414304836,False,ok,,0.0012095829588361084
14,5,Normal,3000,5,0.1,26,2026105726,7.052207753018317,new_lower_rho_same_seed_schedule,False,15,-4.1409278658544135,0.024666666666666667,74,0.9753333333333334,1.0737294201861132,2794,1,2611,0.2731888704309149,False,-11.19313561887273,False,ok,,0.001140250009484589
14,5,Normal,3000,5,0.1,26,2026105726,7.052207753018317,new_lower_rho_same_seed_schedule,False,16,-4.618549050577844,0.011333333333333334,34,0.9886666666666667,1.056710109193378,2839,1,2686,0.160047466432774,False,-11.670756803596161,False,ok,,0.0010909169795922935
14,5,Normal,3000,5,0.1,26,2026105726,7.052207753018317,new_lower_rho_same_seed_schedule,False,17,-4.213541642576811,0.008666666666666666,26,0.9913333333333333,1.0366275051831375,2894,1,2796,0.09565457766520104,False,-11.265749395595128,False,ok,,0.0010284580057486892
14,5,Normal,3000,5,0.1,26,2026105726,7.052207753018317,new_lower_rho_same_seed_schedule,False,18,-4.843563131950328,0.0033333333333333335,10,0.9966666666666667,1.0298661174047374,2913,1,2826,0.0580000000000001,False,-11.895770884968645,False,ok,,0.0010144590050913393
14,5,Normal,3000,5,0.1,26,2026105726,7.052207753018317,new_lower_rho_same_seed_schedule,False,19,-4.154480856787013,0.006666666666666667,20,0.9933333333333333,1.027749229188078,2919,1,2843,0.08319242413960969,False,-11.20668860980533,False,ok,,0.0009893749956972897
14,5,Normal,3000,5,0.1,26,2026105726,7.052207753018317,new_lower_rho_same_seed_schedule,False,20,-6.438511326847773,0.002,6,0.998,1.0204081632653061,2940,1,2880,0.04000000000000002,False,-13.49071907986609,False,ok,,0.0009636249742470682
14,5,Normal,3000,5,0.1,26,2026105726,7.052207753018317,new_lower_rho_same_seed_schedule,False,21,-5.2785254527959165,0.0033333333333333335,10,0.9966666666666667,1.017984390906006,2947,1,2896,0.04695862642846523,False,-12.330733205814234,False,ok,,0.0009568749810568988
14,5,Normal,3000,5,0.1,26,2026105726,7.052207753018317,new_lower_rho_same_seed_schedule,False,22,-5.34699148625498,0.0013333333333333333,4,0.9986666666666667,1.012829169480081,2962,1,2924,0.02533333333333332,False,-12.399199239273297,False,ok,,0.0009376250091008842
14,5,Normal,3000,5,0.1,26,2026105726,7.052207753018317,new_lower_rho_same_seed_schedule,False,23,-5.902819560728134,0.001,3,0.999,1.0067114093959733,2980,1,2960,0.013333333333333327,False,-12.955027313746452,False,ok,,0.0009212499717250466
14,5,Normal,3000,5,0.1,26,2026105726,7.052207753018317,new_lower_rho_same_seed_schedule,False,24,-5.214689627417957,0.0016666666666666668,5,0.9983333333333333,1.0104412260020208,2969,1,2938,0.020666666666666656,False,-12.266897380436273,False,ok,,0.0009328339947387576
14,5,Normal,3000,5,0.1,26,2026105726,7.052207753018317,new_lower_rho_same_seed_schedule,False,25,-7.419114263001425,0.0003333333333333333,1,0.9996666666666667,1.0056989607777405,2983,1,2966,0.011333333333333329,False,-14.47132201601974,False,ok,,0.0009067500359378755
14,5,Normal,3000,5,0.1,26,2026105726,7.052207753018317,new_lower_rho_same_seed_schedule,False,26,-4.567980177830439,0.0006666666666666666,2,0.9993333333333333,1.0060362173038229,2982,1,2964,0.011999999999999995,False,-11.620187930848756,False,ok,,0.0009117079898715019
14,5,Normal,3000,5,0.1,26,2026105726,7.052207753018317,new_lower_rho_same_seed_schedule,False,27,-6.465240996975331,0.0006666666666666666,2,0.9993333333333333,1.004352192835621,2987,1,2974,0.008666666666666666,False,-13.517448749993648,False,ok,,0.0009190419805236161
14,5,Normal,3000,5,0.1,26,2026105726,7.052207753018317,new_lower_rho_same_seed_schedule,False,28,-4.027398969541892,0.0003333333333333333,1,0.9996666666666667,1.0050251256281406,2985,1,2970,0.01,False,-11.079606722560209,False,ok,,0.0009178339969366789
14,5,Normal,3000,5,0.1,26,2026105726,7.052207753018317,new_lower_rho_same_seed_schedule,False,29,-7.593180218946387,0.001,3,0.999,1.004352192835621,2987,1,2974,0.008666666666666666,False,-14.645387971964704,False,ok,,0.000946124957408756
14,5,Normal,3000,5,0.1,26,2026105726,7.052207753018317,new_lower_rho_same_seed_schedule,False,30,-5.671359406046907,0.0003333333333333333,1,0.9996666666666667,1.0033444816053512,2990,1,2980,0.006666666666666667,False,-12.723567159065224,False,ok,,0.0010794159607030451
14,5,Normal,3000,5,0.1,26,2026105726,7.052207753018317,new_lower_rho_same_seed_schedule,False,31,-7.419114263001425,0.0003333333333333333,1,0.9996666666666667,1.001669449081803,2995,1,2990,0.0033333333333333335,False,-14.47132201601974,False,ok,,0.001106542011257261
14,5,Normal,3000,5,0.1,26,2026105726,7.052207753018317,new_lower_rho_same_seed_schedule,False,32,-5.671359406046907,0.0003333333333333333,1,0.9996666666666667,1.0013351134846462,2996,1,2992,0.002666666666666667,False,-12.723567159065224,False,ok,,0.0010025830124504864
14,5,Normal,3000,5,0.1,26,2026105726,7.052207753018317,new_lower_rho_same_seed_schedule,False,33,-7.33911842545259,0.0006666666666666666,2,0.9993333333333333,1.0036801605888257,2989,1,2978,0.007333333333333333,False,-14.391326178470907,False,ok,,0.001020332972984761
14,5,Normal,3000,5,0.1,26,2026105726,7.052207753018317,new_lower_rho_same_seed_schedule,False,34,0.0,0.0,0,1.0,1.001669449081803,2995,1,2990,0.0033333333333333335,False,-7.052207753018317,True,ok,,0.0009937499999068677
14,5,Normal,3000,5,0.1,26,2026105726,7.052207753018317,new_lower_rho_same_seed_schedule,False,35,0.0,0.0,0,1.0,1.002004008016032,2994,1,2988,0.004,False,-7.052207753018317,True,ok,,0.0009677080088295043
14,5,Normal,3000,5,0.1,26,2026105726,7.052207753018317,new_lower_rho_same_seed_schedule,False,36,-4.989545582986322,0.0003333333333333333,1,0.9996666666666667,1.0013351134846462,2996,1,2992,0.002666666666666667,False,-12.04175333600464,False,ok,,0.0009567500092089176
14,5,Normal,3000,5,0.1,26,2026105726,7.052207753018317,new_lower_rho_same_seed_schedule,False,37,0.0,0.0,0,1.0,1.0003334444814937,2999,1,2998,0.0006666666666666665,False,-7.052207753018317,True,ok,,0.0009262080420739949
14,5,Normal,3000,5,0.1,26,2026105726,7.052207753018317,new_lower_rho_same_seed_schedule,False,38,0.0,0.0,0,1.0,1.001669449081803,2995,1,2990,0.0033333333333333335,False,-7.052207753018317,True,ok,,0.0009189999545924366
14,5,Normal,3000,5,0.1,26,2026105726,7.052207753018317,new_lower_rho_same_seed_schedule,False,39,0.0,0.0,0,1.0,1.0003334444814937,2999,1,2998,0.0006666666666666665,False,-7.052207753018317,True,ok,,0.0009049999644048512
14,5,Normal,3000,5,0.1,26,2026105726,7.052207753018317,new_lower_rho_same_seed_schedule,False,40,0.0,0.0,0,1.0,1.001001001001001,2997,1,2994,0.002,False,-7.052207753018317,True,ok,,0.0009079999872483313
14,5,Normal,3000,5,0.1,27,2026105727,7.052207753018317,new_lower_rho_same_seed_schedule,False,1,6.997781796624409,1.0,3000,0.0,3000.0,1,3000,0,1.1472535463695308,False,-0.05442595639390824,False,ok,,0.0011889589950442314
14,5,Normal,3000,5,0.1,27,2026105727,7.052207753018317,new_lower_rho_same_seed_schedule,False,2,6.442297068192825,1.0,3000,0.0,93.75,32,16,0,1.659739580595699,False,-0.6099106848254925,False,ok,,0.0011225830530747771
14,5,Normal,3000,5,0.1,27,2026105727,7.052207753018317,new_lower_rho_same_seed_schedule,False,3,5.888304999471644,0.9773333333333334,2932,0.022666666666666613,21.58273381294964,139,1,40,1.8816959552363817,False,-1.1639027535466733,False,ok,,0.0012450420181266963
14,5,Normal,3000,5,0.1,27,2026105727,7.052207753018317,new_lower_rho_same_seed_schedule,False,4,5.14724816149622,0.9356666666666666,2807,0.06433333333333335,10.0,300,1,115,2.26914606489076,False,-1.904959591522097,False,ok,,0.00148583302507177
14,5,Normal,3000,5,0.1,27,2026105727,7.052207753018317,new_lower_rho_same_seed_schedule,False,5,4.149653892551615,0.8756666666666667,2627,0.1243333333333333,5.7915057915057915,518,1,211,2.6294358752743934,False,-2.9025538604667025,False,ok,,0.001659541972912848
14,5,Normal,3000,5,0.1,27,2026105727,7.052207753018317,new_lower_rho_same_seed_schedule,False,6,3.0849654709188643,0.7926666666666666,2378,0.20733333333333337,3.7220843672456576,806,1,386,2.857949971170026,False,-3.967242282099453,False,ok,,0.001620125025510788
14,5,Normal,3000,5,0.1,27,2026105727,7.052207753018317,new_lower_rho_same_seed_schedule,False,7,2.014031347927269,0.6663333333333333,1999,0.33366666666666667,2.6132404181184667,1148,1,642,2.806343601406835,False,-5.038176405091049,False,ok,,0.0016767499619163573
14,5,Normal,3000,5,0.1,27,2026105727,7.052207753018317,new_lower_rho_same_seed_schedule,False,8,0.7009467758705064,0.539,1617,0.46099999999999997,2.0338983050847457,1475,1,896,2.655443253974377,False,-6.351260977147811,False,ok,,0.0017262090113945305
14,5,Normal,3000,5,0.1,27,2026105727,7.052207753018317,new_lower_rho_same_seed_schedule,False,9,-0.36669238565720724,0.4023333333333333,1207,0.5976666666666667,1.6675931072818233,1799,1,1208,2.3388794544378153,False,-7.418900138675524,False,ok,,0.0017111250199377537
14,5,Normal,3000,5,0.1,27,2026105727,7.052207753018317,new_lower_rho_same_seed_schedule,False,10,-1.2690980131914076,0.265,795,0.735,1.4478764478764479,2072,1,1492,1.7845472991806612,False,-8.321305766209726,False,ok,,0.001702916983049363
14,5,Normal,3000,5,0.1,27,2026105727,7.052207753018317,new_lower_rho_same_seed_schedule,False,11,-1.938675350226682,0.16533333333333333,496,0.8346666666666667,1.2998266897746966,2308,1,1819,1.1832820105829238,False,-8.990883103244999,False,ok,,0.0016069160192273557
14,5,Normal,3000,5,0.1,27,2026105727,7.052207753018317,new_lower_rho_same_seed_schedule,False,12,-2.7607609511171356,0.09866666666666667,296,0.9013333333333333,1.195695496213631,2509,1,2125,0.8044339101239991,False,-9.812968704135454,False,ok,,0.0015106250066310167
14,5,Normal,3000,5,0.1,27,2026105727,7.052207753018317,new_lower_rho_same_seed_schedule,False,13,-3.0723875850863744,0.06133333333333333,184,0.9386666666666666,1.1402508551881414,2631,1,2322,0.5640653735097239,False,-10.124595338104692,False,ok,,0.0014848749851807952
14,5,Normal,3000,5,0.1,27,2026105727,7.052207753018317,new_lower_rho_same_seed_schedule,False,14,-3.5943643059420314,0.03866666666666667,116,0.9613333333333334,1.095290251916758,2739,1,2513,0.38384104334145386,False,-10.646572058960349,False,ok,,0.0013182080001570284
14,5,Normal,3000,5,0.1,27,2026105727,7.052207753018317,new_lower_rho_same_seed_schedule,False,15,-3.9329811230855674,0.017666666666666667,53,0.9823333333333333,1.0725777618877368,2797,1,2609,0.22585812150678464,False,-10.985188876103884,False,ok,,0.001196625002194196
14,5,Normal,3000,5,0.1,27,2026105727,7.052207753018317,new_lower_rho_same_seed_schedule,False,16,-4.068263227757737,0.012,36,0.988,1.048584411045089,2861,1,2732,0.15128587344667233,False,-11.120470980776055,False,ok,,0.0010954589815810323
14,5,Normal,3000,5,0.1,27,2026105727,7.052207753018317,new_lower_rho_same_seed_schedule,False,17,-4.511115915166895,0.009666666666666667,29,0.9903333333333333,1.0362694300518134,2895,1,2798,0.11287348910312102,False,-11.563323668185213,False,ok,,0.0010493750451132655
14,5,Normal,3000,5,0.1,27,2026105727,7.052207753018317,new_lower_rho_same_seed_schedule,False,18,-4.4093238017884335,0.005,15,0.995,1.0309278350515463,2910,1,2825,0.09013951135508935,False,-11.46153155480675,False,ok,,0.001028665981721133
14,5,Normal,3000,5,0.1,27,2026105727,7.052207753018317,new_lower_rho_same_seed_schedule,False,19,-4.975600208215964,0.004,12,0.996,1.0211027910142954,2938,1,2879,0.05906297215258429,False,-12.02780796123428,False,ok,,0.0011002079700119793
14,5,Normal,3000,5,0.1,27,2026105727,7.052207753018317,new_lower_rho_same_seed_schedule,False,20,-7.1923189718607645,0.0003333333333333333,1,0.9996666666666667,1.0166045408336157,2951,1,2902,0.032666666666666656,False,-14.244526724879082,False,ok,,0.0009738749940879643
14,5,Normal,3000,5,0.1,27,2026105727,7.052207753018317,new_lower_rho_same_seed_schedule,False,21,-6.572243993467287,0.0006666666666666666,2,0.9993333333333333,1.0111223458038423,2967,1,2934,0.02199999999999999,False,-13.624451746485605,False,ok,,0.0009476669947616756
14,5,Normal,3000,5,0.1,27,2026105727,7.052207753018317,new_lower_rho_same_seed_schedule,False,22,-2.785067226951282,0.0006666666666666666,2,0.9993333333333333,1.0084033613445378,2975,1,2950,0.01666666666666666,False,-9.8372749799696,False,ok,,0.0009343749843537807
14,5,Normal,3000,5,0.1,27,2026105727,7.052207753018317,new_lower_rho_same_seed_schedule,False,23,-6.695953077093601,0.0006666666666666666,2,0.9993333333333333,1.0097610232245036,2971,1,2942,0.019333333333333324,False,-13.748160830111917,False,ok,,0.0009362909477204084
14,5,Normal,3000,5,0.1,27,2026105727,7.052207753018317,new_lower_rho_same_seed_schedule,False,24,0.0,0.0,0,1.0,1.0067114093959733,2980,1,2960,0.013333333333333327,False,-7.052207753018317,True,ok,,0.000910333008505404
14,5,Normal,3000,5,0.1,27,2026105727,7.052207753018317,new_lower_rho_same_seed_schedule,False,25,-6.142647285568101,0.0003333333333333333,1,0.9996666666666667,1.0056989607777405,2983,1,2966,0.011333333333333329,False,-13.194855038586418,False,ok,,0.0009072090033441782
14,5,Normal,3000,5,0.1,27,2026105727,7.052207753018317,new_lower_rho_same_seed_schedule,False,26,0.0,0.0,0,1.0,1.0040160642570282,2988,1,2976,0.008,False,-7.052207753018317,True,ok,,0.0009030000073835254
14,5,Normal,3000,5,0.1,27,2026105727,7.052207753018317,new_lower_rho_same_seed_schedule,False,27,0.0,0.0,0,1.0,1.0026737967914439,2992,1,2984,0.005333333333333333,False,-7.052207753018317,True,ok,,0.0008962079882621765
14,5,Normal,3000,5,0.1,27,2026105727,7.052207753018317,new_lower_rho_same_seed_schedule,False,28,-6.695953077093601,0.0006666666666666666,2,0.9993333333333333,1.0030090270812437,2991,1,2982,0.005999999999999998,False,-13.748160830111917,False,ok,,0.0009252500021830201
14,5,Normal,3000,5,0.1,27,2026105727,7.052207753018317,new_lower_rho_same_seed_schedule,False,29,0.0,0.0,0,1.0,1.0013351134846462,2996,1,2992,0.0026666666666666666,False,-7.052207753018317,True,ok,,0.0010146659915335476
14,5,Normal,3000,5,0.1,27,2026105727,7.052207753018317,new_lower_rho_same_seed_schedule,False,30,-7.954110799985772,0.0003333333333333333,1,0.9996666666666667,1.0026737967914439,2992,1,2984,0.005333333333333332,False,-15.006318553004089,False,ok,,0.0012092079850845039
14,5,Normal,3000,5,0.1,27,2026105727,7.052207753018317,new_lower_rho_same_seed_schedule,False,31,0.0,0.0,0,1.0,1.0006671114076051,2998,1,2996,0.0013333333333333329,False,-7.052207753018317,True,ok,,0.0010892919963225722
14,5,Normal,3000,5,0.1,27,2026105727,7.052207753018317,new_lower_rho_same_seed_schedule,False,32,-7.954110799985772,0.0003333333333333333,1,0.9996666666666667,1.002004008016032,2994,1,2988,0.003999999999999998,False,-15.006318553004089,False,ok,,0.0011559590348042548
14,5,Normal,3000,5,0.1,27,2026105727,7.052207753018317,new_lower_rho_same_seed_schedule,False,33,0.0,0.0,0,1.0,1.001001001001001,2997,1,2994,0.002,False,-7.052207753018317,True,ok,,0.001031583989970386
14,5,Normal,3000,5,0.1,27,2026105727,7.052207753018317,new_lower_rho_same_seed_schedule,False,34,0.0,0.0,0,1.0,1.0006671114076051,2998,1,2996,0.001333333333333333,False,-7.052207753018317,True,ok,,0.0010140829836018384
14,5,Normal,3000,5,0.1,27,2026105727,7.052207753018317,new_lower_rho_same_seed_schedule,False,35,-7.954110799985772,0.0003333333333333333,1,0.9996666666666667,1.001669449081803,2995,1,2990,0.003333333333333332,False,-15.006318553004089,False,ok,,0.0009812500211410224
14,5,Normal,3000,5,0.1,27,2026105727,7.052207753018317,new_lower_rho_same_seed_schedule,False,36,0.0,0.0,0,1.0,1.001669449081803,2995,1,2990,0.003333333333333333,False,-7.052207753018317,True,ok,,0.000957417010795325
14,5,Normal,3000,5,0.1,27,2026105727,7.052207753018317,new_lower_rho_same_seed_schedule,False,37,0.0,0.0,0,1.0,1.0006671114076051,2998,1,2996,0.0013333333333333326,False,-7.052207753018317,True,ok,,0.0009424169547855854
14,5,Normal,3000,5,0.1,27,2026105727,7.052207753018317,new_lower_rho_same_seed_schedule,False,38,-5.43779535420143,0.0003333333333333333,1,0.9996666666666667,1.0013351134846462,2996,1,2992,0.0026666666666666666,False,-12.490003107219747,False,ok,,0.0009398750262334943
14,5,Normal,3000,5,0.1,27,2026105727,7.052207753018317,new_lower_rho_same_seed_schedule,False,39,0.0,0.0,0,1.0,1.0003334444814937,2999,1,2998,0.0006666666666666664,False,-7.052207753018317,True,ok,,0.0009294169722124934
14,5,Normal,3000,5,0.1,27,2026105727,7.052207753018317,new_lower_rho_same_seed_schedule,False,40,0.0,0.0,0,1.0,1.0003334444814937,2999,1,2998,0.0006666666666666668,False,-7.052207753018317,True,ok,,0.0009234169847331941
14,5,Normal,3000,5,0.1,28,2026105728,7.052207753018317,new_lower_rho_same_seed_schedule,False,1,7.080877936194445,1.0,3000,0.0,3000.0,1,3000,0,1.1429245519080362,False,0.028670183176127573,False,ok,,0.0011602910235524178
14,5,Normal,3000,5,0.1,28,2026105728,7.052207753018317,new_lower_rho_same_seed_schedule,False,2,6.510146822009371,1.0,3000,0.0,93.75,32,43,0,1.6855353828172774,False,-0.5420609310089466,False,ok,,0.0010323330061510205
14,5,Normal,3000,5,0.1,28,2026105728,7.052207753018317,new_lower_rho_same_seed_schedule,False,3,5.87685236955828,0.9726666666666667,2918,0.02733333333333332,18.867924528301888,159,1,42,1.9056678277192591,False,-1.1753553834600368,False,ok,,0.0012144159991294146
14,5,Normal,3000,5,0.1,28,2026105728,7.052207753018317,new_lower_rho_same_seed_schedule,False,4,5.065351611680434,0.937,2811,0.06299999999999994,9.646302250803858,311,1,102,2.355742557474424,False,-1.9868561413378831,False,ok,,0.0013087910483591259
14,5,Normal,3000,5,0.1,28,2026105728,7.052207753018317,new_lower_rho_same_seed_schedule,False,5,3.990834450874603,0.859,2577,0.14100000000000001,5.244755244755245,572,1,235,2.7071420816989833,False,-3.061373302143714,False,ok,,0.0017195420223288238
14,5,Normal,3000,5,0.1,28,2026105728,7.052207753018317,new_lower_rho_same_seed_schedule,False,6,2.987379601898583,0.7596666666666667,2279,0.2403333333333333,3.409090909090909,880,1,448,2.8468201054975126,False,-4.064828151119734,False,ok,,0.0016692080534994602
14,5,Normal,3000,5,0.1,28,2026105728,7.052207753018317,new_lower_rho_same_seed_schedule,False,7,1.851277040730354,0.643,1929,0.357,2.5041736227045077,1198,1,666,2.8450264917226904,False,-5.200930712287963,False,ok,,0.0016623340197838843
14,5,Normal,3000,5,0.1,28,2026105728,7.052207753018317,new_lower_rho_same_seed_schedule,False,8,0.6288684736609111,0.49766666666666665,1493,0.5023333333333333,1.9367333763718528,1549,1,944,2.590335072467916,False,-6.423339279357406,False,ok,,0.0017020420054905117
14,5,Normal,3000,5,0.1,28,2026105728,7.052207753018317,new_lower_rho_same_seed_schedule,False,9,-0.3943018661520363,0.3463333333333333,1039,0.6536666666666666,1.5847860538827259,1893,1,1311,2.005284327504503,False,-7.446509619170353,False,ok,,0.0016428750241175294
14,5,Normal,3000,5,0.1,28,2026105728,7.052207753018317,new_lower_rho_same_seed_schedule,False,10,-1.305126674446394,0.22466666666666665,674,0.7753333333333333,1.3805798435342844,2173,1,1641,1.536365320819256,False,-8.35733442746471,False,ok,,0.0015606670058332384
14,5,Normal,3000,5,0.1,28,2026105728,7.052207753018317,new_lower_rho_same_seed_schedule,False,11,-1.5446703413081497,0.138,414,0.862,1.2547051442910917,2391,1,1959,1.015687495139302,False,-8.596878094326467,False,ok,,0.0014362080255523324
14,5,Normal,3000,5,0.1,28,2026105728,7.052207753018317,new_lower_rho_same_seed_schedule,False,12,-2.889385281110661,0.08266666666666667,248,0.9173333333333333,1.1677695601401323,2569,1,2225,0.7029711173802559,False,-9.941593034128978,False,ok,,0.0013331249938346446
14,5,Normal,3000,5,0.1,28,2026105728,7.052207753018317,new_lower_rho_same_seed_schedule,False,13,-3.243329793047179,0.04933333333333333,148,0.9506666666666667,1.1144130757800892,2692,1,2432,0.461860741579791,False,-10.295537546065496,False,ok,,0.001241207995917648
14,5,Normal,3000,5,0.1,28,2026105728,7.052207753018317,new_lower_rho_same_seed_schedule,False,14,-3.653905545094684,0.035666666666666666,107,0.9643333333333334,1.0865628395508873,2761,1,2556,0.327563662248707,False,-10.706113298113001,False,ok,,0.0011675829882733524
14,5,Normal,3000,5,0.1,28,2026105728,7.052207753018317,new_lower_rho_same_seed_schedule,False,15,-3.9452504022758035,0.012,36,0.988,1.0623229461756374,2824,1,2656,0.16433466233489383,False,-10.99745815529412,False,ok,,0.0012163330102339387
14,5,Normal,3000,5,0.1,28,2026105728,7.052207753018317,new_lower_rho_same_seed_schedule,False,16,-4.252193738160206,0.006666666666666667,20,0.9933333333333333,1.0420284821118444,2879,1,2762,0.10905529526225127,False,-11.304401491178524,False,ok,,0.0011913339840248227
14,5,Normal,3000,5,0.1,28,2026105728,7.052207753018317,new_lower_rho_same_seed_schedule,False,17,-5.099972218593432,0.009,27,0.991,1.0327022375215147,2905,1,2817,0.10265736359644745,False,-12.15217997161175,False,ok,,0.0011323329526931047
14,5,Normal,3000,5,0.1,28,2026105728,7.052207753018317,new_lower_rho_same_seed_schedule,False,18,-4.928812935692671,0.004333333333333333,13,0.9956666666666667,1.0281014393420151,2918,1,2839,0.075242747188741,False,-11.981020688710988,False,ok,,0.00105720799183473
14,5,Normal,3000,5,0.1,28,2026105728,7.052207753018317,new_lower_rho_same_seed_schedule,False,19,-4.835459068939943,0.0013333333333333333,4,0.9986666666666667,1.017984390906006,2947,1,2895,0.04124033700409408,False,-11.887666821958259,False,ok,,0.0010081669897772372
14,5,Normal,3000,5,0.1,28,2026105728,7.052207753018317,new_lower_rho_same_seed_schedule,False,20,-3.7077174462206886,0.0026666666666666666,8,0.9973333333333333,1.015916017609211,2953,1,2907,0.036195422953938836,False,-10.759925199239007,False,ok,,0.0009768750169314444
14,5,Normal,3000,5,0.1,28,2026105728,7.052207753018317,new_lower_rho_same_seed_schedule,False,21,-4.459633397847022,0.003,9,0.997,1.0148849797023005,2956,1,2914,0.04114150698725274,False,-11.51184115086534,False,ok,,0.0009681670344434679
14,5,Normal,3000,5,0.1,28,2026105728,7.052207753018317,new_lower_rho_same_seed_schedule,False,22,-3.1073645754822334,0.001,3,0.999,1.0104412260020208,2969,1,2938,0.020666666666666656,False,-10.15957232850055,False,ok,,0.0009513749973848462
14,5,Normal,3000,5,0.1,28,2026105728,7.052207753018317,new_lower_rho_same_seed_schedule,False,23,-5.820969714542002,0.0006666666666666666,2,0.9993333333333333,1.0050251256281406,2985,1,2970,0.009999999999999995,False,-12.87317746756032,False,ok,,0.000931000045966357
14,5,Normal,3000,5,0.1,28,2026105728,7.052207753018317,new_lower_rho_same_seed_schedule,False,24,-7.288885000395221,0.0006666666666666666,2,0.9993333333333333,1.0080645161290323,2976,1,2952,0.015999999999999993,False,-14.341092753413538,False,ok,,0.0009373329812660813
14,5,Normal,3000,5,0.1,28,2026105728,7.052207753018317,new_lower_rho_same_seed_schedule,False,25,-5.644320478809267,0.0003333333333333333,1,0.9996666666666667,1.0063737001006374,2981,1,2962,0.012666666666666663,False,-12.696528231827585,False,ok,,0.0009343330166302621
14,5,Normal,3000,5,0.1,28,2026105728,7.052207753018317,new_lower_rho_same_seed_schedule,False,26,-5.260003636319544,0.0003333333333333333,1,0.9996666666666667,1.0036801605888257,2989,1,2978,0.007333333333333332,False,-12.312211389337861,False,ok,,0.000917541969101876
14,5,Normal,3000,5,0.1,28,2026105728,7.052207753018317,new_lower_rho_same_seed_schedule,False,27,-4.178876727576341,0.0003333333333333333,1,0.9996666666666667,1.0040160642570282,2988,1,2976,0.007999999999999998,False,-11.231084480594658,False,ok,,0.0009116670116782188
14,5,Normal,3000,5,0.1,28,2026105728,7.052207753018317,new_lower_rho_same_seed_schedule,False,28,-6.209516843675047,0.0013333333333333333,4,0.9986666666666667,1.0030090270812437,2991,1,2983,0.01275856134833983,False,-13.261724596693364,False,ok,,0.0009120000177063048
14,5,Normal,3000,5,0.1,28,2026105728,7.052207753018317,new_lower_rho_same_seed_schedule,False,29,0.0,0.0,0,1.0,1.002004008016032,2994,1,2988,0.004,False,-7.052207753018317,True,ok,,0.000902750005479902
14,5,Normal,3000,5,0.1,28,2026105728,7.052207753018317,new_lower_rho_same_seed_schedule,False,30,0.0,0.0,0,1.0,1.002004008016032,2994,1,2988,0.003999999999999999,False,-7.052207753018317,True,ok,,0.0009024160099215806
14,5,Normal,3000,5,0.1,28,2026105728,7.052207753018317,new_lower_rho_same_seed_schedule,False,31,-3.175964760815747,0.0003333333333333333,1,0.9996666666666667,1.0006671114076051,2998,1,2996,0.001333333333333333,False,-10.228172513834064,False,ok,,0.0008966250461526215
14,5,Normal,3000,5,0.1,28,2026105728,7.052207753018317,new_lower_rho_same_seed_schedule,False,32,0.0,0.0,0,1.0,1.0003334444814937,2999,1,2998,0.0006666666666666665,False,-7.052207753018317,True,ok,,0.0009047089843079448
14,5,Normal,3000,5,0.1,28,2026105728,7.052207753018317,new_lower_rho_same_seed_schedule,False,33,0.0,0.0,0,1.0,1.001001001001001,2997,1,2994,0.002,False,-7.052207753018317,True,ok,,0.0009133749990724027
14,5,Normal,3000,5,0.1,28,2026105728,7.052207753018317,new_lower_rho_same_seed_schedule,False,34,0.0,0.0,0,1.0,1.0006671114076051,2998,1,2996,0.001333333333333333,False,-7.052207753018317,True,ok,,0.0010792080429382622
14,5,Normal,3000,5,0.1,28,2026105728,7.052207753018317,new_lower_rho_same_seed_schedule,False,35,0.0,0.0,0,1.0,1.0013351134846462,2996,1,2992,0.0026666666666666666,False,-7.052207753018317,True,ok,,0.0011312919668853283
14,5,Normal,3000,5,0.1,28,2026105728,7.052207753018317,new_lower_rho_same_seed_schedule,False,36,0.0,0.0,0,1.0,1.0,3000,1,3000,0.0,False,-7.052207753018317,True,ok,,0.0010048749973066151
14,5,Normal,3000,5,0.1,28,2026105728,7.052207753018317,new_lower_rho_same_seed_schedule,False,37,0.0,0.0,0,1.0,1.0003334444814937,2999,1,2998,0.0006666666666666664,False,-7.052207753018317,True,ok,,0.0009804159635677934
14,5,Normal,3000,5,0.1,28,2026105728,7.052207753018317,new_lower_rho_same_seed_schedule,False,38,0.0,0.0,0,1.0,1.0006671114076051,2998,1,2996,0.0013333333333333326,False,-7.052207753018317,True,ok,,0.0010344579932279885
14,5,Normal,3000,5,0.1,28,2026105728,7.052207753018317,new_lower_rho_same_seed_schedule,False,39,0.0,0.0,0,1.0,1.0003334444814937,2999,1,2998,0.0006666666666666664,False,-7.052207753018317,True,ok,,0.000943582970649004
14,5,Normal,3000,5,0.1,28,2026105728,7.052207753018317,new_lower_rho_same_seed_schedule,False,40,0.0,0.0,0,1.0,1.0003334444814937,2999,1,2998,0.0006666666666666666,False,-7.052207753018317,True,ok,,0.0009282079990953207
14,5,Normal,3000,5,0.1,29,2026105729,7.052207753018317,new_lower_rho_same_seed_schedule,False,1,7.0395122817908415,1.0,3000,0.0,3000.0,1,3000,0,1.1412908679738492,False,-0.012695471227475608,False,ok,,0.0011559170088730752
14,5,Normal,3000,5,0.1,29,2026105729,7.052207753018317,new_lower_rho_same_seed_schedule,False,2,6.4649112370091535,1.0,3000,0.0,93.75,32,23,0,1.6762515142975092,False,-0.5872965160091637,False,ok,,0.0010828330414369702
14,5,Normal,3000,5,0.1,29,2026105729,7.052207753018317,new_lower_rho_same_seed_schedule,False,3,5.850156670400616,0.9736666666666667,2921,0.02633333333333332,19.736842105263158,152,1,41,1.9665685668586712,False,-1.202051082617701,False,ok,,0.0011926660081371665
14,5,Normal,3000,5,0.1,29,2026105729,7.052207753018317,new_lower_rho_same_seed_schedule,False,4,5.042992346857292,0.9306666666666666,2792,0.06933333333333336,9.25925925925926,324,1,115,2.336716838950286,False,-2.009215406161025,False,ok,,0.0012799999676644802
14,5,Normal,3000,5,0.1,29,2026105729,7.052207753018317,new_lower_rho_same_seed_schedule,False,5,3.99968277554791,0.8476666666666667,2543,0.15233333333333332,5.154639175257732,582,1,237,2.6974855974033924,False,-3.0525249774704073,False,ok,,0.0014260000316426158
14,5,Normal,3000,5,0.1,29,2026105729,7.052207753018317,new_lower_rho_same_seed_schedule,False,6,2.8788711482554863,0.761,2283,0.239,3.4324942791762014,874,1,411,2.8928390112722657,False,-4.173336604762831,False,ok,,0.0017992079956457019
14,5,Normal,3000,5,0.1,29,2026105729,7.052207753018317,new_lower_rho_same_seed_schedule,False,7,1.5046535327124573,0.6173333333333333,1852,0.3826666666666667,2.388535031847134,1256,1,686,2.82667420299027,False,-5.54755422030586,False,ok,,0.0020749170216731727
14,5,Normal,3000,5,0.1,29,2026105729,7.052207753018317,new_lower_rho_same_seed_schedule,False,8,0.398725615473964,0.478,1434,0.522,1.876172607879925,1599,1,984,2.5422776060674894,False,-6.653482137544353,False,ok,,0.0019047500099986792
14,5,Normal,3000,5,0.1,29,2026105729,7.052207753018317,new_lower_rho_same_seed_schedule,False,9,-0.7008676270759872,0.3383333333333333,1015,0.6616666666666666,1.5535991714137753,1931,1,1342,2.1046552691880698,False,-7.753075380094304,False,ok,,0.0017827499541454017
14,5,Normal,3000,5,0.1,29,2026105729,7.052207753018317,new_lower_rho_same_seed_schedule,False,10,-1.8100741810546956,0.20366666666666666,611,0.7963333333333333,1.342281879194631,2235,1,1718,1.4757926045956438,False,-8.862281934073012,False,ok,,0.001587958016898483
14,5,Normal,3000,5,0.1,29,2026105729,7.052207753018317,new_lower_rho_same_seed_schedule,False,11,-2.217178135023195,0.12733333333333333,382,0.8726666666666667,1.2285012285012284,2442,1,2030,0.9901665389939959,False,-9.269385888041512,False,ok,,0.001435082987882197
14,5,Normal,3000,5,0.1,29,2026105729,7.052207753018317,new_lower_rho_same_seed_schedule,False,12,-3.0743499193178807,0.05466666666666667,164,0.9453333333333334,1.1424219345011424,2626,1,2308,0.5378012146205675,False,-10.126557672336197,False,ok,,0.0013094579917378724
14,5,Normal,3000,5,0.1,29,2026105729,7.052207753018317,new_lower_rho_same_seed_schedule,False,13,-3.3361955692755525,0.047,141,0.953,1.1102886750555145,2702,1,2452,0.4232986996737368,False,-10.38840332229387,False,ok,,0.0012432909570634365
14,5,Normal,3000,5,0.1,29,2026105729,7.052207753018317,new_lower_rho_same_seed_schedule,False,14,-3.677936941154182,0.026333333333333334,79,0.9736666666666667,1.079913606911447,2778,1,2582,0.2802067261643448,False,-10.730144694172498,False,ok,,0.0011666250065900385
14,5,Normal,3000,5,0.1,29,2026105729,7.052207753018317,new_lower_rho_same_seed_schedule,False,15,-4.242687036931966,0.010333333333333333,31,0.9896666666666667,1.051156271899089,2854,1,2716,0.15022556994508604,False,-11.294894789950284,False,ok,,0.0011742920032702386
14,5,Normal,3000,5,0.1,29,2026105729,7.052207753018317,new_lower_rho_same_seed_schedule,False,16,-4.212649506636127,0.010666666666666666,32,0.9893333333333333,1.0467550593161201,2866,1,2740,0.13683428008462928,False,-11.264857259654445,False,ok,,0.001269125030376017
14,5,Normal,3000,5,0.1,29,2026105729,7.052207753018317,new_lower_rho_same_seed_schedule,False,17,-4.344099448429823,0.0023333333333333335,7,0.9976666666666667,1.0263427984946973,2923,1,2847,0.05763692601816976,False,-11.39630720144814,False,ok,,0.0012652919976972044
14,5,Normal,3000,5,0.1,29,2026105729,7.052207753018317,new_lower_rho_same_seed_schedule,False,18,-3.8638796079811457,0.0023333333333333335,7,0.9976666666666667,1.0186757215619695,2945,1,2890,0.036666666666666674,False,-10.916087360999462,False,ok,,0.0011740830377675593
14,5,Normal,3000,5,0.1,29,2026105729,7.052207753018317,new_lower_rho_same_seed_schedule,False,19,-5.284275354931178,0.004,12,0.996,1.0166045408336157,2951,1,2904,0.04359087797051522,False,-12.336483107949494,False,ok,,0.0010689999908208847
14,5,Normal,3000,5,0.1,29,2026105729,7.052207753018317,new_lower_rho_same_seed_schedule,False,20,-5.26922740137895,0.0003333333333333333,1,0.9996666666666667,1.013856032443393,2959,1,2918,0.027333333333333317,False,-12.321435154397268,False,ok,,0.0010487500112503767
14,5,Normal,3000,5,0.1,29,2026105729,7.052207753018317,new_lower_rho_same_seed_schedule,False,21,-6.2000909606387395,0.0023333333333333335,7,0.9976666666666667,1.0124873439082012,2963,1,2927,0.030566760354481446,False,-13.252298713657057,False,ok,,0.0010412080446258187
14,5,Normal,3000,5,0.1,29,2026105729,7.052207753018317,new_lower_rho_same_seed_schedule,False,22,-7.746677815433148,0.0003333333333333333,1,0.9996666666666667,1.0077258985555928,2977,1,2954,0.015333333333333327,False,-14.798885568451464,False,ok,,0.0010400829487480223
14,5,Normal,3000,5,0.1,29,2026105729,7.052207753018317,new_lower_rho_same_seed_schedule,False,23,-5.238119674035843,0.0013333333333333333,4,0.9986666666666667,1.007387508394896,2978,1,2956,0.014666666666666658,False,-12.29032742705416,False,ok,,0.0010808339575305581
14,5,Normal,3000,5,0.1,29,2026105729,7.052207753018317,new_lower_rho_same_seed_schedule,False,24,-7.176998326525037,0.0003333333333333333,1,0.9996666666666667,1.0046885465505693,2986,1,2972,0.009333333333333332,False,-14.229206079543355,False,ok,,0.0010305000469088554
14,5,Normal,3000,5,0.1,29,2026105729,7.052207753018317,new_lower_rho_same_seed_schedule,False,25,0.0,0.0,0,1.0,1.0030090270812437,2991,1,2982,0.005999999999999999,False,-7.052207753018317,True,ok,,0.0010712500079534948
14,5,Normal,3000,5,0.1,29,2026105729,7.052207753018317,new_lower_rho_same_seed_schedule,False,26,-5.598513413852447,0.0006666666666666666,2,0.9993333333333333,1.0063737001006374,2981,1,2962,0.012666666666666661,False,-12.650721166870763,False,ok,,0.001067417033482343
14,5,Normal,3000,5,0.1,29,2026105729,7.052207753018317,new_lower_rho_same_seed_schedule,False,27,-6.222362333665183,0.0003333333333333333,1,0.9996666666666667,1.001669449081803,2995,1,2990,0.0033333333333333335,False,-13.2745700866835,False,ok,,0.0009661669610068202
14,5,Normal,3000,5,0.1,29,2026105729,7.052207753018317,new_lower_rho_same_seed_schedule,False,28,0.0,0.0,0,1.0,1.0026737967914439,2992,1,2984,0.005333333333333334,False,-7.052207753018317,True,ok,,0.0009519580053165555
14,5,Normal,3000,5,0.1,29,2026105729,7.052207753018317,new_lower_rho_same_seed_schedule,False,29,0.0,0.0,0,1.0,1.002004008016032,2994,1,2988,0.004000000000000001,False,-7.052207753018317,True,ok,,0.0009606669773347676
14,5,Normal,3000,5,0.1,29,2026105729,7.052207753018317,new_lower_rho_same_seed_schedule,False,30,0.0,0.0,0,1.0,1.001669449081803,2995,1,2990,0.0033333333333333322,False,-7.052207753018317,True,ok,,0.0009644579840824008
14,5,Normal,3000,5,0.1,29,2026105729,7.052207753018317,new_lower_rho_same_seed_schedule,False,31,-6.881268523153489,0.0003333333333333333,1,0.9996666666666667,1.001669449081803,2995,1,2990,0.0033333333333333335,False,-13.933476276171806,False,ok,,0.0009405000018887222
14,5,Normal,3000,5,0.1,29,2026105729,7.052207753018317,new_lower_rho_same_seed_schedule,False,32,0.0,0.0,0,1.0,1.0013351134846462,2996,1,2992,0.002666666666666666,False,-7.052207753018317,True,ok,,0.0009302079561166465
14,5,Normal,3000,5,0.1,29,2026105729,7.052207753018317,new_lower_rho_same_seed_schedule,False,33,0.0,0.0,0,1.0,1.001001001001001,2997,1,2994,0.0019999999999999996,False,-7.052207753018317,True,ok,,0.0009430840145796537
14,5,Normal,3000,5,0.1,29,2026105729,7.052207753018317,new_lower_rho_same_seed_schedule,False,34,0.0,0.0,0,1.0,1.0013351134846462,2996,1,2992,0.002666666666666666,False,-7.052207753018317,True,ok,,0.0010197089868597686
14,5,Normal,3000,5,0.1,29,2026105729,7.052207753018317,new_lower_rho_same_seed_schedule,False,35,0.0,0.0,0,1.0,1.0003334444814937,2999,1,2998,0.0006666666666666673,False,-7.052207753018317,True,ok,,0.0009878749842755497
14,5,Normal,3000,5,0.1,29,2026105729,7.052207753018317,new_lower_rho_same_seed_schedule,False,36,-7.627092564124787,0.0006666666666666666,2,0.9993333333333333,1.0013351134846462,2996,1,2992,0.0026666666666666666,False,-14.679300317143104,False,ok,,0.0010553339961916208
14,5,Normal,3000,5,0.1,29,2026105729,7.052207753018317,new_lower_rho_same_seed_schedule,False,37,0.0,0.0,0,1.0,1.0006671114076051,2998,1,2996,0.001333333333333333,False,-7.052207753018317,True,ok,,0.0010110409930348396
14,5,Normal,3000,5,0.1,29,2026105729,7.052207753018317,new_lower_rho_same_seed_schedule,False,38,0.0,0.0,0,1.0,1.0,3000,1,3000,0.0,False,-7.052207753018317,True,ok,,0.0010802090400829911
14,5,Normal,3000,5,0.1,29,2026105729,7.052207753018317,new_lower_rho_same_seed_schedule,False,39,0.0,0.0,0,1.0,1.0003334444814937,2999,1,2998,0.000666666666666667,False,-7.052207753018317,True,ok,,0.0010027500102296472
14,5,Normal,3000,5,0.1,29,2026105729,7.052207753018317,new_lower_rho_same_seed_schedule,False,40,0.0,0.0,0,1.0,1.0003334444814937,2999,1,2998,0.0006666666666666662,False,-7.052207753018317,True,ok,,0.0009685420081950724
14,5,Normal,3000,5,0.1,30,2026105730,7.052207753018317,new_lower_rho_same_seed_schedule,False,1,7.06967041724167,1.0,3000,0.0,3000.0,1,3000,0,1.1420394542207541,False,0.017462664223352853,False,ok,,0.0011799579951912165
14,5,Normal,3000,5,0.1,30,2026105730,7.052207753018317,new_lower_rho_same_seed_schedule,False,2,6.471925863214686,1.0,3000,0.0,93.75,32,35,0,1.6887354188658523,False,-0.580281889803631,False,ok,,0.0011841249652206898
14,5,Normal,3000,5,0.1,30,2026105730,7.052207753018317,new_lower_rho_same_seed_schedule,False,3,5.871628343806097,0.977,2931,0.02300000000000002,19.736842105263158,152,1,35,1.965409257440673,False,-1.1805794092122204,False,ok,,0.001338500005658716
14,5,Normal,3000,5,0.1,30,2026105730,7.052207753018317,new_lower_rho_same_seed_schedule,False,4,5.065156773160938,0.932,2796,0.06799999999999995,9.090909090909092,330,1,127,2.3218688161845424,False,-1.9870509798573792,False,ok,,0.0013752090162597597
14,5,Normal,3000,5,0.1,30,2026105730,7.052207753018317,new_lower_rho_same_seed_schedule,False,5,4.095654197156246,0.851,2553,0.14900000000000002,5.328596802841918,563,1,227,2.6654388329421392,False,-2.9565535558620715,False,ok,,0.0015012079966254532
14,5,Normal,3000,5,0.1,30,2026105730,7.052207753018317,new_lower_rho_same_seed_schedule,False,6,2.860108230230049,0.7623333333333333,2287,0.2376666666666667,3.4052213393870603,881,1,418,2.9617802082576623,False,-4.1920995227882685,False,ok,,0.0016065000090748072
14,5,Normal,3000,5,0.1,30,2026105730,7.052207753018317,new_lower_rho_same_seed_schedule,False,7,1.6734753728529765,0.622,1866,0.378,2.3961661341853033,1252,1,696,2.8024779429088227,False,-5.37873238016534,False,ok,,0.00213816697942093
14,5,Normal,3000,5,0.1,30,2026105730,7.052207753018317,new_lower_rho_same_seed_schedule,False,8,0.4808671233251301,0.484,1452,0.516,1.8703241895261846,1604,1,1016,2.5486199882104623,False,-6.571340629693187,False,ok,,0.0017216670094057918
14,5,Normal,3000,5,0.1,30,2026105730,7.052207753018317,new_lower_rho_same_seed_schedule,False,9,-0.7018269679000533,0.33066666666666666,992,0.6693333333333333,1.5424164524421593,1945,1,1367,2.0238620999696657,False,-7.75403472091837,False,ok,,0.0016418329905718565
14,5,Normal,3000,5,0.1,30,2026105730,7.052207753018317,new_lower_rho_same_seed_schedule,False,10,-1.4734675050741006,0.21233333333333335,637,0.7876666666666666,1.3630168105406633,2201,1,1672,1.5016902233668905,False,-8.525675258092418,False,ok,,0.0015432499931193888
14,5,Normal,3000,5,0.1,30,2026105730,7.052207753018317,new_lower_rho_same_seed_schedule,False,11,-2.3475128306618633,0.12066666666666667,362,0.8793333333333333,1.2381345439537763,2423,1,1980,1.0034362302623538,False,-9.39972058368018,False,ok,,0.0014197090058587492
14,5,Normal,3000,5,0.1,30,2026105730,7.052207753018317,new_lower_rho_same_seed_schedule,False,12,-3.0556730635112004,0.07133333333333333,214,0.9286666666666666,1.1627906976744187,2580,1,2234,0.6421398579574716,False,-10.107880816529518,False,ok,,0.0013038750039413571
14,5,Normal,3000,5,0.1,30,2026105730,7.052207753018317,new_lower_rho_same_seed_schedule,False,13,-3.3317998727843663,0.042333333333333334,127,0.9576666666666667,1.1078286558345642,2708,1,2459,0.4086929331170913,False,-10.384007625802683,False,ok,,0.0011870419839397073
14,5,Normal,3000,5,0.1,30,2026105730,7.052207753018317,new_lower_rho_same_seed_schedule,False,14,-3.6664635009512048,0.024,72,0.976,1.0810810810810811,2775,1,2573,0.2776869170813934,False,-10.718671253969521,False,ok,,0.001131833007093519
14,5,Normal,3000,5,0.1,30,2026105730,7.052207753018317,new_lower_rho_same_seed_schedule,False,15,-3.8628508187707915,0.020666666666666667,62,0.9793333333333334,1.0608203677510608,2828,1,2677,0.23017797935820378,False,-10.915058571789109,False,ok,,0.0010689999908208847
14,5,Normal,3000,5,0.1,30,2026105730,7.052207753018317,new_lower_rho_same_seed_schedule,False,16,-4.619097293603038,0.012666666666666666,38,0.9873333333333333,1.047486033519553,2864,1,2739,0.1527492714872348,False,-11.671305046621356,False,ok,,0.0011277919984422624
14,5,Normal,3000,5,0.1,30,2026105730,7.052207753018317,new_lower_rho_same_seed_schedule,False,17,-4.552522154913458,0.008333333333333333,25,0.9916666666666667,1.0327022375215147,2905,1,2816,0.10382534059968103,False,-11.604729907931775,False,ok,,0.001296167029067874
14,5,Normal,3000,5,0.1,30,2026105730,7.052207753018317,new_lower_rho_same_seed_schedule,False,18,-4.067785246680035,0.005,15,0.995,1.0273972602739727,2920,1,2844,0.07817667425581072,False,-11.119992999698352,False,ok,,0.0012633749865926802
14,5,Normal,3000,5,0.1,30,2026105730,7.052207753018317,new_lower_rho_same_seed_schedule,False,19,-4.4452330860914575,0.005,15,0.995,1.0204081632653061,2940,1,2885,0.06420058027069188,False,-11.497440839109775,False,ok,,0.001135416969191283
14,5,Normal,3000,5,0.1,30,2026105730,7.052207753018317,new_lower_rho_same_seed_schedule,False,20,-6.224621212405023,0.001,3,0.999,1.0169491525423728,2950,1,2901,0.04049269458495916,False,-13.276828965423341,False,ok,,0.0011199170257896185
14,5,Normal,3000,5,0.1,30,2026105730,7.052207753018317,new_lower_rho_same_seed_schedule,False,21,-8.190029166966733,0.0013333333333333333,4,0.9986666666666667,1.0104412260020208,2969,1,2939,0.028423070786645858,False,-15.24223691998505,False,ok,,0.001086584001313895
14,5,Normal,3000,5,0.1,30,2026105730,7.052207753018317,new_lower_rho_same_seed_schedule,False,22,-6.160687128103795,0.0006666666666666666,2,0.9993333333333333,1.0067114093959733,2980,1,2960,0.013333333333333326,False,-13.212894881122113,False,ok,,0.0010727500193752348
14,5,Normal,3000,5,0.1,30,2026105730,7.052207753018317,new_lower_rho_same_seed_schedule,False,23,-6.242737522937842,0.0006666666666666666,2,0.9993333333333333,1.0087424344317417,2974,1,2948,0.017333333333333326,False,-13.29494527595616,False,ok,,0.0010407499503344297
14,5,Normal,3000,5,0.1,30,2026105730,7.052207753018317,new_lower_rho_same_seed_schedule,False,24,-6.920132858860029,0.0003333333333333333,1,0.9996666666666667,1.0060362173038229,2982,1,2964,0.011999999999999995,False,-13.972340611878346,False,ok,,0.0009797500097192824
14,5,Normal,3000,5,0.1,30,2026105730,7.052207753018317,new_lower_rho_same_seed_schedule,False,25,0.0,0.0,0,1.0,1.0036801605888257,2989,1,2978,0.007333333333333332,False,-7.052207753018317,True,ok,,0.0009440829744562507
14,5,Normal,3000,5,0.1,30,2026105730,7.052207753018317,new_lower_rho_same_seed_schedule,False,26,0.0,0.0,0,1.0,1.0033444816053512,2990,1,2980,0.006666666666666668,False,-7.052207753018317,True,ok,,0.0009313750197179615
14,5,Normal,3000,5,0.1,30,2026105730,7.052207753018317,new_lower_rho_same_seed_schedule,False,27,-6.920132858860029,0.0003333333333333333,1,0.9996666666666667,1.0030090270812437,2991,1,2982,0.0059999999999999975,False,-13.972340611878346,False,ok,,0.0009190830169245601
14,5,Normal,3000,5,0.1,30,2026105730,7.052207753018317,new_lower_rho_same_seed_schedule,False,28,0.0,0.0,0,1.0,1.0030090270812437,2991,1,2982,0.005999999999999998,False,-7.052207753018317,True,ok,,0.0009142089984379709
14,5,Normal,3000,5,0.1,30,2026105730,7.052207753018317,new_lower_rho_same_seed_schedule,False,29,0.0,0.0,0,1.0,1.001001001001001,2997,1,2994,0.002,False,-7.052207753018317,True,ok,,0.0009029170032590628
14,5,Normal,3000,5,0.1,30,2026105730,7.052207753018317,new_lower_rho_same_seed_schedule,False,30,0.0,0.0,0,1.0,1.002004008016032,2994,1,2988,0.003999999999999999,False,-7.052207753018317,True,ok,,0.0009147090022452176
14,5,Normal,3000,5,0.1,30,2026105730,7.052207753018317,new_lower_rho_same_seed_schedule,False,31,0.0,0.0,0,1.0,1.0023387905111927,2993,1,2986,0.004666666666666669,False,-7.052207753018317,True,ok,,0.0008995830430649221
14,5,Normal,3000,5,0.1,30,2026105730,7.052207753018317,new_lower_rho_same_seed_schedule,False,32,-7.450726994477456,0.0003333333333333333,1,0.9996666666666667,1.0013351134846462,2996,1,2992,0.0026666666666666666,False,-14.502934747495773,False,ok,,0.00090487499255687
14,5,Normal,3000,5,0.1,30,2026105730,7.052207753018317,new_lower_rho_same_seed_schedule,False,33,0.0,0.0,0,1.0,1.0003334444814937,2999,1,2998,0.0006666666666666666,False,-7.052207753018317,True,ok,,0.0009026249754242599
14,5,Normal,3000,5,0.1,30,2026105730,7.052207753018317,new_lower_rho_same_seed_schedule,False,34,0.0,0.0,0,1.0,1.0006671114076051,2998,1,2996,0.001333333333333333,False,-7.052207753018317,True,ok,,0.0009032500092871487
14,5,Normal,3000,5,0.1,30,2026105730,7.052207753018317,new_lower_rho_same_seed_schedule,False,35,0.0,0.0,0,1.0,1.0,3000,1,3000,0.0,False,-7.052207753018317,True,ok,,0.0009042919846251607
14,5,Normal,3000,5,0.1,30,2026105730,7.052207753018317,new_lower_rho_same_seed_schedule,False,36,0.0,0.0,0,1.0,1.0013351134846462,2996,1,2992,0.0026666666666666666,False,-7.052207753018317,True,ok,,0.0012939999578520656
14,5,Normal,3000,5,0.1,30,2026105730,7.052207753018317,new_lower_rho_same_seed_schedule,False,37,0.0,0.0,0,1.0,1.0006671114076051,2998,1,2996,0.0013333333333333333,False,-7.052207753018317,True,ok,,0.0011652499670162797
14,5,Normal,3000,5,0.1,30,2026105730,7.052207753018317,new_lower_rho_same_seed_schedule,False,38,0.0,0.0,0,1.0,1.0006671114076051,2998,1,2996,0.0013333333333333329,False,-7.052207753018317,True,ok,,0.0009478330030106008
14,5,Normal,3000,5,0.1,30,2026105730,7.052207753018317,new_lower_rho_same_seed_schedule,False,39,0.0,0.0,0,1.0,1.0003334444814937,2999,1,2998,0.0006666666666666664,False,-7.052207753018317,True,ok,,0.0009149580146186054
14,5,Normal,3000,5,0.1,30,2026105730,7.052207753018317,new_lower_rho_same_seed_schedule,False,40,0.0,0.0,0,1.0,1.0003334444814937,2999,1,2998,0.0006666666666666666,False,-7.052207753018317,True,ok,,0.000910000002477318
