study_config_id,config_id,family,n,d,rho,replicate,seed,truth,origin,assumption_matched,ell,estimate,coverage,n_valid,skipped_point_fraction,mean_cell_size,occupied_cells,min_cell_size,singleton_cells,integrated_mass,degenerate,error,zero_valid,status,failure,elapsed_s
16,7,Normal,30000,5,0.1,1,2026107701,7.052207753018317,new_lower_rho_same_seed_schedule,False,1,7.108636927867329,1.0,30000,0.0,30000.0,1,30000,0,1.0465808685534628,False,0.05642917484901222,False,ok,,0.014385457965545356
16,7,Normal,30000,5,0.1,1,2026107701,7.052207753018317,new_lower_rho_same_seed_schedule,False,2,6.939840304391351,1.0,30000,0.0,937.5,32,349,0,1.2080106899703646,False,-0.11236744862696657,False,ok,,0.014386125025339425
16,7,Normal,30000,5,0.1,1,2026107701,7.052207753018317,new_lower_rho_same_seed_schedule,False,3,6.815197468717255,0.9978666666666667,29936,0.0021333333333333204,160.42780748663102,187,1,27,1.2545415632778871,False,-0.2370102843010624,False,ok,,0.01601716602453962
16,7,Normal,30000,5,0.1,1,2026107701,7.052207753018317,new_lower_rho_same_seed_schedule,False,4,6.608296574993195,0.9937,29811,0.006299999999999972,69.93006993006993,429,1,110,1.4078438563291655,False,-0.4439111780251226,False,ok,,0.014732041978277266
16,7,Normal,30000,5,0.1,1,2026107701,7.052207753018317,new_lower_rho_same_seed_schedule,False,5,6.323105904295694,0.9853,29559,0.014700000000000046,35.75685339690107,839,1,245,1.5880427961485069,False,-0.7291018487226228,False,ok,,0.015421667019836605
16,7,Normal,30000,5,0.1,1,2026107701,7.052207753018317,new_lower_rho_same_seed_schedule,False,6,5.9733680058634855,0.9743,29229,0.025699999999999945,21.306818181818183,1408,1,452,1.8181857818185299,False,-1.0788397471548317,False,ok,,0.015270042000338435
16,7,Normal,30000,5,0.1,1,2026107701,7.052207753018317,new_lower_rho_same_seed_schedule,False,7,5.539970442297951,0.9537666666666667,28613,0.04623333333333335,13.35113484646195,2247,1,764,2.048392077769177,False,-1.5122373107203657,False,ok,,0.016746749985031784
16,7,Normal,30000,5,0.1,1,2026107701,7.052207753018317,new_lower_rho_same_seed_schedule,False,8,5.054501301386593,0.9275666666666667,27827,0.07243333333333335,9.066183136899365,3309,1,1254,2.2738452956815176,False,-1.997706451631724,False,ok,,0.017298458027653396
16,7,Normal,30000,5,0.1,1,2026107701,7.052207753018317,new_lower_rho_same_seed_schedule,False,9,4.482936608545759,0.8931,26793,0.1069,6.492101276779918,4621,1,1892,2.5247652998430175,False,-2.569271144472558,False,ok,,0.01841587503440678
16,7,Normal,30000,5,0.1,1,2026107701,7.052207753018317,new_lower_rho_same_seed_schedule,False,10,3.878772347337396,0.8481666666666666,25445,0.15183333333333338,4.88599348534202,6140,1,2732,2.703939789330821,False,-3.1734354056809213,False,ok,,0.01824237499386072
16,7,Normal,30000,5,0.1,1,2026107701,7.052207753018317,new_lower_rho_same_seed_schedule,False,11,3.246723849612144,0.7903666666666667,23711,0.20963333333333334,3.8211692777990063,7851,1,3706,2.78988427074291,False,-3.805483903406173,False,ok,,0.019776750006712973
16,7,Normal,30000,5,0.1,1,2026107701,7.052207753018317,new_lower_rho_same_seed_schedule,False,12,2.5551704284581347,0.7288666666666667,21866,0.27113333333333334,3.0835646006783843,9729,1,4964,2.8709484628723323,False,-4.497037324560182,False,ok,,0.020952833001501858
16,7,Normal,30000,5,0.1,1,2026107701,7.052207753018317,new_lower_rho_same_seed_schedule,False,13,1.9354738300035617,0.6583666666666667,19751,0.34163333333333334,2.582866982350409,11615,1,6280,2.8456949341201088,False,-5.116733923014755,False,ok,,0.021665792039129883
16,7,Normal,30000,5,0.1,1,2026107701,7.052207753018317,new_lower_rho_same_seed_schedule,False,14,1.2178674501857418,0.5851,17553,0.41490000000000005,2.2091310751104567,13580,1,7857,2.782314249267748,False,-5.834340302832575,False,ok,,0.022567834006622434
16,7,Normal,30000,5,0.1,1,2026107701,7.052207753018317,new_lower_rho_same_seed_schedule,False,15,0.5914606049417865,0.4952,14856,0.5048,1.9265348060621628,15572,1,9619,2.5396429504141596,False,-6.46074714807653,False,ok,,0.022910833009518683
16,7,Normal,30000,5,0.1,1,2026107701,7.052207753018317,new_lower_rho_same_seed_schedule,False,16,0.007638909888446218,0.4199,12597,0.5801000000000001,1.7182130584192439,17460,1,11554,2.3316593057963555,False,-7.044568843129871,False,ok,,0.02275450003799051
16,7,Normal,30000,5,0.1,1,2026107701,7.052207753018317,new_lower_rho_same_seed_schedule,False,17,-0.5819449611693249,0.3406666666666667,10220,0.6593333333333333,1.5619305461550477,19207,1,13414,2.0471919337522255,False,-7.634152714187642,False,ok,,0.021703750011511147
16,7,Normal,30000,5,0.1,1,2026107701,7.052207753018317,new_lower_rho_same_seed_schedule,False,18,-1.0392217634197725,0.2699,8097,0.7301,1.4419610670511895,20805,1,15305,1.7347305273914975,False,-8.09142951643809,False,ok,,0.020565332961268723
16,7,Normal,30000,5,0.1,1,2026107701,7.052207753018317,new_lower_rho_same_seed_schedule,False,19,-1.5121025785991327,0.21546666666666667,6464,0.7845333333333333,1.3528748590755355,22175,1,17091,1.5081168215569432,False,-8.564310331617449,False,ok,,0.021142999990843236
16,7,Normal,30000,5,0.1,1,2026107701,7.052207753018317,new_lower_rho_same_seed_schedule,False,20,-1.945515656208276,0.15806666666666666,4742,0.8419333333333333,1.2816678771307728,23407,1,18732,1.1789919171500403,False,-8.997723409226593,False,ok,,0.020357083005364984
16,7,Normal,30000,5,0.1,1,2026107701,7.052207753018317,new_lower_rho_same_seed_schedule,False,21,-2.375062038887876,0.12,3600,0.88,1.224239951030402,24505,1,20378,0.9473579652005997,False,-9.427269791906193,False,ok,,0.018986082985065877
16,7,Normal,30000,5,0.1,1,2026107701,7.052207753018317,new_lower_rho_same_seed_schedule,False,22,-2.623914954718057,0.0918,2754,0.9082,1.1824990145841545,25370,1,21748,0.7629922311623333,False,-9.676122707736374,False,ok,,0.018583874974865466
16,7,Normal,30000,5,0.1,1,2026107701,7.052207753018317,new_lower_rho_same_seed_schedule,False,23,-3.0252400870201828,0.06656666666666666,1997,0.9334333333333333,1.1494693283267559,26099,1,22877,0.6023241787764592,False,-10.0774478400385,False,ok,,0.017779875022824854
16,7,Normal,30000,5,0.1,1,2026107701,7.052207753018317,new_lower_rho_same_seed_schedule,False,24,-3.227548877171429,0.04633333333333333,1390,0.9536666666666667,1.1203644919147029,26777,1,24019,0.4515133062549269,False,-10.279756630189747,False,ok,,0.01735720899887383
16,7,Normal,30000,5,0.1,1,2026107701,7.052207753018317,new_lower_rho_same_seed_schedule,False,25,-3.404778842155024,0.03966666666666667,1190,0.9603333333333334,1.1024953143949139,27211,1,24811,0.3849291927944699,False,-10.45698659517334,False,ok,,0.01635383296525106
16,7,Normal,30000,5,0.1,1,2026107701,7.052207753018317,new_lower_rho_same_seed_schedule,False,26,-3.609341552439781,0.026166666666666668,785,0.9738333333333333,1.083658430862592,27684,1,25607,0.2801578208088939,False,-10.661549305458099,False,ok,,0.01639208401320502
16,7,Normal,30000,5,0.1,1,2026107701,7.052207753018317,new_lower_rho_same_seed_schedule,False,27,-3.7276631524832697,0.019666666666666666,590,0.9803333333333333,1.0706256022269012,28021,1,26216,0.2233640978406528,False,-10.779870905501587,False,ok,,0.01602683396777138
16,7,Normal,30000,5,0.1,1,2026107701,7.052207753018317,new_lower_rho_same_seed_schedule,False,28,-3.976178743180261,0.0161,483,0.9839,1.0594342621040365,28317,1,26772,0.187353066766047,False,-11.028386496198578,False,ok,,0.015216165978927165
16,7,Normal,30000,5,0.1,1,2026107701,7.052207753018317,new_lower_rho_same_seed_schedule,False,29,-4.3902924580216025,0.011766666666666667,353,0.9882333333333333,1.050236303168213,28565,1,27222,0.15257610924184128,False,-11.44250021103992,False,ok,,0.015232042002025992
16,7,Normal,30000,5,0.1,1,2026107701,7.052207753018317,new_lower_rho_same_seed_schedule,False,30,-4.399348456863328,0.009133333333333334,274,0.9908666666666667,1.0448956845808226,28711,1,27495,0.12755482373325566,False,-11.451556209881645,False,ok,,0.015227166994009167
16,7,Normal,30000,5,0.1,1,2026107701,7.052207753018317,new_lower_rho_same_seed_schedule,False,31,-4.716012319882764,0.006966666666666667,209,0.9930333333333333,1.0346254655814595,28996,1,28045,0.09869080201835269,False,-11.76822007290108,False,ok,,0.015400583972223103
16,7,Normal,30000,5,0.1,1,2026107701,7.052207753018317,new_lower_rho_same_seed_schedule,False,32,-4.85303728830095,0.005866666666666667,176,0.9941333333333333,1.0313531353135315,29088,1,28221,0.08636929702097737,False,-11.905245041319267,False,ok,,0.015424541023094207
16,7,Normal,30000,5,0.1,1,2026107701,7.052207753018317,new_lower_rho_same_seed_schedule,False,33,-4.7210502293894026,0.0044,132,0.9956,1.0257813034261096,29246,1,28525,0.07048964301802244,False,-11.77325798240772,False,ok,,0.014986666035838425
16,7,Normal,30000,5,0.1,1,2026107701,7.052207753018317,new_lower_rho_same_seed_schedule,False,34,-4.979913668496547,0.0039,117,0.9961,1.0236462278636502,29307,1,28638,0.060499122899086974,False,-12.032121421514864,False,ok,,0.014207875006832182
16,7,Normal,30000,5,0.1,1,2026107701,7.052207753018317,new_lower_rho_same_seed_schedule,False,35,-5.236557156120384,0.0025666666666666667,77,0.9974333333333333,1.0195758564437194,29424,1,28862,0.04637626302292043,False,-12.2887649091387,False,ok,,0.0136943330289796
16,7,Normal,30000,5,0.1,1,2026107701,7.052207753018317,new_lower_rho_same_seed_schedule,False,36,-5.643219295554446,0.0019,57,0.9981,1.0173284953711554,29489,1,28986,0.03868925815866773,False,-12.695427048572764,False,ok,,0.013974124973174185
16,7,Normal,30000,5,0.1,1,2026107701,7.052207753018317,new_lower_rho_same_seed_schedule,False,37,-5.022266869128941,0.0014,42,0.9986,1.0138217701328107,29591,1,29190,0.03144493762532282,False,-12.074474622147259,False,ok,,0.01401208300376311
16,7,Normal,30000,5,0.1,1,2026107701,7.052207753018317,new_lower_rho_same_seed_schedule,False,38,-6.385915591219174,0.0014,42,0.9986,1.013856032443393,29590,1,29186,0.031135762234066208,False,-13.438123344237491,False,ok,,0.014289166952949017
16,7,Normal,30000,5,0.1,1,2026107701,7.052207753018317,new_lower_rho_same_seed_schedule,False,39,-5.119282519833504,0.0015333333333333334,46,0.9984666666666666,1.0118043844856661,29650,1,29308,0.027018633513623058,False,-12.171490272851822,False,ok,,0.0144535829895176
16,7,Normal,30000,5,0.1,1,2026107701,7.052207753018317,new_lower_rho_same_seed_schedule,False,40,-6.097158192155163,0.0011333333333333334,34,0.9988666666666667,1.0120433154539015,29643,1,29290,0.026119901606494474,False,-13.14936594517348,False,ok,,0.013664541009347886
16,7,Normal,30000,5,0.1,2,2026107702,7.052207753018317,new_lower_rho_same_seed_schedule,False,1,7.107515090371123,1.0,30000,0.0,30000.0,1,30000,0,1.0469705095605115,False,0.05530733735280613,False,ok,,0.014353333041071892
16,7,Normal,30000,5,0.1,2,2026107702,7.052207753018317,new_lower_rho_same_seed_schedule,False,2,6.937677870210827,1.0,30000,0.0,937.5,32,318,0,1.2086690473157375,False,-0.11452988280749032,False,ok,,0.013654875045176595
16,7,Normal,30000,5,0.1,2,2026107702,7.052207753018317,new_lower_rho_same_seed_schedule,False,3,6.818899754609499,0.9979666666666667,29939,0.0020333333333333314,168.53932584269663,178,1,23,1.2489703703808708,False,-0.23330799840881777,False,ok,,0.01547466596821323
16,7,Normal,30000,5,0.1,2,2026107702,7.052207753018317,new_lower_rho_same_seed_schedule,False,4,6.618718578764734,0.9931,29793,0.006900000000000017,69.93006993006993,429,1,129,1.3909793952650142,False,-0.4334891742535829,False,ok,,0.014405124995391816
16,7,Normal,30000,5,0.1,2,2026107702,7.052207753018317,new_lower_rho_same_seed_schedule,False,5,6.340688944854756,0.9859666666666667,29579,0.014033333333333342,37.546933667083856,799,1,235,1.5711417911437846,False,-0.7115188081635608,False,ok,,0.01471187500283122
16,7,Normal,30000,5,0.1,2,2026107702,7.052207753018317,new_lower_rho_same_seed_schedule,False,6,6.015545360416547,0.9746666666666667,29240,0.02533333333333332,22.404779686333086,1339,1,414,1.7882470333700209,False,-1.0366623926017704,False,ok,,0.015325750049669296
16,7,Normal,30000,5,0.1,2,2026107702,7.052207753018317,new_lower_rho_same_seed_schedule,False,7,5.593856347464817,0.9547,28641,0.04530000000000001,13.824884792626728,2170,1,762,2.0011206656215648,False,-1.4583514055535005,False,ok,,0.015926250023767352
16,7,Normal,30000,5,0.1,2,2026107702,7.052207753018317,new_lower_rho_same_seed_schedule,False,8,5.102802804858991,0.9324666666666667,27974,0.06753333333333333,9.551098376313275,3141,1,1142,2.2776112166000644,False,-1.9494049481593265,False,ok,,0.01693529199110344
16,7,Normal,30000,5,0.1,2,2026107702,7.052207753018317,new_lower_rho_same_seed_schedule,False,9,4.562684681524891,0.8976,26928,0.10240000000000005,6.801178871004307,4411,1,1768,2.4923357340351835,False,-2.4895230714934264,False,ok,,0.01802341698203236
16,7,Normal,30000,5,0.1,2,2026107702,7.052207753018317,new_lower_rho_same_seed_schedule,False,10,3.9588072391492055,0.8579,25737,0.1421,5.0899219545300305,5894,1,2564,2.6859890192421387,False,-3.0934005138691116,False,ok,,0.01853800000390038
16,7,Normal,30000,5,0.1,2,2026107702,7.052207753018317,new_lower_rho_same_seed_schedule,False,11,3.317825046436866,0.8067,24201,0.19330000000000003,3.9973351099267154,7505,1,3464,2.820651323907174,False,-3.734382706581451,False,ok,,0.019743832992389798
16,7,Normal,30000,5,0.1,2,2026107702,7.052207753018317,new_lower_rho_same_seed_schedule,False,12,2.6742440217215084,0.7436666666666667,22310,0.2563333333333333,3.2157787544216956,9329,1,4619,2.890170484842206,False,-4.377963731296809,False,ok,,0.021800708957016468
16,7,Normal,30000,5,0.1,2,2026107702,7.052207753018317,new_lower_rho_same_seed_schedule,False,13,2.041704436048919,0.6718666666666666,20156,0.3281333333333334,2.660517914153955,11276,1,6047,2.8684520615936155,False,-5.010503316969398,False,ok,,0.021767084021121264
16,7,Normal,30000,5,0.1,2,2026107702,7.052207753018317,new_lower_rho_same_seed_schedule,False,14,1.3481780721384653,0.5973333333333334,17920,0.4026666666666666,2.2696323195642307,13218,1,7545,2.7951035568631024,False,-5.704029680879852,False,ok,,0.021530041994992644
16,7,Normal,30000,5,0.1,2,2026107702,7.052207753018317,new_lower_rho_same_seed_schedule,False,15,0.716988068969174,0.5136333333333334,15409,0.4863666666666666,1.9695378151260505,15232,1,9340,2.598288058793888,False,-6.335219684049143,False,ok,,0.021953290968667716
16,7,Normal,30000,5,0.1,2,2026107702,7.052207753018317,new_lower_rho_same_seed_schedule,False,16,0.06341798186730406,0.4350333333333333,13051,0.5649666666666666,1.7568517217146873,17076,1,11070,2.4137204555765837,False,-6.988789771151013,False,ok,,0.022823500039521605
16,7,Normal,30000,5,0.1,2,2026107702,7.052207753018317,new_lower_rho_same_seed_schedule,False,17,-0.48714425586861604,0.3549,10647,0.6451,1.594726770146715,18812,1,12856,2.124200011009429,False,-7.539352008886933,False,ok,,0.022423000016715378
16,7,Normal,30000,5,0.1,2,2026107702,7.052207753018317,new_lower_rho_same_seed_schedule,False,18,-0.9596319121564907,0.2860666666666667,8582,0.7139333333333333,1.4638430760222505,20494,1,14968,1.7992923819145854,False,-8.011839665174808,False,ok,,0.02177729201503098
16,7,Normal,30000,5,0.1,2,2026107702,7.052207753018317,new_lower_rho_same_seed_schedule,False,19,-1.4977105005986757,0.21403333333333333,6421,0.7859666666666667,1.362954886193267,22011,1,16759,1.487702587799122,False,-8.549918253616992,False,ok,,0.021028875024057925
16,7,Normal,30000,5,0.1,2,2026107702,7.052207753018317,new_lower_rho_same_seed_schedule,False,20,-1.786589320971551,0.171,5130,0.829,1.295001295001295,23166,1,18437,1.2429576009666565,False,-8.838797073989868,False,ok,,0.021110458008479327
16,7,Normal,30000,5,0.1,2,2026107702,7.052207753018317,new_lower_rho_same_seed_schedule,False,21,-2.307321922446748,0.12586666666666665,3776,0.8741333333333333,1.2360430142968974,24271,1,19982,1.0018007964601994,False,-9.359529675465065,False,ok,,0.01914483297150582
16,7,Normal,30000,5,0.1,2,2026107702,7.052207753018317,new_lower_rho_same_seed_schedule,False,22,-2.485756991898514,0.09496666666666667,2849,0.9050333333333334,1.1915637288000953,25177,1,21399,0.7936949879894442,False,-9.537964744916831,False,ok,,0.018235917028505355
16,7,Normal,30000,5,0.1,2,2026107702,7.052207753018317,new_lower_rho_same_seed_schedule,False,23,-2.812406166036886,0.0737,2211,0.9263,1.159330679754222,25877,1,22531,0.6488473656074453,False,-9.864613919055204,False,ok,,0.018462708045262843
16,7,Normal,30000,5,0.1,2,2026107702,7.052207753018317,new_lower_rho_same_seed_schedule,False,24,-3.1035039764386783,0.050133333333333335,1504,0.9498666666666666,1.1245220781168004,26678,1,23856,0.4727730059020711,False,-10.155711729456996,False,ok,,0.017759708047378808
16,7,Normal,30000,5,0.1,2,2026107702,7.052207753018317,new_lower_rho_same_seed_schedule,False,25,-3.4004876747864183,0.0389,1167,0.9611,1.1060315587671434,27124,1,24633,0.388712547081885,False,-10.452695427804736,False,ok,,0.0165486250189133
16,7,Normal,30000,5,0.1,2,2026107702,7.052207753018317,new_lower_rho_same_seed_schedule,False,26,-3.5402052824429577,0.025733333333333334,772,0.9742666666666666,1.0847947929849937,27655,1,25547,0.28194378201330206,False,-10.592413035461275,False,ok,,0.016612250008620322
16,7,Normal,30000,5,0.1,2,2026107702,7.052207753018317,new_lower_rho_same_seed_schedule,False,27,-3.944297112789072,0.0186,558,0.9814,1.071964553705424,27986,1,26139,0.22551364272128863,False,-10.996504865807388,False,ok,,0.015966540959198028
16,7,Normal,30000,5,0.1,2,2026107702,7.052207753018317,new_lower_rho_same_seed_schedule,False,28,-3.893771185781374,0.013433333333333334,403,0.9865666666666667,1.0610454834830587,28274,1,26661,0.1774257905784694,False,-10.94597893879969,False,ok,,0.015019542013760656
16,7,Normal,30000,5,0.1,2,2026107702,7.052207753018317,new_lower_rho_same_seed_schedule,False,29,-4.164980346190362,0.011333333333333334,340,0.9886666666666667,1.0514141520344864,28533,1,27160,0.14979738433945167,False,-11.217188099208679,False,ok,,0.015445708006154746
16,7,Normal,30000,5,0.1,2,2026107702,7.052207753018317,new_lower_rho_same_seed_schedule,False,30,-4.3738831108905325,0.0086,258,0.9914,1.0452961672473868,28700,1,27465,0.1278819294543344,False,-11.42609086390885,False,ok,,0.014938583015464246
16,7,Normal,30000,5,0.1,2,2026107702,7.052207753018317,new_lower_rho_same_seed_schedule,False,31,-4.751429123280729,0.0071,213,0.9929,1.0378827192527245,28905,1,27866,0.10486732632657345,False,-11.803636876299045,False,ok,,0.014657000021543354
16,7,Normal,30000,5,0.1,2,2026107702,7.052207753018317,new_lower_rho_same_seed_schedule,False,32,-4.803825066590292,0.005333333333333333,160,0.9946666666666667,1.0313176802227646,29089,1,28216,0.08552219119893809,False,-11.85603281960861,False,ok,,0.015220750006847084
16,7,Normal,30000,5,0.1,2,2026107702,7.052207753018317,new_lower_rho_same_seed_schedule,False,33,-5.034984088224132,0.0053,159,0.9947,1.0275732145915397,29195,1,28428,0.07657001973198313,False,-12.087191841242449,False,ok,,0.014963999972678721
16,7,Normal,30000,5,0.1,2,2026107702,7.052207753018317,new_lower_rho_same_seed_schedule,False,34,-4.994769172836774,0.0028333333333333335,85,0.9971666666666666,1.0218679746576742,29358,1,28734,0.05490195222301739,False,-12.046976925855091,False,ok,,0.01411637500859797
16,7,Normal,30000,5,0.1,2,2026107702,7.052207753018317,new_lower_rho_same_seed_schedule,False,35,-5.569967516814989,0.0025666666666666667,77,0.9974333333333333,1.0207553589656346,29390,1,28799,0.05083633085341892,False,-12.622175269833306,False,ok,,0.014457790995948017
16,7,Normal,30000,5,0.1,2,2026107702,7.052207753018317,new_lower_rho_same_seed_schedule,False,36,-5.193827492801596,0.0019,57,0.9981,1.0172595028991895,29491,1,28993,0.040811963467041204,False,-12.246035245819913,False,ok,,0.0137701669591479
16,7,Normal,30000,5,0.1,2,2026107702,7.052207753018317,new_lower_rho_same_seed_schedule,False,37,-5.605002189230966,0.0019666666666666665,59,0.9980333333333333,1.01712154602475,29495,1,29001,0.04045570171386929,False,-12.657209942249283,False,ok,,0.014244082965888083
16,7,Normal,30000,5,0.1,2,2026107702,7.052207753018317,new_lower_rho_same_seed_schedule,False,38,-6.0499377801775625,0.0017333333333333333,52,0.9982666666666666,1.0135477549917227,29599,1,29210,0.03381872880081651,False,-13.10214553319588,False,ok,,0.014079291955567896
16,7,Normal,30000,5,0.1,2,2026107702,7.052207753018317,new_lower_rho_same_seed_schedule,False,39,-5.075027552326228,0.0014333333333333333,43,0.9985666666666667,1.0124531740407006,29631,1,29269,0.02901354377766417,False,-12.127235305344545,False,ok,,0.014528792002238333
16,7,Normal,30000,5,0.1,2,2026107702,7.052207753018317,new_lower_rho_same_seed_schedule,False,40,-5.675995489158681,0.001,30,0.999,1.0102710894089915,29695,1,29396,0.023324534309341654,False,-12.728203242176999,False,ok,,0.014947917021345347
16,7,Normal,30000,5,0.1,3,2026107703,7.052207753018317,new_lower_rho_same_seed_schedule,False,1,7.085647301626694,1.0,30000,0.0,30000.0,1,30000,0,1.0462285227185608,False,0.033439548608376946,False,ok,,0.016046834003645927
16,7,Normal,30000,5,0.1,3,2026107703,7.052207753018317,new_lower_rho_same_seed_schedule,False,2,6.914716384638515,1.0,30000,0.0,937.5,32,515,0,1.2073735743176073,False,-0.13749136837980203,False,ok,,0.017328708025161177
16,7,Normal,30000,5,0.1,3,2026107703,7.052207753018317,new_lower_rho_same_seed_schedule,False,3,6.788544533514821,0.9978,29934,0.0021999999999999797,156.25,192,1,32,1.2587482407013273,False,-0.26366321950349647,False,ok,,0.01737362501444295
16,7,Normal,30000,5,0.1,3,2026107703,7.052207753018317,new_lower_rho_same_seed_schedule,False,4,6.573332707335374,0.9926666666666667,29780,0.007333333333333303,68.96551724137932,435,1,107,1.4037167371743322,False,-0.47887504568294315,False,ok,,0.014679290994536132
16,7,Normal,30000,5,0.1,3,2026107703,7.052207753018317,new_lower_rho_same_seed_schedule,False,5,6.289217328202861,0.9845666666666667,29537,0.015433333333333299,35.1288056206089,854,1,231,1.6045646335960673,False,-0.762990424815456,False,ok,,0.015284749970305711
16,7,Normal,30000,5,0.1,3,2026107703,7.052207753018317,new_lower_rho_same_seed_schedule,False,6,5.924251042409232,0.9714,29142,0.02859999999999996,20.2020202020202,1485,1,465,1.8247428097990732,False,-1.1279567106090855,False,ok,,0.015408416977152228
16,7,Normal,30000,5,0.1,3,2026107703,7.052207753018317,new_lower_rho_same_seed_schedule,False,7,5.48498029990927,0.9531,28593,0.04690000000000005,12.96456352636128,2314,1,810,2.0749935410440106,False,-1.567227453109047,False,ok,,0.0163646669825539
16,7,Normal,30000,5,0.1,3,2026107703,7.052207753018317,new_lower_rho_same_seed_schedule,False,8,4.976194563623789,0.9235666666666666,27707,0.07643333333333335,8.76424189307625,3423,1,1293,2.301191518169617,False,-2.076013189394528,False,ok,,0.017833916994277388
16,7,Normal,30000,5,0.1,3,2026107703,7.052207753018317,new_lower_rho_same_seed_schedule,False,9,4.401827308310961,0.8868666666666667,26606,0.11313333333333331,6.264355815410315,4789,1,1971,2.520975327753198,False,-2.6503804447073565,False,ok,,0.01831924996804446
16,7,Normal,30000,5,0.1,3,2026107703,7.052207753018317,new_lower_rho_same_seed_schedule,False,10,3.756352789115266,0.8425666666666667,25277,0.15743333333333331,4.73559589581689,6335,1,2814,2.712393405324068,False,-3.295854963903051,False,ok,,0.01959933404577896
16,7,Normal,30000,5,0.1,3,2026107703,7.052207753018317,new_lower_rho_same_seed_schedule,False,11,3.1221744729090184,0.7893,23679,0.2107,3.7091988130563798,8088,1,3919,2.858397274339302,False,-3.9300332801092988,False,ok,,0.02153637504670769
16,7,Normal,30000,5,0.1,3,2026107703,7.052207753018317,new_lower_rho_same_seed_schedule,False,12,2.4573633612760686,0.7199,21597,0.2801,3.0135610246107483,9955,1,5066,2.896739025907027,False,-4.594844391742249,False,ok,,0.020441291970200837
16,7,Normal,30000,5,0.1,3,2026107703,7.052207753018317,new_lower_rho_same_seed_schedule,False,13,1.7725697498896356,0.6443333333333333,19330,0.3556666666666667,2.5155123260103975,11926,1,6493,2.8353757929741294,False,-5.279638003128682,False,ok,,0.022220417042262852
16,7,Normal,30000,5,0.1,3,2026107703,7.052207753018317,new_lower_rho_same_seed_schedule,False,14,1.1457462244235392,0.5688333333333333,17065,0.4311666666666667,2.1480738937419446,13966,1,8294,2.715967731260059,False,-5.906461528594778,False,ok,,0.022399499954190105
16,7,Normal,30000,5,0.1,3,2026107703,7.052207753018317,new_lower_rho_same_seed_schedule,False,15,0.4765846477090117,0.487,14610,0.513,1.8811136192626035,15948,1,10095,2.5420340426103194,False,-6.5756231053093055,False,ok,,0.022235624957829714
16,7,Normal,30000,5,0.1,3,2026107703,7.052207753018317,new_lower_rho_same_seed_schedule,False,16,-0.11994107166052807,0.4048333333333333,12145,0.5951666666666666,1.684163251557851,17813,1,11911,2.285845804790137,False,-7.172148824678845,False,ok,,0.02296566602308303
16,7,Normal,30000,5,0.1,3,2026107703,7.052207753018317,new_lower_rho_same_seed_schedule,False,17,-0.6479132230693209,0.326,9780,0.6739999999999999,1.53154992852767,19588,1,13919,1.9829503601519032,False,-7.700120976087638,False,ok,,0.021912917029112577
16,7,Normal,30000,5,0.1,3,2026107703,7.052207753018317,new_lower_rho_same_seed_schedule,False,18,-1.2029841635871128,0.25916666666666666,7775,0.7408333333333333,1.4203200454502414,21122,1,15710,1.6926118042624136,False,-8.25519191660543,False,ok,,0.021363375009968877
16,7,Normal,30000,5,0.1,3,2026107703,7.052207753018317,new_lower_rho_same_seed_schedule,False,19,-1.7075419936042704,0.19416666666666665,5825,0.8058333333333334,1.3325634078088215,22513,1,17478,1.3788705890444926,False,-8.759749746622587,False,ok,,0.020926165976561606
16,7,Normal,30000,5,0.1,3,2026107703,7.052207753018317,new_lower_rho_same_seed_schedule,False,20,-2.046638395200141,0.1472,4416,0.8528,1.2647554806070826,23720,1,19189,1.1063517571890666,False,-9.098846148218458,False,ok,,0.020476458012126386
16,7,Normal,30000,5,0.1,3,2026107703,7.052207753018317,new_lower_rho_same_seed_schedule,False,21,-2.3170198185155195,0.1107,3321,0.8893,1.2127582164369164,24737,1,20714,0.8907648728861135,False,-9.369227571533838,False,ok,,0.019787709054071456
16,7,Normal,30000,5,0.1,3,2026107703,7.052207753018317,new_lower_rho_same_seed_schedule,False,22,-2.6140136264578806,0.08386666666666667,2516,0.9161333333333334,1.1716919231370098,25604,1,22104,0.7006241605413325,False,-9.666221379476198,False,ok,,0.01853512501111254
16,7,Normal,30000,5,0.1,3,2026107703,7.052207753018317,new_lower_rho_same_seed_schedule,False,23,-2.9597672130008377,0.05686666666666667,1706,0.9431333333333334,1.1386495616199188,26347,1,23272,0.5386303245414675,False,-10.011974966019155,False,ok,,0.017342583974823356
16,7,Normal,30000,5,0.1,3,2026107703,7.052207753018317,new_lower_rho_same_seed_schedule,False,24,-3.1803362521807315,0.0449,1347,0.9551,1.1154489682097044,26895,1,24233,0.434126707532034,False,-10.232544005199049,False,ok,,0.018165917019359767
16,7,Normal,30000,5,0.1,3,2026107703,7.052207753018317,new_lower_rho_same_seed_schedule,False,25,-3.5530364393736336,0.03123333333333333,937,0.9687666666666667,1.0934937124111537,27435,1,25167,0.3264013559584136,False,-10.60524419239195,False,ok,,0.016202625003643334
16,7,Normal,30000,5,0.1,3,2026107703,7.052207753018317,new_lower_rho_same_seed_schedule,False,26,-3.67498571518341,0.022166666666666668,665,0.9778333333333333,1.0766580534022394,27864,1,25926,0.2509469316810202,False,-10.727193468201728,False,ok,,0.01566283399006352
16,7,Normal,30000,5,0.1,3,2026107703,7.052207753018317,new_lower_rho_same_seed_schedule,False,27,-3.766436690714721,0.018533333333333332,556,0.9814666666666667,1.0647359454855196,28176,1,26520,0.2077554480322516,False,-10.818644443733039,False,ok,,0.015612290997523814
16,7,Normal,30000,5,0.1,3,2026107703,7.052207753018317,new_lower_rho_same_seed_schedule,False,28,-3.9331750742358462,0.014033333333333333,421,0.9859666666666667,1.0545927514324884,28447,1,27007,0.16956181203981624,False,-10.985382827254163,False,ok,,0.015043790976051241
16,7,Normal,30000,5,0.1,3,2026107703,7.052207753018317,new_lower_rho_same_seed_schedule,False,29,-4.2646520072338525,0.009333333333333334,280,0.9906666666666667,1.0455511797302477,28693,1,27456,0.12619466067062599,False,-11.31685976025217,False,ok,,0.01535079098539427
16,7,Normal,30000,5,0.1,3,2026107703,7.052207753018317,new_lower_rho_same_seed_schedule,False,30,-4.410119279934161,0.006733333333333333,202,0.9932666666666666,1.0375596596804317,28914,1,27878,0.1003711874178659,False,-11.462327032952478,False,ok,,0.015189750003628433
16,7,Normal,30000,5,0.1,3,2026107703,7.052207753018317,new_lower_rho_same_seed_schedule,False,31,-4.748657884406583,0.0057,171,0.9943,1.0320627494151644,29068,1,28177,0.08616296495473717,False,-11.8008656374249,False,ok,,0.015338332974351943
16,7,Normal,30000,5,0.1,3,2026107703,7.052207753018317,new_lower_rho_same_seed_schedule,False,32,-4.665686210552815,0.005166666666666667,155,0.9948333333333333,1.0275380189066996,29196,1,28433,0.07714223035298605,False,-11.717893963571132,False,ok,,0.01492908300133422
16,7,Normal,30000,5,0.1,3,2026107703,7.052207753018317,new_lower_rho_same_seed_schedule,False,33,-5.317410108613373,0.0035666666666666668,107,0.9964333333333333,1.0224251925567447,29342,1,28709,0.05953262467687841,False,-12.36961786163169,False,ok,,0.015031541988719255
16,7,Normal,30000,5,0.1,3,2026107703,7.052207753018317,new_lower_rho_same_seed_schedule,False,34,-5.448930648959383,0.002266666666666667,68,0.9977333333333334,1.0200612036722203,29410,1,28831,0.04662509475592705,False,-12.5011384019777,False,ok,,0.014185957959853113
16,7,Normal,30000,5,0.1,3,2026107703,7.052207753018317,new_lower_rho_same_seed_schedule,False,35,-5.053835056742593,0.0021666666666666666,65,0.9978333333333333,1.0175700427379417,29482,1,28974,0.04076785492292823,False,-12.106042809760911,False,ok,,0.013927791966125369
16,7,Normal,30000,5,0.1,3,2026107703,7.052207753018317,new_lower_rho_same_seed_schedule,False,36,-5.084271574823051,0.0017333333333333333,52,0.9982666666666666,1.0154689774227397,29543,1,29091,0.033289824537715194,False,-12.136479327841368,False,ok,,0.014271792024374008
16,7,Normal,30000,5,0.1,3,2026107703,7.052207753018317,new_lower_rho_same_seed_schedule,False,37,-5.521020349781041,0.0013666666666666666,41,0.9986333333333334,1.0146103896103895,29568,1,29143,0.03303389418092278,False,-12.573228102799359,False,ok,,0.01387616596184671
16,7,Normal,30000,5,0.1,3,2026107703,7.052207753018317,new_lower_rho_same_seed_schedule,False,38,-5.012018899565529,0.0013666666666666666,41,0.9986333333333334,1.0123506782749545,29634,1,29275,0.02845836245292303,False,-12.064226652583846,False,ok,,0.014968333998695016
16,7,Normal,30000,5,0.1,3,2026107703,7.052207753018317,new_lower_rho_same_seed_schedule,False,39,-5.661509318665679,0.0011333333333333334,34,0.9988666666666667,1.011020119300374,29673,1,29350,0.024587453727072058,False,-12.713717071683996,False,ok,,0.014456290984526277
16,7,Normal,30000,5,0.1,3,2026107703,7.052207753018317,new_lower_rho_same_seed_schedule,False,40,-5.178307368062183,0.0011666666666666668,35,0.9988333333333334,1.009387301907742,29721,1,29448,0.022096199294907682,False,-12.2305151210805,False,ok,,0.014106417016591877
16,7,Normal,30000,5,0.1,4,2026107704,7.052207753018317,new_lower_rho_same_seed_schedule,False,1,7.083469360921132,1.0,30000,0.0,30000.0,1,30000,0,1.0462270116805463,False,0.03126160790281496,False,ok,,0.015015832963399589
16,7,Normal,30000,5,0.1,4,2026107704,7.052207753018317,new_lower_rho_same_seed_schedule,False,2,6.913313145820063,1.0,30000,0.0,937.5,32,415,0,1.2080822895805676,False,-0.13889460719825397,False,ok,,0.01551325002219528
16,7,Normal,30000,5,0.1,4,2026107704,7.052207753018317,new_lower_rho_same_seed_schedule,False,3,6.7827007729574,0.998,29940,0.0020000000000000018,158.73015873015873,189,1,23,1.2575399038135617,False,-0.26950698006091756,False,ok,,0.015665207989513874
16,7,Normal,30000,5,0.1,4,2026107704,7.052207753018317,new_lower_rho_same_seed_schedule,False,4,6.574803515956529,0.9934333333333333,29803,0.006566666666666721,70.58823529411765,425,1,96,1.403859517370778,False,-0.4774042370617879,False,ok,,0.014403417007997632
16,7,Normal,30000,5,0.1,4,2026107704,7.052207753018317,new_lower_rho_same_seed_schedule,False,5,6.2983787423194295,0.985,29550,0.015000000000000013,35.75685339690107,839,1,237,1.6051894544503273,False,-0.7538290106988876,False,ok,,0.014504999970085919
16,7,Normal,30000,5,0.1,4,2026107704,7.052207753018317,new_lower_rho_same_seed_schedule,False,6,5.940747633068929,0.9734666666666667,29204,0.026533333333333298,21.306818181818183,1408,1,399,1.8328060434015647,False,-1.1114601199493883,False,ok,,0.01524687500204891
16,7,Normal,30000,5,0.1,4,2026107704,7.052207753018317,new_lower_rho_same_seed_schedule,False,7,5.48423361067964,0.9556666666666667,28670,0.044333333333333336,13.250883392226148,2264,1,762,2.0731582957935837,False,-1.5679741423386773,False,ok,,0.01614970900118351
16,7,Normal,30000,5,0.1,4,2026107704,7.052207753018317,new_lower_rho_same_seed_schedule,False,8,5.00582939276543,0.9272666666666667,27818,0.07273333333333332,8.933889219773675,3358,1,1322,2.278836314553998,False,-2.046378360252887,False,ok,,0.017236415995284915
16,7,Normal,30000,5,0.1,4,2026107704,7.052207753018317,new_lower_rho_same_seed_schedule,False,9,4.431712294591531,0.8926666666666667,26780,0.10733333333333328,6.475285991797971,4633,1,1870,2.5406690485256314,False,-2.6204954584267863,False,ok,,0.01809062500251457
16,7,Normal,30000,5,0.1,4,2026107704,7.052207753018317,new_lower_rho_same_seed_schedule,False,10,3.830327394560451,0.8418,25254,0.1582,4.804612427930814,6244,1,2760,2.688754881767342,False,-3.221880358457866,False,ok,,0.018551790970377624
16,7,Normal,30000,5,0.1,4,2026107704,7.052207753018317,new_lower_rho_same_seed_schedule,False,11,3.1645447918386598,0.7901666666666667,23705,0.20983333333333332,3.7688442211055277,7960,1,3777,2.8494120671658862,False,-3.8876629611796574,False,ok,,0.019616291974671185
16,7,Normal,30000,5,0.1,4,2026107704,7.052207753018317,new_lower_rho_same_seed_schedule,False,12,2.4857719632564903,0.7289,21867,0.2711,3.0546787496181653,9821,1,5002,2.910709416727417,False,-4.566435789761827,False,ok,,0.021144333004485816
16,7,Normal,30000,5,0.1,4,2026107704,7.052207753018317,new_lower_rho_same_seed_schedule,False,13,1.8376817540813914,0.6565333333333333,19696,0.3434666666666667,2.557762810128741,11729,1,6393,2.8618928595849344,False,-5.214525998936926,False,ok,,0.023904500005301088
16,7,Normal,30000,5,0.1,4,2026107704,7.052207753018317,new_lower_rho_same_seed_schedule,False,14,1.1299282598655918,0.5742,17226,0.42579999999999996,2.1781746896101066,13773,1,8004,2.765315053315941,False,-5.922279493152725,False,ok,,0.021963250008411705
16,7,Normal,30000,5,0.1,4,2026107704,7.052207753018317,new_lower_rho_same_seed_schedule,False,15,0.4637673176175905,0.4940333333333333,14821,0.5059666666666667,1.9068200597470286,15733,1,9791,2.561850810225531,False,-6.588440435400726,False,ok,,0.02275804098462686
16,7,Normal,30000,5,0.1,4,2026107704,7.052207753018317,new_lower_rho_same_seed_schedule,False,16,-0.07218991463824098,0.4132,12396,0.5868,1.7076502732240437,17568,1,11614,2.327127010838511,False,-7.124397667656558,False,ok,,0.02233970898669213
16,7,Normal,30000,5,0.1,4,2026107704,7.052207753018317,new_lower_rho_same_seed_schedule,False,17,-0.6965485667510771,0.3380666666666667,10142,0.6619333333333333,1.5499870834409712,19355,1,13569,2.055719351868521,False,-7.748756319769394,False,ok,,0.023658916994463652
16,7,Normal,30000,5,0.1,4,2026107704,7.052207753018317,new_lower_rho_same_seed_schedule,False,18,-1.1929533047857255,0.25883333333333336,7765,0.7411666666666666,1.4283673760891302,21003,1,15485,1.7001076336309027,False,-8.245161057804042,False,ok,,0.022173541015945375
16,7,Normal,30000,5,0.1,4,2026107704,7.052207753018317,new_lower_rho_same_seed_schedule,False,19,-1.5962766230791055,0.20056666666666667,6017,0.7994333333333333,1.3428226131328052,22341,1,17206,1.4223012133474984,False,-8.648484376097423,False,ok,,0.022126167023088783
16,7,Normal,30000,5,0.1,4,2026107704,7.052207753018317,new_lower_rho_same_seed_schedule,False,20,-2.073219033425124,0.14903333333333332,4471,0.8509666666666666,1.2687671812222456,23645,1,19043,1.1306771204468808,False,-9.125426786443441,False,ok,,0.021602541964966804
16,7,Normal,30000,5,0.1,4,2026107704,7.052207753018317,new_lower_rho_same_seed_schedule,False,21,-2.4172948357885127,0.1181,3543,0.8819,1.222444073183652,24541,1,20418,0.9366112067414842,False,-9.46950258880683,False,ok,,0.0198796660406515
16,7,Normal,30000,5,0.1,4,2026107704,7.052207753018317,new_lower_rho_same_seed_schedule,False,22,-2.7046768993262513,0.08656666666666667,2597,0.9134333333333333,1.1750881316098707,25530,1,21990,0.726418442512758,False,-9.756884652344569,False,ok,,0.018788000044878572
16,7,Normal,30000,5,0.1,4,2026107704,7.052207753018317,new_lower_rho_same_seed_schedule,False,23,-3.093829947271693,0.06366666666666666,1910,0.9363333333333334,1.1453879047037263,26192,1,23035,0.582640524299538,False,-10.14603770029001,False,ok,,0.0184009590302594
16,7,Normal,30000,5,0.1,4,2026107704,7.052207753018317,new_lower_rho_same_seed_schedule,False,24,-3.299291617087879,0.04763333333333333,1429,0.9523666666666667,1.1172352152539848,26852,1,24164,0.44764904710242603,False,-10.351499370106197,False,ok,,0.017834250000305474
16,7,Normal,30000,5,0.1,4,2026107704,7.052207753018317,new_lower_rho_same_seed_schedule,False,25,-3.4912094469703354,0.034133333333333335,1024,0.9658666666666667,1.0993440580453662,27289,1,24915,0.3592275252079874,False,-10.543417199988653,False,ok,,0.016646833042614162
16,7,Normal,30000,5,0.1,4,2026107704,7.052207753018317,new_lower_rho_same_seed_schedule,False,26,-3.9510014562537963,0.0238,714,0.9762,1.0809642200843153,27753,1,25722,0.2693874069327681,False,-11.003209209272114,False,ok,,0.01620524999452755
16,7,Normal,30000,5,0.1,4,2026107704,7.052207753018317,new_lower_rho_same_seed_schedule,False,27,-3.872384262771289,0.017166666666666667,515,0.9828333333333333,1.0657572205051689,28149,1,26455,0.20883151688174684,False,-10.924592015789607,False,ok,,0.017294000019319355
16,7,Normal,30000,5,0.1,4,2026107704,7.052207753018317,new_lower_rho_same_seed_schedule,False,28,-4.352157625344758,0.0128,384,0.9872,1.0581264108352144,28352,1,26801,0.16680807062471675,False,-11.404365378363075,False,ok,,0.016493208007887006
16,7,Normal,30000,5,0.1,4,2026107704,7.052207753018317,new_lower_rho_same_seed_schedule,False,29,-4.213489193550496,0.010666666666666666,320,0.9893333333333333,1.0488410306611196,28603,1,27294,0.14077326359142542,False,-11.265696946568813,False,ok,,0.015272666001692414
16,7,Normal,30000,5,0.1,4,2026107704,7.052207753018317,new_lower_rho_same_seed_schedule,False,30,-4.7670566033749004,0.006933333333333333,208,0.9930666666666667,1.03892505887242,28876,1,27799,0.10415351307247106,False,-11.819264356393218,False,ok,,0.015341208025347441
16,7,Normal,30000,5,0.1,4,2026107704,7.052207753018317,new_lower_rho_same_seed_schedule,False,31,-4.529730116101992,0.006366666666666666,191,0.9936333333333334,1.0348395998620215,28990,1,28027,0.09430736380344966,False,-11.58193786912031,False,ok,,0.01521674997638911
16,7,Normal,30000,5,0.1,4,2026107704,7.052207753018317,new_lower_rho_same_seed_schedule,False,32,-4.900700979798789,0.005033333333333333,151,0.9949666666666667,1.0305736860185504,29110,1,28255,0.08154245919591939,False,-11.952908732817107,False,ok,,0.015137750015128404
16,7,Normal,30000,5,0.1,4,2026107704,7.052207753018317,new_lower_rho_same_seed_schedule,False,33,-5.091342856558301,0.0035666666666666668,107,0.9964333333333333,1.0251853876909407,29263,1,28548,0.06253911402091028,False,-12.143550609576618,False,ok,,0.014549290994182229
16,7,Normal,30000,5,0.1,4,2026107704,7.052207753018317,new_lower_rho_same_seed_schedule,False,34,-5.4242470726115215,0.0032,96,0.9968,1.0212418300653594,29376,1,28772,0.05314404754522304,False,-12.476454825629839,False,ok,,0.013914041977841407
16,7,Normal,30000,5,0.1,4,2026107704,7.052207753018317,new_lower_rho_same_seed_schedule,False,35,-5.287759471948317,0.0023,69,0.9977,1.0178117048346056,29475,1,28964,0.042809443245871985,False,-12.339967224966635,False,ok,,0.014019207970704883
16,7,Normal,30000,5,0.1,4,2026107704,7.052207753018317,new_lower_rho_same_seed_schedule,False,36,-5.585428730836065,0.0025666666666666667,77,0.9974333333333333,1.015331505736623,29547,1,29111,0.04006611197826471,False,-12.637636483854383,False,ok,,0.014186625019647181
16,7,Normal,30000,5,0.1,4,2026107704,7.052207753018317,new_lower_rho_same_seed_schedule,False,37,-5.121547948289185,0.0013,39,0.9987,1.014644705245713,29567,1,29141,0.033464270322965034,False,-12.173755701307503,False,ok,,0.013799666950944811
16,7,Normal,30000,5,0.1,4,2026107704,7.052207753018317,new_lower_rho_same_seed_schedule,False,38,-6.275353077127992,0.0011,33,0.9989,1.0120433154539015,29643,1,29290,0.026299732458653483,False,-13.327560830146309,False,ok,,0.013850249990355223
16,7,Normal,30000,5,0.1,4,2026107704,7.052207753018317,new_lower_rho_same_seed_schedule,False,39,-5.839487867574142,0.0013,39,0.9987,1.0119409026512851,29646,1,29297,0.02681874455560122,False,-12.89169562059246,False,ok,,0.014063333976082504
16,7,Normal,30000,5,0.1,4,2026107704,7.052207753018317,new_lower_rho_same_seed_schedule,False,40,-6.199414473387117,0.0006666666666666666,20,0.9993333333333333,1.0088102764140157,29738,1,29478,0.01829396375962954,False,-13.251622226405434,False,ok,,0.01359841600060463
16,7,Normal,30000,5,0.1,5,2026107705,7.052207753018317,new_lower_rho_same_seed_schedule,False,1,7.1017069897151845,1.0,30000,0.0,30000.0,1,30000,0,1.0463739840327848,False,0.0494992366968674,False,ok,,0.014394750003702939
16,7,Normal,30000,5,0.1,5,2026107705,7.052207753018317,new_lower_rho_same_seed_schedule,False,2,6.935310828181258,1.0,30000,0.0,937.5,32,395,0,1.2073946794645225,False,-0.11689692483705905,False,ok,,0.014304750016890466
16,7,Normal,30000,5,0.1,5,2026107705,7.052207753018317,new_lower_rho_same_seed_schedule,False,3,6.792236591694367,0.9978666666666667,29936,0.0021333333333333204,156.25,192,1,20,1.265148335699055,False,-0.25997116132394993,False,ok,,0.016353624989278615
16,7,Normal,30000,5,0.1,5,2026107705,7.052207753018317,new_lower_rho_same_seed_schedule,False,4,6.58550269782075,0.9929333333333333,29788,0.0070666666666666655,66.3716814159292,452,1,115,1.4155176097735793,False,-0.46670505519756755,False,ok,,0.014167374989483505
16,7,Normal,30000,5,0.1,5,2026107705,7.052207753018317,new_lower_rho_same_seed_schedule,False,5,6.282428804443255,0.9846666666666667,29540,0.01533333333333331,34.36426116838488,873,1,235,1.610411232570732,False,-0.7697789485750626,False,ok,,0.015379165997728705
16,7,Normal,30000,5,0.1,5,2026107705,7.052207753018317,new_lower_rho_same_seed_schedule,False,6,5.91391433196837,0.9717666666666667,29153,0.028233333333333333,19.93355481727575,1505,1,487,1.8387806984508355,False,-1.138293421049947,False,ok,,0.015544458001386374
16,7,Normal,30000,5,0.1,5,2026107705,7.052207753018317,new_lower_rho_same_seed_schedule,False,7,5.4898226946281214,0.9499333333333333,28498,0.050066666666666704,12.77139208173691,2349,1,803,2.0720383500970696,False,-1.5623850583901957,False,ok,,0.016918625042308122
16,7,Normal,30000,5,0.1,5,2026107705,7.052207753018317,new_lower_rho_same_seed_schedule,False,8,4.966463600729573,0.9238666666666666,27716,0.07613333333333339,8.680555555555555,3456,1,1297,2.313995179256376,False,-2.0857441522887443,False,ok,,0.017559500003699213
16,7,Normal,30000,5,0.1,5,2026107705,7.052207753018317,new_lower_rho_same_seed_schedule,False,9,4.37845219328019,0.8849,26547,0.11509999999999998,6.1893955023726015,4847,1,1976,2.5422775464920986,False,-2.673755559738127,False,ok,,0.018205583037342876
16,7,Normal,30000,5,0.1,5,2026107705,7.052207753018317,new_lower_rho_same_seed_schedule,False,10,3.752988488370549,0.8380333333333333,25141,0.1619666666666667,4.659108557229383,6439,1,2858,2.7284353740273644,False,-3.299219264647768,False,ok,,0.019018083985429257
16,7,Normal,30000,5,0.1,5,2026107705,7.052207753018317,new_lower_rho_same_seed_schedule,False,11,3.104258806471933,0.7793666666666667,23381,0.22063333333333335,3.634161114476075,8255,1,4022,2.8197421056282175,False,-3.947948946546384,False,ok,,0.020002291013952345
16,7,Normal,30000,5,0.1,5,2026107705,7.052207753018317,new_lower_rho_same_seed_schedule,False,12,2.4145796388342493,0.7139,21417,0.2861,2.9577048210588583,10143,1,5239,2.88081814332512,False,-4.637628114184068,False,ok,,0.02073274995200336
16,7,Normal,30000,5,0.1,5,2026107705,7.052207753018317,new_lower_rho_same_seed_schedule,False,13,1.7217020921188666,0.6389666666666667,19169,0.3610333333333333,2.4740227610094014,12126,1,6663,2.850167260580291,False,-5.33050566089945,False,ok,,0.021031124982982874
16,7,Normal,30000,5,0.1,5,2026107705,7.052207753018317,new_lower_rho_same_seed_schedule,False,14,1.0852088921230196,0.5620666666666667,16862,0.4379333333333333,2.1331058020477816,14064,1,8239,2.727841695600022,False,-5.9669988608952975,False,ok,,0.022291583998594433
16,7,Normal,30000,5,0.1,5,2026107705,7.052207753018317,new_lower_rho_same_seed_schedule,False,15,0.3883577715555827,0.4774333333333333,14323,0.5225666666666666,1.8643962463488908,16091,1,10105,2.529207693355797,False,-6.663849981462734,False,ok,,0.022701292007695884
16,7,Normal,30000,5,0.1,5,2026107705,7.052207753018317,new_lower_rho_same_seed_schedule,False,16,-0.15270325080519986,0.393,11790,0.607,1.6696349065004452,17968,1,12032,2.2326930675465118,False,-7.204911003823517,False,ok,,0.022609208011999726
16,7,Normal,30000,5,0.1,5,2026107705,7.052207753018317,new_lower_rho_same_seed_schedule,False,17,-0.7360821385569252,0.3138666666666667,9416,0.6861333333333333,1.5169135864893564,19777,1,14027,1.9295678897676387,False,-7.788289891575243,False,ok,,0.021140666969586164
16,7,Normal,30000,5,0.1,5,2026107705,7.052207753018317,new_lower_rho_same_seed_schedule,False,18,-1.2132739443035145,0.2527,7581,0.7473000000000001,1.414827391058291,21204,1,15777,1.6578798160273664,False,-8.265481697321832,False,ok,,0.021352540992666036
16,7,Normal,30000,5,0.1,5,2026107705,7.052207753018317,new_lower_rho_same_seed_schedule,False,19,-1.7040864708391887,0.19103333333333333,5731,0.8089666666666666,1.3226930029540143,22681,1,17733,1.366056053055987,False,-8.756294223857505,False,ok,,0.02083674998721108
16,7,Normal,30000,5,0.1,5,2026107705,7.052207753018317,new_lower_rho_same_seed_schedule,False,20,-2.0468321127924343,0.14126666666666668,4238,0.8587333333333333,1.2568603628136914,23869,1,19407,1.0621218567913442,False,-9.099039865810752,False,ok,,0.020085041993297637
16,7,Normal,30000,5,0.1,5,2026107705,7.052207753018317,new_lower_rho_same_seed_schedule,False,21,-2.4550052841802827,0.107,3210,0.893,1.2068549360366885,24858,1,20928,0.873868491353931,False,-9.5072130371986,False,ok,,0.01904358295723796
16,7,Normal,30000,5,0.1,5,2026107705,7.052207753018317,new_lower_rho_same_seed_schedule,False,22,-2.7232905659617628,0.0787,2361,0.9213,1.1673151750972763,25700,1,22244,0.6774647267737993,False,-9.77549831898008,False,ok,,0.01766124996356666
16,7,Normal,30000,5,0.1,5,2026107705,7.052207753018317,new_lower_rho_same_seed_schedule,False,23,-3.016415377085218,0.05736666666666667,1721,0.9426333333333333,1.1372251705837755,26380,1,23344,0.5249494461421855,False,-10.068623130103536,False,ok,,0.017847874958533794
16,7,Normal,30000,5,0.1,5,2026107705,7.052207753018317,new_lower_rho_same_seed_schedule,False,24,-3.2713443213419846,0.03883333333333333,1165,0.9611666666666667,1.1097957975732464,27032,1,24430,0.39609466144804223,False,-10.323552074360302,False,ok,,0.017248582968022674
16,7,Normal,30000,5,0.1,5,2026107705,7.052207753018317,new_lower_rho_same_seed_schedule,False,25,-3.4995495403133763,0.03286666666666667,986,0.9671333333333333,1.0918619886446352,27476,1,25268,0.33637454605266137,False,-10.551757293331693,False,ok,,0.016004208009690046
16,7,Normal,30000,5,0.1,5,2026107705,7.052207753018317,new_lower_rho_same_seed_schedule,False,26,-3.7484429221420457,0.019833333333333335,595,0.9801666666666666,1.0753073586866913,27899,1,25971,0.23477521381083769,False,-10.800650675160362,False,ok,,0.015512291982304305
16,7,Normal,30000,5,0.1,5,2026107705,7.052207753018317,new_lower_rho_same_seed_schedule,False,27,-4.093356233067839,0.0189,567,0.9811,1.0629251700680271,28224,1,26607,0.2105160642997777,False,-11.145563986086156,False,ok,,0.01579604099970311
16,7,Normal,30000,5,0.1,5,2026107705,7.052207753018317,new_lower_rho_same_seed_schedule,False,28,-4.19658465258868,0.011433333333333334,343,0.9885666666666667,1.0521885521885521,28512,1,27115,0.15274930677654214,False,-11.248792405606997,False,ok,,0.015643915976397693
16,7,Normal,30000,5,0.1,5,2026107705,7.052207753018317,new_lower_rho_same_seed_schedule,False,29,-4.446759433895657,0.0094,282,0.9906,1.0439866369710469,28736,1,27548,0.1272711450205571,False,-11.498967186913974,False,ok,,0.015494875027798116
16,7,Normal,30000,5,0.1,5,2026107705,7.052207753018317,new_lower_rho_same_seed_schedule,False,30,-4.513088707809854,0.008333333333333333,250,0.9916666666666667,1.0384934921074496,28888,1,27838,0.10888734941294385,False,-11.565296460828172,False,ok,,0.015151624975260347
16,7,Normal,30000,5,0.1,5,2026107705,7.052207753018317,new_lower_rho_same_seed_schedule,False,31,-4.942097709236181,0.0054,162,0.9946,1.0308924091955602,29101,1,28243,0.08286449117210447,False,-11.994305462254498,False,ok,,0.01686170801986009
16,7,Normal,30000,5,0.1,5,2026107705,7.052207753018317,new_lower_rho_same_seed_schedule,False,32,-4.910167674376391,0.0055,165,0.9945,1.0287007509515482,29163,1,28365,0.07931812798724548,False,-11.962375427394708,False,ok,,0.016146250010933727
16,7,Normal,30000,5,0.1,5,2026107705,7.052207753018317,new_lower_rho_same_seed_schedule,False,33,-4.744316985641516,0.003533333333333333,106,0.9964666666666666,1.0225297385732302,29339,1,28698,0.05580581991084106,False,-11.796524738659834,False,ok,,0.01679929200327024
16,7,Normal,30000,5,0.1,5,2026107705,7.052207753018317,new_lower_rho_same_seed_schedule,False,34,-4.946806244758743,0.0026666666666666666,80,0.9973333333333333,1.0198531411476748,29416,1,28846,0.047529169527076746,False,-11.999013997777059,False,ok,,0.015174540982116014
16,7,Normal,30000,5,0.1,5,2026107705,7.052207753018317,new_lower_rho_same_seed_schedule,False,35,-5.199615959523422,0.0023,69,0.9977,1.018191691555797,29464,1,28936,0.040050307907791335,False,-12.25182371254174,False,ok,,0.014191250025760382
16,7,Normal,30000,5,0.1,5,2026107705,7.052207753018317,new_lower_rho_same_seed_schedule,False,36,-5.818720377199759,0.0018666666666666666,56,0.9981333333333333,1.015572105619499,29540,1,29088,0.036198900295710865,False,-12.870928130218076,False,ok,,0.014246457954868674
16,7,Normal,30000,5,0.1,5,2026107705,7.052207753018317,new_lower_rho_same_seed_schedule,False,37,-6.373801419280757,0.0012666666666666666,38,0.9987333333333334,1.0134450374974664,29602,1,29209,0.02907313542358804,False,-13.426009172299075,False,ok,,0.014201082987710834
16,7,Normal,30000,5,0.1,5,2026107705,7.052207753018317,new_lower_rho_same_seed_schedule,False,38,-5.928887234629609,0.0013,39,0.9987,1.0121798981072236,29639,1,29283,0.027147773612659267,False,-12.981094987647925,False,ok,,0.014721542014740407
16,7,Normal,30000,5,0.1,5,2026107705,7.052207753018317,new_lower_rho_same_seed_schedule,False,39,-6.242246597990277,0.0012333333333333332,37,0.9987666666666667,1.0091496232508073,29728,1,29463,0.0218128759283166,False,-13.294454351008593,False,ok,,0.014057250053156167
16,7,Normal,30000,5,0.1,5,2026107705,7.052207753018317,new_lower_rho_same_seed_schedule,False,40,-5.977973672952018,0.0007333333333333333,22,0.9992666666666666,1.0090817356205852,29730,1,29461,0.01868359355065459,False,-13.030181425970335,False,ok,,0.01486629102146253
16,7,Normal,30000,5,0.1,6,2026107706,7.052207753018317,new_lower_rho_same_seed_schedule,False,1,7.082660989679702,1.0,30000,0.0,30000.0,1,30000,0,1.0459623788396226,False,0.03045323666138522,False,ok,,0.014226207975298166
16,7,Normal,30000,5,0.1,6,2026107706,7.052207753018317,new_lower_rho_same_seed_schedule,False,2,6.916375677779722,1.0,30000,0.0,937.5,32,494,0,1.2101657729488338,False,-0.13583207523859553,False,ok,,0.014258167007938027
16,7,Normal,30000,5,0.1,6,2026107706,7.052207753018317,new_lower_rho_same_seed_schedule,False,3,6.774363975976594,0.9981,29943,0.0019000000000000128,152.28426395939087,197,1,32,1.2710973792815543,False,-0.27784377704172325,False,ok,,0.015124875004403293
16,7,Normal,30000,5,0.1,6,2026107706,7.052207753018317,new_lower_rho_same_seed_schedule,False,4,6.549107830895051,0.9923,29769,0.00770000000000004,64.79481641468682,463,1,100,1.427034106131894,False,-0.5030999221232664,False,ok,,0.01435729197692126
16,7,Normal,30000,5,0.1,6,2026107706,7.052207753018317,new_lower_rho_same_seed_schedule,False,5,6.254663617404111,0.9843,29529,0.015700000000000047,33.4075723830735,898,1,258,1.623870979864804,False,-0.7975441356142063,False,ok,,0.015153750020544976
16,7,Normal,30000,5,0.1,6,2026107706,7.052207753018317,new_lower_rho_same_seed_schedule,False,6,5.896834747458801,0.9687,29061,0.031299999999999994,19.367333763718527,1549,1,508,1.8308927951305873,False,-1.1553730055595164,False,ok,,0.016052749997470528
16,7,Normal,30000,5,0.1,6,2026107706,7.052207753018317,new_lower_rho_same_seed_schedule,False,7,5.434493179675929,0.9480666666666666,28442,0.05193333333333339,12.20008133387556,2459,1,882,2.0834704291861716,False,-1.617714573342388,False,ok,,0.016110875003505498
16,7,Normal,30000,5,0.1,6,2026107706,7.052207753018317,new_lower_rho_same_seed_schedule,False,8,4.88155807569286,0.9199,27597,0.08009999999999995,8.244023083264633,3639,1,1410,2.348862362812715,False,-2.170649677325457,False,ok,,0.01772312499815598
16,7,Normal,30000,5,0.1,6,2026107706,7.052207753018317,new_lower_rho_same_seed_schedule,False,9,4.2889020056165945,0.8793,26379,0.12070000000000003,5.967774020290432,5027,1,2072,2.5647215317327943,False,-2.7633057474017226,False,ok,,0.017938749981112778
16,7,Normal,30000,5,0.1,6,2026107706,7.052207753018317,new_lower_rho_same_seed_schedule,False,10,3.6611292824724995,0.8326,24978,0.1674,4.537205081669692,6612,1,2930,2.7340776339273254,False,-3.3910784705458177,False,ok,,0.01880916696973145
16,7,Normal,30000,5,0.1,6,2026107706,7.052207753018317,new_lower_rho_same_seed_schedule,False,11,2.974496801879241,0.7704,23112,0.22960000000000003,3.532320734722713,8493,1,4117,2.846275338798934,False,-4.077710951139077,False,ok,,0.020340541028417647
16,7,Normal,30000,5,0.1,6,2026107706,7.052207753018317,new_lower_rho_same_seed_schedule,False,12,2.324416199032814,0.7044,21132,0.2956,2.8885037550548818,10386,1,5424,2.8882356763717936,False,-4.727791553985503,False,ok,,0.0213075409992598
16,7,Normal,30000,5,0.1,6,2026107706,7.052207753018317,new_lower_rho_same_seed_schedule,False,13,1.6119731881721477,0.6254333333333333,18763,0.3745666666666667,2.4013447530617147,12493,1,7041,2.8087153653234744,False,-5.440234564846169,False,ok,,0.02134641696466133
16,7,Normal,30000,5,0.1,6,2026107706,7.052207753018317,new_lower_rho_same_seed_schedule,False,14,0.987707534257035,0.5451333333333334,16354,0.45486666666666664,2.073398299813394,14469,1,8725,2.668374575589024,False,-6.064500218761282,False,ok,,0.022489874972961843
16,7,Normal,30000,5,0.1,6,2026107706,7.052207753018317,new_lower_rho_same_seed_schedule,False,15,0.32817247578584835,0.4641,13923,0.5359,1.8242626938279112,16445,1,10583,2.4471314721495236,False,-6.724035277232469,False,ok,,0.022492874995805323
16,7,Normal,30000,5,0.1,6,2026107706,7.052207753018317,new_lower_rho_same_seed_schedule,False,16,-0.322295618394932,0.38543333333333335,11563,0.6145666666666667,1.642935377875137,18260,1,12418,2.2139632119347556,False,-7.374503371413249,False,ok,,0.02182191703468561
16,7,Normal,30000,5,0.1,6,2026107706,7.052207753018317,new_lower_rho_same_seed_schedule,False,17,-0.8252379638395018,0.30696666666666667,9209,0.6930333333333334,1.5037593984962405,19950,1,14276,1.9043485363276922,False,-7.877445716857819,False,ok,,0.02141874999506399
16,7,Normal,30000,5,0.1,6,2026107706,7.052207753018317,new_lower_rho_same_seed_schedule,False,18,-1.3264528066588288,0.23636666666666667,7091,0.7636333333333334,1.388503193557345,21606,1,16346,1.5764946117193244,False,-8.378660559677146,False,ok,,0.021219999995082617
16,7,Normal,30000,5,0.1,6,2026107706,7.052207753018317,new_lower_rho_same_seed_schedule,False,19,-1.83038242707676,0.18373333333333333,5512,0.8162666666666667,1.307930418101757,22937,1,18139,1.307773380805162,False,-8.882590180095077,False,ok,,0.020455958030652255
16,7,Normal,30000,5,0.1,6,2026107706,7.052207753018317,new_lower_rho_same_seed_schedule,False,20,-2.2610670288254746,0.1395,4185,0.8605,1.2505731793738797,23989,1,19599,1.0789031289100344,False,-9.313274781843791,False,ok,,0.01973720802925527
16,7,Normal,30000,5,0.1,6,2026107706,7.052207753018317,new_lower_rho_same_seed_schedule,False,21,-2.6040886346653247,0.09976666666666667,2993,0.9002333333333333,1.195076285702904,25103,1,21309,0.8166858321955653,False,-9.656296387683643,False,ok,,0.01874058396788314
16,7,Normal,30000,5,0.1,6,2026107706,7.052207753018317,new_lower_rho_same_seed_schedule,False,22,-2.866181661688933,0.07496666666666667,2249,0.9250333333333334,1.1611704598235022,25836,1,22471,0.6564005444555356,False,-9.91838941470725,False,ok,,0.018659125023987144
16,7,Normal,30000,5,0.1,6,2026107706,7.052207753018317,new_lower_rho_same_seed_schedule,False,23,-3.268295546870444,0.05566666666666667,1670,0.9443333333333334,1.1325883418906675,26488,1,23534,0.5181225220654043,False,-10.320503299888761,False,ok,,0.01793979201465845
16,7,Normal,30000,5,0.1,6,2026107706,7.052207753018317,new_lower_rho_same_seed_schedule,False,24,-3.523477673202777,0.04106666666666667,1232,0.9589333333333333,1.10819696354032,27071,1,24543,0.4032014234972083,False,-10.575685426221094,False,ok,,0.016939166001975536
16,7,Normal,30000,5,0.1,6,2026107706,7.052207753018317,new_lower_rho_same_seed_schedule,False,25,-3.758349157290519,0.0285,855,0.9715,1.0868383871318334,27603,1,25473,0.3038157333805209,False,-10.810556910308836,False,ok,,0.016568291990552098
16,7,Normal,30000,5,0.1,6,2026107706,7.052207753018317,new_lower_rho_same_seed_schedule,False,26,-3.855495723162853,0.0219,657,0.9781,1.0723093970046824,27977,1,26145,0.23973657150121627,False,-10.90770347618117,False,ok,,0.016541208955459297
16,7,Normal,30000,5,0.1,6,2026107706,7.052207753018317,new_lower_rho_same_seed_schedule,False,27,-4.17145975903509,0.016633333333333333,499,0.9833666666666667,1.061308239289631,28267,1,26678,0.19885396741987538,False,-11.223667512053407,False,ok,,0.015655958035495132
16,7,Normal,30000,5,0.1,6,2026107706,7.052207753018317,new_lower_rho_same_seed_schedule,False,28,-4.14293779629152,0.012,360,0.988,1.0507144858503783,28552,1,27201,0.15208802686793677,False,-11.195145549309837,False,ok,,0.01515862497035414
16,7,Normal,30000,5,0.1,6,2026107706,7.052207753018317,new_lower_rho_same_seed_schedule,False,29,-4.747406074584639,0.010166666666666666,305,0.9898333333333333,1.0438413361169103,28740,1,27557,0.13199642762469843,False,-11.799613827602956,False,ok,,0.014824791986029595
16,7,Normal,30000,5,0.1,6,2026107706,7.052207753018317,new_lower_rho_same_seed_schedule,False,30,-4.696242467626045,0.006933333333333333,208,0.9930666666666667,1.036197844708483,28952,1,27959,0.10340829187043903,False,-11.748450220644362,False,ok,,0.014674999983981252
16,7,Normal,30000,5,0.1,6,2026107706,7.052207753018317,new_lower_rho_same_seed_schedule,False,31,-4.684099453805237,0.004933333333333333,148,0.9950666666666667,1.031601389223204,29081,1,28191,0.07929285887397644,False,-11.736307206823554,False,ok,,0.01418570801615715
16,7,Normal,30000,5,0.1,6,2026107706,7.052207753018317,new_lower_rho_same_seed_schedule,False,32,-4.7735867435151595,0.004566666666666667,137,0.9954333333333333,1.0262023671067935,29234,1,28501,0.07166367112498973,False,-11.825794496533476,False,ok,,0.014983125030994415
16,7,Normal,30000,5,0.1,6,2026107706,7.052207753018317,new_lower_rho_same_seed_schedule,False,33,-5.405860444261278,0.0033333333333333335,100,0.9966666666666667,1.0227737624437474,29332,1,28687,0.05898860989380142,False,-12.458068197279594,False,ok,,0.014626583957578987
16,7,Normal,30000,5,0.1,6,2026107706,7.052207753018317,new_lower_rho_same_seed_schedule,False,34,-4.574275139895684,0.0031333333333333335,94,0.9968666666666667,1.0204775835090822,29398,1,28813,0.050367517549509105,False,-11.626482892914002,False,ok,,0.014550708001479506
16,7,Normal,30000,5,0.1,6,2026107706,7.052207753018317,new_lower_rho_same_seed_schedule,False,35,-5.515343392060798,0.0018,54,0.9982,1.0164667615368976,29514,1,29037,0.03824266554518431,False,-12.567551145079115,False,ok,,0.01472891599405557
16,7,Normal,30000,5,0.1,6,2026107706,7.052207753018317,new_lower_rho_same_seed_schedule,False,36,-5.352818310365852,0.0015333333333333334,46,0.9984666666666666,1.0150223304912709,29556,1,29118,0.03328582114429028,False,-12.40502606338417,False,ok,,0.013987875019665807
16,7,Normal,30000,5,0.1,6,2026107706,7.052207753018317,new_lower_rho_same_seed_schedule,False,37,-5.148548294307337,0.0011333333333333334,34,0.9988666666666667,1.0124873439082012,29630,1,29265,0.027996434615390548,False,-12.200756047325655,False,ok,,0.013449874997604638
16,7,Normal,30000,5,0.1,6,2026107706,7.052207753018317,new_lower_rho_same_seed_schedule,False,38,-5.933251464900471,0.0013333333333333333,40,0.9986666666666667,1.0117361392148927,29652,1,29309,0.02652216477681613,False,-12.985459217918788,False,ok,,0.013901333964895457
16,7,Normal,30000,5,0.1,6,2026107706,7.052207753018317,new_lower_rho_same_seed_schedule,False,39,-4.935142204240011,0.0009666666666666667,29,0.9990333333333333,1.0091156782939217,29729,1,29462,0.020620774552023304,False,-11.987349957258328,False,ok,,0.01368570898193866
16,7,Normal,30000,5,0.1,6,2026107706,7.052207753018317,new_lower_rho_same_seed_schedule,False,40,-6.244489484094784,0.0009,27,0.9991,1.0083016838638121,29753,1,29510,0.01896148479929264,False,-13.2966972371131,False,ok,,0.013843499997165054
16,7,Normal,30000,5,0.1,7,2026107707,7.052207753018317,new_lower_rho_same_seed_schedule,False,1,7.08683715960904,1.0,30000,0.0,30000.0,1,30000,0,1.0462034741804396,False,0.03462940659072267,False,ok,,0.014686915965285152
16,7,Normal,30000,5,0.1,7,2026107707,7.052207753018317,new_lower_rho_same_seed_schedule,False,2,6.9234125231251085,1.0,30000,0.0,937.5,32,355,0,1.2090524292288105,False,-0.12879522989320868,False,ok,,0.014479290985036641
16,7,Normal,30000,5,0.1,7,2026107707,7.052207753018317,new_lower_rho_same_seed_schedule,False,3,6.788210689781435,0.9981666666666666,29945,0.0018333333333333535,160.42780748663102,187,1,21,1.2628863191197117,False,-0.2639970632368822,False,ok,,0.015854209021199495
16,7,Normal,30000,5,0.1,7,2026107707,7.052207753018317,new_lower_rho_same_seed_schedule,False,4,6.578564929493902,0.9936333333333334,29809,0.006366666666666632,69.93006993006993,429,1,102,1.4129000279579829,False,-0.4736428235244148,False,ok,,0.014188583008944988
16,7,Normal,30000,5,0.1,7,2026107707,7.052207753018317,new_lower_rho_same_seed_schedule,False,5,6.314481346848574,0.9855666666666667,29567,0.014433333333333298,36.36363636363637,825,1,223,1.5933498637080086,False,-0.7377264061697435,False,ok,,0.015158249996602535
16,7,Normal,30000,5,0.1,7,2026107707,7.052207753018317,new_lower_rho_same_seed_schedule,False,6,5.9534466844260425,0.9722333333333333,29167,0.027766666666666717,20.67539627842867,1451,1,485,1.8174781834566285,False,-1.0987610685922746,False,ok,,0.015085124992765486
16,7,Normal,30000,5,0.1,7,2026107707,7.052207753018317,new_lower_rho_same_seed_schedule,False,7,5.500595286230932,0.9556666666666667,28670,0.044333333333333336,13.357079252003562,2246,1,748,2.0661624184496166,False,-1.5516124667873852,False,ok,,0.016733708034735173
16,7,Normal,30000,5,0.1,7,2026107707,7.052207753018317,new_lower_rho_same_seed_schedule,False,8,4.994167442961885,0.9279666666666667,27839,0.07203333333333328,8.949880668257757,3352,1,1257,2.3070835677971218,False,-2.058040310056432,False,ok,,0.016626249998807907
16,7,Normal,30000,5,0.1,7,2026107707,7.052207753018317,new_lower_rho_same_seed_schedule,False,9,4.454669032183144,0.8886333333333334,26659,0.11136666666666661,6.369426751592357,4710,1,1974,2.4991307063642982,False,-2.597538720835173,False,ok,,0.01795841596322134
16,7,Normal,30000,5,0.1,7,2026107707,7.052207753018317,new_lower_rho_same_seed_schedule,False,10,3.838722529677144,0.8440666666666666,25322,0.15593333333333337,4.837929366231253,6201,1,2708,2.691094890126175,False,-3.213485223341173,False,ok,,0.01874954195227474
16,7,Normal,30000,5,0.1,7,2026107707,7.052207753018317,new_lower_rho_same_seed_schedule,False,11,3.2168483013528983,0.7882,23646,0.2118,3.7655328228944396,7967,1,3884,2.792250710682555,False,-3.835359451665419,False,ok,,0.019865790964104235
16,7,Normal,30000,5,0.1,7,2026107707,7.052207753018317,new_lower_rho_same_seed_schedule,False,12,2.488131180902026,0.7281,21843,0.27190000000000003,3.0577922739781878,9811,1,5039,2.892218035956192,False,-4.564076572116291,False,ok,,0.020635334018152207
16,7,Normal,30000,5,0.1,7,2026107707,7.052207753018317,new_lower_rho_same_seed_schedule,False,13,1.870197661911651,0.6539,19617,0.34609999999999996,2.550153009180551,11764,1,6474,2.8280585476606896,False,-5.182010091106666,False,ok,,0.02171458298107609
16,7,Normal,30000,5,0.1,7,2026107707,7.052207753018317,new_lower_rho_same_seed_schedule,False,14,1.2128555211424994,0.5760333333333333,17281,0.4239666666666667,2.190580503833516,13695,1,7974,2.7387639485140807,False,-5.839352231875818,False,ok,,0.022114040970336646
16,7,Normal,30000,5,0.1,7,2026107707,7.052207753018317,new_lower_rho_same_seed_schedule,False,15,0.5603449447195287,0.49706666666666666,14912,0.5029333333333333,1.9070624880808595,15731,1,9874,2.5657558803128806,False,-6.491862808298788,False,ok,,0.02291300002252683
16,7,Normal,30000,5,0.1,7,2026107707,7.052207753018317,new_lower_rho_same_seed_schedule,False,16,-0.023312282493681866,0.4126,12378,0.5873999999999999,1.7044486108743822,17601,1,11717,2.290667815236595,False,-7.075520035511999,False,ok,,0.021920208993833512
16,7,Normal,30000,5,0.1,7,2026107707,7.052207753018317,new_lower_rho_same_seed_schedule,False,17,-0.6234263230772837,0.3368333333333333,10105,0.6631666666666667,1.5552905801233863,19289,1,13459,2.0399706748311175,False,-7.6756340760956006,False,ok,,0.021632875024806708
16,7,Normal,30000,5,0.1,7,2026107707,7.052207753018317,new_lower_rho_same_seed_schedule,False,18,-1.153666918279209,0.2698,8094,0.7302,1.4363688595231254,20886,1,15430,1.7431827740258807,False,-8.205874671297526,False,ok,,0.021780792041681707
16,7,Normal,30000,5,0.1,7,2026107707,7.052207753018317,new_lower_rho_same_seed_schedule,False,19,-1.533965008806584,0.2061,6183,0.7939,1.3413216489314137,22366,1,17327,1.440695119035035,False,-8.586172761824901,False,ok,,0.021547459007706493
16,7,Normal,30000,5,0.1,7,2026107707,7.052207753018317,new_lower_rho_same_seed_schedule,False,20,-2.0602685773703557,0.15736666666666665,4721,0.8426333333333333,1.2756186750574028,23518,1,18928,1.1766989777975787,False,-9.112476330388674,False,ok,,0.01953070901799947
16,7,Normal,30000,5,0.1,7,2026107707,7.052207753018317,new_lower_rho_same_seed_schedule,False,21,-2.386830661988746,0.11136666666666667,3341,0.8886333333333334,1.2167917258162644,24655,1,20555,0.9045636062055983,False,-9.439038415007063,False,ok,,0.01997950003715232
16,7,Normal,30000,5,0.1,7,2026107707,7.052207753018317,new_lower_rho_same_seed_schedule,False,22,-2.607941745718927,0.08763333333333333,2629,0.9123666666666667,1.1839924224484963,25338,1,21636,0.7394677953071613,False,-9.660149498737244,False,ok,,0.018658083048649132
16,7,Normal,30000,5,0.1,7,2026107707,7.052207753018317,new_lower_rho_same_seed_schedule,False,23,-3.000697192739485,0.06093333333333333,1828,0.9390666666666667,1.142552462200556,26257,1,23136,0.5578440017648973,False,-10.052904945757803,False,ok,,0.01750991604058072
16,7,Normal,30000,5,0.1,7,2026107707,7.052207753018317,new_lower_rho_same_seed_schedule,False,24,-3.3538264443473307,0.048633333333333334,1459,0.9513666666666667,1.1196118678857996,26795,1,24065,0.4730029064313264,False,-10.406034197365647,False,ok,,0.017348124994896352
16,7,Normal,30000,5,0.1,7,2026107707,7.052207753018317,new_lower_rho_same_seed_schedule,False,25,-3.4323845030003417,0.036333333333333336,1090,0.9636666666666667,1.0984182776801406,27312,1,24966,0.36452285907321086,False,-10.484592256018658,False,ok,,0.016893207968678325
16,7,Normal,30000,5,0.1,7,2026107707,7.052207753018317,new_lower_rho_same_seed_schedule,False,26,-3.6927672796597544,0.025133333333333334,754,0.9748666666666667,1.0813148788927336,27744,1,25706,0.2779019163791088,False,-10.744975032678072,False,ok,,0.01602650003042072
16,7,Normal,30000,5,0.1,7,2026107707,7.052207753018317,new_lower_rho_same_seed_schedule,False,27,-4.025810137791558,0.018733333333333334,562,0.9812666666666666,1.0655679477161326,28154,1,26473,0.21828091504155858,False,-11.078017890809875,False,ok,,0.015987333026714623
16,7,Normal,30000,5,0.1,7,2026107707,7.052207753018317,new_lower_rho_same_seed_schedule,False,28,-4.012863041358829,0.011066666666666667,332,0.9889333333333333,1.054222159749798,28457,1,27003,0.15345728210930337,False,-11.065070794377146,False,ok,,0.016077833017334342
16,7,Normal,30000,5,0.1,7,2026107707,7.052207753018317,new_lower_rho_same_seed_schedule,False,29,-4.153612414505892,0.010466666666666668,314,0.9895333333333334,1.0479983232026828,28626,1,27331,0.13449841452881944,False,-11.205820167524209,False,ok,,0.015248458017595112
16,7,Normal,30000,5,0.1,7,2026107707,7.052207753018317,new_lower_rho_same_seed_schedule,False,30,-4.228836919057321,0.0072,216,0.9928,1.0399334442595674,28848,1,27757,0.11134839788406449,False,-11.281044672075637,False,ok,,0.015315958007704467
16,7,Normal,30000,5,0.1,7,2026107707,7.052207753018317,new_lower_rho_same_seed_schedule,False,31,-4.861208715370452,0.005866666666666667,176,0.9941333333333333,1.0348395998620215,28990,1,28021,0.09120974350503289,False,-11.91341646838877,False,ok,,0.015190500009339303
16,7,Normal,30000,5,0.1,7,2026107707,7.052207753018317,new_lower_rho_same_seed_schedule,False,32,-4.913251815004131,0.004666666666666667,140,0.9953333333333333,1.028877152068043,29158,1,28349,0.07607262833085061,False,-11.965459568022448,False,ok,,0.014872541010845453
16,7,Normal,30000,5,0.1,7,2026107707,7.052207753018317,new_lower_rho_same_seed_schedule,False,33,-4.995870206635761,0.0034666666666666665,104,0.9965333333333334,1.0246251579630452,29279,1,28581,0.06173903717200311,False,-12.048077959654078,False,ok,,0.015065582992974669
16,7,Normal,30000,5,0.1,7,2026107707,7.052207753018317,new_lower_rho_same_seed_schedule,False,34,-4.837056065026561,0.0026666666666666666,80,0.9973333333333333,1.0210332856851134,29382,1,28778,0.04987006253589736,False,-11.889263818044878,False,ok,,0.014640582958236337
16,7,Normal,30000,5,0.1,7,2026107707,7.052207753018317,new_lower_rho_same_seed_schedule,False,35,-5.21937853705225,0.0015666666666666667,47,0.9984333333333333,1.01922946252633,29434,1,28875,0.042040253291709066,False,-12.271586290070566,False,ok,,0.014530624961480498
16,7,Normal,30000,5,0.1,7,2026107707,7.052207753018317,new_lower_rho_same_seed_schedule,False,36,-4.865395386352698,0.0017,51,0.9983,1.0163290195812724,29518,1,29045,0.03777492053000433,False,-11.917603139371014,False,ok,,0.0139345420175232
16,7,Normal,30000,5,0.1,7,2026107707,7.052207753018317,new_lower_rho_same_seed_schedule,False,37,-4.754830711150265,0.0015666666666666667,47,0.9984333333333333,1.0150910198281113,29554,1,29118,0.03491792908101642,False,-11.807038464168581,False,ok,,0.014028000005055219
16,7,Normal,30000,5,0.1,7,2026107707,7.052207753018317,new_lower_rho_same_seed_schedule,False,38,-5.723411123974777,0.0008333333333333334,25,0.9991666666666666,1.0115996762881037,29656,1,29314,0.024079430947136948,False,-12.775618876993093,False,ok,,0.014126750000286847
16,7,Normal,30000,5,0.1,7,2026107707,7.052207753018317,new_lower_rho_same_seed_schedule,False,39,-5.025232291650387,0.0008666666666666666,26,0.9991333333333333,1.0120091755498584,29644,1,29289,0.024276969994949892,False,-12.077440044668705,False,ok,,0.014482916973065585
16,7,Normal,30000,5,0.1,7,2026107707,7.052207753018317,new_lower_rho_same_seed_schedule,False,40,-5.816183703495292,0.0008666666666666666,26,0.9991333333333333,1.0102370689655173,29696,1,29393,0.020740634677268336,False,-12.86839145651361,False,ok,,0.01394495798740536
16,7,Normal,30000,5,0.1,8,2026107708,7.052207753018317,new_lower_rho_same_seed_schedule,False,1,7.074100943778139,1.0,30000,0.0,30000.0,1,30000,0,1.0466065852973774,False,0.021893190759821657,False,ok,,0.013920750003308058
16,7,Normal,30000,5,0.1,8,2026107708,7.052207753018317,new_lower_rho_same_seed_schedule,False,2,6.904272945441122,1.0,30000,0.0,937.5,32,382,0,1.207006304300054,False,-0.14793480757719557,False,ok,,0.013815874990541488
16,7,Normal,30000,5,0.1,8,2026107708,7.052207753018317,new_lower_rho_same_seed_schedule,False,3,6.781140999638926,0.9980666666666667,29942,0.0019333333333333425,162.16216216216216,185,1,30,1.2560948130081804,False,-0.2710667533793911,False,ok,,0.01630370900966227
16,7,Normal,30000,5,0.1,8,2026107708,7.052207753018317,new_lower_rho_same_seed_schedule,False,4,6.5750422903614165,0.9934,29802,0.00660000000000005,71.25890736342043,421,1,96,1.4069406749978004,False,-0.47716546265690063,False,ok,,0.014300999988336116
16,7,Normal,30000,5,0.1,8,2026107708,7.052207753018317,new_lower_rho_same_seed_schedule,False,5,6.282719874748171,0.9863666666666666,29591,0.013633333333333386,36.90036900369004,813,1,210,1.5928546842468487,False,-0.7694878782701462,False,ok,,0.015056708012707531
16,7,Normal,30000,5,0.1,8,2026107708,7.052207753018317,new_lower_rho_same_seed_schedule,False,6,5.936538379213502,0.9757,29271,0.02429999999999999,21.536252692031585,1393,1,433,1.8226155065233791,False,-1.1156693738048151,False,ok,,0.015464416006579995
16,7,Normal,30000,5,0.1,8,2026107708,7.052207753018317,new_lower_rho_same_seed_schedule,False,7,5.506595999636796,0.9548,28644,0.04520000000000002,13.392857142857142,2240,1,766,2.04903520704352,False,-1.5456117533815208,False,ok,,0.01627262501278892
16,7,Normal,30000,5,0.1,8,2026107708,7.052207753018317,new_lower_rho_same_seed_schedule,False,8,5.001007880594315,0.9270666666666667,27812,0.0729333333333333,9.04431715405487,3317,1,1234,2.291433541318423,False,-2.051199872424002,False,ok,,0.017235292005352676
16,7,Normal,30000,5,0.1,8,2026107708,7.052207753018317,new_lower_rho_same_seed_schedule,False,9,4.4401524539544965,0.8902,26706,0.10980000000000001,6.44883920894239,4652,1,1889,2.5219610156418226,False,-2.6120552990638206,False,ok,,0.018231249996460974
16,7,Normal,30000,5,0.1,8,2026107708,7.052207753018317,new_lower_rho_same_seed_schedule,False,10,3.8303571088923904,0.8453,25359,0.15469999999999995,4.85201358563804,6183,1,2720,2.700025093499552,False,-3.2218506441259267,False,ok,,0.019243457994889468
16,7,Normal,30000,5,0.1,8,2026107708,7.052207753018317,new_lower_rho_same_seed_schedule,False,11,3.187331694965016,0.7879666666666667,23639,0.2120333333333333,3.7960268252562317,7903,1,3733,2.8148037530490098,False,-3.864876058053301,False,ok,,0.020126999996136874
16,7,Normal,30000,5,0.1,8,2026107708,7.052207753018317,new_lower_rho_same_seed_schedule,False,12,2.542111738077606,0.7264,21792,0.27359999999999995,3.068425897514575,9777,1,5056,2.8562464552007274,False,-4.510096014940711,False,ok,,0.020638792018871754
16,7,Normal,30000,5,0.1,8,2026107708,7.052207753018317,new_lower_rho_same_seed_schedule,False,13,1.8648820115602411,0.6575333333333333,19726,0.3424666666666667,2.5762129669386002,11645,1,6304,2.864115267779794,False,-5.187325741458076,False,ok,,0.02126916596898809
16,7,Normal,30000,5,0.1,8,2026107708,7.052207753018317,new_lower_rho_same_seed_schedule,False,14,1.1818147284660172,0.5786333333333333,17359,0.42136666666666667,2.1883434240280106,13709,1,8027,2.7573053964512453,False,-5.8703930245523,False,ok,,0.022351000050548464
16,7,Normal,30000,5,0.1,8,2026107708,7.052207753018317,new_lower_rho_same_seed_schedule,False,15,0.5723078577794364,0.49906666666666666,14972,0.5009333333333333,1.9228304063581592,15602,1,9722,2.5662051967009942,False,-6.479899895238881,False,ok,,0.022646915982477367
16,7,Normal,30000,5,0.1,8,2026107708,7.052207753018317,new_lower_rho_same_seed_schedule,False,16,-0.06983570446124136,0.41646666666666665,12494,0.5835333333333333,1.7129153819801302,17514,1,11570,2.343582221452689,False,-7.122043457479559,False,ok,,0.022392916027456522
16,7,Normal,30000,5,0.1,8,2026107708,7.052207753018317,new_lower_rho_same_seed_schedule,False,17,-0.6270000035601356,0.3416666666666667,10250,0.6583333333333333,1.5638846895688892,19183,1,13372,2.043811176198968,False,-7.679207756578453,False,ok,,0.022383624978829175
16,7,Normal,30000,5,0.1,8,2026107708,7.052207753018317,new_lower_rho_same_seed_schedule,False,18,-1.1358356574890618,0.27076666666666666,8123,0.7292333333333334,1.442169022209403,20802,1,15277,1.7654300530926392,False,-8.18804341050738,False,ok,,0.02252887503709644
16,7,Normal,30000,5,0.1,8,2026107708,7.052207753018317,new_lower_rho_same_seed_schedule,False,19,-1.5805404396119116,0.21363333333333334,6409,0.7863666666666667,1.353241012224277,22169,1,17054,1.4872014346711186,False,-8.63274819263023,False,ok,,0.020264457969460636
16,7,Normal,30000,5,0.1,8,2026107708,7.052207753018317,new_lower_rho_same_seed_schedule,False,20,-1.9384620489127145,0.1628,4884,0.8371999999999999,1.2796996971377383,23443,1,18845,1.192671821167151,False,-8.990669801931032,False,ok,,0.02002316596917808
16,7,Normal,30000,5,0.1,8,2026107708,7.052207753018317,new_lower_rho_same_seed_schedule,False,21,-2.3759945029534415,0.11773333333333333,3532,0.8822666666666666,1.2277973315871327,24434,1,20200,0.949368090685027,False,-9.428202255971758,False,ok,,0.01980820798780769
16,7,Normal,30000,5,0.1,8,2026107708,7.052207753018317,new_lower_rho_same_seed_schedule,False,22,-2.6959524120431806,0.0924,2772,0.9076,1.1841793637009552,25334,1,21667,0.7716859060795063,False,-9.748160165061497,False,ok,,0.01909879205049947
16,7,Normal,30000,5,0.1,8,2026107708,7.052207753018317,new_lower_rho_same_seed_schedule,False,23,-3.0154370231666796,0.06776666666666667,2033,0.9322333333333334,1.1492491572172847,26104,1,22928,0.6005275452193639,False,-10.067644776184997,False,ok,,0.01835070800734684
16,7,Normal,30000,5,0.1,8,2026107708,7.052207753018317,new_lower_rho_same_seed_schedule,False,24,-3.2063812719172766,0.04736666666666667,1421,0.9526333333333333,1.1199880534607631,26786,1,24041,0.45254171639737323,False,-10.258589024935594,False,ok,,0.017843709036242217
16,7,Normal,30000,5,0.1,8,2026107708,7.052207753018317,new_lower_rho_same_seed_schedule,False,25,-3.509494172008116,0.041466666666666666,1244,0.9585333333333333,1.1012003083360864,27243,1,24887,0.3914296450058781,False,-10.561701925026433,False,ok,,0.017653083021286875
16,7,Normal,30000,5,0.1,8,2026107708,7.052207753018317,new_lower_rho_same_seed_schedule,False,26,-3.725300833624327,0.0255,765,0.9745,1.0828761189719895,27704,1,25639,0.2805843789613994,False,-10.777508586642645,False,ok,,0.01707533304579556
16,7,Normal,30000,5,0.1,8,2026107708,7.052207753018317,new_lower_rho_same_seed_schedule,False,27,-3.953460085374123,0.0211,633,0.9789,1.0704345964461572,28026,1,26232,0.2314271587128169,False,-11.00566783839244,False,ok,,0.016117083025164902
16,7,Normal,30000,5,0.1,8,2026107708,7.052207753018317,new_lower_rho_same_seed_schedule,False,28,-4.026541981041349,0.015266666666666666,458,0.9847333333333333,1.0571569525688913,28378,1,26880,0.18300031200907257,False,-11.078749734059667,False,ok,,0.01591479202033952
16,7,Normal,30000,5,0.1,8,2026107708,7.052207753018317,new_lower_rho_same_seed_schedule,False,29,-4.155662337049504,0.011233333333333333,337,0.9887666666666667,1.0484744696466641,28613,1,27318,0.1439896943387292,False,-11.207870090067821,False,ok,,0.015591667033731937
16,7,Normal,30000,5,0.1,8,2026107708,7.052207753018317,new_lower_rho_same_seed_schedule,False,30,-4.518733808365329,0.010433333333333333,313,0.9895666666666667,1.0423543309822452,28781,1,27643,0.13164455255441918,False,-11.570941561383645,False,ok,,0.015033042000140995
16,7,Normal,30000,5,0.1,8,2026107708,7.052207753018317,new_lower_rho_same_seed_schedule,False,31,-4.79459787120299,0.006566666666666667,197,0.9934333333333333,1.036591686534674,28941,1,27924,0.09605187679374132,False,-11.846805624221307,False,ok,,0.015375750022940338
16,7,Normal,30000,5,0.1,8,2026107708,7.052207753018317,new_lower_rho_same_seed_schedule,False,32,-4.873757662247105,0.005366666666666666,161,0.9946333333333334,1.029654036243822,29136,1,28309,0.08046864616973125,False,-11.925965415265422,False,ok,,0.015050332993268967
16,7,Normal,30000,5,0.1,8,2026107708,7.052207753018317,new_lower_rho_same_seed_schedule,False,33,-5.058161111688717,0.0038666666666666667,116,0.9961333333333333,1.0249402118209772,29270,1,28560,0.06125714522134043,False,-12.110368864707034,False,ok,,0.013883874984458089
16,7,Normal,30000,5,0.1,8,2026107708,7.052207753018317,new_lower_rho_same_seed_schedule,False,34,-5.102267744263945,0.0036333333333333335,109,0.9963666666666666,1.0229132569558101,29328,1,28679,0.05845079718650748,False,-12.154475497282263,False,ok,,0.01442870800383389
16,7,Normal,30000,5,0.1,8,2026107708,7.052207753018317,new_lower_rho_same_seed_schedule,False,35,-5.100180806758288,0.0027,81,0.9973,1.0194026300587855,29429,1,28873,0.0463738934111015,False,-12.152388559776604,False,ok,,0.014021334005519748
16,7,Normal,30000,5,0.1,8,2026107708,7.052207753018317,new_lower_rho_same_seed_schedule,False,36,-4.680053620337612,0.0018666666666666666,56,0.9981333333333333,1.016294589925133,29519,1,29046,0.03672801344520012,False,-11.732261373355929,False,ok,,0.014474208001047373
16,7,Normal,30000,5,0.1,8,2026107708,7.052207753018317,new_lower_rho_same_seed_schedule,False,37,-5.58228330224495,0.002533333333333333,76,0.9974666666666666,1.0163290195812724,29518,1,29049,0.0400877183159436,False,-12.634491055263268,False,ok,,0.014469208021182567
16,7,Normal,30000,5,0.1,8,2026107708,7.052207753018317,new_lower_rho_same_seed_schedule,False,38,-5.596421915807698,0.0016333333333333334,49,0.9983666666666666,1.013273887931908,29607,1,29225,0.031532544847676654,False,-12.648629668826015,False,ok,,0.014318917004857212
16,7,Normal,30000,5,0.1,8,2026107708,7.052207753018317,new_lower_rho_same_seed_schedule,False,39,-5.835696128469181,0.0016,48,0.9984,1.0124531740407006,29631,1,29268,0.028514088809782123,False,-12.887903881487498,False,ok,,0.01433220796752721
16,7,Normal,30000,5,0.1,8,2026107708,7.052207753018317,new_lower_rho_same_seed_schedule,False,40,-5.704435073384397,0.0012,36,0.9988,1.0092854259184498,29724,1,29453,0.021207407385360408,False,-12.756642826402715,False,ok,,0.013554041972383857
16,7,Normal,30000,5,0.1,9,2026107709,7.052207753018317,new_lower_rho_same_seed_schedule,False,1,7.108608528641312,1.0,30000,0.0,30000.0,1,30000,0,1.046539783199503,False,0.05640077562299517,False,ok,,0.01408329198602587
16,7,Normal,30000,5,0.1,9,2026107709,7.052207753018317,new_lower_rho_same_seed_schedule,False,2,6.937650529614704,1.0,30000,0.0,937.5,32,610,0,1.2085161379628924,False,-0.1145572234036134,False,ok,,0.013653458969201893
16,7,Normal,30000,5,0.1,9,2026107709,7.052207753018317,new_lower_rho_same_seed_schedule,False,3,6.8065055737937925,0.9981333333333333,29944,0.0018666666666666831,157.06806282722513,191,1,32,1.2550784005334794,False,-0.24570217922452464,False,ok,,0.015767040953505784
16,7,Normal,30000,5,0.1,9,2026107709,7.052207753018317,new_lower_rho_same_seed_schedule,False,4,6.613481300565285,0.9932333333333333,29797,0.006766666666666699,70.92198581560284,423,1,123,1.3914513645984665,False,-0.4387264524530323,False,ok,,0.014505416969768703
16,7,Normal,30000,5,0.1,9,2026107709,7.052207753018317,new_lower_rho_same_seed_schedule,False,5,6.328520239623743,0.9840333333333333,29521,0.015966666666666685,36.36363636363637,825,1,232,1.5770850050677778,False,-0.7236875133945739,False,ok,,0.015290124982129782
16,7,Normal,30000,5,0.1,9,2026107709,7.052207753018317,new_lower_rho_same_seed_schedule,False,6,5.984821612591082,0.9747,29241,0.02529999999999999,21.865889212827987,1372,1,428,1.805206726282121,False,-1.0673861404272351,False,ok,,0.015778625034727156
16,7,Normal,30000,5,0.1,9,2026107709,7.052207753018317,new_lower_rho_same_seed_schedule,False,7,5.542905406121058,0.9560666666666666,28682,0.04393333333333338,13.525698827772768,2218,1,784,2.0432897089300286,False,-1.5093023468972593,False,ok,,0.016154499957337976
16,7,Normal,30000,5,0.1,9,2026107709,7.052207753018317,new_lower_rho_same_seed_schedule,False,8,5.068486625411277,0.9282666666666667,27848,0.07173333333333332,9.19963201471941,3261,1,1232,2.279063045410242,False,-1.9837211276070406,False,ok,,0.01732074999017641
16,7,Normal,30000,5,0.1,9,2026107709,7.052207753018317,new_lower_rho_same_seed_schedule,False,9,4.500112784869798,0.8921333333333333,26764,0.10786666666666667,6.561679790026247,4572,1,1847,2.502278638768496,False,-2.552094968148519,False,ok,,0.01752766704885289
16,7,Normal,30000,5,0.1,9,2026107709,7.052207753018317,new_lower_rho_same_seed_schedule,False,10,3.9263435997180136,0.8506666666666667,25520,0.14933333333333332,4.948045522018803,6063,1,2706,2.6754730515425518,False,-3.1258641533003035,False,ok,,0.018591291969642043
16,7,Normal,30000,5,0.1,9,2026107709,7.052207753018317,new_lower_rho_same_seed_schedule,False,11,3.285660977922766,0.794,23820,0.20599999999999996,3.864485379363648,7763,1,3596,2.8038900324292046,False,-3.7665467750955512,False,ok,,0.019953332957811654
16,7,Normal,30000,5,0.1,9,2026107709,7.052207753018317,new_lower_rho_same_seed_schedule,False,12,2.62835766259389,0.7344333333333334,22033,0.2655666666666666,3.142019271051529,9548,1,4853,2.879186440084487,False,-4.423850090424427,False,ok,,0.020513541996479034
16,7,Normal,30000,5,0.1,9,2026107709,7.052207753018317,new_lower_rho_same_seed_schedule,False,13,1.94012337560196,0.6649333333333334,19948,0.3350666666666666,2.6068821689259645,11508,1,6266,2.859367741352957,False,-5.112084377416357,False,ok,,0.02089091599918902
16,7,Normal,30000,5,0.1,9,2026107709,7.052207753018317,new_lower_rho_same_seed_schedule,False,14,1.3083186219190557,0.5845333333333333,17536,0.41546666666666665,2.226510316164465,13474,1,7811,2.7528901759956823,False,-5.7438891310992615,False,ok,,0.022315457987133414
16,7,Normal,30000,5,0.1,9,2026107709,7.052207753018317,new_lower_rho_same_seed_schedule,False,15,0.650504321591752,0.5064333333333333,15193,0.4935666666666667,1.9543973941368078,15350,1,9419,2.584102578618322,False,-6.401703431426565,False,ok,,0.022691541002132
16,7,Normal,30000,5,0.1,9,2026107709,7.052207753018317,new_lower_rho_same_seed_schedule,False,16,0.046385361721959395,0.43043333333333333,12913,0.5695666666666667,1.739029621471219,17251,1,11341,2.3840951529439396,False,-7.005822391296357,False,ok,,0.02235287503572181
16,7,Normal,30000,5,0.1,9,2026107709,7.052207753018317,new_lower_rho_same_seed_schedule,False,17,-0.5312055839111476,0.3514333333333333,10543,0.6485666666666667,1.5802781289506953,18984,1,13175,2.093554604491194,False,-7.583413336929465,False,ok,,0.02195208298508078
16,7,Normal,30000,5,0.1,9,2026107709,7.052207753018317,new_lower_rho_same_seed_schedule,False,18,-1.0426798953314385,0.2770666666666667,8312,0.7229333333333333,1.4568057106783858,20593,1,14980,1.7910800898437822,False,-8.094887648349756,False,ok,,0.021461833966895938
16,7,Normal,30000,5,0.1,9,2026107709,7.052207753018317,new_lower_rho_same_seed_schedule,False,19,-1.5012532078116676,0.21983333333333333,6595,0.7801666666666667,1.365001365001365,21978,1,16774,1.5111531686654227,False,-8.553460960829984,False,ok,,0.020994999969843775
16,7,Normal,30000,5,0.1,9,2026107709,7.052207753018317,new_lower_rho_same_seed_schedule,False,20,-1.9452079412696228,0.1619,4857,0.8381000000000001,1.2887705129306641,23278,1,18517,1.2032279724533683,False,-8.99741569428794,False,ok,,0.020713542005978525
16,7,Normal,30000,5,0.1,9,2026107709,7.052207753018317,new_lower_rho_same_seed_schedule,False,21,-2.2965616599275473,0.12516666666666668,3755,0.8748333333333334,1.2326403155559207,24338,1,20128,0.9918791536822074,False,-9.348769412945865,False,ok,,0.0198496250086464
16,7,Normal,30000,5,0.1,9,2026107709,7.052207753018317,new_lower_rho_same_seed_schedule,False,22,-2.65545822854409,0.0909,2727,0.9091,1.1853490853056226,25309,1,21614,0.7657911859956749,False,-9.707665981562407,False,ok,,0.018380999972578138
16,7,Normal,30000,5,0.1,9,2026107709,7.052207753018317,new_lower_rho_same_seed_schedule,False,23,-2.938476463421048,0.07046666666666666,2114,0.9295333333333333,1.152782047340916,26024,1,22786,0.6172846948694063,False,-9.990684216439366,False,ok,,0.01823041698662564
16,7,Normal,30000,5,0.1,9,2026107709,7.052207753018317,new_lower_rho_same_seed_schedule,False,24,-3.181694419682396,0.052533333333333335,1576,0.9474666666666667,1.1253657438667568,26658,1,23844,0.48305518245478907,False,-10.233902172700713,False,ok,,0.017167291953228414
16,7,Normal,30000,5,0.1,9,2026107709,7.052207753018317,new_lower_rho_same_seed_schedule,False,25,-3.4041919491567736,0.037766666666666664,1133,0.9622333333333334,1.1041183614883516,27171,1,24712,0.3746679472301568,False,-10.45639970217509,False,ok,,0.01678499998524785
16,7,Normal,30000,5,0.1,9,2026107709,7.052207753018317,new_lower_rho_same_seed_schedule,False,26,-3.737472141420489,0.027933333333333334,838,0.9720666666666666,1.0856977417486973,27632,1,25516,0.29330998174428685,False,-10.789679894438805,False,ok,,0.01627495902357623
16,7,Normal,30000,5,0.1,9,2026107709,7.052207753018317,new_lower_rho_same_seed_schedule,False,27,-3.699120421891444,0.021366666666666666,641,0.9786333333333334,1.0749991041674132,27907,1,26002,0.23787503760933829,False,-10.751328174909762,False,ok,,0.015502374968491495
16,7,Normal,30000,5,0.1,9,2026107709,7.052207753018317,new_lower_rho_same_seed_schedule,False,28,-4.304679203637345,0.014666666666666666,440,0.9853333333333333,1.0600706713780919,28300,1,26717,0.18298442444343405,False,-11.356886956655663,False,ok,,0.015416499983984977
16,7,Normal,30000,5,0.1,9,2026107709,7.052207753018317,new_lower_rho_same_seed_schedule,False,29,-4.37635200472438,0.012833333333333334,385,0.9871666666666666,1.0501995379122033,28566,1,27243,0.15698537626871234,False,-11.428559757742697,False,ok,,0.01541358296526596
16,7,Normal,30000,5,0.1,9,2026107709,7.052207753018317,new_lower_rho_same_seed_schedule,False,30,-4.434762400480646,0.009633333333333334,289,0.9903666666666666,1.0435508557117017,28748,1,27570,0.12571724829927317,False,-11.486970153498962,False,ok,,0.015588207985274494
16,7,Normal,30000,5,0.1,9,2026107709,7.052207753018317,new_lower_rho_same_seed_schedule,False,31,-4.689878896920517,0.007633333333333333,229,0.9923666666666666,1.0359473738734073,28959,1,27972,0.10007352762996538,False,-11.742086649938834,False,ok,,0.015238167019560933
16,7,Normal,30000,5,0.1,9,2026107709,7.052207753018317,new_lower_rho_same_seed_schedule,False,32,-4.693239757241364,0.0064333333333333334,193,0.9935666666666667,1.0313531353135315,29088,1,28225,0.08895243450509534,False,-11.74544751025968,False,ok,,0.014902333030477166
16,7,Normal,30000,5,0.1,9,2026107709,7.052207753018317,new_lower_rho_same_seed_schedule,False,33,-4.734243359100119,0.0044666666666666665,134,0.9955333333333334,1.0257813034261096,29246,1,28519,0.06583575620230013,False,-11.786451112118435,False,ok,,0.014487790991552174
16,7,Normal,30000,5,0.1,9,2026107709,7.052207753018317,new_lower_rho_same_seed_schedule,False,34,-4.746974185428408,0.0033333333333333335,100,0.9966666666666667,1.0238558410975735,29301,1,28621,0.058010073037712516,False,-11.799181938446726,False,ok,,0.014637915999628603
16,7,Normal,30000,5,0.1,9,2026107709,7.052207753018317,new_lower_rho_same_seed_schedule,False,35,-5.618412530152015,0.0025666666666666667,77,0.9974333333333333,1.0205817315870045,29395,1,28802,0.04847796500905614,False,-12.670620283170333,False,ok,,0.0140794170438312
16,7,Normal,30000,5,0.1,9,2026107709,7.052207753018317,new_lower_rho_same_seed_schedule,False,36,-5.027273419586905,0.0026,78,0.9974,1.0183645066023965,29459,1,28931,0.044295061413673516,False,-12.079481172605222,False,ok,,0.014527874998748302
16,7,Normal,30000,5,0.1,9,2026107709,7.052207753018317,new_lower_rho_same_seed_schedule,False,37,-5.4996428002682425,0.0019,57,0.9981,1.015572105619499,29540,1,29091,0.037603692278300745,False,-12.55185055328656,False,ok,,0.014445916982367635
16,7,Normal,30000,5,0.1,9,2026107709,7.052207753018317,new_lower_rho_same_seed_schedule,False,38,-6.171344727110891,0.0012333333333333332,37,0.9987666666666667,1.0131027961637173,29612,1,29227,0.027673524442779266,False,-13.223552480129207,False,ok,,0.014044707990251482
16,7,Normal,30000,5,0.1,9,2026107709,7.052207753018317,new_lower_rho_same_seed_schedule,False,39,-5.340317984303638,0.0010666666666666667,32,0.9989333333333333,1.0116337885685383,29655,1,29314,0.025505860613501324,False,-12.392525737321956,False,ok,,0.013951500004623085
16,7,Normal,30000,5,0.1,9,2026107709,7.052207753018317,new_lower_rho_same_seed_schedule,False,40,-5.758270016432295,0.0009,27,0.9991,1.0097270371242975,29711,1,29424,0.02063946661180666,False,-12.810477769450612,False,ok,,0.014112750010099262
16,7,Normal,30000,5,0.1,10,2026107710,7.052207753018317,new_lower_rho_same_seed_schedule,False,1,7.068094216933521,1.0,30000,0.0,30000.0,1,30000,0,1.0475890551039202,False,0.015886463915204097,False,ok,,0.013589166977908462
16,7,Normal,30000,5,0.1,10,2026107710,7.052207753018317,new_lower_rho_same_seed_schedule,False,2,6.901133854003367,1.0,30000,0.0,937.5,32,378,0,1.2079036805448247,False,-0.15107389901494983,False,ok,,0.013520584034267813
16,7,Normal,30000,5,0.1,10,2026107710,7.052207753018317,new_lower_rho_same_seed_schedule,False,3,6.780097462678874,0.9979,29937,0.0020999999999999908,169.4915254237288,177,1,26,1.2413264402956086,False,-0.2721102903394428,False,ok,,0.01583099999697879
16,7,Normal,30000,5,0.1,10,2026107710,7.052207753018317,new_lower_rho_same_seed_schedule,False,4,6.5909981728307265,0.9940333333333333,29821,0.005966666666666676,75.56675062972292,397,1,101,1.3882611996416174,False,-0.4612095801875906,False,ok,,0.014924332965165377
16,7,Normal,30000,5,0.1,10,2026107710,7.052207753018317,new_lower_rho_same_seed_schedule,False,5,6.32488839742253,0.987,29610,0.013000000000000012,39.11342894393742,767,1,222,1.5657527738531174,False,-0.7273193555957871,False,ok,,0.01578504202188924
16,7,Normal,30000,5,0.1,10,2026107710,7.052207753018317,new_lower_rho_same_seed_schedule,False,6,5.982543574163608,0.9761,29283,0.023900000000000032,22.900763358778626,1310,1,388,1.7992472699605457,False,-1.0696641788547092,False,ok,,0.016056374995969236
16,7,Normal,30000,5,0.1,10,2026107710,7.052207753018317,new_lower_rho_same_seed_schedule,False,7,5.585802790414904,0.9569333333333333,28708,0.0430666666666667,14.367816091954023,2088,1,718,2.0071923918998507,False,-1.4664049626034128,False,ok,,0.01638425001874566
16,7,Normal,30000,5,0.1,10,2026107710,7.052207753018317,new_lower_rho_same_seed_schedule,False,8,5.1217703023959436,0.9350333333333334,28051,0.06496666666666662,9.871668311944719,3039,1,1102,2.249034941746603,False,-1.9304374506223736,False,ok,,0.017223000002559274
16,7,Normal,30000,5,0.1,10,2026107710,7.052207753018317,new_lower_rho_same_seed_schedule,False,9,4.566870301376157,0.9036,27108,0.09640000000000004,7.01426233341127,4277,1,1699,2.4722105054637864,False,-2.4853374516421605,False,ok,,0.017645791987888515
16,7,Normal,30000,5,0.1,10,2026107710,7.052207753018317,new_lower_rho_same_seed_schedule,False,10,3.97724242705185,0.8606333333333334,25819,0.13936666666666664,5.231037489102005,5735,1,2466,2.6722559138653397,False,-3.0749653259664673,False,ok,,0.01875166699755937
16,7,Normal,30000,5,0.1,10,2026107710,7.052207753018317,new_lower_rho_same_seed_schedule,False,11,3.356872004990967,0.8095333333333333,24286,0.19046666666666667,4.059539918809202,7390,1,3427,2.813806292063116,False,-3.6953357480273503,False,ok,,0.01976829196792096
16,7,Normal,30000,5,0.1,10,2026107710,7.052207753018317,new_lower_rho_same_seed_schedule,False,12,2.7491778898381383,0.7461,22383,0.2539,3.292361720807726,9112,1,4451,2.8499182918907673,False,-4.303029863180178,False,ok,,0.020838084048591554
16,7,Normal,30000,5,0.1,10,2026107710,7.052207753018317,new_lower_rho_same_seed_schedule,False,13,2.0761189878031736,0.6841333333333334,20524,0.31586666666666663,2.7141952411110104,11053,1,5947,2.864333082969821,False,-4.9760887652151435,False,ok,,0.0213288749800995
16,7,Normal,30000,5,0.1,10,2026107710,7.052207753018317,new_lower_rho_same_seed_schedule,False,14,1.4375400905035354,0.6081,18243,0.3919,2.3207240659085633,12927,1,7312,2.792308573169553,False,-5.6146676625147816,False,ok,,0.021884499990846962
16,7,Normal,30000,5,0.1,10,2026107710,7.052207753018317,new_lower_rho_same_seed_schedule,False,15,0.7517512780372977,0.5294,15882,0.4706,2.01328769881216,14901,1,8979,2.6686857020649755,False,-6.3004564749810195,False,ok,,0.023176832997705787
16,7,Normal,30000,5,0.1,10,2026107710,7.052207753018317,new_lower_rho_same_seed_schedule,False,16,0.15420697281641568,0.45376666666666665,13613,0.5462333333333333,1.790296592468819,16757,1,10779,2.4631716475337857,False,-6.898000780201902,False,ok,,0.022498500009533018
16,7,Normal,30000,5,0.1,10,2026107710,7.052207753018317,new_lower_rho_same_seed_schedule,False,17,-0.43601443244533716,0.3741,11223,0.6259,1.6187341498947823,18533,1,12644,2.1958945687029106,False,-7.488222185463655,False,ok,,0.021990999986883253
16,7,Normal,30000,5,0.1,10,2026107710,7.052207753018317,new_lower_rho_same_seed_schedule,False,18,-0.8919794748257724,0.2981,8943,0.7019,1.490979573579842,20121,1,14399,1.8662107510982289,False,-7.94418722784409,False,ok,,0.02174179197754711
16,7,Normal,30000,5,0.1,10,2026107710,7.052207753018317,new_lower_rho_same_seed_schedule,False,19,-1.3885358561663168,0.23693333333333333,7108,0.7630666666666667,1.3879250520471895,21615,1,16284,1.6086065888620413,False,-8.440743609184635,False,ok,,0.02172658301424235
16,7,Normal,30000,5,0.1,10,2026107710,7.052207753018317,new_lower_rho_same_seed_schedule,False,20,-1.8370822502175317,0.17676666666666666,5303,0.8232333333333334,1.3091289928434282,22916,1,18011,1.288669451108914,False,-8.88929000323585,False,ok,,0.020431250042747706
16,7,Normal,30000,5,0.1,10,2026107710,7.052207753018317,new_lower_rho_same_seed_schedule,False,21,-2.1683462828884745,0.13413333333333333,4024,0.8658666666666667,1.249115210059541,24017,1,19580,1.0516703606940958,False,-9.220554035906792,False,ok,,0.019046291999984533
16,7,Normal,30000,5,0.1,10,2026107710,7.052207753018317,new_lower_rho_same_seed_schedule,False,22,-2.498702166937854,0.0969,2907,0.9031,1.200192030724916,24996,1,21081,0.8032354543902228,False,-9.55090991995617,False,ok,,0.018939208006486297
16,7,Normal,30000,5,0.1,10,2026107710,7.052207753018317,new_lower_rho_same_seed_schedule,False,23,-2.795407137667723,0.0713,2139,0.9287,1.1614401858304297,25830,1,22416,0.634434264809289,False,-9.84761489068604,False,ok,,0.017728666018228978
16,7,Normal,30000,5,0.1,10,2026107710,7.052207753018317,new_lower_rho_same_seed_schedule,False,24,-3.211064084269785,0.0543,1629,0.9457,1.13464447806354,26440,1,23417,0.5198883788781006,False,-10.263271837288102,False,ok,,0.01763008302077651
16,7,Normal,30000,5,0.1,10,2026107710,7.052207753018317,new_lower_rho_same_seed_schedule,False,25,-3.515696739280506,0.04106666666666667,1232,0.9589333333333333,1.108278842956888,27069,1,24531,0.40755215180451343,False,-10.567904492298823,False,ok,,0.017417832976207137
16,7,Normal,30000,5,0.1,10,2026107710,7.052207753018317,new_lower_rho_same_seed_schedule,False,26,-3.648247720605428,0.0292,876,0.9708,1.0930156301235108,27447,1,25169,0.3205729083740019,False,-10.700455473623744,False,ok,,0.016126041999086738
16,7,Normal,30000,5,0.1,10,2026107710,7.052207753018317,new_lower_rho_same_seed_schedule,False,27,-3.8821768449159473,0.0249,747,0.9751,1.0771606046461528,27851,1,25926,0.2681488173622306,False,-10.934384597934265,False,ok,,0.01581666700076312
16,7,Normal,30000,5,0.1,10,2026107710,7.052207753018317,new_lower_rho_same_seed_schedule,False,28,-3.9854241641279513,0.0172,516,0.9828,1.0618341415070967,28253,1,26658,0.20018389998743785,False,-11.037631917146268,False,ok,,0.01598120800917968
16,7,Normal,30000,5,0.1,10,2026107710,7.052207753018317,new_lower_rho_same_seed_schedule,False,29,-4.149669273296417,0.014233333333333334,427,0.9857666666666667,1.0528901835538553,28493,1,27108,0.16910843124937808,False,-11.201877026314733,False,ok,,0.015576459001749754
16,7,Normal,30000,5,0.1,10,2026107710,7.052207753018317,new_lower_rho_same_seed_schedule,False,30,-4.144577146336199,0.008566666666666667,257,0.9914333333333334,1.0436597669159855,28745,1,27557,0.12263423657794241,False,-11.196784899354515,False,ok,,0.015115250018425286
16,7,Normal,30000,5,0.1,10,2026107710,7.052207753018317,new_lower_rho_same_seed_schedule,False,31,-4.43262231268897,0.007466666666666667,224,0.9925333333333334,1.0384934921074496,28888,1,27828,0.10518203882812206,False,-11.484830065707287,False,ok,,0.015250416996423155
16,7,Normal,30000,5,0.1,10,2026107710,7.052207753018317,new_lower_rho_same_seed_schedule,False,32,-4.689957422456057,0.006233333333333333,187,0.9937666666666667,1.0335917312661498,29025,1,28097,0.09327803830178336,False,-11.742165175474375,False,ok,,0.014685624977573752
16,7,Normal,30000,5,0.1,10,2026107710,7.052207753018317,new_lower_rho_same_seed_schedule,False,33,-4.682573056194952,0.0034333333333333334,103,0.9965666666666667,1.0276084126875384,29194,1,28402,0.06213678001965217,False,-11.73478080921327,False,ok,,0.015045791980810463
16,7,Normal,30000,5,0.1,10,2026107710,7.052207753018317,new_lower_rho_same_seed_schedule,False,34,-4.713822830529669,0.0031666666666666666,95,0.9968333333333333,1.024380249948781,29286,1,28588,0.05675930710179145,False,-11.766030583547987,False,ok,,0.014544125006068498
16,7,Normal,30000,5,0.1,10,2026107710,7.052207753018317,new_lower_rho_same_seed_schedule,False,35,-4.682712106341858,0.0029,87,0.9971,1.0207900915308448,29389,1,28793,0.04932589439189662,False,-11.734919859360176,False,ok,,0.01545887504471466
16,7,Normal,30000,5,0.1,10,2026107710,7.052207753018317,new_lower_rho_same_seed_schedule,False,36,-5.352489064067029,0.003,90,0.997,1.018088030678386,29467,1,28952,0.04522095701160275,False,-12.404696817085346,False,ok,,0.01604675000999123
16,7,Normal,30000,5,0.1,10,2026107710,7.052207753018317,new_lower_rho_same_seed_schedule,False,37,-5.010812004324743,0.0022333333333333333,67,0.9977666666666667,1.0150566739976314,29555,1,29120,0.03570263756464596,False,-12.06301975734306,False,ok,,0.016422083019278944
16,7,Normal,30000,5,0.1,10,2026107710,7.052207753018317,new_lower_rho_same_seed_schedule,False,38,-5.745054893123967,0.0016666666666666668,50,0.9983333333333333,1.0150223304912709,29556,1,29119,0.03434801427268812,False,-12.797262646142284,False,ok,,0.014676332997623831
16,7,Normal,30000,5,0.1,10,2026107710,7.052207753018317,new_lower_rho_same_seed_schedule,False,39,-4.864239240118795,0.0011666666666666668,35,0.9988333333333334,1.0122482032594393,29637,1,29279,0.026959094034949987,False,-11.91644699313711,False,ok,,0.014013624982908368
16,7,Normal,30000,5,0.1,10,2026107710,7.052207753018317,new_lower_rho_same_seed_schedule,False,40,-5.76683645725931,0.0013,39,0.9987,1.0120091755498584,29644,1,29295,0.02853983507346205,False,-12.819044210277628,False,ok,,0.0144008329953067
16,7,Normal,30000,5,0.1,11,2026107711,7.052207753018317,new_lower_rho_same_seed_schedule,False,1,7.091270949535825,1.0,30000,0.0,30000.0,1,30000,0,1.0460124743298977,False,0.03906319651750767,False,ok,,0.01795141602633521
16,7,Normal,30000,5,0.1,11,2026107711,7.052207753018317,new_lower_rho_same_seed_schedule,False,2,6.921034916148699,1.0,30000,0.0,937.5,32,570,0,1.208321622006671,False,-0.13117283686961834,False,ok,,0.015598334022797644
16,7,Normal,30000,5,0.1,11,2026107711,7.052207753018317,new_lower_rho_same_seed_schedule,False,3,6.786936420505348,0.9981,29943,0.0019000000000000128,157.06806282722513,191,1,24,1.2640014387859624,False,-0.2652713325129694,False,ok,,0.018955125007778406
16,7,Normal,30000,5,0.1,11,2026107711,7.052207753018317,new_lower_rho_same_seed_schedule,False,4,6.568924543195452,0.9922333333333333,29767,0.0077666666666666995,66.66666666666667,450,1,96,1.4180907916586099,False,-0.483283209822865,False,ok,,0.016322290990501642
16,7,Normal,30000,5,0.1,11,2026107711,7.052207753018317,new_lower_rho_same_seed_schedule,False,5,6.277780832444502,0.9844,29532,0.015599999999999947,33.67003367003367,891,1,253,1.6154075953851188,False,-0.7744269205738155,False,ok,,0.015084416954778135
16,7,Normal,30000,5,0.1,11,2026107711,7.052207753018317,new_lower_rho_same_seed_schedule,False,6,5.898048536681838,0.9728,29184,0.027200000000000002,19.828155981493722,1513,1,483,1.8568139632897143,False,-1.1541592163364793,False,ok,,0.015587875037454069
16,7,Normal,30000,5,0.1,11,2026107711,7.052207753018317,new_lower_rho_same_seed_schedule,False,7,5.452157932128051,0.9512,28536,0.048799999999999955,12.531328320802006,2394,1,832,2.089084177080535,False,-1.6000498208902663,False,ok,,0.017149750026874244
16,7,Normal,30000,5,0.1,11,2026107711,7.052207753018317,new_lower_rho_same_seed_schedule,False,8,4.929622693430299,0.9209,27627,0.07909999999999995,8.43407365757661,3557,1,1374,2.3329137562206834,False,-2.122585059588018,False,ok,,0.01708074996713549
16,7,Normal,30000,5,0.1,11,2026107711,7.052207753018317,new_lower_rho_same_seed_schedule,False,9,4.3474110009485445,0.8830333333333333,26491,0.11696666666666666,6.087662337662338,4928,1,2046,2.548949754428194,False,-2.7047967520697727,False,ok,,0.01797645800979808
16,7,Normal,30000,5,0.1,11,2026107711,7.052207753018317,new_lower_rho_same_seed_schedule,False,10,3.7478879507629212,0.8361333333333333,25084,0.16386666666666672,4.619648906683092,6494,1,2906,2.713547226471771,False,-3.304319802255396,False,ok,,0.020146291994024068
16,7,Normal,30000,5,0.1,11,2026107711,7.052207753018317,new_lower_rho_same_seed_schedule,False,11,3.063144676187697,0.7785,23355,0.22150000000000003,3.588516746411483,8360,1,4096,2.8424480291772243,False,-3.9890630768306203,False,ok,,0.02090187498833984
16,7,Normal,30000,5,0.1,11,2026107711,7.052207753018317,new_lower_rho_same_seed_schedule,False,12,2.3797005797054034,0.7106333333333333,21319,0.28936666666666666,2.9296875,10240,1,5324,2.8718675756537584,False,-4.672507173312914,False,ok,,0.02207241702126339
16,7,Normal,30000,5,0.1,11,2026107711,7.052207753018317,new_lower_rho_same_seed_schedule,False,13,1.7282764462201097,0.6375,19125,0.36250000000000004,2.4541884816753927,12224,1,6856,2.813674855973034,False,-5.323931306798207,False,ok,,0.022462249966338277
16,7,Normal,30000,5,0.1,11,2026107711,7.052207753018317,new_lower_rho_same_seed_schedule,False,14,1.0487062797668865,0.5516666666666666,16550,0.44833333333333336,2.0990764063811924,14292,1,8524,2.6725871342440652,False,-6.003501473251431,False,ok,,0.0231658749980852
16,7,Normal,30000,5,0.1,11,2026107711,7.052207753018317,new_lower_rho_same_seed_schedule,False,15,0.39814693720076744,0.473,14190,0.527,1.855402313068217,16169,1,10184,2.4986631945008964,False,-6.65406081581755,False,ok,,0.023072624986525625
16,7,Normal,30000,5,0.1,11,2026107711,7.052207753018317,new_lower_rho_same_seed_schedule,False,16,-0.18823589264063098,0.3916,11748,0.6084,1.6598428682084763,18074,1,12156,2.2445544959620913,False,-7.2404436456589485,False,ok,,0.022691333026159555
16,7,Normal,30000,5,0.1,11,2026107711,7.052207753018317,new_lower_rho_same_seed_schedule,False,17,-0.7388726271324302,0.3121333333333333,9364,0.6878666666666666,1.5153811183512653,19797,1,14058,1.9228819210705503,False,-7.791080380150747,False,ok,,0.023072624986525625
16,7,Normal,30000,5,0.1,11,2026107711,7.052207753018317,new_lower_rho_same_seed_schedule,False,18,-1.2751613209373704,0.24226666666666666,7268,0.7577333333333334,1.396843134515994,21477,1,16181,1.6102525802179335,False,-8.327369073955687,False,ok,,0.022348040947690606
16,7,Normal,30000,5,0.1,11,2026107711,7.052207753018317,new_lower_rho_same_seed_schedule,False,19,-1.6856977800667747,0.18996666666666667,5699,0.8100333333333334,1.3161935682007635,22793,1,17959,1.3496869690302746,False,-8.737905533085092,False,ok,,0.02073108300101012
16,7,Normal,30000,5,0.1,11,2026107711,7.052207753018317,new_lower_rho_same_seed_schedule,False,20,-2.110869850045586,0.1421,4263,0.8579,1.2537088887960215,23929,1,19518,1.086061269142309,False,-9.163077603063904,False,ok,,0.019557833031285554
16,7,Normal,30000,5,0.1,11,2026107711,7.052207753018317,new_lower_rho_same_seed_schedule,False,21,-2.4595365156816977,0.10323333333333333,3097,0.8967666666666667,1.2045773940975708,24905,1,20966,0.8450800700870177,False,-9.511744268700015,False,ok,,0.01965479098726064
16,7,Normal,30000,5,0.1,11,2026107711,7.052207753018317,new_lower_rho_same_seed_schedule,False,22,-2.6644901681478186,0.07556666666666667,2267,0.9244333333333333,1.161260354571495,25834,1,22487,0.6572142893691557,False,-9.716697921166135,False,ok,,0.018086541967932135
16,7,Normal,30000,5,0.1,11,2026107711,7.052207753018317,new_lower_rho_same_seed_schedule,False,23,-3.1365108957988665,0.0555,1665,0.9445,1.1315203862256251,26513,1,23589,0.5103329085902184,False,-10.188718648817183,False,ok,,0.01706720801303163
16,7,Normal,30000,5,0.1,11,2026107711,7.052207753018317,new_lower_rho_same_seed_schedule,False,24,-3.147976732278431,0.03933333333333333,1180,0.9606666666666667,1.1089753068165016,27052,1,24490,0.38782090810897857,False,-10.200184485296749,False,ok,,0.01692433300195262
16,7,Normal,30000,5,0.1,11,2026107711,7.052207753018317,new_lower_rho_same_seed_schedule,False,25,-3.5686491826941347,0.031733333333333336,952,0.9682666666666666,1.0906314756243864,27507,1,25309,0.3203814074510117,False,-10.620856935712451,False,ok,,0.016516959003638476
16,7,Normal,30000,5,0.1,11,2026107711,7.052207753018317,new_lower_rho_same_seed_schedule,False,26,-3.753440448088028,0.0227,681,0.9773,1.075037626316921,27906,1,26024,0.25191089208706496,False,-10.805648201106345,False,ok,,0.016002000018488616
16,7,Normal,30000,5,0.1,11,2026107711,7.052207753018317,new_lower_rho_same_seed_schedule,False,27,-4.005646525518735,0.017133333333333334,514,0.9828666666666667,1.061608691036484,28259,1,26665,0.1987982228461674,False,-11.057854278537052,False,ok,,0.016202333965338767
16,7,Normal,30000,5,0.1,11,2026107711,7.052207753018317,new_lower_rho_same_seed_schedule,False,28,-4.3412968777542496,0.013133333333333334,394,0.9868666666666667,1.0502730709984596,28564,1,27240,0.15825293233266996,False,-11.393504630772567,False,ok,,0.015563791966997087
16,7,Normal,30000,5,0.1,11,2026107711,7.052207753018317,new_lower_rho_same_seed_schedule,False,29,-4.475532074479904,0.0095,285,0.9905,1.0437323870159692,28743,1,27564,0.12938034198264486,False,-11.527739827498221,False,ok,,0.01569666701834649
16,7,Normal,30000,5,0.1,11,2026107711,7.052207753018317,new_lower_rho_same_seed_schedule,False,30,-4.758097604392916,0.007,210,0.993,1.0356612697207166,28967,1,27986,0.0999716106147457,False,-11.810305357411234,False,ok,,0.016353290993720293
16,7,Normal,30000,5,0.1,11,2026107711,7.052207753018317,new_lower_rho_same_seed_schedule,False,31,-4.8317986853928865,0.005266666666666667,158,0.9947333333333334,1.0305736860185504,29110,1,28257,0.0810292656628699,False,-11.884006438411204,False,ok,,0.018150624993722886
16,7,Normal,30000,5,0.1,11,2026107711,7.052207753018317,new_lower_rho_same_seed_schedule,False,32,-4.658986293574679,0.004066666666666666,122,0.9959333333333333,1.0255007862172694,29254,1,28537,0.06704543136028311,False,-11.711194046592997,False,ok,,0.015456833993084729
16,7,Normal,30000,5,0.1,11,2026107711,7.052207753018317,new_lower_rho_same_seed_schedule,False,33,-5.4154576113507416,0.0027333333333333333,82,0.9972666666666666,1.0231923601637107,29320,1,28655,0.05490539729062207,False,-12.467665364369058,False,ok,,0.015582874999381602
16,7,Normal,30000,5,0.1,11,2026107711,7.052207753018317,new_lower_rho_same_seed_schedule,False,34,-5.029745655229306,0.0026333333333333334,79,0.9973666666666666,1.0196798205363515,29421,1,28859,0.04817689389741287,False,-12.081953408247623,False,ok,,0.016684249974787235
16,7,Normal,30000,5,0.1,11,2026107711,7.052207753018317,new_lower_rho_same_seed_schedule,False,35,-5.325110381978317,0.0019,57,0.9981,1.0175010175010175,29484,1,28978,0.03980046359437795,False,-12.377318134996635,False,ok,,0.01510800002142787
16,7,Normal,30000,5,0.1,11,2026107711,7.052207753018317,new_lower_rho_same_seed_schedule,False,36,-5.756877523554392,0.0019666666666666665,59,0.9980333333333333,1.0134108029591595,29603,1,29217,0.033516747914542934,False,-12.80908527657271,False,ok,,0.01443820894928649
16,7,Normal,30000,5,0.1,11,2026107711,7.052207753018317,new_lower_rho_same_seed_schedule,False,37,-6.129119423643907,0.0014,42,0.9986,1.0123165176311792,29635,1,29276,0.027979760843174405,False,-13.181327176662224,False,ok,,0.014636875013820827
16,7,Normal,30000,5,0.1,11,2026107711,7.052207753018317,new_lower_rho_same_seed_schedule,False,38,-5.383212045339002,0.0015333333333333334,46,0.9984666666666666,1.0121457489878543,29640,1,29290,0.03007038124934391,False,-12.43541979835732,False,ok,,0.014252417022362351
16,7,Normal,30000,5,0.1,11,2026107711,7.052207753018317,new_lower_rho_same_seed_schedule,False,39,-6.040510430253485,0.0008666666666666666,26,0.9991333333333333,1.0091835704914724,29727,1,29456,0.01932826010882419,False,-13.092718183271803,False,ok,,0.01368387503316626
16,7,Normal,30000,5,0.1,11,2026107711,7.052207753018317,new_lower_rho_same_seed_schedule,False,40,-5.753354740638622,0.0009666666666666667,29,0.9990333333333333,1.0093533409595585,29722,1,29450,0.022233603996420645,False,-12.80556249365694,False,ok,,0.014627708005718887
16,7,Normal,30000,5,0.1,12,2026107712,7.052207753018317,new_lower_rho_same_seed_schedule,False,1,7.090139786053214,1.0,30000,0.0,30000.0,1,30000,0,1.0462939067338757,False,0.03793203303489712,False,ok,,0.014693458972033113
16,7,Normal,30000,5,0.1,12,2026107712,7.052207753018317,new_lower_rho_same_seed_schedule,False,2,6.926391258751529,1.0,30000,0.0,937.5,32,475,0,1.2129705550535697,False,-0.12581649426678787,False,ok,,0.015086792001966387
16,7,Normal,30000,5,0.1,12,2026107712,7.052207753018317,new_lower_rho_same_seed_schedule,False,3,6.804112133705489,0.9982,29946,0.0018000000000000238,161.29032258064515,186,1,29,1.2549079850395721,False,-0.24809561931282786,False,ok,,0.0192115840036422
16,7,Normal,30000,5,0.1,12,2026107712,7.052207753018317,new_lower_rho_same_seed_schedule,False,4,6.597725852571682,0.9924666666666667,29774,0.007533333333333281,70.4225352112676,426,1,104,1.3997138209378923,False,-0.45448190044663495,False,ok,,0.033387041999958456
16,7,Normal,30000,5,0.1,12,2026107712,7.052207753018317,new_lower_rho_same_seed_schedule,False,5,6.317003747727317,0.9852333333333333,29557,0.014766666666666706,36.58536585365854,820,1,223,1.57968946046012,False,-0.735204005291,False,ok,,0.023993250040803105
16,7,Normal,30000,5,0.1,12,2026107712,7.052207753018317,new_lower_rho_same_seed_schedule,False,6,5.946754299767089,0.9745666666666667,29237,0.025433333333333308,21.216407355021218,1414,1,453,1.8230699018512804,False,-1.1054534532512283,False,ok,,0.02744412503670901
16,7,Normal,30000,5,0.1,12,2026107712,7.052207753018317,new_lower_rho_same_seed_schedule,False,7,5.526498548166784,0.9539333333333333,28618,0.0460666666666667,13.345195729537366,2248,1,781,2.0514835462743752,False,-1.525709204851533,False,ok,,0.03310320799937472
16,7,Normal,30000,5,0.1,12,2026107712,7.052207753018317,new_lower_rho_same_seed_schedule,False,8,5.030647918523429,0.9263666666666667,27791,0.07363333333333333,9.030704394942806,3322,1,1258,2.2883133650201097,False,-2.021559834494888,False,ok,,0.031943083042278886
16,7,Normal,30000,5,0.1,12,2026107712,7.052207753018317,new_lower_rho_same_seed_schedule,False,9,4.451996657727245,0.8923666666666666,26771,0.10763333333333336,6.524575902566333,4598,1,1827,2.5063554857147174,False,-2.6002110952910718,False,ok,,0.04271566600073129
16,7,Normal,30000,5,0.1,12,2026107712,7.052207753018317,new_lower_rho_same_seed_schedule,False,10,3.851978141103031,0.8488666666666667,25466,0.15113333333333334,4.905166775670373,6116,1,2694,2.700492408467359,False,-3.200229611915286,False,ok,,0.02221129200188443
16,7,Normal,30000,5,0.1,12,2026107712,7.052207753018317,new_lower_rho_same_seed_schedule,False,11,3.2179834166192687,0.7938666666666667,23816,0.20613333333333328,3.8260425966075755,7841,1,3658,2.8444893199621015,False,-3.8342243363990485,False,ok,,0.02242308296263218
16,7,Normal,30000,5,0.1,12,2026107712,7.052207753018317,new_lower_rho_same_seed_schedule,False,12,2.5423904285100156,0.7219666666666666,21659,0.27803333333333335,3.060599877576005,9802,1,5012,2.840273638044409,False,-4.509817324508301,False,ok,,0.023622917011380196
16,7,Normal,30000,5,0.1,12,2026107712,7.052207753018317,new_lower_rho_same_seed_schedule,False,13,1.8841753003288417,0.6569333333333334,19708,0.34306666666666663,2.5606008876749744,11716,1,6457,2.8474316470512986,False,-5.168032452689475,False,ok,,0.02848470798926428
16,7,Normal,30000,5,0.1,12,2026107712,7.052207753018317,new_lower_rho_same_seed_schedule,False,14,1.2590451164872842,0.5742,17226,0.42579999999999996,2.1937842778793417,13675,1,7948,2.732430159732649,False,-5.793162636531033,False,ok,,0.03228458296507597
16,7,Normal,30000,5,0.1,12,2026107712,7.052207753018317,new_lower_rho_same_seed_schedule,False,15,0.6162757134280934,0.4978666666666667,14936,0.5021333333333333,1.9147306612203217,15668,1,9826,2.555339706303732,False,-6.435932039590224,False,ok,,0.055429791973438114
16,7,Normal,30000,5,0.1,12,2026107712,7.052207753018317,new_lower_rho_same_seed_schedule,False,16,0.01002186382004046,0.4163,12489,0.5837,1.7174261506755208,17468,1,11529,2.3168327539071747,False,-7.042185889198277,False,ok,,0.05877195799257606
16,7,Normal,30000,5,0.1,12,2026107712,7.052207753018317,new_lower_rho_same_seed_schedule,False,17,-0.5521565729295305,0.34413333333333335,10324,0.6558666666666666,1.5603869759700406,19226,1,13503,2.0579499418610347,False,-7.604364325947848,False,ok,,0.0714937910088338
16,7,Normal,30000,5,0.1,12,2026107712,7.052207753018317,new_lower_rho_same_seed_schedule,False,18,-1.1198234712088162,0.27013333333333334,8104,0.7298666666666667,1.437607820586544,20868,1,15421,1.7417796412304156,False,-8.172031224227133,False,ok,,0.031433750002179295
16,7,Normal,30000,5,0.1,12,2026107712,7.052207753018317,new_lower_rho_same_seed_schedule,False,19,-1.5221045839881335,0.21353333333333332,6406,0.7864666666666666,1.3550747549573152,22139,1,16997,1.4842502777868518,False,-8.57431233700645,False,ok,,0.038597207982093096
16,7,Normal,30000,5,0.1,12,2026107712,7.052207753018317,new_lower_rho_same_seed_schedule,False,20,-1.921548643362812,0.1621,4863,0.8379,1.2823252831801668,23395,1,18746,1.2100385481289473,False,-8.973756396381129,False,ok,,0.026616792019922286
16,7,Normal,30000,5,0.1,12,2026107712,7.052207753018317,new_lower_rho_same_seed_schedule,False,21,-2.236900879919406,0.11746666666666666,3524,0.8825333333333334,1.2202562538133008,24585,1,20518,0.9286949260775119,False,-9.289108632937722,False,ok,,0.02520033303881064
16,7,Normal,30000,5,0.1,12,2026107712,7.052207753018317,new_lower_rho_same_seed_schedule,False,22,-2.704081120133267,0.0889,2667,0.9111,1.181381428683941,25394,1,21741,0.7508124266396766,False,-9.756288873151584,False,ok,,0.024155499995686114
16,7,Normal,30000,5,0.1,12,2026107712,7.052207753018317,new_lower_rho_same_seed_schedule,False,23,-2.8959968321660337,0.06383333333333334,1915,0.9361666666666667,1.143859381553361,26227,1,23113,0.5783900830912446,False,-9.948204585184351,False,ok,,0.023278415959794074
16,7,Normal,30000,5,0.1,12,2026107712,7.052207753018317,new_lower_rho_same_seed_schedule,False,24,-3.177631733321032,0.047433333333333334,1423,0.9525666666666667,1.1190689346463742,26808,1,24085,0.4559858472594177,False,-10.22983948633935,False,ok,,0.02056304196594283
16,7,Normal,30000,5,0.1,12,2026107712,7.052207753018317,new_lower_rho_same_seed_schedule,False,25,-3.3946141894596167,0.03423333333333333,1027,0.9657666666666667,1.0988608475880004,27301,1,24920,0.35456153657623185,False,-10.446821942477934,False,ok,,0.020441333996132016
16,7,Normal,30000,5,0.1,12,2026107712,7.052207753018317,new_lower_rho_same_seed_schedule,False,26,-3.583991781661956,0.026066666666666665,782,0.9739333333333333,1.0826807174564221,27709,1,25660,0.2831696374748562,False,-10.636199534680273,False,ok,,0.01941420801449567
16,7,Normal,30000,5,0.1,12,2026107712,7.052207753018317,new_lower_rho_same_seed_schedule,False,27,-3.729573709257699,0.019333333333333334,580,0.9806666666666667,1.067881678709999,28093,1,26354,0.21610453863481072,False,-10.781781462276015,False,ok,,0.01759658398805186
16,7,Normal,30000,5,0.1,12,2026107712,7.052207753018317,new_lower_rho_same_seed_schedule,False,28,-4.0259908837881335,0.015066666666666667,452,0.9849333333333333,1.0565612453335211,28394,1,26916,0.17638377404483585,False,-11.078198636806452,False,ok,,0.01635908300522715
16,7,Normal,30000,5,0.1,12,2026107712,7.052207753018317,new_lower_rho_same_seed_schedule,False,29,-4.235997037773239,0.011066666666666667,332,0.9889333333333333,1.0489877268435959,28599,1,27285,0.1448359029088415,False,-11.288204790791557,False,ok,,0.016112459008581936
16,7,Normal,30000,5,0.1,12,2026107712,7.052207753018317,new_lower_rho_same_seed_schedule,False,30,-4.2333875215174075,0.008533333333333334,256,0.9914666666666667,1.041377395168009,28808,1,27681,0.11595078166833375,False,-11.285595274535725,False,ok,,0.017016125028021634
16,7,Normal,30000,5,0.1,12,2026107712,7.052207753018317,new_lower_rho_same_seed_schedule,False,31,-4.824221375257872,0.005866666666666667,176,0.9941333333333333,1.035303861683404,28977,1,27995,0.09250258328656731,False,-11.87642912827619,False,ok,,0.016470625007059425
16,7,Normal,30000,5,0.1,12,2026107712,7.052207753018317,new_lower_rho_same_seed_schedule,False,32,-4.523713958856163,0.005366666666666666,161,0.9946333333333334,1.0313176802227646,29089,1,28219,0.08531155169530824,False,-11.57592171187448,False,ok,,0.016722041997127235
16,7,Normal,30000,5,0.1,12,2026107712,7.052207753018317,new_lower_rho_same_seed_schedule,False,33,-4.717156396671553,0.004033333333333333,121,0.9959666666666667,1.0255007862172694,29254,1,28532,0.06256836410799911,False,-11.76936414968987,False,ok,,0.02063441602513194
16,7,Normal,30000,5,0.1,12,2026107712,7.052207753018317,new_lower_rho_same_seed_schedule,False,34,-5.013285685287384,0.0022333333333333333,67,0.9977666666666667,1.0200958890135672,29409,1,28828,0.045257189222737935,False,-12.065493438305701,False,ok,,0.015260624990332872
16,7,Normal,30000,5,0.1,12,2026107712,7.052207753018317,new_lower_rho_same_seed_schedule,False,35,-4.898488840693498,0.0028,84,0.9972,1.0187449062754685,29448,1,28911,0.04590883671077935,False,-11.950696593711815,False,ok,,0.0145202919957228
16,7,Normal,30000,5,0.1,12,2026107712,7.052207753018317,new_lower_rho_same_seed_schedule,False,36,-5.24336089346529,0.002266666666666667,68,0.9977333333333334,1.017018102922232,29498,1,29007,0.040589723083205805,False,-12.295568646483607,False,ok,,0.016046958975493908
16,7,Normal,30000,5,0.1,12,2026107712,7.052207753018317,new_lower_rho_same_seed_schedule,False,37,-5.076056409133039,0.0016,48,0.9984,1.0135477549917227,29599,1,29206,0.03191197082841992,False,-12.128264162151357,False,ok,,0.014322791015729308
16,7,Normal,30000,5,0.1,12,2026107712,7.052207753018317,new_lower_rho_same_seed_schedule,False,38,-5.0678945623622305,0.0018333333333333333,55,0.9981666666666666,1.0136162448896848,29597,1,29208,0.03538774890352604,False,-12.120102315380548,False,ok,,0.015503833012189716
16,7,Normal,30000,5,0.1,12,2026107712,7.052207753018317,new_lower_rho_same_seed_schedule,False,39,-5.7445118176394505,0.0011,33,0.9989,1.0111905082917623,29668,1,29340,0.02443754338223581,False,-12.796719570657768,False,ok,,0.015535707992967218
16,7,Normal,30000,5,0.1,12,2026107712,7.052207753018317,new_lower_rho_same_seed_schedule,False,40,-5.422997595269125,0.0012666666666666666,38,0.9987333333333334,1.0095911155981827,29715,1,29437,0.023438371836126598,False,-12.475205348287442,False,ok,,0.014918166038114578
16,7,Normal,30000,5,0.1,13,2026107713,7.052207753018317,new_lower_rho_same_seed_schedule,False,1,7.100285128023823,1.0,30000,0.0,30000.0,1,30000,0,1.0474136770732028,False,0.04807737500550591,False,ok,,0.01583708298858255
16,7,Normal,30000,5,0.1,13,2026107713,7.052207753018317,new_lower_rho_same_seed_schedule,False,2,6.935926150759834,1.0,30000,0.0,937.5,32,343,0,1.207900229673027,False,-0.11628160225848294,False,ok,,0.03604095900664106
16,7,Normal,30000,5,0.1,13,2026107713,7.052207753018317,new_lower_rho_same_seed_schedule,False,3,6.823112814692273,0.9977,29931,0.0022999999999999687,169.4915254237288,177,1,30,1.2363266926398555,False,-0.22909493832604433,False,ok,,0.07875541702378541
16,7,Normal,30000,5,0.1,13,2026107713,7.052207753018317,new_lower_rho_same_seed_schedule,False,4,6.632334117489146,0.9945,29835,0.005499999999999949,79.15567282321899,379,1,94,1.379152611946635,False,-0.41987363552917145,False,ok,,0.08161137497518212
16,7,Normal,30000,5,0.1,13,2026107713,7.052207753018317,new_lower_rho_same_seed_schedule,False,5,6.376272819672256,0.9865,29595,0.013499999999999956,40.26845637583892,745,1,204,1.550743494367312,False,-0.6759349333460616,False,ok,,0.0742644999991171
16,7,Normal,30000,5,0.1,13,2026107713,7.052207753018317,new_lower_rho_same_seed_schedule,False,6,6.04701591632848,0.9771333333333333,29314,0.022866666666666702,23.455824863174357,1279,1,410,1.7666272915884051,False,-1.0051918366898374,False,ok,,0.3341880419757217
16,7,Normal,30000,5,0.1,13,2026107713,7.052207753018317,new_lower_rho_same_seed_schedule,False,7,5.650332871342057,0.9609333333333333,28828,0.039066666666666694,15.037593984962406,1995,1,666,1.9967890156288841,False,-1.4018748816762603,False,ok,,0.08363766700495034
16,7,Normal,30000,5,0.1,13,2026107713,7.052207753018317,new_lower_rho_same_seed_schedule,False,8,5.187500536875362,0.9359333333333333,28078,0.06406666666666672,10.040160642570282,2988,1,1110,2.2197513517339433,False,-1.8647072161429552,False,ok,,0.03222112497314811
16,7,Normal,30000,5,0.1,13,2026107713,7.052207753018317,new_lower_rho_same_seed_schedule,False,9,4.652144156158891,0.9019,27057,0.09809999999999997,7.16674629718108,4186,1,1633,2.4327151071845687,False,-2.400063596859426,False,ok,,0.0328774590161629
16,7,Normal,30000,5,0.1,13,2026107713,7.052207753018317,new_lower_rho_same_seed_schedule,False,10,4.094052922024057,0.8634,25902,0.13660000000000005,5.387931034482759,5568,1,2385,2.6154670581263324,False,-2.9581548309942605,False,ok,,0.0413581250468269
16,7,Normal,30000,5,0.1,13,2026107713,7.052207753018317,new_lower_rho_same_seed_schedule,False,11,3.4985329453779457,0.8167,24501,0.18330000000000002,4.202857943401513,7138,1,3256,2.7925168828165274,False,-3.5536748076403715,False,ok,,0.04879508400335908
16,7,Normal,30000,5,0.1,13,2026107713,7.052207753018317,new_lower_rho_same_seed_schedule,False,12,2.8688462756864124,0.7560333333333333,22681,0.24396666666666667,3.3639829558196905,8918,1,4418,2.854455851011546,False,-4.183361477331905,False,ok,,0.04416383395437151
16,7,Normal,30000,5,0.1,13,2026107713,7.052207753018317,new_lower_rho_same_seed_schedule,False,13,2.250343181057651,0.6909,20727,0.30910000000000004,2.7878449958182325,10761,1,5728,2.8745236202491875,False,-4.801864571960666,False,ok,,0.05076545802876353
16,7,Normal,30000,5,0.1,13,2026107713,7.052207753018317,new_lower_rho_same_seed_schedule,False,14,1.5586603876196388,0.6236,18708,0.37639999999999996,2.376425855513308,12624,1,7180,2.825507116669941,False,-5.493547365398678,False,ok,,0.04599062498891726
16,7,Normal,30000,5,0.1,13,2026107713,7.052207753018317,new_lower_rho_same_seed_schedule,False,15,0.9751782807879363,0.5429666666666667,16289,0.4570333333333333,2.0538098172109263,14607,1,8897,2.6543261334092527,False,-6.077029472230381,False,ok,,0.03235866705654189
16,7,Normal,30000,5,0.1,13,2026107713,7.052207753018317,new_lower_rho_same_seed_schedule,False,16,0.3540951409341718,0.472,14160,0.528,1.8404907975460123,16300,1,10341,2.5216328242373045,False,-6.698112612084145,False,ok,,0.07875529199372977
16,7,Normal,30000,5,0.1,13,2026107713,7.052207753018317,new_lower_rho_same_seed_schedule,False,17,-0.2484466142450426,0.3879666666666667,11639,0.6120333333333333,1.6529836354620089,18149,1,12223,2.228478917914157,False,-7.30065436726336,False,ok,,0.03500320797320455
16,7,Normal,30000,5,0.1,13,2026107713,7.052207753018317,new_lower_rho_same_seed_schedule,False,18,-0.7319864414902879,0.3149,9447,0.6851,1.5180649731808522,19762,1,14034,1.9303534464726142,False,-7.784194194508605,False,ok,,0.02812808402813971
16,7,Normal,30000,5,0.1,13,2026107713,7.052207753018317,new_lower_rho_same_seed_schedule,False,19,-1.2211986018371648,0.24893333333333334,7468,0.7510666666666667,1.4105035497672669,21269,1,15854,1.6507000531025517,False,-8.273406354855481,False,ok,,0.03625616698991507
16,7,Normal,30000,5,0.1,13,2026107713,7.052207753018317,new_lower_rho_same_seed_schedule,False,20,-1.6931639398081912,0.19793333333333332,5938,0.8020666666666667,1.3311443404179792,22537,1,17587,1.3991991536903439,False,-8.745371692826508,False,ok,,0.03772037505405024
16,7,Normal,30000,5,0.1,13,2026107713,7.052207753018317,new_lower_rho_same_seed_schedule,False,21,-1.9991368397181184,0.14783333333333334,4435,0.8521666666666666,1.2618827290317154,23774,1,19306,1.1062587303319624,False,-9.051344592736436,False,ok,,0.029943250003270805
16,7,Normal,30000,5,0.1,13,2026107713,7.052207753018317,new_lower_rho_same_seed_schedule,False,22,-2.3795765937959996,0.11253333333333333,3376,0.8874666666666666,1.2146240738491436,24699,1,20668,0.9027477016209231,False,-9.431784346814316,False,ok,,0.0241770000429824
16,7,Normal,30000,5,0.1,13,2026107713,7.052207753018317,new_lower_rho_same_seed_schedule,False,23,-2.6960039747934235,0.08143333333333333,2443,0.9185666666666666,1.172745396974317,25581,1,22039,0.7057698533114938,False,-9.748211727811741,False,ok,,0.02370687504298985
16,7,Normal,30000,5,0.1,13,2026107713,7.052207753018317,new_lower_rho_same_seed_schedule,False,24,-2.864559305230951,0.06196666666666667,1859,0.9380333333333333,1.1423784318952057,26261,1,23171,0.5622895349022545,False,-9.916767058249269,False,ok,,0.023413624963723123
16,7,Normal,30000,5,0.1,13,2026107713,7.052207753018317,new_lower_rho_same_seed_schedule,False,25,-3.096778431257769,0.04516666666666667,1355,0.9548333333333333,1.1201553282055112,26782,1,24007,0.43034848067238013,False,-10.148986184276087,False,ok,,0.019662875041831285
16,7,Normal,30000,5,0.1,13,2026107713,7.052207753018317,new_lower_rho_same_seed_schedule,False,26,-3.4999022670892916,0.03436666666666666,1031,0.9656333333333333,1.0975342064827687,27334,1,24994,0.35343172892622116,False,-10.552110020107609,False,ok,,0.021480207971762866
16,7,Normal,30000,5,0.1,13,2026107713,7.052207753018317,new_lower_rho_same_seed_schedule,False,27,-3.6296235022979673,0.024966666666666668,749,0.9750333333333333,1.080613788631943,27762,1,25761,0.27099998739217557,False,-10.681831255316284,False,ok,,0.023905167006887496
16,7,Normal,30000,5,0.1,13,2026107713,7.052207753018317,new_lower_rho_same_seed_schedule,False,28,-3.9059293437343694,0.018766666666666668,563,0.9812333333333333,1.069480588927311,28051,1,26264,0.2241059899008746,False,-10.958137096752687,False,ok,,0.02263241697801277
16,7,Normal,30000,5,0.1,13,2026107713,7.052207753018317,new_lower_rho_same_seed_schedule,False,29,-4.0351140515755,0.015866666666666668,476,0.9841333333333333,1.059247228303086,28322,1,26782,0.19179637572958988,False,-11.087321804593817,False,ok,,0.026792958029545844
16,7,Normal,30000,5,0.1,13,2026107713,7.052207753018317,new_lower_rho_same_seed_schedule,False,30,-4.363235236381466,0.0112,336,0.9888,1.0486943755024993,28607,1,27304,0.14579318470690758,False,-11.415442989399782,False,ok,,0.02398458297830075
16,7,Normal,30000,5,0.1,13,2026107713,7.052207753018317,new_lower_rho_same_seed_schedule,False,31,-4.497733674808239,0.008266666666666667,248,0.9917333333333334,1.0418837257762035,28794,1,27654,0.11791463151206616,False,-11.549941427826557,False,ok,,0.023208416998386383
16,7,Normal,30000,5,0.1,13,2026107713,7.052207753018317,new_lower_rho_same_seed_schedule,False,32,-4.89640417044791,0.005066666666666666,152,0.9949333333333333,1.0341974627688912,29008,1,28052,0.08718612444385257,False,-11.948611923466228,False,ok,,0.017804750008508563
16,7,Normal,30000,5,0.1,13,2026107713,7.052207753018317,new_lower_rho_same_seed_schedule,False,33,-4.812275737929226,0.005833333333333334,175,0.9941666666666666,1.0319207484865163,29072,1,28188,0.08688533036268327,False,-11.864483490947542,False,ok,,0.019835749990306795
16,7,Normal,30000,5,0.1,13,2026107713,7.052207753018317,new_lower_rho_same_seed_schedule,False,34,-5.269273040307997,0.0036333333333333335,109,0.9963666666666666,1.026097068782707,29237,1,28499,0.06528966499361909,False,-12.321480793326314,False,ok,,0.016753042000345886
16,7,Normal,30000,5,0.1,13,2026107713,7.052207753018317,new_lower_rho_same_seed_schedule,False,35,-5.016863779149579,0.0038,114,0.9962,1.0228435049437437,29330,1,28686,0.05977709070229627,False,-12.069071532167897,False,ok,,0.016530250024516135
16,7,Normal,30000,5,0.1,13,2026107713,7.052207753018317,new_lower_rho_same_seed_schedule,False,36,-5.041424482219975,0.0034,102,0.9966,1.0197144799456153,29420,1,28861,0.052325541161971044,False,-12.093632235238292,False,ok,,0.016495624964591116
16,7,Normal,30000,5,0.1,13,2026107713,7.052207753018317,new_lower_rho_same_seed_schedule,False,37,-5.694488899836072,0.002033333333333333,61,0.9979666666666667,1.0175700427379417,29482,1,28976,0.0420323432895472,False,-12.74669665285439,False,ok,,0.017014292010571808
16,7,Normal,30000,5,0.1,13,2026107713,7.052207753018317,new_lower_rho_same_seed_schedule,False,38,-5.745578292271359,0.0018666666666666666,56,0.9981333333333333,1.015640869388584,29538,1,29087,0.03799763127989354,False,-12.797786045289676,False,ok,,0.016441832995042205
16,7,Normal,30000,5,0.1,13,2026107713,7.052207753018317,new_lower_rho_same_seed_schedule,False,39,-6.326712208358176,0.0013333333333333333,40,0.9986666666666667,1.0138217701328107,29591,1,29189,0.0311860600059536,False,-13.378919961376493,False,ok,,0.016457082994747907
16,7,Normal,30000,5,0.1,13,2026107713,7.052207753018317,new_lower_rho_same_seed_schedule,False,40,-6.124238888662238,0.0011666666666666668,35,0.9988333333333334,1.0116679031496594,29654,1,29314,0.02661576570546107,False,-13.176446641680556,False,ok,,0.017729416955262423
16,7,Normal,30000,5,0.1,14,2026107714,7.052207753018317,new_lower_rho_same_seed_schedule,False,1,7.066237159842878,1.0,30000,0.0,30000.0,1,30000,0,1.0470748487637431,False,0.014029406824560553,False,ok,,0.016739875019993633
16,7,Normal,30000,5,0.1,14,2026107714,7.052207753018317,new_lower_rho_same_seed_schedule,False,2,6.891697380520918,1.0,30000,0.0,937.5,32,441,0,1.2082891150849933,False,-0.16051037249739952,False,ok,,0.01591179199749604
16,7,Normal,30000,5,0.1,14,2026107714,7.052207753018317,new_lower_rho_same_seed_schedule,False,3,6.7683572088563535,0.9982666666666666,29948,0.0017333333333333645,163.04347826086956,184,1,20,1.2543799212361266,False,-0.28385054416196365,False,ok,,0.01661674998467788
16,7,Normal,30000,5,0.1,14,2026107714,7.052207753018317,new_lower_rho_same_seed_schedule,False,4,6.575342588655856,0.9929,29787,0.007099999999999995,72.99270072992701,411,1,98,1.3911881416318455,False,-0.4768651643624615,False,ok,,0.016661415982525796
16,7,Normal,30000,5,0.1,14,2026107714,7.052207753018317,new_lower_rho_same_seed_schedule,False,5,6.298271956742481,0.9850333333333333,29551,0.014966666666666684,36.496350364963504,822,1,237,1.5811942856317804,False,-0.7539357962758357,False,ok,,0.017045082990080118
16,7,Normal,30000,5,0.1,14,2026107714,7.052207753018317,new_lower_rho_same_seed_schedule,False,6,5.941853111997392,0.974,29220,0.026000000000000023,21.78649237472767,1377,1,404,1.8103741089040801,False,-1.1103546410209253,False,ok,,0.017941542027983814
16,7,Normal,30000,5,0.1,14,2026107714,7.052207753018317,new_lower_rho_same_seed_schedule,False,7,5.533279015228071,0.9572,28716,0.04279999999999995,13.84402399630826,2167,1,732,2.041613548353353,False,-1.5189287377902465,False,ok,,0.017581791966222227
16,7,Normal,30000,5,0.1,14,2026107714,7.052207753018317,new_lower_rho_same_seed_schedule,False,8,5.033999146149757,0.9318333333333333,27955,0.06816666666666671,9.328358208955224,3216,1,1210,2.280926122080332,False,-2.0182086068685603,False,ok,,0.01915516599547118
16,7,Normal,30000,5,0.1,14,2026107714,7.052207753018317,new_lower_rho_same_seed_schedule,False,9,4.474453042323791,0.8957666666666667,26873,0.10423333333333329,6.693440428380187,4482,1,1794,2.488095469654225,False,-2.577754710694526,False,ok,,0.0195026250439696
16,7,Normal,30000,5,0.1,14,2026107714,7.052207753018317,new_lower_rho_same_seed_schedule,False,10,3.8714401162971956,0.8516666666666667,25550,0.14833333333333332,4.9685326266975816,6038,1,2665,2.696461182435871,False,-3.1807676367211215,False,ok,,0.021665583015419543
16,7,Normal,30000,5,0.1,14,2026107714,7.052207753018317,new_lower_rho_same_seed_schedule,False,11,3.2366792413792353,0.7987666666666666,23963,0.20123333333333338,3.8829924928811805,7726,1,3656,2.8060621510271697,False,-3.815528511639082,False,ok,,0.022519625024870038
16,7,Normal,30000,5,0.1,14,2026107714,7.052207753018317,new_lower_rho_same_seed_schedule,False,12,2.6203541641976096,0.734,22020,0.266,3.1519226728304264,9518,1,4761,2.872681054571279,False,-4.431853588820708,False,ok,,0.024036542046815157
16,7,Normal,30000,5,0.1,14,2026107714,7.052207753018317,new_lower_rho_same_seed_schedule,False,13,1.937653988785922,0.6626,19878,0.33740000000000003,2.6116479498563594,11487,1,6217,2.838262457422605,False,-5.1145537642323955,False,ok,,0.02473249996546656
16,7,Normal,30000,5,0.1,14,2026107714,7.052207753018317,new_lower_rho_same_seed_schedule,False,14,1.2722837741386694,0.5894666666666667,17684,0.4105333333333333,2.2311468094600624,13446,1,7815,2.755426097833713,False,-5.779923978879648,False,ok,,0.026954665954690427
16,7,Normal,30000,5,0.1,14,2026107714,7.052207753018317,new_lower_rho_same_seed_schedule,False,15,0.6370311347494295,0.5078333333333334,15235,0.49216666666666664,1.9561815336463224,15336,1,9416,2.600190730415452,False,-6.415176618268887,False,ok,,0.026732125028502196
16,7,Normal,30000,5,0.1,14,2026107714,7.052207753018317,new_lower_rho_same_seed_schedule,False,16,-0.0004898651533164452,0.4314,12942,0.5686,1.7427675148135238,17214,1,11286,2.377325095989629,False,-7.052697618171633,False,ok,,0.0252605410059914
16,7,Normal,30000,5,0.1,14,2026107714,7.052207753018317,new_lower_rho_same_seed_schedule,False,17,-0.5145409286223527,0.3529333333333333,10588,0.6470666666666667,1.5828628713132487,18953,1,13098,2.106385402101916,False,-7.56674868164067,False,ok,,0.02623770898208022
16,7,Normal,30000,5,0.1,14,2026107714,7.052207753018317,new_lower_rho_same_seed_schedule,False,18,-1.0748732877737468,0.2793333333333333,8380,0.7206666666666667,1.4598540145985401,20550,1,14902,1.8030506138421836,False,-8.127081040792064,False,ok,,0.025209875020664185
16,7,Normal,30000,5,0.1,14,2026107714,7.052207753018317,new_lower_rho_same_seed_schedule,False,19,-1.4946296116121451,0.2152,6456,0.7847999999999999,1.360050775228942,22058,1,16884,1.483533640650187,False,-8.546837364630463,False,ok,,0.024417584005277604
16,7,Normal,30000,5,0.1,14,2026107714,7.052207753018317,new_lower_rho_same_seed_schedule,False,20,-2.007450296154978,0.16563333333333333,4969,0.8343666666666667,1.2887705129306641,23278,1,18530,1.240718241598443,False,-9.059658049173295,False,ok,,0.023604916990734637
16,7,Normal,30000,5,0.1,14,2026107714,7.052207753018317,new_lower_rho_same_seed_schedule,False,21,-2.1879905130442103,0.1232,3696,0.8768,1.2356866298706648,24278,1,19977,0.970194991629498,False,-9.240198266062528,False,ok,,0.022652917017694563
16,7,Normal,30000,5,0.1,14,2026107714,7.052207753018317,new_lower_rho_same_seed_schedule,False,22,-2.7325027279105325,0.09423333333333334,2827,0.9057666666666666,1.1871314945985516,25271,1,21549,0.7990494591129719,False,-9.78471048092885,False,ok,,0.023523583018686622
16,7,Normal,30000,5,0.1,14,2026107714,7.052207753018317,new_lower_rho_same_seed_schedule,False,23,-2.9827485066401325,0.06973333333333333,2092,0.9302666666666667,1.1514988676927802,26053,1,22844,0.6089794810731333,False,-10.03495625965845,False,ok,,0.06747191603062674
16,7,Normal,30000,5,0.1,14,2026107714,7.052207753018317,new_lower_rho_same_seed_schedule,False,24,-3.2271232550364104,0.050166666666666665,1505,0.9498333333333333,1.1235534249653572,26701,1,23897,0.4726213575117882,False,-10.279331008054728,False,ok,,0.028361709031742066
16,7,Normal,30000,5,0.1,14,2026107714,7.052207753018317,new_lower_rho_same_seed_schedule,False,25,-3.616029763829291,0.035133333333333336,1054,0.9648666666666667,1.0997873744409414,27278,1,24899,0.3652591344850676,False,-10.668237516847608,False,ok,,0.02986050001345575
16,7,Normal,30000,5,0.1,14,2026107714,7.052207753018317,new_lower_rho_same_seed_schedule,False,26,-3.6066246608393353,0.026333333333333334,790,0.9736666666666667,1.0867202782003913,27606,1,25458,0.28630495942107637,False,-10.658832413857652,False,ok,,0.022785292007029057
16,7,Normal,30000,5,0.1,14,2026107714,7.052207753018317,new_lower_rho_same_seed_schedule,False,27,-4.1098659502102,0.017833333333333333,535,0.9821666666666666,1.0716582124741016,27994,1,26140,0.22363143003653288,False,-11.162073703228518,False,ok,,0.025667832989711314
16,7,Normal,30000,5,0.1,14,2026107714,7.052207753018317,new_lower_rho_same_seed_schedule,False,28,-4.189188894944165,0.016,480,0.984,1.0628498547438532,28226,1,26585,0.19149677759634703,False,-11.241396647962482,False,ok,,0.024649249971844256
16,7,Normal,30000,5,0.1,14,2026107714,7.052207753018317,new_lower_rho_same_seed_schedule,False,29,-4.365091312193598,0.011966666666666667,359,0.9880333333333333,1.0518934081346423,28520,1,27138,0.15325694017491,False,-11.417299065211914,False,ok,,0.028162207978311926
16,7,Normal,30000,5,0.1,14,2026107714,7.052207753018317,new_lower_rho_same_seed_schedule,False,30,-4.685068529503977,0.009266666666666666,278,0.9907333333333334,1.0427166243787147,28771,1,27615,0.1255315447442676,False,-11.737276282522295,False,ok,,0.018937457993160933
16,7,Normal,30000,5,0.1,14,2026107714,7.052207753018317,new_lower_rho_same_seed_schedule,False,31,-4.786954652392084,0.0081,243,0.9919,1.0372009403955194,28924,1,27911,0.10974276000431306,False,-11.839162405410402,False,ok,,0.015875791024882346
16,7,Normal,30000,5,0.1,14,2026107714,7.052207753018317,new_lower_rho_same_seed_schedule,False,32,-4.904106856452671,0.0058,174,0.9942,1.0297600659046442,29133,1,28306,0.08105308575015951,False,-11.956314609470988,False,ok,,0.017365749983582646
16,7,Normal,30000,5,0.1,14,2026107714,7.052207753018317,new_lower_rho_same_seed_schedule,False,33,-5.076999496950173,0.0037333333333333333,112,0.9962666666666666,1.0264832683227263,29226,1,28476,0.06652123822114685,False,-12.129207249968491,False,ok,,0.019692957983352244
16,7,Normal,30000,5,0.1,14,2026107714,7.052207753018317,new_lower_rho_same_seed_schedule,False,34,-5.1956382899715114,0.0031666666666666666,95,0.9968333333333333,1.0229132569558101,29328,1,28676,0.055957852986476736,False,-12.247846042989828,False,ok,,0.020383124996442348
16,7,Normal,30000,5,0.1,14,2026107714,7.052207753018317,new_lower_rho_same_seed_schedule,False,35,-5.435180958681144,0.0033666666666666667,101,0.9966333333333334,1.020894303409787,29386,1,28791,0.052877832982570656,False,-12.487388711699461,False,ok,,0.022166290960740298
16,7,Normal,30000,5,0.1,14,2026107714,7.052207753018317,new_lower_rho_same_seed_schedule,False,36,-5.597483184434804,0.0027,81,0.9973,1.0176735981546186,29479,1,28973,0.04324058230887602,False,-12.649690937453121,False,ok,,0.024971459002699703
16,7,Normal,30000,5,0.1,14,2026107714,7.052207753018317,new_lower_rho_same_seed_schedule,False,37,-6.010362421446108,0.0022,66,0.9978,1.0176045588684237,29481,1,28974,0.04234093898679912,False,-13.062570174464426,False,ok,,0.01915666600689292
16,7,Normal,30000,5,0.1,14,2026107714,7.052207753018317,new_lower_rho_same_seed_schedule,False,38,-5.357652891255862,0.0013333333333333333,40,0.9986666666666667,1.0122482032594393,29637,1,29281,0.027735671688690726,False,-12.409860644274179,False,ok,,0.017976583039853722
16,7,Normal,30000,5,0.1,14,2026107714,7.052207753018317,new_lower_rho_same_seed_schedule,False,39,-6.344919682271323,0.0013666666666666666,41,0.9986333333333334,1.0118043844856661,29650,1,29305,0.026572517574984952,False,-13.39712743528964,False,ok,,0.015009041992016137
16,7,Normal,30000,5,0.1,14,2026107714,7.052207753018317,new_lower_rho_same_seed_schedule,False,40,-6.23765170974914,0.0008333333333333334,25,0.9991666666666666,1.009862995253644,29707,1,29417,0.02170127033380195,False,-13.289859462767456,False,ok,,0.016459125035908073
16,7,Normal,30000,5,0.1,15,2026107715,7.052207753018317,new_lower_rho_same_seed_schedule,False,1,7.094517204808302,1.0,30000,0.0,30000.0,1,30000,0,1.047586337689708,False,0.042309451789984465,False,ok,,0.015331167029216886
16,7,Normal,30000,5,0.1,15,2026107715,7.052207753018317,new_lower_rho_same_seed_schedule,False,2,6.924905080175096,1.0,30000,0.0,937.5,32,395,0,1.2098853428150103,False,-0.1273026728432214,False,ok,,0.015857124992180616
16,7,Normal,30000,5,0.1,15,2026107715,7.052207753018317,new_lower_rho_same_seed_schedule,False,3,6.821432990702774,0.9978666666666667,29936,0.0021333333333333204,168.53932584269663,178,1,28,1.236765172567388,False,-0.2307747623155434,False,ok,,0.015813584032002836
16,7,Normal,30000,5,0.1,15,2026107715,7.052207753018317,new_lower_rho_same_seed_schedule,False,4,6.631299796598966,0.9937,29811,0.006299999999999972,79.36507936507937,378,1,96,1.3712260834936196,False,-0.4209079564193514,False,ok,,0.015019834041595459
16,7,Normal,30000,5,0.1,15,2026107715,7.052207753018317,new_lower_rho_same_seed_schedule,False,5,6.373773985735774,0.9868,29604,0.01319999999999999,40.65040650406504,738,1,207,1.5447554247797577,False,-0.6784337672825433,False,ok,,0.01576970802852884
16,7,Normal,30000,5,0.1,15,2026107715,7.052207753018317,new_lower_rho_same_seed_schedule,False,6,6.068423516347695,0.9761,29283,0.023900000000000032,23.715415019762847,1265,1,408,1.7490932239927608,False,-0.9837842366706218,False,ok,,0.015889791015069932
16,7,Normal,30000,5,0.1,15,2026107715,7.052207753018317,new_lower_rho_same_seed_schedule,False,7,5.657984668481611,0.9626,28878,0.03739999999999999,15.463917525773196,1940,1,608,1.9932257589234839,False,-1.3942230845367058,False,ok,,0.017190582992043346
16,7,Normal,30000,5,0.1,15,2026107715,7.052207753018317,new_lower_rho_same_seed_schedule,False,8,5.19076018192537,0.9372666666666667,28118,0.06273333333333331,10.176390773405698,2948,1,1074,2.222496911285051,False,-1.8614475710929472,False,ok,,0.016778749995864928
16,7,Normal,30000,5,0.1,15,2026107715,7.052207753018317,new_lower_rho_same_seed_schedule,False,9,4.674913048843496,0.9067666666666667,27203,0.09323333333333328,7.3117231294175,4103,1,1614,2.458099258587514,False,-2.3772947041748216,False,ok,,0.017645500018261373
16,7,Normal,30000,5,0.1,15,2026107715,7.052207753018317,new_lower_rho_same_seed_schedule,False,10,4.088918579338918,0.869,26070,0.131,5.460502366217692,5494,1,2307,2.643543485426658,False,-2.9632891736793994,False,ok,,0.01824508304707706
16,7,Normal,30000,5,0.1,15,2026107715,7.052207753018317,new_lower_rho_same_seed_schedule,False,11,3.4833592453196527,0.8178,24534,0.18220000000000003,4.227138227420037,7097,1,3238,2.7849807003468103,False,-3.5688485076986645,False,ok,,0.019192125007975847
16,7,Normal,30000,5,0.1,15,2026107715,7.052207753018317,new_lower_rho_same_seed_schedule,False,12,2.852628487001328,0.7581333333333333,22744,0.24186666666666667,3.384476534296029,8864,1,4308,2.877372592507384,False,-4.19957926601699,False,ok,,0.019821374968159944
16,7,Normal,30000,5,0.1,15,2026107715,7.052207753018317,new_lower_rho_same_seed_schedule,False,13,2.180152836437243,0.6951,20853,0.30489999999999995,2.7974636329727716,10724,1,5648,2.886456624153286,False,-4.8720549165810745,False,ok,,0.02266337495530024
16,7,Normal,30000,5,0.1,15,2026107715,7.052207753018317,new_lower_rho_same_seed_schedule,False,14,1.5992553799341949,0.6207333333333334,18622,0.37926666666666664,2.3820867079561694,12594,1,7101,2.8109377508326947,False,-5.4529523730841225,False,ok,,0.02331295795738697
16,7,Normal,30000,5,0.1,15,2026107715,7.052207753018317,new_lower_rho_same_seed_schedule,False,15,0.9441385093758716,0.5413,16239,0.4587,2.069108214359611,14499,1,8606,2.6741004392488654,False,-6.108069243642445,False,ok,,0.02476504200603813
16,7,Normal,30000,5,0.1,15,2026107715,7.052207753018317,new_lower_rho_same_seed_schedule,False,16,0.34580156953356495,0.4711,14133,0.5288999999999999,1.8356482897876767,16343,1,10437,2.516699835461353,False,-6.706406183484752,False,ok,,0.024909749976359308
16,7,Normal,30000,5,0.1,15,2026107715,7.052207753018317,new_lower_rho_same_seed_schedule,False,17,-0.20795382430524653,0.3872,11616,0.6128,1.650891481399956,18172,1,12279,2.2272658968512973,False,-7.260161577323563,False,ok,,0.02489699999568984
16,7,Normal,30000,5,0.1,15,2026107715,7.052207753018317,new_lower_rho_same_seed_schedule,False,18,-0.763198753080822,0.3156333333333333,9469,0.6843666666666667,1.5173739315158565,19771,1,14058,1.9337038289272206,False,-7.815406506099139,False,ok,,0.02764799998840317
16,7,Normal,30000,5,0.1,15,2026107715,7.052207753018317,new_lower_rho_same_seed_schedule,False,19,-1.1837053863677975,0.2507,7521,0.7493000000000001,1.410238330277817,21273,1,15899,1.661409822260241,False,-8.235913139386115,False,ok,,0.024034750007558614
16,7,Normal,30000,5,0.1,15,2026107715,7.052207753018317,new_lower_rho_same_seed_schedule,False,20,-1.6066620596539845,0.1921,5763,0.8079000000000001,1.3280800389570144,22589,1,17613,1.3625464588189433,False,-8.658869812672302,False,ok,,0.02459887502482161
16,7,Normal,30000,5,0.1,15,2026107715,7.052207753018317,new_lower_rho_same_seed_schedule,False,21,-1.9753924779442456,0.1469,4407,0.8531,1.2624668602449185,23763,1,19287,1.1068255205410615,False,-9.027600230962562,False,ok,,0.021324125002138317
16,7,Normal,30000,5,0.1,15,2026107715,7.052207753018317,new_lower_rho_same_seed_schedule,False,22,-2.325464255490818,0.1116,3348,0.8884,1.215362177929023,24684,1,20646,0.8911701577449268,False,-9.377672008509135,False,ok,,0.02192716597346589
16,7,Normal,30000,5,0.1,15,2026107715,7.052207753018317,new_lower_rho_same_seed_schedule,False,23,-2.595777509822553,0.08493333333333333,2548,0.9150666666666667,1.1758711245247522,25513,1,21963,0.7154853009814041,False,-9.64798526284087,False,ok,,0.02130262495484203
16,7,Normal,30000,5,0.1,15,2026107715,7.052207753018317,new_lower_rho_same_seed_schedule,False,24,-2.792212743974246,0.0644,1932,0.9356,1.1445576284765937,26211,1,23108,0.5696971944978836,False,-9.844420496992562,False,ok,,0.02191704197321087
16,7,Normal,30000,5,0.1,15,2026107715,7.052207753018317,new_lower_rho_same_seed_schedule,False,25,-3.211444332778068,0.0475,1425,0.9525,1.1179429849077698,26835,1,24147,0.45282961812450395,False,-10.263652085796386,False,ok,,0.020986124989576638
16,7,Normal,30000,5,0.1,15,2026107715,7.052207753018317,new_lower_rho_same_seed_schedule,False,26,-3.4603179069521226,0.0334,1002,0.9666,1.097293343087052,27340,1,24999,0.3399319609747967,False,-10.51252565997044,False,ok,,0.020057750050909817
16,7,Normal,30000,5,0.1,15,2026107715,7.052207753018317,new_lower_rho_same_seed_schedule,False,27,-3.63771455207018,0.0246,738,0.9754,1.0805748658286207,27763,1,25753,0.27541896662812176,False,-10.689922305088498,False,ok,,0.019088540982920676
16,7,Normal,30000,5,0.1,15,2026107715,7.052207753018317,new_lower_rho_same_seed_schedule,False,28,-3.9316314376158656,0.0196,588,0.9804,1.0691756655618518,28059,1,26298,0.2264003199261165,False,-10.983839190634182,False,ok,,0.01811341696884483
16,7,Normal,30000,5,0.1,15,2026107715,7.052207753018317,new_lower_rho_same_seed_schedule,False,29,-3.9416055645509607,0.015566666666666666,467,0.9844333333333334,1.0586118070503547,28339,1,26812,0.18365030454952588,False,-10.993813317569277,False,ok,,0.01790654199430719
16,7,Normal,30000,5,0.1,15,2026107715,7.052207753018317,new_lower_rho_same_seed_schedule,False,30,-4.409596166381388,0.012066666666666667,362,0.9879333333333333,1.0495014867937729,28585,1,27266,0.15163660188784595,False,-11.461803919399706,False,ok,,0.017270583019126207
16,7,Normal,30000,5,0.1,15,2026107715,7.052207753018317,new_lower_rho_same_seed_schedule,False,31,-4.8019117525781905,0.008166666666666666,245,0.9918333333333333,1.0419922892570594,28791,1,27647,0.11869007650040664,False,-11.854119505596508,False,ok,,0.017049500020220876
16,7,Normal,30000,5,0.1,15,2026107715,7.052207753018317,new_lower_rho_same_seed_schedule,False,32,-4.768254797150495,0.007333333333333333,220,0.9926666666666667,1.0355540214014498,28970,1,27994,0.10131863701284168,False,-11.820462550168813,False,ok,,0.017520292021799833
16,7,Normal,30000,5,0.1,15,2026107715,7.052207753018317,new_lower_rho_same_seed_schedule,False,33,-4.8374596599636845,0.006066666666666666,182,0.9939333333333333,1.0313531353135315,29088,1,28223,0.08682700165121768,False,-11.889667412982002,False,ok,,0.0164491250179708
16,7,Normal,30000,5,0.1,15,2026107715,7.052207753018317,new_lower_rho_same_seed_schedule,False,34,-4.9574873681586595,0.004566666666666667,137,0.9954333333333333,1.0271861946175442,29206,1,28440,0.07108083303667662,False,-12.009695121176977,False,ok,,0.016545791004318744
16,7,Normal,30000,5,0.1,15,2026107715,7.052207753018317,new_lower_rho_same_seed_schedule,False,35,-5.096662851301341,0.0039,117,0.9961,1.0219375936776127,29356,1,28737,0.05811851290100933,False,-12.148870604319658,False,ok,,0.016022875031922013
16,7,Normal,30000,5,0.1,15,2026107715,7.052207753018317,new_lower_rho_same_seed_schedule,False,36,-5.285525491057951,0.0033333333333333335,100,0.9966666666666667,1.020651175449937,29393,1,28808,0.054451530064274174,False,-12.337733244076269,False,ok,,0.016308666963595897
16,7,Normal,30000,5,0.1,15,2026107715,7.052207753018317,new_lower_rho_same_seed_schedule,False,37,-5.788312279816949,0.0017333333333333333,52,0.9982666666666666,1.0169836265636123,29499,1,29006,0.03848647721564867,False,-12.840520032835265,False,ok,,0.016092750011011958
16,7,Normal,30000,5,0.1,15,2026107715,7.052207753018317,new_lower_rho_same_seed_schedule,False,38,-5.456839229685439,0.0018,54,0.9982,1.0160880609652836,29525,1,29060,0.03784164936414294,False,-12.509046982703756,False,ok,,0.014817541989032179
16,7,Normal,30000,5,0.1,15,2026107715,7.052207753018317,new_lower_rho_same_seed_schedule,False,39,-5.551830622680572,0.0018666666666666666,56,0.9981333333333333,1.0126240464456897,29626,1,29261,0.03057488533259393,False,-12.604038375698888,False,ok,,0.015296666999347508
16,7,Normal,30000,5,0.1,15,2026107715,7.052207753018317,new_lower_rho_same_seed_schedule,False,40,-6.26291345158878,0.0017,51,0.9983,1.0123506782749545,29634,1,29277,0.030546176819974156,False,-13.315121204607097,False,ok,,0.014759749989025295
16,7,Normal,30000,5,0.1,16,2026107716,7.052207753018317,new_lower_rho_same_seed_schedule,False,1,7.074885761206497,1.0,30000,0.0,30000.0,1,30000,0,1.0453772362373723,False,0.022678008188179888,False,ok,,0.014833458000794053
16,7,Normal,30000,5,0.1,16,2026107716,7.052207753018317,new_lower_rho_same_seed_schedule,False,2,6.913555594713092,1.0,30000,0.0,937.5,32,444,0,1.210964393281307,False,-0.13865215830522537,False,ok,,0.014455707976594567
16,7,Normal,30000,5,0.1,16,2026107716,7.052207753018317,new_lower_rho_same_seed_schedule,False,3,6.766765179681529,0.9980666666666667,29942,0.0019333333333333425,151.5151515151515,198,1,29,1.2685608177117011,False,-0.28544257333678846,False,ok,,0.01630262500839308
16,7,Normal,30000,5,0.1,16,2026107716,7.052207753018317,new_lower_rho_same_seed_schedule,False,4,6.548891028380375,0.9929,29787,0.007099999999999995,64.65517241379311,464,1,116,1.4319772053104782,False,-0.5033167246379424,False,ok,,0.015445250028278679
16,7,Normal,30000,5,0.1,16,2026107716,7.052207753018317,new_lower_rho_same_seed_schedule,False,5,6.245075622304313,0.9840333333333333,29521,0.015966666666666685,33.0760749724366,907,1,245,1.6298418460772606,False,-0.8071321307140042,False,ok,,0.017355916963424534
16,7,Normal,30000,5,0.1,16,2026107716,7.052207753018317,new_lower_rho_same_seed_schedule,False,6,5.869375781642959,0.9698,29094,0.030200000000000005,19.392372333548803,1547,1,471,1.860349453336644,False,-1.1828319713753581,False,ok,,0.017870833980850875
16,7,Normal,30000,5,0.1,16,2026107716,7.052207753018317,new_lower_rho_same_seed_schedule,False,7,5.398364206937884,0.9493,28479,0.05069999999999997,12.205044751830757,2458,1,832,2.1156045062000097,False,-1.6538435460804335,False,ok,,0.01850649999687448
16,7,Normal,30000,5,0.1,16,2026107716,7.052207753018317,new_lower_rho_same_seed_schedule,False,8,4.855675368599004,0.922,27660,0.07799999999999996,8.32408435072142,3604,1,1347,2.375785505399925,False,-2.1965323844193128,False,ok,,0.018385083007160574
16,7,Normal,30000,5,0.1,16,2026107716,7.052207753018317,new_lower_rho_same_seed_schedule,False,9,4.2945498167131095,0.8808666666666667,26426,0.11913333333333331,5.953562214725144,5039,1,2126,2.5692275759980507,False,-2.7576579363052076,False,ok,,0.01892366597894579
16,7,Normal,30000,5,0.1,16,2026107716,7.052207753018317,new_lower_rho_same_seed_schedule,False,10,3.61965087670735,0.8316333333333333,24949,0.16836666666666666,4.4796177392862475,6697,1,3040,2.7580052891889277,False,-3.4325568763109673,False,ok,,0.02123312500771135
16,7,Normal,30000,5,0.1,16,2026107716,7.052207753018317,new_lower_rho_same_seed_schedule,False,11,3.0006846935329152,0.7679333333333334,23038,0.23206666666666664,3.5248501938667607,8511,1,4146,2.8191883754213105,False,-4.051523059485402,False,ok,,0.023289833043236285
16,7,Normal,30000,5,0.1,16,2026107716,7.052207753018317,new_lower_rho_same_seed_schedule,False,12,2.2958226826593506,0.6996666666666667,20990,0.30033333333333334,2.86697247706422,10464,1,5404,2.874854049303006,False,-4.7563850703589665,False,ok,,0.024707374977879226
16,7,Normal,30000,5,0.1,16,2026107716,7.052207753018317,new_lower_rho_same_seed_schedule,False,13,1.5800469747468577,0.6278,18834,0.3722,2.410025706940874,12448,1,6965,2.845696014538603,False,-5.472160778271459,False,ok,,0.02380724996328354
16,7,Normal,30000,5,0.1,16,2026107716,7.052207753018317,new_lower_rho_same_seed_schedule,False,14,0.9260822462065917,0.5415,16245,0.4585,2.0688228398041515,14501,1,8691,2.650674322158595,False,-6.126125506811725,False,ok,,0.024118625035043806
16,7,Normal,30000,5,0.1,16,2026107716,7.052207753018317,new_lower_rho_same_seed_schedule,False,15,0.2600309316045827,0.45863333333333334,13759,0.5413666666666667,1.8166404263049534,16514,1,10547,2.467684461759482,False,-6.792176821413735,False,ok,,0.02491600002394989
16,7,Normal,30000,5,0.1,16,2026107716,7.052207753018317,new_lower_rho_same_seed_schedule,False,16,-0.2860817990187233,0.3838,11514,0.6162000000000001,1.6378227875743845,18317,1,12475,2.2168074830406166,False,-7.338289552037041,False,ok,,0.02407320903148502
16,7,Normal,30000,5,0.1,16,2026107716,7.052207753018317,new_lower_rho_same_seed_schedule,False,17,-0.8558614145277282,0.302,9060,0.698,1.4923145799134458,20103,1,14487,1.8726896219806886,False,-7.908069167546046,False,ok,,0.02416216698475182
16,7,Normal,30000,5,0.1,16,2026107716,7.052207753018317,new_lower_rho_same_seed_schedule,False,18,-1.3502615401737106,0.23593333333333333,7078,0.7640666666666667,1.3868343195266273,21632,1,16348,1.5839097360381036,False,-8.402469293192027,False,ok,,0.02317504200618714
16,7,Normal,30000,5,0.1,16,2026107716,7.052207753018317,new_lower_rho_same_seed_schedule,False,19,-1.894469888435909,0.17766666666666667,5330,0.8223333333333334,1.3091861226271002,22915,1,18024,1.2965070953021107,False,-8.946677641454226,False,ok,,0.022162457986269146
16,7,Normal,30000,5,0.1,16,2026107716,7.052207753018317,new_lower_rho_same_seed_schedule,False,20,-2.20911945848768,0.13636666666666666,4091,0.8636333333333334,1.2435748632067651,24124,1,19841,1.0432243719735341,False,-9.261327211505996,False,ok,,0.021016249957028776
16,7,Normal,30000,5,0.1,16,2026107716,7.052207753018317,new_lower_rho_same_seed_schedule,False,21,-2.5157369036631794,0.09903333333333333,2971,0.9009666666666667,1.1936972783702053,25132,1,21378,0.8048747757948851,False,-9.567944656681497,False,ok,,0.020837166986893862
16,7,Normal,30000,5,0.1,16,2026107716,7.052207753018317,new_lower_rho_same_seed_schedule,False,22,-2.7230459026094636,0.07043333333333333,2113,0.9295666666666667,1.1561139157578326,25949,1,22652,0.6205643782345378,False,-9.77525365562778,False,ok,,0.019576208025682718
16,7,Normal,30000,5,0.1,16,2026107716,7.052207753018317,new_lower_rho_same_seed_schedule,False,23,-3.1619893964928236,0.054,1620,0.946,1.124353496739375,26682,1,23912,0.49417510297053596,False,-10.21419714951114,False,ok,,0.018553416011855006
16,7,Normal,30000,5,0.1,16,2026107716,7.052207753018317,new_lower_rho_same_seed_schedule,False,24,-3.4753473313382837,0.03743333333333333,1123,0.9625666666666667,1.102090297931744,27221,1,24805,0.3696556181018763,False,-10.527555084356601,False,ok,,0.019428125000558794
16,7,Normal,30000,5,0.1,16,2026107716,7.052207753018317,new_lower_rho_same_seed_schedule,False,25,-3.6099402982598563,0.028166666666666666,845,0.9718333333333333,1.0853049706967657,27642,1,25549,0.29829550397952265,False,-10.662148051278173,False,ok,,0.017083332990296185
16,7,Normal,30000,5,0.1,16,2026107716,7.052207753018317,new_lower_rho_same_seed_schedule,False,26,-3.8466929245998256,0.021933333333333332,658,0.9780666666666666,1.0718496552216943,27989,1,26181,0.24018603663205532,False,-10.898900677618142,False,ok,,0.01744283299194649
16,7,Normal,30000,5,0.1,16,2026107716,7.052207753018317,new_lower_rho_same_seed_schedule,False,27,-4.277612765462714,0.014833333333333334,445,0.9851666666666666,1.0571569525688913,28378,1,26887,0.18273814693241017,False,-11.329820518481032,False,ok,,0.019238792010582983
16,7,Normal,30000,5,0.1,16,2026107716,7.052207753018317,new_lower_rho_same_seed_schedule,False,28,-4.4110063163581765,0.011566666666666666,347,0.9884333333333334,1.0516352928804291,28527,1,27147,0.15008067134574737,False,-11.463214069376495,False,ok,,0.02708391594933346
16,7,Normal,30000,5,0.1,16,2026107716,7.052207753018317,new_lower_rho_same_seed_schedule,False,29,-4.549391769649247,0.008933333333333333,268,0.9910666666666667,1.0423543309822452,28781,1,27626,0.1199055055718764,False,-11.601599522667565,False,ok,,0.0547388750128448
16,7,Normal,30000,5,0.1,16,2026107716,7.052207753018317,new_lower_rho_same_seed_schedule,False,30,-4.781089265623943,0.0069,207,0.9931,1.0358758330168156,28961,1,27964,0.0936416013554986,False,-11.83329701864226,False,ok,,0.028803709021303803
16,7,Normal,30000,5,0.1,16,2026107716,7.052207753018317,new_lower_rho_same_seed_schedule,False,31,-4.746511615178163,0.005333333333333333,160,0.9946666666666667,1.0310695628265054,29096,1,28223,0.07809266653349667,False,-11.79871936819648,False,ok,,0.019969541986938566
16,7,Normal,30000,5,0.1,16,2026107716,7.052207753018317,new_lower_rho_same_seed_schedule,False,32,-5.207400016715114,0.0038666666666666667,116,0.9961333333333333,1.0248701831101394,29272,1,28569,0.06453218543869225,False,-12.259607769733432,False,ok,,0.015783750044647604
16,7,Normal,30000,5,0.1,16,2026107716,7.052207753018317,new_lower_rho_same_seed_schedule,False,33,-5.743981899232739,0.0036333333333333335,109,0.9963666666666666,1.0222858311183807,29346,1,28717,0.059553633195588866,False,-12.796189652251055,False,ok,,0.015080208017025143
16,7,Normal,30000,5,0.1,16,2026107716,7.052207753018317,new_lower_rho_same_seed_schedule,False,34,-5.277049764456321,0.002033333333333333,61,0.9979666666666667,1.0183645066023965,29459,1,28926,0.0407415425617551,False,-12.329257517474637,False,ok,,0.015787541982717812
16,7,Normal,30000,5,0.1,16,2026107716,7.052207753018317,new_lower_rho_same_seed_schedule,False,35,-5.738165619516589,0.0016,48,0.9984,1.0173284953711554,29489,1,28990,0.04223086076538129,False,-12.790373372534905,False,ok,,0.018937333021312952
16,7,Normal,30000,5,0.1,16,2026107716,7.052207753018317,new_lower_rho_same_seed_schedule,False,36,-6.124242475722618,0.0015,45,0.9985,1.0143359480659995,29576,1,29155,0.030260636016873947,False,-13.176450228740936,False,ok,,0.015977874980308115
16,7,Normal,30000,5,0.1,16,2026107716,7.052207753018317,new_lower_rho_same_seed_schedule,False,37,-5.3004152207257915,0.0018333333333333333,55,0.9981666666666666,1.0128975622932002,29618,1,29246,0.031896439992177505,False,-12.352622973744108,False,ok,,0.018914166023023427
16,7,Normal,30000,5,0.1,16,2026107716,7.052207753018317,new_lower_rho_same_seed_schedule,False,38,-5.123762678852985,0.0018333333333333333,55,0.9981666666666666,1.0118726389638424,29648,1,29308,0.030008683888748007,False,-12.175970431871303,False,ok,,0.017153624969068915
16,7,Normal,30000,5,0.1,16,2026107716,7.052207753018317,new_lower_rho_same_seed_schedule,False,39,-5.333269286226501,0.0008,24,0.9992,1.0097270371242975,29711,1,29426,0.021684599941123112,False,-12.385477039244819,False,ok,,0.028265542001463473
16,7,Normal,30000,5,0.1,16,2026107716,7.052207753018317,new_lower_rho_same_seed_schedule,False,40,-6.41075792097859,0.0009666666666666667,29,0.9990333333333333,1.0087763542822556,29739,1,29480,0.018722463587075515,False,-13.462965673996907,False,ok,,0.01808279100805521
16,7,Normal,30000,5,0.1,17,2026107717,7.052207753018317,new_lower_rho_same_seed_schedule,False,1,7.105691162522826,1.0,30000,0.0,30000.0,1,30000,0,1.0478533338078952,False,0.05348340950450847,False,ok,,0.014964624948333949
16,7,Normal,30000,5,0.1,17,2026107717,7.052207753018317,new_lower_rho_same_seed_schedule,False,2,6.934205057709955,1.0,30000,0.0,937.5,32,498,0,1.2117537128631684,False,-0.11800269530836172,False,ok,,0.015079834032803774
16,7,Normal,30000,5,0.1,17,2026107717,7.052207753018317,new_lower_rho_same_seed_schedule,False,3,6.828656512879626,0.9984666666666666,29954,0.0015333333333333865,175.43859649122808,171,1,22,1.2326205388060785,False,-0.22355124013869077,False,ok,,0.01734795799711719
16,7,Normal,30000,5,0.1,17,2026107717,7.052207753018317,new_lower_rho_same_seed_schedule,False,4,6.654813901143291,0.9941,29823,0.005900000000000016,82.87292817679558,362,1,90,1.367629204370079,False,-0.39739385187502574,False,ok,,0.014648959040641785
16,7,Normal,30000,5,0.1,17,2026107717,7.052207753018317,new_lower_rho_same_seed_schedule,False,5,6.397404473767012,0.9867333333333334,29602,0.013266666666666649,41.608876560332874,721,1,219,1.5279010263379798,False,-0.654803279251305,False,ok,,0.01532237499486655
16,7,Normal,30000,5,0.1,17,2026107717,7.052207753018317,new_lower_rho_same_seed_schedule,False,6,6.084842299253869,0.9783666666666667,29351,0.021633333333333282,24.81389578163772,1209,1,369,1.7388626340708535,False,-0.9673654537644483,False,ok,,0.015285708010196686
16,7,Normal,30000,5,0.1,17,2026107717,7.052207753018317,new_lower_rho_same_seed_schedule,False,7,5.702158130051211,0.9627666666666667,28883,0.03723333333333334,15.706806282722512,1910,1,644,1.9731899931790176,False,-1.3500496229671057,False,ok,,0.01591345900669694
16,7,Normal,30000,5,0.1,17,2026107717,7.052207753018317,new_lower_rho_same_seed_schedule,False,8,5.243183580089158,0.9398666666666666,28196,0.06013333333333337,10.54481546572935,2845,1,1045,2.1898389219331076,False,-1.809024172929159,False,ok,,0.0167164170416072
16,7,Normal,30000,5,0.1,17,2026107717,7.052207753018317,new_lower_rho_same_seed_schedule,False,9,4.740373882239249,0.9084666666666666,27254,0.09153333333333336,7.509386733416771,3995,1,1589,2.393364071102117,False,-2.3118338707790684,False,ok,,0.01724224997451529
16,7,Normal,30000,5,0.1,17,2026107717,7.052207753018317,new_lower_rho_same_seed_schedule,False,10,4.2027856605612985,0.8723333333333333,26170,0.1276666666666667,5.658242172764995,5302,1,2284,2.5756511349649367,False,-2.8494220924570186,False,ok,,0.01840674999402836
16,7,Normal,30000,5,0.1,17,2026107717,7.052207753018317,new_lower_rho_same_seed_schedule,False,11,3.584371587669345,0.8251,24753,0.17490000000000006,4.3535045711797995,6891,1,3172,2.753595464276984,False,-3.467836165348972,False,ok,,0.018960874993354082
16,7,Normal,30000,5,0.1,17,2026107717,7.052207753018317,new_lower_rho_same_seed_schedule,False,12,3.0090187571513276,0.7684333333333333,23053,0.2315666666666667,3.522780648191639,8516,1,4136,2.8183960334770295,False,-4.0431889958669895,False,ok,,0.01955745799932629
16,7,Normal,30000,5,0.1,17,2026107717,7.052207753018317,new_lower_rho_same_seed_schedule,False,13,2.351909307089525,0.7080333333333333,21241,0.2919666666666667,2.9075402209730568,10318,1,5395,2.878110500365789,False,-4.700298445928793,False,ok,,0.021507375000510365
16,7,Normal,30000,5,0.1,17,2026107717,7.052207753018317,new_lower_rho_same_seed_schedule,False,14,1.7074459862399867,0.6402,19206,0.3598,2.4705591698921188,12143,1,6709,2.853463493365841,False,-5.344761766778331,False,ok,,0.021996332972776145
16,7,Normal,30000,5,0.1,17,2026107717,7.052207753018317,new_lower_rho_same_seed_schedule,False,15,1.0870859286279353,0.5695666666666667,17087,0.43043333333333333,2.1468441391155,13974,1,8204,2.7349999215785945,False,-5.965121824390382,False,ok,,0.022239624988287687
16,7,Normal,30000,5,0.1,17,2026107717,7.052207753018317,new_lower_rho_same_seed_schedule,False,16,0.4561059624217635,0.4842,14526,0.5158,1.890240060487682,15871,1,9902,2.517516222712572,False,-6.5961017905965535,False,ok,,0.022771666990593076
16,7,Normal,30000,5,0.1,17,2026107717,7.052207753018317,new_lower_rho_same_seed_schedule,False,17,-0.1294192753861829,0.4146,12438,0.5853999999999999,1.7043517782070219,17602,1,11582,2.3365101800180414,False,-7.1816270284045,False,ok,,0.026864790997933596
16,7,Normal,30000,5,0.1,17,2026107717,7.052207753018317,new_lower_rho_same_seed_schedule,False,18,-0.6408945621463182,0.33516666666666667,10055,0.6648333333333334,1.5582796592561812,19252,1,13368,2.018202149619481,False,-7.693102315164635,False,ok,,0.02508395805489272
16,7,Normal,30000,5,0.1,17,2026107717,7.052207753018317,new_lower_rho_same_seed_schedule,False,19,-1.1172421964777337,0.2679,8037,0.7321,1.4408529849671006,20821,1,15260,1.7460297974249144,False,-8.169449949496052,False,ok,,0.023354334000032395
16,7,Normal,30000,5,0.1,17,2026107717,7.052207753018317,new_lower_rho_same_seed_schedule,False,20,-1.5795712056977196,0.21143333333333333,6343,0.7885666666666666,1.353668441476401,22162,1,17005,1.4746270400836223,False,-8.631778958716037,False,ok,,0.021649791044183075
16,7,Normal,30000,5,0.1,17,2026107717,7.052207753018317,new_lower_rho_same_seed_schedule,False,21,-1.9757522191780226,0.1636,4908,0.8364,1.2868908716540837,23312,1,18546,1.2294236218335146,False,-9.02795997219634,False,ok,,0.020591125008650124
16,7,Normal,30000,5,0.1,17,2026107717,7.052207753018317,new_lower_rho_same_seed_schedule,False,22,-2.2899598366424594,0.12583333333333332,3775,0.8741666666666666,1.2331976815883585,24327,1,20089,0.9824229838495578,False,-9.342167589660777,False,ok,,0.01979237503837794
16,7,Normal,30000,5,0.1,17,2026107717,7.052207753018317,new_lower_rho_same_seed_schedule,False,23,-2.571352570008142,0.09456666666666666,2837,0.9054333333333333,1.1924162327596486,25159,1,21363,0.7862541160393092,False,-9.62356032302646,False,ok,,0.019233750004786998
16,7,Normal,30000,5,0.1,17,2026107717,7.052207753018317,new_lower_rho_same_seed_schedule,False,24,-2.9021400243974296,0.06843333333333333,2053,0.9315666666666667,1.1515430677107323,26052,1,22818,0.6035605864275683,False,-9.954347777415746,False,ok,,0.017471041996032
16,7,Normal,30000,5,0.1,17,2026107717,7.052207753018317,new_lower_rho_same_seed_schedule,False,25,-3.1357245099745086,0.050866666666666664,1526,0.9491333333333334,1.1281164216147106,26593,1,23699,0.47828120271735136,False,-10.187932262992826,False,ok,,0.017580125015228987
16,7,Normal,30000,5,0.1,17,2026107717,7.052207753018317,new_lower_rho_same_seed_schedule,False,26,-3.3177180505623936,0.03646666666666667,1094,0.9635333333333334,1.1049316783912195,27151,1,24642,0.37099635533353265,False,-10.36992580358071,False,ok,,0.016396083985455334
16,7,Normal,30000,5,0.1,17,2026107717,7.052207753018317,new_lower_rho_same_seed_schedule,False,27,-3.587755308393966,0.028366666666666665,851,0.9716333333333333,1.0891664246296835,27544,1,25349,0.3027129477318281,False,-10.639963061412283,False,ok,,0.016237040981650352
16,7,Normal,30000,5,0.1,17,2026107717,7.052207753018317,new_lower_rho_same_seed_schedule,False,28,-3.752451471728483,0.02033333333333333,610,0.9796666666666667,1.073191672032625,27954,1,26079,0.2298778340935697,False,-10.8046592247468,False,ok,,0.01598729199031368
16,7,Normal,30000,5,0.1,17,2026107717,7.052207753018317,new_lower_rho_same_seed_schedule,False,29,-4.103912371883699,0.017233333333333333,517,0.9827666666666667,1.0639052415064898,28198,1,26539,0.19977625943187854,False,-11.156120124902017,False,ok,,0.015410749998409301
16,7,Normal,30000,5,0.1,17,2026107717,7.052207753018317,new_lower_rho_same_seed_schedule,False,30,-4.100180169030959,0.0131,393,0.9869,1.0538518284329224,28467,1,27039,0.16217381012816026,False,-11.152387922049275,False,ok,,0.016431667027063668
16,7,Normal,30000,5,0.1,17,2026107717,7.052207753018317,new_lower_rho_same_seed_schedule,False,31,-4.447405156286698,0.010366666666666666,311,0.9896333333333334,1.0470838714181006,28651,1,27386,0.1391997866822495,False,-11.499612909305014,False,ok,,0.015310957969632
16,7,Normal,30000,5,0.1,17,2026107717,7.052207753018317,new_lower_rho_same_seed_schedule,False,32,-4.490085952730239,0.0077,231,0.9923,1.0381341269291993,28898,1,27848,0.10415496753596305,False,-11.542293705748556,False,ok,,0.014539292023982853
16,7,Normal,30000,5,0.1,17,2026107717,7.052207753018317,new_lower_rho_same_seed_schedule,False,33,-4.358817284381027,0.0068,204,0.9932,1.0336273428886438,29024,1,28097,0.09261996860679869,False,-11.411025037399344,False,ok,,0.014982457971200347
16,7,Normal,30000,5,0.1,17,2026107717,7.052207753018317,new_lower_rho_same_seed_schedule,False,34,-4.673996064579983,0.0044666666666666665,134,0.9955333333333334,1.029654036243822,29136,1,28296,0.07266934943416424,False,-11.7262038175983,False,ok,,0.014599042013287544
16,7,Normal,30000,5,0.1,17,2026107717,7.052207753018317,new_lower_rho_same_seed_schedule,False,35,-4.738801820347183,0.0031333333333333335,94,0.9968666666666667,1.0249752297652808,29269,1,28558,0.05995702743303783,False,-11.7910095733655,False,ok,,0.014589291997253895
16,7,Normal,30000,5,0.1,17,2026107717,7.052207753018317,new_lower_rho_same_seed_schedule,False,36,-5.320129154950233,0.0030666666666666668,92,0.9969333333333333,1.0224251925567447,29342,1,28697,0.050645349234961834,False,-12.372336907968549,False,ok,,0.01420537504600361
16,7,Normal,30000,5,0.1,17,2026107717,7.052207753018317,new_lower_rho_same_seed_schedule,False,37,-5.039485541895308,0.0019,57,0.9981,1.019367991845056,29430,1,28869,0.04270756672376472,False,-12.091693294913625,False,ok,,0.013884542044252157
16,7,Normal,30000,5,0.1,17,2026107717,7.052207753018317,new_lower_rho_same_seed_schedule,False,38,-5.241659883528727,0.002033333333333333,61,0.9979666666666667,1.0177081213108081,29478,1,28964,0.03964618512849299,False,-12.293867636547045,False,ok,,0.013684708974324167
16,7,Normal,30000,5,0.1,17,2026107717,7.052207753018317,new_lower_rho_same_seed_schedule,False,39,-5.015800979134888,0.0010333333333333334,31,0.9989666666666667,1.0144388462448855,29573,1,29149,0.030460496591194923,False,-12.068008732153206,False,ok,,0.013733791012782604
16,7,Normal,30000,5,0.1,17,2026107717,7.052207753018317,new_lower_rho_same_seed_schedule,False,40,-6.148872135094467,0.0017666666666666666,53,0.9982333333333333,1.013787510137875,29592,1,29193,0.03312843903739215,False,-13.201079888112783,False,ok,,0.013703207951039076
16,7,Normal,30000,5,0.1,18,2026107718,7.052207753018317,new_lower_rho_same_seed_schedule,False,1,7.089669716330553,1.0,30000,0.0,30000.0,1,30000,0,1.0463859748864612,False,0.037461963312235724,False,ok,,0.01362062495900318
16,7,Normal,30000,5,0.1,18,2026107718,7.052207753018317,new_lower_rho_same_seed_schedule,False,2,6.923220241354811,1.0,30000,0.0,937.5,32,633,0,1.2118657140492377,False,-0.12898751166350575,False,ok,,0.013420125003904104
16,7,Normal,30000,5,0.1,18,2026107718,7.052207753018317,new_lower_rho_same_seed_schedule,False,3,6.791371809248897,0.9974666666666666,29924,0.0025333333333333874,149.2537313432836,201,1,29,1.2609894832377442,False,-0.2608359437694201,False,ok,,0.01529958302853629
16,7,Normal,30000,5,0.1,18,2026107718,7.052207753018317,new_lower_rho_same_seed_schedule,False,4,6.588512192417949,0.9925666666666667,29777,0.007433333333333292,69.44444444444444,432,1,106,1.4061067804748144,False,-0.4636955606003683,False,ok,,0.01478212495567277
16,7,Normal,30000,5,0.1,18,2026107718,7.052207753018317,new_lower_rho_same_seed_schedule,False,5,6.317248711078444,0.9840666666666666,29522,0.015933333333333355,35.294117647058826,850,1,254,1.5814027508031059,False,-0.7349590419398728,False,ok,,0.014887541998177767
16,7,Normal,30000,5,0.1,18,2026107718,7.052207753018317,new_lower_rho_same_seed_schedule,False,6,5.9508147100558,0.9710666666666666,29132,0.028933333333333366,20.463847203274216,1466,1,481,1.8108054306532797,False,-1.101393042962517,False,ok,,0.01563058403553441
16,7,Normal,30000,5,0.1,18,2026107718,7.052207753018317,new_lower_rho_same_seed_schedule,False,7,5.509284478440967,0.9536,28608,0.0464,13.181019332161688,2276,1,796,2.058131414017974,False,-1.5429232745773502,False,ok,,0.016080416040495038
16,7,Normal,30000,5,0.1,18,2026107718,7.052207753018317,new_lower_rho_same_seed_schedule,False,8,5.010379888644073,0.9247333333333333,27742,0.0752666666666667,8.860011813349084,3386,1,1310,2.2917037146095356,False,-2.041827864374244,False,ok,,0.01699625002220273
16,7,Normal,30000,5,0.1,18,2026107718,7.052207753018317,new_lower_rho_same_seed_schedule,False,9,4.442578830783355,0.8913333333333333,26740,0.10866666666666669,6.4034151547492,4685,1,1938,2.5309540830158705,False,-2.609628922234962,False,ok,,0.017961249977815896
16,7,Normal,30000,5,0.1,18,2026107718,7.052207753018317,new_lower_rho_same_seed_schedule,False,10,3.8650765450055364,0.8406333333333333,25219,0.15936666666666666,4.806151874399231,6242,1,2795,2.666173758655363,False,-3.1871312080127807,False,ok,,0.01889200002187863
16,7,Normal,30000,5,0.1,18,2026107718,7.052207753018317,new_lower_rho_same_seed_schedule,False,11,3.210204606558839,0.7871666666666667,23615,0.21283333333333332,3.7821482602118004,7932,1,3761,2.8007557936685092,False,-3.842003146459478,False,ok,,0.019649667025078088
16,7,Normal,30000,5,0.1,18,2026107718,7.052207753018317,new_lower_rho_same_seed_schedule,False,12,2.561755509443425,0.7241333333333333,21724,0.2758666666666667,3.053124363932424,9826,1,5071,2.841718253692339,False,-4.490452243574892,False,ok,,0.020511207985691726
16,7,Normal,30000,5,0.1,18,2026107718,7.052207753018317,new_lower_rho_same_seed_schedule,False,13,1.885682553112285,0.651,19530,0.349,2.550369803621525,11763,1,6470,2.804194971557176,False,-5.166525199906032,False,ok,,0.020842625002842396
16,7,Normal,30000,5,0.1,18,2026107718,7.052207753018317,new_lower_rho_same_seed_schedule,False,14,1.1841715085971896,0.5776333333333333,17329,0.42236666666666667,2.192822162122652,13681,1,7976,2.7441777008029877,False,-5.868036244421128,False,ok,,0.022474583995062858
16,7,Normal,30000,5,0.1,18,2026107718,7.052207753018317,new_lower_rho_same_seed_schedule,False,15,0.5854449677170299,0.4989,14967,0.5011,1.9174229835101624,15646,1,9797,2.5512459816281425,False,-6.466762785301287,False,ok,,0.022499291982967407
16,7,Normal,30000,5,0.1,18,2026107718,7.052207753018317,new_lower_rho_same_seed_schedule,False,16,-0.07396017516111254,0.4169,12507,0.5831,1.7096939647803042,17547,1,11648,2.3302598812896043,False,-7.12616792817943,False,ok,,0.022865458973683417
16,7,Normal,30000,5,0.1,18,2026107718,7.052207753018317,new_lower_rho_same_seed_schedule,False,17,-0.5825855969931022,0.3426,10278,0.6574,1.5625,19200,1,13415,2.0476169771941715,False,-7.634793350011419,False,ok,,0.022171624994371086
16,7,Normal,30000,5,0.1,18,2026107718,7.052207753018317,new_lower_rho_same_seed_schedule,False,18,-1.1482861076427897,0.2713333333333333,8140,0.7286666666666667,1.4427238626526884,20794,1,15252,1.7603894712564494,False,-8.200493860661107,False,ok,,0.021074125019367784
16,7,Normal,30000,5,0.1,18,2026107718,7.052207753018317,new_lower_rho_same_seed_schedule,False,19,-1.5996681999021307,0.2082,6246,0.7918000000000001,1.342281879194631,22350,1,17348,1.4488312083614934,False,-8.651875952920449,False,ok,,0.021373833005782217
16,7,Normal,30000,5,0.1,18,2026107718,7.052207753018317,new_lower_rho_same_seed_schedule,False,20,-2.0026616196715556,0.15763333333333332,4729,0.8423666666666667,1.2779008348952121,23476,1,18851,1.177801873229789,False,-9.054869372689872,False,ok,,0.020125916984397918
16,7,Normal,30000,5,0.1,18,2026107718,7.052207753018317,new_lower_rho_same_seed_schedule,False,21,-2.3275049027480526,0.1193,3579,0.8807,1.2217470983506413,24555,1,20468,0.9437063903102332,False,-9.379712655766369,False,ok,,0.01907908299472183
16,7,Normal,30000,5,0.1,18,2026107718,7.052207753018317,new_lower_rho_same_seed_schedule,False,22,-2.6939239142185127,0.08773333333333333,2632,0.9122666666666667,1.177024482109228,25488,1,21930,0.7312232996969412,False,-9.74613166723683,False,ok,,0.018191500043030828
16,7,Normal,30000,5,0.1,18,2026107718,7.052207753018317,new_lower_rho_same_seed_schedule,False,23,-3.00835780617406,0.0627,1881,0.9373,1.1468766725284807,26158,1,22968,0.5700258053116296,False,-10.060565559192376,False,ok,,0.017608041991479695
16,7,Normal,30000,5,0.1,18,2026107718,7.052207753018317,new_lower_rho_same_seed_schedule,False,24,-3.2961577128187503,0.04856666666666667,1457,0.9514333333333334,1.1195700850873265,26796,1,24073,0.4584273364746045,False,-10.348365465837068,False,ok,,0.01703829102916643
16,7,Normal,30000,5,0.1,18,2026107718,7.052207753018317,new_lower_rho_same_seed_schedule,False,25,-3.335350245755107,0.0345,1035,0.9655,1.097373619138196,27338,1,25010,0.3501963639039399,False,-10.387557998773424,False,ok,,0.016536957991775125
16,7,Normal,30000,5,0.1,18,2026107718,7.052207753018317,new_lower_rho_same_seed_schedule,False,26,-3.6630806700255207,0.026733333333333335,802,0.9732666666666666,1.0841675400238517,27671,1,25590,0.28680266575639557,False,-10.715288423043837,False,ok,,0.016228957974817604
16,7,Normal,30000,5,0.1,18,2026107718,7.052207753018317,new_lower_rho_same_seed_schedule,False,27,-3.9440413797265514,0.0177,531,0.9823,1.0672738268881852,28109,1,26371,0.21232899328644977,False,-10.996249132744868,False,ok,,0.01553974999114871
16,7,Normal,30000,5,0.1,18,2026107718,7.052207753018317,new_lower_rho_same_seed_schedule,False,28,-4.20266526362121,0.015066666666666667,452,0.9849333333333333,1.0583130489998942,28347,1,26823,0.18476376878176728,False,-11.254873016639527,False,ok,,0.015772541984915733
16,7,Normal,30000,5,0.1,18,2026107718,7.052207753018317,new_lower_rho_same_seed_schedule,False,29,-4.291368587227156,0.0109,327,0.9891,1.049721823716715,28579,1,27243,0.1456558428667991,False,-11.343576340245473,False,ok,,0.015376208000816405
16,7,Normal,30000,5,0.1,18,2026107718,7.052207753018317,new_lower_rho_same_seed_schedule,False,30,-4.653068755985637,0.008766666666666667,263,0.9912333333333333,1.0403662089055348,28836,1,27740,0.1188570122607753,False,-11.705276509003955,False,ok,,0.015259500010870397
16,7,Normal,30000,5,0.1,18,2026107718,7.052207753018317,new_lower_rho_same_seed_schedule,False,31,-4.2774648195591265,0.006666666666666667,200,0.9933333333333333,1.0339835941269733,29014,1,28076,0.09432490509874324,False,-11.329672572577444,False,ok,,0.015199874993413687
16,7,Normal,30000,5,0.1,18,2026107718,7.052207753018317,new_lower_rho_same_seed_schedule,False,32,-5.0489445197241904,0.0057,171,0.9943,1.0322758241001995,29062,1,28166,0.08672760124950472,False,-12.101152272742507,False,ok,,0.014886167016811669
16,7,Normal,30000,5,0.1,18,2026107718,7.052207753018317,new_lower_rho_same_seed_schedule,False,33,-4.827778196495354,0.003933333333333333,118,0.9960666666666667,1.0258163788681827,29245,1,28516,0.06668384986030645,False,-11.87998594951367,False,ok,,0.014440917002502829
16,7,Normal,30000,5,0.1,18,2026107718,7.052207753018317,new_lower_rho_same_seed_schedule,False,34,-4.980348083577969,0.003933333333333333,118,0.9960666666666667,1.0238558410975735,29301,1,28625,0.06020259924288546,False,-12.032555836596286,False,ok,,0.014022040995769203
16,7,Normal,30000,5,0.1,18,2026107718,7.052207753018317,new_lower_rho_same_seed_schedule,False,35,-5.5256720287404475,0.0029,87,0.9971,1.0199918400652794,29412,1,28841,0.05015908148752243,False,-12.577879781758764,False,ok,,0.014624083007220179
16,7,Normal,30000,5,0.1,18,2026107718,7.052207753018317,new_lower_rho_same_seed_schedule,False,36,-5.076814876803274,0.0026333333333333334,79,0.9973666666666666,1.015812819557783,29533,1,29082,0.040771092332900216,False,-12.129022629821591,False,ok,,0.01411020802333951
16,7,Normal,30000,5,0.1,18,2026107718,7.052207753018317,new_lower_rho_same_seed_schedule,False,37,-5.573085076737564,0.0015,45,0.9985,1.013993104846887,29586,1,29179,0.03250694231096188,False,-12.625292829755882,False,ok,,0.013996166002471
16,7,Normal,30000,5,0.1,18,2026107718,7.052207753018317,new_lower_rho_same_seed_schedule,False,38,-5.99277637781631,0.0016,48,0.9984,1.0131712259371835,29610,1,29229,0.031991081122781685,False,-13.044984130834628,False,ok,,0.014191458001732826
16,7,Normal,30000,5,0.1,18,2026107718,7.052207753018317,new_lower_rho_same_seed_schedule,False,39,-6.648270613577925,0.0010666666666666667,32,0.9989333333333333,1.0116337885685383,29655,1,29314,0.02566906273908936,False,-13.700478366596242,False,ok,,0.014230542001314461
16,7,Normal,30000,5,0.1,18,2026107718,7.052207753018317,new_lower_rho_same_seed_schedule,False,40,-6.117003596910505,0.0009,27,0.9991,1.0102710894089915,29695,1,29394,0.022822357759408444,False,-13.169211349928823,False,ok,,0.014393249992281199
16,7,Normal,30000,5,0.1,19,2026107719,7.052207753018317,new_lower_rho_same_seed_schedule,False,1,7.102196815084873,1.0,30000,0.0,30000.0,1,30000,0,1.0472930363158315,False,0.04998906206655551,False,ok,,0.013660207972861826
16,7,Normal,30000,5,0.1,19,2026107719,7.052207753018317,new_lower_rho_same_seed_schedule,False,2,6.939231977565718,1.0,30000,0.0,937.5,32,379,0,1.2091488300066022,False,-0.11297577545259951,False,ok,,0.01393745798850432
16,7,Normal,30000,5,0.1,19,2026107719,7.052207753018317,new_lower_rho_same_seed_schedule,False,3,6.818515771146381,0.9983,29949,0.0017000000000000348,170.45454545454547,176,1,27,1.2410884054982145,False,-0.23369198187193607,False,ok,,0.014939666958525777
16,7,Normal,30000,5,0.1,19,2026107719,7.052207753018317,new_lower_rho_same_seed_schedule,False,4,6.637584735309282,0.9932,29796,0.006800000000000028,76.92307692307692,390,1,97,1.381338026068062,False,-0.41462301770903487,False,ok,,0.014621792011894286
16,7,Normal,30000,5,0.1,19,2026107719,7.052207753018317,new_lower_rho_same_seed_schedule,False,5,6.369072739267128,0.9866,29598,0.013399999999999967,39.787798408488065,754,1,208,1.5610533930175952,False,-0.6831350137511896,False,ok,,0.01524558401433751
16,7,Normal,30000,5,0.1,19,2026107719,7.052207753018317,new_lower_rho_same_seed_schedule,False,6,6.03790878359269,0.9761333333333333,29284,0.023866666666666703,23.32814930015552,1286,1,397,1.773953355820709,False,-1.014298969425627,False,ok,,0.015516665996983647
16,7,Normal,30000,5,0.1,19,2026107719,7.052207753018317,new_lower_rho_same_seed_schedule,False,7,5.633917741017557,0.9598,28794,0.040200000000000014,14.669926650366747,2045,1,697,2.0013213154677105,False,-1.4182900120007602,False,ok,,0.015669958025682718
16,7,Normal,30000,5,0.1,19,2026107719,7.052207753018317,new_lower_rho_same_seed_schedule,False,8,5.140799982669582,0.9366666666666666,28100,0.06333333333333335,9.848982271831911,3046,1,1134,2.256339668715478,False,-1.9114077703487355,False,ok,,0.016967041010502726
16,7,Normal,30000,5,0.1,19,2026107719,7.052207753018317,new_lower_rho_same_seed_schedule,False,9,4.615433514218076,0.9022666666666667,27068,0.09773333333333334,7.017543859649122,4275,1,1705,2.4559291088299715,False,-2.4367742388002416,False,ok,,0.017902875028084964
16,7,Normal,30000,5,0.1,19,2026107719,7.052207753018317,new_lower_rho_same_seed_schedule,False,10,4.045261431176507,0.8630666666666666,25892,0.13693333333333335,5.3125553391181155,5647,1,2429,2.637113299335491,False,-3.00694632184181,False,ok,,0.01886333298170939
16,7,Normal,30000,5,0.1,19,2026107719,7.052207753018317,new_lower_rho_same_seed_schedule,False,11,3.4471583487813873,0.8099333333333333,24298,0.19006666666666672,4.105090311986864,7308,1,3386,2.7876192626843124,False,-3.60504940423693,False,ok,,0.019979042001068592
16,7,Normal,30000,5,0.1,19,2026107719,7.052207753018317,new_lower_rho_same_seed_schedule,False,12,2.809458281325189,0.7482666666666666,22448,0.25173333333333336,3.300693145560568,9089,1,4506,2.8439842092954515,False,-4.242749471693128,False,ok,,0.020496250013820827
16,7,Normal,30000,5,0.1,19,2026107719,7.052207753018317,new_lower_rho_same_seed_schedule,False,13,2.155580514092815,0.6854666666666667,20564,0.31453333333333333,2.753303964757709,10896,1,5776,2.861732516259204,False,-4.896627238925502,False,ok,,0.020669291028752923
16,7,Normal,30000,5,0.1,19,2026107719,7.052207753018317,new_lower_rho_same_seed_schedule,False,14,1.522664789881988,0.6097333333333333,18292,0.39026666666666665,2.3349937733499377,12848,1,7301,2.7912524630751756,False,-5.529542963136329,False,ok,,0.021865042042918503
16,7,Normal,30000,5,0.1,19,2026107719,7.052207753018317,new_lower_rho_same_seed_schedule,False,15,0.8877928557145047,0.5331,15993,0.4669,2.031144211238998,14770,1,8956,2.641949721207238,False,-6.164414897303812,False,ok,,0.022063458047341555
16,7,Normal,30000,5,0.1,19,2026107719,7.052207753018317,new_lower_rho_same_seed_schedule,False,16,0.22994487702950547,0.45616666666666666,13685,0.5438333333333334,1.804402742692169,16626,1,10694,2.4600964077916028,False,-6.8222628759888115,False,ok,,0.022488374961540103
16,7,Normal,30000,5,0.1,19,2026107719,7.052207753018317,new_lower_rho_same_seed_schedule,False,17,-0.28691498075276517,0.3779,11337,0.6221,1.631498803567544,18388,1,12524,2.184081214166368,False,-7.339122733771083,False,ok,,0.022740666987374425
16,7,Normal,30000,5,0.1,19,2026107719,7.052207753018317,new_lower_rho_same_seed_schedule,False,18,-0.8696948753043705,0.3095333333333333,9286,0.6904666666666667,1.5000750037501875,19999,1,14372,1.9211585516775158,False,-7.921902628322687,False,ok,,0.021823458024300635
16,7,Normal,30000,5,0.1,19,2026107719,7.052207753018317,new_lower_rho_same_seed_schedule,False,19,-1.3161557416152574,0.24396666666666667,7319,0.7560333333333333,1.396453009356235,21483,1,16183,1.6262687673139506,False,-8.368363494633574,False,ok,,0.020745958026964217
16,7,Normal,30000,5,0.1,19,2026107719,7.052207753018317,new_lower_rho_same_seed_schedule,False,20,-1.7255297028078738,0.1839,5517,0.8161,1.3155586739168568,22804,1,17908,1.3080264315864008,False,-8.777737455826191,False,ok,,0.02007533301366493
16,7,Normal,30000,5,0.1,19,2026107719,7.052207753018317,new_lower_rho_same_seed_schedule,False,21,-2.0768532906275636,0.1428,4284,0.8572,1.2609810432516497,23791,1,19271,1.1058011876273186,False,-9.12906104364588,False,ok,,0.020331792009528726
16,7,Normal,30000,5,0.1,19,2026107719,7.052207753018317,new_lower_rho_same_seed_schedule,False,22,-2.364525535067634,0.10876666666666666,3263,0.8912333333333333,1.2090923746574238,24812,1,20857,0.8733415599842083,False,-9.41673328808595,False,ok,,0.01960833399789408
16,7,Normal,30000,5,0.1,19,2026107719,7.052207753018317,new_lower_rho_same_seed_schedule,False,23,-2.7643846496368183,0.078,2340,0.922,1.1699099169363958,25643,1,22130,0.6703009159263253,False,-9.816592402655136,False,ok,,0.018094833008944988
16,7,Normal,30000,5,0.1,19,2026107719,7.052207753018317,new_lower_rho_same_seed_schedule,False,24,-2.9498185700940645,0.0587,1761,0.9413,1.1383471199817865,26354,1,23307,0.5387305953420037,False,-10.002026323112382,False,ok,,0.017646165972109884
16,7,Normal,30000,5,0.1,19,2026107719,7.052207753018317,new_lower_rho_same_seed_schedule,False,25,-3.3470327886957567,0.0434,1302,0.9566,1.1135030806918567,26942,1,24311,0.42382391905259664,False,-10.399240541714073,False,ok,,0.016574749955907464
16,7,Normal,30000,5,0.1,19,2026107719,7.052207753018317,new_lower_rho_same_seed_schedule,False,26,-3.456879685723854,0.03213333333333333,964,0.9678666666666667,1.0965713867972806,27358,1,25025,0.33983236198793537,False,-10.50908743874217,False,ok,,0.01657500001601875
16,7,Normal,30000,5,0.1,19,2026107719,7.052207753018317,new_lower_rho_same_seed_schedule,False,27,-3.789445898884111,0.023666666666666666,710,0.9763333333333334,1.0783996549121104,27819,1,25854,0.26363568772539026,False,-10.841653651902428,False,ok,,0.015846833994146436
16,7,Normal,30000,5,0.1,19,2026107719,7.052207753018317,new_lower_rho_same_seed_schedule,False,28,-3.7854037869466337,0.019033333333333333,571,0.9809666666666667,1.0650761529449355,28167,1,26503,0.21369810747171952,False,-10.83761153996495,False,ok,,0.01611341699026525
16,7,Normal,30000,5,0.1,19,2026107719,7.052207753018317,new_lower_rho_same_seed_schedule,False,29,-3.8497145903786243,0.0129,387,0.9871,1.0573059843518715,28374,1,26854,0.16685512916657447,False,-10.901922343396942,False,ok,,0.015234208025503904
16,7,Normal,30000,5,0.1,19,2026107719,7.052207753018317,new_lower_rho_same_seed_schedule,False,30,-4.389278190252204,0.0106,318,0.9894,1.0462439840970914,28674,1,27435,0.1392671150222441,False,-11.441485943270521,False,ok,,0.014980625011958182
16,7,Normal,30000,5,0.1,19,2026107719,7.052207753018317,new_lower_rho_same_seed_schedule,False,31,-4.569037014670135,0.008366666666666666,251,0.9916333333333334,1.0396811644429043,28855,1,27779,0.11656547479566312,False,-11.621244767688452,False,ok,,0.014828165993094444
16,7,Normal,30000,5,0.1,19,2026107719,7.052207753018317,new_lower_rho_same_seed_schedule,False,32,-4.870261795049438,0.006333333333333333,190,0.9936666666666667,1.0352324096759722,28979,1,28002,0.0956679585735741,False,-11.922469548067756,False,ok,,0.014986832975409925
16,7,Normal,30000,5,0.1,19,2026107719,7.052207753018317,new_lower_rho_same_seed_schedule,False,33,-4.902701406937542,0.005033333333333333,151,0.9949666666666667,1.0285244103126714,29168,1,28375,0.07963518606348569,False,-11.954909159955859,False,ok,,0.014607666991651058
16,7,Normal,30000,5,0.1,19,2026107719,7.052207753018317,new_lower_rho_same_seed_schedule,False,34,-5.328409677409017,0.003533333333333333,106,0.9964666666666666,1.0267994660642776,29217,1,28453,0.06274079936009239,False,-12.380617430427334,False,ok,,0.01457749999826774
16,7,Normal,30000,5,0.1,19,2026107719,7.052207753018317,new_lower_rho_same_seed_schedule,False,35,-5.464101309666434,0.002766666666666667,83,0.9972333333333333,1.0214852395382887,29369,1,28752,0.049804542885991634,False,-12.516309062684751,False,ok,,0.014198541990481317
16,7,Normal,30000,5,0.1,19,2026107719,7.052207753018317,new_lower_rho_same_seed_schedule,False,36,-5.2489385434624225,0.0029666666666666665,89,0.9970333333333333,1.019610508785644,29423,1,28862,0.048711471648547236,False,-12.30114629648074,False,ok,,0.014021416020113975
16,7,Normal,30000,5,0.1,19,2026107719,7.052207753018317,new_lower_rho_same_seed_schedule,False,37,-5.32725116746833,0.0020666666666666667,62,0.9979333333333333,1.0169836265636123,29499,1,29009,0.040015031528919984,False,-12.379458920486648,False,ok,,0.013761667010840029
16,7,Normal,30000,5,0.1,19,2026107719,7.052207753018317,new_lower_rho_same_seed_schedule,False,38,-5.52107355847476,0.0023333333333333335,70,0.9976666666666667,1.014679023202327,29566,1,29145,0.037096285689413575,False,-12.573281311493076,False,ok,,0.01387466600863263
16,7,Normal,30000,5,0.1,19,2026107719,7.052207753018317,new_lower_rho_same_seed_schedule,False,39,-5.463189833534587,0.0016333333333333334,49,0.9983666666666666,1.0144045445323595,29574,1,29156,0.033107638113927536,False,-12.515397586552904,False,ok,,0.0138092499691993
16,7,Normal,30000,5,0.1,19,2026107719,7.052207753018317,new_lower_rho_same_seed_schedule,False,40,-5.998274785018556,0.0015666666666666667,47,0.9984333333333333,1.0126582278481013,29625,1,29258,0.029226996202688985,False,-13.050482538036874,False,ok,,0.013985500030685216
16,7,Normal,30000,5,0.1,20,2026107720,7.052207753018317,new_lower_rho_same_seed_schedule,False,1,7.077547936616187,1.0,30000,0.0,30000.0,1,30000,0,1.0477166545690253,False,0.02534018359787016,False,ok,,0.013797916006296873
16,7,Normal,30000,5,0.1,20,2026107720,7.052207753018317,new_lower_rho_same_seed_schedule,False,2,6.9103527775613225,1.0,30000,0.0,937.5,32,309,0,1.2078528120769172,False,-0.14185497545699466,False,ok,,0.013925875013228506
16,7,Normal,30000,5,0.1,20,2026107720,7.052207753018317,new_lower_rho_same_seed_schedule,False,3,6.800038292182411,0.9982,29946,0.0018000000000000238,177.5147928994083,169,1,25,1.2349467044607383,False,-0.25216946083590575,False,ok,,0.015238665975630283
16,7,Normal,30000,5,0.1,20,2026107720,7.052207753018317,new_lower_rho_same_seed_schedule,False,4,6.604998650831478,0.9944,29832,0.005600000000000049,79.15567282321899,379,1,82,1.3831510712958854,False,-0.4472091021868394,False,ok,,0.014798375021200627
16,7,Normal,30000,5,0.1,20,2026107720,7.052207753018317,new_lower_rho_same_seed_schedule,False,5,6.359525912919953,0.9872,29616,0.012800000000000034,40.59539918809202,739,1,220,1.5461346823590683,False,-0.6926818400983645,False,ok,,0.014787791995331645
16,7,Normal,30000,5,0.1,20,2026107720,7.052207753018317,new_lower_rho_same_seed_schedule,False,6,6.040788861098616,0.9786,29358,0.021399999999999975,24.77291494632535,1211,1,358,1.7494849117587008,False,-1.0114188919197016,False,ok,,0.01523795904358849
16,7,Normal,30000,5,0.1,20,2026107720,7.052207753018317,new_lower_rho_same_seed_schedule,False,7,5.64671334934548,0.9605666666666667,28817,0.03943333333333332,15.306122448979592,1960,1,634,1.977169371724813,False,-1.4054944036728374,False,ok,,0.015890374954324216
16,7,Normal,30000,5,0.1,20,2026107720,7.052207753018317,new_lower_rho_same_seed_schedule,False,8,5.176528857617455,0.9380333333333334,28141,0.061966666666666614,10.204081632653061,2940,1,1093,2.2058874701979287,False,-1.8756788954008625,False,ok,,0.016920374997425824
16,7,Normal,30000,5,0.1,20,2026107720,7.052207753018317,new_lower_rho_same_seed_schedule,False,9,4.668775508982389,0.9063666666666667,27191,0.09363333333333335,7.352941176470588,4080,1,1601,2.4245975616730475,False,-2.3834322440359283,False,ok,,0.01764804101549089
16,7,Normal,30000,5,0.1,20,2026107720,7.052207753018317,new_lower_rho_same_seed_schedule,False,10,4.127486685388299,0.8642666666666666,25928,0.13573333333333337,5.457522284882663,5497,1,2348,2.600465850125638,False,-2.924721067630018,False,ok,,0.01812220801366493
16,7,Normal,30000,5,0.1,20,2026107720,7.052207753018317,new_lower_rho_same_seed_schedule,False,11,3.5009459604635618,0.821,24630,0.17900000000000005,4.285102128267391,7001,1,3182,2.7568668837237134,False,-3.5512617925547554,False,ok,,0.01900508301332593
16,7,Normal,30000,5,0.1,20,2026107720,7.052207753018317,new_lower_rho_same_seed_schedule,False,12,2.8687480811152906,0.7623666666666666,22871,0.23763333333333336,3.4258307639602603,8757,1,4299,2.872061227810597,False,-4.183459671903027,False,ok,,0.02031833300134167
16,7,Normal,30000,5,0.1,20,2026107720,7.052207753018317,new_lower_rho_same_seed_schedule,False,13,2.2609241713444472,0.6968333333333333,20905,0.3031666666666667,2.832058906825262,10593,1,5585,2.8774692132892876,False,-4.79128358167387,False,ok,,0.022138833010103554
16,7,Normal,30000,5,0.1,20,2026107720,7.052207753018317,new_lower_rho_same_seed_schedule,False,14,1.6107538998505908,0.6254333333333333,18763,0.3745666666666667,2.410994133247609,12443,1,6960,2.7981623066811983,False,-5.441453853167726,False,ok,,0.02197933301795274
16,7,Normal,30000,5,0.1,20,2026107720,7.052207753018317,new_lower_rho_same_seed_schedule,False,15,0.9551131085251551,0.5507666666666666,16523,0.4492333333333334,2.086521073862846,14378,1,8598,2.6886992108503827,False,-6.097094644493162,False,ok,,0.022169375035446137
16,7,Normal,30000,5,0.1,20,2026107720,7.052207753018317,new_lower_rho_same_seed_schedule,False,16,0.3787820384327445,0.476,14280,0.524,1.8564356435643565,16160,1,10232,2.510696116622864,False,-6.673425714585573,False,ok,,0.022440208005718887
16,7,Normal,30000,5,0.1,20,2026107720,7.052207753018317,new_lower_rho_same_seed_schedule,False,17,-0.22601063246010808,0.40123333333333333,12037,0.5987666666666667,1.6745743790120011,17915,1,12002,2.286595236556933,False,-7.278218385478425,False,ok,,0.022705833020154387
16,7,Normal,30000,5,0.1,20,2026107720,7.052207753018317,new_lower_rho_same_seed_schedule,False,18,-0.7098369544649451,0.32803333333333334,9841,0.6719666666666666,1.538619345573905,19498,1,13712,1.9981306186878829,False,-7.762044707483263,False,ok,,0.021577749983407557
16,7,Normal,30000,5,0.1,20,2026107720,7.052207753018317,new_lower_rho_same_seed_schedule,False,19,-1.2039202898300998,0.2608,7824,0.7392000000000001,1.4259232853272494,21039,1,15553,1.7237269437136429,False,-8.256128042848417,False,ok,,0.020927749981638044
16,7,Normal,30000,5,0.1,20,2026107720,7.052207753018317,new_lower_rho_same_seed_schedule,False,20,-1.5760814875422058,0.2071,6213,0.7928999999999999,1.3426423200859292,22344,1,17320,1.4472431038736524,False,-8.628289240560523,False,ok,,0.02143745799548924
16,7,Normal,30000,5,0.1,20,2026107720,7.052207753018317,new_lower_rho_same_seed_schedule,False,21,-1.9226764536692815,0.15596666666666667,4679,0.8440333333333333,1.2717253073336159,23590,1,19060,1.1680369060933045,False,-8.974884206687598,False,ok,,0.019656000018585473
16,7,Normal,30000,5,0.1,20,2026107720,7.052207753018317,new_lower_rho_same_seed_schedule,False,22,-2.2714548235017316,0.1158,3474,0.8842,1.21921482565228,24606,1,20528,0.9084134900230318,False,-9.323662576520048,False,ok,,0.01986566698178649
16,7,Normal,30000,5,0.1,20,2026107720,7.052207753018317,new_lower_rho_same_seed_schedule,False,23,-2.615002805817121,0.08946666666666667,2684,0.9105333333333333,1.182545626552091,25369,1,21717,0.7581276373992738,False,-9.66721055883544,False,ok,,0.01940212497720495
16,7,Normal,30000,5,0.1,20,2026107720,7.052207753018317,new_lower_rho_same_seed_schedule,False,24,-2.9713415838935324,0.06723333333333334,2017,0.9327666666666666,1.1474908200734395,26144,1,22992,0.6002363852819129,False,-10.023549336911849,False,ok,,0.017835041973739862
16,7,Normal,30000,5,0.1,20,2026107720,7.052207753018317,new_lower_rho_same_seed_schedule,False,25,-3.1774185164947273,0.048666666666666664,1460,0.9513333333333334,1.122208506340478,26733,1,23940,0.4656818314725609,False,-10.229626269513044,False,ok,,0.01721916696988046
16,7,Normal,30000,5,0.1,20,2026107720,7.052207753018317,new_lower_rho_same_seed_schedule,False,26,-3.5841371726089117,0.0372,1116,0.9628,1.1005135730007336,27260,1,24883,0.37846012005875185,False,-10.63634492562723,False,ok,,0.017042042047251016
16,7,Normal,30000,5,0.1,20,2026107720,7.052207753018317,new_lower_rho_same_seed_schedule,False,27,-3.6086078234825094,0.028466666666666668,854,0.9715333333333334,1.0858549297813813,27628,1,25515,0.2965224538761028,False,-10.660815576500827,False,ok,,0.016891875013243407
16,7,Normal,30000,5,0.1,20,2026107720,7.052207753018317,new_lower_rho_same_seed_schedule,False,28,-3.768604414227522,0.020833333333333332,625,0.9791666666666666,1.0702818408847663,28030,1,26246,0.2333449855731455,False,-10.820812167245839,False,ok,,0.01584458298748359
16,7,Normal,30000,5,0.1,20,2026107720,7.052207753018317,new_lower_rho_same_seed_schedule,False,29,-4.125736479669497,0.015533333333333333,466,0.9844666666666667,1.0611956137247966,28270,1,26675,0.19114911788294112,False,-11.177944232687814,False,ok,,0.015929583983961493
16,7,Normal,30000,5,0.1,20,2026107720,7.052207753018317,new_lower_rho_same_seed_schedule,False,30,-3.9666621809245535,0.012,360,0.988,1.0502730709984596,28564,1,27229,0.15035712248980634,False,-11.01886993394287,False,ok,,0.015484250034205616
16,7,Normal,30000,5,0.1,20,2026107720,7.052207753018317,new_lower_rho_same_seed_schedule,False,31,-4.402643015577682,0.009066666666666667,272,0.9909333333333333,1.0432242584414229,28757,1,27585,0.12537603098297484,False,-11.454850768596,False,ok,,0.015410333988256752
16,7,Normal,30000,5,0.1,20,2026107720,7.052207753018317,new_lower_rho_same_seed_schedule,False,32,-4.14417287146741,0.007566666666666667,227,0.9924333333333333,1.0353395913859746,28976,1,28013,0.10344210686175213,False,-11.196380624485727,False,ok,,0.015688791987486184
16,7,Normal,30000,5,0.1,20,2026107720,7.052207753018317,new_lower_rho_same_seed_schedule,False,33,-4.971911815395436,0.005933333333333333,178,0.9940666666666667,1.0308569857741736,29102,1,28244,0.08583277842239526,False,-12.024119568413752,False,ok,,0.014380459033418447
16,7,Normal,30000,5,0.1,20,2026107720,7.052207753018317,new_lower_rho_same_seed_schedule,False,34,-4.978493806334496,0.0042,126,0.9958,1.027643613194944,29193,1,28414,0.07237158279051226,False,-12.030701559352813,False,ok,,0.014301792019978166
16,7,Normal,30000,5,0.1,20,2026107720,7.052207753018317,new_lower_rho_same_seed_schedule,False,35,-4.862779274425187,0.0034333333333333334,103,0.9965666666666667,1.0243452726465667,29287,1,28594,0.05861375020524925,False,-11.914987027443505,False,ok,,0.015039874997455627
16,7,Normal,30000,5,0.1,20,2026107720,7.052207753018317,new_lower_rho_same_seed_schedule,False,36,-5.345664308980522,0.0034,102,0.9966,1.0214852395382887,29369,1,28761,0.056456271196396325,False,-12.39787206199884,False,ok,,0.014525500009767711
16,7,Normal,30000,5,0.1,20,2026107720,7.052207753018317,new_lower_rho_same_seed_schedule,False,37,-5.485912091550017,0.0028333333333333335,85,0.9971666666666666,1.019125590243571,29437,1,28892,0.048651733351043246,False,-12.538119844568335,False,ok,,0.01479245797963813
16,7,Normal,30000,5,0.1,20,2026107720,7.052207753018317,new_lower_rho_same_seed_schedule,False,38,-5.329092651454788,0.0017,51,0.9983,1.016260162601626,29520,1,29049,0.03753497262461631,False,-12.381300404473105,False,ok,,0.014008000027388334
16,7,Normal,30000,5,0.1,20,2026107720,7.052207753018317,new_lower_rho_same_seed_schedule,False,39,-5.4547404700176285,0.0016666666666666668,50,0.9983333333333333,1.0132054442905873,29609,1,29224,0.029853569253992445,False,-12.506948223035945,False,ok,,0.013966166006866843
16,7,Normal,30000,5,0.1,20,2026107720,7.052207753018317,new_lower_rho_same_seed_schedule,False,40,-5.762735594947513,0.0012333333333333332,37,0.9987666666666667,1.0113268608414239,29664,1,29334,0.026178571452237377,False,-12.81494334796583,False,ok,,0.013926915999036282
16,7,Normal,30000,5,0.1,21,2026107721,7.052207753018317,new_lower_rho_same_seed_schedule,False,1,7.088071675447375,1.0,30000,0.0,30000.0,1,30000,0,1.0472560938596405,False,0.03586392242905756,False,ok,,0.014248833002056926
16,7,Normal,30000,5,0.1,21,2026107721,7.052207753018317,new_lower_rho_same_seed_schedule,False,2,6.915562800426696,1.0,30000,0.0,937.5,32,493,0,1.2088477573851375,False,-0.13664495259162113,False,ok,,0.013961541990283877
16,7,Normal,30000,5,0.1,21,2026107721,7.052207753018317,new_lower_rho_same_seed_schedule,False,3,6.796125822084853,0.9979333333333333,29938,0.002066666666666661,162.16216216216216,185,1,22,1.2494672407754066,False,-0.25608193093346454,False,ok,,0.015208458004053682
16,7,Normal,30000,5,0.1,21,2026107721,7.052207753018317,new_lower_rho_same_seed_schedule,False,4,6.606506940472264,0.9926,29778,0.007399999999999962,71.25890736342043,421,1,113,1.3865823116208518,False,-0.4457008125460531,False,ok,,0.013928917003795505
16,7,Normal,30000,5,0.1,21,2026107721,7.052207753018317,new_lower_rho_same_seed_schedule,False,5,6.33925513054034,0.9854,29562,0.014599999999999946,37.5,800,1,242,1.5694100278730203,False,-0.7129526224779772,False,ok,,0.01488087500911206
16,7,Normal,30000,5,0.1,21,2026107721,7.052207753018317,new_lower_rho_same_seed_schedule,False,6,5.998619876539375,0.9746666666666667,29240,0.02533333333333332,22.14022140221402,1355,1,425,1.791814918936822,False,-1.0535878764789421,False,ok,,0.015200292051304132
16,7,Normal,30000,5,0.1,21,2026107721,7.052207753018317,new_lower_rho_same_seed_schedule,False,7,5.557974208670449,0.9575666666666667,28727,0.04243333333333332,14.005602240896359,2142,1,725,2.029502411517823,False,-1.4942335443478685,False,ok,,0.015975499991327524
16,7,Normal,30000,5,0.1,21,2026107721,7.052207753018317,new_lower_rho_same_seed_schedule,False,8,5.095665438597809,0.9303333333333333,27910,0.06966666666666665,9.377930603313535,3199,1,1246,2.2581005858238483,False,-1.956542314420508,False,ok,,0.01666629099054262
16,7,Normal,30000,5,0.1,21,2026107721,7.052207753018317,new_lower_rho_same_seed_schedule,False,9,4.545464408902947,0.8960333333333333,26881,0.10396666666666665,6.7598017124831005,4438,1,1794,2.473673243235805,False,-2.50674334411537,False,ok,,0.017615374992601573
16,7,Normal,30000,5,0.1,21,2026107721,7.052207753018317,new_lower_rho_same_seed_schedule,False,10,3.944890925827096,0.8551333333333333,25654,0.1448666666666667,5.097706032285472,5885,1,2545,2.669610666321186,False,-3.1073168271912213,False,ok,,0.018655084015335888
16,7,Normal,30000,5,0.1,21,2026107721,7.052207753018317,new_lower_rho_same_seed_schedule,False,11,3.3221964963510198,0.8047666666666666,24143,0.19523333333333337,4.00320256204964,7494,1,3452,2.8188334496748144,False,-3.7300112566672974,False,ok,,0.0199057090212591
16,7,Normal,30000,5,0.1,21,2026107721,7.052207753018317,new_lower_rho_same_seed_schedule,False,12,2.6942635293625226,0.7400333333333333,22201,0.2599666666666667,3.1928480204342273,9396,1,4812,2.851507710143932,False,-4.357944223655794,False,ok,,0.020692291960585862
16,7,Normal,30000,5,0.1,21,2026107721,7.052207753018317,new_lower_rho_same_seed_schedule,False,13,2.0217737290806523,0.6750333333333334,20251,0.3249666666666666,2.6666666666666665,11250,1,6092,2.8670368294786233,False,-5.030434023937665,False,ok,,0.02164516696939245
16,7,Normal,30000,5,0.1,21,2026107721,7.052207753018317,new_lower_rho_same_seed_schedule,False,14,1.3883427327237017,0.5992,17976,0.40080000000000005,2.27842333105491,13167,1,7557,2.778006151385317,False,-5.663865020294615,False,ok,,0.02139595797052607
16,7,Normal,30000,5,0.1,21,2026107721,7.052207753018317,new_lower_rho_same_seed_schedule,False,15,0.7237385429353999,0.5194666666666666,15584,0.48053333333333337,1.9857029388403495,15108,1,9228,2.615226416948071,False,-6.328469210082917,False,ok,,0.022619875031523407
16,7,Normal,30000,5,0.1,21,2026107721,7.052207753018317,new_lower_rho_same_seed_schedule,False,16,0.13311089361884293,0.4407333333333333,13222,0.5592666666666667,1.7661603673613564,16986,1,11096,2.4017141561874698,False,-6.919096859399474,False,ok,,0.022178666025865823
16,7,Normal,30000,5,0.1,21,2026107721,7.052207753018317,new_lower_rho_same_seed_schedule,False,17,-0.473619724084178,0.36,10800,0.64,1.597444089456869,18780,1,12928,2.117117584907284,False,-7.525827477102495,False,ok,,0.022265249979682267
16,7,Normal,30000,5,0.1,21,2026107721,7.052207753018317,new_lower_rho_same_seed_schedule,False,18,-0.9819187540553822,0.2925333333333333,8776,0.7074666666666667,1.477832512315271,20300,1,14632,1.8675124865046464,False,-8.0341265070737,False,ok,,0.021638500038534403
16,7,Normal,30000,5,0.1,21,2026107721,7.052207753018317,new_lower_rho_same_seed_schedule,False,19,-1.4039559890849873,0.22733333333333333,6820,0.7726666666666666,1.381851681252879,21710,1,16388,1.536319244790263,False,-8.456163742103305,False,ok,,0.020678125030826777
16,7,Normal,30000,5,0.1,21,2026107721,7.052207753018317,new_lower_rho_same_seed_schedule,False,20,-1.8782844874461497,0.1741,5223,0.8259,1.3005592404734037,23067,1,18275,1.2580836249050176,False,-8.930492240464467,False,ok,,0.0205513330292888
16,7,Normal,30000,5,0.1,21,2026107721,7.052207753018317,new_lower_rho_same_seed_schedule,False,21,-2.245171429894499,0.1315,3945,0.8685,1.2455885405854266,24085,1,19704,1.0296572089873233,False,-9.297379182912817,False,ok,,0.019533915969077498
16,7,Normal,30000,5,0.1,21,2026107721,7.052207753018317,new_lower_rho_same_seed_schedule,False,22,-2.5991876085703414,0.10166666666666667,3050,0.8983333333333333,1.1981309157713966,25039,1,21213,0.8398037677270235,False,-9.651395361588659,False,ok,,0.01864229200873524
16,7,Normal,30000,5,0.1,21,2026107721,7.052207753018317,new_lower_rho_same_seed_schedule,False,23,-2.783554143140216,0.0694,2082,0.9306,1.1574520621937574,25919,1,22580,0.6130224040781225,False,-9.835761896158534,False,ok,,0.018455417011864483
16,7,Normal,30000,5,0.1,21,2026107721,7.052207753018317,new_lower_rho_same_seed_schedule,False,24,-3.1899389528713082,0.0533,1599,0.9467,1.131648434552999,26510,1,23556,0.5021673981788143,False,-10.242146705889626,False,ok,,0.01764683297369629
16,7,Normal,30000,5,0.1,21,2026107721,7.052207753018317,new_lower_rho_same_seed_schedule,False,25,-3.4812543482360567,0.03666666666666667,1100,0.9633333333333334,1.106888536324392,27103,1,24563,0.379324653768974,False,-10.533462101254374,False,ok,,0.016869125014636666
16,7,Normal,30000,5,0.1,21,2026107721,7.052207753018317,new_lower_rho_same_seed_schedule,False,26,-3.6420882598834177,0.030066666666666665,902,0.9699333333333333,1.0921402308056354,27469,1,25214,0.31727969404008144,False,-10.694296012901734,False,ok,,0.016270624997559935
16,7,Normal,30000,5,0.1,21,2026107721,7.052207753018317,new_lower_rho_same_seed_schedule,False,27,-3.7433350273825545,0.023766666666666665,713,0.9762333333333333,1.0735373054213635,27945,1,26103,0.2562077342906217,False,-10.795542780400872,False,ok,,0.016057707951404154
16,7,Normal,30000,5,0.1,21,2026107721,7.052207753018317,new_lower_rho_same_seed_schedule,False,28,-4.076311155020625,0.015333333333333332,460,0.9846666666666667,1.0639429726566656,28197,1,26524,0.19034602726980407,False,-11.128518908038942,False,ok,,0.0159480000147596
16,7,Normal,30000,5,0.1,21,2026107721,7.052207753018317,new_lower_rho_same_seed_schedule,False,29,-4.068220510366837,0.0111,333,0.9889,1.0539629005059021,28464,1,27012,0.14971697160434191,False,-11.120428263385154,False,ok,,0.015272708027623594
16,7,Normal,30000,5,0.1,21,2026107721,7.052207753018317,new_lower_rho_same_seed_schedule,False,30,-4.574998357114869,0.009533333333333333,286,0.9904666666666667,1.0447501305937663,28715,1,27503,0.12817870395162329,False,-11.627206110133187,False,ok,,0.014965499984100461
16,7,Normal,30000,5,0.1,21,2026107721,7.052207753018317,new_lower_rho_same_seed_schedule,False,31,-4.149647630435192,0.007533333333333334,226,0.9924666666666667,1.0380622837370241,28900,1,27857,0.105756261222768,False,-11.201855383453509,False,ok,,0.014602084003854543
16,7,Normal,30000,5,0.1,21,2026107721,7.052207753018317,new_lower_rho_same_seed_schedule,False,32,-4.648005727097498,0.005533333333333334,166,0.9944666666666667,1.0334137099552188,29030,1,28096,0.08562029786762537,False,-11.700213480115815,False,ok,,0.014612708007916808
16,7,Normal,30000,5,0.1,21,2026107721,7.052207753018317,new_lower_rho_same_seed_schedule,False,33,-4.933728895691262,0.004966666666666667,149,0.9950333333333333,1.0289124395513942,29157,1,28349,0.07728889747821982,False,-11.985936648709579,False,ok,,0.014927125012036413
16,7,Normal,30000,5,0.1,21,2026107721,7.052207753018317,new_lower_rho_same_seed_schedule,False,34,-5.178978448386694,0.0029666666666666665,89,0.9970333333333333,1.024100498395576,29294,1,28605,0.05728596091599807,False,-12.231186201405011,False,ok,,0.014299458009190857
16,7,Normal,30000,5,0.1,21,2026107721,7.052207753018317,new_lower_rho_same_seed_schedule,False,35,-6.211995328984475,0.0027333333333333333,82,0.9972666666666666,1.022390348635109,29343,1,28700,0.05252189652029439,False,-13.264203082002792,False,ok,,0.01409695902839303
16,7,Normal,30000,5,0.1,21,2026107721,7.052207753018317,new_lower_rho_same_seed_schedule,False,36,-4.8666755982237255,0.0017,51,0.9983,1.0187795021564165,29447,1,28901,0.041184457016159935,False,-11.918883351242043,False,ok,,0.014104291039984673
16,7,Normal,30000,5,0.1,21,2026107721,7.052207753018317,new_lower_rho_same_seed_schedule,False,37,-5.904070579613459,0.0022333333333333333,67,0.9977666666666667,1.0164667615368976,29514,1,29042,0.04114463068430929,False,-12.956278332631776,False,ok,,0.013750500045716763
16,7,Normal,30000,5,0.1,21,2026107721,7.052207753018317,new_lower_rho_same_seed_schedule,False,38,-5.1734527242238615,0.0015,45,0.9985,1.0138902970698571,29589,1,29186,0.0318685933749394,False,-12.22566047724218,False,ok,,0.014277250040322542
16,7,Normal,30000,5,0.1,21,2026107721,7.052207753018317,new_lower_rho_same_seed_schedule,False,39,-5.8897909921521245,0.0011666666666666668,35,0.9988333333333334,1.0121116021726662,29641,1,29287,0.02688354820063987,False,-12.94199874517044,False,ok,,0.013952292036265135
16,7,Normal,30000,5,0.1,21,2026107721,7.052207753018317,new_lower_rho_same_seed_schedule,False,40,-6.401119612214953,0.0013333333333333333,40,0.9986666666666667,1.0119409026512851,29646,1,29300,0.02838749764770612,False,-13.453327365233271,False,ok,,0.013698541035410017
16,7,Normal,30000,5,0.1,22,2026107722,7.052207753018317,new_lower_rho_same_seed_schedule,False,1,7.101082010444187,1.0,30000,0.0,30000.0,1,30000,0,1.0468562990927006,False,0.048874257425869594,False,ok,,0.014575834036804736
16,7,Normal,30000,5,0.1,22,2026107722,7.052207753018317,new_lower_rho_same_seed_schedule,False,2,6.9322762710196315,1.0,30000,0.0,937.5,32,322,0,1.206401829430016,False,-0.11993148199868564,False,ok,,0.014971167023759335
16,7,Normal,30000,5,0.1,22,2026107722,7.052207753018317,new_lower_rho_same_seed_schedule,False,3,6.815930468552752,0.9983333333333333,29950,0.0016666666666667052,179.64071856287424,167,1,23,1.2397764850721351,False,-0.23627728446556517,False,ok,,0.016128415998537093
16,7,Normal,30000,5,0.1,22,2026107722,7.052207753018317,new_lower_rho_same_seed_schedule,False,4,6.629521701467868,0.9941333333333333,29824,0.005866666666666687,77.51937984496124,387,1,101,1.378465350537002,False,-0.4226860515504489,False,ok,,0.014343792048748583
16,7,Normal,30000,5,0.1,22,2026107722,7.052207753018317,new_lower_rho_same_seed_schedule,False,5,6.3682944424838555,0.9884,29652,0.011600000000000055,42.07573632538569,713,1,174,1.5568299928813363,False,-0.6839133105344617,False,ok,,0.014657291991170496
16,7,Normal,30000,5,0.1,22,2026107722,7.052207753018317,new_lower_rho_same_seed_schedule,False,6,6.035788382793309,0.9774333333333334,29323,0.022566666666666624,23.715415019762847,1265,1,371,1.772947785708077,False,-1.016419370225008,False,ok,,0.014999667007941753
16,7,Normal,30000,5,0.1,22,2026107722,7.052207753018317,new_lower_rho_same_seed_schedule,False,7,5.669737646307404,0.9593333333333334,28780,0.04066666666666663,14.925373134328359,2010,1,714,1.9607042795683427,False,-1.3824701067109135,False,ok,,0.015627541986759752
16,7,Normal,30000,5,0.1,22,2026107722,7.052207753018317,new_lower_rho_same_seed_schedule,False,8,5.177041455156766,0.9367666666666666,28103,0.06323333333333336,10.070493454179255,2979,1,1128,2.220717496244869,False,-1.8751662978615515,False,ok,,0.01707154099131003
16,7,Normal,30000,5,0.1,22,2026107722,7.052207753018317,new_lower_rho_same_seed_schedule,False,9,4.6770023329468335,0.9029666666666667,27089,0.0970333333333333,7.156488549618321,4192,1,1689,2.423486159201826,False,-2.3752054200714836,False,ok,,0.01735191699117422
16,7,Normal,30000,5,0.1,22,2026107722,7.052207753018317,new_lower_rho_same_seed_schedule,False,10,4.096561979690944,0.8677333333333334,26032,0.13226666666666664,5.41907514450867,5536,1,2377,2.6385598556223795,False,-2.9556457733273733,False,ok,,0.01816679199691862
16,7,Normal,30000,5,0.1,22,2026107722,7.052207753018317,new_lower_rho_same_seed_schedule,False,11,3.465866292820507,0.8138666666666666,24416,0.18613333333333337,4.178272980501393,7180,1,3280,2.783151474998498,False,-3.58634146019781,False,ok,,0.019821375026367605
16,7,Normal,30000,5,0.1,22,2026107722,7.052207753018317,new_lower_rho_same_seed_schedule,False,12,2.858804347245236,0.7624666666666666,22874,0.23753333333333337,3.377237419790611,8883,1,4456,2.8669876434656043,False,-4.193403405773081,False,ok,,0.02092666702810675
16,7,Normal,30000,5,0.1,22,2026107722,7.052207753018317,new_lower_rho_same_seed_schedule,False,13,2.1877569830478385,0.6922666666666667,20768,0.3077333333333333,2.784998143334571,10772,1,5670,2.8972688146200927,False,-4.864450769970478,False,ok,,0.02124829200329259
16,7,Normal,30000,5,0.1,22,2026107722,7.052207753018317,new_lower_rho_same_seed_schedule,False,14,1.5316325397132964,0.6220333333333333,18661,0.3779666666666667,2.372291633718172,12646,1,7131,2.8217337735018853,False,-5.520575213305021,False,ok,,0.02184050000505522
16,7,Normal,30000,5,0.1,22,2026107722,7.052207753018317,new_lower_rho_same_seed_schedule,False,15,0.9113452788900308,0.5457,16371,0.45430000000000004,2.061572292468389,14552,1,8747,2.694030162988661,False,-6.140862474128286,False,ok,,0.02241037500789389
16,7,Normal,30000,5,0.1,22,2026107722,7.052207753018317,new_lower_rho_same_seed_schedule,False,16,0.3567752086715588,0.4679,14037,0.5321,1.837447173393765,16327,1,10364,2.486656573579425,False,-6.695432544346758,False,ok,,0.022202207997906953
16,7,Normal,30000,5,0.1,22,2026107722,7.052207753018317,new_lower_rho_same_seed_schedule,False,17,-0.29640240883271557,0.3863666666666667,11591,0.6136333333333333,1.651073197578426,18170,1,12215,2.227605849060355,False,-7.348610161851033,False,ok,,0.021638917038217187
16,7,Normal,30000,5,0.1,22,2026107722,7.052207753018317,new_lower_rho_same_seed_schedule,False,18,-0.7891016009031651,0.31576666666666664,9473,0.6842333333333334,1.513622603430878,19820,1,14121,1.9494784911575849,False,-7.841309353921482,False,ok,,0.022533375013154
16,7,Normal,30000,5,0.1,22,2026107722,7.052207753018317,new_lower_rho_same_seed_schedule,False,19,-1.3145643882726237,0.24666666666666667,7400,0.7533333333333333,1.4097744360902256,21280,1,15818,1.6631895861717985,False,-8.36677214129094,False,ok,,0.021340333041734993
16,7,Normal,30000,5,0.1,22,2026107722,7.052207753018317,new_lower_rho_same_seed_schedule,False,20,-1.715043053808107,0.1935,5805,0.8065,1.3302589570769776,22552,1,17481,1.3968382144712506,False,-8.767250806826425,False,ok,,0.020414750033523887
16,7,Normal,30000,5,0.1,22,2026107722,7.052207753018317,new_lower_rho_same_seed_schedule,False,21,-2.046190760758113,0.14826666666666666,4448,0.8517333333333333,1.2658227848101267,23700,1,19174,1.1198705511582723,False,-9.09839851377643,False,ok,,0.02013270795578137
16,7,Normal,30000,5,0.1,22,2026107722,7.052207753018317,new_lower_rho_same_seed_schedule,False,22,-2.404867782418333,0.10916666666666666,3275,0.8908333333333334,1.2108980827447022,24775,1,20771,0.8910760981592863,False,-9.457075535436651,False,ok,,0.019040207960642874
16,7,Normal,30000,5,0.1,22,2026107722,7.052207753018317,new_lower_rho_same_seed_schedule,False,23,-2.7000067597149986,0.08106666666666666,2432,0.9189333333333334,1.1754104141362693,25523,1,21915,0.7023730563572113,False,-9.752214512733316,False,ok,,0.018858249997720122
16,7,Normal,30000,5,0.1,22,2026107722,7.052207753018317,new_lower_rho_same_seed_schedule,False,24,-2.942415608043203,0.06016666666666667,1805,0.9398333333333333,1.1420740063956145,26268,1,23160,0.5512990696630067,False,-9.994623361061521,False,ok,,0.018064541975036263
16,7,Normal,30000,5,0.1,22,2026107722,7.052207753018317,new_lower_rho_same_seed_schedule,False,25,-3.2225180509703257,0.0457,1371,0.9543,1.1168192986374805,26862,1,24178,0.4436516373480451,False,-10.274725803988643,False,ok,,0.017235875013284385
16,7,Normal,30000,5,0.1,22,2026107722,7.052207753018317,new_lower_rho_same_seed_schedule,False,26,-3.414717875450273,0.0339,1017,0.9661,1.097213078779899,27342,1,25004,0.3449347440810516,False,-10.46692562846859,False,ok,,0.0167102079722099
16,7,Normal,30000,5,0.1,22,2026107722,7.052207753018317,new_lower_rho_same_seed_schedule,False,27,-3.8467115700767733,0.022466666666666666,674,0.9775333333333334,1.0785159620362381,27816,1,25836,0.25849229848505106,False,-10.89891932309509,False,ok,,0.016590500017628074
16,7,Normal,30000,5,0.1,22,2026107722,7.052207753018317,new_lower_rho_same_seed_schedule,False,28,-4.011289777421111,0.019233333333333335,577,0.9807666666666667,1.0680717744232413,28088,1,26345,0.22373931500147193,False,-11.063497530439427,False,ok,,0.01655041699996218
16,7,Normal,30000,5,0.1,22,2026107722,7.052207753018317,new_lower_rho_same_seed_schedule,False,29,-4.404253627030807,0.012333333333333333,370,0.9876666666666667,1.0565240359218173,28395,1,26890,0.16842525923680587,False,-11.456461380049124,False,ok,,0.015811250021215528
16,7,Normal,30000,5,0.1,22,2026107722,7.052207753018317,new_lower_rho_same_seed_schedule,False,30,-4.1643315497803375,0.0109,327,0.9891,1.0494647729657876,28586,1,27263,0.14542786267461483,False,-11.216539302798655,False,ok,,0.018472999974619597
16,7,Normal,30000,5,0.1,22,2026107722,7.052207753018317,new_lower_rho_same_seed_schedule,False,31,-4.270176982921417,0.007166666666666667,215,0.9928333333333333,1.0408354439163168,28823,1,27701,0.10979898378335974,False,-11.322384735939735,False,ok,,0.01624016702407971
16,7,Normal,30000,5,0.1,22,2026107722,7.052207753018317,new_lower_rho_same_seed_schedule,False,32,-4.466970741962372,0.005433333333333333,163,0.9945666666666667,1.0358043020405345,28963,1,27964,0.08983916469143385,False,-11.51917849498069,False,ok,,0.016884083044715226
16,7,Normal,30000,5,0.1,22,2026107722,7.052207753018317,new_lower_rho_same_seed_schedule,False,33,-4.392715620046214,0.0063,189,0.9937,1.0314240528089116,29086,1,28218,0.08820895036547435,False,-11.444923373064531,False,ok,,0.016339541994966567
16,7,Normal,30000,5,0.1,22,2026107722,7.052207753018317,new_lower_rho_same_seed_schedule,False,34,-4.651059437306394,0.003966666666666667,119,0.9960333333333333,1.0259567046270648,29241,1,28509,0.06635866097490331,False,-11.703267190324711,False,ok,,0.016059916000813246
16,7,Normal,30000,5,0.1,22,2026107722,7.052207753018317,new_lower_rho_same_seed_schedule,False,35,-4.920712023350348,0.003033333333333333,91,0.9969666666666667,1.0232970631374287,29317,1,28652,0.05581886964601833,False,-11.972919776368666,False,ok,,0.016993124969303608
16,7,Normal,30000,5,0.1,22,2026107722,7.052207753018317,new_lower_rho_same_seed_schedule,False,36,-5.219577343181585,0.002766666666666667,83,0.9972333333333333,1.018710312744066,29449,1,28914,0.0463276761478175,False,-12.271785096199903,False,ok,,0.015854750003200024
16,7,Normal,30000,5,0.1,22,2026107722,7.052207753018317,new_lower_rho_same_seed_schedule,False,37,-5.203524279207046,0.0021,63,0.9979,1.017293997965412,29490,1,28992,0.04128760858623083,False,-12.255732032225364,False,ok,,0.017276584054343402
16,7,Normal,30000,5,0.1,22,2026107722,7.052207753018317,new_lower_rho_same_seed_schedule,False,38,-5.555830744030781,0.0019333333333333333,58,0.9980666666666667,1.0160192366308802,29527,1,29061,0.03550934681726682,False,-12.608038497049098,False,ok,,0.015931458037812263
16,7,Normal,30000,5,0.1,22,2026107722,7.052207753018317,new_lower_rho_same_seed_schedule,False,39,-5.789303949783359,0.001,30,0.999,1.0127265975762076,29623,1,29249,0.026688904148728123,False,-12.841511702801675,False,ok,,0.01629958295961842
16,7,Normal,30000,5,0.1,22,2026107722,7.052207753018317,new_lower_rho_same_seed_schedule,False,40,-5.83977775219793,0.0009,27,0.9991,1.0122823592927521,29636,1,29275,0.02620195921552949,False,-12.891985505216248,False,ok,,0.014463416999205947
16,7,Normal,30000,5,0.1,23,2026107723,7.052207753018317,new_lower_rho_same_seed_schedule,False,1,7.092010025703687,1.0,30000,0.0,30000.0,1,30000,0,1.0467625559313007,False,0.03980227268537018,False,ok,,0.014163792016915977
16,7,Normal,30000,5,0.1,23,2026107723,7.052207753018317,new_lower_rho_same_seed_schedule,False,2,6.92373864331974,1.0,30000,0.0,937.5,32,243,0,1.2043174620071349,False,-0.12846910969857728,False,ok,,0.014481500023975968
16,7,Normal,30000,5,0.1,23,2026107723,7.052207753018317,new_lower_rho_same_seed_schedule,False,3,6.802600176234206,0.9980333333333333,29941,0.001966666666666672,166.66666666666666,180,1,27,1.2460122670463585,False,-0.24960757678411127,False,ok,,0.015749874990433455
16,7,Normal,30000,5,0.1,23,2026107723,7.052207753018317,new_lower_rho_same_seed_schedule,False,4,6.594703915175058,0.9933,29799,0.006700000000000039,71.59904534606206,419,1,97,1.4030819254922473,False,-0.45750383784325876,False,ok,,0.01692074997117743
16,7,Normal,30000,5,0.1,23,2026107723,7.052207753018317,new_lower_rho_same_seed_schedule,False,5,6.323130390198004,0.9871333333333333,29614,0.012866666666666693,38.07106598984772,788,1,204,1.5840702536086713,False,-0.7290773628203135,False,ok,,0.019163499993737787
16,7,Normal,30000,5,0.1,23,2026107723,7.052207753018317,new_lower_rho_same_seed_schedule,False,6,5.986078833386251,0.9746,29238,0.025399999999999978,22.058823529411764,1360,1,414,1.7918429247159415,False,-1.0661289196320665,False,ok,,0.016169709037058055
16,7,Normal,30000,5,0.1,23,2026107723,7.052207753018317,new_lower_rho_same_seed_schedule,False,7,5.573322413619867,0.9568,28704,0.043200000000000016,13.895321908290875,2159,1,749,2.040139145227269,False,-1.4788853393984498,False,ok,,0.01618908398086205
16,7,Normal,30000,5,0.1,23,2026107723,7.052207753018317,new_lower_rho_same_seed_schedule,False,8,5.051229044811061,0.9305,27915,0.0695,9.296560272699102,3227,1,1197,2.290067437455674,False,-2.0009787082072563,False,ok,,0.016863249999005347
16,7,Normal,30000,5,0.1,23,2026107723,7.052207753018317,new_lower_rho_same_seed_schedule,False,9,4.511108241785847,0.8947,26841,0.10529999999999995,6.619593998234775,4532,1,1854,2.4781966911488595,False,-2.5410995112324706,False,ok,,0.018408042029477656
16,7,Normal,30000,5,0.1,23,2026107723,7.052207753018317,new_lower_rho_same_seed_schedule,False,10,3.9194932603749977,0.8525,25575,0.14749999999999996,4.998333888703765,6002,1,2652,2.6820465443906336,False,-3.1327144926433195,False,ok,,0.019176957954186946
16,7,Normal,30000,5,0.1,23,2026107723,7.052207753018317,new_lower_rho_same_seed_schedule,False,11,3.2921623471932304,0.7952666666666667,23858,0.20473333333333332,3.8885288399222295,7715,1,3648,2.7993380351886175,False,-3.7600454058250867,False,ok,,0.02000287501141429
16,7,Normal,30000,5,0.1,23,2026107723,7.052207753018317,new_lower_rho_same_seed_schedule,False,12,2.6387092653650233,0.7397666666666667,22193,0.2602333333333333,3.163889474794347,9482,1,4814,2.87647118946273,False,-4.413498487653294,False,ok,,0.020571042026858777
16,7,Normal,30000,5,0.1,23,2026107723,7.052207753018317,new_lower_rho_same_seed_schedule,False,13,1.9797149443266289,0.6657666666666666,19973,0.3342333333333334,2.6429389481102987,11351,1,6067,2.877390287241023,False,-5.072492808691688,False,ok,,0.02177770802518353
16,7,Normal,30000,5,0.1,23,2026107723,7.052207753018317,new_lower_rho_same_seed_schedule,False,14,1.3637635712008604,0.5886333333333333,17659,0.41136666666666666,2.244165170556553,13368,1,7720,2.755272196301269,False,-5.688444181817457,False,ok,,0.022210167022421956
16,7,Normal,30000,5,0.1,23,2026107723,7.052207753018317,new_lower_rho_same_seed_schedule,False,15,0.6651479285670903,0.5137666666666667,15413,0.4862333333333333,1.962451756394322,15287,1,9421,2.6040068647635484,False,-6.387059824451227,False,ok,,0.022563167032785714
16,7,Normal,30000,5,0.1,23,2026107723,7.052207753018317,new_lower_rho_same_seed_schedule,False,16,0.08138776964183678,0.4305333333333333,12916,0.5694666666666667,1.7491691446562883,17151,1,11151,2.3722217638694834,False,-6.97081998337648,False,ok,,0.0231266250484623
16,7,Normal,30000,5,0.1,23,2026107723,7.052207753018317,new_lower_rho_same_seed_schedule,False,17,-0.43443725204294253,0.3504333333333333,10513,0.6495666666666666,1.5857074898250436,18919,1,13092,2.0528988274933173,False,-7.48664500506126,False,ok,,0.02291691699065268
16,7,Normal,30000,5,0.1,23,2026107723,7.052207753018317,new_lower_rho_same_seed_schedule,False,18,-0.9948231471644389,0.2808,8424,0.7192000000000001,1.4609915262491477,20534,1,14928,1.801208461783447,False,-8.047030900182756,False,ok,,0.021846290968824178
16,7,Normal,30000,5,0.1,23,2026107723,7.052207753018317,new_lower_rho_same_seed_schedule,False,19,-1.5091323746812308,0.22266666666666668,6680,0.7773333333333333,1.3654984069185252,21970,1,16776,1.5283043960292493,False,-8.561340127699548,False,ok,,0.02130366599885747
16,7,Normal,30000,5,0.1,23,2026107723,7.052207753018317,new_lower_rho_same_seed_schedule,False,20,-1.8081404787747766,0.17296666666666666,5189,0.8270333333333333,1.2941633234114145,23181,1,18514,1.2445413229767424,False,-8.860348231793093,False,ok,,0.020240334037225693
16,7,Normal,30000,5,0.1,23,2026107723,7.052207753018317,new_lower_rho_same_seed_schedule,False,21,-2.1940351201567054,0.12616666666666668,3785,0.8738333333333334,1.2355848434925865,24280,1,20030,0.9811059793725865,False,-9.246242873175023,False,ok,,0.020134042017161846
16,7,Normal,30000,5,0.1,23,2026107723,7.052207753018317,new_lower_rho_same_seed_schedule,False,22,-2.5984793107311686,0.09496666666666667,2849,0.9050333333333334,1.1912325285895806,25184,1,21411,0.7986051673223061,False,-9.650687063749485,False,ok,,0.019254083978012204
16,7,Normal,30000,5,0.1,23,2026107723,7.052207753018317,new_lower_rho_same_seed_schedule,False,23,-2.7961041103016724,0.068,2040,0.9319999999999999,1.1535799430900562,26006,1,22739,0.6002903204524577,False,-9.848311863319989,False,ok,,0.019039916980545968
16,7,Normal,30000,5,0.1,23,2026107723,7.052207753018317,new_lower_rho_same_seed_schedule,False,24,-3.168635806068543,0.048666666666666664,1460,0.9513333333333334,1.1263375258119017,26635,1,23759,0.46860873129502106,False,-10.22084355908686,False,ok,,0.022585166967473924
16,7,Normal,30000,5,0.1,23,2026107723,7.052207753018317,new_lower_rho_same_seed_schedule,False,25,-3.3977796458839165,0.0404,1212,0.9596,1.103996467211305,27174,1,24734,0.39657571789559437,False,-10.449987398902234,False,ok,,0.01994562504114583
16,7,Normal,30000,5,0.1,23,2026107723,7.052207753018317,new_lower_rho_same_seed_schedule,False,26,-3.6764826482050696,0.028833333333333332,865,0.9711666666666666,1.0845986984815619,27660,1,25586,0.2995849776113732,False,-10.728690401223387,False,ok,,0.01788537501124665
16,7,Normal,30000,5,0.1,23,2026107723,7.052207753018317,new_lower_rho_same_seed_schedule,False,27,-3.931314223738351,0.0209,627,0.9791,1.0705109905795034,28024,1,26239,0.23545670912707278,False,-10.983521976756668,False,ok,,0.01857424998888746
16,7,Normal,30000,5,0.1,23,2026107723,7.052207753018317,new_lower_rho_same_seed_schedule,False,28,-3.8807915345686563,0.015166666666666667,455,0.9848333333333333,1.0599208592425098,28304,1,26736,0.18326951376249695,False,-10.932999287586973,False,ok,,0.016380000044591725
16,7,Normal,30000,5,0.1,23,2026107723,7.052207753018317,new_lower_rho_same_seed_schedule,False,29,-4.317341269590341,0.013066666666666667,392,0.9869333333333333,1.0532228619575903,28484,1,27074,0.16020347708733373,False,-11.369549022608659,False,ok,,0.015934000024572015
16,7,Normal,30000,5,0.1,23,2026107723,7.052207753018317,new_lower_rho_same_seed_schedule,False,30,-4.416699053414806,0.009533333333333333,286,0.9904666666666667,1.0431879824744419,28758,1,27591,0.12422655624641593,False,-11.468906806433123,False,ok,,0.015507292002439499
16,7,Normal,30000,5,0.1,23,2026107723,7.052207753018317,new_lower_rho_same_seed_schedule,False,31,-4.295495205819464,0.0067,201,0.9933,1.0359473738734073,28959,1,27962,0.09542826945830261,False,-11.347702958837782,False,ok,,0.015080459008459002
16,7,Normal,30000,5,0.1,23,2026107723,7.052207753018317,new_lower_rho_same_seed_schedule,False,32,-4.673778112131031,0.005566666666666667,167,0.9944333333333333,1.0327022375215147,29050,1,28137,0.086200009841996,False,-11.725985865149347,False,ok,,0.015123374992981553
16,7,Normal,30000,5,0.1,23,2026107723,7.052207753018317,new_lower_rho_same_seed_schedule,False,33,-4.603794426781415,0.0041,123,0.9959,1.026026881904306,29239,1,28502,0.06501840168305648,False,-11.656002179799732,False,ok,,0.014759125013370067
16,7,Normal,30000,5,0.1,23,2026107723,7.052207753018317,new_lower_rho_same_seed_schedule,False,34,-5.159714586166272,0.0034333333333333334,103,0.9965666666666667,1.0236113006687595,29308,1,28636,0.05866967544636777,False,-12.21192233918459,False,ok,,0.013956749986391515
16,7,Normal,30000,5,0.1,23,2026107723,7.052207753018317,new_lower_rho_same_seed_schedule,False,35,-5.192886917097416,0.0032333333333333333,97,0.9967666666666667,1.0205817315870045,29395,1,28807,0.0506410710798231,False,-12.245094670115733,False,ok,,0.01387658400926739
16,7,Normal,30000,5,0.1,23,2026107723,7.052207753018317,new_lower_rho_same_seed_schedule,False,36,-5.382219454166396,0.0022,66,0.9978,1.0177081213108081,29478,1,28969,0.042967963959221984,False,-12.434427207184713,False,ok,,0.014065291965380311
16,7,Normal,30000,5,0.1,23,2026107723,7.052207753018317,new_lower_rho_same_seed_schedule,False,37,-6.182498464187025,0.0014,42,0.9986,1.0153658701685508,29546,1,29099,0.034514388340134296,False,-13.234706217205343,False,ok,,0.014565915975254029
16,7,Normal,30000,5,0.1,23,2026107723,7.052207753018317,new_lower_rho_same_seed_schedule,False,38,-5.520687405620951,0.0016333333333333334,49,0.9983666666666666,1.0136847440446022,29595,1,29197,0.031217147776068477,False,-12.572895158639268,False,ok,,0.014686167007312179
16,7,Normal,30000,5,0.1,23,2026107723,7.052207753018317,new_lower_rho_same_seed_schedule,False,39,-5.7805415991384965,0.0012666666666666666,38,0.9987333333333334,1.013068584743187,29613,1,29230,0.027950034232612747,False,-12.832749352156814,False,ok,,0.014915792038664222
16,7,Normal,30000,5,0.1,23,2026107723,7.052207753018317,new_lower_rho_same_seed_schedule,False,40,-5.178732046024254,0.0013666666666666666,41,0.9986333333333334,1.0105433354667026,29687,1,29381,0.02505713152216169,False,-12.23093979904257,False,ok,,0.014796084025874734
16,7,Normal,30000,5,0.1,24,2026107724,7.052207753018317,new_lower_rho_same_seed_schedule,False,1,7.098542195232371,1.0,30000,0.0,30000.0,1,30000,0,1.0459732940975777,False,0.046334442214053695,False,ok,,0.014718541002366692
16,7,Normal,30000,5,0.1,24,2026107724,7.052207753018317,new_lower_rho_same_seed_schedule,False,2,6.932865529285429,1.0,30000,0.0,937.5,32,598,0,1.2099993059875649,False,-0.11934222373288783,False,ok,,0.013662457989994437
16,7,Normal,30000,5,0.1,24,2026107724,7.052207753018317,new_lower_rho_same_seed_schedule,False,3,6.788087609722237,0.9984333333333333,29953,0.0015666666666667162,155.44041450777203,193,1,25,1.2752797648890806,False,-0.26412014329608,False,ok,,0.016657917003612965
16,7,Normal,30000,5,0.1,24,2026107724,7.052207753018317,new_lower_rho_same_seed_schedule,False,4,6.5916827745095325,0.9919333333333333,29758,0.008066666666666666,66.3716814159292,452,1,119,1.4101452250034316,False,-0.4605249785087846,False,ok,,0.016098542022518814
16,7,Normal,30000,5,0.1,24,2026107724,7.052207753018317,new_lower_rho_same_seed_schedule,False,5,6.282386101216384,0.9851,29553,0.014900000000000024,34.403669724770644,872,1,222,1.621297958727001,False,-0.7698216518019327,False,ok,,0.016085917013697326
16,7,Normal,30000,5,0.1,24,2026107724,7.052207753018317,new_lower_rho_same_seed_schedule,False,6,5.91713370027074,0.9705666666666667,29117,0.02943333333333331,19.71090670170828,1522,1,479,1.851436476338981,False,-1.1350740527475773,False,ok,,0.01587262499378994
16,7,Normal,30000,5,0.1,24,2026107724,7.052207753018317,new_lower_rho_same_seed_schedule,False,7,5.470044876300873,0.9515,28545,0.04849999999999999,12.458471760797343,2408,1,855,2.093585914698473,False,-1.5821628767174438,False,ok,,0.016578666982240975
16,7,Normal,30000,5,0.1,24,2026107724,7.052207753018317,new_lower_rho_same_seed_schedule,False,8,4.9448860975942805,0.9210333333333334,27631,0.07896666666666663,8.51305334846765,3524,1,1300,2.330546152891423,False,-2.1073216554240366,False,ok,,0.01742258295416832
16,7,Normal,30000,5,0.1,24,2026107724,7.052207753018317,new_lower_rho_same_seed_schedule,False,9,4.3615154355281485,0.884,26520,0.11599999999999999,6.119951040391677,4902,1,2025,2.556176858565127,False,-2.6906923174901687,False,ok,,0.01833379198797047
16,7,Normal,30000,5,0.1,24,2026107724,7.052207753018317,new_lower_rho_same_seed_schedule,False,10,3.717085580639697,0.8366,25098,0.1634,4.594884362076888,6529,1,2907,2.7433939568592542,False,-3.33512217237862,False,ok,,0.019607291964348406
16,7,Normal,30000,5,0.1,24,2026107724,7.052207753018317,new_lower_rho_same_seed_schedule,False,11,3.0752343974114944,0.7752333333333333,23257,0.22476666666666667,3.602305475504323,8328,1,4060,2.8228651646412932,False,-3.9769733556068227,False,ok,,0.019819417037069798
16,7,Normal,30000,5,0.1,24,2026107724,7.052207753018317,new_lower_rho_same_seed_schedule,False,12,2.410684771676701,0.7078666666666666,21236,0.29213333333333336,2.926829268292683,10250,1,5330,2.867178346753973,False,-4.641522981341616,False,ok,,0.021043916000053287
16,7,Normal,30000,5,0.1,24,2026107724,7.052207753018317,new_lower_rho_same_seed_schedule,False,13,1.7175487949841384,0.6347666666666667,19043,0.3652333333333333,2.449779519843214,12246,1,6819,2.8468987647313653,False,-5.334658958034179,False,ok,,0.02182387502398342
16,7,Normal,30000,5,0.1,24,2026107724,7.052207753018317,new_lower_rho_same_seed_schedule,False,14,1.0798562675633328,0.5508,16524,0.44920000000000004,2.1015761821366024,14275,1,8559,2.6493855651123135,False,-5.972351485454984,False,ok,,0.022591084009036422
16,7,Normal,30000,5,0.1,24,2026107724,7.052207753018317,new_lower_rho_same_seed_schedule,False,15,0.404495411222066,0.47526666666666667,14258,0.5247333333333333,1.8483149528679688,16231,1,10375,2.4988108567452616,False,-6.647712341796251,False,ok,,0.022316125046927482
16,7,Normal,30000,5,0.1,24,2026107724,7.052207753018317,new_lower_rho_same_seed_schedule,False,16,-0.18919452898832334,0.3937333333333333,11812,0.6062666666666667,1.6611295681063123,18060,1,12194,2.2398723838587564,False,-7.24140228200664,False,ok,,0.022091624967288226
16,7,Normal,30000,5,0.1,24,2026107724,7.052207753018317,new_lower_rho_same_seed_schedule,False,17,-0.8289594973584277,0.3169,9507,0.6831,1.5101177891875566,19866,1,14221,1.960998927803752,False,-7.881167250376745,False,ok,,0.022159499989356846
16,7,Normal,30000,5,0.1,24,2026107724,7.052207753018317,new_lower_rho_same_seed_schedule,False,18,-1.2274878924998842,0.24643333333333334,7393,0.7535666666666667,1.4055472263868065,21344,1,15971,1.639465389516977,False,-8.279695645518201,False,ok,,0.021546749980188906
16,7,Normal,30000,5,0.1,24,2026107724,7.052207753018317,new_lower_rho_same_seed_schedule,False,19,-1.7430005873988095,0.18753333333333333,5626,0.8124666666666667,1.3178703215603584,22764,1,17863,1.344529168506758,False,-8.795208340417126,False,ok,,0.020356458029709756
16,7,Normal,30000,5,0.1,24,2026107724,7.052207753018317,new_lower_rho_same_seed_schedule,False,20,-2.147702825150331,0.1372,4116,0.8628,1.2508338892595063,23984,1,19566,1.0577305192963153,False,-9.199910578168648,False,ok,,0.019333083007950336
16,7,Normal,30000,5,0.1,24,2026107724,7.052207753018317,new_lower_rho_same_seed_schedule,False,21,-2.4824453304978515,0.1007,3021,0.8993,1.2042389210019269,24912,1,20933,0.843106178996574,False,-9.534653083516169,False,ok,,0.019156542024575174
16,7,Normal,30000,5,0.1,24,2026107724,7.052207753018317,new_lower_rho_same_seed_schedule,False,22,-2.738779571275385,0.07843333333333333,2353,0.9215666666666666,1.1641443538998837,25770,1,22363,0.6812020839586186,False,-9.790987324293702,False,ok,,0.01837112504290417
16,7,Normal,30000,5,0.1,24,2026107724,7.052207753018317,new_lower_rho_same_seed_schedule,False,23,-3.106239460517465,0.05436666666666667,1631,0.9456333333333333,1.1321181931393638,26499,1,23543,0.5042637535211484,False,-10.158447213535782,False,ok,,0.017693292000330985
16,7,Normal,30000,5,0.1,24,2026107724,7.052207753018317,new_lower_rho_same_seed_schedule,False,24,-3.254742288050863,0.04206666666666667,1262,0.9579333333333333,1.1111522648987,26999,1,24402,0.41436618998450214,False,-10.30695004106918,False,ok,,0.01764058298431337
16,7,Normal,30000,5,0.1,24,2026107724,7.052207753018317,new_lower_rho_same_seed_schedule,False,25,-3.4784139408983075,0.0287,861,0.9713,1.0886526109518453,27557,1,25374,0.3072232696995454,False,-10.530621693916626,False,ok,,0.0166480410262011
16,7,Normal,30000,5,0.1,24,2026107724,7.052207753018317,new_lower_rho_same_seed_schedule,False,26,-3.6297393389083785,0.02263333333333333,679,0.9773666666666667,1.0761173685343282,27878,1,25958,0.25121134626119834,False,-10.681947091926695,False,ok,,0.017615791992284358
16,7,Normal,30000,5,0.1,24,2026107724,7.052207753018317,new_lower_rho_same_seed_schedule,False,27,-3.7657354750357155,0.016766666666666666,503,0.9832333333333333,1.0621724968134825,28244,1,26633,0.19696487724643133,False,-10.817943228054032,False,ok,,0.01805108302505687
16,7,Normal,30000,5,0.1,24,2026107724,7.052207753018317,new_lower_rho_same_seed_schedule,False,28,-4.027490338590965,0.012533333333333334,376,0.9874666666666667,1.0513036164844407,28536,1,27166,0.15527114182704752,False,-11.079698091609282,False,ok,,0.015641707985196263
16,7,Normal,30000,5,0.1,24,2026107724,7.052207753018317,new_lower_rho_same_seed_schedule,False,29,-4.247077882943607,0.008766666666666667,263,0.9912333333333333,1.0434419672359223,28751,1,27571,0.1256143738070623,False,-11.299285635961924,False,ok,,0.01577212504344061
16,7,Normal,30000,5,0.1,24,2026107724,7.052207753018317,new_lower_rho_same_seed_schedule,False,30,-4.668351874945906,0.0071,213,0.9929,1.0369141435089175,28932,1,27917,0.10247989985955447,False,-11.720559627964224,False,ok,,0.014875541033688933
16,7,Normal,30000,5,0.1,24,2026107724,7.052207753018317,new_lower_rho_same_seed_schedule,False,31,-4.639072562704602,0.0049,147,0.9951,1.0317433022663962,29077,1,28189,0.08173306617816667,False,-11.691280315722919,False,ok,,0.014895041997078806
16,7,Normal,30000,5,0.1,24,2026107724,7.052207753018317,new_lower_rho_same_seed_schedule,False,32,-4.433962777531891,0.0038,114,0.9962,1.0257462303826033,29247,1,28520,0.06482113781750115,False,-11.486170530550208,False,ok,,0.014178458019159734
16,7,Normal,30000,5,0.1,24,2026107724,7.052207753018317,new_lower_rho_same_seed_schedule,False,33,-5.074205327271538,0.003266666666666667,98,0.9967333333333334,1.0226691665246292,29335,1,28690,0.05688376892228226,False,-12.126413080289854,False,ok,,0.014939124986995012
16,7,Normal,30000,5,0.1,24,2026107724,7.052207753018317,new_lower_rho_same_seed_schedule,False,34,-4.499647594561983,0.0033,99,0.9967,1.0208595637526798,29387,1,28794,0.05352444043087517,False,-11.5518553475803,False,ok,,0.014126457972452044
16,7,Normal,30000,5,0.1,24,2026107724,7.052207753018317,new_lower_rho_same_seed_schedule,False,35,-5.486001287482396,0.0029333333333333334,88,0.9970666666666667,1.0186757215619695,29450,1,28919,0.048916952197024396,False,-12.538209040500714,False,ok,,0.013980375020764768
16,7,Normal,30000,5,0.1,24,2026107724,7.052207753018317,new_lower_rho_same_seed_schedule,False,36,-4.96238944461813,0.0017666666666666666,53,0.9982333333333333,1.0143016533116949,29577,1,29166,0.03566936247603219,False,-12.014597197636448,False,ok,,0.01387408300070092
16,7,Normal,30000,5,0.1,24,2026107724,7.052207753018317,new_lower_rho_same_seed_schedule,False,37,-5.454022464569848,0.0018333333333333333,55,0.9981666666666666,1.0126924115581961,29624,1,29258,0.03139591871055447,False,-12.506230217588165,False,ok,,0.01416308298939839
16,7,Normal,30000,5,0.1,24,2026107724,7.052207753018317,new_lower_rho_same_seed_schedule,False,38,-4.898346933885839,0.0010333333333333334,31,0.9989666666666667,1.0111564258990866,29669,1,29341,0.024029213796056045,False,-11.950554686904155,False,ok,,0.014163834042847157
16,7,Normal,30000,5,0.1,24,2026107724,7.052207753018317,new_lower_rho_same_seed_schedule,False,39,-5.563361283410801,0.0013666666666666666,41,0.9986333333333334,1.0108838494456986,29677,1,29360,0.02587446934311713,False,-12.615569036429118,False,ok,,0.014483999984804541
16,7,Normal,30000,5,0.1,24,2026107724,7.052207753018317,new_lower_rho_same_seed_schedule,False,40,-6.621345126943972,0.0008333333333333334,25,0.9991666666666666,1.0095571409341768,29716,1,29435,0.020717255104410123,False,-13.673552879962289,False,ok,,0.013765625015366822
16,7,Normal,30000,5,0.1,25,2026107725,7.052207753018317,new_lower_rho_same_seed_schedule,False,1,7.094562531396788,1.0,30000,0.0,30000.0,1,30000,0,1.0473326056579904,False,0.04235477837847057,False,ok,,0.014027624973095953
16,7,Normal,30000,5,0.1,25,2026107725,7.052207753018317,new_lower_rho_same_seed_schedule,False,2,6.928308129084498,1.0,30000,0.0,937.5,32,335,0,1.2088319892630246,False,-0.12389962393381904,False,ok,,0.013739041984081268
16,7,Normal,30000,5,0.1,25,2026107725,7.052207753018317,new_lower_rho_same_seed_schedule,False,3,6.811448204987437,0.9983,29949,0.0017000000000000348,177.5147928994083,169,1,24,1.2436112637149084,False,-0.24075954803087996,False,ok,,0.015177084016613662
16,7,Normal,30000,5,0.1,25,2026107725,7.052207753018317,new_lower_rho_same_seed_schedule,False,4,6.617143731068055,0.9936,29808,0.006399999999999961,75.18796992481202,399,1,103,1.3856676696328059,False,-0.4350640219502617,False,ok,,0.014545499987434596
16,7,Normal,30000,5,0.1,25,2026107725,7.052207753018317,new_lower_rho_same_seed_schedule,False,5,6.352615260273073,0.9864,29592,0.013599999999999945,39.01170351105332,769,1,224,1.5617699819061048,False,-0.6995924927452437,False,ok,,0.01446816697716713
16,7,Normal,30000,5,0.1,25,2026107725,7.052207753018317,new_lower_rho_same_seed_schedule,False,6,6.020191766070285,0.9763666666666667,29291,0.023633333333333284,23.183925811437405,1294,1,401,1.774355819694371,False,-1.032015986948032,False,ok,,0.015306541987229139
16,7,Normal,30000,5,0.1,25,2026107725,7.052207753018317,new_lower_rho_same_seed_schedule,False,7,5.638331198251494,0.9606666666666667,28820,0.03933333333333333,14.844136566056408,2021,1,698,2.0004581224416533,False,-1.4138765547668228,False,ok,,0.015394500049296767
16,7,Normal,30000,5,0.1,25,2026107725,7.052207753018317,new_lower_rho_same_seed_schedule,False,8,5.145599820536089,0.9371,28113,0.06289999999999996,9.930486593843098,3021,1,1118,2.2505032292618554,False,-1.9066079324822285,False,ok,,0.016993375029414892
16,7,Normal,30000,5,0.1,25,2026107725,7.052207753018317,new_lower_rho_same_seed_schedule,False,9,4.622550816409104,0.9048666666666667,27146,0.09513333333333329,7.114062129475931,4217,1,1699,2.4655084845912345,False,-2.429656936609213,False,ok,,0.017161541036330163
16,7,Normal,30000,5,0.1,25,2026107725,7.052207753018317,new_lower_rho_same_seed_schedule,False,10,4.059576218304527,0.8601,25803,0.13990000000000002,5.311614730878187,5648,1,2421,2.6252183178164326,False,-2.99263153471379,False,ok,,0.01796583301620558
16,7,Normal,30000,5,0.1,25,2026107725,7.052207753018317,new_lower_rho_same_seed_schedule,False,11,3.436687368938556,0.8137666666666666,24413,0.18623333333333336,4.16204217536071,7208,1,3274,2.809211804267281,False,-3.615520384079761,False,ok,,0.019304790999740362
16,7,Normal,30000,5,0.1,25,2026107725,7.052207753018317,new_lower_rho_same_seed_schedule,False,12,2.773257250149326,0.7527666666666667,22583,0.2472333333333333,3.3043286705584314,9079,1,4564,2.8768930720792834,False,-4.278950502868991,False,ok,,0.020443833025638014
16,7,Normal,30000,5,0.1,25,2026107725,7.052207753018317,new_lower_rho_same_seed_schedule,False,13,2.154919376132479,0.6856666666666666,20570,0.31433333333333335,2.763703362505758,10855,1,5694,2.8762779943341417,False,-4.897288376885838,False,ok,,0.021300000022165477
16,7,Normal,30000,5,0.1,25,2026107725,7.052207753018317,new_lower_rho_same_seed_schedule,False,14,1.5212749198644415,0.6112666666666666,18338,0.3887333333333334,2.341189324176682,12814,1,7252,2.7746935853233947,False,-5.530932833153876,False,ok,,0.02203691704198718
16,7,Normal,30000,5,0.1,25,2026107725,7.052207753018317,new_lower_rho_same_seed_schedule,False,15,0.8708281673973038,0.5363333333333333,16090,0.46366666666666667,2.0452686119443686,14668,1,8809,2.6717877591069343,False,-6.181379585621014,False,ok,,0.022256917029153556
16,7,Normal,30000,5,0.1,25,2026107725,7.052207753018317,new_lower_rho_same_seed_schedule,False,16,0.2802694202736909,0.45286666666666664,13586,0.5471333333333334,1.8096272167933405,16578,1,10585,2.413914763928306,False,-6.771938332744626,False,ok,,0.022483000007923692
16,7,Normal,30000,5,0.1,25,2026107725,7.052207753018317,new_lower_rho_same_seed_schedule,False,17,-0.34664238336829806,0.3831,11493,0.6169,1.6415868673050615,18275,1,12347,2.20845883946587,False,-7.398850136386615,False,ok,,0.02276070899097249
16,7,Normal,30000,5,0.1,25,2026107725,7.052207753018317,new_lower_rho_same_seed_schedule,False,18,-0.8190092290464048,0.31103333333333333,9331,0.6889666666666667,1.5095858702762541,19873,1,14162,1.930203116939178,False,-7.8712169820647215,False,ok,,0.021901666012126952
16,7,Normal,30000,5,0.1,25,2026107725,7.052207753018317,new_lower_rho_same_seed_schedule,False,19,-1.3330287547916213,0.24343333333333333,7303,0.7565666666666666,1.4008872285780996,21415,1,16047,1.6334088438269834,False,-8.385236507809939,False,ok,,0.021059749997220933
16,7,Normal,30000,5,0.1,25,2026107725,7.052207753018317,new_lower_rho_same_seed_schedule,False,20,-1.7034469281014057,0.18786666666666665,5636,0.8121333333333334,1.3214694740551494,22702,1,17750,1.3438901262586316,False,-8.755654681119722,False,ok,,0.020294584042858332
16,7,Normal,30000,5,0.1,25,2026107725,7.052207753018317,new_lower_rho_same_seed_schedule,False,21,-2.0079025582533596,0.13973333333333332,4192,0.8602666666666667,1.2564392511622062,23877,1,19441,1.0613671305915842,False,-9.060110311271677,False,ok,,0.018991249962709844
16,7,Normal,30000,5,0.1,25,2026107725,7.052207753018317,new_lower_rho_same_seed_schedule,False,22,-2.4310533775442877,0.10993333333333333,3298,0.8900666666666667,1.2106048989144909,24781,1,20798,0.8844951451973766,False,-9.483261130562605,False,ok,,0.019774791959207505
16,7,Normal,30000,5,0.1,25,2026107725,7.052207753018317,new_lower_rho_same_seed_schedule,False,23,-2.6884746022332524,0.08183333333333333,2455,0.9181666666666667,1.1729746637472631,25576,1,22033,0.7032229608078405,False,-9.74068235525157,False,ok,,0.018111250014044344
16,7,Normal,30000,5,0.1,25,2026107725,7.052207753018317,new_lower_rho_same_seed_schedule,False,24,-3.0200078541036315,0.0626,1878,0.9374,1.1431184270690444,26244,1,23131,0.5696616024409703,False,-10.072215607121949,False,ok,,0.018352334038354456
16,7,Normal,30000,5,0.1,25,2026107725,7.052207753018317,new_lower_rho_same_seed_schedule,False,25,-3.2816550775939786,0.043333333333333335,1300,0.9566666666666667,1.1144544745347154,26919,1,24263,0.42476017754735945,False,-10.333862830612295,False,ok,,0.01721645798534155
16,7,Normal,30000,5,0.1,25,2026107725,7.052207753018317,new_lower_rho_same_seed_schedule,False,26,-3.3873554088975593,0.030566666666666666,917,0.9694333333333334,1.0960105217010083,27372,1,25032,0.3160734028214926,False,-10.439563161915876,False,ok,,0.01726145902648568
16,7,Normal,30000,5,0.1,25,2026107725,7.052207753018317,new_lower_rho_same_seed_schedule,False,27,-3.7038403388947936,0.0261,783,0.9739,1.0826416456153014,27710,1,25658,0.2821729085394686,False,-10.756048091913112,False,ok,,0.01611320802476257
16,7,Normal,30000,5,0.1,25,2026107725,7.052207753018317,new_lower_rho_same_seed_schedule,False,28,-3.8852407459813074,0.019166666666666665,575,0.9808333333333333,1.067767653758542,28096,1,26364,0.22303557633317955,False,-10.937448498999625,False,ok,,0.016126749978866428
16,7,Normal,30000,5,0.1,25,2026107725,7.052207753018317,new_lower_rho_same_seed_schedule,False,29,-3.842081755791297,0.013533333333333333,406,0.9864666666666667,1.0564124234100993,28398,1,26908,0.17132921455537511,False,-10.894289508809614,False,ok,,0.015649166016373783
16,7,Normal,30000,5,0.1,25,2026107725,7.052207753018317,new_lower_rho_same_seed_schedule,False,30,-4.467977189758341,0.01,300,0.99,1.0479251082855945,28628,1,27341,0.13749599777319646,False,-11.520184942776659,False,ok,,0.015218416985590011
16,7,Normal,30000,5,0.1,25,2026107725,7.052207753018317,new_lower_rho_same_seed_schedule,False,31,-4.53294545718395,0.0088,264,0.9912,1.0417390096534482,28798,1,27661,0.11759472054974399,False,-11.585153210202268,False,ok,,0.014946708979550749
16,7,Normal,30000,5,0.1,25,2026107725,7.052207753018317,new_lower_rho_same_seed_schedule,False,32,-4.65696990863337,0.006633333333333333,199,0.9933666666666666,1.0361262692546798,28954,1,27956,0.0965918253134273,False,-11.709177661651687,False,ok,,0.014688749972265214
16,7,Normal,30000,5,0.1,25,2026107725,7.052207753018317,new_lower_rho_same_seed_schedule,False,33,-4.634938120615883,0.0043,129,0.9957,1.02993683054106,29128,1,28281,0.07368351091423658,False,-11.6871458736342,False,ok,,0.014222665980923921
16,7,Normal,30000,5,0.1,25,2026107725,7.052207753018317,new_lower_rho_same_seed_schedule,False,34,-5.240785742936957,0.003833333333333333,115,0.9961666666666666,1.0271158586688578,29208,1,28441,0.0692267119018403,False,-12.292993495955274,False,ok,,0.014337041007820517
16,7,Normal,30000,5,0.1,25,2026107725,7.052207753018317,new_lower_rho_same_seed_schedule,False,35,-4.58579856860585,0.0032,96,0.9968,1.023471615720524,29312,1,28641,0.055750097065161756,False,-11.638006321624168,False,ok,,0.014163541025482118
16,7,Normal,30000,5,0.1,25,2026107725,7.052207753018317,new_lower_rho_same_seed_schedule,False,36,-5.2848483656288066,0.0029333333333333334,88,0.9970666666666667,1.0207206287639072,29391,1,28800,0.05096682058610127,False,-12.337056118647123,False,ok,,0.0158651249948889
16,7,Normal,30000,5,0.1,25,2026107725,7.052207753018317,new_lower_rho_same_seed_schedule,False,37,-4.973468791931493,0.0026,78,0.9974,1.0177771746505633,29476,1,28966,0.04350896359338171,False,-12.02567654494981,False,ok,,0.014468249981291592
16,7,Normal,30000,5,0.1,25,2026107725,7.052207753018317,new_lower_rho_same_seed_schedule,False,38,-6.100360555607094,0.0018333333333333333,55,0.9981666666666666,1.0148506478129968,29561,1,29131,0.035248477392478106,False,-13.152568308625412,False,ok,,0.014721708022989333
16,7,Normal,30000,5,0.1,25,2026107725,7.052207753018317,new_lower_rho_same_seed_schedule,False,39,-5.649249722094107,0.002,60,0.998,1.0140959334753068,29583,1,29178,0.03502369865409202,False,-12.701457475112424,False,ok,,0.014883291034493595
16,7,Normal,30000,5,0.1,25,2026107725,7.052207753018317,new_lower_rho_same_seed_schedule,False,40,-5.70971373812809,0.0021666666666666666,65,0.9978333333333333,1.0123848412243108,29633,1,29279,0.032189803707328574,False,-12.761921491146406,False,ok,,0.01450291700894013
16,7,Normal,30000,5,0.1,26,2026107726,7.052207753018317,new_lower_rho_same_seed_schedule,False,1,7.075204666282411,1.0,30000,0.0,30000.0,1,30000,0,1.0462076893162013,False,0.0229969132640937,False,ok,,0.014141457970254123
16,7,Normal,30000,5,0.1,26,2026107726,7.052207753018317,new_lower_rho_same_seed_schedule,False,2,6.9060373641780695,1.0,30000,0.0,937.5,32,478,0,1.2094458487774187,False,-0.1461703888402477,False,ok,,0.014143833017442375
16,7,Normal,30000,5,0.1,26,2026107726,7.052207753018317,new_lower_rho_same_seed_schedule,False,3,6.7675939449293905,0.9980666666666667,29942,0.0019333333333333425,153.84615384615384,195,1,28,1.2670022752639845,False,-0.28461380808892667,False,ok,,0.015136041969526559
16,7,Normal,30000,5,0.1,26,2026107726,7.052207753018317,new_lower_rho_same_seed_schedule,False,4,6.55675612208708,0.9923666666666666,29771,0.007633333333333381,66.07929515418502,454,1,112,1.4186122714356553,False,-0.4954516309312371,False,ok,,0.01435941702220589
16,7,Normal,30000,5,0.1,26,2026107726,7.052207753018317,new_lower_rho_same_seed_schedule,False,5,6.269409739843641,0.9845333333333334,29536,0.015466666666666629,34.403669724770644,872,1,248,1.601264758004558,False,-0.7827980131746761,False,ok,,0.014875375025440007
16,7,Normal,30000,5,0.1,26,2026107726,7.052207753018317,new_lower_rho_same_seed_schedule,False,6,5.900171694022911,0.9724333333333334,29173,0.027566666666666628,20.10723860589812,1492,1,491,1.8464084267263645,False,-1.1520360589954057,False,ok,,0.015546832990366966
16,7,Normal,30000,5,0.1,26,2026107726,7.052207753018317,new_lower_rho_same_seed_schedule,False,7,5.451863163140466,0.9529,28587,0.04710000000000003,12.77139208173691,2349,1,824,2.0827980854080717,False,-1.6003445898778512,False,ok,,0.01647549995686859
16,7,Normal,30000,5,0.1,26,2026107726,7.052207753018317,new_lower_rho_same_seed_schedule,False,8,4.932683280759415,0.9262333333333334,27787,0.07376666666666665,8.720930232558139,3440,1,1292,2.346389150555597,False,-2.1195244722589024,False,ok,,0.01698816695716232
16,7,Normal,30000,5,0.1,26,2026107726,7.052207753018317,new_lower_rho_same_seed_schedule,False,9,4.350651774276323,0.8855666666666666,26567,0.11443333333333339,6.211180124223603,4830,1,1956,2.5458988850925808,False,-2.701555978741994,False,ok,,0.01794550003251061
16,7,Normal,30000,5,0.1,26,2026107726,7.052207753018317,new_lower_rho_same_seed_schedule,False,10,3.7478679056693083,0.8410333333333333,25231,0.1589666666666667,4.698512137823022,6385,1,2806,2.735878883001334,False,-3.304339847349009,False,ok,,0.019003290974069387
16,7,Normal,30000,5,0.1,26,2026107726,7.052207753018317,new_lower_rho_same_seed_schedule,False,11,3.0346822743997577,0.7835666666666666,23507,0.21643333333333337,3.672869735553379,8168,1,3852,2.8740496078618656,False,-4.017525478618559,False,ok,,0.019771708000916988
16,7,Normal,30000,5,0.1,26,2026107726,7.052207753018317,new_lower_rho_same_seed_schedule,False,12,2.3983462231284713,0.7120333333333333,21361,0.2879666666666667,2.960039467192896,10135,1,5202,2.87133836162479,False,-4.653861529889846,False,ok,,0.020438500039745122
16,7,Normal,30000,5,0.1,26,2026107726,7.052207753018317,new_lower_rho_same_seed_schedule,False,13,1.705021295780352,0.6410666666666667,19232,0.3589333333333333,2.4732069249793898,12130,1,6762,2.826604867438819,False,-5.3471864572379655,False,ok,,0.02191366598708555
16,7,Normal,30000,5,0.1,26,2026107726,7.052207753018317,new_lower_rho_same_seed_schedule,False,14,1.0106210721944189,0.5646,16938,0.4354,2.1296230567189607,14087,1,8285,2.7660139491958238,False,-6.041586680823898,False,ok,,0.02204579097451642
16,7,Normal,30000,5,0.1,26,2026107726,7.052207753018317,new_lower_rho_same_seed_schedule,False,15,0.39015964218514887,0.4778,14334,0.5222,1.8563207722294413,16161,1,10293,2.525109711511856,False,-6.662048110833168,False,ok,,0.022285500017460436
16,7,Normal,30000,5,0.1,26,2026107726,7.052207753018317,new_lower_rho_same_seed_schedule,False,16,-0.20286870682844826,0.39203333333333334,11761,0.6079666666666667,1.6647244880972198,18021,1,12057,2.243796511690843,False,-7.255076459846766,False,ok,,0.02203933399869129
16,7,Normal,30000,5,0.1,26,2026107726,7.052207753018317,new_lower_rho_same_seed_schedule,False,17,-0.7414179307967009,0.3189,9567,0.6811,1.5208354456047855,19726,1,14038,1.9662272604369488,False,-7.793625683815018,False,ok,,0.021922458021435887
16,7,Normal,30000,5,0.1,26,2026107726,7.052207753018317,new_lower_rho_same_seed_schedule,False,18,-1.2536598781234876,0.2501333333333333,7504,0.7498666666666667,1.4112334180073385,21258,1,15881,1.652555119585121,False,-8.305867631141805,False,ok,,0.020895584020763636
16,7,Normal,30000,5,0.1,26,2026107726,7.052207753018317,new_lower_rho_same_seed_schedule,False,19,-1.6857023227130088,0.18766666666666668,5630,0.8123333333333334,1.3228679777758179,22678,1,17727,1.3263993147133666,False,-8.737910075731326,False,ok,,0.02025341597618535
16,7,Normal,30000,5,0.1,26,2026107726,7.052207753018317,new_lower_rho_same_seed_schedule,False,20,-2.130588932364986,0.14496666666666666,4349,0.8550333333333333,1.2590229981534329,23828,1,19366,1.1030230275497475,False,-9.182796685383304,False,ok,,0.020143792033195496
16,7,Normal,30000,5,0.1,26,2026107726,7.052207753018317,new_lower_rho_same_seed_schedule,False,21,-2.4346736938010984,0.1062,3186,0.8938,1.203659123736158,24924,1,21040,0.8595106978222951,False,-9.486881446819416,False,ok,,0.01888749998761341
16,7,Normal,30000,5,0.1,26,2026107726,7.052207753018317,new_lower_rho_same_seed_schedule,False,22,-2.8975061126339514,0.0812,2436,0.9188000000000001,1.1723329425556859,25590,1,22042,0.7144688433352654,False,-9.949713865652269,False,ok,,0.018441041989717633
16,7,Normal,30000,5,0.1,26,2026107726,7.052207753018317,new_lower_rho_same_seed_schedule,False,23,-3.098734410571183,0.05996666666666667,1799,0.9400333333333333,1.1386927806877705,26346,1,23308,0.5491377648844098,False,-10.1509421635895,False,ok,,0.017860708001535386
16,7,Normal,30000,5,0.1,26,2026107726,7.052207753018317,new_lower_rho_same_seed_schedule,False,24,-3.2081401755834404,0.04356666666666666,1307,0.9564333333333334,1.1097957975732464,27032,1,24504,0.41572878156911114,False,-10.260347928601757,False,ok,,0.01666595903225243
16,7,Normal,30000,5,0.1,26,2026107726,7.052207753018317,new_lower_rho_same_seed_schedule,False,25,-3.616735354885611,0.0298,894,0.9702,1.0922992900054616,27465,1,25206,0.3140229018251028,False,-10.668943107903928,False,ok,,0.016598250018432736
16,7,Normal,30000,5,0.1,26,2026107726,7.052207753018317,new_lower_rho_same_seed_schedule,False,26,-3.683642822685481,0.022966666666666666,689,0.9770333333333333,1.0750761512273785,27905,1,26023,0.2549111790332274,False,-10.735850575703799,False,ok,,0.016150166979059577
16,7,Normal,30000,5,0.1,26,2026107726,7.052207753018317,new_lower_rho_same_seed_schedule,False,27,-4.020693394928953,0.0194,582,0.9806,1.0668183919490772,28121,1,26408,0.222808823790831,False,-11.07290114794727,False,ok,,0.016289791965391487
16,7,Normal,30000,5,0.1,26,2026107726,7.052207753018317,new_lower_rho_same_seed_schedule,False,28,-4.0795262673820485,0.011166666666666667,335,0.9888333333333333,1.0533338014816895,28481,1,27049,0.14960257586170683,False,-11.131734020400366,False,ok,,0.01559791702311486
16,7,Normal,30000,5,0.1,26,2026107726,7.052207753018317,new_lower_rho_same_seed_schedule,False,29,-4.589470418546248,0.009866666666666666,296,0.9901333333333333,1.0466089868825006,28664,1,27403,0.13466986410727183,False,-11.641678171564564,False,ok,,0.01502495800377801
16,7,Normal,30000,5,0.1,26,2026107726,7.052207753018317,new_lower_rho_same_seed_schedule,False,30,-4.557448840765101,0.0077666666666666665,233,0.9922333333333333,1.0372726644077173,28922,1,27906,0.10917491325540338,False,-11.609656593783418,False,ok,,0.015221291978377849
16,7,Normal,30000,5,0.1,26,2026107726,7.052207753018317,new_lower_rho_same_seed_schedule,False,31,-4.955972852498157,0.007,210,0.993,1.034304430270643,29005,1,28062,0.09947861743475997,False,-12.008180605516475,False,ok,,0.014354749990161508
16,7,Normal,30000,5,0.1,26,2026107726,7.052207753018317,new_lower_rho_same_seed_schedule,False,32,-4.621445203896505,0.004166666666666667,125,0.9958333333333333,1.0264832683227263,29226,1,28477,0.06757352822005079,False,-11.673652956914822,False,ok,,0.014633875049185008
16,7,Normal,30000,5,0.1,26,2026107726,7.052207753018317,new_lower_rho_same_seed_schedule,False,33,-5.540162463731477,0.0031333333333333335,94,0.9968666666666667,1.0245901639344261,29280,1,28580,0.06051965344852316,False,-12.592370216749794,False,ok,,0.014635583036579192
16,7,Normal,30000,5,0.1,26,2026107726,7.052207753018317,new_lower_rho_same_seed_schedule,False,34,-4.862451236451458,0.002266666666666667,68,0.9977333333333334,1.0192640913260627,29433,1,28879,0.045482347609122294,False,-11.914658989469775,False,ok,,0.014186665997840464
16,7,Normal,30000,5,0.1,26,2026107726,7.052207753018317,new_lower_rho_same_seed_schedule,False,35,-5.297841221224507,0.0027333333333333333,82,0.9972666666666666,1.018710312744066,29449,1,28916,0.04809855711631464,False,-12.350048974242824,False,ok,,0.01381133304676041
16,7,Normal,30000,5,0.1,26,2026107726,7.052207753018317,new_lower_rho_same_seed_schedule,False,36,-5.4055020507572245,0.0018,54,0.9982,1.016260162601626,29520,1,29049,0.037087924973453104,False,-12.457709803775542,False,ok,,0.014208042004611343
16,7,Normal,30000,5,0.1,26,2026107726,7.052207753018317,new_lower_rho_same_seed_schedule,False,37,-5.426694168438304,0.0011666666666666668,35,0.9988333333333334,1.0134792743488397,29601,1,29206,0.029093149790496424,False,-12.478901921456622,False,ok,,0.014313791994936764
16,7,Normal,30000,5,0.1,26,2026107726,7.052207753018317,new_lower_rho_same_seed_schedule,False,38,-6.568147950988532,0.0012333333333333332,37,0.9987666666666667,1.0125898673507274,29627,1,29260,0.028525683557499956,False,-13.62035570400685,False,ok,,0.014257167000323534
16,7,Normal,30000,5,0.1,26,2026107726,7.052207753018317,new_lower_rho_same_seed_schedule,False,39,-5.330266891657399,0.0010666666666666667,32,0.9989333333333333,1.0108838494456986,29677,1,29357,0.023348202823583603,False,-12.382474644675717,False,ok,,0.013755249965470284
16,7,Normal,30000,5,0.1,26,2026107726,7.052207753018317,new_lower_rho_same_seed_schedule,False,40,-5.499047258321138,0.0008666666666666666,26,0.9991333333333333,1.0087424344317417,29740,1,29485,0.020345441983274995,False,-12.551255011339455,False,ok,,0.013726833974942565
16,7,Normal,30000,5,0.1,27,2026107727,7.052207753018317,new_lower_rho_same_seed_schedule,False,1,7.098124623438475,1.0,30000,0.0,30000.0,1,30000,0,1.045977348415297,False,0.04591687042015824,False,ok,,0.013787000032607466
16,7,Normal,30000,5,0.1,27,2026107727,7.052207753018317,new_lower_rho_same_seed_schedule,False,2,6.931880339613677,1.0,30000,0.0,937.5,32,381,0,1.2067230743874306,False,-0.12032741340463993,False,ok,,0.013783708971459419
16,7,Normal,30000,5,0.1,27,2026107727,7.052207753018317,new_lower_rho_same_seed_schedule,False,3,6.800511907513869,0.9976666666666667,29930,0.0023333333333332984,154.63917525773195,194,1,22,1.2659788009717636,False,-0.25169584550444846,False,ok,,0.015061625046655536
16,7,Normal,30000,5,0.1,27,2026107727,7.052207753018317,new_lower_rho_same_seed_schedule,False,4,6.584145015429741,0.9927666666666667,29783,0.007233333333333314,66.66666666666667,450,1,112,1.4127621803465298,False,-0.46806273758857575,False,ok,,0.014916040992829949
16,7,Normal,30000,5,0.1,27,2026107727,7.052207753018317,new_lower_rho_same_seed_schedule,False,5,6.291982537598919,0.9849666666666667,29549,0.015033333333333343,34.16856492027335,878,1,267,1.6097922942380964,False,-0.760225215419398,False,ok,,0.014903249975759536
16,7,Normal,30000,5,0.1,27,2026107727,7.052207753018317,new_lower_rho_same_seed_schedule,False,6,5.922623732649981,0.9695,29085,0.03049999999999997,19.518542615484712,1537,1,504,1.8281697480795325,False,-1.1295840203683358,False,ok,,0.015416375012136996
16,7,Normal,30000,5,0.1,27,2026107727,7.052207753018317,new_lower_rho_same_seed_schedule,False,7,5.483391514259232,0.9498333333333333,28495,0.05016666666666669,12.605042016806722,2380,1,848,2.0647045668404824,False,-1.5688162387590854,False,ok,,0.016137166996486485
16,7,Normal,30000,5,0.1,27,2026107727,7.052207753018317,new_lower_rho_same_seed_schedule,False,8,4.957560272471199,0.9221,27663,0.07789999999999997,8.54457419538593,3511,1,1347,2.3110913382041947,False,-2.094647480547118,False,ok,,0.0174047090113163
16,7,Normal,30000,5,0.1,27,2026107727,7.052207753018317,new_lower_rho_same_seed_schedule,False,9,4.373806139750083,0.8859666666666667,26579,0.11403333333333332,6.136224176723256,4889,1,2043,2.554953586441166,False,-2.6784016132682344,False,ok,,0.01771379099227488
16,7,Normal,30000,5,0.1,27,2026107727,7.052207753018317,new_lower_rho_same_seed_schedule,False,10,3.772208307541831,0.8351333333333333,25054,0.16486666666666672,4.6317739694302915,6477,1,2885,2.7168381808414255,False,-3.279999445476486,False,ok,,0.01895854203030467
16,7,Normal,30000,5,0.1,27,2026107727,7.052207753018317,new_lower_rho_same_seed_schedule,False,11,3.094313080901133,0.7808,23424,0.21919999999999995,3.6465297192172117,8227,1,3957,2.8261939661574984,False,-3.957894672117184,False,ok,,0.020085582975298166
16,7,Normal,30000,5,0.1,27,2026107727,7.052207753018317,new_lower_rho_same_seed_schedule,False,12,2.4219390887265533,0.71,21300,0.29000000000000004,2.932551319648094,10230,1,5324,2.8538335265878327,False,-4.630268664291764,False,ok,,0.02130412496626377
16,7,Normal,30000,5,0.1,27,2026107727,7.052207753018317,new_lower_rho_same_seed_schedule,False,13,1.718207843150955,0.6322333333333333,18967,0.3677666666666667,2.449179524859172,12249,1,6778,2.8271915776286076,False,-5.333999909867362,False,ok,,0.021385249972809106
16,7,Normal,30000,5,0.1,27,2026107727,7.052207753018317,new_lower_rho_same_seed_schedule,False,14,1.0202218275147645,0.5569,16707,0.44310000000000005,2.1153574954167254,14182,1,8344,2.7269572101147217,False,-6.031985925503553,False,ok,,0.022121084039099514
16,7,Normal,30000,5,0.1,27,2026107727,7.052207753018317,new_lower_rho_same_seed_schedule,False,15,0.4155830662933202,0.4770666666666667,14312,0.5229333333333333,1.8513947173537397,16204,1,10341,2.524331142627887,False,-6.636624686724997,False,ok,,0.022264916042331606
16,7,Normal,30000,5,0.1,27,2026107727,7.052207753018317,new_lower_rho_same_seed_schedule,False,16,-0.2093725450099803,0.39076666666666665,11723,0.6092333333333333,1.6592002654720426,18081,1,12148,2.241095991413924,False,-7.2615802980282975,False,ok,,0.02200050000101328
16,7,Normal,30000,5,0.1,27,2026107727,7.052207753018317,new_lower_rho_same_seed_schedule,False,17,-0.7542240138488389,0.31266666666666665,9380,0.6873333333333334,1.5135462388375964,19821,1,14074,1.937150052514966,False,-7.806431766867156,False,ok,,0.021659749967511743
16,7,Normal,30000,5,0.1,27,2026107727,7.052207753018317,new_lower_rho_same_seed_schedule,False,18,-1.2900014072042274,0.24556666666666666,7367,0.7544333333333333,1.406403825418405,21331,1,15901,1.6471273333484913,False,-8.342209160222545,False,ok,,0.021899957966525108
16,7,Normal,30000,5,0.1,27,2026107727,7.052207753018317,new_lower_rho_same_seed_schedule,False,19,-1.6341092701449897,0.18546666666666667,5564,0.8145333333333333,1.3146362839614374,22820,1,17968,1.3183755197340847,False,-8.686317023163307,False,ok,,0.02028645802056417
16,7,Normal,30000,5,0.1,27,2026107727,7.052207753018317,new_lower_rho_same_seed_schedule,False,20,-2.0641967367760072,0.1438,4314,0.8562,1.2575452716297786,23856,1,19393,1.0894990221643468,False,-9.116404489794323,False,ok,,0.019909291004296392
16,7,Normal,30000,5,0.1,27,2026107727,7.052207753018317,new_lower_rho_same_seed_schedule,False,21,-2.4976226235737666,0.10596666666666667,3179,0.8940333333333333,1.2061756191701511,24872,1,20913,0.8728260907946325,False,-9.549830376592084,False,ok,,0.019172667001839727
16,7,Normal,30000,5,0.1,27,2026107727,7.052207753018317,new_lower_rho_same_seed_schedule,False,22,-2.729766773121511,0.0739,2217,0.9261,1.1613053071652537,25833,1,22455,0.6452756271932353,False,-9.781974526139829,False,ok,,0.018328665988519788
16,7,Normal,30000,5,0.1,27,2026107727,7.052207753018317,new_lower_rho_same_seed_schedule,False,23,-3.058721503181315,0.054266666666666664,1628,0.9457333333333333,1.1322891111530478,26495,1,23524,0.5021063214697357,False,-10.110929256199633,False,ok,,0.017472708015702665
16,7,Normal,30000,5,0.1,27,2026107727,7.052207753018317,new_lower_rho_same_seed_schedule,False,24,-3.446521806120118,0.040966666666666665,1229,0.9590333333333333,1.1091803157466633,27047,1,24493,0.40925773928015863,False,-10.498729559138436,False,ok,,0.016890832979697734
16,7,Normal,30000,5,0.1,27,2026107727,7.052207753018317,new_lower_rho_same_seed_schedule,False,25,-3.6316984364042666,0.030066666666666665,902,0.9699333333333333,1.0913456291607553,27489,1,25258,0.32083885624229425,False,-10.683906189422583,False,ok,,0.01659304095664993
16,7,Normal,30000,5,0.1,27,2026107727,7.052207753018317,new_lower_rho_same_seed_schedule,False,26,-3.9117050211154756,0.021533333333333335,646,0.9784666666666667,1.0736525660296328,27942,1,26074,0.24385741855332438,False,-10.963912774133792,False,ok,,0.01578645798144862
16,7,Normal,30000,5,0.1,27,2026107727,7.052207753018317,new_lower_rho_same_seed_schedule,False,27,-3.8619900334554487,0.016,480,0.984,1.0609329136754253,28277,1,26686,0.1907768974901301,False,-10.914197786473766,False,ok,,0.01538258302025497
16,7,Normal,30000,5,0.1,27,2026107727,7.052207753018317,new_lower_rho_same_seed_schedule,False,28,-4.3677382003140455,0.012233333333333334,367,0.9877666666666667,1.0523361863336607,28508,1,27115,0.1579768282635215,False,-11.419945953332363,False,ok,,0.014942792011424899
16,7,Normal,30000,5,0.1,27,2026107727,7.052207753018317,new_lower_rho_same_seed_schedule,False,29,-4.2074280431643585,0.007733333333333333,232,0.9922666666666666,1.043079169708981,28761,1,27581,0.11666389858643145,False,-11.259635796182675,False,ok,,0.014830166997853667
16,7,Normal,30000,5,0.1,27,2026107727,7.052207753018317,new_lower_rho_same_seed_schedule,False,30,-4.573252067454842,0.005633333333333333,169,0.9943666666666666,1.0358043020405345,28963,1,27967,0.09065876566598509,False,-11.625459820473159,False,ok,,0.014630334044340998
16,7,Normal,30000,5,0.1,27,2026107727,7.052207753018317,new_lower_rho_same_seed_schedule,False,31,-4.620698979969819,0.005066666666666666,152,0.9949333333333333,1.03046748875073,29113,1,28259,0.07679698226842868,False,-11.672906732988135,False,ok,,0.01481508300639689
16,7,Normal,30000,5,0.1,27,2026107727,7.052207753018317,new_lower_rho_same_seed_schedule,False,32,-4.9717351869137625,0.005,150,0.995,1.0259917920656634,29240,1,28516,0.07334759082152584,False,-12.02394293993208,False,ok,,0.014091415971051902
16,7,Normal,30000,5,0.1,27,2026107727,7.052207753018317,new_lower_rho_same_seed_schedule,False,33,-5.597913547967502,0.0031666666666666666,95,0.9968333333333333,1.0227388947601677,29333,1,28684,0.05520511973582797,False,-12.65012130098582,False,ok,,0.01416308298939839
16,7,Normal,30000,5,0.1,27,2026107727,7.052207753018317,new_lower_rho_same_seed_schedule,False,34,-5.368686349897956,0.002533333333333333,76,0.9974666666666666,1.0195412064570943,29425,1,28863,0.046312296807974655,False,-12.420894102916273,False,ok,,0.014049625024199486
16,7,Normal,30000,5,0.1,27,2026107727,7.052207753018317,new_lower_rho_same_seed_schedule,False,35,-5.5244297602361785,0.0018333333333333333,55,0.9981666666666666,1.0163290195812724,29518,1,29042,0.03640988603775979,False,-12.576637513254497,False,ok,,0.014074333943426609
16,7,Normal,30000,5,0.1,27,2026107727,7.052207753018317,new_lower_rho_same_seed_schedule,False,36,-5.4796813486007805,0.0019333333333333333,58,0.9980666666666667,1.014747666080368,29564,1,29138,0.035069788365807986,False,-12.531889101619097,False,ok,,0.013862833962775767
16,7,Normal,30000,5,0.1,27,2026107727,7.052207753018317,new_lower_rho_same_seed_schedule,False,37,-5.701385380938467,0.0018,54,0.9982,1.0127949765369164,29621,1,29251,0.02988593530307117,False,-12.753593133956784,False,ok,,0.013690791034605354
16,7,Normal,30000,5,0.1,27,2026107727,7.052207753018317,new_lower_rho_same_seed_schedule,False,38,-5.698811521294417,0.0017666666666666666,53,0.9982333333333333,1.0113609547247413,29663,1,29335,0.02808449742211523,False,-12.751019274312734,False,ok,,0.014342583017423749
16,7,Normal,30000,5,0.1,27,2026107727,7.052207753018317,new_lower_rho_same_seed_schedule,False,39,-6.119581614305555,0.0012666666666666666,38,0.9987333333333334,1.008945987758122,29734,1,29473,0.020660354248572214,False,-13.171789367323871,False,ok,,0.01451037498190999
16,7,Normal,30000,5,0.1,27,2026107727,7.052207753018317,new_lower_rho_same_seed_schedule,False,40,-6.036075949727836,0.0009333333333333333,28,0.9990666666666667,1.0083694665725522,29751,1,29506,0.019003408523198845,False,-13.088283702746153,False,ok,,0.014967499999329448
16,7,Normal,30000,5,0.1,28,2026107728,7.052207753018317,new_lower_rho_same_seed_schedule,False,1,7.083864502565453,1.0,30000,0.0,30000.0,1,30000,0,1.0463279158471186,False,0.031656749547136265,False,ok,,0.014889500045683235
16,7,Normal,30000,5,0.1,28,2026107728,7.052207753018317,new_lower_rho_same_seed_schedule,False,2,6.920117429135199,1.0,30000,0.0,937.5,32,395,0,1.203824422808222,False,-0.13209032388311837,False,ok,,0.014159999962430447
16,7,Normal,30000,5,0.1,28,2026107728,7.052207753018317,new_lower_rho_same_seed_schedule,False,3,6.788873634719435,0.9984333333333333,29953,0.0015666666666667162,164.83516483516485,182,1,28,1.2595818236657939,False,-0.2633341182988822,False,ok,,0.015668999985791743
16,7,Normal,30000,5,0.1,28,2026107728,7.052207753018317,new_lower_rho_same_seed_schedule,False,4,6.5809637928543605,0.9928,29784,0.007199999999999984,68.80733944954129,436,1,113,1.40881151277766,False,-0.47124396016395664,False,ok,,0.014621000038459897
16,7,Normal,30000,5,0.1,28,2026107728,7.052207753018317,new_lower_rho_same_seed_schedule,False,5,6.310970363699556,0.9846333333333334,29539,0.01536666666666664,35.79952267303103,838,1,244,1.5926135227578777,False,-0.7412373893187612,False,ok,,0.015225458017084748
16,7,Normal,30000,5,0.1,28,2026107728,7.052207753018317,new_lower_rho_same_seed_schedule,False,6,5.924292525071512,0.9749,29247,0.02510000000000001,21.12676056338028,1420,1,416,1.8440243071927205,False,-1.1279152279468052,False,ok,,0.015812041994649917
16,7,Normal,30000,5,0.1,28,2026107728,7.052207753018317,new_lower_rho_same_seed_schedule,False,7,5.499326022289981,0.9533,28599,0.046699999999999964,13.089005235602095,2292,1,785,2.0673263514265883,False,-1.5528817307283358,False,ok,,0.01708858396159485
16,7,Normal,30000,5,0.1,28,2026107728,7.052207753018317,new_lower_rho_same_seed_schedule,False,8,4.982523594437258,0.9259333333333334,27778,0.07406666666666661,8.88888888888889,3375,1,1247,2.3106953356872424,False,-2.069684158581059,False,ok,,0.017647749977186322
16,7,Normal,30000,5,0.1,28,2026107728,7.052207753018317,new_lower_rho_same_seed_schedule,False,9,4.4060239076574605,0.8919333333333334,26758,0.10806666666666664,6.406149903907751,4683,1,1873,2.53627752598306,False,-2.6461838453608566,False,ok,,0.01843791699502617
16,7,Normal,30000,5,0.1,28,2026107728,7.052207753018317,new_lower_rho_same_seed_schedule,False,10,3.793062159083073,0.8442666666666667,25328,0.15573333333333328,4.77326968973747,6285,1,2764,2.7214020775601613,False,-3.2591455939352443,False,ok,,0.019428000028710812
16,7,Normal,30000,5,0.1,28,2026107728,7.052207753018317,new_lower_rho_same_seed_schedule,False,11,3.172165854488974,0.7848,23544,0.21519999999999995,3.7359900373599,8030,1,3800,2.833080581645702,False,-3.8800418985293432,False,ok,,0.020336832967586815
16,7,Normal,30000,5,0.1,28,2026107728,7.052207753018317,new_lower_rho_same_seed_schedule,False,12,2.4923546434835036,0.7159333333333333,21478,0.2840666666666667,2.9952076677316293,10016,1,5206,2.8529008240085885,False,-4.559853109534814,False,ok,,0.02140291698742658
16,7,Normal,30000,5,0.1,28,2026107728,7.052207753018317,new_lower_rho_same_seed_schedule,False,13,1.7745478541833655,0.6496666666666666,19490,0.3503333333333334,2.5110906503724784,11947,1,6604,2.87921336988461,False,-5.277659898834951,False,ok,,0.022216708050109446
16,7,Normal,30000,5,0.1,28,2026107728,7.052207753018317,new_lower_rho_same_seed_schedule,False,14,1.1690552539579646,0.5686,17058,0.4314,2.159516268355888,13892,1,8171,2.713803321936714,False,-5.883152499060353,False,ok,,0.02231679204851389
16,7,Normal,30000,5,0.1,28,2026107728,7.052207753018317,new_lower_rho_same_seed_schedule,False,15,0.48605421778884317,0.48946666666666666,14684,0.5105333333333333,1.894537417113988,15835,1,9934,2.5413497520420942,False,-6.566153535229474,False,ok,,0.02439737500390038
16,7,Normal,30000,5,0.1,28,2026107728,7.052207753018317,new_lower_rho_same_seed_schedule,False,16,-0.11992802177174224,0.40203333333333335,12061,0.5979666666666666,1.6840687100033682,17814,1,11939,2.2520584865087865,False,-7.17213577479006,False,ok,,0.023029750038404018
16,7,Normal,30000,5,0.1,28,2026107728,7.052207753018317,new_lower_rho_same_seed_schedule,False,17,-0.6306250515500026,0.3269,9807,0.6731,1.5369639838106461,19519,1,13801,1.9873757670482608,False,-7.68283280456832,False,ok,,0.022044582990929484
16,7,Normal,30000,5,0.1,28,2026107728,7.052207753018317,new_lower_rho_same_seed_schedule,False,18,-1.195081507578692,0.26026666666666665,7808,0.7397333333333334,1.4262622420842446,21034,1,15602,1.7050423929678964,False,-8.24728926059701,False,ok,,0.02084195800125599
16,7,Normal,30000,5,0.1,28,2026107728,7.052207753018317,new_lower_rho_same_seed_schedule,False,19,-1.6103563771392324,0.20396666666666666,6119,0.7960333333333334,1.3388673182487616,22407,1,17411,1.4252829524838178,False,-8.66256413015755,False,ok,,0.021341374958865345
16,7,Normal,30000,5,0.1,28,2026107728,7.052207753018317,new_lower_rho_same_seed_schedule,False,20,-2.0640774404883935,0.15183333333333332,4555,0.8481666666666667,1.2695725772323319,23630,1,19097,1.1343880620145583,False,-9.11628519350671,False,ok,,0.020024250028654933
16,7,Normal,30000,5,0.1,28,2026107728,7.052207753018317,new_lower_rho_same_seed_schedule,False,21,-2.358682864305774,0.11403333333333333,3421,0.8859666666666667,1.214525727703332,24701,1,20676,0.9040050812909076,False,-9.41089061732409,False,ok,,0.019393625028897077
16,7,Normal,30000,5,0.1,28,2026107728,7.052207753018317,new_lower_rho_same_seed_schedule,False,22,-2.722701175092314,0.08606666666666667,2582,0.9139333333333334,1.1778563015312131,25470,1,21875,0.7306674488525474,False,-9.77490892811063,False,ok,,0.018680666980799288
16,7,Normal,30000,5,0.1,28,2026107728,7.052207753018317,new_lower_rho_same_seed_schedule,False,23,-2.9505093240506888,0.060033333333333334,1801,0.9399666666666666,1.1409447022134327,26294,1,23214,0.5459784481006884,False,-10.002717077069006,False,ok,,0.017758333997335285
16,7,Normal,30000,5,0.1,28,2026107728,7.052207753018317,new_lower_rho_same_seed_schedule,False,24,-3.2834191848504446,0.042633333333333336,1279,0.9573666666666667,1.1125533098460967,26965,1,24349,0.41185818997025425,False,-10.335626937868762,False,ok,,0.016883041011169553
16,7,Normal,30000,5,0.1,28,2026107728,7.052207753018317,new_lower_rho_same_seed_schedule,False,25,-3.343021436476241,0.0331,993,0.9669,1.0954502300445483,27386,1,25090,0.3336709487171082,False,-10.395229189494557,False,ok,,0.0166409169905819
16,7,Normal,30000,5,0.1,28,2026107728,7.052207753018317,new_lower_rho_same_seed_schedule,False,26,-3.882871052630273,0.023433333333333334,703,0.9765666666666667,1.0779346771585643,27831,1,25870,0.2562118486602048,False,-10.93507880564859,False,ok,,0.01583191700046882
16,7,Normal,30000,5,0.1,28,2026107728,7.052207753018317,new_lower_rho_same_seed_schedule,False,27,-3.8030640577233,0.017333333333333333,520,0.9826666666666667,1.0668563300142246,28120,1,26386,0.20522491408096488,False,-10.855271810741616,False,ok,,0.015412417007610202
16,7,Normal,30000,5,0.1,28,2026107728,7.052207753018317,new_lower_rho_same_seed_schedule,False,28,-4.248340363740287,0.014766666666666668,443,0.9852333333333333,1.0558918766718288,28412,1,26948,0.1723619165669728,False,-11.300548116758604,False,ok,,0.01582666701870039
16,7,Normal,30000,5,0.1,28,2026107728,7.052207753018317,new_lower_rho_same_seed_schedule,False,29,-4.324898905559936,0.0096,288,0.9904,1.046134532900931,28677,1,27424,0.13018858384760726,False,-11.377106658578253,False,ok,,0.015972583030816168
16,7,Normal,30000,5,0.1,28,2026107728,7.052207753018317,new_lower_rho_same_seed_schedule,False,30,-4.60302586559552,0.009166666666666667,275,0.9908333333333333,1.0393209769617184,28865,1,27801,0.11806872190205893,False,-11.655233618613838,False,ok,,0.016033457999583334
16,7,Normal,30000,5,0.1,28,2026107728,7.052207753018317,new_lower_rho_same_seed_schedule,False,31,-4.566549673725982,0.0061333333333333335,184,0.9938666666666667,1.0340548738453055,29012,1,28066,0.08952497945731193,False,-11.618757426744299,False,ok,,0.01503358397167176
16,7,Normal,30000,5,0.1,28,2026107728,7.052207753018317,new_lower_rho_same_seed_schedule,False,32,-4.82603923179749,0.0055,165,0.9945,1.0303967027305512,29115,1,28270,0.08216191395729099,False,-11.878246984815807,False,ok,,0.014793457987252623
16,7,Normal,30000,5,0.1,28,2026107728,7.052207753018317,new_lower_rho_same_seed_schedule,False,33,-4.900787780591426,0.004033333333333333,121,0.9959666666666667,1.0256760914903074,29249,1,28522,0.06310557202212994,False,-11.952995533609744,False,ok,,0.014231833047233522
16,7,Normal,30000,5,0.1,28,2026107728,7.052207753018317,new_lower_rho_same_seed_schedule,False,34,-5.168917645246945,0.003,90,0.997,1.0220768601798855,29352,1,28720,0.053519149489985963,False,-12.221125398265261,False,ok,,0.014707541966345161
16,7,Normal,30000,5,0.1,28,2026107728,7.052207753018317,new_lower_rho_same_seed_schedule,False,35,-5.587865511313061,0.0029,87,0.9971,1.01922946252633,29434,1,28882,0.04727853227993934,False,-12.640073264331377,False,ok,,0.01412533299298957
16,7,Normal,30000,5,0.1,28,2026107728,7.052207753018317,new_lower_rho_same_seed_schedule,False,36,-4.918976985048211,0.0018666666666666666,56,0.9981333333333333,1.0170525816184697,29497,1,29002,0.03845493274364384,False,-11.971184738066528,False,ok,,0.014225125021766871
16,7,Normal,30000,5,0.1,28,2026107728,7.052207753018317,new_lower_rho_same_seed_schedule,False,37,-5.701061593606225,0.0016333333333333334,49,0.9983666666666666,1.0136504933099066,29596,1,29198,0.031051592631039043,False,-12.753269346624542,False,ok,,0.0140356250340119
16,7,Normal,30000,5,0.1,28,2026107728,7.052207753018317,new_lower_rho_same_seed_schedule,False,38,-5.531750574887191,0.0013333333333333333,40,0.9986666666666667,1.0125898673507274,29627,1,29259,0.02777618666044647,False,-12.583958327905508,False,ok,,0.01432391704292968
16,7,Normal,30000,5,0.1,28,2026107728,7.052207753018317,new_lower_rho_same_seed_schedule,False,39,-5.463981005836848,0.0007333333333333333,22,0.9992666666666666,1.0104752601973794,29689,1,29379,0.021306478236986375,False,-12.516188758855165,False,ok,,0.01337220799177885
16,7,Normal,30000,5,0.1,28,2026107728,7.052207753018317,new_lower_rho_same_seed_schedule,False,40,-6.1007540875097765,0.0012,36,0.9988,1.0102710894089915,29695,1,29394,0.023257674963681134,False,-13.152961840528093,False,ok,,0.01428699999814853
16,7,Normal,30000,5,0.1,29,2026107729,7.052207753018317,new_lower_rho_same_seed_schedule,False,1,7.080823386372554,1.0,30000,0.0,30000.0,1,30000,0,1.0468677759409186,False,0.02861563335423689,False,ok,,0.014201332989614457
16,7,Normal,30000,5,0.1,29,2026107729,7.052207753018317,new_lower_rho_same_seed_schedule,False,2,6.914234726040512,1.0,30000,0.0,937.5,32,307,0,1.2077035459358139,False,-0.13797302697780545,False,ok,,0.013624541985336691
16,7,Normal,30000,5,0.1,29,2026107729,7.052207753018317,new_lower_rho_same_seed_schedule,False,3,6.782351158228662,0.9983333333333333,29950,0.0016666666666667052,161.29032258064515,186,1,26,1.2556068692660922,False,-0.26985659478965474,False,ok,,0.015488791977986693
16,7,Normal,30000,5,0.1,29,2026107729,7.052207753018317,new_lower_rho_same_seed_schedule,False,4,6.592643872565455,0.9940666666666667,29822,0.005933333333333346,73.34963325183374,409,1,106,1.3973926789546247,False,-0.4595638804528619,False,ok,,0.014336791995447129
16,7,Normal,30000,5,0.1,29,2026107729,7.052207753018317,new_lower_rho_same_seed_schedule,False,5,6.31704734425919,0.9854666666666667,29564,0.014533333333333287,36.58536585365854,820,1,250,1.5753126884811308,False,-0.7351604087591275,False,ok,,0.014475915988441557
16,7,Normal,30000,5,0.1,29,2026107729,7.052207753018317,new_lower_rho_same_seed_schedule,False,6,5.973319291832249,0.9742333333333333,29227,0.025766666666666715,21.865889212827987,1372,1,422,1.7969673641747963,False,-1.078888461186068,False,ok,,0.015453957952558994
16,7,Normal,30000,5,0.1,29,2026107729,7.052207753018317,new_lower_rho_same_seed_schedule,False,7,5.554112383760376,0.9565666666666667,28697,0.043433333333333324,13.934045517882025,2153,1,733,2.0374360819028774,False,-1.4980953692579408,False,ok,,0.015772917016875
16,7,Normal,30000,5,0.1,29,2026107729,7.052207753018317,new_lower_rho_same_seed_schedule,False,8,5.052862065184544,0.9313666666666667,27941,0.06863333333333332,9.487666034155598,3162,1,1106,2.274828364843584,False,-1.999345687833773,False,ok,,0.01689541694940999
16,7,Normal,30000,5,0.1,29,2026107729,7.052207753018317,new_lower_rho_same_seed_schedule,False,9,4.510059137128587,0.8962333333333333,26887,0.10376666666666667,6.718924972004479,4465,1,1762,2.4843563387790915,False,-2.5421486158897304,False,ok,,0.01780012500239536
16,7,Normal,30000,5,0.1,29,2026107729,7.052207753018317,new_lower_rho_same_seed_schedule,False,10,3.9236602259284536,0.8506,25518,0.14939999999999998,5.010856856522465,5987,1,2580,2.6823879233050256,False,-3.1285475270898635,False,ok,,0.018857625022064894
16,7,Normal,30000,5,0.1,29,2026107729,7.052207753018317,new_lower_rho_same_seed_schedule,False,11,3.253313733663498,0.8033666666666667,24101,0.19663333333333333,3.9313327217926877,7631,1,3593,2.8286301241827587,False,-3.7988940193548193,False,ok,,0.01966841600369662
16,7,Normal,30000,5,0.1,29,2026107729,7.052207753018317,new_lower_rho_same_seed_schedule,False,12,2.6295781286674758,0.7334,22002,0.26659999999999995,3.133159268929504,9575,1,4879,2.853868738124962,False,-4.422629624350842,False,ok,,0.020305417012423277
16,7,Normal,30000,5,0.1,29,2026107729,7.052207753018317,new_lower_rho_same_seed_schedule,False,13,1.9700221278557613,0.6658666666666667,19976,0.3341333333333333,2.627660506262591,11417,1,6168,2.8642893345598006,False,-5.0821856251625555,False,ok,,0.020872666966170073
16,7,Normal,30000,5,0.1,29,2026107729,7.052207753018317,new_lower_rho_same_seed_schedule,False,14,1.3059197584410884,0.5894333333333334,17683,0.41056666666666664,2.2376370552696354,13407,1,7766,2.763677713305086,False,-5.746287994577228,False,ok,,0.02192920900415629
16,7,Normal,30000,5,0.1,29,2026107729,7.052207753018317,new_lower_rho_same_seed_schedule,False,15,0.6627627022411424,0.5125666666666666,15377,0.4874333333333334,1.962066710268149,15290,1,9412,2.601483611506389,False,-6.389445050777175,False,ok,,0.022520874976180494
16,7,Normal,30000,5,0.1,29,2026107729,7.052207753018317,new_lower_rho_same_seed_schedule,False,16,0.07913025607133872,0.4297,12891,0.5703,1.7447946958241247,17194,1,11247,2.3577648018332287,False,-6.973077496946979,False,ok,,0.02272183302557096
16,7,Normal,30000,5,0.1,29,2026107729,7.052207753018317,new_lower_rho_same_seed_schedule,False,17,-0.4805917528419014,0.34873333333333334,10462,0.6512666666666667,1.5804446317564007,18982,1,13160,2.082813583659003,False,-7.532799505860218,False,ok,,0.021946166991256177
16,7,Normal,30000,5,0.1,29,2026107729,7.052207753018317,new_lower_rho_same_seed_schedule,False,18,-1.0369827043106743,0.27973333333333333,8392,0.7202666666666666,1.4560279557367501,20604,1,15066,1.7896935333610318,False,-8.089190457328991,False,ok,,0.021602666995022446
16,7,Normal,30000,5,0.1,29,2026107729,7.052207753018317,new_lower_rho_same_seed_schedule,False,19,-1.4279750459724987,0.21773333333333333,6532,0.7822666666666667,1.3625215732582432,22018,1,16857,1.4897657124859485,False,-8.480182798990816,False,ok,,0.021087582979816943
16,7,Normal,30000,5,0.1,29,2026107729,7.052207753018317,new_lower_rho_same_seed_schedule,False,20,-1.9629878835170562,0.1683,5049,0.8317,1.291266732664744,23233,1,18490,1.2458781120230502,False,-9.015195636535374,False,ok,,0.019840541994199157
16,7,Normal,30000,5,0.1,29,2026107729,7.052207753018317,new_lower_rho_same_seed_schedule,False,21,-2.1732037931584607,0.12456666666666667,3737,0.8754333333333333,1.2351778656126482,24288,1,20009,0.9785717671378654,False,-9.225411546176778,False,ok,,0.019363375031389296
16,7,Normal,30000,5,0.1,29,2026107729,7.052207753018317,new_lower_rho_same_seed_schedule,False,22,-2.670597144548283,0.09673333333333334,2902,0.9032666666666667,1.192226682033144,25163,1,21370,0.8037947240015219,False,-9.7228048975666,False,ok,,0.018977333034854382
16,7,Normal,30000,5,0.1,29,2026107729,7.052207753018317,new_lower_rho_same_seed_schedule,False,23,-2.9100947523784404,0.06916666666666667,2075,0.9308333333333333,1.1546899657441976,25981,1,22689,0.6188800960873116,False,-9.962302505396757,False,ok,,0.017829874996095896
16,7,Normal,30000,5,0.1,29,2026107729,7.052207753018317,new_lower_rho_same_seed_schedule,False,24,-3.220744869549848,0.051833333333333335,1555,0.9481666666666667,1.12760759255779,26605,1,23731,0.48495855514469044,False,-10.272952622568166,False,ok,,0.017116416012868285
16,7,Normal,30000,5,0.1,29,2026107729,7.052207753018317,new_lower_rho_same_seed_schedule,False,25,-3.4109932644266534,0.038,1140,0.962,1.1043622308117063,27165,1,24694,0.38442347262617094,False,-10.46320101744497,False,ok,,0.017675125040113926
16,7,Normal,30000,5,0.1,29,2026107729,7.052207753018317,new_lower_rho_same_seed_schedule,False,26,-3.753403862731449,0.029,870,0.971,1.0866415531729934,27608,1,25478,0.3033793584008748,False,-10.805611615749767,False,ok,,0.016256665985565633
16,7,Normal,30000,5,0.1,29,2026107729,7.052207753018317,new_lower_rho_same_seed_schedule,False,27,-3.8187425448762458,0.019966666666666667,599,0.9800333333333333,1.0716582124741016,27994,1,26170,0.2312272932002807,False,-10.870950297894563,False,ok,,0.01631529105361551
16,7,Normal,30000,5,0.1,29,2026107729,7.052207753018317,new_lower_rho_same_seed_schedule,False,28,-4.2127400934334975,0.015066666666666667,452,0.9849333333333333,1.0615711252653928,28260,1,26643,0.18884759642008153,False,-11.264947846451815,False,ok,,0.01606170804006979
16,7,Normal,30000,5,0.1,29,2026107729,7.052207753018317,new_lower_rho_same_seed_schedule,False,29,-4.404640495195062,0.011533333333333333,346,0.9884666666666667,1.0513036164844407,28536,1,27167,0.15544618853192585,False,-11.45684824821338,False,ok,,0.015678208030294627
16,7,Normal,30000,5,0.1,29,2026107729,7.052207753018317,new_lower_rho_same_seed_schedule,False,30,-4.440613581241788,0.009566666666666666,287,0.9904333333333334,1.043333101481533,28754,1,27585,0.12978047406676965,False,-11.492821334260105,False,ok,,0.015804875001776963
16,7,Normal,30000,5,0.1,29,2026107729,7.052207753018317,new_lower_rho_same_seed_schedule,False,31,-4.627024142643198,0.0072,216,0.9928,1.035625517812759,28968,1,27989,0.10143525548426816,False,-11.679231895661516,False,ok,,0.015331458998844028
16,7,Normal,30000,5,0.1,29,2026107729,7.052207753018317,new_lower_rho_same_seed_schedule,False,32,-4.67551174323125,0.004666666666666667,140,0.9953333333333333,1.0316723408645414,29079,1,28186,0.0790389405540621,False,-11.727719496249566,False,ok,,0.014967499999329448
16,7,Normal,30000,5,0.1,29,2026107729,7.052207753018317,new_lower_rho_same_seed_schedule,False,33,-4.933467304791601,0.0042,126,0.9958,1.027221366204417,29205,1,28434,0.06743046266899022,False,-11.985675057809917,False,ok,,0.014445707958657295
16,7,Normal,30000,5,0.1,29,2026107729,7.052207753018317,new_lower_rho_same_seed_schedule,False,34,-5.056487204111574,0.004433333333333333,133,0.9955666666666667,1.0245551722960282,29281,1,28591,0.0665840212703711,False,-12.108694957129892,False,ok,,0.014781958016101271
16,7,Normal,30000,5,0.1,29,2026107729,7.052207753018317,new_lower_rho_same_seed_schedule,False,35,-5.473970159712422,0.002766666666666667,83,0.9972333333333333,1.020026520689538,29411,1,28836,0.04776779172264795,False,-12.52617791273074,False,ok,,0.014007207995746285
16,7,Normal,30000,5,0.1,29,2026107729,7.052207753018317,new_lower_rho_same_seed_schedule,False,36,-6.080701618112666,0.0016,48,0.9984,1.0157784248662558,29534,1,29075,0.0353669468706161,False,-13.132909371130983,False,ok,,0.014044666953850538
16,7,Normal,30000,5,0.1,29,2026107729,7.052207753018317,new_lower_rho_same_seed_schedule,False,37,-5.632960064852888,0.002533333333333333,76,0.9974666666666666,1.016432322547857,29515,1,29041,0.039169269503357765,False,-12.685167817871205,False,ok,,0.01412174996221438
16,7,Normal,30000,5,0.1,29,2026107729,7.052207753018317,new_lower_rho_same_seed_schedule,False,38,-5.5613547573442785,0.0012666666666666666,38,0.9987333333333334,1.0139588332713692,29587,1,29180,0.031244734201459193,False,-12.613562510362595,False,ok,,0.014472083013970405
16,7,Normal,30000,5,0.1,29,2026107729,7.052207753018317,new_lower_rho_same_seed_schedule,False,39,-5.940426992365583,0.0016,48,0.9984,1.0116337885685383,29655,1,29318,0.02764379446869686,False,-12.9926347453839,False,ok,,0.013447708042804152
16,7,Normal,30000,5,0.1,29,2026107729,7.052207753018317,new_lower_rho_same_seed_schedule,False,40,-5.886080714981487,0.0011333333333333334,34,0.9988666666666667,1.0102370689655173,29696,1,29396,0.021847347290415098,False,-12.938288467999804,False,ok,,0.014360999979544431
16,7,Normal,30000,5,0.1,30,2026107730,7.052207753018317,new_lower_rho_same_seed_schedule,False,1,7.077254000556271,1.0,30000,0.0,30000.0,1,30000,0,1.0461641723498591,False,0.025046247537954258,False,ok,,0.013992665975820273
16,7,Normal,30000,5,0.1,30,2026107730,7.052207753018317,new_lower_rho_same_seed_schedule,False,2,6.912810175655917,1.0,30000,0.0,937.5,32,369,0,1.2082002512191239,False,-0.13939757736240033,False,ok,,0.013929874985478818
16,7,Normal,30000,5,0.1,30,2026107730,7.052207753018317,new_lower_rho_same_seed_schedule,False,3,6.78123722921922,0.9979,29937,0.0020999999999999908,157.89473684210526,190,1,33,1.255022477708938,False,-0.2709705237990976,False,ok,,0.01597733300877735
16,7,Normal,30000,5,0.1,30,2026107730,7.052207753018317,new_lower_rho_same_seed_schedule,False,4,6.575052420398329,0.9940333333333333,29821,0.005966666666666676,70.75471698113208,424,1,99,1.416068956152049,False,-0.4771553326199882,False,ok,,0.014570917002856731
16,7,Normal,30000,5,0.1,30,2026107730,7.052207753018317,new_lower_rho_same_seed_schedule,False,5,6.296267674487268,0.9861,29583,0.013900000000000023,36.144578313253014,830,1,240,1.5954141043137866,False,-0.755940078531049,False,ok,,0.01523770799394697
16,7,Normal,30000,5,0.1,30,2026107730,7.052207753018317,new_lower_rho_same_seed_schedule,False,6,5.921981375602295,0.9733,29199,0.026699999999999946,20.905923344947734,1435,1,439,1.825956063817575,False,-1.1302263774160224,False,ok,,0.015721958014182746
16,7,Normal,30000,5,0.1,30,2026107730,7.052207753018317,new_lower_rho_same_seed_schedule,False,7,5.502559981429087,0.9542666666666667,28628,0.04573333333333329,13.274336283185841,2260,1,784,2.056510382552626,False,-1.54964777158923,False,ok,,0.016543083009310067
16,7,Normal,30000,5,0.1,30,2026107730,7.052207753018317,new_lower_rho_same_seed_schedule,False,8,4.982070940078015,0.9244333333333333,27733,0.07556666666666667,8.820935019112026,3401,1,1291,2.30729479912784,False,-2.0701368129403024,False,ok,,0.018135374994017184
16,7,Normal,30000,5,0.1,30,2026107730,7.052207753018317,new_lower_rho_same_seed_schedule,False,9,4.417285137137114,0.8925333333333333,26776,0.10746666666666671,6.43915003219575,4659,1,1879,2.5325982474466673,False,-2.6349226158812034,False,ok,,0.01811941701453179
16,7,Normal,30000,5,0.1,30,2026107730,7.052207753018317,new_lower_rho_same_seed_schedule,False,10,3.7962304405452936,0.8476333333333333,25429,0.15236666666666665,4.8185030517186,6226,1,2741,2.7240986379574945,False,-3.2559773124730236,False,ok,,0.020990208024159074
16,7,Normal,30000,5,0.1,30,2026107730,7.052207753018317,new_lower_rho_same_seed_schedule,False,11,3.146416448286757,0.7910666666666667,23732,0.2089333333333333,3.7603409375783405,7978,1,3794,2.8557026337632956,False,-3.90579130473156,False,ok,,0.020360333961434662
16,7,Normal,30000,5,0.1,30,2026107730,7.052207753018317,new_lower_rho_same_seed_schedule,False,12,2.5236843644174063,0.7213,21639,0.27869999999999995,3.041979314540661,9862,1,5019,2.852001113403266,False,-4.528523388600911,False,ok,,0.021496125031262636
16,7,Normal,30000,5,0.1,30,2026107730,7.052207753018317,new_lower_rho_same_seed_schedule,False,13,1.836888414692035,0.6504333333333333,19513,0.3495666666666667,2.534211860111505,11838,1,6484,2.855163368834645,False,-5.215319338326282,False,ok,,0.021915542019996792
16,7,Normal,30000,5,0.1,30,2026107730,7.052207753018317,new_lower_rho_same_seed_schedule,False,14,1.1794153368136002,0.5674666666666667,17024,0.4325333333333333,2.163565556036348,13866,1,8129,2.7013165880032717,False,-5.872792416204717,False,ok,,0.02254641702165827
16,7,Normal,30000,5,0.1,30,2026107730,7.052207753018317,new_lower_rho_same_seed_schedule,False,15,0.5271727160360343,0.49443333333333334,14833,0.5055666666666667,1.9010202141816108,15781,1,9920,2.5738550958054742,False,-6.525035036982283,False,ok,,0.02264270803425461
16,7,Normal,30000,5,0.1,30,2026107730,7.052207753018317,new_lower_rho_same_seed_schedule,False,16,-0.0908826420512802,0.4083,12249,0.5917,1.6936713148534974,17713,1,11808,2.2986829301086518,False,-7.143090395069597,False,ok,,0.022833624971099198
16,7,Normal,30000,5,0.1,30,2026107730,7.052207753018317,new_lower_rho_same_seed_schedule,False,17,-0.6499401854593397,0.3269,9807,0.6731,1.5418615408336331,19457,1,13651,1.9819848362864925,False,-7.7021479384776566,False,ok,,0.024399624962825328
16,7,Normal,30000,5,0.1,30,2026107730,7.052207753018317,new_lower_rho_same_seed_schedule,False,18,-1.1805074823233037,0.26226666666666665,7868,0.7377333333333334,1.4290477778307056,20993,1,15524,1.7185725854969458,False,-8.23271523534162,False,ok,,0.021900625026319176
16,7,Normal,30000,5,0.1,30,2026107730,7.052207753018317,new_lower_rho_same_seed_schedule,False,19,-1.6229602999554054,0.20233333333333334,6070,0.7976666666666666,1.3413216489314137,22366,1,17290,1.421251524317338,False,-8.675168052973723,False,ok,,0.02097720798337832
16,7,Normal,30000,5,0.1,30,2026107730,7.052207753018317,new_lower_rho_same_seed_schedule,False,20,-2.0474845063730367,0.15593333333333334,4678,0.8440666666666666,1.272102785905101,23583,1,19019,1.1664711414271636,False,-9.099692259391354,False,ok,,0.019814166997093707
16,7,Normal,30000,5,0.1,30,2026107730,7.052207753018317,new_lower_rho_same_seed_schedule,False,21,-2.4352884127803414,0.11666666666666667,3500,0.8833333333333333,1.2139359851090519,24713,1,20738,0.929993606926798,False,-9.487496165798659,False,ok,,0.01947462500538677
16,7,Normal,30000,5,0.1,30,2026107730,7.052207753018317,new_lower_rho_same_seed_schedule,False,22,-2.631697337418753,0.08166666666666667,2450,0.9183333333333333,1.1743981209630066,25545,1,21948,0.7065805515077053,False,-9.68390509043707,False,ok,,0.01899445801973343
16,7,Normal,30000,5,0.1,30,2026107730,7.052207753018317,new_lower_rho_same_seed_schedule,False,23,-3.0723627735930905,0.05943333333333333,1783,0.9405666666666667,1.1405976731807468,26302,1,23205,0.5490089747032549,False,-10.124570526611407,False,ok,,0.017751292034517974
16,7,Normal,30000,5,0.1,30,2026107730,7.052207753018317,new_lower_rho_same_seed_schedule,False,24,-3.160670553415809,0.045233333333333334,1357,0.9547666666666667,1.114951499609767,26907,1,24264,0.42933871194098555,False,-10.212878306434126,False,ok,,0.01706420799018815
16,7,Normal,30000,5,0.1,30,2026107730,7.052207753018317,new_lower_rho_same_seed_schedule,False,25,-3.7112470725807376,0.032233333333333336,967,0.9677666666666667,1.0960505644660408,27371,1,25037,0.33742541244138585,False,-10.763454825599055,False,ok,,0.016857124981470406
16,7,Normal,30000,5,0.1,30,2026107730,7.052207753018317,new_lower_rho_same_seed_schedule,False,26,-3.750327659670151,0.024233333333333332,727,0.9757666666666667,1.0802635843145727,27771,1,25756,0.26799575806935655,False,-10.802535412688467,False,ok,,0.016130333009641618
16,7,Normal,30000,5,0.1,30,2026107730,7.052207753018317,new_lower_rho_same_seed_schedule,False,27,-3.9532874232717603,0.016133333333333333,484,0.9838666666666667,1.064471489905262,28183,1,26504,0.2001428305162144,False,-11.005495176290077,False,ok,,0.015508125012274832
16,7,Normal,30000,5,0.1,30,2026107730,7.052207753018317,new_lower_rho_same_seed_schedule,False,28,-4.02714425874083,0.013733333333333334,412,0.9862666666666666,1.0549265067866938,28438,1,26987,0.16530599078128194,False,-11.079352011759148,False,ok,,0.015251875040121377
16,7,Normal,30000,5,0.1,30,2026107730,7.052207753018317,new_lower_rho_same_seed_schedule,False,29,-4.426041101621324,0.010033333333333333,301,0.9899666666666667,1.0443864229765014,28725,1,27533,0.13388066815497368,False,-11.478248854639642,False,ok,,0.014724459033459425
16,7,Normal,30000,5,0.1,30,2026107730,7.052207753018317,new_lower_rho_same_seed_schedule,False,30,-4.3514189939332235,0.0084,252,0.9916,1.0392489694114386,28867,1,27797,0.1113169341037238,False,-11.403626746951542,False,ok,,0.015184541989583522
16,7,Normal,30000,5,0.1,30,2026107730,7.052207753018317,new_lower_rho_same_seed_schedule,False,31,-4.796554915657497,0.005333333333333333,160,0.9946666666666667,1.0354467952921687,28973,1,27980,0.09044976892158108,False,-11.848762668675814,False,ok,,0.014324959018267691
16,7,Normal,30000,5,0.1,30,2026107730,7.052207753018317,new_lower_rho_same_seed_schedule,False,32,-4.708752196780038,0.005066666666666666,152,0.9949333333333333,1.0284538909838876,29170,1,28370,0.0732109486660268,False,-11.760959949798355,False,ok,,0.014390458003617823
16,7,Normal,30000,5,0.1,30,2026107730,7.052207753018317,new_lower_rho_same_seed_schedule,False,33,-5.372656370500862,0.003766666666666667,113,0.9962333333333333,1.0251853876909407,29263,1,28548,0.06251253647108611,False,-12.424864123519178,False,ok,,0.01417079201200977
16,7,Normal,30000,5,0.1,30,2026107730,7.052207753018317,new_lower_rho_same_seed_schedule,False,34,-5.403188318073964,0.0029333333333333334,88,0.9970666666666667,1.0205470131990748,29396,1,28805,0.04862800880676011,False,-12.45539607109228,False,ok,,0.014827709004748613
16,7,Normal,30000,5,0.1,30,2026107730,7.052207753018317,new_lower_rho_same_seed_schedule,False,35,-5.943928228851232,0.0027333333333333333,82,0.9972666666666666,1.0187449062754685,29448,1,28910,0.04514857471651762,False,-12.99613598186955,False,ok,,0.014136833022348583
16,7,Normal,30000,5,0.1,30,2026107730,7.052207753018317,new_lower_rho_same_seed_schedule,False,36,-5.543627895656063,0.0020666666666666667,62,0.9979333333333333,1.0166045408336157,29510,1,29029,0.03789348141276925,False,-12.595835648674381,False,ok,,0.014296124980319291
16,7,Normal,30000,5,0.1,30,2026107730,7.052207753018317,new_lower_rho_same_seed_schedule,False,37,-6.295549488783318,0.0017666666666666666,53,0.9982333333333333,1.013787510137875,29592,1,29193,0.03263203152920272,False,-13.347757241801634,False,ok,,0.013550582982134074
16,7,Normal,30000,5,0.1,30,2026107730,7.052207753018317,new_lower_rho_same_seed_schedule,False,38,-5.342266174971682,0.0018,54,0.9982,1.0125898673507274,29627,1,29263,0.03013563314077905,False,-12.39447392799,False,ok,,0.013837750011589378
16,7,Normal,30000,5,0.1,30,2026107730,7.052207753018317,new_lower_rho_same_seed_schedule,False,39,-5.858217860987673,0.0010333333333333334,31,0.9989666666666667,1.0104412260020208,29690,1,29384,0.02317817387503009,False,-12.910425614005991,False,ok,,0.013431374973151833
16,7,Normal,30000,5,0.1,30,2026107730,7.052207753018317,new_lower_rho_same_seed_schedule,False,40,-5.504606615044684,0.0015,45,0.9985,1.009862995253644,29707,1,29419,0.022076025083967936,False,-12.556814368063002,False,ok,,0.013608374982140958
