study_config_id,config_id,family,n,d,rho,replicate,seed,truth,origin,assumption_matched,ell,estimate,coverage,n_valid,skipped_point_fraction,mean_cell_size,occupied_cells,min_cell_size,singleton_cells,integrated_mass,degenerate,error,zero_valid,status,failure,elapsed_s
30,5,Normal,3000,5,0.3,1,2026105701,6.775571458328033,new_lower_rho_same_seed_schedule,False,1,7.051360174382399,1.0,3000,0.0,3000.0,1,3000,0,1.1413900303388875,False,0.2757887160543664,False,ok,,0.0011978749535046518
30,5,Normal,3000,5,0.3,1,2026105701,6.775571458328033,new_lower_rho_same_seed_schedule,False,2,6.242290374356931,1.0,3000,0.0,93.75,32,17,0,1.669556523912947,False,-0.5332810839711017,False,ok,,0.0010961249936372042
30,5,Normal,3000,5,0.3,1,2026105701,6.775571458328033,new_lower_rho_same_seed_schedule,False,3,5.648282875202523,0.981,2943,0.019000000000000017,22.900763358778626,131,1,26,1.9254993755791223,False,-1.1272885831255097,False,ok,,0.0012199999764561653
30,5,Normal,3000,5,0.3,1,2026105701,6.775571458328033,new_lower_rho_same_seed_schedule,False,4,4.893384385529679,0.936,2808,0.06399999999999995,10.273972602739725,292,1,95,2.2860943453774203,False,-1.882187072798354,False,ok,,0.0014117499813437462
30,5,Normal,3000,5,0.3,1,2026105701,6.775571458328033,new_lower_rho_same_seed_schedule,False,5,3.90172483904431,0.8883333333333333,2665,0.11166666666666669,5.9523809523809526,504,1,205,2.657247135603446,False,-2.873846619283723,False,ok,,0.0015606249799020588
30,5,Normal,3000,5,0.3,1,2026105701,6.775571458328033,new_lower_rho_same_seed_schedule,False,6,2.740731518584518,0.788,2364,0.21199999999999997,3.7220843672456576,806,1,380,2.8759147260461457,False,-4.034839939743515,False,ok,,0.0016436250298283994
30,5,Normal,3000,5,0.3,1,2026105701,6.775571458328033,new_lower_rho_same_seed_schedule,False,7,1.7637996493444585,0.6623333333333333,1987,0.33766666666666667,2.5996533795493932,1154,1,642,2.8265101249231828,False,-5.011771808983574,False,ok,,0.001744584005791694
30,5,Normal,3000,5,0.3,1,2026105701,6.775571458328033,new_lower_rho_same_seed_schedule,False,8,0.6895125844188039,0.528,1584,0.472,2.018842530282638,1486,1,922,2.6072444452600716,False,-6.086058873909229,False,ok,,0.0017433750326745212
30,5,Normal,3000,5,0.3,1,2026105701,6.775571458328033,new_lower_rho_same_seed_schedule,False,9,-0.6226536818423682,0.397,1191,0.603,1.680672268907563,1785,1,1180,2.261353624842599,False,-7.398225140170401,False,ok,,0.0017452500178478658
30,5,Normal,3000,5,0.3,1,2026105701,6.775571458328033,new_lower_rho_same_seed_schedule,False,10,-1.3064555432850593,0.27,810,0.73,1.4238253440911248,2107,1,1585,1.6984390006057823,False,-8.082027001613092,False,ok,,0.0016289170016534626
30,5,Normal,3000,5,0.3,1,2026105701,6.775571458328033,new_lower_rho_same_seed_schedule,False,11,-1.9429494021710219,0.17833333333333334,535,0.8216666666666667,1.2998266897746966,2308,1,1834,1.252435017135422,False,-8.718520860499055,False,ok,,0.0016154589829966426
30,5,Normal,3000,5,0.3,1,2026105701,6.775571458328033,new_lower_rho_same_seed_schedule,False,12,-2.595134845316107,0.10233333333333333,307,0.8976666666666666,1.1985617259288854,2503,1,2125,0.8111431710950288,False,-9.37070630364414,False,ok,,0.0017186670447699726
30,5,Normal,3000,5,0.3,1,2026105701,6.775571458328033,new_lower_rho_same_seed_schedule,False,13,-3.0199816849938714,0.060333333333333336,181,0.9396666666666667,1.1355034065102196,2642,1,2351,0.506382691218018,False,-9.795553143321904,False,ok,,0.0018442909931764007
30,5,Normal,3000,5,0.3,1,2026105701,6.775571458328033,new_lower_rho_same_seed_schedule,False,14,-3.6827198240338404,0.033666666666666664,101,0.9663333333333334,1.099706744868035,2728,1,2487,0.33131625574271933,False,-10.458291282361873,False,ok,,0.001287791004870087
30,5,Normal,3000,5,0.3,1,2026105701,6.775571458328033,new_lower_rho_same_seed_schedule,False,15,-3.69090783820206,0.020666666666666667,62,0.9793333333333334,1.0683760683760684,2808,1,2636,0.2362663716366507,False,-10.466479296530093,False,ok,,0.0011665410129353404
30,5,Normal,3000,5,0.3,1,2026105701,6.775571458328033,new_lower_rho_same_seed_schedule,False,16,-4.041589729986307,0.013666666666666667,41,0.9863333333333333,1.048584411045089,2861,1,2732,0.15684140577594718,False,-10.81716118831434,False,ok,,0.0011114160297438502
30,5,Normal,3000,5,0.3,1,2026105701,6.775571458328033,new_lower_rho_same_seed_schedule,False,17,-3.5336402833515166,0.007333333333333333,22,0.9926666666666667,1.0387811634349031,2888,1,2781,0.1010611984183549,False,-10.30921174167955,False,ok,,0.0010614170460030437
30,5,Normal,3000,5,0.3,1,2026105701,6.775571458328033,new_lower_rho_same_seed_schedule,False,18,-5.200680048338192,0.004666666666666667,14,0.9953333333333333,1.0312822275696116,2909,1,2820,0.07506911059769622,False,-11.976251506666225,False,ok,,0.0010411249822936952
30,5,Normal,3000,5,0.3,1,2026105701,6.775571458328033,new_lower_rho_same_seed_schedule,False,19,-4.604176861493808,0.006,18,0.994,1.0231923601637107,2932,1,2869,0.07937818523474764,False,-11.37974831982184,False,ok,,0.001014165987726301
30,5,Normal,3000,5,0.3,1,2026105701,6.775571458328033,new_lower_rho_same_seed_schedule,False,20,-4.994714191179845,0.0023333333333333335,7,0.9976666666666667,1.017984390906006,2947,1,2895,0.04326418190170418,False,-11.770285649507878,False,ok,,0.0010009580291807652
30,5,Normal,3000,5,0.3,1,2026105701,6.775571458328033,new_lower_rho_same_seed_schedule,False,21,-4.5977612635887715,0.0013333333333333333,4,0.9986666666666667,1.015916017609211,2953,1,2907,0.03820203465320252,False,-11.373332721916803,False,ok,,0.0009600000339560211
30,5,Normal,3000,5,0.3,1,2026105701,6.775571458328033,new_lower_rho_same_seed_schedule,False,22,0.0,0.0,0,1.0,1.0104412260020208,2969,1,2938,0.020666666666666656,False,-6.775571458328033,True,ok,,0.0009646250400692225
30,5,Normal,3000,5,0.3,1,2026105701,6.775571458328033,new_lower_rho_same_seed_schedule,False,23,-3.84280155070379,0.0016666666666666668,5,0.9983333333333333,1.0107816711590296,2968,1,2937,0.025048686902286597,False,-10.618373009031822,False,ok,,0.0009331670007668436
30,5,Normal,3000,5,0.3,1,2026105701,6.775571458328033,new_lower_rho_same_seed_schedule,False,24,-6.712987068385791,0.0006666666666666666,2,0.9993333333333333,1.0056989607777405,2983,1,2966,0.01133333333333333,False,-13.488558526713824,False,ok,,0.0009162910282611847
30,5,Normal,3000,5,0.3,1,2026105701,6.775571458328033,new_lower_rho_same_seed_schedule,False,25,-6.483765726488468,0.0006666666666666666,2,0.9993333333333333,1.0046885465505693,2986,1,2972,0.009333333333333332,False,-13.2593371848165,False,ok,,0.0009353749919682741
30,5,Normal,3000,5,0.3,1,2026105701,6.775571458328033,new_lower_rho_same_seed_schedule,False,26,0.0,0.0,0,1.0,1.0040160642570282,2988,1,2976,0.007999999999999997,False,-6.775571458328033,True,ok,,0.0009096249705180526
30,5,Normal,3000,5,0.3,1,2026105701,6.775571458328033,new_lower_rho_same_seed_schedule,False,27,-6.483765726488468,0.0006666666666666666,2,0.9993333333333333,1.0050251256281406,2985,1,2970,0.009999999999999997,False,-13.2593371848165,False,ok,,0.0008967079920694232
30,5,Normal,3000,5,0.3,1,2026105701,6.775571458328033,new_lower_rho_same_seed_schedule,False,28,0.0,0.0,0,1.0,1.0013351134846462,2996,1,2992,0.002666666666666666,False,-6.775571458328033,True,ok,,0.0008946249727159739
30,5,Normal,3000,5,0.3,1,2026105701,6.775571458328033,new_lower_rho_same_seed_schedule,False,29,-5.210171084253796,0.0003333333333333333,1,0.9996666666666667,1.0026737967914439,2992,1,2984,0.005333333333333334,False,-11.985742542581828,False,ok,,0.0009008329943753779
30,5,Normal,3000,5,0.3,1,2026105701,6.775571458328033,new_lower_rho_same_seed_schedule,False,30,0.0,0.0,0,1.0,1.0033444816053512,2990,1,2980,0.006666666666666666,False,-6.775571458328033,True,ok,,0.0010118340142071247
30,5,Normal,3000,5,0.3,1,2026105701,6.775571458328033,new_lower_rho_same_seed_schedule,False,31,0.0,0.0,0,1.0,1.002004008016032,2994,1,2988,0.003999999999999998,False,-6.775571458328033,True,ok,,0.0010449999826960266
30,5,Normal,3000,5,0.3,1,2026105701,6.775571458328033,new_lower_rho_same_seed_schedule,False,32,0.0,0.0,0,1.0,1.002004008016032,2994,1,2988,0.003999999999999999,False,-6.775571458328033,True,ok,,0.001009542029350996
30,5,Normal,3000,5,0.3,1,2026105701,6.775571458328033,new_lower_rho_same_seed_schedule,False,33,0.0,0.0,0,1.0,1.0023387905111927,2993,1,2986,0.004666666666666666,False,-6.775571458328033,True,ok,,0.0009607499814592302
30,5,Normal,3000,5,0.3,1,2026105701,6.775571458328033,new_lower_rho_same_seed_schedule,False,34,0.0,0.0,0,1.0,1.0013351134846462,2996,1,2992,0.002666666666666667,False,-6.775571458328033,True,ok,,0.0009722909890115261
30,5,Normal,3000,5,0.3,1,2026105701,6.775571458328033,new_lower_rho_same_seed_schedule,False,35,-8.404460947693916,0.0003333333333333333,1,0.9996666666666667,1.0013351134846462,2996,1,2992,0.002666666666666667,False,-15.18003240602195,False,ok,,0.0008984169689938426
30,5,Normal,3000,5,0.3,1,2026105701,6.775571458328033,new_lower_rho_same_seed_schedule,False,36,0.0,0.0,0,1.0,1.001001001001001,2997,1,2994,0.0019999999999999996,False,-6.775571458328033,True,ok,,0.0008878340013325214
30,5,Normal,3000,5,0.3,1,2026105701,6.775571458328033,new_lower_rho_same_seed_schedule,False,37,0.0,0.0,0,1.0,1.001001001001001,2997,1,2994,0.0019999999999999996,False,-6.775571458328033,True,ok,,0.0008971660281531513
30,5,Normal,3000,5,0.3,1,2026105701,6.775571458328033,new_lower_rho_same_seed_schedule,False,38,0.0,0.0,0,1.0,1.0006671114076051,2998,1,2996,0.0013333333333333324,False,-6.775571458328033,True,ok,,0.0008818330243229866
30,5,Normal,3000,5,0.3,1,2026105701,6.775571458328033,new_lower_rho_same_seed_schedule,False,39,0.0,0.0,0,1.0,1.0006671114076051,2998,1,2996,0.0013333333333333335,False,-6.775571458328033,True,ok,,0.0008806669502519071
30,5,Normal,3000,5,0.3,1,2026105701,6.775571458328033,new_lower_rho_same_seed_schedule,False,40,0.0,0.0,0,1.0,1.0003334444814937,2999,1,2998,0.0006666666666666669,False,-6.775571458328033,True,ok,,0.0008702500490471721
30,5,Normal,3000,5,0.3,2,2026105702,6.775571458328033,new_lower_rho_same_seed_schedule,False,1,7.024840680025064,1.0,3000,0.0,3000.0,1,3000,0,1.1446312698308911,False,0.24926922169703136,False,ok,,0.0011900830431841314
30,5,Normal,3000,5,0.3,2,2026105702,6.775571458328033,new_lower_rho_same_seed_schedule,False,2,6.220079301643144,1.0,3000,0.0,93.75,32,15,0,1.6811041315025408,False,-0.5554921566848883,False,ok,,0.0015899169957265258
30,5,Normal,3000,5,0.3,2,2026105702,6.775571458328033,new_lower_rho_same_seed_schedule,False,3,5.682055842566654,0.9833333333333333,2950,0.01666666666666672,24.793388429752067,121,1,23,1.8578603307062302,False,-1.0935156157613788,False,ok,,0.0014780000201426446
30,5,Normal,3000,5,0.3,2,2026105702,6.775571458328033,new_lower_rho_same_seed_schedule,False,4,4.93448051655865,0.946,2838,0.05400000000000005,11.152416356877323,269,1,86,2.2040777268207763,False,-1.8410909417693828,False,ok,,0.001376875035930425
30,5,Normal,3000,5,0.3,2,2026105702,6.775571458328033,new_lower_rho_same_seed_schedule,False,5,4.177826252484303,0.8843333333333333,2653,0.1156666666666667,6.410256410256411,468,1,189,2.493682064060405,False,-2.5977452058437294,False,ok,,0.0014370830031111836
30,5,Normal,3000,5,0.3,2,2026105702,6.775571458328033,new_lower_rho_same_seed_schedule,False,6,3.0968454480549097,0.825,2475,0.17500000000000004,4.237288135593221,708,1,319,2.861190095764187,False,-3.678726010273123,False,ok,,0.0015279169892892241
30,5,Normal,3000,5,0.3,2,2026105702,6.775571458328033,new_lower_rho_same_seed_schedule,False,7,2.0433656310480774,0.703,2109,0.29700000000000004,2.8846153846153846,1040,1,550,2.844676323791736,False,-4.732205827279955,False,ok,,0.0017230410012416542
30,5,Normal,3000,5,0.3,2,2026105702,6.775571458328033,new_lower_rho_same_seed_schedule,False,8,0.8338356962821623,0.591,1773,0.40900000000000003,2.204261572373255,1361,1,801,2.772867438977745,False,-5.94173576204587,False,ok,,0.0017638750141486526
30,5,Normal,3000,5,0.3,2,2026105702,6.775571458328033,new_lower_rho_same_seed_schedule,False,9,-0.08249954920626486,0.453,1359,0.5469999999999999,1.7857142857142858,1680,1,1095,2.407760531828959,False,-6.858071007534297,False,ok,,0.001735541969537735
30,5,Normal,3000,5,0.3,2,2026105702,6.775571458328033,new_lower_rho_same_seed_schedule,False,10,-1.1513299822702832,0.31266666666666665,938,0.6873333333333334,1.5345268542199488,1955,1,1362,1.9772436571318683,False,-7.926901440598316,False,ok,,0.0017092499765567482
30,5,Normal,3000,5,0.3,2,2026105702,6.775571458328033,new_lower_rho_same_seed_schedule,False,11,-1.6539176572521264,0.18633333333333332,559,0.8136666666666666,1.3513513513513513,2220,1,1684,1.3053705933412234,False,-8.429489115580159,False,ok,,0.0016168750007636845
30,5,Normal,3000,5,0.3,2,2026105702,6.775571458328033,new_lower_rho_same_seed_schedule,False,12,-2.670985536909861,0.14066666666666666,422,0.8593333333333333,1.2406947890818858,2418,1,1997,1.0996137390868195,False,-9.446556995237893,False,ok,,0.001480374950915575
30,5,Normal,3000,5,0.3,2,2026105702,6.775571458328033,new_lower_rho_same_seed_schedule,False,13,-3.155166518965162,0.07433333333333333,223,0.9256666666666666,1.1641443538998837,2577,1,2235,0.6560804088393968,False,-9.930737977293195,False,ok,,0.0013850840041413903
30,5,Normal,3000,5,0.3,2,2026105702,6.775571458328033,new_lower_rho_same_seed_schedule,False,14,-3.1694567143385637,0.04633333333333333,139,0.9536666666666667,1.1177347242921014,2684,1,2417,0.44727892224751453,False,-9.945028172666596,False,ok,,0.0013118750066496432
30,5,Normal,3000,5,0.3,2,2026105702,6.775571458328033,new_lower_rho_same_seed_schedule,False,15,-4.10111133544657,0.03266666666666666,98,0.9673333333333334,1.094890510948905,2740,1,2509,0.3448420787999188,False,-10.876682793774602,False,ok,,0.0013983750250190496
30,5,Normal,3000,5,0.3,2,2026105702,6.775571458328033,new_lower_rho_same_seed_schedule,False,16,-4.125200244793679,0.014666666666666666,44,0.9853333333333333,1.0596962204168139,2831,1,2677,0.17065095364648394,False,-10.900771703121713,False,ok,,0.001316457986831665
30,5,Normal,3000,5,0.3,2,2026105702,6.775571458328033,new_lower_rho_same_seed_schedule,False,17,-4.496384335947979,0.013666666666666667,41,0.9863333333333333,1.053740779768177,2847,1,2706,0.16681752604339808,False,-11.27195579427601,False,ok,,0.001137708022724837
30,5,Normal,3000,5,0.3,2,2026105702,6.775571458328033,new_lower_rho_same_seed_schedule,False,18,-4.736636073702094,0.005666666666666667,17,0.9943333333333333,1.0302197802197801,2912,1,2829,0.09118584921019607,False,-11.512207532030127,False,ok,,0.001056874985806644
30,5,Normal,3000,5,0.3,2,2026105702,6.775571458328033,new_lower_rho_same_seed_schedule,False,19,-6.546944741657268,0.0033333333333333335,10,0.9966666666666667,1.0312822275696116,2909,1,2820,0.07661142839812846,False,-13.322516199985301,False,ok,,0.001054417050909251
30,5,Normal,3000,5,0.3,2,2026105702,6.775571458328033,new_lower_rho_same_seed_schedule,False,20,-4.571139862387435,0.0003333333333333333,1,0.9996666666666667,1.017293997965412,2949,1,2898,0.03399999999999999,False,-11.346711320715468,False,ok,,0.0010060420027002692
30,5,Normal,3000,5,0.3,2,2026105702,6.775571458328033,new_lower_rho_same_seed_schedule,False,21,-6.60156895968962,0.0016666666666666668,5,0.9983333333333333,1.0228435049437437,2933,1,2867,0.051880022770172285,False,-13.377140418017653,False,ok,,0.0010082090157084167
30,5,Normal,3000,5,0.3,2,2026105702,6.775571458328033,new_lower_rho_same_seed_schedule,False,22,-5.363363320446229,0.0006666666666666666,2,0.9993333333333333,1.0121457489878543,2964,1,2928,0.023999999999999987,False,-12.138934778774262,False,ok,,0.0010663330322131515
30,5,Normal,3000,5,0.3,2,2026105702,6.775571458328033,new_lower_rho_same_seed_schedule,False,23,-9.098351176460211,0.001,3,0.999,1.009421265141319,2972,1,2945,0.02385646536046527,False,-15.873922634788244,False,ok,,0.0011924579739570618
30,5,Normal,3000,5,0.3,2,2026105702,6.775571458328033,new_lower_rho_same_seed_schedule,False,24,-7.560094954110185,0.002,6,0.998,1.0080645161290323,2976,1,2954,0.03033598352345465,False,-14.335666412438218,False,ok,,0.0010859169997274876
30,5,Normal,3000,5,0.3,2,2026105702,6.775571458328033,new_lower_rho_same_seed_schedule,False,25,-7.191998020462473,0.002,6,0.998,1.0070493454179255,2979,1,2960,0.028387868058436457,False,-13.967569478790505,False,ok,,0.0010172500042244792
30,5,Normal,3000,5,0.3,2,2026105702,6.775571458328033,new_lower_rho_same_seed_schedule,False,26,-5.7752664064394725,0.0003333333333333333,1,0.9996666666666667,1.0063737001006374,2981,1,2962,0.012666666666666663,False,-12.550837864767505,False,ok,,0.0010806670179590583
30,5,Normal,3000,5,0.3,2,2026105702,6.775571458328033,new_lower_rho_same_seed_schedule,False,27,0.0,0.0,0,1.0,1.0050251256281406,2985,1,2970,0.009999999999999998,False,-6.775571458328033,True,ok,,0.0010072499862872064
30,5,Normal,3000,5,0.3,2,2026105702,6.775571458328033,new_lower_rho_same_seed_schedule,False,28,-1.8720142386054353,0.0003333333333333333,1,0.9996666666666667,1.0036801605888257,2989,1,2978,0.007333333333333334,False,-8.647585696933469,False,ok,,0.001048290985636413
30,5,Normal,3000,5,0.3,2,2026105702,6.775571458328033,new_lower_rho_same_seed_schedule,False,29,0.0,0.0,0,1.0,1.0033444816053512,2990,1,2980,0.006666666666666665,False,-6.775571458328033,True,ok,,0.001021082978695631
30,5,Normal,3000,5,0.3,2,2026105702,6.775571458328033,new_lower_rho_same_seed_schedule,False,30,-5.7752664064394725,0.0003333333333333333,1,0.9996666666666667,1.0040160642570282,2988,1,2976,0.008,False,-12.550837864767505,False,ok,,0.0010017500026151538
30,5,Normal,3000,5,0.3,2,2026105702,6.775571458328033,new_lower_rho_same_seed_schedule,False,31,0.0,0.0,0,1.0,1.001001001001001,2997,1,2994,0.002,False,-6.775571458328033,True,ok,,0.0011335830204188824
30,5,Normal,3000,5,0.3,2,2026105702,6.775571458328033,new_lower_rho_same_seed_schedule,False,32,0.0,0.0,0,1.0,1.0036801605888257,2989,1,2978,0.007333333333333333,False,-6.775571458328033,True,ok,,0.0012730829766951501
30,5,Normal,3000,5,0.3,2,2026105702,6.775571458328033,new_lower_rho_same_seed_schedule,False,33,0.0,0.0,0,1.0,1.0023387905111927,2993,1,2986,0.004666666666666665,False,-6.775571458328033,True,ok,,0.0012618330074474216
30,5,Normal,3000,5,0.3,2,2026105702,6.775571458328033,new_lower_rho_same_seed_schedule,False,34,0.0,0.0,0,1.0,1.001669449081803,2995,1,2990,0.0033333333333333327,False,-6.775571458328033,True,ok,,0.0012150409747846425
30,5,Normal,3000,5,0.3,2,2026105702,6.775571458328033,new_lower_rho_same_seed_schedule,False,35,0.0,0.0,0,1.0,1.0026737967914439,2992,1,2984,0.005333333333333333,False,-6.775571458328033,True,ok,,0.0012373750214464962
30,5,Normal,3000,5,0.3,2,2026105702,6.775571458328033,new_lower_rho_same_seed_schedule,False,36,0.0,0.0,0,1.0,1.0006671114076051,2998,1,2996,0.001333333333333333,False,-6.775571458328033,True,ok,,0.0011376249603927135
30,5,Normal,3000,5,0.3,2,2026105702,6.775571458328033,new_lower_rho_same_seed_schedule,False,37,0.0,0.0,0,1.0,1.001669449081803,2995,1,2990,0.003333333333333334,False,-6.775571458328033,True,ok,,0.0011196670238859951
30,5,Normal,3000,5,0.3,2,2026105702,6.775571458328033,new_lower_rho_same_seed_schedule,False,38,0.0,0.0,0,1.0,1.001001001001001,2997,1,2994,0.0019999999999999996,False,-6.775571458328033,True,ok,,0.0011365000391378999
30,5,Normal,3000,5,0.3,2,2026105702,6.775571458328033,new_lower_rho_same_seed_schedule,False,39,0.0,0.0,0,1.0,1.001669449081803,2995,1,2990,0.0033333333333333335,False,-6.775571458328033,True,ok,,0.0011069999891333282
30,5,Normal,3000,5,0.3,2,2026105702,6.775571458328033,new_lower_rho_same_seed_schedule,False,40,0.0,0.0,0,1.0,1.001001001001001,2997,1,2994,0.0019999999999999996,False,-6.775571458328033,True,ok,,0.0011102909920737147
30,5,Normal,3000,5,0.3,3,2026105703,6.775571458328033,new_lower_rho_same_seed_schedule,False,1,7.053369350652695,1.0,3000,0.0,3000.0,1,3000,0,1.1437979328413037,False,0.2777978923246627,False,ok,,0.0014773750444874167
30,5,Normal,3000,5,0.3,3,2026105703,6.775571458328033,new_lower_rho_same_seed_schedule,False,2,6.292445143835672,1.0,3000,0.0,93.75,32,6,0,1.630503243312159,False,-0.48312631449236054,False,ok,,0.001216583012137562
30,5,Normal,3000,5,0.3,3,2026105703,6.775571458328033,new_lower_rho_same_seed_schedule,False,3,5.775044251955088,0.9793333333333333,2938,0.020666666666666722,23.4375,128,1,34,1.8528133245994678,False,-1.0005272063729445,False,ok,,0.0013397919829003513
30,5,Normal,3000,5,0.3,3,2026105703,6.775571458328033,new_lower_rho_same_seed_schedule,False,4,5.0492920591604475,0.9453333333333334,2836,0.05466666666666664,11.278195488721805,266,1,85,2.205332124025346,False,-1.726279399167585,False,ok,,0.0014577080146409571
30,5,Normal,3000,5,0.3,3,2026105703,6.775571458328033,new_lower_rho_same_seed_schedule,False,5,4.194065998679446,0.8893333333333333,2668,0.11066666666666669,6.289308176100629,477,1,200,2.5807531938391826,False,-2.5815054596485867,False,ok,,0.0015318339574150741
30,5,Normal,3000,5,0.3,3,2026105703,6.775571458328033,new_lower_rho_same_seed_schedule,False,6,3.204930211508633,0.8026666666666666,2408,0.19733333333333336,4.076086956521739,736,1,333,2.775306355692669,False,-3.5706412468193998,False,ok,,0.001581416989210993
30,5,Normal,3000,5,0.3,3,2026105703,6.775571458328033,new_lower_rho_same_seed_schedule,False,7,2.026923520893427,0.713,2139,0.28700000000000003,2.8790786948176583,1042,1,557,2.9662020773204,False,-4.748647937434606,False,ok,,0.0016540000215172768
30,5,Normal,3000,5,0.3,3,2026105703,6.775571458328033,new_lower_rho_same_seed_schedule,False,8,0.8996109720327488,0.5833333333333334,1750,0.41666666666666663,2.1660649819494586,1385,1,837,2.7545331420200343,False,-5.875960486295284,False,ok,,0.0016745829489082098
30,5,Normal,3000,5,0.3,3,2026105703,6.775571458328033,new_lower_rho_same_seed_schedule,False,9,-0.17629839594843172,0.445,1335,0.5549999999999999,1.7825311942959001,1683,1,1082,2.39731294990928,False,-6.951869854276464,False,ok,,0.0017060000100173056
30,5,Normal,3000,5,0.3,3,2026105703,6.775571458328033,new_lower_rho_same_seed_schedule,False,10,-0.9168266162212589,0.32066666666666666,962,0.6793333333333333,1.5282730514518594,1963,1,1394,1.922483936124963,False,-7.692398074549292,False,ok,,0.0018450409988872707
30,5,Normal,3000,5,0.3,3,2026105703,6.775571458328033,new_lower_rho_same_seed_schedule,False,11,-1.7922962795339274,0.19633333333333333,589,0.8036666666666666,1.3398838767306833,2239,1,1726,1.369944619187423,False,-8.56786773786196,False,ok,,0.0022629169980064034
30,5,Normal,3000,5,0.3,3,2026105703,6.775571458328033,new_lower_rho_same_seed_schedule,False,12,-2.6278615367515163,0.142,426,0.858,1.2335526315789473,2432,1,2026,1.105820423586152,False,-9.403432995079548,False,ok,,0.0015352919581346214
30,5,Normal,3000,5,0.3,3,2026105703,6.775571458328033,new_lower_rho_same_seed_schedule,False,13,-3.0581235943410063,0.088,264,0.912,1.171875,2560,1,2214,0.7188318324097809,False,-9.83369505266904,False,ok,,0.001394250022713095
30,5,Normal,3000,5,0.3,3,2026105703,6.775571458328033,new_lower_rho_same_seed_schedule,False,14,-3.302250849150132,0.036,108,0.964,1.1115227862171175,2699,1,2433,0.38841301274054724,False,-10.077822307478165,False,ok,,0.0013636250514537096
30,5,Normal,3000,5,0.3,3,2026105703,6.775571458328033,new_lower_rho_same_seed_schedule,False,15,-3.8605170184995674,0.034333333333333334,103,0.9656666666666667,1.0964912280701755,2736,1,2505,0.35052845303176494,False,-10.6360884768276,False,ok,,0.001274166046641767
30,5,Normal,3000,5,0.3,3,2026105703,6.775571458328033,new_lower_rho_same_seed_schedule,False,16,-3.9272345343866215,0.017,51,0.983,1.0619469026548674,2825,1,2665,0.1966658244633535,False,-10.702805992714655,False,ok,,0.0011799170169979334
30,5,Normal,3000,5,0.3,3,2026105703,6.775571458328033,new_lower_rho_same_seed_schedule,False,17,-4.79826991871464,0.010333333333333333,31,0.9896666666666667,1.0493179433368311,2859,1,2727,0.15089385801721786,False,-11.573841377042672,False,ok,,0.0011395830078981817
30,5,Normal,3000,5,0.3,3,2026105703,6.775571458328033,new_lower_rho_same_seed_schedule,False,18,-4.378066524204744,0.005333333333333333,16,0.9946666666666667,1.0366275051831375,2894,1,2791,0.08652823021955491,False,-11.153637982532777,False,ok,,0.0010974580072797835
30,5,Normal,3000,5,0.3,3,2026105703,6.775571458328033,new_lower_rho_same_seed_schedule,False,19,-6.744275904190842,0.004333333333333333,13,0.9956666666666667,1.0228435049437437,2933,1,2869,0.06441462182736353,False,-13.519847362518874,False,ok,,0.0010450829868204892
30,5,Normal,3000,5,0.3,3,2026105703,6.775571458328033,new_lower_rho_same_seed_schedule,False,20,-5.37250753998956,0.002,6,0.998,1.0231923601637107,2932,1,2865,0.05319631366304462,False,-12.148078998317594,False,ok,,0.0011172920349054039
30,5,Normal,3000,5,0.3,3,2026105703,6.775571458328033,new_lower_rho_same_seed_schedule,False,21,-5.265365529808196,0.0016666666666666668,5,0.9983333333333333,1.0145417653026716,2957,1,2915,0.033854035059530205,False,-12.040936988136227,False,ok,,0.0010535410256125033
30,5,Normal,3000,5,0.3,3,2026105703,6.775571458328033,new_lower_rho_same_seed_schedule,False,22,-3.228248126694652,0.0016666666666666668,5,0.9983333333333333,1.0141987829614605,2958,1,2917,0.03203775706426119,False,-10.003819585022685,False,ok,,0.0010177079821005464
30,5,Normal,3000,5,0.3,3,2026105703,6.775571458328033,new_lower_rho_same_seed_schedule,False,23,0.0,0.0,0,1.0,1.0097610232245036,2971,1,2942,0.019333333333333324,False,-6.775571458328033,True,ok,,0.0010066250106319785
30,5,Normal,3000,5,0.3,3,2026105703,6.775571458328033,new_lower_rho_same_seed_schedule,False,24,-5.807877084967591,0.0023333333333333335,7,0.9976666666666667,1.0097610232245036,2971,1,2943,0.0261674878630739,False,-12.583448543295624,False,ok,,0.0010278749978169799
30,5,Normal,3000,5,0.3,3,2026105703,6.775571458328033,new_lower_rho_same_seed_schedule,False,25,-7.429038316885517,0.0003333333333333333,1,0.9996666666666667,1.0036801605888257,2989,1,2978,0.007333333333333332,False,-14.20460977521355,False,ok,,0.0009593329741619527
30,5,Normal,3000,5,0.3,3,2026105703,6.775571458328033,new_lower_rho_same_seed_schedule,False,26,-10.022761134735084,0.0006666666666666666,2,0.9993333333333333,1.0077258985555928,2977,1,2954,0.015333333333333326,False,-16.798332593063115,False,ok,,0.0011037500225938857
30,5,Normal,3000,5,0.3,3,2026105703,6.775571458328033,new_lower_rho_same_seed_schedule,False,27,0.0,0.0,0,1.0,1.0040160642570282,2988,1,2976,0.007999999999999998,False,-6.775571458328033,True,ok,,0.0012623330112546682
30,5,Normal,3000,5,0.3,3,2026105703,6.775571458328033,new_lower_rho_same_seed_schedule,False,28,0.0,0.0,0,1.0,1.0033444816053512,2990,1,2980,0.006666666666666665,False,-6.775571458328033,True,ok,,0.0010218750103376806
30,5,Normal,3000,5,0.3,3,2026105703,6.775571458328033,new_lower_rho_same_seed_schedule,False,29,-7.1779078849453475,0.0003333333333333333,1,0.9996666666666667,1.0023387905111927,2993,1,2986,0.004666666666666666,False,-13.95347934327338,False,ok,,0.0010495830210857093
30,5,Normal,3000,5,0.3,3,2026105703,6.775571458328033,new_lower_rho_same_seed_schedule,False,30,-6.480971513476881,0.001,3,0.999,1.0040160642570282,2988,1,2976,0.008,False,-13.256542971804913,False,ok,,0.0010016249725595117
30,5,Normal,3000,5,0.3,3,2026105703,6.775571458328033,new_lower_rho_same_seed_schedule,False,31,0.0,0.0,0,1.0,1.0023387905111927,2993,1,2986,0.004666666666666666,False,-6.775571458328033,True,ok,,0.0009672089945524931
30,5,Normal,3000,5,0.3,3,2026105703,6.775571458328033,new_lower_rho_same_seed_schedule,False,32,0.0,0.0,0,1.0,1.0003334444814937,2999,1,2998,0.0006666666666666664,False,-6.775571458328033,True,ok,,0.0010283750016242266
30,5,Normal,3000,5,0.3,3,2026105703,6.775571458328033,new_lower_rho_same_seed_schedule,False,33,0.0,0.0,0,1.0,1.001669449081803,2995,1,2990,0.003333333333333333,False,-6.775571458328033,True,ok,,0.0011173750390298665
30,5,Normal,3000,5,0.3,3,2026105703,6.775571458328033,new_lower_rho_same_seed_schedule,False,34,0.0,0.0,0,1.0,1.0006671114076051,2998,1,2996,0.001333333333333333,False,-6.775571458328033,True,ok,,0.0011571249924600124
30,5,Normal,3000,5,0.3,3,2026105703,6.775571458328033,new_lower_rho_same_seed_schedule,False,35,0.0,0.0,0,1.0,1.0006671114076051,2998,1,2996,0.0013333333333333324,False,-6.775571458328033,True,ok,,0.0012207920080982149
30,5,Normal,3000,5,0.3,3,2026105703,6.775571458328033,new_lower_rho_same_seed_schedule,False,36,0.0,0.0,0,1.0,1.0006671114076051,2998,1,2996,0.001333333333333333,False,-6.775571458328033,True,ok,,0.0009989169775508344
30,5,Normal,3000,5,0.3,3,2026105703,6.775571458328033,new_lower_rho_same_seed_schedule,False,37,0.0,0.0,0,1.0,1.0003334444814937,2999,1,2998,0.0006666666666666666,False,-6.775571458328033,True,ok,,0.0010669580078683794
30,5,Normal,3000,5,0.3,3,2026105703,6.775571458328033,new_lower_rho_same_seed_schedule,False,38,0.0,0.0,0,1.0,1.0006671114076051,2998,1,2996,0.0013333333333333324,False,-6.775571458328033,True,ok,,0.000989917025435716
30,5,Normal,3000,5,0.3,3,2026105703,6.775571458328033,new_lower_rho_same_seed_schedule,False,39,0.0,0.0,0,1.0,1.0,3000,1,3000,0.0,False,-6.775571458328033,True,ok,,0.0014836250338703394
30,5,Normal,3000,5,0.3,3,2026105703,6.775571458328033,new_lower_rho_same_seed_schedule,False,40,0.0,0.0,0,1.0,1.001001001001001,2997,1,2994,0.001999999999999999,False,-6.775571458328033,True,ok,,0.001049666025210172
30,5,Normal,3000,5,0.3,4,2026105704,6.775571458328033,new_lower_rho_same_seed_schedule,False,1,7.070370860290141,1.0,3000,0.0,3000.0,1,3000,0,1.139538484078996,False,0.2947994019621083,False,ok,,0.0011853330070152879
30,5,Normal,3000,5,0.3,4,2026105704,6.775571458328033,new_lower_rho_same_seed_schedule,False,2,6.231152660982279,1.0,3000,0.0,93.75,32,19,0,1.690849486211851,False,-0.5444187973457533,False,ok,,0.0011119580012746155
30,5,Normal,3000,5,0.3,4,2026105704,6.775571458328033,new_lower_rho_same_seed_schedule,False,3,5.646912024728834,0.981,2943,0.019000000000000017,21.73913043478261,138,1,33,1.927388903321003,False,-1.128659433599199,False,ok,,0.0012339590466581285
30,5,Normal,3000,5,0.3,4,2026105704,6.775571458328033,new_lower_rho_same_seed_schedule,False,4,4.911435730029005,0.9283333333333333,2785,0.07166666666666666,9.67741935483871,310,1,117,2.241383354278841,False,-1.8641357282990274,False,ok,,0.001314583991188556
30,5,Normal,3000,5,0.3,4,2026105704,6.775571458328033,new_lower_rho_same_seed_schedule,False,5,3.986155363617587,0.8713333333333333,2614,0.1286666666666667,5.7034220532319395,526,1,219,2.6522687613677616,False,-2.789416094710446,False,ok,,0.0014216669951565564
30,5,Normal,3000,5,0.3,4,2026105704,6.775571458328033,new_lower_rho_same_seed_schedule,False,6,2.846232906061074,0.7796666666666666,2339,0.22033333333333338,3.75,800,1,352,2.838435725422658,False,-3.929338552266959,False,ok,,0.0015924589824862778
30,5,Normal,3000,5,0.3,4,2026105704,6.775571458328033,new_lower_rho_same_seed_schedule,False,7,1.7019280336126312,0.6723333333333333,2017,0.32766666666666666,2.65017667844523,1132,1,617,2.8811516403372486,False,-5.073643424715401,False,ok,,0.0016454999567940831
30,5,Normal,3000,5,0.3,4,2026105704,6.775571458328033,new_lower_rho_same_seed_schedule,False,8,0.6833093878480532,0.5443333333333333,1633,0.45566666666666666,2.0604395604395602,1456,1,874,2.671369573898355,False,-6.092262070479979,False,ok,,0.0016783340252004564
30,5,Normal,3000,5,0.3,4,2026105704,6.775571458328033,new_lower_rho_same_seed_schedule,False,9,-0.4452291218031909,0.38966666666666666,1169,0.6103333333333334,1.654715940430226,1813,1,1229,2.18038881985224,False,-7.220800580131224,False,ok,,0.0018827079911716282
30,5,Normal,3000,5,0.3,4,2026105704,6.775571458328033,new_lower_rho_same_seed_schedule,False,10,-1.368898223594523,0.2793333333333333,838,0.7206666666666667,1.4443909484833894,2077,1,1536,1.7719057250547388,False,-8.144469681922555,False,ok,,0.002160417032428086
30,5,Normal,3000,5,0.3,4,2026105704,6.775571458328033,new_lower_rho_same_seed_schedule,False,11,-2.2424035750251834,0.16633333333333333,499,0.8336666666666667,1.2864493996569468,2332,1,1868,1.262206149460098,False,-9.017975033353217,False,ok,,0.001573749992530793
30,5,Normal,3000,5,0.3,4,2026105704,6.775571458328033,new_lower_rho_same_seed_schedule,False,12,-2.8671116132730154,0.095,285,0.905,1.1971268954509178,2506,1,2112,0.8168976262371661,False,-9.642683071601049,False,ok,,0.0014772500144317746
30,5,Normal,3000,5,0.3,4,2026105704,6.775571458328033,new_lower_rho_same_seed_schedule,False,13,-3.2914563644251276,0.06666666666666667,200,0.9333333333333333,1.1507479861910241,2607,1,2285,0.5960293187478557,False,-10.067027822753161,False,ok,,0.001345665950793773
30,5,Normal,3000,5,0.3,4,2026105704,6.775571458328033,new_lower_rho_same_seed_schedule,False,14,-3.5178459740606627,0.02666666666666667,80,0.9733333333333334,1.0976948408342482,2733,1,2492,0.30541634587248667,False,-10.293417432388695,False,ok,,0.0012424170272424817
30,5,Normal,3000,5,0.3,4,2026105704,6.775571458328033,new_lower_rho_same_seed_schedule,False,15,-4.5374049851720315,0.021333333333333333,64,0.9786666666666667,1.0725777618877368,2797,1,2612,0.2508272828652473,False,-11.312976443500064,False,ok,,0.001145999995060265
30,5,Normal,3000,5,0.3,4,2026105704,6.775571458328033,new_lower_rho_same_seed_schedule,False,16,-3.929637580889124,0.015666666666666666,47,0.9843333333333333,1.0526315789473684,2850,1,2712,0.1719927983120313,False,-10.705209039217156,False,ok,,0.0011112499632872641
30,5,Normal,3000,5,0.3,4,2026105704,6.775571458328033,new_lower_rho_same_seed_schedule,False,17,-5.243455423907031,0.007,21,0.993,1.0355540214014498,2897,1,2798,0.08931118932785485,False,-12.019026882235064,False,ok,,0.0010458750184625387
30,5,Normal,3000,5,0.3,4,2026105704,6.775571458328033,new_lower_rho_same_seed_schedule,False,18,-3.6356495070938046,0.005,15,0.995,1.0334137099552188,2903,1,2810,0.08046516164640999,False,-10.411220965421837,False,ok,,0.0010226659942418337
30,5,Normal,3000,5,0.3,4,2026105704,6.775571458328033,new_lower_rho_same_seed_schedule,False,19,-6.272844226818577,0.0023333333333333335,7,0.9976666666666667,1.0221465076660987,2935,1,2871,0.04816818464178098,False,-13.04841568514661,False,ok,,0.0010034170118160546
30,5,Normal,3000,5,0.3,4,2026105704,6.775571458328033,new_lower_rho_same_seed_schedule,False,20,-5.195056991818343,0.004,12,0.996,1.0197144799456153,2942,1,2887,0.05970718315887564,False,-11.970628450146375,False,ok,,0.0009705410338938236
30,5,Normal,3000,5,0.3,4,2026105704,6.775571458328033,new_lower_rho_same_seed_schedule,False,21,-5.713621700185317,0.0006666666666666666,2,0.9993333333333333,1.0104412260020208,2969,1,2938,0.02066666666666666,False,-12.489193158513348,False,ok,,0.0009498749859631062
30,5,Normal,3000,5,0.3,4,2026105704,6.775571458328033,new_lower_rho_same_seed_schedule,False,22,-11.848098048622223,0.0003333333333333333,1,0.9996666666666667,1.0067114093959733,2980,1,2960,0.013333333333333329,False,-18.623669506950257,False,ok,,0.0009418339468538761
30,5,Normal,3000,5,0.3,4,2026105704,6.775571458328033,new_lower_rho_same_seed_schedule,False,23,-6.473264414761182,0.0003333333333333333,1,0.9996666666666667,1.0087424344317417,2974,1,2948,0.017333333333333326,False,-13.248835873089215,False,ok,,0.0009273330215364695
30,5,Normal,3000,5,0.3,4,2026105704,6.775571458328033,new_lower_rho_same_seed_schedule,False,24,-6.161212179115333,0.0006666666666666666,2,0.9993333333333333,1.0060362173038229,2982,1,2964,0.011999999999999997,False,-12.936783637443366,False,ok,,0.0009444160386919975
30,5,Normal,3000,5,0.3,4,2026105704,6.775571458328033,new_lower_rho_same_seed_schedule,False,25,0.0,0.0,0,1.0,1.0036801605888257,2989,1,2978,0.007333333333333332,False,-6.775571458328033,True,ok,,0.0011685829958878458
30,5,Normal,3000,5,0.3,4,2026105704,6.775571458328033,new_lower_rho_same_seed_schedule,False,26,0.0,0.0,0,1.0,1.0046885465505693,2986,1,2972,0.009333333333333329,False,-6.775571458328033,True,ok,,0.0013596249627880752
30,5,Normal,3000,5,0.3,4,2026105704,6.775571458328033,new_lower_rho_same_seed_schedule,False,27,-6.8951266750901965,0.0006666666666666666,2,0.9993333333333333,1.0030090270812437,2991,1,2982,0.005999999999999999,False,-13.67069813341823,False,ok,,0.0010416670120321214
30,5,Normal,3000,5,0.3,4,2026105704,6.775571458328033,new_lower_rho_same_seed_schedule,False,28,0.0,0.0,0,1.0,1.0036801605888257,2989,1,2978,0.007333333333333333,False,-6.775571458328033,True,ok,,0.0009940419695340097
30,5,Normal,3000,5,0.3,4,2026105704,6.775571458328033,new_lower_rho_same_seed_schedule,False,29,0.0,0.0,0,1.0,1.0026737967914439,2992,1,2984,0.005333333333333333,False,-6.775571458328033,True,ok,,0.0009594589937478304
30,5,Normal,3000,5,0.3,4,2026105704,6.775571458328033,new_lower_rho_same_seed_schedule,False,30,0.0,0.0,0,1.0,1.002004008016032,2994,1,2988,0.004,False,-6.775571458328033,True,ok,,0.0009684999822638929
30,5,Normal,3000,5,0.3,4,2026105704,6.775571458328033,new_lower_rho_same_seed_schedule,False,31,0.0,0.0,0,1.0,1.0026737967914439,2992,1,2984,0.005333333333333332,False,-6.775571458328033,True,ok,,0.0009336670045740902
30,5,Normal,3000,5,0.3,4,2026105704,6.775571458328033,new_lower_rho_same_seed_schedule,False,32,0.0,0.0,0,1.0,1.0026737967914439,2992,1,2984,0.005333333333333333,False,-6.775571458328033,True,ok,,0.0009380419505760074
30,5,Normal,3000,5,0.3,4,2026105704,6.775571458328033,new_lower_rho_same_seed_schedule,False,33,0.0,0.0,0,1.0,1.001001001001001,2997,1,2994,0.002,False,-6.775571458328033,True,ok,,0.0009515840210951865
30,5,Normal,3000,5,0.3,4,2026105704,6.775571458328033,new_lower_rho_same_seed_schedule,False,34,0.0,0.0,0,1.0,1.0013351134846462,2996,1,2992,0.0026666666666666666,False,-6.775571458328033,True,ok,,0.000928417022805661
30,5,Normal,3000,5,0.3,4,2026105704,6.775571458328033,new_lower_rho_same_seed_schedule,False,35,0.0,0.0,0,1.0,1.0013351134846462,2996,1,2992,0.002666666666666667,False,-6.775571458328033,True,ok,,0.0009548329981043935
30,5,Normal,3000,5,0.3,4,2026105704,6.775571458328033,new_lower_rho_same_seed_schedule,False,36,0.0,0.0,0,1.0,1.0006671114076051,2998,1,2996,0.0013333333333333335,False,-6.775571458328033,True,ok,,0.0009230420109815896
30,5,Normal,3000,5,0.3,4,2026105704,6.775571458328033,new_lower_rho_same_seed_schedule,False,37,0.0,0.0,0,1.0,1.0,3000,1,3000,0.0,False,-6.775571458328033,True,ok,,0.0009503329638391733
30,5,Normal,3000,5,0.3,4,2026105704,6.775571458328033,new_lower_rho_same_seed_schedule,False,38,-6.473264414761182,0.0003333333333333333,1,0.9996666666666667,1.0006671114076051,2998,1,2996,0.0013333333333333335,False,-13.248835873089215,False,ok,,0.0009223750093951821
30,5,Normal,3000,5,0.3,4,2026105704,6.775571458328033,new_lower_rho_same_seed_schedule,False,39,0.0,0.0,0,1.0,1.0003334444814937,2999,1,2998,0.0006666666666666665,False,-6.775571458328033,True,ok,,0.0009202089859172702
30,5,Normal,3000,5,0.3,4,2026105704,6.775571458328033,new_lower_rho_same_seed_schedule,False,40,0.0,0.0,0,1.0,1.0003334444814937,2999,1,2998,0.0006666666666666664,False,-6.775571458328033,True,ok,,0.0009252079762518406
30,5,Normal,3000,5,0.3,5,2026105705,6.775571458328033,new_lower_rho_same_seed_schedule,False,1,7.074584633097401,1.0,3000,0.0,3000.0,1,3000,0,1.1438787917517343,False,0.2990131747693683,False,ok,,0.0014661670429632068
30,5,Normal,3000,5,0.3,5,2026105705,6.775571458328033,new_lower_rho_same_seed_schedule,False,2,6.23041017278513,1.0,3000,0.0,93.75,32,41,0,1.671609918588503,False,-0.5451612855429024,False,ok,,0.0012514580157585442
30,5,Normal,3000,5,0.3,5,2026105705,6.775571458328033,new_lower_rho_same_seed_schedule,False,3,5.720000563794985,0.9813333333333333,2944,0.01866666666666672,24.390243902439025,123,1,24,1.8904377925860756,False,-1.055570894533048,False,ok,,0.0012547919759526849
30,5,Normal,3000,5,0.3,5,2026105705,6.775571458328033,new_lower_rho_same_seed_schedule,False,4,4.9255988306174885,0.931,2793,0.06899999999999995,9.933774834437086,302,1,107,2.25586380562854,False,-1.8499726277105442,False,ok,,0.001329124963376671
30,5,Normal,3000,5,0.3,5,2026105705,6.775571458328033,new_lower_rho_same_seed_schedule,False,5,3.9475521652088923,0.882,2646,0.118,5.964214711729622,503,1,195,2.6502085274103173,False,-2.8280192931191404,False,ok,,0.001584624988026917
30,5,Normal,3000,5,0.3,5,2026105705,6.775571458328033,new_lower_rho_same_seed_schedule,False,6,2.8192548352951916,0.801,2403,0.19899999999999995,3.7926675094816686,791,1,372,2.9444444514586396,False,-3.956316623032841,False,ok,,0.0016089589917100966
30,5,Normal,3000,5,0.3,5,2026105705,6.775571458328033,new_lower_rho_same_seed_schedule,False,7,1.8621638496031734,0.6813333333333333,2044,0.31866666666666665,2.7522935779816513,1090,1,569,2.857182874563299,False,-4.913407608724859,False,ok,,0.0017305000219494104
30,5,Normal,3000,5,0.3,5,2026105705,6.775571458328033,new_lower_rho_same_seed_schedule,False,8,0.6463839742519845,0.5646666666666667,1694,0.43533333333333335,2.1037868162692845,1426,1,852,2.71396866931987,False,-6.1291874840760485,False,ok,,0.001703042013105005
30,5,Normal,3000,5,0.3,5,2026105705,6.775571458328033,new_lower_rho_same_seed_schedule,False,9,-0.4196284743370995,0.3983333333333333,1195,0.6016666666666667,1.6891891891891893,1776,1,1169,2.2627999679698116,False,-7.195199932665132,False,ok,,0.001754000026267022
30,5,Normal,3000,5,0.3,5,2026105705,6.775571458328033,new_lower_rho_same_seed_schedule,False,10,-1.1999116446470053,0.2796666666666667,839,0.7203333333333333,1.4443909484833894,2077,1,1547,1.7684123189065901,False,-7.975483102975038,False,ok,,0.002234207990113646
30,5,Normal,3000,5,0.3,5,2026105705,6.775571458328033,new_lower_rho_same_seed_schedule,False,11,-2.118678111631417,0.16,480,0.84,1.3100436681222707,2290,1,1782,1.2348888251916397,False,-8.894249569959449,False,ok,,0.0019266250310465693
30,5,Normal,3000,5,0.3,5,2026105705,6.775571458328033,new_lower_rho_same_seed_schedule,False,12,-2.7797414101226394,0.10333333333333333,310,0.8966666666666667,1.218026796589525,2463,1,2038,0.8544560278741217,False,-9.555312868450672,False,ok,,0.0014809999847784638
30,5,Normal,3000,5,0.3,5,2026105705,6.775571458328033,new_lower_rho_same_seed_schedule,False,13,-3.1787276415583783,0.06,180,0.94,1.147227533460803,2615,1,2292,0.5548359272639232,False,-9.954299099886411,False,ok,,0.0013173749903216958
30,5,Normal,3000,5,0.3,5,2026105705,6.775571458328033,new_lower_rho_same_seed_schedule,False,14,-3.804466917966397,0.029666666666666668,89,0.9703333333333334,1.093693036820999,2743,1,2513,0.33014359978657537,False,-10.580038376294429,False,ok,,0.0012745420099236071
30,5,Normal,3000,5,0.3,5,2026105705,6.775571458328033,new_lower_rho_same_seed_schedule,False,15,-3.6244402125475044,0.019333333333333334,58,0.9806666666666667,1.0672358591248665,2811,1,2638,0.22001190498825315,False,-10.400011670875537,False,ok,,0.0011262920452281833
30,5,Normal,3000,5,0.3,5,2026105705,6.775571458328033,new_lower_rho_same_seed_schedule,False,16,-4.098814980025582,0.014,42,0.986,1.053370786516854,2848,1,2708,0.17525681113220606,False,-10.874386438353614,False,ok,,0.0010805840138345957
30,5,Normal,3000,5,0.3,5,2026105705,6.775571458328033,new_lower_rho_same_seed_schedule,False,17,-3.338492922110682,0.007666666666666666,23,0.9923333333333333,1.0355540214014498,2897,1,2798,0.08889338777780724,False,-10.114064380438714,False,ok,,0.0010334999533370137
30,5,Normal,3000,5,0.3,5,2026105705,6.775571458328033,new_lower_rho_same_seed_schedule,False,18,-4.302237548225951,0.003,9,0.997,1.0334137099552188,2903,1,2807,0.07209188685889374,False,-11.077809006553984,False,ok,,0.0010320830042473972
30,5,Normal,3000,5,0.3,5,2026105705,6.775571458328033,new_lower_rho_same_seed_schedule,False,19,-3.4112041080023183,0.0033333333333333335,10,0.9966666666666667,1.0242403550699897,2929,1,2859,0.05319645281130858,False,-10.18677556633035,False,ok,,0.00100229203235358
30,5,Normal,3000,5,0.3,5,2026105705,6.775571458328033,new_lower_rho_same_seed_schedule,False,20,-3.2408261571518415,0.0003333333333333333,1,0.9996666666666667,1.0166045408336157,2951,1,2902,0.032666666666666656,False,-10.016397615479875,False,ok,,0.0009785000002011657
30,5,Normal,3000,5,0.3,5,2026105705,6.775571458328033,new_lower_rho_same_seed_schedule,False,21,-4.150937415485615,0.003,9,0.997,1.017984390906006,2947,1,2896,0.04681861963952005,False,-10.926508873813647,False,ok,,0.000960957957431674
30,5,Normal,3000,5,0.3,5,2026105705,6.775571458328033,new_lower_rho_same_seed_schedule,False,22,-4.592218332232378,0.0006666666666666666,2,0.9993333333333333,1.0090817356205852,2973,1,2946,0.01799999999999999,False,-11.367789790560412,False,ok,,0.0009262500097975135
30,5,Normal,3000,5,0.3,5,2026105705,6.775571458328033,new_lower_rho_same_seed_schedule,False,23,-4.741904583646017,0.0016666666666666668,5,0.9983333333333333,1.0077258985555928,2977,1,2955,0.021750330760993093,False,-11.51747604197405,False,ok,,0.0009280000231228769
30,5,Normal,3000,5,0.3,5,2026105705,6.775571458328033,new_lower_rho_same_seed_schedule,False,24,-4.986699365713043,0.0013333333333333333,4,0.9986666666666667,1.0104412260020208,2969,1,2939,0.026490471617873688,False,-11.762270824041074,False,ok,,0.0009260000078938901
30,5,Normal,3000,5,0.3,5,2026105705,6.775571458328033,new_lower_rho_same_seed_schedule,False,25,-4.613847762536844,0.0006666666666666666,2,0.9993333333333333,1.0050251256281406,2985,1,2970,0.009999999999999995,False,-11.389419220864877,False,ok,,0.0009130000253207982
30,5,Normal,3000,5,0.3,5,2026105705,6.775571458328033,new_lower_rho_same_seed_schedule,False,26,-5.943610507312916,0.0003333333333333333,1,0.9996666666666667,1.0033444816053512,2990,1,2980,0.006666666666666666,False,-12.71918196564095,False,ok,,0.0010422909981571138
30,5,Normal,3000,5,0.3,5,2026105705,6.775571458328033,new_lower_rho_same_seed_schedule,False,27,0.0,0.0,0,1.0,1.0030090270812437,2991,1,2982,0.006,False,-6.775571458328033,True,ok,,0.0010543750249780715
30,5,Normal,3000,5,0.3,5,2026105705,6.775571458328033,new_lower_rho_same_seed_schedule,False,28,-3.454921412304306,0.0003333333333333333,1,0.9996666666666667,1.004352192835621,2987,1,2974,0.008666666666666666,False,-10.23049287063234,False,ok,,0.0010090420255437493
30,5,Normal,3000,5,0.3,5,2026105705,6.775571458328033,new_lower_rho_same_seed_schedule,False,29,-6.079069451726262,0.0003333333333333333,1,0.9996666666666667,1.0046885465505693,2986,1,2972,0.009333333333333334,False,-12.854640910054295,False,ok,,0.0009751669713295996
30,5,Normal,3000,5,0.3,5,2026105705,6.775571458328033,new_lower_rho_same_seed_schedule,False,30,0.0,0.0,0,1.0,1.0013351134846462,2996,1,2992,0.0026666666666666666,False,-6.775571458328033,True,ok,,0.0009454580140300095
30,5,Normal,3000,5,0.3,5,2026105705,6.775571458328033,new_lower_rho_same_seed_schedule,False,31,0.0,0.0,0,1.0,1.0006671114076051,2998,1,2996,0.0013333333333333335,False,-6.775571458328033,True,ok,,0.0009275419870391488
30,5,Normal,3000,5,0.3,5,2026105705,6.775571458328033,new_lower_rho_same_seed_schedule,False,32,0.0,0.0,0,1.0,1.0026737967914439,2992,1,2984,0.005333333333333333,False,-6.775571458328033,True,ok,,0.0009347499581053853
30,5,Normal,3000,5,0.3,5,2026105705,6.775571458328033,new_lower_rho_same_seed_schedule,False,33,0.0,0.0,0,1.0,1.001669449081803,2995,1,2990,0.003333333333333333,False,-6.775571458328033,True,ok,,0.0009299580124206841
30,5,Normal,3000,5,0.3,5,2026105705,6.775571458328033,new_lower_rho_same_seed_schedule,False,34,0.0,0.0,0,1.0,1.002004008016032,2994,1,2988,0.003999999999999999,False,-6.775571458328033,True,ok,,0.0009177499450743198
30,5,Normal,3000,5,0.3,5,2026105705,6.775571458328033,new_lower_rho_same_seed_schedule,False,35,0.0,0.0,0,1.0,1.0013351134846462,2996,1,2992,0.002666666666666667,False,-6.775571458328033,True,ok,,0.0009146250085905194
30,5,Normal,3000,5,0.3,5,2026105705,6.775571458328033,new_lower_rho_same_seed_schedule,False,36,0.0,0.0,0,1.0,1.0013351134846462,2996,1,2992,0.002666666666666667,False,-6.775571458328033,True,ok,,0.0009204170200973749
30,5,Normal,3000,5,0.3,5,2026105705,6.775571458328033,new_lower_rho_same_seed_schedule,False,37,0.0,0.0,0,1.0,1.0013351134846462,2996,1,2992,0.002666666666666667,False,-6.775571458328033,True,ok,,0.0009162079659290612
30,5,Normal,3000,5,0.3,5,2026105705,6.775571458328033,new_lower_rho_same_seed_schedule,False,38,0.0,0.0,0,1.0,1.0003334444814937,2999,1,2998,0.0006666666666666666,False,-6.775571458328033,True,ok,,0.0008984169689938426
30,5,Normal,3000,5,0.3,5,2026105705,6.775571458328033,new_lower_rho_same_seed_schedule,False,39,0.0,0.0,0,1.0,1.0,3000,1,3000,0.0,False,-6.775571458328033,True,ok,,0.0009065829799510539
30,5,Normal,3000,5,0.3,5,2026105705,6.775571458328033,new_lower_rho_same_seed_schedule,False,40,0.0,0.0,0,1.0,1.0003334444814937,2999,1,2998,0.0006666666666666672,False,-6.775571458328033,True,ok,,0.0010221670381724834
30,5,Normal,3000,5,0.3,6,2026105706,6.775571458328033,new_lower_rho_same_seed_schedule,False,1,7.067857177007605,1.0,3000,0.0,3000.0,1,3000,0,1.1451259181068167,False,0.2922857186795724,False,ok,,0.0013245829613879323
30,5,Normal,3000,5,0.3,6,2026105706,6.775571458328033,new_lower_rho_same_seed_schedule,False,2,6.2294787105387,1.0,3000,0.0,93.75,32,20,0,1.6441960458426275,False,-0.5460927477893325,False,ok,,0.001124874979723245
30,5,Normal,3000,5,0.3,6,2026105706,6.775571458328033,new_lower_rho_same_seed_schedule,False,3,5.706878430055674,0.9843333333333333,2953,0.015666666666666718,25.0,120,1,32,1.8481878098839741,False,-1.0686930282723583,False,ok,,0.001258959004189819
30,5,Normal,3000,5,0.3,6,2026105706,6.775571458328033,new_lower_rho_same_seed_schedule,False,4,4.9626449962699475,0.9403333333333334,2821,0.059666666666666646,10.714285714285714,280,1,89,2.2446592896867923,False,-1.8129264620580852,False,ok,,0.0013722090516239405
30,5,Normal,3000,5,0.3,6,2026105706,6.775571458328033,new_lower_rho_same_seed_schedule,False,5,4.09163620540612,0.8913333333333333,2674,0.10866666666666669,6.3559322033898304,472,1,191,2.571337308021174,False,-2.6839352529219127,False,ok,,0.0014316250453703105
30,5,Normal,3000,5,0.3,6,2026105706,6.775571458328033,new_lower_rho_same_seed_schedule,False,6,3.1397648672392378,0.8016666666666666,2405,0.19833333333333336,4.021447721179625,746,1,355,2.779226736181987,False,-3.635806591088795,False,ok,,0.0015358749660663307
30,5,Normal,3000,5,0.3,6,2026105706,6.775571458328033,new_lower_rho_same_seed_schedule,False,7,1.9531409415007421,0.7006666666666667,2102,0.29933333333333334,2.827521206409048,1061,1,553,2.961745043262713,False,-4.822430516827291,False,ok,,0.0016390829696319997
30,5,Normal,3000,5,0.3,6,2026105706,6.775571458328033,new_lower_rho_same_seed_schedule,False,8,0.8748831707395799,0.5783333333333334,1735,0.42166666666666663,2.184996358339403,1373,1,797,2.784663241522855,False,-5.900688287588453,False,ok,,0.0016582500538788736
30,5,Normal,3000,5,0.3,6,2026105706,6.775571458328033,new_lower_rho_same_seed_schedule,False,9,-0.1988835399063772,0.43466666666666665,1304,0.5653333333333334,1.7657445556209534,1699,1,1089,2.3816660303896464,False,-6.9744549982344095,False,ok,,0.0016638339729979634
30,5,Normal,3000,5,0.3,6,2026105706,6.775571458328033,new_lower_rho_same_seed_schedule,False,10,-1.1510205634773183,0.30333333333333334,910,0.6966666666666667,1.4851485148514851,2020,1,1463,1.9203557951730605,False,-7.926592021805351,False,ok,,0.0017552920035086572
30,5,Normal,3000,5,0.3,6,2026105706,6.775571458328033,new_lower_rho_same_seed_schedule,False,11,-1.8171106971147966,0.20466666666666666,614,0.7953333333333333,1.3440860215053763,2232,1,1727,1.3921204275532477,False,-8.59268215544283,False,ok,,0.0016573750181123614
30,5,Normal,3000,5,0.3,6,2026105706,6.775571458328033,new_lower_rho_same_seed_schedule,False,12,-2.594727467073608,0.10466666666666667,314,0.8953333333333333,1.2165450121654502,2466,1,2050,0.8726186484509907,False,-9.370298925401642,False,ok,,0.0016809579683467746
30,5,Normal,3000,5,0.3,6,2026105706,6.775571458328033,new_lower_rho_same_seed_schedule,False,13,-3.0785358866705335,0.088,264,0.912,1.1677695601401323,2569,1,2232,0.7608844830014173,False,-9.854107344998566,False,ok,,0.0014307079836726189
30,5,Normal,3000,5,0.3,6,2026105706,6.775571458328033,new_lower_rho_same_seed_schedule,False,14,-3.429901699006386,0.03233333333333333,97,0.9676666666666667,1.0968921389396709,2735,1,2503,0.3371949524294847,False,-10.205473157334419,False,ok,,0.0012658750056289136
30,5,Normal,3000,5,0.3,6,2026105706,6.775571458328033,new_lower_rho_same_seed_schedule,False,15,-3.8401438312360177,0.036,108,0.964,1.0932944606413995,2744,1,2524,0.33665507596484207,False,-10.61571528956405,False,ok,,0.0012410419876687229
30,5,Normal,3000,5,0.3,6,2026105706,6.775571458328033,new_lower_rho_same_seed_schedule,False,16,-3.8891568794476767,0.008,24,0.992,1.0570824524312896,2838,1,2682,0.1370969418635545,False,-10.66472833777571,False,ok,,0.001145582995377481
30,5,Normal,3000,5,0.3,6,2026105706,6.775571458328033,new_lower_rho_same_seed_schedule,False,17,-4.555746757884296,0.015666666666666666,47,0.9843333333333333,1.0467550593161201,2866,1,2742,0.15541891662591342,False,-11.331318216212328,False,ok,,0.0010909580159932375
30,5,Normal,3000,5,0.3,6,2026105706,6.775571458328033,new_lower_rho_same_seed_schedule,False,18,-4.385095077611115,0.005333333333333333,16,0.9946666666666667,1.0330578512396693,2904,1,2812,0.08856334605510831,False,-11.160666535939146,False,ok,,0.001052292005624622
30,5,Normal,3000,5,0.3,6,2026105706,6.775571458328033,new_lower_rho_same_seed_schedule,False,19,-4.318192858736211,0.005,15,0.995,1.0259917920656634,2924,1,2851,0.06676876434817518,False,-11.093764317064243,False,ok,,0.0010142079554498196
30,5,Normal,3000,5,0.3,6,2026105706,6.775571458328033,new_lower_rho_same_seed_schedule,False,20,-4.963003651084481,0.004333333333333333,13,0.9956666666666667,1.017984390906006,2947,1,2896,0.04789985464221932,False,-11.738575109412514,False,ok,,0.0009880420402623713
30,5,Normal,3000,5,0.3,6,2026105706,6.775571458328033,new_lower_rho_same_seed_schedule,False,21,-4.345617506888058,0.0013333333333333333,4,0.9986666666666667,1.017293997965412,2949,1,2898,0.033999999999999996,False,-11.12118896521609,False,ok,,0.000980541983153671
30,5,Normal,3000,5,0.3,6,2026105706,6.775571458328033,new_lower_rho_same_seed_schedule,False,22,-4.838021118777133,0.0016666666666666668,5,0.9983333333333333,1.0084033613445378,2975,1,2950,0.01666666666666666,False,-11.613592577105166,False,ok,,0.0009567079832777381
30,5,Normal,3000,5,0.3,6,2026105706,6.775571458328033,new_lower_rho_same_seed_schedule,False,23,-1.8033921918449696,0.0003333333333333333,1,0.9996666666666667,1.009421265141319,2972,1,2944,0.018666666666666658,False,-8.578963650173002,False,ok,,0.0009578749886713922
30,5,Normal,3000,5,0.3,6,2026105706,6.775571458328033,new_lower_rho_same_seed_schedule,False,24,-5.203840461348232,0.0006666666666666666,2,0.9993333333333333,1.0080645161290323,2976,1,2952,0.015999999999999993,False,-11.979411919676265,False,ok,,0.000953833048697561
30,5,Normal,3000,5,0.3,6,2026105706,6.775571458328033,new_lower_rho_same_seed_schedule,False,25,-3.5885074534216965,0.0003333333333333333,1,0.9996666666666667,1.0067114093959733,2980,1,2960,0.013333333333333329,False,-10.36407891174973,False,ok,,0.0009461250156164169
30,5,Normal,3000,5,0.3,6,2026105706,6.775571458328033,new_lower_rho_same_seed_schedule,False,26,-4.519077566797424,0.0013333333333333333,4,0.9986666666666667,1.007387508394896,2978,1,2956,0.014666666666666661,False,-11.294649025125457,False,ok,,0.0009514169651083648
30,5,Normal,3000,5,0.3,6,2026105706,6.775571458328033,new_lower_rho_same_seed_schedule,False,27,-3.5885074534216965,0.0003333333333333333,1,0.9996666666666667,1.0046885465505693,2986,1,2972,0.009333333333333332,False,-10.36407891174973,False,ok,,0.0009304999839514494
30,5,Normal,3000,5,0.3,6,2026105706,6.775571458328033,new_lower_rho_same_seed_schedule,False,28,-7.67653731304137,0.0003333333333333333,1,0.9996666666666667,1.0040160642570282,2988,1,2976,0.007999999999999997,False,-14.452108771369403,False,ok,,0.0010975420009344816
30,5,Normal,3000,5,0.3,6,2026105706,6.775571458328033,new_lower_rho_same_seed_schedule,False,29,0.0,0.0,0,1.0,1.001669449081803,2995,1,2990,0.0033333333333333322,False,-6.775571458328033,True,ok,,0.0010267500183545053
30,5,Normal,3000,5,0.3,6,2026105706,6.775571458328033,new_lower_rho_same_seed_schedule,False,30,-7.67653731304137,0.0003333333333333333,1,0.9996666666666667,1.0026737967914439,2992,1,2984,0.005333333333333332,False,-14.452108771369403,False,ok,,0.0009706249693408608
30,5,Normal,3000,5,0.3,6,2026105706,6.775571458328033,new_lower_rho_same_seed_schedule,False,31,0.0,0.0,0,1.0,1.001669449081803,2995,1,2990,0.003333333333333332,False,-6.775571458328033,True,ok,,0.0009510410018265247
30,5,Normal,3000,5,0.3,6,2026105706,6.775571458328033,new_lower_rho_same_seed_schedule,False,32,0.0,0.0,0,1.0,1.001669449081803,2995,1,2990,0.0033333333333333335,False,-6.775571458328033,True,ok,,0.0009249160066246986
30,5,Normal,3000,5,0.3,6,2026105706,6.775571458328033,new_lower_rho_same_seed_schedule,False,33,0.0,0.0,0,1.0,1.0013351134846462,2996,1,2992,0.0026666666666666657,False,-6.775571458328033,True,ok,,0.0010001659975387156
30,5,Normal,3000,5,0.3,6,2026105706,6.775571458328033,new_lower_rho_same_seed_schedule,False,34,0.0,0.0,0,1.0,1.001001001001001,2997,1,2994,0.0019999999999999996,False,-6.775571458328033,True,ok,,0.0009088329970836639
30,5,Normal,3000,5,0.3,6,2026105706,6.775571458328033,new_lower_rho_same_seed_schedule,False,35,0.0,0.0,0,1.0,1.001001001001001,2997,1,2994,0.001999999999999999,False,-6.775571458328033,True,ok,,0.0009145829826593399
30,5,Normal,3000,5,0.3,6,2026105706,6.775571458328033,new_lower_rho_same_seed_schedule,False,36,0.0,0.0,0,1.0,1.0003334444814937,2999,1,2998,0.0006666666666666668,False,-6.775571458328033,True,ok,,0.0009002499864436686
30,5,Normal,3000,5,0.3,6,2026105706,6.775571458328033,new_lower_rho_same_seed_schedule,False,37,0.0,0.0,0,1.0,1.001001001001001,2997,1,2994,0.0019999999999999987,False,-6.775571458328033,True,ok,,0.0009131249971687794
30,5,Normal,3000,5,0.3,6,2026105706,6.775571458328033,new_lower_rho_same_seed_schedule,False,38,0.0,0.0,0,1.0,1.0006671114076051,2998,1,2996,0.0013333333333333326,False,-6.775571458328033,True,ok,,0.0009059589938260615
30,5,Normal,3000,5,0.3,6,2026105706,6.775571458328033,new_lower_rho_same_seed_schedule,False,39,0.0,0.0,0,1.0,1.001001001001001,2997,1,2994,0.0019999999999999996,False,-6.775571458328033,True,ok,,0.0008950830087997019
30,5,Normal,3000,5,0.3,6,2026105706,6.775571458328033,new_lower_rho_same_seed_schedule,False,40,0.0,0.0,0,1.0,1.0006671114076051,2998,1,2996,0.001333333333333333,False,-6.775571458328033,True,ok,,0.0008990420028567314
30,5,Normal,3000,5,0.3,7,2026105707,6.775571458328033,new_lower_rho_same_seed_schedule,False,1,7.056283490924093,1.0,3000,0.0,3000.0,1,3000,0,1.1395559998947036,False,0.28071203259606037,False,ok,,0.0013144590193405747
30,5,Normal,3000,5,0.3,7,2026105707,6.775571458328033,new_lower_rho_same_seed_schedule,False,2,6.248649573213142,1.0,3000,0.0,93.75,32,25,0,1.6549255284720261,False,-0.5269218851148905,False,ok,,0.001303124998230487
30,5,Normal,3000,5,0.3,7,2026105707,6.775571458328033,new_lower_rho_same_seed_schedule,False,3,5.619259597902463,0.981,2943,0.019000000000000017,22.388059701492537,134,1,24,1.9939704967781067,False,-1.1563118604255695,False,ok,,0.0013500000350177288
30,5,Normal,3000,5,0.3,7,2026105707,6.775571458328033,new_lower_rho_same_seed_schedule,False,4,4.79605918938126,0.9356666666666666,2807,0.06433333333333335,9.615384615384615,312,1,101,2.3197574587942555,False,-1.979512268946773,False,ok,,0.0013907080283388495
30,5,Normal,3000,5,0.3,7,2026105707,6.775571458328033,new_lower_rho_same_seed_schedule,False,5,3.824590427610777,0.8703333333333333,2611,0.1296666666666667,5.58659217877095,537,1,208,2.7088030826125875,False,-2.9509810307172555,False,ok,,0.0014888750156387687
30,5,Normal,3000,5,0.3,7,2026105707,6.775571458328033,new_lower_rho_same_seed_schedule,False,6,2.7133327959839195,0.759,2277,0.241,3.464203233256351,866,1,417,2.844596929627852,False,-4.062238662344113,False,ok,,0.0016025829827412963
30,5,Normal,3000,5,0.3,7,2026105707,6.775571458328033,new_lower_rho_same_seed_schedule,False,7,1.5701647901647642,0.6356666666666667,1907,0.3643333333333333,2.477291494632535,1211,1,674,2.815377973624896,False,-5.205406668163269,False,ok,,0.0016539579955860972
30,5,Normal,3000,5,0.3,7,2026105707,6.775571458328033,new_lower_rho_same_seed_schedule,False,8,0.29202300006311305,0.5063333333333333,1519,0.4936666666666667,1.9305019305019304,1554,1,963,2.6137233206487895,False,-6.483548458264919,False,ok,,0.0016693329671397805
30,5,Normal,3000,5,0.3,7,2026105707,6.775571458328033,new_lower_rho_same_seed_schedule,False,9,-0.9038135747770012,0.366,1098,0.634,1.5831134564643798,1895,1,1326,2.18919880593182,False,-7.679385033105034,False,ok,,0.001616499968804419
30,5,Normal,3000,5,0.3,7,2026105707,6.775571458328033,new_lower_rho_same_seed_schedule,False,10,-1.6556137332541687,0.23533333333333334,706,0.7646666666666666,1.3736263736263736,2184,1,1686,1.5481462080211803,False,-8.431185191582202,False,ok,,0.001520165998954326
30,5,Normal,3000,5,0.3,7,2026105707,6.775571458328033,new_lower_rho_same_seed_schedule,False,11,-2.266653100590805,0.137,411,0.863,1.244296972210701,2411,1,1991,1.0004580951701258,False,-9.042224558918837,False,ok,,0.0014822499942965806
30,5,Normal,3000,5,0.3,7,2026105707,6.775571458328033,new_lower_rho_same_seed_schedule,False,12,-3.243326623243786,0.086,258,0.914,1.1797090051120724,2543,1,2180,0.7337460124717231,False,-10.01889808157182,False,ok,,0.0014493330381810665
30,5,Normal,3000,5,0.3,7,2026105707,6.775571458328033,new_lower_rho_same_seed_schedule,False,13,-3.339216592708541,0.05533333333333333,166,0.9446666666666667,1.1235955056179776,2670,1,2403,0.49492621931530095,False,-10.114788051036573,False,ok,,0.0014657499850727618
30,5,Normal,3000,5,0.3,7,2026105707,6.775571458328033,new_lower_rho_same_seed_schedule,False,14,-3.804768230552625,0.028,84,0.972,1.0889292196007259,2755,1,2536,0.3007734701253594,False,-10.580339688880658,False,ok,,0.0012365829898044467
30,5,Normal,3000,5,0.3,7,2026105707,6.775571458328033,new_lower_rho_same_seed_schedule,False,15,-4.13988178984182,0.024333333333333332,73,0.9756666666666667,1.0687566797292483,2807,1,2638,0.2658381202445258,False,-10.915453248169854,False,ok,,0.0011703330092132092
30,5,Normal,3000,5,0.3,7,2026105707,6.775571458328033,new_lower_rho_same_seed_schedule,False,16,-4.626414541565572,0.007333333333333333,22,0.9926666666666667,1.0482180293501049,2862,1,2729,0.12456982251920394,False,-11.401985999893604,False,ok,,0.0011514160432852805
30,5,Normal,3000,5,0.3,7,2026105707,6.775571458328033,new_lower_rho_same_seed_schedule,False,17,-4.855052958182334,0.005333333333333333,16,0.9946666666666667,1.0319917440660475,2907,1,2819,0.09548468343225318,False,-11.630624416510367,False,ok,,0.0010639170068316162
30,5,Normal,3000,5,0.3,7,2026105707,6.775571458328033,new_lower_rho_same_seed_schedule,False,18,-5.552587438812227,0.008,24,0.992,1.0284538909838876,2917,1,2840,0.09400425346269001,False,-12.32815889714026,False,ok,,0.0010523749515414238
30,5,Normal,3000,5,0.3,7,2026105707,6.775571458328033,new_lower_rho_same_seed_schedule,False,19,-7.123054977258555,0.001,3,0.999,1.017293997965412,2949,1,2898,0.033999999999999996,False,-13.898626435586587,False,ok,,0.0010079169878736138
30,5,Normal,3000,5,0.3,7,2026105707,6.775571458328033,new_lower_rho_same_seed_schedule,False,20,-4.637145759287531,0.004,12,0.996,1.0190217391304348,2944,1,2890,0.05045314010845415,False,-11.412717217615564,False,ok,,0.0009998750174418092
30,5,Normal,3000,5,0.3,7,2026105707,6.775571458328033,new_lower_rho_same_seed_schedule,False,21,-6.099117728987534,0.002,6,0.998,1.0141987829614605,2958,1,2918,0.03845397180857919,False,-12.874689187315568,False,ok,,0.0009811670170165598
30,5,Normal,3000,5,0.3,7,2026105707,6.775571458328033,new_lower_rho_same_seed_schedule,False,22,-4.472641676609982,0.0006666666666666666,2,0.9993333333333333,1.0080645161290323,2976,1,2952,0.015999999999999997,False,-11.248213134938014,False,ok,,0.0009658749913796782
30,5,Normal,3000,5,0.3,7,2026105707,6.775571458328033,new_lower_rho_same_seed_schedule,False,23,-6.6888509922965875,0.001,3,0.999,1.0067114093959733,2980,1,2961,0.018405596908272284,False,-13.464422450624621,False,ok,,0.0009596250019967556
30,5,Normal,3000,5,0.3,7,2026105707,6.775571458328033,new_lower_rho_same_seed_schedule,False,24,-6.680531542460184,0.0003333333333333333,1,0.9996666666666667,1.0063737001006374,2981,1,2962,0.012666666666666663,False,-13.456103000788216,False,ok,,0.0009604169754311442
30,5,Normal,3000,5,0.3,7,2026105707,6.775571458328033,new_lower_rho_same_seed_schedule,False,25,-6.378202261863167,0.0013333333333333333,4,0.9986666666666667,1.0056989607777405,2983,1,2967,0.016405596908272285,False,-13.1537737201912,False,ok,,0.0009629580308683217
30,5,Normal,3000,5,0.3,7,2026105707,6.775571458328033,new_lower_rho_same_seed_schedule,False,26,0.0,0.0,0,1.0,1.0070493454179255,2979,1,2958,0.013999999999999993,False,-6.775571458328033,True,ok,,0.0009562079794704914
30,5,Normal,3000,5,0.3,7,2026105707,6.775571458328033,new_lower_rho_same_seed_schedule,False,27,0.0,0.0,0,1.0,1.002004008016032,2994,1,2988,0.003999999999999998,False,-6.775571458328033,True,ok,,0.000936749973334372
30,5,Normal,3000,5,0.3,7,2026105707,6.775571458328033,new_lower_rho_same_seed_schedule,False,28,0.0,0.0,0,1.0,1.0046885465505693,2986,1,2972,0.00933333333333333,False,-6.775571458328033,True,ok,,0.0009452080121263862
30,5,Normal,3000,5,0.3,7,2026105707,6.775571458328033,new_lower_rho_same_seed_schedule,False,29,-2.6877313230389372,0.0003333333333333333,1,0.9996666666666667,1.0036801605888257,2989,1,2978,0.007333333333333333,False,-9.46330278136697,False,ok,,0.0009376659872941673
30,5,Normal,3000,5,0.3,7,2026105707,6.775571458328033,new_lower_rho_same_seed_schedule,False,30,0.0,0.0,0,1.0,1.002004008016032,2994,1,2988,0.003999999999999999,False,-6.775571458328033,True,ok,,0.0011288749519735575
30,5,Normal,3000,5,0.3,7,2026105707,6.775571458328033,new_lower_rho_same_seed_schedule,False,31,0.0,0.0,0,1.0,1.001001001001001,2997,1,2994,0.002,False,-6.775571458328033,True,ok,,0.0010337919811718166
30,5,Normal,3000,5,0.3,7,2026105707,6.775571458328033,new_lower_rho_same_seed_schedule,False,32,0.0,0.0,0,1.0,1.001001001001001,2997,1,2994,0.002,False,-6.775571458328033,True,ok,,0.0009991659899242222
30,5,Normal,3000,5,0.3,7,2026105707,6.775571458328033,new_lower_rho_same_seed_schedule,False,33,0.0,0.0,0,1.0,1.001001001001001,2997,1,2994,0.0019999999999999996,False,-6.775571458328033,True,ok,,0.000975416973233223
30,5,Normal,3000,5,0.3,7,2026105707,6.775571458328033,new_lower_rho_same_seed_schedule,False,34,0.0,0.0,0,1.0,1.0003334444814937,2999,1,2998,0.0006666666666666665,False,-6.775571458328033,True,ok,,0.0009495829581283033
30,5,Normal,3000,5,0.3,7,2026105707,6.775571458328033,new_lower_rho_same_seed_schedule,False,35,0.0,0.0,0,1.0,1.001669449081803,2995,1,2990,0.003333333333333333,False,-6.775571458328033,True,ok,,0.0009474580292589962
30,5,Normal,3000,5,0.3,7,2026105707,6.775571458328033,new_lower_rho_same_seed_schedule,False,36,0.0,0.0,0,1.0,1.0013351134846462,2996,1,2992,0.002666666666666666,False,-6.775571458328033,True,ok,,0.000989541003946215
30,5,Normal,3000,5,0.3,7,2026105707,6.775571458328033,new_lower_rho_same_seed_schedule,False,37,0.0,0.0,0,1.0,1.0,3000,1,3000,0.0,False,-6.775571458328033,True,ok,,0.0009334170026704669
30,5,Normal,3000,5,0.3,7,2026105707,6.775571458328033,new_lower_rho_same_seed_schedule,False,38,0.0,0.0,0,1.0,1.0003334444814937,2999,1,2998,0.0006666666666666665,False,-6.775571458328033,True,ok,,0.0009207500261254609
30,5,Normal,3000,5,0.3,7,2026105707,6.775571458328033,new_lower_rho_same_seed_schedule,False,39,0.0,0.0,0,1.0,1.0006671114076051,2998,1,2996,0.0013333333333333326,False,-6.775571458328033,True,ok,,0.0009313750197179615
30,5,Normal,3000,5,0.3,7,2026105707,6.775571458328033,new_lower_rho_same_seed_schedule,False,40,0.0,0.0,0,1.0,1.0003334444814937,2999,1,2998,0.0006666666666666672,False,-6.775571458328033,True,ok,,0.0009192920406349003
30,5,Normal,3000,5,0.3,8,2026105708,6.775571458328033,new_lower_rho_same_seed_schedule,False,1,7.070776792051545,1.0,3000,0.0,3000.0,1,3000,0,1.1422212863187382,False,0.2952053337235121,False,ok,,0.0011696669971570373
30,5,Normal,3000,5,0.3,8,2026105708,6.775571458328033,new_lower_rho_same_seed_schedule,False,2,6.23615665020101,1.0,3000,0.0,93.75,32,28,0,1.6696139158376915,False,-0.5394148081270229,False,ok,,0.0010797909926623106
30,5,Normal,3000,5,0.3,8,2026105708,6.775571458328033,new_lower_rho_same_seed_schedule,False,3,5.709867914781371,0.9803333333333333,2941,0.01966666666666672,22.388059701492537,134,1,32,1.9424179305650742,False,-1.065703543546662,False,ok,,0.0015657920157536864
30,5,Normal,3000,5,0.3,8,2026105708,6.775571458328033,new_lower_rho_same_seed_schedule,False,4,4.9068154830849045,0.9416666666666667,2825,0.05833333333333335,10.452961672473867,287,1,90,2.275981648025389,False,-1.8687559752431282,False,ok,,0.001775417011231184
30,5,Normal,3000,5,0.3,8,2026105708,6.775571458328033,new_lower_rho_same_seed_schedule,False,5,3.9186678738859078,0.8883333333333333,2665,0.11166666666666669,5.964214711729622,503,1,193,2.69686559230879,False,-2.856903584442125,False,ok,,0.0014932500198483467
30,5,Normal,3000,5,0.3,8,2026105708,6.775571458328033,new_lower_rho_same_seed_schedule,False,6,2.7135900552149192,0.786,2358,0.21399999999999997,3.712871287128713,808,1,362,2.955241523255084,False,-4.061981403113114,False,ok,,0.0016233749920502305
30,5,Normal,3000,5,0.3,8,2026105708,6.775571458328033,new_lower_rho_same_seed_schedule,False,7,1.7198055006998778,0.6623333333333333,1987,0.33766666666666667,2.6246719160104988,1143,1,607,2.909501968649281,False,-5.055765957628155,False,ok,,0.001674541039392352
30,5,Normal,3000,5,0.3,8,2026105708,6.775571458328033,new_lower_rho_same_seed_schedule,False,8,0.6472111266515559,0.536,1608,0.46399999999999997,2.018842530282638,1486,1,912,2.6104228145363266,False,-6.128360331676477,False,ok,,0.0016698330291546881
30,5,Normal,3000,5,0.3,8,2026105708,6.775571458328033,new_lower_rho_same_seed_schedule,False,9,-0.45054543733615937,0.38666666666666666,1160,0.6133333333333333,1.6528925619834711,1815,1,1210,2.3052917789328107,False,-7.226116895664192,False,ok,,0.0016713329823687673
30,5,Normal,3000,5,0.3,8,2026105708,6.775571458328033,new_lower_rho_same_seed_schedule,False,10,-1.4742219361783573,0.26266666666666666,788,0.7373333333333334,1.4292520247737017,2099,1,1553,1.7182795173062726,False,-8.24979339450639,False,ok,,0.0015739169903099537
30,5,Normal,3000,5,0.3,8,2026105708,6.775571458328033,new_lower_rho_same_seed_schedule,False,11,-2.1929756352238243,0.15933333333333333,478,0.8406666666666667,1.2733446519524618,2356,1,1897,1.179661915217152,False,-8.968547093551857,False,ok,,0.0014733750140294433
30,5,Normal,3000,5,0.3,8,2026105708,6.775571458328033,new_lower_rho_same_seed_schedule,False,12,-2.640417464472352,0.09433333333333334,283,0.9056666666666666,1.1862396204033214,2529,1,2161,0.7933731481437367,False,-9.415988922800384,False,ok,,0.0014353749575093389
30,5,Normal,3000,5,0.3,8,2026105708,6.775571458328033,new_lower_rho_same_seed_schedule,False,13,-3.3913241237648126,0.048,144,0.952,1.1307953260459858,2653,1,2353,0.48219171658621446,False,-10.166895582092845,False,ok,,0.001302666962146759
30,5,Normal,3000,5,0.3,8,2026105708,6.775571458328033,new_lower_rho_same_seed_schedule,False,14,-2.9557021771162164,0.024666666666666667,74,0.9753333333333334,1.0893246187363834,2754,1,2535,0.24869794505459566,False,-9.73127363544425,False,ok,,0.001575874979607761
30,5,Normal,3000,5,0.3,8,2026105708,6.775571458328033,new_lower_rho_same_seed_schedule,False,15,-4.00790741969639,0.02,60,0.98,1.0660980810234542,2814,1,2643,0.21620260317334966,False,-10.783478878024422,False,ok,,0.0012098749866709113
30,5,Normal,3000,5,0.3,8,2026105708,6.775571458328033,new_lower_rho_same_seed_schedule,False,16,-4.385552600592863,0.012666666666666666,38,0.9873333333333333,1.0518934081346423,2852,1,2715,0.14997957589367292,False,-11.161124058920896,False,ok,,0.0011787500116042793
30,5,Normal,3000,5,0.3,8,2026105708,6.775571458328033,new_lower_rho_same_seed_schedule,False,17,-4.780452558481787,0.005666666666666667,17,0.9943333333333333,1.0330578512396693,2904,1,2813,0.08503975092560408,False,-11.55602401680982,False,ok,,0.0011086659505963326
30,5,Normal,3000,5,0.3,8,2026105708,6.775571458328033,new_lower_rho_same_seed_schedule,False,18,-5.36422375993317,0.008666666666666666,26,0.9913333333333333,1.0263427984946973,2923,1,2853,0.09235510712925556,False,-12.139795218261202,False,ok,,0.0010477920295670629
30,5,Normal,3000,5,0.3,8,2026105708,6.775571458328033,new_lower_rho_same_seed_schedule,False,19,-6.046270193504135,0.002,6,0.998,1.0228435049437437,2933,1,2867,0.05126187253856937,False,-12.821841651832168,False,ok,,0.0010549169965088367
30,5,Normal,3000,5,0.3,8,2026105708,6.775571458328033,new_lower_rho_same_seed_schedule,False,20,-7.059980659671628,0.004333333333333333,13,0.9956666666666667,1.0166045408336157,2951,1,2905,0.04963521609246922,False,-13.835552117999661,False,ok,,0.0009969999664463103
30,5,Normal,3000,5,0.3,8,2026105708,6.775571458328033,new_lower_rho_same_seed_schedule,False,21,-5.243576220797863,0.0006666666666666666,2,0.9993333333333333,1.012829169480081,2962,1,2924,0.02533333333333332,False,-12.019147679125895,False,ok,,0.0010227500461041927
30,5,Normal,3000,5,0.3,8,2026105708,6.775571458328033,new_lower_rho_same_seed_schedule,False,22,-8.720543774504684,0.0006666666666666666,2,0.9993333333333333,1.0104412260020208,2969,1,2938,0.020666666666666656,False,-15.496115232832716,False,ok,,0.0009839999838732183
30,5,Normal,3000,5,0.3,8,2026105708,6.775571458328033,new_lower_rho_same_seed_schedule,False,23,0.0,0.0,0,1.0,1.0084033613445378,2975,1,2950,0.01666666666666666,False,-6.775571458328033,True,ok,,0.0009912499808706343
30,5,Normal,3000,5,0.3,8,2026105708,6.775571458328033,new_lower_rho_same_seed_schedule,False,24,-6.159224867070384,0.001,3,0.999,1.0070493454179255,2979,1,2958,0.013999999999999992,False,-12.934796325398416,False,ok,,0.0010905409581027925
30,5,Normal,3000,5,0.3,8,2026105708,6.775571458328033,new_lower_rho_same_seed_schedule,False,25,-6.701210039364929,0.0016666666666666668,5,0.9983333333333333,1.0063737001006374,2981,1,2963,0.01883863077738036,False,-13.476781497692961,False,ok,,0.0010270419879816473
30,5,Normal,3000,5,0.3,8,2026105708,6.775571458328033,new_lower_rho_same_seed_schedule,False,26,0.0,0.0,0,1.0,1.0036801605888257,2989,1,2978,0.007333333333333332,False,-6.775571458328033,True,ok,,0.001152041950263083
30,5,Normal,3000,5,0.3,8,2026105708,6.775571458328033,new_lower_rho_same_seed_schedule,False,27,0.0,0.0,0,1.0,1.0040160642570282,2988,1,2976,0.007999999999999998,False,-6.775571458328033,True,ok,,0.0013954580063000321
30,5,Normal,3000,5,0.3,8,2026105708,6.775571458328033,new_lower_rho_same_seed_schedule,False,28,0.0,0.0,0,1.0,1.0030090270812437,2991,1,2982,0.0059999999999999975,False,-6.775571458328033,True,ok,,0.0013299579732120037
30,5,Normal,3000,5,0.3,8,2026105708,6.775571458328033,new_lower_rho_same_seed_schedule,False,29,0.0,0.0,0,1.0,1.0026737967914439,2992,1,2984,0.0053333333333333306,False,-6.775571458328033,True,ok,,0.0013166250428184867
30,5,Normal,3000,5,0.3,8,2026105708,6.775571458328033,new_lower_rho_same_seed_schedule,False,30,0.0,0.0,0,1.0,1.0023387905111927,2993,1,2986,0.004666666666666666,False,-6.775571458328033,True,ok,,0.00106637499993667
30,5,Normal,3000,5,0.3,8,2026105708,6.775571458328033,new_lower_rho_same_seed_schedule,False,31,-8.526581504237582,0.0003333333333333333,1,0.9996666666666667,1.001001001001001,2997,1,2994,0.002,False,-15.302152962565614,False,ok,,0.0010898750042542815
30,5,Normal,3000,5,0.3,8,2026105708,6.775571458328033,new_lower_rho_same_seed_schedule,False,32,0.0,0.0,0,1.0,1.0006671114076051,2998,1,2996,0.001333333333333333,False,-6.775571458328033,True,ok,,0.0010177089716307819
30,5,Normal,3000,5,0.3,8,2026105708,6.775571458328033,new_lower_rho_same_seed_schedule,False,33,0.0,0.0,0,1.0,1.0006671114076051,2998,1,2996,0.0013333333333333326,False,-6.775571458328033,True,ok,,0.0009965000208467245
30,5,Normal,3000,5,0.3,8,2026105708,6.775571458328033,new_lower_rho_same_seed_schedule,False,34,-4.837094849564028,0.0003333333333333333,1,0.9996666666666667,1.0006671114076051,2998,1,2996,0.0013333333333333335,False,-11.61266630789206,False,ok,,0.0009821659768931568
30,5,Normal,3000,5,0.3,8,2026105708,6.775571458328033,new_lower_rho_same_seed_schedule,False,35,0.0,0.0,0,1.0,1.0013351134846462,2996,1,2992,0.002666666666666666,False,-6.775571458328033,True,ok,,0.0009757080115377903
30,5,Normal,3000,5,0.3,8,2026105708,6.775571458328033,new_lower_rho_same_seed_schedule,False,36,-7.920836104958936,0.0003333333333333333,1,0.9996666666666667,1.001669449081803,2995,1,2990,0.003333333333333333,False,-14.696407563286968,False,ok,,0.0009772079647518694
30,5,Normal,3000,5,0.3,8,2026105708,6.775571458328033,new_lower_rho_same_seed_schedule,False,37,0.0,0.0,0,1.0,1.001001001001001,2997,1,2994,0.002,False,-6.775571458328033,True,ok,,0.0009938339935615659
30,5,Normal,3000,5,0.3,8,2026105708,6.775571458328033,new_lower_rho_same_seed_schedule,False,38,-7.920836104958936,0.0003333333333333333,1,0.9996666666666667,1.001001001001001,2997,1,2994,0.001999999999999999,False,-14.696407563286968,False,ok,,0.0009627920226193964
30,5,Normal,3000,5,0.3,8,2026105708,6.775571458328033,new_lower_rho_same_seed_schedule,False,39,0.0,0.0,0,1.0,1.0006671114076051,2998,1,2996,0.001333333333333333,False,-6.775571458328033,True,ok,,0.0009554999996908009
30,5,Normal,3000,5,0.3,8,2026105708,6.775571458328033,new_lower_rho_same_seed_schedule,False,40,0.0,0.0,0,1.0,1.001001001001001,2997,1,2994,0.002,False,-6.775571458328033,True,ok,,0.0009475420229136944
30,5,Normal,3000,5,0.3,9,2026105709,6.775571458328033,new_lower_rho_same_seed_schedule,False,1,7.074182974476003,1.0,3000,0.0,3000.0,1,3000,0,1.1484900000475438,False,0.29861151614797077,False,ok,,0.0013399580493569374
30,5,Normal,3000,5,0.3,9,2026105709,6.775571458328033,new_lower_rho_same_seed_schedule,False,2,6.244105238687924,1.0,3000,0.0,93.75,32,21,0,1.6752229782011714,False,-0.5314662196401088,False,ok,,0.0012732079485431314
30,5,Normal,3000,5,0.3,9,2026105709,6.775571458328033,new_lower_rho_same_seed_schedule,False,3,5.763650737871682,0.983,2949,0.017000000000000015,25.0,120,1,22,1.9015704519299677,False,-1.0119207204563505,False,ok,,0.0012994579738005996
30,5,Normal,3000,5,0.3,9,2026105709,6.775571458328033,new_lower_rho_same_seed_schedule,False,4,5.135569897180407,0.9443333333333334,2833,0.05566666666666664,11.406844106463879,263,1,99,2.1840353975536533,False,-1.640001561147626,False,ok,,0.0013000829494558275
30,5,Normal,3000,5,0.3,9,2026105709,6.775571458328033,new_lower_rho_same_seed_schedule,False,5,4.230629438940507,0.8966666666666666,2690,0.10333333333333339,6.521739130434782,460,1,193,2.6091053995051725,False,-2.544942019387526,False,ok,,0.0014192499802447855
30,5,Normal,3000,5,0.3,9,2026105709,6.775571458328033,new_lower_rho_same_seed_schedule,False,6,3.2382574850875634,0.808,2424,0.19199999999999995,4.189944134078212,716,1,310,2.7783343064048722,False,-3.5373139732404693,False,ok,,0.0016822919715195894
30,5,Normal,3000,5,0.3,9,2026105709,6.775571458328033,new_lower_rho_same_seed_schedule,False,7,2.098030426643384,0.712,2136,0.28800000000000003,2.9791459781529297,1007,1,497,2.927623813820726,False,-4.677541031684649,False,ok,,0.0016813750262372196
30,5,Normal,3000,5,0.3,9,2026105709,6.775571458328033,new_lower_rho_same_seed_schedule,False,8,1.1979726014269922,0.5893333333333334,1768,0.4106666666666666,2.243829468960359,1337,1,785,2.7222278418103008,False,-5.577598856901041,False,ok,,0.001678417029324919
30,5,Normal,3000,5,0.3,9,2026105709,6.775571458328033,new_lower_rho_same_seed_schedule,False,9,-0.07456018854148751,0.4533333333333333,1360,0.5466666666666666,1.8137847642079807,1654,1,1042,2.457100721070193,False,-6.85013164686952,False,ok,,0.0017259999876841903
30,5,Normal,3000,5,0.3,9,2026105709,6.775571458328033,new_lower_rho_same_seed_schedule,False,10,-0.7445585673026245,0.325,975,0.675,1.5321756894790604,1958,1,1393,1.922345484001098,False,-7.520130025630657,False,ok,,0.00164508301531896
30,5,Normal,3000,5,0.3,9,2026105709,6.775571458328033,new_lower_rho_same_seed_schedule,False,11,-1.6454395058451181,0.225,675,0.775,1.3611615245009074,2204,1,1701,1.511509612346349,False,-8.421010964173151,False,ok,,0.0015490420046262443
30,5,Normal,3000,5,0.3,9,2026105709,6.775571458328033,new_lower_rho_same_seed_schedule,False,12,-2.555379206708268,0.12766666666666668,383,0.8723333333333333,1.2366034624896949,2426,1,1999,0.9848227233115887,False,-9.330950665036301,False,ok,,0.0014570839703083038
30,5,Normal,3000,5,0.3,9,2026105709,6.775571458328033,new_lower_rho_same_seed_schedule,False,13,-2.575712884383421,0.08666666666666667,260,0.9133333333333333,1.1750881316098707,2553,1,2196,0.7351753922200285,False,-9.351284342711454,False,ok,,0.001359958027023822
30,5,Normal,3000,5,0.3,9,2026105709,6.775571458328033,new_lower_rho_same_seed_schedule,False,14,-3.336212454374109,0.045,135,0.955,1.1144130757800892,2692,1,2427,0.459643494018525,False,-10.111783912702142,False,ok,,0.0012630420387722552
30,5,Normal,3000,5,0.3,9,2026105709,6.775571458328033,new_lower_rho_same_seed_schedule,False,15,-3.741296282907746,0.035333333333333335,106,0.9646666666666667,1.088139281828074,2757,1,2547,0.3400018188571274,False,-10.516867741235778,False,ok,,0.0013056669849902391
30,5,Normal,3000,5,0.3,9,2026105709,6.775571458328033,new_lower_rho_same_seed_schedule,False,16,-4.36355742579703,0.012333333333333333,37,0.9876666666666667,1.0589481115425343,2833,1,2676,0.1770151339053522,False,-11.139128884125062,False,ok,,0.0012331249890848994
30,5,Normal,3000,5,0.3,9,2026105709,6.775571458328033,new_lower_rho_same_seed_schedule,False,17,-4.117067075798822,0.007333333333333333,22,0.9926666666666667,1.050420168067227,2856,1,2718,0.11757199272596228,False,-10.892638534126855,False,ok,,0.0011484589776955545
30,5,Normal,3000,5,0.3,9,2026105709,6.775571458328033,new_lower_rho_same_seed_schedule,False,18,-4.8063284452947865,0.009666666666666667,29,0.9903333333333333,1.0334137099552188,2903,1,2814,0.11402283489685554,False,-11.58189990362282,False,ok,,0.001068082987330854
30,5,Normal,3000,5,0.3,9,2026105709,6.775571458328033,new_lower_rho_same_seed_schedule,False,19,-4.454430910453242,0.0033333333333333335,10,0.9966666666666667,1.0256410256410255,2925,1,2852,0.06624201031894195,False,-11.230002368781275,False,ok,,0.0010382500477135181
30,5,Normal,3000,5,0.3,9,2026105709,6.775571458328033,new_lower_rho_same_seed_schedule,False,20,-4.604938992840124,0.005,15,0.995,1.0249402118209772,2927,1,2857,0.06981611217650888,False,-11.380510451168156,False,ok,,0.0010372499818913639
30,5,Normal,3000,5,0.3,9,2026105709,6.775571458328033,new_lower_rho_same_seed_schedule,False,21,-5.108815922921138,0.0023333333333333335,7,0.9976666666666667,1.0141987829614605,2958,1,2918,0.03953428255112515,False,-11.88438738124917,False,ok,,0.000997167022433132
30,5,Normal,3000,5,0.3,9,2026105709,6.775571458328033,new_lower_rho_same_seed_schedule,False,22,-5.704327085396272,0.0013333333333333333,4,0.9986666666666667,1.0114632501685772,2966,1,2933,0.03079728918882068,False,-12.479898543724305,False,ok,,0.0009812089847400784
30,5,Normal,3000,5,0.3,9,2026105709,6.775571458328033,new_lower_rho_same_seed_schedule,False,23,-6.253248051670237,0.0016666666666666668,5,0.9983333333333333,1.0087424344317417,2974,1,2949,0.02245076832302656,False,-13.02881950999827,False,ok,,0.0009779579704627395
30,5,Normal,3000,5,0.3,9,2026105709,6.775571458328033,new_lower_rho_same_seed_schedule,False,24,-5.5178945968960535,0.0016666666666666668,5,0.9983333333333333,1.0070493454179255,2979,1,2959,0.02213062252215402,False,-12.293466055224087,False,ok,,0.0009435410029254854
30,5,Normal,3000,5,0.3,9,2026105709,6.775571458328033,new_lower_rho_same_seed_schedule,False,25,-5.67752658032029,0.0013333333333333333,4,0.9986666666666667,1.0060362173038229,2982,1,2965,0.01597320005930646,False,-12.453098038648323,False,ok,,0.0009345000144094229
30,5,Normal,3000,5,0.3,9,2026105709,6.775571458328033,new_lower_rho_same_seed_schedule,False,26,-8.057220158096744,0.0006666666666666666,2,0.9993333333333333,1.0050251256281406,2985,1,2970,0.009999999999999997,False,-14.832791616424776,False,ok,,0.0009600840276107192
30,5,Normal,3000,5,0.3,9,2026105709,6.775571458328033,new_lower_rho_same_seed_schedule,False,27,-5.539261999010839,0.001,3,0.999,1.0053619302949062,2984,1,2969,0.014639866725973127,False,-12.314833457338871,False,ok,,0.0009614999871701002
30,5,Normal,3000,5,0.3,9,2026105709,6.775571458328033,new_lower_rho_same_seed_schedule,False,28,0.0,0.0,0,1.0,1.0023387905111927,2993,1,2986,0.004666666666666667,False,-6.775571458328033,True,ok,,0.0010210000327788293
30,5,Normal,3000,5,0.3,9,2026105709,6.775571458328033,new_lower_rho_same_seed_schedule,False,29,-6.09232032424864,0.0003333333333333333,1,0.9996666666666667,1.004352192835621,2987,1,2974,0.008666666666666666,False,-12.867891782576674,False,ok,,0.0009997920133173466
30,5,Normal,3000,5,0.3,9,2026105709,6.775571458328033,new_lower_rho_same_seed_schedule,False,30,0.0,0.0,0,1.0,1.0023387905111927,2993,1,2986,0.004666666666666667,False,-6.775571458328033,True,ok,,0.0009142500348389149
30,5,Normal,3000,5,0.3,9,2026105709,6.775571458328033,new_lower_rho_same_seed_schedule,False,31,0.0,0.0,0,1.0,1.0026737967914439,2992,1,2984,0.005333333333333335,False,-6.775571458328033,True,ok,,0.0010609999881125987
30,5,Normal,3000,5,0.3,9,2026105709,6.775571458328033,new_lower_rho_same_seed_schedule,False,32,-11.06009005989801,0.0003333333333333333,1,0.9996666666666667,1.0006671114076051,2998,1,2996,0.0013333333333333326,False,-17.835661518226043,False,ok,,0.0010400000028312206
30,5,Normal,3000,5,0.3,9,2026105709,6.775571458328033,new_lower_rho_same_seed_schedule,False,33,0.0,0.0,0,1.0,1.0013351134846462,2996,1,2992,0.0026666666666666666,False,-6.775571458328033,True,ok,,0.000998666975647211
30,5,Normal,3000,5,0.3,9,2026105709,6.775571458328033,new_lower_rho_same_seed_schedule,False,34,0.0,0.0,0,1.0,1.0006671114076051,2998,1,2996,0.0013333333333333335,False,-6.775571458328033,True,ok,,0.0009774159989319742
30,5,Normal,3000,5,0.3,9,2026105709,6.775571458328033,new_lower_rho_same_seed_schedule,False,35,0.0,0.0,0,1.0,1.0006671114076051,2998,1,2996,0.0013333333333333335,False,-6.775571458328033,True,ok,,0.0009749170276336372
30,5,Normal,3000,5,0.3,9,2026105709,6.775571458328033,new_lower_rho_same_seed_schedule,False,36,0.0,0.0,0,1.0,1.0006671114076051,2998,1,2996,0.0013333333333333329,False,-6.775571458328033,True,ok,,0.0009732079925015569
30,5,Normal,3000,5,0.3,9,2026105709,6.775571458328033,new_lower_rho_same_seed_schedule,False,37,0.0,0.0,0,1.0,1.0006671114076051,2998,1,2996,0.001333333333333333,False,-6.775571458328033,True,ok,,0.0009624170488677919
30,5,Normal,3000,5,0.3,9,2026105709,6.775571458328033,new_lower_rho_same_seed_schedule,False,38,0.0,0.0,0,1.0,1.001001001001001,2997,1,2994,0.0020000000000000005,False,-6.775571458328033,True,ok,,0.0009523750049993396
30,5,Normal,3000,5,0.3,9,2026105709,6.775571458328033,new_lower_rho_same_seed_schedule,False,39,0.0,0.0,0,1.0,1.0006671114076051,2998,1,2996,0.001333333333333333,False,-6.775571458328033,True,ok,,0.0009575830190442502
30,5,Normal,3000,5,0.3,9,2026105709,6.775571458328033,new_lower_rho_same_seed_schedule,False,40,0.0,0.0,0,1.0,1.0006671114076051,2998,1,2996,0.001333333333333333,False,-6.775571458328033,True,ok,,0.0009425830212421715
30,5,Normal,3000,5,0.3,10,2026105710,6.775571458328033,new_lower_rho_same_seed_schedule,False,1,7.104739016728205,1.0,3000,0.0,3000.0,1,3000,0,1.1485998808624793,False,0.3291675584001723,False,ok,,0.001176375022623688
30,5,Normal,3000,5,0.3,10,2026105710,6.775571458328033,new_lower_rho_same_seed_schedule,False,2,6.266036525089379,1.0,3000,0.0,93.75,32,39,0,1.6692386084696653,False,-0.5095349332386538,False,ok,,0.001448208000510931
30,5,Normal,3000,5,0.3,10,2026105710,6.775571458328033,new_lower_rho_same_seed_schedule,False,3,5.78517639882657,0.982,2946,0.018000000000000016,23.25581395348837,129,1,33,1.8786668309478667,False,-0.9903950595014628,False,ok,,0.0015595830045640469
30,5,Normal,3000,5,0.3,10,2026105710,6.775571458328033,new_lower_rho_same_seed_schedule,False,4,5.016899571669402,0.9446666666666667,2834,0.055333333333333345,11.11111111111111,270,1,82,2.2366976536994008,False,-1.7586718866586306,False,ok,,0.0014138749684207141
30,5,Normal,3000,5,0.3,10,2026105710,6.775571458328033,new_lower_rho_same_seed_schedule,False,5,4.2260482157806365,0.8903333333333333,2671,0.10966666666666669,6.382978723404255,470,1,184,2.5730998323206014,False,-2.549523242547396,False,ok,,0.0014687910443171859
30,5,Normal,3000,5,0.3,10,2026105710,6.775571458328033,new_lower_rho_same_seed_schedule,False,6,3.1795974441012893,0.821,2463,0.17900000000000005,4.137931034482759,725,1,349,2.8230399827035795,False,-3.5959740142267433,False,ok,,0.0015325419954024255
30,5,Normal,3000,5,0.3,10,2026105710,6.775571458328033,new_lower_rho_same_seed_schedule,False,7,2.070964872181416,0.7116666666666667,2135,0.28833333333333333,2.9411764705882355,1020,1,518,2.897771390314276,False,-4.704606586146617,False,ok,,0.0016365839983336627
30,5,Normal,3000,5,0.3,10,2026105710,6.775571458328033,new_lower_rho_same_seed_schedule,False,8,1.0848334891786116,0.5863333333333334,1759,0.4136666666666666,2.247191011235955,1335,1,764,2.7406483719607753,False,-5.690737969149421,False,ok,,0.0017012919997796416
30,5,Normal,3000,5,0.3,10,2026105710,6.775571458328033,new_lower_rho_same_seed_schedule,False,9,-0.11038648100858756,0.44866666666666666,1346,0.5513333333333333,1.803968731208659,1663,1,1046,2.480320745385884,False,-6.88595793933662,False,ok,,0.0017082080012187362
30,5,Normal,3000,5,0.3,10,2026105710,6.775571458328033,new_lower_rho_same_seed_schedule,False,10,-1.0097430835049164,0.31533333333333335,946,0.6846666666666666,1.513622603430878,1982,1,1411,1.9648989395183152,False,-7.785314541832949,False,ok,,0.0016408339724875987
30,5,Normal,3000,5,0.3,10,2026105710,6.775571458328033,new_lower_rho_same_seed_schedule,False,11,-1.4622336607553277,0.20033333333333334,601,0.7996666666666666,1.3630168105406633,2201,1,1675,1.3404388758966819,False,-8.23780511908336,False,ok,,0.0016802920144982636
30,5,Normal,3000,5,0.3,10,2026105710,6.775571458328033,new_lower_rho_same_seed_schedule,False,12,-2.299378730505613,0.146,438,0.854,1.2474012474012475,2405,1,1975,1.1452173426646979,False,-9.074950188833645,False,ok,,0.0015568750095553696
30,5,Normal,3000,5,0.3,10,2026105710,6.775571458328033,new_lower_rho_same_seed_schedule,False,13,-2.683509225397959,0.091,273,0.909,1.173249902229175,2557,1,2216,0.7238863903436716,False,-9.459080683725992,False,ok,,0.0013881250051781535
30,5,Normal,3000,5,0.3,10,2026105710,6.775571458328033,new_lower_rho_same_seed_schedule,False,14,-3.1739351375684848,0.042333333333333334,127,0.9576666666666667,1.1210762331838564,2676,1,2392,0.4340794977145914,False,-9.949506595896517,False,ok,,0.0013612500042654574
30,5,Normal,3000,5,0.3,10,2026105710,6.775571458328033,new_lower_rho_same_seed_schedule,False,15,-3.9414173127355197,0.03133333333333333,94,0.9686666666666667,1.0893246187363834,2754,1,2535,0.3191716398948428,False,-10.716988771063551,False,ok,,0.0012051250087097287
30,5,Normal,3000,5,0.3,10,2026105710,6.775571458328033,new_lower_rho_same_seed_schedule,False,16,-4.142991645805578,0.02,60,0.98,1.0710460549803642,2801,1,2619,0.22913779108705334,False,-10.91856310413361,False,ok,,0.0011562499566935003
30,5,Normal,3000,5,0.3,10,2026105710,6.775571458328033,new_lower_rho_same_seed_schedule,False,17,-4.01840883919823,0.008,24,0.992,1.0456605088881143,2869,1,2743,0.11371605799084626,False,-10.793980297526263,False,ok,,0.001085542025975883
30,5,Normal,3000,5,0.3,10,2026105710,6.775571458328033,new_lower_rho_same_seed_schedule,False,18,-5.035364209088692,0.017666666666666667,53,0.9823333333333333,1.0398613518197575,2885,1,2784,0.17464126707683947,False,-11.810935667416725,False,ok,,0.0010426249937154353
30,5,Normal,3000,5,0.3,10,2026105710,6.775571458328033,new_lower_rho_same_seed_schedule,False,19,-4.448114827077004,0.005,15,0.995,1.032346868547832,2906,1,2814,0.07776014636416094,False,-11.223686285405037,False,ok,,0.0010227499878965318
30,5,Normal,3000,5,0.3,10,2026105710,6.775571458328033,new_lower_rho_same_seed_schedule,False,20,-5.574072163052926,0.006,18,0.994,1.0266940451745379,2922,1,2848,0.07819008285795316,False,-12.34964362138096,False,ok,,0.0009925419581122696
30,5,Normal,3000,5,0.3,10,2026105710,6.775571458328033,new_lower_rho_same_seed_schedule,False,21,-6.418602549713978,0.001,3,0.999,1.01763907734057,2948,1,2896,0.034666666666666665,False,-13.194174008042012,False,ok,,0.0009647919796407223
30,5,Normal,3000,5,0.3,10,2026105710,6.775571458328033,new_lower_rho_same_seed_schedule,False,22,-4.770249961604752,0.0016666666666666668,5,0.9983333333333333,1.015572105619499,2954,1,2909,0.03856706252246318,False,-11.545821419932786,False,ok,,0.0009527499787509441
30,5,Normal,3000,5,0.3,10,2026105710,6.775571458328033,new_lower_rho_same_seed_schedule,False,23,-7.016520192851141,0.0006666666666666666,2,0.9993333333333333,1.0097610232245036,2971,1,2942,0.019333333333333327,False,-13.792091651179174,False,ok,,0.0009344590362161398
30,5,Normal,3000,5,0.3,10,2026105710,6.775571458328033,new_lower_rho_same_seed_schedule,False,24,-6.406175044780994,0.001,3,0.999,1.0090817356205852,2973,1,2946,0.017999999999999988,False,-13.181746503109027,False,ok,,0.0009302920079790056
30,5,Normal,3000,5,0.3,10,2026105710,6.775571458328033,new_lower_rho_same_seed_schedule,False,25,-5.66725429151734,0.0003333333333333333,1,0.9996666666666667,1.0070493454179255,2979,1,2958,0.013999999999999995,False,-12.442825749845372,False,ok,,0.0009245410328730941
30,5,Normal,3000,5,0.3,10,2026105710,6.775571458328033,new_lower_rho_same_seed_schedule,False,26,0.0,0.0,0,1.0,1.0050251256281406,2985,1,2970,0.009999999999999997,False,-6.775571458328033,True,ok,,0.0009088750230148435
30,5,Normal,3000,5,0.3,10,2026105710,6.775571458328033,new_lower_rho_same_seed_schedule,False,27,-6.564279277999826,0.0006666666666666666,2,0.9993333333333333,1.0060362173038229,2982,1,2964,0.011999999999999995,False,-13.339850736327858,False,ok,,0.0010119169601239264
30,5,Normal,3000,5,0.3,10,2026105710,6.775571458328033,new_lower_rho_same_seed_schedule,False,28,0.0,0.0,0,1.0,1.0040160642570282,2988,1,2976,0.008,False,-6.775571458328033,True,ok,,0.0009527920046821237
30,5,Normal,3000,5,0.3,10,2026105710,6.775571458328033,new_lower_rho_same_seed_schedule,False,29,0.0,0.0,0,1.0,1.002004008016032,2994,1,2988,0.003999999999999999,False,-6.775571458328033,True,ok,,0.001061209011822939
30,5,Normal,3000,5,0.3,10,2026105710,6.775571458328033,new_lower_rho_same_seed_schedule,False,30,-4.055435839220411,0.0003333333333333333,1,0.9996666666666667,1.0026737967914439,2992,1,2984,0.005333333333333332,False,-10.831007297548442,False,ok,,0.001163707987871021
30,5,Normal,3000,5,0.3,10,2026105710,6.775571458328033,new_lower_rho_same_seed_schedule,False,31,0.0,0.0,0,1.0,1.0026737967914439,2992,1,2984,0.005333333333333332,False,-6.775571458328033,True,ok,,0.0011149579659104347
30,5,Normal,3000,5,0.3,10,2026105710,6.775571458328033,new_lower_rho_same_seed_schedule,False,32,-7.741725768535829,0.0003333333333333333,1,0.9996666666666667,1.001669449081803,2995,1,2990,0.003333333333333333,False,-14.517297226863862,False,ok,,0.001037415990140289
30,5,Normal,3000,5,0.3,10,2026105710,6.775571458328033,new_lower_rho_same_seed_schedule,False,33,0.0,0.0,0,1.0,1.001669449081803,2995,1,2990,0.003333333333333332,False,-6.775571458328033,True,ok,,0.0009948330116458237
30,5,Normal,3000,5,0.3,10,2026105710,6.775571458328033,new_lower_rho_same_seed_schedule,False,34,-6.66416371863351,0.0003333333333333333,1,0.9996666666666667,1.0023387905111927,2993,1,2986,0.004666666666666666,False,-13.439735176961543,False,ok,,0.000981291988864541
30,5,Normal,3000,5,0.3,10,2026105710,6.775571458328033,new_lower_rho_same_seed_schedule,False,35,0.0,0.0,0,1.0,1.0013351134846462,2996,1,2992,0.0026666666666666653,False,-6.775571458328033,True,ok,,0.0009695829940028489
30,5,Normal,3000,5,0.3,10,2026105710,6.775571458328033,new_lower_rho_same_seed_schedule,False,36,0.0,0.0,0,1.0,1.002004008016032,2994,1,2988,0.003999999999999999,False,-6.775571458328033,True,ok,,0.0009563750354573131
30,5,Normal,3000,5,0.3,10,2026105710,6.775571458328033,new_lower_rho_same_seed_schedule,False,37,0.0,0.0,0,1.0,1.0006671114076051,2998,1,2996,0.001333333333333332,False,-6.775571458328033,True,ok,,0.0009483749745413661
30,5,Normal,3000,5,0.3,10,2026105710,6.775571458328033,new_lower_rho_same_seed_schedule,False,38,-6.464394837366141,0.0003333333333333333,1,0.9996666666666667,1.0030090270812437,2991,1,2982,0.006,False,-13.239966295694174,False,ok,,0.0009535839781165123
30,5,Normal,3000,5,0.3,10,2026105710,6.775571458328033,new_lower_rho_same_seed_schedule,False,39,0.0,0.0,0,1.0,1.0013351134846462,2996,1,2992,0.002666666666666666,False,-6.775571458328033,True,ok,,0.0009359590476378798
30,5,Normal,3000,5,0.3,10,2026105710,6.775571458328033,new_lower_rho_same_seed_schedule,False,40,0.0,0.0,0,1.0,1.0013351134846462,2996,1,2992,0.0026666666666666657,False,-6.775571458328033,True,ok,,0.0009388750186190009
30,5,Normal,3000,5,0.3,11,2026105711,6.775571458328033,new_lower_rho_same_seed_schedule,False,1,7.061330705355609,1.0,3000,0.0,3000.0,1,3000,0,1.1469550555968764,False,0.2857592470275767,False,ok,,0.001159417035523802
30,5,Normal,3000,5,0.3,11,2026105711,6.775571458328033,new_lower_rho_same_seed_schedule,False,2,6.230897332531849,1.0,3000,0.0,93.75,32,31,0,1.6799951647171767,False,-0.5446741257961838,False,ok,,0.0010720419813878834
30,5,Normal,3000,5,0.3,11,2026105711,6.775571458328033,new_lower_rho_same_seed_schedule,False,3,5.719138243635969,0.9776666666666667,2933,0.022333333333333316,23.076923076923077,130,1,26,1.8538329221385705,False,-1.0564332146920634,False,ok,,0.001194458978716284
30,5,Normal,3000,5,0.3,11,2026105711,6.775571458328033,new_lower_rho_same_seed_schedule,False,4,4.945428752531954,0.9436666666666667,2831,0.056333333333333346,10.714285714285714,280,1,97,2.243238919206231,False,-1.8301427057960789,False,ok,,0.001271958986762911
30,5,Normal,3000,5,0.3,11,2026105711,6.775571458328033,new_lower_rho_same_seed_schedule,False,5,4.14222166259652,0.8793333333333333,2638,0.1206666666666667,6.172839506172839,486,1,197,2.5395467522889135,False,-2.6333497957315126,False,ok,,0.001385584007948637
30,5,Normal,3000,5,0.3,11,2026105711,6.775571458328033,new_lower_rho_same_seed_schedule,False,6,3.1424862488518723,0.8113333333333334,2434,0.18866666666666665,4.098360655737705,732,1,333,2.79551653556246,False,-3.6330852094761603,False,ok,,0.0017273330013267696
30,5,Normal,3000,5,0.3,11,2026105711,6.775571458328033,new_lower_rho_same_seed_schedule,False,7,2.0433927283650095,0.6966666666666667,2090,0.30333333333333334,2.898550724637681,1035,1,509,2.9294587078551033,False,-4.732178729963023,False,ok,,0.0017169589991681278
30,5,Normal,3000,5,0.3,11,2026105711,6.775571458328033,new_lower_rho_same_seed_schedule,False,8,1.1063292932645088,0.5633333333333334,1690,0.43666666666666665,2.1645021645021645,1386,1,834,2.630790859722849,False,-5.669242165063524,False,ok,,0.0017053749761544168
30,5,Normal,3000,5,0.3,11,2026105711,6.775571458328033,new_lower_rho_same_seed_schedule,False,9,-0.009159911851768482,0.44266666666666665,1328,0.5573333333333333,1.7688679245283019,1696,1,1117,2.3440006534511606,False,-6.784731370179801,False,ok,,0.0016999170184135437
30,5,Normal,3000,5,0.3,11,2026105711,6.775571458328033,new_lower_rho_same_seed_schedule,False,10,-1.0512035730287628,0.31966666666666665,959,0.6803333333333333,1.5228426395939085,1970,1,1395,1.9318292224252576,False,-7.826775031356796,False,ok,,0.0017347910325042903
30,5,Normal,3000,5,0.3,11,2026105711,6.775571458328033,new_lower_rho_same_seed_schedule,False,11,-1.8053564765031005,0.21966666666666668,659,0.7803333333333333,1.3398838767306833,2239,1,1762,1.4758240643764455,False,-8.580927934831132,False,ok,,0.001531834015622735
30,5,Normal,3000,5,0.3,11,2026105711,6.775571458328033,new_lower_rho_same_seed_schedule,False,12,-2.5543606264070746,0.12866666666666668,386,0.8713333333333333,1.2315270935960592,2436,1,2025,1.0004505966751485,False,-9.329932084735107,False,ok,,0.0014444169937632978
30,5,Normal,3000,5,0.3,11,2026105711,6.775571458328033,new_lower_rho_same_seed_schedule,False,13,-3.308666259863285,0.07966666666666666,239,0.9203333333333333,1.1605415860735009,2585,1,2250,0.6971549040320565,False,-10.084237718191318,False,ok,,0.0013463750365190208
30,5,Normal,3000,5,0.3,11,2026105711,6.775571458328033,new_lower_rho_same_seed_schedule,False,14,-3.784652232623152,0.042666666666666665,128,0.9573333333333334,1.1160714285714286,2688,1,2418,0.43894311391187235,False,-10.560223690951185,False,ok,,0.0012790840119123459
30,5,Normal,3000,5,0.3,11,2026105711,6.775571458328033,new_lower_rho_same_seed_schedule,False,15,-4.358230310124139,0.027666666666666666,83,0.9723333333333334,1.0857763300760044,2763,1,2550,0.2962773773881828,False,-11.133801768452171,False,ok,,0.0012123750057071447
30,5,Normal,3000,5,0.3,11,2026105711,6.775571458328033,new_lower_rho_same_seed_schedule,False,16,-3.634798489539631,0.013333333333333334,40,0.9866666666666667,1.0596962204168139,2831,1,2673,0.17005344387650204,False,-10.410369947867665,False,ok,,0.0011938330135308206
30,5,Normal,3000,5,0.3,11,2026105711,6.775571458328033,new_lower_rho_same_seed_schedule,False,17,-4.522652639935475,0.009666666666666667,29,0.9903333333333333,1.0507880910683012,2855,1,2718,0.1418210842464258,False,-11.298224098263507,False,ok,,0.001135124999564141
30,5,Normal,3000,5,0.3,11,2026105711,6.775571458328033,new_lower_rho_same_seed_schedule,False,18,-4.464432208354959,0.005666666666666667,17,0.9943333333333333,1.02880658436214,2916,1,2836,0.07643348782410324,False,-11.240003666682991,False,ok,,0.0010299999848939478
30,5,Normal,3000,5,0.3,11,2026105711,6.775571458328033,new_lower_rho_same_seed_schedule,False,19,-5.340204785242893,0.003,9,0.997,1.0252904989747096,2926,1,2854,0.06001208154905421,False,-12.115776243570926,False,ok,,0.0010186660219915211
30,5,Normal,3000,5,0.3,11,2026105711,6.775571458328033,new_lower_rho_same_seed_schedule,False,20,-5.253261282163488,0.004,12,0.996,1.0200612036722203,2941,1,2884,0.05066856957748245,False,-12.02883274049152,False,ok,,0.0009956249850802124
30,5,Normal,3000,5,0.3,11,2026105711,6.775571458328033,new_lower_rho_same_seed_schedule,False,21,-5.625120190233719,0.0026666666666666666,8,0.9973333333333333,1.0169491525423728,2950,1,2901,0.03815211826297517,False,-12.400691648561752,False,ok,,0.0009902080055326223
30,5,Normal,3000,5,0.3,11,2026105711,6.775571458328033,new_lower_rho_same_seed_schedule,False,22,-1.9782898564367515,0.0003333333333333333,1,0.9996666666666667,1.0118043844856661,2965,1,2930,0.02333333333333332,False,-8.753861314764784,False,ok,,0.0009656249894760549
30,5,Normal,3000,5,0.3,11,2026105711,6.775571458328033,new_lower_rho_same_seed_schedule,False,23,-6.956281485536683,0.0016666666666666668,5,0.9983333333333333,1.0121457489878543,2964,1,2929,0.028818784929641805,False,-13.731852943864716,False,ok,,0.0009688329882919788
30,5,Normal,3000,5,0.3,11,2026105711,6.775571458328033,new_lower_rho_same_seed_schedule,False,24,-8.954214133414299,0.0003333333333333333,1,0.9996666666666667,1.0087424344317417,2974,1,2948,0.017333333333333326,False,-15.729785591742331,False,ok,,0.0009510419913567603
30,5,Normal,3000,5,0.3,11,2026105711,6.775571458328033,new_lower_rho_same_seed_schedule,False,25,0.0,0.0,0,1.0,1.0053619302949062,2984,1,2968,0.010666666666666663,False,-6.775571458328033,True,ok,,0.000954790972173214
30,5,Normal,3000,5,0.3,11,2026105711,6.775571458328033,new_lower_rho_same_seed_schedule,False,26,-6.130207002152693,0.0003333333333333333,1,0.9996666666666667,1.0046885465505693,2986,1,2972,0.009333333333333332,False,-12.905778460480725,False,ok,,0.0009443750022910535
30,5,Normal,3000,5,0.3,11,2026105711,6.775571458328033,new_lower_rho_same_seed_schedule,False,27,-3.8270187396600193,0.0003333333333333333,1,0.9996666666666667,1.0040160642570282,2988,1,2976,0.007999999999999998,False,-10.602590197988052,False,ok,,0.0009309170418418944
30,5,Normal,3000,5,0.3,11,2026105711,6.775571458328033,new_lower_rho_same_seed_schedule,False,28,-5.477251104002193,0.0006666666666666666,2,0.9993333333333333,1.0050251256281406,2985,1,2970,0.009999999999999997,False,-12.252822562330227,False,ok,,0.0009699590154923499
30,5,Normal,3000,5,0.3,11,2026105711,6.775571458328033,new_lower_rho_same_seed_schedule,False,29,0.0,0.0,0,1.0,1.0030090270812437,2991,1,2982,0.006,False,-6.775571458328033,True,ok,,0.001093833998311311
30,5,Normal,3000,5,0.3,11,2026105711,6.775571458328033,new_lower_rho_same_seed_schedule,False,30,-6.174698850800043,0.0003333333333333333,1,0.9996666666666667,1.0023387905111927,2993,1,2986,0.004666666666666667,False,-12.950270309128076,False,ok,,0.000978332944214344
30,5,Normal,3000,5,0.3,11,2026105711,6.775571458328033,new_lower_rho_same_seed_schedule,False,31,-6.130207002152693,0.0003333333333333333,1,0.9996666666666667,1.0030090270812437,2991,1,2982,0.005999999999999998,False,-12.905778460480725,False,ok,,0.001033709035255015
30,5,Normal,3000,5,0.3,11,2026105711,6.775571458328033,new_lower_rho_same_seed_schedule,False,32,-8.954214133414299,0.0003333333333333333,1,0.9996666666666667,1.002004008016032,2994,1,2988,0.003999999999999999,False,-15.729785591742331,False,ok,,0.00106637499993667
30,5,Normal,3000,5,0.3,11,2026105711,6.775571458328033,new_lower_rho_same_seed_schedule,False,33,0.0,0.0,0,1.0,1.001001001001001,2997,1,2994,0.001999999999999999,False,-6.775571458328033,True,ok,,0.0009963330230675638
30,5,Normal,3000,5,0.3,11,2026105711,6.775571458328033,new_lower_rho_same_seed_schedule,False,34,0.0,0.0,0,1.0,1.0013351134846462,2996,1,2992,0.0026666666666666674,False,-6.775571458328033,True,ok,,0.0009640410426072776
30,5,Normal,3000,5,0.3,11,2026105711,6.775571458328033,new_lower_rho_same_seed_schedule,False,35,0.0,0.0,0,1.0,1.0006671114076051,2998,1,2996,0.001333333333333333,False,-6.775571458328033,True,ok,,0.0009370410116389394
30,5,Normal,3000,5,0.3,11,2026105711,6.775571458328033,new_lower_rho_same_seed_schedule,False,36,0.0,0.0,0,1.0,1.001001001001001,2997,1,2994,0.002,False,-6.775571458328033,True,ok,,0.0009300000383518636
30,5,Normal,3000,5,0.3,11,2026105711,6.775571458328033,new_lower_rho_same_seed_schedule,False,37,0.0,0.0,0,1.0,1.001001001001001,2997,1,2994,0.0019999999999999996,False,-6.775571458328033,True,ok,,0.0009230839787051082
30,5,Normal,3000,5,0.3,11,2026105711,6.775571458328033,new_lower_rho_same_seed_schedule,False,38,0.0,0.0,0,1.0,1.0006671114076051,2998,1,2996,0.0013333333333333337,False,-6.775571458328033,True,ok,,0.0009089579689316452
30,5,Normal,3000,5,0.3,11,2026105711,6.775571458328033,new_lower_rho_same_seed_schedule,False,39,0.0,0.0,0,1.0,1.0006671114076051,2998,1,2996,0.0013333333333333329,False,-6.775571458328033,True,ok,,0.00091608299408108
30,5,Normal,3000,5,0.3,11,2026105711,6.775571458328033,new_lower_rho_same_seed_schedule,False,40,0.0,0.0,0,1.0,1.0006671114076051,2998,1,2996,0.001333333333333334,False,-6.775571458328033,True,ok,,0.0009104579803533852
30,5,Normal,3000,5,0.3,12,2026105712,6.775571458328033,new_lower_rho_same_seed_schedule,False,1,7.1012600637997165,1.0,3000,0.0,3000.0,1,3000,0,1.1469127469654186,False,0.3256886054716839,False,ok,,0.0011657080031000078
30,5,Normal,3000,5,0.3,12,2026105712,6.775571458328033,new_lower_rho_same_seed_schedule,False,2,6.280883512284512,1.0,3000,0.0,93.75,32,13,0,1.6642477205893886,False,-0.49468794604352073,False,ok,,0.001075749984011054
30,5,Normal,3000,5,0.3,12,2026105712,6.775571458328033,new_lower_rho_same_seed_schedule,False,3,5.766715577162991,0.977,2931,0.02300000000000002,22.727272727272727,132,1,29,1.8762050153885836,False,-1.0088558811650419,False,ok,,0.0012097079888917506
30,5,Normal,3000,5,0.3,12,2026105712,6.775571458328033,new_lower_rho_same_seed_schedule,False,4,4.909614307525417,0.9346666666666666,2804,0.06533333333333335,10.169491525423728,295,1,90,2.2342226282331556,False,-1.8659571508026156,False,ok,,0.001303332974202931
30,5,Normal,3000,5,0.3,12,2026105712,6.775571458328033,new_lower_rho_same_seed_schedule,False,5,4.1453161401727865,0.88,2640,0.12,6.134969325153374,489,1,201,2.5670533375972635,False,-2.630255318155246,False,ok,,0.0013904169900342822
30,5,Normal,3000,5,0.3,12,2026105712,6.775571458328033,new_lower_rho_same_seed_schedule,False,6,2.9680054821883974,0.803,2409,0.19699999999999995,3.937007874015748,762,1,348,2.84859467846033,False,-3.807565976139635,False,ok,,0.0015713750035502017
30,5,Normal,3000,5,0.3,12,2026105712,6.775571458328033,new_lower_rho_same_seed_schedule,False,7,1.874012199785321,0.6873333333333334,2062,0.31266666666666665,2.742230347349177,1094,1,579,2.894624245215757,False,-4.9015592585427115,False,ok,,0.001907832978758961
30,5,Normal,3000,5,0.3,12,2026105712,6.775571458328033,new_lower_rho_same_seed_schedule,False,8,0.8077268380780024,0.5596666666666666,1679,0.44033333333333335,2.1082220660576247,1423,1,857,2.750688161457867,False,-5.96784462025003,False,ok,,0.0017430420266464353
30,5,Normal,3000,5,0.3,12,2026105712,6.775571458328033,new_lower_rho_same_seed_schedule,False,9,-0.23123033701984036,0.43233333333333335,1297,0.5676666666666667,1.7381228273464657,1726,1,1131,2.3955406230161453,False,-7.006801795347873,False,ok,,0.0017815829487517476
30,5,Normal,3000,5,0.3,12,2026105712,6.775571458328033,new_lower_rho_same_seed_schedule,False,10,-1.1826215591003422,0.29233333333333333,877,0.7076666666666667,1.4749262536873156,2034,1,1479,1.795945014691864,False,-7.958193017428375,False,ok,,0.0016662090201862156
30,5,Normal,3000,5,0.3,12,2026105712,6.775571458328033,new_lower_rho_same_seed_schedule,False,11,-2.0232924902222593,0.20333333333333334,610,0.7966666666666666,1.3256738842244808,2263,1,1775,1.4343956818570924,False,-8.798863948550292,False,ok,,0.0015486250049434602
30,5,Normal,3000,5,0.3,12,2026105712,6.775571458328033,new_lower_rho_same_seed_schedule,False,12,-2.774027556228812,0.13533333333333333,406,0.8646666666666667,1.2320328542094456,2435,1,2023,1.0400746305005182,False,-9.549599014556845,False,ok,,0.0014462079852819443
30,5,Normal,3000,5,0.3,12,2026105712,6.775571458328033,new_lower_rho_same_seed_schedule,False,13,-3.101553365444277,0.072,216,0.928,1.146350783339702,2617,1,2312,0.6053087720449004,False,-9.87712482377231,False,ok,,0.0013260419946163893
30,5,Normal,3000,5,0.3,12,2026105712,6.775571458328033,new_lower_rho_same_seed_schedule,False,14,-3.7623566114984444,0.042666666666666665,128,0.9573333333333334,1.1066027296200664,2711,1,2464,0.41914459278417876,False,-10.537928069826478,False,ok,,0.001265500031877309
30,5,Normal,3000,5,0.3,12,2026105712,6.775571458328033,new_lower_rho_same_seed_schedule,False,15,-4.225544129867712,0.019666666666666666,59,0.9803333333333333,1.0718113612004287,2799,1,2616,0.22815584355044533,False,-11.001115588195745,False,ok,,0.0011819589999504387
30,5,Normal,3000,5,0.3,12,2026105712,6.775571458328033,new_lower_rho_same_seed_schedule,False,16,-4.139654293538901,0.014,42,0.986,1.056338028169014,2840,1,2690,0.15870319161348964,False,-10.915225751866934,False,ok,,0.0011280839680694044
30,5,Normal,3000,5,0.3,12,2026105712,6.775571458328033,new_lower_rho_same_seed_schedule,False,17,-3.848457724247255,0.010333333333333333,31,0.9896666666666667,1.0460251046025104,2868,1,2747,0.1271669030227057,False,-10.624029182575288,False,ok,,0.0013011660194024444
30,5,Normal,3000,5,0.3,12,2026105712,6.775571458328033,new_lower_rho_same_seed_schedule,False,18,-5.142461414938228,0.006666666666666667,20,0.9933333333333333,1.0298661174047374,2913,1,2830,0.08237599446891182,False,-11.91803287326626,False,ok,,0.0011856250348500907
30,5,Normal,3000,5,0.3,12,2026105712,6.775571458328033,new_lower_rho_same_seed_schedule,False,19,-4.7377577988486985,0.004,12,0.996,1.0252904989747096,2926,1,2855,0.06920550475814655,False,-11.513329257176732,False,ok,,0.0010561670060269535
30,5,Normal,3000,5,0.3,12,2026105712,6.775571458328033,new_lower_rho_same_seed_schedule,False,20,-5.478576908338402,0.005,15,0.995,1.0224948875255624,2934,1,2871,0.06415918537603837,False,-12.254148366666435,False,ok,,0.0010266670142300427
30,5,Normal,3000,5,0.3,12,2026105712,6.775571458328033,new_lower_rho_same_seed_schedule,False,21,0.0,0.0,0,1.0,1.015572105619499,2954,1,2908,0.030666666666666648,False,-6.775571458328033,True,ok,,0.001006915990728885
30,5,Normal,3000,5,0.3,12,2026105712,6.775571458328033,new_lower_rho_same_seed_schedule,False,22,-4.406435889594702,0.0006666666666666666,2,0.9993333333333333,1.0111223458038423,2967,1,2934,0.02199999999999999,False,-11.182007347922735,False,ok,,0.000984499987680465
30,5,Normal,3000,5,0.3,12,2026105712,6.775571458328033,new_lower_rho_same_seed_schedule,False,23,-10.71132549784157,0.0003333333333333333,1,0.9996666666666667,1.0087424344317417,2974,1,2948,0.017333333333333326,False,-17.486896956169602,False,ok,,0.000978041032794863
30,5,Normal,3000,5,0.3,12,2026105712,6.775571458328033,new_lower_rho_same_seed_schedule,False,24,-2.1453531036893834,0.0003333333333333333,1,0.9996666666666667,1.0080645161290323,2976,1,2952,0.015999999999999993,False,-8.920924562017415,False,ok,,0.0009736670181155205
30,5,Normal,3000,5,0.3,12,2026105712,6.775571458328033,new_lower_rho_same_seed_schedule,False,25,-4.993213237687456,0.0003333333333333333,1,0.9996666666666667,1.0063737001006374,2981,1,2962,0.012666666666666661,False,-11.768784696015489,False,ok,,0.0009552919655106962
30,5,Normal,3000,5,0.3,12,2026105712,6.775571458328033,new_lower_rho_same_seed_schedule,False,26,0.0,0.0,0,1.0,1.0030090270812437,2991,1,2982,0.005999999999999997,False,-6.775571458328033,True,ok,,0.0009487919742241502
30,5,Normal,3000,5,0.3,12,2026105712,6.775571458328033,new_lower_rho_same_seed_schedule,False,27,0.0,0.0,0,1.0,1.0053619302949062,2984,1,2968,0.010666666666666663,False,-6.775571458328033,True,ok,,0.0009511660318821669
30,5,Normal,3000,5,0.3,12,2026105712,6.775571458328033,new_lower_rho_same_seed_schedule,False,28,0.0,0.0,0,1.0,1.0023387905111927,2993,1,2986,0.004666666666666665,False,-6.775571458328033,True,ok,,0.0009324999991804361
30,5,Normal,3000,5,0.3,12,2026105712,6.775571458328033,new_lower_rho_same_seed_schedule,False,29,0.0,0.0,0,1.0,1.0033444816053512,2990,1,2980,0.006666666666666665,False,-6.775571458328033,True,ok,,0.0010198329691775143
30,5,Normal,3000,5,0.3,12,2026105712,6.775571458328033,new_lower_rho_same_seed_schedule,False,30,0.0,0.0,0,1.0,1.002004008016032,2994,1,2988,0.003999999999999999,False,-6.775571458328033,True,ok,,0.0009311669855378568
30,5,Normal,3000,5,0.3,12,2026105712,6.775571458328033,new_lower_rho_same_seed_schedule,False,31,-5.7235218219919695,0.0003333333333333333,1,0.9996666666666667,1.0006671114076051,2998,1,2996,0.0013333333333333329,False,-12.499093280320002,False,ok,,0.0009216659818775952
30,5,Normal,3000,5,0.3,12,2026105712,6.775571458328033,new_lower_rho_same_seed_schedule,False,32,0.0,0.0,0,1.0,1.0036801605888257,2989,1,2978,0.007333333333333331,False,-6.775571458328033,True,ok,,0.0009281659731641412
30,5,Normal,3000,5,0.3,12,2026105712,6.775571458328033,new_lower_rho_same_seed_schedule,False,33,0.0,0.0,0,1.0,1.0006671114076051,2998,1,2996,0.0013333333333333329,False,-6.775571458328033,True,ok,,0.000919374986551702
30,5,Normal,3000,5,0.3,12,2026105712,6.775571458328033,new_lower_rho_same_seed_schedule,False,34,0.0,0.0,0,1.0,1.0023387905111927,2993,1,2986,0.0046666666666666645,False,-6.775571458328033,True,ok,,0.0009275000193156302
30,5,Normal,3000,5,0.3,12,2026105712,6.775571458328033,new_lower_rho_same_seed_schedule,False,35,0.0,0.0,0,1.0,1.001001001001001,2997,1,2994,0.002,False,-6.775571458328033,True,ok,,0.0010587499709799886
30,5,Normal,3000,5,0.3,12,2026105712,6.775571458328033,new_lower_rho_same_seed_schedule,False,36,0.0,0.0,0,1.0,1.0013351134846462,2996,1,2992,0.0026666666666666666,False,-6.775571458328033,True,ok,,0.0009655830217525363
30,5,Normal,3000,5,0.3,12,2026105712,6.775571458328033,new_lower_rho_same_seed_schedule,False,37,0.0,0.0,0,1.0,1.0,3000,1,3000,0.0,False,-6.775571458328033,True,ok,,0.0009609170374460518
30,5,Normal,3000,5,0.3,12,2026105712,6.775571458328033,new_lower_rho_same_seed_schedule,False,38,0.0,0.0,0,1.0,1.0,3000,1,3000,0.0,False,-6.775571458328033,True,ok,,0.0009227079572156072
30,5,Normal,3000,5,0.3,12,2026105712,6.775571458328033,new_lower_rho_same_seed_schedule,False,39,0.0,0.0,0,1.0,1.0,3000,1,3000,0.0,False,-6.775571458328033,True,ok,,0.0009209159761667252
30,5,Normal,3000,5,0.3,12,2026105712,6.775571458328033,new_lower_rho_same_seed_schedule,False,40,0.0,0.0,0,1.0,1.0006671114076051,2998,1,2996,0.0013333333333333335,False,-6.775571458328033,True,ok,,0.0009287089924328029
30,5,Normal,3000,5,0.3,13,2026105713,6.775571458328033,new_lower_rho_same_seed_schedule,False,1,7.07349857461184,1.0,3000,0.0,3000.0,1,3000,0,1.1422222422233779,False,0.2979271162838071,False,ok,,0.0011659580050036311
30,5,Normal,3000,5,0.3,13,2026105713,6.775571458328033,new_lower_rho_same_seed_schedule,False,2,6.252865126036881,1.0,3000,0.0,93.75,32,27,0,1.6805271850952916,False,-0.5227063322911514,False,ok,,0.0010762920137494802
30,5,Normal,3000,5,0.3,13,2026105713,6.775571458328033,new_lower_rho_same_seed_schedule,False,3,5.76160753838576,0.9833333333333333,2950,0.01666666666666672,25.0,120,1,22,1.9025711326729189,False,-1.013963919942273,False,ok,,0.0012004589661955833
30,5,Normal,3000,5,0.3,13,2026105713,6.775571458328033,new_lower_rho_same_seed_schedule,False,4,5.0392783143385245,0.9343333333333333,2803,0.06566666666666665,10.526315789473685,285,1,99,2.2322947121746957,False,-1.7362931439895082,False,ok,,0.0012897090055048466
30,5,Normal,3000,5,0.3,13,2026105713,6.775571458328033,new_lower_rho_same_seed_schedule,False,5,4.163351927287867,0.8823333333333333,2647,0.1176666666666667,6.147540983606557,488,1,210,2.5292703048802836,False,-2.6122195310401652,False,ok,,0.00148229202022776
30,5,Normal,3000,5,0.3,13,2026105713,6.775571458328033,new_lower_rho_same_seed_schedule,False,6,3.084555364176577,0.8016666666666666,2405,0.19833333333333336,3.952569169960474,759,1,358,2.815881458890161,False,-3.691016094151456,False,ok,,0.0020009169820696115
30,5,Normal,3000,5,0.3,13,2026105713,6.775571458328033,new_lower_rho_same_seed_schedule,False,7,1.9742766994022405,0.6916666666666667,2075,0.30833333333333335,2.7881040892193307,1076,1,568,2.8747621293760783,False,-4.801294758925792,False,ok,,0.0018149579991586506
30,5,Normal,3000,5,0.3,13,2026105713,6.775571458328033,new_lower_rho_same_seed_schedule,False,8,0.9197888608163325,0.5613333333333334,1684,0.43866666666666665,2.1352313167259784,1405,1,833,2.7225152804681003,False,-5.8557825975117,False,ok,,0.0016626249998807907
30,5,Normal,3000,5,0.3,13,2026105713,6.775571458328033,new_lower_rho_same_seed_schedule,False,9,-0.3185726153441743,0.42433333333333334,1273,0.5756666666666667,1.757469244288225,1707,1,1080,2.384263782508374,False,-7.094144073672207,False,ok,,0.0017259170417673886
30,5,Normal,3000,5,0.3,13,2026105713,6.775571458328033,new_lower_rho_same_seed_schedule,False,10,-1.191292403424946,0.306,918,0.694,1.480019733596448,2027,1,1470,1.934592916466765,False,-7.966863861752978,False,ok,,0.001601582975126803
30,5,Normal,3000,5,0.3,13,2026105713,6.775571458328033,new_lower_rho_same_seed_schedule,False,11,-1.9342076876239762,0.20933333333333334,628,0.7906666666666666,1.3410818059901655,2237,1,1737,1.471517668697495,False,-8.709779145952009,False,ok,,0.001527792017441243
30,5,Normal,3000,5,0.3,13,2026105713,6.775571458328033,new_lower_rho_same_seed_schedule,False,12,-2.644430345363615,0.11466666666666667,344,0.8853333333333333,1.2205044751830756,2458,1,2047,0.924821652977699,False,-9.420001803691648,False,ok,,0.001420375017914921
30,5,Normal,3000,5,0.3,13,2026105713,6.775571458328033,new_lower_rho_same_seed_schedule,False,13,-3.2177356922136804,0.074,222,0.926,1.1556240369799693,2596,1,2266,0.6592212444955017,False,-9.993307150541714,False,ok,,0.001311665982939303
30,5,Normal,3000,5,0.3,13,2026105713,6.775571458328033,new_lower_rho_same_seed_schedule,False,14,-3.7820325279168414,0.03666666666666667,110,0.9633333333333334,1.1082379017362394,2707,1,2446,0.37849705418022583,False,-10.557603986244875,False,ok,,0.0012457079719752073
30,5,Normal,3000,5,0.3,13,2026105713,6.775571458328033,new_lower_rho_same_seed_schedule,False,15,-3.8235603683893293,0.026,78,0.974,1.079136690647482,2780,1,2583,0.2807467919382704,False,-10.599131826717361,False,ok,,0.0011645840131677687
30,5,Normal,3000,5,0.3,13,2026105713,6.775571458328033,new_lower_rho_same_seed_schedule,False,16,-4.796433760553124,0.013333333333333334,40,0.9866666666666667,1.053370786516854,2848,1,2708,0.1773211381664932,False,-11.572005218881156,False,ok,,0.001100707973819226
30,5,Normal,3000,5,0.3,13,2026105713,6.775571458328033,new_lower_rho_same_seed_schedule,False,17,-4.718320677915186,0.004333333333333333,13,0.9956666666666667,1.0460251046025104,2868,1,2739,0.10956830444898155,False,-11.493892136243218,False,ok,,0.0010780420270748436
30,5,Normal,3000,5,0.3,13,2026105713,6.775571458328033,new_lower_rho_same_seed_schedule,False,18,-4.918924496008372,0.004333333333333333,13,0.9956666666666667,1.032346868547832,2906,1,2815,0.078843015982759,False,-11.694495954336404,False,ok,,0.001035208988469094
30,5,Normal,3000,5,0.3,13,2026105713,6.775571458328033,new_lower_rho_same_seed_schedule,False,19,-5.4466947712117655,0.005333333333333333,16,0.9946666666666667,1.0228435049437437,2933,1,2870,0.07504493469924252,False,-12.222266229539798,False,ok,,0.0010079999919980764
30,5,Normal,3000,5,0.3,13,2026105713,6.775571458328033,new_lower_rho_same_seed_schedule,False,20,-4.456487271363725,0.0036666666666666666,11,0.9963333333333333,1.0211027910142954,2938,1,2878,0.05102561020426677,False,-11.232058729691758,False,ok,,0.001120000029914081
30,5,Normal,3000,5,0.3,13,2026105713,6.775571458328033,new_lower_rho_same_seed_schedule,False,21,-4.275979079220982,0.001,3,0.999,1.013856032443393,2959,1,2918,0.027333333333333317,False,-11.051550537549016,False,ok,,0.0010167919681407511
30,5,Normal,3000,5,0.3,13,2026105713,6.775571458328033,new_lower_rho_same_seed_schedule,False,22,-5.821528807094389,0.003,9,0.997,1.015228426395939,2955,1,2913,0.0466145438348393,False,-12.597100265422423,False,ok,,0.0010043749934993684
30,5,Normal,3000,5,0.3,13,2026105713,6.775571458328033,new_lower_rho_same_seed_schedule,False,23,-4.578750926248942,0.0003333333333333333,1,0.9996666666666667,1.0114632501685772,2966,1,2932,0.022666666666666654,False,-11.354322384576975,False,ok,,0.0009728329605422914
30,5,Normal,3000,5,0.3,13,2026105713,6.775571458328033,new_lower_rho_same_seed_schedule,False,24,-5.870865331774811,0.0016666666666666668,5,0.9983333333333333,1.0087424344317417,2974,1,2949,0.02219504874567991,False,-12.646436790102843,False,ok,,0.0009643340017646551
30,5,Normal,3000,5,0.3,13,2026105713,6.775571458328033,new_lower_rho_same_seed_schedule,False,25,-10.631214514481305,0.0003333333333333333,1,0.9996666666666667,1.0067114093959733,2980,1,2960,0.013333333333333329,False,-17.406785972809338,False,ok,,0.0009502079919911921
30,5,Normal,3000,5,0.3,13,2026105713,6.775571458328033,new_lower_rho_same_seed_schedule,False,26,-5.891694798485813,0.001,3,0.999,1.0050251256281406,2985,1,2971,0.01601977522504061,False,-12.667266256813846,False,ok,,0.0009374159853905439
30,5,Normal,3000,5,0.3,13,2026105713,6.775571458328033,new_lower_rho_same_seed_schedule,False,27,0.0,0.0,0,1.0,1.004352192835621,2987,1,2974,0.008666666666666666,False,-6.775571458328033,True,ok,,0.0009383340366184711
30,5,Normal,3000,5,0.3,13,2026105713,6.775571458328033,new_lower_rho_same_seed_schedule,False,28,-4.398402239836949,0.0006666666666666666,2,0.9993333333333333,1.0036801605888257,2989,1,2978,0.007333333333333333,False,-11.173973698164982,False,ok,,0.0009254579781554639
30,5,Normal,3000,5,0.3,13,2026105713,6.775571458328033,new_lower_rho_same_seed_schedule,False,29,0.0,0.0,0,1.0,1.001669449081803,2995,1,2990,0.0033333333333333327,False,-6.775571458328033,True,ok,,0.0009155840380117297
30,5,Normal,3000,5,0.3,13,2026105713,6.775571458328033,new_lower_rho_same_seed_schedule,False,30,0.0,0.0,0,1.0,1.0053619302949062,2984,1,2968,0.010666666666666665,False,-6.775571458328033,True,ok,,0.0009357919916510582
30,5,Normal,3000,5,0.3,13,2026105713,6.775571458328033,new_lower_rho_same_seed_schedule,False,31,0.0,0.0,0,1.0,1.001001001001001,2997,1,2994,0.002,False,-6.775571458328033,True,ok,,0.0009461659938097
30,5,Normal,3000,5,0.3,13,2026105713,6.775571458328033,new_lower_rho_same_seed_schedule,False,32,0.0,0.0,0,1.0,1.0006671114076051,2998,1,2996,0.0013333333333333329,False,-6.775571458328033,True,ok,,0.0009723749826662242
30,5,Normal,3000,5,0.3,13,2026105713,6.775571458328033,new_lower_rho_same_seed_schedule,False,33,-7.627501108555922,0.0003333333333333333,1,0.9996666666666667,1.001669449081803,2995,1,2990,0.003333333333333333,False,-14.403072566883955,False,ok,,0.0010731249931268394
30,5,Normal,3000,5,0.3,13,2026105713,6.775571458328033,new_lower_rho_same_seed_schedule,False,34,0.0,0.0,0,1.0,1.0023387905111927,2993,1,2986,0.004666666666666667,False,-6.775571458328033,True,ok,,0.0010133339674212039
30,5,Normal,3000,5,0.3,13,2026105713,6.775571458328033,new_lower_rho_same_seed_schedule,False,35,0.0,0.0,0,1.0,1.001669449081803,2995,1,2990,0.0033333333333333327,False,-6.775571458328033,True,ok,,0.0009768329910002649
30,5,Normal,3000,5,0.3,13,2026105713,6.775571458328033,new_lower_rho_same_seed_schedule,False,36,-7.627501108555922,0.0003333333333333333,1,0.9996666666666667,1.001001001001001,2997,1,2994,0.0019999999999999996,False,-14.403072566883955,False,ok,,0.001065709046088159
30,5,Normal,3000,5,0.3,13,2026105713,6.775571458328033,new_lower_rho_same_seed_schedule,False,37,0.0,0.0,0,1.0,1.0013351134846462,2996,1,2992,0.002666666666666667,False,-6.775571458328033,True,ok,,0.0009522080072201788
30,5,Normal,3000,5,0.3,13,2026105713,6.775571458328033,new_lower_rho_same_seed_schedule,False,38,0.0,0.0,0,1.0,1.0006671114076051,2998,1,2996,0.0013333333333333326,False,-6.775571458328033,True,ok,,0.001039791968651116
30,5,Normal,3000,5,0.3,13,2026105713,6.775571458328033,new_lower_rho_same_seed_schedule,False,39,0.0,0.0,0,1.0,1.001669449081803,2995,1,2990,0.0033333333333333335,False,-6.775571458328033,True,ok,,0.0010006250231526792
30,5,Normal,3000,5,0.3,13,2026105713,6.775571458328033,new_lower_rho_same_seed_schedule,False,40,0.0,0.0,0,1.0,1.0003334444814937,2999,1,2998,0.0006666666666666663,False,-6.775571458328033,True,ok,,0.000955207971855998
30,5,Normal,3000,5,0.3,14,2026105714,6.775571458328033,new_lower_rho_same_seed_schedule,False,1,7.038982249880537,1.0,3000,0.0,3000.0,1,3000,0,1.142703257422292,False,0.2634107915525039,False,ok,,0.0011804999667219818
30,5,Normal,3000,5,0.3,14,2026105714,6.775571458328033,new_lower_rho_same_seed_schedule,False,2,6.234469849510439,1.0,3000,0.0,93.75,32,13,0,1.6725519232784827,False,-0.541101608817594,False,ok,,0.001118082960601896
30,5,Normal,3000,5,0.3,14,2026105714,6.775571458328033,new_lower_rho_same_seed_schedule,False,3,5.674528057704683,0.9843333333333333,2953,0.015666666666666718,23.62204724409449,127,1,28,1.9006827465028264,False,-1.1010434006233494,False,ok,,0.0012398340040817857
30,5,Normal,3000,5,0.3,14,2026105714,6.775571458328033,new_lower_rho_same_seed_schedule,False,4,4.970870164880531,0.945,2835,0.05500000000000005,10.94890510948905,274,1,93,2.2378925290301765,False,-1.8047012934475015,False,ok,,0.001292874978389591
30,5,Normal,3000,5,0.3,14,2026105714,6.775571458328033,new_lower_rho_same_seed_schedule,False,5,4.058671777165864,0.883,2649,0.11699999999999999,6.172839506172839,486,1,194,2.579591821601183,False,-2.716899681162169,False,ok,,0.0014001670060679317
30,5,Normal,3000,5,0.3,14,2026105714,6.775571458328033,new_lower_rho_same_seed_schedule,False,6,3.02478421961876,0.7916666666666666,2375,0.20833333333333337,3.8314176245210727,783,1,378,2.8193451650723538,False,-3.7507872387092727,False,ok,,0.0016774169635027647
30,5,Normal,3000,5,0.3,14,2026105714,6.775571458328033,new_lower_rho_same_seed_schedule,False,7,1.8584512039266585,0.6873333333333334,2062,0.31266666666666665,2.7777777777777777,1080,1,564,2.919056668423074,False,-4.917120254401374,False,ok,,0.0019332499941810966
30,5,Normal,3000,5,0.3,14,2026105714,6.775571458328033,new_lower_rho_same_seed_schedule,False,8,0.8161571704092739,0.5543333333333333,1663,0.44566666666666666,2.1141649048625792,1419,1,836,2.6824752303392434,False,-5.959414287918759,False,ok,,0.0019632079638540745
30,5,Normal,3000,5,0.3,14,2026105714,6.775571458328033,new_lower_rho_same_seed_schedule,False,9,-0.2143826277856943,0.41733333333333333,1252,0.5826666666666667,1.7006802721088434,1764,1,1194,2.3010106409223803,False,-6.989954086113727,False,ok,,0.0016743330052122474
30,5,Normal,3000,5,0.3,14,2026105714,6.775571458328033,new_lower_rho_same_seed_schedule,False,10,-1.0043206203631991,0.281,843,0.719,1.4713094654242276,2039,1,1476,1.7641768545850034,False,-7.779892078691232,False,ok,,0.0016174580086953938
30,5,Normal,3000,5,0.3,14,2026105714,6.775571458328033,new_lower_rho_same_seed_schedule,False,11,-2.037174456587622,0.19566666666666666,587,0.8043333333333333,1.3309671694764862,2254,1,1750,1.4026701740874348,False,-8.812745914915656,False,ok,,0.0015163749922066927
30,5,Normal,3000,5,0.3,14,2026105714,6.775571458328033,new_lower_rho_same_seed_schedule,False,12,-2.3670368462314326,0.116,348,0.884,1.2160518848804216,2467,1,2071,0.893753483874366,False,-9.142608304559465,False,ok,,0.001397875021211803
30,5,Normal,3000,5,0.3,14,2026105714,6.775571458328033,new_lower_rho_same_seed_schedule,False,13,-3.0026091238576607,0.06133333333333333,184,0.9386666666666666,1.147227533460803,2615,1,2293,0.5655043298467588,False,-9.778180582185694,False,ok,,0.0012825420126318932
30,5,Normal,3000,5,0.3,14,2026105714,6.775571458328033,new_lower_rho_same_seed_schedule,False,14,-3.153659059687206,0.046,138,0.954,1.1078286558345642,2708,1,2465,0.40974812290997487,False,-9.929230518015238,False,ok,,0.0011945830192416906
30,5,Normal,3000,5,0.3,14,2026105714,6.775571458328033,new_lower_rho_same_seed_schedule,False,15,-4.1045090700092395,0.01633333333333333,49,0.9836666666666667,1.0668563300142246,2812,1,2640,0.20621346512064467,False,-10.880080528337272,False,ok,,0.001114458020310849
30,5,Normal,3000,5,0.3,14,2026105714,6.775571458328033,new_lower_rho_same_seed_schedule,False,16,-4.704013080941334,0.012333333333333333,37,0.9876666666666667,1.054481546572935,2845,1,2700,0.16074357360185582,False,-11.479584539269368,False,ok,,0.0010886670206673443
30,5,Normal,3000,5,0.3,14,2026105714,6.775571458328033,new_lower_rho_same_seed_schedule,False,17,-3.701133079841354,0.01,30,0.99,1.0442046641141665,2873,1,2754,0.12345563563585914,False,-10.476704538169386,False,ok,,0.0010437919991090894
30,5,Normal,3000,5,0.3,14,2026105714,6.775571458328033,new_lower_rho_same_seed_schedule,False,18,-4.5335803062060736,0.0023333333333333335,7,0.9976666666666667,1.0305736860185504,2911,1,2823,0.06757480092903652,False,-11.309151764534107,False,ok,,0.0010094580356962979
30,5,Normal,3000,5,0.3,14,2026105714,6.775571458328033,new_lower_rho_same_seed_schedule,False,19,-6.204778709016739,0.0023333333333333335,7,0.9976666666666667,1.0228435049437437,2933,1,2868,0.056636897977853304,False,-12.98035016734477,False,ok,,0.000974374997895211
30,5,Normal,3000,5,0.3,14,2026105714,6.775571458328033,new_lower_rho_same_seed_schedule,False,20,-7.400459155103532,0.001,3,0.999,1.015228426395939,2955,1,2910,0.029999999999999985,False,-14.176030613431564,False,ok,,0.0009492500103078783
30,5,Normal,3000,5,0.3,14,2026105714,6.775571458328033,new_lower_rho_same_seed_schedule,False,21,-6.343549246971328,0.0016666666666666668,5,0.9983333333333333,1.0141987829614605,2958,1,2917,0.03306166119136594,False,-13.11912070529936,False,ok,,0.0009426670148968697
30,5,Normal,3000,5,0.3,14,2026105714,6.775571458328033,new_lower_rho_same_seed_schedule,False,22,-6.776633670829364,0.0006666666666666666,2,0.9993333333333333,1.013856032443393,2959,1,2918,0.02733333333333332,False,-13.552205129157397,False,ok,,0.0009400839917361736
30,5,Normal,3000,5,0.3,14,2026105714,6.775571458328033,new_lower_rho_same_seed_schedule,False,23,-7.856327729524432,0.0013333333333333333,4,0.9986666666666667,1.0097610232245036,2971,1,2943,0.024682293969585437,False,-14.631899187852465,False,ok,,0.001055833010468632
30,5,Normal,3000,5,0.3,14,2026105714,6.775571458328033,new_lower_rho_same_seed_schedule,False,24,0.0,0.0,0,1.0,1.0067114093959733,2980,1,2960,0.013333333333333329,False,-6.775571458328033,True,ok,,0.001115625025704503
30,5,Normal,3000,5,0.3,14,2026105714,6.775571458328033,new_lower_rho_same_seed_schedule,False,25,-6.60318025230876,0.0003333333333333333,1,0.9996666666666667,1.0056989607777405,2983,1,2966,0.011333333333333329,False,-13.378751710636791,False,ok,,0.0010364580084569752
30,5,Normal,3000,5,0.3,14,2026105714,6.775571458328033,new_lower_rho_same_seed_schedule,False,26,0.0,0.0,0,1.0,1.0053619302949062,2984,1,2968,0.010666666666666666,False,-6.775571458328033,True,ok,,0.0010049170232377946
30,5,Normal,3000,5,0.3,14,2026105714,6.775571458328033,new_lower_rho_same_seed_schedule,False,27,-6.60318025230876,0.0003333333333333333,1,0.9996666666666667,1.0046885465505693,2986,1,2972,0.009333333333333334,False,-13.378751710636791,False,ok,,0.0009884580504149199
30,5,Normal,3000,5,0.3,14,2026105714,6.775571458328033,new_lower_rho_same_seed_schedule,False,28,0.0,0.0,0,1.0,1.004352192835621,2987,1,2974,0.008666666666666666,False,-6.775571458328033,True,ok,,0.0009839169797487557
30,5,Normal,3000,5,0.3,14,2026105714,6.775571458328033,new_lower_rho_same_seed_schedule,False,29,0.0,0.0,0,1.0,1.0036801605888257,2989,1,2978,0.0073333333333333315,False,-6.775571458328033,True,ok,,0.0009686670382507145
30,5,Normal,3000,5,0.3,14,2026105714,6.775571458328033,new_lower_rho_same_seed_schedule,False,30,-7.105365973442018,0.0006666666666666666,2,0.9993333333333333,1.002004008016032,2994,1,2988,0.004000000000000001,False,-13.88093743177005,False,ok,,0.0009597919997759163
30,5,Normal,3000,5,0.3,14,2026105714,6.775571458328033,new_lower_rho_same_seed_schedule,False,31,-8.82780301479107,0.0003333333333333333,1,0.9996666666666667,1.001669449081803,2995,1,2990,0.003333333333333333,False,-15.603374473119104,False,ok,,0.000950540998019278
30,5,Normal,3000,5,0.3,14,2026105714,6.775571458328033,new_lower_rho_same_seed_schedule,False,32,-7.105365973442018,0.0006666666666666666,2,0.9993333333333333,1.001669449081803,2995,1,2990,0.0033333333333333327,False,-13.88093743177005,False,ok,,0.0009520419989712536
30,5,Normal,3000,5,0.3,14,2026105714,6.775571458328033,new_lower_rho_same_seed_schedule,False,33,-8.82780301479107,0.0003333333333333333,1,0.9996666666666667,1.002004008016032,2994,1,2988,0.004,False,-15.603374473119104,False,ok,,0.000950540998019278
30,5,Normal,3000,5,0.3,14,2026105714,6.775571458328033,new_lower_rho_same_seed_schedule,False,34,0.0,0.0,0,1.0,1.001001001001001,2997,1,2994,0.0019999999999999996,False,-6.775571458328033,True,ok,,0.001016082998830825
30,5,Normal,3000,5,0.3,14,2026105714,6.775571458328033,new_lower_rho_same_seed_schedule,False,35,-8.82780301479107,0.0003333333333333333,1,0.9996666666666667,1.0013351134846462,2996,1,2992,0.0026666666666666674,False,-15.603374473119104,False,ok,,0.001041040988638997
30,5,Normal,3000,5,0.3,14,2026105714,6.775571458328033,new_lower_rho_same_seed_schedule,False,36,0.0,0.0,0,1.0,1.0013351134846462,2996,1,2992,0.002666666666666666,False,-6.775571458328033,True,ok,,0.0010064999805763364
30,5,Normal,3000,5,0.3,14,2026105714,6.775571458328033,new_lower_rho_same_seed_schedule,False,37,0.0,0.0,0,1.0,1.0003334444814937,2999,1,2998,0.0006666666666666669,False,-6.775571458328033,True,ok,,0.0010673750075511634
30,5,Normal,3000,5,0.3,14,2026105714,6.775571458328033,new_lower_rho_same_seed_schedule,False,38,0.0,0.0,0,1.0,1.001669449081803,2995,1,2990,0.0033333333333333335,False,-6.775571458328033,True,ok,,0.0009956249850802124
30,5,Normal,3000,5,0.3,14,2026105714,6.775571458328033,new_lower_rho_same_seed_schedule,False,39,0.0,0.0,0,1.0,1.0,3000,1,3000,0.0,False,-6.775571458328033,True,ok,,0.0009747500298544765
30,5,Normal,3000,5,0.3,14,2026105714,6.775571458328033,new_lower_rho_same_seed_schedule,False,40,0.0,0.0,0,1.0,1.0,3000,1,3000,0.0,False,-6.775571458328033,True,ok,,0.0009510839590802789
30,5,Normal,3000,5,0.3,15,2026105715,6.775571458328033,new_lower_rho_same_seed_schedule,False,1,7.131309552871967,1.0,3000,0.0,3000.0,1,3000,0,1.1478999186836507,False,0.3557380945439341,False,ok,,0.0011729159741662443
30,5,Normal,3000,5,0.3,15,2026105715,6.775571458328033,new_lower_rho_same_seed_schedule,False,2,6.275239325770691,1.0,3000,0.0,93.75,32,30,0,1.670096833098728,False,-0.5003321325573413,False,ok,,0.001106874959077686
30,5,Normal,3000,5,0.3,15,2026105715,6.775571458328033,new_lower_rho_same_seed_schedule,False,3,5.855817224161134,0.984,2952,0.016000000000000014,26.08695652173913,115,1,25,1.8263214501892833,False,-0.9197542341668985,False,ok,,0.0011943329591304064
30,5,Normal,3000,5,0.3,15,2026105715,6.775571458328033,new_lower_rho_same_seed_schedule,False,4,5.1270797620016175,0.9443333333333334,2833,0.05566666666666664,11.71875,256,1,84,2.136378015293743,False,-1.6484916963264151,False,ok,,0.0012671250151470304
30,5,Normal,3000,5,0.3,15,2026105715,6.775571458328033,new_lower_rho_same_seed_schedule,False,5,4.344894164503112,0.8946666666666667,2684,0.10533333333333328,6.83371298405467,439,1,177,2.5177073280083704,False,-2.430677293824921,False,ok,,0.0013970829895697534
30,5,Normal,3000,5,0.3,15,2026105715,6.775571458328033,new_lower_rho_same_seed_schedule,False,6,3.4032773343330436,0.824,2472,0.17600000000000005,4.424778761061947,678,1,302,2.7786641734163195,False,-3.372294123994989,False,ok,,0.0014931249897927046
30,5,Normal,3000,5,0.3,15,2026105715,6.775571458328033,new_lower_rho_same_seed_schedule,False,7,2.4738916438726437,0.735,2205,0.265,3.1813361611876987,943,1,467,2.8946038570555364,False,-4.3016798144553885,False,ok,,0.0016759999562054873
30,5,Normal,3000,5,0.3,15,2026105715,6.775571458328033,new_lower_rho_same_seed_schedule,False,8,1.3280931790619308,0.6176666666666667,1853,0.3823333333333333,2.3715415019762847,1265,1,706,2.807373965456128,False,-5.447478279266102,False,ok,,0.0017134170047938824
30,5,Normal,3000,5,0.3,15,2026105715,6.775571458328033,new_lower_rho_same_seed_schedule,False,9,0.2904164726540102,0.486,1458,0.514,1.910828025477707,1570,1,963,2.514794599702046,False,-6.485154985674022,False,ok,,0.001892667030915618
30,5,Normal,3000,5,0.3,15,2026105715,6.775571458328033,new_lower_rho_same_seed_schedule,False,10,-0.7775621783905367,0.36133333333333334,1084,0.6386666666666667,1.589825119236884,1887,1,1309,2.14621113353967,False,-7.553133636718569,False,ok,,0.00172729097539559
30,5,Normal,3000,5,0.3,15,2026105715,6.775571458328033,new_lower_rho_same_seed_schedule,False,11,-1.4004065979814595,0.26566666666666666,797,0.7343333333333333,1.4265335235378032,2103,1,1559,1.71592494841369,False,-8.175978056309493,False,ok,,0.0016413750126957893
30,5,Normal,3000,5,0.3,15,2026105715,6.775571458328033,new_lower_rho_same_seed_schedule,False,12,-2.179904859800268,0.15066666666666667,452,0.8493333333333333,1.2733446519524618,2356,1,1903,1.1161381325264692,False,-8.955476318128301,False,ok,,0.0015068339998833835
30,5,Normal,3000,5,0.3,15,2026105715,6.775571458328033,new_lower_rho_same_seed_schedule,False,13,-2.8021868155602703,0.111,333,0.889,1.214574898785425,2470,1,2065,0.8919637202291574,False,-9.577758273888303,False,ok,,0.0014433329924941063
30,5,Normal,3000,5,0.3,15,2026105715,6.775571458328033,new_lower_rho_same_seed_schedule,False,14,-2.9155785341619596,0.064,192,0.9359999999999999,1.1446012972148034,2621,1,2312,0.5862288665642141,False,-9.691149992489992,False,ok,,0.0013287499896250665
30,5,Normal,3000,5,0.3,15,2026105715,6.775571458328033,new_lower_rho_same_seed_schedule,False,15,-3.626204890759821,0.03266666666666666,98,0.9673333333333334,1.1021307861866274,2722,1,2477,0.35248247147433365,False,-10.401776349087854,False,ok,,0.0012301660026423633
30,5,Normal,3000,5,0.3,15,2026105715,6.775571458328033,new_lower_rho_same_seed_schedule,False,16,-4.012096505856471,0.02266666666666667,68,0.9773333333333334,1.0706638115631693,2802,1,2624,0.23471907799957292,False,-10.787667964184504,False,ok,,0.0011583750019781291
30,5,Normal,3000,5,0.3,15,2026105715,6.775571458328033,new_lower_rho_same_seed_schedule,False,17,-4.606035551077609,0.010666666666666666,32,0.9893333333333333,1.0626992561105206,2823,1,2653,0.16185662652076344,False,-11.381607009405641,False,ok,,0.0011343330261297524
30,5,Normal,3000,5,0.3,15,2026105715,6.775571458328033,new_lower_rho_same_seed_schedule,False,18,-4.288042861393405,0.012,36,0.988,1.0463899546564353,2867,1,2742,0.13928751095133335,False,-11.063614319721438,False,ok,,0.0010957919876091182
30,5,Normal,3000,5,0.3,15,2026105715,6.775571458328033,new_lower_rho_same_seed_schedule,False,19,-4.746497068009879,0.005666666666666667,17,0.9943333333333333,1.0327022375215147,2905,1,2813,0.08126004796528748,False,-11.522068526337911,False,ok,,0.0014573329826816916
30,5,Normal,3000,5,0.3,15,2026105715,6.775571458328033,new_lower_rho_same_seed_schedule,False,20,-4.975086355010128,0.004333333333333333,13,0.9956666666666667,1.0242403550699897,2929,1,2861,0.06481156379812719,False,-11.750657813338162,False,ok,,0.001136207953095436
30,5,Normal,3000,5,0.3,15,2026105715,6.775571458328033,new_lower_rho_same_seed_schedule,False,21,-5.095907597601981,0.0016666666666666668,5,0.9983333333333333,1.0186757215619695,2945,1,2890,0.036666666666666674,False,-11.871479055930013,False,ok,,0.0011457920190878212
30,5,Normal,3000,5,0.3,15,2026105715,6.775571458328033,new_lower_rho_same_seed_schedule,False,22,-4.641353179772189,0.001,3,0.999,1.0166045408336157,2951,1,2902,0.032666666666666656,False,-11.416924638100221,False,ok,,0.0010599590023048222
30,5,Normal,3000,5,0.3,15,2026105715,6.775571458328033,new_lower_rho_same_seed_schedule,False,23,-5.654548180207121,0.0026666666666666666,8,0.9973333333333333,1.0124873439082012,2963,1,2928,0.034950473204504916,False,-12.430119638535153,False,ok,,0.001020624942611903
30,5,Normal,3000,5,0.3,15,2026105715,6.775571458328033,new_lower_rho_same_seed_schedule,False,24,0.0,0.0,0,1.0,1.012829169480081,2962,1,2924,0.02533333333333332,False,-6.775571458328033,True,ok,,0.0009999159956350923
30,5,Normal,3000,5,0.3,15,2026105715,6.775571458328033,new_lower_rho_same_seed_schedule,False,25,-6.461931563731813,0.0013333333333333333,4,0.9986666666666667,1.0087424344317417,2974,1,2949,0.02353199887888388,False,-13.237503022059846,False,ok,,0.0009751669713295996
30,5,Normal,3000,5,0.3,15,2026105715,6.775571458328033,new_lower_rho_same_seed_schedule,False,26,-7.194865985295323,0.0003333333333333333,1,0.9996666666666667,1.0070493454179255,2979,1,2958,0.013999999999999995,False,-13.970437443623355,False,ok,,0.0009679170325398445
30,5,Normal,3000,5,0.3,15,2026105715,6.775571458328033,new_lower_rho_same_seed_schedule,False,27,0.0,0.0,0,1.0,1.0070493454179255,2979,1,2958,0.013999999999999995,False,-6.775571458328033,True,ok,,0.001037334033753723
30,5,Normal,3000,5,0.3,15,2026105715,6.775571458328033,new_lower_rho_same_seed_schedule,False,28,0.0,0.0,0,1.0,1.0026737967914439,2992,1,2984,0.0053333333333333306,False,-6.775571458328033,True,ok,,0.0009405830060131848
30,5,Normal,3000,5,0.3,15,2026105715,6.775571458328033,new_lower_rho_same_seed_schedule,False,29,0.0,0.0,0,1.0,1.0056989607777405,2983,1,2966,0.01133333333333333,False,-6.775571458328033,True,ok,,0.0009522080072201788
30,5,Normal,3000,5,0.3,15,2026105715,6.775571458328033,new_lower_rho_same_seed_schedule,False,30,-7.194865985295323,0.0003333333333333333,1,0.9996666666666667,1.0033444816053512,2990,1,2980,0.006666666666666665,False,-13.970437443623355,False,ok,,0.0009417079854756594
30,5,Normal,3000,5,0.3,15,2026105715,6.775571458328033,new_lower_rho_same_seed_schedule,False,31,0.0,0.0,0,1.0,1.0050251256281406,2985,1,2970,0.009999999999999998,False,-6.775571458328033,True,ok,,0.0009502079919911921
30,5,Normal,3000,5,0.3,15,2026105715,6.775571458328033,new_lower_rho_same_seed_schedule,False,32,0.0,0.0,0,1.0,1.0030090270812437,2991,1,2982,0.006,False,-6.775571458328033,True,ok,,0.0009322910336777568
30,5,Normal,3000,5,0.3,15,2026105715,6.775571458328033,new_lower_rho_same_seed_schedule,False,33,0.0,0.0,0,1.0,1.0026737967914439,2992,1,2984,0.005333333333333332,False,-6.775571458328033,True,ok,,0.0009362080018036067
30,5,Normal,3000,5,0.3,15,2026105715,6.775571458328033,new_lower_rho_same_seed_schedule,False,34,0.0,0.0,0,1.0,1.001001001001001,2997,1,2994,0.0020000000000000005,False,-6.775571458328033,True,ok,,0.0009958749869838357
30,5,Normal,3000,5,0.3,15,2026105715,6.775571458328033,new_lower_rho_same_seed_schedule,False,35,0.0,0.0,0,1.0,1.0023387905111927,2993,1,2986,0.004666666666666667,False,-6.775571458328033,True,ok,,0.0009854169911704957
30,5,Normal,3000,5,0.3,15,2026105715,6.775571458328033,new_lower_rho_same_seed_schedule,False,36,0.0,0.0,0,1.0,1.001001001001001,2997,1,2994,0.002,False,-6.775571458328033,True,ok,,0.0009626669925637543
30,5,Normal,3000,5,0.3,15,2026105715,6.775571458328033,new_lower_rho_same_seed_schedule,False,37,0.0,0.0,0,1.0,1.0003334444814937,2999,1,2998,0.0006666666666666663,False,-6.775571458328033,True,ok,,0.001057000015862286
30,5,Normal,3000,5,0.3,15,2026105715,6.775571458328033,new_lower_rho_same_seed_schedule,False,38,-7.194865985295323,0.0003333333333333333,1,0.9996666666666667,1.001669449081803,2995,1,2990,0.0033333333333333322,False,-13.970437443623355,False,ok,,0.001101791043765843
30,5,Normal,3000,5,0.3,15,2026105715,6.775571458328033,new_lower_rho_same_seed_schedule,False,39,0.0,0.0,0,1.0,1.0006671114076051,2998,1,2996,0.0013333333333333329,False,-6.775571458328033,True,ok,,0.0009472909732721746
30,5,Normal,3000,5,0.3,15,2026105715,6.775571458328033,new_lower_rho_same_seed_schedule,False,40,-4.486414067251789,0.0003333333333333333,1,0.9996666666666667,1.002004008016032,2994,1,2988,0.004,False,-11.26198552557982,False,ok,,0.000935999967623502
30,5,Normal,3000,5,0.3,16,2026105716,6.775571458328033,new_lower_rho_same_seed_schedule,False,1,7.098942253565235,1.0,3000,0.0,3000.0,1,3000,0,1.1409092637767302,False,0.323370795237202,False,ok,,0.0011839159997180104
30,5,Normal,3000,5,0.3,16,2026105716,6.775571458328033,new_lower_rho_same_seed_schedule,False,2,6.299482435367553,1.0,3000,0.0,93.75,32,35,0,1.683672652367862,False,-0.4760890229604797,False,ok,,0.0011170840007252991
30,5,Normal,3000,5,0.3,16,2026105716,6.775571458328033,new_lower_rho_same_seed_schedule,False,3,5.774271961976095,0.984,2952,0.016000000000000014,24.0,125,1,26,1.8969363461487245,False,-1.0012994963519377,False,ok,,0.0012442910228855908
30,5,Normal,3000,5,0.3,16,2026105716,6.775571458328033,new_lower_rho_same_seed_schedule,False,4,4.900675746754634,0.938,2814,0.062000000000000055,10.06711409395973,298,1,90,2.3316085162630706,False,-1.8748957115733988,False,ok,,0.0013357910211198032
30,5,Normal,3000,5,0.3,16,2026105716,6.775571458328033,new_lower_rho_same_seed_schedule,False,5,3.9630927418608626,0.8806666666666667,2642,0.11933333333333329,5.802707930367505,517,1,208,2.6371641883695585,False,-2.81247871646717,False,ok,,0.0014726669760420918
30,5,Normal,3000,5,0.3,16,2026105716,6.775571458328033,new_lower_rho_same_seed_schedule,False,6,2.861368214866919,0.7883333333333333,2365,0.21166666666666667,3.6945812807881775,812,1,382,2.9271470882550203,False,-3.9142032434611136,False,ok,,0.0015613749856129289
30,5,Normal,3000,5,0.3,16,2026105716,6.775571458328033,new_lower_rho_same_seed_schedule,False,7,1.76703786054511,0.6653333333333333,1996,0.33466666666666667,2.6132404181184667,1148,1,627,2.8242447377546274,False,-5.008533597782923,False,ok,,0.001652332954108715
30,5,Normal,3000,5,0.3,16,2026105716,6.775571458328033,new_lower_rho_same_seed_schedule,False,8,0.6628096733560633,0.5403333333333333,1621,0.45966666666666667,2.03527815468114,1474,1,895,2.6732447457510187,False,-6.112761784971969,False,ok,,0.0017026670393534005
30,5,Normal,3000,5,0.3,16,2026105716,6.775571458328033,new_lower_rho_same_seed_schedule,False,9,-0.2862927851575634,0.3863333333333333,1159,0.6136666666666667,1.6574585635359116,1810,1,1224,2.2071370954743976,False,-7.061864243485596,False,ok,,0.0018422079738229513
30,5,Normal,3000,5,0.3,16,2026105716,6.775571458328033,new_lower_rho_same_seed_schedule,False,10,-1.3299403716713598,0.252,756,0.748,1.4285714285714286,2100,1,1536,1.683019079218159,False,-8.105511829999392,False,ok,,0.0017002910026349127
30,5,Normal,3000,5,0.3,16,2026105716,6.775571458328033,new_lower_rho_same_seed_schedule,False,11,-2.163324307673067,0.17066666666666666,512,0.8293333333333334,1.2864493996569468,2332,1,1867,1.27920956364332,False,-8.9388957660011,False,ok,,0.0015144170029088855
30,5,Normal,3000,5,0.3,16,2026105716,6.775571458328033,new_lower_rho_same_seed_schedule,False,12,-2.761662730320973,0.109,327,0.891,1.193792280143255,2513,1,2146,0.8701597844365383,False,-9.537234188649006,False,ok,,0.0013857079902663827
30,5,Normal,3000,5,0.3,16,2026105716,6.775571458328033,new_lower_rho_same_seed_schedule,False,13,-3.0746054724812493,0.053,159,0.947,1.1290929619872037,2657,1,2369,0.5003564438862304,False,-9.850176930809281,False,ok,,0.0012690420262515545
30,5,Normal,3000,5,0.3,16,2026105716,6.775571458328033,new_lower_rho_same_seed_schedule,False,14,-4.013817500950107,0.03966666666666667,119,0.9603333333333334,1.0976948408342482,2733,1,2505,0.3832695525804865,False,-10.789388959278138,False,ok,,0.0011995000531896949
30,5,Normal,3000,5,0.3,16,2026105716,6.775571458328033,new_lower_rho_same_seed_schedule,False,15,-4.446817618029436,0.026333333333333334,79,0.9736666666666667,1.0741138560687433,2793,1,2610,0.26671574480105903,False,-11.22238907635747,False,ok,,0.0011319590266793966
30,5,Normal,3000,5,0.3,16,2026105716,6.775571458328033,new_lower_rho_same_seed_schedule,False,16,-3.7917933965010806,0.012666666666666666,38,0.9873333333333333,1.051156271899089,2854,1,2718,0.15981420073648892,False,-10.567364854829114,False,ok,,0.0010795000125654042
30,5,Normal,3000,5,0.3,16,2026105716,6.775571458328033,new_lower_rho_same_seed_schedule,False,17,-4.653185280453999,0.005333333333333333,16,0.9946666666666667,1.0391409767925182,2887,1,2777,0.09510777186319559,False,-11.428756738782031,False,ok,,0.0010408330126665533
30,5,Normal,3000,5,0.3,16,2026105716,6.775571458328033,new_lower_rho_same_seed_schedule,False,18,-7.049030096012123,0.0013333333333333333,4,0.9986666666666667,1.0259917920656634,2924,1,2849,0.05839593627090765,False,-13.824601554340155,False,ok,,0.0010137499775737524
30,5,Normal,3000,5,0.3,16,2026105716,6.775571458328033,new_lower_rho_same_seed_schedule,False,19,-6.914177902652739,0.0013333333333333333,4,0.9986666666666667,1.0245901639344261,2928,1,2856,0.048000000000000057,False,-13.689749360980771,False,ok,,0.0010006660013459623
30,5,Normal,3000,5,0.3,16,2026105716,6.775571458328033,new_lower_rho_same_seed_schedule,False,20,-7.768981837633925,0.0013333333333333333,4,0.9986666666666667,1.015228426395939,2955,1,2911,0.037729269604240896,False,-14.544553295961958,False,ok,,0.000989207997918129
30,5,Normal,3000,5,0.3,16,2026105716,6.775571458328033,new_lower_rho_same_seed_schedule,False,21,-6.582590648795354,0.004333333333333333,13,0.9956666666666667,1.015572105619499,2954,1,2912,0.05420637198560581,False,-13.358162107123388,False,ok,,0.001234708004631102
30,5,Normal,3000,5,0.3,16,2026105716,6.775571458328033,new_lower_rho_same_seed_schedule,False,22,-6.621231182736735,0.002,6,0.998,1.009421265141319,2972,1,2945,0.026395936270907538,False,-13.396802641064767,False,ok,,0.0012255000183358788
30,5,Normal,3000,5,0.3,16,2026105716,6.775571458328033,new_lower_rho_same_seed_schedule,False,23,-6.99651509865042,0.0013333333333333333,4,0.9986666666666667,1.0087424344317417,2974,1,2949,0.023135410844810377,False,-13.772086556978453,False,ok,,0.001062292023561895
30,5,Normal,3000,5,0.3,16,2026105716,6.775571458328033,new_lower_rho_same_seed_schedule,False,24,-7.075577392438559,0.0013333333333333333,4,0.9986666666666667,1.0067114093959733,2980,1,2961,0.017941660835847497,False,-13.851148850766592,False,ok,,0.0009853749652393162
30,5,Normal,3000,5,0.3,16,2026105716,6.775571458328033,new_lower_rho_same_seed_schedule,False,25,0.0,0.0,0,1.0,1.0046885465505693,2986,1,2972,0.00933333333333333,False,-6.775571458328033,True,ok,,0.0009651250438764691
30,5,Normal,3000,5,0.3,16,2026105716,6.775571458328033,new_lower_rho_same_seed_schedule,False,26,-4.318100771863737,0.0003333333333333333,1,0.9996666666666667,1.0060362173038229,2982,1,2964,0.011999999999999997,False,-11.09367223019177,False,ok,,0.0009719169465824962
30,5,Normal,3000,5,0.3,16,2026105716,6.775571458328033,new_lower_rho_same_seed_schedule,False,27,0.0,0.0,0,1.0,1.0030090270812437,2991,1,2982,0.005999999999999998,False,-6.775571458328033,True,ok,,0.0009498329600319266
30,5,Normal,3000,5,0.3,16,2026105716,6.775571458328033,new_lower_rho_same_seed_schedule,False,28,0.0,0.0,0,1.0,1.0046885465505693,2986,1,2972,0.009333333333333332,False,-6.775571458328033,True,ok,,0.0009410000056959689
30,5,Normal,3000,5,0.3,16,2026105716,6.775571458328033,new_lower_rho_same_seed_schedule,False,29,0.0,0.0,0,1.0,1.0026737967914439,2992,1,2984,0.0053333333333333306,False,-6.775571458328033,True,ok,,0.0009443750022910535
30,5,Normal,3000,5,0.3,16,2026105716,6.775571458328033,new_lower_rho_same_seed_schedule,False,30,0.0,0.0,0,1.0,1.0026737967914439,2992,1,2984,0.005333333333333334,False,-6.775571458328033,True,ok,,0.000940375030040741
30,5,Normal,3000,5,0.3,16,2026105716,6.775571458328033,new_lower_rho_same_seed_schedule,False,31,-5.21743587163696,0.0003333333333333333,1,0.9996666666666667,1.0026737967914439,2992,1,2984,0.005333333333333334,False,-11.993007329964993,False,ok,,0.0009407919715158641
30,5,Normal,3000,5,0.3,16,2026105716,6.775571458328033,new_lower_rho_same_seed_schedule,False,32,-8.727068266878664,0.0003333333333333333,1,0.9996666666666667,1.0030090270812437,2991,1,2982,0.005999999999999998,False,-15.502639725206697,False,ok,,0.0009379580151289701
30,5,Normal,3000,5,0.3,16,2026105716,6.775571458328033,new_lower_rho_same_seed_schedule,False,33,0.0,0.0,0,1.0,1.0013351134846462,2996,1,2992,0.0026666666666666666,False,-6.775571458328033,True,ok,,0.0009243750246241689
30,5,Normal,3000,5,0.3,16,2026105716,6.775571458328033,new_lower_rho_same_seed_schedule,False,34,0.0,0.0,0,1.0,1.002004008016032,2994,1,2988,0.004,False,-6.775571458328033,True,ok,,0.000927707995288074
30,5,Normal,3000,5,0.3,16,2026105716,6.775571458328033,new_lower_rho_same_seed_schedule,False,35,-7.645221992853411,0.001,3,0.999,1.001001001001001,2997,1,2995,0.007802077511477054,False,-14.420793451181444,False,ok,,0.0009437919943593442
30,5,Normal,3000,5,0.3,16,2026105716,6.775571458328033,new_lower_rho_same_seed_schedule,False,36,0.0,0.0,0,1.0,1.001001001001001,2997,1,2994,0.002,False,-6.775571458328033,True,ok,,0.0009271249873563647
30,5,Normal,3000,5,0.3,16,2026105716,6.775571458328033,new_lower_rho_same_seed_schedule,False,37,0.0,0.0,0,1.0,1.0003334444814937,2999,1,2998,0.0006666666666666671,False,-6.775571458328033,True,ok,,0.0009106669458560646
30,5,Normal,3000,5,0.3,16,2026105716,6.775571458328033,new_lower_rho_same_seed_schedule,False,38,-8.727068266878664,0.0003333333333333333,1,0.9996666666666667,1.001001001001001,2997,1,2994,0.002,False,-15.502639725206697,False,ok,,0.0009148750104941428
30,5,Normal,3000,5,0.3,16,2026105716,6.775571458328033,new_lower_rho_same_seed_schedule,False,39,0.0,0.0,0,1.0,1.0006671114076051,2998,1,2996,0.0013333333333333335,False,-6.775571458328033,True,ok,,0.0009108330123126507
30,5,Normal,3000,5,0.3,16,2026105716,6.775571458328033,new_lower_rho_same_seed_schedule,False,40,0.0,0.0,0,1.0,1.0,3000,1,3000,0.0,False,-6.775571458328033,True,ok,,0.0009057919960469007
30,5,Normal,3000,5,0.3,17,2026105717,6.775571458328033,new_lower_rho_same_seed_schedule,False,1,7.088573491140693,1.0,3000,0.0,3000.0,1,3000,0,1.142178434182121,False,0.31300203281266015,False,ok,,0.0011697089648805559
30,5,Normal,3000,5,0.3,17,2026105717,6.775571458328033,new_lower_rho_same_seed_schedule,False,2,6.236114413255445,1.0,3000,0.0,93.75,32,30,0,1.6670936512910934,False,-0.539457045072588,False,ok,,0.0010977080091834068
30,5,Normal,3000,5,0.3,17,2026105717,6.775571458328033,new_lower_rho_same_seed_schedule,False,3,5.732127070474264,0.9813333333333333,2944,0.01866666666666672,23.4375,128,1,27,1.905499812807433,False,-1.0434443878537687,False,ok,,0.0012088329531252384
30,5,Normal,3000,5,0.3,17,2026105717,6.775571458328033,new_lower_rho_same_seed_schedule,False,4,4.931452346796356,0.9406666666666667,2822,0.05933333333333335,10.48951048951049,286,1,95,2.2743215723985406,False,-1.8441191115316764,False,ok,,0.001310250023379922
30,5,Normal,3000,5,0.3,17,2026105717,6.775571458328033,new_lower_rho_same_seed_schedule,False,5,4.03744642596233,0.8813333333333333,2644,0.1186666666666667,6.097560975609756,492,1,186,2.6001102308821276,False,-2.7381250323657023,False,ok,,0.001431166019756347
30,5,Normal,3000,5,0.3,17,2026105717,6.775571458328033,new_lower_rho_same_seed_schedule,False,6,2.8552098782215514,0.807,2421,0.19299999999999995,3.8560411311053984,778,1,365,2.930024163357411,False,-3.9203615801064813,False,ok,,0.0016550420550629497
30,5,Normal,3000,5,0.3,17,2026105717,6.775571458328033,new_lower_rho_same_seed_schedule,False,7,1.8532853053256026,0.6733333333333333,2020,0.32666666666666666,2.7149321266968327,1105,1,561,2.893801688754281,False,-4.92228615300243,False,ok,,0.0016637080116197467
30,5,Normal,3000,5,0.3,17,2026105717,6.775571458328033,new_lower_rho_same_seed_schedule,False,8,0.7302606986133412,0.547,1641,0.45299999999999996,2.0891364902506964,1436,1,845,2.6967037717192963,False,-6.045310759714692,False,ok,,0.0017217079875990748
30,5,Normal,3000,5,0.3,17,2026105717,6.775571458328033,new_lower_rho_same_seed_schedule,False,9,-0.26722793565546543,0.404,1212,0.596,1.6863406408094435,1779,1,1189,2.2843764497064307,False,-7.042799393983498,False,ok,,0.001691834011580795
30,5,Normal,3000,5,0.3,17,2026105717,6.775571458328033,new_lower_rho_same_seed_schedule,False,10,-1.0981562209678517,0.2846666666666667,854,0.7153333333333334,1.467710371819961,2044,1,1486,1.8023251058005776,False,-7.873727679295884,False,ok,,0.0017498749657534063
30,5,Normal,3000,5,0.3,17,2026105717,6.775571458328033,new_lower_rho_same_seed_schedule,False,11,-1.7821266519775187,0.16633333333333333,499,0.8336666666666667,1.2987012987012987,2310,1,1832,1.167757272136159,False,-8.557698110305552,False,ok,,0.0016073749866336584
30,5,Normal,3000,5,0.3,17,2026105717,6.775571458328033,new_lower_rho_same_seed_schedule,False,12,-2.582040125549731,0.10766666666666666,323,0.8923333333333333,1.218026796589525,2463,1,2049,0.9035587485640583,False,-9.357611583877764,False,ok,,0.0014377920306287706
30,5,Normal,3000,5,0.3,17,2026105717,6.775571458328033,new_lower_rho_same_seed_schedule,False,13,-2.992101842226379,0.055,165,0.945,1.1367942402425162,2639,1,2335,0.53192531653998,False,-9.767673300554412,False,ok,,0.0012909159995615482
30,5,Normal,3000,5,0.3,17,2026105717,6.775571458328033,new_lower_rho_same_seed_schedule,False,14,-3.41819502520522,0.035333333333333335,106,0.9646666666666667,1.1025358324145536,2721,1,2476,0.366864795886033,False,-10.193766483533253,False,ok,,0.0012245000107213855
30,5,Normal,3000,5,0.3,17,2026105717,6.775571458328033,new_lower_rho_same_seed_schedule,False,15,-4.310555237773546,0.024666666666666667,74,0.9753333333333334,1.0756543564001435,2789,1,2598,0.2605238241698055,False,-11.086126696101578,False,ok,,0.0011696250294335186
30,5,Normal,3000,5,0.3,17,2026105717,6.775571458328033,new_lower_rho_same_seed_schedule,False,16,-4.859204078904315,0.011666666666666667,35,0.9883333333333333,1.0515247108307044,2853,1,2714,0.14820443895246008,False,-11.634775537232347,False,ok,,0.001085542025975883
30,5,Normal,3000,5,0.3,17,2026105717,6.775571458328033,new_lower_rho_same_seed_schedule,False,17,-5.043517605478942,0.010666666666666666,32,0.9893333333333333,1.0384215991692627,2889,1,2786,0.12395902061364476,False,-11.819089063806974,False,ok,,0.0010310420184396207
30,5,Normal,3000,5,0.3,17,2026105717,6.775571458328033,new_lower_rho_same_seed_schedule,False,18,-3.7803677017214645,0.004333333333333333,13,0.9956666666666667,1.0302197802197801,2912,1,2826,0.07134852911159022,False,-10.555939160049498,False,ok,,0.0010024590301327407
30,5,Normal,3000,5,0.3,17,2026105717,6.775571458328033,new_lower_rho_same_seed_schedule,False,19,-4.218771150373194,0.0036666666666666666,11,0.9963333333333333,1.023890784982935,2930,1,2862,0.060784349283167075,False,-10.994342608701228,False,ok,,0.0009782499982975423
30,5,Normal,3000,5,0.3,17,2026105717,6.775571458328033,new_lower_rho_same_seed_schedule,False,20,-6.36925226963803,0.002,6,0.998,1.019367991845056,2943,1,2887,0.044861582246800986,False,-13.144823727966063,False,ok,,0.0009543750202283263
30,5,Normal,3000,5,0.3,17,2026105717,6.775571458328033,new_lower_rho_same_seed_schedule,False,21,-3.767612436162029,0.001,3,0.999,1.015916017609211,2953,1,2907,0.038536594771856066,False,-10.543183894490062,False,ok,,0.0009421249851584435
30,5,Normal,3000,5,0.3,17,2026105717,6.775571458328033,new_lower_rho_same_seed_schedule,False,22,-4.192365099569071,0.0006666666666666666,2,0.9993333333333333,1.0121457489878543,2964,1,2928,0.023999999999999987,False,-10.967936557897104,False,ok,,0.0012396250385791063
30,5,Normal,3000,5,0.3,17,2026105717,6.775571458328033,new_lower_rho_same_seed_schedule,False,23,-5.909597346013203,0.0003333333333333333,1,0.9996666666666667,1.0063737001006374,2981,1,2962,0.012666666666666663,False,-12.685168804341235,False,ok,,0.001181833038572222
30,5,Normal,3000,5,0.3,17,2026105717,6.775571458328033,new_lower_rho_same_seed_schedule,False,24,-7.032946879528215,0.0003333333333333333,1,0.9996666666666667,1.0080645161290323,2976,1,2952,0.015999999999999993,False,-13.808518337856247,False,ok,,0.0010742919985204935
30,5,Normal,3000,5,0.3,17,2026105717,6.775571458328033,new_lower_rho_same_seed_schedule,False,25,0.0,0.0,0,1.0,1.0060362173038229,2982,1,2964,0.011999999999999999,False,-6.775571458328033,True,ok,,0.0010094159515574574
30,5,Normal,3000,5,0.3,17,2026105717,6.775571458328033,new_lower_rho_same_seed_schedule,False,26,0.0,0.0,0,1.0,1.0040160642570282,2988,1,2976,0.007999999999999998,False,-6.775571458328033,True,ok,,0.000982083030976355
30,5,Normal,3000,5,0.3,17,2026105717,6.775571458328033,new_lower_rho_same_seed_schedule,False,27,0.0,0.0,0,1.0,1.0046885465505693,2986,1,2972,0.00933333333333333,False,-6.775571458328033,True,ok,,0.0009894579998217523
30,5,Normal,3000,5,0.3,17,2026105717,6.775571458328033,new_lower_rho_same_seed_schedule,False,28,0.0,0.0,0,1.0,1.004352192835621,2987,1,2974,0.008666666666666663,False,-6.775571458328033,True,ok,,0.0009802499553188682
30,5,Normal,3000,5,0.3,17,2026105717,6.775571458328033,new_lower_rho_same_seed_schedule,False,29,-9.124893846129972,0.0003333333333333333,1,0.9996666666666667,1.0036801605888257,2989,1,2978,0.007333333333333331,False,-15.900465304458004,False,ok,,0.0009821249986998737
30,5,Normal,3000,5,0.3,17,2026105717,6.775571458328033,new_lower_rho_same_seed_schedule,False,30,-3.5706427167335058,0.0003333333333333333,1,0.9996666666666667,1.004352192835621,2987,1,2974,0.008666666666666665,False,-10.346214175061538,False,ok,,0.0009721249807626009
30,5,Normal,3000,5,0.3,17,2026105717,6.775571458328033,new_lower_rho_same_seed_schedule,False,31,0.0,0.0,0,1.0,1.002004008016032,2994,1,2988,0.003999999999999998,False,-6.775571458328033,True,ok,,0.0009756669751368463
30,5,Normal,3000,5,0.3,17,2026105717,6.775571458328033,new_lower_rho_same_seed_schedule,False,32,0.0,0.0,0,1.0,1.002004008016032,2994,1,2988,0.003999999999999999,False,-6.775571458328033,True,ok,,0.000961083045694977
30,5,Normal,3000,5,0.3,17,2026105717,6.775571458328033,new_lower_rho_same_seed_schedule,False,33,0.0,0.0,0,1.0,1.001001001001001,2997,1,2994,0.002,False,-6.775571458328033,True,ok,,0.0009434579988010228
30,5,Normal,3000,5,0.3,17,2026105717,6.775571458328033,new_lower_rho_same_seed_schedule,False,34,0.0,0.0,0,1.0,1.0013351134846462,2996,1,2992,0.0026666666666666657,False,-6.775571458328033,True,ok,,0.000941417005378753
30,5,Normal,3000,5,0.3,17,2026105717,6.775571458328033,new_lower_rho_same_seed_schedule,False,35,0.0,0.0,0,1.0,1.0006671114076051,2998,1,2996,0.001333333333333333,False,-6.775571458328033,True,ok,,0.0009337079827673733
30,5,Normal,3000,5,0.3,17,2026105717,6.775571458328033,new_lower_rho_same_seed_schedule,False,36,0.0,0.0,0,1.0,1.0,3000,1,3000,0.0,False,-6.775571458328033,True,ok,,0.0009335830109193921
30,5,Normal,3000,5,0.3,17,2026105717,6.775571458328033,new_lower_rho_same_seed_schedule,False,37,0.0,0.0,0,1.0,1.001001001001001,2997,1,2994,0.002,False,-6.775571458328033,True,ok,,0.0009254169999621809
30,5,Normal,3000,5,0.3,17,2026105717,6.775571458328033,new_lower_rho_same_seed_schedule,False,38,0.0,0.0,0,1.0,1.001001001001001,2997,1,2994,0.0019999999999999987,False,-6.775571458328033,True,ok,,0.0009262500097975135
30,5,Normal,3000,5,0.3,17,2026105717,6.775571458328033,new_lower_rho_same_seed_schedule,False,39,0.0,0.0,0,1.0,1.001001001001001,2997,1,2994,0.001999999999999999,False,-6.775571458328033,True,ok,,0.0009257919737137854
30,5,Normal,3000,5,0.3,17,2026105717,6.775571458328033,new_lower_rho_same_seed_schedule,False,40,0.0,0.0,0,1.0,1.001001001001001,2997,1,2994,0.001999999999999999,False,-6.775571458328033,True,ok,,0.0009178750333376229
30,5,Normal,3000,5,0.3,18,2026105718,6.775571458328033,new_lower_rho_same_seed_schedule,False,1,7.047324401436665,1.0,3000,0.0,3000.0,1,3000,0,1.1475305991726221,False,0.2717529431086323,False,ok,,0.0012109169620089233
30,5,Normal,3000,5,0.3,18,2026105718,6.775571458328033,new_lower_rho_same_seed_schedule,False,2,6.2891581703522,1.0,3000,0.0,93.75,32,13,0,1.6762942670750516,False,-0.4864132879758323,False,ok,,0.001117790990974754
30,5,Normal,3000,5,0.3,18,2026105718,6.775571458328033,new_lower_rho_same_seed_schedule,False,3,5.798622668756346,0.979,2937,0.02100000000000002,24.0,125,1,27,1.827819521546528,False,-0.9769487895716864,False,ok,,0.0012328330194577575
30,5,Normal,3000,5,0.3,18,2026105718,6.775571458328033,new_lower_rho_same_seed_schedule,False,4,5.164492767777742,0.9466666666666667,2840,0.053333333333333344,12.145748987854251,247,1,79,2.1566822454221795,False,-1.6110786905502907,False,ok,,0.0013343340251594782
30,5,Normal,3000,5,0.3,18,2026105718,6.775571458328033,new_lower_rho_same_seed_schedule,False,5,4.255399372357188,0.895,2685,0.10499999999999998,6.696428571428571,448,1,178,2.4995318125602144,False,-2.5201720859708443,False,ok,,0.0014769589761272073
30,5,Normal,3000,5,0.3,18,2026105718,6.775571458328033,new_lower_rho_same_seed_schedule,False,6,3.3785515899431964,0.8256666666666667,2477,0.17433333333333334,4.3478260869565215,690,1,326,2.7633325304585297,False,-3.3970198683848363,False,ok,,0.0015048749628476799
30,5,Normal,3000,5,0.3,18,2026105718,6.775571458328033,new_lower_rho_same_seed_schedule,False,7,2.3948598093936586,0.7266666666666667,2180,0.2733333333333333,3.054989816700611,982,1,513,2.8243816098097136,False,-4.3807116489343745,False,ok,,0.0016027080127969384
30,5,Normal,3000,5,0.3,18,2026105718,6.775571458328033,new_lower_rho_same_seed_schedule,False,8,1.1826551135140964,0.6026666666666667,1808,0.3973333333333333,2.3006134969325154,1304,1,744,2.7614660085546268,False,-5.592916344813936,False,ok,,0.0016741669969633222
30,5,Normal,3000,5,0.3,18,2026105718,6.775571458328033,new_lower_rho_same_seed_schedule,False,9,0.26288100946597076,0.4676666666666667,1403,0.5323333333333333,1.8645121193287757,1609,1,1005,2.4386474554291744,False,-6.512690448862062,False,ok,,0.0016928330296650529
30,5,Normal,3000,5,0.3,18,2026105718,6.775571458328033,new_lower_rho_same_seed_schedule,False,10,-0.9157797013892847,0.337,1011,0.663,1.5781167806417675,1901,1,1293,2.1136914146644314,False,-7.691351159717318,False,ok,,0.0016648329910822213
30,5,Normal,3000,5,0.3,18,2026105718,6.775571458328033,new_lower_rho_same_seed_schedule,False,11,-1.3934163921162734,0.23366666666666666,701,0.7663333333333333,1.3895321908290876,2159,1,1626,1.5753799106468669,False,-8.168987850444307,False,ok,,0.0015946670318953693
30,5,Normal,3000,5,0.3,18,2026105718,6.775571458328033,new_lower_rho_same_seed_schedule,False,12,-2.080066430712419,0.14166666666666666,425,0.8583333333333334,1.2690355329949239,2364,1,1903,1.065674182522398,False,-8.855637889040452,False,ok,,0.00164433300960809
30,5,Normal,3000,5,0.3,18,2026105718,6.775571458328033,new_lower_rho_same_seed_schedule,False,13,-2.716314153574297,0.07666666666666666,230,0.9233333333333333,1.1815675462780622,2539,1,2162,0.6763072234672974,False,-9.49188561190233,False,ok,,0.0015638750046491623
30,5,Normal,3000,5,0.3,18,2026105718,6.775571458328033,new_lower_rho_same_seed_schedule,False,14,-3.261448766390581,0.06,180,0.94,1.1350737797956867,2643,1,2346,0.5479042577394707,False,-10.037020224718614,False,ok,,0.0013604999985545874
30,5,Normal,3000,5,0.3,18,2026105718,6.775571458328033,new_lower_rho_same_seed_schedule,False,15,-3.48723468269309,0.044,132,0.956,1.0993037742762917,2729,1,2497,0.4041313907787544,False,-10.262806141021123,False,ok,,0.0012508330401033163
30,5,Normal,3000,5,0.3,18,2026105718,6.775571458328033,new_lower_rho_same_seed_schedule,False,16,-4.95503708597888,0.01633333333333333,49,0.9836666666666667,1.0634526763559022,2821,1,2657,0.20787945895473137,False,-11.730608544306913,False,ok,,0.0011599999852478504
30,5,Normal,3000,5,0.3,18,2026105718,6.775571458328033,new_lower_rho_same_seed_schedule,False,17,-4.620248785177107,0.015333333333333332,46,0.9846666666666667,1.0500525026251313,2857,1,2728,0.18621234937782505,False,-11.395820243505138,False,ok,,0.0011252089752815664
30,5,Normal,3000,5,0.3,18,2026105718,6.775571458328033,new_lower_rho_same_seed_schedule,False,18,-5.360981930023928,0.007,21,0.993,1.0398613518197575,2885,1,2775,0.11222475048757008,False,-12.13655338835196,False,ok,,0.0010617499938234687
30,5,Normal,3000,5,0.3,18,2026105718,6.775571458328033,new_lower_rho_same_seed_schedule,False,19,-4.7285044271168974,0.004666666666666667,14,0.9953333333333333,1.032346868547832,2906,1,2815,0.08658120747993288,False,-11.50407588544493,False,ok,,0.001024375029373914
30,5,Normal,3000,5,0.3,18,2026105718,6.775571458328033,new_lower_rho_same_seed_schedule,False,20,-7.338917022763212,0.0016666666666666668,5,0.9983333333333333,1.0245901639344261,2928,1,2857,0.0559059430196359,False,-14.114488481091245,False,ok,,0.0009955840068869293
30,5,Normal,3000,5,0.3,18,2026105718,6.775571458328033,new_lower_rho_same_seed_schedule,False,21,-5.207851140981308,0.0036666666666666666,11,0.9963333333333333,1.0207553589656346,2939,1,2880,0.05519793731010698,False,-11.98342259930934,False,ok,,0.0009751659817993641
30,5,Normal,3000,5,0.3,18,2026105718,6.775571458328033,new_lower_rho_same_seed_schedule,False,22,-2.9138181894159443,0.0006666666666666666,2,0.9993333333333333,1.017293997965412,2949,1,2898,0.033999999999999996,False,-9.689389647743976,False,ok,,0.0009565830114297569
30,5,Normal,3000,5,0.3,18,2026105718,6.775571458328033,new_lower_rho_same_seed_schedule,False,23,-6.135684662667268,0.0016666666666666668,5,0.9983333333333333,1.0104412260020208,2969,1,2939,0.0273282439555789,False,-12.9112561209953,False,ok,,0.0010045419912785292
30,5,Normal,3000,5,0.3,18,2026105718,6.775571458328033,new_lower_rho_same_seed_schedule,False,24,-8.55673617174932,0.0003333333333333333,1,0.9996666666666667,1.0111223458038423,2967,1,2934,0.02199999999999999,False,-15.332307630077352,False,ok,,0.0010197920491918921
30,5,Normal,3000,5,0.3,18,2026105718,6.775571458328033,new_lower_rho_same_seed_schedule,False,25,0.0,0.0,0,1.0,1.007387508394896,2978,1,2956,0.014666666666666663,False,-6.775571458328033,True,ok,,0.0011422500247135758
30,5,Normal,3000,5,0.3,18,2026105718,6.775571458328033,new_lower_rho_same_seed_schedule,False,26,-8.55673617174932,0.0003333333333333333,1,0.9996666666666667,1.007387508394896,2978,1,2956,0.014666666666666661,False,-15.332307630077352,False,ok,,0.0010366670321673155
30,5,Normal,3000,5,0.3,18,2026105718,6.775571458328033,new_lower_rho_same_seed_schedule,False,27,-6.693416358402104,0.0003333333333333333,1,0.9996666666666667,1.007387508394896,2978,1,2956,0.014666666666666661,False,-13.468987816730136,False,ok,,0.0010308329947292805
30,5,Normal,3000,5,0.3,18,2026105718,6.775571458328033,new_lower_rho_same_seed_schedule,False,28,0.0,0.0,0,1.0,1.004352192835621,2987,1,2974,0.008666666666666663,False,-6.775571458328033,True,ok,,0.001051749975886196
30,5,Normal,3000,5,0.3,18,2026105718,6.775571458328033,new_lower_rho_same_seed_schedule,False,29,0.0,0.0,0,1.0,1.0053619302949062,2984,1,2968,0.010666666666666665,False,-6.775571458328033,True,ok,,0.0010242499993182719
30,5,Normal,3000,5,0.3,18,2026105718,6.775571458328033,new_lower_rho_same_seed_schedule,False,30,-3.5102832589210307,0.0003333333333333333,1,0.9996666666666667,1.0040160642570282,2988,1,2976,0.007999999999999998,False,-10.285854717249062,False,ok,,0.000985999999102205
30,5,Normal,3000,5,0.3,18,2026105718,6.775571458328033,new_lower_rho_same_seed_schedule,False,31,-6.873944590566055,0.001,3,0.999,1.0033444816053512,2990,1,2980,0.0066666666666666645,False,-13.649516048894087,False,ok,,0.0009901659796014428
30,5,Normal,3000,5,0.3,18,2026105718,6.775571458328033,new_lower_rho_same_seed_schedule,False,32,0.0,0.0,0,1.0,1.0030090270812437,2991,1,2982,0.005999999999999999,False,-6.775571458328033,True,ok,,0.0009756249492056668
30,5,Normal,3000,5,0.3,18,2026105718,6.775571458328033,new_lower_rho_same_seed_schedule,False,33,-5.371681241546741,0.0003333333333333333,1,0.9996666666666667,1.001669449081803,2995,1,2990,0.003333333333333333,False,-12.147252699874773,False,ok,,0.000960625009611249
30,5,Normal,3000,5,0.3,18,2026105718,6.775571458328033,new_lower_rho_same_seed_schedule,False,34,0.0,0.0,0,1.0,1.0013351134846462,2996,1,2992,0.0026666666666666666,False,-6.775571458328033,True,ok,,0.0009459159919060767
30,5,Normal,3000,5,0.3,18,2026105718,6.775571458328033,new_lower_rho_same_seed_schedule,False,35,0.0,0.0,0,1.0,1.0023387905111927,2993,1,2986,0.004666666666666666,False,-6.775571458328033,True,ok,,0.000944750034250319
30,5,Normal,3000,5,0.3,18,2026105718,6.775571458328033,new_lower_rho_same_seed_schedule,False,36,0.0,0.0,0,1.0,1.001669449081803,2995,1,2990,0.003333333333333333,False,-6.775571458328033,True,ok,,0.0009481669985689223
30,5,Normal,3000,5,0.3,18,2026105718,6.775571458328033,new_lower_rho_same_seed_schedule,False,37,0.0,0.0,0,1.0,1.001001001001001,2997,1,2994,0.002,False,-6.775571458328033,True,ok,,0.0009297500364482403
30,5,Normal,3000,5,0.3,18,2026105718,6.775571458328033,new_lower_rho_same_seed_schedule,False,38,0.0,0.0,0,1.0,1.0006671114076051,2998,1,2996,0.0013333333333333333,False,-6.775571458328033,True,ok,,0.0009282910032197833
30,5,Normal,3000,5,0.3,18,2026105718,6.775571458328033,new_lower_rho_same_seed_schedule,False,39,-6.693416358402104,0.0003333333333333333,1,0.9996666666666667,1.0006671114076051,2998,1,2996,0.0013333333333333335,False,-13.468987816730136,False,ok,,0.0010051249992102385
30,5,Normal,3000,5,0.3,18,2026105718,6.775571458328033,new_lower_rho_same_seed_schedule,False,40,0.0,0.0,0,1.0,1.0003334444814937,2999,1,2998,0.0006666666666666669,False,-6.775571458328033,True,ok,,0.0009288750006817281
30,5,Normal,3000,5,0.3,19,2026105719,6.775571458328033,new_lower_rho_same_seed_schedule,False,1,7.064849050642731,1.0,3000,0.0,3000.0,1,3000,0,1.145011498886587,False,0.28927759231469796,False,ok,,0.001177749945782125
30,5,Normal,3000,5,0.3,19,2026105719,6.775571458328033,new_lower_rho_same_seed_schedule,False,2,6.225747372696196,1.0,3000,0.0,93.75,32,15,0,1.654521860853539,False,-0.5498240856318368,False,ok,,0.001099916989915073
30,5,Normal,3000,5,0.3,19,2026105719,6.775571458328033,new_lower_rho_same_seed_schedule,False,3,5.699551952708731,0.98,2940,0.020000000000000018,22.388059701492537,134,1,33,1.8701957624484988,False,-1.0760195056193016,False,ok,,0.0012419160339049995
30,5,Normal,3000,5,0.3,19,2026105719,6.775571458328033,new_lower_rho_same_seed_schedule,False,4,4.955167148088179,0.9456666666666667,2837,0.054333333333333345,11.11111111111111,270,1,78,2.2501629288375504,False,-1.8204043102398533,False,ok,,0.0012897090055048466
30,5,Normal,3000,5,0.3,19,2026105719,6.775571458328033,new_lower_rho_same_seed_schedule,False,5,4.061107397459024,0.8876666666666667,2663,0.11233333333333329,6.147540983606557,488,1,202,2.5792938584290757,False,-2.714464060869009,False,ok,,0.0013887080131098628
30,5,Normal,3000,5,0.3,19,2026105719,6.775571458328033,new_lower_rho_same_seed_schedule,False,6,3.0647277009923846,0.8013333333333333,2404,0.19866666666666666,3.9787798408488064,754,1,348,2.8284264155747367,False,-3.710843757335648,False,ok,,0.0014903339906595647
30,5,Normal,3000,5,0.3,19,2026105719,6.775571458328033,new_lower_rho_same_seed_schedule,False,7,1.9219334631319633,0.702,2106,0.29800000000000004,2.808988764044944,1068,1,563,2.922221871414486,False,-4.8536379951960695,False,ok,,0.0015627079992555082
30,5,Normal,3000,5,0.3,19,2026105719,6.775571458328033,new_lower_rho_same_seed_schedule,False,8,0.600224982396315,0.5673333333333334,1702,0.43266666666666664,2.117148906139732,1417,1,827,2.8382324137871318,False,-6.175346475931717,False,ok,,0.001623040996491909
30,5,Normal,3000,5,0.3,19,2026105719,6.775571458328033,new_lower_rho_same_seed_schedule,False,9,-0.2561053168023427,0.4136666666666667,1241,0.5863333333333334,1.7123287671232876,1752,1,1160,2.319023968651161,False,-7.031676775130375,False,ok,,0.0016194999916478992
30,5,Normal,3000,5,0.3,19,2026105719,6.775571458328033,new_lower_rho_same_seed_schedule,False,10,-1.13076637590341,0.2876666666666667,863,0.7123333333333333,1.4720314033366044,2038,1,1476,1.7950152936733914,False,-7.906337834231443,False,ok,,0.0015585829969495535
30,5,Normal,3000,5,0.3,19,2026105719,6.775571458328033,new_lower_rho_same_seed_schedule,False,11,-1.9692653376371436,0.15866666666666668,476,0.8413333333333333,1.2981393336218088,2311,1,1822,1.198624232498846,False,-8.744836795965176,False,ok,,0.0014494159840978682
30,5,Normal,3000,5,0.3,19,2026105719,6.775571458328033,new_lower_rho_same_seed_schedule,False,12,-2.7048778668091735,0.11133333333333334,334,0.8886666666666667,1.218026796589525,2463,1,2052,0.8817224515098466,False,-9.480449325137206,False,ok,,0.001431915967259556
30,5,Normal,3000,5,0.3,19,2026105719,6.775571458328033,new_lower_rho_same_seed_schedule,False,13,-3.410207076285907,0.059,177,0.9410000000000001,1.145912910618793,2618,1,2294,0.5651242305578762,False,-10.18577853461394,False,ok,,0.0017372500151395798
30,5,Normal,3000,5,0.3,19,2026105719,6.775571458328033,new_lower_rho_same_seed_schedule,False,14,-3.3662482444988546,0.04033333333333333,121,0.9596666666666667,1.1037527593818985,2718,1,2477,0.40868404144129217,False,-10.141819702826886,False,ok,,0.0013597500510513783
30,5,Normal,3000,5,0.3,19,2026105719,6.775571458328033,new_lower_rho_same_seed_schedule,False,15,-3.9282541403350373,0.018666666666666668,56,0.9813333333333333,1.0744985673352436,2792,1,2601,0.2300800355261424,False,-10.70382559866307,False,ok,,0.0012215840397402644
30,5,Normal,3000,5,0.3,19,2026105719,6.775571458328033,new_lower_rho_same_seed_schedule,False,16,-5.470245123474872,0.010333333333333333,31,0.9896666666666667,1.056338028169014,2840,1,2689,0.1666622049947298,False,-12.245816581802906,False,ok,,0.0011715419823303819
30,5,Normal,3000,5,0.3,19,2026105719,6.775571458328033,new_lower_rho_same_seed_schedule,False,17,-4.552959406940972,0.008666666666666666,26,0.9913333333333333,1.0405827263267429,2883,1,2772,0.1169802010161576,False,-11.328530865269006,False,ok,,0.0011172499507665634
30,5,Normal,3000,5,0.3,19,2026105719,6.775571458328033,new_lower_rho_same_seed_schedule,False,18,-5.177094596675289,0.004333333333333333,13,0.9956666666666667,1.0359116022099448,2896,1,2794,0.07998656830068131,False,-11.952666055003322,False,ok,,0.0010863750358112156
30,5,Normal,3000,5,0.3,19,2026105719,6.775571458328033,new_lower_rho_same_seed_schedule,False,19,-4.936112365421542,0.004,12,0.996,1.0224948875255624,2934,1,2871,0.05785411248960286,False,-11.711683823749574,False,ok,,0.0010339590371586382
30,5,Normal,3000,5,0.3,19,2026105719,6.775571458328033,new_lower_rho_same_seed_schedule,False,20,-5.821475987907331,0.0026666666666666666,8,0.9973333333333333,1.019367991845056,2943,1,2888,0.05342681957654878,False,-12.597047446235363,False,ok,,0.0010180420358665287
30,5,Normal,3000,5,0.3,19,2026105719,6.775571458328033,new_lower_rho_same_seed_schedule,False,21,-6.393078919680117,0.001,3,0.999,1.01763907734057,2948,1,2896,0.034666666666666665,False,-13.168650378008149,False,ok,,0.0010085829999297857
30,5,Normal,3000,5,0.3,19,2026105719,6.775571458328033,new_lower_rho_same_seed_schedule,False,22,-5.527972984498789,0.0003333333333333333,1,0.9996666666666667,1.0118043844856661,2965,1,2930,0.02333333333333332,False,-12.303544442826823,False,ok,,0.0009916670387610793
30,5,Normal,3000,5,0.3,19,2026105719,6.775571458328033,new_lower_rho_same_seed_schedule,False,23,0.0,0.0,0,1.0,1.013856032443393,2959,1,2918,0.02733333333333332,False,-6.775571458328033,True,ok,,0.0009892090456560254
30,5,Normal,3000,5,0.3,19,2026105719,6.775571458328033,new_lower_rho_same_seed_schedule,False,24,-10.53878267400048,0.0003333333333333333,1,0.9996666666666667,1.0084033613445378,2975,1,2950,0.01666666666666666,False,-17.31435413232851,False,ok,,0.0009705830016173422
30,5,Normal,3000,5,0.3,19,2026105719,6.775571458328033,new_lower_rho_same_seed_schedule,False,25,-8.481873486755303,0.0006666666666666666,2,0.9993333333333333,1.0056989607777405,2983,1,2966,0.011333333333333329,False,-15.257444945083336,False,ok,,0.0010892910067923367
30,5,Normal,3000,5,0.3,19,2026105719,6.775571458328033,new_lower_rho_same_seed_schedule,False,26,-6.52179589152675,0.001,3,0.999,1.0063737001006374,2981,1,2963,0.021006162725965553,False,-13.297367349854783,False,ok,,0.0010482920333743095
30,5,Normal,3000,5,0.3,19,2026105719,6.775571458328033,new_lower_rho_same_seed_schedule,False,27,-8.34761604766896,0.0003333333333333333,1,0.9996666666666667,1.0040160642570282,2988,1,2976,0.007999999999999998,False,-15.123187505996993,False,ok,,0.001014582987409085
30,5,Normal,3000,5,0.3,19,2026105719,6.775571458328033,new_lower_rho_same_seed_schedule,False,28,0.0,0.0,0,1.0,1.0050251256281406,2985,1,2970,0.009999999999999997,False,-6.775571458328033,True,ok,,0.0011487919837236404
30,5,Normal,3000,5,0.3,19,2026105719,6.775571458328033,new_lower_rho_same_seed_schedule,False,29,0.0,0.0,0,1.0,1.002004008016032,2994,1,2988,0.003999999999999999,False,-6.775571458328033,True,ok,,0.0010504170204512775
30,5,Normal,3000,5,0.3,19,2026105719,6.775571458328033,new_lower_rho_same_seed_schedule,False,30,0.0,0.0,0,1.0,1.0030090270812437,2991,1,2982,0.006,False,-6.775571458328033,True,ok,,0.0009785000002011657
30,5,Normal,3000,5,0.3,19,2026105719,6.775571458328033,new_lower_rho_same_seed_schedule,False,31,0.0,0.0,0,1.0,1.0006671114076051,2998,1,2996,0.001333333333333333,False,-6.775571458328033,True,ok,,0.0009531250107102096
30,5,Normal,3000,5,0.3,19,2026105719,6.775571458328033,new_lower_rho_same_seed_schedule,False,32,0.0,0.0,0,1.0,1.0023387905111927,2993,1,2986,0.004666666666666666,False,-6.775571458328033,True,ok,,0.0009425000171177089
30,5,Normal,3000,5,0.3,19,2026105719,6.775571458328033,new_lower_rho_same_seed_schedule,False,33,0.0,0.0,0,1.0,1.0006671114076051,2998,1,2996,0.0013333333333333329,False,-6.775571458328033,True,ok,,0.0009307920117862523
30,5,Normal,3000,5,0.3,19,2026105719,6.775571458328033,new_lower_rho_same_seed_schedule,False,34,0.0,0.0,0,1.0,1.001669449081803,2995,1,2990,0.003333333333333333,False,-6.775571458328033,True,ok,,0.0009285839623771608
30,5,Normal,3000,5,0.3,19,2026105719,6.775571458328033,new_lower_rho_same_seed_schedule,False,35,-10.53878267400048,0.0003333333333333333,1,0.9996666666666667,1.001669449081803,2995,1,2990,0.003333333333333333,False,-17.31435413232851,False,ok,,0.0009236250189132988
30,5,Normal,3000,5,0.3,19,2026105719,6.775571458328033,new_lower_rho_same_seed_schedule,False,36,0.0,0.0,0,1.0,1.0006671114076051,2998,1,2996,0.0013333333333333335,False,-6.775571458328033,True,ok,,0.0009082500473596156
30,5,Normal,3000,5,0.3,19,2026105719,6.775571458328033,new_lower_rho_same_seed_schedule,False,37,0.0,0.0,0,1.0,1.0006671114076051,2998,1,2996,0.0013333333333333326,False,-6.775571458328033,True,ok,,0.0009076669812202454
30,5,Normal,3000,5,0.3,19,2026105719,6.775571458328033,new_lower_rho_same_seed_schedule,False,38,0.0,0.0,0,1.0,1.0003334444814937,2999,1,2998,0.0006666666666666666,False,-6.775571458328033,True,ok,,0.0009019590215757489
30,5,Normal,3000,5,0.3,19,2026105719,6.775571458328033,new_lower_rho_same_seed_schedule,False,39,0.0,0.0,0,1.0,1.0006671114076051,2998,1,2996,0.0013333333333333326,False,-6.775571458328033,True,ok,,0.0009072499815374613
30,5,Normal,3000,5,0.3,19,2026105719,6.775571458328033,new_lower_rho_same_seed_schedule,False,40,0.0,0.0,0,1.0,1.0006671114076051,2998,1,2996,0.001333333333333333,False,-6.775571458328033,True,ok,,0.0009065000340342522
30,5,Normal,3000,5,0.3,20,2026105720,6.775571458328033,new_lower_rho_same_seed_schedule,False,1,7.090620092050056,1.0,3000,0.0,3000.0,1,3000,0,1.1486819318976498,False,0.3150486337220233,False,ok,,0.0012184169609099627
30,5,Normal,3000,5,0.3,20,2026105720,6.775571458328033,new_lower_rho_same_seed_schedule,False,2,6.255729832493249,1.0,3000,0.0,93.75,32,22,0,1.6554506320717062,False,-0.5198416258347835,False,ok,,0.0012546249781735241
30,5,Normal,3000,5,0.3,20,2026105720,6.775571458328033,new_lower_rho_same_seed_schedule,False,3,5.785936830646998,0.984,2952,0.016000000000000014,25.0,120,1,32,1.8726624647953987,False,-0.9896346276810348,False,ok,,0.0012032499653287232
30,5,Normal,3000,5,0.3,20,2026105720,6.775571458328033,new_lower_rho_same_seed_schedule,False,4,5.0649915582324905,0.9543333333333334,2863,0.04566666666666663,11.904761904761905,252,1,86,2.204768349460766,False,-1.7105799000955422,False,ok,,0.0013851660187356174
30,5,Normal,3000,5,0.3,20,2026105720,6.775571458328033,new_lower_rho_same_seed_schedule,False,5,4.214174856599941,0.8936666666666667,2681,0.10633333333333328,6.550218340611353,458,1,186,2.5684824933786903,False,-2.5613966017280916,False,ok,,0.0013662090059369802
30,5,Normal,3000,5,0.3,20,2026105720,6.775571458328033,new_lower_rho_same_seed_schedule,False,6,3.2073317595369373,0.825,2475,0.17500000000000004,4.316546762589928,695,1,309,2.8353808442417803,False,-3.5682396987910954,False,ok,,0.0014885829878039658
30,5,Normal,3000,5,0.3,20,2026105720,6.775571458328033,new_lower_rho_same_seed_schedule,False,7,2.1669341059789438,0.7173333333333334,2152,0.2826666666666666,2.964426877470356,1012,1,519,2.9017855488288817,False,-4.6086373523490884,False,ok,,0.0015718750073574483
30,5,Normal,3000,5,0.3,20,2026105720,6.775571458328033,new_lower_rho_same_seed_schedule,False,8,1.1033834651186702,0.589,1767,0.41100000000000003,2.2404779686333085,1339,1,773,2.7663793375222876,False,-5.672187993209363,False,ok,,0.001605333003681153
30,5,Normal,3000,5,0.3,20,2026105720,6.775571458328033,new_lower_rho_same_seed_schedule,False,9,-0.10155994728847681,0.44533333333333336,1336,0.5546666666666666,1.8115942028985508,1656,1,1022,2.4786395713032667,False,-6.87713140561651,False,ok,,0.0016469580004923046
30,5,Normal,3000,5,0.3,20,2026105720,6.775571458328033,new_lower_rho_same_seed_schedule,False,10,-1.0125943088567875,0.335,1005,0.665,1.5274949083503055,1964,1,1394,2.091101595350031,False,-7.78816576718482,False,ok,,0.001561500015668571
30,5,Normal,3000,5,0.3,20,2026105720,6.775571458328033,new_lower_rho_same_seed_schedule,False,11,-1.8752432579143845,0.20633333333333334,619,0.7936666666666666,1.3568521031207599,2211,1,1685,1.463373609058108,False,-8.650814716242417,False,ok,,0.001515583018772304
30,5,Normal,3000,5,0.3,20,2026105720,6.775571458328033,new_lower_rho_same_seed_schedule,False,12,-2.5581485390118117,0.13566666666666666,407,0.8643333333333334,1.244296972210701,2411,1,1976,1.0362857627476958,False,-9.333719997339845,False,ok,,0.0019304169691167772
30,5,Normal,3000,5,0.3,20,2026105720,6.775571458328033,new_lower_rho_same_seed_schedule,False,13,-3.0772170733503823,0.071,213,0.929,1.17096018735363,2562,1,2201,0.6572230663981483,False,-9.852788531678415,False,ok,,0.001595916983205825
30,5,Normal,3000,5,0.3,20,2026105720,6.775571458328033,new_lower_rho_same_seed_schedule,False,14,-3.755603891219191,0.047,141,0.953,1.1219147344801794,2674,1,2397,0.4589273596991245,False,-10.531175349547224,False,ok,,0.001299499999731779
30,5,Normal,3000,5,0.3,20,2026105720,6.775571458328033,new_lower_rho_same_seed_schedule,False,15,-3.6042966005038237,0.02666666666666667,80,0.9733333333333334,1.0885341074020318,2756,1,2537,0.30507036213551914,False,-10.379868058831857,False,ok,,0.0013168749865144491
30,5,Normal,3000,5,0.3,20,2026105720,6.775571458328033,new_lower_rho_same_seed_schedule,False,16,-4.158243387087394,0.016666666666666666,50,0.9833333333333333,1.0645848119233499,2818,1,2650,0.20868114935119206,False,-10.933814845415426,False,ok,,0.0012253749882802367
30,5,Normal,3000,5,0.3,20,2026105720,6.775571458328033,new_lower_rho_same_seed_schedule,False,17,-4.41120041631387,0.008666666666666666,26,0.9913333333333333,1.052262364082778,2851,1,2709,0.14370336201971898,False,-11.186771874641902,False,ok,,0.0011860840022563934
30,5,Normal,3000,5,0.3,20,2026105720,6.775571458328033,new_lower_rho_same_seed_schedule,False,18,-3.4933369054689436,0.0033333333333333335,10,0.9966666666666667,1.0377032168799722,2891,1,2783,0.07986774571427015,False,-10.268908363796976,False,ok,,0.0011176669504493475
30,5,Normal,3000,5,0.3,20,2026105720,6.775571458328033,new_lower_rho_same_seed_schedule,False,19,-3.991881953992161,0.004,12,0.996,1.0270455323519343,2921,1,2845,0.0709507599299596,False,-10.767453412320194,False,ok,,0.0010647079907357693
30,5,Normal,3000,5,0.3,20,2026105720,6.775571458328033,new_lower_rho_same_seed_schedule,False,20,-7.564253262238456,0.0003333333333333333,1,0.9996666666666667,1.0235414534288638,2931,1,2862,0.04600000000000005,False,-14.339824720566488,False,ok,,0.0010437080054543912
30,5,Normal,3000,5,0.3,20,2026105720,6.775571458328033,new_lower_rho_same_seed_schedule,False,21,-5.37463818245838,0.001,3,0.999,1.015572105619499,2954,1,2908,0.030666666666666648,False,-12.150209640786413,False,ok,,0.0010130840237252414
30,5,Normal,3000,5,0.3,20,2026105720,6.775571458328033,new_lower_rho_same_seed_schedule,False,22,-3.583163859806274,0.0003333333333333333,1,0.9996666666666667,1.0097610232245036,2971,1,2942,0.019333333333333324,False,-10.358735318134308,False,ok,,0.001008833001833409
30,5,Normal,3000,5,0.3,20,2026105720,6.775571458328033,new_lower_rho_same_seed_schedule,False,23,-6.062026609872473,0.001,3,0.999,1.0118043844856661,2965,1,2931,0.029926212629008745,False,-12.837598068200506,False,ok,,0.0009977909503504634
30,5,Normal,3000,5,0.3,20,2026105720,6.775571458328033,new_lower_rho_same_seed_schedule,False,24,-8.394656992131756,0.001,3,0.999,1.0107816711590296,2968,1,2937,0.028895455040476227,False,-15.170228450459788,False,ok,,0.0009852080256678164
30,5,Normal,3000,5,0.3,20,2026105720,6.775571458328033,new_lower_rho_same_seed_schedule,False,25,-6.900240283639763,0.0016666666666666668,5,0.9983333333333333,1.0090817356205852,2973,1,2947,0.024405702210117765,False,-13.675811741967795,False,ok,,0.0010682090069167316
30,5,Normal,3000,5,0.3,20,2026105720,6.775571458328033,new_lower_rho_same_seed_schedule,False,26,-6.450922202825311,0.0003333333333333333,1,0.9996666666666667,1.0063737001006374,2981,1,2962,0.012666666666666661,False,-13.226493661153343,False,ok,,0.0010831660474650562
30,5,Normal,3000,5,0.3,20,2026105720,6.775571458328033,new_lower_rho_same_seed_schedule,False,27,-5.266809885244769,0.0003333333333333333,1,0.9996666666666667,1.004352192835621,2987,1,2974,0.008666666666666665,False,-12.042381343572803,False,ok,,0.0010106670088134706
30,5,Normal,3000,5,0.3,20,2026105720,6.775571458328033,new_lower_rho_same_seed_schedule,False,28,-4.596740172463747,0.0003333333333333333,1,0.9996666666666667,1.0060362173038229,2982,1,2964,0.011999999999999993,False,-11.37231163079178,False,ok,,0.001176375022623688
30,5,Normal,3000,5,0.3,20,2026105720,6.775571458328033,new_lower_rho_same_seed_schedule,False,29,0.0,0.0,0,1.0,1.0040160642570282,2988,1,2976,0.007999999999999998,False,-6.775571458328033,True,ok,,0.0010083329980261624
30,5,Normal,3000,5,0.3,20,2026105720,6.775571458328033,new_lower_rho_same_seed_schedule,False,30,-4.596740172463747,0.0003333333333333333,1,0.9996666666666667,1.0050251256281406,2985,1,2970,0.009999999999999997,False,-11.37231163079178,False,ok,,0.0009770829929038882
30,5,Normal,3000,5,0.3,20,2026105720,6.775571458328033,new_lower_rho_same_seed_schedule,False,31,0.0,0.0,0,1.0,1.0036801605888257,2989,1,2978,0.007333333333333333,False,-6.775571458328033,True,ok,,0.0009559579775668681
30,5,Normal,3000,5,0.3,20,2026105720,6.775571458328033,new_lower_rho_same_seed_schedule,False,32,0.0,0.0,0,1.0,1.0036801605888257,2989,1,2978,0.007333333333333331,False,-6.775571458328033,True,ok,,0.0009586660307832062
30,5,Normal,3000,5,0.3,20,2026105720,6.775571458328033,new_lower_rho_same_seed_schedule,False,33,0.0,0.0,0,1.0,1.0040160642570282,2988,1,2976,0.007999999999999998,False,-6.775571458328033,True,ok,,0.0009535420103929937
30,5,Normal,3000,5,0.3,20,2026105720,6.775571458328033,new_lower_rho_same_seed_schedule,False,34,0.0,0.0,0,1.0,1.0023387905111927,2993,1,2986,0.004666666666666666,False,-6.775571458328033,True,ok,,0.0009364999714307487
30,5,Normal,3000,5,0.3,20,2026105720,6.775571458328033,new_lower_rho_same_seed_schedule,False,35,0.0,0.0,0,1.0,1.0006671114076051,2998,1,2996,0.001333333333333333,False,-6.775571458328033,True,ok,,0.0009350829641334713
30,5,Normal,3000,5,0.3,20,2026105720,6.775571458328033,new_lower_rho_same_seed_schedule,False,36,0.0,0.0,0,1.0,1.0026737967914439,2992,1,2984,0.005333333333333331,False,-6.775571458328033,True,ok,,0.0009152079583145678
30,5,Normal,3000,5,0.3,20,2026105720,6.775571458328033,new_lower_rho_same_seed_schedule,False,37,0.0,0.0,0,1.0,1.0013351134846462,2996,1,2992,0.002666666666666666,False,-6.775571458328033,True,ok,,0.000911459035705775
30,5,Normal,3000,5,0.3,20,2026105720,6.775571458328033,new_lower_rho_same_seed_schedule,False,38,0.0,0.0,0,1.0,1.001669449081803,2995,1,2990,0.0033333333333333327,False,-6.775571458328033,True,ok,,0.0009076669812202454
30,5,Normal,3000,5,0.3,20,2026105720,6.775571458328033,new_lower_rho_same_seed_schedule,False,39,0.0,0.0,0,1.0,1.001669449081803,2995,1,2990,0.003333333333333333,False,-6.775571458328033,True,ok,,0.0008980410057120025
30,5,Normal,3000,5,0.3,20,2026105720,6.775571458328033,new_lower_rho_same_seed_schedule,False,40,0.0,0.0,0,1.0,1.0013351134846462,2996,1,2992,0.0026666666666666657,False,-6.775571458328033,True,ok,,0.0008905830327421427
30,5,Normal,3000,5,0.3,21,2026105721,6.775571458328033,new_lower_rho_same_seed_schedule,False,1,7.122810861566233,1.0,3000,0.0,3000.0,1,3000,0,1.144419087285345,False,0.34723940323820024,False,ok,,0.0011727079981938004
30,5,Normal,3000,5,0.3,21,2026105721,6.775571458328033,new_lower_rho_same_seed_schedule,False,2,6.309698082888157,1.0,3000,0.0,93.75,32,49,0,1.694291911839807,False,-0.46587337543987584,False,ok,,0.0010627909796312451
30,5,Normal,3000,5,0.3,21,2026105721,6.775571458328033,new_lower_rho_same_seed_schedule,False,3,5.750527255832323,0.982,2946,0.018000000000000016,23.62204724409449,127,1,27,1.9348455720216509,False,-1.0250442024957094,False,ok,,0.0011710419785231352
30,5,Normal,3000,5,0.3,21,2026105721,6.775571458328033,new_lower_rho_same_seed_schedule,False,4,5.043038154622466,0.9383333333333334,2815,0.06166666666666665,10.714285714285714,280,1,84,2.2453575328869975,False,-1.7325333037055666,False,ok,,0.0012806670274585485
30,5,Normal,3000,5,0.3,21,2026105721,6.775571458328033,new_lower_rho_same_seed_schedule,False,5,4.1607385309045455,0.8803333333333333,2641,0.1196666666666667,6.0728744939271255,494,1,204,2.5915115851446795,False,-2.614832927423487,False,ok,,0.0016335829859599471
30,5,Normal,3000,5,0.3,21,2026105721,6.775571458328033,new_lower_rho_same_seed_schedule,False,6,3.0478631874636837,0.818,2454,0.18200000000000005,4.0431266846361185,742,1,343,2.9233297830789655,False,-3.727708270864349,False,ok,,0.0016356249689124525
30,5,Normal,3000,5,0.3,21,2026105721,6.775571458328033,new_lower_rho_same_seed_schedule,False,7,1.9793597056166854,0.6833333333333333,2050,0.31666666666666665,2.775208140610546,1081,1,560,2.860015414893402,False,-4.796211752711347,False,ok,,0.0017053749761544168
30,5,Normal,3000,5,0.3,21,2026105721,6.775571458328033,new_lower_rho_same_seed_schedule,False,8,0.7778371398211069,0.55,1650,0.44999999999999996,2.144388849177984,1399,1,799,2.634602244918158,False,-5.997734318506926,False,ok,,0.0017660419689491391
30,5,Normal,3000,5,0.3,21,2026105721,6.775571458328033,new_lower_rho_same_seed_schedule,False,9,-0.38799810983841493,0.43333333333333335,1300,0.5666666666666667,1.728110599078341,1736,1,1129,2.4969050929520504,False,-7.163569568166448,False,ok,,0.001737041980959475
30,5,Normal,3000,5,0.3,21,2026105721,6.775571458328033,new_lower_rho_same_seed_schedule,False,10,-1.1737395118116787,0.292,876,0.708,1.4698677119059285,2041,1,1509,1.7678629392285157,False,-7.949310970139711,False,ok,,0.001628542027901858
30,5,Normal,3000,5,0.3,21,2026105721,6.775571458328033,new_lower_rho_same_seed_schedule,False,11,-2.0793738880469643,0.19166666666666668,575,0.8083333333333333,1.31521262604121,2281,1,1804,1.3687318456245374,False,-8.854945346374997,False,ok,,0.0015443329466506839
30,5,Normal,3000,5,0.3,21,2026105721,6.775571458328033,new_lower_rho_same_seed_schedule,False,12,-2.440554864980919,0.11833333333333333,355,0.8816666666666667,1.218026796589525,2463,1,2066,0.9177977050827745,False,-9.216126323308952,False,ok,,0.0015790839679539204
30,5,Normal,3000,5,0.3,21,2026105721,6.775571458328033,new_lower_rho_same_seed_schedule,False,13,-3.3263527580628183,0.079,237,0.921,1.1632415664986429,2579,1,2241,0.7030165813082047,False,-10.10192421639085,False,ok,,0.0016687919851392508
30,5,Normal,3000,5,0.3,21,2026105721,6.775571458328033,new_lower_rho_same_seed_schedule,False,14,-3.739613640284509,0.04066666666666666,122,0.9593333333333334,1.1070110701107012,2710,1,2456,0.4071108196911708,False,-10.515185098612541,False,ok,,0.0013431250117719173
30,5,Normal,3000,5,0.3,21,2026105721,6.775571458328033,new_lower_rho_same_seed_schedule,False,15,-3.739132240915648,0.018666666666666668,56,0.9813333333333333,1.0783608914450036,2782,1,2580,0.23483772500378902,False,-10.51470369924368,False,ok,,0.0012171249836683273
30,5,Normal,3000,5,0.3,21,2026105721,6.775571458328033,new_lower_rho_same_seed_schedule,False,16,-4.352324320321911,0.013,39,0.987,1.0660980810234542,2814,1,2639,0.1792962210017291,False,-11.127895778649943,False,ok,,0.0011580419959500432
30,5,Normal,3000,5,0.3,21,2026105721,6.775571458328033,new_lower_rho_same_seed_schedule,False,17,-4.473498776129745,0.007333333333333333,22,0.9926666666666667,1.0493179433368311,2859,1,2723,0.12544751159765616,False,-11.249070234457777,False,ok,,0.0010916669853031635
30,5,Normal,3000,5,0.3,21,2026105721,6.775571458328033,new_lower_rho_same_seed_schedule,False,18,-4.912225942509021,0.005666666666666667,17,0.9943333333333333,1.0341261633919339,2901,1,2807,0.08945007081394787,False,-11.687797400837054,False,ok,,0.0010282500297762454
30,5,Normal,3000,5,0.3,21,2026105721,6.775571458328033,new_lower_rho_same_seed_schedule,False,19,-5.9270589806689165,0.005,15,0.995,1.0252904989747096,2926,1,2856,0.07347868099176885,False,-12.702630438996948,False,ok,,0.0009933330002240837
30,5,Normal,3000,5,0.3,21,2026105721,6.775571458328033,new_lower_rho_same_seed_schedule,False,20,-6.474377316750002,0.0023333333333333335,7,0.9976666666666667,1.0235414534288638,2931,1,2864,0.05987830472474274,False,-13.249948775078035,False,ok,,0.0009883340098895133
30,5,Normal,3000,5,0.3,21,2026105721,6.775571458328033,new_lower_rho_same_seed_schedule,False,21,-6.268326245631509,0.0023333333333333335,7,0.9976666666666667,1.0118043844856661,2965,1,2931,0.02967106120089299,False,-13.04389770395954,False,ok,,0.0009467499912716448
30,5,Normal,3000,5,0.3,21,2026105721,6.775571458328033,new_lower_rho_same_seed_schedule,False,22,-6.75743613799434,0.0006666666666666666,2,0.9993333333333333,1.015228426395939,2955,1,2910,0.02999999999999998,False,-13.533007596322372,False,ok,,0.0009531250107102096
30,5,Normal,3000,5,0.3,21,2026105721,6.775571458328033,new_lower_rho_same_seed_schedule,False,23,-6.4084457178957495,0.002,6,0.998,1.0104412260020208,2969,1,2939,0.027004394534226324,False,-13.184017176223783,False,ok,,0.0010125410044565797
30,5,Normal,3000,5,0.3,21,2026105721,6.775571458328033,new_lower_rho_same_seed_schedule,False,24,-8.181822282271247,0.0003333333333333333,1,0.9996666666666667,1.007387508394896,2978,1,2956,0.014666666666666661,False,-14.95739374059928,False,ok,,0.0009219160419888794
30,5,Normal,3000,5,0.3,21,2026105721,6.775571458328033,new_lower_rho_same_seed_schedule,False,25,-8.459110393717342,0.0013333333333333333,4,0.9986666666666667,1.0060362173038229,2982,1,2965,0.019094541206234255,False,-15.234681852045375,False,ok,,0.0009224999812431633
30,5,Normal,3000,5,0.3,21,2026105721,6.775571458328033,new_lower_rho_same_seed_schedule,False,26,0.0,0.0,0,1.0,1.0036801605888257,2989,1,2978,0.007333333333333333,False,-6.775571458328033,True,ok,,0.0009033750393427908
30,5,Normal,3000,5,0.3,21,2026105721,6.775571458328033,new_lower_rho_same_seed_schedule,False,27,-7.4069546085876645,0.001,3,0.999,1.0040160642570282,2988,1,2977,0.014581514630261638,False,-14.182526066915697,False,ok,,0.0009051249944604933
30,5,Normal,3000,5,0.3,21,2026105721,6.775571458328033,new_lower_rho_same_seed_schedule,False,28,0.0,0.0,0,1.0,1.0033444816053512,2990,1,2980,0.006666666666666666,False,-6.775571458328033,True,ok,,0.0009078749571926892
30,5,Normal,3000,5,0.3,21,2026105721,6.775571458328033,new_lower_rho_same_seed_schedule,False,29,0.0,0.0,0,1.0,1.0046885465505693,2986,1,2972,0.009333333333333332,False,-6.775571458328033,True,ok,,0.0009364580037072301
30,5,Normal,3000,5,0.3,21,2026105721,6.775571458328033,new_lower_rho_same_seed_schedule,False,30,0.0,0.0,0,1.0,1.0056989607777405,2983,1,2966,0.011333333333333329,False,-6.775571458328033,True,ok,,0.0010400000028312206
30,5,Normal,3000,5,0.3,21,2026105721,6.775571458328033,new_lower_rho_same_seed_schedule,False,31,0.0,0.0,0,1.0,1.0030090270812437,2991,1,2982,0.005999999999999999,False,-6.775571458328033,True,ok,,0.0010521250078454614
30,5,Normal,3000,5,0.3,21,2026105721,6.775571458328033,new_lower_rho_same_seed_schedule,False,32,-7.03695556631953,0.0003333333333333333,1,0.9996666666666667,1.0030090270812437,2991,1,2982,0.005999999999999999,False,-13.812527024647562,False,ok,,0.0009270000155083835
30,5,Normal,3000,5,0.3,21,2026105721,6.775571458328033,new_lower_rho_same_seed_schedule,False,33,0.0,0.0,0,1.0,1.002004008016032,2994,1,2988,0.004,False,-6.775571458328033,True,ok,,0.0008857499924488366
30,5,Normal,3000,5,0.3,21,2026105721,6.775571458328033,new_lower_rho_same_seed_schedule,False,34,0.0,0.0,0,1.0,1.0023387905111927,2993,1,2986,0.004666666666666666,False,-6.775571458328033,True,ok,,0.0008881250396370888
30,5,Normal,3000,5,0.3,21,2026105721,6.775571458328033,new_lower_rho_same_seed_schedule,False,35,0.0,0.0,0,1.0,1.001669449081803,2995,1,2990,0.003333333333333333,False,-6.775571458328033,True,ok,,0.000887166999746114
30,5,Normal,3000,5,0.3,21,2026105721,6.775571458328033,new_lower_rho_same_seed_schedule,False,36,0.0,0.0,0,1.0,1.001001001001001,2997,1,2994,0.0019999999999999996,False,-6.775571458328033,True,ok,,0.0008851249585859478
30,5,Normal,3000,5,0.3,21,2026105721,6.775571458328033,new_lower_rho_same_seed_schedule,False,37,0.0,0.0,0,1.0,1.0006671114076051,2998,1,2996,0.0013333333333333335,False,-6.775571458328033,True,ok,,0.0008677500300109386
30,5,Normal,3000,5,0.3,21,2026105721,6.775571458328033,new_lower_rho_same_seed_schedule,False,38,0.0,0.0,0,1.0,1.001001001001001,2997,1,2994,0.002,False,-6.775571458328033,True,ok,,0.0008701669867150486
30,5,Normal,3000,5,0.3,21,2026105721,6.775571458328033,new_lower_rho_same_seed_schedule,False,39,0.0,0.0,0,1.0,1.001001001001001,2997,1,2994,0.002,False,-6.775571458328033,True,ok,,0.0008707499946467578
30,5,Normal,3000,5,0.3,21,2026105721,6.775571458328033,new_lower_rho_same_seed_schedule,False,40,0.0,0.0,0,1.0,1.0013351134846462,2996,1,2992,0.002666666666666666,False,-6.775571458328033,True,ok,,0.0008913340279832482
30,5,Normal,3000,5,0.3,22,2026105722,6.775571458328033,new_lower_rho_same_seed_schedule,False,1,7.055022028070334,1.0,3000,0.0,3000.0,1,3000,0,1.1418112245844723,False,0.2794505697423011,False,ok,,0.001195874996483326
30,5,Normal,3000,5,0.3,22,2026105722,6.775571458328033,new_lower_rho_same_seed_schedule,False,2,6.219359765909273,1.0,3000,0.0,93.75,32,14,0,1.6611656000416972,False,-0.5562116924187599,False,ok,,0.0011740829795598984
30,5,Normal,3000,5,0.3,22,2026105722,6.775571458328033,new_lower_rho_same_seed_schedule,False,3,5.636101849830171,0.983,2949,0.017000000000000015,22.388059701492537,134,1,29,1.9147933131845014,False,-1.139469608497862,False,ok,,0.0013425829820334911
30,5,Normal,3000,5,0.3,22,2026105722,6.775571458328033,new_lower_rho_same_seed_schedule,False,4,4.916812293052159,0.9416666666666667,2825,0.05833333333333335,10.452961672473867,287,1,99,2.2893365186509143,False,-1.858759165275874,False,ok,,0.0013647080049850047
30,5,Normal,3000,5,0.3,22,2026105722,6.775571458328033,new_lower_rho_same_seed_schedule,False,5,3.9349090178567248,0.8773333333333333,2632,0.1226666666666667,5.893909626719057,509,1,204,2.634859845851698,False,-2.840662440471308,False,ok,,0.0015010409988462925
30,5,Normal,3000,5,0.3,22,2026105722,6.775571458328033,new_lower_rho_same_seed_schedule,False,6,2.8960788102540747,0.7873333333333333,2362,0.21266666666666667,3.7593984962406015,798,1,385,2.8388174925272036,False,-3.879492648073958,False,ok,,0.0017107090097852051
30,5,Normal,3000,5,0.3,22,2026105722,6.775571458328033,new_lower_rho_same_seed_schedule,False,7,1.6758854811556803,0.6636666666666666,1991,0.3363333333333334,2.629272567922875,1141,1,608,2.850596115498963,False,-5.099685977172353,False,ok,,0.001731916971039027
30,5,Normal,3000,5,0.3,22,2026105722,6.775571458328033,new_lower_rho_same_seed_schedule,False,8,0.5352082925259428,0.544,1632,0.45599999999999996,2.059025394646534,1457,1,882,2.6470011663721063,False,-6.24036316580209,False,ok,,0.0017507500015199184
30,5,Normal,3000,5,0.3,22,2026105722,6.775571458328033,new_lower_rho_same_seed_schedule,False,9,-0.33452421165578444,0.392,1176,0.608,1.675977653631285,1790,1,1190,2.1991235836721286,False,-7.110095669983817,False,ok,,0.0017385000246576965
30,5,Normal,3000,5,0.3,22,2026105722,6.775571458328033,new_lower_rho_same_seed_schedule,False,10,-1.5263639191052312,0.26466666666666666,794,0.7353333333333334,1.4340344168260037,2092,1,1538,1.7369821459939592,False,-8.301935377433264,False,ok,,0.001659124973230064
30,5,Normal,3000,5,0.3,22,2026105722,6.775571458328033,new_lower_rho_same_seed_schedule,False,11,-2.3624642596579872,0.16766666666666666,503,0.8323333333333334,1.3015184381778742,2305,1,1811,1.275138501151827,False,-9.13803571798602,False,ok,,0.0015613749856129289
30,5,Normal,3000,5,0.3,22,2026105722,6.775571458328033,new_lower_rho_same_seed_schedule,False,12,-2.988439582362437,0.10233333333333333,307,0.8976666666666666,1.1980830670926517,2504,1,2120,0.845493985703641,False,-9.76401104069047,False,ok,,0.0014253329718485475
30,5,Normal,3000,5,0.3,22,2026105722,6.775571458328033,new_lower_rho_same_seed_schedule,False,13,-3.4007034688179023,0.058333333333333334,175,0.9416666666666667,1.1337868480725624,2646,1,2351,0.5216317433340136,False,-10.176274927145935,False,ok,,0.0013133329921402037
30,5,Normal,3000,5,0.3,22,2026105722,6.775571458328033,new_lower_rho_same_seed_schedule,False,14,-3.7809816308560347,0.035333333333333335,106,0.9646666666666667,1.1144130757800892,2692,1,2414,0.37333712555454407,False,-10.556553089184067,False,ok,,0.0012805419974029064
30,5,Normal,3000,5,0.3,22,2026105722,6.775571458328033,new_lower_rho_same_seed_schedule,False,15,-4.642715337579906,0.02666666666666667,80,0.9733333333333334,1.0725777618877368,2797,1,2616,0.2730432761128297,False,-11.418286795907939,False,ok,,0.0011971250060014427
30,5,Normal,3000,5,0.3,22,2026105722,6.775571458328033,new_lower_rho_same_seed_schedule,False,16,-5.646193378847741,0.011,33,0.989,1.0582010582010581,2835,1,2678,0.16240067837192482,False,-12.421764837175774,False,ok,,0.0013044580118730664
30,5,Normal,3000,5,0.3,22,2026105722,6.775571458328033,new_lower_rho_same_seed_schedule,False,17,-4.898116183189617,0.008,24,0.992,1.0351966873706004,2898,1,2802,0.1028104568039444,False,-11.673687641517649,False,ok,,0.0011075410293415189
30,5,Normal,3000,5,0.3,22,2026105722,6.775571458328033,new_lower_rho_same_seed_schedule,False,18,-6.083039613119613,0.006333333333333333,19,0.9936666666666667,1.0362694300518134,2895,1,2794,0.09370373751010226,False,-12.858611071447646,False,ok,,0.0010773339890874922
30,5,Normal,3000,5,0.3,22,2026105722,6.775571458328033,new_lower_rho_same_seed_schedule,False,19,-6.233765423216099,0.004,12,0.996,1.027749229188078,2919,1,2840,0.06642613053083225,False,-13.009336881544131,False,ok,,0.0010407909867353737
30,5,Normal,3000,5,0.3,22,2026105722,6.775571458328033,new_lower_rho_same_seed_schedule,False,20,-6.26872204391806,0.0026666666666666666,8,0.9973333333333333,1.0169491525423728,2950,1,2902,0.04580717710739044,False,-13.044293502246092,False,ok,,0.0010077920160256326
30,5,Normal,3000,5,0.3,22,2026105722,6.775571458328033,new_lower_rho_same_seed_schedule,False,21,-6.534786856161176,0.0013333333333333333,4,0.9986666666666667,1.0141987829614605,2958,1,2917,0.03391479977857063,False,-13.310358314489209,False,ok,,0.000991332984995097
30,5,Normal,3000,5,0.3,22,2026105722,6.775571458328033,new_lower_rho_same_seed_schedule,False,22,-6.955184061992405,0.0026666666666666666,8,0.9973333333333333,1.013856032443393,2959,1,2919,0.034616609760434104,False,-13.730755520320438,False,ok,,0.0009922499884851277
30,5,Normal,3000,5,0.3,22,2026105722,6.775571458328033,new_lower_rho_same_seed_schedule,False,23,-6.466886513991702,0.001,3,0.999,1.0090817356205852,2973,1,2946,0.01799999999999999,False,-13.242457972319734,False,ok,,0.0009710830054245889
30,5,Normal,3000,5,0.3,22,2026105722,6.775571458328033,new_lower_rho_same_seed_schedule,False,24,-13.037182681810949,0.0006666666666666666,2,0.9993333333333333,1.0084033613445378,2975,1,2950,0.016666666666666663,False,-19.81275414013898,False,ok,,0.0009687920100986958
30,5,Normal,3000,5,0.3,22,2026105722,6.775571458328033,new_lower_rho_same_seed_schedule,False,25,-12.693127323077267,0.0006666666666666666,2,0.9993333333333333,1.007387508394896,2978,1,2956,0.014666666666666661,False,-19.4686987814053,False,ok,,0.000962083984632045
30,5,Normal,3000,5,0.3,22,2026105722,6.775571458328033,new_lower_rho_same_seed_schedule,False,26,-6.43011223481638,0.001,3,0.999,1.0056989607777405,2983,1,2967,0.016922363990888055,False,-13.205683693144412,False,ok,,0.0009536669822409749
30,5,Normal,3000,5,0.3,22,2026105722,6.775571458328033,new_lower_rho_same_seed_schedule,False,27,-12.693127323077267,0.0006666666666666666,2,0.9993333333333333,1.0046885465505693,2986,1,2972,0.009333333333333336,False,-19.4686987814053,False,ok,,0.0009636670001782477
30,5,Normal,3000,5,0.3,22,2026105722,6.775571458328033,new_lower_rho_same_seed_schedule,False,28,0.0,0.0,0,1.0,1.0040160642570282,2988,1,2976,0.007999999999999998,False,-6.775571458328033,True,ok,,0.0009597499738447368
30,5,Normal,3000,5,0.3,22,2026105722,6.775571458328033,new_lower_rho_same_seed_schedule,False,29,0.0,0.0,0,1.0,1.0023387905111927,2993,1,2986,0.004666666666666668,False,-6.775571458328033,True,ok,,0.0009527079528197646
30,5,Normal,3000,5,0.3,22,2026105722,6.775571458328033,new_lower_rho_same_seed_schedule,False,30,-6.986510696759768,0.001,3,0.999,1.0033444816053512,2990,1,2980,0.006666666666666666,False,-13.7620821550878,False,ok,,0.0009497079881839454
30,5,Normal,3000,5,0.3,22,2026105722,6.775571458328033,new_lower_rho_same_seed_schedule,False,31,-17.255520014482038,0.0003333333333333333,1,0.9996666666666667,1.0026737967914439,2992,1,2984,0.005333333333333334,False,-24.03109147281007,False,ok,,0.0009492500103078783
30,5,Normal,3000,5,0.3,22,2026105722,6.775571458328033,new_lower_rho_same_seed_schedule,False,32,-7.646150803778804,0.0006666666666666666,2,0.9993333333333333,1.0030090270812437,2991,1,2982,0.006,False,-14.421722262106837,False,ok,,0.0009443750022910535
30,5,Normal,3000,5,0.3,22,2026105722,6.775571458328033,new_lower_rho_same_seed_schedule,False,33,-17.255520014482038,0.0003333333333333333,1,0.9996666666666667,1.0026737967914439,2992,1,2984,0.005333333333333335,False,-24.03109147281007,False,ok,,0.0009487499482929707
30,5,Normal,3000,5,0.3,22,2026105722,6.775571458328033,new_lower_rho_same_seed_schedule,False,34,-7.16156697588511,0.0003333333333333333,1,0.9996666666666667,1.0013351134846462,2996,1,2992,0.002666666666666667,False,-13.937138434213143,False,ok,,0.001135916041675955
30,5,Normal,3000,5,0.3,22,2026105722,6.775571458328033,new_lower_rho_same_seed_schedule,False,35,0.0,0.0,0,1.0,1.001669449081803,2995,1,2990,0.0033333333333333327,False,-6.775571458328033,True,ok,,0.0010075420141220093
30,5,Normal,3000,5,0.3,22,2026105722,6.775571458328033,new_lower_rho_same_seed_schedule,False,36,-7.16156697588511,0.0003333333333333333,1,0.9996666666666667,1.0006671114076051,2998,1,2996,0.0013333333333333335,False,-13.937138434213143,False,ok,,0.0009667910053394735
30,5,Normal,3000,5,0.3,22,2026105722,6.775571458328033,new_lower_rho_same_seed_schedule,False,37,0.0,0.0,0,1.0,1.0013351134846462,2996,1,2992,0.002666666666666667,False,-6.775571458328033,True,ok,,0.0009437919943593442
30,5,Normal,3000,5,0.3,22,2026105722,6.775571458328033,new_lower_rho_same_seed_schedule,False,38,0.0,0.0,0,1.0,1.0,3000,1,3000,0.0,False,-6.775571458328033,True,ok,,0.0009254160104319453
30,5,Normal,3000,5,0.3,22,2026105722,6.775571458328033,new_lower_rho_same_seed_schedule,False,39,-17.255520014482038,0.0003333333333333333,1,0.9996666666666667,1.001669449081803,2995,1,2990,0.003333333333333334,False,-24.03109147281007,False,ok,,0.0009287919965572655
30,5,Normal,3000,5,0.3,22,2026105722,6.775571458328033,new_lower_rho_same_seed_schedule,False,40,0.0,0.0,0,1.0,1.0,3000,1,3000,0.0,False,-6.775571458328033,True,ok,,0.0009264170075766742
30,5,Normal,3000,5,0.3,23,2026105723,6.775571458328033,new_lower_rho_same_seed_schedule,False,1,7.041161817907945,1.0,3000,0.0,3000.0,1,3000,0,1.145008558040183,False,0.26559035957991206,False,ok,,0.0011627500061877072
30,5,Normal,3000,5,0.3,23,2026105723,6.775571458328033,new_lower_rho_same_seed_schedule,False,2,6.2159110235045345,1.0,3000,0.0,93.75,32,25,0,1.6795181586418009,False,-0.5596604348234981,False,ok,,0.0011381249641999602
30,5,Normal,3000,5,0.3,23,2026105723,6.775571458328033,new_lower_rho_same_seed_schedule,False,3,5.715776504496916,0.9773333333333334,2932,0.022666666666666613,23.80952380952381,126,1,26,1.8561805010584895,False,-1.0597949538311164,False,ok,,0.0012217920157127082
30,5,Normal,3000,5,0.3,23,2026105723,6.775571458328033,new_lower_rho_same_seed_schedule,False,4,4.989810381909979,0.9406666666666667,2822,0.05933333333333335,10.676156583629894,281,1,93,2.246448103053745,False,-1.785761076418054,False,ok,,0.001308124978095293
30,5,Normal,3000,5,0.3,23,2026105723,6.775571458328033,new_lower_rho_same_seed_schedule,False,5,4.106875337917314,0.885,2655,0.11499999999999999,6.25,480,1,199,2.5431711392141785,False,-2.6686961204107185,False,ok,,0.0015047499909996986
30,5,Normal,3000,5,0.3,23,2026105723,6.775571458328033,new_lower_rho_same_seed_schedule,False,6,3.060767751838838,0.815,2445,0.18500000000000005,4.048582995951417,741,1,347,2.8557253837393364,False,-3.7148037064891946,False,ok,,0.0016209580353461206
30,5,Normal,3000,5,0.3,23,2026105723,6.775571458328033,new_lower_rho_same_seed_schedule,False,7,2.0196172723592065,0.686,2058,0.31399999999999995,2.7803521779425395,1079,1,580,2.852057034507088,False,-4.755954185968826,False,ok,,0.00163929199334234
30,5,Normal,3000,5,0.3,23,2026105723,6.775571458328033,new_lower_rho_same_seed_schedule,False,8,0.9482074101966008,0.5566666666666666,1670,0.44333333333333336,2.1398002853067046,1402,1,820,2.695558595999367,False,-5.8273640481314315,False,ok,,0.0017037499928846955
30,5,Normal,3000,5,0.3,23,2026105723,6.775571458328033,new_lower_rho_same_seed_schedule,False,9,-0.13818321705741432,0.44333333333333336,1330,0.5566666666666666,1.7615971814445097,1703,1,1112,2.424243565425386,False,-6.913754675385447,False,ok,,0.0016984170069918036
30,5,Normal,3000,5,0.3,23,2026105723,6.775571458328033,new_lower_rho_same_seed_schedule,False,10,-1.2303931832541615,0.31566666666666665,947,0.6843333333333333,1.4955134596211366,2006,1,1450,1.9834107797263338,False,-8.005964641582194,False,ok,,0.001613583997823298
30,5,Normal,3000,5,0.3,23,2026105723,6.775571458328033,new_lower_rho_same_seed_schedule,False,11,-1.9002148191489692,0.182,546,0.8180000000000001,1.323918799646955,2266,1,1749,1.3583216442977104,False,-8.675786277477002,False,ok,,0.0015543749905191362
30,5,Normal,3000,5,0.3,23,2026105723,6.775571458328033,new_lower_rho_same_seed_schedule,False,12,-2.490470302593919,0.12133333333333333,364,0.8786666666666667,1.2254901960784315,2448,1,2037,0.9337694158983986,False,-9.26604176092195,False,ok,,0.001401791989337653
30,5,Normal,3000,5,0.3,23,2026105723,6.775571458328033,new_lower_rho_same_seed_schedule,False,13,-3.189240709645381,0.06266666666666666,188,0.9373333333333334,1.1542901115813775,2599,1,2265,0.5806568841782289,False,-9.964812167973413,False,ok,,0.0013065419625490904
30,5,Normal,3000,5,0.3,23,2026105723,6.775571458328033,new_lower_rho_same_seed_schedule,False,14,-3.693640161838504,0.033666666666666664,101,0.9663333333333334,1.1086474501108647,2706,1,2445,0.3740218356674996,False,-10.469211620166536,False,ok,,0.0012122920015826821
30,5,Normal,3000,5,0.3,23,2026105723,6.775571458328033,new_lower_rho_same_seed_schedule,False,15,-3.595137053169058,0.023333333333333334,70,0.9766666666666667,1.0771992818671454,2785,1,2590,0.2548516039185705,False,-10.37070851149709,False,ok,,0.0011383750243112445
30,5,Normal,3000,5,0.3,23,2026105723,6.775571458328033,new_lower_rho_same_seed_schedule,False,16,-3.9754048900720482,0.019333333333333334,58,0.9806666666666667,1.0608203677510608,2828,1,2674,0.20337711498448613,False,-10.75097634840008,False,ok,,0.001259958022274077
30,5,Normal,3000,5,0.3,23,2026105723,6.775571458328033,new_lower_rho_same_seed_schedule,False,17,-4.465762119673618,0.008333333333333333,25,0.9916666666666667,1.0420284821118444,2879,1,2764,0.11721929587442133,False,-11.241333578001651,False,ok,,0.0012674579629674554
30,5,Normal,3000,5,0.3,23,2026105723,6.775571458328033,new_lower_rho_same_seed_schedule,False,18,-5.38838914513436,0.006666666666666667,20,0.9933333333333333,1.0298661174047374,2913,1,2831,0.09066683292665358,False,-12.163960603462392,False,ok,,0.0012384580331854522
30,5,Normal,3000,5,0.3,23,2026105723,6.775571458328033,new_lower_rho_same_seed_schedule,False,19,-4.396715248065709,0.0026666666666666666,8,0.9973333333333333,1.0252904989747096,2926,1,2853,0.05696172988023808,False,-11.172286706393741,False,ok,,0.001077250053640455
30,5,Normal,3000,5,0.3,23,2026105723,6.775571458328033,new_lower_rho_same_seed_schedule,False,20,-5.513079383161764,0.001,3,0.999,1.0190217391304348,2944,1,2888,0.037333333333333336,False,-12.288650841489797,False,ok,,0.0011533329961821437
30,5,Normal,3000,5,0.3,23,2026105723,6.775571458328033,new_lower_rho_same_seed_schedule,False,21,0.0,0.0,0,1.0,1.016260162601626,2952,1,2904,0.03199999999999999,False,-6.775571458328033,True,ok,,0.0010929999989457428
30,5,Normal,3000,5,0.3,23,2026105723,6.775571458328033,new_lower_rho_same_seed_schedule,False,22,-6.144614428406296,0.0013333333333333333,4,0.9986666666666667,1.0118043844856661,2965,1,2930,0.02333333333333332,False,-12.920185886734329,False,ok,,0.001045958953909576
30,5,Normal,3000,5,0.3,23,2026105723,6.775571458328033,new_lower_rho_same_seed_schedule,False,23,-3.7432407895587887,0.0006666666666666666,2,0.9993333333333333,1.0121457489878543,2964,1,2928,0.023999999999999987,False,-10.518812247886821,False,ok,,0.0010364160407334566
30,5,Normal,3000,5,0.3,23,2026105723,6.775571458328033,new_lower_rho_same_seed_schedule,False,24,-7.138773336909047,0.0003333333333333333,1,0.9996666666666667,1.0067114093959733,2980,1,2960,0.013333333333333329,False,-13.91434479523708,False,ok,,0.0010070420103147626
30,5,Normal,3000,5,0.3,23,2026105723,6.775571458328033,new_lower_rho_same_seed_schedule,False,25,-3.8105740197566695,0.0006666666666666666,2,0.9993333333333333,1.0053619302949062,2984,1,2968,0.010666666666666663,False,-10.586145478084703,False,ok,,0.0009925419581122696
30,5,Normal,3000,5,0.3,23,2026105723,6.775571458328033,new_lower_rho_same_seed_schedule,False,26,0.0,0.0,0,1.0,1.0056989607777405,2983,1,2966,0.01133333333333333,False,-6.775571458328033,True,ok,,0.000994333007838577
30,5,Normal,3000,5,0.3,23,2026105723,6.775571458328033,new_lower_rho_same_seed_schedule,False,27,0.0,0.0,0,1.0,1.0046885465505693,2986,1,2972,0.009333333333333332,False,-6.775571458328033,True,ok,,0.0009864999447017908
30,5,Normal,3000,5,0.3,23,2026105723,6.775571458328033,new_lower_rho_same_seed_schedule,False,28,0.0,0.0,0,1.0,1.0033444816053512,2990,1,2980,0.0066666666666666645,False,-6.775571458328033,True,ok,,0.0009735840139910579
30,5,Normal,3000,5,0.3,23,2026105723,6.775571458328033,new_lower_rho_same_seed_schedule,False,29,-7.138773336909047,0.0003333333333333333,1,0.9996666666666667,1.0036801605888257,2989,1,2978,0.007333333333333333,False,-13.91434479523708,False,ok,,0.0009848330519162118
30,5,Normal,3000,5,0.3,23,2026105723,6.775571458328033,new_lower_rho_same_seed_schedule,False,30,-4.964760629439129,0.0003333333333333333,1,0.9996666666666667,1.0023387905111927,2993,1,2986,0.004666666666666665,False,-11.740332087767161,False,ok,,0.0009709169971756637
30,5,Normal,3000,5,0.3,23,2026105723,6.775571458328033,new_lower_rho_same_seed_schedule,False,31,-7.138773336909047,0.0003333333333333333,1,0.9996666666666667,1.0026737967914439,2992,1,2984,0.005333333333333332,False,-13.91434479523708,False,ok,,0.0009620420169085264
30,5,Normal,3000,5,0.3,23,2026105723,6.775571458328033,new_lower_rho_same_seed_schedule,False,32,0.0,0.0,0,1.0,1.0006671114076051,2998,1,2996,0.0013333333333333333,False,-6.775571458328033,True,ok,,0.0009440419962629676
30,5,Normal,3000,5,0.3,23,2026105723,6.775571458328033,new_lower_rho_same_seed_schedule,False,33,0.0,0.0,0,1.0,1.0023387905111927,2993,1,2986,0.0046666666666666645,False,-6.775571458328033,True,ok,,0.0009435419924557209
30,5,Normal,3000,5,0.3,23,2026105723,6.775571458328033,new_lower_rho_same_seed_schedule,False,34,0.0,0.0,0,1.0,1.0,3000,1,3000,0.0,False,-6.775571458328033,True,ok,,0.0010332080419175327
30,5,Normal,3000,5,0.3,23,2026105723,6.775571458328033,new_lower_rho_same_seed_schedule,False,35,0.0,0.0,0,1.0,1.0006671114076051,2998,1,2996,0.0013333333333333326,False,-6.775571458328033,True,ok,,0.001033749955240637
30,5,Normal,3000,5,0.3,23,2026105723,6.775571458328033,new_lower_rho_same_seed_schedule,False,36,0.0,0.0,0,1.0,1.0006671114076051,2998,1,2996,0.0013333333333333337,False,-6.775571458328033,True,ok,,0.0009948749793693423
30,5,Normal,3000,5,0.3,23,2026105723,6.775571458328033,new_lower_rho_same_seed_schedule,False,37,0.0,0.0,0,1.0,1.0003334444814937,2999,1,2998,0.0006666666666666666,False,-6.775571458328033,True,ok,,0.0009752500336617231
30,5,Normal,3000,5,0.3,23,2026105723,6.775571458328033,new_lower_rho_same_seed_schedule,False,38,0.0,0.0,0,1.0,1.0003334444814937,2999,1,2998,0.0006666666666666665,False,-6.775571458328033,True,ok,,0.0009563749772496521
30,5,Normal,3000,5,0.3,23,2026105723,6.775571458328033,new_lower_rho_same_seed_schedule,False,39,0.0,0.0,0,1.0,1.0003334444814937,2999,1,2998,0.0006666666666666664,False,-6.775571458328033,True,ok,,0.0009348329622298479
30,5,Normal,3000,5,0.3,23,2026105723,6.775571458328033,new_lower_rho_same_seed_schedule,False,40,0.0,0.0,0,1.0,1.0006671114076051,2998,1,2996,0.0013333333333333335,False,-6.775571458328033,True,ok,,0.0009120000177063048
30,5,Normal,3000,5,0.3,24,2026105724,6.775571458328033,new_lower_rho_same_seed_schedule,False,1,7.035139498065863,1.0,3000,0.0,3000.0,1,3000,0,1.1462165117263377,False,0.2595680397378306,False,ok,,0.0011763329966925085
30,5,Normal,3000,5,0.3,24,2026105724,6.775571458328033,new_lower_rho_same_seed_schedule,False,2,6.205614352758555,1.0,3000,0.0,93.75,32,30,0,1.6844239825285687,False,-0.5699571055694772,False,ok,,0.0011244160123169422
30,5,Normal,3000,5,0.3,24,2026105724,6.775571458328033,new_lower_rho_same_seed_schedule,False,3,5.742714229842803,0.9823333333333333,2947,0.01766666666666672,25.210084033613445,119,1,25,1.8316608074056722,False,-1.0328572284852298,False,ok,,0.0011643749894574285
30,5,Normal,3000,5,0.3,24,2026105724,6.775571458328033,new_lower_rho_same_seed_schedule,False,4,5.012509216247313,0.95,2850,0.050000000000000044,11.673151750972762,257,1,86,2.2012050297533303,False,-1.7630622420807196,False,ok,,0.0013478750479407609
30,5,Normal,3000,5,0.3,24,2026105724,6.775571458328033,new_lower_rho_same_seed_schedule,False,5,4.1204630262532165,0.895,2685,0.10499999999999998,6.410256410256411,468,1,191,2.547833052191609,False,-2.655108432074816,False,ok,,0.0015802080160938203
30,5,Normal,3000,5,0.3,24,2026105724,6.775571458328033,new_lower_rho_same_seed_schedule,False,6,3.1784247295215007,0.8103333333333333,2431,0.18966666666666665,4.195804195804196,715,1,326,2.7374470643475206,False,-3.597146728806532,False,ok,,0.0017999170231632888
30,5,Normal,3000,5,0.3,24,2026105724,6.775571458328033,new_lower_rho_same_seed_schedule,False,7,2.041133487069274,0.7123333333333334,2137,0.2876666666666666,2.964426877470356,1012,1,497,2.9592442910781296,False,-4.7344379712587585,False,ok,,0.0016856250003911555
30,5,Normal,3000,5,0.3,24,2026105724,6.775571458328033,new_lower_rho_same_seed_schedule,False,8,0.8960683223369458,0.605,1815,0.395,2.2900763358778624,1310,1,739,2.8282935602422863,False,-5.8795031359910865,False,ok,,0.0017177500412799418
30,5,Normal,3000,5,0.3,24,2026105724,6.775571458328033,new_lower_rho_same_seed_schedule,False,9,-0.0932837486424141,0.43766666666666665,1313,0.5623333333333334,1.784651992861392,1681,1,1078,2.3605003227140124,False,-6.868855206970447,False,ok,,0.0017096250085160136
30,5,Normal,3000,5,0.3,24,2026105724,6.775571458328033,new_lower_rho_same_seed_schedule,False,10,-1.0409352716351044,0.32666666666666666,980,0.6733333333333333,1.539250897896357,1949,1,1370,1.9448647982745382,False,-7.8165067299631374,False,ok,,0.001656708016525954
30,5,Normal,3000,5,0.3,24,2026105724,6.775571458328033,new_lower_rho_same_seed_schedule,False,11,-1.7975643247437,0.22233333333333333,667,0.7776666666666667,1.36986301369863,2190,1,1663,1.5383722386795171,False,-8.573135783071733,False,ok,,0.001560125034302473
30,5,Normal,3000,5,0.3,24,2026105724,6.775571458328033,new_lower_rho_same_seed_schedule,False,12,-2.463363923587249,0.135,405,0.865,1.2489592006661117,2402,1,1965,1.0300902397598697,False,-9.238935381915281,False,ok,,0.0014371660072356462
30,5,Normal,3000,5,0.3,24,2026105724,6.775571458328033,new_lower_rho_same_seed_schedule,False,13,-3.320642553645581,0.07166666666666667,215,0.9283333333333333,1.1673151750972763,2570,1,2221,0.6328286581664979,False,-10.096214011973613,False,ok,,0.0013326249900273979
30,5,Normal,3000,5,0.3,24,2026105724,6.775571458328033,new_lower_rho_same_seed_schedule,False,14,-3.100331095927845,0.06,180,0.94,1.1325028312570782,2649,1,2362,0.5063034545389528,False,-9.875902554255877,False,ok,,0.0012609160039573908
30,5,Normal,3000,5,0.3,24,2026105724,6.775571458328033,new_lower_rho_same_seed_schedule,False,15,-3.621868999815312,0.030666666666666665,92,0.9693333333333334,1.0905125408942202,2751,1,2534,0.3259169151998888,False,-10.397440458143345,False,ok,,0.0011779579799622297
30,5,Normal,3000,5,0.3,24,2026105724,6.775571458328033,new_lower_rho_same_seed_schedule,False,16,-4.492480652044648,0.022,66,0.978,1.0653409090909092,2816,1,2650,0.22667253994151595,False,-11.26805211037268,False,ok,,0.001358458015602082
30,5,Normal,3000,5,0.3,24,2026105724,6.775571458328033,new_lower_rho_same_seed_schedule,False,17,-3.9520827656834756,0.006666666666666667,20,0.9933333333333333,1.0420284821118444,2879,1,2763,0.11145288304606203,False,-10.72765422401151,False,ok,,0.0015015830285847187
30,5,Normal,3000,5,0.3,24,2026105724,6.775571458328033,new_lower_rho_same_seed_schedule,False,18,-4.689201742978051,0.007,21,0.993,1.0380622837370241,2890,1,2787,0.10887677255165434,False,-11.464773201306084,False,ok,,0.001150667027104646
30,5,Normal,3000,5,0.3,24,2026105724,6.775571458328033,new_lower_rho_same_seed_schedule,False,19,-4.478440113562905,0.004,12,0.996,1.0263427984946973,2923,1,2850,0.060442785322782806,False,-11.254011571890938,False,ok,,0.0010919999913312495
30,5,Normal,3000,5,0.3,24,2026105724,6.775571458328033,new_lower_rho_same_seed_schedule,False,20,-4.900850538775314,0.005,15,0.995,1.0252904989747096,2926,1,2854,0.06260324850854093,False,-11.676421997103347,False,ok,,0.0010684580192901194
30,5,Normal,3000,5,0.3,24,2026105724,6.775571458328033,new_lower_rho_same_seed_schedule,False,21,-7.788716683831107,0.0016666666666666668,5,0.9983333333333333,1.0148849797023005,2956,1,2913,0.03552357655550577,False,-14.564288142159139,False,ok,,0.0011057499796152115
30,5,Normal,3000,5,0.3,24,2026105724,6.775571458328033,new_lower_rho_same_seed_schedule,False,22,-5.9297872630764985,0.003,9,0.997,1.0169491525423728,2950,1,2900,0.03333333333333332,False,-12.705358721404531,False,ok,,0.0010281249997206032
30,5,Normal,3000,5,0.3,24,2026105724,6.775571458328033,new_lower_rho_same_seed_schedule,False,23,-5.781233867028453,0.0013333333333333333,4,0.9986666666666667,1.012829169480081,2962,1,2924,0.02533333333333332,False,-12.556805325356486,False,ok,,0.0009958329610526562
30,5,Normal,3000,5,0.3,24,2026105724,6.775571458328033,new_lower_rho_same_seed_schedule,False,24,-7.146142579527507,0.001,3,0.999,1.0121457489878543,2964,1,2928,0.023999999999999987,False,-13.92171403785554,False,ok,,0.0009887079941108823
30,5,Normal,3000,5,0.3,24,2026105724,6.775571458328033,new_lower_rho_same_seed_schedule,False,25,0.0,0.0,0,1.0,1.0070493454179255,2979,1,2958,0.013999999999999995,False,-6.775571458328033,True,ok,,0.0009755829814821482
30,5,Normal,3000,5,0.3,24,2026105724,6.775571458328033,new_lower_rho_same_seed_schedule,False,26,-7.640648095431486,0.0026666666666666666,8,0.9973333333333333,1.0084033613445378,2975,1,2951,0.022856909888839098,False,-14.416219553759518,False,ok,,0.0009673750028014183
30,5,Normal,3000,5,0.3,24,2026105724,6.775571458328033,new_lower_rho_same_seed_schedule,False,27,-11.604848721533541,0.0003333333333333333,1,0.9996666666666667,1.0063737001006374,2981,1,2962,0.012666666666666665,False,-18.380420179861574,False,ok,,0.0009565000073052943
30,5,Normal,3000,5,0.3,24,2026105724,6.775571458328033,new_lower_rho_same_seed_schedule,False,28,-7.7166848799226,0.002,6,0.998,1.0050251256281406,2985,1,2971,0.016190243222172433,False,-14.492256338250634,False,ok,,0.0009555420256219804
30,5,Normal,3000,5,0.3,24,2026105724,6.775571458328033,new_lower_rho_same_seed_schedule,False,29,0.0,0.0,0,1.0,1.0053619302949062,2984,1,2968,0.010666666666666663,False,-6.775571458328033,True,ok,,0.0009521250030957162
30,5,Normal,3000,5,0.3,24,2026105724,6.775571458328033,new_lower_rho_same_seed_schedule,False,30,0.0,0.0,0,1.0,1.0023387905111927,2993,1,2986,0.004666666666666665,False,-6.775571458328033,True,ok,,0.0009384590084664524
30,5,Normal,3000,5,0.3,24,2026105724,6.775571458328033,new_lower_rho_same_seed_schedule,False,31,0.0,0.0,0,1.0,1.0023387905111927,2993,1,2986,0.004666666666666667,False,-6.775571458328033,True,ok,,0.0009384170407429338
30,5,Normal,3000,5,0.3,24,2026105724,6.775571458328033,new_lower_rho_same_seed_schedule,False,32,-11.604848721533541,0.0003333333333333333,1,0.9996666666666667,1.002004008016032,2994,1,2988,0.003999999999999999,False,-18.380420179861574,False,ok,,0.0009475830011069775
30,5,Normal,3000,5,0.3,24,2026105724,6.775571458328033,new_lower_rho_same_seed_schedule,False,33,-8.87566442823524,0.0013333333333333333,4,0.9986666666666667,1.0030090270812437,2991,1,2983,0.012190243222172437,False,-15.651235886563272,False,ok,,0.0009525419445708394
30,5,Normal,3000,5,0.3,24,2026105724,6.775571458328033,new_lower_rho_same_seed_schedule,False,34,0.0,0.0,0,1.0,1.0006671114076051,2998,1,2996,0.0013333333333333335,False,-6.775571458328033,True,ok,,0.0010603750124573708
30,5,Normal,3000,5,0.3,24,2026105724,6.775571458328033,new_lower_rho_same_seed_schedule,False,35,0.0,0.0,0,1.0,1.001669449081803,2995,1,2990,0.0033333333333333327,False,-6.775571458328033,True,ok,,0.001084791962057352
30,5,Normal,3000,5,0.3,24,2026105724,6.775571458328033,new_lower_rho_same_seed_schedule,False,36,0.0,0.0,0,1.0,1.0006671114076051,2998,1,2996,0.0013333333333333335,False,-6.775571458328033,True,ok,,0.0009916659910231829
30,5,Normal,3000,5,0.3,24,2026105724,6.775571458328033,new_lower_rho_same_seed_schedule,False,37,-11.604848721533541,0.0003333333333333333,1,0.9996666666666667,1.001001001001001,2997,1,2994,0.002,False,-18.380420179861574,False,ok,,0.0009832089999690652
30,5,Normal,3000,5,0.3,24,2026105724,6.775571458328033,new_lower_rho_same_seed_schedule,False,38,0.0,0.0,0,1.0,1.0003334444814937,2999,1,2998,0.0006666666666666669,False,-6.775571458328033,True,ok,,0.0009527080110274255
30,5,Normal,3000,5,0.3,24,2026105724,6.775571458328033,new_lower_rho_same_seed_schedule,False,39,-11.604848721533541,0.0003333333333333333,1,0.9996666666666667,1.001001001001001,2997,1,2994,0.0020000000000000005,False,-18.380420179861574,False,ok,,0.0009508749935775995
30,5,Normal,3000,5,0.3,24,2026105724,6.775571458328033,new_lower_rho_same_seed_schedule,False,40,0.0,0.0,0,1.0,1.0006671114076051,2998,1,2996,0.0013333333333333333,False,-6.775571458328033,True,ok,,0.0009377499809488654
30,5,Normal,3000,5,0.3,25,2026105725,6.775571458328033,new_lower_rho_same_seed_schedule,False,1,7.064981787256207,1.0,3000,0.0,3000.0,1,3000,0,1.1491214745592948,False,0.28941032892817464,False,ok,,0.0011708749807439744
30,5,Normal,3000,5,0.3,25,2026105725,6.775571458328033,new_lower_rho_same_seed_schedule,False,2,6.187027229986721,1.0,3000,0.0,93.75,32,19,0,1.6574229379134187,False,-0.5885442283413118,False,ok,,0.0011310839909128845
30,5,Normal,3000,5,0.3,25,2026105725,6.775571458328033,new_lower_rho_same_seed_schedule,False,3,5.743691463987809,0.9846666666666667,2954,0.01533333333333331,25.641025641025642,117,1,24,1.859298372954284,False,-1.0318799943402235,False,ok,,0.0011467920267023146
30,5,Normal,3000,5,0.3,25,2026105725,6.775571458328033,new_lower_rho_same_seed_schedule,False,4,5.100844425843822,0.954,2862,0.04600000000000004,12.345679012345679,243,1,81,2.1291213782434277,False,-1.6747270324842107,False,ok,,0.0012471249792724848
30,5,Normal,3000,5,0.3,25,2026105725,6.775571458328033,new_lower_rho_same_seed_schedule,False,5,4.369573793162589,0.8983333333333333,2695,0.10166666666666668,6.8807339449541285,436,1,191,2.497208482049859,False,-2.4059976651654438,False,ok,,0.0013390419771894813
30,5,Normal,3000,5,0.3,25,2026105725,6.775571458328033,new_lower_rho_same_seed_schedule,False,6,3.2181567595322815,0.8406666666666667,2522,0.15933333333333333,4.491017964071856,668,1,282,2.926462418230765,False,-3.557414698795751,False,ok,,0.0014829159481450915
30,5,Normal,3000,5,0.3,25,2026105725,6.775571458328033,new_lower_rho_same_seed_schedule,False,7,2.316349643110079,0.7423333333333333,2227,0.2576666666666667,3.1282586027111576,959,1,497,2.891848743689736,False,-4.459221815217953,False,ok,,0.0015325829735957086
30,5,Normal,3000,5,0.3,25,2026105725,6.775571458328033,new_lower_rho_same_seed_schedule,False,8,1.3169538964699323,0.6096666666666667,1829,0.3903333333333333,2.3510971786833856,1276,1,726,2.7890777958578123,False,-5.4586175618581,False,ok,,0.0018957910360768437
30,5,Normal,3000,5,0.3,25,2026105725,6.775571458328033,new_lower_rho_same_seed_schedule,False,9,0.25972639183603424,0.48633333333333334,1459,0.5136666666666667,1.8951358180669615,1583,1,995,2.4991368759788015,False,-6.515845066491998,False,ok,,0.0017767910030670464
30,5,Normal,3000,5,0.3,25,2026105725,6.775571458328033,new_lower_rho_same_seed_schedule,False,10,-0.6908586779766616,0.382,1146,0.618,1.6366612111292962,1833,1,1235,2.271300943101791,False,-7.4664301363046945,False,ok,,0.00171608297387138
30,5,Normal,3000,5,0.3,25,2026105725,6.775571458328033,new_lower_rho_same_seed_schedule,False,11,-1.566122737301548,0.26166666666666666,785,0.7383333333333333,1.411764705882353,2125,1,1592,1.7405663229179973,False,-8.34169419562958,False,ok,,0.0015880420105531812
30,5,Normal,3000,5,0.3,25,2026105725,6.775571458328033,new_lower_rho_same_seed_schedule,False,12,-1.986664835226034,0.15333333333333332,460,0.8466666666666667,1.274426508071368,2354,1,1896,1.1382620116234847,False,-8.762236293554066,False,ok,,0.0014719169703312218
30,5,Normal,3000,5,0.3,25,2026105725,6.775571458328033,new_lower_rho_same_seed_schedule,False,13,-2.7611029294738656,0.11,330,0.89,1.210165389269867,2479,1,2078,0.90600467428529,False,-9.536674387801899,False,ok,,0.0013870419934391975
30,5,Normal,3000,5,0.3,25,2026105725,6.775571458328033,new_lower_rho_same_seed_schedule,False,14,-3.0730462895886057,0.054,162,0.946,1.1498658489842852,2609,1,2272,0.5253431599506918,False,-9.848617747916638,False,ok,,0.0013007500092498958
30,5,Normal,3000,5,0.3,25,2026105725,6.775571458328033,new_lower_rho_same_seed_schedule,False,15,-3.236473476929599,0.03666666666666667,110,0.9633333333333334,1.1066027296200664,2711,1,2458,0.36648973249908673,False,-10.01204493525763,False,ok,,0.001195583026856184
30,5,Normal,3000,5,0.3,25,2026105725,6.775571458328033,new_lower_rho_same_seed_schedule,False,16,-4.081703900724766,0.014,42,0.986,1.0687566797292483,2807,1,2626,0.20326548447290727,False,-10.8572753590528,False,ok,,0.0013250000192783773
30,5,Normal,3000,5,0.3,25,2026105725,6.775571458328033,new_lower_rho_same_seed_schedule,False,17,-4.157911267498756,0.007666666666666666,23,0.9923333333333333,1.0515247108307044,2853,1,2712,0.13322655544244902,False,-10.933482725826789,False,ok,,0.0012957919971086085
30,5,Normal,3000,5,0.3,25,2026105725,6.775571458328033,new_lower_rho_same_seed_schedule,False,18,-3.6749214934673677,0.006,18,0.994,1.0416666666666667,2880,1,2764,0.10703069357527449,False,-10.4504929517954,False,ok,,0.0012897499836981297
30,5,Normal,3000,5,0.3,25,2026105725,6.775571458328033,new_lower_rho_same_seed_schedule,False,19,-5.334514593263905,0.006,18,0.994,1.0334137099552188,2903,1,2810,0.09037730616089598,False,-12.110086051591939,False,ok,,0.0011554170050658286
30,5,Normal,3000,5,0.3,25,2026105725,6.775571458328033,new_lower_rho_same_seed_schedule,False,20,-6.9083432094416075,0.001,3,0.999,1.0273972602739727,2920,1,2840,0.0533333333333334,False,-13.68391466776964,False,ok,,0.0010886249947361648
30,5,Normal,3000,5,0.3,25,2026105725,6.775571458328033,new_lower_rho_same_seed_schedule,False,21,-4.510429993825703,0.0013333333333333333,4,0.9986666666666667,1.017984390906006,2947,1,2895,0.04051546741450986,False,-11.286001452153736,False,ok,,0.0010557909845374525
30,5,Normal,3000,5,0.3,25,2026105725,6.775571458328033,new_lower_rho_same_seed_schedule,False,22,-7.06007993589537,0.001,3,0.999,1.017293997965412,2949,1,2898,0.03399999999999999,False,-13.835651394223403,False,ok,,0.0010317499982193112
30,5,Normal,3000,5,0.3,25,2026105725,6.775571458328033,new_lower_rho_same_seed_schedule,False,23,0.0,0.0,0,1.0,1.0124873439082012,2963,1,2926,0.024666666666666653,False,-6.775571458328033,True,ok,,0.0010171670001000166
30,5,Normal,3000,5,0.3,25,2026105725,6.775571458328033,new_lower_rho_same_seed_schedule,False,24,0.0,0.0,0,1.0,1.0087424344317417,2974,1,2948,0.017333333333333326,False,-6.775571458328033,True,ok,,0.0009969159727916121
30,5,Normal,3000,5,0.3,25,2026105725,6.775571458328033,new_lower_rho_same_seed_schedule,False,25,-6.197712452034055,0.001,3,0.999,1.007387508394896,2978,1,2957,0.021231741350225295,False,-12.973283910362088,False,ok,,0.0009986250079236925
30,5,Normal,3000,5,0.3,25,2026105725,6.775571458328033,new_lower_rho_same_seed_schedule,False,26,0.0,0.0,0,1.0,1.0050251256281406,2985,1,2970,0.009999999999999997,False,-6.775571458328033,True,ok,,0.0009822080028243363
30,5,Normal,3000,5,0.3,25,2026105725,6.775571458328033,new_lower_rho_same_seed_schedule,False,27,-8.957974831524012,0.0003333333333333333,1,0.9996666666666667,1.0053619302949062,2984,1,2968,0.010666666666666665,False,-15.733546289852045,False,ok,,0.0009823330328799784
30,5,Normal,3000,5,0.3,25,2026105725,6.775571458328033,new_lower_rho_same_seed_schedule,False,28,-10.434701123813312,0.0003333333333333333,1,0.9996666666666667,1.0053619302949062,2984,1,2968,0.010666666666666665,False,-17.210272582141343,False,ok,,0.0009786660084500909
30,5,Normal,3000,5,0.3,25,2026105725,6.775571458328033,new_lower_rho_same_seed_schedule,False,29,0.0,0.0,0,1.0,1.0026737967914439,2992,1,2984,0.005333333333333333,False,-6.775571458328033,True,ok,,0.0009810419869609177
30,5,Normal,3000,5,0.3,25,2026105725,6.775571458328033,new_lower_rho_same_seed_schedule,False,30,-10.434701123813312,0.0003333333333333333,1,0.9996666666666667,1.0033444816053512,2990,1,2980,0.0066666666666666645,False,-17.210272582141343,False,ok,,0.0009695419576019049
30,5,Normal,3000,5,0.3,25,2026105725,6.775571458328033,new_lower_rho_same_seed_schedule,False,31,0.0,0.0,0,1.0,1.0026737967914439,2992,1,2984,0.005333333333333333,False,-6.775571458328033,True,ok,,0.0009544169879518449
30,5,Normal,3000,5,0.3,25,2026105725,6.775571458328033,new_lower_rho_same_seed_schedule,False,32,0.0,0.0,0,1.0,1.0026737967914439,2992,1,2984,0.005333333333333331,False,-6.775571458328033,True,ok,,0.0009567919769324362
30,5,Normal,3000,5,0.3,25,2026105725,6.775571458328033,new_lower_rho_same_seed_schedule,False,33,0.0,0.0,0,1.0,1.002004008016032,2994,1,2988,0.004000000000000001,False,-6.775571458328033,True,ok,,0.0009455420076847076
30,5,Normal,3000,5,0.3,25,2026105725,6.775571458328033,new_lower_rho_same_seed_schedule,False,34,-10.434701123813312,0.0003333333333333333,1,0.9996666666666667,1.0023387905111927,2993,1,2986,0.004666666666666665,False,-17.210272582141343,False,ok,,0.0009419170091859996
30,5,Normal,3000,5,0.3,25,2026105725,6.775571458328033,new_lower_rho_same_seed_schedule,False,35,0.0,0.0,0,1.0,1.001001001001001,2997,1,2994,0.002000000000000001,False,-6.775571458328033,True,ok,,0.0009420409915037453
30,5,Normal,3000,5,0.3,25,2026105725,6.775571458328033,new_lower_rho_same_seed_schedule,False,36,0.0,0.0,0,1.0,1.002004008016032,2994,1,2988,0.003999999999999999,False,-6.775571458328033,True,ok,,0.0010685829911381006
30,5,Normal,3000,5,0.3,25,2026105725,6.775571458328033,new_lower_rho_same_seed_schedule,False,37,0.0,0.0,0,1.0,1.0003334444814937,2999,1,2998,0.0006666666666666663,False,-6.775571458328033,True,ok,,0.0010772080277092755
30,5,Normal,3000,5,0.3,25,2026105725,6.775571458328033,new_lower_rho_same_seed_schedule,False,38,0.0,0.0,0,1.0,1.0006671114076051,2998,1,2996,0.0013333333333333335,False,-6.775571458328033,True,ok,,0.0009369580075144768
30,5,Normal,3000,5,0.3,25,2026105725,6.775571458328033,new_lower_rho_same_seed_schedule,False,39,0.0,0.0,0,1.0,1.0006671114076051,2998,1,2996,0.001333333333333333,False,-6.775571458328033,True,ok,,0.0009315419592894614
30,5,Normal,3000,5,0.3,25,2026105725,6.775571458328033,new_lower_rho_same_seed_schedule,False,40,0.0,0.0,0,1.0,1.0006671114076051,2998,1,2996,0.001333333333333333,False,-6.775571458328033,True,ok,,0.0009767080191522837
30,5,Normal,3000,5,0.3,26,2026105726,6.775571458328033,new_lower_rho_same_seed_schedule,False,1,7.020849439931537,1.0,3000,0.0,3000.0,1,3000,0,1.1395381674407326,False,0.245277981603504,False,ok,,0.0011812499724328518
30,5,Normal,3000,5,0.3,26,2026105726,6.775571458328033,new_lower_rho_same_seed_schedule,False,2,6.21101594821528,1.0,3000,0.0,93.75,32,40,0,1.6923237564393376,False,-0.5645555101127524,False,ok,,0.0011237090220674872
30,5,Normal,3000,5,0.3,26,2026105726,6.775571458328033,new_lower_rho_same_seed_schedule,False,3,5.681763796386725,0.9823333333333333,2947,0.01766666666666672,22.22222222222222,135,1,39,1.9183753133841022,False,-1.093807661941308,False,ok,,0.0011943340068683028
30,5,Normal,3000,5,0.3,26,2026105726,6.775571458328033,new_lower_rho_same_seed_schedule,False,4,4.760919857707655,0.9353333333333333,2806,0.06466666666666665,9.77198697068404,307,1,92,2.31384395686675,False,-2.014651600620378,False,ok,,0.0013017089804634452
30,5,Normal,3000,5,0.3,26,2026105726,6.775571458328033,new_lower_rho_same_seed_schedule,False,5,3.858956571261572,0.8726666666666667,2618,0.1273333333333333,5.545286506469501,541,1,242,2.5957030802591055,False,-2.9166148870664608,False,ok,,0.0014078330132178962
30,5,Normal,3000,5,0.3,26,2026105726,6.775571458328033,new_lower_rho_same_seed_schedule,False,6,2.825282467581402,0.7926666666666666,2378,0.20733333333333337,3.708281829419036,809,1,387,2.8634159318671584,False,-3.9502889907466305,False,ok,,0.0015195830492302775
30,5,Normal,3000,5,0.3,26,2026105726,6.775571458328033,new_lower_rho_same_seed_schedule,False,7,1.5822440374986784,0.682,2046,0.31799999999999995,2.6132404181184667,1148,1,634,2.9666048142925288,False,-5.1933274208293545,False,ok,,0.0015895840479061007
30,5,Normal,3000,5,0.3,26,2026105726,6.775571458328033,new_lower_rho_same_seed_schedule,False,8,0.5359347016305344,0.5266666666666666,1580,0.4733333333333334,1.996007984031936,1503,1,920,2.6924500431859566,False,-6.239636756697498,False,ok,,0.0017107909661717713
30,5,Normal,3000,5,0.3,26,2026105726,6.775571458328033,new_lower_rho_same_seed_schedule,False,9,-0.3786128644863485,0.38666666666666666,1160,0.6133333333333333,1.6574585635359116,1810,1,1214,2.232564387161801,False,-7.154184322814381,False,ok,,0.0017005830304697156
30,5,Normal,3000,5,0.3,26,2026105726,6.775571458328033,new_lower_rho_same_seed_schedule,False,10,-1.4677336415082307,0.258,774,0.742,1.419782300047326,2113,1,1582,1.6605961772505335,False,-8.243305099836263,False,ok,,0.0016267080209217966
30,5,Normal,3000,5,0.3,26,2026105726,6.775571458328033,new_lower_rho_same_seed_schedule,False,11,-2.3950060812518066,0.15566666666666668,467,0.8443333333333334,1.2842465753424657,2336,1,1856,1.1949172347895702,False,-9.170577539579838,False,ok,,0.0015442910371348262
30,5,Normal,3000,5,0.3,26,2026105726,6.775571458328033,new_lower_rho_same_seed_schedule,False,12,-2.6587748766199066,0.09066666666666667,272,0.9093333333333333,1.1918951132300357,2517,1,2138,0.7686803637762065,False,-9.43434633494794,False,ok,,0.0013814170379191637
30,5,Normal,3000,5,0.3,26,2026105726,6.775571458328033,new_lower_rho_same_seed_schedule,False,13,-3.4701908038168785,0.06433333333333334,193,0.9356666666666666,1.1389521640091116,2634,1,2329,0.5869362158554798,False,-10.245762262144911,False,ok,,0.0013007910456508398
30,5,Normal,3000,5,0.3,26,2026105726,6.775571458328033,new_lower_rho_same_seed_schedule,False,14,-3.8858276348108745,0.029666666666666668,89,0.9703333333333334,1.094890510948905,2740,1,2505,0.30716652615393797,False,-10.661399093138908,False,ok,,0.0011956659727729857
30,5,Normal,3000,5,0.3,26,2026105726,6.775571458328033,new_lower_rho_same_seed_schedule,False,15,-3.8723630186156712,0.023666666666666666,71,0.9763333333333334,1.0645848119233499,2818,1,2657,0.22040582692939148,False,-10.647934476943703,False,ok,,0.0011066669831052423
30,5,Normal,3000,5,0.3,26,2026105726,6.775571458328033,new_lower_rho_same_seed_schedule,False,16,-5.227943630902961,0.013333333333333334,40,0.9866666666666667,1.050420168067227,2856,1,2723,0.15861714280906308,False,-12.003515089230994,False,ok,,0.0010657499660737813
30,5,Normal,3000,5,0.3,26,2026105726,6.775571458328033,new_lower_rho_same_seed_schedule,False,17,-4.151739815425062,0.006,18,0.994,1.0337698139214335,2902,1,2809,0.09058383785067092,False,-10.927311273753094,False,ok,,0.0010733749950304627
30,5,Normal,3000,5,0.3,26,2026105726,6.775571458328033,new_lower_rho_same_seed_schedule,False,18,-5.553310319849103,0.004666666666666667,14,0.9953333333333333,1.027749229188078,2919,1,2841,0.07004622901257503,False,-12.328881778177136,False,ok,,0.0015020419959910214
30,5,Normal,3000,5,0.3,26,2026105726,6.775571458328033,new_lower_rho_same_seed_schedule,False,19,-5.177504924583128,0.0026666666666666666,8,0.9973333333333333,1.021798365122616,2936,1,2872,0.042666666666666686,False,-11.95307638291116,False,ok,,0.0012682080268859863
30,5,Normal,3000,5,0.3,26,2026105726,6.775571458328033,new_lower_rho_same_seed_schedule,False,20,-3.348656950338868,0.0013333333333333333,4,0.9986666666666667,1.0224948875255624,2934,1,2868,0.04400000000000004,False,-10.124228408666902,False,ok,,0.001136958017013967
30,5,Normal,3000,5,0.3,26,2026105726,6.775571458328033,new_lower_rho_same_seed_schedule,False,21,-4.697044486076791,0.0013333333333333333,4,0.9986666666666667,1.0118043844856661,2965,1,2931,0.028848795659550015,False,-11.472615944404824,False,ok,,0.001085583004169166
30,5,Normal,3000,5,0.3,26,2026105726,6.775571458328033,new_lower_rho_same_seed_schedule,False,22,-6.862107334432845,0.001,3,0.999,1.015228426395939,2955,1,2910,0.02999999999999998,False,-13.637678792760877,False,ok,,0.0010520000359974802
30,5,Normal,3000,5,0.3,26,2026105726,6.775571458328033,new_lower_rho_same_seed_schedule,False,23,-4.345595442664435,0.0006666666666666666,2,0.9993333333333333,1.0077258985555928,2977,1,2954,0.015333333333333327,False,-11.121166900992467,False,ok,,0.001010208041407168
30,5,Normal,3000,5,0.3,26,2026105726,6.775571458328033,new_lower_rho_same_seed_schedule,False,24,0.0,0.0,0,1.0,1.0067114093959733,2980,1,2960,0.01333333333333333,False,-6.775571458328033,True,ok,,0.0009997919551096857
30,5,Normal,3000,5,0.3,26,2026105726,6.775571458328033,new_lower_rho_same_seed_schedule,False,25,-6.552661280970761,0.0006666666666666666,2,0.9993333333333333,1.0070493454179255,2979,1,2958,0.013999999999999995,False,-13.328232739298794,False,ok,,0.000987792038358748
30,5,Normal,3000,5,0.3,26,2026105726,6.775571458328033,new_lower_rho_same_seed_schedule,False,26,-7.640708220055693,0.0003333333333333333,1,0.9996666666666667,1.0050251256281406,2985,1,2970,0.009999999999999998,False,-14.416279678383725,False,ok,,0.0009787919698283076
30,5,Normal,3000,5,0.3,26,2026105726,6.775571458328033,new_lower_rho_same_seed_schedule,False,27,-5.158629251421707,0.0003333333333333333,1,0.9996666666666667,1.004352192835621,2987,1,2974,0.008666666666666666,False,-11.934200709749739,False,ok,,0.0009658330236561596
30,5,Normal,3000,5,0.3,26,2026105726,6.775571458328033,new_lower_rho_same_seed_schedule,False,28,-5.976772129747854,0.0003333333333333333,1,0.9996666666666667,1.0023387905111927,2993,1,2986,0.004666666666666665,False,-12.752343588075886,False,ok,,0.000952333037275821
30,5,Normal,3000,5,0.3,26,2026105726,6.775571458328033,new_lower_rho_same_seed_schedule,False,29,-5.158629251421707,0.0003333333333333333,1,0.9996666666666667,1.0036801605888257,2989,1,2978,0.007333333333333334,False,-11.934200709749739,False,ok,,0.0009625419625081122
30,5,Normal,3000,5,0.3,26,2026105726,6.775571458328033,new_lower_rho_same_seed_schedule,False,30,0.0,0.0,0,1.0,1.0026737967914439,2992,1,2984,0.005333333333333334,False,-6.775571458328033,True,ok,,0.000949125038459897
30,5,Normal,3000,5,0.3,26,2026105726,6.775571458328033,new_lower_rho_same_seed_schedule,False,31,-7.950518639277993,0.0003333333333333333,1,0.9996666666666667,1.002004008016032,2994,1,2988,0.003999999999999998,False,-14.726090097606026,False,ok,,0.0009546670480631292
30,5,Normal,3000,5,0.3,26,2026105726,6.775571458328033,new_lower_rho_same_seed_schedule,False,32,0.0,0.0,0,1.0,1.002004008016032,2994,1,2988,0.003999999999999999,False,-6.775571458328033,True,ok,,0.0009459159919060767
30,5,Normal,3000,5,0.3,26,2026105726,6.775571458328033,new_lower_rho_same_seed_schedule,False,33,0.0,0.0,0,1.0,1.001669449081803,2995,1,2990,0.0033333333333333327,False,-6.775571458328033,True,ok,,0.000986624974757433
30,5,Normal,3000,5,0.3,26,2026105726,6.775571458328033,new_lower_rho_same_seed_schedule,False,34,0.0,0.0,0,1.0,1.001669449081803,2995,1,2990,0.0033333333333333327,False,-6.775571458328033,True,ok,,0.0010144170373678207
30,5,Normal,3000,5,0.3,26,2026105726,6.775571458328033,new_lower_rho_same_seed_schedule,False,35,0.0,0.0,0,1.0,1.0006671114076051,2998,1,2996,0.0013333333333333335,False,-6.775571458328033,True,ok,,0.0012235830072313547
30,5,Normal,3000,5,0.3,26,2026105726,6.775571458328033,new_lower_rho_same_seed_schedule,False,36,0.0,0.0,0,1.0,1.0003334444814937,2999,1,2998,0.0006666666666666664,False,-6.775571458328033,True,ok,,0.0010756250121630728
30,5,Normal,3000,5,0.3,26,2026105726,6.775571458328033,new_lower_rho_same_seed_schedule,False,37,0.0,0.0,0,1.0,1.001669449081803,2995,1,2990,0.003333333333333333,False,-6.775571458328033,True,ok,,0.0010014160070568323
30,5,Normal,3000,5,0.3,26,2026105726,6.775571458328033,new_lower_rho_same_seed_schedule,False,38,-5.158629251421707,0.0003333333333333333,1,0.9996666666666667,1.0013351134846462,2996,1,2992,0.0026666666666666666,False,-11.934200709749739,False,ok,,0.0010198339587077498
30,5,Normal,3000,5,0.3,26,2026105726,6.775571458328033,new_lower_rho_same_seed_schedule,False,39,0.0,0.0,0,1.0,1.0013351134846462,2996,1,2992,0.002666666666666666,False,-6.775571458328033,True,ok,,0.0011558749829418957
30,5,Normal,3000,5,0.3,26,2026105726,6.775571458328033,new_lower_rho_same_seed_schedule,False,40,0.0,0.0,0,1.0,1.0006671114076051,2998,1,2996,0.0013333333333333335,False,-6.775571458328033,True,ok,,0.000981958000920713
30,5,Normal,3000,5,0.3,27,2026105727,6.775571458328033,new_lower_rho_same_seed_schedule,False,1,6.97961977225331,1.0,3000,0.0,3000.0,1,3000,0,1.1414638001147557,False,0.2040483139252771,False,ok,,0.0012051250087097287
30,5,Normal,3000,5,0.3,27,2026105727,6.775571458328033,new_lower_rho_same_seed_schedule,False,2,6.157517234799483,1.0,3000,0.0,93.75,32,42,0,1.6708540825954596,False,-0.6180542235285493,False,ok,,0.0011038749944418669
30,5,Normal,3000,5,0.3,27,2026105727,6.775571458328033,new_lower_rho_same_seed_schedule,False,3,5.625991626983329,0.9793333333333333,2938,0.020666666666666722,22.388059701492537,134,1,29,1.9091652260718834,False,-1.1495798313447034,False,ok,,0.0012107089860364795
30,5,Normal,3000,5,0.3,27,2026105727,6.775571458328033,new_lower_rho_same_seed_schedule,False,4,4.719494500642122,0.9466666666666667,2840,0.053333333333333344,10.452961672473867,287,1,79,2.3960181189822585,False,-2.056076957685911,False,ok,,0.0012956670252606273
30,5,Normal,3000,5,0.3,27,2026105727,6.775571458328033,new_lower_rho_same_seed_schedule,False,5,3.872724393098955,0.8813333333333333,2644,0.1186666666666667,5.769230769230769,520,1,219,2.7065303981166684,False,-2.9028470652290776,False,ok,,0.0013934160233475268
30,5,Normal,3000,5,0.3,27,2026105727,6.775571458328033,new_lower_rho_same_seed_schedule,False,6,2.819032690006117,0.7906666666666666,2372,0.20933333333333337,3.7406483790523692,802,1,384,2.897737614942114,False,-3.9565387683219155,False,ok,,0.0015314160264097154
30,5,Normal,3000,5,0.3,27,2026105727,6.775571458328033,new_lower_rho_same_seed_schedule,False,7,1.7439996492123082,0.6686666666666666,2006,0.33133333333333337,2.6881720430107525,1116,1,591,2.8386391667949082,False,-5.031571809115724,False,ok,,0.0016433749697171152
30,5,Normal,3000,5,0.3,27,2026105727,6.775571458328033,new_lower_rho_same_seed_schedule,False,8,0.46584400389507624,0.536,1608,0.46399999999999997,2.0215633423180592,1484,1,899,2.7045003668550027,False,-6.309727454432957,False,ok,,0.0017536249943077564
30,5,Normal,3000,5,0.3,27,2026105727,6.775571458328033,new_lower_rho_same_seed_schedule,False,9,-0.7027817713598197,0.389,1167,0.611,1.6574585635359116,1810,1,1202,2.2735385972849023,False,-7.478353229687852,False,ok,,0.0017141250427812338
30,5,Normal,3000,5,0.3,27,2026105727,6.775571458328033,new_lower_rho_same_seed_schedule,False,10,-1.480017174892914,0.275,825,0.725,1.4347202295552368,2091,1,1550,1.7969271382270608,False,-8.255588633220947,False,ok,,0.001608832972124219
30,5,Normal,3000,5,0.3,27,2026105727,6.775571458328033,new_lower_rho_same_seed_schedule,False,11,-2.2156354453311278,0.159,477,0.841,1.3009540329575022,2306,1,1805,1.213963538628665,False,-8.99120690365916,False,ok,,0.001527082989923656
30,5,Normal,3000,5,0.3,27,2026105727,6.775571458328033,new_lower_rho_same_seed_schedule,False,12,-3.0141439031685984,0.099,297,0.901,1.189532117367169,2522,1,2152,0.8177034633702093,False,-9.789715361496631,False,ok,,0.0013628340093418956
30,5,Normal,3000,5,0.3,27,2026105727,6.775571458328033,new_lower_rho_same_seed_schedule,False,13,-3.6169546928569343,0.05,150,0.95,1.13464447806354,2644,1,2341,0.48874220068311475,False,-10.392526151184967,False,ok,,0.0012804170255549252
30,5,Normal,3000,5,0.3,27,2026105727,6.775571458328033,new_lower_rho_same_seed_schedule,False,14,-3.6393416386755284,0.027666666666666666,83,0.9723333333333334,1.1045655375552283,2716,1,2456,0.3310011847542929,False,-10.414913097003561,False,ok,,0.0012177079916000366
30,5,Normal,3000,5,0.3,27,2026105727,6.775571458328033,new_lower_rho_same_seed_schedule,False,15,-4.458802840072115,0.023,69,0.977,1.0787486515641855,2781,1,2583,0.25557948319708795,False,-11.234374298400148,False,ok,,0.001136208011303097
30,5,Normal,3000,5,0.3,27,2026105727,6.775571458328033,new_lower_rho_same_seed_schedule,False,16,-4.585897949791887,0.010666666666666666,32,0.9893333333333333,1.0500525026251313,2857,1,2724,0.14909340919132869,False,-11.36146940811992,False,ok,,0.0010612080222927034
30,5,Normal,3000,5,0.3,27,2026105727,6.775571458328033,new_lower_rho_same_seed_schedule,False,17,-5.109864832582924,0.009,27,0.991,1.0420284821118444,2879,1,2765,0.11953970250223628,False,-11.885436290910956,False,ok,,0.0010368750081397593
30,5,Normal,3000,5,0.3,27,2026105727,6.775571458328033,new_lower_rho_same_seed_schedule,False,18,-4.367263522252653,0.005,15,0.995,1.0359116022099448,2896,1,2795,0.08723027927066881,False,-11.142834980580686,False,ok,,0.0012109170202165842
30,5,Normal,3000,5,0.3,27,2026105727,6.775571458328033,new_lower_rho_same_seed_schedule,False,19,-5.382822492847229,0.0006666666666666666,2,0.9993333333333333,1.0166045408336157,2951,1,2902,0.032666666666666656,False,-12.158393951175261,False,ok,,0.0013819580199196935
30,5,Normal,3000,5,0.3,27,2026105727,6.775571458328033,new_lower_rho_same_seed_schedule,False,20,-5.353009729026543,0.002,6,0.998,1.0214504596527068,2937,1,2876,0.05655316259549626,False,-12.128581187354577,False,ok,,0.001213959010783583
30,5,Normal,3000,5,0.3,27,2026105727,6.775571458328033,new_lower_rho_same_seed_schedule,False,21,-4.799270025510674,0.0013333333333333333,4,0.9986666666666667,1.0145417653026716,2957,1,2914,0.02866666666666665,False,-11.574841483838707,False,ok,,0.0011322920327074826
30,5,Normal,3000,5,0.3,27,2026105727,6.775571458328033,new_lower_rho_same_seed_schedule,False,22,-6.125290283604553,0.0003333333333333333,1,0.9996666666666667,1.0124873439082012,2963,1,2926,0.02466666666666665,False,-12.900861741932586,False,ok,,0.0010140829836018384
30,5,Normal,3000,5,0.3,27,2026105727,6.775571458328033,new_lower_rho_same_seed_schedule,False,23,0.0,0.0,0,1.0,1.0087424344317417,2974,1,2948,0.017333333333333326,False,-6.775571458328033,True,ok,,0.0009798750397749245
30,5,Normal,3000,5,0.3,27,2026105727,6.775571458328033,new_lower_rho_same_seed_schedule,False,24,0.0,0.0,0,1.0,1.0053619302949062,2984,1,2968,0.010666666666666666,False,-6.775571458328033,True,ok,,0.0009593330323696136
30,5,Normal,3000,5,0.3,27,2026105727,6.775571458328033,new_lower_rho_same_seed_schedule,False,25,0.0,0.0,0,1.0,1.0050251256281406,2985,1,2970,0.009999999999999998,False,-6.775571458328033,True,ok,,0.0009441250003874302
30,5,Normal,3000,5,0.3,27,2026105727,6.775571458328033,new_lower_rho_same_seed_schedule,False,26,0.0,0.0,0,1.0,1.0050251256281406,2985,1,2970,0.009999999999999998,False,-6.775571458328033,True,ok,,0.0009600000339560211
30,5,Normal,3000,5,0.3,27,2026105727,6.775571458328033,new_lower_rho_same_seed_schedule,False,27,0.0,0.0,0,1.0,1.0023387905111927,2993,1,2986,0.0046666666666666645,False,-6.775571458328033,True,ok,,0.0009416249813511968
30,5,Normal,3000,5,0.3,27,2026105727,6.775571458328033,new_lower_rho_same_seed_schedule,False,28,0.0,0.0,0,1.0,1.004352192835621,2987,1,2974,0.008666666666666665,False,-6.775571458328033,True,ok,,0.0009284160332754254
30,5,Normal,3000,5,0.3,27,2026105727,6.775571458328033,new_lower_rho_same_seed_schedule,False,29,0.0,0.0,0,1.0,1.0026737967914439,2992,1,2984,0.005333333333333332,False,-6.775571458328033,True,ok,,0.0009140000329352915
30,5,Normal,3000,5,0.3,27,2026105727,6.775571458328033,new_lower_rho_same_seed_schedule,False,30,0.0,0.0,0,1.0,1.0033444816053512,2990,1,2980,0.006666666666666667,False,-6.775571458328033,True,ok,,0.0009257499477826059
30,5,Normal,3000,5,0.3,27,2026105727,6.775571458328033,new_lower_rho_same_seed_schedule,False,31,0.0,0.0,0,1.0,1.001669449081803,2995,1,2990,0.003333333333333333,False,-6.775571458328033,True,ok,,0.0009000829886645079
30,5,Normal,3000,5,0.3,27,2026105727,6.775571458328033,new_lower_rho_same_seed_schedule,False,32,0.0,0.0,0,1.0,1.0026737967914439,2992,1,2984,0.005333333333333332,False,-6.775571458328033,True,ok,,0.000946124957408756
30,5,Normal,3000,5,0.3,27,2026105727,6.775571458328033,new_lower_rho_same_seed_schedule,False,33,0.0,0.0,0,1.0,1.0006671114076051,2998,1,2996,0.001333333333333333,False,-6.775571458328033,True,ok,,0.0008941669948399067
30,5,Normal,3000,5,0.3,27,2026105727,6.775571458328033,new_lower_rho_same_seed_schedule,False,34,0.0,0.0,0,1.0,1.002004008016032,2994,1,2988,0.003999999999999999,False,-6.775571458328033,True,ok,,0.0008938329992815852
30,5,Normal,3000,5,0.3,27,2026105727,6.775571458328033,new_lower_rho_same_seed_schedule,False,35,0.0,0.0,0,1.0,1.0006671114076051,2998,1,2996,0.0013333333333333329,False,-6.775571458328033,True,ok,,0.0012879580026492476
30,5,Normal,3000,5,0.3,27,2026105727,6.775571458328033,new_lower_rho_same_seed_schedule,False,36,-6.430278149421996,0.0003333333333333333,1,0.9996666666666667,1.001001001001001,2997,1,2994,0.002,False,-13.205849607750029,False,ok,,0.0010274159722030163
30,5,Normal,3000,5,0.3,27,2026105727,6.775571458328033,new_lower_rho_same_seed_schedule,False,37,0.0,0.0,0,1.0,1.0003334444814937,2999,1,2998,0.0006666666666666665,False,-6.775571458328033,True,ok,,0.0010076669859699905
30,5,Normal,3000,5,0.3,27,2026105727,6.775571458328033,new_lower_rho_same_seed_schedule,False,38,0.0,0.0,0,1.0,1.0006671114076051,2998,1,2996,0.0013333333333333333,False,-6.775571458328033,True,ok,,0.0009541659965179861
30,5,Normal,3000,5,0.3,27,2026105727,6.775571458328033,new_lower_rho_same_seed_schedule,False,39,0.0,0.0,0,1.0,1.001001001001001,2997,1,2994,0.002,False,-6.775571458328033,True,ok,,0.0009387080208398402
30,5,Normal,3000,5,0.3,27,2026105727,6.775571458328033,new_lower_rho_same_seed_schedule,False,40,0.0,0.0,0,1.0,1.0003334444814937,2999,1,2998,0.0006666666666666664,False,-6.775571458328033,True,ok,,0.0009398750262334943
30,5,Normal,3000,5,0.3,28,2026105728,6.775571458328033,new_lower_rho_same_seed_schedule,False,1,7.066450458171637,1.0,3000,0.0,3000.0,1,3000,0,1.1373284834531585,False,0.29087899984360455,False,ok,,0.0011723749921657145
30,5,Normal,3000,5,0.3,28,2026105728,6.775571458328033,new_lower_rho_same_seed_schedule,False,2,6.265067561694567,1.0,3000,0.0,93.75,32,32,0,1.6809458201111114,False,-0.5105038966334661,False,ok,,0.0011073750210925937
30,5,Normal,3000,5,0.3,28,2026105728,6.775571458328033,new_lower_rho_same_seed_schedule,False,3,5.666588909814653,0.9793333333333333,2938,0.020666666666666722,21.428571428571427,140,1,34,1.9162642112467312,False,-1.1089825485133797,False,ok,,0.0011947089806199074
30,5,Normal,3000,5,0.3,28,2026105728,6.775571458328033,new_lower_rho_same_seed_schedule,False,4,4.80113687692206,0.9273333333333333,2782,0.07266666666666666,9.118541033434651,329,1,118,2.2888656608049707,False,-1.9744345814059727,False,ok,,0.0012873330269940197
30,5,Normal,3000,5,0.3,28,2026105728,6.775571458328033,new_lower_rho_same_seed_schedule,False,5,3.7855336152526267,0.867,2601,0.133,5.474452554744525,548,1,216,2.7265789246794534,False,-2.990037843075406,False,ok,,0.0014254580019041896
30,5,Normal,3000,5,0.3,28,2026105728,6.775571458328033,new_lower_rho_same_seed_schedule,False,6,2.7007606382508507,0.765,2295,0.235,3.484320557491289,861,1,417,2.828453256338168,False,-4.074810820077182,False,ok,,0.0015210839919745922
30,5,Normal,3000,5,0.3,28,2026105728,6.775571458328033,new_lower_rho_same_seed_schedule,False,7,1.6725112339557,0.6343333333333333,1903,0.3656666666666667,2.4752475247524752,1212,1,675,2.832486401018293,False,-5.103060224372332,False,ok,,0.0016058749752119184
30,5,Normal,3000,5,0.3,28,2026105728,6.775571458328033,new_lower_rho_same_seed_schedule,False,8,0.4582066325592015,0.5056666666666667,1517,0.4943333333333333,1.9455252918287937,1542,1,972,2.5246726977464022,False,-6.3173648257688315,False,ok,,0.0015985830104909837
30,5,Normal,3000,5,0.3,28,2026105728,6.775571458328033,new_lower_rho_same_seed_schedule,False,9,-0.5892970431147508,0.36766666666666664,1103,0.6323333333333334,1.6216216216216217,1850,1,1255,2.102809510032369,False,-7.364868501442784,False,ok,,0.001608541002497077
30,5,Normal,3000,5,0.3,28,2026105728,6.775571458328033,new_lower_rho_same_seed_schedule,False,10,-1.6603445280558442,0.24933333333333332,748,0.7506666666666667,1.413760603204524,2122,1,1579,1.6488546250387284,False,-8.435915986383877,False,ok,,0.0015934580005705357
30,5,Normal,3000,5,0.3,28,2026105728,6.775571458328033,new_lower_rho_same_seed_schedule,False,11,-2.180290360691248,0.15366666666666667,461,0.8463333333333334,1.2776831345826236,2348,1,1885,1.1250836833584659,False,-8.95586181901928,False,ok,,0.0014251670218072832
30,5,Normal,3000,5,0.3,28,2026105728,6.775571458328033,new_lower_rho_same_seed_schedule,False,12,-2.8163953161444066,0.10333333333333333,310,0.8966666666666667,1.1867088607594938,2528,1,2170,0.8142401701416894,False,-9.59196677447244,False,ok,,0.0013324160245247185
30,5,Normal,3000,5,0.3,28,2026105728,6.775571458328033,new_lower_rho_same_seed_schedule,False,13,-3.196327316272391,0.05633333333333333,169,0.9436666666666667,1.1307953260459858,2653,1,2363,0.504786610744867,False,-9.971898774600424,False,ok,,0.001216834003571421
30,5,Normal,3000,5,0.3,28,2026105728,6.775571458328033,new_lower_rho_same_seed_schedule,False,14,-3.7967823768978404,0.03233333333333333,97,0.9676666666666667,1.0865628395508873,2761,1,2556,0.3183413047698372,False,-10.572353835225872,False,ok,,0.0011174159590154886
30,5,Normal,3000,5,0.3,28,2026105728,6.775571458328033,new_lower_rho_same_seed_schedule,False,15,-4.2947906226296295,0.020666666666666667,62,0.9793333333333334,1.0649627263045793,2817,1,2651,0.2257374771671314,False,-11.070362080957661,False,ok,,0.0010694160009734333
30,5,Normal,3000,5,0.3,28,2026105728,6.775571458328033,new_lower_rho_same_seed_schedule,False,16,-4.532765356960131,0.005333333333333333,16,0.9946666666666667,1.0442046641141665,2873,1,2749,0.10433268207030436,False,-11.308336815288165,False,ok,,0.0010175839997828007
30,5,Normal,3000,5,0.3,28,2026105728,6.775571458328033,new_lower_rho_same_seed_schedule,False,17,-5.163335156929839,0.009333333333333334,28,0.9906666666666667,1.0344827586206897,2900,1,2807,0.11134785526008911,False,-11.93890661525787,False,ok,,0.0009897919953800738
30,5,Normal,3000,5,0.3,28,2026105728,6.775571458328033,new_lower_rho_same_seed_schedule,False,18,-4.726082060279148,0.006333333333333333,19,0.9936666666666667,1.02880658436214,2916,1,2837,0.08837635556702564,False,-11.501653518607181,False,ok,,0.0009699579677544534
30,5,Normal,3000,5,0.3,28,2026105728,6.775571458328033,new_lower_rho_same_seed_schedule,False,19,-5.384665998263267,0.003,9,0.997,1.0166045408336157,2951,1,2904,0.044114543518059504,False,-12.1602374565913,False,ok,,0.0009445829782634974
30,5,Normal,3000,5,0.3,28,2026105728,6.775571458328033,new_lower_rho_same_seed_schedule,False,20,-5.069174839897128,0.0023333333333333335,7,0.9976666666666667,1.0166045408336157,2951,1,2903,0.03946143913127573,False,-11.84474629822516,False,ok,,0.0009466250194236636
30,5,Normal,3000,5,0.3,28,2026105728,6.775571458328033,new_lower_rho_same_seed_schedule,False,21,-5.703161154210505,0.001,3,0.999,1.0101010101010102,2970,1,2940,0.01999999999999999,False,-12.478732612538538,False,ok,,0.0010177079821005464
30,5,Normal,3000,5,0.3,28,2026105728,6.775571458328033,new_lower_rho_same_seed_schedule,False,22,-7.299717229019283,0.001,3,0.999,1.0101010101010102,2970,1,2940,0.01999999999999999,False,-14.075288687347316,False,ok,,0.0010340000153519213
30,5,Normal,3000,5,0.3,28,2026105728,6.775571458328033,new_lower_rho_same_seed_schedule,False,23,-6.59467328213673,0.0016666666666666668,5,0.9983333333333333,1.0060362173038229,2982,1,2965,0.01699324786446567,False,-13.370244740464763,False,ok,,0.001014457957353443
30,5,Normal,3000,5,0.3,28,2026105728,6.775571458328033,new_lower_rho_same_seed_schedule,False,24,-4.73229352202039,0.0006666666666666666,2,0.9993333333333333,1.0056989607777405,2983,1,2966,0.011333333333333329,False,-11.507864980348423,False,ok,,0.00117350002983585
30,5,Normal,3000,5,0.3,28,2026105728,6.775571458328033,new_lower_rho_same_seed_schedule,False,25,-7.067135039532289,0.001,3,0.999,1.0053619302949062,2984,1,2968,0.010666666666666665,False,-13.842706497860322,False,ok,,0.0011070410255342722
30,5,Normal,3000,5,0.3,28,2026105728,6.775571458328033,new_lower_rho_same_seed_schedule,False,26,-8.790023519208486,0.0003333333333333333,1,0.9996666666666667,1.0033444816053512,2990,1,2980,0.006666666666666666,False,-15.565594977536518,False,ok,,0.0009687920100986958
30,5,Normal,3000,5,0.3,28,2026105728,6.775571458328033,new_lower_rho_same_seed_schedule,False,27,-8.153323319091013,0.0003333333333333333,1,0.9996666666666667,1.0030090270812437,2991,1,2982,0.006,False,-14.928894777419046,False,ok,,0.0009553330019116402
30,5,Normal,3000,5,0.3,28,2026105728,6.775571458328033,new_lower_rho_same_seed_schedule,False,28,-8.790023519208486,0.0003333333333333333,1,0.9996666666666667,1.0023387905111927,2993,1,2986,0.004666666666666665,False,-15.565594977536518,False,ok,,0.0009473750251345336
30,5,Normal,3000,5,0.3,28,2026105728,6.775571458328033,new_lower_rho_same_seed_schedule,False,29,-8.153323319091013,0.0003333333333333333,1,0.9996666666666667,1.001001001001001,2997,1,2994,0.001999999999999999,False,-14.928894777419046,False,ok,,0.0009330000029876828
30,5,Normal,3000,5,0.3,28,2026105728,6.775571458328033,new_lower_rho_same_seed_schedule,False,30,-8.790023519208486,0.0003333333333333333,1,0.9996666666666667,1.0030090270812437,2991,1,2982,0.006000000000000001,False,-15.565594977536518,False,ok,,0.0009281670209020376
30,5,Normal,3000,5,0.3,28,2026105728,6.775571458328033,new_lower_rho_same_seed_schedule,False,31,0.0,0.0,0,1.0,1.001001001001001,2997,1,2994,0.001999999999999999,False,-6.775571458328033,True,ok,,0.0009071250096894801
30,5,Normal,3000,5,0.3,28,2026105728,6.775571458328033,new_lower_rho_same_seed_schedule,False,32,0.0,0.0,0,1.0,1.0006671114076051,2998,1,2996,0.0013333333333333326,False,-6.775571458328033,True,ok,,0.0008944590226747096
30,5,Normal,3000,5,0.3,28,2026105728,6.775571458328033,new_lower_rho_same_seed_schedule,False,33,0.0,0.0,0,1.0,1.0013351134846462,2996,1,2992,0.002666666666666666,False,-6.775571458328033,True,ok,,0.0008942499989643693
30,5,Normal,3000,5,0.3,28,2026105728,6.775571458328033,new_lower_rho_same_seed_schedule,False,34,0.0,0.0,0,1.0,1.0003334444814937,2999,1,2998,0.0006666666666666663,False,-6.775571458328033,True,ok,,0.0008922920096665621
30,5,Normal,3000,5,0.3,28,2026105728,6.775571458328033,new_lower_rho_same_seed_schedule,False,35,0.0,0.0,0,1.0,1.001001001001001,2997,1,2994,0.0019999999999999996,False,-6.775571458328033,True,ok,,0.0008870830060914159
30,5,Normal,3000,5,0.3,28,2026105728,6.775571458328033,new_lower_rho_same_seed_schedule,False,36,0.0,0.0,0,1.0,1.0003334444814937,2999,1,2998,0.0006666666666666666,False,-6.775571458328033,True,ok,,0.0008891660254448652
30,5,Normal,3000,5,0.3,28,2026105728,6.775571458328033,new_lower_rho_same_seed_schedule,False,37,0.0,0.0,0,1.0,1.0,3000,1,3000,0.0,False,-6.775571458328033,True,ok,,0.0009701249655336142
30,5,Normal,3000,5,0.3,28,2026105728,6.775571458328033,new_lower_rho_same_seed_schedule,False,38,0.0,0.0,0,1.0,1.0,3000,1,3000,0.0,False,-6.775571458328033,True,ok,,0.0011360410135239363
30,5,Normal,3000,5,0.3,28,2026105728,6.775571458328033,new_lower_rho_same_seed_schedule,False,39,0.0,0.0,0,1.0,1.0,3000,1,3000,0.0,False,-6.775571458328033,True,ok,,0.0011350829736329615
30,5,Normal,3000,5,0.3,28,2026105728,6.775571458328033,new_lower_rho_same_seed_schedule,False,40,0.0,0.0,0,1.0,1.0,3000,1,3000,0.0,False,-6.775571458328033,True,ok,,0.0010290840291418135
30,5,Normal,3000,5,0.3,29,2026105729,6.775571458328033,new_lower_rho_same_seed_schedule,False,1,7.0371557736479105,1.0,3000,0.0,3000.0,1,3000,0,1.1434704090120067,False,0.2615843153198778,False,ok,,0.0011707920348271728
30,5,Normal,3000,5,0.3,29,2026105729,6.775571458328033,new_lower_rho_same_seed_schedule,False,2,6.213478221706202,1.0,3000,0.0,93.75,32,29,0,1.6786120364670214,False,-0.5620932366218305,False,ok,,0.0010971250012516975
30,5,Normal,3000,5,0.3,29,2026105729,6.775571458328033,new_lower_rho_same_seed_schedule,False,3,5.595515349154998,0.9823333333333333,2947,0.01766666666666672,21.8978102189781,137,1,34,1.950675313400043,False,-1.1800561091730346,False,ok,,0.0012171670095995069
30,5,Normal,3000,5,0.3,29,2026105729,6.775571458328033,new_lower_rho_same_seed_schedule,False,4,4.73620270292637,0.9353333333333333,2806,0.06466666666666665,9.554140127388536,314,1,101,2.3397408002254103,False,-2.0393687554016626,False,ok,,0.0012971670366823673
30,5,Normal,3000,5,0.3,29,2026105729,6.775571458328033,new_lower_rho_same_seed_schedule,False,5,3.7733356794533934,0.8756666666666667,2627,0.1243333333333333,5.660377358490566,530,1,209,2.6837474585597283,False,-3.002235778874639,False,ok,,0.0014124579611234367
30,5,Normal,3000,5,0.3,29,2026105729,6.775571458328033,new_lower_rho_same_seed_schedule,False,6,2.732301841427329,0.783,2349,0.21699999999999997,3.658536585365854,820,1,380,2.9009197853631443,False,-4.043269616900703,False,ok,,0.0015375410439446568
30,5,Normal,3000,5,0.3,29,2026105729,6.775571458328033,new_lower_rho_same_seed_schedule,False,7,1.5561275960566265,0.6673333333333333,2002,0.33266666666666667,2.5817555938037864,1162,1,641,2.942177825983629,False,-5.219443862271406,False,ok,,0.0015865829773247242
30,5,Normal,3000,5,0.3,29,2026105729,6.775571458328033,new_lower_rho_same_seed_schedule,False,8,0.47826344273709726,0.522,1566,0.478,1.951854261548471,1537,1,965,2.720427155257875,False,-6.297308015590936,False,ok,,0.0016372919781133533
30,5,Normal,3000,5,0.3,29,2026105729,6.775571458328033,new_lower_rho_same_seed_schedule,False,9,-0.5416018974711708,0.364,1092,0.636,1.6008537886873,1874,1,1295,2.1322756693137714,False,-7.317173355799204,False,ok,,0.0016052499995566905
30,5,Normal,3000,5,0.3,29,2026105729,6.775571458328033,new_lower_rho_same_seed_schedule,False,10,-1.4658688036977838,0.24366666666666667,731,0.7563333333333333,1.404494382022472,2136,1,1595,1.6163979507224853,False,-8.241440262025817,False,ok,,0.0015491669764742255
30,5,Normal,3000,5,0.3,29,2026105729,6.775571458328033,new_lower_rho_same_seed_schedule,False,11,-2.2379373329234262,0.14533333333333334,436,0.8546666666666667,1.2652889076339098,2371,1,1914,1.1138986811946137,False,-9.013508791251459,False,ok,,0.0014501250116154552
30,5,Normal,3000,5,0.3,29,2026105729,6.775571458328033,new_lower_rho_same_seed_schedule,False,12,-2.649450211613909,0.08433333333333333,253,0.9156666666666666,1.1760094080752646,2551,1,2193,0.7173730284216233,False,-9.425021669941941,False,ok,,0.0015757910441607237
30,5,Normal,3000,5,0.3,29,2026105729,6.775571458328033,new_lower_rho_same_seed_schedule,False,13,-3.393326459210556,0.04933333333333333,148,0.9506666666666667,1.122334455667789,2673,1,2396,0.4587868200677486,False,-10.168897917538589,False,ok,,0.001230624970048666
30,5,Normal,3000,5,0.3,29,2026105729,6.775571458328033,new_lower_rho_same_seed_schedule,False,14,-3.904703575491022,0.034,102,0.966,1.088139281828074,2757,1,2547,0.3111899172912612,False,-10.680275033819054,False,ok,,0.0011547919712029397
30,5,Normal,3000,5,0.3,29,2026105729,6.775571458328033,new_lower_rho_same_seed_schedule,False,15,-4.350992000904582,0.018666666666666668,56,0.9813333333333333,1.0582010582010581,2835,1,2685,0.19066846447278113,False,-11.126563459232614,False,ok,,0.0010753340320661664
30,5,Normal,3000,5,0.3,29,2026105729,6.775571458328033,new_lower_rho_same_seed_schedule,False,16,-4.787750691783811,0.014333333333333333,43,0.9856666666666667,1.0467550593161201,2866,1,2746,0.1688154754707905,False,-11.563322150111844,False,ok,,0.0010383750195614994
30,5,Normal,3000,5,0.3,29,2026105729,6.775571458328033,new_lower_rho_same_seed_schedule,False,17,-4.525388283604674,0.007666666666666666,23,0.9923333333333333,1.0263427984946973,2923,1,2852,0.08922309848973767,False,-11.300959741932708,False,ok,,0.0009759159875102341
30,5,Normal,3000,5,0.3,29,2026105729,6.775571458328033,new_lower_rho_same_seed_schedule,False,18,-5.295444631133973,0.005666666666666667,17,0.9943333333333333,1.027749229188078,2919,1,2842,0.07616045457420131,False,-12.071016089462006,False,ok,,0.0009798750397749245
30,5,Normal,3000,5,0.3,29,2026105729,6.775571458328033,new_lower_rho_same_seed_schedule,False,19,-4.174943640485604,0.0013333333333333333,4,0.9986666666666667,1.0200612036722203,2941,1,2883,0.046254052009183054,False,-10.950515098813636,False,ok,,0.0009509589872322977
30,5,Normal,3000,5,0.3,29,2026105729,6.775571458328033,new_lower_rho_same_seed_schedule,False,20,-6.056505065864754,0.0023333333333333335,7,0.9976666666666667,1.015916017609211,2953,1,2907,0.03804911444650943,False,-12.832076524192786,False,ok,,0.0010704160085879266
30,5,Normal,3000,5,0.3,29,2026105729,6.775571458328033,new_lower_rho_same_seed_schedule,False,21,-5.8596670642202575,0.0006666666666666666,2,0.9993333333333333,1.0118043844856661,2965,1,2930,0.02333333333333332,False,-12.63523852254829,False,ok,,0.0010748329805210233
30,5,Normal,3000,5,0.3,29,2026105729,6.775571458328033,new_lower_rho_same_seed_schedule,False,22,-5.683004270183645,0.0026666666666666666,8,0.9973333333333333,1.015916017609211,2953,1,2908,0.04416811230684752,False,-12.458575728511677,False,ok,,0.0010870840051211417
30,5,Normal,3000,5,0.3,29,2026105729,6.775571458328033,new_lower_rho_same_seed_schedule,False,23,-9.990778011448175,0.0006666666666666666,2,0.9993333333333333,1.0053619302949062,2984,1,2968,0.010666666666666665,False,-16.76634946977621,False,ok,,0.0010591670288704336
30,5,Normal,3000,5,0.3,29,2026105729,6.775571458328033,new_lower_rho_same_seed_schedule,False,24,-10.40893588006295,0.0003333333333333333,1,0.9996666666666667,1.007387508394896,2978,1,2956,0.01466666666666666,False,-17.184507338390983,False,ok,,0.00100620900047943
30,5,Normal,3000,5,0.3,29,2026105729,6.775571458328033,new_lower_rho_same_seed_schedule,False,25,-5.122783840326968,0.001,3,0.999,1.0053619302949062,2984,1,2968,0.010666666666666663,False,-11.898355298655002,False,ok,,0.000985959020908922
30,5,Normal,3000,5,0.3,29,2026105729,6.775571458328033,new_lower_rho_same_seed_schedule,False,26,-3.8317959954444527,0.0006666666666666666,2,0.9993333333333333,1.0053619302949062,2984,1,2968,0.01066666666666666,False,-10.607367453772486,False,ok,,0.0011162920272909105
30,5,Normal,3000,5,0.3,29,2026105729,6.775571458328033,new_lower_rho_same_seed_schedule,False,27,-8.374972029299787,0.0006666666666666666,2,0.9993333333333333,1.0026737967914439,2992,1,2984,0.005333333333333334,False,-15.15054348762782,False,ok,,0.001132541976403445
30,5,Normal,3000,5,0.3,29,2026105729,6.775571458328033,new_lower_rho_same_seed_schedule,False,28,0.0,0.0,0,1.0,1.0040160642570282,2988,1,2976,0.008,False,-6.775571458328033,True,ok,,0.001015583984553814
30,5,Normal,3000,5,0.3,29,2026105729,6.775571458328033,new_lower_rho_same_seed_schedule,False,29,0.0,0.0,0,1.0,1.0006671114076051,2998,1,2996,0.0013333333333333335,False,-6.775571458328033,True,ok,,0.001009833998978138
30,5,Normal,3000,5,0.3,29,2026105729,6.775571458328033,new_lower_rho_same_seed_schedule,False,30,-10.40893588006295,0.0003333333333333333,1,0.9996666666666667,1.0023387905111927,2993,1,2986,0.004666666666666665,False,-17.184507338390983,False,ok,,0.0009901250014081597
30,5,Normal,3000,5,0.3,29,2026105729,6.775571458328033,new_lower_rho_same_seed_schedule,False,31,-6.341008178536626,0.0003333333333333333,1,0.9996666666666667,1.0026737967914439,2992,1,2984,0.005333333333333333,False,-13.116579636864659,False,ok,,0.0009727079886943102
30,5,Normal,3000,5,0.3,29,2026105729,6.775571458328033,new_lower_rho_same_seed_schedule,False,32,0.0,0.0,0,1.0,1.0003334444814937,2999,1,2998,0.0006666666666666668,False,-6.775571458328033,True,ok,,0.0009373339707963169
30,5,Normal,3000,5,0.3,29,2026105729,6.775571458328033,new_lower_rho_same_seed_schedule,False,33,-10.40893588006295,0.0003333333333333333,1,0.9996666666666667,1.002004008016032,2994,1,2988,0.004,False,-17.184507338390983,False,ok,,0.0009427919867448509
30,5,Normal,3000,5,0.3,29,2026105729,6.775571458328033,new_lower_rho_same_seed_schedule,False,34,0.0,0.0,0,1.0,1.0006671114076051,2998,1,2996,0.0013333333333333333,False,-6.775571458328033,True,ok,,0.0009280419908463955
30,5,Normal,3000,5,0.3,29,2026105729,6.775571458328033,new_lower_rho_same_seed_schedule,False,35,0.0,0.0,0,1.0,1.0013351134846462,2996,1,2992,0.0026666666666666666,False,-6.775571458328033,True,ok,,0.0009161669877357781
30,5,Normal,3000,5,0.3,29,2026105729,6.775571458328033,new_lower_rho_same_seed_schedule,False,36,-10.40893588006295,0.0003333333333333333,1,0.9996666666666667,1.0006671114076051,2998,1,2996,0.001333333333333333,False,-17.184507338390983,False,ok,,0.0009235419565811753
30,5,Normal,3000,5,0.3,29,2026105729,6.775571458328033,new_lower_rho_same_seed_schedule,False,37,0.0,0.0,0,1.0,1.0003334444814937,2999,1,2998,0.0006666666666666663,False,-6.775571458328033,True,ok,,0.0009267919813282788
30,5,Normal,3000,5,0.3,29,2026105729,6.775571458328033,new_lower_rho_same_seed_schedule,False,38,0.0,0.0,0,1.0,1.0003334444814937,2999,1,2998,0.0006666666666666663,False,-6.775571458328033,True,ok,,0.0009045409969985485
30,5,Normal,3000,5,0.3,29,2026105729,6.775571458328033,new_lower_rho_same_seed_schedule,False,39,0.0,0.0,0,1.0,1.0006671114076051,2998,1,2996,0.0013333333333333326,False,-6.775571458328033,True,ok,,0.0009273749892599881
30,5,Normal,3000,5,0.3,29,2026105729,6.775571458328033,new_lower_rho_same_seed_schedule,False,40,0.0,0.0,0,1.0,1.0,3000,1,3000,0.0,False,-6.775571458328033,True,ok,,0.0009536250145174563
30,5,Normal,3000,5,0.3,30,2026105730,6.775571458328033,new_lower_rho_same_seed_schedule,False,1,7.0902850357179314,1.0,3000,0.0,3000.0,1,3000,0,1.1456436975812125,False,0.3147135773898988,False,ok,,0.0012540000025182962
30,5,Normal,3000,5,0.3,30,2026105730,6.775571458328033,new_lower_rho_same_seed_schedule,False,2,6.247978910054066,1.0,3000,0.0,93.75,32,43,0,1.6872709022753223,False,-0.527592548273967,False,ok,,0.0012290829909034073
30,5,Normal,3000,5,0.3,30,2026105730,6.775571458328033,new_lower_rho_same_seed_schedule,False,3,5.740645963586923,0.983,2949,0.017000000000000015,23.62204724409449,127,1,32,1.9011761501823594,False,-1.0349254947411097,False,ok,,0.0012702500098384917
30,5,Normal,3000,5,0.3,30,2026105730,6.775571458328033,new_lower_rho_same_seed_schedule,False,4,4.985195209585382,0.9393333333333334,2818,0.06066666666666665,10.676156583629894,281,1,88,2.2380002520639284,False,-1.7903762487426507,False,ok,,0.0013932919828221202
30,5,Normal,3000,5,0.3,30,2026105730,6.775571458328033,new_lower_rho_same_seed_schedule,False,5,4.122538756562663,0.8953333333333333,2686,0.10466666666666669,6.3559322033898304,472,1,186,2.647117526352655,False,-2.65303270176537,False,ok,,0.0015062919701449573
30,5,Normal,3000,5,0.3,30,2026105730,6.775571458328033,new_lower_rho_same_seed_schedule,False,6,2.9498625286879516,0.8143333333333334,2443,0.18566666666666665,3.9840637450199203,753,1,336,2.956906650157785,False,-3.825708929640081,False,ok,,0.001603208016604185
30,5,Normal,3000,5,0.3,30,2026105730,6.775571458328033,new_lower_rho_same_seed_schedule,False,7,1.9686411161627433,0.683,2049,0.31699999999999995,2.7777777777777777,1080,1,570,2.811906455074828,False,-4.806930342165289,False,ok,,0.0016650829929858446
30,5,Normal,3000,5,0.3,30,2026105730,6.775571458328033,new_lower_rho_same_seed_schedule,False,8,0.6759560823214144,0.569,1707,0.43100000000000005,2.1216407355021216,1414,1,836,2.7647895301712224,False,-6.099615376006618,False,ok,,0.0017165410099551082
30,5,Normal,3000,5,0.3,30,2026105730,6.775571458328033,new_lower_rho_same_seed_schedule,False,9,-0.30333454903801577,0.42766666666666664,1283,0.5723333333333334,1.7191977077363896,1745,1,1158,2.4223347099336636,False,-7.078906007366048,False,ok,,0.0017136670066975057
30,5,Normal,3000,5,0.3,30,2026105730,6.775571458328033,new_lower_rho_same_seed_schedule,False,10,-1.2095913774503533,0.28733333333333333,862,0.7126666666666667,1.487357461576599,2017,1,1439,1.8143645054025725,False,-7.985162835778386,False,ok,,0.0016767500201240182
30,5,Normal,3000,5,0.3,30,2026105730,6.775571458328033,new_lower_rho_same_seed_schedule,False,11,-2.0608981182094026,0.18866666666666668,566,0.8113333333333334,1.3071895424836601,2295,1,1820,1.3586834395134517,False,-8.836469576537436,False,ok,,0.0015322089893743396
30,5,Normal,3000,5,0.3,30,2026105730,6.775571458328033,new_lower_rho_same_seed_schedule,False,12,-2.870756597850543,0.11766666666666667,353,0.8823333333333333,1.2170385395537526,2465,1,2065,0.920615771734601,False,-9.646328056178575,False,ok,,0.0015676250332035124
30,5,Normal,3000,5,0.3,30,2026105730,6.775571458328033,new_lower_rho_same_seed_schedule,False,13,-3.255791583159937,0.06966666666666667,209,0.9303333333333333,1.1494252873563218,2610,1,2298,0.5856772598690628,False,-10.03136304148797,False,ok,,0.0014009579899720848
30,5,Normal,3000,5,0.3,30,2026105730,6.775571458328033,new_lower_rho_same_seed_schedule,False,14,-3.4827186501750234,0.04933333333333333,148,0.9506666666666667,1.1123470522803114,2697,1,2444,0.46206419097449564,False,-10.258290108503056,False,ok,,0.0013136669876985252
30,5,Normal,3000,5,0.3,30,2026105730,6.775571458328033,new_lower_rho_same_seed_schedule,False,15,-4.188445475094582,0.029333333333333333,88,0.9706666666666667,1.079136690647482,2780,1,2586,0.30395733787411383,False,-10.964016933422615,False,ok,,0.0012225420214235783
30,5,Normal,3000,5,0.3,30,2026105730,6.775571458328033,new_lower_rho_same_seed_schedule,False,16,-4.718089371675071,0.010666666666666666,32,0.9893333333333333,1.0518934081346423,2852,1,2714,0.1490131928743203,False,-11.493660830003105,False,ok,,0.0011543749715201557
30,5,Normal,3000,5,0.3,30,2026105730,6.775571458328033,new_lower_rho_same_seed_schedule,False,17,-4.307167648346277,0.014,42,0.986,1.051156271899089,2854,1,2721,0.16464961419264382,False,-11.08273910667431,False,ok,,0.0012772090267390013
30,5,Normal,3000,5,0.3,30,2026105730,6.775571458328033,new_lower_rho_same_seed_schedule,False,18,-5.094115034748234,0.010333333333333333,31,0.9896666666666667,1.0334137099552188,2903,1,2814,0.11656476606232159,False,-11.869686493076266,False,ok,,0.0010902080102823675
30,5,Normal,3000,5,0.3,30,2026105730,6.775571458328033,new_lower_rho_same_seed_schedule,False,19,-6.439664754922811,0.0033333333333333335,10,0.9966666666666667,1.0309278350515463,2910,1,2823,0.08127422480812478,False,-13.215236213250844,False,ok,,0.0010601250105537474
30,5,Normal,3000,5,0.3,30,2026105730,6.775571458328033,new_lower_rho_same_seed_schedule,False,20,-5.386908803504692,0.002,6,0.998,1.017293997965412,2949,1,2899,0.04032171736381367,False,-12.162480261832725,False,ok,,0.001008333987556398
30,5,Normal,3000,5,0.3,30,2026105730,6.775571458328033,new_lower_rho_same_seed_schedule,False,21,-5.35874560265327,0.0023333333333333335,7,0.9976666666666667,1.0135135135135136,2960,1,2922,0.03827214160061602,False,-12.134317060981303,False,ok,,0.000998208997771144
30,5,Normal,3000,5,0.3,30,2026105730,6.775571458328033,new_lower_rho_same_seed_schedule,False,22,-6.691453677080704,0.0003333333333333333,1,0.9996666666666667,1.0148849797023005,2956,1,2912,0.029333333333333312,False,-13.467025135408736,False,ok,,0.0009969170205295086
30,5,Normal,3000,5,0.3,30,2026105730,6.775571458328033,new_lower_rho_same_seed_schedule,False,23,-5.840871145114251,0.0026666666666666666,8,0.9973333333333333,1.0077258985555928,2977,1,2956,0.027440837824390916,False,-12.616442603442284,False,ok,,0.0009694999898783863
30,5,Normal,3000,5,0.3,30,2026105730,6.775571458328033,new_lower_rho_same_seed_schedule,False,24,-5.772465321557986,0.0003333333333333333,1,0.9996666666666667,1.0111223458038423,2967,1,2934,0.02199999999999999,False,-12.548036779886019,False,ok,,0.0011742920032702386
30,5,Normal,3000,5,0.3,30,2026105730,6.775571458328033,new_lower_rho_same_seed_schedule,False,25,-6.522694226789092,0.0016666666666666668,5,0.9983333333333333,1.007387508394896,2978,1,2957,0.020988384030480298,False,-13.298265685117125,False,ok,,0.0013324999599717557
30,5,Normal,3000,5,0.3,30,2026105730,6.775571458328033,new_lower_rho_same_seed_schedule,False,26,-5.772465321557986,0.0003333333333333333,1,0.9996666666666667,1.0056989607777405,2983,1,2966,0.01133333333333333,False,-12.548036779886019,False,ok,,0.0011037919903174043
30,5,Normal,3000,5,0.3,30,2026105730,6.775571458328033,new_lower_rho_same_seed_schedule,False,27,0.0,0.0,0,1.0,1.0053619302949062,2984,1,2968,0.010666666666666661,False,-6.775571458328033,True,ok,,0.0010093749733641744
30,5,Normal,3000,5,0.3,30,2026105730,6.775571458328033,new_lower_rho_same_seed_schedule,False,28,-5.261596595868241,0.001,3,0.999,1.007387508394896,2978,1,2957,0.019824560920057785,False,-12.037168054196274,False,ok,,0.0010445000370964408
30,5,Normal,3000,5,0.3,30,2026105730,6.775571458328033,new_lower_rho_same_seed_schedule,False,29,0.0,0.0,0,1.0,1.0026737967914439,2992,1,2984,0.005333333333333332,False,-6.775571458328033,True,ok,,0.0010377909638918936
30,5,Normal,3000,5,0.3,30,2026105730,6.775571458328033,new_lower_rho_same_seed_schedule,False,30,0.0,0.0,0,1.0,1.0036801605888257,2989,1,2978,0.007333333333333332,False,-6.775571458328033,True,ok,,0.0010553339961916208
30,5,Normal,3000,5,0.3,30,2026105730,6.775571458328033,new_lower_rho_same_seed_schedule,False,31,-6.691453677080704,0.0003333333333333333,1,0.9996666666666667,1.001669449081803,2995,1,2990,0.0033333333333333335,False,-13.467025135408736,False,ok,,0.0009670830331742764
30,5,Normal,3000,5,0.3,30,2026105730,6.775571458328033,new_lower_rho_same_seed_schedule,False,32,0.0,0.0,0,1.0,1.0036801605888257,2989,1,2978,0.007333333333333331,False,-6.775571458328033,True,ok,,0.0009622920188121498
30,5,Normal,3000,5,0.3,30,2026105730,6.775571458328033,new_lower_rho_same_seed_schedule,False,33,0.0,0.0,0,1.0,1.0013351134846462,2996,1,2992,0.0026666666666666657,False,-6.775571458328033,True,ok,,0.0013597079669125378
30,5,Normal,3000,5,0.3,30,2026105730,6.775571458328033,new_lower_rho_same_seed_schedule,False,34,-5.535955506026351,0.0006666666666666666,2,0.9993333333333333,1.0013351134846462,2996,1,2992,0.0026666666666666666,False,-12.311526964354384,False,ok,,0.0010689579648897052
30,5,Normal,3000,5,0.3,30,2026105730,6.775571458328033,new_lower_rho_same_seed_schedule,False,35,0.0,0.0,0,1.0,1.001669449081803,2995,1,2990,0.0033333333333333322,False,-6.775571458328033,True,ok,,0.0009757499792613089
30,5,Normal,3000,5,0.3,30,2026105730,6.775571458328033,new_lower_rho_same_seed_schedule,False,36,0.0,0.0,0,1.0,1.0013351134846462,2996,1,2992,0.0026666666666666657,False,-6.775571458328033,True,ok,,0.0009757080115377903
30,5,Normal,3000,5,0.3,30,2026105730,6.775571458328033,new_lower_rho_same_seed_schedule,False,37,0.0,0.0,0,1.0,1.0003334444814937,2999,1,2998,0.0006666666666666663,False,-6.775571458328033,True,ok,,0.0009444170282222331
30,5,Normal,3000,5,0.3,30,2026105730,6.775571458328033,new_lower_rho_same_seed_schedule,False,38,0.0,0.0,0,1.0,1.0006671114076051,2998,1,2996,0.0013333333333333329,False,-6.775571458328033,True,ok,,0.0009237499907612801
30,5,Normal,3000,5,0.3,30,2026105730,6.775571458328033,new_lower_rho_same_seed_schedule,False,39,0.0,0.0,0,1.0,1.0003334444814937,2999,1,2998,0.0006666666666666666,False,-6.775571458328033,True,ok,,0.0009145420044660568
30,5,Normal,3000,5,0.3,30,2026105730,6.775571458328033,new_lower_rho_same_seed_schedule,False,40,0.0,0.0,0,1.0,1.0006671114076051,2998,1,2996,0.001333333333333333,False,-6.775571458328033,True,ok,,0.0010968749993480742
