config_id,family,n,d,rho,phase,replicate,seed,data_file,source_setting_id,truth,assumption_matched,ell,cv_score,cv_coverage,stable_validation_coverage,min_fold_stable_coverage,feasible,fraction_covered,fraction_outside_global_range,fraction_empty_cell,fraction_singleton_cell,fraction_outside_local_range,fraction_zero_spacing,fraction_degenerate_training_sample,estimate,coverage,n_valid,skipped_point_fraction,mean_cell_size,occupied_cells,min_cell_size,singleton_cells,integrated_mass,degenerate,refit_seconds,study_config_id,origin,error,zero_valid,status,failure
5,Normal,3000,5,0.5,fresh_n,1,2026105701,,-1.0,6.257704449237527,False,1,7.073186520875812,0.9956666666666668,0.9956666666666668,0.994,True,0.9956666666666668,0.0043333333333333,0.0,0.0,0.0,0.0,0.0,7.055971980396238,1.0,3000,0.0,3000.0,1,3000,0,1.144026914749491,False,0.0011689999955706,46,archived_rho_0.5_unchanged,0.7982675311587117,False,ok,
5,Normal,3000,5,0.5,fresh_n,1,2026105701,,-1.0,6.257704449237527,False,2,5.954043982329277,0.8626666666666667,0.8626666666666667,0.847,False,0.8626666666666667,0.0043333333333333,0.0,0.0,0.133,0.0,0.0,5.815384286708366,1.0,3000,0.0,93.75,32,17,0,1.6370428039500051,False,0.001205459004268,46,archived_rho_0.5_unchanged,-0.4423201625291604,False,ok,
5,Normal,3000,5,0.5,fresh_n,1,2026105701,,-1.0,6.257704449237527,False,3,5.508120013625238,0.7576666666666667,0.7466666666666667,0.725,False,0.7576666666666667,0.0043333333333333,0.0053333333333333,0.007,0.2256666666666666,0.0,0.0,5.43685727560449,0.993,2979,0.007,34.883720930232556,86,1,11,1.8364991427714965,False,0.0011462910333648,46,archived_rho_0.5_unchanged,-0.8208471736330365,False,ok,
5,Normal,3000,5,0.5,fresh_n,1,2026105701,,-1.0,6.257704449237527,False,4,5.1344067518552885,0.6486666666666666,0.636,0.62,False,0.6486666666666666,0.0043333333333333,0.0326666666666666,0.0313333333333333,0.283,0.0,0.0,4.758940338627409,0.955,2865,0.045,13.761467889908255,218,1,67,2.0613360711707713,False,0.0013131669838912,46,archived_rho_0.5_unchanged,-1.498764110610118,False,ok,
5,Normal,3000,5,0.5,fresh_n,1,2026105701,,-1.0,6.257704449237527,False,5,4.579196561608265,0.477,0.4416666666666666,0.414,False,0.477,0.0043333333333333,0.0663333333333333,0.0496666666666666,0.4026666666666667,0.0,0.0,4.020193817313428,0.9176666666666666,2753,0.0823333333333333,8.0,375,1,151,2.419507458458594,False,0.0014221669989638,46,archived_rho_0.5_unchanged,-2.2375106319240983,False,ok,
5,Normal,3000,5,0.5,fresh_n,1,2026105701,,-1.0,6.257704449237527,False,6,4.01129332982494,0.309,0.2653333333333333,0.246,False,0.309,0.0043333333333333,0.1113333333333333,0.0866666666666666,0.4886666666666667,0.0,0.0,3.0664097280814575,0.8526666666666667,2558,0.1473333333333333,5.059021922428331,593,1,237,2.7575333473339976,False,0.0015971660031937,46,archived_rho_0.5_unchanged,-3.191294721156069,False,ok,
5,Normal,3000,5,0.5,fresh_n,1,2026105701,,-1.0,6.257704449237527,False,7,3.398977312590506,0.1866666666666666,0.1293333333333333,0.127,False,0.1866666666666666,0.0043333333333333,0.1833333333333333,0.11,0.5156666666666667,0.0,0.0,2.283285544209057,0.7686666666666667,2306,0.2313333333333332,3.588516746411483,836,1,397,2.80476890991653,False,0.0016151659656316,46,archived_rho_0.5_unchanged,-3.9744189050284695,False,ok,
5,Normal,3000,5,0.5,fresh_n,1,2026105701,,-1.0,6.257704449237527,False,8,2.7961639950658665,0.0986666666666666,0.0476666666666666,0.04,False,0.0986666666666666,0.0043333333333333,0.2633333333333333,0.1693333333333333,0.4643333333333333,0.0,0.0,1.1543901627055166,0.6746666666666666,2024,0.3253333333333333,2.65017667844523,1132,1,616,2.904914914920532,False,0.0016355839907191,46,archived_rho_0.5_unchanged,-5.10331428653201,False,ok,
5,Normal,3000,5,0.5,fresh_n,1,2026105701,,-1.0,6.257704449237527,False,9,2.2277108954202807,0.0443333333333333,0.0123333333333333,0.01,False,0.0443333333333333,0.0043333333333333,0.366,0.2,0.3853333333333333,0.0,0.0,0.2898480616868,0.5523333333333333,1657,0.4476666666666666,2.09351011863224,1433,1,869,2.6914519600711064,False,0.0016909590340219,46,archived_rho_0.5_unchanged,-5.967856387550727,False,ok,
5,Normal,3000,5,0.5,fresh_n,1,2026105701,,-1.0,6.257704449237527,False,10,1.2764249025668006,0.0236666666666666,0.001,0.0,False,0.0236666666666666,0.0043333333333333,0.4596666666666666,0.2476666666666666,0.2646666666666666,0.0,0.0,-0.6610293055300545,0.4263333333333333,1279,0.5736666666666667,1.7472335468841005,1717,1,1108,2.4342020713014003,False,0.0017624999745748,46,archived_rho_0.5_unchanged,-6.918733754767581,False,ok,
5,Normal,3000,5,0.5,fresh_n,1,2026105701,,-1.0,6.257704449237527,False,11,0.1573441076475605,0.0083333333333333,0.0,0.0,False,0.0083333333333333,0.0043333333333333,0.5796666666666667,0.222,0.1856666666666666,0.0,0.0,-1.3860182538522086,0.3076666666666666,923,0.6923333333333334,1.5220700152207,1971,1,1403,1.856832860930918,False,0.0016490840353071,46,archived_rho_0.5_unchanged,-7.643722703089735,False,ok,
5,Normal,3000,5,0.5,fresh_n,1,2026105701,,-1.0,6.257704449237527,False,12,-0.0742659167990201,0.004,0.0,0.0,False,0.004,0.0043333333333333,0.655,0.2136666666666666,0.123,0.0,0.0,-2.1994449270447123,0.216,648,0.784,1.35685210312076,2211,1,1707,1.470442827831236,False,0.0015529580414295,46,archived_rho_0.5_unchanged,-8.457149376282239,False,ok,
5,Normal,3000,5,0.5,fresh_n,1,2026105701,,-1.0,6.257704449237527,False,13,-0.7851663269869891,0.0016666666666666,0.0,0.0,False,0.0016666666666666,0.0043333333333333,0.7456666666666667,0.178,0.0703333333333333,0.0,0.0,-2.805925128176091,0.1546666666666666,464,0.8453333333333333,1.2647554806070826,2372,1,1932,1.1135279804037004,False,0.0014396250480785,46,archived_rho_0.5_unchanged,-9.063629577413618,False,ok,
5,Normal,3000,5,0.5,fresh_n,1,2026105701,,-1.0,6.257704449237527,False,14,-0.2028388542668547,0.001,0.0,0.0,False,0.001,0.0043333333333333,0.792,0.1603333333333333,0.0423333333333333,0.0,0.0,-3.4232259745085987,0.1,300,0.9,1.1829652996845426,2536,1,2179,0.8442715563157853,False,0.0013582910178229,46,archived_rho_0.5_unchanged,-9.680930423746126,False,ok,
5,Normal,3000,5,0.5,fresh_n,1,2026105701,,-1.0,6.257704449237527,False,15,-0.399220286948851,0.001,0.0,0.0,False,0.001,0.0043333333333333,0.8393333333333334,0.1303333333333333,0.025,0.0,0.0,-3.531226166369311,0.0653333333333333,196,0.9346666666666666,1.1389521640091116,2634,1,2343,0.5437084371657768,False,0.0012953329714946,46,archived_rho_0.5_unchanged,-9.788930615606837,False,ok,
5,Normal,3000,5,0.5,fresh_n,1,2026105701,,-1.0,6.257704449237527,False,16,inf,0.0,0.0,0.0,False,0.0,0.0043333333333333,0.8813333333333333,0.0996666666666666,0.0146666666666666,0.0,0.0,-4.673420226662258,0.0356666666666666,107,0.9643333333333334,1.1037527593818983,2718,1,2470,0.3700615167286849,False,0.0012326670112088,46,archived_rho_0.5_unchanged,-10.931124675899785,False,ok,
5,Normal,3000,5,0.5,fresh_n,1,2026105701,,-1.0,6.257704449237527,False,17,inf,0.0,0.0,0.0,False,0.0,0.0043333333333333,0.9016666666666666,0.0863333333333333,0.0076666666666666,0.0,0.0,-4.264000715399359,0.026,78,0.974,1.0822510822510822,2772,1,2568,0.2866347108272472,False,0.0011605829931795,46,archived_rho_0.5_unchanged,-10.521705164636884,False,ok,
5,Normal,3000,5,0.5,fresh_n,1,2026105701,,-1.0,6.257704449237527,False,18,inf,0.0,0.0,0.0,False,0.0,0.0043333333333333,0.9366666666666666,0.0553333333333333,0.0036666666666666,0.0,0.0,-5.147298354395396,0.016,48,0.984,1.050420168067227,2856,1,2724,0.1673462421004321,False,0.0010853339917957,46,archived_rho_0.5_unchanged,-11.405002803632922,False,ok,
5,Normal,3000,5,0.5,fresh_n,1,2026105701,,-1.0,6.257704449237527,False,19,inf,0.0,0.0,0.0,False,0.0,0.0043333333333333,0.9356666666666666,0.056,0.004,0.0,0.0,-4.855514640543601,0.0126666666666666,38,0.9873333333333332,1.0552233556102708,2843,1,2697,0.172671275632394,False,0.0010961660300381,46,archived_rho_0.5_unchanged,-11.113219089781127,False,ok,
5,Normal,3000,5,0.5,fresh_n,1,2026105701,,-1.0,6.257704449237527,False,20,inf,0.0,0.0,0.0,False,0.0,0.0043333333333333,0.9513333333333334,0.042,0.0023333333333333,0.0,0.0,-5.157778512902507,0.007,21,0.993,1.0344827586206895,2900,1,2806,0.1007166665158461,False,0.0010314999963156,46,archived_rho_0.5_unchanged,-11.415482962140032,False,ok,
5,Normal,3000,5,0.5,fresh_n,1,2026105701,,-1.0,6.257704449237527,False,21,inf,0.0,0.0,0.0,False,0.0,0.0043333333333333,0.9626666666666668,0.0326666666666666,0.0003333333333333,0.0,0.0,-5.276672828006779,0.006,18,0.994,1.0281014393420151,2918,1,2840,0.0742989301305096,False,0.0010225829901173,46,archived_rho_0.5_unchanged,-11.534377277244307,False,ok,
5,Normal,3000,5,0.5,fresh_n,1,2026105701,,-1.0,6.257704449237527,False,22,inf,0.0,0.0,0.0,False,0.0,0.0043333333333333,0.9703333333333334,0.0246666666666666,0.0006666666666666,0.0,0.0,-5.742337676904484,0.0026666666666666,8,0.9973333333333332,1.023890784982935,2930,1,2861,0.0530884081347235,False,0.0009937499999068,46,archived_rho_0.5_unchanged,-12.00004212614201,False,ok,
5,Normal,3000,5,0.5,fresh_n,1,2026105701,,-1.0,6.257704449237527,False,23,inf,0.0,0.0,0.0,False,0.0,0.0043333333333333,0.969,0.0263333333333333,0.0003333333333333,0.0,0.0,-6.021576936312047,0.0016666666666666,5,0.9983333333333332,1.0211027910142954,2938,1,2877,0.0457237357976826,False,0.0010302499867975,46,archived_rho_0.5_unchanged,-12.279281385549574,False,ok,
5,Normal,3000,5,0.5,fresh_n,1,2026105701,,-1.0,6.257704449237527,False,24,inf,0.0,0.0,0.0,False,0.0,0.0043333333333333,0.9806666666666668,0.0146666666666666,0.0003333333333333,0.0,0.0,-4.210205569787362,0.0013333333333333,4,0.9986666666666668,1.0169491525423728,2950,1,2901,0.0384591166795501,False,0.0010102500091306,46,archived_rho_0.5_unchanged,-10.467910019024888,False,ok,
5,Normal,3000,5,0.5,fresh_n,1,2026105701,,-1.0,6.257704449237527,False,25,inf,0.0,0.0,0.0,False,0.0,0.0043333333333333,0.9796666666666668,0.016,0.0,0.0,0.0,-6.518657966843904,0.0016666666666666,5,0.9983333333333332,1.013856032443393,2959,1,2919,0.0325793075044152,False,0.0009786250302568,46,archived_rho_0.5_unchanged,-12.77636241608143,False,ok,
5,Normal,3000,5,0.5,fresh_n,1,2026105701,,-1.0,6.257704449237527,False,26,inf,0.0,0.0,0.0,False,0.0,0.0043333333333333,0.9853333333333332,0.0103333333333333,0.0,0.0,0.0,-5.815241745194946,0.0006666666666666,2,0.9993333333333332,1.009421265141319,2972,1,2944,0.0186666666666666,False,0.0009567500092089,46,archived_rho_0.5_unchanged,-12.072946194432472,False,ok,
5,Normal,3000,5,0.5,fresh_n,1,2026105701,,-1.0,6.257704449237527,False,27,inf,0.0,0.0,0.0,False,0.0,0.0043333333333333,0.9846666666666668,0.0106666666666666,0.0003333333333333,0.0,0.0,-6.799409311755561,0.001,3,0.999,1.0084033613445378,2975,1,2951,0.022746136796558,False,0.0009494999540038,46,archived_rho_0.5_unchanged,-13.057113760993087,False,ok,
5,Normal,3000,5,0.5,fresh_n,1,2026105701,,-1.0,6.257704449237527,False,28,inf,0.0,0.0,0.0,False,0.0,0.0043333333333333,0.9846666666666668,0.011,0.0,0.0,0.0,-7.093439937826881,0.0006666666666666,2,0.9993333333333332,1.0084033613445378,2975,1,2950,0.0166666666666666,False,0.0009361249976791,46,archived_rho_0.5_unchanged,-13.351144387064409,False,ok,
5,Normal,3000,5,0.5,fresh_n,1,2026105701,,-1.0,6.257704449237527,False,29,inf,0.0,0.0,0.0,False,0.0,0.0043333333333333,0.9906666666666668,0.005,0.0,0.0,0.0,0.0,0.0,0,1.0,1.0033444816053512,2990,1,2980,0.0066666666666666,False,0.0009353750501759,46,archived_rho_0.5_unchanged,-6.257704449237527,True,ok,
5,Normal,3000,5,0.5,fresh_n,1,2026105701,,-1.0,6.257704449237527,False,30,inf,0.0,0.0,0.0,False,0.0,0.0043333333333333,0.987,0.0086666666666666,0.0,0.0,0.0,0.0,0.0,0,1.0,1.0063737001006374,2981,1,2962,0.0126666666666666,False,0.0009300829842686,46,archived_rho_0.5_unchanged,-6.257704449237527,True,ok,
5,Normal,3000,5,0.5,fresh_n,1,2026105701,,-1.0,6.257704449237527,False,31,inf,0.0,0.0,0.0,False,0.0,0.0043333333333333,0.9913333333333332,0.0043333333333333,0.0,0.0,0.0,0.0,0.0,0,1.0,1.002673796791444,2992,1,2984,0.0053333333333333,False,0.0009224169771187,46,archived_rho_0.5_unchanged,-6.257704449237527,True,ok,
5,Normal,3000,5,0.5,fresh_n,1,2026105701,,-1.0,6.257704449237527,False,32,inf,0.0,0.0,0.0,False,0.0,0.0043333333333333,0.99,0.0056666666666666,0.0,0.0,0.0,-8.04697990082752,0.0006666666666666,2,0.9993333333333332,1.0040160642570282,2988,1,2976,0.0079999999999999,False,0.0009323749691247,46,archived_rho_0.5_unchanged,-14.304684350065045,False,ok,
5,Normal,3000,5,0.5,fresh_n,1,2026105701,,-1.0,6.257704449237527,False,33,inf,0.0,0.0,0.0,False,0.0,0.0043333333333333,0.9923333333333332,0.0033333333333333,0.0,0.0,0.0,-7.087162594423095,0.0003333333333333,1,0.9996666666666668,1.0040160642570282,2988,1,2976,0.0079999999999999,False,0.0009296669741161,46,archived_rho_0.5_unchanged,-13.34486704366062,False,ok,
5,Normal,3000,5,0.5,fresh_n,1,2026105701,,-1.0,6.257704449237527,False,34,inf,0.0,0.0,0.0,False,0.0,0.0043333333333333,0.9933333333333332,0.0023333333333333,0.0,0.0,0.0,0.0,0.0,0,1.0,1.001669449081803,2995,1,2990,0.0033333333333333,False,0.0009129169629886,46,archived_rho_0.5_unchanged,-6.257704449237527,True,ok,
5,Normal,3000,5,0.5,fresh_n,1,2026105701,,-1.0,6.257704449237527,False,35,inf,0.0,0.0,0.0,False,0.0,0.0043333333333333,0.9933333333333332,0.0023333333333333,0.0,0.0,0.0,0.0,0.0,0,1.0,1.001669449081803,2995,1,2990,0.0033333333333333,False,0.0009203749941661,46,archived_rho_0.5_unchanged,-6.257704449237527,True,ok,
5,Normal,3000,5,0.5,fresh_n,1,2026105701,,-1.0,6.257704449237527,False,36,inf,0.0,0.0,0.0,False,0.0,0.0043333333333333,0.9946666666666668,0.001,0.0,0.0,0.0,0.0,0.0,0,1.0,1.001001001001001,2997,1,2994,0.0019999999999999,False,0.000911040988285,46,archived_rho_0.5_unchanged,-6.257704449237527,True,ok,
5,Normal,3000,5,0.5,fresh_n,1,2026105701,,-1.0,6.257704449237527,False,37,inf,0.0,0.0,0.0,False,0.0,0.0043333333333333,0.9946666666666668,0.001,0.0,0.0,0.0,0.0,0.0,0,1.0,1.0006671114076051,2998,1,2996,0.0013333333333333,False,0.0008993749506771,46,archived_rho_0.5_unchanged,-6.257704449237527,True,ok,
5,Normal,3000,5,0.5,fresh_n,1,2026105701,,-1.0,6.257704449237527,False,38,inf,0.0,0.0,0.0,False,0.0,0.0043333333333333,0.9946666666666668,0.001,0.0,0.0,0.0,0.0,0.0,0,1.0,1.0013351134846462,2996,1,2992,0.0026666666666666,False,0.0009156659943982,46,archived_rho_0.5_unchanged,-6.257704449237527,True,ok,
5,Normal,3000,5,0.5,fresh_n,1,2026105701,,-1.0,6.257704449237527,False,39,inf,0.0,0.0,0.0,False,0.0,0.0043333333333333,0.995,0.0006666666666666,0.0,0.0,0.0,0.0,0.0,0,1.0,1.0003334444814935,2999,1,2998,0.0006666666666666,False,0.0008963339496403,46,archived_rho_0.5_unchanged,-6.257704449237527,True,ok,
5,Normal,3000,5,0.5,fresh_n,1,2026105701,,-1.0,6.257704449237527,False,40,inf,0.0,0.0,0.0,False,0.0,0.0043333333333333,0.9946666666666668,0.001,0.0,0.0,0.0,0.0,0.0,0,1.0,1.0003334444814935,2999,1,2998,0.0006666666666666,False,0.0009073340333998,46,archived_rho_0.5_unchanged,-6.257704449237527,True,ok,
5,Normal,3000,5,0.5,fresh_n,2,2026105702,,-1.0,6.257704449237527,False,1,7.053285162316691,0.995,0.995,0.991,True,0.995,0.005,0.0,0.0,0.0,0.0,0.0,7.0458604501778765,1.0,3000,0.0,3000.0,1,3000,0,1.1485118213697827,False,0.0011888750013895,46,archived_rho_0.5_unchanged,0.7881560009403499,False,ok,
5,Normal,3000,5,0.5,fresh_n,2,2026105702,,-1.0,6.257704449237527,False,2,5.900422642639343,0.8546666666666667,0.8536666666666667,0.842,False,0.8546666666666667,0.005,0.0,0.0,0.1403333333333333,0.0,0.0,5.7951498502423435,1.0,3000,0.0,93.75,32,12,0,1.6304706782536371,False,0.0011732500279322,46,archived_rho_0.5_unchanged,-0.46255459899518314,False,ok,
5,Normal,3000,5,0.5,fresh_n,2,2026105702,,-1.0,6.257704449237527,False,3,5.48242019957347,0.7643333333333333,0.7453333333333333,0.719,False,0.7643333333333333,0.005,0.0076666666666666,0.004,0.219,0.0,0.0,5.419311185226815,0.9933333333333332,2980,0.0066666666666667,36.144578313253014,83,1,9,1.8065001101176832,False,0.0011547079775482,46,archived_rho_0.5_unchanged,-0.8383932640107119,False,ok,
5,Normal,3000,5,0.5,fresh_n,2,2026105702,,-1.0,6.257704449237527,False,4,5.070761866382434,0.6423333333333333,0.6256666666666667,0.595,False,0.6423333333333333,0.005,0.033,0.0286666666666666,0.291,0.0,0.0,4.838438652241082,0.961,2883,0.039,15.075376884422113,199,1,64,2.023391746769439,False,0.0012830839841626,46,archived_rho_0.5_unchanged,-1.419265796996445,False,ok,
5,Normal,3000,5,0.5,fresh_n,2,2026105702,,-1.0,6.257704449237527,False,5,4.585917423284197,0.4706666666666667,0.4406666666666666,0.418,False,0.4706666666666667,0.005,0.0676666666666666,0.0466666666666666,0.41,0.0,0.0,4.217392621391946,0.9186666666666666,2756,0.0813333333333333,8.746355685131196,343,1,127,2.322423608602187,False,0.0013253749930299,46,archived_rho_0.5_unchanged,-2.0403118278455805,False,ok,
5,Normal,3000,5,0.5,fresh_n,2,2026105702,,-1.0,6.257704449237527,False,6,4.01737515721687,0.312,0.271,0.238,False,0.312,0.005,0.1133333333333333,0.0813333333333333,0.4883333333333333,0.0,0.0,3.335869246282374,0.8726666666666667,2618,0.1273333333333333,5.545286506469501,541,1,234,2.6546577885037914,False,0.0014450419694185,46,archived_rho_0.5_unchanged,-2.921835202955153,False,ok,
5,Normal,3000,5,0.5,fresh_n,2,2026105702,,-1.0,6.257704449237527,False,7,3.4970377365476097,0.1873333333333333,0.1343333333333333,0.109,False,0.1873333333333333,0.005,0.166,0.132,0.5096666666666667,0.0,0.0,2.3895579828761027,0.795,2385,0.2049999999999999,3.870967741935484,775,1,370,2.8250908492177285,False,0.0015324999694712,46,archived_rho_0.5_unchanged,-3.868146466361424,False,ok,
5,Normal,3000,5,0.5,fresh_n,2,2026105702,,-1.0,6.257704449237527,False,8,2.6283448501266835,0.091,0.0413333333333333,0.029,False,0.091,0.005,0.2626666666666666,0.1543333333333333,0.487,0.0,0.0,1.5411695800736231,0.705,2115,0.295,2.881844380403458,1041,1,552,2.8616215312620383,False,0.0016079999622888,46,archived_rho_0.5_unchanged,-4.716534869163904,False,ok,
5,Normal,3000,5,0.5,fresh_n,2,2026105702,,-1.0,6.257704449237527,False,9,2.3408670232521613,0.0456666666666666,0.0066666666666666,0.005,False,0.0456666666666666,0.005,0.359,0.191,0.3993333333333333,0.0,0.0,0.51331045274734,0.5856666666666667,1757,0.4143333333333333,2.304147465437788,1302,1,716,2.7115825315284874,False,0.0016836249851621,46,archived_rho_0.5_unchanged,-5.744393996490187,False,ok,
5,Normal,3000,5,0.5,fresh_n,2,2026105702,,-1.0,6.257704449237527,False,10,1.3512163198190814,0.018,0.0,0.0,False,0.018,0.005,0.4496666666666666,0.225,0.3023333333333333,0.0,0.0,-0.4189518217005342,0.483,1449,0.517,1.8703241895261848,1604,1,1011,2.4918003876076504,False,0.0016995840123854,46,archived_rho_0.5_unchanged,-6.676656270938061,False,ok,
5,Normal,3000,5,0.5,fresh_n,2,2026105702,,-1.0,6.257704449237527,False,11,1.098382663500311,0.0066666666666666,0.0,0.0,False,0.0066666666666666,0.005,0.5606666666666666,0.2286666666666666,0.199,0.0,0.0,-1.2118320658207935,0.38,1140,0.62,1.6304347826086956,1840,1,1245,2.220371841541782,False,0.0016615829663351,46,archived_rho_0.5_unchanged,-7.46953651505832,False,ok,
5,Normal,3000,5,0.5,fresh_n,2,2026105702,,-1.0,6.257704449237527,False,12,-0.9939620194271832,0.0006666666666666,0.0,0.0,False,0.0006666666666666,0.005,0.647,0.2183333333333333,0.129,0.0,0.0,-2.0601441597374643,0.2636666666666666,791,0.7363333333333333,1.4211274277593555,2111,1,1567,1.769918341069609,False,0.0015851669595576,46,archived_rho_0.5_unchanged,-8.317848608974991,False,ok,
5,Normal,3000,5,0.5,fresh_n,2,2026105702,,-1.0,6.257704449237527,False,13,0.5558384536590472,0.0006666666666666,0.0,0.0,False,0.0006666666666666,0.005,0.7273333333333334,0.1856666666666666,0.0813333333333333,0.0,0.0,-2.687380389660349,0.1916666666666666,575,0.8083333333333333,1.3123359580052494,2286,1,1809,1.3744287716183623,False,0.0014925419818609,46,archived_rho_0.5_unchanged,-8.945084838897875,False,ok,
5,Normal,3000,5,0.5,fresh_n,2,2026105702,,-1.0,6.257704449237527,False,14,inf,0.0,0.0,0.0,False,0.0,0.005,0.784,0.1683333333333333,0.0426666666666666,0.0,0.0,-3.1865274336328784,0.1216666666666666,365,0.8783333333333333,1.2165450121654502,2466,1,2070,0.92564321058282,False,0.0013963329838588,46,archived_rho_0.5_unchanged,-9.444231882870405,False,ok,
5,Normal,3000,5,0.5,fresh_n,2,2026105702,,-1.0,6.257704449237527,False,15,inf,0.0,0.0,0.0,False,0.0,0.005,0.8406666666666667,0.131,0.0233333333333333,0.0,0.0,-3.821783777448663,0.0723333333333333,217,0.9276666666666666,1.1574074074074074,2592,1,2259,0.6618262556752617,False,0.0013083749799989,46,archived_rho_0.5_unchanged,-10.07948822668619,False,ok,
5,Normal,3000,5,0.5,fresh_n,2,2026105702,,-1.0,6.257704449237527,False,16,inf,0.0,0.0,0.0,False,0.0,0.005,0.873,0.1066666666666666,0.0153333333333333,0.0,0.0,-4.198282262868198,0.0643333333333333,193,0.9356666666666666,1.122754491017964,2672,1,2409,0.5700466945142709,False,0.0012325839488767,46,archived_rho_0.5_unchanged,-10.455986712105725,False,ok,
5,Normal,3000,5,0.5,fresh_n,2,2026105702,,-1.0,6.257704449237527,False,17,inf,0.0,0.0,0.0,False,0.0,0.005,0.9036666666666666,0.083,0.0083333333333333,0.0,0.0,-4.913870656078491,0.0203333333333333,61,0.9796666666666668,1.0913059294288832,2749,1,2512,0.2510527082902763,False,0.0011774169979617,46,archived_rho_0.5_unchanged,-11.171575105316018,False,ok,
5,Normal,3000,5,0.5,fresh_n,2,2026105702,,-1.0,6.257704449237527,False,18,inf,0.0,0.0,0.0,False,0.0,0.005,0.9286666666666666,0.0613333333333333,0.005,0.0,0.0,-4.192561993423412,0.021,63,0.979,1.0691375623663577,2806,1,2630,0.224558404918345,False,0.0011062920093536,46,archived_rho_0.5_unchanged,-10.45026644266094,False,ok,
5,Normal,3000,5,0.5,fresh_n,2,2026105702,,-1.0,6.257704449237527,False,19,inf,0.0,0.0,0.0,False,0.0,0.005,0.9466666666666668,0.0463333333333333,0.002,0.0,0.0,-5.5565238342485435,0.0096666666666666,29,0.9903333333333332,1.0445682451253482,2872,1,2751,0.1240415381913015,False,0.0011006249696947,46,archived_rho_0.5_unchanged,-11.81422828348607,False,ok,
5,Normal,3000,5,0.5,fresh_n,2,2026105702,,-1.0,6.257704449237527,False,20,inf,0.0,0.0,0.0,False,0.0,0.005,0.944,0.049,0.002,0.0,0.0,-5.879995687473367,0.0126666666666666,38,0.9873333333333332,1.0438413361169103,2874,1,2760,0.1510502932347395,False,0.0011304159997962,46,archived_rho_0.5_unchanged,-12.137700136710894,False,ok,
5,Normal,3000,5,0.5,fresh_n,2,2026105702,,-1.0,6.257704449237527,False,21,inf,0.0,0.0,0.0,False,0.0,0.005,0.961,0.0336666666666666,0.0003333333333333,0.0,0.0,-6.3570963433188235,0.006,18,0.994,1.0351966873706004,2898,1,2801,0.0996725018128039,False,0.0010870000114664,46,archived_rho_0.5_unchanged,-12.61480079255635,False,ok,
5,Normal,3000,5,0.5,fresh_n,2,2026105702,,-1.0,6.257704449237527,False,22,inf,0.0,0.0,0.0,False,0.0,0.005,0.9663333333333334,0.028,0.0006666666666666,0.0,0.0,-5.737898789786758,0.0073333333333333,22,0.9926666666666668,1.0291595197255574,2915,1,2836,0.0936987966198973,False,0.0010498749907128,46,archived_rho_0.5_unchanged,-11.995603239024284,False,ok,
5,Normal,3000,5,0.5,fresh_n,2,2026105702,,-1.0,6.257704449237527,False,23,inf,0.0,0.0,0.0,False,0.0,0.005,0.968,0.026,0.001,0.0,0.0,-6.336560719719905,0.0046666666666666,14,0.9953333333333332,1.0249402118209772,2927,1,2857,0.0691303942169585,False,0.0010807500220835,46,archived_rho_0.5_unchanged,-12.594265168957431,False,ok,
5,Normal,3000,5,0.5,fresh_n,2,2026105702,,-1.0,6.257704449237527,False,24,inf,0.0,0.0,0.0,False,0.0,0.005,0.9816666666666668,0.0133333333333333,0.0,0.0,0.0,-10.051290515533411,0.0006666666666666,2,0.9993333333333332,1.0135135135135136,2960,1,2920,0.0266666666666666,False,0.000999915995635,46,archived_rho_0.5_unchanged,-16.30899496477094,False,ok,
5,Normal,3000,5,0.5,fresh_n,2,2026105702,,-1.0,6.257704449237527,False,25,inf,0.0,0.0,0.0,False,0.0,0.005,0.9773333333333334,0.0173333333333333,0.0003333333333333,0.0,0.0,-6.438741003724877,0.0016666666666666,5,0.9983333333333332,1.0141987829614605,2958,1,2917,0.0356215107200016,False,0.0010127500281669,46,archived_rho_0.5_unchanged,-12.696445452962404,False,ok,
5,Normal,3000,5,0.5,fresh_n,2,2026105702,,-1.0,6.257704449237527,False,26,inf,0.0,0.0,0.0,False,0.0,0.005,0.981,0.014,0.0,0.0,0.0,-6.23685350742444,0.0013333333333333,4,0.9986666666666668,1.0107816711590296,2968,1,2937,0.0275725228165063,False,0.0010787090286612,46,archived_rho_0.5_unchanged,-12.494557956661968,False,ok,
5,Normal,3000,5,0.5,fresh_n,2,2026105702,,-1.0,6.257704449237527,False,27,inf,0.0,0.0,0.0,False,0.0,0.005,0.9816666666666668,0.013,0.0003333333333333,0.0,0.0,-7.725186404701999,0.0016666666666666,5,0.9983333333333332,1.0101010101010102,2970,1,2941,0.0263460666875695,False,0.0010374579578638,46,archived_rho_0.5_unchanged,-13.982890853939526,False,ok,
5,Normal,3000,5,0.5,fresh_n,2,2026105702,,-1.0,6.257704449237527,False,28,inf,0.0,0.0,0.0,False,0.0,0.005,0.986,0.009,0.0,0.0,0.0,-9.322282445035029,0.001,3,0.999,1.009421265141319,2972,1,2944,0.0186666666666666,False,0.0009419579873792,46,archived_rho_0.5_unchanged,-15.579986894272555,False,ok,
5,Normal,3000,5,0.5,fresh_n,2,2026105702,,-1.0,6.257704449237527,False,29,inf,0.0,0.0,0.0,False,0.0,0.005,0.9853333333333332,0.0093333333333333,0.0003333333333333,0.0,0.0,-8.794947670953514,0.001,3,0.999,1.0063737001006374,2981,1,2963,0.0190127333542362,False,0.0009404169977642,46,archived_rho_0.5_unchanged,-15.052652120191041,False,ok,
5,Normal,3000,5,0.5,fresh_n,2,2026105702,,-1.0,6.257704449237527,False,30,inf,0.0,0.0,0.0,False,0.0,0.005,0.986,0.0083333333333333,0.0006666666666666,0.0,0.0,-8.485020888804014,0.002,6,0.998,1.0111223458038423,2967,1,2935,0.0283460666875695,False,0.0009343749843537,46,archived_rho_0.5_unchanged,-14.742725338041542,False,ok,
5,Normal,3000,5,0.5,fresh_n,2,2026105702,,-1.0,6.257704449237527,False,31,inf,0.0,0.0,0.0,False,0.0,0.005,0.9896666666666668,0.0053333333333333,0.0,0.0,0.0,0.0,0.0,0,1.0,1.004352192835621,2987,1,2974,0.0086666666666666,False,0.0009206660324707,46,archived_rho_0.5_unchanged,-6.257704449237527,True,ok,
5,Normal,3000,5,0.5,fresh_n,2,2026105702,,-1.0,6.257704449237527,False,32,inf,0.0,0.0,0.0,False,0.0,0.005,0.9876666666666668,0.007,0.0003333333333333,0.0,0.0,-8.702486615410319,0.0013333333333333,4,0.9986666666666668,1.0067114093959733,2980,1,2961,0.0196794000209028,False,0.0009395409724675,46,archived_rho_0.5_unchanged,-14.960191064647844,False,ok,
5,Normal,3000,5,0.5,fresh_n,2,2026105702,,-1.0,6.257704449237527,False,33,inf,0.0,0.0,0.0,False,0.0,0.005,0.994,0.001,0.0,0.0,0.0,0.0,0.0,0,1.0,1.002338790511193,2993,1,2986,0.0046666666666666,False,0.0009175409795716,46,archived_rho_0.5_unchanged,-6.257704449237527,True,ok,
5,Normal,3000,5,0.5,fresh_n,2,2026105702,,-1.0,6.257704449237527,False,34,inf,0.0,0.0,0.0,False,0.0,0.005,0.9913333333333332,0.0033333333333333,0.0003333333333333,0.0,0.0,0.0,0.0,0,1.0,1.002673796791444,2992,1,2984,0.0053333333333333,False,0.0009073750115931,46,archived_rho_0.5_unchanged,-6.257704449237527,True,ok,
5,Normal,3000,5,0.5,fresh_n,2,2026105702,,-1.0,6.257704449237527,False,35,inf,0.0,0.0,0.0,False,0.0,0.005,0.9933333333333332,0.0016666666666666,0.0,0.0,0.0,-9.419962776806493,0.0003333333333333,1,0.9996666666666668,1.002338790511193,2993,1,2986,0.0046666666666666,False,0.0009270409937016,46,archived_rho_0.5_unchanged,-15.677667226044019,False,ok,
5,Normal,3000,5,0.5,fresh_n,2,2026105702,,-1.0,6.257704449237527,False,36,inf,0.0,0.0,0.0,False,0.0,0.005,0.9913333333333332,0.0036666666666666,0.0,0.0,0.0,0.0,0.0,0,1.0,1.0013351134846462,2996,1,2992,0.0026666666666666,False,0.0008966249879449,46,archived_rho_0.5_unchanged,-6.257704449237527,True,ok,
5,Normal,3000,5,0.5,fresh_n,2,2026105702,,-1.0,6.257704449237527,False,37,inf,0.0,0.0,0.0,False,0.0,0.005,0.9926666666666668,0.0023333333333333,0.0,0.0,0.0,-4.058866984842375,0.0003333333333333,1,0.9996666666666668,1.0030090270812435,2991,1,2982,0.006,False,0.0009151250123977,46,archived_rho_0.5_unchanged,-10.3165714340799,False,ok,
5,Normal,3000,5,0.5,fresh_n,2,2026105702,,-1.0,6.257704449237527,False,38,inf,0.0,0.0,0.0,False,0.0,0.005,0.993,0.002,0.0,0.0,0.0,-5.525833820618048,0.0003333333333333,1,0.9996666666666668,1.001669449081803,2995,1,2990,0.0033333333333333,False,0.0008994999807327,46,archived_rho_0.5_unchanged,-11.783538269855574,False,ok,
5,Normal,3000,5,0.5,fresh_n,2,2026105702,,-1.0,6.257704449237527,False,39,inf,0.0,0.0,0.0,False,0.0,0.005,0.993,0.002,0.0,0.0,0.0,0.0,0.0,0,1.0,1.002338790511193,2993,1,2986,0.0046666666666666,False,0.0008982500294223,46,archived_rho_0.5_unchanged,-6.257704449237527,True,ok,
5,Normal,3000,5,0.5,fresh_n,2,2026105702,,-1.0,6.257704449237527,False,40,inf,0.0,0.0,0.0,False,0.0,0.005,0.9926666666666668,0.0023333333333333,0.0,0.0,0.0,0.0,0.0,0,1.0,1.0006671114076051,2998,1,2996,0.0013333333333333,False,0.0009557080338709,46,archived_rho_0.5_unchanged,-6.257704449237527,True,ok,
5,Normal,3000,5,0.5,fresh_n,3,2026105703,,-1.0,6.257704449237527,False,1,7.018745213452699,0.9923333333333332,0.9923333333333332,0.99,True,0.9923333333333332,0.0076666666666666,0.0,0.0,0.0,0.0,0.0,7.051744898699132,1.0,3000,0.0,3000.0,1,3000,0,1.147995932697628,False,0.0011804170208051,46,archived_rho_0.5_unchanged,0.7940404494616056,False,ok,
5,Normal,3000,5,0.5,fresh_n,3,2026105703,,-1.0,6.257704449237527,False,2,5.952465595515415,0.868,0.867,0.859,False,0.868,0.0076666666666666,0.0,0.0,0.1243333333333333,0.0,0.0,5.852129427622538,1.0,3000,0.0,93.75,32,16,0,1.662456548709454,False,0.0011090000043623,46,archived_rho_0.5_unchanged,-0.4055750216149887,False,ok,
5,Normal,3000,5,0.5,fresh_n,3,2026105703,,-1.0,6.257704449237527,False,3,5.470109079026862,0.7513333333333333,0.735,0.713,False,0.7513333333333333,0.0076666666666666,0.0073333333333333,0.0063333333333333,0.2273333333333333,0.0,0.0,5.4453735201039075,0.9886666666666668,2966,0.0113333333333333,30.612244897959183,98,1,22,1.8051653505793848,False,0.001144333044067,46,archived_rho_0.5_unchanged,-0.8123309291336192,False,ok,
5,Normal,3000,5,0.5,fresh_n,3,2026105703,,-1.0,6.257704449237527,False,4,5.0922750842535685,0.644,0.6243333333333333,0.579,False,0.644,0.0076666666666666,0.035,0.0346666666666666,0.2786666666666667,0.0,0.0,4.809164801031428,0.9543333333333334,2863,0.0456666666666666,13.953488372093023,215,1,65,2.084163216437404,False,0.0013213750207796,46,archived_rho_0.5_unchanged,-1.4485396482060988,False,ok,
5,Normal,3000,5,0.5,fresh_n,3,2026105703,,-1.0,6.257704449237527,False,5,4.529344876094195,0.445,0.418,0.384,False,0.445,0.0076666666666666,0.0656666666666666,0.0563333333333333,0.4253333333333333,0.0,0.0,4.138363459831989,0.9126666666666666,2738,0.0873333333333333,8.174386920980927,367,1,131,2.3972389604912765,False,0.0014282499905675,46,archived_rho_0.5_unchanged,-2.1193409894055373,False,ok,
5,Normal,3000,5,0.5,fresh_n,3,2026105703,,-1.0,6.257704449237527,False,6,3.9154324321811855,0.2886666666666667,0.2406666666666666,0.208,False,0.2886666666666667,0.0076666666666666,0.123,0.104,0.4766666666666667,0.0,0.0,3.1476580560618332,0.861,2583,0.139,5.128205128205129,585,1,262,2.6693185194111884,False,0.0015114999841898,46,archived_rho_0.5_unchanged,-3.1100463931756934,False,ok,
5,Normal,3000,5,0.5,fresh_n,3,2026105703,,-1.0,6.257704449237527,False,7,3.286856606709521,0.147,0.0946666666666666,0.064,False,0.147,0.0076666666666666,0.1983333333333333,0.1336666666666666,0.5133333333333333,0.0,0.0,2.399218469915851,0.7803333333333333,2341,0.2196666666666666,3.676470588235294,816,1,394,2.7836899668095514,False,0.0015940000303089,46,archived_rho_0.5_unchanged,-3.8584859793216757,False,ok,
5,Normal,3000,5,0.5,fresh_n,3,2026105703,,-1.0,6.257704449237527,False,8,2.613034119422631,0.0816666666666666,0.026,0.016,False,0.0816666666666666,0.0076666666666666,0.2856666666666667,0.1783333333333333,0.4466666666666666,0.0,0.0,1.4020734588854091,0.684,2052,0.3159999999999999,2.6954177897574123,1113,1,626,2.8659048107404765,False,0.0016072500147856,46,archived_rho_0.5_unchanged,-4.855630990352117,False,ok,
5,Normal,3000,5,0.5,fresh_n,3,2026105703,,-1.0,6.257704449237527,False,9,1.9215619811017255,0.032,0.0043333333333333,0.0,False,0.032,0.0076666666666666,0.396,0.1953333333333333,0.369,0.0,0.0,0.387290207856446,0.56,1680,0.4399999999999999,2.1201413427561837,1415,1,870,2.6634798386278424,False,0.0016643330454826,46,archived_rho_0.5_unchanged,-5.870414241381081,False,ok,
5,Normal,3000,5,0.5,fresh_n,3,2026105703,,-1.0,6.257704449237527,False,10,1.2596299758692069,0.014,0.0,0.0,False,0.014,0.0076666666666666,0.504,0.2193333333333333,0.255,0.0,0.0,-0.466480708693079,0.452,1356,0.548,1.791044776119403,1675,1,1106,2.3557596546869988,False,0.0017509580357,46,archived_rho_0.5_unchanged,-6.724185157930606,False,ok,
5,Normal,3000,5,0.5,fresh_n,3,2026105703,,-1.0,6.257704449237527,False,11,0.3168388582755876,0.007,0.0,0.0,False,0.007,0.0076666666666666,0.598,0.217,0.1703333333333333,0.0,0.0,-1.380960277056735,0.3416666666666667,1025,0.6583333333333333,1.5560165975103737,1928,1,1353,2.0600425492189345,False,0.0017598749836906,46,archived_rho_0.5_unchanged,-7.6386647262942615,False,ok,
5,Normal,3000,5,0.5,fresh_n,3,2026105703,,-1.0,6.257704449237527,False,12,-0.4931106896293714,0.0016666666666666,0.0,0.0,False,0.0016666666666666,0.0076666666666666,0.703,0.183,0.1046666666666666,0.0,0.0,-2.072061213644878,0.2403333333333333,721,0.7596666666666667,1.3882461823229986,2161,1,1648,1.562492413039957,False,0.0016113329911604,46,archived_rho_0.5_unchanged,-8.329765662882405,False,ok,
5,Normal,3000,5,0.5,fresh_n,3,2026105703,,-1.0,6.257704449237527,False,13,-0.2155816880977524,0.0006666666666666,0.0,0.0,False,0.0006666666666666,0.0076666666666666,0.7586666666666667,0.175,0.058,0.0,0.0,-2.778608066866022,0.1526666666666666,458,0.8473333333333333,1.2684989429175475,2365,1,1918,1.1410648405753905,False,0.0014848749851807,46,archived_rho_0.5_unchanged,-9.036312516103548,False,ok,
5,Normal,3000,5,0.5,fresh_n,3,2026105703,,-1.0,6.257704449237527,False,14,-0.7662078370609106,0.0006666666666666,0.0,0.0,False,0.0006666666666666,0.0076666666666666,0.8283333333333334,0.1316666666666666,0.0316666666666666,0.0,0.0,-3.1715258960943387,0.1106666666666666,332,0.8893333333333333,1.2072434607645874,2485,1,2094,0.8969167058044768,False,0.0014215830015018,46,archived_rho_0.5_unchanged,-9.429230345331865,False,ok,
5,Normal,3000,5,0.5,fresh_n,3,2026105703,,-1.0,6.257704449237527,False,15,inf,0.0,0.0,0.0,False,0.0,0.0076666666666666,0.8626666666666667,0.113,0.0166666666666666,0.0,0.0,-3.72607433699486,0.0623333333333333,187,0.9376666666666666,1.146788990825688,2616,1,2297,0.5789614211133487,False,0.001305499987211,46,archived_rho_0.5_unchanged,-9.983778786232387,False,ok,
5,Normal,3000,5,0.5,fresh_n,3,2026105703,,-1.0,6.257704449237527,False,16,-2.07964668786199,0.0003333333333333,0.0,0.0,False,0.0003333333333333,0.0076666666666666,0.8936666666666667,0.086,0.0123333333333333,0.0,0.0,-3.9332174202709895,0.0406666666666666,122,0.9593333333333334,1.106194690265487,2712,1,2463,0.4029770232520689,False,0.0012265000259503,46,archived_rho_0.5_unchanged,-10.190921869508516,False,ok,
5,Normal,3000,5,0.5,fresh_n,3,2026105703,,-1.0,6.257704449237527,False,17,inf,0.0,0.0,0.0,False,0.0,0.0076666666666666,0.9123333333333332,0.0726666666666666,0.0073333333333333,0.0,0.0,-4.360269489313338,0.0243333333333333,73,0.9756666666666668,1.0748835542816195,2791,1,2605,0.2540399173497772,False,0.001142333028838,46,archived_rho_0.5_unchanged,-10.617973938550865,False,ok,
5,Normal,3000,5,0.5,fresh_n,3,2026105703,,-1.0,6.257704449237527,False,18,inf,0.0,0.0,0.0,False,0.0,0.0076666666666666,0.9273333333333332,0.063,0.002,0.0,0.0,-4.642899131772116,0.0156666666666666,47,0.9843333333333332,1.0604453870625663,2829,1,2673,0.1866769093335445,False,0.0011584169697016,46,archived_rho_0.5_unchanged,-10.900603581009642,False,ok,
5,Normal,3000,5,0.5,fresh_n,3,2026105703,,-1.0,6.257704449237527,False,19,inf,0.0,0.0,0.0,False,0.0,0.0076666666666666,0.9443333333333334,0.046,0.002,0.0,0.0,-4.614694685128327,0.0126666666666666,38,0.9873333333333332,1.0452961672473868,2870,1,2752,0.1560854495011985,False,0.0010568330180831,46,archived_rho_0.5_unchanged,-10.872399134365853,False,ok,
5,Normal,3000,5,0.5,fresh_n,3,2026105703,,-1.0,6.257704449237527,False,20,inf,0.0,0.0,0.0,False,0.0,0.0076666666666666,0.9593333333333334,0.0326666666666666,0.0003333333333333,0.0,0.0,-6.828970105551042,0.007,21,0.993,1.0351966873706004,2898,1,2802,0.106232285675017,False,0.0010285419994033,46,archived_rho_0.5_unchanged,-13.08667455478857,False,ok,
5,Normal,3000,5,0.5,fresh_n,3,2026105703,,-1.0,6.257704449237527,False,21,inf,0.0,0.0,0.0,False,0.0,0.0076666666666666,0.9613333333333334,0.0293333333333333,0.0016666666666666,0.0,0.0,-5.756924818995861,0.0026666666666666,8,0.9973333333333332,1.0281014393420151,2918,1,2838,0.0668434543419587,False,0.001029125007335,46,archived_rho_0.5_unchanged,-12.014629268233389,False,ok,
5,Normal,3000,5,0.5,fresh_n,3,2026105703,,-1.0,6.257704449237527,False,22,inf,0.0,0.0,0.0,False,0.0,0.0076666666666666,0.972,0.02,0.0003333333333333,0.0,0.0,-6.475920438853033,0.0033333333333333,10,0.9966666666666668,1.0231923601637107,2932,1,2867,0.0568058178953266,False,0.0010489159612916,46,archived_rho_0.5_unchanged,-12.73362488809056,False,ok,
5,Normal,3000,5,0.5,fresh_n,3,2026105703,,-1.0,6.257704449237527,False,23,inf,0.0,0.0,0.0,False,0.0,0.0076666666666666,0.971,0.0206666666666666,0.0006666666666666,0.0,0.0,-4.871412956402989,0.0023333333333333,7,0.9976666666666668,1.0207553589656346,2939,1,2879,0.0475688505239081,False,0.0011562500149011,46,archived_rho_0.5_unchanged,-11.129117405640516,False,ok,
5,Normal,3000,5,0.5,fresh_n,3,2026105703,,-1.0,6.257704449237527,False,24,inf,0.0,0.0,0.0,False,0.0,0.0076666666666666,0.978,0.0143333333333333,0.0,0.0,0.0,-6.273197957151292,0.004,12,0.996,1.0166045408336155,2951,1,2905,0.0511999134796561,False,0.0009802079875953,46,archived_rho_0.5_unchanged,-12.530902406388819,False,ok,
5,Normal,3000,5,0.5,fresh_n,3,2026105703,,-1.0,6.257704449237527,False,25,inf,0.0,0.0,0.0,False,0.0,0.0076666666666666,0.981,0.0113333333333333,0.0,0.0,0.0,-6.448820946303383,0.001,3,0.999,1.0121457489878545,2964,1,2928,0.0239999999999999,False,0.0009529590024612,46,archived_rho_0.5_unchanged,-12.70652539554091,False,ok,
5,Normal,3000,5,0.5,fresh_n,3,2026105703,,-1.0,6.257704449237527,False,26,inf,0.0,0.0,0.0,False,0.0,0.0076666666666666,0.983,0.0093333333333333,0.0,0.0,0.0,-7.270841716255226,0.002,6,0.998,1.0104412260020208,2969,1,2939,0.0279946666403245,False,0.0009657080518081,46,archived_rho_0.5_unchanged,-13.528546165492752,False,ok,
5,Normal,3000,5,0.5,fresh_n,3,2026105703,,-1.0,6.257704449237527,False,27,inf,0.0,0.0,0.0,False,0.0,0.0076666666666666,0.9823333333333332,0.0096666666666666,0.0003333333333333,0.0,0.0,-6.881931461040562,0.0013333333333333,4,0.9986666666666668,1.0101010101010102,2970,1,2941,0.0265239027348819,False,0.0009371670312248,46,archived_rho_0.5_unchanged,-13.139635910278088,False,ok,
5,Normal,3000,5,0.5,fresh_n,3,2026105703,,-1.0,6.257704449237527,False,28,inf,0.0,0.0,0.0,False,0.0,0.0076666666666666,0.986,0.006,0.0003333333333333,0.0,0.0,-7.555132259648756,0.0016666666666666,5,0.9983333333333332,1.0080645161290325,2976,1,2953,0.0233279999736578,False,0.000923000043258,46,archived_rho_0.5_unchanged,-13.812836708886284,False,ok,
5,Normal,3000,5,0.5,fresh_n,3,2026105703,,-1.0,6.257704449237527,False,29,inf,0.0,0.0,0.0,False,0.0,0.0076666666666666,0.988,0.0043333333333333,0.0,0.0,0.0,-5.854484278418283,0.0003333333333333,1,0.9996666666666668,1.0046885465505693,2986,1,2972,0.0093333333333333,False,0.0009287500288337,46,archived_rho_0.5_unchanged,-12.11218872765581,False,ok,
5,Normal,3000,5,0.5,fresh_n,3,2026105703,,-1.0,6.257704449237527,False,30,inf,0.0,0.0,0.0,False,0.0,0.0076666666666666,0.988,0.0043333333333333,0.0,0.0,0.0,-6.3915202596614185,0.0003333333333333,1,0.9996666666666668,1.0050251256281406,2985,1,2970,0.0099999999999999,False,0.000915459007956,46,archived_rho_0.5_unchanged,-12.649224708898945,False,ok,
5,Normal,3000,5,0.5,fresh_n,3,2026105703,,-1.0,6.257704449237527,False,31,inf,0.0,0.0,0.0,False,0.0,0.0076666666666666,0.9883333333333332,0.004,0.0,0.0,0.0,0.0,0.0,0,1.0,1.0036801605888257,2989,1,2978,0.0073333333333333,False,0.0009395420202054,46,archived_rho_0.5_unchanged,-6.257704449237527,True,ok,
5,Normal,3000,5,0.5,fresh_n,3,2026105703,,-1.0,6.257704449237527,False,32,inf,0.0,0.0,0.0,False,0.0,0.0076666666666666,0.989,0.0033333333333333,0.0,0.0,0.0,0.0,0.0,0,1.0,1.002673796791444,2992,1,2984,0.0053333333333333,False,0.0009083329932764,46,archived_rho_0.5_unchanged,-6.257704449237527,True,ok,
5,Normal,3000,5,0.5,fresh_n,3,2026105703,,-1.0,6.257704449237527,False,33,inf,0.0,0.0,0.0,False,0.0,0.0076666666666666,0.9903333333333332,0.002,0.0,0.0,0.0,0.0,0.0,0,1.0,1.002673796791444,2992,1,2984,0.0053333333333333,False,0.0008971669594757,46,archived_rho_0.5_unchanged,-6.257704449237527,True,ok,
5,Normal,3000,5,0.5,fresh_n,3,2026105703,,-1.0,6.257704449237527,False,34,inf,0.0,0.0,0.0,False,0.0,0.0076666666666666,0.99,0.0023333333333333,0.0,0.0,0.0,0.0,0.0,0,1.0,1.0006671114076051,2998,1,2996,0.0013333333333333,False,0.000905958993826,46,archived_rho_0.5_unchanged,-6.257704449237527,True,ok,
5,Normal,3000,5,0.5,fresh_n,3,2026105703,,-1.0,6.257704449237527,False,35,inf,0.0,0.0,0.0,False,0.0,0.0076666666666666,0.9896666666666668,0.0026666666666666,0.0,0.0,0.0,0.0,0.0,0,1.0,1.001669449081803,2995,1,2990,0.0033333333333333,False,0.0009120829636231,46,archived_rho_0.5_unchanged,-6.257704449237527,True,ok,
5,Normal,3000,5,0.5,fresh_n,3,2026105703,,-1.0,6.257704449237527,False,36,inf,0.0,0.0,0.0,False,0.0,0.0076666666666666,0.9903333333333332,0.002,0.0,0.0,0.0,0.0,0.0,0,1.0,1.001669449081803,2995,1,2990,0.0033333333333333,False,0.0008985829772427,46,archived_rho_0.5_unchanged,-6.257704449237527,True,ok,
5,Normal,3000,5,0.5,fresh_n,3,2026105703,,-1.0,6.257704449237527,False,37,inf,0.0,0.0,0.0,False,0.0,0.0076666666666666,0.9906666666666668,0.0016666666666666,0.0,0.0,0.0,-8.39733596848329,0.0003333333333333,1,0.9996666666666668,1.0013351134846462,2996,1,2992,0.0026666666666666,False,0.0009110000100918,46,archived_rho_0.5_unchanged,-14.655040417720816,False,ok,
5,Normal,3000,5,0.5,fresh_n,3,2026105703,,-1.0,6.257704449237527,False,38,inf,0.0,0.0,0.0,False,0.0,0.0076666666666666,0.991,0.0013333333333333,0.0,0.0,0.0,0.0,0.0,0,1.0,1.001001001001001,2997,1,2994,0.002,False,0.0008906659786589,46,archived_rho_0.5_unchanged,-6.257704449237527,True,ok,
5,Normal,3000,5,0.5,fresh_n,3,2026105703,,-1.0,6.257704449237527,False,39,inf,0.0,0.0,0.0,False,0.0,0.0076666666666666,0.991,0.0013333333333333,0.0,0.0,0.0,-7.6167304908491245,0.0003333333333333,1,0.9996666666666668,1.001001001001001,2997,1,2994,0.002,False,0.0008982919971458,46,archived_rho_0.5_unchanged,-13.874434940086651,False,ok,
5,Normal,3000,5,0.5,fresh_n,3,2026105703,,-1.0,6.257704449237527,False,40,inf,0.0,0.0,0.0,False,0.0,0.0076666666666666,0.9913333333333332,0.001,0.0,0.0,0.0,0.0,0.0,0,1.0,1.0003334444814935,2999,1,2998,0.0006666666666666,False,0.0009099160088226,46,archived_rho_0.5_unchanged,-6.257704449237527,True,ok,
5,Normal,3000,5,0.5,fresh_n,4,2026105704,,-1.0,6.257704449237527,False,1,7.0845404019137455,0.9943333333333332,0.9943333333333332,0.994,True,0.9943333333333332,0.0056666666666666,0.0,0.0,0.0,0.0,0.0,7.084614983180754,1.0,3000,0.0,3000.0,1,3000,0,1.1439740197759758,False,0.0011963750002905,46,archived_rho_0.5_unchanged,0.8269105339432272,False,ok,
5,Normal,3000,5,0.5,fresh_n,4,2026105704,,-1.0,6.257704449237527,False,2,5.920464787950757,0.8513333333333334,0.847,0.834,False,0.8513333333333334,0.0056666666666666,0.0,0.0013333333333333,0.1416666666666666,0.0,0.0,5.823671678487533,1.0,3000,0.0,93.75,32,18,0,1.646506571943776,False,0.0011507090530358,46,archived_rho_0.5_unchanged,-0.4340327707499938,False,ok,
5,Normal,3000,5,0.5,fresh_n,4,2026105704,,-1.0,6.257704449237527,False,3,5.49394948168268,0.757,0.7403333333333333,0.73,False,0.757,0.0056666666666666,0.007,0.012,0.2183333333333333,0.0,0.0,5.414359582760248,0.993,2979,0.007,34.09090909090909,88,1,11,1.8376309882223505,False,0.0011589999776333,46,archived_rho_0.5_unchanged,-0.8433448664772785,False,ok,
5,Normal,3000,5,0.5,fresh_n,4,2026105704,,-1.0,6.257704449237527,False,4,5.0287367587476535,0.6163333333333333,0.5983333333333334,0.588,False,0.6163333333333333,0.0056666666666666,0.0383333333333333,0.0456666666666666,0.294,0.0,0.0,4.817587394261494,0.9483333333333334,2845,0.0516666666666666,12.987012987012989,231,1,88,2.053588952953714,False,0.0012506250059232,46,archived_rho_0.5_unchanged,-1.4401170549760325,False,ok,
5,Normal,3000,5,0.5,fresh_n,4,2026105704,,-1.0,6.257704449237527,False,5,4.479576237178852,0.4486666666666666,0.4146666666666667,0.407,False,0.4486666666666666,0.0056666666666666,0.0633333333333333,0.0563333333333333,0.426,0.0,0.0,4.045623075086856,0.914,2742,0.0859999999999999,7.8125,384,1,147,2.4504498813327804,False,0.0013659999822266,46,archived_rho_0.5_unchanged,-2.212081374150671,False,ok,
5,Normal,3000,5,0.5,fresh_n,4,2026105704,,-1.0,6.257704449237527,False,6,3.9564507548230337,0.3026666666666666,0.251,0.241,False,0.3026666666666666,0.0056666666666666,0.1233333333333333,0.09,0.4783333333333333,0.0,0.0,3.136331537599252,0.8556666666666667,2567,0.1443333333333333,5.0675675675675675,592,1,243,2.76860479175631,False,0.0015065830084495,46,archived_rho_0.5_unchanged,-3.1213729116382747,False,ok,
5,Normal,3000,5,0.5,fresh_n,4,2026105704,,-1.0,6.257704449237527,False,7,3.367382938748364,0.1666666666666666,0.1126666666666666,0.099,False,0.1666666666666666,0.0056666666666666,0.194,0.121,0.5126666666666667,0.0,0.0,2.2989961677823465,0.7633333333333333,2290,0.2366666666666667,3.5335689045936394,849,1,413,2.8026952765126825,False,0.0015620830236002,46,archived_rho_0.5_unchanged,-3.95870828145518,False,ok,
5,Normal,3000,5,0.5,fresh_n,4,2026105704,,-1.0,6.257704449237527,False,8,2.6431720116070387,0.0763333333333333,0.032,0.018,False,0.0763333333333333,0.0056666666666666,0.2923333333333333,0.158,0.4676666666666667,0.0,0.0,1.2432904102298847,0.6806666666666666,2042,0.3193333333333333,2.6761819803746656,1121,1,603,2.9096912532710055,False,0.0016217079828493,46,archived_rho_0.5_unchanged,-5.014414039007642,False,ok,
5,Normal,3000,5,0.5,fresh_n,4,2026105704,,-1.0,6.257704449237527,False,9,2.026433525657877,0.0363333333333333,0.0043333333333333,0.003,False,0.0363333333333333,0.0056666666666666,0.3796666666666666,0.216,0.3623333333333333,0.0,0.0,0.2007249880098127,0.558,1674,0.4419999999999999,2.112676056338028,1420,1,838,2.7323036980016764,False,0.0016679580439813,46,archived_rho_0.5_unchanged,-6.056979461227714,False,ok,
5,Normal,3000,5,0.5,fresh_n,4,2026105704,,-1.0,6.257704449237527,False,10,1.192320224964689,0.018,0.0003333333333333,0.0,False,0.018,0.0056666666666666,0.4903333333333333,0.2186666666666666,0.2673333333333333,0.0,0.0,-0.571418485083824,0.439,1317,0.5609999999999999,1.7605633802816902,1704,1,1121,2.3813611915235446,False,0.0016589169972576,46,archived_rho_0.5_unchanged,-6.829122934321351,False,ok,
5,Normal,3000,5,0.5,fresh_n,4,2026105704,,-1.0,6.257704449237527,False,11,0.6971224722830688,0.005,0.0,0.0,False,0.005,0.0056666666666666,0.589,0.217,0.1833333333333333,0.0,0.0,-1.53047759623123,0.341,1023,0.659,1.5345268542199488,1955,1,1393,2.059562257011046,False,0.0015950420056469,46,archived_rho_0.5_unchanged,-7.788182045468757,False,ok,
5,Normal,3000,5,0.5,fresh_n,4,2026105704,,-1.0,6.257704449237527,False,12,0.367237971880178,0.0013333333333333,0.0,0.0,False,0.0013333333333333,0.0056666666666666,0.6793333333333333,0.2013333333333333,0.1123333333333333,0.0,0.0,-2.386860697119946,0.2196666666666666,659,0.7803333333333333,1.358080579447714,2209,1,1697,1.475957223488531,False,0.0015242499648593,46,archived_rho_0.5_unchanged,-8.644565146357472,False,ok,
5,Normal,3000,5,0.5,fresh_n,4,2026105704,,-1.0,6.257704449237527,False,13,inf,0.0,0.0,0.0,False,0.0,0.0056666666666666,0.755,0.1796666666666666,0.0596666666666666,0.0,0.0,-2.7757279227199767,0.134,402,0.866,1.2468827930174564,2406,1,1969,1.0227964369973586,False,0.0014452080358751,46,archived_rho_0.5_unchanged,-9.033432371957502,False,ok,
5,Normal,3000,5,0.5,fresh_n,4,2026105704,,-1.0,6.257704449237527,False,14,-0.7258364418145941,0.0006666666666666,0.0,0.0,False,0.0006666666666666,0.0056666666666666,0.8013333333333333,0.1523333333333333,0.04,0.0,0.0,-3.138450431686246,0.0806666666666666,242,0.9193333333333332,1.1857707509881423,2530,1,2154,0.6800309050617753,False,0.0014662500470876,46,archived_rho_0.5_unchanged,-9.396154880923772,False,ok,
5,Normal,3000,5,0.5,fresh_n,4,2026105704,,-1.0,6.257704449237527,False,15,inf,0.0,0.0,0.0,False,0.0,0.0056666666666666,0.8566666666666667,0.121,0.0166666666666666,0.0,0.0,-3.8797754872406656,0.041,123,0.959,1.1273957158962795,2661,1,2361,0.4525792340961965,False,0.0013550830190069,46,archived_rho_0.5_unchanged,-10.137479936478192,False,ok,
5,Normal,3000,5,0.5,fresh_n,4,2026105704,,-1.0,6.257704449237527,False,16,inf,0.0,0.0,0.0,False,0.0,0.0056666666666666,0.8886666666666667,0.0936666666666666,0.012,0.0,0.0,-3.961345098510298,0.0403333333333333,121,0.9596666666666668,1.097293343087052,2734,1,2506,0.3640660562203178,False,0.0012722089886665,46,archived_rho_0.5_unchanged,-10.219049547747824,False,ok,
5,Normal,3000,5,0.5,fresh_n,4,2026105704,,-1.0,6.257704449237527,False,17,inf,0.0,0.0,0.0,False,0.0,0.0056666666666666,0.9053333333333332,0.0803333333333333,0.0086666666666666,0.0,0.0,-5.028750478915911,0.0223333333333333,67,0.9776666666666668,1.079136690647482,2780,1,2579,0.2588492496586299,False,0.0012797089875675,46,archived_rho_0.5_unchanged,-11.286454928153438,False,ok,
5,Normal,3000,5,0.5,fresh_n,4,2026105704,,-1.0,6.257704449237527,False,18,inf,0.0,0.0,0.0,False,0.0,0.0056666666666666,0.9303333333333332,0.0586666666666666,0.0053333333333333,0.0,0.0,-5.011924433711744,0.012,36,0.988,1.0578279266572637,2836,1,2681,0.1663273598322483,False,0.001159458013717,46,archived_rho_0.5_unchanged,-11.26962888294927,False,ok,
5,Normal,3000,5,0.5,fresh_n,4,2026105704,,-1.0,6.257704449237527,False,19,inf,0.0,0.0,0.0,False,0.0,0.0056666666666666,0.9493333333333334,0.044,0.001,0.0,0.0,-5.316764288599949,0.009,27,0.991,1.0355540214014498,2897,1,2801,0.1123580936297549,False,0.0011506670271046,46,archived_rho_0.5_unchanged,-11.574468737837476,False,ok,
5,Normal,3000,5,0.5,fresh_n,4,2026105704,,-1.0,6.257704449237527,False,20,inf,0.0,0.0,0.0,False,0.0,0.0056666666666666,0.9623333333333334,0.0306666666666666,0.0013333333333333,0.0,0.0,-5.810856583018408,0.0086666666666666,26,0.9913333333333332,1.0395010395010396,2886,1,2778,0.1127364348986487,False,0.0012256249901838,46,archived_rho_0.5_unchanged,-12.068561032255936,False,ok,
5,Normal,3000,5,0.5,fresh_n,4,2026105704,,-1.0,6.257704449237527,False,21,inf,0.0,0.0,0.0,False,0.0,0.0056666666666666,0.9703333333333334,0.0223333333333333,0.0016666666666666,0.0,0.0,-6.306030380790695,0.001,3,0.999,1.0197144799456153,2942,1,2884,0.0386666666666666,False,0.0010267499601468,46,archived_rho_0.5_unchanged,-12.56373483002822,False,ok,
5,Normal,3000,5,0.5,fresh_n,4,2026105704,,-1.0,6.257704449237527,False,22,inf,0.0,0.0,0.0,False,0.0,0.0056666666666666,0.9726666666666668,0.021,0.0006666666666666,0.0,0.0,-5.746466161569093,0.0043333333333333,13,0.9956666666666668,1.0231923601637107,2932,1,2866,0.0562246103940398,False,0.0010273749940097,46,archived_rho_0.5_unchanged,-12.00417061080662,False,ok,
5,Normal,3000,5,0.5,fresh_n,4,2026105704,,-1.0,6.257704449237527,False,23,inf,0.0,0.0,0.0,False,0.0,0.0056666666666666,0.9736666666666668,0.0203333333333333,0.0003333333333333,0.0,0.0,-4.773409653349044,0.001,3,0.999,1.016260162601626,2952,1,2904,0.0319999999999999,False,0.0010681670391932,46,archived_rho_0.5_unchanged,-11.03111410258657,False,ok,
5,Normal,3000,5,0.5,fresh_n,4,2026105704,,-1.0,6.257704449237527,False,24,inf,0.0,0.0,0.0,False,0.0,0.0056666666666666,0.9803333333333332,0.014,0.0,0.0,0.0,-4.49424373784438,0.0003333333333333,1,0.9996666666666668,1.0121457489878545,2964,1,2928,0.0239999999999999,False,0.0009740419918671,46,archived_rho_0.5_unchanged,-10.751948187081908,False,ok,
5,Normal,3000,5,0.5,fresh_n,4,2026105704,,-1.0,6.257704449237527,False,25,inf,0.0,0.0,0.0,False,0.0,0.0056666666666666,0.9803333333333332,0.014,0.0,0.0,0.0,-4.402242725940284,0.0013333333333333,4,0.9986666666666668,1.016260162601626,2952,1,2905,0.0370755580561909,False,0.0009992089471779,46,archived_rho_0.5_unchanged,-10.65994717517781,False,ok,
5,Normal,3000,5,0.5,fresh_n,4,2026105704,,-1.0,6.257704449237527,False,26,inf,0.0,0.0,0.0,False,0.0,0.0056666666666666,0.9863333333333332,0.008,0.0,0.0,0.0,-6.541496409932803,0.0006666666666666,2,0.9993333333333332,1.0084033613445378,2975,1,2950,0.0166666666666666,False,0.0009640000062063,46,archived_rho_0.5_unchanged,-12.79920085917033,False,ok,
5,Normal,3000,5,0.5,fresh_n,4,2026105704,,-1.0,6.257704449237527,False,27,inf,0.0,0.0,0.0,False,0.0,0.0056666666666666,0.9823333333333332,0.0116666666666666,0.0003333333333333,0.0,0.0,-6.173611061763215,0.001,3,0.999,1.0080645161290325,2976,1,2953,0.0218248351713096,False,0.0009574159630574,46,archived_rho_0.5_unchanged,-12.431315511000742,False,ok,
5,Normal,3000,5,0.5,fresh_n,4,2026105704,,-1.0,6.257704449237527,False,28,inf,0.0,0.0,0.0,False,0.0,0.0056666666666666,0.9886666666666668,0.0056666666666666,0.0,0.0,0.0,-5.738619439322346,0.002,6,0.998,1.0036801605888257,2989,1,2980,0.0184466573366272,False,0.0009682920062914,46,archived_rho_0.5_unchanged,-11.996323888559873,False,ok,
5,Normal,3000,5,0.5,fresh_n,4,2026105704,,-1.0,6.257704449237527,False,29,inf,0.0,0.0,0.0,False,0.0,0.0056666666666666,0.9876666666666668,0.0066666666666666,0.0,0.0,0.0,-6.585462572595229,0.001,3,0.999,1.0070493454179257,2979,1,2958,0.0139999999999999,False,0.0009633750305511,46,archived_rho_0.5_unchanged,-12.843167021832755,False,ok,
5,Normal,3000,5,0.5,fresh_n,4,2026105704,,-1.0,6.257704449237527,False,30,inf,0.0,0.0,0.0,False,0.0,0.0056666666666666,0.9896666666666668,0.0046666666666666,0.0,0.0,0.0,-7.285520673055548,0.001,3,0.999,1.0033444816053512,2990,1,2981,0.0129552683212274,False,0.0009368329774588,46,archived_rho_0.5_unchanged,-13.543225122293075,False,ok,
5,Normal,3000,5,0.5,fresh_n,4,2026105704,,-1.0,6.257704449237527,False,31,inf,0.0,0.0,0.0,False,0.0,0.0056666666666666,0.9903333333333332,0.004,0.0,0.0,0.0,-7.032400954066317,0.0006666666666666,2,0.9993333333333332,1.0046885465505693,2986,1,2972,0.0093333333333333,False,0.0009482090245001,46,archived_rho_0.5_unchanged,-13.290105403303844,False,ok,
5,Normal,3000,5,0.5,fresh_n,4,2026105704,,-1.0,6.257704449237527,False,32,inf,0.0,0.0,0.0,False,0.0,0.0056666666666666,0.9893333333333332,0.005,0.0,0.0,0.0,-6.484645082293325,0.0003333333333333,1,0.9996666666666668,1.0033444816053512,2990,1,2980,0.0066666666666666,False,0.0009248330025002,46,archived_rho_0.5_unchanged,-12.742349531530852,False,ok,
5,Normal,3000,5,0.5,fresh_n,4,2026105704,,-1.0,6.257704449237527,False,33,inf,0.0,0.0,0.0,False,0.0,0.0056666666666666,0.99,0.0043333333333333,0.0,0.0,0.0,0.0,0.0,0,1.0,1.002004008016032,2994,1,2988,0.0039999999999999,False,0.0009679170325398,46,archived_rho_0.5_unchanged,-6.257704449237527,True,ok,
5,Normal,3000,5,0.5,fresh_n,4,2026105704,,-1.0,6.257704449237527,False,34,inf,0.0,0.0,0.0,False,0.0,0.0056666666666666,0.9903333333333332,0.004,0.0,0.0,0.0,-6.484645082293325,0.0003333333333333,1,0.9996666666666668,1.0033444816053512,2990,1,2980,0.0066666666666666,False,0.0010209169704467,46,archived_rho_0.5_unchanged,-12.742349531530852,False,ok,
5,Normal,3000,5,0.5,fresh_n,4,2026105704,,-1.0,6.257704449237527,False,35,inf,0.0,0.0,0.0,False,0.0,0.0056666666666666,0.9923333333333332,0.002,0.0,0.0,0.0,0.0,0.0,0,1.0,1.0003334444814935,2999,1,2998,0.0006666666666666,False,0.0010167080326937,46,archived_rho_0.5_unchanged,-6.257704449237527,True,ok,
5,Normal,3000,5,0.5,fresh_n,4,2026105704,,-1.0,6.257704449237527,False,36,inf,0.0,0.0,0.0,False,0.0,0.0056666666666666,0.9933333333333332,0.001,0.0,0.0,0.0,-5.214764910531681,0.0003333333333333,1,0.9996666666666668,1.001669449081803,2995,1,2990,0.0033333333333333,False,0.0010680420091375,46,archived_rho_0.5_unchanged,-11.472469359769207,False,ok,
5,Normal,3000,5,0.5,fresh_n,4,2026105704,,-1.0,6.257704449237527,False,37,inf,0.0,0.0,0.0,False,0.0,0.0056666666666666,0.994,0.0003333333333333,0.0,0.0,0.0,0.0,0.0,0,1.0,1.0006671114076051,2998,1,2996,0.0013333333333333,False,0.000993333000224,46,archived_rho_0.5_unchanged,-6.257704449237527,True,ok,
5,Normal,3000,5,0.5,fresh_n,4,2026105704,,-1.0,6.257704449237527,False,38,inf,0.0,0.0,0.0,False,0.0,0.0056666666666666,0.993,0.0013333333333333,0.0,0.0,0.0,0.0,0.0,0,1.0,1.0013351134846462,2996,1,2992,0.0026666666666666,False,0.0009580829646438,46,archived_rho_0.5_unchanged,-6.257704449237527,True,ok,
5,Normal,3000,5,0.5,fresh_n,4,2026105704,,-1.0,6.257704449237527,False,39,inf,0.0,0.0,0.0,False,0.0,0.0056666666666666,0.9923333333333332,0.002,0.0,0.0,0.0,0.0,0.0,0,1.0,1.0013351134846462,2996,1,2992,0.0026666666666666,False,0.0009583340142853,46,archived_rho_0.5_unchanged,-6.257704449237527,True,ok,
5,Normal,3000,5,0.5,fresh_n,4,2026105704,,-1.0,6.257704449237527,False,40,inf,0.0,0.0,0.0,False,0.0,0.0056666666666666,0.9936666666666668,0.0006666666666666,0.0,0.0,0.0,0.0,0.0,0,1.0,1.001001001001001,2997,1,2994,0.002,False,0.0009224170353263,46,archived_rho_0.5_unchanged,-6.257704449237527,True,ok,
5,Normal,3000,5,0.5,fresh_n,5,2026105705,,-1.0,6.257704449237527,False,1,7.08341611423913,0.995,0.995,0.993,True,0.995,0.005,0.0,0.0,0.0,0.0,0.0,7.082291173968998,1.0,3000,0.0,3000.0,1,3000,0,1.1450570139989342,False,0.0011874580522999,46,archived_rho_0.5_unchanged,0.8245867247314713,False,ok,
5,Normal,3000,5,0.5,fresh_n,5,2026105705,,-1.0,6.257704449237527,False,2,5.907613933639501,0.8556666666666667,0.8533333333333334,0.839,False,0.8556666666666667,0.005,0.0,0.0,0.1393333333333333,0.0,0.0,5.811915633371175,1.0,3000,0.0,93.75,32,13,0,1.6593487836759555,False,0.0011040829704143,46,archived_rho_0.5_unchanged,-0.44578881586635166,False,ok,
5,Normal,3000,5,0.5,fresh_n,5,2026105705,,-1.0,6.257704449237527,False,3,5.431841061291815,0.7476666666666667,0.7266666666666667,0.718,False,0.7476666666666667,0.005,0.0063333333333333,0.007,0.234,0.0,0.0,5.345377088229255,0.9916666666666668,2975,0.0083333333333333,31.91489361702128,94,1,15,1.8632065096450852,False,0.0011521250125952,46,archived_rho_0.5_unchanged,-0.9123273610082716,False,ok,
5,Normal,3000,5,0.5,fresh_n,5,2026105705,,-1.0,6.257704449237527,False,4,5.019899447172601,0.618,0.5963333333333334,0.587,False,0.618,0.005,0.0416666666666666,0.0326666666666666,0.3026666666666666,0.0,0.0,4.747780886967776,0.9443333333333334,2833,0.0556666666666666,12.71186440677966,236,1,82,2.061030674756236,False,0.0012604169896803,46,archived_rho_0.5_unchanged,-1.5099235622697504,False,ok,
5,Normal,3000,5,0.5,fresh_n,5,2026105705,,-1.0,6.257704449237527,False,5,4.465931744478715,0.4263333333333333,0.3956666666666666,0.367,False,0.4263333333333333,0.005,0.0753333333333333,0.0616666666666666,0.4316666666666666,0.0,0.0,3.9078791199672582,0.9176666666666666,2753,0.0823333333333333,7.614213197969543,394,1,154,2.536795502649409,False,0.0013861250481568,46,archived_rho_0.5_unchanged,-2.3498253292702684,False,ok,
5,Normal,3000,5,0.5,fresh_n,5,2026105705,,-1.0,6.257704449237527,False,6,3.918562610964055,0.2723333333333333,0.229,0.224,False,0.2723333333333333,0.005,0.1206666666666666,0.0876666666666666,0.5143333333333333,0.0,0.0,3.032969625508475,0.8493333333333334,2548,0.1506666666666666,4.87012987012987,616,1,260,2.7817870674927474,False,0.0015425420133396,46,archived_rho_0.5_unchanged,-3.224734823729052,False,ok,
5,Normal,3000,5,0.5,fresh_n,5,2026105705,,-1.0,6.257704449237527,False,7,3.2943661467916483,0.1453333333333333,0.0863333333333333,0.067,False,0.1453333333333333,0.005,0.207,0.1236666666666666,0.519,0.0,0.0,2.08739932538652,0.7736666666666666,2321,0.2263333333333334,3.4762456546929315,863,1,415,2.892314174665468,False,0.0015800420078448,46,archived_rho_0.5_unchanged,-4.170305123851007,False,ok,
5,Normal,3000,5,0.5,fresh_n,5,2026105705,,-1.0,6.257704449237527,False,8,2.595765220333465,0.0653333333333333,0.0196666666666666,0.007,False,0.0653333333333333,0.005,0.2806666666666667,0.1896666666666666,0.4593333333333333,0.0,0.0,1.0560368598547416,0.6526666666666666,1958,0.3473333333333334,2.5974025974025974,1155,1,606,2.815614421052335,False,0.0016537919873371,46,archived_rho_0.5_unchanged,-5.201667589382785,False,ok,
5,Normal,3000,5,0.5,fresh_n,5,2026105705,,-1.0,6.257704449237527,False,9,1.588838068051784,0.0306666666666666,0.0016666666666666,0.0,False,0.0306666666666666,0.005,0.3973333333333333,0.2073333333333333,0.3596666666666667,0.0,0.0,0.102858618963552,0.54,1620,0.4599999999999999,2.0380434782608696,1472,1,903,2.695384646133646,False,0.0016643329872749,46,archived_rho_0.5_unchanged,-6.154845830273975,False,ok,
5,Normal,3000,5,0.5,fresh_n,5,2026105705,,-1.0,6.257704449237527,False,10,0.880843477084248,0.01,0.0,0.0,False,0.01,0.005,0.505,0.2426666666666666,0.2373333333333333,0.0,0.0,-0.9774992686974509,0.4156666666666667,1247,0.5843333333333334,1.7123287671232876,1752,1,1150,2.2920340038228852,False,0.001680709014181,46,archived_rho_0.5_unchanged,-7.2352037179349775,False,ok,
5,Normal,3000,5,0.5,fresh_n,5,2026105705,,-1.0,6.257704449237527,False,11,-0.030389693775324,0.0043333333333333,0.0,0.0,False,0.0043333333333333,0.005,0.6096666666666667,0.225,0.156,0.0,0.0,-1.5642763259245906,0.309,927,0.6910000000000001,1.5075376884422111,1990,1,1411,1.9390319678000456,False,0.0016236249939538,46,archived_rho_0.5_unchanged,-7.8219807751621175,False,ok,
5,Normal,3000,5,0.5,fresh_n,5,2026105705,,-1.0,6.257704449237527,False,12,-0.3006816036200214,0.002,0.0,0.0,False,0.002,0.005,0.6863333333333334,0.223,0.0836666666666666,0.0,0.0,-2.3977330568011124,0.2126666666666666,638,0.7873333333333333,1.339883876730683,2239,1,1739,1.4651806116301165,False,0.0015325419954024,46,archived_rho_0.5_unchanged,-8.65543750603864,False,ok,
5,Normal,3000,5,0.5,fresh_n,5,2026105705,,-1.0,6.257704449237527,False,13,-0.7221005642143468,0.0013333333333333,0.0,0.0,False,0.0013333333333333,0.005,0.775,0.1666666666666666,0.052,0.0,0.0,-3.1564896030743665,0.1266666666666666,380,0.8733333333333333,1.2320328542094456,2435,1,2017,0.9978924548316954,False,0.001422791974619,46,archived_rho_0.5_unchanged,-9.414194052311894,False,ok,
5,Normal,3000,5,0.5,fresh_n,5,2026105705,,-1.0,6.257704449237527,False,14,-1.2715574486538288,0.0006666666666666,0.0,0.0,False,0.0006666666666666,0.005,0.8193333333333334,0.1446666666666666,0.0303333333333333,0.0,0.0,-3.2416886612302966,0.0763333333333333,229,0.9236666666666666,1.17096018735363,2562,1,2209,0.6813517446661141,False,0.001343292009551,46,archived_rho_0.5_unchanged,-9.499393110467823,False,ok,
5,Normal,3000,5,0.5,fresh_n,5,2026105705,,-1.0,6.257704449237527,False,15,-2.6499268536095646,0.0003333333333333,0.0,0.0,False,0.0003333333333333,0.005,0.8686666666666667,0.1103333333333333,0.0156666666666666,0.0,0.0,-4.105496646756235,0.058,174,0.942,1.1320754716981132,2650,1,2354,0.5227755963401157,False,0.0012672910233959,46,archived_rho_0.5_unchanged,-10.363201095993762,False,ok,
5,Normal,3000,5,0.5,fresh_n,5,2026105705,,-1.0,6.257704449237527,False,16,inf,0.0,0.0,0.0,False,0.0,0.005,0.9003333333333333,0.089,0.0056666666666666,0.0,0.0,-4.088816554454995,0.0303333333333333,91,0.9696666666666668,1.0877447425670776,2758,1,2544,0.3069693194766959,False,0.0011774160084314,46,archived_rho_0.5_unchanged,-10.346521003692523,False,ok,
5,Normal,3000,5,0.5,fresh_n,5,2026105705,,-1.0,6.257704449237527,False,17,inf,0.0,0.0,0.0,False,0.0,0.005,0.9243333333333332,0.0663333333333333,0.0043333333333333,0.0,0.0,-4.910133754812743,0.019,57,0.981,1.0623229461756374,2824,1,2664,0.2166910778300391,False,0.0011332919821143,46,archived_rho_0.5_unchanged,-11.16783820405027,False,ok,
5,Normal,3000,5,0.5,fresh_n,5,2026105705,,-1.0,6.257704449237527,False,18,-2.0897215788117793,0.0003333333333333,0.0,0.0,False,0.0003333333333333,0.005,0.943,0.051,0.0006666666666666,0.0,0.0,-4.544374755126096,0.0126666666666666,38,0.9873333333333332,1.0518934081346425,2852,1,2714,0.1578822053211606,False,0.0011773749720305,46,archived_rho_0.5_unchanged,-10.802079204363622,False,ok,
5,Normal,3000,5,0.5,fresh_n,5,2026105705,,-1.0,6.257704449237527,False,19,inf,0.0,0.0,0.0,False,0.0,0.005,0.954,0.0393333333333333,0.0016666666666666,0.0,0.0,-5.617174602642026,0.0066666666666666,20,0.9933333333333332,1.0366275051831375,2894,1,2792,0.0946520151234824,False,0.0011321249767206,46,archived_rho_0.5_unchanged,-11.874879051879553,False,ok,
5,Normal,3000,5,0.5,fresh_n,5,2026105705,,-1.0,6.257704449237527,False,20,inf,0.0,0.0,0.0,False,0.0,0.005,0.9636666666666668,0.03,0.0013333333333333,0.0,0.0,-4.985930378180933,0.0046666666666666,14,0.9953333333333332,1.0298661174047374,2913,1,2830,0.0817326492687113,False,0.001097334024962,46,archived_rho_0.5_unchanged,-11.243634827418461,False,ok,
5,Normal,3000,5,0.5,fresh_n,5,2026105705,,-1.0,6.257704449237527,False,21,inf,0.0,0.0,0.0,False,0.0,0.005,0.9696666666666668,0.0246666666666666,0.0006666666666666,0.0,0.0,-4.5755638548936295,0.0043333333333333,13,0.9956666666666668,1.026694045174538,2922,1,2847,0.0696638867013135,False,0.0010767079656943,46,archived_rho_0.5_unchanged,-10.833268304131156,False,ok,
5,Normal,3000,5,0.5,fresh_n,5,2026105705,,-1.0,6.257704449237527,False,22,inf,0.0,0.0,0.0,False,0.0,0.005,0.9733333333333334,0.0216666666666666,0.0,0.0,0.0,-4.931575805366926,0.0013333333333333,4,0.9986666666666668,1.0197144799456153,2942,1,2885,0.0447717058653562,False,0.0010340840090066,46,archived_rho_0.5_unchanged,-11.189280254604451,False,ok,
5,Normal,3000,5,0.5,fresh_n,5,2026105705,,-1.0,6.257704449237527,False,23,inf,0.0,0.0,0.0,False,0.0,0.005,0.982,0.013,0.0,0.0,0.0,-12.43573078738656,0.0003333333333333,1,0.9996666666666668,1.009421265141319,2972,1,2944,0.0186666666666666,False,0.0009913750109262,46,archived_rho_0.5_unchanged,-18.693435236624087,False,ok,
5,Normal,3000,5,0.5,fresh_n,5,2026105705,,-1.0,6.257704449237527,False,24,inf,0.0,0.0,0.0,False,0.0,0.005,0.9803333333333332,0.0146666666666666,0.0,0.0,0.0,-8.050934153355179,0.0013333333333333,4,0.9986666666666668,1.012829169480081,2962,1,2925,0.0326468109281913,False,0.0009674580069258,46,archived_rho_0.5_unchanged,-14.308638602592705,False,ok,
5,Normal,3000,5,0.5,fresh_n,5,2026105705,,-1.0,6.257704449237527,False,25,inf,0.0,0.0,0.0,False,0.0,0.005,0.9876666666666668,0.0073333333333333,0.0,0.0,0.0,-9.222095814223106,0.0006666666666666,2,0.9993333333333332,1.0090817356205852,2973,1,2946,0.0179999999999999,False,0.0009694580221548,46,archived_rho_0.5_unchanged,-15.479800263460632,False,ok,
5,Normal,3000,5,0.5,fresh_n,5,2026105705,,-1.0,6.257704449237527,False,26,inf,0.0,0.0,0.0,False,0.0,0.005,0.9843333333333332,0.0103333333333333,0.0003333333333333,0.0,0.0,-8.395598694556531,0.0006666666666666,2,0.9993333333333332,1.0053619302949062,2984,1,2968,0.0106666666666666,False,0.0009556669974699,46,archived_rho_0.5_unchanged,-14.653303143794059,False,ok,
5,Normal,3000,5,0.5,fresh_n,5,2026105705,,-1.0,6.257704449237527,False,27,inf,0.0,0.0,0.0,False,0.0,0.005,0.9886666666666668,0.0063333333333333,0.0,0.0,0.0,-4.355466601726503,0.0003333333333333,1,0.9996666666666668,1.0084033613445378,2975,1,2950,0.0166666666666666,False,0.0009475409751757,46,archived_rho_0.5_unchanged,-10.61317105096403,False,ok,
5,Normal,3000,5,0.5,fresh_n,5,2026105705,,-1.0,6.257704449237527,False,28,inf,0.0,0.0,0.0,False,0.0,0.005,0.9886666666666668,0.0063333333333333,0.0,0.0,0.0,-6.425486364697139,0.0013333333333333,4,0.9986666666666668,1.0056989607777405,2983,1,2966,0.0113333333333333,False,0.0009457909618504,46,archived_rho_0.5_unchanged,-12.683190813934665,False,ok,
5,Normal,3000,5,0.5,fresh_n,5,2026105705,,-1.0,6.257704449237527,False,29,inf,0.0,0.0,0.0,False,0.0,0.005,0.9896666666666668,0.0053333333333333,0.0,0.0,0.0,0.0,0.0,0,1.0,1.0063737001006374,2981,1,2962,0.0126666666666666,False,0.0009323339909315,46,archived_rho_0.5_unchanged,-6.257704449237527,True,ok,
5,Normal,3000,5,0.5,fresh_n,5,2026105705,,-1.0,6.257704449237527,False,30,inf,0.0,0.0,0.0,False,0.0,0.005,0.9916666666666668,0.0033333333333333,0.0,0.0,0.0,0.0,0.0,0,1.0,1.0030090270812435,2991,1,2982,0.006,False,0.0009227910195477,46,archived_rho_0.5_unchanged,-6.257704449237527,True,ok,
5,Normal,3000,5,0.5,fresh_n,5,2026105705,,-1.0,6.257704449237527,False,31,inf,0.0,0.0,0.0,False,0.0,0.005,0.9906666666666668,0.0043333333333333,0.0,0.0,0.0,0.0,0.0,0,1.0,1.0036801605888257,2989,1,2978,0.0073333333333333,False,0.0009324999991804,46,archived_rho_0.5_unchanged,-6.257704449237527,True,ok,
5,Normal,3000,5,0.5,fresh_n,5,2026105705,,-1.0,6.257704449237527,False,32,inf,0.0,0.0,0.0,False,0.0,0.005,0.9926666666666668,0.0023333333333333,0.0,0.0,0.0,0.0,0.0,0,1.0,1.0030090270812435,2991,1,2982,0.006,False,0.0009149999823421,46,archived_rho_0.5_unchanged,-6.257704449237527,True,ok,
5,Normal,3000,5,0.5,fresh_n,5,2026105705,,-1.0,6.257704449237527,False,33,inf,0.0,0.0,0.0,False,0.0,0.005,0.993,0.002,0.0,0.0,0.0,0.0,0.0,0,1.0,1.002673796791444,2992,1,2984,0.0053333333333333,False,0.0009110000100918,46,archived_rho_0.5_unchanged,-6.257704449237527,True,ok,
5,Normal,3000,5,0.5,fresh_n,5,2026105705,,-1.0,6.257704449237527,False,34,inf,0.0,0.0,0.0,False,0.0,0.005,0.9926666666666668,0.0023333333333333,0.0,0.0,0.0,0.0,0.0,0,1.0,1.001669449081803,2995,1,2990,0.0033333333333333,False,0.0009480830049142,46,archived_rho_0.5_unchanged,-6.257704449237527,True,ok,
5,Normal,3000,5,0.5,fresh_n,5,2026105705,,-1.0,6.257704449237527,False,35,inf,0.0,0.0,0.0,False,0.0,0.005,0.993,0.002,0.0,0.0,0.0,0.0,0.0,0,1.0,1.002338790511193,2993,1,2986,0.0046666666666666,False,0.0009380839765071,46,archived_rho_0.5_unchanged,-6.257704449237527,True,ok,
5,Normal,3000,5,0.5,fresh_n,5,2026105705,,-1.0,6.257704449237527,False,36,inf,0.0,0.0,0.0,False,0.0,0.005,0.993,0.002,0.0,0.0,0.0,0.0,0.0,0,1.0,1.001669449081803,2995,1,2990,0.0033333333333333,False,0.0012790409964509,46,archived_rho_0.5_unchanged,-6.257704449237527,True,ok,
5,Normal,3000,5,0.5,fresh_n,5,2026105705,,-1.0,6.257704449237527,False,37,inf,0.0,0.0,0.0,False,0.0,0.005,0.9916666666666668,0.0033333333333333,0.0,0.0,0.0,0.0,0.0,0,1.0,1.002673796791444,2992,1,2984,0.0053333333333333,False,0.0011664159828796,46,archived_rho_0.5_unchanged,-6.257704449237527,True,ok,
5,Normal,3000,5,0.5,fresh_n,5,2026105705,,-1.0,6.257704449237527,False,38,inf,0.0,0.0,0.0,False,0.0,0.005,0.9936666666666668,0.0013333333333333,0.0,0.0,0.0,0.0,0.0,0,1.0,1.0013351134846462,2996,1,2992,0.0026666666666666,False,0.0010684590088203,46,archived_rho_0.5_unchanged,-6.257704449237527,True,ok,
5,Normal,3000,5,0.5,fresh_n,5,2026105705,,-1.0,6.257704449237527,False,39,inf,0.0,0.0,0.0,False,0.0,0.005,0.993,0.002,0.0,0.0,0.0,-9.99785878189933,0.0006666666666666,2,0.9993333333333332,1.0040160642570282,2988,1,2976,0.0079999999999999,False,0.0010777910356409,46,archived_rho_0.5_unchanged,-16.255563231136858,False,ok,
5,Normal,3000,5,0.5,fresh_n,5,2026105705,,-1.0,6.257704449237527,False,40,inf,0.0,0.0,0.0,False,0.0,0.005,0.994,0.001,0.0,0.0,0.0,0.0,0.0,0,1.0,1.0006671114076051,2998,1,2996,0.0013333333333333,False,0.0010113749885931,46,archived_rho_0.5_unchanged,-6.257704449237527,True,ok,
5,Normal,3000,5,0.5,fresh_n,6,2026105706,,-1.0,6.257704449237527,False,1,7.088395867909773,0.995,0.995,0.993,True,0.995,0.005,0.0,0.0,0.0,0.0,0.0,7.086818723582662,1.0,3000,0.0,3000.0,1,3000,0,1.1451905468534087,False,0.0011813340242952,46,archived_rho_0.5_unchanged,0.8291142743451356,False,ok,
5,Normal,3000,5,0.5,fresh_n,6,2026105706,,-1.0,6.257704449237527,False,2,5.916890530367527,0.8603333333333333,0.8576666666666667,0.852,False,0.8603333333333333,0.005,0.0,0.0,0.1346666666666666,0.0,0.0,5.796370152277246,1.0,3000,0.0,93.75,32,17,0,1.6552049371119673,False,0.0012017079861834,46,archived_rho_0.5_unchanged,-0.4613342969602803,False,ok,
5,Normal,3000,5,0.5,fresh_n,6,2026105706,,-1.0,6.257704449237527,False,3,5.518527556422917,0.7696666666666667,0.7523333333333333,0.741,False,0.7696666666666667,0.005,0.0096666666666666,0.004,0.2116666666666666,0.0,0.0,5.3792573358105376,0.992,2976,0.008,33.70786516853933,89,1,14,1.8087587364825075,False,0.0011556660174392,46,archived_rho_0.5_unchanged,-0.8784471134269891,False,ok,
5,Normal,3000,5,0.5,fresh_n,6,2026105706,,-1.0,6.257704449237527,False,4,5.089777659125148,0.6363333333333333,0.623,0.603,False,0.6363333333333333,0.005,0.0326666666666666,0.035,0.291,0.0,0.0,4.848088365307911,0.961,2883,0.039,15.0,200,1,63,2.078580775122536,False,0.0012785830185748,46,archived_rho_0.5_unchanged,-1.409616083929616,False,ok,
5,Normal,3000,5,0.5,fresh_n,6,2026105706,,-1.0,6.257704449237527,False,5,4.567024998588233,0.4633333333333333,0.4366666666666666,0.425,False,0.4633333333333333,0.005,0.0636666666666666,0.06,0.408,0.0,0.0,4.0805772991343305,0.918,2754,0.0819999999999999,8.310249307479225,361,1,133,2.3775317223080785,False,0.0013935830211266,46,archived_rho_0.5_unchanged,-2.177127150103196,False,ok,
5,Normal,3000,5,0.5,fresh_n,6,2026105706,,-1.0,6.257704449237527,False,6,4.018394543980918,0.3113333333333333,0.2653333333333333,0.221,False,0.3113333333333333,0.005,0.1163333333333333,0.0743333333333333,0.493,0.0,0.0,3.291995655998583,0.8666666666666667,2600,0.1333333333333333,5.524861878453039,543,1,221,2.655591237951866,False,0.0015678329509682,46,archived_rho_0.5_unchanged,-2.9657087932389437,False,ok,
5,Normal,3000,5,0.5,fresh_n,6,2026105706,,-1.0,6.257704449237527,False,7,3.3908922713952725,0.173,0.124,0.108,False,0.173,0.005,0.175,0.1203333333333333,0.5266666666666666,0.0,0.0,2.3674446654904773,0.807,2421,0.1929999999999999,3.8412291933418694,781,1,377,2.9315823147075504,False,0.0015820420230738,46,archived_rho_0.5_unchanged,-3.8902597837470494,False,ok,
5,Normal,3000,5,0.5,fresh_n,6,2026105706,,-1.0,6.257704449237527,False,8,2.73038939864304,0.0953333333333333,0.04,0.028,False,0.0953333333333333,0.005,0.2616666666666666,0.1543333333333333,0.4836666666666667,0.0,0.0,1.3725348741525083,0.688,2064,0.312,2.8142589118198873,1066,1,543,2.901551490062326,False,0.0016864170320332,46,archived_rho_0.5_unchanged,-4.885169575085018,False,ok,
5,Normal,3000,5,0.5,fresh_n,6,2026105706,,-1.0,6.257704449237527,False,9,1.7641826277861583,0.039,0.0073333333333333,0.004,False,0.039,0.005,0.371,0.1976666666666666,0.3873333333333333,0.0,0.0,0.2939268869405677,0.5953333333333334,1786,0.4046666666666666,2.243829468960359,1337,1,757,2.843960202613711,False,0.0017124589649029,46,archived_rho_0.5_unchanged,-5.963777562296959,False,ok,
5,Normal,3000,5,0.5,fresh_n,6,2026105706,,-1.0,6.257704449237527,False,10,1.5326787897772525,0.012,0.0,0.0,False,0.012,0.005,0.4556666666666666,0.23,0.2973333333333333,0.0,0.0,-0.5608737762602343,0.4756666666666667,1427,0.5243333333333333,1.8359853121175032,1634,1,1038,2.599368152686038,False,0.0017020000377669,46,archived_rho_0.5_unchanged,-6.818578225497761,False,ok,
5,Normal,3000,5,0.5,fresh_n,6,2026105706,,-1.0,6.257704449237527,False,11,0.8598245693206709,0.0076666666666666,0.0,0.0,False,0.0076666666666666,0.005,0.5726666666666667,0.2253333333333333,0.1893333333333333,0.0,0.0,-1.2449522148122805,0.3263333333333333,979,0.6736666666666666,1.5487867836861124,1937,1,1366,1.9248261116118637,False,0.0016621659742668,46,archived_rho_0.5_unchanged,-7.502656664049807,False,ok,
5,Normal,3000,5,0.5,fresh_n,6,2026105706,,-1.0,6.257704449237527,False,12,-0.150326568058195,0.003,0.0,0.0,False,0.003,0.005,0.6636666666666666,0.2156666666666666,0.1126666666666666,0.0,0.0,-2.218276783646349,0.2436666666666666,731,0.7563333333333333,1.391465677179963,2156,1,1629,1.6427797620539029,False,0.0015780829708091,46,archived_rho_0.5_unchanged,-8.475981232883875,False,ok,
5,Normal,3000,5,0.5,fresh_n,6,2026105706,,-1.0,6.257704449237527,False,13,0.4548997682906088,0.0003333333333333,0.0,0.0,False,0.0003333333333333,0.005,0.7306666666666667,0.197,0.067,0.0,0.0,-2.559974207624742,0.1543333333333333,463,0.8456666666666667,1.2836970474967908,2337,1,1867,1.132552041065083,False,0.0015101670287549,46,archived_rho_0.5_unchanged,-8.817678656862268,False,ok,
5,Normal,3000,5,0.5,fresh_n,6,2026105706,,-1.0,6.257704449237527,False,14,-1.2387641924521189,0.0003333333333333,0.0,0.0,False,0.0003333333333333,0.005,0.795,0.1513333333333333,0.0483333333333333,0.0,0.0,-3.288115048728918,0.0986666666666666,296,0.9013333333333332,1.1990407673860912,2502,1,2112,0.8240851375765919,False,0.0013937500189058,46,archived_rho_0.5_unchanged,-9.545819497966445,False,ok,
5,Normal,3000,5,0.5,fresh_n,6,2026105706,,-1.0,6.257704449237527,False,15,inf,0.0,0.0,0.0,False,0.0,0.005,0.8463333333333334,0.129,0.0196666666666666,0.0,0.0,-3.4247329035868894,0.0576666666666666,173,0.9423333333333334,1.1415525114155252,2628,1,2319,0.5330789752417568,False,0.0012988750240765,46,archived_rho_0.5_unchanged,-9.682437352824415,False,ok,
5,Normal,3000,5,0.5,fresh_n,6,2026105706,,-1.0,6.257704449237527,False,16,inf,0.0,0.0,0.0,False,0.0,0.005,0.8813333333333333,0.0963333333333333,0.0173333333333333,0.0,0.0,-4.3207486295838775,0.0433333333333333,130,0.9566666666666668,1.1106997408367272,2701,1,2444,0.41802252883908,False,0.0012638340122066,46,archived_rho_0.5_unchanged,-10.578453078821404,False,ok,
5,Normal,3000,5,0.5,fresh_n,6,2026105706,,-1.0,6.257704449237527,False,17,inf,0.0,0.0,0.0,False,0.0,0.005,0.9183333333333332,0.07,0.0066666666666666,0.0,0.0,-4.583844015485558,0.0236666666666666,71,0.9763333333333334,1.085383502170767,2764,1,2551,0.2826929166061121,False,0.0011904590064659,46,archived_rho_0.5_unchanged,-10.841548464723084,False,ok,
5,Normal,3000,5,0.5,fresh_n,6,2026105706,,-1.0,6.257704449237527,False,18,inf,0.0,0.0,0.0,False,0.0,0.005,0.9316666666666666,0.0566666666666666,0.0066666666666666,0.0,0.0,-4.98589277317991,0.0143333333333333,43,0.9856666666666668,1.0634526763559022,2821,1,2655,0.2055186785377597,False,0.0011999160051345,46,archived_rho_0.5_unchanged,-11.243597222417437,False,ok,
5,Normal,3000,5,0.5,fresh_n,6,2026105706,,-1.0,6.257704449237527,False,19,inf,0.0,0.0,0.0,False,0.0,0.005,0.9486666666666668,0.045,0.0013333333333333,0.0,0.0,-5.056820978980606,0.0143333333333333,43,0.9856666666666668,1.047486033519553,2864,1,2740,0.1567921277489827,False,0.0010921250213868,46,archived_rho_0.5_unchanged,-11.314525428218133,False,ok,
5,Normal,3000,5,0.5,fresh_n,6,2026105706,,-1.0,6.257704449237527,False,20,inf,0.0,0.0,0.0,False,0.0,0.005,0.956,0.0376666666666666,0.0013333333333333,0.0,0.0,-5.3520944067154375,0.0063333333333333,19,0.9936666666666668,1.0369858278603523,2893,1,2792,0.104992780655687,False,0.0010455839801579,46,archived_rho_0.5_unchanged,-11.609798855952963,False,ok,
5,Normal,3000,5,0.5,fresh_n,6,2026105706,,-1.0,6.257704449237527,False,21,inf,0.0,0.0,0.0,False,0.0,0.005,0.9656666666666668,0.0283333333333333,0.001,0.0,0.0,-4.474137644114985,0.008,24,0.992,1.02880658436214,2916,1,2839,0.0969800104551236,False,0.0010318749700672,46,archived_rho_0.5_unchanged,-10.731842093352512,False,ok,
5,Normal,3000,5,0.5,fresh_n,6,2026105706,,-1.0,6.257704449237527,False,22,inf,0.0,0.0,0.0,False,0.0,0.005,0.9736666666666668,0.0206666666666666,0.0006666666666666,0.0,0.0,-6.153878435506965,0.003,9,0.997,1.0235414534288638,2931,1,2865,0.0648717748622221,False,0.000993333000224,46,archived_rho_0.5_unchanged,-12.411582884744492,False,ok,
5,Normal,3000,5,0.5,fresh_n,6,2026105706,,-1.0,6.257704449237527,False,23,inf,0.0,0.0,0.0,False,0.0,0.005,0.9763333333333334,0.0186666666666666,0.0,0.0,0.0,-6.800223275550516,0.0023333333333333,7,0.9976666666666668,1.01763907734057,2948,1,2898,0.049973316609714,False,0.0009762920089997,46,archived_rho_0.5_unchanged,-13.057927724788042,False,ok,
5,Normal,3000,5,0.5,fresh_n,6,2026105706,,-1.0,6.257704449237527,False,24,inf,0.0,0.0,0.0,False,0.0,0.005,0.9783333333333334,0.0163333333333333,0.0003333333333333,0.0,0.0,-8.150408695521886,0.002,6,0.998,1.0169491525423728,2950,1,2902,0.046603450061182,False,0.0009796249796636,46,archived_rho_0.5_unchanged,-14.408113144759412,False,ok,
5,Normal,3000,5,0.5,fresh_n,6,2026105706,,-1.0,6.257704449237527,False,25,inf,0.0,0.0,0.0,False,0.0,0.005,0.981,0.014,0.0,0.0,0.0,-6.195585483053434,0.0013333333333333,4,0.9986666666666668,1.0131712259371837,2961,1,2923,0.0320029773407412,False,0.0009495420381426,46,archived_rho_0.5_unchanged,-12.45328993229096,False,ok,
5,Normal,3000,5,0.5,fresh_n,6,2026105706,,-1.0,6.257704449237527,False,26,inf,0.0,0.0,0.0,False,0.0,0.005,0.9836666666666668,0.011,0.0003333333333333,0.0,0.0,-4.551571650233752,0.0003333333333333,1,0.9996666666666668,1.0097610232245036,2971,1,2942,0.0193333333333333,False,0.0009319999953731,46,archived_rho_0.5_unchanged,-10.80927609947128,False,ok,
5,Normal,3000,5,0.5,fresh_n,6,2026105706,,-1.0,6.257704449237527,False,27,inf,0.0,0.0,0.0,False,0.0,0.005,0.9876666666666668,0.0073333333333333,0.0,0.0,0.0,0.0,0.0,0,1.0,1.0070493454179257,2979,1,2958,0.0139999999999999,False,0.0009417090332135,46,archived_rho_0.5_unchanged,-6.257704449237527,True,ok,
5,Normal,3000,5,0.5,fresh_n,6,2026105706,,-1.0,6.257704449237527,False,28,inf,0.0,0.0,0.0,False,0.0,0.005,0.9876666666666668,0.0073333333333333,0.0,0.0,0.0,0.0,0.0,0,1.0,1.0063737001006374,2981,1,2962,0.0126666666666666,False,0.001007417042274,46,archived_rho_0.5_unchanged,-6.257704449237527,True,ok,
5,Normal,3000,5,0.5,fresh_n,6,2026105706,,-1.0,6.257704449237527,False,29,inf,0.0,0.0,0.0,False,0.0,0.005,0.9896666666666668,0.0053333333333333,0.0,0.0,0.0,-5.544306199669484,0.0003333333333333,1,0.9996666666666668,1.0060362173038229,2982,1,2964,0.0119999999999999,False,0.0010275829699821,46,archived_rho_0.5_unchanged,-11.802010648907011,False,ok,
5,Normal,3000,5,0.5,fresh_n,6,2026105706,,-1.0,6.257704449237527,False,30,inf,0.0,0.0,0.0,False,0.0,0.005,0.99,0.005,0.0,0.0,0.0,-2.9713506964494876,0.0003333333333333,1,0.9996666666666668,1.0050251256281406,2985,1,2970,0.0099999999999999,False,0.0009516660356894,46,archived_rho_0.5_unchanged,-9.229055145687013,False,ok,
5,Normal,3000,5,0.5,fresh_n,6,2026105706,,-1.0,6.257704449237527,False,31,inf,0.0,0.0,0.0,False,0.0,0.005,0.9893333333333332,0.0056666666666666,0.0,0.0,0.0,-5.544306199669484,0.0003333333333333,1,0.9996666666666668,1.0046885465505693,2986,1,2972,0.0093333333333333,False,0.0009312920155934,46,archived_rho_0.5_unchanged,-11.802010648907011,False,ok,
5,Normal,3000,5,0.5,fresh_n,6,2026105706,,-1.0,6.257704449237527,False,32,inf,0.0,0.0,0.0,False,0.0,0.005,0.9923333333333332,0.0026666666666666,0.0,0.0,0.0,0.0,0.0,0,1.0,1.002338790511193,2993,1,2986,0.0046666666666666,False,0.0009828339680097,46,archived_rho_0.5_unchanged,-6.257704449237527,True,ok,
5,Normal,3000,5,0.5,fresh_n,6,2026105706,,-1.0,6.257704449237527,False,33,inf,0.0,0.0,0.0,False,0.0,0.005,0.9916666666666668,0.0033333333333333,0.0,0.0,0.0,-6.187779113606744,0.0003333333333333,1,0.9996666666666668,1.002338790511193,2993,1,2986,0.0046666666666666,False,0.0010627500014379,46,archived_rho_0.5_unchanged,-12.44548356284427,False,ok,
5,Normal,3000,5,0.5,fresh_n,6,2026105706,,-1.0,6.257704449237527,False,34,inf,0.0,0.0,0.0,False,0.0,0.005,0.993,0.002,0.0,0.0,0.0,0.0,0.0,0,1.0,1.002338790511193,2993,1,2986,0.0046666666666666,False,0.0010217090020887,46,archived_rho_0.5_unchanged,-6.257704449237527,True,ok,
5,Normal,3000,5,0.5,fresh_n,6,2026105706,,-1.0,6.257704449237527,False,35,inf,0.0,0.0,0.0,False,0.0,0.005,0.994,0.001,0.0,0.0,0.0,-6.187779113606744,0.0003333333333333,1,0.9996666666666668,1.001001001001001,2997,1,2994,0.002,False,0.0009957919828593,46,archived_rho_0.5_unchanged,-12.44548356284427,False,ok,
5,Normal,3000,5,0.5,fresh_n,6,2026105706,,-1.0,6.257704449237527,False,36,inf,0.0,0.0,0.0,False,0.0,0.005,0.9933333333333332,0.0016666666666666,0.0,0.0,0.0,0.0,0.0,0,1.0,1.0040160642570282,2988,1,2976,0.008,False,0.0009809999610297,46,archived_rho_0.5_unchanged,-6.257704449237527,True,ok,
5,Normal,3000,5,0.5,fresh_n,6,2026105706,,-1.0,6.257704449237527,False,37,inf,0.0,0.0,0.0,False,0.0,0.005,0.9936666666666668,0.0013333333333333,0.0,0.0,0.0,0.0,0.0,0,1.0,1.001001001001001,2997,1,2994,0.0019999999999999,False,0.0009349579922854,46,archived_rho_0.5_unchanged,-6.257704449237527,True,ok,
5,Normal,3000,5,0.5,fresh_n,6,2026105706,,-1.0,6.257704449237527,False,38,inf,0.0,0.0,0.0,False,0.0,0.005,0.9926666666666668,0.0023333333333333,0.0,0.0,0.0,0.0,0.0,0,1.0,1.0033444816053512,2990,1,2980,0.0066666666666666,False,0.0009505409980192,46,archived_rho_0.5_unchanged,-6.257704449237527,True,ok,
5,Normal,3000,5,0.5,fresh_n,6,2026105706,,-1.0,6.257704449237527,False,39,inf,0.0,0.0,0.0,False,0.0,0.005,0.994,0.001,0.0,0.0,0.0,0.0,0.0,0,1.0,1.0003334444814935,2999,1,2998,0.0006666666666666,False,0.0009207919938489,46,archived_rho_0.5_unchanged,-6.257704449237527,True,ok,
5,Normal,3000,5,0.5,fresh_n,6,2026105706,,-1.0,6.257704449237527,False,40,inf,0.0,0.0,0.0,False,0.0,0.005,0.993,0.002,0.0,0.0,0.0,0.0,0.0,0,1.0,1.002338790511193,2993,1,2986,0.0046666666666666,False,0.0009370840271003,46,archived_rho_0.5_unchanged,-6.257704449237527,True,ok,
5,Normal,3000,5,0.5,fresh_n,7,2026105707,,-1.0,6.257704449237527,False,1,7.095572667920101,0.995,0.995,0.992,True,0.995,0.005,0.0,0.0,0.0,0.0,0.0,7.08533531323463,1.0,3000,0.0,3000.0,1,3000,0,1.1428816076019097,False,0.0012000420247204,46,archived_rho_0.5_unchanged,0.8276308639971033,False,ok,
5,Normal,3000,5,0.5,fresh_n,7,2026105707,,-1.0,6.257704449237527,False,2,5.950428131109215,0.8616666666666667,0.8616666666666667,0.838,False,0.8616666666666667,0.005,0.0,0.0,0.1333333333333333,0.0,0.0,5.822379425030968,1.0,3000,0.0,93.75,32,20,0,1.6481544982974212,False,0.0011733749997802,46,archived_rho_0.5_unchanged,-0.4353250242065583,False,ok,
5,Normal,3000,5,0.5,fresh_n,7,2026105707,,-1.0,6.257704449237527,False,3,5.493653285548872,0.7476666666666667,0.7313333333333333,0.706,False,0.7476666666666667,0.005,0.0073333333333333,0.0073333333333333,0.2326666666666666,0.0,0.0,5.31804536866827,0.991,2973,0.009,31.91489361702128,94,1,13,1.8781135100575883,False,0.0011890000314451,46,archived_rho_0.5_unchanged,-0.9396590805692568,False,ok,
5,Normal,3000,5,0.5,fresh_n,7,2026105707,,-1.0,6.257704449237527,False,4,5.038128862580621,0.609,0.5883333333333334,0.577,False,0.609,0.005,0.032,0.034,0.32,0.0,0.0,4.686574999977934,0.9523333333333334,2857,0.0476666666666666,12.658227848101266,237,1,75,2.191720864491597,False,0.0012866250472143,46,archived_rho_0.5_unchanged,-1.571129449259593,False,ok,
5,Normal,3000,5,0.5,fresh_n,7,2026105707,,-1.0,6.257704449237527,False,5,4.54667032582754,0.428,0.4036666666666667,0.389,False,0.428,0.005,0.072,0.0613333333333333,0.4336666666666666,0.0,0.0,3.8670190531274047,0.9063333333333332,2719,0.0936666666666666,7.334963325183374,409,1,144,2.507728534125004,False,0.0014257079456001,46,archived_rho_0.5_unchanged,-2.390685396110122,False,ok,
5,Normal,3000,5,0.5,fresh_n,7,2026105707,,-1.0,6.257704449237527,False,6,3.88386232010236,0.276,0.214,0.202,False,0.276,0.005,0.1303333333333333,0.0946666666666666,0.494,0.0,0.0,2.953464567126333,0.847,2541,0.153,4.838709677419355,620,1,256,2.798298031082381,False,0.0015715420013293,46,archived_rho_0.5_unchanged,-3.304239882111194,False,ok,
5,Normal,3000,5,0.5,fresh_n,7,2026105707,,-1.0,6.257704449237527,False,7,3.2149742423425383,0.1416666666666666,0.0736666666666666,0.055,False,0.1416666666666666,0.005,0.205,0.141,0.5073333333333333,0.0,0.0,2.050282661067176,0.7473333333333333,2242,0.2526666666666667,3.2967032967032965,910,1,444,2.88403306410586,False,0.001611707964912,46,archived_rho_0.5_unchanged,-4.20742178817035,False,ok,
5,Normal,3000,5,0.5,fresh_n,7,2026105707,,-1.0,6.257704449237527,False,8,2.581084318545395,0.0703333333333333,0.0263333333333333,0.023,False,0.0703333333333333,0.005,0.3043333333333333,0.184,0.4363333333333333,0.0,0.0,0.8928423407396948,0.637,1911,0.363,2.5316455696202533,1185,1,606,2.8804098539890712,False,0.0017157500260509,46,archived_rho_0.5_unchanged,-5.364862108497832,False,ok,
5,Normal,3000,5,0.5,fresh_n,7,2026105707,,-1.0,6.257704449237527,False,9,1.640776484439639,0.0273333333333333,0.002,0.001,False,0.0273333333333333,0.005,0.4066666666666667,0.2296666666666666,0.3313333333333333,0.0,0.0,-0.0252920670075291,0.5163333333333333,1549,0.4836666666666667,1.982815598149372,1513,1,925,2.6081792564243833,False,0.0016975420294329,46,archived_rho_0.5_unchanged,-6.282996516245055,False,ok,
5,Normal,3000,5,0.5,fresh_n,7,2026105707,,-1.0,6.257704449237527,False,10,0.9239591819486482,0.0103333333333333,0.0,0.0,False,0.0103333333333333,0.005,0.533,0.22,0.2316666666666666,0.0,0.0,-0.9839169271449256,0.384,1152,0.616,1.642935377875137,1826,1,1244,2.178316315653658,False,0.0016704169684089,46,archived_rho_0.5_unchanged,-7.241621376382453,False,ok,
5,Normal,3000,5,0.5,fresh_n,7,2026105707,,-1.0,6.257704449237527,False,11,-0.2299125245489908,0.0033333333333333,0.0,0.0,False,0.0033333333333333,0.005,0.6343333333333333,0.2133333333333333,0.144,0.0,0.0,-1.8812570979875216,0.2746666666666666,824,0.7253333333333334,1.4436958614051971,2078,1,1524,1.8049988085185769,False,0.0016025419463403,46,archived_rho_0.5_unchanged,-8.138961547225048,False,ok,
5,Normal,3000,5,0.5,fresh_n,7,2026105707,,-1.0,6.257704449237527,False,12,0.1874635683643538,0.0016666666666666,0.0,0.0,False,0.0016666666666666,0.005,0.715,0.1906666666666666,0.0876666666666666,0.0,0.0,-2.5943427345060592,0.1763333333333333,529,0.8236666666666667,1.2992637505413598,2309,1,1843,1.2444626401560632,False,0.0014895829954184,46,archived_rho_0.5_unchanged,-8.852047183743586,False,ok,
5,Normal,3000,5,0.5,fresh_n,7,2026105707,,-1.0,6.257704449237527,False,13,-0.0243304040829182,0.001,0.0,0.0,False,0.001,0.005,0.7856666666666666,0.1663333333333333,0.042,0.0,0.0,-3.1662787695242676,0.1186666666666666,356,0.8813333333333333,1.2325390304026294,2434,1,2006,0.9414070184812012,False,0.001420708023943,46,archived_rho_0.5_unchanged,-9.423983218761794,False,ok,
5,Normal,3000,5,0.5,fresh_n,7,2026105707,,-1.0,6.257704449237527,False,14,inf,0.0,0.0,0.0,False,0.0,0.005,0.834,0.1286666666666666,0.0323333333333333,0.0,0.0,-3.500765140101107,0.072,216,0.928,1.1565150346954511,2594,1,2269,0.6078510774519735,False,0.0014468330191448,46,archived_rho_0.5_unchanged,-9.758469589338635,False,ok,
5,Normal,3000,5,0.5,fresh_n,7,2026105707,,-1.0,6.257704449237527,False,15,inf,0.0,0.0,0.0,False,0.0,0.005,0.8836666666666667,0.095,0.0163333333333333,0.0,0.0,-4.28732432455564,0.0446666666666666,134,0.9553333333333334,1.1169024571854058,2686,1,2418,0.4267438898557967,False,0.0013225419679656,46,archived_rho_0.5_unchanged,-10.545028773793167,False,ok,
5,Normal,3000,5,0.5,fresh_n,7,2026105707,,-1.0,6.257704449237527,False,16,inf,0.0,0.0,0.0,False,0.0,0.005,0.9053333333333332,0.0776666666666666,0.012,0.0,0.0,-4.328499211840321,0.027,81,0.973,1.0857763300760044,2763,1,2552,0.2801428974264016,False,0.0012124589993618,46,archived_rho_0.5_unchanged,-10.586203661077848,False,ok,
5,Normal,3000,5,0.5,fresh_n,7,2026105707,,-1.0,6.257704449237527,False,17,inf,0.0,0.0,0.0,False,0.0,0.005,0.9296666666666666,0.061,0.0043333333333333,0.0,0.0,-5.308029210687147,0.0153333333333333,46,0.9846666666666668,1.0619469026548674,2825,1,2663,0.1906057130451551,False,0.0011702919728122,46,archived_rho_0.5_unchanged,-11.565733659924675,False,ok,
5,Normal,3000,5,0.5,fresh_n,7,2026105707,,-1.0,6.257704449237527,False,18,inf,0.0,0.0,0.0,False,0.0,0.005,0.9463333333333334,0.0456666666666666,0.003,0.0,0.0,-6.236952178799969,0.0096666666666666,29,0.9903333333333332,1.047486033519553,2864,1,2735,0.1323800794503161,False,0.0011048329761251,46,archived_rho_0.5_unchanged,-12.494656628037497,False,ok,
5,Normal,3000,5,0.5,fresh_n,7,2026105707,,-1.0,6.257704449237527,False,19,inf,0.0,0.0,0.0,False,0.0,0.005,0.9506666666666668,0.0406666666666666,0.0036666666666666,0.0,0.0,-5.951746210826305,0.0066666666666666,20,0.9933333333333332,1.0387811634349031,2888,1,2781,0.0945667682130873,False,0.0010645829606801,46,archived_rho_0.5_unchanged,-12.209450660063832,False,ok,
5,Normal,3000,5,0.5,fresh_n,7,2026105707,,-1.0,6.257704449237527,False,20,inf,0.0,0.0,0.0,False,0.0,0.005,0.9696666666666668,0.024,0.0013333333333333,0.0,0.0,-6.908342036593971,0.0073333333333333,22,0.9926666666666668,1.0309278350515465,2910,1,2826,0.0889888184443515,False,0.0010506669641472,46,archived_rho_0.5_unchanged,-13.166046485831497,False,ok,
5,Normal,3000,5,0.5,fresh_n,7,2026105707,,-1.0,6.257704449237527,False,21,inf,0.0,0.0,0.0,False,0.0,0.005,0.965,0.0283333333333333,0.0016666666666666,0.0,0.0,-6.796335729489062,0.006,18,0.994,1.0281014393420151,2918,1,2841,0.0864526815538496,False,0.0010147090069949,46,archived_rho_0.5_unchanged,-13.054040178726588,False,ok,
5,Normal,3000,5,0.5,fresh_n,7,2026105707,,-1.0,6.257704449237527,False,22,inf,0.0,0.0,0.0,False,0.0,0.005,0.9793333333333332,0.015,0.0006666666666666,0.0,0.0,-9.422228034543044,0.0013333333333333,4,0.9986666666666668,1.0141987829614605,2958,1,2916,0.0279999999999999,False,0.0009790409822016,46,archived_rho_0.5_unchanged,-15.679932483780572,False,ok,
5,Normal,3000,5,0.5,fresh_n,7,2026105707,,-1.0,6.257704449237527,False,23,inf,0.0,0.0,0.0,False,0.0,0.005,0.9806666666666668,0.013,0.0013333333333333,0.0,0.0,-7.162629154058707,0.0036666666666666,11,0.9963333333333332,1.015916017609211,2953,1,2909,0.0481567953659734,False,0.0009999580215662,46,archived_rho_0.5_unchanged,-13.420333603296234,False,ok,
5,Normal,3000,5,0.5,fresh_n,7,2026105707,,-1.0,6.257704449237527,False,24,inf,0.0,0.0,0.0,False,0.0,0.005,0.9816666666666668,0.013,0.0003333333333333,0.0,0.0,-10.961760652694991,0.0016666666666666,5,0.9983333333333332,1.0114632501685772,2966,1,2933,0.0324524007759676,False,0.0009559169993735,46,archived_rho_0.5_unchanged,-17.219465101932517,False,ok,
5,Normal,3000,5,0.5,fresh_n,7,2026105707,,-1.0,6.257704449237527,False,25,inf,0.0,0.0,0.0,False,0.0,0.005,0.987,0.008,0.0,0.0,0.0,-7.972533031608778,0.0003333333333333,1,0.9996666666666668,1.0080645161290325,2976,1,2952,0.0159999999999999,False,0.0009609169792383,46,archived_rho_0.5_unchanged,-14.230237480846306,False,ok,
5,Normal,3000,5,0.5,fresh_n,7,2026105707,,-1.0,6.257704449237527,False,26,inf,0.0,0.0,0.0,False,0.0,0.005,0.9843333333333332,0.0106666666666666,0.0,0.0,0.0,-9.462575404673428,0.0013333333333333,4,0.9986666666666668,1.0087424344317415,2974,1,2949,0.0236182895416522,False,0.000960125005804,46,archived_rho_0.5_unchanged,-15.720279853910956,False,ok,
5,Normal,3000,5,0.5,fresh_n,7,2026105707,,-1.0,6.257704449237527,False,27,inf,0.0,0.0,0.0,False,0.0,0.005,0.99,0.0046666666666666,0.0003333333333333,0.0,0.0,-8.896158057255688,0.0013333333333333,4,0.9986666666666668,1.0060362173038229,2982,1,2965,0.0189624074917022,False,0.0009517089929431,46,archived_rho_0.5_unchanged,-15.153862506493216,False,ok,
5,Normal,3000,5,0.5,fresh_n,7,2026105707,,-1.0,6.257704449237527,False,28,inf,0.0,0.0,0.0,False,0.0,0.005,0.9873333333333332,0.0076666666666666,0.0,0.0,0.0,-17.954299780601648,0.0003333333333333,1,0.9996666666666668,1.0070493454179257,2979,1,2958,0.0139999999999999,False,0.0009582089842297,46,archived_rho_0.5_unchanged,-24.212004229839174,False,ok,
5,Normal,3000,5,0.5,fresh_n,7,2026105707,,-1.0,6.257704449237527,False,29,inf,0.0,0.0,0.0,False,0.0,0.005,0.989,0.006,0.0,0.0,0.0,-2.7543603555089664,0.0003333333333333,1,0.9996666666666668,1.0033444816053512,2990,1,2980,0.0066666666666666,False,0.0009371659834869,46,archived_rho_0.5_unchanged,-9.012064804746494,False,ok,
5,Normal,3000,5,0.5,fresh_n,7,2026105707,,-1.0,6.257704449237527,False,30,inf,0.0,0.0,0.0,False,0.0,0.005,0.991,0.004,0.0,0.0,0.0,-8.85920753641272,0.0003333333333333,1,0.9996666666666668,1.0046885465505693,2986,1,2972,0.0093333333333333,False,0.0009279170189984,46,archived_rho_0.5_unchanged,-15.116911985650248,False,ok,
5,Normal,3000,5,0.5,fresh_n,7,2026105707,,-1.0,6.257704449237527,False,31,inf,0.0,0.0,0.0,False,0.0,0.005,0.9906666666666668,0.0043333333333333,0.0,0.0,0.0,-17.954299780601648,0.0003333333333333,1,0.9996666666666668,1.002004008016032,2994,1,2988,0.004,False,0.0009257920319214,46,archived_rho_0.5_unchanged,-24.212004229839174,False,ok,
5,Normal,3000,5,0.5,fresh_n,7,2026105707,,-1.0,6.257704449237527,False,32,inf,0.0,0.0,0.0,False,0.0,0.005,0.9923333333333332,0.0023333333333333,0.0003333333333333,0.0,0.0,-10.185811188711597,0.0013333333333333,4,0.9986666666666668,1.0033444816053512,2990,1,2981,0.0126546031190404,False,0.0009184160153381,46,archived_rho_0.5_unchanged,-16.443515637949123,False,ok,
5,Normal,3000,5,0.5,fresh_n,7,2026105707,,-1.0,6.257704449237527,False,33,inf,0.0,0.0,0.0,False,0.0,0.005,0.9913333333333332,0.0036666666666666,0.0,0.0,0.0,-8.62086924089674,0.001,3,0.999,1.001669449081803,2995,1,2991,0.0075425974048041,False,0.0009112500119954,46,archived_rho_0.5_unchanged,-14.878573690134267,False,ok,
5,Normal,3000,5,0.5,fresh_n,7,2026105707,,-1.0,6.257704449237527,False,34,inf,0.0,0.0,0.0,False,0.0,0.005,0.993,0.002,0.0,0.0,0.0,-17.954299780601648,0.0003333333333333,1,0.9996666666666668,1.0030090270812435,2991,1,2982,0.006,False,0.0010052089928649,46,archived_rho_0.5_unchanged,-24.212004229839174,False,ok,
5,Normal,3000,5,0.5,fresh_n,7,2026105707,,-1.0,6.257704449237527,False,35,inf,0.0,0.0,0.0,False,0.0,0.005,0.9926666666666668,0.0023333333333333,0.0,0.0,0.0,0.0,0.0,0,1.0,1.0003334444814935,2999,1,2998,0.0006666666666666,False,0.0010175409843213,46,archived_rho_0.5_unchanged,-6.257704449237527,True,ok,
5,Normal,3000,5,0.5,fresh_n,7,2026105707,,-1.0,6.257704449237527,False,36,inf,0.0,0.0,0.0,False,0.0,0.005,0.994,0.001,0.0,0.0,0.0,-17.954299780601648,0.0003333333333333,1,0.9996666666666668,1.002338790511193,2993,1,2986,0.0046666666666666,False,0.0009987090015783,46,archived_rho_0.5_unchanged,-24.212004229839174,False,ok,
5,Normal,3000,5,0.5,fresh_n,7,2026105707,,-1.0,6.257704449237527,False,37,inf,0.0,0.0,0.0,False,0.0,0.005,0.9943333333333332,0.0006666666666666,0.0,0.0,0.0,0.0,0.0,0,1.0,1.001001001001001,2997,1,2994,0.0019999999999999,False,0.0009892910020425,46,archived_rho_0.5_unchanged,-6.257704449237527,True,ok,
5,Normal,3000,5,0.5,fresh_n,7,2026105707,,-1.0,6.257704449237527,False,38,inf,0.0,0.0,0.0,False,0.0,0.005,0.9943333333333332,0.0006666666666666,0.0,0.0,0.0,0.0,0.0,0,1.0,1.001001001001001,2997,1,2994,0.0019999999999999,False,0.0009617090108804,46,archived_rho_0.5_unchanged,-6.257704449237527,True,ok,
5,Normal,3000,5,0.5,fresh_n,7,2026105707,,-1.0,6.257704449237527,False,39,inf,0.0,0.0,0.0,False,0.0,0.005,0.9923333333333332,0.0026666666666666,0.0,0.0,0.0,-17.954299780601648,0.0003333333333333,1,0.9996666666666668,1.002338790511193,2993,1,2986,0.0046666666666666,False,0.0009562920313328,46,archived_rho_0.5_unchanged,-24.212004229839174,False,ok,
5,Normal,3000,5,0.5,fresh_n,7,2026105707,,-1.0,6.257704449237527,False,40,inf,0.0,0.0,0.0,False,0.0,0.005,0.993,0.002,0.0,0.0,0.0,-17.954299780601648,0.0003333333333333,1,0.9996666666666668,1.0006671114076051,2998,1,2996,0.0013333333333333,False,0.0009267500136047,46,archived_rho_0.5_unchanged,-24.212004229839174,False,ok,
5,Normal,3000,5,0.5,fresh_n,8,2026105708,,-1.0,6.257704449237527,False,1,7.082583377953769,0.9943333333333332,0.9943333333333332,0.989,True,0.9943333333333332,0.0056666666666666,0.0,0.0,0.0,0.0,0.0,7.084419721332044,1.0,3000,0.0,3000.0,1,3000,0,1.1465211529895023,False,0.0012184580555185,46,archived_rho_0.5_unchanged,0.8267152720945177,False,ok,
5,Normal,3000,5,0.5,fresh_n,8,2026105708,,-1.0,6.257704449237527,False,2,5.952294070578159,0.8553333333333333,0.855,0.837,False,0.8553333333333333,0.0056666666666666,0.0,0.0,0.139,0.0,0.0,5.814962537982011,1.0,3000,0.0,93.75,32,12,0,1.634131507917746,False,0.0011358329793438,46,archived_rho_0.5_unchanged,-0.4427419112555153,False,ok,
5,Normal,3000,5,0.5,fresh_n,8,2026105708,,-1.0,6.257704449237527,False,3,5.585679912803709,0.7676666666666667,0.754,0.737,False,0.7676666666666667,0.0056666666666666,0.0086666666666666,0.0066666666666666,0.2113333333333333,0.0,0.0,5.458740227549137,0.99,2970,0.01,32.967032967032964,91,1,16,1.8075232691246836,False,0.0011393330059945,46,archived_rho_0.5_unchanged,-0.7989642216883901,False,ok,
5,Normal,3000,5,0.5,fresh_n,8,2026105708,,-1.0,6.257704449237527,False,4,5.14615849832728,0.6183333333333333,0.6056666666666667,0.573,False,0.6183333333333333,0.0056666666666666,0.0303333333333333,0.0313333333333333,0.3143333333333333,0.0,0.0,4.796471964656774,0.9606666666666668,2882,0.0393333333333333,14.563106796116504,206,1,60,2.082374531233805,False,0.0012857910478487,46,archived_rho_0.5_unchanged,-1.4612324845807523,False,ok,
5,Normal,3000,5,0.5,fresh_n,8,2026105708,,-1.0,6.257704449237527,False,5,4.563758394126024,0.4533333333333333,0.4266666666666667,0.408,False,0.4533333333333333,0.0056666666666666,0.075,0.0536666666666666,0.4123333333333333,0.0,0.0,4.108706929585826,0.906,2718,0.0939999999999999,8.108108108108109,370,1,127,2.358139420117462,False,0.0013661669800058,46,archived_rho_0.5_unchanged,-2.148997519651701,False,ok,
5,Normal,3000,5,0.5,fresh_n,8,2026105708,,-1.0,6.257704449237527,False,6,4.092529976818321,0.2836666666666667,0.2396666666666666,0.191,False,0.2836666666666667,0.0056666666666666,0.113,0.091,0.5066666666666667,0.0,0.0,3.29897415320816,0.861,2583,0.139,5.2631578947368425,570,1,244,2.657556262522829,False,0.0014749999972991,46,archived_rho_0.5_unchanged,-2.958730296029367,False,ok,
5,Normal,3000,5,0.5,fresh_n,8,2026105708,,-1.0,6.257704449237527,False,7,3.4742179178819503,0.1676666666666666,0.1123333333333333,0.098,False,0.1676666666666666,0.0056666666666666,0.1943333333333333,0.132,0.5003333333333333,0.0,0.0,2.2464991705894586,0.7843333333333333,2353,0.2156666666666666,3.6540803897685743,821,1,389,2.8648087651394714,False,0.001559458032716,46,archived_rho_0.5_unchanged,-4.0112052786480685,False,ok,
5,Normal,3000,5,0.5,fresh_n,8,2026105708,,-1.0,6.257704449237527,False,8,2.926215703363907,0.0833333333333333,0.0393333333333333,0.025,False,0.0833333333333333,0.0056666666666666,0.271,0.176,0.464,0.0,0.0,1.2702039456509622,0.674,2022,0.3259999999999999,2.6737967914438503,1122,1,599,2.914863916604539,False,0.0016135409823618,46,archived_rho_0.5_unchanged,-4.987500503586564,False,ok,
5,Normal,3000,5,0.5,fresh_n,8,2026105708,,-1.0,6.257704449237527,False,9,2.2320696246548803,0.0376666666666666,0.0063333333333333,0.003,False,0.0376666666666666,0.0056666666666666,0.384,0.2053333333333333,0.3673333333333333,0.0,0.0,0.2950887204163989,0.5713333333333334,1714,0.4286666666666666,2.1291696238466997,1409,1,840,2.7817577796871005,False,0.0016785410116426,46,archived_rho_0.5_unchanged,-5.9626157288211274,False,ok,
5,Normal,3000,5,0.5,fresh_n,8,2026105708,,-1.0,6.257704449237527,False,10,1.0967128511238748,0.0153333333333333,0.0,0.0,False,0.0153333333333333,0.0056666666666666,0.483,0.2146666666666666,0.2813333333333333,0.0,0.0,-0.6267602000318316,0.429,1287,0.571,1.7361111111111112,1728,1,1144,2.3651446345742713,False,0.0016561250085942,46,archived_rho_0.5_unchanged,-6.884464649269359,False,ok,
5,Normal,3000,5,0.5,fresh_n,8,2026105708,,-1.0,6.257704449237527,False,11,0.9836265077945692,0.007,0.0,0.0,False,0.007,0.0056666666666666,0.586,0.228,0.1733333333333333,0.0,0.0,-1.2629542689497846,0.3273333333333333,982,0.6726666666666667,1.545595054095827,1941,1,1362,1.9394563455952856,False,0.0016382089816033,46,archived_rho_0.5_unchanged,-7.5206587181873115,False,ok,
5,Normal,3000,5,0.5,fresh_n,8,2026105708,,-1.0,6.257704449237527,False,12,-0.672547947984329,0.002,0.0,0.0,False,0.002,0.0056666666666666,0.6643333333333333,0.2286666666666666,0.0993333333333333,0.0,0.0,-2.326055580519553,0.2266666666666666,680,0.7733333333333333,1.3556258472661546,2213,1,1708,1.5413385533099386,False,0.0016170419985428,46,archived_rho_0.5_unchanged,-8.58376002975708,False,ok,
5,Normal,3000,5,0.5,fresh_n,8,2026105708,,-1.0,6.257704449237527,False,13,-1.4132512937826245,0.0003333333333333,0.0,0.0,False,0.0003333333333333,0.0056666666666666,0.7556666666666667,0.1773333333333333,0.061,0.0,0.0,-2.802738691370695,0.137,411,0.863,1.2615643397813288,2378,1,1915,1.059325724469066,False,0.0014420000370591,46,archived_rho_0.5_unchanged,-9.060443140608221,False,ok,
5,Normal,3000,5,0.5,fresh_n,8,2026105708,,-1.0,6.257704449237527,False,14,-0.6744405039484993,0.0003333333333333,0.0,0.0,False,0.0003333333333333,0.0056666666666666,0.816,0.1436666666666666,0.0343333333333333,0.0,0.0,-3.5900801394801247,0.0896666666666666,269,0.9103333333333332,1.1778563015312131,2547,1,2188,0.7601198892623334,False,0.0013440829934552,46,archived_rho_0.5_unchanged,-9.847784588717651,False,ok,
5,Normal,3000,5,0.5,fresh_n,8,2026105708,,-1.0,6.257704449237527,False,15,inf,0.0,0.0,0.0,False,0.0,0.0056666666666666,0.8516666666666667,0.1183333333333333,0.0243333333333333,0.0,0.0,-3.4034947406750424,0.058,174,0.942,1.1355034065102196,2642,1,2345,0.5313021290892352,False,0.0012700000079348,46,archived_rho_0.5_unchanged,-9.661199189912569,False,ok,
5,Normal,3000,5,0.5,fresh_n,8,2026105708,,-1.0,6.257704449237527,False,16,inf,0.0,0.0,0.0,False,0.0,0.0056666666666666,0.8966666666666666,0.086,0.0116666666666666,0.0,0.0,-4.036088114927491,0.0386666666666666,116,0.9613333333333334,1.1021307861866274,2722,1,2479,0.3725897776733708,False,0.0012115409481339,46,archived_rho_0.5_unchanged,-10.293792564165017,False,ok,
5,Normal,3000,5,0.5,fresh_n,8,2026105708,,-1.0,6.257704449237527,False,17,inf,0.0,0.0,0.0,False,0.0,0.0056666666666666,0.9183333333333332,0.0703333333333333,0.0056666666666666,0.0,0.0,-3.7125554426298097,0.021,63,0.979,1.0718113612004287,2799,1,2616,0.2416994153968577,False,0.0011237080325372,46,archived_rho_0.5_unchanged,-9.970259891867336,False,ok,
5,Normal,3000,5,0.5,fresh_n,8,2026105708,,-1.0,6.257704449237527,False,18,inf,0.0,0.0,0.0,False,0.0,0.0056666666666666,0.9406666666666668,0.0486666666666666,0.005,0.0,0.0,-5.479233585360896,0.0113333333333333,34,0.9886666666666668,1.054481546572935,2845,1,2699,0.157627641749701,False,0.0010872089769691,46,archived_rho_0.5_unchanged,-11.736938034598424,False,ok,
5,Normal,3000,5,0.5,fresh_n,8,2026105708,,-1.0,6.257704449237527,False,19,inf,0.0,0.0,0.0,False,0.0,0.0056666666666666,0.9456666666666668,0.0456666666666666,0.003,0.0,0.0,-4.4367689661538945,0.0116666666666666,35,0.9883333333333332,1.0445682451253482,2872,1,2754,0.1376840766672135,False,0.0010569579899311,46,archived_rho_0.5_unchanged,-10.694473415391421,False,ok,
5,Normal,3000,5,0.5,fresh_n,8,2026105708,,-1.0,6.257704449237527,False,20,inf,0.0,0.0,0.0,False,0.0,0.0056666666666666,0.9543333333333334,0.038,0.002,0.0,0.0,-5.157573321721527,0.0086666666666666,26,0.9913333333333332,1.0344827586206895,2900,1,2807,0.1048618439222115,False,0.0010164999985136,46,archived_rho_0.5_unchanged,-11.415277770959054,False,ok,
5,Normal,3000,5,0.5,fresh_n,8,2026105708,,-1.0,6.257704449237527,False,21,inf,0.0,0.0,0.0,False,0.0,0.0056666666666666,0.962,0.0316666666666666,0.0006666666666666,0.0,0.0,-5.456988570440257,0.004,12,0.996,1.0273972602739727,2920,1,2842,0.0654390670884903,False,0.0010106660192832,46,archived_rho_0.5_unchanged,-11.714693019677783,False,ok,
5,Normal,3000,5,0.5,fresh_n,8,2026105708,,-1.0,6.257704449237527,False,22,inf,0.0,0.0,0.0,False,0.0,0.0056666666666666,0.9713333333333334,0.0223333333333333,0.0006666666666666,0.0,0.0,-4.787535267156304,0.0013333333333333,4,0.9986666666666668,1.0186757215619695,2945,1,2890,0.0366666666666666,False,0.0009643340017646,46,archived_rho_0.5_unchanged,-11.04523971639383,False,ok,
5,Normal,3000,5,0.5,fresh_n,8,2026105708,,-1.0,6.257704449237527,False,23,inf,0.0,0.0,0.0,False,0.0,0.0056666666666666,0.9756666666666668,0.018,0.0006666666666666,0.0,0.0,-6.327288062664502,0.0036666666666666,11,0.9963333333333332,1.0166045408336155,2951,1,2905,0.0450886200871187,False,0.0009595829760655,46,archived_rho_0.5_unchanged,-12.58499251190203,False,ok,
5,Normal,3000,5,0.5,fresh_n,8,2026105708,,-1.0,6.257704449237527,False,24,inf,0.0,0.0,0.0,False,0.0,0.0056666666666666,0.9776666666666668,0.0166666666666666,0.0,0.0,0.0,-5.895002223780963,0.001,3,0.999,1.0121457489878545,2964,1,2928,0.0239999999999999,False,0.0009649170096963,46,archived_rho_0.5_unchanged,-12.15270667301849,False,ok,
5,Normal,3000,5,0.5,fresh_n,8,2026105708,,-1.0,6.257704449237527,False,25,inf,0.0,0.0,0.0,False,0.0,0.0056666666666666,0.983,0.0113333333333333,0.0,0.0,0.0,-4.927180325764857,0.0026666666666666,8,0.9973333333333332,1.0135135135135136,2960,1,2921,0.0322946421075245,False,0.0009481669985689,46,archived_rho_0.5_unchanged,-11.184884775002384,False,ok,
5,Normal,3000,5,0.5,fresh_n,8,2026105708,,-1.0,6.257704449237527,False,26,inf,0.0,0.0,0.0,False,0.0,0.0056666666666666,0.9856666666666668,0.0086666666666666,0.0,0.0,0.0,-7.35652486230585,0.001,3,0.999,1.0056989607777405,2983,1,2966,0.0113333333333333,False,0.0009367080056108,46,archived_rho_0.5_unchanged,-13.614229311543376,False,ok,
5,Normal,3000,5,0.5,fresh_n,8,2026105708,,-1.0,6.257704449237527,False,27,inf,0.0,0.0,0.0,False,0.0,0.0056666666666666,0.9856666666666668,0.0086666666666666,0.0,0.0,0.0,-7.002824319943446,0.0003333333333333,1,0.9996666666666668,1.0087424344317415,2974,1,2948,0.0173333333333333,False,0.0009542080224491,46,archived_rho_0.5_unchanged,-13.260528769180972,False,ok,
5,Normal,3000,5,0.5,fresh_n,8,2026105708,,-1.0,6.257704449237527,False,28,inf,0.0,0.0,0.0,False,0.0,0.0056666666666666,0.9873333333333332,0.0066666666666666,0.0003333333333333,0.0,0.0,-6.709045268505634,0.0023333333333333,7,0.9976666666666668,1.0056989607777405,2983,1,2968,0.0237311404832638,False,0.0009272499592043,46,archived_rho_0.5_unchanged,-12.966749717743161,False,ok,
5,Normal,3000,5,0.5,fresh_n,8,2026105708,,-1.0,6.257704449237527,False,29,inf,0.0,0.0,0.0,False,0.0,0.0056666666666666,0.987,0.0073333333333333,0.0,0.0,0.0,-7.778621862580874,0.0006666666666666,2,0.9993333333333332,1.0053619302949062,2984,1,2968,0.0106666666666666,False,0.0009265419794246,46,archived_rho_0.5_unchanged,-14.0363263118184,False,ok,
5,Normal,3000,5,0.5,fresh_n,8,2026105708,,-1.0,6.257704449237527,False,30,inf,0.0,0.0,0.0,False,0.0,0.0056666666666666,0.9883333333333332,0.006,0.0,0.0,0.0,-4.329639994805157,0.001,3,0.999,1.004352192835621,2987,1,2974,0.0086666666666666,False,0.000927333952859,46,archived_rho_0.5_unchanged,-10.587344444042683,False,ok,
5,Normal,3000,5,0.5,fresh_n,8,2026105708,,-1.0,6.257704449237527,False,31,inf,0.0,0.0,0.0,False,0.0,0.0056666666666666,0.9903333333333332,0.004,0.0,0.0,0.0,-8.985888200978852,0.0006666666666666,2,0.9993333333333332,1.0033444816053512,2990,1,2980,0.0066666666666666,False,0.0009082499891519,46,archived_rho_0.5_unchanged,-15.243592650216378,False,ok,
5,Normal,3000,5,0.5,fresh_n,8,2026105708,,-1.0,6.257704449237527,False,32,inf,0.0,0.0,0.0,False,0.0,0.0056666666666666,0.9913333333333332,0.003,0.0,0.0,0.0,0.0,0.0,0,1.0,1.0030090270812435,2991,1,2982,0.0059999999999999,False,0.0009119169553741,46,archived_rho_0.5_unchanged,-6.257704449237527,True,ok,
5,Normal,3000,5,0.5,fresh_n,8,2026105708,,-1.0,6.257704449237527,False,33,inf,0.0,0.0,0.0,False,0.0,0.0056666666666666,0.9906666666666668,0.0036666666666666,0.0,0.0,0.0,-7.533375133487052,0.0006666666666666,2,0.9993333333333332,1.0030090270812435,2991,1,2982,0.006,False,0.0009089169907383,46,archived_rho_0.5_unchanged,-13.791079582724578,False,ok,
5,Normal,3000,5,0.5,fresh_n,8,2026105708,,-1.0,6.257704449237527,False,34,inf,0.0,0.0,0.0,False,0.0,0.0056666666666666,0.9903333333333332,0.004,0.0,0.0,0.0,0.0,0.0,0,1.0,1.0036801605888257,2989,1,2978,0.0073333333333333,False,0.0009017920237965,46,archived_rho_0.5_unchanged,-6.257704449237527,True,ok,
5,Normal,3000,5,0.5,fresh_n,8,2026105708,,-1.0,6.257704449237527,False,35,inf,0.0,0.0,0.0,False,0.0,0.0056666666666666,0.9933333333333332,0.001,0.0,0.0,0.0,-8.307803151406652,0.0003333333333333,1,0.9996666666666668,1.0013351134846462,2996,1,2992,0.0026666666666666,False,0.0009123329655267,46,archived_rho_0.5_unchanged,-14.565507600644178,False,ok,
5,Normal,3000,5,0.5,fresh_n,8,2026105708,,-1.0,6.257704449237527,False,36,inf,0.0,0.0,0.0,False,0.0,0.0056666666666666,0.9926666666666668,0.0016666666666666,0.0,0.0,0.0,0.0,0.0,0,1.0,1.002004008016032,2994,1,2988,0.0039999999999999,False,0.0008963330183178,46,archived_rho_0.5_unchanged,-6.257704449237527,True,ok,
5,Normal,3000,5,0.5,fresh_n,8,2026105708,,-1.0,6.257704449237527,False,37,inf,0.0,0.0,0.0,False,0.0,0.0056666666666666,0.9913333333333332,0.003,0.0,0.0,0.0,0.0,0.0,0,1.0,1.001001001001001,2997,1,2994,0.002,False,0.0009048330248333,46,archived_rho_0.5_unchanged,-6.257704449237527,True,ok,
5,Normal,3000,5,0.5,fresh_n,8,2026105708,,-1.0,6.257704449237527,False,38,inf,0.0,0.0,0.0,False,0.0,0.0056666666666666,0.993,0.0013333333333333,0.0,0.0,0.0,0.0,0.0,0,1.0,1.0006671114076051,2998,1,2996,0.0013333333333333,False,0.0009148750104941,46,archived_rho_0.5_unchanged,-6.257704449237527,True,ok,
5,Normal,3000,5,0.5,fresh_n,8,2026105708,,-1.0,6.257704449237527,False,39,inf,0.0,0.0,0.0,False,0.0,0.0056666666666666,0.9936666666666668,0.0006666666666666,0.0,0.0,0.0,0.0,0.0,0,1.0,1.0003334444814935,2999,1,2998,0.0006666666666666,False,0.0008908750023692,46,archived_rho_0.5_unchanged,-6.257704449237527,True,ok,
5,Normal,3000,5,0.5,fresh_n,8,2026105708,,-1.0,6.257704449237527,False,40,inf,0.0,0.0,0.0,False,0.0,0.0056666666666666,0.992,0.0023333333333333,0.0,0.0,0.0,0.0,0.0,0,1.0,1.0006671114076051,2998,1,2996,0.0013333333333333,False,0.0008900419925339,46,archived_rho_0.5_unchanged,-6.257704449237527,True,ok,
5,Normal,3000,5,0.5,fresh_n,9,2026105709,,-1.0,6.257704449237527,False,1,7.063883629784398,0.9956666666666668,0.9956666666666668,0.992,True,0.9956666666666668,0.0043333333333333,0.0,0.0,0.0,0.0,0.0,7.0474943430567585,1.0,3000,0.0,3000.0,1,3000,0,1.141712530831499,False,0.0011815000325441,46,archived_rho_0.5_unchanged,0.7897898938192318,False,ok,
5,Normal,3000,5,0.5,fresh_n,9,2026105709,,-1.0,6.257704449237527,False,2,5.961448184248227,0.8656666666666667,0.8656666666666667,0.86,False,0.8656666666666667,0.0043333333333333,0.0,0.0,0.13,0.0,0.0,5.828076160029416,1.0,3000,0.0,93.75,32,19,0,1.6565059306942151,False,0.0011904170387424,46,archived_rho_0.5_unchanged,-0.4296282892081109,False,ok,
5,Normal,3000,5,0.5,fresh_n,9,2026105709,,-1.0,6.257704449237527,False,3,5.476147339642457,0.7383333333333333,0.7193333333333334,0.706,False,0.7383333333333333,0.0043333333333333,0.008,0.007,0.2423333333333333,0.0,0.0,5.353372494165045,0.992,2976,0.008,30.927835051546392,97,1,19,1.8519862303322403,False,0.0011831669835373,46,archived_rho_0.5_unchanged,-0.9043319550724815,False,ok,
5,Normal,3000,5,0.5,fresh_n,9,2026105709,,-1.0,6.257704449237527,False,4,5.022770135764,0.5926666666666667,0.5753333333333334,0.56,False,0.5926666666666667,0.0043333333333333,0.0393333333333333,0.0413333333333333,0.3223333333333333,0.0,0.0,4.605332573032171,0.9446666666666668,2834,0.0553333333333333,11.811023622047244,254,1,78,2.1845111410145073,False,0.0013084999518468,46,archived_rho_0.5_unchanged,-1.6523718762053559,False,ok,
5,Normal,3000,5,0.5,fresh_n,9,2026105709,,-1.0,6.257704449237527,False,5,4.520583688727242,0.43,0.4016666666666666,0.39,False,0.43,0.0043333333333333,0.0783333333333333,0.0716666666666666,0.4156666666666667,0.0,0.0,3.796239527288145,0.9046666666666666,2714,0.0953333333333333,7.109004739336493,422,1,154,2.533834724364274,False,0.001397416985128,46,archived_rho_0.5_unchanged,-2.4614649219493816,False,ok,
5,Normal,3000,5,0.5,fresh_n,9,2026105709,,-1.0,6.257704449237527,False,6,3.76274058372904,0.2313333333333333,0.174,0.15,False,0.2313333333333333,0.0043333333333333,0.122,0.1153333333333333,0.527,0.0,0.0,2.9268484588171217,0.8336666666666667,2501,0.1663333333333333,4.5592705167173255,658,1,277,2.8359426868186155,False,0.0015175419976003,46,archived_rho_0.5_unchanged,-3.330855990420405,False,ok,
5,Normal,3000,5,0.5,fresh_n,9,2026105709,,-1.0,6.257704449237527,False,7,3.1248886140722663,0.1333333333333333,0.069,0.051,False,0.1333333333333333,0.0043333333333333,0.219,0.1353333333333333,0.508,0.0,0.0,1.8242954584245203,0.735,2205,0.265,3.171247357293869,946,1,464,2.91482493509225,False,0.0015890839858911,46,archived_rho_0.5_unchanged,-4.433408990813007,False,ok,
5,Normal,3000,5,0.5,fresh_n,9,2026105709,,-1.0,6.257704449237527,False,8,2.512096531186999,0.0586666666666666,0.0233333333333333,0.019,False,0.0586666666666666,0.0043333333333333,0.334,0.1906666666666666,0.4123333333333333,0.0,0.0,0.6541103043612518,0.6076666666666667,1823,0.3923333333333333,2.2970903522205206,1306,1,746,2.8645309887468104,False,0.0016529169515706,46,archived_rho_0.5_unchanged,-5.603594144876275,False,ok,
5,Normal,3000,5,0.5,fresh_n,9,2026105709,,-1.0,6.257704449237527,False,9,1.4757860891167327,0.0243333333333333,0.002,0.0,False,0.0243333333333333,0.0043333333333333,0.4186666666666667,0.2176666666666666,0.335,0.0,0.0,-0.1688851830053344,0.4833333333333333,1450,0.5166666666666666,1.8691588785046729,1605,1,1033,2.522238843862753,False,0.0016831249813549,46,archived_rho_0.5_unchanged,-6.426589632242861,False,ok,
5,Normal,3000,5,0.5,fresh_n,9,2026105709,,-1.0,6.257704449237527,False,10,0.8933189283061143,0.0083333333333333,0.0,0.0,False,0.0083333333333333,0.0043333333333333,0.5383333333333333,0.2366666666666666,0.2123333333333333,0.0,0.0,-1.1803516596028067,0.3633333333333333,1090,0.6366666666666667,1.5881418740074114,1889,1,1311,2.156541358398897,False,0.0016326250042766,46,archived_rho_0.5_unchanged,-7.438056108840334,False,ok,
5,Normal,3000,5,0.5,fresh_n,9,2026105709,,-1.0,6.257704449237527,False,11,-0.4760882720499168,0.0036666666666666,0.0,0.0,False,0.0036666666666666,0.0043333333333333,0.6533333333333333,0.207,0.1316666666666666,0.0,0.0,-2.0477541882564254,0.2546666666666666,764,0.7453333333333334,1.411764705882353,2125,1,1591,1.7043806249921891,False,0.0015778330271132,46,archived_rho_0.5_unchanged,-8.305458637493953,False,ok,
5,Normal,3000,5,0.5,fresh_n,9,2026105709,,-1.0,6.257704449237527,False,12,-0.1205494263159739,0.0016666666666666,0.0,0.0,False,0.0016666666666666,0.0043333333333333,0.718,0.1953333333333333,0.0806666666666666,0.0,0.0,-2.713380295102224,0.17,510,0.83,1.2733446519524618,2356,1,1918,1.242686618009357,False,0.0014408329734578,46,archived_rho_0.5_unchanged,-8.97108474433975,False,ok,
5,Normal,3000,5,0.5,fresh_n,9,2026105709,,-1.0,6.257704449237527,False,13,0.3635838165857198,0.0003333333333333,0.0,0.0,False,0.0003333333333333,0.0043333333333333,0.8053333333333333,0.1486666666666666,0.0413333333333333,0.0,0.0,-3.3292468694916133,0.097,291,0.903,1.1961722488038278,2508,1,2120,0.8135648996910161,False,0.0013908749679103,46,archived_rho_0.5_unchanged,-9.58695131872914,False,ok,
5,Normal,3000,5,0.5,fresh_n,9,2026105709,,-1.0,6.257704449237527,False,14,inf,0.0,0.0,0.0,False,0.0,0.0043333333333333,0.8303333333333334,0.136,0.0293333333333333,0.0,0.0,-3.398558813418298,0.0496666666666666,149,0.9503333333333334,1.1424219345011424,2626,1,2306,0.4820024577212971,False,0.0012949999654665,46,archived_rho_0.5_unchanged,-9.656263262655825,False,ok,
5,Normal,3000,5,0.5,fresh_n,9,2026105709,,-1.0,6.257704449237527,False,15,inf,0.0,0.0,0.0,False,0.0,0.0043333333333333,0.8943333333333333,0.083,0.0183333333333333,0.0,0.0,-4.252025567271786,0.043,129,0.957,1.098901098901099,2730,1,2506,0.3930637937549308,False,0.0012007500045001,46,archived_rho_0.5_unchanged,-10.509730016509312,False,ok,
5,Normal,3000,5,0.5,fresh_n,9,2026105709,,-1.0,6.257704449237527,False,16,inf,0.0,0.0,0.0,False,0.0,0.0043333333333333,0.9146666666666666,0.074,0.007,0.0,0.0,-4.597818596217866,0.0196666666666666,59,0.9803333333333332,1.0737294201861132,2794,1,2604,0.2246890274998513,False,0.0011404589749872,46,archived_rho_0.5_unchanged,-10.855523045455392,False,ok,
5,Normal,3000,5,0.5,fresh_n,9,2026105709,,-1.0,6.257704449237527,False,17,inf,0.0,0.0,0.0,False,0.0,0.0043333333333333,0.9323333333333332,0.055,0.0083333333333333,0.0,0.0,-3.992326457339481,0.0176666666666666,53,0.9823333333333332,1.0634526763559022,2821,1,2658,0.1943063459253632,False,0.0011144999880343,46,archived_rho_0.5_unchanged,-10.250030906577008,False,ok,
5,Normal,3000,5,0.5,fresh_n,9,2026105709,,-1.0,6.257704449237527,False,18,inf,0.0,0.0,0.0,False,0.0,0.0043333333333333,0.9463333333333334,0.047,0.0023333333333333,0.0,0.0,-6.219869723461207,0.0056666666666666,17,0.9943333333333332,1.0395010395010396,2886,1,2777,0.1060852020453548,False,0.0010331249795854,46,archived_rho_0.5_unchanged,-12.477574172698734,False,ok,
5,Normal,3000,5,0.5,fresh_n,9,2026105709,,-1.0,6.257704449237527,False,19,inf,0.0,0.0,0.0,False,0.0,0.0043333333333333,0.956,0.038,0.0016666666666666,0.0,0.0,-4.145043539798143,0.0063333333333333,19,0.9936666666666668,1.0334137099552188,2903,1,2812,0.0902938287555348,False,0.0010179589735344,46,archived_rho_0.5_unchanged,-10.40274798903567,False,ok,
5,Normal,3000,5,0.5,fresh_n,9,2026105709,,-1.0,6.257704449237527,False,20,inf,0.0,0.0,0.0,False,0.0,0.0043333333333333,0.9676666666666668,0.0266666666666666,0.0013333333333333,0.0,0.0,-6.99485930497223,0.0023333333333333,7,0.9976666666666668,1.0252904989747096,2926,1,2854,0.0611449615599976,False,0.001004334015306,46,archived_rho_0.5_unchanged,-13.252563754209756,False,ok,
5,Normal,3000,5,0.5,fresh_n,9,2026105709,,-1.0,6.257704449237527,False,21,inf,0.0,0.0,0.0,False,0.0,0.0043333333333333,0.966,0.0293333333333333,0.0003333333333333,0.0,0.0,-6.3879637645196885,0.003,9,0.997,1.0221465076660987,2935,1,2872,0.056433841979111,False,0.0009730830206535,46,archived_rho_0.5_unchanged,-12.645668213757215,False,ok,
5,Normal,3000,5,0.5,fresh_n,9,2026105709,,-1.0,6.257704449237527,False,22,inf,0.0,0.0,0.0,False,0.0,0.0043333333333333,0.9773333333333334,0.0183333333333333,0.0,0.0,0.0,-4.177077078548805,0.0003333333333333,1,0.9996666666666668,1.0166045408336155,2951,1,2902,0.0326666666666666,False,0.0009753329795785,46,archived_rho_0.5_unchanged,-10.434781527786331,False,ok,
5,Normal,3000,5,0.5,fresh_n,9,2026105709,,-1.0,6.257704449237527,False,23,inf,0.0,0.0,0.0,False,0.0,0.0043333333333333,0.9833333333333332,0.012,0.0003333333333333,0.0,0.0,-5.360186299785832,0.0013333333333333,4,0.9986666666666668,1.0131712259371837,2961,1,2922,0.0259999999999999,False,0.0009436670225113,46,archived_rho_0.5_unchanged,-11.61789074902336,False,ok,
5,Normal,3000,5,0.5,fresh_n,9,2026105709,,-1.0,6.257704449237527,False,24,inf,0.0,0.0,0.0,False,0.0,0.0043333333333333,0.986,0.0096666666666666,0.0,0.0,0.0,-9.66386198242182,0.0003333333333333,1,0.9996666666666668,1.011804384485666,2965,1,2930,0.0233333333333333,False,0.0009379580151289,46,archived_rho_0.5_unchanged,-15.921566431659347,False,ok,
5,Normal,3000,5,0.5,fresh_n,9,2026105709,,-1.0,6.257704449237527,False,25,inf,0.0,0.0,0.0,False,0.0,0.0043333333333333,0.984,0.0116666666666666,0.0,0.0,0.0,0.0,0.0,0,1.0,1.0063737001006374,2981,1,2962,0.0126666666666666,False,0.0009368330356664,46,archived_rho_0.5_unchanged,-6.257704449237527,True,ok,
5,Normal,3000,5,0.5,fresh_n,9,2026105709,,-1.0,6.257704449237527,False,26,inf,0.0,0.0,0.0,False,0.0,0.0043333333333333,0.9876666666666668,0.008,0.0,0.0,0.0,0.0,0.0,0,1.0,1.0050251256281406,2985,1,2970,0.0099999999999999,False,0.0009309999877586,46,archived_rho_0.5_unchanged,-6.257704449237527,True,ok,
5,Normal,3000,5,0.5,fresh_n,9,2026105709,,-1.0,6.257704449237527,False,27,inf,0.0,0.0,0.0,False,0.0,0.0043333333333333,0.9886666666666668,0.007,0.0,0.0,0.0,-6.906587109939279,0.0003333333333333,1,0.9996666666666668,1.0060362173038229,2982,1,2964,0.0119999999999999,False,0.0009284159750677,46,archived_rho_0.5_unchanged,-13.164291559176807,False,ok,
5,Normal,3000,5,0.5,fresh_n,9,2026105709,,-1.0,6.257704449237527,False,28,inf,0.0,0.0,0.0,False,0.0,0.0043333333333333,0.9923333333333332,0.0033333333333333,0.0,0.0,0.0,0.0,0.0,0,1.0,1.0036801605888257,2989,1,2978,0.0073333333333333,False,0.0009284170228056,46,archived_rho_0.5_unchanged,-6.257704449237527,True,ok,
5,Normal,3000,5,0.5,fresh_n,9,2026105709,,-1.0,6.257704449237527,False,29,inf,0.0,0.0,0.0,False,0.0,0.0043333333333333,0.9916666666666668,0.004,0.0,0.0,0.0,0.0,0.0,0,1.0,1.0036801605888257,2989,1,2978,0.0073333333333333,False,0.0009112500119954,46,archived_rho_0.5_unchanged,-6.257704449237527,True,ok,
5,Normal,3000,5,0.5,fresh_n,9,2026105709,,-1.0,6.257704449237527,False,30,inf,0.0,0.0,0.0,False,0.0,0.0043333333333333,0.992,0.0036666666666666,0.0,0.0,0.0,0.0,0.0,0,1.0,1.001001001001001,2997,1,2994,0.0019999999999999,False,0.0008992920047603,46,archived_rho_0.5_unchanged,-6.257704449237527,True,ok,
5,Normal,3000,5,0.5,fresh_n,9,2026105709,,-1.0,6.257704449237527,False,31,inf,0.0,0.0,0.0,False,0.0,0.0043333333333333,0.993,0.0026666666666666,0.0,0.0,0.0,0.0,0.0,0,1.0,1.002338790511193,2993,1,2986,0.0046666666666666,False,0.0009213750017806,46,archived_rho_0.5_unchanged,-6.257704449237527,True,ok,
5,Normal,3000,5,0.5,fresh_n,9,2026105709,,-1.0,6.257704449237527,False,32,inf,0.0,0.0,0.0,False,0.0,0.0043333333333333,0.994,0.0016666666666666,0.0,0.0,0.0,0.0,0.0,0,1.0,1.001669449081803,2995,1,2990,0.0033333333333333,False,0.0008967920439317,46,archived_rho_0.5_unchanged,-6.257704449237527,True,ok,
5,Normal,3000,5,0.5,fresh_n,9,2026105709,,-1.0,6.257704449237527,False,33,inf,0.0,0.0,0.0,False,0.0,0.0043333333333333,0.993,0.0026666666666666,0.0,0.0,0.0,0.0,0.0,0,1.0,1.0013351134846462,2996,1,2992,0.0026666666666666,False,0.0008896670187823,46,archived_rho_0.5_unchanged,-6.257704449237527,True,ok,
5,Normal,3000,5,0.5,fresh_n,9,2026105709,,-1.0,6.257704449237527,False,34,inf,0.0,0.0,0.0,False,0.0,0.0043333333333333,0.9943333333333332,0.0013333333333333,0.0,0.0,0.0,0.0,0.0,0,1.0,1.001001001001001,2997,1,2994,0.002,False,0.0009047079947777,46,archived_rho_0.5_unchanged,-6.257704449237527,True,ok,
5,Normal,3000,5,0.5,fresh_n,9,2026105709,,-1.0,6.257704449237527,False,35,inf,0.0,0.0,0.0,False,0.0,0.0043333333333333,0.9946666666666668,0.001,0.0,0.0,0.0,0.0,0.0,0,1.0,1.002004008016032,2994,1,2988,0.0039999999999999,False,0.0008902499685063,46,archived_rho_0.5_unchanged,-6.257704449237527,True,ok,
5,Normal,3000,5,0.5,fresh_n,9,2026105709,,-1.0,6.257704449237527,False,36,inf,0.0,0.0,0.0,False,0.0,0.0043333333333333,0.9936666666666668,0.002,0.0,0.0,0.0,0.0,0.0,0,1.0,1.001001001001001,2997,1,2994,0.002,False,0.0008952079806476,46,archived_rho_0.5_unchanged,-6.257704449237527,True,ok,
5,Normal,3000,5,0.5,fresh_n,9,2026105709,,-1.0,6.257704449237527,False,37,inf,0.0,0.0,0.0,False,0.0,0.0043333333333333,0.995,0.0006666666666666,0.0,0.0,0.0,0.0,0.0,0,1.0,1.001001001001001,2997,1,2994,0.0019999999999999,False,0.0009186669485643,46,archived_rho_0.5_unchanged,-6.257704449237527,True,ok,
5,Normal,3000,5,0.5,fresh_n,9,2026105709,,-1.0,6.257704449237527,False,38,inf,0.0,0.0,0.0,False,0.0,0.0043333333333333,0.9946666666666668,0.001,0.0,0.0,0.0,0.0,0.0,0,1.0,1.0013351134846462,2996,1,2992,0.0026666666666666,False,0.0009769159951247,46,archived_rho_0.5_unchanged,-6.257704449237527,True,ok,
5,Normal,3000,5,0.5,fresh_n,9,2026105709,,-1.0,6.257704449237527,False,39,inf,0.0,0.0,0.0,False,0.0,0.0043333333333333,0.9943333333333332,0.0013333333333333,0.0,0.0,0.0,0.0,0.0,0,1.0,1.0003334444814935,2999,1,2998,0.0006666666666666,False,0.0008905830327421,46,archived_rho_0.5_unchanged,-6.257704449237527,True,ok,
5,Normal,3000,5,0.5,fresh_n,9,2026105709,,-1.0,6.257704449237527,False,40,inf,0.0,0.0,0.0,False,0.0,0.0043333333333333,0.9953333333333332,0.0003333333333333,0.0,0.0,0.0,0.0,0.0,0,1.0,1.0,3000,1,3000,0.0,False,0.0009106249781325,46,archived_rho_0.5_unchanged,-6.257704449237527,True,ok,
5,Normal,3000,5,0.5,fresh_n,10,2026105710,,-1.0,6.257704449237527,False,1,7.105187625142264,0.9963333333333332,0.9963333333333332,0.993,True,0.9963333333333332,0.0036666666666666,0.0,0.0,0.0,0.0,0.0,7.0977814279405695,1.0,3000,0.0,3000.0,1,3000,0,1.1460373857548103,False,0.0012049580109305,46,archived_rho_0.5_unchanged,0.8400769787030429,False,ok,
5,Normal,3000,5,0.5,fresh_n,10,2026105710,,-1.0,6.257704449237527,False,2,5.938861457654126,0.8596666666666667,0.8566666666666667,0.833,False,0.8596666666666667,0.0036666666666666,0.0,0.0006666666666666,0.136,0.0,0.0,5.845923772434122,1.0,3000,0.0,93.75,32,7,0,1.632295517867996,False,0.0011366659891791,46,archived_rho_0.5_unchanged,-0.4117806768034047,False,ok,
5,Normal,3000,5,0.5,fresh_n,10,2026105710,,-1.0,6.257704449237527,False,3,5.55545668807402,0.762,0.7516666666666667,0.743,False,0.762,0.0036666666666666,0.0113333333333333,0.0116666666666666,0.2113333333333333,0.0,0.0,5.432337501858695,0.987,2961,0.013,30.303030303030305,99,1,17,1.8167654144734413,False,0.0012451249640434,46,archived_rho_0.5_unchanged,-0.8253669473788321,False,ok,
5,Normal,3000,5,0.5,fresh_n,10,2026105710,,-1.0,6.257704449237527,False,4,5.040119334486906,0.6113333333333333,0.5843333333333334,0.55,False,0.6113333333333333,0.0036666666666666,0.034,0.035,0.316,0.0,0.0,4.763418664329893,0.957,2871,0.043,13.824884792626728,217,1,62,2.1228161930404834,False,0.0012503329780884,46,archived_rho_0.5_unchanged,-1.4942857849076336,False,ok,
5,Normal,3000,5,0.5,fresh_n,10,2026105710,,-1.0,6.257704449237527,False,5,4.564596718231278,0.4403333333333333,0.4086666666666667,0.356,False,0.4403333333333333,0.0036666666666666,0.0663333333333333,0.0616666666666666,0.428,0.0,0.0,4.022072639905466,0.9213333333333332,2764,0.0786666666666666,8.064516129032258,372,1,141,2.416255781019383,False,0.0013560829684138,46,archived_rho_0.5_unchanged,-2.2356318093320606,False,ok,
5,Normal,3000,5,0.5,fresh_n,10,2026105710,,-1.0,6.257704449237527,False,6,3.9866166382364754,0.2953333333333333,0.24,0.2,False,0.2953333333333333,0.0036666666666666,0.128,0.0866666666666666,0.4863333333333333,0.0,0.0,3.2570063779597485,0.8546666666666667,2564,0.1453333333333333,5.1194539249146755,586,1,254,2.6554808825455263,False,0.0014621250447817,46,archived_rho_0.5_unchanged,-3.000698071277778,False,ok,
5,Normal,3000,5,0.5,fresh_n,10,2026105710,,-1.0,6.257704449237527,False,7,3.368153423144002,0.156,0.1013333333333333,0.083,False,0.156,0.0036666666666666,0.1953333333333333,0.138,0.507,0.0,0.0,2.22020980637838,0.7753333333333333,2326,0.2246666666666666,3.5502958579881656,845,1,402,2.8972090115606157,False,0.0015808750176802,46,archived_rho_0.5_unchanged,-4.037494642859146,False,ok,
5,Normal,3000,5,0.5,fresh_n,10,2026105710,,-1.0,6.257704449237527,False,8,2.593035624165176,0.089,0.034,0.022,False,0.089,0.0036666666666666,0.293,0.1616666666666666,0.4526666666666666,0.0,0.0,1.20232053935385,0.661,1983,0.3389999999999999,2.6132404181184667,1148,1,629,2.8616303327416435,False,0.0016184999840334,46,archived_rho_0.5_unchanged,-5.055383909883677,False,ok,
5,Normal,3000,5,0.5,fresh_n,10,2026105710,,-1.0,6.257704449237527,False,9,2.18432390888087,0.036,0.0053333333333333,0.002,False,0.036,0.0036666666666666,0.372,0.2116666666666666,0.3766666666666666,0.0,0.0,0.2175791166842742,0.5733333333333334,1720,0.4266666666666666,2.156721782890007,1391,1,803,2.8449312048914317,False,0.0017140840063802,46,archived_rho_0.5_unchanged,-6.040125332553252,False,ok,
5,Normal,3000,5,0.5,fresh_n,10,2026105710,,-1.0,6.257704449237527,False,10,1.360973643757945,0.0156666666666666,0.0003333333333333,0.0,False,0.0156666666666666,0.0036666666666666,0.4966666666666666,0.219,0.265,0.0,0.0,-0.7261438340019815,0.4196666666666667,1259,0.5803333333333334,1.7523364485981308,1712,1,1102,2.3149188269692766,False,0.00171970797237,46,archived_rho_0.5_unchanged,-6.983848283239508,False,ok,
5,Normal,3000,5,0.5,fresh_n,10,2026105710,,-1.0,6.257704449237527,False,11,0.5184870652344096,0.0043333333333333,0.0,0.0,False,0.0043333333333333,0.0036666666666666,0.599,0.2176666666666666,0.1753333333333333,0.0,0.0,-1.493333516604039,0.2976666666666667,893,0.7023333333333333,1.4947683109118086,2007,1,1438,1.8734521481789368,False,0.0016342920134775,46,archived_rho_0.5_unchanged,-7.751037965841565,False,ok,
5,Normal,3000,5,0.5,fresh_n,10,2026105710,,-1.0,6.257704449237527,False,12,0.2381150772714463,0.0033333333333333,0.0,0.0,False,0.0033333333333333,0.0036666666666666,0.6886666666666666,0.204,0.1003333333333333,0.0,0.0,-2.4501385040841144,0.2256666666666666,677,0.7743333333333333,1.3623978201634876,2202,1,1690,1.5407610095824855,False,0.0015520839951932,46,archived_rho_0.5_unchanged,-8.707842953321641,False,ok,
5,Normal,3000,5,0.5,fresh_n,10,2026105710,,-1.0,6.257704449237527,False,13,inf,0.0,0.0,0.0,False,0.0,0.0036666666666666,0.7533333333333333,0.1863333333333333,0.0566666666666666,0.0,0.0,-2.8316867020622323,0.1343333333333333,403,0.8656666666666667,1.2505210504376825,2399,1,1950,1.0199063900699377,False,0.0014414580073207,46,archived_rho_0.5_unchanged,-9.08939115129976,False,ok,
5,Normal,3000,5,0.5,fresh_n,10,2026105710,,-1.0,6.257704449237527,False,14,-0.4025716252210329,0.0013333333333333,0.0,0.0,False,0.0013333333333333,0.0036666666666666,0.8183333333333334,0.1443333333333333,0.0323333333333333,0.0,0.0,-3.2495075143830587,0.0833333333333333,250,0.9166666666666666,1.1815675462780622,2539,1,2172,0.7207636329657064,False,0.0013612500042654,46,archived_rho_0.5_unchanged,-9.507211963620586,False,ok,
5,Normal,3000,5,0.5,fresh_n,10,2026105710,,-1.0,6.257704449237527,False,15,-0.5200949894015989,0.0003333333333333,0.0,0.0,False,0.0003333333333333,0.0036666666666666,0.8656666666666667,0.114,0.0163333333333333,0.0,0.0,-3.81722506036292,0.0486666666666666,146,0.9513333333333334,1.1406844106463878,2630,1,2307,0.4905953594718597,False,0.0012751659960485,46,archived_rho_0.5_unchanged,-10.074929509600446,False,ok,
5,Normal,3000,5,0.5,fresh_n,10,2026105710,,-1.0,6.257704449237527,False,16,inf,0.0,0.0,0.0,False,0.0,0.0036666666666666,0.9023333333333332,0.084,0.01,0.0,0.0,-4.056258771705332,0.0416666666666666,125,0.9583333333333334,1.1017260374586852,2723,1,2487,0.3788773428758129,False,0.0011954579968005,46,archived_rho_0.5_unchanged,-10.31396322094286,False,ok,
5,Normal,3000,5,0.5,fresh_n,10,2026105710,,-1.0,6.257704449237527,False,17,inf,0.0,0.0,0.0,False,0.0,0.0036666666666666,0.9146666666666666,0.0753333333333333,0.0063333333333333,0.0,0.0,-4.231770259118875,0.0226666666666666,68,0.9773333333333334,1.0676156583629892,2810,1,2639,0.2371915843990345,False,0.0011069580214098,46,archived_rho_0.5_unchanged,-10.4894747083564,False,ok,
5,Normal,3000,5,0.5,fresh_n,10,2026105710,,-1.0,6.257704449237527,False,18,inf,0.0,0.0,0.0,False,0.0,0.0036666666666666,0.936,0.056,0.0043333333333333,0.0,0.0,-4.626126123107971,0.019,57,0.981,1.0574550581600282,2837,1,2692,0.1971066915960673,False,0.0010801250464282,46,archived_rho_0.5_unchanged,-10.883830572345499,False,ok,
5,Normal,3000,5,0.5,fresh_n,10,2026105710,,-1.0,6.257704449237527,False,19,inf,0.0,0.0,0.0,False,0.0,0.0036666666666666,0.9486666666666668,0.0463333333333333,0.0013333333333333,0.0,0.0,-4.10058618759577,0.0053333333333333,16,0.9946666666666668,1.044932079414838,2871,1,2746,0.1071062270642597,False,0.001038292015437,46,archived_rho_0.5_unchanged,-10.358290636833296,False,ok,
5,Normal,3000,5,0.5,fresh_n,10,2026105710,,-1.0,6.257704449237527,False,20,inf,0.0,0.0,0.0,False,0.0,0.0036666666666666,0.955,0.039,0.0023333333333333,0.0,0.0,-5.684307063642317,0.006,18,0.994,1.0337698139214335,2902,1,2807,0.0841259252910116,False,0.0010012499988079,46,archived_rho_0.5_unchanged,-11.942011512879844,False,ok,
5,Normal,3000,5,0.5,fresh_n,10,2026105710,,-1.0,6.257704449237527,False,21,inf,0.0,0.0,0.0,False,0.0,0.0036666666666666,0.9696666666666668,0.0263333333333333,0.0003333333333333,0.0,0.0,-4.994826633370518,0.0046666666666666,14,0.9953333333333332,1.0270455323519343,2921,1,2845,0.0706487389244872,False,0.0009960419847629,46,archived_rho_0.5_unchanged,-11.252531082608044,False,ok,
5,Normal,3000,5,0.5,fresh_n,10,2026105710,,-1.0,6.257704449237527,False,22,inf,0.0,0.0,0.0,False,0.0,0.0036666666666666,0.9753333333333334,0.021,0.0,0.0,0.0,-5.524176189837125,0.0026666666666666,8,0.9973333333333332,1.0183299389002036,2946,1,2894,0.048216451285387,False,0.0009599999757483,46,archived_rho_0.5_unchanged,-11.781880639074652,False,ok,
5,Normal,3000,5,0.5,fresh_n,10,2026105710,,-1.0,6.257704449237527,False,23,inf,0.0,0.0,0.0,False,0.0,0.0036666666666666,0.9793333333333332,0.017,0.0,0.0,0.0,-5.238238189750109,0.0016666666666666,5,0.9983333333333332,1.0148849797023003,2956,1,2912,0.0293333333333333,False,0.0009692499879747,46,archived_rho_0.5_unchanged,-11.495942638987636,False,ok,
5,Normal,3000,5,0.5,fresh_n,10,2026105710,,-1.0,6.257704449237527,False,24,inf,0.0,0.0,0.0,False,0.0,0.0036666666666666,0.9796666666666668,0.0166666666666666,0.0,0.0,0.0,-5.044168384902238,0.0016666666666666,5,0.9983333333333332,1.015572105619499,2954,1,2909,0.0351676246064421,False,0.0009509169613011,46,archived_rho_0.5_unchanged,-11.301872834139765,False,ok,
5,Normal,3000,5,0.5,fresh_n,10,2026105710,,-1.0,6.257704449237527,False,25,inf,0.0,0.0,0.0,False,0.0,0.0036666666666666,0.9866666666666668,0.0096666666666666,0.0,0.0,0.0,-4.959421580481414,0.0003333333333333,1,0.9996666666666668,1.0104412260020208,2969,1,2938,0.0206666666666666,False,0.0009313750197179,46,archived_rho_0.5_unchanged,-11.21712602971894,False,ok,
5,Normal,3000,5,0.5,fresh_n,10,2026105710,,-1.0,6.257704449237527,False,26,inf,0.0,0.0,0.0,False,0.0,0.0036666666666666,0.9866666666666668,0.0096666666666666,0.0,0.0,0.0,-7.049784307733088,0.0006666666666666,2,0.9993333333333332,1.007387508394896,2978,1,2956,0.0146666666666666,False,0.0009347909945063,46,archived_rho_0.5_unchanged,-13.307488756970614,False,ok,
5,Normal,3000,5,0.5,fresh_n,10,2026105710,,-1.0,6.257704449237527,False,27,inf,0.0,0.0,0.0,False,0.0,0.0036666666666666,0.9873333333333332,0.009,0.0,0.0,0.0,-6.435275823901102,0.0003333333333333,1,0.9996666666666668,1.0097610232245036,2971,1,2942,0.0193333333333333,False,0.0009177500032819,46,archived_rho_0.5_unchanged,-12.692980273138629,False,ok,
5,Normal,3000,5,0.5,fresh_n,10,2026105710,,-1.0,6.257704449237527,False,28,inf,0.0,0.0,0.0,False,0.0,0.0036666666666666,0.9886666666666668,0.0076666666666666,0.0,0.0,0.0,-5.1904289775674375,0.0006666666666666,2,0.9993333333333332,1.0070493454179257,2979,1,2958,0.0139999999999999,False,0.0009196659666486,46,archived_rho_0.5_unchanged,-11.448133426804965,False,ok,
5,Normal,3000,5,0.5,fresh_n,10,2026105710,,-1.0,6.257704449237527,False,29,inf,0.0,0.0,0.0,False,0.0,0.0036666666666666,0.9896666666666668,0.0066666666666666,0.0,0.0,0.0,-5.597322197277374,0.002,6,0.998,1.0070493454179257,2979,1,2959,0.0188129432600198,False,0.0009223339729942,46,archived_rho_0.5_unchanged,-11.8550266465149,False,ok,
5,Normal,3000,5,0.5,fresh_n,10,2026105710,,-1.0,6.257704449237527,False,30,inf,0.0,0.0,0.0,False,0.0,0.0036666666666666,0.9923333333333332,0.004,0.0,0.0,0.0,-4.959421580481414,0.0003333333333333,1,0.9996666666666668,1.0050251256281406,2985,1,2970,0.0099999999999999,False,0.0009075420093722,46,archived_rho_0.5_unchanged,-11.21712602971894,False,ok,
5,Normal,3000,5,0.5,fresh_n,10,2026105710,,-1.0,6.257704449237527,False,31,inf,0.0,0.0,0.0,False,0.0,0.0036666666666666,0.992,0.0036666666666666,0.0006666666666666,0.0,0.0,-7.0573158126036635,0.0003333333333333,1,0.9996666666666668,1.0040160642570282,2988,1,2976,0.0079999999999999,False,0.0008966669556684,46,archived_rho_0.5_unchanged,-13.315020261841191,False,ok,
5,Normal,3000,5,0.5,fresh_n,10,2026105710,,-1.0,6.257704449237527,False,32,inf,0.0,0.0,0.0,False,0.0,0.0036666666666666,0.9926666666666668,0.0036666666666666,0.0,0.0,0.0,0.0,0.0,0,1.0,1.002673796791444,2992,1,2984,0.0053333333333333,False,0.0009038330172188,46,archived_rho_0.5_unchanged,-6.257704449237527,True,ok,
5,Normal,3000,5,0.5,fresh_n,10,2026105710,,-1.0,6.257704449237527,False,33,inf,0.0,0.0,0.0,False,0.0,0.0036666666666666,0.9926666666666668,0.0036666666666666,0.0,0.0,0.0,-7.26571198090218,0.0003333333333333,1,0.9996666666666668,1.0030090270812435,2991,1,2982,0.0059999999999999,False,0.0008989170310087,46,archived_rho_0.5_unchanged,-13.523416430139708,False,ok,
5,Normal,3000,5,0.5,fresh_n,10,2026105710,,-1.0,6.257704449237527,False,34,inf,0.0,0.0,0.0,False,0.0,0.0036666666666666,0.9943333333333332,0.002,0.0,0.0,0.0,0.0,0.0,0,1.0,1.001001001001001,2997,1,2994,0.0019999999999999,False,0.0009078329894691,46,archived_rho_0.5_unchanged,-6.257704449237527,True,ok,
5,Normal,3000,5,0.5,fresh_n,10,2026105710,,-1.0,6.257704449237527,False,35,inf,0.0,0.0,0.0,False,0.0,0.0036666666666666,0.994,0.0023333333333333,0.0,0.0,0.0,0.0,0.0,0,1.0,1.0030090270812435,2991,1,2982,0.0059999999999999,False,0.0009178749751299,46,archived_rho_0.5_unchanged,-6.257704449237527,True,ok,
5,Normal,3000,5,0.5,fresh_n,10,2026105710,,-1.0,6.257704449237527,False,36,inf,0.0,0.0,0.0,False,0.0,0.0036666666666666,0.993,0.0033333333333333,0.0,0.0,0.0,0.0,0.0,0,1.0,1.0013351134846462,2996,1,2992,0.0026666666666666,False,0.0008909160387702,46,archived_rho_0.5_unchanged,-6.257704449237527,True,ok,
5,Normal,3000,5,0.5,fresh_n,10,2026105710,,-1.0,6.257704449237527,False,37,inf,0.0,0.0,0.0,False,0.0,0.0036666666666666,0.995,0.0013333333333333,0.0,0.0,0.0,-6.559459872478744,0.0003333333333333,1,0.9996666666666668,1.002004008016032,2994,1,2988,0.0039999999999999,False,0.0008951670024544,46,archived_rho_0.5_unchanged,-12.81716432171627,False,ok,
5,Normal,3000,5,0.5,fresh_n,10,2026105710,,-1.0,6.257704449237527,False,38,inf,0.0,0.0,0.0,False,0.0,0.0036666666666666,0.995,0.0013333333333333,0.0,0.0,0.0,-7.26571198090218,0.0003333333333333,1,0.9996666666666668,1.002338790511193,2993,1,2986,0.0046666666666666,False,0.0008974579977802,46,archived_rho_0.5_unchanged,-13.523416430139708,False,ok,
5,Normal,3000,5,0.5,fresh_n,10,2026105710,,-1.0,6.257704449237527,False,39,inf,0.0,0.0,0.0,False,0.0,0.0036666666666666,0.9943333333333332,0.002,0.0,0.0,0.0,0.0,0.0,0,1.0,1.0006671114076051,2998,1,2996,0.0013333333333333,False,0.0008830419974401,46,archived_rho_0.5_unchanged,-6.257704449237527,True,ok,
5,Normal,3000,5,0.5,fresh_n,10,2026105710,,-1.0,6.257704449237527,False,40,inf,0.0,0.0,0.0,False,0.0,0.0036666666666666,0.9943333333333332,0.002,0.0,0.0,0.0,0.0,0.0,0,1.0,1.002338790511193,2993,1,2986,0.0046666666666666,False,0.0008857090142555,46,archived_rho_0.5_unchanged,-6.257704449237527,True,ok,
5,Normal,3000,5,0.5,fresh_n,11,2026105711,,-1.0,6.257704449237527,False,1,7.057677761868431,0.9953333333333332,0.9953333333333332,0.993,True,0.9953333333333332,0.0046666666666666,0.0,0.0,0.0,0.0,0.0,7.0446762135217735,1.0,3000,0.0,3000.0,1,3000,0,1.1439756553855278,False,0.0011797910556197,46,archived_rho_0.5_unchanged,0.7869717642842469,False,ok,
5,Normal,3000,5,0.5,fresh_n,11,2026105711,,-1.0,6.257704449237527,False,2,5.932642914679926,0.8723333333333333,0.871,0.868,False,0.8723333333333333,0.0046666666666666,0.0,0.0,0.123,0.0,0.0,5.826645003909184,1.0,3000,0.0,93.75,32,8,0,1.629043947030038,False,0.001075666048564,46,archived_rho_0.5_unchanged,-0.4310594453283425,False,ok,
5,Normal,3000,5,0.5,fresh_n,11,2026105711,,-1.0,6.257704449237527,False,3,5.48178530022282,0.7533333333333333,0.738,0.728,False,0.7533333333333333,0.0046666666666666,0.0073333333333333,0.0093333333333333,0.2253333333333333,0.0,0.0,5.321808005127868,0.99,2970,0.01,29.702970297029704,101,1,19,1.8292094482239736,False,0.0011542499996721,46,archived_rho_0.5_unchanged,-0.9358964441096589,False,ok,
5,Normal,3000,5,0.5,fresh_n,11,2026105711,,-1.0,6.257704449237527,False,4,4.98681669463896,0.618,0.6003333333333334,0.594,False,0.618,0.0046666666666666,0.0396666666666666,0.0303333333333333,0.3073333333333333,0.0,0.0,4.6758258566922075,0.948,2844,0.052,12.396694214876034,242,1,76,2.1135463425392165,False,0.0012842080323025,46,archived_rho_0.5_unchanged,-1.5818785925453192,False,ok,
5,Normal,3000,5,0.5,fresh_n,11,2026105711,,-1.0,6.257704449237527,False,5,4.463321434323885,0.4433333333333333,0.403,0.385,False,0.4433333333333333,0.0046666666666666,0.077,0.0686666666666666,0.4063333333333333,0.0,0.0,3.915986389750849,0.9096666666666666,2729,0.0903333333333333,7.5566750629722925,397,1,151,2.409582349246325,False,0.001354917010758,46,archived_rho_0.5_unchanged,-2.3417180594866776,False,ok,
5,Normal,3000,5,0.5,fresh_n,11,2026105711,,-1.0,6.257704449237527,False,6,3.858098368467332,0.2623333333333333,0.218,0.209,False,0.2623333333333333,0.0046666666666666,0.1313333333333333,0.088,0.5136666666666667,0.0,0.0,3.0119740028369586,0.839,2517,0.161,4.777070063694268,628,1,272,2.713876168653171,False,0.001477833953686,46,archived_rho_0.5_unchanged,-3.245730446400568,False,ok,
5,Normal,3000,5,0.5,fresh_n,11,2026105711,,-1.0,6.257704449237527,False,7,3.167421100740986,0.148,0.1073333333333333,0.097,False,0.148,0.0046666666666666,0.214,0.137,0.4963333333333333,0.0,0.0,2.072412503669726,0.753,2259,0.247,3.3594624860022395,893,1,435,2.8273504909018294,False,0.0015651250141672,46,archived_rho_0.5_unchanged,-4.185291945567801,False,ok,
5,Normal,3000,5,0.5,fresh_n,11,2026105711,,-1.0,6.257704449237527,False,8,2.547938593789187,0.0776666666666666,0.03,0.023,False,0.0776666666666666,0.0046666666666666,0.3283333333333333,0.166,0.4233333333333333,0.0,0.0,1.0804074706949816,0.6446666666666667,1934,0.3553333333333333,2.4834437086092715,1208,1,685,2.871246269864756,False,0.0016353339888155,46,archived_rho_0.5_unchanged,-5.177296978542545,False,ok,
5,Normal,3000,5,0.5,fresh_n,11,2026105711,,-1.0,6.257704449237527,False,9,1.7745747885166607,0.031,0.0043333333333333,0.0,False,0.031,0.0046666666666666,0.4,0.2053333333333333,0.359,0.0,0.0,0.1095583539322081,0.527,1581,0.473,2.0107238605898123,1492,1,908,2.699944240050725,False,0.0016855000285431,46,archived_rho_0.5_unchanged,-6.148146095305319,False,ok,
5,Normal,3000,5,0.5,fresh_n,11,2026105711,,-1.0,6.257704449237527,False,10,1.1595050224309682,0.0136666666666666,0.0,0.0,False,0.0136666666666666,0.0046666666666666,0.505,0.2266666666666666,0.25,0.0,0.0,-0.8859177479282755,0.4106666666666667,1232,0.5893333333333333,1.709401709401709,1755,1,1169,2.273167269742698,False,0.0016635420033708,46,archived_rho_0.5_unchanged,-7.1436221971658025,False,ok,
5,Normal,3000,5,0.5,fresh_n,11,2026105711,,-1.0,6.257704449237527,False,11,0.910437946334843,0.0023333333333333,0.0,0.0,False,0.0023333333333333,0.0046666666666666,0.617,0.2173333333333333,0.1586666666666666,0.0,0.0,-1.7135639217058127,0.2843333333333333,853,0.7156666666666667,1.466275659824047,2046,1,1489,1.7370308813637327,False,0.0016467919922433,46,archived_rho_0.5_unchanged,-7.971268370943339,False,ok,
5,Normal,3000,5,0.5,fresh_n,11,2026105711,,-1.0,6.257704449237527,False,12,-1.328491718537692,0.0016666666666666,0.0,0.0,False,0.0016666666666666,0.0046666666666666,0.7036666666666667,0.1943333333333333,0.0956666666666666,0.0,0.0,-2.4290755782866293,0.2056666666666666,617,0.7943333333333333,1.335113484646195,2247,1,1746,1.4753602379405135,False,0.0015451249782927,46,archived_rho_0.5_unchanged,-8.686780027524156,False,ok,
5,Normal,3000,5,0.5,fresh_n,11,2026105711,,-1.0,6.257704449237527,False,13,-1.3616104970423049,0.0006666666666666,0.0,0.0,False,0.0006666666666666,0.0046666666666666,0.776,0.1656666666666666,0.053,0.0,0.0,-3.106353675146562,0.1316666666666666,395,0.8683333333333334,1.2224938875305624,2454,1,2062,1.002705257298638,False,0.001375374966301,46,archived_rho_0.5_unchanged,-9.364058124384089,False,ok,
5,Normal,3000,5,0.5,fresh_n,11,2026105711,,-1.0,6.257704449237527,False,14,inf,0.0,0.0,0.0,False,0.0,0.0046666666666666,0.8186666666666667,0.1453333333333333,0.0313333333333333,0.0,0.0,-3.640547527928186,0.0866666666666666,260,0.9133333333333332,1.1755485893416928,2552,1,2192,0.7688055483565068,False,0.0013395840069279,46,archived_rho_0.5_unchanged,-9.898251977165712,False,ok,
5,Normal,3000,5,0.5,fresh_n,11,2026105711,,-1.0,6.257704449237527,False,15,inf,0.0,0.0,0.0,False,0.0,0.0046666666666666,0.868,0.1073333333333333,0.02,0.0,0.0,-4.175882032342057,0.048,144,0.952,1.1252813203300824,2666,1,2382,0.465594487909859,False,0.0012419160339049,46,archived_rho_0.5_unchanged,-10.433586481579583,False,ok,
5,Normal,3000,5,0.5,fresh_n,11,2026105711,,-1.0,6.257704449237527,False,16,inf,0.0,0.0,0.0,False,0.0,0.0046666666666666,0.9043333333333332,0.0813333333333333,0.0096666666666666,0.0,0.0,-4.329863463811186,0.023,69,0.977,1.0861694424330195,2762,1,2544,0.2760177672031515,False,0.0011650000233203,46,archived_rho_0.5_unchanged,-10.587567913048712,False,ok,
5,Normal,3000,5,0.5,fresh_n,11,2026105711,,-1.0,6.257704449237527,False,17,-1.332162264202088,0.0003333333333333,0.0,0.0,False,0.0003333333333333,0.0046666666666666,0.9156666666666666,0.072,0.0073333333333333,0.0,0.0,-4.323325168256488,0.024,72,0.976,1.0676156583629892,2810,1,2644,0.2482211749033314,False,0.0011291250120848,46,archived_rho_0.5_unchanged,-10.581029617494014,False,ok,
5,Normal,3000,5,0.5,fresh_n,11,2026105711,,-1.0,6.257704449237527,False,18,inf,0.0,0.0,0.0,False,0.0,0.0046666666666666,0.9376666666666666,0.0536666666666666,0.004,0.0,0.0,-6.010002868666337,0.01,30,0.99,1.051156271899089,2854,1,2715,0.1515707841049751,False,0.0010691250208765,46,archived_rho_0.5_unchanged,-12.267707317903863,False,ok,
5,Normal,3000,5,0.5,fresh_n,11,2026105711,,-1.0,6.257704449237527,False,19,inf,0.0,0.0,0.0,False,0.0,0.0046666666666666,0.945,0.047,0.0033333333333333,0.0,0.0,-5.28272320021602,0.0106666666666666,32,0.9893333333333332,1.037344398340249,2892,1,2793,0.1195355206866883,False,0.001036416972056,46,archived_rho_0.5_unchanged,-11.540427649453546,False,ok,
5,Normal,3000,5,0.5,fresh_n,11,2026105711,,-1.0,6.257704449237527,False,20,inf,0.0,0.0,0.0,False,0.0,0.0046666666666666,0.962,0.0316666666666666,0.0016666666666666,0.0,0.0,-5.503486974732085,0.005,15,0.995,1.0362694300518134,2895,1,2794,0.0941617105691757,False,0.0010188749874942,46,archived_rho_0.5_unchanged,-11.761191423969612,False,ok,
5,Normal,3000,5,0.5,fresh_n,11,2026105711,,-1.0,6.257704449237527,False,21,inf,0.0,0.0,0.0,False,0.0,0.0046666666666666,0.9663333333333334,0.029,0.0,0.0,0.0,0.0,0.0,0,1.0,1.019367991845056,2943,1,2886,0.038,False,0.0009653330198489,46,archived_rho_0.5_unchanged,-6.257704449237527,True,ok,
5,Normal,3000,5,0.5,fresh_n,11,2026105711,,-1.0,6.257704449237527,False,22,inf,0.0,0.0,0.0,False,0.0,0.0046666666666666,0.9763333333333334,0.0186666666666666,0.0003333333333333,0.0,0.0,-5.181466390214935,0.001,3,0.999,1.0169491525423728,2950,1,2900,0.0333333333333333,False,0.0009752500336617,46,archived_rho_0.5_unchanged,-11.439170839452462,False,ok,
5,Normal,3000,5,0.5,fresh_n,11,2026105711,,-1.0,6.257704449237527,False,23,inf,0.0,0.0,0.0,False,0.0,0.0046666666666666,0.9803333333333332,0.015,0.0,0.0,0.0,-5.197947737464287,0.001,3,0.999,1.0084033613445378,2975,1,2951,0.0226293279280481,False,0.0009283339604735,46,archived_rho_0.5_unchanged,-11.455652186701814,False,ok,
5,Normal,3000,5,0.5,fresh_n,11,2026105711,,-1.0,6.257704449237527,False,24,inf,0.0,0.0,0.0,False,0.0,0.0046666666666666,0.9813333333333332,0.0136666666666666,0.0003333333333333,0.0,0.0,-7.166325269211578,0.0016666666666666,5,0.9983333333333332,1.0135135135135136,2960,1,2921,0.0318871112261719,False,0.0009435419924557,46,archived_rho_0.5_unchanged,-13.424029718449106,False,ok,
5,Normal,3000,5,0.5,fresh_n,11,2026105711,,-1.0,6.257704449237527,False,25,inf,0.0,0.0,0.0,False,0.0,0.0046666666666666,0.984,0.0113333333333333,0.0,0.0,0.0,-5.326439365460273,0.0013333333333333,4,0.9986666666666668,1.0114632501685772,2966,1,2933,0.0282197344808731,False,0.000944375002291,46,archived_rho_0.5_unchanged,-11.5841438146978,False,ok,
5,Normal,3000,5,0.5,fresh_n,11,2026105711,,-1.0,6.257704449237527,False,26,inf,0.0,0.0,0.0,False,0.0,0.0046666666666666,0.987,0.0083333333333333,0.0,0.0,0.0,-3.8321744143841903,0.0003333333333333,1,0.9996666666666668,1.009421265141319,2972,1,2944,0.0186666666666666,False,0.0009236249607056,46,archived_rho_0.5_unchanged,-10.089878863621717,False,ok,
5,Normal,3000,5,0.5,fresh_n,11,2026105711,,-1.0,6.257704449237527,False,27,inf,0.0,0.0,0.0,False,0.0,0.0046666666666666,0.986,0.0093333333333333,0.0,0.0,0.0,-5.894558716493974,0.0003333333333333,1,0.9996666666666668,1.0067114093959733,2980,1,2960,0.0133333333333333,False,0.0009322499972768,46,archived_rho_0.5_unchanged,-12.152263165731501,False,ok,
5,Normal,3000,5,0.5,fresh_n,11,2026105711,,-1.0,6.257704449237527,False,28,inf,0.0,0.0,0.0,False,0.0,0.0046666666666666,0.989,0.0063333333333333,0.0,0.0,0.0,-6.778978898521531,0.0013333333333333,4,0.9986666666666668,1.0070493454179257,2979,1,2959,0.0216180041934613,False,0.0009337500086985,46,archived_rho_0.5_unchanged,-13.036683347759059,False,ok,
5,Normal,3000,5,0.5,fresh_n,11,2026105711,,-1.0,6.257704449237527,False,29,inf,0.0,0.0,0.0,False,0.0,0.0046666666666666,0.9906666666666668,0.0046666666666666,0.0,0.0,0.0,-5.894558716493974,0.0003333333333333,1,0.9996666666666668,1.0063737001006374,2981,1,2962,0.0126666666666666,False,0.001005666970741,46,archived_rho_0.5_unchanged,-12.152263165731501,False,ok,
5,Normal,3000,5,0.5,fresh_n,11,2026105711,,-1.0,6.257704449237527,False,30,inf,0.0,0.0,0.0,False,0.0,0.0046666666666666,0.992,0.0033333333333333,0.0,0.0,0.0,-6.71759874151035,0.0013333333333333,4,0.9986666666666668,1.004352192835621,2987,1,2975,0.0141849915320041,False,0.0009305829880759,46,archived_rho_0.5_unchanged,-12.975303190747876,False,ok,
5,Normal,3000,5,0.5,fresh_n,11,2026105711,,-1.0,6.257704449237527,False,31,inf,0.0,0.0,0.0,False,0.0,0.0046666666666666,0.9916666666666668,0.0036666666666666,0.0,0.0,0.0,0.0,0.0,0,1.0,1.0033444816053512,2990,1,2980,0.0066666666666666,False,0.0009016669937409,46,archived_rho_0.5_unchanged,-6.257704449237527,True,ok,
5,Normal,3000,5,0.5,fresh_n,11,2026105711,,-1.0,6.257704449237527,False,32,inf,0.0,0.0,0.0,False,0.0,0.0046666666666666,0.9916666666666668,0.0036666666666666,0.0,0.0,0.0,0.0,0.0,0,1.0,1.0030090270812435,2991,1,2982,0.006,False,0.0008987500332295,46,archived_rho_0.5_unchanged,-6.257704449237527,True,ok,
5,Normal,3000,5,0.5,fresh_n,11,2026105711,,-1.0,6.257704449237527,False,33,inf,0.0,0.0,0.0,False,0.0,0.0046666666666666,0.991,0.0043333333333333,0.0,0.0,0.0,-5.675551499396518,0.002,6,0.998,1.002673796791444,2992,1,2985,0.0108516581986708,False,0.000916082994081,46,archived_rho_0.5_unchanged,-11.933255948634045,False,ok,
5,Normal,3000,5,0.5,fresh_n,11,2026105711,,-1.0,6.257704449237527,False,34,inf,0.0,0.0,0.0,False,0.0,0.0046666666666666,0.9926666666666668,0.0026666666666666,0.0,0.0,0.0,0.0,0.0,0,1.0,1.002004008016032,2994,1,2988,0.0039999999999999,False,0.0008997920085676,46,archived_rho_0.5_unchanged,-6.257704449237527,True,ok,
5,Normal,3000,5,0.5,fresh_n,11,2026105711,,-1.0,6.257704449237527,False,35,inf,0.0,0.0,0.0,False,0.0,0.0046666666666666,0.9936666666666668,0.0016666666666666,0.0,0.0,0.0,0.0,0.0,0,1.0,1.002004008016032,2994,1,2988,0.004,False,0.0008945000008679,46,archived_rho_0.5_unchanged,-6.257704449237527,True,ok,
5,Normal,3000,5,0.5,fresh_n,11,2026105711,,-1.0,6.257704449237527,False,36,inf,0.0,0.0,0.0,False,0.0,0.0046666666666666,0.9936666666666668,0.0016666666666666,0.0,0.0,0.0,-7.089702507575661,0.0003333333333333,1,0.9996666666666668,1.002338790511193,2993,1,2986,0.0046666666666666,False,0.0009026250336319,46,archived_rho_0.5_unchanged,-13.347406956813188,False,ok,
5,Normal,3000,5,0.5,fresh_n,11,2026105711,,-1.0,6.257704449237527,False,37,inf,0.0,0.0,0.0,False,0.0,0.0046666666666666,0.994,0.0013333333333333,0.0,0.0,0.0,0.0,0.0,0,1.0,1.0003334444814935,2999,1,2998,0.0006666666666666,False,0.0008997920085676,46,archived_rho_0.5_unchanged,-6.257704449237527,True,ok,
5,Normal,3000,5,0.5,fresh_n,11,2026105711,,-1.0,6.257704449237527,False,38,inf,0.0,0.0,0.0,False,0.0,0.0046666666666666,0.993,0.0023333333333333,0.0,0.0,0.0,0.0,0.0,0,1.0,1.0006671114076051,2998,1,2996,0.0013333333333333,False,0.0009014999959617,46,archived_rho_0.5_unchanged,-6.257704449237527,True,ok,
5,Normal,3000,5,0.5,fresh_n,11,2026105711,,-1.0,6.257704449237527,False,39,inf,0.0,0.0,0.0,False,0.0,0.0046666666666666,0.9943333333333332,0.001,0.0,0.0,0.0,0.0,0.0,0,1.0,1.0003334444814935,2999,1,2998,0.0006666666666666,False,0.0009125840151682,46,archived_rho_0.5_unchanged,-6.257704449237527,True,ok,
5,Normal,3000,5,0.5,fresh_n,11,2026105711,,-1.0,6.257704449237527,False,40,inf,0.0,0.0,0.0,False,0.0,0.0046666666666666,0.9943333333333332,0.001,0.0,0.0,0.0,0.0,0.0,0,1.0,1.0006671114076051,2998,1,2996,0.0013333333333333,False,0.0008905419963411,46,archived_rho_0.5_unchanged,-6.257704449237527,True,ok,
5,Normal,3000,5,0.5,fresh_n,12,2026105712,,-1.0,6.257704449237527,False,1,7.10469992477612,0.9956666666666668,0.9956666666666668,0.995,True,0.9956666666666668,0.0043333333333333,0.0,0.0,0.0,0.0,0.0,7.0919530662082435,1.0,3000,0.0,3000.0,1,3000,0,1.1417895316638502,False,0.0011802499648183,46,archived_rho_0.5_unchanged,0.8342486169707168,False,ok,
5,Normal,3000,5,0.5,fresh_n,12,2026105712,,-1.0,6.257704449237527,False,2,5.934224283265138,0.8556666666666667,0.8556666666666667,0.84,False,0.8556666666666667,0.0043333333333333,0.0,0.0,0.14,0.0,0.0,5.827103713488847,1.0,3000,0.0,93.75,32,21,0,1.642849672357219,False,0.0011194169637747,46,archived_rho_0.5_unchanged,-0.43060073574867985,False,ok,
5,Normal,3000,5,0.5,fresh_n,12,2026105712,,-1.0,6.257704449237527,False,3,5.495100272028817,0.7406666666666667,0.7236666666666667,0.714,False,0.7406666666666667,0.0043333333333333,0.011,0.005,0.239,0.0,0.0,5.3755570803413715,0.9903333333333332,2971,0.0096666666666667,30.303030303030305,99,1,17,1.8572340712158624,False,0.0011785830138251,46,archived_rho_0.5_unchanged,-0.8821473688961552,False,ok,
5,Normal,3000,5,0.5,fresh_n,12,2026105712,,-1.0,6.257704449237527,False,4,5.046415723864536,0.615,0.5986666666666667,0.568,False,0.615,0.0043333333333333,0.042,0.0316666666666666,0.307,0.0,0.0,4.688916101671587,0.9486666666666668,2846,0.0513333333333333,12.76595744680851,235,1,68,2.154123859067836,False,0.0013094169553369,46,archived_rho_0.5_unchanged,-1.56878834756594,False,ok,
5,Normal,3000,5,0.5,fresh_n,12,2026105712,,-1.0,6.257704449237527,False,5,4.466141927395765,0.438,0.398,0.385,False,0.438,0.0043333333333333,0.077,0.0666666666666666,0.414,0.0,0.0,3.9633545576823215,0.8993333333333333,2698,0.1006666666666666,7.389162561576355,406,1,149,2.4293529818979738,False,0.0014045840362086,46,archived_rho_0.5_unchanged,-2.294349891555205,False,ok,
5,Normal,3000,5,0.5,fresh_n,12,2026105712,,-1.0,6.257704449237527,False,6,3.856679779195637,0.2643333333333333,0.2103333333333333,0.186,False,0.2643333333333333,0.0043333333333333,0.1273333333333333,0.0906666666666666,0.5133333333333333,0.0,0.0,3.0361707113872463,0.8346666666666667,2504,0.1653333333333333,4.761904761904762,630,1,265,2.686860478883931,False,0.0015208750264719,46,archived_rho_0.5_unchanged,-3.2215337378502804,False,ok,
5,Normal,3000,5,0.5,fresh_n,12,2026105712,,-1.0,6.257704449237527,False,7,3.3017647857463213,0.1433333333333333,0.093,0.089,False,0.1433333333333333,0.0043333333333333,0.2206666666666666,0.143,0.4886666666666667,0.0,0.0,1.8872544701669165,0.7506666666666667,2252,0.2493333333333333,3.236245954692557,927,1,462,2.9612594153696583,False,0.0015900410362519,46,archived_rho_0.5_unchanged,-4.37044997907061,False,ok,
5,Normal,3000,5,0.5,fresh_n,12,2026105712,,-1.0,6.257704449237527,False,8,2.262184067307293,0.0663333333333333,0.016,0.009,False,0.0663333333333333,0.0043333333333333,0.3073333333333333,0.1906666666666666,0.4313333333333333,0.0,0.0,0.8507488465756602,0.6363333333333333,1909,0.3636666666666667,2.471169686985173,1214,1,652,2.9213978525278534,False,0.0017020420054905,46,archived_rho_0.5_unchanged,-5.406955602661866,False,ok,
5,Normal,3000,5,0.5,fresh_n,12,2026105712,,-1.0,6.257704449237527,False,9,2.012809147531323,0.0336666666666666,0.0033333333333333,0.002,False,0.0336666666666666,0.0043333333333333,0.4006666666666666,0.2153333333333333,0.346,0.0,0.0,0.0338741603818341,0.527,1581,0.473,1.9986675549633577,1501,1,923,2.633779487082844,False,0.0017101250123232,46,archived_rho_0.5_unchanged,-6.223830288855693,False,ok,
5,Normal,3000,5,0.5,fresh_n,12,2026105712,,-1.0,6.257704449237527,False,10,1.3087287916877663,0.0116666666666666,0.0,0.0,False,0.0116666666666666,0.0043333333333333,0.5143333333333333,0.225,0.2446666666666666,0.0,0.0,-0.98274888334197,0.4066666666666667,1220,0.5933333333333333,1.6750418760469012,1791,1,1212,2.344368131964635,False,0.0016605000128038,46,archived_rho_0.5_unchanged,-7.240453332579497,False,ok,
5,Normal,3000,5,0.5,fresh_n,12,2026105712,,-1.0,6.257704449237527,False,11,0.3670777932273811,0.006,0.0,0.0,False,0.006,0.0043333333333333,0.6123333333333333,0.219,0.1583333333333333,0.0,0.0,-1.7745489488366546,0.286,858,0.714,1.4499758337361044,2069,1,1532,1.7591997038425766,False,0.0016050830017775,46,archived_rho_0.5_unchanged,-8.03225339807418,False,ok,
5,Normal,3000,5,0.5,fresh_n,12,2026105712,,-1.0,6.257704449237527,False,12,0.2352819325578026,0.002,0.0,0.0,False,0.002,0.0043333333333333,0.7073333333333334,0.192,0.0943333333333333,0.0,0.0,-2.6409748550427254,0.1873333333333333,562,0.8126666666666666,1.3106159895150722,2289,1,1811,1.3345408408719177,False,0.0015032920055091,46,archived_rho_0.5_unchanged,-8.898679304280252,False,ok,
5,Normal,3000,5,0.5,fresh_n,12,2026105712,,-1.0,6.257704449237527,False,13,-0.2447512264304258,0.0013333333333333,0.0,0.0,False,0.0013333333333333,0.0043333333333333,0.7763333333333333,0.1616666666666666,0.0563333333333333,0.0,0.0,-3.2941930386954934,0.119,357,0.881,1.222992254382389,2453,1,2042,0.9593983891737892,False,0.0014317499590106,46,archived_rho_0.5_unchanged,-9.55189748793302,False,ok,
5,Normal,3000,5,0.5,fresh_n,12,2026105712,,-1.0,6.257704449237527,False,14,-0.8578412209099854,0.001,0.0,0.0,False,0.001,0.0043333333333333,0.844,0.1266666666666666,0.024,0.0,0.0,-3.4121210477232955,0.075,225,0.925,1.1556240369799693,2596,1,2271,0.6271032159821833,False,0.0013035000301897,46,archived_rho_0.5_unchanged,-9.669825496960822,False,ok,
5,Normal,3000,5,0.5,fresh_n,12,2026105712,,-1.0,6.257704449237527,False,15,inf,0.0,0.0,0.0,False,0.0,0.0043333333333333,0.8703333333333333,0.106,0.0193333333333333,0.0,0.0,-4.2094586498190045,0.0423333333333333,127,0.9576666666666668,1.1231748408835642,2671,1,2381,0.4365171035884259,False,0.0012627500109374,46,archived_rho_0.5_unchanged,-10.467163099056531,False,ok,
5,Normal,3000,5,0.5,fresh_n,12,2026105712,,-1.0,6.257704449237527,False,16,inf,0.0,0.0,0.0,False,0.0,0.0043333333333333,0.9006666666666666,0.086,0.009,0.0,0.0,-4.10539342992603,0.0296666666666666,89,0.9703333333333334,1.0924981791697017,2746,1,2522,0.3447677515657539,False,0.0011664170306175,46,archived_rho_0.5_unchanged,-10.363097879163558,False,ok,
5,Normal,3000,5,0.5,fresh_n,12,2026105712,,-1.0,6.257704449237527,False,17,inf,0.0,0.0,0.0,False,0.0,0.0043333333333333,0.9226666666666666,0.0663333333333333,0.0066666666666666,0.0,0.0,-4.344047717928182,0.0176666666666666,53,0.9823333333333332,1.067995728017088,2809,1,2632,0.2037259579201916,False,0.0011189170181751,46,archived_rho_0.5_unchanged,-10.601752167165708,False,ok,
5,Normal,3000,5,0.5,fresh_n,12,2026105712,,-1.0,6.257704449237527,False,18,-0.651347305138255,0.0003333333333333,0.0,0.0,False,0.0003333333333333,0.0043333333333333,0.945,0.0476666666666666,0.0026666666666666,0.0,0.0,-5.385757403143465,0.013,39,0.987,1.0471204188481675,2865,1,2741,0.1606892787000595,False,0.0010461659985594,46,archived_rho_0.5_unchanged,-11.643461852380991,False,ok,
5,Normal,3000,5,0.5,fresh_n,12,2026105712,,-1.0,6.257704449237527,False,19,inf,0.0,0.0,0.0,False,0.0,0.0043333333333333,0.9526666666666668,0.0396666666666666,0.0033333333333333,0.0,0.0,-5.419455147164084,0.008,24,0.992,1.0405827263267429,2883,1,2773,0.1139535633883577,False,0.0010350000229664,46,archived_rho_0.5_unchanged,-11.67715959640161,False,ok,
5,Normal,3000,5,0.5,fresh_n,12,2026105712,,-1.0,6.257704449237527,False,20,inf,0.0,0.0,0.0,False,0.0,0.0043333333333333,0.9536666666666668,0.041,0.001,0.0,0.0,-5.459735603019763,0.0033333333333333,10,0.9966666666666668,1.033057851239669,2904,1,2811,0.0826051116871543,False,0.0010019170003943,46,archived_rho_0.5_unchanged,-11.71744005225729,False,ok,
5,Normal,3000,5,0.5,fresh_n,12,2026105712,,-1.0,6.257704449237527,False,21,inf,0.0,0.0,0.0,False,0.0,0.0043333333333333,0.969,0.0263333333333333,0.0003333333333333,0.0,0.0,-5.866145516048977,0.0013333333333333,4,0.9986666666666668,1.020408163265306,2940,1,2880,0.04,False,0.0009569160174578,46,archived_rho_0.5_unchanged,-12.123849965286503,False,ok,
5,Normal,3000,5,0.5,fresh_n,12,2026105712,,-1.0,6.257704449237527,False,22,inf,0.0,0.0,0.0,False,0.0,0.0043333333333333,0.9713333333333334,0.0236666666666666,0.0006666666666666,0.0,0.0,-6.635415612872666,0.0026666666666666,8,0.9973333333333332,1.0207553589656346,2939,1,2880,0.053016283543456,False,0.0009849590132944,46,archived_rho_0.5_unchanged,-12.893120062110192,False,ok,
5,Normal,3000,5,0.5,fresh_n,12,2026105712,,-1.0,6.257704449237527,False,23,inf,0.0,0.0,0.0,False,0.0,0.0043333333333333,0.9773333333333334,0.018,0.0003333333333333,0.0,0.0,-7.537316957716614,0.0013333333333333,4,0.9986666666666668,1.0141987829614605,2958,1,2916,0.0279999999999999,False,0.0009525410132482,46,archived_rho_0.5_unchanged,-13.795021406954142,False,ok,
5,Normal,3000,5,0.5,fresh_n,12,2026105712,,-1.0,6.257704449237527,False,24,inf,0.0,0.0,0.0,False,0.0,0.0043333333333333,0.9806666666666668,0.015,0.0,0.0,0.0,-6.341284981812387,0.0016666666666666,5,0.9983333333333332,1.0101010101010102,2970,1,2941,0.024840747818782,False,0.0009425000171177,46,archived_rho_0.5_unchanged,-12.598989431049914,False,ok,
5,Normal,3000,5,0.5,fresh_n,12,2026105712,,-1.0,6.257704449237527,False,25,inf,0.0,0.0,0.0,False,0.0,0.0043333333333333,0.9836666666666668,0.012,0.0,0.0,0.0,-11.0073981359301,0.0003333333333333,1,0.9996666666666668,1.0111223458038423,2967,1,2934,0.0219999999999999,False,0.0009547909721732,46,archived_rho_0.5_unchanged,-17.265102585167625,False,ok,
5,Normal,3000,5,0.5,fresh_n,12,2026105712,,-1.0,6.257704449237527,False,26,inf,0.0,0.0,0.0,False,0.0,0.0043333333333333,0.9886666666666668,0.007,0.0,0.0,0.0,-5.531360168126766,0.0006666666666666,2,0.9993333333333332,1.0084033613445378,2975,1,2950,0.0166666666666666,False,0.0009188330150209,46,archived_rho_0.5_unchanged,-11.789064617364293,False,ok,
5,Normal,3000,5,0.5,fresh_n,12,2026105712,,-1.0,6.257704449237527,False,27,inf,0.0,0.0,0.0,False,0.0,0.0043333333333333,0.9866666666666668,0.009,0.0,0.0,0.0,-9.226032198547763,0.0006666666666666,2,0.9993333333333332,1.007387508394896,2978,1,2956,0.0146666666666666,False,0.0009129579993896,46,archived_rho_0.5_unchanged,-15.483736647785289,False,ok,
5,Normal,3000,5,0.5,fresh_n,12,2026105712,,-1.0,6.257704449237527,False,28,inf,0.0,0.0,0.0,False,0.0,0.0043333333333333,0.989,0.0066666666666666,0.0,0.0,0.0,-7.1025055407530555,0.0003333333333333,1,0.9996666666666668,1.0070493454179257,2979,1,2958,0.0139999999999999,False,0.0009229170391336,46,archived_rho_0.5_unchanged,-13.360209989990583,False,ok,
5,Normal,3000,5,0.5,fresh_n,12,2026105712,,-1.0,6.257704449237527,False,29,inf,0.0,0.0,0.0,False,0.0,0.0043333333333333,0.99,0.0056666666666666,0.0,0.0,0.0,0.0,0.0,0,1.0,1.0040160642570282,2988,1,2976,0.0079999999999999,False,0.0009011249640025,46,archived_rho_0.5_unchanged,-6.257704449237527,True,ok,
5,Normal,3000,5,0.5,fresh_n,12,2026105712,,-1.0,6.257704449237527,False,30,inf,0.0,0.0,0.0,False,0.0,0.0043333333333333,0.991,0.0046666666666666,0.0,0.0,0.0,0.0,0.0,0,1.0,1.0040160642570282,2988,1,2976,0.0079999999999999,False,0.0008971670176833,46,archived_rho_0.5_unchanged,-6.257704449237527,True,ok,
5,Normal,3000,5,0.5,fresh_n,12,2026105712,,-1.0,6.257704449237527,False,31,inf,0.0,0.0,0.0,False,0.0,0.0043333333333333,0.9916666666666668,0.004,0.0,0.0,0.0,0.0,0.0,0,1.0,1.0046885465505693,2986,1,2972,0.0093333333333333,False,0.0009105000062845,46,archived_rho_0.5_unchanged,-6.257704449237527,True,ok,
5,Normal,3000,5,0.5,fresh_n,12,2026105712,,-1.0,6.257704449237527,False,32,inf,0.0,0.0,0.0,False,0.0,0.0043333333333333,0.9936666666666668,0.002,0.0,0.0,0.0,0.0,0.0,0,1.0,1.0040160642570282,2988,1,2976,0.0079999999999999,False,0.0008853340405039,46,archived_rho_0.5_unchanged,-6.257704449237527,True,ok,
5,Normal,3000,5,0.5,fresh_n,12,2026105712,,-1.0,6.257704449237527,False,33,inf,0.0,0.0,0.0,False,0.0,0.0043333333333333,0.993,0.0026666666666666,0.0,0.0,0.0,0.0,0.0,0,1.0,1.002004008016032,2994,1,2988,0.0039999999999999,False,0.0008903329726308,46,archived_rho_0.5_unchanged,-6.257704449237527,True,ok,
5,Normal,3000,5,0.5,fresh_n,12,2026105712,,-1.0,6.257704449237527,False,34,inf,0.0,0.0,0.0,False,0.0,0.0043333333333333,0.993,0.0026666666666666,0.0,0.0,0.0,0.0,0.0,0,1.0,1.002673796791444,2992,1,2984,0.0053333333333333,False,0.0009141250047832,46,archived_rho_0.5_unchanged,-6.257704449237527,True,ok,
5,Normal,3000,5,0.5,fresh_n,12,2026105712,,-1.0,6.257704449237527,False,35,inf,0.0,0.0,0.0,False,0.0,0.0043333333333333,0.9933333333333332,0.0023333333333333,0.0,0.0,0.0,0.0,0.0,0,1.0,1.001669449081803,2995,1,2990,0.0033333333333333,False,0.0008867919677868,46,archived_rho_0.5_unchanged,-6.257704449237527,True,ok,
5,Normal,3000,5,0.5,fresh_n,12,2026105712,,-1.0,6.257704449237527,False,36,inf,0.0,0.0,0.0,False,0.0,0.0043333333333333,0.9946666666666668,0.001,0.0,0.0,0.0,0.0,0.0,0,1.0,1.0013351134846462,2996,1,2992,0.0026666666666666,False,0.0008872920298017,46,archived_rho_0.5_unchanged,-6.257704449237527,True,ok,
5,Normal,3000,5,0.5,fresh_n,12,2026105712,,-1.0,6.257704449237527,False,37,inf,0.0,0.0,0.0,False,0.0,0.0043333333333333,0.9946666666666668,0.001,0.0,0.0,0.0,0.0,0.0,0,1.0,1.002004008016032,2994,1,2988,0.0039999999999999,False,0.0008952500065788,46,archived_rho_0.5_unchanged,-6.257704449237527,True,ok,
5,Normal,3000,5,0.5,fresh_n,12,2026105712,,-1.0,6.257704449237527,False,38,inf,0.0,0.0,0.0,False,0.0,0.0043333333333333,0.9946666666666668,0.001,0.0,0.0,0.0,0.0,0.0,0,1.0,1.001001001001001,2997,1,2994,0.0019999999999999,False,0.0008844169788062,46,archived_rho_0.5_unchanged,-6.257704449237527,True,ok,
5,Normal,3000,5,0.5,fresh_n,12,2026105712,,-1.0,6.257704449237527,False,39,inf,0.0,0.0,0.0,False,0.0,0.0043333333333333,0.992,0.0036666666666666,0.0,0.0,0.0,0.0,0.0,0,1.0,1.0013351134846462,2996,1,2992,0.0026666666666666,False,0.0008829580037854,46,archived_rho_0.5_unchanged,-6.257704449237527,True,ok,
5,Normal,3000,5,0.5,fresh_n,12,2026105712,,-1.0,6.257704449237527,False,40,inf,0.0,0.0,0.0,False,0.0,0.0043333333333333,0.9956666666666668,0.0,0.0,0.0,0.0,0.0,0.0,0,1.0,1.0013351134846462,2996,1,2992,0.0026666666666666,False,0.0008898749947547,46,archived_rho_0.5_unchanged,-6.257704449237527,True,ok,
5,Normal,3000,5,0.5,fresh_n,13,2026105713,,-1.0,6.257704449237527,False,1,7.089259987862494,0.9946666666666668,0.9946666666666668,0.994,True,0.9946666666666668,0.0053333333333333,0.0,0.0,0.0,0.0,0.0,7.081590415789099,1.0,3000,0.0,3000.0,1,3000,0,1.14377781807011,False,0.0011785000097006,46,archived_rho_0.5_unchanged,0.8238859665515728,False,ok,
5,Normal,3000,5,0.5,fresh_n,13,2026105713,,-1.0,6.257704449237527,False,2,5.933945085859981,0.8603333333333333,0.8603333333333333,0.844,False,0.8603333333333333,0.0053333333333333,0.0,0.0,0.1343333333333333,0.0,0.0,5.82253330780497,1.0,3000,0.0,93.75,32,19,0,1.6435636222645311,False,0.0011404160177335,46,archived_rho_0.5_unchanged,-0.43517114143255675,False,ok,
5,Normal,3000,5,0.5,fresh_n,13,2026105713,,-1.0,6.257704449237527,False,3,5.474774761294428,0.7443333333333333,0.7256666666666667,0.719,False,0.7443333333333333,0.0053333333333333,0.01,0.0063333333333333,0.234,0.0,0.0,5.406326243122865,0.9893333333333332,2968,0.0106666666666667,31.57894736842105,95,1,22,1.8137500661191883,False,0.0011530419578775,46,archived_rho_0.5_unchanged,-0.8513782061146618,False,ok,
5,Normal,3000,5,0.5,fresh_n,13,2026105713,,-1.0,6.257704449237527,False,4,5.095573108922835,0.634,0.618,0.608,False,0.634,0.0053333333333333,0.0376666666666666,0.0326666666666666,0.2903333333333333,0.0,0.0,4.8055154341490365,0.9546666666666668,2864,0.0453333333333333,13.88888888888889,216,1,68,2.0676751810919027,False,0.0012871250510215,46,archived_rho_0.5_unchanged,-1.4521890150884902,False,ok,
5,Normal,3000,5,0.5,fresh_n,13,2026105713,,-1.0,6.257704449237527,False,5,4.624412071260558,0.4586666666666666,0.4313333333333333,0.42,False,0.4586666666666666,0.0053333333333333,0.063,0.0683333333333333,0.4046666666666667,0.0,0.0,4.089635983261445,0.9073333333333332,2722,0.0926666666666666,7.653061224489796,392,1,170,2.341460146585215,False,0.0013449590187519,46,archived_rho_0.5_unchanged,-2.1680684659760816,False,ok,
5,Normal,3000,5,0.5,fresh_n,13,2026105713,,-1.0,6.257704449237527,False,6,4.0063808416037805,0.2873333333333333,0.246,0.239,False,0.2873333333333333,0.0053333333333333,0.1206666666666666,0.0786666666666666,0.508,0.0,0.0,3.144555206651853,0.87,2610,0.13,5.30035335689046,566,1,237,2.786385199324554,False,0.0014744999934919,46,archived_rho_0.5_unchanged,-3.1131492425856737,False,ok,
5,Normal,3000,5,0.5,fresh_n,13,2026105713,,-1.0,6.257704449237527,False,7,3.517293005822117,0.1703333333333333,0.113,0.081,False,0.1703333333333333,0.0053333333333333,0.1856666666666666,0.121,0.5176666666666667,0.0,0.0,2.2634057360242146,0.7783333333333333,2335,0.2216666666666666,3.6540803897685743,821,1,380,2.8526235197378735,False,0.001576125039719,46,archived_rho_0.5_unchanged,-3.994298713213312,False,ok,
5,Normal,3000,5,0.5,fresh_n,13,2026105713,,-1.0,6.257704449237527,False,8,2.708320898280789,0.0856666666666666,0.032,0.026,False,0.0856666666666666,0.0053333333333333,0.2776666666666667,0.1586666666666666,0.4726666666666667,0.0,0.0,1.2951971812985177,0.6746666666666666,2024,0.3253333333333333,2.702702702702702,1110,1,594,2.857423587501185,False,0.0016536670154891,46,archived_rho_0.5_unchanged,-4.962507267939009,False,ok,
5,Normal,3000,5,0.5,fresh_n,13,2026105713,,-1.0,6.257704449237527,False,9,2.240524743270066,0.0403333333333333,0.006,0.003,False,0.0403333333333333,0.0053333333333333,0.387,0.207,0.3603333333333333,0.0,0.0,0.2187939439569051,0.5776666666666667,1733,0.4223333333333333,2.1246458923512748,1412,1,849,2.80639022644622,False,0.001703375019133,46,archived_rho_0.5_unchanged,-6.038910505280621,False,ok,
5,Normal,3000,5,0.5,fresh_n,13,2026105713,,-1.0,6.257704449237527,False,10,1.4042636816272016,0.014,0.0003333333333333,0.0,False,0.014,0.0053333333333333,0.4776666666666667,0.2223333333333333,0.2806666666666667,0.0,0.0,-0.6753442547160263,0.4453333333333333,1336,0.5546666666666666,1.7889087656529516,1677,1,1053,2.530824149409134,False,0.0017050839960575,46,archived_rho_0.5_unchanged,-6.933048703953553,False,ok,
5,Normal,3000,5,0.5,fresh_n,13,2026105713,,-1.0,6.257704449237527,False,11,-0.1177085353623573,0.004,0.0,0.0,False,0.004,0.0053333333333333,0.5866666666666667,0.223,0.181,0.0,0.0,-1.477225169700807,0.3196666666666666,959,0.6803333333333333,1.529051987767584,1962,1,1378,1.976110087123386,False,0.0016573330503888,46,archived_rho_0.5_unchanged,-7.734929618938334,False,ok,
5,Normal,3000,5,0.5,fresh_n,13,2026105713,,-1.0,6.257704449237527,False,12,-0.0056080116004968,0.0013333333333333,0.0,0.0,False,0.0013333333333333,0.0053333333333333,0.671,0.224,0.0983333333333333,0.0,0.0,-2.3775382092105835,0.2203333333333333,661,0.7796666666666667,1.372369624885636,2186,1,1646,1.5401061118233217,False,0.0015834170044399,46,archived_rho_0.5_unchanged,-8.63524265844811,False,ok,
5,Normal,3000,5,0.5,fresh_n,13,2026105713,,-1.0,6.257704449237527,False,13,-0.0823606397509133,0.0006666666666666,0.0,0.0,False,0.0006666666666666,0.0053333333333333,0.7473333333333333,0.177,0.0696666666666666,0.0,0.0,-2.8552023424710327,0.152,456,0.848,1.267427122940431,2367,1,1919,1.1569182229665815,False,0.0014617500128224,46,archived_rho_0.5_unchanged,-9.112906791708559,False,ok,
5,Normal,3000,5,0.5,fresh_n,13,2026105713,,-1.0,6.257704449237527,False,14,inf,0.0,0.0,0.0,False,0.0,0.0053333333333333,0.8016666666666666,0.158,0.035,0.0,0.0,-3.479154349649024,0.0923333333333333,277,0.9076666666666666,1.1909487892020645,2519,1,2139,0.7892506451207681,False,0.0013655410148203,46,archived_rho_0.5_unchanged,-9.736858798886551,False,ok,
5,Normal,3000,5,0.5,fresh_n,13,2026105713,,-1.0,6.257704449237527,False,15,0.2569484429633535,0.0003333333333333,0.0,0.0,False,0.0003333333333333,0.0053333333333333,0.86,0.1143333333333333,0.02,0.0,0.0,-3.881835528483536,0.054,162,0.946,1.128243700639338,2659,1,2372,0.5201617580645452,False,0.0012687499984167,46,archived_rho_0.5_unchanged,-10.139539977721062,False,ok,
5,Normal,3000,5,0.5,fresh_n,13,2026105713,,-1.0,6.257704449237527,False,16,inf,0.0,0.0,0.0,False,0.0,0.0053333333333333,0.8836666666666667,0.0986666666666666,0.0123333333333333,0.0,0.0,-4.162318277947775,0.0383333333333333,115,0.9616666666666668,1.104158998895841,2717,1,2474,0.3626458686386081,False,0.0011924169957637,46,archived_rho_0.5_unchanged,-10.420022727185302,False,ok,
5,Normal,3000,5,0.5,fresh_n,13,2026105713,,-1.0,6.257704449237527,False,17,inf,0.0,0.0,0.0,False,0.0,0.0053333333333333,0.9236666666666666,0.065,0.006,0.0,0.0,-4.089819883441173,0.0183333333333333,55,0.9816666666666668,1.0718113612004287,2799,1,2614,0.2045514960476959,False,0.0011386669939383,46,archived_rho_0.5_unchanged,-10.347524332678699,False,ok,
5,Normal,3000,5,0.5,fresh_n,13,2026105713,,-1.0,6.257704449237527,False,18,inf,0.0,0.0,0.0,False,0.0,0.0053333333333333,0.9303333333333332,0.0573333333333333,0.007,0.0,0.0,-4.2270068318125915,0.0166666666666666,50,0.9833333333333332,1.064962726304579,2817,1,2650,0.1982293984586603,False,0.0010993329924531,46,archived_rho_0.5_unchanged,-10.484711281050117,False,ok,
5,Normal,3000,5,0.5,fresh_n,13,2026105713,,-1.0,6.257704449237527,False,19,inf,0.0,0.0,0.0,False,0.0,0.0053333333333333,0.9406666666666668,0.05,0.004,0.0,0.0,-4.628824618105896,0.009,27,0.991,1.0478519035976248,2863,1,2732,0.1252507466499249,False,0.001074666972272,46,archived_rho_0.5_unchanged,-10.886529067343423,False,ok,
5,Normal,3000,5,0.5,fresh_n,13,2026105713,,-1.0,6.257704449237527,False,20,inf,0.0,0.0,0.0,False,0.0,0.0053333333333333,0.9606666666666668,0.031,0.003,0.0,0.0,-5.2263105782728045,0.0076666666666666,23,0.9923333333333332,1.037344398340249,2892,1,2790,0.1079647254588443,False,0.0010169169981963,46,archived_rho_0.5_unchanged,-11.484015027510331,False,ok,
5,Normal,3000,5,0.5,fresh_n,13,2026105713,,-1.0,6.257704449237527,False,21,-1.750628223036255,0.0003333333333333,0.0,0.0,False,0.0003333333333333,0.0053333333333333,0.9603333333333334,0.032,0.002,0.0,0.0,-4.985901619670789,0.0046666666666666,14,0.9953333333333332,1.0284538909838876,2917,1,2837,0.0730354919882654,False,0.0009933749679476,46,archived_rho_0.5_unchanged,-11.243606068908315,False,ok,
5,Normal,3000,5,0.5,fresh_n,13,2026105713,,-1.0,6.257704449237527,False,22,inf,0.0,0.0,0.0,False,0.0,0.0053333333333333,0.9686666666666668,0.0253333333333333,0.0006666666666666,0.0,0.0,-5.5893251135519355,0.0056666666666666,17,0.9943333333333332,1.026694045174538,2922,1,2848,0.0775730814023664,False,0.0010031670099124,46,archived_rho_0.5_unchanged,-11.847029562789462,False,ok,
5,Normal,3000,5,0.5,fresh_n,13,2026105713,,-1.0,6.257704449237527,False,23,inf,0.0,0.0,0.0,False,0.0,0.0053333333333333,0.976,0.0176666666666666,0.001,0.0,0.0,-4.396917486660015,0.003,9,0.997,1.0166045408336155,2951,1,2905,0.0511838506091699,False,0.0009570000111125,46,archived_rho_0.5_unchanged,-10.654621935897541,False,ok,
5,Normal,3000,5,0.5,fresh_n,13,2026105713,,-1.0,6.257704449237527,False,24,inf,0.0,0.0,0.0,False,0.0,0.0053333333333333,0.98,0.0143333333333333,0.0003333333333333,0.0,0.0,-6.816562929769783,0.0043333333333333,13,0.9956666666666668,1.0145417653026716,2957,1,2918,0.0469257734474571,False,0.0010324590257368,46,archived_rho_0.5_unchanged,-13.07426737900731,False,ok,
5,Normal,3000,5,0.5,fresh_n,13,2026105713,,-1.0,6.257704449237527,False,25,inf,0.0,0.0,0.0,False,0.0,0.0053333333333333,0.9796666666666668,0.0146666666666666,0.0003333333333333,0.0,0.0,-7.870399078817764,0.0006666666666666,2,0.9993333333333332,1.0166045408336155,2951,1,2902,0.0326666666666666,False,0.0009742499678395,46,archived_rho_0.5_unchanged,-14.128103528055291,False,ok,
5,Normal,3000,5,0.5,fresh_n,13,2026105713,,-1.0,6.257704449237527,False,26,inf,0.0,0.0,0.0,False,0.0,0.0053333333333333,0.9836666666666668,0.0103333333333333,0.0006666666666666,0.0,0.0,-6.400325879988816,0.0026666666666666,8,0.9973333333333332,1.0124873439082012,2963,1,2929,0.0354801630492772,False,0.0009395420202054,46,archived_rho_0.5_unchanged,-12.658030329226342,False,ok,
5,Normal,3000,5,0.5,fresh_n,13,2026105713,,-1.0,6.257704449237527,False,27,inf,0.0,0.0,0.0,False,0.0,0.0053333333333333,0.9853333333333332,0.0093333333333333,0.0,0.0,0.0,-5.038762246424826,0.0003333333333333,1,0.9996666666666668,1.0090817356205852,2973,1,2946,0.0179999999999999,False,0.0009451250080019,46,archived_rho_0.5_unchanged,-11.296466695662353,False,ok,
5,Normal,3000,5,0.5,fresh_n,13,2026105713,,-1.0,6.257704449237527,False,28,inf,0.0,0.0,0.0,False,0.0,0.0053333333333333,0.987,0.0073333333333333,0.0003333333333333,0.0,0.0,-5.489730220576884,0.0003333333333333,1,0.9996666666666668,1.0056989607777405,2983,1,2966,0.0113333333333333,False,0.0009121249895542,46,archived_rho_0.5_unchanged,-11.74743466981441,False,ok,
5,Normal,3000,5,0.5,fresh_n,13,2026105713,,-1.0,6.257704449237527,False,29,inf,0.0,0.0,0.0,False,0.0,0.0053333333333333,0.991,0.0036666666666666,0.0,0.0,0.0,-5.037615588676196,0.0006666666666666,2,0.9993333333333332,1.0053619302949062,2984,1,2968,0.0106666666666666,False,0.0009159170440398,46,archived_rho_0.5_unchanged,-11.295320037913722,False,ok,
5,Normal,3000,5,0.5,fresh_n,13,2026105713,,-1.0,6.257704449237527,False,30,inf,0.0,0.0,0.0,False,0.0,0.0053333333333333,0.9903333333333332,0.0043333333333333,0.0,0.0,0.0,-6.545929444116499,0.0003333333333333,1,0.9996666666666668,1.0033444816053512,2990,1,2980,0.0066666666666666,False,0.0009204999660141,46,archived_rho_0.5_unchanged,-12.803633893354025,False,ok,
5,Normal,3000,5,0.5,fresh_n,13,2026105713,,-1.0,6.257704449237527,False,31,inf,0.0,0.0,0.0,False,0.0,0.0053333333333333,0.99,0.0046666666666666,0.0,0.0,0.0,-5.7125974537770405,0.0006666666666666,2,0.9993333333333332,1.001669449081803,2995,1,2990,0.0033333333333333,False,0.0008984580053947,46,archived_rho_0.5_unchanged,-11.970301903014567,False,ok,
5,Normal,3000,5,0.5,fresh_n,13,2026105713,,-1.0,6.257704449237527,False,32,inf,0.0,0.0,0.0,False,0.0,0.0053333333333333,0.9896666666666668,0.005,0.0,0.0,0.0,-6.545929444116499,0.0003333333333333,1,0.9996666666666668,1.0036801605888257,2989,1,2978,0.0073333333333333,False,0.0009052089881151,46,archived_rho_0.5_unchanged,-12.803633893354025,False,ok,
5,Normal,3000,5,0.5,fresh_n,13,2026105713,,-1.0,6.257704449237527,False,33,inf,0.0,0.0,0.0,False,0.0,0.0053333333333333,0.9913333333333332,0.0033333333333333,0.0,0.0,0.0,-6.147575192064109,0.0006666666666666,2,0.9993333333333332,1.0030090270812435,2991,1,2982,0.0059999999999999,False,0.0009176249732263,46,archived_rho_0.5_unchanged,-12.405279641301636,False,ok,
5,Normal,3000,5,0.5,fresh_n,13,2026105713,,-1.0,6.257704449237527,False,34,inf,0.0,0.0,0.0,False,0.0,0.0053333333333333,0.9916666666666668,0.003,0.0,0.0,0.0,0.0,0.0,0,1.0,1.002004008016032,2994,1,2988,0.0039999999999999,False,0.0008903330308385,46,archived_rho_0.5_unchanged,-6.257704449237527,True,ok,
5,Normal,3000,5,0.5,fresh_n,13,2026105713,,-1.0,6.257704449237527,False,35,inf,0.0,0.0,0.0,False,0.0,0.0053333333333333,0.992,0.0026666666666666,0.0,0.0,0.0,0.0,0.0,0,1.0,1.0033444816053512,2990,1,2980,0.0066666666666666,False,0.0009169169934466,46,archived_rho_0.5_unchanged,-6.257704449237527,True,ok,
5,Normal,3000,5,0.5,fresh_n,13,2026105713,,-1.0,6.257704449237527,False,36,inf,0.0,0.0,0.0,False,0.0,0.0053333333333333,0.992,0.0026666666666666,0.0,0.0,0.0,0.0,0.0,0,1.0,1.0013351134846462,2996,1,2992,0.0026666666666666,False,0.000913749972824,46,archived_rho_0.5_unchanged,-6.257704449237527,True,ok,
5,Normal,3000,5,0.5,fresh_n,13,2026105713,,-1.0,6.257704449237527,False,37,inf,0.0,0.0,0.0,False,0.0,0.0053333333333333,0.992,0.0026666666666666,0.0,0.0,0.0,0.0,0.0,0,1.0,1.002338790511193,2993,1,2986,0.0046666666666666,False,0.0008999580168165,46,archived_rho_0.5_unchanged,-6.257704449237527,True,ok,
5,Normal,3000,5,0.5,fresh_n,13,2026105713,,-1.0,6.257704449237527,False,38,inf,0.0,0.0,0.0,False,0.0,0.0053333333333333,0.993,0.0016666666666666,0.0,0.0,0.0,0.0,0.0,0,1.0,1.0013351134846462,2996,1,2992,0.0026666666666666,False,0.0008917080122046,46,archived_rho_0.5_unchanged,-6.257704449237527,True,ok,
5,Normal,3000,5,0.5,fresh_n,13,2026105713,,-1.0,6.257704449237527,False,39,inf,0.0,0.0,0.0,False,0.0,0.0053333333333333,0.993,0.0016666666666666,0.0,0.0,0.0,0.0,0.0,0,1.0,1.002004008016032,2994,1,2988,0.0039999999999999,False,0.0009076250134967,46,archived_rho_0.5_unchanged,-6.257704449237527,True,ok,
5,Normal,3000,5,0.5,fresh_n,13,2026105713,,-1.0,6.257704449237527,False,40,inf,0.0,0.0,0.0,False,0.0,0.0053333333333333,0.993,0.0016666666666666,0.0,0.0,0.0,0.0,0.0,0,1.0,1.0006671114076051,2998,1,2996,0.0013333333333333,False,0.0008977089892141,46,archived_rho_0.5_unchanged,-6.257704449237527,True,ok,
5,Normal,3000,5,0.5,fresh_n,14,2026105714,,-1.0,6.257704449237527,False,1,7.069817209344071,0.9956666666666668,0.9956666666666668,0.993,True,0.9956666666666668,0.0043333333333333,0.0,0.0,0.0,0.0,0.0,7.054998165403176,1.0,3000,0.0,3000.0,1,3000,0,1.142371597759661,False,0.0011862919782288,46,archived_rho_0.5_unchanged,0.7972937161656493,False,ok,
5,Normal,3000,5,0.5,fresh_n,14,2026105714,,-1.0,6.257704449237527,False,2,5.880652690237375,0.8586666666666667,0.8586666666666667,0.85,False,0.8586666666666667,0.0043333333333333,0.0,0.0,0.137,0.0,0.0,5.786912928943357,1.0,3000,0.0,93.75,32,26,0,1.6415707404498818,False,0.0011366250109858,46,archived_rho_0.5_unchanged,-0.4707915202941697,False,ok,
5,Normal,3000,5,0.5,fresh_n,14,2026105714,,-1.0,6.257704449237527,False,3,5.443992917383944,0.7536666666666667,0.7266666666666667,0.679,False,0.7536666666666667,0.0043333333333333,0.0076666666666666,0.007,0.2273333333333333,0.0,0.0,5.3387777712418005,0.9903333333333332,2971,0.0096666666666667,30.612244897959183,98,1,19,1.8544774806273625,False,0.0011643340112641,46,archived_rho_0.5_unchanged,-0.9189266779957261,False,ok,
5,Normal,3000,5,0.5,fresh_n,14,2026105714,,-1.0,6.257704449237527,False,4,4.9818181894386,0.6096666666666667,0.5956666666666667,0.575,False,0.6096666666666667,0.0043333333333333,0.036,0.0366666666666666,0.3133333333333333,0.0,0.0,4.69152414373439,0.953,2859,0.047,12.875536480686696,233,1,74,2.1525444342316566,False,0.0012872500228695,46,archived_rho_0.5_unchanged,-1.5661803055031367,False,ok,
5,Normal,3000,5,0.5,fresh_n,14,2026105714,,-1.0,6.257704449237527,False,5,4.482264072778389,0.4476666666666666,0.4183333333333333,0.399,False,0.4476666666666666,0.0043333333333333,0.0736666666666666,0.052,0.4223333333333333,0.0,0.0,3.955771171548901,0.9033333333333332,2710,0.0966666666666666,7.425742574257426,404,1,161,2.3897032090892796,False,0.0013731670333072,46,archived_rho_0.5_unchanged,-2.301933277688626,False,ok,
5,Normal,3000,5,0.5,fresh_n,14,2026105714,,-1.0,6.257704449237527,False,6,3.903014599495851,0.273,0.222,0.197,False,0.273,0.0043333333333333,0.1316666666666666,0.0923333333333333,0.4986666666666666,0.0,0.0,2.8472167368005676,0.8543333333333333,2563,0.1456666666666667,4.8,625,1,265,2.8135161769745447,False,0.0014945000293664,46,archived_rho_0.5_unchanged,-3.410487712436959,False,ok,
5,Normal,3000,5,0.5,fresh_n,14,2026105714,,-1.0,6.257704449237527,False,7,3.202513296712279,0.1523333333333333,0.0946666666666666,0.084,False,0.1523333333333333,0.0043333333333333,0.2073333333333333,0.1276666666666666,0.5083333333333333,0.0,0.0,2.0108990428888154,0.7633333333333333,2290,0.2366666666666667,3.3482142857142856,896,1,441,2.9772103257797977,False,0.0015817090170457,46,archived_rho_0.5_unchanged,-4.246805406348711,False,ok,
5,Normal,3000,5,0.5,fresh_n,14,2026105714,,-1.0,6.257704449237527,False,8,2.5465971204727995,0.0783333333333333,0.0296666666666666,0.02,False,0.0783333333333333,0.0043333333333333,0.294,0.175,0.4483333333333333,0.0,0.0,1.069872656795185,0.6413333333333333,1924,0.3586666666666667,2.5020850708924103,1199,1,665,2.825740027956007,False,0.0016683330177329,46,archived_rho_0.5_unchanged,-5.187831792442342,False,ok,
5,Normal,3000,5,0.5,fresh_n,14,2026105714,,-1.0,6.257704449237527,False,9,1.859403553947297,0.033,0.005,0.004,False,0.033,0.0043333333333333,0.4083333333333333,0.2043333333333333,0.35,0.0,0.0,0.1463056153351847,0.5163333333333333,1549,0.4836666666666667,1.99203187250996,1506,1,931,2.5928438949019283,False,0.001674290979281,46,archived_rho_0.5_unchanged,-6.111398833902342,False,ok,
5,Normal,3000,5,0.5,fresh_n,14,2026105714,,-1.0,6.257704449237527,False,10,1.0473126627408285,0.0123333333333333,0.001,0.0,False,0.0123333333333333,0.0043333333333333,0.5176666666666667,0.2303333333333333,0.2353333333333333,0.0,0.0,-1.0396717528928108,0.4066666666666667,1220,0.5933333333333333,1.693002257336343,1772,1,1174,2.315197423342553,False,0.0016703750006854,46,archived_rho_0.5_unchanged,-7.297376202130337,False,ok,
5,Normal,3000,5,0.5,fresh_n,14,2026105714,,-1.0,6.257704449237527,False,11,0.620816508835208,0.0063333333333333,0.0006666666666666,0.0,False,0.0063333333333333,0.0043333333333333,0.6213333333333333,0.221,0.147,0.0,0.0,-1.7718313772245748,0.2773333333333333,832,0.7226666666666667,1.4619883040935673,2052,1,1483,1.8225481727548063,False,0.0016191659960895,46,archived_rho_0.5_unchanged,-8.029535826462102,False,ok,
5,Normal,3000,5,0.5,fresh_n,14,2026105714,,-1.0,6.257704449237527,False,12,-0.3345409776686017,0.0016666666666666,0.0,0.0,False,0.0016666666666666,0.0043333333333333,0.7143333333333334,0.1863333333333333,0.0933333333333333,0.0,0.0,-2.538725756325547,0.1963333333333333,589,0.8036666666666666,1.3233348037053374,2267,1,1789,1.3505886767078603,False,0.001482457970269,46,archived_rho_0.5_unchanged,-8.796430205563073,False,ok,
5,Normal,3000,5,0.5,fresh_n,14,2026105714,,-1.0,6.257704449237527,False,13,-0.7515048266591793,0.0016666666666666,0.0,0.0,False,0.0016666666666666,0.0043333333333333,0.7723333333333333,0.16,0.0616666666666666,0.0,0.0,-3.1026555186970373,0.1233333333333333,370,0.8766666666666667,1.2345679012345678,2430,1,2006,0.9660177703429952,False,0.001431374985259,46,archived_rho_0.5_unchanged,-9.360359967934563,False,ok,
5,Normal,3000,5,0.5,fresh_n,14,2026105714,,-1.0,6.257704449237527,False,14,inf,0.0,0.0,0.0,False,0.0,0.0043333333333333,0.8376666666666667,0.129,0.029,0.0,0.0,-3.384936963672422,0.0703333333333333,211,0.9296666666666666,1.1556240369799693,2596,1,2267,0.609383932800844,False,0.0012969999806955,46,archived_rho_0.5_unchanged,-9.64264141290995,False,ok,
5,Normal,3000,5,0.5,fresh_n,14,2026105714,,-1.0,6.257704449237527,False,15,-1.3095543434201242,0.0003333333333333,0.0,0.0,False,0.0003333333333333,0.0043333333333333,0.868,0.1066666666666666,0.0206666666666666,0.0,0.0,-3.8286745529518065,0.0473333333333333,142,0.9526666666666668,1.1164867882396723,2687,1,2428,0.4448189458522075,False,0.0012174160219728,46,archived_rho_0.5_unchanged,-10.086379002189332,False,ok,
5,Normal,3000,5,0.5,fresh_n,14,2026105714,,-1.0,6.257704449237527,False,16,inf,0.0,0.0,0.0,False,0.0,0.0043333333333333,0.8996666666666666,0.0873333333333333,0.0086666666666666,0.0,0.0,-4.073428486353763,0.0283333333333333,85,0.9716666666666668,1.095290251916758,2739,1,2501,0.2944401053550097,False,0.0011736250016838,46,archived_rho_0.5_unchanged,-10.33113293559129,False,ok,
5,Normal,3000,5,0.5,fresh_n,14,2026105714,,-1.0,6.257704449237527,False,17,inf,0.0,0.0,0.0,False,0.0,0.0043333333333333,0.9183333333333332,0.068,0.0093333333333333,0.0,0.0,-4.4321722918310416,0.021,63,0.979,1.0702818408847663,2803,1,2628,0.2529976533604631,False,0.0011211669771,46,archived_rho_0.5_unchanged,-10.689876741068568,False,ok,
5,Normal,3000,5,0.5,fresh_n,14,2026105714,,-1.0,6.257704449237527,False,18,inf,0.0,0.0,0.0,False,0.0,0.0043333333333333,0.9386666666666666,0.054,0.003,0.0,0.0,-5.891635504295635,0.008,24,0.992,1.048584411045089,2861,1,2727,0.1219918402868869,False,0.0010535420151427,46,archived_rho_0.5_unchanged,-12.149339953533161,False,ok,
5,Normal,3000,5,0.5,fresh_n,14,2026105714,,-1.0,6.257704449237527,False,19,inf,0.0,0.0,0.0,False,0.0,0.0043333333333333,0.9503333333333334,0.0433333333333333,0.002,0.0,0.0,-5.854784906108303,0.008,24,0.992,1.042752867570386,2877,1,2760,0.1239915611357702,False,0.0010277500259689,46,archived_rho_0.5_unchanged,-12.11248935534583,False,ok,
5,Normal,3000,5,0.5,fresh_n,14,2026105714,,-1.0,6.257704449237527,False,20,inf,0.0,0.0,0.0,False,0.0,0.0043333333333333,0.9643333333333334,0.0303333333333333,0.001,0.0,0.0,-6.023747061532375,0.002,6,0.998,1.02880658436214,2916,1,2833,0.0627409118313318,False,0.0010036249877884,46,archived_rho_0.5_unchanged,-12.281451510769902,False,ok,
5,Normal,3000,5,0.5,fresh_n,14,2026105714,,-1.0,6.257704449237527,False,21,inf,0.0,0.0,0.0,False,0.0,0.0043333333333333,0.9703333333333334,0.0246666666666666,0.0006666666666666,0.0,0.0,-6.686068649379269,0.002,6,0.998,1.0211027910142954,2938,1,2877,0.0470084999917307,False,0.000978166994173,46,archived_rho_0.5_unchanged,-12.943773098616795,False,ok,
5,Normal,3000,5,0.5,fresh_n,14,2026105714,,-1.0,6.257704449237527,False,22,inf,0.0,0.0,0.0,False,0.0,0.0043333333333333,0.977,0.0176666666666666,0.001,0.0,0.0,-5.23961634430753,0.0033333333333333,10,0.9966666666666668,1.017984390906006,2947,1,2897,0.0539025046771981,False,0.0009717079810798,46,archived_rho_0.5_unchanged,-11.497320793545057,False,ok,
5,Normal,3000,5,0.5,fresh_n,14,2026105714,,-1.0,6.257704449237527,False,23,inf,0.0,0.0,0.0,False,0.0,0.0043333333333333,0.9803333333333332,0.0153333333333333,0.0,0.0,0.0,-6.557773940612806,0.0003333333333333,1,0.9996666666666668,1.013856032443393,2959,1,2918,0.0273333333333333,False,0.0009509170195087,46,archived_rho_0.5_unchanged,-12.815478389850334,False,ok,
5,Normal,3000,5,0.5,fresh_n,14,2026105714,,-1.0,6.257704449237527,False,24,inf,0.0,0.0,0.0,False,0.0,0.0043333333333333,0.978,0.0176666666666666,0.0,0.0,0.0,-7.713363395101744,0.0016666666666666,5,0.9983333333333332,1.012829169480081,2962,1,2925,0.0336745981128178,False,0.000946250045672,46,archived_rho_0.5_unchanged,-13.97106784433927,False,ok,
5,Normal,3000,5,0.5,fresh_n,14,2026105714,,-1.0,6.257704449237527,False,25,inf,0.0,0.0,0.0,False,0.0,0.0043333333333333,0.9853333333333332,0.0103333333333333,0.0,0.0,0.0,0.0,0.0,0,1.0,1.0063737001006374,2981,1,2962,0.0126666666666666,False,0.0009386250167153,46,archived_rho_0.5_unchanged,-6.257704449237527,True,ok,
5,Normal,3000,5,0.5,fresh_n,14,2026105714,,-1.0,6.257704449237527,False,26,inf,0.0,0.0,0.0,False,0.0,0.0043333333333333,0.9886666666666668,0.0066666666666666,0.0003333333333333,0.0,0.0,-8.370622110626565,0.001,3,0.999,1.0087424344317415,2974,1,2949,0.0256745981128178,False,0.0009256670018658,46,archived_rho_0.5_unchanged,-14.628326559864092,False,ok,
5,Normal,3000,5,0.5,fresh_n,14,2026105714,,-1.0,6.257704449237527,False,27,inf,0.0,0.0,0.0,False,0.0,0.0043333333333333,0.984,0.0116666666666666,0.0,0.0,0.0,-4.63730053580241,0.0003333333333333,1,0.9996666666666668,1.0067114093959733,2980,1,2960,0.0133333333333333,False,0.0009101250325329,46,archived_rho_0.5_unchanged,-10.895004985039936,False,ok,
5,Normal,3000,5,0.5,fresh_n,14,2026105714,,-1.0,6.257704449237527,False,28,inf,0.0,0.0,0.0,False,0.0,0.0043333333333333,0.9896666666666668,0.0056666666666666,0.0003333333333333,0.0,0.0,-7.889492253215342,0.0016666666666666,5,0.9983333333333332,1.007387508394896,2978,1,2957,0.0203227496708012,False,0.0009258749778382,46,archived_rho_0.5_unchanged,-14.147196702452868,False,ok,
5,Normal,3000,5,0.5,fresh_n,14,2026105714,,-1.0,6.257704449237527,False,29,inf,0.0,0.0,0.0,False,0.0,0.0043333333333333,0.9913333333333332,0.0043333333333333,0.0,0.0,0.0,-5.436486017099343,0.0003333333333333,1,0.9996666666666668,1.0053619302949062,2984,1,2968,0.0106666666666666,False,0.0009046659688465,46,archived_rho_0.5_unchanged,-11.69419046633687,False,ok,
5,Normal,3000,5,0.5,fresh_n,14,2026105714,,-1.0,6.257704449237527,False,30,inf,0.0,0.0,0.0,False,0.0,0.0043333333333333,0.993,0.0026666666666666,0.0,0.0,0.0,-7.640073798718566,0.0006666666666666,2,0.9993333333333332,1.002004008016032,2994,1,2988,0.0039999999999999,False,0.0008975830278359,46,archived_rho_0.5_unchanged,-13.897778247956094,False,ok,
5,Normal,3000,5,0.5,fresh_n,14,2026105714,,-1.0,6.257704449237527,False,31,inf,0.0,0.0,0.0,False,0.0,0.0043333333333333,0.9923333333333332,0.0033333333333333,0.0,0.0,0.0,-5.290726579204663,0.001,3,0.999,1.0030090270812435,2991,1,2983,0.0114276006882795,False,0.0009087910293601,46,archived_rho_0.5_unchanged,-11.54843102844219,False,ok,
5,Normal,3000,5,0.5,fresh_n,14,2026105714,,-1.0,6.257704449237527,False,32,inf,0.0,0.0,0.0,False,0.0,0.0043333333333333,0.9933333333333332,0.0023333333333333,0.0,0.0,0.0,0.0,0.0,0,1.0,1.002673796791444,2992,1,2984,0.0053333333333333,False,0.0009027079795487,46,archived_rho_0.5_unchanged,-6.257704449237527,True,ok,
5,Normal,3000,5,0.5,fresh_n,14,2026105714,,-1.0,6.257704449237527,False,33,inf,0.0,0.0,0.0,False,0.0,0.0043333333333333,0.9923333333333332,0.0033333333333333,0.0,0.0,0.0,-5.290726579204663,0.001,3,0.999,1.0033444816053512,2990,1,2981,0.0120942673549462,False,0.00090858299518,46,archived_rho_0.5_unchanged,-11.54843102844219,False,ok,
5,Normal,3000,5,0.5,fresh_n,14,2026105714,,-1.0,6.257704449237527,False,34,inf,0.0,0.0,0.0,False,0.0,0.0043333333333333,0.992,0.0036666666666666,0.0,0.0,0.0,0.0,0.0,0,1.0,1.002673796791444,2992,1,2984,0.0053333333333333,False,0.0009130000253207,46,archived_rho_0.5_unchanged,-6.257704449237527,True,ok,
5,Normal,3000,5,0.5,fresh_n,14,2026105714,,-1.0,6.257704449237527,False,35,inf,0.0,0.0,0.0,False,0.0,0.0043333333333333,0.992,0.0036666666666666,0.0,0.0,0.0,0.0,0.0,0,1.0,1.002338790511193,2993,1,2986,0.0046666666666666,False,0.0008907919982448,46,archived_rho_0.5_unchanged,-6.257704449237527,True,ok,
5,Normal,3000,5,0.5,fresh_n,14,2026105714,,-1.0,6.257704449237527,False,36,inf,0.0,0.0,0.0,False,0.0,0.0043333333333333,0.9933333333333332,0.0023333333333333,0.0,0.0,0.0,0.0,0.0,0,1.0,1.002338790511193,2993,1,2986,0.0046666666666666,False,0.0008927499875426,46,archived_rho_0.5_unchanged,-6.257704449237527,True,ok,
5,Normal,3000,5,0.5,fresh_n,14,2026105714,,-1.0,6.257704449237527,False,37,inf,0.0,0.0,0.0,False,0.0,0.0043333333333333,0.9936666666666668,0.002,0.0,0.0,0.0,0.0,0.0,0,1.0,1.0006671114076051,2998,1,2996,0.0013333333333333,False,0.000900334038306,46,archived_rho_0.5_unchanged,-6.257704449237527,True,ok,
5,Normal,3000,5,0.5,fresh_n,14,2026105714,,-1.0,6.257704449237527,False,38,inf,0.0,0.0,0.0,False,0.0,0.0043333333333333,0.9943333333333332,0.0013333333333333,0.0,0.0,0.0,0.0,0.0,0,1.0,1.002004008016032,2994,1,2988,0.0039999999999999,False,0.0008894590428099,46,archived_rho_0.5_unchanged,-6.257704449237527,True,ok,
5,Normal,3000,5,0.5,fresh_n,14,2026105714,,-1.0,6.257704449237527,False,39,inf,0.0,0.0,0.0,False,0.0,0.0043333333333333,0.9946666666666668,0.001,0.0,0.0,0.0,0.0,0.0,0,1.0,1.0006671114076051,2998,1,2996,0.0013333333333333,False,0.0008744589868001,46,archived_rho_0.5_unchanged,-6.257704449237527,True,ok,
5,Normal,3000,5,0.5,fresh_n,14,2026105714,,-1.0,6.257704449237527,False,40,inf,0.0,0.0,0.0,False,0.0,0.0043333333333333,0.995,0.0006666666666666,0.0,0.0,0.0,0.0,0.0,0,1.0,1.0013351134846462,2996,1,2992,0.0026666666666666,False,0.0008953749784268,46,archived_rho_0.5_unchanged,-6.257704449237527,True,ok,
5,Normal,3000,5,0.5,fresh_n,15,2026105715,,-1.0,6.257704449237527,False,1,7.166598801826853,0.9966666666666668,0.9966666666666668,0.993,True,0.9966666666666668,0.0033333333333333,0.0,0.0,0.0,0.0,0.0,7.159169324932533,1.0,3000,0.0,3000.0,1,3000,0,1.1465606650538187,False,0.0011680839816108,46,archived_rho_0.5_unchanged,0.9014648756950061,False,ok,
5,Normal,3000,5,0.5,fresh_n,15,2026105715,,-1.0,6.257704449237527,False,2,6.0045675029365615,0.8706666666666667,0.8656666666666667,0.856,False,0.8706666666666667,0.0033333333333333,0.0,0.0,0.126,0.0,0.0,5.893804214003045,1.0,3000,0.0,93.75,32,9,0,1.6223797356635388,False,0.0011396660120226,46,archived_rho_0.5_unchanged,-0.3639002352344818,False,ok,
5,Normal,3000,5,0.5,fresh_n,15,2026105715,,-1.0,6.257704449237527,False,3,5.6221513583982485,0.794,0.7786666666666666,0.741,False,0.794,0.0033333333333333,0.01,0.0073333333333333,0.1853333333333333,0.0,0.0,5.539711123267553,0.9883333333333332,2965,0.0116666666666667,35.714285714285715,84,1,12,1.7142476464007204,False,0.0011599999852478,46,archived_rho_0.5_unchanged,-0.7179933259699736,False,ok,
5,Normal,3000,5,0.5,fresh_n,15,2026105715,,-1.0,6.257704449237527,False,4,5.174140336773808,0.665,0.6393333333333333,0.574,False,0.665,0.0033333333333333,0.0296666666666666,0.0303333333333333,0.2716666666666666,0.0,0.0,4.96536997802607,0.9633333333333334,2890,0.0366666666666666,16.39344262295082,183,1,50,1.98094799341121,False,0.0012524999910965,46,archived_rho_0.5_unchanged,-1.2923344712114568,False,ok,
5,Normal,3000,5,0.5,fresh_n,15,2026105715,,-1.0,6.257704449237527,False,5,4.77692298296386,0.5036666666666667,0.4756666666666667,0.406,False,0.5036666666666667,0.0033333333333333,0.063,0.0396666666666666,0.3903333333333333,0.0,0.0,4.3905758862832025,0.928,2784,0.0719999999999999,9.25925925925926,324,1,129,2.2828629595618217,False,0.001298459013924,46,archived_rho_0.5_unchanged,-1.8671285629543242,False,ok,
5,Normal,3000,5,0.5,fresh_n,15,2026105715,,-1.0,6.257704449237527,False,6,4.186973616549664,0.3513333333333333,0.309,0.222,False,0.3513333333333333,0.0033333333333333,0.1,0.075,0.4703333333333333,0.0,0.0,3.539592986346434,0.888,2664,0.1119999999999999,6.122448979591836,490,1,199,2.5535430560533507,False,0.0014162909938022,46,archived_rho_0.5_unchanged,-2.7181114628910925,False,ok,
5,Normal,3000,5,0.5,fresh_n,15,2026105715,,-1.0,6.257704449237527,False,7,3.660145234548521,0.221,0.17,0.115,False,0.221,0.0033333333333333,0.1596666666666666,0.1103333333333333,0.5056666666666667,0.0,0.0,2.6882435837095073,0.8193333333333334,2458,0.1806666666666666,4.219409282700422,711,1,315,2.8553725333415714,False,0.0015176670276559,46,archived_rho_0.5_unchanged,-3.5694608655280193,False,ok,
5,Normal,3000,5,0.5,fresh_n,15,2026105715,,-1.0,6.257704449237527,False,8,3.152071647907312,0.1146666666666666,0.0666666666666666,0.041,False,0.1146666666666666,0.0033333333333333,0.2366666666666666,0.1526666666666666,0.4926666666666666,0.0,0.0,1.829258960314777,0.739,2217,0.261,3.1813361611876987,943,1,474,2.869757992527563,False,0.0016012079431675,46,archived_rho_0.5_unchanged,-4.428445488922749,False,ok,
5,Normal,3000,5,0.5,fresh_n,15,2026105715,,-1.0,6.257704449237527,False,9,2.430803891289351,0.0546666666666666,0.0173333333333333,0.004,False,0.0546666666666666,0.0033333333333333,0.3376666666666666,0.1893333333333333,0.415,0.0,0.0,0.8643582665118726,0.6383333333333333,1915,0.3616666666666667,2.457002457002457,1221,1,679,2.8957943846381076,False,0.0016360839945264,46,archived_rho_0.5_unchanged,-5.393346182725654,False,ok,
5,Normal,3000,5,0.5,fresh_n,15,2026105715,,-1.0,6.257704449237527,False,10,1.8218376914967536,0.026,0.0023333333333333,0.0,False,0.026,0.0033333333333333,0.4236666666666667,0.212,0.335,0.0,0.0,0.0428787283604463,0.508,1524,0.492,1.9867549668874172,1510,1,914,2.53264897592785,False,0.0016734999953769,46,archived_rho_0.5_unchanged,-6.21482572087708,False,ok,
5,Normal,3000,5,0.5,fresh_n,15,2026105715,,-1.0,6.257704449237527,False,11,0.9161083492674,0.012,0.0006666666666666,0.0,False,0.012,0.0033333333333333,0.5273333333333333,0.219,0.2383333333333333,0.0,0.0,-0.8636233293157249,0.4246666666666667,1274,0.5753333333333333,1.7231476163124642,1741,1,1143,2.3989188210495125,False,0.0016694589867256,46,archived_rho_0.5_unchanged,-7.121327778553251,False,ok,
5,Normal,3000,5,0.5,fresh_n,15,2026105715,,-1.0,6.257704449237527,False,12,1.2933293884925787,0.006,0.0,0.0,False,0.006,0.0033333333333333,0.6163333333333333,0.2103333333333333,0.164,0.0,0.0,-1.4804835082992835,0.3186666666666666,956,0.6813333333333333,1.5197568389057752,1974,1,1411,1.88984048428337,False,0.0015914170071482,46,archived_rho_0.5_unchanged,-7.738187957536811,False,ok,
5,Normal,3000,5,0.5,fresh_n,15,2026105715,,-1.0,6.257704449237527,False,13,-0.6239759223866932,0.0013333333333333,0.0,0.0,False,0.0013333333333333,0.0033333333333333,0.6933333333333334,0.1976666666666666,0.1043333333333333,0.0,0.0,-2.20897822546147,0.2086666666666666,626,0.7913333333333333,1.3556258472661546,2213,1,1703,1.4462281328846964,False,0.0015549159725196,46,archived_rho_0.5_unchanged,-8.466682674698998,False,ok,
5,Normal,3000,5,0.5,fresh_n,15,2026105715,,-1.0,6.257704449237527,False,14,-0.3283701233246938,0.001,0.0,0.0,False,0.001,0.0033333333333333,0.762,0.1766666666666666,0.057,0.0,0.0,-3.063239437909522,0.1413333333333333,424,0.8586666666666667,1.2626262626262623,2376,1,1914,1.1067273227577954,False,0.0014818330528214,46,archived_rho_0.5_unchanged,-9.320943887147049,False,ok,
5,Normal,3000,5,0.5,fresh_n,15,2026105715,,-1.0,6.257704449237527,False,15,inf,0.0,0.0,0.0,False,0.0,0.0033333333333333,0.8123333333333334,0.1476666666666666,0.0366666666666666,0.0,0.0,-3.4323206869968264,0.0943333333333333,283,0.9056666666666666,1.195695496213631,2509,1,2118,0.7954984046601055,False,0.0013662499841302,46,archived_rho_0.5_unchanged,-9.690025136234354,False,ok,
5,Normal,3000,5,0.5,fresh_n,15,2026105715,,-1.0,6.257704449237527,False,16,-0.3668451080285724,0.001,0.0,0.0,False,0.001,0.0033333333333333,0.8543333333333333,0.121,0.0203333333333333,0.0,0.0,-3.7691230199449217,0.0736666666666666,221,0.9263333333333332,1.1476664116296864,2614,1,2309,0.6339085242014615,False,0.0012821250129491,46,archived_rho_0.5_unchanged,-10.026827469182448,False,ok,
5,Normal,3000,5,0.5,fresh_n,15,2026105715,,-1.0,6.257704449237527,False,17,inf,0.0,0.0,0.0,False,0.0,0.0033333333333333,0.8903333333333333,0.0946666666666666,0.0116666666666666,0.0,0.0,-4.66058918764728,0.0413333333333333,124,0.9586666666666668,1.1025358324145536,2721,1,2482,0.4106795217186844,False,0.0011878329678438,46,archived_rho_0.5_unchanged,-10.918293636884806,False,ok,
5,Normal,3000,5,0.5,fresh_n,15,2026105715,,-1.0,6.257704449237527,False,18,inf,0.0,0.0,0.0,False,0.0,0.0033333333333333,0.9163333333333332,0.0733333333333333,0.007,0.0,0.0,-4.316427857205304,0.0326666666666666,98,0.9673333333333334,1.0873504893077202,2759,1,2547,0.3476661814635949,False,0.0011563330190256,46,archived_rho_0.5_unchanged,-10.57413230644283,False,ok,
5,Normal,3000,5,0.5,fresh_n,15,2026105715,,-1.0,6.257704449237527,False,19,inf,0.0,0.0,0.0,False,0.0,0.0033333333333333,0.9376666666666666,0.054,0.005,0.0,0.0,-4.640645445075328,0.0156666666666666,47,0.9843333333333332,1.0660980810234542,2814,1,2641,0.2008459240031152,False,0.0011840829974971,46,archived_rho_0.5_unchanged,-10.898349894312855,False,ok,
5,Normal,3000,5,0.5,fresh_n,15,2026105715,,-1.0,6.257704449237527,False,20,inf,0.0,0.0,0.0,False,0.0,0.0033333333333333,0.9466666666666668,0.0483333333333333,0.0016666666666666,0.0,0.0,-5.841942629108499,0.0083333333333333,25,0.9916666666666668,1.0471204188481675,2865,1,2737,0.1318082621064453,False,0.0010608750162646,46,archived_rho_0.5_unchanged,-12.099647078346026,False,ok,
5,Normal,3000,5,0.5,fresh_n,15,2026105715,,-1.0,6.257704449237527,False,21,inf,0.0,0.0,0.0,False,0.0,0.0033333333333333,0.95,0.0446666666666666,0.002,0.0,0.0,-5.210686807196763,0.0106666666666666,32,0.9893333333333332,1.0456605088881143,2869,1,2747,0.1372118119592271,False,0.0010595000348985,46,archived_rho_0.5_unchanged,-11.46839125643429,False,ok,
5,Normal,3000,5,0.5,fresh_n,15,2026105715,,-1.0,6.257704449237527,False,22,inf,0.0,0.0,0.0,False,0.0,0.0033333333333333,0.9683333333333334,0.028,0.0003333333333333,0.0,0.0,-5.762090854871982,0.002,6,0.998,1.0273972602739727,2920,1,2841,0.0593130185156813,False,0.0009942909819073,46,archived_rho_0.5_unchanged,-12.019795304109508,False,ok,
5,Normal,3000,5,0.5,fresh_n,15,2026105715,,-1.0,6.257704449237527,False,23,inf,0.0,0.0,0.0,False,0.0,0.0033333333333333,0.9736666666666668,0.0213333333333333,0.0016666666666666,0.0,0.0,-8.18766200959962,0.0036666666666666,11,0.9963333333333332,1.0224948875255624,2934,1,2871,0.0630351231505308,False,0.0009728330187499,46,archived_rho_0.5_unchanged,-14.445366458837146,False,ok,
5,Normal,3000,5,0.5,fresh_n,15,2026105715,,-1.0,6.257704449237527,False,24,inf,0.0,0.0,0.0,False,0.0,0.0033333333333333,0.9723333333333334,0.023,0.0013333333333333,0.0,0.0,-5.342866892210848,0.0016666666666666,5,0.9983333333333332,1.015916017609211,2953,1,2907,0.0367989205132203,False,0.000964208971709,46,archived_rho_0.5_unchanged,-11.600571341448376,False,ok,
5,Normal,3000,5,0.5,fresh_n,15,2026105715,,-1.0,6.257704449237527,False,25,inf,0.0,0.0,0.0,False,0.0,0.0033333333333333,0.9816666666666668,0.0146666666666666,0.0003333333333333,0.0,0.0,-6.0609227355844535,0.0013333333333333,4,0.9986666666666668,1.017984390906006,2947,1,2895,0.0412996705203954,False,0.0009593750000931,46,archived_rho_0.5_unchanged,-12.318627184821981,False,ok,
5,Normal,3000,5,0.5,fresh_n,15,2026105715,,-1.0,6.257704449237527,False,26,inf,0.0,0.0,0.0,False,0.0,0.0033333333333333,0.983,0.0136666666666666,0.0,0.0,0.0,-5.31126180994709,0.0016666666666666,5,0.9983333333333332,1.015228426395939,2955,1,2911,0.0366997977848883,False,0.0009537920122966,46,archived_rho_0.5_unchanged,-11.568966259184617,False,ok,
5,Normal,3000,5,0.5,fresh_n,15,2026105715,,-1.0,6.257704449237527,False,27,inf,0.0,0.0,0.0,False,0.0,0.0033333333333333,0.9846666666666668,0.012,0.0,0.0,0.0,-7.001190130522475,0.001,3,0.999,1.0131712259371837,2961,1,2922,0.0259999999999999,False,0.0009476249688304,46,archived_rho_0.5_unchanged,-13.258894579760002,False,ok,
5,Normal,3000,5,0.5,fresh_n,15,2026105715,,-1.0,6.257704449237527,False,28,inf,0.0,0.0,0.0,False,0.0,0.0033333333333333,0.9826666666666668,0.0136666666666666,0.0003333333333333,0.0,0.0,-6.410572295835931,0.0023333333333333,7,0.9976666666666668,1.0107816711590296,2968,1,2938,0.0347411750437589,False,0.0009309580200351,46,archived_rho_0.5_unchanged,-12.668276745073458,False,ok,
5,Normal,3000,5,0.5,fresh_n,15,2026105715,,-1.0,6.257704449237527,False,29,inf,0.0,0.0,0.0,False,0.0,0.0033333333333333,0.9883333333333332,0.0083333333333333,0.0,0.0,0.0,-3.640836717541148,0.0003333333333333,1,0.9996666666666668,1.0067114093959733,2980,1,2960,0.0133333333333333,False,0.000932750001084,46,archived_rho_0.5_unchanged,-9.898541166778674,False,ok,
5,Normal,3000,5,0.5,fresh_n,15,2026105715,,-1.0,6.257704449237527,False,30,inf,0.0,0.0,0.0,False,0.0,0.0033333333333333,0.9883333333333332,0.0083333333333333,0.0,0.0,0.0,-10.401918089271454,0.0003333333333333,1,0.9996666666666668,1.0087424344317415,2974,1,2948,0.0173333333333333,False,0.0009374170331284,46,archived_rho_0.5_unchanged,-16.65962253850898,False,ok,
5,Normal,3000,5,0.5,fresh_n,15,2026105715,,-1.0,6.257704449237527,False,31,inf,0.0,0.0,0.0,False,0.0,0.0033333333333333,0.9916666666666668,0.005,0.0,0.0,0.0,0.0,0.0,0,1.0,1.0053619302949062,2984,1,2968,0.0106666666666666,False,0.0009065000340342,46,archived_rho_0.5_unchanged,-6.257704449237527,True,ok,
5,Normal,3000,5,0.5,fresh_n,15,2026105715,,-1.0,6.257704449237527,False,32,inf,0.0,0.0,0.0,False,0.0,0.0033333333333333,0.9936666666666668,0.0026666666666666,0.0003333333333333,0.0,0.0,-7.731203725024013,0.0013333333333333,4,0.9986666666666668,1.004352192835621,2987,1,2975,0.0144560319735195,False,0.0009214999736286,46,archived_rho_0.5_unchanged,-13.988908174261539,False,ok,
5,Normal,3000,5,0.5,fresh_n,15,2026105715,,-1.0,6.257704449237527,False,33,inf,0.0,0.0,0.0,False,0.0,0.0033333333333333,0.9926666666666668,0.004,0.0,0.0,0.0,-4.214308355732642,0.0003333333333333,1,0.9996666666666668,1.0040160642570282,2988,1,2976,0.008,False,0.000907499983441,46,archived_rho_0.5_unchanged,-10.47201280497017,False,ok,
5,Normal,3000,5,0.5,fresh_n,15,2026105715,,-1.0,6.257704449237527,False,34,inf,0.0,0.0,0.0,False,0.0,0.0033333333333333,0.994,0.0026666666666666,0.0,0.0,0.0,-5.5530710675796735,0.0003333333333333,1,0.9996666666666668,1.0033444816053512,2990,1,2980,0.0066666666666666,False,0.0008956670062616,46,archived_rho_0.5_unchanged,-11.8107755168172,False,ok,
5,Normal,3000,5,0.5,fresh_n,15,2026105715,,-1.0,6.257704449237527,False,35,inf,0.0,0.0,0.0,False,0.0,0.0033333333333333,0.992,0.0046666666666666,0.0,0.0,0.0,0.0,0.0,0,1.0,1.002338790511193,2993,1,2986,0.0046666666666666,False,0.0009059999720193,46,archived_rho_0.5_unchanged,-6.257704449237527,True,ok,
5,Normal,3000,5,0.5,fresh_n,15,2026105715,,-1.0,6.257704449237527,False,36,inf,0.0,0.0,0.0,False,0.0,0.0033333333333333,0.9926666666666668,0.004,0.0,0.0,0.0,-10.401918089271454,0.0003333333333333,1,0.9996666666666668,1.0040160642570282,2988,1,2976,0.0079999999999999,False,0.0008976249955594,46,archived_rho_0.5_unchanged,-16.65962253850898,False,ok,
5,Normal,3000,5,0.5,fresh_n,15,2026105715,,-1.0,6.257704449237527,False,37,inf,0.0,0.0,0.0,False,0.0,0.0033333333333333,0.9936666666666668,0.003,0.0,0.0,0.0,0.0,0.0,0,1.0,1.002004008016032,2994,1,2988,0.0039999999999999,False,0.0008854580228216,46,archived_rho_0.5_unchanged,-6.257704449237527,True,ok,
5,Normal,3000,5,0.5,fresh_n,15,2026105715,,-1.0,6.257704449237527,False,38,inf,0.0,0.0,0.0,False,0.0,0.0033333333333333,0.9956666666666668,0.001,0.0,0.0,0.0,-10.401918089271454,0.0003333333333333,1,0.9996666666666668,1.001669449081803,2995,1,2990,0.0033333333333333,False,0.0009014590177685,46,archived_rho_0.5_unchanged,-16.65962253850898,False,ok,
5,Normal,3000,5,0.5,fresh_n,15,2026105715,,-1.0,6.257704449237527,False,39,inf,0.0,0.0,0.0,False,0.0,0.0033333333333333,0.995,0.0016666666666666,0.0,0.0,0.0,0.0,0.0,0,1.0,1.001001001001001,2997,1,2994,0.002,False,0.000888250011485,46,archived_rho_0.5_unchanged,-6.257704449237527,True,ok,
5,Normal,3000,5,0.5,fresh_n,15,2026105715,,-1.0,6.257704449237527,False,40,inf,0.0,0.0,0.0,False,0.0,0.0033333333333333,0.995,0.0016666666666666,0.0,0.0,0.0,-10.401918089271454,0.0003333333333333,1,0.9996666666666668,1.002338790511193,2993,1,2986,0.0046666666666666,False,0.000901999999769,46,archived_rho_0.5_unchanged,-16.65962253850898,False,ok,
5,Normal,3000,5,0.5,fresh_n,16,2026105716,,-1.0,6.257704449237527,False,1,7.111661800020647,0.9956666666666668,0.9956666666666668,0.993,True,0.9956666666666668,0.0043333333333333,0.0,0.0,0.0,0.0,0.0,7.086479042408355,1.0,3000,0.0,3000.0,1,3000,0,1.1400650619001609,False,0.0011807499686256,46,archived_rho_0.5_unchanged,0.8287745931708281,False,ok,
5,Normal,3000,5,0.5,fresh_n,16,2026105716,,-1.0,6.257704449237527,False,2,5.97082191010104,0.866,0.866,0.847,False,0.866,0.0043333333333333,0.0,0.0,0.1296666666666666,0.0,0.0,5.832344857152743,1.0,3000,0.0,93.75,32,24,0,1.6372211564074493,False,0.0011381249641999,46,archived_rho_0.5_unchanged,-0.42535959208478324,False,ok,
5,Normal,3000,5,0.5,fresh_n,16,2026105716,,-1.0,6.257704449237527,False,3,5.4756905353220535,0.7296666666666667,0.7056666666666667,0.69,False,0.7296666666666667,0.0043333333333333,0.0116666666666666,0.0086666666666666,0.2456666666666666,0.0,0.0,5.3722720668930775,0.9863333333333332,2959,0.0136666666666667,27.272727272727273,110,1,28,1.874887084347017,False,0.0011758340406231,46,archived_rho_0.5_unchanged,-0.8854323823444492,False,ok,
5,Normal,3000,5,0.5,fresh_n,16,2026105716,,-1.0,6.257704449237527,False,4,5.0202655718659575,0.586,0.568,0.558,False,0.586,0.0043333333333333,0.036,0.0376666666666666,0.336,0.0,0.0,4.632240042361111,0.9503333333333334,2851,0.0496666666666666,12.048192771084338,249,1,77,2.194139482383783,False,0.0013140839873813,46,archived_rho_0.5_unchanged,-1.6254644068764152,False,ok,
5,Normal,3000,5,0.5,fresh_n,16,2026105716,,-1.0,6.257704449237527,False,5,4.4841367881483345,0.394,0.3623333333333333,0.321,False,0.394,0.0043333333333333,0.0843333333333333,0.0723333333333333,0.445,0.0,0.0,3.7666770515691694,0.8903333333333333,2671,0.1096666666666666,6.651884700665189,451,1,166,2.5630737728148363,False,0.0014094579964876,46,archived_rho_0.5_unchanged,-2.4910273976683572,False,ok,
5,Normal,3000,5,0.5,fresh_n,16,2026105716,,-1.0,6.257704449237527,False,6,3.7851273268876864,0.2353333333333333,0.1846666666666666,0.169,False,0.2353333333333333,0.0043333333333333,0.1363333333333333,0.1086666666666666,0.5153333333333333,0.0,0.0,2.722133430876287,0.8276666666666667,2483,0.1723333333333333,4.231311706629055,709,1,338,2.8813416424287266,False,0.0015254580066539,46,archived_rho_0.5_unchanged,-3.5355710183612397,False,ok,
5,Normal,3000,5,0.5,fresh_n,16,2026105716,,-1.0,6.257704449237527,False,7,3.128722350473803,0.1233333333333333,0.077,0.063,False,0.1233333333333333,0.0043333333333333,0.2263333333333333,0.1646666666666666,0.4813333333333333,0.0,0.0,1.8276473632805872,0.73,2190,0.27,3.125,960,1,462,2.955338266085708,False,0.0016079579945653,46,archived_rho_0.5_unchanged,-4.430057085956939,False,ok,
5,Normal,3000,5,0.5,fresh_n,16,2026105716,,-1.0,6.257704449237527,False,8,2.524400473689786,0.0506666666666666,0.0126666666666666,0.005,False,0.0506666666666666,0.0043333333333333,0.3373333333333333,0.1903333333333333,0.4173333333333333,0.0,0.0,0.7413352964128879,0.5993333333333334,1798,0.4006666666666666,2.288329519450801,1311,1,757,2.737724574984493,False,0.0016733750235289,46,archived_rho_0.5_unchanged,-5.516369152824639,False,ok,
5,Normal,3000,5,0.5,fresh_n,16,2026105716,,-1.0,6.257704449237527,False,9,1.521702324718963,0.0226666666666666,0.001,0.0,False,0.0226666666666666,0.0043333333333333,0.4466666666666666,0.223,0.3033333333333333,0.0,0.0,-0.3247070854102976,0.472,1416,0.528,1.8315018315018312,1638,1,1058,2.492772676602078,False,0.0016680000117048,46,archived_rho_0.5_unchanged,-6.582411534647824,False,ok,
5,Normal,3000,5,0.5,fresh_n,16,2026105716,,-1.0,6.257704449237527,False,10,0.679886523995109,0.0093333333333333,0.0,0.0,False,0.0093333333333333,0.0043333333333333,0.5583333333333333,0.2273333333333333,0.2006666666666666,0.0,0.0,-1.367422599204967,0.341,1023,0.659,1.567398119122257,1914,1,1324,2.0763842028037844,False,0.0016387090436182,46,archived_rho_0.5_unchanged,-7.625127048442494,False,ok,
5,Normal,3000,5,0.5,fresh_n,16,2026105716,,-1.0,6.257704449237527,False,11,0.6102004303303531,0.0016666666666666,0.0,0.0,False,0.0016666666666666,0.0043333333333333,0.6586666666666666,0.223,0.1123333333333333,0.0,0.0,-1.9319831283488489,0.22,660,0.78,1.364256480218281,2199,1,1687,1.5213394052423417,False,0.0015442500007338,46,archived_rho_0.5_unchanged,-8.189687577586376,False,ok,
5,Normal,3000,5,0.5,fresh_n,16,2026105716,,-1.0,6.257704449237527,False,12,0.1048616063982343,0.0003333333333333,0.0,0.0,False,0.0003333333333333,0.0043333333333333,0.731,0.196,0.0683333333333333,0.0,0.0,-2.723683222438897,0.152,456,0.848,1.269572577232332,2363,1,1912,1.1406622287782833,False,0.0014413750031962,46,archived_rho_0.5_unchanged,-8.981387671676423,False,ok,
5,Normal,3000,5,0.5,fresh_n,16,2026105716,,-1.0,6.257704449237527,False,13,0.9314617374994424,0.0003333333333333,0.0,0.0,False,0.0003333333333333,0.0043333333333333,0.808,0.1586666666666666,0.0286666666666666,0.0,0.0,-3.2888995500476423,0.076,228,0.924,1.179245283018868,2544,1,2175,0.6814121650038057,False,0.0013515419559553,46,archived_rho_0.5_unchanged,-9.54660399928517,False,ok,
5,Normal,3000,5,0.5,fresh_n,16,2026105716,,-1.0,6.257704449237527,False,14,-0.6844938026707545,0.0003333333333333,0.0,0.0,False,0.0003333333333333,0.0043333333333333,0.8533333333333334,0.121,0.021,0.0,0.0,-3.627406853773989,0.0596666666666666,179,0.9403333333333334,1.1342155009451795,2645,1,2354,0.5192045299821875,False,0.0012657499755732,46,archived_rho_0.5_unchanged,-9.885111303011517,False,ok,
5,Normal,3000,5,0.5,fresh_n,16,2026105716,,-1.0,6.257704449237527,False,15,inf,0.0,0.0,0.0,False,0.0,0.0043333333333333,0.8933333333333333,0.0926666666666666,0.0096666666666666,0.0,0.0,-4.130671471821522,0.0326666666666666,98,0.9673333333333334,1.1001100110011002,2727,1,2484,0.3381116806085033,False,0.0012044169707223,46,archived_rho_0.5_unchanged,-10.388375921059048,False,ok,
5,Normal,3000,5,0.5,fresh_n,16,2026105716,,-1.0,6.257704449237527,False,16,inf,0.0,0.0,0.0,False,0.0,0.0043333333333333,0.9183333333333332,0.071,0.0063333333333333,0.0,0.0,-4.607074595098685,0.024,72,0.976,1.0725777618877368,2797,1,2616,0.2364101294749816,False,0.0011229999945499,46,archived_rho_0.5_unchanged,-10.864779044336212,False,ok,
5,Normal,3000,5,0.5,fresh_n,16,2026105716,,-1.0,6.257704449237527,False,17,inf,0.0,0.0,0.0,False,0.0,0.0043333333333333,0.9273333333333332,0.064,0.0043333333333333,0.0,0.0,-6.2001127090328945,0.012,36,0.988,1.059696220416814,2831,1,2671,0.1685312015272736,False,0.0011033340124413,46,archived_rho_0.5_unchanged,-12.457817158270421,False,ok,
5,Normal,3000,5,0.5,fresh_n,16,2026105716,,-1.0,6.257704449237527,False,18,inf,0.0,0.0,0.0,False,0.0,0.0043333333333333,0.9473333333333334,0.0453333333333333,0.003,0.0,0.0,-4.599605479019749,0.0083333333333333,25,0.9916666666666668,1.043115438108484,2876,1,2759,0.1128654274407835,False,0.0010295839747413,46,archived_rho_0.5_unchanged,-10.857309928257276,False,ok,
5,Normal,3000,5,0.5,fresh_n,16,2026105716,,-1.0,6.257704449237527,False,19,inf,0.0,0.0,0.0,False,0.0,0.0043333333333333,0.9633333333333334,0.03,0.0023333333333333,0.0,0.0,-5.3548185226956315,0.006,18,0.994,1.026694045174538,2922,1,2849,0.0838030794605694,False,0.0009875000105239,46,archived_rho_0.5_unchanged,-11.612522971933158,False,ok,
5,Normal,3000,5,0.5,fresh_n,16,2026105716,,-1.0,6.257704449237527,False,20,inf,0.0,0.0,0.0,False,0.0,0.0043333333333333,0.965,0.0296666666666666,0.001,0.0,0.0,-5.28163801501249,0.007,21,0.993,1.0319917440660475,2907,1,2819,0.0907791368328174,False,0.0010206660372205,46,archived_rho_0.5_unchanged,-11.539342464250016,False,ok,
5,Normal,3000,5,0.5,fresh_n,16,2026105716,,-1.0,6.257704449237527,False,21,inf,0.0,0.0,0.0,False,0.0,0.0043333333333333,0.9693333333333334,0.025,0.0013333333333333,0.0,0.0,-4.76026459405805,0.0023333333333333,7,0.9976666666666668,1.0197144799456153,2942,1,2885,0.0442617838451157,False,0.0009697079658508,46,archived_rho_0.5_unchanged,-11.017969043295576,False,ok,
5,Normal,3000,5,0.5,fresh_n,16,2026105716,,-1.0,6.257704449237527,False,22,inf,0.0,0.0,0.0,False,0.0,0.0043333333333333,0.9763333333333334,0.019,0.0003333333333333,0.0,0.0,-7.256455323345572,0.0033333333333333,10,0.9966666666666668,1.015572105619499,2954,1,2911,0.0516285584074515,False,0.0009649580460973,46,archived_rho_0.5_unchanged,-13.514159772583099,False,ok,
5,Normal,3000,5,0.5,fresh_n,16,2026105716,,-1.0,6.257704449237527,False,23,inf,0.0,0.0,0.0,False,0.0,0.0043333333333333,0.981,0.014,0.0006666666666666,0.0,0.0,-6.464747650069254,0.0013333333333333,4,0.9986666666666668,1.013856032443393,2959,1,2919,0.0321740908247661,False,0.0009512909455224,46,archived_rho_0.5_unchanged,-12.72245209930678,False,ok,
5,Normal,3000,5,0.5,fresh_n,16,2026105716,,-1.0,6.257704449237527,False,24,inf,0.0,0.0,0.0,False,0.0,0.0043333333333333,0.9836666666666668,0.0113333333333333,0.0006666666666666,0.0,0.0,-7.310819200356774,0.0043333333333333,13,0.9956666666666668,1.0121457489878545,2964,1,2932,0.0503129691026858,False,0.0009501249878667,46,archived_rho_0.5_unchanged,-13.568523649594301,False,ok,
5,Normal,3000,5,0.5,fresh_n,16,2026105716,,-1.0,6.257704449237527,False,25,inf,0.0,0.0,0.0,False,0.0,0.0043333333333333,0.986,0.0096666666666666,0.0,0.0,0.0,-5.948973892108964,0.0013333333333333,4,0.9986666666666668,1.009421265141319,2972,1,2944,0.0186666666666666,False,0.0009437080007046,46,archived_rho_0.5_unchanged,-12.20667834134649,False,ok,
5,Normal,3000,5,0.5,fresh_n,16,2026105716,,-1.0,6.257704449237527,False,26,inf,0.0,0.0,0.0,False,0.0,0.0043333333333333,0.988,0.0076666666666666,0.0,0.0,0.0,-7.874787002653577,0.001,3,0.999,1.0084033613445378,2975,1,2951,0.0226656174474195,False,0.0009280829690396,46,archived_rho_0.5_unchanged,-14.132491451891104,False,ok,
5,Normal,3000,5,0.5,fresh_n,16,2026105716,,-1.0,6.257704449237527,False,27,inf,0.0,0.0,0.0,False,0.0,0.0043333333333333,0.9886666666666668,0.007,0.0,0.0,0.0,-7.806497154030996,0.0006666666666666,2,0.9993333333333332,1.007387508394896,2978,1,2956,0.0146666666666666,False,0.0009238329948857,46,archived_rho_0.5_unchanged,-14.064201603268522,False,ok,
5,Normal,3000,5,0.5,fresh_n,16,2026105716,,-1.0,6.257704449237527,False,28,inf,0.0,0.0,0.0,False,0.0,0.0043333333333333,0.989,0.0063333333333333,0.0003333333333333,0.0,0.0,-5.541719564509336,0.0013333333333333,4,0.9986666666666668,1.0050251256281406,2985,1,2971,0.0158113458088113,False,0.0009204169618897,46,archived_rho_0.5_unchanged,-11.799424013746862,False,ok,
5,Normal,3000,5,0.5,fresh_n,16,2026105716,,-1.0,6.257704449237527,False,29,inf,0.0,0.0,0.0,False,0.0,0.0043333333333333,0.9913333333333332,0.004,0.0003333333333333,0.0,0.0,-7.21300231458908,0.0003333333333333,1,0.9996666666666668,1.0036801605888257,2989,1,2978,0.0073333333333333,False,0.0009019580320455,46,archived_rho_0.5_unchanged,-13.470706763826605,False,ok,
5,Normal,3000,5,0.5,fresh_n,16,2026105716,,-1.0,6.257704449237527,False,30,inf,0.0,0.0,0.0,False,0.0,0.0043333333333333,0.9906666666666668,0.005,0.0,0.0,0.0,0.0,0.0,0,1.0,1.0046885465505693,2986,1,2972,0.0093333333333333,False,0.000904917018488,46,archived_rho_0.5_unchanged,-6.257704449237527,True,ok,
5,Normal,3000,5,0.5,fresh_n,16,2026105716,,-1.0,6.257704449237527,False,31,inf,0.0,0.0,0.0,False,0.0,0.0043333333333333,0.9936666666666668,0.002,0.0,0.0,0.0,0.0,0.0,0,1.0,1.0013351134846462,2996,1,2992,0.0026666666666666,False,0.0009023330057971,46,archived_rho_0.5_unchanged,-6.257704449237527,True,ok,
5,Normal,3000,5,0.5,fresh_n,16,2026105716,,-1.0,6.257704449237527,False,32,inf,0.0,0.0,0.0,False,0.0,0.0043333333333333,0.9916666666666668,0.004,0.0,0.0,0.0,-6.64547119722173,0.0006666666666666,2,0.9993333333333332,1.004352192835621,2987,1,2974,0.0086666666666666,False,0.0009016660042107,46,archived_rho_0.5_unchanged,-12.903175646459257,False,ok,
5,Normal,3000,5,0.5,fresh_n,16,2026105716,,-1.0,6.257704449237527,False,33,inf,0.0,0.0,0.0,False,0.0,0.0043333333333333,0.9926666666666668,0.003,0.0,0.0,0.0,-7.248047382502371,0.0003333333333333,1,0.9996666666666668,1.001001001001001,2997,1,2994,0.0019999999999999,False,0.0008891660254448,46,archived_rho_0.5_unchanged,-13.505751831739897,False,ok,
5,Normal,3000,5,0.5,fresh_n,16,2026105716,,-1.0,6.257704449237527,False,34,inf,0.0,0.0,0.0,False,0.0,0.0043333333333333,0.9933333333333332,0.0023333333333333,0.0,0.0,0.0,0.0,0.0,0,1.0,1.001669449081803,2995,1,2990,0.0033333333333333,False,0.0009204170200973,46,archived_rho_0.5_unchanged,-6.257704449237527,True,ok,
5,Normal,3000,5,0.5,fresh_n,16,2026105716,,-1.0,6.257704449237527,False,35,inf,0.0,0.0,0.0,False,0.0,0.0043333333333333,0.995,0.0006666666666666,0.0,0.0,0.0,-7.788974620074351,0.0006666666666666,2,0.9993333333333332,1.0013351134846462,2996,1,2992,0.0026666666666666,False,0.0009004170424304,46,archived_rho_0.5_unchanged,-14.046679069311878,False,ok,
5,Normal,3000,5,0.5,fresh_n,16,2026105716,,-1.0,6.257704449237527,False,36,inf,0.0,0.0,0.0,False,0.0,0.0043333333333333,0.9933333333333332,0.0023333333333333,0.0,0.0,0.0,0.0,0.0,0,1.0,1.002673796791444,2992,1,2984,0.0053333333333333,False,0.0008986670291051,46,archived_rho_0.5_unchanged,-6.257704449237527,True,ok,
5,Normal,3000,5,0.5,fresh_n,16,2026105716,,-1.0,6.257704449237527,False,37,inf,0.0,0.0,0.0,False,0.0,0.0043333333333333,0.9943333333333332,0.0013333333333333,0.0,0.0,0.0,0.0,0.0,0,1.0,1.0003334444814935,2999,1,2998,0.0006666666666666,False,0.0008985419990494,46,archived_rho_0.5_unchanged,-6.257704449237527,True,ok,
5,Normal,3000,5,0.5,fresh_n,16,2026105716,,-1.0,6.257704449237527,False,38,inf,0.0,0.0,0.0,False,0.0,0.0043333333333333,0.9943333333333332,0.0013333333333333,0.0,0.0,0.0,-7.248047382502371,0.0003333333333333,1,0.9996666666666668,1.002004008016032,2994,1,2988,0.004,False,0.0008911250042729,46,archived_rho_0.5_unchanged,-13.505751831739897,False,ok,
5,Normal,3000,5,0.5,fresh_n,16,2026105716,,-1.0,6.257704449237527,False,39,inf,0.0,0.0,0.0,False,0.0,0.0043333333333333,0.9953333333333332,0.0003333333333333,0.0,0.0,0.0,0.0,0.0,0,1.0,1.0003334444814935,2999,1,2998,0.0006666666666666,False,0.0008795419707894,46,archived_rho_0.5_unchanged,-6.257704449237527,True,ok,
5,Normal,3000,5,0.5,fresh_n,16,2026105716,,-1.0,6.257704449237527,False,40,inf,0.0,0.0,0.0,False,0.0,0.0043333333333333,0.9953333333333332,0.0003333333333333,0.0,0.0,0.0,0.0,0.0,0,1.0,1.001669449081803,2995,1,2990,0.0033333333333333,False,0.0008989589987322,46,archived_rho_0.5_unchanged,-6.257704449237527,True,ok,
5,Normal,3000,5,0.5,fresh_n,17,2026105717,,-1.0,6.257704449237527,False,1,7.131657312727966,0.9956666666666668,0.9956666666666668,0.994,True,0.9956666666666668,0.0043333333333333,0.0,0.0,0.0,0.0,0.0,7.126120881543779,1.0,3000,0.0,3000.0,1,3000,0,1.1509882811441312,False,0.0011785000097006,46,archived_rho_0.5_unchanged,0.868416432306252,False,ok,
5,Normal,3000,5,0.5,fresh_n,17,2026105717,,-1.0,6.257704449237527,False,2,5.947615819124239,0.8683333333333333,0.8676666666666667,0.861,False,0.8683333333333333,0.0043333333333333,0.0,0.0003333333333333,0.127,0.0,0.0,5.851481466638991,1.0,3000,0.0,93.75,32,3,0,1.6234715464982377,False,0.0011186670162715,46,archived_rho_0.5_unchanged,-0.4062229825985355,False,ok,
5,Normal,3000,5,0.5,fresh_n,17,2026105717,,-1.0,6.257704449237527,False,3,5.551564241238849,0.7723333333333333,0.7563333333333333,0.733,False,0.7723333333333333,0.0043333333333333,0.012,0.008,0.2033333333333333,0.0,0.0,5.45477967658155,0.9913333333333332,2974,0.0086666666666667,32.608695652173914,92,1,17,1.7757357582907152,False,0.0011451249592937,46,archived_rho_0.5_unchanged,-0.8029247726559765,False,ok,
5,Normal,3000,5,0.5,fresh_n,17,2026105717,,-1.0,6.257704449237527,False,4,5.152817517018892,0.658,0.6383333333333333,0.63,False,0.658,0.0043333333333333,0.0346666666666666,0.0236666666666666,0.2793333333333333,0.0,0.0,4.905981356934501,0.9623333333333334,2887,0.0376666666666666,15.544041450777202,193,1,59,1.9916617505373455,False,0.0012443749583326,46,archived_rho_0.5_unchanged,-1.3517230923030255,False,ok,
5,Normal,3000,5,0.5,fresh_n,17,2026105717,,-1.0,6.257704449237527,False,5,4.677599877368308,0.4713333333333333,0.437,0.395,False,0.4713333333333333,0.0043333333333333,0.059,0.054,0.4113333333333333,0.0,0.0,4.26105031619488,0.929,2787,0.0709999999999999,8.955223880597014,335,1,134,2.3067431736878863,False,0.0012909999932162,46,archived_rho_0.5_unchanged,-1.9966541330426466,False,ok,
5,Normal,3000,5,0.5,fresh_n,17,2026105717,,-1.0,6.257704449237527,False,6,4.05622099780528,0.315,0.2753333333333333,0.254,False,0.315,0.0043333333333333,0.1046666666666666,0.0826666666666666,0.4933333333333333,0.0,0.0,3.4457885076007115,0.883,2649,0.1169999999999999,5.859375,512,1,215,2.681852879246737,False,0.0014337500324472,46,archived_rho_0.5_unchanged,-2.811915941636815,False,ok,
5,Normal,3000,5,0.5,fresh_n,17,2026105717,,-1.0,6.257704449237527,False,7,3.5151815248278746,0.1946666666666666,0.1396666666666666,0.125,False,0.1946666666666666,0.0043333333333333,0.178,0.1193333333333333,0.5036666666666667,0.0,0.0,2.6585905814714703,0.8033333333333333,2410,0.1966666666666666,3.952569169960474,759,1,373,2.775042249910505,False,0.0015124169876798,46,archived_rho_0.5_unchanged,-3.5991138677660564,False,ok,
5,Normal,3000,5,0.5,fresh_n,17,2026105717,,-1.0,6.257704449237527,False,8,2.867472522444322,0.108,0.0576666666666666,0.052,False,0.108,0.0043333333333333,0.2553333333333333,0.154,0.4783333333333333,0.0,0.0,1.6322117330775348,0.708,2124,0.292,2.949852507374631,1017,1,520,2.8301952203266416,False,0.001598417002242,46,archived_rho_0.5_unchanged,-4.625492716159992,False,ok,
5,Normal,3000,5,0.5,fresh_n,17,2026105717,,-1.0,6.257704449237527,False,9,2.1972403869240713,0.0466666666666666,0.014,0.01,False,0.0466666666666666,0.0043333333333333,0.354,0.216,0.379,0.0,0.0,0.6849903200668829,0.6133333333333333,1840,0.3866666666666667,2.321981424148607,1292,1,739,2.812234854608311,False,0.0016269999905489,46,archived_rho_0.5_unchanged,-5.5727141291706435,False,ok,
5,Normal,3000,5,0.5,fresh_n,17,2026105717,,-1.0,6.257704449237527,False,10,1.2110325931929131,0.0196666666666666,0.001,0.0,False,0.0196666666666666,0.0043333333333333,0.45,0.223,0.303,0.0,0.0,-0.314203346119592,0.4956666666666666,1487,0.5043333333333333,1.8963337547408343,1582,1,992,2.6259226765110113,False,0.0016618340159766,46,archived_rho_0.5_unchanged,-6.571907795357118,False,ok,
5,Normal,3000,5,0.5,fresh_n,17,2026105717,,-1.0,6.257704449237527,False,11,0.3371326784633101,0.0103333333333333,0.0,0.0,False,0.0103333333333333,0.0043333333333333,0.5576666666666666,0.229,0.1986666666666666,0.0,0.0,-1.1985690141861056,0.3753333333333333,1126,0.6246666666666667,1.6103059581320451,1863,1,1289,2.177150775206026,False,0.0016365830088034,46,archived_rho_0.5_unchanged,-7.456273463423632,False,ok,
5,Normal,3000,5,0.5,fresh_n,17,2026105717,,-1.0,6.257704449237527,False,12,0.0165224137329128,0.005,0.0,0.0,False,0.005,0.0043333333333333,0.655,0.1996666666666666,0.136,0.0,0.0,-1.7545521094857328,0.2916666666666667,875,0.7083333333333333,1.452784503631961,2065,1,1530,1.817820629676172,False,0.0015424999874085,46,archived_rho_0.5_unchanged,-8.012256558723259,False,ok,
5,Normal,3000,5,0.5,fresh_n,17,2026105717,,-1.0,6.257704449237527,False,13,-0.3791494150346235,0.001,0.0,0.0,False,0.001,0.0043333333333333,0.7316666666666667,0.185,0.078,0.0,0.0,-2.374940446945609,0.1833333333333333,550,0.8166666666666667,1.3123359580052494,2286,1,1809,1.238975222837554,False,0.0015460419817827,46,archived_rho_0.5_unchanged,-8.632644896183136,False,ok,
5,Normal,3000,5,0.5,fresh_n,17,2026105717,,-1.0,6.257704449237527,False,14,-1.2485745136052595,0.0006666666666666,0.0,0.0,False,0.0006666666666666,0.0043333333333333,0.7793333333333333,0.1663333333333333,0.0493333333333333,0.0,0.0,-3.0210151112500245,0.1283333333333333,385,0.8716666666666667,1.227495908346972,2444,1,2031,1.0026693901219967,False,0.0013741250149905,46,archived_rho_0.5_unchanged,-9.278719560487552,False,ok,
5,Normal,3000,5,0.5,fresh_n,17,2026105717,,-1.0,6.257704449237527,False,15,inf,0.0,0.0,0.0,False,0.0,0.0043333333333333,0.8496666666666667,0.1206666666666666,0.0253333333333333,0.0,0.0,-3.288468409148928,0.0813333333333333,244,0.9186666666666666,1.1596443757247776,2587,1,2263,0.6570860791109656,False,0.0012828749604523,46,archived_rho_0.5_unchanged,-9.546172858386456,False,ok,
5,Normal,3000,5,0.5,fresh_n,17,2026105717,,-1.0,6.257704449237527,False,16,inf,0.0,0.0,0.0,False,0.0,0.0043333333333333,0.8616666666666667,0.113,0.021,0.0,0.0,-3.9632090174820593,0.0496666666666666,149,0.9503333333333334,1.1307953260459858,2653,1,2356,0.4838606233420004,False,0.0012532499968074,46,archived_rho_0.5_unchanged,-10.220913466719587,False,ok,
5,Normal,3000,5,0.5,fresh_n,17,2026105717,,-1.0,6.257704449237527,False,17,-0.7313930615353164,0.0003333333333333,0.0,0.0,False,0.0003333333333333,0.0043333333333333,0.905,0.0816666666666666,0.0086666666666666,0.0,0.0,-4.24573940297223,0.033,99,0.967,1.0940919037199124,2742,1,2513,0.3243253869824669,False,0.0011814589961431,46,archived_rho_0.5_unchanged,-10.503443852209756,False,ok,
5,Normal,3000,5,0.5,fresh_n,17,2026105717,,-1.0,6.257704449237527,False,18,inf,0.0,0.0,0.0,False,0.0,0.0043333333333333,0.929,0.0636666666666666,0.003,0.0,0.0,-5.219760280371842,0.023,69,0.977,1.0744985673352436,2792,1,2604,0.2456361095796846,False,0.0011122910073027,46,archived_rho_0.5_unchanged,-11.47746472960937,False,ok,
5,Normal,3000,5,0.5,fresh_n,17,2026105717,,-1.0,6.257704449237527,False,19,inf,0.0,0.0,0.0,False,0.0,0.0043333333333333,0.9346666666666666,0.057,0.004,0.0,0.0,-4.31783319644917,0.02,60,0.98,1.0608203677510608,2828,1,2674,0.223142557398353,False,0.0010773749672807,46,archived_rho_0.5_unchanged,-10.575537645686698,False,ok,
5,Normal,3000,5,0.5,fresh_n,17,2026105717,,-1.0,6.257704449237527,False,20,inf,0.0,0.0,0.0,False,0.0,0.0043333333333333,0.951,0.043,0.0016666666666666,0.0,0.0,-5.846120649784458,0.013,39,0.987,1.04675505931612,2866,1,2743,0.1466863146403406,False,0.0010507500264793,46,archived_rho_0.5_unchanged,-12.103825099021986,False,ok,
5,Normal,3000,5,0.5,fresh_n,17,2026105717,,-1.0,6.257704449237527,False,21,inf,0.0,0.0,0.0,False,0.0,0.0043333333333333,0.9553333333333334,0.039,0.0013333333333333,0.0,0.0,-5.123482923250531,0.007,21,0.993,1.0398613518197577,2885,1,2774,0.0993481937278298,False,0.0010228329920209,46,archived_rho_0.5_unchanged,-11.381187372488057,False,ok,
5,Normal,3000,5,0.5,fresh_n,17,2026105717,,-1.0,6.257704449237527,False,22,inf,0.0,0.0,0.0,False,0.0,0.0043333333333333,0.9703333333333334,0.024,0.0013333333333333,0.0,0.0,-7.677599304161628,0.006,18,0.994,1.0252904989747096,2926,1,2855,0.0715671364619696,False,0.0009868330089375,46,archived_rho_0.5_unchanged,-13.935303753399154,False,ok,
5,Normal,3000,5,0.5,fresh_n,17,2026105717,,-1.0,6.257704449237527,False,23,inf,0.0,0.0,0.0,False,0.0,0.0043333333333333,0.9733333333333334,0.0203333333333333,0.002,0.0,0.0,-6.488645327241722,0.0023333333333333,7,0.9976666666666668,1.020408163265306,2940,1,2881,0.0448705581595815,False,0.0009642079821787,46,archived_rho_0.5_unchanged,-12.74634977647925,False,ok,
5,Normal,3000,5,0.5,fresh_n,17,2026105717,,-1.0,6.257704449237527,False,24,inf,0.0,0.0,0.0,False,0.0,0.0043333333333333,0.9746666666666668,0.0206666666666666,0.0003333333333333,0.0,0.0,-6.685085590793451,0.004,12,0.996,1.0190217391304348,2944,1,2890,0.0518626717647202,False,0.0009650830179452,46,archived_rho_0.5_unchanged,-12.942790040030978,False,ok,
5,Normal,3000,5,0.5,fresh_n,17,2026105717,,-1.0,6.257704449237527,False,25,inf,0.0,0.0,0.0,False,0.0,0.0043333333333333,0.9816666666666668,0.014,0.0,0.0,0.0,-7.424000624330359,0.0006666666666666,2,0.9993333333333332,1.0148849797023003,2956,1,2912,0.0293333333333333,False,0.0009607499814592,46,archived_rho_0.5_unchanged,-13.681705073567887,False,ok,
5,Normal,3000,5,0.5,fresh_n,17,2026105717,,-1.0,6.257704449237527,False,26,inf,0.0,0.0,0.0,False,0.0,0.0043333333333333,0.9833333333333332,0.0123333333333333,0.0,0.0,0.0,-11.647505677661156,0.0003333333333333,1,0.9996666666666668,1.0084033613445378,2975,1,2950,0.0166666666666666,False,0.0009260000078938,46,archived_rho_0.5_unchanged,-17.905210126898684,False,ok,
5,Normal,3000,5,0.5,fresh_n,17,2026105717,,-1.0,6.257704449237527,False,27,inf,0.0,0.0,0.0,False,0.0,0.0043333333333333,0.9863333333333332,0.0093333333333333,0.0,0.0,0.0,0.0,0.0,0,1.0,1.009421265141319,2972,1,2944,0.0186666666666666,False,0.0009272499592043,46,archived_rho_0.5_unchanged,-6.257704449237527,True,ok,
5,Normal,3000,5,0.5,fresh_n,17,2026105717,,-1.0,6.257704449237527,False,28,inf,0.0,0.0,0.0,False,0.0,0.0043333333333333,0.987,0.0086666666666666,0.0,0.0,0.0,-8.141574552198389,0.0013333333333333,4,0.9986666666666668,1.007387508394896,2978,1,2956,0.0146666666666666,False,0.0009287919965572,46,archived_rho_0.5_unchanged,-14.399279001435914,False,ok,
5,Normal,3000,5,0.5,fresh_n,17,2026105717,,-1.0,6.257704449237527,False,29,inf,0.0,0.0,0.0,False,0.0,0.0043333333333333,0.988,0.0076666666666666,0.0,0.0,0.0,-3.866128989651318,0.0003333333333333,1,0.9996666666666668,1.0070493454179257,2979,1,2958,0.0139999999999999,False,0.0009144580108113,46,archived_rho_0.5_unchanged,-10.123833438888845,False,ok,
5,Normal,3000,5,0.5,fresh_n,17,2026105717,,-1.0,6.257704449237527,False,30,inf,0.0,0.0,0.0,False,0.0,0.0043333333333333,0.9896666666666668,0.006,0.0,0.0,0.0,-8.386770008312476,0.0016666666666666,5,0.9983333333333332,1.0077258985555928,2977,1,2954,0.0153333333333333,False,0.0009094579727388,46,archived_rho_0.5_unchanged,-14.644474457550004,False,ok,
5,Normal,3000,5,0.5,fresh_n,17,2026105717,,-1.0,6.257704449237527,False,31,inf,0.0,0.0,0.0,False,0.0,0.0043333333333333,0.9896666666666668,0.006,0.0,0.0,0.0,-5.807197631464637,0.0003333333333333,1,0.9996666666666668,1.0056989607777405,2983,1,2966,0.0113333333333333,False,0.0009198329644277,46,archived_rho_0.5_unchanged,-12.064902080702165,False,ok,
5,Normal,3000,5,0.5,fresh_n,17,2026105717,,-1.0,6.257704449237527,False,32,inf,0.0,0.0,0.0,False,0.0,0.0043333333333333,0.9886666666666668,0.0066666666666666,0.0003333333333333,0.0,0.0,-10.205965896540578,0.0016666666666666,5,0.9983333333333332,1.0050251256281406,2985,1,2971,0.0185665637575778,False,0.0009107910445891,46,archived_rho_0.5_unchanged,-16.463670345778105,False,ok,
5,Normal,3000,5,0.5,fresh_n,17,2026105717,,-1.0,6.257704449237527,False,33,inf,0.0,0.0,0.0,False,0.0,0.0043333333333333,0.99,0.0056666666666666,0.0,0.0,0.0,0.0,0.0,0,1.0,1.0033444816053512,2990,1,2980,0.0066666666666666,False,0.0009269160218536,46,archived_rho_0.5_unchanged,-6.257704449237527,True,ok,
5,Normal,3000,5,0.5,fresh_n,17,2026105717,,-1.0,6.257704449237527,False,34,inf,0.0,0.0,0.0,False,0.0,0.0043333333333333,0.9916666666666668,0.004,0.0,0.0,0.0,0.0,0.0,0,1.0,1.002338790511193,2993,1,2986,0.0046666666666666,False,0.0009133330313488,46,archived_rho_0.5_unchanged,-6.257704449237527,True,ok,
5,Normal,3000,5,0.5,fresh_n,17,2026105717,,-1.0,6.257704449237527,False,35,inf,0.0,0.0,0.0,False,0.0,0.0043333333333333,0.9933333333333332,0.0023333333333333,0.0,0.0,0.0,0.0,0.0,0,1.0,1.0033444816053512,2990,1,2980,0.0066666666666666,False,0.0008987499750219,46,archived_rho_0.5_unchanged,-6.257704449237527,True,ok,
5,Normal,3000,5,0.5,fresh_n,17,2026105717,,-1.0,6.257704449237527,False,36,inf,0.0,0.0,0.0,False,0.0,0.0043333333333333,0.9936666666666668,0.002,0.0,0.0,0.0,-9.945507432860294,0.0003333333333333,1,0.9996666666666668,1.0030090270812435,2991,1,2982,0.006,False,0.0009085420169867,46,archived_rho_0.5_unchanged,-16.203211882097822,False,ok,
5,Normal,3000,5,0.5,fresh_n,17,2026105717,,-1.0,6.257704449237527,False,37,inf,0.0,0.0,0.0,False,0.0,0.0043333333333333,0.9933333333333332,0.0023333333333333,0.0,0.0,0.0,0.0,0.0,0,1.0,1.001669449081803,2995,1,2990,0.0033333333333333,False,0.0008899999666027,46,archived_rho_0.5_unchanged,-6.257704449237527,True,ok,
5,Normal,3000,5,0.5,fresh_n,17,2026105717,,-1.0,6.257704449237527,False,38,inf,0.0,0.0,0.0,False,0.0,0.0043333333333333,0.99,0.0056666666666666,0.0,0.0,0.0,0.0,0.0,0,1.0,1.002673796791444,2992,1,2984,0.0053333333333333,False,0.0008889589807949,46,archived_rho_0.5_unchanged,-6.257704449237527,True,ok,
5,Normal,3000,5,0.5,fresh_n,17,2026105717,,-1.0,6.257704449237527,False,39,inf,0.0,0.0,0.0,False,0.0,0.0043333333333333,0.9943333333333332,0.0013333333333333,0.0,0.0,0.0,0.0,0.0,0,1.0,1.002673796791444,2992,1,2984,0.0053333333333333,False,0.000906582979951,46,archived_rho_0.5_unchanged,-6.257704449237527,True,ok,
5,Normal,3000,5,0.5,fresh_n,17,2026105717,,-1.0,6.257704449237527,False,40,inf,0.0,0.0,0.0,False,0.0,0.0043333333333333,0.9933333333333332,0.0023333333333333,0.0,0.0,0.0,0.0,0.0,0,1.0,1.002338790511193,2993,1,2986,0.0046666666666666,False,0.0008849999867379,46,archived_rho_0.5_unchanged,-6.257704449237527,True,ok,
5,Normal,3000,5,0.5,fresh_n,18,2026105718,,-1.0,6.257704449237527,False,1,7.023470229566062,0.9936666666666668,0.9936666666666668,0.988,True,0.9936666666666668,0.0063333333333333,0.0,0.0,0.0,0.0,0.0,7.01094298253141,1.0,3000,0.0,3000.0,1,3000,0,1.1407271369268392,False,0.0019591249874792,46,archived_rho_0.5_unchanged,0.7532385332938833,False,ok,
5,Normal,3000,5,0.5,fresh_n,18,2026105718,,-1.0,6.257704449237527,False,2,5.91102382323283,0.8586666666666667,0.8576666666666667,0.847,False,0.8586666666666667,0.0063333333333333,0.0,0.0,0.135,0.0,0.0,5.814279431656121,1.0,3000,0.0,93.75,32,17,0,1.676416230256509,False,0.001906624995172,46,archived_rho_0.5_unchanged,-0.44342501758140607,False,ok,
5,Normal,3000,5,0.5,fresh_n,18,2026105718,,-1.0,6.257704449237527,False,3,5.4591458707127405,0.7443333333333333,0.7253333333333334,0.721,False,0.7443333333333333,0.0063333333333333,0.0066666666666666,0.0056666666666666,0.237,0.0,0.0,5.3849579725423515,0.988,2964,0.012,30.303030303030305,99,1,20,1.8379832085966452,False,0.0015785410068929,46,archived_rho_0.5_unchanged,-0.8727464766951751,False,ok,
5,Normal,3000,5,0.5,fresh_n,18,2026105718,,-1.0,6.257704449237527,False,4,5.036962311201232,0.6153333333333333,0.5993333333333334,0.586,False,0.6153333333333333,0.0063333333333333,0.039,0.032,0.3073333333333333,0.0,0.0,4.659670111680275,0.947,2841,0.053,12.295081967213116,244,1,79,2.126042897975371,False,0.0020178339909762,46,archived_rho_0.5_unchanged,-1.5980343375572517,False,ok,
5,Normal,3000,5,0.5,fresh_n,18,2026105718,,-1.0,6.257704449237527,False,5,4.489968306588632,0.433,0.3976666666666666,0.377,False,0.433,0.0063333333333333,0.0763333333333333,0.0476666666666666,0.4366666666666666,0.0,0.0,3.8940778715801554,0.9103333333333332,2731,0.0896666666666666,7.5566750629722925,397,1,144,2.4807783092479565,False,0.0027957499842159,46,archived_rho_0.5_unchanged,-2.3636265776573713,False,ok,
5,Normal,3000,5,0.5,fresh_n,18,2026105718,,-1.0,6.257704449237527,False,6,3.902946575275608,0.2693333333333333,0.2196666666666666,0.212,False,0.2693333333333333,0.0063333333333333,0.122,0.1006666666666666,0.5016666666666667,0.0,0.0,2.8939965226419395,0.8443333333333334,2533,0.1556666666666666,4.6801872074882995,641,1,286,2.763224227961347,False,0.0026727080112323,46,archived_rho_0.5_unchanged,-3.363707926595587,False,ok,
5,Normal,3000,5,0.5,fresh_n,18,2026105718,,-1.0,6.257704449237527,False,7,3.32792439121438,0.1496666666666666,0.0956666666666666,0.086,False,0.1496666666666666,0.0063333333333333,0.2066666666666666,0.1463333333333333,0.491,0.0,0.0,2.01040252853015,0.74,2220,0.26,3.218884120171674,932,1,476,2.8669838693114267,False,0.0025097500183619,46,archived_rho_0.5_unchanged,-4.247301920707377,False,ok,
5,Normal,3000,5,0.5,fresh_n,18,2026105718,,-1.0,6.257704449237527,False,8,2.6202280185913005,0.0653333333333333,0.0163333333333333,0.014,False,0.0653333333333333,0.0063333333333333,0.295,0.1673333333333333,0.466,0.0,0.0,0.9835424870656228,0.633,1899,0.367,2.4650780608052587,1217,1,677,2.7892773038853473,False,0.0025717919925227,46,archived_rho_0.5_unchanged,-5.274161962171904,False,ok,
5,Normal,3000,5,0.5,fresh_n,18,2026105718,,-1.0,6.257704449237527,False,9,1.89715010362006,0.0316666666666666,0.0023333333333333,0.001,False,0.0316666666666666,0.0063333333333333,0.398,0.22,0.344,0.0,0.0,-0.0095697915461885,0.5143333333333333,1543,0.4856666666666667,1.9672131147540983,1525,1,936,2.617894561602108,False,0.0026099170208908,46,archived_rho_0.5_unchanged,-6.267274240783715,False,ok,
5,Normal,3000,5,0.5,fresh_n,18,2026105718,,-1.0,6.257704449237527,False,10,0.8068655897837979,0.0073333333333333,0.0,0.0,False,0.0073333333333333,0.0063333333333333,0.5,0.2436666666666666,0.2426666666666666,0.0,0.0,-1.0391837607972532,0.3956666666666666,1187,0.6043333333333334,1.6538037486218302,1814,1,1229,2.284561920137064,False,0.0032379169715568,46,archived_rho_0.5_unchanged,-7.29688821003478,False,ok,
5,Normal,3000,5,0.5,fresh_n,18,2026105718,,-1.0,6.257704449237527,False,11,0.2855957917444459,0.0043333333333333,0.0,0.0,False,0.0043333333333333,0.0063333333333333,0.6116666666666667,0.226,0.1516666666666666,0.0,0.0,-1.9282036695912264,0.2696666666666666,809,0.7303333333333333,1.4374700527072353,2087,1,1546,1.757792605186456,False,0.0017387089901603,46,archived_rho_0.5_unchanged,-8.185908118828753,False,ok,
5,Normal,3000,5,0.5,fresh_n,18,2026105718,,-1.0,6.257704449237527,False,12,-0.0172609896908664,0.0013333333333333,0.0,0.0,False,0.0013333333333333,0.0063333333333333,0.697,0.2016666666666666,0.0936666666666666,0.0,0.0,-2.56793655165518,0.172,516,0.8280000000000001,1.3054830287206267,2298,1,1803,1.252174778690778,False,0.0016317919944413,46,archived_rho_0.5_unchanged,-8.825641000892707,False,ok,
5,Normal,3000,5,0.5,fresh_n,18,2026105718,,-1.0,6.257704449237527,False,13,-0.260499587824363,0.0003333333333333,0.0,0.0,False,0.0003333333333333,0.0063333333333333,0.7726666666666666,0.1716666666666666,0.049,0.0,0.0,-3.2608195612387636,0.1046666666666666,314,0.8953333333333333,1.2170385395537526,2465,1,2048,0.8661585157094489,False,0.0014978339895606,46,archived_rho_0.5_unchanged,-9.518524010476291,False,ok,
5,Normal,3000,5,0.5,fresh_n,18,2026105718,,-1.0,6.257704449237527,False,14,inf,0.0,0.0,0.0,False,0.0,0.0063333333333333,0.8263333333333334,0.141,0.0263333333333333,0.0,0.0,-3.478790026856552,0.0646666666666666,194,0.9353333333333332,1.152516327314637,2603,1,2275,0.5834992659901609,False,0.0013784170150756,46,archived_rho_0.5_unchanged,-9.736494476094078,False,ok,
5,Normal,3000,5,0.5,fresh_n,18,2026105718,,-1.0,6.257704449237527,False,15,inf,0.0,0.0,0.0,False,0.0,0.0063333333333333,0.8653333333333333,0.1133333333333333,0.015,0.0,0.0,-4.150547762688928,0.0386666666666666,116,0.9613333333333334,1.1049723756906078,2715,1,2467,0.3759754487944067,False,0.0012661250075325,46,archived_rho_0.5_unchanged,-10.408252211926456,False,ok,
5,Normal,3000,5,0.5,fresh_n,18,2026105718,,-1.0,6.257704449237527,False,16,inf,0.0,0.0,0.0,False,0.0,0.0063333333333333,0.9006666666666666,0.083,0.01,0.0,0.0,-4.1453299476677365,0.0243333333333333,73,0.9756666666666668,1.0885341074020318,2756,1,2533,0.2734151180657763,False,0.0012667500413954,46,archived_rho_0.5_unchanged,-10.403034396905262,False,ok,
5,Normal,3000,5,0.5,fresh_n,18,2026105718,,-1.0,6.257704449237527,False,17,inf,0.0,0.0,0.0,False,0.0,0.0063333333333333,0.9213333333333332,0.0673333333333333,0.005,0.0,0.0,-4.923773836360374,0.0133333333333333,40,0.9866666666666668,1.0619469026548674,2825,1,2661,0.178560674512782,False,0.0011305410298518,46,archived_rho_0.5_unchanged,-11.181478285597901,False,ok,
5,Normal,3000,5,0.5,fresh_n,18,2026105718,,-1.0,6.257704449237527,False,18,inf,0.0,0.0,0.0,False,0.0,0.0063333333333333,0.9406666666666668,0.0506666666666666,0.0023333333333333,0.0,0.0,-4.4793191182603485,0.011,33,0.989,1.0423905489923555,2878,1,2765,0.1378192945568966,False,0.0011865830165334,46,archived_rho_0.5_unchanged,-10.737023567497875,False,ok,
5,Normal,3000,5,0.5,fresh_n,18,2026105718,,-1.0,6.257704449237527,False,19,inf,0.0,0.0,0.0,False,0.0,0.0063333333333333,0.9453333333333334,0.0436666666666666,0.0046666666666666,0.0,0.0,-4.977748854127047,0.0076666666666666,23,0.9923333333333332,1.0395010395010396,2886,1,2778,0.100176802801693,False,0.0011530829942785,46,archived_rho_0.5_unchanged,-11.235453303364574,False,ok,
5,Normal,3000,5,0.5,fresh_n,18,2026105718,,-1.0,6.257704449237527,False,20,inf,0.0,0.0,0.0,False,0.0,0.0063333333333333,0.9633333333333334,0.0296666666666666,0.0006666666666666,0.0,0.0,-5.035153918971674,0.0056666666666666,17,0.9943333333333332,1.029512697323267,2914,1,2831,0.0754609470397165,False,0.0010865000076591,46,archived_rho_0.5_unchanged,-11.2928583682092,False,ok,
5,Normal,3000,5,0.5,fresh_n,18,2026105718,,-1.0,6.257704449237527,False,21,inf,0.0,0.0,0.0,False,0.0,0.0063333333333333,0.967,0.025,0.0016666666666666,0.0,0.0,-5.808284208662095,0.003,9,0.997,1.0242403550699897,2929,1,2860,0.0592947627474092,False,0.0010664579458534,46,archived_rho_0.5_unchanged,-12.065988657899622,False,ok,
5,Normal,3000,5,0.5,fresh_n,18,2026105718,,-1.0,6.257704449237527,False,22,inf,0.0,0.0,0.0,False,0.0,0.0063333333333333,0.9733333333333334,0.0203333333333333,0.0,0.0,0.0,-7.879726269020679,0.0013333333333333,4,0.9986666666666668,1.0169491525423728,2950,1,2900,0.0333333333333333,False,0.0010107079870067,46,archived_rho_0.5_unchanged,-14.137430718258205,False,ok,
5,Normal,3000,5,0.5,fresh_n,18,2026105718,,-1.0,6.257704449237527,False,23,inf,0.0,0.0,0.0,False,0.0,0.0063333333333333,0.9766666666666668,0.0166666666666666,0.0003333333333333,0.0,0.0,-6.4871508589894935,0.002,6,0.998,1.015572105619499,2954,1,2909,0.0372499677349173,False,0.0010007499950006,46,archived_rho_0.5_unchanged,-12.74485530822702,False,ok,
5,Normal,3000,5,0.5,fresh_n,18,2026105718,,-1.0,6.257704449237527,False,24,inf,0.0,0.0,0.0,False,0.0,0.0063333333333333,0.9763333333333334,0.0166666666666666,0.0006666666666666,0.0,0.0,-6.891506171591591,0.0033333333333333,10,0.9966666666666668,1.015572105619499,2954,1,2910,0.0441146470098455,False,0.0009842499857768,46,archived_rho_0.5_unchanged,-13.149210620829118,False,ok,
5,Normal,3000,5,0.5,fresh_n,18,2026105718,,-1.0,6.257704449237527,False,25,inf,0.0,0.0,0.0,False,0.0,0.0063333333333333,0.982,0.0116666666666666,0.0,0.0,0.0,-6.7439834540335015,0.0016666666666666,5,0.9983333333333332,1.0087424344317415,2974,1,2949,0.023916634401584,False,0.0009541669860482,46,archived_rho_0.5_unchanged,-13.001687903271028,False,ok,
5,Normal,3000,5,0.5,fresh_n,18,2026105718,,-1.0,6.257704449237527,False,26,inf,0.0,0.0,0.0,False,0.0,0.0063333333333333,0.9806666666666668,0.013,0.0,0.0,0.0,-9.262920874536334,0.0003333333333333,1,0.9996666666666668,1.0080645161290325,2976,1,2952,0.0159999999999999,False,0.0009607920073904,46,archived_rho_0.5_unchanged,-15.52062532377386,False,ok,
5,Normal,3000,5,0.5,fresh_n,18,2026105718,,-1.0,6.257704449237527,False,27,inf,0.0,0.0,0.0,False,0.0,0.0063333333333333,0.9846666666666668,0.009,0.0,0.0,0.0,-9.795178147603856,0.0003333333333333,1,0.9996666666666668,1.0063737001006374,2981,1,2962,0.0126666666666666,False,0.0009335830109193,46,archived_rho_0.5_unchanged,-16.052882596841382,False,ok,
5,Normal,3000,5,0.5,fresh_n,18,2026105718,,-1.0,6.257704449237527,False,28,inf,0.0,0.0,0.0,False,0.0,0.0063333333333333,0.984,0.0093333333333333,0.0003333333333333,0.0,0.0,-6.776873475713147,0.0003333333333333,1,0.9996666666666668,1.0053619302949062,2984,1,2968,0.0106666666666666,False,0.0009300420060753,46,archived_rho_0.5_unchanged,-13.034577924950675,False,ok,
5,Normal,3000,5,0.5,fresh_n,18,2026105718,,-1.0,6.257704449237527,False,29,inf,0.0,0.0,0.0,False,0.0,0.0063333333333333,0.986,0.0076666666666666,0.0,0.0,0.0,-9.795178147603856,0.0003333333333333,1,0.9996666666666668,1.0036801605888257,2989,1,2978,0.0073333333333333,False,0.0009324999991804,46,archived_rho_0.5_unchanged,-16.052882596841382,False,ok,
5,Normal,3000,5,0.5,fresh_n,18,2026105718,,-1.0,6.257704449237527,False,30,inf,0.0,0.0,0.0,False,0.0,0.0063333333333333,0.9876666666666668,0.006,0.0,0.0,0.0,-5.363922865634102,0.0003333333333333,1,0.9996666666666668,1.004352192835621,2987,1,2974,0.0086666666666666,False,0.0009234579629264,46,archived_rho_0.5_unchanged,-11.621627314871628,False,ok,
5,Normal,3000,5,0.5,fresh_n,18,2026105718,,-1.0,6.257704449237527,False,31,inf,0.0,0.0,0.0,False,0.0,0.0063333333333333,0.987,0.0066666666666666,0.0,0.0,0.0,-7.007397109292779,0.001,3,0.999,1.004352192835621,2987,1,2974,0.0086666666666666,False,0.0009233329910784,46,archived_rho_0.5_unchanged,-13.265101558530306,False,ok,
5,Normal,3000,5,0.5,fresh_n,18,2026105718,,-1.0,6.257704449237527,False,32,inf,0.0,0.0,0.0,False,0.0,0.0063333333333333,0.989,0.0046666666666666,0.0,0.0,0.0,-6.733011357239146,0.0003333333333333,1,0.9996666666666668,1.0040160642570282,2988,1,2976,0.0079999999999999,False,0.000936415977776,46,archived_rho_0.5_unchanged,-12.990715806476672,False,ok,
5,Normal,3000,5,0.5,fresh_n,18,2026105718,,-1.0,6.257704449237527,False,33,inf,0.0,0.0,0.0,False,0.0,0.0063333333333333,0.9896666666666668,0.004,0.0,0.0,0.0,-6.776873475713147,0.0003333333333333,1,0.9996666666666668,1.0033444816053512,2990,1,2980,0.0066666666666666,False,0.000920332968235,46,archived_rho_0.5_unchanged,-13.034577924950675,False,ok,
5,Normal,3000,5,0.5,fresh_n,18,2026105718,,-1.0,6.257704449237527,False,34,inf,0.0,0.0,0.0,False,0.0,0.0063333333333333,0.9903333333333332,0.0033333333333333,0.0,0.0,0.0,0.0,0.0,0,1.0,1.001001001001001,2997,1,2994,0.002,False,0.0009218750055879,46,archived_rho_0.5_unchanged,-6.257704449237527,True,ok,
5,Normal,3000,5,0.5,fresh_n,18,2026105718,,-1.0,6.257704449237527,False,35,inf,0.0,0.0,0.0,False,0.0,0.0063333333333333,0.9923333333333332,0.0013333333333333,0.0,0.0,0.0,-9.795178147603856,0.0003333333333333,1,0.9996666666666668,1.001669449081803,2995,1,2990,0.0033333333333333,False,0.0010478749754838,46,archived_rho_0.5_unchanged,-16.052882596841382,False,ok,
5,Normal,3000,5,0.5,fresh_n,18,2026105718,,-1.0,6.257704449237527,False,36,inf,0.0,0.0,0.0,False,0.0,0.0063333333333333,0.99,0.0036666666666666,0.0,0.0,0.0,0.0,0.0,0,1.0,1.0013351134846462,2996,1,2992,0.0026666666666666,False,0.0010039170156233,46,archived_rho_0.5_unchanged,-6.257704449237527,True,ok,
5,Normal,3000,5,0.5,fresh_n,18,2026105718,,-1.0,6.257704449237527,False,37,inf,0.0,0.0,0.0,False,0.0,0.0063333333333333,0.9926666666666668,0.001,0.0,0.0,0.0,0.0,0.0,0,1.0,1.0006671114076051,2998,1,2996,0.0013333333333333,False,0.0010017500026151,46,archived_rho_0.5_unchanged,-6.257704449237527,True,ok,
5,Normal,3000,5,0.5,fresh_n,18,2026105718,,-1.0,6.257704449237527,False,38,inf,0.0,0.0,0.0,False,0.0,0.0063333333333333,0.991,0.0026666666666666,0.0,0.0,0.0,0.0,0.0,0,1.0,1.0013351134846462,2996,1,2992,0.0026666666666666,False,0.0009699999936856,46,archived_rho_0.5_unchanged,-6.257704449237527,True,ok,
5,Normal,3000,5,0.5,fresh_n,18,2026105718,,-1.0,6.257704449237527,False,39,inf,0.0,0.0,0.0,False,0.0,0.0063333333333333,0.9913333333333332,0.0023333333333333,0.0,0.0,0.0,-9.262920874536334,0.0003333333333333,1,0.9996666666666668,1.0013351134846462,2996,1,2992,0.0026666666666666,False,0.001019500021357,46,archived_rho_0.5_unchanged,-15.52062532377386,False,ok,
5,Normal,3000,5,0.5,fresh_n,18,2026105718,,-1.0,6.257704449237527,False,40,inf,0.0,0.0,0.0,False,0.0,0.0063333333333333,0.992,0.0016666666666666,0.0,0.0,0.0,0.0,0.0,0,1.0,1.001669449081803,2995,1,2990,0.0033333333333333,False,0.0009469169890508,46,archived_rho_0.5_unchanged,-6.257704449237527,True,ok,
5,Normal,3000,5,0.5,fresh_n,19,2026105719,,-1.0,6.257704449237527,False,1,7.082468848712702,0.996,0.996,0.991,True,0.996,0.004,0.0,0.0,0.0,0.0,0.0,7.063501590197872,1.0,3000,0.0,3000.0,1,3000,0,1.1468840237356095,False,0.0011878329678438,46,archived_rho_0.5_unchanged,0.8057971409603457,False,ok,
5,Normal,3000,5,0.5,fresh_n,19,2026105719,,-1.0,6.257704449237527,False,2,5.932703701469682,0.853,0.851,0.843,False,0.853,0.004,0.0,0.0,0.143,0.0,0.0,5.837823991409179,1.0,3000,0.0,93.75,32,17,0,1.6245917808256976,False,0.0011278750025667,46,archived_rho_0.5_unchanged,-0.4198804578283477,False,ok,
5,Normal,3000,5,0.5,fresh_n,19,2026105719,,-1.0,6.257704449237527,False,3,5.514486972933287,0.762,0.7433333333333333,0.721,False,0.762,0.004,0.011,0.0076666666666666,0.2153333333333333,0.0,0.0,5.401204281307641,0.9916666666666668,2975,0.0083333333333333,32.967032967032964,91,1,19,1.804888442478271,False,0.0011583750019781,46,archived_rho_0.5_unchanged,-0.8565001679298856,False,ok,
5,Normal,3000,5,0.5,fresh_n,19,2026105719,,-1.0,6.257704449237527,False,4,5.084332777313364,0.6293333333333333,0.606,0.594,False,0.6293333333333333,0.004,0.0353333333333333,0.0283333333333333,0.303,0.0,0.0,4.823032299274818,0.9553333333333334,2866,0.0446666666666666,14.084507042253522,213,1,69,2.054330574894724,False,0.0013132500462234,46,archived_rho_0.5_unchanged,-1.4346721499627089,False,ok,
5,Normal,3000,5,0.5,fresh_n,19,2026105719,,-1.0,6.257704449237527,False,5,4.562806660260487,0.4456666666666666,0.414,0.395,False,0.4456666666666666,0.004,0.059,0.058,0.4333333333333333,0.0,0.0,4.0470594193240395,0.9196666666666666,2759,0.0803333333333333,8.379888268156424,358,1,120,2.4390702967506694,False,0.0014572080108337,46,archived_rho_0.5_unchanged,-2.210645029913487,False,ok,
5,Normal,3000,5,0.5,fresh_n,19,2026105719,,-1.0,6.257704449237527,False,6,4.066406695705419,0.2993333333333333,0.2536666666666666,0.211,False,0.2993333333333333,0.004,0.1203333333333333,0.089,0.4873333333333333,0.0,0.0,3.1811682559379406,0.8626666666666667,2588,0.1373333333333333,5.253940455341506,571,1,233,2.7269055625012917,False,0.0014812080189585,46,archived_rho_0.5_unchanged,-3.076536193299586,False,ok,
5,Normal,3000,5,0.5,fresh_n,19,2026105719,,-1.0,6.257704449237527,False,7,3.3174415888756297,0.1676666666666666,0.1086666666666666,0.086,False,0.1676666666666666,0.004,0.1876666666666666,0.119,0.5216666666666666,0.0,0.0,2.099168588291816,0.782,2346,0.2179999999999999,3.5587188612099645,843,1,398,2.945975226221302,False,0.0016930839628912,46,archived_rho_0.5_unchanged,-4.158535860945711,False,ok,
5,Normal,3000,5,0.5,fresh_n,19,2026105719,,-1.0,6.257704449237527,False,8,2.684929038376282,0.0776666666666666,0.0283333333333333,0.016,False,0.0776666666666666,0.004,0.2733333333333333,0.1666666666666666,0.4783333333333333,0.0,0.0,1.296988781530921,0.6686666666666666,2006,0.3313333333333333,2.680965147453083,1119,1,586,2.8467246984222627,False,0.0017423749668523,46,archived_rho_0.5_unchanged,-4.960715667706606,False,ok,
5,Normal,3000,5,0.5,fresh_n,19,2026105719,,-1.0,6.257704449237527,False,9,1.8191650269947437,0.037,0.002,0.002,False,0.037,0.004,0.3663333333333333,0.2076666666666666,0.385,0.0,0.0,0.2298861386314219,0.5623333333333334,1687,0.4376666666666666,2.0905923344947737,1435,1,872,2.726333993799156,False,0.0017501659458503,46,archived_rho_0.5_unchanged,-6.027818310606105,False,ok,
5,Normal,3000,5,0.5,fresh_n,19,2026105719,,-1.0,6.257704449237527,False,10,1.4561036666892129,0.0133333333333333,0.0,0.0,False,0.0133333333333333,0.004,0.4926666666666666,0.2273333333333333,0.2626666666666666,0.0,0.0,-0.7017585086133731,0.4273333333333333,1282,0.5726666666666667,1.7513134851138354,1713,1,1102,2.4275060915387243,False,0.0017794999876059,46,archived_rho_0.5_unchanged,-6.959462957850899,False,ok,
5,Normal,3000,5,0.5,fresh_n,19,2026105719,,-1.0,6.257704449237527,False,11,0.0448398487625937,0.0043333333333333,0.0,0.0,False,0.0043333333333333,0.004,0.578,0.2403333333333333,0.1733333333333333,0.0,0.0,-1.5915622748590723,0.3,900,0.7,1.4992503748125936,2001,1,1433,1.837487594505578,False,0.0016787499771453,46,archived_rho_0.5_unchanged,-7.849266724096599,False,ok,
5,Normal,3000,5,0.5,fresh_n,19,2026105719,,-1.0,6.257704449237527,False,12,-0.1758304874020985,0.0023333333333333,0.0,0.0,False,0.0023333333333333,0.004,0.6636666666666666,0.221,0.109,0.0,0.0,-2.391813198645978,0.2103333333333333,631,0.7896666666666666,1.358695652173913,2208,1,1680,1.4773357571065593,False,0.0016229160246439,46,archived_rho_0.5_unchanged,-8.649517647883505,False,ok,
5,Normal,3000,5,0.5,fresh_n,19,2026105719,,-1.0,6.257704449237527,False,13,-0.780072410360636,0.0013333333333333,0.0,0.0,False,0.0013333333333333,0.004,0.753,0.1806666666666666,0.061,0.0,0.0,-2.998832109931702,0.139,417,0.861,1.2494793835901707,2401,1,1964,1.092339788483316,False,0.0014774170122109,46,archived_rho_0.5_unchanged,-9.256536559169229,False,ok,
5,Normal,3000,5,0.5,fresh_n,19,2026105719,,-1.0,6.257704449237527,False,14,-3.9791916065745454,0.0003333333333333,0.0,0.0,False,0.0003333333333333,0.004,0.8196666666666667,0.1423333333333333,0.0336666666666666,0.0,0.0,-3.282066528330272,0.082,246,0.918,1.1801730920535012,2542,1,2174,0.7001546799929196,False,0.0015914159594103,46,archived_rho_0.5_unchanged,-9.539770977567798,False,ok,
5,Normal,3000,5,0.5,fresh_n,19,2026105719,,-1.0,6.257704449237527,False,15,inf,0.0,0.0,0.0,False,0.0,0.004,0.862,0.1133333333333333,0.0206666666666666,0.0,0.0,-3.7549357594295545,0.0503333333333333,151,0.9496666666666668,1.1312217194570136,2652,1,2353,0.4938950378159057,False,0.0013627500156871,46,archived_rho_0.5_unchanged,-10.012640208667081,False,ok,
5,Normal,3000,5,0.5,fresh_n,19,2026105719,,-1.0,6.257704449237527,False,16,-2.1470722969870617,0.0003333333333333,0.0,0.0,False,0.0003333333333333,0.004,0.8893333333333333,0.095,0.0113333333333333,0.0,0.0,-4.284998461911169,0.0336666666666666,101,0.9663333333333334,1.0976948408342482,2733,1,2495,0.3578570523740219,False,0.0012804580037482,46,archived_rho_0.5_unchanged,-10.542702911148695,False,ok,
5,Normal,3000,5,0.5,fresh_n,19,2026105719,,-1.0,6.257704449237527,False,17,inf,0.0,0.0,0.0,False,0.0,0.004,0.918,0.071,0.007,0.0,0.0,-4.8259886836629935,0.025,75,0.975,1.0760401721664274,2788,1,2599,0.2813214765876981,False,0.0013059999910183,46,archived_rho_0.5_unchanged,-11.083693132900521,False,ok,
5,Normal,3000,5,0.5,fresh_n,19,2026105719,,-1.0,6.257704449237527,False,18,inf,0.0,0.0,0.0,False,0.0,0.004,0.9283333333333332,0.0646666666666666,0.003,0.0,0.0,-4.627068013475393,0.0113333333333333,34,0.9886666666666668,1.0578279266572637,2836,1,2683,0.16574104600233,False,0.0011963749420829,46,archived_rho_0.5_unchanged,-10.88477246271292,False,ok,
5,Normal,3000,5,0.5,fresh_n,19,2026105719,,-1.0,6.257704449237527,False,19,inf,0.0,0.0,0.0,False,0.0,0.004,0.951,0.0426666666666666,0.0023333333333333,0.0,0.0,-4.908687078210515,0.0076666666666666,23,0.9923333333333332,1.0445682451253482,2872,1,2750,0.1226674213578184,False,0.0011290829861536,46,archived_rho_0.5_unchanged,-11.166391527448042,False,ok,
5,Normal,3000,5,0.5,fresh_n,19,2026105719,,-1.0,6.257704449237527,False,20,inf,0.0,0.0,0.0,False,0.0,0.004,0.9573333333333334,0.038,0.0006666666666666,0.0,0.0,-4.941973768556066,0.005,15,0.995,1.0344827586206895,2900,1,2804,0.0919006347307126,False,0.0010867920354939,46,archived_rho_0.5_unchanged,-11.199678217793593,False,ok,
5,Normal,3000,5,0.5,fresh_n,19,2026105719,,-1.0,6.257704449237527,False,21,inf,0.0,0.0,0.0,False,0.0,0.004,0.966,0.029,0.001,0.0,0.0,-4.853681010581254,0.0043333333333333,13,0.9956666666666668,1.023890784982935,2930,1,2863,0.055661043125724,False,0.0010312919621355,46,archived_rho_0.5_unchanged,-11.11138545981878,False,ok,
5,Normal,3000,5,0.5,fresh_n,19,2026105719,,-1.0,6.257704449237527,False,22,inf,0.0,0.0,0.0,False,0.0,0.004,0.9756666666666668,0.0193333333333333,0.001,0.0,0.0,-4.43016022848222,0.003,9,0.997,1.019367991845056,2943,1,2888,0.0505141025715487,False,0.0010145839769393,46,archived_rho_0.5_unchanged,-10.687864677719746,False,ok,
5,Normal,3000,5,0.5,fresh_n,19,2026105719,,-1.0,6.257704449237527,False,23,inf,0.0,0.0,0.0,False,0.0,0.004,0.9776666666666668,0.0183333333333333,0.0,0.0,0.0,-5.031927295361158,0.0006666666666666,2,0.9993333333333332,1.015572105619499,2954,1,2908,0.0306666666666666,False,0.001002375036478,46,archived_rho_0.5_unchanged,-11.289631744598685,False,ok,
5,Normal,3000,5,0.5,fresh_n,19,2026105719,,-1.0,6.257704449237527,False,24,inf,0.0,0.0,0.0,False,0.0,0.004,0.9736666666666668,0.022,0.0003333333333333,0.0,0.0,-5.134913894790309,0.0023333333333333,7,0.9976666666666668,1.016260162601626,2952,1,2906,0.044234284688524,False,0.0009815829689614,46,archived_rho_0.5_unchanged,-11.392618344027834,False,ok,
5,Normal,3000,5,0.5,fresh_n,19,2026105719,,-1.0,6.257704449237527,False,25,inf,0.0,0.0,0.0,False,0.0,0.004,0.981,0.015,0.0,0.0,0.0,-5.089942899920023,0.0023333333333333,7,0.9976666666666668,1.0114632501685772,2966,1,2934,0.0347340533959863,False,0.0009744999697431,46,archived_rho_0.5_unchanged,-11.34764734915755,False,ok,
5,Normal,3000,5,0.5,fresh_n,19,2026105719,,-1.0,6.257704449237527,False,26,inf,0.0,0.0,0.0,False,0.0,0.004,0.9863333333333332,0.0093333333333333,0.0003333333333333,0.0,0.0,-6.882847087681373,0.001,3,0.999,1.0080645161290325,2976,1,2953,0.0227627361198259,False,0.0009472499950788,46,archived_rho_0.5_unchanged,-13.140551536918899,False,ok,
5,Normal,3000,5,0.5,fresh_n,19,2026105719,,-1.0,6.257704449237527,False,27,inf,0.0,0.0,0.0,False,0.0,0.004,0.9853333333333332,0.0106666666666666,0.0,0.0,0.0,-6.497614914107617,0.0006666666666666,2,0.9993333333333332,1.0084033613445378,2975,1,2950,0.0166666666666666,False,0.0009506659698672,46,archived_rho_0.5_unchanged,-12.755319363345144,False,ok,
5,Normal,3000,5,0.5,fresh_n,19,2026105719,,-1.0,6.257704449237527,False,28,inf,0.0,0.0,0.0,False,0.0,0.004,0.9896666666666668,0.0063333333333333,0.0,0.0,0.0,0.0,0.0,0,1.0,1.0056989607777405,2983,1,2966,0.0113333333333333,False,0.000944375002291,46,archived_rho_0.5_unchanged,-6.257704449237527,True,ok,
5,Normal,3000,5,0.5,fresh_n,19,2026105719,,-1.0,6.257704449237527,False,29,inf,0.0,0.0,0.0,False,0.0,0.004,0.9913333333333332,0.0046666666666666,0.0,0.0,0.0,0.0,0.0,0,1.0,1.0063737001006374,2981,1,2962,0.0126666666666666,False,0.0009352089837193,46,archived_rho_0.5_unchanged,-6.257704449237527,True,ok,
5,Normal,3000,5,0.5,fresh_n,19,2026105719,,-1.0,6.257704449237527,False,30,inf,0.0,0.0,0.0,False,0.0,0.004,0.9926666666666668,0.0033333333333333,0.0,0.0,0.0,0.0,0.0,0,1.0,1.0036801605888257,2989,1,2978,0.0073333333333333,False,0.0009277500212192,46,archived_rho_0.5_unchanged,-6.257704449237527,True,ok,
5,Normal,3000,5,0.5,fresh_n,19,2026105719,,-1.0,6.257704449237527,False,31,inf,0.0,0.0,0.0,False,0.0,0.004,0.992,0.004,0.0,0.0,0.0,0.0,0.0,0,1.0,1.0036801605888257,2989,1,2978,0.0073333333333333,False,0.0009335419745184,46,archived_rho_0.5_unchanged,-6.257704449237527,True,ok,
5,Normal,3000,5,0.5,fresh_n,19,2026105719,,-1.0,6.257704449237527,False,32,inf,0.0,0.0,0.0,False,0.0,0.004,0.992,0.004,0.0,0.0,0.0,0.0,0.0,0,1.0,1.0036801605888257,2989,1,2978,0.0073333333333333,False,0.000919166021049,46,archived_rho_0.5_unchanged,-6.257704449237527,True,ok,
5,Normal,3000,5,0.5,fresh_n,19,2026105719,,-1.0,6.257704449237527,False,33,inf,0.0,0.0,0.0,False,0.0,0.004,0.9946666666666668,0.0013333333333333,0.0,0.0,0.0,0.0,0.0,0,1.0,1.002673796791444,2992,1,2984,0.0053333333333333,False,0.0009284170228056,46,archived_rho_0.5_unchanged,-6.257704449237527,True,ok,
5,Normal,3000,5,0.5,fresh_n,19,2026105719,,-1.0,6.257704449237527,False,34,inf,0.0,0.0,0.0,False,0.0,0.004,0.9946666666666668,0.0013333333333333,0.0,0.0,0.0,0.0,0.0,0,1.0,1.002673796791444,2992,1,2984,0.0053333333333333,False,0.0009395420202054,46,archived_rho_0.5_unchanged,-6.257704449237527,True,ok,
5,Normal,3000,5,0.5,fresh_n,19,2026105719,,-1.0,6.257704449237527,False,35,inf,0.0,0.0,0.0,False,0.0,0.004,0.993,0.003,0.0,0.0,0.0,-6.786751868566049,0.0003333333333333,1,0.9996666666666668,1.004352192835621,2987,1,2974,0.0086666666666666,False,0.0009269170113839,46,archived_rho_0.5_unchanged,-13.044456317803576,False,ok,
5,Normal,3000,5,0.5,fresh_n,19,2026105719,,-1.0,6.257704449237527,False,36,inf,0.0,0.0,0.0,False,0.0,0.004,0.9946666666666668,0.0013333333333333,0.0,0.0,0.0,0.0,0.0,0,1.0,1.0013351134846462,2996,1,2992,0.0026666666666666,False,0.0009134999709203,46,archived_rho_0.5_unchanged,-6.257704449237527,True,ok,
5,Normal,3000,5,0.5,fresh_n,19,2026105719,,-1.0,6.257704449237527,False,37,inf,0.0,0.0,0.0,False,0.0,0.004,0.9946666666666668,0.0013333333333333,0.0,0.0,0.0,0.0,0.0,0,1.0,1.0006671114076051,2998,1,2996,0.0013333333333333,False,0.0009182500070892,46,archived_rho_0.5_unchanged,-6.257704449237527,True,ok,
5,Normal,3000,5,0.5,fresh_n,19,2026105719,,-1.0,6.257704449237527,False,38,inf,0.0,0.0,0.0,False,0.0,0.004,0.9943333333333332,0.0016666666666666,0.0,0.0,0.0,0.0,0.0,0,1.0,1.001001001001001,2997,1,2994,0.0019999999999999,False,0.0009017499978654,46,archived_rho_0.5_unchanged,-6.257704449237527,True,ok,
5,Normal,3000,5,0.5,fresh_n,19,2026105719,,-1.0,6.257704449237527,False,39,inf,0.0,0.0,0.0,False,0.0,0.004,0.995,0.001,0.0,0.0,0.0,0.0,0.0,0,1.0,1.001001001001001,2997,1,2994,0.0019999999999999,False,0.000887333007995,46,archived_rho_0.5_unchanged,-6.257704449237527,True,ok,
5,Normal,3000,5,0.5,fresh_n,19,2026105719,,-1.0,6.257704449237527,False,40,inf,0.0,0.0,0.0,False,0.0,0.004,0.9956666666666668,0.0003333333333333,0.0,0.0,0.0,0.0,0.0,0,1.0,1.001001001001001,2997,1,2994,0.0019999999999999,False,0.000904124986846,46,archived_rho_0.5_unchanged,-6.257704449237527,True,ok,
5,Normal,3000,5,0.5,fresh_n,20,2026105720,,-1.0,6.257704449237527,False,1,7.09174654801943,0.9953333333333332,0.9953333333333332,0.992,True,0.9953333333333332,0.0046666666666666,0.0,0.0,0.0,0.0,0.0,7.076322611052293,1.0,3000,0.0,3000.0,1,3000,0,1.142103027210792,False,0.0011732500279322,46,archived_rho_0.5_unchanged,0.8186181618147668,False,ok,
5,Normal,3000,5,0.5,fresh_n,20,2026105720,,-1.0,6.257704449237527,False,2,5.9099210590928335,0.8553333333333333,0.8533333333333334,0.821,False,0.8553333333333333,0.0046666666666666,0.0,0.0,0.14,0.0,0.0,5.799427320782903,1.0,3000,0.0,93.75,32,13,0,1.6476078175768956,False,0.0011075420188717,46,archived_rho_0.5_unchanged,-0.45827712845462365,False,ok,
5,Normal,3000,5,0.5,fresh_n,20,2026105720,,-1.0,6.257704449237527,False,3,5.490203660210565,0.7586666666666667,0.7406666666666667,0.736,False,0.7586666666666667,0.0046666666666666,0.0093333333333333,0.005,0.2223333333333333,0.0,0.0,5.39220356615889,0.99,2970,0.01,31.25,96,1,18,1.8493127195892185,False,0.0011379590141586,46,archived_rho_0.5_unchanged,-0.8655008830786368,False,ok,
5,Normal,3000,5,0.5,fresh_n,20,2026105720,,-1.0,6.257704449237527,False,4,5.014332004425964,0.6186666666666667,0.5986666666666667,0.592,False,0.6186666666666667,0.0046666666666666,0.034,0.0313333333333333,0.3113333333333333,0.0,0.0,4.692823159988164,0.9556666666666668,2867,0.0443333333333333,13.392857142857142,224,1,68,2.142152949927051,False,0.0012655419996008,46,archived_rho_0.5_unchanged,-1.5648812892493629,False,ok,
5,Normal,3000,5,0.5,fresh_n,20,2026105720,,-1.0,6.257704449237527,False,5,4.545770024252949,0.4353333333333333,0.3993333333333333,0.375,False,0.4353333333333333,0.0046666666666666,0.071,0.058,0.431,0.0,0.0,3.932449240395483,0.9116666666666666,2735,0.0883333333333333,7.518796992481203,399,1,155,2.480147155386951,False,0.0013402499607764,46,archived_rho_0.5_unchanged,-2.3252552088420435,False,ok,
5,Normal,3000,5,0.5,fresh_n,20,2026105720,,-1.0,6.257704449237527,False,6,3.9034810376461873,0.282,0.237,0.221,False,0.282,0.0046666666666666,0.1193333333333333,0.088,0.506,0.0,0.0,3.0836190247409094,0.852,2556,0.148,4.9504950495049505,606,1,259,2.79021735338652,False,0.0014602500014007,46,archived_rho_0.5_unchanged,-3.1740854244966172,False,ok,
5,Normal,3000,5,0.5,fresh_n,20,2026105720,,-1.0,6.257704449237527,False,7,3.270537942828776,0.1376666666666666,0.0753333333333333,0.069,False,0.1376666666666666,0.0046666666666666,0.197,0.1316666666666666,0.529,0.0,0.0,2.1100942776533813,0.76,2280,0.24,3.35195530726257,895,1,450,2.8515524323987553,False,0.0015447499463334,46,archived_rho_0.5_unchanged,-4.147610171584145,False,ok,
5,Normal,3000,5,0.5,fresh_n,20,2026105720,,-1.0,6.257704449237527,False,8,2.5829487099839614,0.0643333333333333,0.0243333333333333,0.021,False,0.0643333333333333,0.0046666666666666,0.2943333333333333,0.1753333333333333,0.4613333333333333,0.0,0.0,0.994098123119891,0.6486666666666666,1946,0.3513333333333334,2.5167785234899327,1192,1,646,2.878733739345047,False,0.0016425839858129,46,archived_rho_0.5_unchanged,-5.263606326117635,False,ok,
5,Normal,3000,5,0.5,fresh_n,20,2026105720,,-1.0,6.257704449237527,False,9,1.5969645587200847,0.0243333333333333,0.0006666666666666,0.0,False,0.0243333333333333,0.0046666666666666,0.3853333333333333,0.2153333333333333,0.3703333333333333,0.0,0.0,0.0691934732048913,0.525,1575,0.475,2.0366598778004072,1473,1,871,2.6248379377835915,False,0.0016787080094218,46,archived_rho_0.5_unchanged,-6.188510976032635,False,ok,
5,Normal,3000,5,0.5,fresh_n,20,2026105720,,-1.0,6.257704449237527,False,10,0.988792962486231,0.0123333333333333,0.0,0.0,False,0.0123333333333333,0.0046666666666666,0.5073333333333333,0.234,0.2416666666666666,0.0,0.0,-1.215426833455021,0.4133333333333333,1240,0.5866666666666667,1.6920473773265652,1773,1,1159,2.3800131570714185,False,0.001664042007178,46,archived_rho_0.5_unchanged,-7.473131282692547,False,ok,
5,Normal,3000,5,0.5,fresh_n,20,2026105720,,-1.0,6.257704449237527,False,11,0.6787681706381025,0.0023333333333333,0.0,0.0,False,0.0023333333333333,0.0046666666666666,0.617,0.2166666666666666,0.1593333333333333,0.0,0.0,-1.7158129123964057,0.2876666666666667,863,0.7123333333333333,1.4727540500736378,2037,1,1483,1.828970477595725,False,0.0016029170365072,46,archived_rho_0.5_unchanged,-7.973517361633933,False,ok,
5,Normal,3000,5,0.5,fresh_n,20,2026105720,,-1.0,6.257704449237527,False,12,-1.8501134218082569,0.0016666666666666,0.0,0.0,False,0.0016666666666666,0.0046666666666666,0.709,0.1976666666666666,0.087,0.0,0.0,-2.63152203368649,0.184,552,0.8160000000000001,1.3192612137203166,2274,1,1770,1.3573096070334054,False,0.0015026669716462,46,archived_rho_0.5_unchanged,-8.889226482924016,False,ok,
5,Normal,3000,5,0.5,fresh_n,20,2026105720,,-1.0,6.257704449237527,False,13,inf,0.0,0.0,0.0,False,0.0,0.0046666666666666,0.7663333333333333,0.18,0.049,0.0,0.0,-3.29600847619293,0.1163333333333333,349,0.8836666666666667,1.2224938875305624,2454,1,2035,0.97358593596946,False,0.0014028329751454,46,archived_rho_0.5_unchanged,-9.553712925430457,False,ok,
5,Normal,3000,5,0.5,fresh_n,20,2026105720,,-1.0,6.257704449237527,False,14,0.3880263443306873,0.0003333333333333,0.0,0.0,False,0.0003333333333333,0.0046666666666666,0.834,0.127,0.034,0.0,0.0,-3.6816506562952305,0.0736666666666666,221,0.9263333333333332,1.1591962905718702,2588,1,2254,0.6671179920404743,False,0.0012860409915447,46,archived_rho_0.5_unchanged,-9.939355105532757,False,ok,
5,Normal,3000,5,0.5,fresh_n,20,2026105720,,-1.0,6.257704449237527,False,15,inf,0.0,0.0,0.0,False,0.0,0.0046666666666666,0.869,0.1123333333333333,0.014,0.0,0.0,-4.03168241288641,0.0456666666666666,137,0.9543333333333334,1.1169024571854058,2686,1,2418,0.4406944985229664,False,0.0012192080030217,46,archived_rho_0.5_unchanged,-10.289386862123937,False,ok,
5,Normal,3000,5,0.5,fresh_n,20,2026105720,,-1.0,6.257704449237527,False,16,-1.49065819445144,0.0003333333333333,0.0,0.0,False,0.0003333333333333,0.0046666666666666,0.9023333333333332,0.0816666666666666,0.011,0.0,0.0,-4.138499738719023,0.0336666666666666,101,0.9663333333333334,1.0826416456153014,2771,1,2575,0.3385922067671761,False,0.0011268330272287,46,archived_rho_0.5_unchanged,-10.396204187956549,False,ok,
5,Normal,3000,5,0.5,fresh_n,20,2026105720,,-1.0,6.257704449237527,False,17,inf,0.0,0.0,0.0,False,0.0,0.0046666666666666,0.92,0.0716666666666666,0.0036666666666666,0.0,0.0,-4.658987404594839,0.0143333333333333,43,0.9856666666666668,1.067995728017088,2809,1,2631,0.2057350599773527,False,0.00112974998774,46,archived_rho_0.5_unchanged,-10.916691853832365,False,ok,
5,Normal,3000,5,0.5,fresh_n,20,2026105720,,-1.0,6.257704449237527,False,18,inf,0.0,0.0,0.0,False,0.0,0.0046666666666666,0.9433333333333334,0.0496666666666666,0.0023333333333333,0.0,0.0,-4.942771007725932,0.012,36,0.988,1.050420168067227,2856,1,2722,0.1470547124683052,False,0.0010610839817672,46,archived_rho_0.5_unchanged,-11.20047545696346,False,ok,
5,Normal,3000,5,0.5,fresh_n,20,2026105720,,-1.0,6.257704449237527,False,19,inf,0.0,0.0,0.0,False,0.0,0.0046666666666666,0.9556666666666668,0.0373333333333333,0.0023333333333333,0.0,0.0,-4.558257279765088,0.0073333333333333,22,0.9926666666666668,1.038062283737024,2890,1,2787,0.1078929394589239,False,0.0010244169970974,46,archived_rho_0.5_unchanged,-10.815961729002614,False,ok,
5,Normal,3000,5,0.5,fresh_n,20,2026105720,,-1.0,6.257704449237527,False,20,inf,0.0,0.0,0.0,False,0.0,0.0046666666666666,0.96,0.0346666666666666,0.0006666666666666,0.0,0.0,-5.440334248570996,0.0063333333333333,19,0.9936666666666668,1.031636863823934,2908,1,2821,0.0917066878432058,False,0.0010114589822478,46,archived_rho_0.5_unchanged,-11.698038697808522,False,ok,
5,Normal,3000,5,0.5,fresh_n,20,2026105720,,-1.0,6.257704449237527,False,21,inf,0.0,0.0,0.0,False,0.0,0.0046666666666666,0.9713333333333334,0.0233333333333333,0.0006666666666666,0.0,0.0,-8.090590918915682,0.0023333333333333,7,0.9976666666666668,1.024590163934426,2928,1,2858,0.0650677306027311,False,0.0009821660351008,46,archived_rho_0.5_unchanged,-14.34829536815321,False,ok,
5,Normal,3000,5,0.5,fresh_n,20,2026105720,,-1.0,6.257704449237527,False,22,inf,0.0,0.0,0.0,False,0.0,0.0046666666666666,0.9726666666666668,0.022,0.0006666666666666,0.0,0.0,-7.707648382165503,0.004,12,0.996,1.0200612036722203,2941,1,2885,0.0592924150904661,False,0.0009612090070731,46,archived_rho_0.5_unchanged,-13.96535283140303,False,ok,
5,Normal,3000,5,0.5,fresh_n,20,2026105720,,-1.0,6.257704449237527,False,23,inf,0.0,0.0,0.0,False,0.0,0.0046666666666666,0.9746666666666668,0.0206666666666666,0.0,0.0,0.0,0.0,0.0,0,1.0,1.0121457489878545,2964,1,2928,0.0239999999999999,False,0.0009522909531369,46,archived_rho_0.5_unchanged,-6.257704449237527,True,ok,
5,Normal,3000,5,0.5,fresh_n,20,2026105720,,-1.0,6.257704449237527,False,24,inf,0.0,0.0,0.0,False,0.0,0.0046666666666666,0.9813333333333332,0.014,0.0,0.0,0.0,-8.23788107567333,0.0006666666666666,2,0.9993333333333332,1.0169491525423728,2950,1,2900,0.0333333333333333,False,0.0009507500217296,46,archived_rho_0.5_unchanged,-14.495585524910858,False,ok,
5,Normal,3000,5,0.5,fresh_n,20,2026105720,,-1.0,6.257704449237527,False,25,inf,0.0,0.0,0.0,False,0.0,0.0046666666666666,0.9833333333333332,0.012,0.0,0.0,0.0,-6.81851539373471,0.0003333333333333,1,0.9996666666666668,1.011804384485666,2965,1,2930,0.0233333333333333,False,0.0009405420278199,46,archived_rho_0.5_unchanged,-13.076219842972236,False,ok,
5,Normal,3000,5,0.5,fresh_n,20,2026105720,,-1.0,6.257704449237527,False,26,inf,0.0,0.0,0.0,False,0.0,0.0046666666666666,0.9873333333333332,0.008,0.0,0.0,0.0,-12.476925139603209,0.0003333333333333,1,0.9996666666666668,1.0114632501685772,2966,1,2932,0.0226666666666666,False,0.0009495000122115,46,archived_rho_0.5_unchanged,-18.734629588840736,False,ok,
5,Normal,3000,5,0.5,fresh_n,20,2026105720,,-1.0,6.257704449237527,False,27,inf,0.0,0.0,0.0,False,0.0,0.0046666666666666,0.9876666666666668,0.0076666666666666,0.0,0.0,0.0,-7.092507388199937,0.0003333333333333,1,0.9996666666666668,1.0070493454179257,2979,1,2958,0.0139999999999999,False,0.0009347909945063,46,archived_rho_0.5_unchanged,-13.350211837437463,False,ok,
5,Normal,3000,5,0.5,fresh_n,20,2026105720,,-1.0,6.257704449237527,False,28,inf,0.0,0.0,0.0,False,0.0,0.0046666666666666,0.9886666666666668,0.0066666666666666,0.0,0.0,0.0,-9.64772026666896,0.0006666666666666,2,0.9993333333333332,1.0070493454179257,2979,1,2958,0.0139999999999999,False,0.000938875018619,46,archived_rho_0.5_unchanged,-15.905424715906488,False,ok,
5,Normal,3000,5,0.5,fresh_n,20,2026105720,,-1.0,6.257704449237527,False,29,inf,0.0,0.0,0.0,False,0.0,0.0046666666666666,0.9896666666666668,0.0056666666666666,0.0,0.0,0.0,-7.092507388199937,0.0003333333333333,1,0.9996666666666668,1.0036801605888257,2989,1,2978,0.0073333333333333,False,0.0009098749724216,46,archived_rho_0.5_unchanged,-13.350211837437463,False,ok,
5,Normal,3000,5,0.5,fresh_n,20,2026105720,,-1.0,6.257704449237527,False,30,inf,0.0,0.0,0.0,False,0.0,0.0046666666666666,0.9893333333333332,0.006,0.0,0.0,0.0,-9.64772026666896,0.0006666666666666,2,0.9993333333333332,1.0060362173038229,2982,1,2964,0.0119999999999999,False,0.0009151250123977,46,archived_rho_0.5_unchanged,-15.905424715906488,False,ok,
5,Normal,3000,5,0.5,fresh_n,20,2026105720,,-1.0,6.257704449237527,False,31,inf,0.0,0.0,0.0,False,0.0,0.0046666666666666,0.9906666666666668,0.0046666666666666,0.0,0.0,0.0,0.0,0.0,0,1.0,1.0046885465505693,2986,1,2972,0.0093333333333333,False,0.0009903750033117,46,archived_rho_0.5_unchanged,-6.257704449237527,True,ok,
5,Normal,3000,5,0.5,fresh_n,20,2026105720,,-1.0,6.257704449237527,False,32,inf,0.0,0.0,0.0,False,0.0,0.0046666666666666,0.9916666666666668,0.0036666666666666,0.0,0.0,0.0,-12.476925139603209,0.0003333333333333,1,0.9996666666666668,1.002673796791444,2992,1,2984,0.0053333333333333,False,0.0008983329753391,46,archived_rho_0.5_unchanged,-18.734629588840736,False,ok,
5,Normal,3000,5,0.5,fresh_n,20,2026105720,,-1.0,6.257704449237527,False,33,inf,0.0,0.0,0.0,False,0.0,0.0046666666666666,0.9926666666666668,0.0026666666666666,0.0,0.0,0.0,-7.092507388199937,0.0003333333333333,1,0.9996666666666668,1.0033444816053512,2990,1,2980,0.0066666666666666,False,0.0009063329780474,46,archived_rho_0.5_unchanged,-13.350211837437463,False,ok,
5,Normal,3000,5,0.5,fresh_n,20,2026105720,,-1.0,6.257704449237527,False,34,inf,0.0,0.0,0.0,False,0.0,0.0046666666666666,0.993,0.0023333333333333,0.0,0.0,0.0,0.0,0.0,0,1.0,1.002338790511193,2993,1,2986,0.0046666666666666,False,0.0009083339828066,46,archived_rho_0.5_unchanged,-6.257704449237527,True,ok,
5,Normal,3000,5,0.5,fresh_n,20,2026105720,,-1.0,6.257704449237527,False,35,inf,0.0,0.0,0.0,False,0.0,0.0046666666666666,0.993,0.0023333333333333,0.0,0.0,0.0,-8.795982640512618,0.001,3,0.999,1.004352192835621,2987,1,2974,0.0086666666666666,False,0.0009004169842228,46,archived_rho_0.5_unchanged,-15.053687089750145,False,ok,
5,Normal,3000,5,0.5,fresh_n,20,2026105720,,-1.0,6.257704449237527,False,36,inf,0.0,0.0,0.0,False,0.0,0.0046666666666666,0.995,0.0003333333333333,0.0,0.0,0.0,0.0,0.0,0,1.0,1.0013351134846462,2996,1,2992,0.0026666666666666,False,0.0008872500038705,46,archived_rho_0.5_unchanged,-6.257704449237527,True,ok,
5,Normal,3000,5,0.5,fresh_n,20,2026105720,,-1.0,6.257704449237527,False,37,inf,0.0,0.0,0.0,False,0.0,0.0046666666666666,0.9936666666666668,0.0016666666666666,0.0,0.0,0.0,0.0,0.0,0,1.0,1.0013351134846462,2996,1,2992,0.0026666666666666,False,0.0009133330313488,46,archived_rho_0.5_unchanged,-6.257704449237527,True,ok,
5,Normal,3000,5,0.5,fresh_n,20,2026105720,,-1.0,6.257704449237527,False,38,inf,0.0,0.0,0.0,False,0.0,0.0046666666666666,0.9926666666666668,0.0026666666666666,0.0,0.0,0.0,0.0,0.0,0,1.0,1.001669449081803,2995,1,2990,0.0033333333333333,False,0.0009006250184029,46,archived_rho_0.5_unchanged,-6.257704449237527,True,ok,
5,Normal,3000,5,0.5,fresh_n,20,2026105720,,-1.0,6.257704449237527,False,39,inf,0.0,0.0,0.0,False,0.0,0.0046666666666666,0.993,0.002,0.0003333333333333,0.0,0.0,-12.476925139603209,0.0003333333333333,1,0.9996666666666668,1.002673796791444,2992,1,2984,0.0053333333333333,False,0.0008977079996839,46,archived_rho_0.5_unchanged,-18.734629588840736,False,ok,
5,Normal,3000,5,0.5,fresh_n,20,2026105720,,-1.0,6.257704449237527,False,40,inf,0.0,0.0,0.0,False,0.0,0.0046666666666666,0.9943333333333332,0.001,0.0,0.0,0.0,0.0,0.0,0,1.0,1.002004008016032,2994,1,2988,0.0039999999999999,False,0.0009115830180235,46,archived_rho_0.5_unchanged,-6.257704449237527,True,ok,
5,Normal,3000,5,0.5,fresh_n,21,2026105721,,-1.0,6.257704449237527,False,1,7.121697695251762,0.9946666666666668,0.9946666666666668,0.988,True,0.9946666666666668,0.0053333333333333,0.0,0.0,0.0,0.0,0.0,7.118105368915074,1.0,3000,0.0,3000.0,1,3000,0,1.1435679760666295,False,0.0011917920201085,46,archived_rho_0.5_unchanged,0.8604009196775477,False,ok,
5,Normal,3000,5,0.5,fresh_n,21,2026105721,,-1.0,6.257704449237527,False,2,6.000584134952308,0.864,0.8606666666666667,0.847,False,0.864,0.0053333333333333,0.0,0.0,0.1306666666666666,0.0,0.0,5.881233338083524,1.0,3000,0.0,93.75,32,11,0,1.6341789578489576,False,0.0011103749857284,46,archived_rho_0.5_unchanged,-0.3764711111540029,False,ok,
5,Normal,3000,5,0.5,fresh_n,21,2026105721,,-1.0,6.257704449237527,False,3,5.529673348496335,0.7563333333333333,0.742,0.736,False,0.7563333333333333,0.0053333333333333,0.0106666666666666,0.0106666666666666,0.217,0.0,0.0,5.469834528299637,0.991,2973,0.009,32.25806451612903,93,1,17,1.8165457451623797,False,0.0011438750079832,46,archived_rho_0.5_unchanged,-0.7878699209378901,False,ok,
5,Normal,3000,5,0.5,fresh_n,21,2026105721,,-1.0,6.257704449237527,False,4,5.113917336163197,0.6156666666666667,0.595,0.541,False,0.6156666666666667,0.0053333333333333,0.0313333333333333,0.0303333333333333,0.3173333333333333,0.0,0.0,4.899499433749587,0.9543333333333334,2863,0.0456666666666666,13.824884792626728,217,1,70,2.094945475961901,False,0.0012409170158207,46,archived_rho_0.5_unchanged,-1.3582050154879397,False,ok,
5,Normal,3000,5,0.5,fresh_n,21,2026105721,,-1.0,6.257704449237527,False,5,4.610186739214201,0.448,0.412,0.374,False,0.448,0.0053333333333333,0.0703333333333333,0.058,0.4183333333333333,0.0,0.0,3.988136356602993,0.9223333333333332,2767,0.0776666666666666,7.853403141361256,382,1,137,2.5386900082648274,False,0.0013547909911721,46,archived_rho_0.5_unchanged,-2.269568092634534,False,ok,
5,Normal,3000,5,0.5,fresh_n,21,2026105721,,-1.0,6.257704449237527,False,6,3.940974979302836,0.2846666666666667,0.233,0.199,False,0.2846666666666667,0.0053333333333333,0.1306666666666666,0.0923333333333333,0.487,0.0,0.0,3.203877661432198,0.852,2556,0.148,5.0675675675675675,592,1,250,2.705220392817501,False,0.0014364589587785,46,archived_rho_0.5_unchanged,-3.0538267878053285,False,ok,
5,Normal,3000,5,0.5,fresh_n,21,2026105721,,-1.0,6.257704449237527,False,7,3.4086294946011213,0.1476666666666666,0.0933333333333333,0.04,False,0.1476666666666666,0.0053333333333333,0.2013333333333333,0.124,0.5216666666666666,0.0,0.0,2.1859873091590933,0.7683333333333333,2305,0.2316666666666667,3.464203233256351,866,1,419,2.907962523293348,False,0.0015698330244049,46,archived_rho_0.5_unchanged,-4.071717140078434,False,ok,
5,Normal,3000,5,0.5,fresh_n,21,2026105721,,-1.0,6.257704449237527,False,8,2.7185602634512316,0.0826666666666666,0.0306666666666666,0.02,False,0.0826666666666666,0.0053333333333333,0.301,0.1766666666666666,0.4343333333333333,0.0,0.0,1.1151828271245074,0.656,1968,0.344,2.5817555938037864,1162,1,629,2.8277875663663097,False,0.0016392499674111,46,archived_rho_0.5_unchanged,-5.142521622113019,False,ok,
5,Normal,3000,5,0.5,fresh_n,21,2026105721,,-1.0,6.257704449237527,False,9,1.819833366060528,0.0353333333333333,0.0046666666666666,0.003,False,0.0353333333333333,0.0053333333333333,0.4086666666666667,0.206,0.3446666666666667,0.0,0.0,0.1619962751591051,0.5453333333333333,1636,0.4546666666666666,2.074688796680498,1446,1,864,2.7169567813392694,False,0.0016567499842494,46,archived_rho_0.5_unchanged,-6.095708174078421,False,ok,
5,Normal,3000,5,0.5,fresh_n,21,2026105721,,-1.0,6.257704449237527,False,10,1.125151260748167,0.0116666666666666,0.0,0.0,False,0.0116666666666666,0.0053333333333333,0.4946666666666666,0.226,0.2623333333333333,0.0,0.0,-0.7231400038921391,0.4043333333333333,1213,0.5956666666666667,1.6853932584269662,1780,1,1208,2.242312302819575,False,0.0016395419952459,46,archived_rho_0.5_unchanged,-6.980844453129666,False,ok,
5,Normal,3000,5,0.5,fresh_n,21,2026105721,,-1.0,6.257704449237527,False,11,0.0877841466047421,0.007,0.0,0.0,False,0.007,0.0053333333333333,0.6023333333333334,0.223,0.1623333333333333,0.0,0.0,-1.3995263806602107,0.2846666666666667,854,0.7153333333333334,1.482213438735178,2024,1,1476,1.720176870064531,False,0.0015756249777041,46,archived_rho_0.5_unchanged,-7.657230829897737,False,ok,
5,Normal,3000,5,0.5,fresh_n,21,2026105721,,-1.0,6.257704449237527,False,12,-1.4699367011755171,0.0013333333333333,0.0,0.0,False,0.0013333333333333,0.0053333333333333,0.7,0.1986666666666666,0.0946666666666666,0.0,0.0,-2.325180862111196,0.1996666666666666,599,0.8003333333333333,1.3404825737265416,2238,1,1735,1.4085213663052836,False,0.0015330000314861,46,archived_rho_0.5_unchanged,-8.582885311348722,False,ok,
5,Normal,3000,5,0.5,fresh_n,21,2026105721,,-1.0,6.257704449237527,False,13,0.7343142583865021,0.0003333333333333,0.0,0.0,False,0.0003333333333333,0.0053333333333333,0.77,0.1666666666666666,0.0576666666666666,0.0,0.0,-2.8186466497710003,0.147,441,0.853,1.2626262626262623,2376,1,1928,1.1140353626161832,False,0.0014265829813666,46,archived_rho_0.5_unchanged,-9.076351099008527,False,ok,
5,Normal,3000,5,0.5,fresh_n,21,2026105721,,-1.0,6.257704449237527,False,14,inf,0.0,0.0,0.0,False,0.0,0.0053333333333333,0.8196666666666667,0.1423333333333333,0.0326666666666666,0.0,0.0,-3.348518339461984,0.088,264,0.912,1.168679392286716,2567,1,2234,0.7232317234907338,False,0.0013137910282239,46,archived_rho_0.5_unchanged,-9.606222788699512,False,ok,
5,Normal,3000,5,0.5,fresh_n,21,2026105721,,-1.0,6.257704449237527,False,15,inf,0.0,0.0,0.0,False,0.0,0.0053333333333333,0.861,0.1123333333333333,0.0213333333333333,0.0,0.0,-3.6863392861328137,0.0636666666666666,191,0.9363333333333334,1.1402508551881414,2631,1,2333,0.5515960692700687,False,0.0012555409921333,46,archived_rho_0.5_unchanged,-9.94404373537034,False,ok,
5,Normal,3000,5,0.5,fresh_n,21,2026105721,,-1.0,6.257704449237527,False,16,-0.2865429438623812,0.0003333333333333,0.0,0.0,False,0.0003333333333333,0.0053333333333333,0.8953333333333333,0.088,0.011,0.0,0.0,-4.375570290600437,0.0346666666666666,104,0.9653333333333334,1.0980966325036603,2732,1,2496,0.3516966448371214,False,0.0011858330108225,46,archived_rho_0.5_unchanged,-10.633274739837963,False,ok,
5,Normal,3000,5,0.5,fresh_n,21,2026105721,,-1.0,6.257704449237527,False,17,inf,0.0,0.0,0.0,False,0.0,0.0053333333333333,0.913,0.075,0.0066666666666666,0.0,0.0,-4.904067926531198,0.0316666666666666,95,0.9683333333333334,1.0768126346015794,2786,1,2600,0.3138803053239986,False,0.0011200830340385,46,archived_rho_0.5_unchanged,-11.161772375768724,False,ok,
5,Normal,3000,5,0.5,fresh_n,21,2026105721,,-1.0,6.257704449237527,False,18,inf,0.0,0.0,0.0,False,0.0,0.0053333333333333,0.9333333333333332,0.0556666666666666,0.0056666666666666,0.0,0.0,-5.016455048681638,0.0176666666666666,53,0.9823333333333332,1.0593220338983051,2832,1,2680,0.1994954154428663,False,0.0011133750085718,46,archived_rho_0.5_unchanged,-11.274159497919165,False,ok,
5,Normal,3000,5,0.5,fresh_n,21,2026105721,,-1.0,6.257704449237527,False,19,inf,0.0,0.0,0.0,False,0.0,0.0053333333333333,0.9456666666666668,0.048,0.001,0.0,0.0,-5.585600499324486,0.0073333333333333,22,0.9926666666666668,1.0420284821118444,2879,1,2763,0.1115973276175573,False,0.0010401250328868,46,archived_rho_0.5_unchanged,-11.843304948562013,False,ok,
5,Normal,3000,5,0.5,fresh_n,21,2026105721,,-1.0,6.257704449237527,False,20,inf,0.0,0.0,0.0,False,0.0,0.0053333333333333,0.958,0.0346666666666666,0.002,0.0,0.0,-5.0724831745884265,0.0046666666666666,14,0.9953333333333332,1.0362694300518134,2895,1,2793,0.0871958787021381,False,0.0010215420043095,46,archived_rho_0.5_unchanged,-11.330187623825953,False,ok,
5,Normal,3000,5,0.5,fresh_n,21,2026105721,,-1.0,6.257704449237527,False,21,inf,0.0,0.0,0.0,False,0.0,0.0053333333333333,0.962,0.031,0.0016666666666666,0.0,0.0,-4.68355127792133,0.0053333333333333,16,0.9946666666666668,1.0305736860185504,2911,1,2827,0.0848515334045582,False,0.0010106249828822,46,archived_rho_0.5_unchanged,-10.941255727158858,False,ok,
5,Normal,3000,5,0.5,fresh_n,21,2026105721,,-1.0,6.257704449237527,False,22,inf,0.0,0.0,0.0,False,0.0,0.0053333333333333,0.9716666666666668,0.0223333333333333,0.0006666666666666,0.0,0.0,-4.292164776977511,0.0016666666666666,5,0.9983333333333332,1.0186757215619695,2945,1,2890,0.0366666666666666,False,0.0009619159973226,46,archived_rho_0.5_unchanged,-10.549869226215037,False,ok,
5,Normal,3000,5,0.5,fresh_n,21,2026105721,,-1.0,6.257704449237527,False,23,inf,0.0,0.0,0.0,False,0.0,0.0053333333333333,0.977,0.0173333333333333,0.0003333333333333,0.0,0.0,-5.412112638600221,0.002,6,0.998,1.020408163265306,2940,1,2881,0.0454182575278059,False,0.0009802500135265,46,archived_rho_0.5_unchanged,-11.669817087837748,False,ok,
5,Normal,3000,5,0.5,fresh_n,21,2026105721,,-1.0,6.257704449237527,False,24,inf,0.0,0.0,0.0,False,0.0,0.0053333333333333,0.978,0.0166666666666666,0.0,0.0,0.0,-6.193965121209871,0.003,9,0.997,1.0166045408336155,2951,1,2904,0.0458365056435731,False,0.0009485830087214,46,archived_rho_0.5_unchanged,-12.451669570447397,False,ok,
5,Normal,3000,5,0.5,fresh_n,21,2026105721,,-1.0,6.257704449237527,False,25,inf,0.0,0.0,0.0,False,0.0,0.0053333333333333,0.9803333333333332,0.0143333333333333,0.0,0.0,0.0,-5.635051562751746,0.0023333333333333,7,0.9976666666666668,1.013856032443393,2959,1,2920,0.0387881285461537,False,0.0009377910173498,46,archived_rho_0.5_unchanged,-11.892756011989274,False,ok,
5,Normal,3000,5,0.5,fresh_n,21,2026105721,,-1.0,6.257704449237527,False,26,inf,0.0,0.0,0.0,False,0.0,0.0053333333333333,0.9836666666666668,0.01,0.001,0.0,0.0,-7.848457941153057,0.0006666666666666,2,0.9993333333333332,1.0104412260020208,2969,1,2938,0.0206666666666666,False,0.0009385829907841,46,archived_rho_0.5_unchanged,-14.106162390390583,False,ok,
5,Normal,3000,5,0.5,fresh_n,21,2026105721,,-1.0,6.257704449237527,False,27,inf,0.0,0.0,0.0,False,0.0,0.0053333333333333,0.988,0.0066666666666666,0.0,0.0,0.0,-5.724589333954423,0.0003333333333333,1,0.9996666666666668,1.0053619302949062,2984,1,2968,0.0106666666666666,False,0.0009330830071121,46,archived_rho_0.5_unchanged,-11.982293783191949,False,ok,
5,Normal,3000,5,0.5,fresh_n,21,2026105721,,-1.0,6.257704449237527,False,28,inf,0.0,0.0,0.0,False,0.0,0.0053333333333333,0.9843333333333332,0.0103333333333333,0.0,0.0,0.0,-5.46942398711373,0.0003333333333333,1,0.9996666666666668,1.0121457489878545,2964,1,2928,0.0239999999999999,False,0.0009456670377403,46,archived_rho_0.5_unchanged,-11.727128436351258,False,ok,
5,Normal,3000,5,0.5,fresh_n,21,2026105721,,-1.0,6.257704449237527,False,29,inf,0.0,0.0,0.0,False,0.0,0.0053333333333333,0.988,0.0066666666666666,0.0,0.0,0.0,0.0,0.0,0,1.0,1.0056989607777405,2983,1,2966,0.0113333333333333,False,0.0009300410165451,46,archived_rho_0.5_unchanged,-6.257704449237527,True,ok,
5,Normal,3000,5,0.5,fresh_n,21,2026105721,,-1.0,6.257704449237527,False,30,inf,0.0,0.0,0.0,False,0.0,0.0053333333333333,0.9883333333333332,0.0063333333333333,0.0,0.0,0.0,-5.993809159862569,0.0006666666666666,2,0.9993333333333332,1.0063737001006374,2981,1,2962,0.0126666666666666,False,0.0009182499488815,46,archived_rho_0.5_unchanged,-12.251513609100096,False,ok,
5,Normal,3000,5,0.5,fresh_n,21,2026105721,,-1.0,6.257704449237527,False,31,inf,0.0,0.0,0.0,False,0.0,0.0053333333333333,0.9886666666666668,0.006,0.0,0.0,0.0,-6.184287957969733,0.0006666666666666,2,0.9993333333333332,1.0040160642570282,2988,1,2976,0.0079999999999999,False,0.0009077920112758,46,archived_rho_0.5_unchanged,-12.441992407207259,False,ok,
5,Normal,3000,5,0.5,fresh_n,21,2026105721,,-1.0,6.257704449237527,False,32,inf,0.0,0.0,0.0,False,0.0,0.0053333333333333,0.9886666666666668,0.006,0.0,0.0,0.0,-6.387700093362456,0.0003333333333333,1,0.9996666666666668,1.0046885465505693,2986,1,2972,0.0093333333333333,False,0.0009201249922625,46,archived_rho_0.5_unchanged,-12.645404542599984,False,ok,
5,Normal,3000,5,0.5,fresh_n,21,2026105721,,-1.0,6.257704449237527,False,33,inf,0.0,0.0,0.0,False,0.0,0.0053333333333333,0.9913333333333332,0.0033333333333333,0.0,0.0,0.0,-5.46942398711373,0.0003333333333333,1,0.9996666666666668,1.002338790511193,2993,1,2986,0.0046666666666666,False,0.0008957079844549,46,archived_rho_0.5_unchanged,-11.727128436351258,False,ok,
5,Normal,3000,5,0.5,fresh_n,21,2026105721,,-1.0,6.257704449237527,False,34,inf,0.0,0.0,0.0,False,0.0,0.0053333333333333,0.9903333333333332,0.0043333333333333,0.0,0.0,0.0,0.0,0.0,0,1.0,1.0040160642570282,2988,1,2976,0.0079999999999999,False,0.0009000839781947,46,archived_rho_0.5_unchanged,-6.257704449237527,True,ok,
5,Normal,3000,5,0.5,fresh_n,21,2026105721,,-1.0,6.257704449237527,False,35,inf,0.0,0.0,0.0,False,0.0,0.0053333333333333,0.993,0.0016666666666666,0.0,0.0,0.0,0.0,0.0,0,1.0,1.002673796791444,2992,1,2984,0.0053333333333333,False,0.0009094579727388,46,archived_rho_0.5_unchanged,-6.257704449237527,True,ok,
5,Normal,3000,5,0.5,fresh_n,21,2026105721,,-1.0,6.257704449237527,False,36,inf,0.0,0.0,0.0,False,0.0,0.0053333333333333,0.9926666666666668,0.002,0.0,0.0,0.0,0.0,0.0,0,1.0,1.002673796791444,2992,1,2984,0.0053333333333333,False,0.0009043749887496,46,archived_rho_0.5_unchanged,-6.257704449237527,True,ok,
5,Normal,3000,5,0.5,fresh_n,21,2026105721,,-1.0,6.257704449237527,False,37,inf,0.0,0.0,0.0,False,0.0,0.0053333333333333,0.9916666666666668,0.003,0.0,0.0,0.0,0.0,0.0,0,1.0,1.001001001001001,2997,1,2994,0.0019999999999999,False,0.0008822500240057,46,archived_rho_0.5_unchanged,-6.257704449237527,True,ok,
5,Normal,3000,5,0.5,fresh_n,21,2026105721,,-1.0,6.257704449237527,False,38,inf,0.0,0.0,0.0,False,0.0,0.0053333333333333,0.993,0.0016666666666666,0.0,0.0,0.0,0.0,0.0,0,1.0,1.001669449081803,2995,1,2990,0.0033333333333333,False,0.0008984580053947,46,archived_rho_0.5_unchanged,-6.257704449237527,True,ok,
5,Normal,3000,5,0.5,fresh_n,21,2026105721,,-1.0,6.257704449237527,False,39,inf,0.0,0.0,0.0,False,0.0,0.0053333333333333,0.9923333333333332,0.0023333333333333,0.0,0.0,0.0,0.0,0.0,0,1.0,1.001669449081803,2995,1,2990,0.0033333333333333,False,0.0008860829984769,46,archived_rho_0.5_unchanged,-6.257704449237527,True,ok,
5,Normal,3000,5,0.5,fresh_n,21,2026105721,,-1.0,6.257704449237527,False,40,inf,0.0,0.0,0.0,False,0.0,0.0053333333333333,0.9926666666666668,0.002,0.0,0.0,0.0,0.0,0.0,0,1.0,1.002004008016032,2994,1,2988,0.004,False,0.000884709006641,46,archived_rho_0.5_unchanged,-6.257704449237527,True,ok,
5,Normal,3000,5,0.5,fresh_n,22,2026105722,,-1.0,6.257704449237527,False,1,7.073096656710754,0.996,0.996,0.994,True,0.996,0.004,0.0,0.0,0.0,0.0,0.0,7.052298502737795,1.0,3000,0.0,3000.0,1,3000,0,1.1417733472263227,False,0.0011843329994007,46,archived_rho_0.5_unchanged,0.7945940535002682,False,ok,
5,Normal,3000,5,0.5,fresh_n,22,2026105722,,-1.0,6.257704449237527,False,2,5.901019804453297,0.8533333333333334,0.8523333333333334,0.838,False,0.8533333333333334,0.004,0.0,0.0,0.1426666666666666,0.0,0.0,5.77453050346779,1.0,3000,0.0,93.75,32,22,0,1.6500356370109128,False,0.0010480839991942,46,archived_rho_0.5_unchanged,-0.48317394576973705,False,ok,
5,Normal,3000,5,0.5,fresh_n,22,2026105722,,-1.0,6.257704449237527,False,3,5.421833576917106,0.738,0.7223333333333334,0.709,False,0.738,0.004,0.0083333333333333,0.0073333333333333,0.2423333333333333,0.0,0.0,5.326948169532137,0.9876666666666668,2963,0.0123333333333333,29.41176470588235,102,1,17,1.8419869344248136,False,0.0011280420003458,46,archived_rho_0.5_unchanged,-0.9307562797053901,False,ok,
5,Normal,3000,5,0.5,fresh_n,22,2026105722,,-1.0,6.257704449237527,False,4,5.050243062887592,0.609,0.592,0.577,False,0.609,0.004,0.035,0.0323333333333333,0.3196666666666666,0.0,0.0,4.626955257366044,0.9523333333333334,2857,0.0476666666666666,12.93103448275862,232,1,67,2.172633727038824,False,0.0012904580216854,46,archived_rho_0.5_unchanged,-1.630749191871483,False,ok,
5,Normal,3000,5,0.5,fresh_n,22,2026105722,,-1.0,6.257704449237527,False,5,4.426705406369329,0.4306666666666666,0.3983333333333333,0.376,False,0.4306666666666666,0.004,0.076,0.0626666666666666,0.4266666666666667,0.0,0.0,3.804178437262425,0.8946666666666667,2684,0.1053333333333332,7.042253521126761,426,1,156,2.488949731386134,False,0.0013674999936483,46,archived_rho_0.5_unchanged,-2.4535260119751015,False,ok,
5,Normal,3000,5,0.5,fresh_n,22,2026105722,,-1.0,6.257704449237527,False,6,3.851056195943899,0.2613333333333333,0.2126666666666666,0.2,False,0.2613333333333333,0.004,0.135,0.0943333333333333,0.5053333333333333,0.0,0.0,2.852359360583825,0.838,2514,0.162,4.622496147919877,649,1,280,2.8085062287903746,False,0.0014668750227428,46,archived_rho_0.5_unchanged,-3.405345088653702,False,ok,
5,Normal,3000,5,0.5,fresh_n,22,2026105722,,-1.0,6.257704449237527,False,7,3.144931037983052,0.1373333333333333,0.076,0.069,False,0.1373333333333333,0.004,0.2116666666666666,0.138,0.509,0.0,0.0,1.7950442452686632,0.7486666666666667,2246,0.2513333333333333,3.171247357293869,946,1,478,3.014916320303205,False,0.0015625410014763,46,archived_rho_0.5_unchanged,-4.462660203968864,False,ok,
5,Normal,3000,5,0.5,fresh_n,22,2026105722,,-1.0,6.257704449237527,False,8,2.5848124665828864,0.0656666666666666,0.0213333333333333,0.02,False,0.0656666666666666,0.004,0.2953333333333333,0.177,0.458,0.0,0.0,0.7872406733908326,0.6383333333333333,1915,0.3616666666666667,2.452984464431726,1223,1,660,2.911727169904651,False,0.0016332090017385,46,archived_rho_0.5_unchanged,-5.470463775846694,False,ok,
5,Normal,3000,5,0.5,fresh_n,22,2026105722,,-1.0,6.257704449237527,False,9,1.655872874836401,0.0266666666666666,0.002,0.001,False,0.0266666666666666,0.004,0.429,0.196,0.3443333333333333,0.0,0.0,-0.2119179244285466,0.494,1482,0.506,1.8975332068311197,1581,1,1010,2.5290637176207693,False,0.0016166669665835,46,archived_rho_0.5_unchanged,-6.469622373666073,False,ok,
5,Normal,3000,5,0.5,fresh_n,22,2026105722,,-1.0,6.257704449237527,False,10,1.2442502213035895,0.0106666666666666,0.0003333333333333,0.0,False,0.0106666666666666,0.004,0.5246666666666666,0.2213333333333333,0.2393333333333333,0.0,0.0,-1.199296886225366,0.3666666666666666,1100,0.6333333333333333,1.6163793103448276,1856,1,1268,2.1394201849819745,False,0.0016091669676825,46,archived_rho_0.5_unchanged,-7.457001335462893,False,ok,
5,Normal,3000,5,0.5,fresh_n,22,2026105722,,-1.0,6.257704449237527,False,11,0.5324684681339248,0.004,0.0,0.0,False,0.004,0.004,0.625,0.216,0.151,0.0,0.0,-2.0282369928810997,0.2723333333333333,817,0.7276666666666667,1.431297709923664,2096,1,1559,1.75655516937788,False,0.0015428329934366,46,archived_rho_0.5_unchanged,-8.285941442118627,False,ok,
5,Normal,3000,5,0.5,fresh_n,22,2026105722,,-1.0,6.257704449237527,False,12,-0.1004745635389226,0.002,0.0,0.0,False,0.002,0.004,0.7166666666666667,0.1886666666666666,0.0886666666666666,0.0,0.0,-2.648522904954252,0.1806666666666666,542,0.8193333333333334,1.2958963282937366,2315,1,1852,1.2760877576961005,False,0.0014537079841829,46,archived_rho_0.5_unchanged,-8.906227354191778,False,ok,
5,Normal,3000,5,0.5,fresh_n,22,2026105722,,-1.0,6.257704449237527,False,13,-0.8702254079654499,0.0003333333333333,0.0,0.0,False,0.0003333333333333,0.004,0.7716666666666666,0.1696666666666666,0.0543333333333333,0.0,0.0,-3.309222523583411,0.1223333333333333,367,0.8776666666666667,1.2259910093992643,2447,1,2031,0.9836206710557018,False,0.0013940000208094,46,archived_rho_0.5_unchanged,-9.566926972820937,False,ok,
5,Normal,3000,5,0.5,fresh_n,22,2026105722,,-1.0,6.257704449237527,False,14,-1.6127784225588555,0.0003333333333333,0.0,0.0,False,0.0003333333333333,0.004,0.842,0.1256666666666666,0.028,0.0,0.0,-3.709999925722916,0.0663333333333333,199,0.9336666666666666,1.1446012972148034,2621,1,2312,0.595085991274936,False,0.0012454999960027,46,archived_rho_0.5_unchanged,-9.967704374960443,False,ok,
5,Normal,3000,5,0.5,fresh_n,22,2026105722,,-1.0,6.257704449237527,False,15,inf,0.0,0.0,0.0,False,0.0,0.004,0.873,0.1036666666666666,0.0193333333333333,0.0,0.0,-4.126266443248437,0.042,126,0.958,1.1070110701107012,2710,1,2457,0.4036165363527038,False,0.0011957079987041,46,archived_rho_0.5_unchanged,-10.383970892485964,False,ok,
5,Normal,3000,5,0.5,fresh_n,22,2026105722,,-1.0,6.257704449237527,False,16,inf,0.0,0.0,0.0,False,0.0,0.004,0.8933333333333333,0.091,0.0116666666666666,0.0,0.0,-4.188358031448097,0.03,90,0.97,1.083032490974729,2770,1,2570,0.2943170065540186,False,0.0011160409776493,46,archived_rho_0.5_unchanged,-10.446062480685622,False,ok,
5,Normal,3000,5,0.5,fresh_n,22,2026105722,,-1.0,6.257704449237527,False,17,inf,0.0,0.0,0.0,False,0.0,0.004,0.925,0.0643333333333333,0.0066666666666666,0.0,0.0,-4.932451790752537,0.014,42,0.986,1.0570824524312896,2838,1,2687,0.1753453562840538,False,0.0010734579991549,46,archived_rho_0.5_unchanged,-11.190156239990063,False,ok,
5,Normal,3000,5,0.5,fresh_n,22,2026105722,,-1.0,6.257704449237527,False,18,inf,0.0,0.0,0.0,False,0.0,0.004,0.934,0.0563333333333333,0.0056666666666666,0.0,0.0,-5.594568182791172,0.0156666666666666,47,0.9843333333333332,1.048584411045089,2861,1,2736,0.1768768799905346,False,0.0010314580285921,46,archived_rho_0.5_unchanged,-11.852272632028699,False,ok,
5,Normal,3000,5,0.5,fresh_n,22,2026105722,,-1.0,6.257704449237527,False,19,inf,0.0,0.0,0.0,False,0.0,0.004,0.9556666666666668,0.039,0.0013333333333333,0.0,0.0,-5.390029120450226,0.0083333333333333,25,0.9916666666666668,1.0355540214014498,2897,1,2800,0.1055591089557809,False,0.0010144169791601,46,archived_rho_0.5_unchanged,-11.647733569687752,False,ok,
5,Normal,3000,5,0.5,fresh_n,22,2026105722,,-1.0,6.257704449237527,False,20,inf,0.0,0.0,0.0,False,0.0,0.004,0.9606666666666668,0.0336666666666666,0.0016666666666666,0.0,0.0,-4.351600927140888,0.0026666666666666,8,0.9973333333333332,1.0312822275696116,2909,1,2819,0.0654410089893205,False,0.0010098749771714,46,archived_rho_0.5_unchanged,-10.609305376378416,False,ok,
5,Normal,3000,5,0.5,fresh_n,22,2026105722,,-1.0,6.257704449237527,False,21,inf,0.0,0.0,0.0,False,0.0,0.004,0.973,0.0226666666666666,0.0003333333333333,0.0,0.0,-6.63499570466537,0.0066666666666666,20,0.9933333333333332,1.019367991845056,2943,1,2891,0.0749935692164666,False,0.0009473750251345,46,archived_rho_0.5_unchanged,-12.892700153902897,False,ok,
5,Normal,3000,5,0.5,fresh_n,22,2026105722,,-1.0,6.257704449237527,False,22,inf,0.0,0.0,0.0,False,0.0,0.004,0.972,0.023,0.001,0.0,0.0,-5.499551336973415,0.0026666666666666,8,0.9973333333333332,1.0183299389002036,2946,1,2893,0.043576704185968,False,0.0009580409969203,46,archived_rho_0.5_unchanged,-11.75725578621094,False,ok,
5,Normal,3000,5,0.5,fresh_n,22,2026105722,,-1.0,6.257704449237527,False,23,inf,0.0,0.0,0.0,False,0.0,0.004,0.981,0.0146666666666666,0.0003333333333333,0.0,0.0,-5.235013970909212,0.002,6,0.998,1.0166045408336155,2951,1,2902,0.0326666666666666,False,0.0009404169977642,46,archived_rho_0.5_unchanged,-11.492718420146739,False,ok,
5,Normal,3000,5,0.5,fresh_n,22,2026105722,,-1.0,6.257704449237527,False,24,inf,0.0,0.0,0.0,False,0.0,0.004,0.983,0.013,0.0,0.0,0.0,-5.698877266686409,0.0023333333333333,7,0.9976666666666668,1.009421265141319,2972,1,2946,0.0305679405675815,False,0.0009153750143013,46,archived_rho_0.5_unchanged,-11.956581715923935,False,ok,
5,Normal,3000,5,0.5,fresh_n,22,2026105722,,-1.0,6.257704449237527,False,25,inf,0.0,0.0,0.0,False,0.0,0.004,0.9833333333333332,0.0123333333333333,0.0003333333333333,0.0,0.0,-4.649144414938376,0.003,9,0.997,1.011804384485666,2965,1,2931,0.0281076756559871,False,0.0010197500232607,46,archived_rho_0.5_unchanged,-10.906848864175902,False,ok,
5,Normal,3000,5,0.5,fresh_n,22,2026105722,,-1.0,6.257704449237527,False,26,inf,0.0,0.0,0.0,False,0.0,0.004,0.989,0.007,0.0,0.0,0.0,-5.514290059211952,0.001,3,0.999,1.0063737001006374,2981,1,2963,0.0187777179955447,False,0.0009122080518864,46,archived_rho_0.5_unchanged,-11.771994508449477,False,ok,
5,Normal,3000,5,0.5,fresh_n,22,2026105722,,-1.0,6.257704449237527,False,27,inf,0.0,0.0,0.0,False,0.0,0.004,0.9853333333333332,0.0106666666666666,0.0,0.0,0.0,-5.23610052822915,0.0003333333333333,1,0.9996666666666668,1.0063737001006374,2981,1,2962,0.0126666666666666,False,0.000907499983441,46,archived_rho_0.5_unchanged,-11.493804977466677,False,ok,
5,Normal,3000,5,0.5,fresh_n,22,2026105722,,-1.0,6.257704449237527,False,28,inf,0.0,0.0,0.0,False,0.0,0.004,0.9913333333333332,0.0046666666666666,0.0,0.0,0.0,0.0,0.0,0,1.0,1.0033444816053512,2990,1,2980,0.0066666666666666,False,0.0009038749849423,46,archived_rho_0.5_unchanged,-6.257704449237527,True,ok,
5,Normal,3000,5,0.5,fresh_n,22,2026105722,,-1.0,6.257704449237527,False,29,inf,0.0,0.0,0.0,False,0.0,0.004,0.9903333333333332,0.0056666666666666,0.0,0.0,0.0,0.0,0.0,0,1.0,1.0063737001006374,2981,1,2962,0.0126666666666666,False,0.0008987090550363,46,archived_rho_0.5_unchanged,-6.257704449237527,True,ok,
5,Normal,3000,5,0.5,fresh_n,22,2026105722,,-1.0,6.257704449237527,False,30,inf,0.0,0.0,0.0,False,0.0,0.004,0.99,0.006,0.0,0.0,0.0,-5.993526930184146,0.0003333333333333,1,0.9996666666666668,1.002673796791444,2992,1,2984,0.0053333333333333,False,0.0008910420001484,46,archived_rho_0.5_unchanged,-12.251231379421672,False,ok,
5,Normal,3000,5,0.5,fresh_n,22,2026105722,,-1.0,6.257704449237527,False,31,inf,0.0,0.0,0.0,False,0.0,0.004,0.9923333333333332,0.0036666666666666,0.0,0.0,0.0,0.0,0.0,0,1.0,1.0036801605888257,2989,1,2978,0.0073333333333333,False,0.0009140409529209,46,archived_rho_0.5_unchanged,-6.257704449237527,True,ok,
5,Normal,3000,5,0.5,fresh_n,22,2026105722,,-1.0,6.257704449237527,False,32,inf,0.0,0.0,0.0,False,0.0,0.004,0.9906666666666668,0.0053333333333333,0.0,0.0,0.0,-5.993526930184146,0.0003333333333333,1,0.9996666666666668,1.002338790511193,2993,1,2986,0.0046666666666666,False,0.0008840409573167,46,archived_rho_0.5_unchanged,-12.251231379421672,False,ok,
5,Normal,3000,5,0.5,fresh_n,22,2026105722,,-1.0,6.257704449237527,False,33,inf,0.0,0.0,0.0,False,0.0,0.004,0.9923333333333332,0.0036666666666666,0.0,0.0,0.0,0.0,0.0,0,1.0,1.0003334444814935,2999,1,2998,0.0006666666666666,False,0.0008809160208329,46,archived_rho_0.5_unchanged,-6.257704449237527,True,ok,
5,Normal,3000,5,0.5,fresh_n,22,2026105722,,-1.0,6.257704449237527,False,34,inf,0.0,0.0,0.0,False,0.0,0.004,0.9936666666666668,0.0023333333333333,0.0,0.0,0.0,-5.993526930184146,0.0003333333333333,1,0.9996666666666668,1.0033444816053512,2990,1,2980,0.0066666666666666,False,0.0008950419723987,46,archived_rho_0.5_unchanged,-12.251231379421672,False,ok,
5,Normal,3000,5,0.5,fresh_n,22,2026105722,,-1.0,6.257704449237527,False,35,inf,0.0,0.0,0.0,False,0.0,0.004,0.9953333333333332,0.0006666666666666,0.0,0.0,0.0,0.0,0.0,0,1.0,1.001669449081803,2995,1,2990,0.0033333333333333,False,0.0008754159789532,46,archived_rho_0.5_unchanged,-6.257704449237527,True,ok,
5,Normal,3000,5,0.5,fresh_n,22,2026105722,,-1.0,6.257704449237527,False,36,inf,0.0,0.0,0.0,False,0.0,0.004,0.9953333333333332,0.0006666666666666,0.0,0.0,0.0,0.0,0.0,0,1.0,1.001001001001001,2997,1,2994,0.0019999999999999,False,0.0008692500414326,46,archived_rho_0.5_unchanged,-6.257704449237527,True,ok,
5,Normal,3000,5,0.5,fresh_n,22,2026105722,,-1.0,6.257704449237527,False,37,inf,0.0,0.0,0.0,False,0.0,0.004,0.995,0.001,0.0,0.0,0.0,0.0,0.0,0,1.0,1.002004008016032,2994,1,2988,0.0039999999999999,False,0.0008884579874575,46,archived_rho_0.5_unchanged,-6.257704449237527,True,ok,
5,Normal,3000,5,0.5,fresh_n,22,2026105722,,-1.0,6.257704449237527,False,38,inf,0.0,0.0,0.0,False,0.0,0.004,0.9943333333333332,0.0016666666666666,0.0,0.0,0.0,-6.226439508026624,0.0003333333333333,1,0.9996666666666668,1.001669449081803,2995,1,2990,0.0033333333333333,False,0.000873084005434,46,archived_rho_0.5_unchanged,-12.484143957264152,False,ok,
5,Normal,3000,5,0.5,fresh_n,22,2026105722,,-1.0,6.257704449237527,False,39,inf,0.0,0.0,0.0,False,0.0,0.004,0.9953333333333332,0.0006666666666666,0.0,0.0,0.0,0.0,0.0,0,1.0,1.0006671114076051,2998,1,2996,0.0013333333333333,False,0.000868208007887,46,archived_rho_0.5_unchanged,-6.257704449237527,True,ok,
5,Normal,3000,5,0.5,fresh_n,22,2026105722,,-1.0,6.257704449237527,False,40,inf,0.0,0.0,0.0,False,0.0,0.004,0.9956666666666668,0.0003333333333333,0.0,0.0,0.0,0.0,0.0,0,1.0,1.0003334444814935,2999,1,2998,0.0006666666666666,False,0.0008979589911177,46,archived_rho_0.5_unchanged,-6.257704449237527,True,ok,
5,Normal,3000,5,0.5,fresh_n,23,2026105723,,-1.0,6.257704449237527,False,1,7.05269476410754,0.9963333333333332,0.9963333333333332,0.996,True,0.9963333333333332,0.0036666666666666,0.0,0.0,0.0,0.0,0.0,7.032967023747736,1.0,3000,0.0,3000.0,1,3000,0,1.1401757086457716,False,0.0011779170017689,46,archived_rho_0.5_unchanged,0.7752625745102097,False,ok,
5,Normal,3000,5,0.5,fresh_n,23,2026105723,,-1.0,6.257704449237527,False,2,5.897686164194823,0.8666666666666667,0.8663333333333333,0.842,False,0.8666666666666667,0.0036666666666666,0.0,0.0,0.1296666666666666,0.0,0.0,5.7887700325780775,1.0,3000,0.0,93.75,32,24,0,1.6394930422108425,False,0.0011476249783299,46,archived_rho_0.5_unchanged,-0.4689344166594491,False,ok,
5,Normal,3000,5,0.5,fresh_n,23,2026105723,,-1.0,6.257704449237527,False,3,5.463088538737003,0.748,0.7393333333333333,0.735,False,0.748,0.0036666666666666,0.0083333333333333,0.0066666666666666,0.2333333333333333,0.0,0.0,5.328531460143665,0.9916666666666668,2975,0.0083333333333333,31.57894736842105,95,1,16,1.8699139786683272,False,0.0011340000201016,46,archived_rho_0.5_unchanged,-0.9291729890938614,False,ok,
5,Normal,3000,5,0.5,fresh_n,23,2026105723,,-1.0,6.257704449237527,False,4,4.985858883907025,0.6323333333333333,0.6106666666666667,0.592,False,0.6323333333333333,0.0036666666666666,0.0326666666666666,0.0426666666666666,0.2886666666666667,0.0,0.0,4.653741060513143,0.949,2847,0.051,12.396694214876034,242,1,75,2.1670352377022213,False,0.0012850000057369,46,archived_rho_0.5_unchanged,-1.6039633887243836,False,ok,
5,Normal,3000,5,0.5,fresh_n,23,2026105723,,-1.0,6.257704449237527,False,5,4.422681935370916,0.437,0.4096666666666667,0.391,False,0.437,0.0036666666666666,0.0743333333333333,0.074,0.411,0.0,0.0,3.8322232098699502,0.9023333333333332,2707,0.0976666666666666,7.228915662650603,415,1,155,2.47964743100749,False,0.0013576250057667,46,archived_rho_0.5_unchanged,-2.4254812393675764,False,ok,
5,Normal,3000,5,0.5,fresh_n,23,2026105723,,-1.0,6.257704449237527,False,6,3.8251980926704174,0.271,0.22,0.208,False,0.271,0.0036666666666666,0.128,0.107,0.4903333333333333,0.0,0.0,2.792813312971058,0.8386666666666667,2516,0.1613333333333333,4.594180704441041,653,1,276,2.836051630549755,False,0.0014759999467059,46,archived_rho_0.5_unchanged,-3.4648911362664685,False,ok,
5,Normal,3000,5,0.5,fresh_n,23,2026105723,,-1.0,6.257704449237527,False,7,3.23963418081951,0.148,0.089,0.084,False,0.148,0.0036666666666666,0.204,0.1476666666666666,0.4966666666666666,0.0,0.0,1.942194900243286,0.737,2211,0.263,3.239740820734341,926,1,446,2.874840405327024,False,0.0015749579761177,46,archived_rho_0.5_unchanged,-4.315509548994241,False,ok,
5,Normal,3000,5,0.5,fresh_n,23,2026105723,,-1.0,6.257704449237527,False,8,2.468551123345845,0.0656666666666666,0.0223333333333333,0.019,False,0.0656666666666666,0.0036666666666666,0.3,0.178,0.4526666666666666,0.0,0.0,0.8228322768590413,0.6406666666666667,1922,0.3593333333333333,2.4691358024691357,1215,1,663,2.931164510884315,False,0.0016213330090977,46,archived_rho_0.5_unchanged,-5.434872172378485,False,ok,
5,Normal,3000,5,0.5,fresh_n,23,2026105723,,-1.0,6.257704449237527,False,9,1.5984830254341442,0.026,0.001,0.0,False,0.026,0.0036666666666666,0.42,0.199,0.3513333333333333,0.0,0.0,-0.2368292794403597,0.517,1551,0.483,1.953125,1536,1,947,2.657618035150087,False,0.0016535409959033,46,archived_rho_0.5_unchanged,-6.494533728677887,False,ok,
5,Normal,3000,5,0.5,fresh_n,23,2026105723,,-1.0,6.257704449237527,False,10,1.132587946739288,0.0083333333333333,0.0,0.0,False,0.0083333333333333,0.0036666666666666,0.5206666666666667,0.2313333333333333,0.236,0.0,0.0,-1.040772652983278,0.3816666666666666,1145,0.6183333333333334,1.6277807921866525,1843,1,1255,2.2454675046304335,False,0.0016033750143833,46,archived_rho_0.5_unchanged,-7.298477102220804,False,ok,
5,Normal,3000,5,0.5,fresh_n,23,2026105723,,-1.0,6.257704449237527,False,11,0.3709117322541141,0.0066666666666666,0.0,0.0,False,0.0066666666666666,0.0036666666666666,0.612,0.23,0.1476666666666666,0.0,0.0,-1.9084413235963973,0.269,807,0.731,1.4402304368698993,2083,1,1530,1.7504946952820912,False,0.0015612500137649,46,archived_rho_0.5_unchanged,-8.166145772833923,False,ok,
5,Normal,3000,5,0.5,fresh_n,23,2026105723,,-1.0,6.257704449237527,False,12,-0.8233211152308314,0.0016666666666666,0.0,0.0,False,0.0016666666666666,0.0036666666666666,0.6883333333333334,0.217,0.0893333333333333,0.0,0.0,-2.6394540747246764,0.1793333333333333,538,0.8206666666666667,1.3020833333333333,2304,1,1818,1.307073721751958,False,0.0014718750026077,46,archived_rho_0.5_unchanged,-8.897158523962203,False,ok,
5,Normal,3000,5,0.5,fresh_n,23,2026105723,,-1.0,6.257704449237527,False,13,-1.377940530436233,0.0006666666666666,0.0,0.0,False,0.0006666666666666,0.0036666666666666,0.7796666666666666,0.1693333333333333,0.0466666666666666,0.0,0.0,-3.381486659122389,0.101,303,0.899,1.2116316639741518,2476,1,2060,0.8535762710904226,False,0.0013867919915355,46,archived_rho_0.5_unchanged,-9.639191108359915,False,ok,
5,Normal,3000,5,0.5,fresh_n,23,2026105723,,-1.0,6.257704449237527,False,14,-2.3614145896663707,0.0006666666666666,0.0,0.0,False,0.0006666666666666,0.0036666666666666,0.8376666666666667,0.127,0.031,0.0,0.0,-3.9560243922561424,0.0733333333333333,220,0.9266666666666666,1.1538461538461535,2600,1,2276,0.6331935562192542,False,0.001263459038455,46,archived_rho_0.5_unchanged,-10.213728841493669,False,ok,
5,Normal,3000,5,0.5,fresh_n,23,2026105723,,-1.0,6.257704449237527,False,15,-2.6331794886859186,0.0003333333333333,0.0,0.0,False,0.0003333333333333,0.0036666666666666,0.8713333333333333,0.1116666666666666,0.013,0.0,0.0,-3.826356496992976,0.0266666666666666,80,0.9733333333333334,1.1013215859030836,2724,1,2474,0.3043081720856531,False,0.0011882500257343,46,archived_rho_0.5_unchanged,-10.084060946230503,False,ok,
5,Normal,3000,5,0.5,fresh_n,23,2026105723,,-1.0,6.257704449237527,False,16,-2.0782210098664553,0.0003333333333333,0.0,0.0,False,0.0003333333333333,0.0036666666666666,0.9006666666666666,0.085,0.0103333333333333,0.0,0.0,-4.622159093240878,0.0333333333333333,100,0.9666666666666668,1.08499095840868,2765,1,2561,0.3262114153481502,False,0.0011218750150874,46,archived_rho_0.5_unchanged,-10.879863542478404,False,ok,
5,Normal,3000,5,0.5,fresh_n,23,2026105723,,-1.0,6.257704449237527,False,17,inf,0.0,0.0,0.0,False,0.0,0.0036666666666666,0.9253333333333332,0.0666666666666666,0.0043333333333333,0.0,0.0,-4.163183107794995,0.0156666666666666,47,0.9843333333333332,1.051156271899089,2854,1,2722,0.1743382768739878,False,0.0010532499873079,46,archived_rho_0.5_unchanged,-10.420887557032522,False,ok,
5,Normal,3000,5,0.5,fresh_n,23,2026105723,,-1.0,6.257704449237527,False,18,inf,0.0,0.0,0.0,False,0.0,0.0036666666666666,0.9376666666666666,0.0546666666666666,0.004,0.0,0.0,-4.986550217316442,0.012,36,0.988,1.0438413361169103,2874,1,2758,0.1474120443962231,False,0.0010170409805141,46,archived_rho_0.5_unchanged,-11.244254666553969,False,ok,
5,Normal,3000,5,0.5,fresh_n,23,2026105723,,-1.0,6.257704449237527,False,19,inf,0.0,0.0,0.0,False,0.0,0.0036666666666666,0.9463333333333334,0.0493333333333333,0.0006666666666666,0.0,0.0,-4.6986039587076665,0.0086666666666666,26,0.9913333333333332,1.0387811634349031,2888,1,2782,0.1100857929070177,False,0.0010177080403082,46,archived_rho_0.5_unchanged,-10.956308407945194,False,ok,
5,Normal,3000,5,0.5,fresh_n,23,2026105723,,-1.0,6.257704449237527,False,20,inf,0.0,0.0,0.0,False,0.0,0.0036666666666666,0.964,0.0313333333333333,0.001,0.0,0.0,-5.875748242771724,0.0036666666666666,11,0.9963333333333332,1.0228435049437437,2933,1,2869,0.0649608802079668,False,0.0009846670436672,46,archived_rho_0.5_unchanged,-12.13345269200925,False,ok,
5,Normal,3000,5,0.5,fresh_n,23,2026105723,,-1.0,6.257704449237527,False,21,inf,0.0,0.0,0.0,False,0.0,0.0036666666666666,0.975,0.021,0.0003333333333333,0.0,0.0,-4.708478423939013,0.001,3,0.999,1.0166045408336155,2951,1,2902,0.0326666666666666,False,0.0009413749794475,46,archived_rho_0.5_unchanged,-10.966182873176539,False,ok,
5,Normal,3000,5,0.5,fresh_n,23,2026105723,,-1.0,6.257704449237527,False,22,inf,0.0,0.0,0.0,False,0.0,0.0036666666666666,0.9746666666666668,0.021,0.0006666666666666,0.0,0.0,-5.3500980876113555,0.0033333333333333,10,0.9966666666666668,1.016260162601626,2952,1,2906,0.0447108157014388,False,0.0009374159853905,46,archived_rho_0.5_unchanged,-11.607802536848883,False,ok,
5,Normal,3000,5,0.5,fresh_n,23,2026105723,,-1.0,6.257704449237527,False,23,inf,0.0,0.0,0.0,False,0.0,0.0036666666666666,0.982,0.014,0.0003333333333333,0.0,0.0,-6.803157541095912,0.0003333333333333,1,0.9996666666666668,1.0121457489878545,2964,1,2928,0.0239999999999999,False,0.0009378339746035,46,archived_rho_0.5_unchanged,-13.06086199033344,False,ok,
5,Normal,3000,5,0.5,fresh_n,23,2026105723,,-1.0,6.257704449237527,False,24,inf,0.0,0.0,0.0,False,0.0,0.0036666666666666,0.9846666666666668,0.0113333333333333,0.0003333333333333,0.0,0.0,-8.070730853780411,0.0006666666666666,2,0.9993333333333332,1.0090817356205852,2973,1,2946,0.0179999999999999,False,0.0009101670002564,46,archived_rho_0.5_unchanged,-14.328435303017937,False,ok,
5,Normal,3000,5,0.5,fresh_n,23,2026105723,,-1.0,6.257704449237527,False,25,inf,0.0,0.0,0.0,False,0.0,0.0036666666666666,0.984,0.012,0.0003333333333333,0.0,0.0,-5.773446961701968,0.001,3,0.999,1.0077258985555928,2977,1,2954,0.0153333333333333,False,0.000911500013899,46,archived_rho_0.5_unchanged,-12.031151410939493,False,ok,
5,Normal,3000,5,0.5,fresh_n,23,2026105723,,-1.0,6.257704449237527,False,26,inf,0.0,0.0,0.0,False,0.0,0.0036666666666666,0.9853333333333332,0.011,0.0,0.0,0.0,-8.695715976271353,0.0003333333333333,1,0.9996666666666668,1.0077258985555928,2977,1,2954,0.0153333333333333,False,0.0009104579803533,46,archived_rho_0.5_unchanged,-14.953420425508881,False,ok,
5,Normal,3000,5,0.5,fresh_n,23,2026105723,,-1.0,6.257704449237527,False,27,inf,0.0,0.0,0.0,False,0.0,0.0036666666666666,0.9903333333333332,0.006,0.0,0.0,0.0,-6.263825089203441,0.001,3,0.999,1.0040160642570282,2988,1,2976,0.0079999999999999,False,0.0008860409725457,46,archived_rho_0.5_unchanged,-12.521529538440967,False,ok,
5,Normal,3000,5,0.5,fresh_n,23,2026105723,,-1.0,6.257704449237527,False,28,inf,0.0,0.0,0.0,False,0.0,0.0036666666666666,0.9883333333333332,0.008,0.0,0.0,0.0,-6.201011361450517,0.0003333333333333,1,0.9996666666666668,1.0063737001006374,2981,1,2962,0.0126666666666666,False,0.0009071250096894,46,archived_rho_0.5_unchanged,-12.458715810688044,False,ok,
5,Normal,3000,5,0.5,fresh_n,23,2026105723,,-1.0,6.257704449237527,False,29,inf,0.0,0.0,0.0,False,0.0,0.0036666666666666,0.9923333333333332,0.004,0.0,0.0,0.0,-4.875414963111211,0.0003333333333333,1,0.9996666666666668,1.0036801605888257,2989,1,2978,0.0073333333333333,False,0.0009002080187201,46,archived_rho_0.5_unchanged,-11.133119412348737,False,ok,
5,Normal,3000,5,0.5,fresh_n,23,2026105723,,-1.0,6.257704449237527,False,30,inf,0.0,0.0,0.0,False,0.0,0.0036666666666666,0.993,0.0033333333333333,0.0,0.0,0.0,0.0,0.0,0,1.0,1.002004008016032,2994,1,2988,0.004,False,0.0008877500076778,46,archived_rho_0.5_unchanged,-6.257704449237527,True,ok,
5,Normal,3000,5,0.5,fresh_n,23,2026105723,,-1.0,6.257704449237527,False,31,inf,0.0,0.0,0.0,False,0.0,0.0036666666666666,0.994,0.0023333333333333,0.0,0.0,0.0,-4.875414963111211,0.0003333333333333,1,0.9996666666666668,1.002338790511193,2993,1,2986,0.0046666666666666,False,0.000902582949493,46,archived_rho_0.5_unchanged,-11.133119412348737,False,ok,
5,Normal,3000,5,0.5,fresh_n,23,2026105723,,-1.0,6.257704449237527,False,32,inf,0.0,0.0,0.0,False,0.0,0.0036666666666666,0.9933333333333332,0.003,0.0,0.0,0.0,0.0,0.0,0,1.0,1.001669449081803,2995,1,2990,0.0033333333333333,False,0.0008764999802224,46,archived_rho_0.5_unchanged,-6.257704449237527,True,ok,
5,Normal,3000,5,0.5,fresh_n,23,2026105723,,-1.0,6.257704449237527,False,33,inf,0.0,0.0,0.0,False,0.0,0.0036666666666666,0.9956666666666668,0.0006666666666666,0.0,0.0,0.0,-6.201011361450517,0.0003333333333333,1,0.9996666666666668,1.0013351134846462,2996,1,2992,0.0026666666666666,False,0.0008750419947318,46,archived_rho_0.5_unchanged,-12.458715810688044,False,ok,
5,Normal,3000,5,0.5,fresh_n,23,2026105723,,-1.0,6.257704449237527,False,34,inf,0.0,0.0,0.0,False,0.0,0.0036666666666666,0.9943333333333332,0.002,0.0,0.0,0.0,0.0,0.0,0,1.0,1.002004008016032,2994,1,2988,0.0039999999999999,False,0.0008880840032361,46,archived_rho_0.5_unchanged,-6.257704449237527,True,ok,
5,Normal,3000,5,0.5,fresh_n,23,2026105723,,-1.0,6.257704449237527,False,35,inf,0.0,0.0,0.0,False,0.0,0.0036666666666666,0.9953333333333332,0.001,0.0,0.0,0.0,-8.695715976271353,0.0003333333333333,1,0.9996666666666668,1.001669449081803,2995,1,2990,0.0033333333333333,False,0.0008789579733274,46,archived_rho_0.5_unchanged,-14.953420425508881,False,ok,
5,Normal,3000,5,0.5,fresh_n,23,2026105723,,-1.0,6.257704449237527,False,36,inf,0.0,0.0,0.0,False,0.0,0.0036666666666666,0.9953333333333332,0.001,0.0,0.0,0.0,0.0,0.0,0,1.0,1.0003334444814935,2999,1,2998,0.0006666666666666,False,0.0008732079877518,46,archived_rho_0.5_unchanged,-6.257704449237527,True,ok,
5,Normal,3000,5,0.5,fresh_n,23,2026105723,,-1.0,6.257704449237527,False,37,inf,0.0,0.0,0.0,False,0.0,0.0036666666666666,0.995,0.0013333333333333,0.0,0.0,0.0,0.0,0.0,0,1.0,1.0003334444814935,2999,1,2998,0.0006666666666666,False,0.000877583050169,46,archived_rho_0.5_unchanged,-6.257704449237527,True,ok,
5,Normal,3000,5,0.5,fresh_n,23,2026105723,,-1.0,6.257704449237527,False,38,inf,0.0,0.0,0.0,False,0.0,0.0036666666666666,0.9943333333333332,0.002,0.0,0.0,0.0,0.0,0.0,0,1.0,1.0003334444814935,2999,1,2998,0.0006666666666666,False,0.0008710830006748,46,archived_rho_0.5_unchanged,-6.257704449237527,True,ok,
5,Normal,3000,5,0.5,fresh_n,23,2026105723,,-1.0,6.257704449237527,False,39,inf,0.0,0.0,0.0,False,0.0,0.0036666666666666,0.996,0.0003333333333333,0.0,0.0,0.0,0.0,0.0,0,1.0,1.001001001001001,2997,1,2994,0.0019999999999999,False,0.000879708037246,46,archived_rho_0.5_unchanged,-6.257704449237527,True,ok,
5,Normal,3000,5,0.5,fresh_n,23,2026105723,,-1.0,6.257704449237527,False,40,inf,0.0,0.0,0.0,False,0.0,0.0036666666666666,0.9963333333333332,0.0,0.0,0.0,0.0,0.0,0.0,0,1.0,1.0,3000,1,3000,0.0,False,0.000879708037246,46,archived_rho_0.5_unchanged,-6.257704449237527,True,ok,
5,Normal,3000,5,0.5,fresh_n,24,2026105724,,-1.0,6.257704449237527,False,1,7.03520086633682,0.9946666666666668,0.9946666666666668,0.993,True,0.9946666666666668,0.0053333333333333,0.0,0.0,0.0,0.0,0.0,7.023471224854275,1.0,3000,0.0,3000.0,1,3000,0,1.1448025749463262,False,0.0011793330195359,46,archived_rho_0.5_unchanged,0.7657667756167488,False,ok,
5,Normal,3000,5,0.5,fresh_n,24,2026105724,,-1.0,6.257704449237527,False,2,5.887916090031029,0.866,0.8643333333333333,0.852,False,0.866,0.0053333333333333,0.0,0.0,0.1286666666666666,0.0,0.0,5.765873009101803,1.0,3000,0.0,93.75,32,18,0,1.6377015398815575,False,0.0011439159861765,46,archived_rho_0.5_unchanged,-0.4918314401357238,False,ok,
5,Normal,3000,5,0.5,fresh_n,24,2026105724,,-1.0,6.257704449237527,False,3,5.448725463717518,0.756,0.7363333333333333,0.728,False,0.756,0.0053333333333333,0.011,0.0093333333333333,0.2183333333333333,0.0,0.0,5.362149183134317,0.9896666666666668,2969,0.0103333333333333,31.25,96,1,18,1.8201803273178196,False,0.0011470420286059,46,archived_rho_0.5_unchanged,-0.8955552661032096,False,ok,
5,Normal,3000,5,0.5,fresh_n,24,2026105724,,-1.0,6.257704449237527,False,4,5.016102963359241,0.613,0.5996666666666667,0.592,False,0.613,0.0053333333333333,0.0343333333333333,0.0313333333333333,0.316,0.0,0.0,4.758045672791585,0.956,2868,0.044,14.354066985645932,209,1,59,2.098631309595226,False,0.0012638749903999,46,archived_rho_0.5_unchanged,-1.4996587764459415,False,ok,
5,Normal,3000,5,0.5,fresh_n,24,2026105724,,-1.0,6.257704449237527,False,5,4.486388779785386,0.4546666666666666,0.421,0.402,False,0.4546666666666666,0.0053333333333333,0.0683333333333333,0.051,0.4206666666666667,0.0,0.0,4.0760240886811046,0.908,2724,0.0919999999999999,7.8125,384,1,159,2.3526819728125528,False,0.0013457500026561,46,archived_rho_0.5_unchanged,-2.181680360556422,False,ok,
5,Normal,3000,5,0.5,fresh_n,24,2026105724,,-1.0,6.257704449237527,False,6,3.918760704581406,0.2756666666666666,0.2286666666666666,0.196,False,0.2756666666666666,0.0053333333333333,0.1263333333333333,0.0863333333333333,0.5063333333333333,0.0,0.0,3.1328648833066732,0.8533333333333334,2560,0.1466666666666666,5.05050505050505,594,1,257,2.6921478162671777,False,0.001466125017032,46,archived_rho_0.5_unchanged,-3.1248395659308534,False,ok,
5,Normal,3000,5,0.5,fresh_n,24,2026105724,,-1.0,6.257704449237527,False,7,3.258407112841589,0.154,0.1003333333333333,0.093,False,0.154,0.0053333333333333,0.1976666666666666,0.141,0.502,0.0,0.0,2.1580287697903313,0.754,2262,0.246,3.3975084937712343,883,1,437,2.764476426383658,False,0.0015498329885303,46,archived_rho_0.5_unchanged,-4.099675679447195,False,ok,
5,Normal,3000,5,0.5,fresh_n,24,2026105724,,-1.0,6.257704449237527,False,8,2.404023564012841,0.0756666666666666,0.0253333333333333,0.017,False,0.0756666666666666,0.0053333333333333,0.2853333333333333,0.169,0.4646666666666667,0.0,0.0,1.168519992168239,0.6616666666666666,1985,0.3383333333333334,2.608695652173913,1150,1,619,2.852260760187226,False,0.0016329169739037,46,archived_rho_0.5_unchanged,-5.089184457069288,False,ok,
5,Normal,3000,5,0.5,fresh_n,24,2026105724,,-1.0,6.257704449237527,False,9,1.8891307495048004,0.0326666666666666,0.0066666666666666,0.006,False,0.0326666666666666,0.0053333333333333,0.381,0.213,0.368,0.0,0.0,0.2655761250092909,0.5483333333333333,1645,0.4516666666666666,2.094972067039106,1432,1,861,2.6697069075690414,False,0.0016471249982714,46,archived_rho_0.5_unchanged,-5.9921283242282355,False,ok,
5,Normal,3000,5,0.5,fresh_n,24,2026105724,,-1.0,6.257704449237527,False,10,0.9520703678209906,0.0123333333333333,0.0,0.0,False,0.0123333333333333,0.0053333333333333,0.481,0.2363333333333333,0.265,0.0,0.0,-0.7380660112373777,0.4196666666666667,1259,0.5803333333333334,1.735106998264893,1729,1,1119,2.3294636208709956,False,0.001652292034123,46,archived_rho_0.5_unchanged,-6.995770460474905,False,ok,
5,Normal,3000,5,0.5,fresh_n,24,2026105724,,-1.0,6.257704449237527,False,11,-0.0758358437239844,0.004,0.0,0.0,False,0.004,0.0053333333333333,0.5916666666666667,0.2286666666666666,0.1703333333333333,0.0,0.0,-1.7108899129673576,0.3013333333333333,904,0.6986666666666667,1.4977533699450825,2003,1,1432,1.9432417773905464,False,0.0016002909978851,46,archived_rho_0.5_unchanged,-7.968594362204884,False,ok,
5,Normal,3000,5,0.5,fresh_n,24,2026105724,,-1.0,6.257704449237527,False,12,0.1670119131478092,0.0026666666666666,0.0,0.0,False,0.0026666666666666,0.0053333333333333,0.6836666666666666,0.2086666666666666,0.0996666666666666,0.0,0.0,-2.286767303930361,0.2013333333333333,604,0.7986666666666666,1.3410818059901657,2237,1,1728,1.43016100984862,False,0.001498416007962,46,archived_rho_0.5_unchanged,-8.544471753167887,False,ok,
5,Normal,3000,5,0.5,fresh_n,24,2026105724,,-1.0,6.257704449237527,False,13,-1.907351481904052,0.001,0.0,0.0,False,0.001,0.0053333333333333,0.7676666666666667,0.1656666666666666,0.0603333333333333,0.0,0.0,-3.2108386627946865,0.148,444,0.852,1.2526096033402925,2395,1,1954,1.1603567317153878,False,0.0014287499943748,46,archived_rho_0.5_unchanged,-9.468543112032213,False,ok,
5,Normal,3000,5,0.5,fresh_n,24,2026105724,,-1.0,6.257704449237527,False,14,inf,0.0,0.0,0.0,False,0.0,0.0053333333333333,0.812,0.1516666666666666,0.031,0.0,0.0,-3.1766525243578516,0.0916666666666666,275,0.9083333333333332,1.1760094080752646,2551,1,2207,0.7401087831923641,False,0.001306083984673,46,archived_rho_0.5_unchanged,-9.434356973595378,False,ok,
5,Normal,3000,5,0.5,fresh_n,24,2026105724,,-1.0,6.257704449237527,False,15,-2.2839621095726055,0.0003333333333333,0.0,0.0,False,0.0003333333333333,0.0053333333333333,0.8643333333333333,0.1123333333333333,0.0176666666666666,0.0,0.0,-3.705649768946528,0.056,168,0.944,1.1329305135951662,2648,1,2356,0.4865689693865275,False,0.0012482909951359,46,archived_rho_0.5_unchanged,-9.963354218184055,False,ok,
5,Normal,3000,5,0.5,fresh_n,24,2026105724,,-1.0,6.257704449237527,False,16,inf,0.0,0.0,0.0,False,0.0,0.0053333333333333,0.8903333333333333,0.0923333333333333,0.012,0.0,0.0,-4.884865527091509,0.026,78,0.974,1.088139281828074,2757,1,2538,0.2920922429955385,False,0.0011443329858593,46,archived_rho_0.5_unchanged,-11.142569976329035,False,ok,
5,Normal,3000,5,0.5,fresh_n,24,2026105724,,-1.0,6.257704449237527,False,17,inf,0.0,0.0,0.0,False,0.0,0.0053333333333333,0.921,0.069,0.0046666666666666,0.0,0.0,-4.07135937515392,0.0223333333333333,67,0.9776666666666668,1.0714285714285714,2800,1,2619,0.2425757178784483,False,0.001114459009841,46,archived_rho_0.5_unchanged,-10.329063824391447,False,ok,
5,Normal,3000,5,0.5,fresh_n,24,2026105724,,-1.0,6.257704449237527,False,18,inf,0.0,0.0,0.0,False,0.0,0.0053333333333333,0.9293333333333332,0.0603333333333333,0.005,0.0,0.0,-5.251898767500638,0.0106666666666666,32,0.9893333333333332,1.0611956137247966,2827,1,2663,0.1578628211380372,False,0.0010769170476123,46,archived_rho_0.5_unchanged,-11.509603216738164,False,ok,
5,Normal,3000,5,0.5,fresh_n,24,2026105724,,-1.0,6.257704449237527,False,19,inf,0.0,0.0,0.0,False,0.0,0.0053333333333333,0.9473333333333334,0.0446666666666666,0.0026666666666666,0.0,0.0,-4.97771799822671,0.009,27,0.991,1.0434782608695652,2875,1,2756,0.1234715693882555,False,0.0010427089873701,46,archived_rho_0.5_unchanged,-11.235422447464238,False,ok,
5,Normal,3000,5,0.5,fresh_n,24,2026105724,,-1.0,6.257704449237527,False,20,inf,0.0,0.0,0.0,False,0.0,0.0053333333333333,0.9543333333333334,0.039,0.0013333333333333,0.0,0.0,-5.421376637340403,0.006,18,0.994,1.032346868547832,2906,1,2817,0.0944134285893429,False,0.0009940000018104,46,archived_rho_0.5_unchanged,-11.67908108657793,False,ok,
5,Normal,3000,5,0.5,fresh_n,24,2026105724,,-1.0,6.257704449237527,False,21,inf,0.0,0.0,0.0,False,0.0,0.0053333333333333,0.9603333333333334,0.0326666666666666,0.0016666666666666,0.0,0.0,-5.584791858677612,0.0063333333333333,19,0.9936666666666668,1.0366275051831375,2894,1,2791,0.0906370478430227,False,0.0010885420488193,46,archived_rho_0.5_unchanged,-11.842496307915138,False,ok,
5,Normal,3000,5,0.5,fresh_n,24,2026105724,,-1.0,6.257704449237527,False,22,inf,0.0,0.0,0.0,False,0.0,0.0053333333333333,0.971,0.0233333333333333,0.0003333333333333,0.0,0.0,-4.721834455631004,0.0013333333333333,4,0.9986666666666668,1.0197144799456153,2942,1,2884,0.0386666666666666,False,0.0009664579993113,46,archived_rho_0.5_unchanged,-10.97953890486853,False,ok,
5,Normal,3000,5,0.5,fresh_n,24,2026105724,,-1.0,6.257704449237527,False,23,inf,0.0,0.0,0.0,False,0.0,0.0053333333333333,0.976,0.0186666666666666,0.0,0.0,0.0,-6.660865533379546,0.003,9,0.997,1.019367991845056,2943,1,2888,0.0520002112998311,False,0.0009676670306362,46,archived_rho_0.5_unchanged,-12.918569982617072,False,ok,
5,Normal,3000,5,0.5,fresh_n,24,2026105724,,-1.0,6.257704449237527,False,24,inf,0.0,0.0,0.0,False,0.0,0.0053333333333333,0.982,0.0126666666666666,0.0,0.0,0.0,-6.3888103212114,0.0003333333333333,1,0.9996666666666668,1.0104412260020208,2969,1,2938,0.0206666666666666,False,0.0009340000106021,46,archived_rho_0.5_unchanged,-12.646514770448928,False,ok,
5,Normal,3000,5,0.5,fresh_n,24,2026105724,,-1.0,6.257704449237527,False,25,inf,0.0,0.0,0.0,False,0.0,0.0053333333333333,0.981,0.0136666666666666,0.0,0.0,0.0,-6.212065187017226,0.0026666666666666,8,0.9973333333333332,1.0124873439082012,2963,1,2928,0.0285993954975239,False,0.0009451670339331,46,archived_rho_0.5_unchanged,-12.469769636254753,False,ok,
5,Normal,3000,5,0.5,fresh_n,24,2026105724,,-1.0,6.257704449237527,False,26,inf,0.0,0.0,0.0,False,0.0,0.0053333333333333,0.9866666666666668,0.0073333333333333,0.0006666666666666,0.0,0.0,-7.767387348118694,0.0006666666666666,2,0.9993333333333332,1.0101010101010102,2970,1,2940,0.0199999999999999,False,0.0009187909890897,46,archived_rho_0.5_unchanged,-14.025091797356222,False,ok,
5,Normal,3000,5,0.5,fresh_n,24,2026105724,,-1.0,6.257704449237527,False,27,inf,0.0,0.0,0.0,False,0.0,0.0053333333333333,0.9866666666666668,0.008,0.0,0.0,0.0,-6.610845805940185,0.0006666666666666,2,0.9993333333333332,1.0080645161290325,2976,1,2952,0.0159999999999999,False,0.0009163329959847,46,archived_rho_0.5_unchanged,-12.868550255177713,False,ok,
5,Normal,3000,5,0.5,fresh_n,24,2026105724,,-1.0,6.257704449237527,False,28,inf,0.0,0.0,0.0,False,0.0,0.0053333333333333,0.9843333333333332,0.0103333333333333,0.0,0.0,0.0,-6.981232606063307,0.0013333333333333,4,0.9986666666666668,1.0080645161290325,2976,1,2952,0.0159999999999999,False,0.0009255830082111,46,archived_rho_0.5_unchanged,-13.238937055300834,False,ok,
5,Normal,3000,5,0.5,fresh_n,24,2026105724,,-1.0,6.257704449237527,False,29,inf,0.0,0.0,0.0,False,0.0,0.0053333333333333,0.987,0.0076666666666666,0.0,0.0,0.0,0.0,0.0,0,1.0,1.0067114093959733,2980,1,2960,0.0133333333333333,False,0.0009043340105563,46,archived_rho_0.5_unchanged,-6.257704449237527,True,ok,
5,Normal,3000,5,0.5,fresh_n,24,2026105724,,-1.0,6.257704449237527,False,30,inf,0.0,0.0,0.0,False,0.0,0.0053333333333333,0.9883333333333332,0.0063333333333333,0.0,0.0,0.0,-10.830590585427524,0.0003333333333333,1,0.9996666666666668,1.0040160642570282,2988,1,2976,0.0079999999999999,False,0.0008972079958766,46,archived_rho_0.5_unchanged,-17.08829503466505,False,ok,
5,Normal,3000,5,0.5,fresh_n,24,2026105724,,-1.0,6.257704449237527,False,31,inf,0.0,0.0,0.0,False,0.0,0.0053333333333333,0.9906666666666668,0.004,0.0,0.0,0.0,0.0,0.0,0,1.0,1.0060362173038229,2982,1,2964,0.0119999999999999,False,0.0009147500386461,46,archived_rho_0.5_unchanged,-6.257704449237527,True,ok,
5,Normal,3000,5,0.5,fresh_n,24,2026105724,,-1.0,6.257704449237527,False,32,inf,0.0,0.0,0.0,False,0.0,0.0053333333333333,0.9923333333333332,0.0023333333333333,0.0,0.0,0.0,-8.982829761682195,0.0003333333333333,1,0.9996666666666668,1.004352192835621,2987,1,2974,0.0086666666666666,False,0.0008946250309236,46,archived_rho_0.5_unchanged,-15.240534210919723,False,ok,
5,Normal,3000,5,0.5,fresh_n,24,2026105724,,-1.0,6.257704449237527,False,33,inf,0.0,0.0,0.0,False,0.0,0.0053333333333333,0.991,0.0036666666666666,0.0,0.0,0.0,0.0,0.0,0,1.0,1.002673796791444,2992,1,2984,0.0053333333333333,False,0.0008863330003805,46,archived_rho_0.5_unchanged,-6.257704449237527,True,ok,
5,Normal,3000,5,0.5,fresh_n,24,2026105724,,-1.0,6.257704449237527,False,34,inf,0.0,0.0,0.0,False,0.0,0.0053333333333333,0.9923333333333332,0.0023333333333333,0.0,0.0,0.0,0.0,0.0,0,1.0,1.0030090270812435,2991,1,2982,0.006,False,0.0009016669937409,46,archived_rho_0.5_unchanged,-6.257704449237527,True,ok,
5,Normal,3000,5,0.5,fresh_n,24,2026105724,,-1.0,6.257704449237527,False,35,inf,0.0,0.0,0.0,False,0.0,0.0053333333333333,0.992,0.0026666666666666,0.0,0.0,0.0,-10.830590585427524,0.0003333333333333,1,0.9996666666666668,1.002673796791444,2992,1,2984,0.0053333333333333,False,0.0008909580064937,46,archived_rho_0.5_unchanged,-17.08829503466505,False,ok,
5,Normal,3000,5,0.5,fresh_n,24,2026105724,,-1.0,6.257704449237527,False,36,inf,0.0,0.0,0.0,False,0.0,0.0053333333333333,0.9936666666666668,0.001,0.0,0.0,0.0,0.0,0.0,0,1.0,1.0006671114076051,2998,1,2996,0.0013333333333333,False,0.0008892089826986,46,archived_rho_0.5_unchanged,-6.257704449237527,True,ok,
5,Normal,3000,5,0.5,fresh_n,24,2026105724,,-1.0,6.257704449237527,False,37,inf,0.0,0.0,0.0,False,0.0,0.0053333333333333,0.994,0.0006666666666666,0.0,0.0,0.0,0.0,0.0,0,1.0,1.001001001001001,2997,1,2994,0.002,False,0.0008970840135589,46,archived_rho_0.5_unchanged,-6.257704449237527,True,ok,
5,Normal,3000,5,0.5,fresh_n,24,2026105724,,-1.0,6.257704449237527,False,38,inf,0.0,0.0,0.0,False,0.0,0.0053333333333333,0.9926666666666668,0.002,0.0,0.0,0.0,0.0,0.0,0,1.0,1.001669449081803,2995,1,2990,0.0033333333333333,False,0.0008905419963411,46,archived_rho_0.5_unchanged,-6.257704449237527,True,ok,
5,Normal,3000,5,0.5,fresh_n,24,2026105724,,-1.0,6.257704449237527,False,39,inf,0.0,0.0,0.0,False,0.0,0.0053333333333333,0.994,0.0006666666666666,0.0,0.0,0.0,0.0,0.0,0,1.0,1.0013351134846462,2996,1,2992,0.0026666666666666,False,0.0008840000373311,46,archived_rho_0.5_unchanged,-6.257704449237527,True,ok,
5,Normal,3000,5,0.5,fresh_n,24,2026105724,,-1.0,6.257704449237527,False,40,inf,0.0,0.0,0.0,False,0.0,0.0053333333333333,0.9926666666666668,0.002,0.0,0.0,0.0,-10.830590585427524,0.0003333333333333,1,0.9996666666666668,1.002338790511193,2993,1,2986,0.0046666666666666,False,0.0009077090071514,46,archived_rho_0.5_unchanged,-17.08829503466505,False,ok,
5,Normal,3000,5,0.5,fresh_n,25,2026105725,,-1.0,6.257704449237527,False,1,7.081105011080324,0.996,0.996,0.994,True,0.996,0.004,0.0,0.0,0.0,0.0,0.0,7.069165036200618,1.0,3000,0.0,3000.0,1,3000,0,1.1463497754805445,False,0.0011822920059785,46,archived_rho_0.5_unchanged,0.8114605869630918,False,ok,
5,Normal,3000,5,0.5,fresh_n,25,2026105725,,-1.0,6.257704449237527,False,2,5.897131640226774,0.8546666666666667,0.8546666666666667,0.848,False,0.8546666666666667,0.004,0.0,0.0,0.1413333333333333,0.0,0.0,5.776779487399052,1.0,3000,0.0,93.75,32,34,0,1.6558270998827769,False,0.0010699580307118,46,archived_rho_0.5_unchanged,-0.48092496183847455,False,ok,
5,Normal,3000,5,0.5,fresh_n,25,2026105725,,-1.0,6.257704449237527,False,3,5.463671228466889,0.7543333333333333,0.7343333333333333,0.726,False,0.7543333333333333,0.004,0.0066666666666666,0.0063333333333333,0.2286666666666666,0.0,0.0,5.375570347935283,0.9923333333333332,2977,0.0076666666666667,32.967032967032964,91,1,12,1.8246170371257715,False,0.0011780000058934,46,archived_rho_0.5_unchanged,-0.8821341013022437,False,ok,
5,Normal,3000,5,0.5,fresh_n,25,2026105725,,-1.0,6.257704449237527,False,4,5.083817520037931,0.652,0.636,0.616,False,0.652,0.004,0.03,0.0313333333333333,0.2826666666666667,0.0,0.0,4.801777281832129,0.9603333333333334,2881,0.0396666666666666,14.851485148514852,202,1,62,2.085173644375965,False,0.0012276660418137,46,archived_rho_0.5_unchanged,-1.455927167405398,False,ok,
5,Normal,3000,5,0.5,fresh_n,25,2026105725,,-1.0,6.257704449237527,False,5,4.569785365443308,0.45,0.4303333333333333,0.397,False,0.45,0.004,0.061,0.0606666666666666,0.4243333333333333,0.0,0.0,4.107359333268097,0.9143333333333332,2743,0.0856666666666666,8.064516129032258,372,1,157,2.3616737463584454,False,0.0013130420120432,46,archived_rho_0.5_unchanged,-2.1503451159694293,False,ok,
5,Normal,3000,5,0.5,fresh_n,25,2026105725,,-1.0,6.257704449237527,False,6,4.020252650438285,0.302,0.2553333333333333,0.233,False,0.302,0.004,0.111,0.0886666666666666,0.4943333333333333,0.0,0.0,3.226103650733614,0.8676666666666667,2603,0.1323333333333333,5.253940455341506,571,1,259,2.6636204468838436,False,0.0014178749988786,46,archived_rho_0.5_unchanged,-3.031600798503913,False,ok,
5,Normal,3000,5,0.5,fresh_n,25,2026105725,,-1.0,6.257704449237527,False,7,3.402431416828968,0.1813333333333333,0.1253333333333333,0.119,False,0.1813333333333333,0.004,0.185,0.121,0.5086666666666667,0.0,0.0,2.306069497910299,0.7823333333333333,2347,0.2176666666666666,3.6855036855036856,814,1,398,2.8003834131046044,False,0.0015142079791985,46,archived_rho_0.5_unchanged,-3.9516349513272275,False,ok,
5,Normal,3000,5,0.5,fresh_n,25,2026105725,,-1.0,6.257704449237527,False,8,2.659357349036305,0.091,0.0366666666666666,0.03,False,0.091,0.004,0.2696666666666666,0.161,0.4743333333333333,0.0,0.0,1.320852360948508,0.6916666666666667,2075,0.3083333333333333,2.7573529411764706,1088,1,571,2.922761500910179,False,0.0016058330074883,46,archived_rho_0.5_unchanged,-4.936852088289019,False,ok,
5,Normal,3000,5,0.5,fresh_n,25,2026105725,,-1.0,6.257704449237527,False,9,2.133919036194143,0.038,0.0073333333333333,0.004,False,0.038,0.004,0.3473333333333333,0.2103333333333333,0.4003333333333333,0.0,0.0,0.4183841835856616,0.5823333333333334,1747,0.4176666666666666,2.1881838074398248,1371,1,807,2.794700795301495,False,0.0016275829984806,46,archived_rho_0.5_unchanged,-5.839320265651865,False,ok,
5,Normal,3000,5,0.5,fresh_n,25,2026105725,,-1.0,6.257704449237527,False,10,1.501121924504269,0.0146666666666666,0.0003333333333333,0.0,False,0.0146666666666666,0.004,0.472,0.2096666666666666,0.2996666666666667,0.0,0.0,-0.4693563889493276,0.4606666666666666,1382,0.5393333333333333,1.8203883495145632,1648,1,1047,2.464675530579441,False,0.0016617920482531,46,archived_rho_0.5_unchanged,-6.727060838186854,False,ok,
5,Normal,3000,5,0.5,fresh_n,25,2026105725,,-1.0,6.257704449237527,False,11,0.6858550798766433,0.004,0.0,0.0,False,0.004,0.004,0.58,0.2146666666666666,0.1973333333333333,0.0,0.0,-1.4392259578490243,0.3326666666666666,998,0.6673333333333333,1.5432098765432098,1944,1,1378,1.9864791812119424,False,0.0015825830050744,46,archived_rho_0.5_unchanged,-7.696930407086551,False,ok,
5,Normal,3000,5,0.5,fresh_n,25,2026105725,,-1.0,6.257704449237527,False,12,-0.3795635143186339,0.0033333333333333,0.0,0.0,False,0.0033333333333333,0.004,0.669,0.2023333333333333,0.1213333333333333,0.0,0.0,-2.002169014931734,0.247,741,0.753,1.3882461823229986,2161,1,1649,1.6279782595534913,False,0.0015132499975152,46,archived_rho_0.5_unchanged,-8.25987346416926,False,ok,
5,Normal,3000,5,0.5,fresh_n,25,2026105725,,-1.0,6.257704449237527,False,13,-0.6301048686040598,0.001,0.0,0.0,False,0.001,0.004,0.7436666666666667,0.178,0.0733333333333333,0.0,0.0,-2.7326434574622827,0.163,489,0.837,1.279317697228145,2345,1,1887,1.1994134901550324,False,0.0014492080081254,46,archived_rho_0.5_unchanged,-8.99034790669981,False,ok,
5,Normal,3000,5,0.5,fresh_n,25,2026105725,,-1.0,6.257704449237527,False,14,0.3226788920560928,0.0003333333333333,0.0,0.0,False,0.0003333333333333,0.004,0.8033333333333333,0.1526666666666666,0.0396666666666666,0.0,0.0,-2.978227882746832,0.1056666666666666,317,0.8943333333333333,1.20627261761158,2487,1,2090,0.8544094311227897,False,0.0013690839987248,46,archived_rho_0.5_unchanged,-9.235932331984358,False,ok,
5,Normal,3000,5,0.5,fresh_n,25,2026105725,,-1.0,6.257704449237527,False,15,inf,0.0,0.0,0.0,False,0.0,0.004,0.8553333333333333,0.114,0.0266666666666666,0.0,0.0,-3.2959356006860725,0.0686666666666666,206,0.9313333333333332,1.1432926829268293,2624,1,2321,0.5887229122455462,False,0.0012492500245571,46,archived_rho_0.5_unchanged,-9.5536400499236,False,ok,
5,Normal,3000,5,0.5,fresh_n,25,2026105725,,-1.0,6.257704449237527,False,16,inf,0.0,0.0,0.0,False,0.0,0.004,0.8816666666666667,0.1026666666666666,0.0116666666666666,0.0,0.0,-3.9624868609536974,0.0316666666666666,95,0.9683333333333334,1.1013215859030836,2724,1,2479,0.3320654916721428,False,0.0011905420105904,46,archived_rho_0.5_unchanged,-10.220191310191224,False,ok,
5,Normal,3000,5,0.5,fresh_n,25,2026105725,,-1.0,6.257704449237527,False,17,inf,0.0,0.0,0.0,False,0.0,0.004,0.908,0.079,0.009,0.0,0.0,-3.984661270278618,0.0226666666666666,68,0.9773333333333334,1.0764262648008611,2787,1,2594,0.2508788904050868,False,0.0011117079993709,46,archived_rho_0.5_unchanged,-10.242365719516144,False,ok,
5,Normal,3000,5,0.5,fresh_n,25,2026105725,,-1.0,6.257704449237527,False,18,inf,0.0,0.0,0.0,False,0.0,0.004,0.929,0.064,0.003,0.0,0.0,-4.604906398969082,0.016,48,0.984,1.0623229461756374,2824,1,2663,0.1993276443568396,False,0.0010900830384343,46,archived_rho_0.5_unchanged,-10.862610848206609,False,ok,
5,Normal,3000,5,0.5,fresh_n,25,2026105725,,-1.0,6.257704449237527,False,19,inf,0.0,0.0,0.0,False,0.0,0.004,0.948,0.045,0.003,0.0,0.0,-4.22297029113621,0.0043333333333333,13,0.9956666666666668,1.0416666666666667,2880,1,2762,0.093447054506861,False,0.0010185409919358,46,archived_rho_0.5_unchanged,-10.480674740373736,False,ok,
5,Normal,3000,5,0.5,fresh_n,25,2026105725,,-1.0,6.257704449237527,False,20,inf,0.0,0.0,0.0,False,0.0,0.004,0.9526666666666668,0.0416666666666666,0.0016666666666666,0.0,0.0,-5.81136636819734,0.002,6,0.998,1.0355540214014498,2897,1,2794,0.0686666666666667,False,0.0010014160070568,46,archived_rho_0.5_unchanged,-12.069070817434866,False,ok,
5,Normal,3000,5,0.5,fresh_n,25,2026105725,,-1.0,6.257704449237527,False,21,inf,0.0,0.0,0.0,False,0.0,0.004,0.965,0.03,0.001,0.0,0.0,-4.921915069688135,0.005,15,0.995,1.0309278350515465,2910,1,2823,0.0773017864500033,False,0.001011207990814,46,archived_rho_0.5_unchanged,-11.179619518925662,False,ok,
5,Normal,3000,5,0.5,fresh_n,25,2026105725,,-1.0,6.257704449237527,False,22,inf,0.0,0.0,0.0,False,0.0,0.004,0.967,0.0283333333333333,0.0006666666666666,0.0,0.0,-5.768933174630889,0.004,12,0.996,1.0256410256410255,2925,1,2851,0.0562877763505121,False,0.0009744580020196,46,archived_rho_0.5_unchanged,-12.026637623868416,False,ok,
5,Normal,3000,5,0.5,fresh_n,25,2026105725,,-1.0,6.257704449237527,False,23,inf,0.0,0.0,0.0,False,0.0,0.004,0.975,0.0206666666666666,0.0003333333333333,0.0,0.0,-3.757712776022455,0.001,3,0.999,1.015572105619499,2954,1,2908,0.0306666666666666,False,0.0009416249813511,46,archived_rho_0.5_unchanged,-10.01541722525998,False,ok,
5,Normal,3000,5,0.5,fresh_n,25,2026105725,,-1.0,6.257704449237527,False,24,inf,0.0,0.0,0.0,False,0.0,0.004,0.9803333333333332,0.0153333333333333,0.0003333333333333,0.0,0.0,-5.093556915066573,0.0023333333333333,7,0.9976666666666668,1.0145417653026716,2957,1,2915,0.0343524015615037,False,0.0009492919780313,46,archived_rho_0.5_unchanged,-11.3512613643041,False,ok,
5,Normal,3000,5,0.5,fresh_n,25,2026105725,,-1.0,6.257704449237527,False,25,inf,0.0,0.0,0.0,False,0.0,0.004,0.9826666666666668,0.0133333333333333,0.0,0.0,0.0,-4.494298008787208,0.0003333333333333,1,0.9996666666666668,1.0090817356205852,2973,1,2946,0.0179999999999999,False,0.0009144159848801,46,archived_rho_0.5_unchanged,-10.752002458024734,False,ok,
5,Normal,3000,5,0.5,fresh_n,25,2026105725,,-1.0,6.257704449237527,False,26,inf,0.0,0.0,0.0,False,0.0,0.004,0.9833333333333332,0.0123333333333333,0.0003333333333333,0.0,0.0,-7.233128051499731,0.0006666666666666,2,0.9993333333333332,1.0090817356205852,2973,1,2946,0.0179999999999999,False,0.0009066250058822,46,archived_rho_0.5_unchanged,-13.490832500737259,False,ok,
5,Normal,3000,5,0.5,fresh_n,25,2026105725,,-1.0,6.257704449237527,False,27,inf,0.0,0.0,0.0,False,0.0,0.004,0.9876666666666668,0.0083333333333333,0.0,0.0,0.0,-6.621280482355546,0.0013333333333333,4,0.9986666666666668,1.0060362173038229,2982,1,2965,0.0182877763505121,False,0.0009127919911406,46,archived_rho_0.5_unchanged,-12.878984931593074,False,ok,
5,Normal,3000,5,0.5,fresh_n,25,2026105725,,-1.0,6.257704449237527,False,28,inf,0.0,0.0,0.0,False,0.0,0.004,0.99,0.006,0.0,0.0,0.0,-7.634266530845451,0.001,3,0.999,1.0060362173038229,2982,1,2965,0.0182854691513194,False,0.0008954580407589,46,archived_rho_0.5_unchanged,-13.891970980082977,False,ok,
5,Normal,3000,5,0.5,fresh_n,25,2026105725,,-1.0,6.257704449237527,False,29,inf,0.0,0.0,0.0,False,0.0,0.004,0.9906666666666668,0.0053333333333333,0.0,0.0,0.0,-6.2045630726848255,0.0006666666666666,2,0.9993333333333332,1.0080645161290325,2976,1,2952,0.0159999999999999,False,0.000905499968212,46,archived_rho_0.5_unchanged,-12.462267521922353,False,ok,
5,Normal,3000,5,0.5,fresh_n,25,2026105725,,-1.0,6.257704449237527,False,30,inf,0.0,0.0,0.0,False,0.0,0.004,0.9893333333333332,0.0066666666666666,0.0,0.0,0.0,0.0,0.0,0,1.0,1.0046885465505693,2986,1,2972,0.0093333333333333,False,0.0009064999758265,46,archived_rho_0.5_unchanged,-6.257704449237527,True,ok,
5,Normal,3000,5,0.5,fresh_n,25,2026105725,,-1.0,6.257704449237527,False,31,inf,0.0,0.0,0.0,False,0.0,0.004,0.9933333333333332,0.0026666666666666,0.0,0.0,0.0,0.0,0.0,0,1.0,1.0036801605888257,2989,1,2978,0.0073333333333333,False,0.0008864170522429,46,archived_rho_0.5_unchanged,-6.257704449237527,True,ok,
5,Normal,3000,5,0.5,fresh_n,25,2026105725,,-1.0,6.257704449237527,False,32,inf,0.0,0.0,0.0,False,0.0,0.004,0.992,0.004,0.0,0.0,0.0,0.0,0.0,0,1.0,1.002673796791444,2992,1,2984,0.0053333333333333,False,0.0008922080160118,46,archived_rho_0.5_unchanged,-6.257704449237527,True,ok,
5,Normal,3000,5,0.5,fresh_n,25,2026105725,,-1.0,6.257704449237527,False,33,inf,0.0,0.0,0.0,False,0.0,0.004,0.9936666666666668,0.0023333333333333,0.0,0.0,0.0,0.0,0.0,0,1.0,1.0033444816053512,2990,1,2980,0.0066666666666666,False,0.0009016669937409,46,archived_rho_0.5_unchanged,-6.257704449237527,True,ok,
5,Normal,3000,5,0.5,fresh_n,25,2026105725,,-1.0,6.257704449237527,False,34,inf,0.0,0.0,0.0,False,0.0,0.004,0.993,0.003,0.0,0.0,0.0,-8.526137190931255,0.0003333333333333,1,0.9996666666666668,1.002673796791444,2992,1,2984,0.0053333333333333,False,0.0008877080399543,46,archived_rho_0.5_unchanged,-14.78384164016878,False,ok,
5,Normal,3000,5,0.5,fresh_n,25,2026105725,,-1.0,6.257704449237527,False,35,inf,0.0,0.0,0.0,False,0.0,0.004,0.9953333333333332,0.0006666666666666,0.0,0.0,0.0,-5.2036707489969265,0.0003333333333333,1,0.9996666666666668,1.001001001001001,2997,1,2994,0.0019999999999999,False,0.0008735420415177,46,archived_rho_0.5_unchanged,-11.461375198234453,False,ok,
5,Normal,3000,5,0.5,fresh_n,25,2026105725,,-1.0,6.257704449237527,False,36,inf,0.0,0.0,0.0,False,0.0,0.004,0.9936666666666668,0.0023333333333333,0.0,0.0,0.0,0.0,0.0,0,1.0,1.0030090270812435,2991,1,2982,0.006,False,0.0008959170081652,46,archived_rho_0.5_unchanged,-6.257704449237527,True,ok,
5,Normal,3000,5,0.5,fresh_n,25,2026105725,,-1.0,6.257704449237527,False,37,inf,0.0,0.0,0.0,False,0.0,0.004,0.9926666666666668,0.0033333333333333,0.0,0.0,0.0,0.0,0.0,0,1.0,1.001669449081803,2995,1,2990,0.0033333333333333,False,0.0008790420251898,46,archived_rho_0.5_unchanged,-6.257704449237527,True,ok,
5,Normal,3000,5,0.5,fresh_n,25,2026105725,,-1.0,6.257704449237527,False,38,inf,0.0,0.0,0.0,False,0.0,0.004,0.9943333333333332,0.0016666666666666,0.0,0.0,0.0,0.0,0.0,0,1.0,1.002338790511193,2993,1,2986,0.0046666666666666,False,0.0008809580467641,46,archived_rho_0.5_unchanged,-6.257704449237527,True,ok,
5,Normal,3000,5,0.5,fresh_n,25,2026105725,,-1.0,6.257704449237527,False,39,inf,0.0,0.0,0.0,False,0.0,0.004,0.9956666666666668,0.0003333333333333,0.0,0.0,0.0,0.0,0.0,0,1.0,1.001669449081803,2995,1,2990,0.0033333333333333,False,0.0008875000057742,46,archived_rho_0.5_unchanged,-6.257704449237527,True,ok,
5,Normal,3000,5,0.5,fresh_n,25,2026105725,,-1.0,6.257704449237527,False,40,inf,0.0,0.0,0.0,False,0.0,0.004,0.9946666666666668,0.0013333333333333,0.0,0.0,0.0,0.0,0.0,0,1.0,1.0003334444814935,2999,1,2998,0.0006666666666666,False,0.0008767919498495,46,archived_rho_0.5_unchanged,-6.257704449237527,True,ok,
5,Normal,3000,5,0.5,fresh_n,26,2026105726,,-1.0,6.257704449237527,False,1,7.028635614629084,0.9946666666666668,0.9946666666666668,0.988,True,0.9946666666666668,0.0053333333333333,0.0,0.0,0.0,0.0,0.0,7.017820627053445,1.0,3000,0.0,3000.0,1,3000,0,1.1422374335528769,False,0.0011764999944716,46,archived_rho_0.5_unchanged,0.7601161778159184,False,ok,
5,Normal,3000,5,0.5,fresh_n,26,2026105726,,-1.0,6.257704449237527,False,2,5.913714345352509,0.8636666666666667,0.8573333333333333,0.846,False,0.8636666666666667,0.0053333333333333,0.0,0.0,0.131,0.0,0.0,5.825665904721856,1.0,3000,0.0,93.75,32,10,0,1.6213631449924206,False,0.0011239169980399,46,archived_rho_0.5_unchanged,-0.43203854451567025,False,ok,
5,Normal,3000,5,0.5,fresh_n,26,2026105726,,-1.0,6.257704449237527,False,3,5.492447904580848,0.758,0.7446666666666667,0.724,False,0.758,0.0053333333333333,0.0103333333333333,0.0093333333333333,0.217,0.0,0.0,5.3739364644068015,0.9843333333333332,2953,0.0156666666666667,29.12621359223301,103,1,21,1.7948276050339895,False,0.00117429101374,46,archived_rho_0.5_unchanged,-0.8837679848307252,False,ok,
5,Normal,3000,5,0.5,fresh_n,26,2026105726,,-1.0,6.257704449237527,False,4,5.0980905594057715,0.6296666666666667,0.6023333333333334,0.576,False,0.6296666666666667,0.0053333333333333,0.0333333333333333,0.0366666666666666,0.295,0.0,0.0,4.777338065214925,0.959,2877,0.041,13.513513513513514,222,1,74,2.1182741593198733,False,0.0012734169722534,46,archived_rho_0.5_unchanged,-1.4803663840226013,False,ok,
5,Normal,3000,5,0.5,fresh_n,26,2026105726,,-1.0,6.257704449237527,False,5,4.484968720592346,0.4503333333333333,0.413,0.37,False,0.4503333333333333,0.0053333333333333,0.064,0.0576666666666666,0.4226666666666667,0.0,0.0,3.985550694836846,0.925,2775,0.0749999999999999,8.086253369272237,371,1,140,2.439532088067761,False,0.0013482920476235,46,archived_rho_0.5_unchanged,-2.2721537544006805,False,ok,
5,Normal,3000,5,0.5,fresh_n,26,2026105726,,-1.0,6.257704449237527,False,6,3.9759610754396952,0.2963333333333333,0.2456666666666666,0.212,False,0.2963333333333333,0.0053333333333333,0.117,0.084,0.4973333333333333,0.0,0.0,3.126185916431978,0.852,2556,0.148,5.016722408026756,598,1,263,2.7239254634140484,False,0.0014589999918825,46,archived_rho_0.5_unchanged,-3.131518532805549,False,ok,
5,Normal,3000,5,0.5,fresh_n,26,2026105726,,-1.0,6.257704449237527,False,7,3.3932459612672217,0.1676666666666666,0.1106666666666666,0.084,False,0.1676666666666666,0.0053333333333333,0.1866666666666666,0.1396666666666666,0.5006666666666667,0.0,0.0,2.0496571100860543,0.7773333333333333,2332,0.2226666666666666,3.5211267605633805,852,1,405,2.9266868083471205,False,0.0015405830345116,46,archived_rho_0.5_unchanged,-4.208047339151472,False,ok,
5,Normal,3000,5,0.5,fresh_n,26,2026105726,,-1.0,6.257704449237527,False,8,2.539819716057122,0.078,0.0316666666666666,0.011,False,0.078,0.0053333333333333,0.274,0.1696666666666666,0.473,0.0,0.0,1.176179516498857,0.6643333333333333,1993,0.3356666666666666,2.5996533795493932,1154,1,633,2.8789198382411545,False,0.0016197920194827,46,archived_rho_0.5_unchanged,-5.081524932738669,False,ok,
5,Normal,3000,5,0.5,fresh_n,26,2026105726,,-1.0,6.257704449237527,False,9,1.9333333392370775,0.0386666666666666,0.007,0.002,False,0.0386666666666666,0.0053333333333333,0.401,0.189,0.366,0.0,0.0,0.1188917721881466,0.5403333333333333,1621,0.4596666666666666,2.044989775051125,1467,1,895,2.70344623318365,False,0.0016547080012969,46,archived_rho_0.5_unchanged,-6.13881267704938,False,ok,
5,Normal,3000,5,0.5,fresh_n,26,2026105726,,-1.0,6.257704449237527,False,10,1.4708488104519082,0.0153333333333333,0.001,0.0,False,0.0153333333333333,0.0053333333333333,0.499,0.2323333333333333,0.248,0.0,0.0,-0.7388120954018088,0.414,1242,0.5860000000000001,1.7361111111111112,1728,1,1103,2.3374819044413644,False,0.0016935000312514,46,archived_rho_0.5_unchanged,-6.996516544639335,False,ok,
5,Normal,3000,5,0.5,fresh_n,26,2026105726,,-1.0,6.257704449237527,False,11,0.9621715474069436,0.0036666666666666,0.0,0.0,False,0.0036666666666666,0.0053333333333333,0.5993333333333334,0.2183333333333333,0.1733333333333333,0.0,0.0,-1.50435537849722,0.3033333333333333,910,0.6966666666666667,1.506780512305374,1991,1,1417,1.817931593372834,False,0.0016085000243037,46,archived_rho_0.5_unchanged,-7.762059827734746,False,ok,
5,Normal,3000,5,0.5,fresh_n,26,2026105726,,-1.0,6.257704449237527,False,12,-1.0843338355700385,0.0023333333333333,0.0,0.0,False,0.0023333333333333,0.0053333333333333,0.6806666666666666,0.214,0.0976666666666666,0.0,0.0,-2.4248100192207818,0.2126666666666666,638,0.7873333333333333,1.3416815742397137,2236,1,1740,1.470458579293315,False,0.0014824169920757,46,archived_rho_0.5_unchanged,-8.682514468458308,False,ok,
5,Normal,3000,5,0.5,fresh_n,26,2026105726,,-1.0,6.257704449237527,False,13,0.1243828603261739,0.002,0.0,0.0,False,0.002,0.0053333333333333,0.7573333333333333,0.168,0.0673333333333333,0.0,0.0,-2.797700423864843,0.1383333333333333,415,0.8616666666666667,1.2484394506866416,2403,1,1972,1.068731202204923,False,0.0014178340206854,46,archived_rho_0.5_unchanged,-9.05540487310237,False,ok,
5,Normal,3000,5,0.5,fresh_n,26,2026105726,,-1.0,6.257704449237527,False,14,-2.258173573487986,0.0006666666666666,0.0,0.0,False,0.0006666666666666,0.0053333333333333,0.817,0.1456666666666666,0.0313333333333333,0.0,0.0,-3.1669895544982483,0.0776666666666666,233,0.9223333333333332,1.1787819253438114,2545,1,2180,0.6702356954560172,False,0.0013172919861972,46,archived_rho_0.5_unchanged,-9.424694003735775,False,ok,
5,Normal,3000,5,0.5,fresh_n,26,2026105726,,-1.0,6.257704449237527,False,15,inf,0.0,0.0,0.0,False,0.0,0.0053333333333333,0.8606666666666667,0.1133333333333333,0.0206666666666666,0.0,0.0,-3.583141996973045,0.0583333333333333,175,0.9416666666666668,1.1299435028248588,2655,1,2370,0.5123571079667527,False,0.0012498330324888,46,archived_rho_0.5_unchanged,-9.840846446210572,False,ok,
5,Normal,3000,5,0.5,fresh_n,26,2026105726,,-1.0,6.257704449237527,False,16,inf,0.0,0.0,0.0,False,0.0,0.0053333333333333,0.8966666666666666,0.0883333333333333,0.0096666666666666,0.0,0.0,-4.14549510392614,0.0336666666666666,101,0.9663333333333334,1.088929219600726,2755,1,2542,0.3324467022413991,False,0.0012283330434001,46,archived_rho_0.5_unchanged,-10.403199553163667,False,ok,
5,Normal,3000,5,0.5,fresh_n,26,2026105726,,-1.0,6.257704449237527,False,17,inf,0.0,0.0,0.0,False,0.0,0.0053333333333333,0.9153333333333332,0.074,0.0053333333333333,0.0,0.0,-4.400987033640973,0.0243333333333333,73,0.9756666666666668,1.0775862068965518,2784,1,2588,0.2540523935044607,False,0.0011250000097788,46,archived_rho_0.5_unchanged,-10.658691482878499,False,ok,
5,Normal,3000,5,0.5,fresh_n,26,2026105726,,-1.0,6.257704449237527,False,18,inf,0.0,0.0,0.0,False,0.0,0.0053333333333333,0.9286666666666666,0.0616666666666666,0.0043333333333333,0.0,0.0,-4.965646250677971,0.02,60,0.98,1.0608203677510608,2828,1,2673,0.2103750847206668,False,0.001070707978215,46,archived_rho_0.5_unchanged,-11.223350699915498,False,ok,
5,Normal,3000,5,0.5,fresh_n,26,2026105726,,-1.0,6.257704449237527,False,19,inf,0.0,0.0,0.0,False,0.0,0.0053333333333333,0.948,0.0443333333333333,0.0023333333333333,0.0,0.0,-5.5603620359881125,0.0073333333333333,22,0.9926666666666668,1.0463899546564353,2867,1,2738,0.1127866551391996,False,0.0010297500411979,46,archived_rho_0.5_unchanged,-11.81806648522564,False,ok,
5,Normal,3000,5,0.5,fresh_n,26,2026105726,,-1.0,6.257704449237527,False,20,inf,0.0,0.0,0.0,False,0.0,0.0053333333333333,0.9533333333333334,0.039,0.0023333333333333,0.0,0.0,-5.008310527157082,0.0086666666666666,26,0.9913333333333332,1.0351966873706004,2898,1,2802,0.0947687952667202,False,0.0010097909835167,46,archived_rho_0.5_unchanged,-11.266014976394608,False,ok,
5,Normal,3000,5,0.5,fresh_n,26,2026105726,,-1.0,6.257704449237527,False,21,inf,0.0,0.0,0.0,False,0.0,0.0053333333333333,0.9656666666666668,0.0286666666666666,0.0003333333333333,0.0,0.0,-5.3185248301938985,0.004,12,0.996,1.0284538909838876,2917,1,2836,0.0646605253233814,False,0.000976291950792,46,archived_rho_0.5_unchanged,-11.576229279431425,False,ok,
5,Normal,3000,5,0.5,fresh_n,26,2026105726,,-1.0,6.257704449237527,False,22,inf,0.0,0.0,0.0,False,0.0,0.0053333333333333,0.9673333333333334,0.0263333333333333,0.001,0.0,0.0,-5.771603612773886,0.0053333333333333,16,0.9946666666666668,1.0228435049437437,2933,1,2869,0.0617199360428112,False,0.0009548749658279,46,archived_rho_0.5_unchanged,-12.029308062011413,False,ok,
5,Normal,3000,5,0.5,fresh_n,26,2026105726,,-1.0,6.257704449237527,False,23,inf,0.0,0.0,0.0,False,0.0,0.0053333333333333,0.976,0.018,0.0006666666666666,0.0,0.0,-6.031151252907111,0.004,12,0.996,1.0166045408336155,2951,1,2903,0.0382228217953991,False,0.0009494580444879,46,archived_rho_0.5_unchanged,-12.288855702144637,False,ok,
5,Normal,3000,5,0.5,fresh_n,26,2026105726,,-1.0,6.257704449237527,False,24,inf,0.0,0.0,0.0,False,0.0,0.0053333333333333,0.9733333333333334,0.0213333333333333,0.0,0.0,0.0,-6.345030343077573,0.0026666666666666,8,0.9973333333333332,1.015228426395939,2955,1,2911,0.0361180406869397,False,0.0009281249949708,46,archived_rho_0.5_unchanged,-12.6027347923151,False,ok,
5,Normal,3000,5,0.5,fresh_n,26,2026105726,,-1.0,6.257704449237527,False,25,inf,0.0,0.0,0.0,False,0.0,0.0053333333333333,0.9823333333333332,0.0123333333333333,0.0,0.0,0.0,-6.290651332636948,0.002,6,0.998,1.0145417653026716,2957,1,2914,0.0286666666666666,False,0.0009448750060983,46,archived_rho_0.5_unchanged,-12.548355781874474,False,ok,
5,Normal,3000,5,0.5,fresh_n,26,2026105726,,-1.0,6.257704449237527,False,26,inf,0.0,0.0,0.0,False,0.0,0.0053333333333333,0.9786666666666668,0.0156666666666666,0.0003333333333333,0.0,0.0,-6.532691994087347,0.0026666666666666,8,0.9973333333333332,1.0111223458038423,2967,1,2936,0.036197135602291,False,0.0009332919726148,46,archived_rho_0.5_unchanged,-12.790396443324873,False,ok,
5,Normal,3000,5,0.5,fresh_n,26,2026105726,,-1.0,6.257704449237527,False,27,inf,0.0,0.0,0.0,False,0.0,0.0053333333333333,0.984,0.0106666666666666,0.0,0.0,0.0,-9.674095738501256,0.001,3,0.999,1.0097610232245036,2971,1,2942,0.0193333333333333,False,0.0009251249721273,46,archived_rho_0.5_unchanged,-15.931800187738784,False,ok,
5,Normal,3000,5,0.5,fresh_n,26,2026105726,,-1.0,6.257704449237527,False,28,inf,0.0,0.0,0.0,False,0.0,0.0053333333333333,0.9833333333333332,0.0113333333333333,0.0,0.0,0.0,-8.028427822933763,0.001,3,0.999,1.0101010101010102,2970,1,2940,0.0199999999999999,False,0.000927250017412,46,archived_rho_0.5_unchanged,-14.28613227217129,False,ok,
5,Normal,3000,5,0.5,fresh_n,26,2026105726,,-1.0,6.257704449237527,False,29,inf,0.0,0.0,0.0,False,0.0,0.0053333333333333,0.9876666666666668,0.0066666666666666,0.0003333333333333,0.0,0.0,-3.5238760826505064,0.001,3,0.999,1.0067114093959733,2980,1,2960,0.0133333333333333,False,0.0009004170424304,46,archived_rho_0.5_unchanged,-9.781580531888032,False,ok,
5,Normal,3000,5,0.5,fresh_n,26,2026105726,,-1.0,6.257704449237527,False,30,inf,0.0,0.0,0.0,False,0.0,0.0053333333333333,0.986,0.0086666666666666,0.0,0.0,0.0,-6.430569140999415,0.0006666666666666,2,0.9993333333333332,1.0056989607777405,2983,1,2966,0.0113333333333333,False,0.0008949160110205,46,archived_rho_0.5_unchanged,-12.688273590236943,False,ok,
5,Normal,3000,5,0.5,fresh_n,26,2026105726,,-1.0,6.257704449237527,False,31,inf,0.0,0.0,0.0,False,0.0,0.0053333333333333,0.9893333333333332,0.0053333333333333,0.0,0.0,0.0,-7.982766558017783,0.0006666666666666,2,0.9993333333333332,1.0046885465505693,2986,1,2972,0.0093333333333333,False,0.00089999998454,46,archived_rho_0.5_unchanged,-14.240471007255309,False,ok,
5,Normal,3000,5,0.5,fresh_n,26,2026105726,,-1.0,6.257704449237527,False,32,inf,0.0,0.0,0.0,False,0.0,0.0053333333333333,0.9906666666666668,0.0036666666666666,0.0003333333333333,0.0,0.0,-6.459484631723471,0.0003333333333333,1,0.9996666666666668,1.0036801605888257,2989,1,2978,0.0073333333333333,False,0.0008811669540591,46,archived_rho_0.5_unchanged,-12.717189080960997,False,ok,
5,Normal,3000,5,0.5,fresh_n,26,2026105726,,-1.0,6.257704449237527,False,33,inf,0.0,0.0,0.0,False,0.0,0.0053333333333333,0.9883333333333332,0.0063333333333333,0.0,0.0,0.0,-8.841814909262965,0.0006666666666666,2,0.9993333333333332,1.0033444816053512,2990,1,2980,0.0066666666666666,False,0.0008832089952193,46,archived_rho_0.5_unchanged,-15.09951935850049,False,ok,
5,Normal,3000,5,0.5,fresh_n,26,2026105726,,-1.0,6.257704449237527,False,34,inf,0.0,0.0,0.0,False,0.0,0.0053333333333333,0.993,0.0016666666666666,0.0,0.0,0.0,-7.370638952042739,0.0013333333333333,4,0.9986666666666668,1.0033444816053512,2990,1,2981,0.0130773323580415,False,0.0009008339839056,46,archived_rho_0.5_unchanged,-13.628343401280265,False,ok,
5,Normal,3000,5,0.5,fresh_n,26,2026105726,,-1.0,6.257704449237527,False,35,inf,0.0,0.0,0.0,False,0.0,0.0053333333333333,0.991,0.0036666666666666,0.0,0.0,0.0,-11.964007759985964,0.0003333333333333,1,0.9996666666666668,1.002338790511193,2993,1,2986,0.0046666666666666,False,0.0008720000041648,46,archived_rho_0.5_unchanged,-18.22171220922349,False,ok,
5,Normal,3000,5,0.5,fresh_n,26,2026105726,,-1.0,6.257704449237527,False,36,inf,0.0,0.0,0.0,False,0.0,0.0053333333333333,0.992,0.0026666666666666,0.0,0.0,0.0,-6.459484631723471,0.0003333333333333,1,0.9996666666666668,1.0030090270812435,2991,1,2982,0.0059999999999999,False,0.0008831670274958,46,archived_rho_0.5_unchanged,-12.717189080960997,False,ok,
5,Normal,3000,5,0.5,fresh_n,26,2026105726,,-1.0,6.257704449237527,False,37,inf,0.0,0.0,0.0,False,0.0,0.0053333333333333,0.992,0.0026666666666666,0.0,0.0,0.0,0.0,0.0,0,1.0,1.002338790511193,2993,1,2986,0.0046666666666666,False,0.0008919580141082,46,archived_rho_0.5_unchanged,-6.257704449237527,True,ok,
5,Normal,3000,5,0.5,fresh_n,26,2026105726,,-1.0,6.257704449237527,False,38,inf,0.0,0.0,0.0,False,0.0,0.0053333333333333,0.9933333333333332,0.0013333333333333,0.0,0.0,0.0,-6.459484631723471,0.0003333333333333,1,0.9996666666666668,1.0013351134846462,2996,1,2992,0.0026666666666666,False,0.0008877500076778,46,archived_rho_0.5_unchanged,-12.717189080960997,False,ok,
5,Normal,3000,5,0.5,fresh_n,26,2026105726,,-1.0,6.257704449237527,False,39,inf,0.0,0.0,0.0,False,0.0,0.0053333333333333,0.993,0.0016666666666666,0.0,0.0,0.0,-11.964007759985964,0.0003333333333333,1,0.9996666666666668,1.001001001001001,2997,1,2994,0.002,False,0.0008776250178925,46,archived_rho_0.5_unchanged,-18.22171220922349,False,ok,
5,Normal,3000,5,0.5,fresh_n,26,2026105726,,-1.0,6.257704449237527,False,40,inf,0.0,0.0,0.0,False,0.0,0.0053333333333333,0.9923333333333332,0.0023333333333333,0.0,0.0,0.0,0.0,0.0,0,1.0,1.001669449081803,2995,1,2990,0.0033333333333333,False,0.0008966250461526,46,archived_rho_0.5_unchanged,-6.257704449237527,True,ok,
5,Normal,3000,5,0.5,fresh_n,27,2026105727,,-1.0,6.257704449237527,False,1,6.989481479558735,0.996,0.996,0.995,True,0.996,0.004,0.0,0.0,0.0,0.0,0.0,6.982315033686846,1.0,3000,0.0,3000.0,1,3000,0,1.1444139285215749,False,0.0011959999683313,46,archived_rho_0.5_unchanged,0.7246105844493194,False,ok,
5,Normal,3000,5,0.5,fresh_n,27,2026105727,,-1.0,6.257704449237527,False,2,5.834405596648911,0.8706666666666667,0.8706666666666667,0.859,False,0.8706666666666667,0.004,0.0,0.0,0.1253333333333333,0.0,0.0,5.732243740445668,1.0,3000,0.0,93.75,32,16,0,1.641978375764586,False,0.0011477079824544,46,archived_rho_0.5_unchanged,-0.5254607087918588,False,ok,
5,Normal,3000,5,0.5,fresh_n,27,2026105727,,-1.0,6.257704449237527,False,3,5.420101074193624,0.751,0.7386666666666667,0.722,False,0.751,0.004,0.009,0.005,0.231,0.0,0.0,5.347441906811818,0.9916666666666668,2975,0.0083333333333333,32.967032967032964,91,1,13,1.8443736525178631,False,0.0011752499849535,46,archived_rho_0.5_unchanged,-0.9102625424257083,False,ok,
5,Normal,3000,5,0.5,fresh_n,27,2026105727,,-1.0,6.257704449237527,False,4,5.017012755704118,0.644,0.6256666666666667,0.614,False,0.644,0.004,0.0363333333333333,0.033,0.2826666666666667,0.0,0.0,4.73124688192061,0.9543333333333334,2863,0.0456666666666666,13.953488372093023,215,1,66,2.072237109292577,False,0.0012891250080429,46,archived_rho_0.5_unchanged,-1.5264575673169167,False,ok,
5,Normal,3000,5,0.5,fresh_n,27,2026105727,,-1.0,6.257704449237527,False,5,4.505231228945873,0.468,0.4416666666666666,0.417,False,0.468,0.004,0.0643333333333333,0.065,0.3986666666666666,0.0,0.0,4.003801360442271,0.9066666666666666,2720,0.0933333333333333,7.97872340425532,376,1,140,2.3166418316718835,False,0.0014034159830771,46,archived_rho_0.5_unchanged,-2.253903088795256,False,ok,
5,Normal,3000,5,0.5,fresh_n,27,2026105727,,-1.0,6.257704449237527,False,6,3.9061592994077654,0.2986666666666667,0.2523333333333333,0.238,False,0.2986666666666667,0.004,0.116,0.0833333333333333,0.498,0.0,0.0,3.0722189248263323,0.854,2562,0.146,5.093378607809847,589,1,253,2.6661241909920386,False,0.0014869999722577,46,archived_rho_0.5_unchanged,-3.1854855244111944,False,ok,
5,Normal,3000,5,0.5,fresh_n,27,2026105727,,-1.0,6.257704449237527,False,7,3.296253712417126,0.169,0.1176666666666666,0.095,False,0.169,0.004,0.1896666666666666,0.115,0.5223333333333333,0.0,0.0,2.1476860419617623,0.7703333333333333,2311,0.2296666666666666,3.5842293906810037,837,1,390,2.831241704110107,False,0.0015842500142753,46,archived_rho_0.5_unchanged,-4.110018407275764,False,ok,
5,Normal,3000,5,0.5,fresh_n,27,2026105727,,-1.0,6.257704449237527,False,8,2.6903780567053865,0.0836666666666666,0.0306666666666666,0.028,False,0.0836666666666666,0.004,0.2823333333333333,0.1623333333333333,0.4676666666666667,0.0,0.0,1.1469413484305402,0.6703333333333333,2011,0.3296666666666666,2.657218777679362,1129,1,597,2.9290725688983623,False,0.0016462919884361,46,archived_rho_0.5_unchanged,-5.110763100806986,False,ok,
5,Normal,3000,5,0.5,fresh_n,27,2026105727,,-1.0,6.257704449237527,False,9,1.993203522398197,0.0283333333333333,0.0026666666666666,0.001,False,0.0283333333333333,0.004,0.377,0.2016666666666666,0.389,0.0,0.0,0.175539045576705,0.552,1656,0.4479999999999999,2.1082220660576247,1423,1,841,2.685034551991838,False,0.001677207998,46,archived_rho_0.5_unchanged,-6.082165403660822,False,ok,
5,Normal,3000,5,0.5,fresh_n,27,2026105727,,-1.0,6.257704449237527,False,10,1.154465397438845,0.0143333333333333,0.0,0.0,False,0.0143333333333333,0.004,0.4643333333333333,0.2396666666666666,0.2776666666666667,0.0,0.0,-0.7277546593975445,0.437,1311,0.563,1.7985611510791366,1668,1,1042,2.3834646664046435,False,0.001707165967673,46,archived_rho_0.5_unchanged,-6.985459108635071,False,ok,
5,Normal,3000,5,0.5,fresh_n,27,2026105727,,-1.0,6.257704449237527,False,11,0.0697638174704857,0.0046666666666666,0.0,0.0,False,0.0046666666666666,0.004,0.5783333333333334,0.2386666666666666,0.1743333333333333,0.0,0.0,-1.7230650778691148,0.322,966,0.6779999999999999,1.51285930408472,1983,1,1417,2.0086730675779636,False,0.0015952090034261,46,archived_rho_0.5_unchanged,-7.9807695271066414,False,ok,
5,Normal,3000,5,0.5,fresh_n,27,2026105727,,-1.0,6.257704449237527,False,12,-0.845893590540653,0.001,0.0,0.0,False,0.001,0.004,0.661,0.2176666666666666,0.1163333333333333,0.0,0.0,-2.431910444268836,0.2283333333333333,685,0.7716666666666667,1.3729977116704806,2185,1,1655,1.583951894516789,False,0.0015603339998051,46,archived_rho_0.5_unchanged,-8.689614893506363,False,ok,
5,Normal,3000,5,0.5,fresh_n,27,2026105727,,-1.0,6.257704449237527,False,13,-0.0689511014037584,0.0013333333333333,0.0,0.0,False,0.0013333333333333,0.004,0.7436666666666667,0.1956666666666666,0.0553333333333333,0.0,0.0,-2.947400255417443,0.1283333333333333,385,0.8716666666666667,1.254180602006689,2392,1,1930,1.0117868949444966,False,0.0014599580317735,46,archived_rho_0.5_unchanged,-9.20510470465497,False,ok,
5,Normal,3000,5,0.5,fresh_n,27,2026105727,,-1.0,6.257704449237527,False,14,-1.5297390423751132,0.001,0.0,0.0,False,0.001,0.004,0.8093333333333333,0.149,0.0366666666666666,0.0,0.0,-3.5820274445842553,0.0793333333333333,238,0.9206666666666666,1.180637544273908,2541,1,2166,0.7014278196879012,False,0.0013622500118799,46,archived_rho_0.5_unchanged,-9.839731893821781,False,ok,
5,Normal,3000,5,0.5,fresh_n,27,2026105727,,-1.0,6.257704449237527,False,15,inf,0.0,0.0,0.0,False,0.0,0.004,0.8393333333333334,0.1336666666666666,0.023,0.0,0.0,-3.839600376114224,0.0676666666666666,203,0.9323333333333332,1.1450381679389312,2620,1,2307,0.5939094978436131,False,0.0012664159876294,46,archived_rho_0.5_unchanged,-10.09730482535175,False,ok,
5,Normal,3000,5,0.5,fresh_n,27,2026105727,,-1.0,6.257704449237527,False,16,inf,0.0,0.0,0.0,False,0.0,0.004,0.889,0.0946666666666666,0.0123333333333333,0.0,0.0,-4.674648642879066,0.0213333333333333,64,0.9786666666666668,1.0924981791697017,2746,1,2510,0.2702086266401989,False,0.0011815420002676,46,archived_rho_0.5_unchanged,-10.932353092116593,False,ok,
5,Normal,3000,5,0.5,fresh_n,27,2026105727,,-1.0,6.257704449237527,False,17,inf,0.0,0.0,0.0,False,0.0,0.004,0.9086666666666666,0.0823333333333333,0.005,0.0,0.0,-4.3468392829172275,0.021,63,0.979,1.0710460549803642,2801,1,2622,0.2263832290606726,False,0.0011025000130757,46,archived_rho_0.5_unchanged,-10.604543732154754,False,ok,
5,Normal,3000,5,0.5,fresh_n,27,2026105727,,-1.0,6.257704449237527,False,18,inf,0.0,0.0,0.0,False,0.0,0.004,0.9333333333333332,0.0573333333333333,0.0053333333333333,0.0,0.0,-4.134838973109825,0.0156666666666666,47,0.9843333333333332,1.0589481115425343,2833,1,2679,0.1898781958975448,False,0.0010889160330407,46,archived_rho_0.5_unchanged,-10.392543422347352,False,ok,
5,Normal,3000,5,0.5,fresh_n,27,2026105727,,-1.0,6.257704449237527,False,19,inf,0.0,0.0,0.0,False,0.0,0.004,0.9416666666666668,0.0496666666666666,0.0046666666666666,0.0,0.0,-5.218340552510115,0.0103333333333333,31,0.9896666666666668,1.0500525026251313,2857,1,2722,0.1366885492607881,False,0.001048665959388,46,archived_rho_0.5_unchanged,-11.476045001747643,False,ok,
5,Normal,3000,5,0.5,fresh_n,27,2026105727,,-1.0,6.257704449237527,False,20,inf,0.0,0.0,0.0,False,0.0,0.004,0.946,0.0476666666666666,0.0023333333333333,0.0,0.0,-5.813881576939056,0.005,15,0.995,1.0355540214014498,2897,1,2797,0.0878393570879131,False,0.001018832961563,46,archived_rho_0.5_unchanged,-12.071586026176583,False,ok,
5,Normal,3000,5,0.5,fresh_n,27,2026105727,,-1.0,6.257704449237527,False,21,inf,0.0,0.0,0.0,False,0.0,0.004,0.9643333333333334,0.0296666666666666,0.002,0.0,0.0,-4.2333220756713885,0.0033333333333333,10,0.9966666666666668,1.0231923601637107,2932,1,2866,0.0575485712379908,False,0.0009865000029094,46,archived_rho_0.5_unchanged,-10.491026524908914,False,ok,
5,Normal,3000,5,0.5,fresh_n,27,2026105727,,-1.0,6.257704449237527,False,22,inf,0.0,0.0,0.0,False,0.0,0.004,0.97,0.025,0.001,0.0,0.0,-6.57377108354535,0.0026666666666666,8,0.9973333333333332,1.0242403550699897,2929,1,2860,0.0622910152248992,False,0.0009797500097192,46,archived_rho_0.5_unchanged,-12.831475532782877,False,ok,
5,Normal,3000,5,0.5,fresh_n,27,2026105727,,-1.0,6.257704449237527,False,23,inf,0.0,0.0,0.0,False,0.0,0.004,0.9743333333333334,0.0206666666666666,0.001,0.0,0.0,-6.63657054254827,0.0026666666666666,8,0.9973333333333332,1.015228426395939,2955,1,2912,0.0445929109042743,False,0.0009794589714147,46,archived_rho_0.5_unchanged,-12.894274991785796,False,ok,
5,Normal,3000,5,0.5,fresh_n,27,2026105727,,-1.0,6.257704449237527,False,24,inf,0.0,0.0,0.0,False,0.0,0.004,0.9813333333333332,0.0146666666666666,0.0,0.0,0.0,-5.905070282919928,0.0013333333333333,4,0.9986666666666668,1.0145417653026716,2957,1,2915,0.03443011882919,False,0.0009581669582985,46,archived_rho_0.5_unchanged,-12.162774732157455,False,ok,
5,Normal,3000,5,0.5,fresh_n,27,2026105727,,-1.0,6.257704449237527,False,25,inf,0.0,0.0,0.0,False,0.0,0.004,0.9806666666666668,0.0153333333333333,0.0,0.0,0.0,-5.503006928528048,0.0026666666666666,8,0.9973333333333332,1.015572105619499,2954,1,2909,0.0370711264328,False,0.0009591660345904,46,archived_rho_0.5_unchanged,-11.760711377765574,False,ok,
5,Normal,3000,5,0.5,fresh_n,27,2026105727,,-1.0,6.257704449237527,False,26,inf,0.0,0.0,0.0,False,0.0,0.004,0.9853333333333332,0.0106666666666666,0.0,0.0,0.0,-10.46933907511701,0.0003333333333333,1,0.9996666666666668,1.0090817356205852,2973,1,2946,0.0179999999999999,False,0.0009450420038774,46,archived_rho_0.5_unchanged,-16.727043524354535,False,ok,
5,Normal,3000,5,0.5,fresh_n,27,2026105727,,-1.0,6.257704449237527,False,27,inf,0.0,0.0,0.0,False,0.0,0.004,0.986,0.01,0.0,0.0,0.0,-5.481327952196818,0.0003333333333333,1,0.9996666666666668,1.009421265141319,2972,1,2944,0.0186666666666666,False,0.0009314580238424,46,archived_rho_0.5_unchanged,-11.739032401434343,False,ok,
5,Normal,3000,5,0.5,fresh_n,27,2026105727,,-1.0,6.257704449237527,False,28,inf,0.0,0.0,0.0,False,0.0,0.004,0.9866666666666668,0.0093333333333333,0.0,0.0,0.0,-8.425367097345369,0.0003333333333333,1,0.9996666666666668,1.0060362173038229,2982,1,2964,0.0119999999999999,False,0.0009229999850504,46,archived_rho_0.5_unchanged,-14.683071546582894,False,ok,
5,Normal,3000,5,0.5,fresh_n,27,2026105727,,-1.0,6.257704449237527,False,29,inf,0.0,0.0,0.0,False,0.0,0.004,0.9876666666666668,0.0083333333333333,0.0,0.0,0.0,-5.878176684301346,0.0003333333333333,1,0.9996666666666668,1.0067114093959733,2980,1,2960,0.0133333333333333,False,0.0009314169874414,46,archived_rho_0.5_unchanged,-12.135881133538874,False,ok,
5,Normal,3000,5,0.5,fresh_n,27,2026105727,,-1.0,6.257704449237527,False,30,inf,0.0,0.0,0.0,False,0.0,0.004,0.9896666666666668,0.0063333333333333,0.0,0.0,0.0,-4.380896535285829,0.0003333333333333,1,0.9996666666666668,1.0053619302949062,2984,1,2968,0.0106666666666666,False,0.000919124984648,46,archived_rho_0.5_unchanged,-10.638600984523356,False,ok,
5,Normal,3000,5,0.5,fresh_n,27,2026105727,,-1.0,6.257704449237527,False,31,inf,0.0,0.0,0.0,False,0.0,0.004,0.9936666666666668,0.0023333333333333,0.0,0.0,0.0,0.0,0.0,0,1.0,1.0033444816053512,2990,1,2980,0.0066666666666666,False,0.0008991250069811,46,archived_rho_0.5_unchanged,-6.257704449237527,True,ok,
5,Normal,3000,5,0.5,fresh_n,27,2026105727,,-1.0,6.257704449237527,False,32,inf,0.0,0.0,0.0,False,0.0,0.004,0.9916666666666668,0.0043333333333333,0.0,0.0,0.0,0.0,0.0,0,1.0,1.0040160642570282,2988,1,2976,0.0079999999999999,False,0.0009207919938489,46,archived_rho_0.5_unchanged,-6.257704449237527,True,ok,
5,Normal,3000,5,0.5,fresh_n,27,2026105727,,-1.0,6.257704449237527,False,33,inf,0.0,0.0,0.0,False,0.0,0.004,0.993,0.003,0.0,0.0,0.0,0.0,0.0,0,1.0,1.0030090270812435,2991,1,2982,0.006,False,0.0009177909814752,46,archived_rho_0.5_unchanged,-6.257704449237527,True,ok,
5,Normal,3000,5,0.5,fresh_n,27,2026105727,,-1.0,6.257704449237527,False,34,inf,0.0,0.0,0.0,False,0.0,0.004,0.9943333333333332,0.0016666666666666,0.0,0.0,0.0,-10.46933907511701,0.0003333333333333,1,0.9996666666666668,1.0030090270812435,2991,1,2982,0.0059999999999999,False,0.000902124971617,46,archived_rho_0.5_unchanged,-16.727043524354535,False,ok,
5,Normal,3000,5,0.5,fresh_n,27,2026105727,,-1.0,6.257704449237527,False,35,inf,0.0,0.0,0.0,False,0.0,0.004,0.9923333333333332,0.0036666666666666,0.0,0.0,0.0,0.0,0.0,0,1.0,1.002338790511193,2993,1,2986,0.0046666666666666,False,0.0009135840227827,46,archived_rho_0.5_unchanged,-6.257704449237527,True,ok,
5,Normal,3000,5,0.5,fresh_n,27,2026105727,,-1.0,6.257704449237527,False,36,inf,0.0,0.0,0.0,False,0.0,0.004,0.995,0.001,0.0,0.0,0.0,0.0,0.0,0,1.0,1.001001001001001,2997,1,2994,0.0019999999999999,False,0.0008925420115701,46,archived_rho_0.5_unchanged,-6.257704449237527,True,ok,
5,Normal,3000,5,0.5,fresh_n,27,2026105727,,-1.0,6.257704449237527,False,37,inf,0.0,0.0,0.0,False,0.0,0.004,0.9943333333333332,0.0016666666666666,0.0,0.0,0.0,0.0,0.0,0,1.0,1.0013351134846462,2996,1,2992,0.0026666666666666,False,0.0008950420306064,46,archived_rho_0.5_unchanged,-6.257704449237527,True,ok,
5,Normal,3000,5,0.5,fresh_n,27,2026105727,,-1.0,6.257704449237527,False,38,inf,0.0,0.0,0.0,False,0.0,0.004,0.9956666666666668,0.0003333333333333,0.0,0.0,0.0,0.0,0.0,0,1.0,1.001669449081803,2995,1,2990,0.0033333333333333,False,0.0009095830027945,46,archived_rho_0.5_unchanged,-6.257704449237527,True,ok,
5,Normal,3000,5,0.5,fresh_n,27,2026105727,,-1.0,6.257704449237527,False,39,inf,0.0,0.0,0.0,False,0.0,0.004,0.9953333333333332,0.0006666666666666,0.0,0.0,0.0,0.0,0.0,0,1.0,1.0006671114076051,2998,1,2996,0.0013333333333333,False,0.0008895829669199,46,archived_rho_0.5_unchanged,-6.257704449237527,True,ok,
5,Normal,3000,5,0.5,fresh_n,27,2026105727,,-1.0,6.257704449237527,False,40,inf,0.0,0.0,0.0,False,0.0,0.004,0.9943333333333332,0.0016666666666666,0.0,0.0,0.0,0.0,0.0,0,1.0,1.002004008016032,2994,1,2988,0.004,False,0.0008906659786589,46,archived_rho_0.5_unchanged,-6.257704449237527,True,ok,
5,Normal,3000,5,0.5,fresh_n,28,2026105728,,-1.0,6.257704449237527,False,1,7.064134759535424,0.993,0.993,0.992,True,0.993,0.007,0.0,0.0,0.0,0.0,0.0,7.056509614074055,1.0,3000,0.0,3000.0,1,3000,0,1.1355977733742144,False,0.0011948750470764,46,archived_rho_0.5_unchanged,0.7988051648365282,False,ok,
5,Normal,3000,5,0.5,fresh_n,28,2026105728,,-1.0,6.257704449237527,False,2,5.9491143277282195,0.862,0.8583333333333333,0.835,False,0.862,0.007,0.0,0.0,0.131,0.0,0.0,5.839680558111126,1.0,3000,0.0,93.75,32,20,0,1.6456044164396195,False,0.0010964160319417,46,archived_rho_0.5_unchanged,-0.4180238911264009,False,ok,
5,Normal,3000,5,0.5,fresh_n,28,2026105728,,-1.0,6.257704449237527,False,3,5.470886281081594,0.7503333333333333,0.731,0.712,False,0.7503333333333333,0.007,0.0106666666666666,0.0056666666666666,0.2263333333333333,0.0,0.0,5.374523727169388,0.9876666666666668,2963,0.0123333333333333,29.41176470588235,102,1,21,1.853060170572581,False,0.0011662089964374,46,archived_rho_0.5_unchanged,-0.8831807220681389,False,ok,
5,Normal,3000,5,0.5,fresh_n,28,2026105728,,-1.0,6.257704449237527,False,4,4.990188313473996,0.5916666666666667,0.5673333333333334,0.555,False,0.5916666666666667,0.007,0.032,0.04,0.3293333333333333,0.0,0.0,4.645736264459066,0.959,2877,0.041,12.93103448275862,232,1,61,2.240651529825243,False,0.0012781670084223,46,archived_rho_0.5_unchanged,-1.611968184778461,False,ok,
5,Normal,3000,5,0.5,fresh_n,28,2026105728,,-1.0,6.257704449237527,False,5,4.426689169870071,0.4063333333333333,0.371,0.357,False,0.4063333333333333,0.007,0.0696666666666666,0.0716666666666666,0.4453333333333333,0.0,0.0,3.7455053863621504,0.9,2700,0.0999999999999999,6.896551724137931,435,1,156,2.5625042158317517,False,0.0014125409652478,46,archived_rho_0.5_unchanged,-2.5121990628753763,False,ok,
5,Normal,3000,5,0.5,fresh_n,28,2026105728,,-1.0,6.257704449237527,False,6,3.76210694570748,0.245,0.194,0.175,False,0.245,0.007,0.1416666666666666,0.1053333333333333,0.501,0.0,0.0,2.757460158295468,0.82,2460,0.18,4.322766570605188,694,1,298,2.8609005707428494,False,0.0014993749791756,46,archived_rho_0.5_unchanged,-3.500244290942059,False,ok,
5,Normal,3000,5,0.5,fresh_n,28,2026105728,,-1.0,6.257704449237527,False,7,3.118985492498589,0.1443333333333333,0.0856666666666666,0.082,False,0.1443333333333333,0.007,0.2283333333333333,0.1426666666666666,0.4776666666666667,0.0,0.0,1.7876481395322854,0.7193333333333334,2158,0.2806666666666666,3.058103975535168,981,1,507,2.7932025014900073,False,0.0016673750360496,46,archived_rho_0.5_unchanged,-4.4700563097052415,False,ok,
5,Normal,3000,5,0.5,fresh_n,28,2026105728,,-1.0,6.257704449237527,False,8,2.305955253010536,0.0553333333333333,0.0136666666666666,0.009,False,0.0553333333333333,0.007,0.321,0.1896666666666666,0.427,0.0,0.0,0.7149752839130671,0.6133333333333333,1840,0.3866666666666667,2.304147465437788,1302,1,758,2.844246394712406,False,0.0016148749855346,46,archived_rho_0.5_unchanged,-5.5427291653244595,False,ok,
5,Normal,3000,5,0.5,fresh_n,28,2026105728,,-1.0,6.257704449237527,False,9,1.909196298254468,0.0233333333333333,0.0023333333333333,0.001,False,0.0233333333333333,0.007,0.4446666666666666,0.2023333333333333,0.3226666666666666,0.0,0.0,-0.2524153293586014,0.477,1431,0.523,1.8773466833541927,1598,1,1007,2.485670843948681,False,0.0016657499945722,46,archived_rho_0.5_unchanged,-6.5101197785961284,False,ok,
5,Normal,3000,5,0.5,fresh_n,28,2026105728,,-1.0,6.257704449237527,False,10,0.7715890884050361,0.0086666666666666,0.0,0.0,False,0.0086666666666666,0.007,0.5456666666666666,0.2283333333333333,0.2103333333333333,0.0,0.0,-1.2396051185796884,0.362,1086,0.638,1.5797788309636651,1899,1,1343,2.1516836437269022,False,0.0015975419664755,46,archived_rho_0.5_unchanged,-7.497309567817215,False,ok,
5,Normal,3000,5,0.5,fresh_n,28,2026105728,,-1.0,6.257704449237527,False,11,0.5133856837424234,0.0043333333333333,0.0,0.0,False,0.0043333333333333,0.007,0.626,0.232,0.1306666666666666,0.0,0.0,-2.1246894590117913,0.2633333333333333,790,0.7366666666666667,1.4191106906338695,2114,1,1578,1.6952220917632674,False,0.0015496250125579,46,archived_rho_0.5_unchanged,-8.382393908249318,False,ok,
5,Normal,3000,5,0.5,fresh_n,28,2026105728,,-1.0,6.257704449237527,False,12,-0.1500565125409156,0.0013333333333333,0.0,0.0,False,0.0013333333333333,0.007,0.738,0.1786666666666666,0.075,0.0,0.0,-2.637236990868948,0.1616666666666666,485,0.8383333333333334,1.274968125796855,2353,1,1901,1.2014174597590692,False,0.0014742919593118,46,archived_rho_0.5_unchanged,-8.894941440106475,False,ok,
5,Normal,3000,5,0.5,fresh_n,28,2026105728,,-1.0,6.257704449237527,False,13,-2.346658043337954,0.0003333333333333,0.0,0.0,False,0.0003333333333333,0.007,0.789,0.161,0.0426666666666666,0.0,0.0,-3.4630142909294994,0.1063333333333333,319,0.8936666666666666,1.203369434416366,2493,1,2098,0.8912842894804848,False,0.0013718749978579,46,archived_rho_0.5_unchanged,-9.720718740167026,False,ok,
5,Normal,3000,5,0.5,fresh_n,28,2026105728,,-1.0,6.257704449237527,False,14,inf,0.0,0.0,0.0,False,0.0,0.007,0.8463333333333334,0.1266666666666666,0.02,0.0,0.0,-3.9338133498962984,0.0623333333333333,187,0.9376666666666666,1.139384732244588,2633,1,2324,0.5801961776543102,False,0.0012846660101786,46,archived_rho_0.5_unchanged,-10.191517799133825,False,ok,
5,Normal,3000,5,0.5,fresh_n,28,2026105728,,-1.0,6.257704449237527,False,15,inf,0.0,0.0,0.0,False,0.0,0.007,0.883,0.0946666666666666,0.0153333333333333,0.0,0.0,-4.127431643011725,0.039,117,0.961,1.0980966325036603,2732,1,2502,0.3942808038805102,False,0.0011810000287368,46,archived_rho_0.5_unchanged,-10.385136092249251,False,ok,
5,Normal,3000,5,0.5,fresh_n,28,2026105728,,-1.0,6.257704449237527,False,16,inf,0.0,0.0,0.0,False,0.0,0.007,0.9043333333333332,0.0816666666666666,0.007,0.0,0.0,-4.942748056398415,0.0243333333333333,73,0.9756666666666668,1.085383502170767,2764,1,2545,0.2605671609463377,False,0.0011688329977914,46,archived_rho_0.5_unchanged,-11.20045250563594,False,ok,
5,Normal,3000,5,0.5,fresh_n,28,2026105728,,-1.0,6.257704449237527,False,17,inf,0.0,0.0,0.0,False,0.0,0.007,0.9293333333333332,0.059,0.0046666666666666,0.0,0.0,-4.943451419233511,0.015,45,0.985,1.056710109193378,2839,1,2690,0.1869508572685866,False,0.0010760839795693,46,archived_rho_0.5_unchanged,-11.201155868471037,False,ok,
5,Normal,3000,5,0.5,fresh_n,28,2026105728,,-1.0,6.257704449237527,False,18,inf,0.0,0.0,0.0,False,0.0,0.007,0.945,0.0456666666666666,0.0023333333333333,0.0,0.0,-5.238677000452097,0.016,48,0.984,1.0463899546564353,2867,1,2746,0.1598590271487486,False,0.0010510840220376,46,archived_rho_0.5_unchanged,-11.496381449689624,False,ok,
5,Normal,3000,5,0.5,fresh_n,28,2026105728,,-1.0,6.257704449237527,False,19,inf,0.0,0.0,0.0,False,0.0,0.007,0.9616666666666668,0.0293333333333333,0.002,0.0,0.0,-5.791768684729821,0.0076666666666666,23,0.9923333333333332,1.032346868547832,2906,1,2818,0.1015590210515154,False,0.0010273330262862,46,archived_rho_0.5_unchanged,-12.049473133967346,False,ok,
5,Normal,3000,5,0.5,fresh_n,28,2026105728,,-1.0,6.257704449237527,False,20,inf,0.0,0.0,0.0,False,0.0,0.007,0.9653333333333334,0.0276666666666666,0.0,0.0,0.0,-5.606880630746976,0.0076666666666666,23,0.9923333333333332,1.027749229188078,2919,1,2843,0.0817196828782235,False,0.0010089160059578,46,archived_rho_0.5_unchanged,-11.864585079984503,False,ok,
5,Normal,3000,5,0.5,fresh_n,28,2026105728,,-1.0,6.257704449237527,False,21,inf,0.0,0.0,0.0,False,0.0,0.007,0.969,0.0233333333333333,0.0006666666666666,0.0,0.0,-6.978360454469653,0.0033333333333333,10,0.9966666666666668,1.0200612036722203,2941,1,2884,0.0521635181549125,False,0.0009922080207616,46,archived_rho_0.5_unchanged,-13.236064903707181,False,ok,
5,Normal,3000,5,0.5,fresh_n,28,2026105728,,-1.0,6.257704449237527,False,22,inf,0.0,0.0,0.0,False,0.0,0.007,0.9773333333333334,0.015,0.0006666666666666,0.0,0.0,-6.130599427830417,0.0043333333333333,13,0.9956666666666668,1.0166045408336155,2951,1,2904,0.0437244916138618,False,0.0009817910031415,46,archived_rho_0.5_unchanged,-12.388303877067944,False,ok,
5,Normal,3000,5,0.5,fresh_n,28,2026105728,,-1.0,6.257704449237527,False,23,inf,0.0,0.0,0.0,False,0.0,0.007,0.979,0.014,0.0,0.0,0.0,-6.648587329358907,0.0026666666666666,8,0.9973333333333332,1.0148849797023003,2956,1,2914,0.0419000393322824,False,0.0009622500510886,46,archived_rho_0.5_unchanged,-12.906291778596433,False,ok,
5,Normal,3000,5,0.5,fresh_n,28,2026105728,,-1.0,6.257704449237527,False,24,inf,0.0,0.0,0.0,False,0.0,0.007,0.982,0.0106666666666666,0.0003333333333333,0.0,0.0,-5.690289175560435,0.002,6,0.998,1.0087424344317415,2974,1,2948,0.0173333333333333,False,0.0009506249916739,46,archived_rho_0.5_unchanged,-11.947993624797961,False,ok,
5,Normal,3000,5,0.5,fresh_n,28,2026105728,,-1.0,6.257704449237527,False,25,inf,0.0,0.0,0.0,False,0.0,0.007,0.983,0.01,0.0,0.0,0.0,-5.689502018359619,0.0006666666666666,2,0.9993333333333332,1.0087424344317415,2974,1,2948,0.0173333333333333,False,0.0009354169596917,46,archived_rho_0.5_unchanged,-11.947206467597145,False,ok,
5,Normal,3000,5,0.5,fresh_n,28,2026105728,,-1.0,6.257704449237527,False,26,inf,0.0,0.0,0.0,False,0.0,0.007,0.9863333333333332,0.0066666666666666,0.0,0.0,0.0,-5.615197296258444,0.001,3,0.999,1.0053619302949062,2984,1,2968,0.0106666666666666,False,0.0009260830120183,46,archived_rho_0.5_unchanged,-11.87290174549597,False,ok,
5,Normal,3000,5,0.5,fresh_n,28,2026105728,,-1.0,6.257704449237527,False,27,inf,0.0,0.0,0.0,False,0.0,0.007,0.9873333333333332,0.0056666666666666,0.0,0.0,0.0,-10.34080960541027,0.0003333333333333,1,0.9996666666666668,1.0033444816053512,2990,1,2980,0.0066666666666666,False,0.0009323339909315,46,archived_rho_0.5_unchanged,-16.598514054647797,False,ok,
5,Normal,3000,5,0.5,fresh_n,28,2026105728,,-1.0,6.257704449237527,False,28,inf,0.0,0.0,0.0,False,0.0,0.007,0.9863333333333332,0.0066666666666666,0.0,0.0,0.0,0.0,0.0,0,1.0,1.0056989607777405,2983,1,2966,0.0113333333333333,False,0.0009128329693339,46,archived_rho_0.5_unchanged,-6.257704449237527,True,ok,
5,Normal,3000,5,0.5,fresh_n,28,2026105728,,-1.0,6.257704449237527,False,29,inf,0.0,0.0,0.0,False,0.0,0.007,0.9876666666666668,0.0053333333333333,0.0,0.0,0.0,-9.45281205530036,0.0006666666666666,2,0.9993333333333332,1.0040160642570282,2988,1,2976,0.0079999999999999,False,0.0009128329693339,46,archived_rho_0.5_unchanged,-15.710516504537885,False,ok,
5,Normal,3000,5,0.5,fresh_n,28,2026105728,,-1.0,6.257704449237527,False,30,inf,0.0,0.0,0.0,False,0.0,0.007,0.9886666666666668,0.0043333333333333,0.0,0.0,0.0,-6.271607674079563,0.0003333333333333,1,0.9996666666666668,1.0033444816053512,2990,1,2980,0.0066666666666666,False,0.0009263749816454,46,archived_rho_0.5_unchanged,-12.52931212331709,False,ok,
5,Normal,3000,5,0.5,fresh_n,28,2026105728,,-1.0,6.257704449237527,False,31,inf,0.0,0.0,0.0,False,0.0,0.007,0.9893333333333332,0.0036666666666666,0.0,0.0,0.0,-9.017833313712432,0.0006666666666666,2,0.9993333333333332,1.0033444816053512,2990,1,2980,0.0066666666666666,False,0.0009162499918602,46,archived_rho_0.5_unchanged,-15.27553776294996,False,ok,
5,Normal,3000,5,0.5,fresh_n,28,2026105728,,-1.0,6.257704449237527,False,32,inf,0.0,0.0,0.0,False,0.0,0.007,0.9896666666666668,0.0033333333333333,0.0,0.0,0.0,-6.271607674079563,0.0003333333333333,1,0.9996666666666668,1.002338790511193,2993,1,2986,0.0046666666666666,False,0.0009066250058822,46,archived_rho_0.5_unchanged,-12.52931212331709,False,ok,
5,Normal,3000,5,0.5,fresh_n,28,2026105728,,-1.0,6.257704449237527,False,33,inf,0.0,0.0,0.0,False,0.0,0.007,0.992,0.001,0.0,0.0,0.0,-10.34080960541027,0.0003333333333333,1,0.9996666666666668,1.002338790511193,2993,1,2986,0.0046666666666666,False,0.00092358404072,46,archived_rho_0.5_unchanged,-16.598514054647797,False,ok,
5,Normal,3000,5,0.5,fresh_n,28,2026105728,,-1.0,6.257704449237527,False,34,inf,0.0,0.0,0.0,False,0.0,0.007,0.991,0.002,0.0,0.0,0.0,-7.703716049605951,0.0003333333333333,1,0.9996666666666668,1.001669449081803,2995,1,2990,0.0033333333333333,False,0.0009035419789142,46,archived_rho_0.5_unchanged,-13.961420498843477,False,ok,
5,Normal,3000,5,0.5,fresh_n,28,2026105728,,-1.0,6.257704449237527,False,35,inf,0.0,0.0,0.0,False,0.0,0.007,0.992,0.001,0.0,0.0,0.0,0.0,0.0,0,1.0,1.0006671114076051,2998,1,2996,0.0013333333333333,False,0.0008917080122046,46,archived_rho_0.5_unchanged,-6.257704449237527,True,ok,
5,Normal,3000,5,0.5,fresh_n,28,2026105728,,-1.0,6.257704449237527,False,36,inf,0.0,0.0,0.0,False,0.0,0.007,0.9916666666666668,0.0013333333333333,0.0,0.0,0.0,0.0,0.0,0,1.0,1.001001001001001,2997,1,2994,0.002,False,0.0009092090185731,46,archived_rho_0.5_unchanged,-6.257704449237527,True,ok,
5,Normal,3000,5,0.5,fresh_n,28,2026105728,,-1.0,6.257704449237527,False,37,inf,0.0,0.0,0.0,False,0.0,0.007,0.9923333333333332,0.0006666666666666,0.0,0.0,0.0,-9.470852122234415,0.0003333333333333,1,0.9996666666666668,1.0003334444814935,2999,1,2998,0.0006666666666666,False,0.0008987080072984,46,archived_rho_0.5_unchanged,-15.728556571471941,False,ok,
5,Normal,3000,5,0.5,fresh_n,28,2026105728,,-1.0,6.257704449237527,False,38,inf,0.0,0.0,0.0,False,0.0,0.007,0.9926666666666668,0.0003333333333333,0.0,0.0,0.0,-10.34080960541027,0.0003333333333333,1,0.9996666666666668,1.001001001001001,2997,1,2994,0.002,False,0.0008987910114228,46,archived_rho_0.5_unchanged,-16.598514054647797,False,ok,
5,Normal,3000,5,0.5,fresh_n,28,2026105728,,-1.0,6.257704449237527,False,39,inf,0.0,0.0,0.0,False,0.0,0.007,0.9923333333333332,0.0006666666666666,0.0,0.0,0.0,0.0,0.0,0,1.0,1.0003334444814935,2999,1,2998,0.0006666666666666,False,0.0008991250069811,46,archived_rho_0.5_unchanged,-6.257704449237527,True,ok,
5,Normal,3000,5,0.5,fresh_n,28,2026105728,,-1.0,6.257704449237527,False,40,inf,0.0,0.0,0.0,False,0.0,0.007,0.993,0.0,0.0,0.0,0.0,-8.934862619557896,0.0003333333333333,1,0.9996666666666668,1.0003334444814935,2999,1,2998,0.0006666666666666,False,0.0009077920112758,46,archived_rho_0.5_unchanged,-15.192567068795423,False,ok,
5,Normal,3000,5,0.5,fresh_n,29,2026105729,,-1.0,6.257704449237527,False,1,7.025943962298131,0.9943333333333332,0.9943333333333332,0.993,True,0.9943333333333332,0.0056666666666666,0.0,0.0,0.0,0.0,0.0,7.014256010494443,1.0,3000,0.0,3000.0,1,3000,0,1.1365230939360762,False,0.001197375007905,46,archived_rho_0.5_unchanged,0.7565515612569165,False,ok,
5,Normal,3000,5,0.5,fresh_n,29,2026105729,,-1.0,6.257704449237527,False,2,5.887361217391215,0.8646666666666667,0.8646666666666667,0.863,False,0.8646666666666667,0.0056666666666666,0.0,0.0,0.1296666666666666,0.0,0.0,5.7607341139408135,1.0,3000,0.0,93.75,32,22,0,1.650018069933226,False,0.0011206250055693,46,archived_rho_0.5_unchanged,-0.4969703352967132,False,ok,
5,Normal,3000,5,0.5,fresh_n,29,2026105729,,-1.0,6.257704449237527,False,3,5.400678231882865,0.7316666666666667,0.7123333333333334,0.705,False,0.7316666666666667,0.0056666666666666,0.012,0.006,0.2446666666666666,0.0,0.0,5.270201866271326,0.986,2958,0.014,26.31578947368421,114,1,31,1.893527776452431,False,0.0012198330368846,46,archived_rho_0.5_unchanged,-0.9875025829662007,False,ok,
5,Normal,3000,5,0.5,fresh_n,29,2026105729,,-1.0,6.257704449237527,False,4,4.938123736988043,0.587,0.5636666666666666,0.56,False,0.587,0.0056666666666666,0.0366666666666666,0.045,0.3256666666666666,0.0,0.0,4.4809882231266105,0.9486666666666668,2846,0.0513333333333333,11.494252873563218,261,1,80,2.25796353626286,False,0.0013171659666113,46,archived_rho_0.5_unchanged,-1.7767162261109162,False,ok,
5,Normal,3000,5,0.5,fresh_n,29,2026105729,,-1.0,6.257704449237527,False,5,4.30665839390713,0.396,0.355,0.343,False,0.396,0.0056666666666666,0.086,0.0776666666666666,0.4346666666666666,0.0,0.0,3.6162227833442584,0.885,2655,0.1149999999999999,6.198347107438017,484,1,191,2.5787237341398335,False,0.0014411250012926,46,archived_rho_0.5_unchanged,-2.6414816658932683,False,ok,
5,Normal,3000,5,0.5,fresh_n,29,2026105729,,-1.0,6.257704449237527,False,6,3.718713915943535,0.2303333333333333,0.1676666666666666,0.16,False,0.2303333333333333,0.0056666666666666,0.1513333333333333,0.096,0.5166666666666667,0.0,0.0,2.6930944391316407,0.8113333333333334,2434,0.1886666666666666,4.189944134078212,716,1,322,2.774351736103376,False,0.0015236669569276,46,archived_rho_0.5_unchanged,-3.564610010105886,False,ok,
5,Normal,3000,5,0.5,fresh_n,29,2026105729,,-1.0,6.257704449237527,False,7,3.103171797871867,0.1076666666666666,0.059,0.041,False,0.1076666666666666,0.0056666666666666,0.234,0.162,0.4906666666666666,0.0,0.0,1.5995872530795765,0.7046666666666667,2114,0.2953333333333333,2.955665024630542,1015,1,504,2.852531177431851,False,0.0016413750126957,46,archived_rho_0.5_unchanged,-4.65811719615795,False,ok,
5,Normal,3000,5,0.5,fresh_n,29,2026105729,,-1.0,6.257704449237527,False,8,2.336509010802197,0.0516666666666666,0.0106666666666666,0.003,False,0.0516666666666666,0.0056666666666666,0.3256666666666666,0.2016666666666666,0.4153333333333333,0.0,0.0,0.4792458489372239,0.5913333333333334,1774,0.4086666666666666,2.2172949002217295,1353,1,790,2.7682920770054507,False,0.0016796669806353,46,archived_rho_0.5_unchanged,-5.7784586003003025,False,ok,
5,Normal,3000,5,0.5,fresh_n,29,2026105729,,-1.0,6.257704449237527,False,9,1.7080183844910366,0.016,0.0016666666666666,0.0,False,0.016,0.0056666666666666,0.468,0.2203333333333333,0.29,0.0,0.0,-0.5746691030689199,0.4253333333333333,1276,0.5746666666666667,1.757469244288225,1707,1,1113,2.2916941265973265,False,0.0016665830044075,46,archived_rho_0.5_unchanged,-6.832373552306446,False,ok,
5,Normal,3000,5,0.5,fresh_n,29,2026105729,,-1.0,6.257704449237527,False,10,1.5060722078377509,0.0033333333333333,0.0,0.0,False,0.0033333333333333,0.0056666666666666,0.5806666666666667,0.22,0.1903333333333333,0.0,0.0,-1.5768887510749974,0.3163333333333333,949,0.6836666666666666,1.5060240963855422,1992,1,1427,1.962419702021119,False,0.0016229170141741,46,archived_rho_0.5_unchanged,-7.834593200312524,False,ok,
5,Normal,3000,5,0.5,fresh_n,29,2026105729,,-1.0,6.257704449237527,False,11,0.1040473917801415,0.003,0.0,0.0,False,0.003,0.0056666666666666,0.675,0.215,0.1013333333333333,0.0,0.0,-2.305789970805278,0.2093333333333333,628,0.7906666666666666,1.3550135501355014,2214,1,1698,1.4490290951454343,False,0.0015246669645421,46,archived_rho_0.5_unchanged,-8.563494420042804,False,ok,
5,Normal,3000,5,0.5,fresh_n,29,2026105729,,-1.0,6.257704449237527,False,12,inf,0.0,0.0,0.0,False,0.0,0.0056666666666666,0.7503333333333333,0.1823333333333333,0.0616666666666666,0.0,0.0,-3.04210747528745,0.121,363,0.879,1.2386457473162675,2422,1,1981,0.9516178113619476,False,0.0014330829726532,46,archived_rho_0.5_unchanged,-9.299811924524978,False,ok,
5,Normal,3000,5,0.5,fresh_n,29,2026105729,,-1.0,6.257704449237527,False,13,inf,0.0,0.0,0.0,False,0.0,0.0056666666666666,0.8093333333333333,0.1523333333333333,0.0326666666666666,0.0,0.0,-3.4886678208991966,0.0823333333333333,247,0.9176666666666666,1.1691348402182384,2566,1,2218,0.725202503223925,False,0.0013351250090636,46,archived_rho_0.5_unchanged,-9.746372270136723,False,ok,
5,Normal,3000,5,0.5,fresh_n,29,2026105729,,-1.0,6.257704449237527,False,14,inf,0.0,0.0,0.0,False,0.0,0.0056666666666666,0.8546666666666667,0.1216666666666666,0.018,0.0,0.0,-4.054123306670169,0.0496666666666666,149,0.9503333333333334,1.124859392575928,2667,1,2382,0.4606081232153738,False,0.0012668340350501,46,archived_rho_0.5_unchanged,-10.311827755907697,False,ok,
5,Normal,3000,5,0.5,fresh_n,29,2026105729,,-1.0,6.257704449237527,False,15,-1.6123315619299898,0.0003333333333333,0.0,0.0,False,0.0003333333333333,0.0056666666666666,0.896,0.086,0.012,0.0,0.0,-4.699301187439079,0.019,57,0.981,1.079136690647482,2780,1,2576,0.2433893356687302,False,0.0011636660201475,46,archived_rho_0.5_unchanged,-10.957005636676605,False,ok,
5,Normal,3000,5,0.5,fresh_n,29,2026105729,,-1.0,6.257704449237527,False,16,inf,0.0,0.0,0.0,False,0.0,0.0056666666666666,0.9183333333333332,0.07,0.006,0.0,0.0,-5.0175032304856435,0.0186666666666666,56,0.9813333333333332,1.0657193605683837,2815,1,2643,0.2138740108845885,False,0.0011283329804427,46,archived_rho_0.5_unchanged,-11.27520767972317,False,ok,
5,Normal,3000,5,0.5,fresh_n,29,2026105729,,-1.0,6.257704449237527,False,17,inf,0.0,0.0,0.0,False,0.0,0.0056666666666666,0.938,0.054,0.0023333333333333,0.0,0.0,-5.197083191411075,0.014,42,0.986,1.048951048951049,2860,1,2731,0.1599386761248163,False,0.00106354203308,46,archived_rho_0.5_unchanged,-11.4547876406486,False,ok,
5,Normal,3000,5,0.5,fresh_n,29,2026105729,,-1.0,6.257704449237527,False,18,inf,0.0,0.0,0.0,False,0.0,0.0056666666666666,0.952,0.0403333333333333,0.002,0.0,0.0,-4.51727420867877,0.008,24,0.992,1.0402219140083218,2884,1,2773,0.107980301459216,False,0.001059082977008,46,archived_rho_0.5_unchanged,-10.774978657916296,False,ok,
5,Normal,3000,5,0.5,fresh_n,29,2026105729,,-1.0,6.257704449237527,False,19,inf,0.0,0.0,0.0,False,0.0,0.0056666666666666,0.965,0.029,0.0003333333333333,0.0,0.0,-4.286570939893536,0.003,9,0.997,1.0235414534288638,2931,1,2864,0.0572740898661165,False,0.0009883330203592,46,archived_rho_0.5_unchanged,-10.544275389131062,False,ok,
5,Normal,3000,5,0.5,fresh_n,29,2026105729,,-1.0,6.257704449237527,False,20,inf,0.0,0.0,0.0,False,0.0,0.0056666666666666,0.9703333333333334,0.024,0.0,0.0,0.0,-5.4815434826741765,0.0053333333333333,16,0.9946666666666668,1.0214504596527068,2937,1,2878,0.0629942052577212,False,0.0009752500336617,46,archived_rho_0.5_unchanged,-11.739247931911702,False,ok,
5,Normal,3000,5,0.5,fresh_n,29,2026105729,,-1.0,6.257704449237527,False,21,inf,0.0,0.0,0.0,False,0.0,0.0056666666666666,0.9726666666666668,0.021,0.0006666666666666,0.0,0.0,-5.610057774730631,0.003,9,0.997,1.017293997965412,2949,1,2900,0.0457071663917066,False,0.0009782920242287,46,archived_rho_0.5_unchanged,-11.867762223968157,False,ok,
5,Normal,3000,5,0.5,fresh_n,29,2026105729,,-1.0,6.257704449237527,False,22,inf,0.0,0.0,0.0,False,0.0,0.0056666666666666,0.9766666666666668,0.0173333333333333,0.0003333333333333,0.0,0.0,-5.736712374205515,0.0033333333333333,10,0.9966666666666668,1.0141987829614605,2958,1,2918,0.037900006024985,False,0.0009570000111125,46,archived_rho_0.5_unchanged,-11.994416823443043,False,ok,
5,Normal,3000,5,0.5,fresh_n,29,2026105729,,-1.0,6.257704449237527,False,23,inf,0.0,0.0,0.0,False,0.0,0.0056666666666666,0.9843333333333332,0.0096666666666666,0.0003333333333333,0.0,0.0,-7.032198944617155,0.0016666666666666,5,0.9983333333333332,1.0101010101010102,2970,1,2941,0.0253019167409911,False,0.000943457998801,46,archived_rho_0.5_unchanged,-13.289903393854683,False,ok,
5,Normal,3000,5,0.5,fresh_n,29,2026105729,,-1.0,6.257704449237527,False,24,inf,0.0,0.0,0.0,False,0.0,0.0056666666666666,0.983,0.0113333333333333,0.0,0.0,0.0,-5.6541811946836145,0.0016666666666666,5,0.9983333333333332,1.009421265141319,2972,1,2945,0.0243844553406188,False,0.0009825839661061,46,archived_rho_0.5_unchanged,-11.911885643921142,False,ok,
5,Normal,3000,5,0.5,fresh_n,29,2026105729,,-1.0,6.257704449237527,False,25,inf,0.0,0.0,0.0,False,0.0,0.0056666666666666,0.988,0.0063333333333333,0.0,0.0,0.0,-11.42982025279331,0.0003333333333333,1,0.9996666666666668,1.0063737001006374,2981,1,2962,0.0126666666666666,False,0.0009366669692099,46,archived_rho_0.5_unchanged,-17.687524702030835,False,ok,
5,Normal,3000,5,0.5,fresh_n,29,2026105729,,-1.0,6.257704449237527,False,26,inf,0.0,0.0,0.0,False,0.0,0.0056666666666666,0.989,0.0053333333333333,0.0,0.0,0.0,-9.465770996434696,0.001,3,0.999,1.0067114093959733,2980,1,2960,0.0133333333333333,False,0.0009384580189362,46,archived_rho_0.5_unchanged,-15.723475445672221,False,ok,
5,Normal,3000,5,0.5,fresh_n,29,2026105729,,-1.0,6.257704449237527,False,27,inf,0.0,0.0,0.0,False,0.0,0.0056666666666666,0.9883333333333332,0.006,0.0,0.0,0.0,-3.998725034853252,0.0006666666666666,2,0.9993333333333332,1.0040160642570282,2988,1,2976,0.0079999999999999,False,0.0009195420425385,46,archived_rho_0.5_unchanged,-10.256429484090779,False,ok,
5,Normal,3000,5,0.5,fresh_n,29,2026105729,,-1.0,6.257704449237527,False,28,inf,0.0,0.0,0.0,False,0.0,0.0056666666666666,0.9896666666666668,0.0046666666666666,0.0,0.0,0.0,-8.690836696564196,0.0003333333333333,1,0.9996666666666668,1.0033444816053512,2990,1,2980,0.0066666666666666,False,0.0009129170211963,46,archived_rho_0.5_unchanged,-14.948541145801723,False,ok,
5,Normal,3000,5,0.5,fresh_n,29,2026105729,,-1.0,6.257704449237527,False,29,inf,0.0,0.0,0.0,False,0.0,0.0056666666666666,0.9903333333333332,0.004,0.0,0.0,0.0,-9.57377768199573,0.0006666666666666,2,0.9993333333333332,1.004352192835621,2987,1,2974,0.0086666666666666,False,0.000925083993934,46,archived_rho_0.5_unchanged,-15.831482131233258,False,ok,
5,Normal,3000,5,0.5,fresh_n,29,2026105729,,-1.0,6.257704449237527,False,30,inf,0.0,0.0,0.0,False,0.0,0.0056666666666666,0.9913333333333332,0.003,0.0,0.0,0.0,-6.303394801433663,0.0006666666666666,2,0.9993333333333332,1.0030090270812435,2991,1,2982,0.0059999999999999,False,0.0009030000073835,46,archived_rho_0.5_unchanged,-12.561099250671191,False,ok,
5,Normal,3000,5,0.5,fresh_n,29,2026105729,,-1.0,6.257704449237527,False,31,inf,0.0,0.0,0.0,False,0.0,0.0056666666666666,0.993,0.0013333333333333,0.0,0.0,0.0,0.0,0.0,0,1.0,1.0013351134846462,2996,1,2992,0.0026666666666666,False,0.0008975000237114,46,archived_rho_0.5_unchanged,-6.257704449237527,True,ok,
5,Normal,3000,5,0.5,fresh_n,29,2026105729,,-1.0,6.257704449237527,False,32,inf,0.0,0.0,0.0,False,0.0,0.0056666666666666,0.9923333333333332,0.002,0.0,0.0,0.0,-8.690836696564196,0.0003333333333333,1,0.9996666666666668,1.002338790511193,2993,1,2986,0.0046666666666666,False,0.0010005410294979,46,archived_rho_0.5_unchanged,-14.948541145801723,False,ok,
5,Normal,3000,5,0.5,fresh_n,29,2026105729,,-1.0,6.257704449237527,False,33,inf,0.0,0.0,0.0,False,0.0,0.0056666666666666,0.9936666666666668,0.0006666666666666,0.0,0.0,0.0,0.0,0.0,0,1.0,1.002004008016032,2994,1,2988,0.004,False,0.0008987080072984,46,archived_rho_0.5_unchanged,-6.257704449237527,True,ok,
5,Normal,3000,5,0.5,fresh_n,29,2026105729,,-1.0,6.257704449237527,False,34,inf,0.0,0.0,0.0,False,0.0,0.0056666666666666,0.9936666666666668,0.0006666666666666,0.0,0.0,0.0,-11.42982025279331,0.0003333333333333,1,0.9996666666666668,1.002673796791444,2992,1,2984,0.0053333333333333,False,0.0009194170124828,46,archived_rho_0.5_unchanged,-17.687524702030835,False,ok,
5,Normal,3000,5,0.5,fresh_n,29,2026105729,,-1.0,6.257704449237527,False,35,inf,0.0,0.0,0.0,False,0.0,0.0056666666666666,0.994,0.0003333333333333,0.0,0.0,0.0,0.0,0.0,0,1.0,1.001669449081803,2995,1,2990,0.0033333333333333,False,0.0009219589992426,46,archived_rho_0.5_unchanged,-6.257704449237527,True,ok,
5,Normal,3000,5,0.5,fresh_n,29,2026105729,,-1.0,6.257704449237527,False,36,inf,0.0,0.0,0.0,False,0.0,0.0056666666666666,0.9933333333333332,0.001,0.0,0.0,0.0,-11.42982025279331,0.0003333333333333,1,0.9996666666666668,1.0013351134846462,2996,1,2992,0.0026666666666666,False,0.0009015830000862,46,archived_rho_0.5_unchanged,-17.687524702030835,False,ok,
5,Normal,3000,5,0.5,fresh_n,29,2026105729,,-1.0,6.257704449237527,False,37,inf,0.0,0.0,0.0,False,0.0,0.0056666666666666,0.993,0.0013333333333333,0.0,0.0,0.0,0.0,0.0,0,1.0,1.001001001001001,2997,1,2994,0.0019999999999999,False,0.0008969170157797,46,archived_rho_0.5_unchanged,-6.257704449237527,True,ok,
5,Normal,3000,5,0.5,fresh_n,29,2026105729,,-1.0,6.257704449237527,False,38,inf,0.0,0.0,0.0,False,0.0,0.0056666666666666,0.9943333333333332,0.0,0.0,0.0,0.0,-11.42982025279331,0.0003333333333333,1,0.9996666666666668,1.001001001001001,2997,1,2994,0.002,False,0.0009091250249184,46,archived_rho_0.5_unchanged,-17.687524702030835,False,ok,
5,Normal,3000,5,0.5,fresh_n,29,2026105729,,-1.0,6.257704449237527,False,39,inf,0.0,0.0,0.0,False,0.0,0.0056666666666666,0.994,0.0003333333333333,0.0,0.0,0.0,0.0,0.0,0,1.0,1.0003334444814935,2999,1,2998,0.0006666666666666,False,0.0008956660167314,46,archived_rho_0.5_unchanged,-6.257704449237527,True,ok,
5,Normal,3000,5,0.5,fresh_n,29,2026105729,,-1.0,6.257704449237527,False,40,inf,0.0,0.0,0.0,False,0.0,0.0056666666666666,0.994,0.0003333333333333,0.0,0.0,0.0,0.0,0.0,0,1.0,1.0013351134846462,2996,1,2992,0.0026666666666666,False,0.000897874997463,46,archived_rho_0.5_unchanged,-6.257704449237527,True,ok,
5,Normal,3000,5,0.5,fresh_n,30,2026105730,,-1.0,6.257704449237527,False,1,7.110987400808295,0.9933333333333332,0.9933333333333332,0.991,True,0.9933333333333332,0.0066666666666666,0.0,0.0,0.0,0.0,0.0,7.104131358950101,1.0,3000,0.0,3000.0,1,3000,0,1.1486276555211872,False,0.0011830410221591,46,archived_rho_0.5_unchanged,0.8464269097125747,False,ok,
5,Normal,3000,5,0.5,fresh_n,30,2026105730,,-1.0,6.257704449237527,False,2,5.950906119446639,0.865,0.8636666666666667,0.85,False,0.865,0.0066666666666666,0.0,0.0,0.1283333333333333,0.0,0.0,5.820342849262448,1.0,3000,0.0,93.75,32,21,0,1.6554567424543964,False,0.0010667089954949,46,archived_rho_0.5_unchanged,-0.4373615999750786,False,ok,
5,Normal,3000,5,0.5,fresh_n,30,2026105730,,-1.0,6.257704449237527,False,3,5.485278411033461,0.7416666666666667,0.726,0.703,False,0.7416666666666667,0.0066666666666666,0.0066666666666666,0.0076666666666666,0.2373333333333333,0.0,0.0,5.393568435877743,0.9903333333333332,2971,0.0096666666666667,32.25806451612903,93,1,15,1.8538120466527344,False,0.0011288750101812,46,archived_rho_0.5_unchanged,-0.8641360133597837,False,ok,
5,Normal,3000,5,0.5,fresh_n,30,2026105730,,-1.0,6.257704449237527,False,4,5.096998227003283,0.625,0.6063333333333333,0.581,False,0.625,0.0066666666666666,0.0356666666666666,0.0336666666666666,0.299,0.0,0.0,4.776456979729622,0.9553333333333334,2866,0.0446666666666666,13.953488372093023,215,1,62,2.11177919329689,False,0.0012405830202624,46,archived_rho_0.5_unchanged,-1.4812474695079043,False,ok,
5,Normal,3000,5,0.5,fresh_n,30,2026105730,,-1.0,6.257704449237527,False,5,4.571346787149849,0.4543333333333333,0.4243333333333333,0.412,False,0.4543333333333333,0.0066666666666666,0.0683333333333333,0.0606666666666666,0.41,0.0,0.0,4.077745848114812,0.9173333333333332,2752,0.0826666666666666,7.957559681697613,377,1,149,2.45518265269407,False,0.0013330829679034,46,archived_rho_0.5_unchanged,-2.1799586011227143,False,ok,
5,Normal,3000,5,0.5,fresh_n,30,2026105730,,-1.0,6.257704449237527,False,6,3.961917448488089,0.281,0.2353333333333333,0.208,False,0.281,0.0066666666666666,0.1183333333333333,0.0953333333333333,0.4986666666666666,0.0,0.0,3.26295305601783,0.8536666666666667,2561,0.1463333333333333,5.1194539249146755,586,1,251,2.6904322332981008,False,0.0014655829872936,46,archived_rho_0.5_unchanged,-2.9947513932196967,False,ok,
5,Normal,3000,5,0.5,fresh_n,30,2026105730,,-1.0,6.257704449237527,False,7,3.2669921288927073,0.149,0.092,0.085,False,0.149,0.0066666666666666,0.182,0.1446666666666666,0.5176666666666667,0.0,0.0,2.135815845975402,0.786,2358,0.2139999999999999,3.618817852834741,829,1,390,2.8996390991151397,False,0.0015570840332657,46,archived_rho_0.5_unchanged,-4.121888603262125,False,ok,
5,Normal,3000,5,0.5,fresh_n,30,2026105730,,-1.0,6.257704449237527,False,8,2.5933894041603933,0.086,0.0323333333333333,0.02,False,0.086,0.0066666666666666,0.2766666666666666,0.181,0.4496666666666666,0.0,0.0,1.2109581660784705,0.669,2007,0.3309999999999999,2.643171806167401,1135,1,609,2.876174628928206,False,0.0016117080231197,46,archived_rho_0.5_unchanged,-5.046746283159056,False,ok,
5,Normal,3000,5,0.5,fresh_n,30,2026105730,,-1.0,6.257704449237527,False,9,1.9692775205901711,0.027,0.0036666666666666,0.002,False,0.027,0.0066666666666666,0.3893333333333333,0.2173333333333333,0.3596666666666667,0.0,0.0,0.1220762734011267,0.564,1692,0.436,2.1216407355021216,1414,1,823,2.7864301668140397,False,0.0016654589562676,46,archived_rho_0.5_unchanged,-6.1356281758364,False,ok,
5,Normal,3000,5,0.5,fresh_n,30,2026105730,,-1.0,6.257704449237527,False,10,1.4493564430095296,0.0136666666666666,0.0,0.0,False,0.0136666666666666,0.0066666666666666,0.4983333333333333,0.2313333333333333,0.25,0.0,0.0,-0.8092156176665508,0.445,1335,0.5549999999999999,1.7647058823529411,1700,1,1104,2.4201355024317013,False,0.001677207998,46,archived_rho_0.5_unchanged,-7.0669200669040775,False,ok,
5,Normal,3000,5,0.5,fresh_n,30,2026105730,,-1.0,6.257704449237527,False,11,0.596978285384167,0.004,0.0,0.0,False,0.004,0.0066666666666666,0.606,0.2223333333333333,0.161,0.0,0.0,-1.5685326166711748,0.3066666666666666,920,0.6933333333333334,1.5082956259426847,1989,1,1410,1.8735416633628936,False,0.0016364170005545,46,archived_rho_0.5_unchanged,-7.8262370659087015,False,ok,
5,Normal,3000,5,0.5,fresh_n,30,2026105730,,-1.0,6.257704449237527,False,12,0.1263263027453457,0.0016666666666666,0.0,0.0,False,0.0016666666666666,0.0066666666666666,0.7026666666666667,0.1946666666666666,0.0943333333333333,0.0,0.0,-2.465379307036958,0.2186666666666666,656,0.7813333333333333,1.358080579447714,2209,1,1696,1.516332600031289,False,0.0015518330037593,46,archived_rho_0.5_unchanged,-8.723083756274484,False,ok,
5,Normal,3000,5,0.5,fresh_n,30,2026105730,,-1.0,6.257704449237527,False,13,0.4328111580027565,0.0006666666666666,0.0,0.0,False,0.0006666666666666,0.0066666666666666,0.765,0.1676666666666666,0.06,0.0,0.0,-2.7112272730809517,0.1493333333333333,448,0.8506666666666667,1.2636899747262005,2374,1,1929,1.1046818266885328,False,0.0014509159955196,46,archived_rho_0.5_unchanged,-8.968931722318478,False,ok,
5,Normal,3000,5,0.5,fresh_n,30,2026105730,,-1.0,6.257704449237527,False,14,inf,0.0,0.0,0.0,False,0.0,0.0066666666666666,0.8266666666666667,0.133,0.0336666666666666,0.0,0.0,-3.380447226920256,0.0966666666666666,290,0.9033333333333332,1.1797090051120724,2543,1,2192,0.7813444414753021,False,0.0013429999817162,46,archived_rho_0.5_unchanged,-9.638151676157783,False,ok,
5,Normal,3000,5,0.5,fresh_n,30,2026105730,,-1.0,6.257704449237527,False,15,inf,0.0,0.0,0.0,False,0.0,0.0066666666666666,0.856,0.1183333333333333,0.019,0.0,0.0,-3.918153152531524,0.0686666666666666,206,0.9313333333333332,1.1385199240986716,2635,1,2335,0.6155068766132513,False,0.0012694170000031,46,archived_rho_0.5_unchanged,-10.175857601769051,False,ok,
5,Normal,3000,5,0.5,fresh_n,30,2026105730,,-1.0,6.257704449237527,False,16,inf,0.0,0.0,0.0,False,0.0,0.0066666666666666,0.894,0.086,0.0133333333333333,0.0,0.0,-4.373460418886893,0.0336666666666666,101,0.9663333333333334,1.097293343087052,2734,1,2497,0.3383007902196674,False,0.0012155000003986,46,archived_rho_0.5_unchanged,-10.631164868124419,False,ok,
5,Normal,3000,5,0.5,fresh_n,30,2026105730,,-1.0,6.257704449237527,False,17,inf,0.0,0.0,0.0,False,0.0,0.0066666666666666,0.9146666666666666,0.069,0.0096666666666666,0.0,0.0,-4.935507321649639,0.032,96,0.968,1.0787486515641855,2781,1,2593,0.3105611636796622,False,0.0011435839696787,46,archived_rho_0.5_unchanged,-11.193211770887165,False,ok,
5,Normal,3000,5,0.5,fresh_n,30,2026105730,,-1.0,6.257704449237527,False,18,inf,0.0,0.0,0.0,False,0.0,0.0066666666666666,0.9273333333333332,0.061,0.005,0.0,0.0,-5.068422477304093,0.019,57,0.981,1.0589481115425343,2833,1,2683,0.1970253863481644,False,0.0010877080494537,46,archived_rho_0.5_unchanged,-11.326126926541619,False,ok,
5,Normal,3000,5,0.5,fresh_n,30,2026105730,,-1.0,6.257704449237527,False,19,inf,0.0,0.0,0.0,False,0.0,0.0066666666666666,0.9426666666666668,0.0463333333333333,0.0043333333333333,0.0,0.0,-5.160129941848509,0.0176666666666666,53,0.9823333333333332,1.0515247108307044,2853,1,2722,0.1870074066293501,False,0.0010831250110641,46,archived_rho_0.5_unchanged,-11.417834391086036,False,ok,
5,Normal,3000,5,0.5,fresh_n,30,2026105730,,-1.0,6.257704449237527,False,20,inf,0.0,0.0,0.0,False,0.0,0.0066666666666666,0.9546666666666668,0.0366666666666666,0.002,0.0,0.0,-4.564208932456469,0.006,18,0.994,1.0377032168799722,2891,1,2787,0.0969218084683822,False,0.0010311669902876,46,archived_rho_0.5_unchanged,-10.821913381693996,False,ok,
5,Normal,3000,5,0.5,fresh_n,30,2026105730,,-1.0,6.257704449237527,False,21,inf,0.0,0.0,0.0,False,0.0,0.0066666666666666,0.9673333333333334,0.025,0.001,0.0,0.0,-7.133555105946312,0.0046666666666666,14,0.9953333333333332,1.0231923601637107,2932,1,2867,0.0656387816713433,False,0.0010036670137196,46,archived_rho_0.5_unchanged,-13.391259555183838,False,ok,
5,Normal,3000,5,0.5,fresh_n,30,2026105730,,-1.0,6.257704449237527,False,22,inf,0.0,0.0,0.0,False,0.0,0.0066666666666666,0.966,0.0266666666666666,0.0006666666666666,0.0,0.0,-5.538715969784761,0.005,15,0.995,1.0235414534288638,2931,1,2866,0.072204497985054,False,0.0009834580123424,46,archived_rho_0.5_unchanged,-11.796420419022287,False,ok,
5,Normal,3000,5,0.5,fresh_n,30,2026105730,,-1.0,6.257704449237527,False,23,inf,0.0,0.0,0.0,False,0.0,0.0066666666666666,0.9686666666666668,0.024,0.0006666666666666,0.0,0.0,-6.835696598635265,0.0036666666666666,11,0.9963333333333332,1.01763907734057,2948,1,2898,0.0472163111463607,False,0.0009590830304659,46,archived_rho_0.5_unchanged,-13.093401047872792,False,ok,
5,Normal,3000,5,0.5,fresh_n,30,2026105730,,-1.0,6.257704449237527,False,24,inf,0.0,0.0,0.0,False,0.0,0.0066666666666666,0.9773333333333334,0.0156666666666666,0.0003333333333333,0.0,0.0,-6.077818113995484,0.002,6,0.998,1.0107816711590296,2968,1,2937,0.0269645409760407,False,0.0009614999871701,46,archived_rho_0.5_unchanged,-12.33552256323301,False,ok,
5,Normal,3000,5,0.5,fresh_n,30,2026105730,,-1.0,6.257704449237527,False,25,inf,0.0,0.0,0.0,False,0.0,0.0066666666666666,0.982,0.0113333333333333,0.0,0.0,0.0,-6.2018397410718835,0.001,3,0.999,1.011804384485666,2965,1,2931,0.029549477695342,False,0.0009460840374231,46,archived_rho_0.5_unchanged,-12.45954419030941,False,ok,
5,Normal,3000,5,0.5,fresh_n,30,2026105730,,-1.0,6.257704449237527,False,26,inf,0.0,0.0,0.0,False,0.0,0.0066666666666666,0.9833333333333332,0.0093333333333333,0.0006666666666666,0.0,0.0,-10.241643156007306,0.0006666666666666,2,0.9993333333333332,1.0101010101010102,2970,1,2940,0.0199999999999999,False,0.0009518340229988,46,archived_rho_0.5_unchanged,-16.499347605244832,False,ok,
5,Normal,3000,5,0.5,fresh_n,30,2026105730,,-1.0,6.257704449237527,False,27,inf,0.0,0.0,0.0,False,0.0,0.0066666666666666,0.9823333333333332,0.011,0.0,0.0,0.0,-7.0692843710143665,0.0016666666666666,5,0.9983333333333332,1.0104412260020208,2969,1,2939,0.025347019757478,False,0.0009669589926488,46,archived_rho_0.5_unchanged,-13.326988820251893,False,ok,
5,Normal,3000,5,0.5,fresh_n,30,2026105730,,-1.0,6.257704449237527,False,28,inf,0.0,0.0,0.0,False,0.0,0.0066666666666666,0.9866666666666668,0.0063333333333333,0.0003333333333333,0.0,0.0,0.0,0.0,0,1.0,1.0063737001006374,2981,1,2962,0.0126666666666666,False,0.0009335829527117,46,archived_rho_0.5_unchanged,-6.257704449237527,True,ok,
5,Normal,3000,5,0.5,fresh_n,30,2026105730,,-1.0,6.257704449237527,False,29,inf,0.0,0.0,0.0,False,0.0,0.0066666666666666,0.9846666666666668,0.0086666666666666,0.0,0.0,0.0,-9.12144287931134,0.0006666666666666,2,0.9993333333333332,1.0090817356205852,2973,1,2946,0.0179999999999999,False,0.0009340830147266,46,archived_rho_0.5_unchanged,-15.379147328548868,False,ok,
5,Normal,3000,5,0.5,fresh_n,30,2026105730,,-1.0,6.257704449237527,False,30,inf,0.0,0.0,0.0,False,0.0,0.0066666666666666,0.9886666666666668,0.0046666666666666,0.0,0.0,0.0,-12.33242316241654,0.0003333333333333,1,0.9996666666666668,1.0060362173038229,2982,1,2964,0.0119999999999999,False,0.0009497080463916,46,archived_rho_0.5_unchanged,-18.590127611654065,False,ok,
5,Normal,3000,5,0.5,fresh_n,30,2026105730,,-1.0,6.257704449237527,False,31,inf,0.0,0.0,0.0,False,0.0,0.0066666666666666,0.9876666666666668,0.0053333333333333,0.0003333333333333,0.0,0.0,-7.021422336180716,0.001,3,0.999,1.0040160642570282,2988,1,2976,0.0079999999999999,False,0.0009193340083584,46,archived_rho_0.5_unchanged,-13.279126785418242,False,ok,
5,Normal,3000,5,0.5,fresh_n,30,2026105730,,-1.0,6.257704449237527,False,32,inf,0.0,0.0,0.0,False,0.0,0.0066666666666666,0.991,0.0023333333333333,0.0,0.0,0.0,-12.33242316241654,0.0003333333333333,1,0.9996666666666668,1.0040160642570282,2988,1,2976,0.0079999999999999,False,0.0009263330139219,46,archived_rho_0.5_unchanged,-18.590127611654065,False,ok,
5,Normal,3000,5,0.5,fresh_n,30,2026105730,,-1.0,6.257704449237527,False,33,inf,0.0,0.0,0.0,False,0.0,0.0066666666666666,0.9903333333333332,0.003,0.0,0.0,0.0,-7.629726566695007,0.0006666666666666,2,0.9993333333333332,1.0013351134846462,2996,1,2992,0.0026666666666666,False,0.0009003750164993,46,archived_rho_0.5_unchanged,-13.887431015932535,False,ok,
5,Normal,3000,5,0.5,fresh_n,30,2026105730,,-1.0,6.257704449237527,False,34,inf,0.0,0.0,0.0,False,0.0,0.0066666666666666,0.9896666666666668,0.0036666666666666,0.0,0.0,0.0,0.0,0.0,0,1.0,1.004352192835621,2987,1,2974,0.0086666666666666,False,0.0009162920177914,46,archived_rho_0.5_unchanged,-6.257704449237527,True,ok,
5,Normal,3000,5,0.5,fresh_n,30,2026105730,,-1.0,6.257704449237527,False,35,inf,0.0,0.0,0.0,False,0.0,0.0066666666666666,0.992,0.0013333333333333,0.0,0.0,0.0,0.0,0.0,0,1.0,1.0003334444814935,2999,1,2998,0.0006666666666666,False,0.0009120830218307,46,archived_rho_0.5_unchanged,-6.257704449237527,True,ok,
5,Normal,3000,5,0.5,fresh_n,30,2026105730,,-1.0,6.257704449237527,False,36,inf,0.0,0.0,0.0,False,0.0,0.0066666666666666,0.99,0.0033333333333333,0.0,0.0,0.0,-9.85246770396694,0.0003333333333333,1,0.9996666666666668,1.0046885465505693,2986,1,2972,0.0093333333333333,False,0.0009183340007439,46,archived_rho_0.5_unchanged,-16.110172153204466,False,ok,
5,Normal,3000,5,0.5,fresh_n,30,2026105730,,-1.0,6.257704449237527,False,37,inf,0.0,0.0,0.0,False,0.0,0.0066666666666666,0.9913333333333332,0.002,0.0,0.0,0.0,-4.172799870251357,0.0003333333333333,1,0.9996666666666668,1.0006671114076051,2998,1,2996,0.0013333333333333,False,0.0009239580249413,46,archived_rho_0.5_unchanged,-10.430504319488882,False,ok,
5,Normal,3000,5,0.5,fresh_n,30,2026105730,,-1.0,6.257704449237527,False,38,inf,0.0,0.0,0.0,False,0.0,0.0066666666666666,0.9923333333333332,0.001,0.0,0.0,0.0,0.0,0.0,0,1.0,1.0013351134846462,2996,1,2992,0.0026666666666666,False,0.0009181249770335,46,archived_rho_0.5_unchanged,-6.257704449237527,True,ok,
5,Normal,3000,5,0.5,fresh_n,30,2026105730,,-1.0,6.257704449237527,False,39,inf,0.0,0.0,0.0,False,0.0,0.0066666666666666,0.993,0.0003333333333333,0.0,0.0,0.0,0.0,0.0,0,1.0,1.001669449081803,2995,1,2990,0.0033333333333333,False,0.0009128330275416,46,archived_rho_0.5_unchanged,-6.257704449237527,True,ok,
5,Normal,3000,5,0.5,fresh_n,30,2026105730,,-1.0,6.257704449237527,False,40,inf,0.0,0.0,0.0,False,0.0,0.0066666666666666,0.9916666666666668,0.0016666666666666,0.0,0.0,0.0,-12.33242316241654,0.0003333333333333,1,0.9996666666666668,1.001001001001001,2997,1,2994,0.002,False,0.0009006670443341,46,archived_rho_0.5_unchanged,-18.590127611654065,False,ok,
