seed,method,component_kind,selected,ell,score,training_coverage,conditional_training_coverage,integrated_mass,cv_score,pooled_cv_coverage,pooled_stable_5,conditional_cv_coverage,conditional_stable_5,minimum_stable_5,class0_stable,class1_stable,stable_coverage,fallback,feasible_candidates,guard,invalid_candidates,step,feature,label_entropy,outside_mi_bounds,features,tau,folds,k,diagnostic_folds
42,PSS class-aware SC-CV,subset,True,5.0,0.04810356997129517,1.0,1.0,1.0198705332298446,-0.7592858031620593,0.9988417547415666,0.9988417547415666,0.998085513720485,0.998085513720485,0.998085513720485,0.9981447124304267,0.998085513720485,0.998085513720485,False,5.0,True,0.0,1.0,12.0,0.6888615570513327,False,12,0.9,5.0,,
42,PSS class-aware SC-CV,subset,True,5.0,0.1455641795728404,0.9998552193426958,0.9996809189534142,1.068174231188974,-9.827542789582093,0.9923266251628783,0.992181844505574,0.9851627313337588,0.9845245692405871,0.9845245692405871,0.987012987012987,0.9845245692405871,0.9845245692405871,False,5.0,True,0.0,2.0,0.0,0.6888615570513327,False,"12,0",0.9,5.0,,
42,PSS class-aware SC-CV,subset,True,5.0,0.39127183751134,0.9989865353988707,0.9976146302676915,1.1693829451499513,-10.648470557815736,0.9690169393369046,0.9688721586796004,0.9355456285896617,0.9350670070197831,0.9350670070197831,0.9420885237211768,0.9350670070197831,0.9350670070197831,False,5.0,True,0.0,3.0,6.0,0.6888615570513327,False,"12,0,6",0.9,5.0,,
42,PSS class-aware SC-CV,subset,True,4.0,0.19219306166400862,0.9982626321123498,0.996011486917677,1.2606536849779566,-12.048329770543509,0.9559142898508759,0.9554075575503113,0.9117740906190173,0.9112954690491385,0.9112954690491385,0.9361250993904056,0.9112954690491385,0.9112954690491385,False,4.0,True,0.0,4.0,2.0,0.6888615570513327,False,"12,0,6,2",0.9,5.0,,
42,PSS class-aware SC-CV,subset,True,3.0,0.22275127606074285,0.998407412769654,0.9963305679642629,1.3554499146653916,-12.907678964300057,0.952005212103663,0.9517880411177067,0.9020421186981493,0.9017230376515635,0.9017230376515635,0.9330771269546779,0.9017230376515635,0.9017230376515635,False,3.0,True,0.0,5.0,3.0,0.6888615570513327,False,"12,0,6,2,3",0.9,5.0,,
42,PSS class-aware SC-CV,subset,True,2.0,0.2864095825721762,0.9992760967134791,0.9974473516273133,1.2960803034818194,-13.250099578448335,0.971695381497032,0.9715506008397278,0.9398532227185705,0.9396936821952776,0.9396936821952776,0.960376358335542,0.9396936821952776,0.9396936821952776,False,2.0,True,0.0,6.0,14.0,0.6888615570513327,False,"12,0,6,2,3,14",0.9,5.0,,
42,PSS class-aware SC-CV,subset,True,2.0,0.42379074423184093,0.9986969740842624,0.9969687300574346,1.439553870769349,-14.420876219255794,0.954394092949182,0.9543217026205298,0.9089023611997448,0.9085832801531589,0.9085832801531589,0.9330771269546779,0.9085832801531589,0.9085832801531589,False,2.0,True,0.0,7.0,16.0,0.6888615570513327,False,"12,0,6,2,3,14,16",0.9,5.0,,
42,PSS class-aware SC-CV,subset,True,1.0,0.0694514523002514,1.0,1.0,1.0994658439068807,-12.479212030556466,0.9983350224410019,0.9983350224410019,0.9966496490108487,0.9966496490108487,0.9966496490108487,0.9973495891863239,0.9966496490108487,0.9966496490108487,False,1.0,True,0.0,8.0,18.0,0.6888615570513327,False,"12,0,6,2,3,14,16,18",0.9,5.0,,
42,PSS class-aware SC-CV,subset,True,1.0,0.10348185413593392,1.0,1.0,1.110455908716876,-12.843015060508767,0.9980454611263935,0.9980454611263935,0.9963305679642629,0.9963305679642629,0.9963305679642629,0.9968195070235887,0.9963305679642629,0.9963305679642629,False,1.0,True,0.0,9.0,11.0,0.6888615570513327,False,"12,0,6,2,3,14,16,18,11",0.9,5.0,,
42,PSS class-aware SC-CV,subset,True,1.0,0.13255150216084743,1.0,1.0,1.1221210224117462,-13.236567101373986,0.9979006804690893,0.9979006804690893,0.996011486917677,0.996011486917677,0.996011486917677,0.9964219454015373,0.996011486917677,0.996011486917677,False,1.0,True,0.0,10.0,19.0,0.6888615570513327,False,"12,0,6,2,3,14,16,18,11,19",0.9,5.0,,
42,PSS class-aware SC-CV,subset,True,1.0,0.161309272140981,1.0,1.0,1.1363672076125666,-14.005401911258224,0.9977558998117851,0.9977558998117851,0.9956924058710912,0.9956924058710912,0.9956924058710912,0.9961569043201697,0.9956924058710912,0.9956924058710912,False,1.0,True,0.0,11.0,4.0,0.6888615570513327,False,"12,0,6,2,3,14,16,18,11,19,4",0.9,5.0,,
42,PSS class-aware SC-CV,subset,True,1.0,0.18673591030817427,1.0,1.0,1.150334655172868,-14.35986734982206,0.997611119154481,0.997611119154481,0.9953733248245055,0.9953733248245055,0.9953733248245055,0.9960243837794858,0.9953733248245055,0.9953733248245055,False,1.0,True,0.0,12.0,8.0,0.6888615570513327,False,"12,0,6,2,3,14,16,18,11,19,4,8",0.9,5.0,,
42,PSS class-aware SC-CV,subset,True,1.0,0.20693368257951583,1.0,1.0,1.1636272850045604,-14.643544854571452,0.9974663384971768,0.9974663384971768,0.9952137843012125,0.9952137843012125,0.9952137843012125,0.9957593426981182,0.9952137843012125,0.9952137843012125,False,1.0,True,0.0,13.0,24.0,0.6888615570513327,False,"12,0,6,2,3,14,16,18,11,19,4,8,24",0.9,5.0,,
42,PSS class-aware SC-CV,subset,True,1.0,0.22099568155970317,1.0,1.0,1.1782888130036273,-15.472095308506882,0.9973215578398726,0.9973215578398726,0.9948947032546267,0.9948947032546267,0.9948947032546267,0.9954943016167506,0.9948947032546267,0.9948947032546267,False,1.0,True,0.0,14.0,10.0,0.6888615570513327,False,"12,0,6,2,3,14,16,18,11,19,4,8,24,10",0.9,5.0,,
42,PSS class-aware SC-CV,subset,True,1.0,0.2325526247355416,1.0,1.0,1.1911158845521883,-15.863935282009773,0.9971043868539163,0.9971043868539163,0.9944160816847479,0.9944160816847479,0.9944160816847479,0.995229260535383,0.9944160816847479,0.9944160816847479,False,1.0,True,0.0,15.0,20.0,0.6888615570513327,False,"12,0,6,2,3,14,16,18,11,19,4,8,24,10,20",0.9,5.0,,
42,PSS class-aware SC-CV,subset,True,1.0,0.22740795431736416,1.0,1.0,1.200256569908456,-16.304810928757647,0.9969596061966122,0.9969596061966122,0.9934588385449904,0.9934588385449904,0.9934588385449904,0.9949642194540154,0.9934588385449904,0.9934588385449904,False,1.0,True,0.0,16.0,21.0,0.6888615570513327,False,"12,0,6,2,3,14,16,18,11,19,4,8,24,10,20,21",0.9,5.0,,
42,PSS class-aware SC-CV,subset,True,1.0,0.18777516880845013,1.0,1.0,1.2147019027435386,-19.59941793864022,0.996814825539308,0.996814825539308,0.9931397574984046,0.9931397574984046,0.9931397574984046,0.994566657831964,0.9931397574984046,0.9931397574984046,False,1.0,True,0.0,17.0,23.0,0.6888615570513327,False,"12,0,6,2,3,14,16,18,11,19,4,8,24,10,20,21,23",0.9,5.0,,
42,PSS class-aware SC-CV,subset,True,1.0,0.13058670671571448,1.0,1.0,1.225984005628243,-19.947927558420368,0.9966700448820037,0.9966700448820037,0.9928206764518187,0.9928206764518187,0.9928206764518187,0.9944341372912802,0.9928206764518187,0.9928206764518187,False,1.0,True,0.0,18.0,7.0,0.6888615570513327,False,"12,0,6,2,3,14,16,18,11,19,4,8,24,10,20,21,23,7",0.9,5.0,,
42,PSS class-aware SC-CV,subset,True,1.0,0.043957593429823305,1.0,1.0,1.239325536600415,-20.30704151571701,0.9965252642246996,0.9965252642246996,0.992501595405233,0.992501595405233,0.992501595405233,0.9941690962099126,0.992501595405233,0.992501595405233,False,1.0,True,0.0,19.0,15.0,0.6888615570513327,False,"12,0,6,2,3,14,16,18,11,19,4,8,24,10,20,21,23,7,15",0.9,5.0,,
42,PSS class-aware SC-CV,subset,True,1.0,-0.11078491628650156,1.0,1.0,1.253622739065194,-20.645638867852014,0.9963804835673954,0.9963804835673954,0.9921825143586471,0.9921825143586471,0.9921825143586471,0.9940365756692288,0.9921825143586471,0.9921825143586471,False,1.0,True,0.0,20.0,13.0,0.6888615570513327,True,"12,0,6,2,3,14,16,18,11,19,4,8,24,10,20,21,23,7,15,13",0.9,5.0,,
42,PSS-JMI,singleton,False,5.0,-0.0009039062993032587,1.0,1.0,1.0192398895335075,-9.186467632662229,0.9989141450702186,0.9989141450702186,0.9981447124304267,0.9977471508083753,0.9977471508083753,0.9977471508083753,0.9979259731971921,0.9977471508083753,False,5.0,True,0.0,,,0.6888615570513327,True,0,0.95,5.0,,
42,PSS-JMI,singleton,False,5.0,-0.5969125020091357,1.0,1.0,1.0234543784443666,-1.8070885900676412,0.9991313160561749,0.9991313160561749,0.9984045947670709,0.9984045947670709,0.9984045947670709,0.9988073151338458,0.9984045947670709,0.9984045947670709,False,5.0,True,0.0,,,0.6888615570513327,True,1,0.95,5.0,,
42,PSS-JMI,singleton,False,4.0,0.0320204280821752,1.0,1.0,1.0151815681969314,-0.8303617036343546,0.9992760967134791,0.9992760967134791,0.9985641352903637,0.9985641352903637,0.9985641352903637,0.9986747945931619,0.9985641352903637,0.9985641352903637,False,5.0,True,0.0,,,0.6888615570513327,False,2,0.95,5.0,,
42,PSS-JMI,singleton,False,5.0,-0.32178579580672395,1.0,1.0,1.0187133742774839,-0.9382817137403522,0.9989141450702186,0.9989141450702186,0.9971282705807275,0.9971282705807275,0.9971282705807275,0.9980121918897429,0.9971282705807275,0.9971282705807275,False,5.0,True,0.0,,,0.6888615570513327,True,3,0.95,5.0,,
42,PSS-JMI,singleton,False,5.0,0.027839729088140364,1.0,1.0,1.0145642155966739,-0.7789193029604784,0.9989141450702186,0.9989141450702186,0.9976068921506063,0.9976068921506063,0.9976068921506063,0.9980121918897429,0.9976068921506063,0.9976068921506063,False,5.0,True,0.0,,,0.6888615570513327,False,4,0.95,5.0,,
42,PSS-JMI,singleton,False,5.0,-0.4840844783509677,1.0,1.0,1.0248103086725375,-1.5043751529273404,0.9994208773707832,0.9994208773707832,0.998085513720485,0.998085513720485,0.998085513720485,0.9984097535117943,0.998085513720485,0.998085513720485,False,5.0,True,0.0,,,0.6888615570513327,True,5,0.95,5.0,,
42,PSS-JMI,singleton,False,5.0,0.020720055648126512,1.0,1.0,1.0182437602140022,-0.5939890855402998,0.9991313160561749,0.9991313160561749,0.998085513720485,0.998085513720485,0.998085513720485,0.9985422740524781,0.998085513720485,0.998085513720485,False,5.0,True,0.0,,,0.6888615570513327,False,6,0.95,5.0,,
42,PSS-JMI,singleton,False,5.0,-0.6776752703297164,1.0,1.0,1.0219001839959303,-1.2780854881671606,0.9992760967134791,0.9992760967134791,0.9977664326738992,0.9977664326738992,0.9977664326738992,0.9984097535117943,0.9977664326738992,0.9977664326738992,False,5.0,True,0.0,,,0.6888615570513327,True,7,0.95,5.0,,
42,PSS-JMI,singleton,False,1.0,0.02542663816719598,1.0,1.0,1.0122913152251605,-0.3513418312604422,0.9998552193426958,0.9998552193426958,0.9996809189534142,0.9996809189534142,0.9996809189534142,0.9997349589186324,0.9996809189534142,0.9996809189534142,False,5.0,True,0.0,,,0.6888615570513327,False,8,0.95,5.0,,
42,PSS-JMI,singleton,False,5.0,-0.692232488873572,1.0,1.0,1.0225489026551597,-1.8576297133890407,0.9991313160561749,0.9991313160561749,0.998085513720485,0.998085513720485,0.998085513720485,0.9986747945931619,0.998085513720485,0.998085513720485,False,5.0,True,0.0,,,0.6888615570513327,True,9,0.95,5.0,,
42,PSS-JMI,singleton,False,5.0,0.030669978494349492,1.0,1.0,1.0158160385676789,-0.8446471337408383,0.9989141450702186,0.9989141450702186,0.9984045947670709,0.9984045947670709,0.9984045947670709,0.9985422740524781,0.9984045947670709,0.9984045947670709,False,5.0,True,0.0,,,0.6888615570513327,False,10,0.95,5.0,,
42,PSS-JMI,singleton,False,5.0,0.042983688292788425,1.0,1.0,1.0169108087147174,-0.3708590776850379,0.9994208773707832,0.9994208773707832,0.9974473516273133,0.9974473516273133,0.9974473516273133,0.9985422740524781,0.9974473516273133,0.9974473516273133,False,5.0,True,0.0,,,0.6888615570513327,False,11,0.95,5.0,,
42,PSS-JMI,singleton,True,5.0,0.04810356997129517,1.0,1.0,1.0198705332298446,-0.7592858031620593,0.9988417547415666,0.9988417547415666,0.998085513720485,0.998085513720485,0.998085513720485,0.9981447124304267,0.998085513720485,0.998085513720485,False,5.0,True,0.0,,,0.6888615570513327,False,12,0.95,5.0,,
42,PSS-JMI,singleton,False,5.0,-0.5578758871076611,1.0,1.0,1.0241779504447466,-1.2814627598940977,0.9989865353988707,0.9989865353988707,0.9979259731971921,0.9979259731971921,0.9979259731971921,0.9985422740524781,0.9979259731971921,0.9979259731971921,False,5.0,True,0.0,,,0.6888615570513327,True,13,0.95,5.0,,
42,PSS-JMI,singleton,False,2.0,0.026570015404903224,1.0,1.0,1.013410702257602,-0.3450634677067263,0.9997104386853917,0.9997104386853917,0.9988832163369495,0.9988832163369495,0.9988832163369495,0.9992048767558972,0.9988832163369495,0.9988832163369495,False,5.0,True,0.0,,,0.6888615570513327,False,14,0.95,5.0,,
42,PSS-JMI,singleton,False,5.0,-0.6007956812060358,1.0,1.0,1.0229895183789903,-1.1113839482913181,0.9989865353988707,0.9989865353988707,0.998245054243778,0.998245054243778,0.998245054243778,0.9985422740524781,0.998245054243778,0.998245054243778,False,5.0,True,0.0,,,0.6888615570513327,True,15,0.95,5.0,,
42,PSS-JMI,singleton,False,5.0,0.036809618672252686,1.0,1.0,1.0170514137246707,-0.3595918589122708,0.999203706384827,0.999203706384827,0.9977471508083753,0.9977471508083753,0.9977471508083753,0.9977471508083753,0.998245054243778,0.9977471508083753,False,5.0,True,0.0,,,0.6888615570513327,False,16,0.95,5.0,,
42,PSS-JMI,singleton,False,5.0,-0.4898847321616233,1.0,1.0,1.0271988078900867,-1.9288427969667226,0.999203706384827,0.999203706384827,0.998245054243778,0.998245054243778,0.998245054243778,0.9984097535117943,0.998245054243778,0.998245054243778,False,5.0,True,0.0,,,0.6888615570513327,True,17,0.95,5.0,,
42,PSS-JMI,singleton,False,5.0,0.03185544228513082,1.0,1.0,1.0183321324939265,-0.4273840244924919,0.9991313160561749,0.9991313160561749,0.9974473516273133,0.9974473516273133,0.9974473516273133,0.9986747945931619,0.9974473516273133,0.9974473516273133,False,5.0,True,0.0,,,0.6888615570513327,False,18,0.95,5.0,,
42,PSS-JMI,singleton,False,5.0,0.03366135272305015,1.0,1.0,1.0168189160432375,-0.3988475285038399,0.9990589257275228,0.9990589257275228,0.998085513720485,0.998085513720485,0.998085513720485,0.9986747945931619,0.998085513720485,0.998085513720485,False,5.0,True,0.0,,,0.6888615570513327,False,19,0.95,5.0,,
42,PSS-JMI,singleton,False,5.0,0.02487580528123018,1.0,1.0,1.0175897607679423,-0.41897932608143723,0.9987693644129144,0.9987693644129144,0.9982772329711105,0.9982772329711105,0.9982772329711105,0.9982772329711105,0.9984045947670709,0.9982772329711105,False,5.0,True,0.0,,,0.6888615570513327,False,20,0.95,5.0,,
42,PSS-JMI,singleton,False,5.0,-0.1530747494456195,1.0,1.0,1.0191757427021204,-0.71611451628424,0.9992760967134791,0.9992760967134791,0.9969687300574346,0.9969687300574346,0.9969687300574346,0.9980121918897429,0.9969687300574346,0.9969687300574346,False,5.0,True,0.0,,,0.6888615570513327,True,21,0.95,5.0,,
42,PSS-JMI,singleton,False,5.0,-0.6850972789565253,1.0,1.0,1.0277711003280752,-4.206401784037558,0.9986969740842624,0.9986969740842624,0.9974473516273133,0.9974473516273133,0.9974473516273133,0.9984097535117943,0.9974473516273133,0.9974473516273133,False,5.0,True,0.0,,,0.6888615570513327,True,22,0.95,5.0,,
42,PSS-JMI,singleton,False,5.0,-0.22608074232239472,1.0,1.0,1.0188303217260086,-3.655720285319613,0.9991313160561749,0.9991313160561749,0.9984045947670709,0.9984045947670709,0.9984045947670709,0.9986747945931619,0.9984045947670709,0.9984045947670709,False,5.0,True,0.0,,,0.6888615570513327,True,23,0.95,5.0,,
42,PSS-JMI,singleton,False,5.0,0.01651830823804601,1.0,1.0,1.0161038417696042,-0.2944932078409217,0.999203706384827,0.999203706384827,0.9981447124304267,0.9981447124304267,0.9981447124304267,0.9981447124304267,0.9988832163369495,0.9981447124304267,False,5.0,True,0.0,,,0.6888615570513327,False,24,0.95,5.0,,
42,PSS-JMI,pair,False,5.0,-0.49700601396629907,0.9998552193426958,0.9993618379068283,1.0672857267747453,-10.58119853831809,0.9931953091067034,0.9930505284493991,0.9870772176132737,0.986758136566688,0.986758136566688,0.9874105486350384,0.986758136566688,0.986758136566688,False,5.0,True,0.0,,,0.6888615570513327,True,"0,1",0.95,5.0,,
42,PSS-JMI,pair,True,5.0,0.08526942790798486,0.9997828290140437,0.9995213784301212,1.0532491091025487,-9.95994397300389,0.994498335022441,0.9944259446937889,0.9881940012763242,0.9880344607530313,0.9880344607530313,0.9899284389080307,0.9880344607530313,0.9880344607530313,False,5.0,True,0.0,,,0.6888615570513327,False,"0,2",0.95,5.0,,
42,PSS-JMI,pair,True,5.0,-0.1718204073974583,0.9999276096713479,0.9996024383779486,1.0598857296616613,-9.930836243771681,0.992905747792095,0.9927609671347908,0.9858008934269304,0.9851627313337588,0.9851627313337588,0.9891333156639279,0.9851627313337588,0.9851627313337588,False,5.0,True,0.0,,,0.6888615570513327,True,"0,3",0.95,5.0,,
42,PSS-JMI,pair,True,5.0,0.11518827281101096,0.9999276096713479,0.9998404594767071,1.0537982361067264,-9.904055938443301,0.9943535543651368,0.9941363833791805,0.9878749202297383,0.9872367581365666,0.9872367581365666,0.9887357540418765,0.9872367581365666,0.9872367581365666,False,5.0,True,0.0,,,0.6888615570513327,False,"0,4",0.95,5.0,,
42,PSS-JMI,pair,True,5.0,-0.4159024268766469,0.9999276096713479,0.999337397296581,1.0685568951191484,-10.323863306926336,0.9934124800926596,0.9932676994353554,0.9869176770899809,0.9864390555201021,0.9864390555201021,0.9880731513384574,0.9864390555201021,0.9864390555201021,False,5.0,True,0.0,,,0.6888615570513327,True,"0,5",0.95,5.0,,
42,PSS-JMI,pair,True,5.0,0.08488873638435912,0.9999276096713479,0.9998404594767071,1.0595684691026512,-9.721640110080447,0.992905747792095,0.9926885768061386,0.9859604339502234,0.9854818123803446,0.9854818123803446,0.987012987012987,0.9854818123803446,0.9854818123803446,False,5.0,True,0.0,,,0.6888615570513327,False,"0,6",0.95,5.0,,
42,PSS-JMI,pair,False,5.0,-0.5019725699975215,0.9998552193426958,0.9994699178372648,1.06667876592096,-10.104555741295702,0.9934124800926596,0.9932676994353554,0.9858008934269304,0.9856413529036375,0.9856413529036375,0.9875430691757222,0.9856413529036375,0.9856413529036375,False,5.0,True,0.0,,,0.6888615570513327,True,"0,7",0.95,5.0,,
42,PSS-JMI,pair,True,5.0,0.1341186454663994,0.9998552193426958,0.9994699178372648,1.06350111992134,-9.464237309867643,0.9931229187780513,0.992905747792095,0.9850031908104658,0.9845245692405871,0.9845245692405871,0.9875430691757222,0.9845245692405871,0.9845245692405871,False,5.0,True,0.0,,,0.6888615570513327,False,"0,8",0.95,5.0,,
42,PSS-JMI,pair,False,5.0,-0.6513158097658813,0.9997828290140437,0.9993618379068283,1.0655536568009003,-10.659152668367105,0.9923266251628783,0.9922542348342261,0.9856413529036375,0.9851627313337588,0.9851627313337588,0.9872780280943546,0.9851627313337588,0.9851627313337588,False,5.0,True,0.0,,,0.6888615570513327,True,"0,9",0.95,5.0,,
42,PSS-JMI,pair,True,5.0,0.08396024716151551,0.9998552193426958,0.9996809189534142,1.0579928267205725,-9.98166859567134,0.9926885768061386,0.9924714058201825,0.9850031908104658,0.9845245692405871,0.9845245692405871,0.987012987012987,0.9845245692405871,0.9845245692405871,False,5.0,True,0.0,,,0.6888615570513327,False,"0,10",0.95,5.0,,
42,PSS-JMI,pair,True,5.0,0.12501914192327668,1.0,0.9992048767558972,1.0598543102962505,-9.463865941233573,0.9939916027218764,0.9937744317359201,0.9861199744735163,0.9856413529036375,0.9856413529036375,0.9893983567452955,0.9856413529036375,0.9856413529036375,False,5.0,True,0.0,,,0.6888615570513327,False,"0,11",0.95,5.0,,
42,PSS-JMI,pair,True,5.0,0.1455641795728404,0.9998552193426958,0.9996809189534142,1.068174231188974,-9.827542789582093,0.9923266251628783,0.992181844505574,0.9851627313337588,0.9845245692405871,0.9845245692405871,0.987012987012987,0.9845245692405871,0.9845245692405871,False,5.0,True,0.0,,,0.6888615570513327,False,"0,12",0.95,5.0,,
42,PSS-JMI,pair,True,5.0,-0.40397897662821336,0.9997104386853917,0.9995213784301212,1.0692796017730242,-10.174988788460162,0.9930505284493991,0.992905747792095,0.9858008934269304,0.9854818123803446,0.9854818123803446,0.9860853432282004,0.9854818123803446,0.9854818123803446,False,5.0,True,0.0,,,0.6888615570513327,True,"0,13",0.95,5.0,,
42,PSS-JMI,pair,True,5.0,0.12932292297686665,0.9997104386853917,0.9995213784301212,1.0619994268044803,-9.453744136953167,0.992905747792095,0.992905747792095,0.9858008934269304,0.9858008934269304,0.9858008934269304,0.9875430691757222,0.9858008934269304,0.9858008934269304,False,5.0,True,0.0,,,0.6888615570513327,False,"0,14",0.95,5.0,,
42,PSS-JMI,pair,True,5.0,-0.4288196878559116,0.9997104386853917,0.9995213784301212,1.0678298160292123,-9.978243257359956,0.9932676994353554,0.9931229187780513,0.9858008934269304,0.9858008934269304,0.9858008934269304,0.986350384309568,0.9858008934269304,0.9858008934269304,False,5.0,True,0.0,,,0.6888615570513327,True,"0,15",0.95,5.0,,
42,PSS-JMI,pair,True,5.0,0.12247499832361441,0.9997828290140437,0.9995213784301212,1.0614772642813666,-9.457331586040779,0.9930505284493991,0.9927609671347908,0.9856413529036375,0.9853222718570517,0.9853222718570517,0.9879406307977736,0.9853222718570517,0.9853222718570517,False,5.0,True,0.0,,,0.6888615570513327,False,"0,16",0.95,5.0,,
42,PSS-JMI,pair,False,5.0,-0.45538213593323995,0.9997828290140437,0.9995213784301212,1.0722710120328813,-10.710131452137695,0.9930505284493991,0.992905747792095,0.9843650287172941,0.9843650287172941,0.9843650287172941,0.9875430691757222,0.9843650287172941,0.9843650287172941,False,5.0,True,0.0,,,0.6888615570513327,True,"0,17",0.95,5.0,,
42,PSS-JMI,pair,True,5.0,0.10610945967015084,0.9997828290140437,0.9995213784301212,1.0617454618354796,-9.532287205474617,0.992905747792095,0.9928333574634429,0.9826100829610721,0.9826100829610721,0.9826100829610721,0.9883381924198251,0.9826100829610721,0.9826100829610721,False,5.0,True,0.0,,,0.6888615570513327,False,"0,18",0.95,5.0,,
42,PSS-JMI,pair,True,5.0,0.13193759961120932,1.0,0.999337397296581,1.0606956354556232,-9.493797829464368,0.992905747792095,0.9928333574634429,0.9853222718570517,0.9851627313337588,0.9851627313337588,0.9895308772859793,0.9851627313337588,0.9851627313337588,False,5.0,True,0.0,,,0.6888615570513327,False,"0,19",0.95,5.0,,
42,PSS-JMI,pair,True,5.0,0.10242445673525502,0.9997828290140437,0.9992022973835354,1.0614528519320345,-9.532624328285527,0.992109454176922,0.9920370638482698,0.98468410976388,0.9843650287172941,0.9843650287172941,0.9864829048502518,0.9843650287172941,0.9843650287172941,False,5.0,True,0.0,,,0.6888615570513327,False,"0,20",0.95,5.0,,
42,PSS-JMI,pair,True,5.0,-0.008006979784154211,0.9998552193426958,0.999337397296581,1.0609754522258499,-9.71850909646207,0.993702041407268,0.993702041407268,0.9859604339502234,0.9859604339502234,0.9859604339502234,0.9886032335011927,0.9859604339502234,0.9859604339502234,False,5.0,True,0.0,,,0.6888615570513327,True,"0,21",0.95,5.0,,
42,PSS-JMI,pair,False,5.0,-0.6411036873851153,0.9997828290140437,0.9997349589186324,1.071323701173822,-12.906617982095426,0.9922542348342261,0.992109454176922,0.9848436502871729,0.9845245692405871,0.9845245692405871,0.9872780280943546,0.9845245692405871,0.9845245692405871,False,5.0,True,0.0,,,0.6888615570513327,True,"0,22",0.95,5.0,,
42,PSS-JMI,pair,True,5.0,-0.15907590910947889,0.9997828290140437,0.9994699178372648,1.0620395552086876,-12.63549138962263,0.9929781381207471,0.9927609671347908,0.9851627313337588,0.9843650287172941,0.9843650287172941,0.9867479459316194,0.9843650287172941,0.9843650287172941,False,5.0,True,0.0,,,0.6888615570513327,True,"0,23",0.95,5.0,,
42,PSS-JMI,pair,True,5.0,0.10649965023191399,0.9998552193426958,0.9992022973835354,1.0615234216327682,-9.398843282765164,0.9927609671347908,0.9927609671347908,0.98468410976388,0.98468410976388,0.98468410976388,0.9878081102570898,0.98468410976388,0.98468410976388,False,5.0,True,0.0,,,0.6888615570513327,False,"0,24",0.95,5.0,,
42,PSS-JMI,pair,False,2.0,-0.5582399473140698,1.0,1.0,1.0379003258489672,-2.264355683941857,0.9985521934269581,0.9985521934269581,0.9969520275642725,0.9969520275642725,0.9969520275642725,0.9969520275642725,0.9972878111040204,0.9969520275642725,False,5.0,True,0.0,,,0.6888615570513327,True,"1,2",0.95,5.0,,
42,PSS-JMI,pair,False,5.0,-0.639607212977003,0.9998552193426958,1.0,1.0625181982698315,-2.653708651043003,0.9946431156797452,0.9946431156797452,0.9891512444160817,0.9891512444160817,0.9891512444160817,0.9905910416114497,0.9891512444160817,0.9891512444160817,False,5.0,True,0.0,,,0.6888615570513327,True,"1,3",0.95,5.0,,
42,PSS-JMI,pair,False,4.0,-0.3381721878568231,1.0,1.0,1.0561144251144072,-2.008172141593053,0.9950050673230056,0.9950050673230056,0.9912252712188896,0.9912252712188896,0.9912252712188896,0.9913861648555526,0.9912252712188896,0.9912252712188896,False,5.0,True,0.0,,,0.6888615570513327,True,"1,4",0.95,5.0,,
42,PSS-JMI,pair,False,5.0,-0.96151170881275,1.0,0.9996809189534142,1.0676294214487496,-3.5587122742250443,0.9944259446937889,0.9944259446937889,0.9881940012763242,0.9881940012763242,0.9881940012763242,0.991121123774185,0.9881940012763242,0.9881940012763242,False,5.0,True,0.0,,,0.6888615570513327,True,"1,5",0.95,5.0,,
42,PSS-JMI,pair,False,4.0,-0.34114191074166267,1.0,1.0,1.0626919983670253,-1.714010549485116,0.9946431156797452,0.9946431156797452,0.9888321633694959,0.9888321633694959,0.9888321633694959,0.9893983567452955,0.9888321633694959,0.9888321633694959,False,5.0,True,0.0,,,0.6888615570513327,True,"1,6",0.95,5.0,,
42,PSS-JMI,pair,False,5.0,-0.9865561076404497,0.9999276096713479,0.9998404594767071,1.068863294487896,-3.041284156556011,0.9939916027218764,0.9939916027218764,0.9870772176132737,0.9870772176132737,0.9870772176132737,0.9912536443148688,0.9870772176132737,0.9870772176132737,False,5.0,True,0.0,,,0.6888615570513327,True,"1,7",0.95,5.0,,
42,PSS-JMI,pair,False,5.0,-0.2966686603794293,1.0,1.0,1.0728509701039255,-1.4108246118085952,0.9917475025336615,0.9917475025336615,0.9811742182514359,0.9811742182514359,0.9811742182514359,0.9858203021468328,0.9811742182514359,0.9811742182514359,False,5.0,True,0.0,,,0.6888615570513327,True,"1,8",0.95,5.0,,
42,PSS-JMI,pair,False,5.0,-1.1419460448039493,0.9999276096713479,0.9995213784301212,1.067995325906119,-3.7843176450732967,0.994498335022441,0.994498335022441,0.98851308232291,0.9880344607530313,0.9880344607530313,0.9907235621521335,0.9880344607530313,0.9880344607530313,False,5.0,True,0.0,,,0.6888615570513327,True,"1,9",0.95,5.0,,
42,PSS-JMI,pair,False,5.0,-0.37239559259822763,0.9999276096713479,0.9995213784301212,1.0717310824252728,-2.1588801955780417,0.9913131605617489,0.9913131605617489,0.9843650287172941,0.9837268666241226,0.9837268666241226,0.9866154253909356,0.9837268666241226,0.9837268666241226,False,5.0,True,0.0,,,0.6888615570513327,True,"1,10",0.95,5.0,,
42,PSS-JMI,pair,False,2.0,-0.34892935158812155,1.0,1.0,1.0368372921385212,-1.830014812589912,0.998407412769654,0.998407412769654,0.9970845481049563,0.9970845481049563,0.9970845481049563,0.9970845481049563,0.9971282705807275,0.9970845481049563,False,5.0,True,0.0,,,0.6888615570513327,True,"1,11",0.95,5.0,,
42,PSS-JMI,pair,False,2.0,-0.37871532527482277,1.0,1.0,1.0420084150909639,-1.9492273549935428,0.9985521934269581,0.9985521934269581,0.9972878111040204,0.9972878111040204,0.9972878111040204,0.9977471508083753,0.9972878111040204,0.9972878111040204,False,5.0,True,0.0,,,0.6888615570513327,True,"1,12",0.95,5.0,,
42,PSS-JMI,pair,False,5.0,-1.068268191755708,1.0,1.0,1.0694871083835669,-2.8767743858046697,0.9941363833791805,0.9939916027218764,0.9856413529036375,0.9854818123803446,0.9854818123803446,0.9899284389080307,0.9854818123803446,0.9854818123803446,False,5.0,True,0.0,,,0.6888615570513327,True,"1,13",0.95,5.0,,
42,PSS-JMI,pair,False,2.0,-0.38551760041218475,1.0,1.0,1.0405470821631277,-1.4382181120916486,0.9983350224410019,0.9983350224410019,0.9966496490108487,0.9966496490108487,0.9966496490108487,0.9969520275642725,0.9966496490108487,0.9966496490108487,False,5.0,True,0.0,,,0.6888615570513327,True,"1,14",0.95,5.0,,
42,PSS-JMI,pair,False,5.0,-0.8253144502349015,1.0,1.0,1.0718556835420894,-2.6735950687573853,0.9934124800926596,0.9934124800926596,0.9861199744735163,0.9861199744735163,0.9861199744735163,0.9896633978266631,0.9861199744735163,0.9861199744735163,False,5.0,True,0.0,,,0.6888615570513327,True,"1,15",0.95,5.0,,
42,PSS-JMI,pair,False,2.0,-0.36622068424600185,1.0,1.0,1.0422809245918467,-1.3466853603884321,0.9991313160561749,0.9991313160561749,0.9970845481049563,0.9970845481049563,0.9970845481049563,0.9970845481049563,0.9971282705807275,0.9970845481049563,False,5.0,True,0.0,,,0.6888615570513327,True,"1,16",0.95,5.0,,
42,PSS-JMI,pair,False,5.0,-0.9500692549010585,0.9999276096713479,0.9995213784301212,1.0744667033729247,-3.458700363192082,0.9939916027218764,0.9937744317359201,0.9878749202297383,0.9878749202297383,0.9878749202297383,0.9896633978266631,0.9878749202297383,0.9878749202297383,False,5.0,True,0.0,,,0.6888615570513327,True,"1,17",0.95,5.0,,
42,PSS-JMI,pair,False,4.0,-0.26441015562613224,1.0,0.9998674794593162,1.0617593387664048,-1.4089399745545408,0.9951498479803098,0.9951498479803098,0.98851308232291,0.98851308232291,0.98851308232291,0.9890007951232441,0.98851308232291,0.98851308232291,False,5.0,True,0.0,,,0.6888615570513327,True,"1,18",0.95,5.0,,
42,PSS-JMI,pair,False,2.0,-0.3122777507378256,1.0,1.0,1.0355190143249693,-1.9465603972104804,0.9987693644129144,0.9987693644129144,0.9972878111040204,0.9972878111040204,0.9972878111040204,0.9973495891863239,0.9972878111040204,0.9972878111040204,False,5.0,True,0.0,,,0.6888615570513327,True,"1,19",0.95,5.0,,
42,PSS-JMI,pair,False,2.0,-0.37221370203485504,1.0,1.0,1.0372791124051521,-1.4697813754547846,0.9983350224410019,0.9983350224410019,0.9971282705807275,0.9971282705807275,0.9971282705807275,0.9973495891863239,0.9971282705807275,0.9971282705807275,False,5.0,True,0.0,,,0.6888615570513327,True,"1,20",0.95,5.0,,
42,PSS-JMI,pair,False,2.0,-0.3753764759372695,1.0,1.0,1.0350896981744926,-1.7269905026114103,0.9987693644129144,0.9987693644129144,0.9963305679642629,0.9963305679642629,0.9963305679642629,0.9976146302676915,0.9963305679642629,0.9963305679642629,False,5.0,True,0.0,,,0.6888615570513327,True,"1,21",0.95,5.0,,
42,PSS-JMI,pair,False,2.0,-0.7074052343432444,1.0,1.0,1.0407572087327104,-4.195148839485645,0.9988417547415666,0.9988417547415666,0.9974473516273133,0.9974473516273133,0.9974473516273133,0.9974821097270077,0.9974473516273133,0.9974473516273133,False,5.0,True,0.0,,,0.6888615570513327,True,"1,22",0.95,5.0,,
42,PSS-JMI,pair,False,2.0,-0.48996346960222414,1.0,1.0,1.0400022055841411,-4.263692602078965,0.9989141450702186,0.9989141450702186,0.9970845481049563,0.9970845481049563,0.9970845481049563,0.9970845481049563,0.9971282705807275,0.9970845481049563,False,5.0,True,0.0,,,0.6888615570513327,True,"1,23",0.95,5.0,,
42,PSS-JMI,pair,False,4.0,-0.3270626279286539,1.0,0.9998674794593162,1.0629847174912983,-1.6038403858926555,0.9950050673230056,0.9950050673230056,0.9894703254626676,0.9894703254626676,0.9894703254626676,0.9916512059369202,0.9894703254626676,0.9894703254626676,False,5.0,True,0.0,,,0.6888615570513327,True,"1,24",0.95,5.0,,
42,PSS-JMI,pair,True,4.0,-0.12872676014210627,0.9997828290140437,0.9997349589186324,1.0522841688182234,-1.645169637546796,0.9957289706095266,0.9957289706095266,0.9904585210707659,0.9903260005300821,0.9903260005300821,0.9903260005300821,0.9909061901723037,0.9903260005300821,False,5.0,True,0.0,,,0.6888615570513327,True,"2,3",0.95,5.0,,
42,PSS-JMI,pair,True,5.0,0.13256814954064788,0.9997104386853917,0.9992022973835354,1.0477598487383333,-2.142092893545253,0.9948602866657015,0.9948602866657015,0.9889917038927888,0.9889917038927888,0.9889917038927888,0.9907235621521335,0.9889917038927888,0.9889917038927888,False,5.0,True,0.0,,,0.6888615570513327,False,"2,4",0.95,5.0,,
42,PSS-JMI,pair,True,5.0,-0.2822491205739093,0.9996380483567395,0.9992022973835354,1.0693810260912842,-2.045129908597506,0.9931229187780513,0.9930505284493991,0.9842054881940012,0.9834077855775367,0.9834077855775367,0.9884707129605089,0.9834077855775367,0.9834077855775367,False,5.0,True,0.0,,,0.6888615570513327,True,"2,5",0.95,5.0,,
42,PSS-JMI,pair,True,5.0,0.08488898854024285,0.9997104386853917,0.9993618379068283,1.0532707927230445,-2.073184566422875,0.9948602866657015,0.9947155060083973,0.9883535417996171,0.9881940012763242,0.9881940012763242,0.9912536443148688,0.9881940012763242,0.9881940012763242,False,5.0,True,0.0,,,0.6888615570513327,False,"2,6",0.95,5.0,,
42,PSS-JMI,pair,False,2.0,-0.4946699258091569,1.0,1.0,1.0370821105967303,-1.7489761981158696,0.9987693644129144,0.9987693644129144,0.9970845481049563,0.9970845481049563,0.9970845481049563,0.9970845481049563,0.9976068921506063,0.9970845481049563,False,5.0,True,0.0,,,0.6888615570513327,True,"2,7",0.95,5.0,,
42,PSS-JMI,pair,True,5.0,0.13221684417132806,0.9997828290140437,0.9996809189534142,1.0541340061858668,-1.9454885504927293,0.9942087737078327,0.9939916027218764,0.9878749202297383,0.9873962986598596,0.9873962986598596,0.9921812880996554,0.9873962986598596,0.9873962986598596,False,5.0,True,0.0,,,0.6888615570513327,False,"2,8",0.95,5.0,,
42,PSS-JMI,pair,False,5.0,-0.4559019131899884,0.9998552193426958,0.9996809189534142,1.06819556663995,-2.2915331956231735,0.9931953091067034,0.9931229187780513,0.9834077855775367,0.982769623484365,0.982769623484365,0.9875430691757222,0.982769623484365,0.982769623484365,False,5.0,True,0.0,,,0.6888615570513327,True,"2,9",0.95,5.0,,
42,PSS-JMI,pair,True,5.0,0.11122323983225146,0.9997828290140437,0.9993618379068283,1.0546601311476602,-1.8816983144525579,0.9934848704213117,0.9934848704213117,0.986758136566688,0.9862795149968092,0.9862795149968092,0.9891333156639279,0.9862795149968092,0.9862795149968092,False,5.0,True,0.0,,,0.6888615570513327,False,"2,10",0.95,5.0,,
42,PSS-JMI,pair,True,5.0,0.11579754943653242,0.9999276096713479,0.9998404594767071,1.0593730040055038,-1.4093417374793389,0.9934848704213117,0.9934124800926596,0.9845245692405871,0.9845245692405871,0.9845245692405871,0.987012987012987,0.9845245692405871,0.9845245692405871,False,5.0,True,0.0,,,0.6888615570513327,False,"2,11",0.95,5.0,,
42,PSS-JMI,pair,True,5.0,0.12549904951487956,0.9998552193426958,0.9996809189534142,1.0675927870085242,-1.8031050920728002,0.9930505284493991,0.992905747792095,0.9840459476707084,0.9837268666241226,0.9837268666241226,0.9860853432282004,0.9837268666241226,0.9837268666241226,False,5.0,True,0.0,,,0.6888615570513327,False,"2,12",0.95,5.0,,
42,PSS-JMI,pair,True,5.0,-0.29474426900981965,0.9998552193426958,0.9996809189534142,1.068717806695607,-1.9749583199538874,0.9926885768061386,0.9924714058201825,0.9842054881940012,0.9842054881940012,0.9842054881940012,0.9886032335011927,0.9842054881940012,0.9842054881940012,False,5.0,True,0.0,,,0.6888615570513327,True,"2,13",0.95,5.0,,
42,PSS-JMI,pair,True,5.0,0.10210789200719139,0.9998552193426958,0.9990427568602425,1.0563158216538557,-1.757423602579331,0.9937744317359201,0.993702041407268,0.9861199744735163,0.9861199744735163,0.9861199744735163,0.9921812880996554,0.9861199744735163,0.9861199744735163,False,5.0,True,0.0,,,0.6888615570513327,False,"2,14",0.95,5.0,,
42,PSS-JMI,pair,True,5.0,-0.3991907622343356,0.9998552193426958,0.9998404594767071,1.068714735094253,-1.7120947497060892,0.9937744317359201,0.9937744317359201,0.9853222718570517,0.9853222718570517,0.9853222718570517,0.9883381924198251,0.9853222718570517,0.9853222718570517,False,5.0,True,0.0,,,0.6888615570513327,True,"2,15",0.95,5.0,,
42,PSS-JMI,pair,True,5.0,0.14151974952376767,1.0,0.9998404594767071,1.0555087238960237,-1.656586580261398,0.9944259446937889,0.9942811640364847,0.9881940012763242,0.9880344607530313,0.9880344607530313,0.9903260005300821,0.9880344607530313,0.9880344607530313,False,5.0,True,0.0,,,0.6888615570513327,False,"2,16",0.95,5.0,,
42,PSS-JMI,pair,False,5.0,-0.4060621943218621,0.9996380483567395,0.9992022973835354,1.070687566614328,-2.7517460684823467,0.9936296510786159,0.9936296510786159,0.9854818123803446,0.9854818123803446,0.9854818123803446,0.9883381924198251,0.9854818123803446,0.9854818123803446,False,5.0,True,0.0,,,0.6888615570513327,True,"2,17",0.95,5.0,,
42,PSS-JMI,pair,True,5.0,0.12622955530167812,0.9998552193426958,0.9996024383779486,1.0578218196881648,-1.7428583054613085,0.9939916027218764,0.993702041407268,0.9862795149968092,0.9856413529036375,0.9856413529036375,0.9896633978266631,0.9856413529036375,0.9856413529036375,False,5.0,True,0.0,,,0.6888615570513327,False,"2,18",0.95,5.0,,
42,PSS-JMI,pair,True,5.0,0.11028595461009871,0.9999276096713479,0.9997349589186324,1.0586432626219402,-1.46252805753562,0.9930505284493991,0.9929781381207471,0.9845245692405871,0.9843650287172941,0.9843650287172941,0.9878081102570898,0.9843650287172941,0.9843650287172941,False,5.0,True,0.0,,,0.6888615570513327,False,"2,19",0.95,5.0,,
42,PSS-JMI,pair,True,5.0,0.09562675334851534,0.9997828290140437,0.9996809189534142,1.059404862595705,-1.4518332945563803,0.9929781381207471,0.9925437961488345,0.9848436502871729,0.9842054881940012,0.9842054881940012,0.9874105486350384,0.9842054881940012,0.9842054881940012,False,5.0,True,0.0,,,0.6888615570513327,False,"2,20",0.95,5.0,,
42,PSS-JMI,pair,True,4.0,-0.039927864873375185,0.9998552193426958,0.9996809189534142,1.0506798060879758,-1.4961321736083917,0.9960185319241349,0.9960185319241349,0.9905871091257179,0.9905871091257179,0.9905871091257179,0.9928438908030744,0.9905871091257179,0.9905871091257179,False,5.0,True,0.0,,,0.6888615570513327,True,"2,21",0.95,5.0,,
42,PSS-JMI,pair,False,5.0,-0.4980189377147495,0.9997828290140437,0.9996809189534142,1.066714013971638,-4.386956781781055,0.9924714058201825,0.9923990154915303,0.9845245692405871,0.9840459476707084,0.9840459476707084,0.9899284389080307,0.9840459476707084,0.9840459476707084,False,5.0,True,0.0,,,0.6888615570513327,True,"2,22",0.95,5.0,,
42,PSS-JMI,pair,True,5.0,-0.0693571147443599,0.9997828290140437,0.9996024383779486,1.0600148801972578,-4.332959638948786,0.9934124800926596,0.9933400897640076,0.9859604339502234,0.9854818123803446,0.9854818123803446,0.9884707129605089,0.9854818123803446,0.9854818123803446,False,5.0,True,0.0,,,0.6888615570513327,True,"2,23",0.95,5.0,,
42,PSS-JMI,pair,True,5.0,0.10246156560617825,0.9997828290140437,0.9994699178372648,1.055430523166114,-1.4867785531414879,0.993702041407268,0.9935572607499638,0.986758136566688,0.9865985960433951,0.9865985960433951,0.9905910416114497,0.9865985960433951,0.9865985960433951,False,5.0,True,0.0,,,0.6888615570513327,False,"2,24",0.95,5.0,,
42,PSS-JMI,pair,True,4.0,-0.1653168575184567,1.0,0.9998404594767071,1.0510734125693322,-1.5581560814116233,0.9948602866657015,0.9948602866657015,0.990427568602425,0.990427568602425,0.990427568602425,0.9916512059369202,0.990427568602425,0.990427568602425,False,5.0,True,0.0,,,0.6888615570513327,True,"3,4",0.95,5.0,,
42,PSS-JMI,pair,True,5.0,-0.5055788156453738,1.0,1.0,1.0651768168902482,-1.9831282840520996,0.9947878963370493,0.9947878963370493,0.9865985960433951,0.9865985960433951,0.9865985960433951,0.9888682745825603,0.9865985960433951,0.9865985960433951,False,5.0,True,0.0,,,0.6888615570513327,True,"3,5",0.95,5.0,,
42,PSS-JMI,pair,True,4.0,-0.012600301684529747,1.0,1.0,1.0584789920079427,-1.2113029485691256,0.9943535543651368,0.9941363833791805,0.9883535417996171,0.9878749202297383,0.9878749202297383,0.9907235621521335,0.9878749202297383,0.9878749202297383,False,5.0,True,0.0,,,0.6888615570513327,True,"3,6",0.95,5.0,,
42,PSS-JMI,pair,False,2.0,-0.4623560006779803,1.0,0.9998674794593162,1.0344474349618364,-1.8006480673172989,0.998407412769654,0.998407412769654,0.9966496490108487,0.9966496490108487,0.9966496490108487,0.9970845481049563,0.9966496490108487,0.9966496490108487,False,5.0,True,0.0,,,0.6888615570513327,True,"3,7",0.95,5.0,,
42,PSS-JMI,pair,True,5.0,0.11692904366698187,1.0,0.9998674794593162,1.065668391699992,-1.0324948676369439,0.9910235992471406,0.9910235992471406,0.9811742182514359,0.9811742182514359,0.9811742182514359,0.9842300556586271,0.9811742182514359,0.9811742182514359,False,5.0,True,0.0,,,0.6888615570513327,False,"3,8",0.95,5.0,,
42,PSS-JMI,pair,False,5.0,-0.4331685329637762,0.9999276096713479,0.9996809189534142,1.0699742827012717,-2.0451140329481747,0.992181844505574,0.992181844505574,0.9853222718570517,0.9853222718570517,0.9853222718570517,0.9878081102570898,0.9853222718570517,0.9853222718570517,False,5.0,True,0.0,,,0.6888615570513327,True,"3,9",0.95,5.0,,
42,PSS-JMI,pair,True,5.0,-0.06649143111912958,0.9999276096713479,0.9997349589186324,1.0616044045863444,-1.6715958129426673,0.991385550890401,0.9910959895757927,0.9819719208679004,0.9816528398213146,0.9816528398213146,0.9872780280943546,0.9816528398213146,0.9816528398213146,False,5.0,True,0.0,,,0.6888615570513327,True,"3,10",0.95,5.0,,
42,PSS-JMI,pair,True,4.0,-0.10658243559450886,1.0,1.0,1.0487697689057314,-1.6337086548437991,0.9957289706095266,0.9955841899522224,0.9910657306955967,0.9907466496490108,0.9907466496490108,0.992446329181023,0.9907466496490108,0.9907466496490108,False,5.0,True,0.0,,,0.6888615570513327,True,"3,11",0.95,5.0,,
42,PSS-JMI,pair,True,5.0,0.05822376645694227,1.0,0.9998674794593162,1.071641982643248,-1.5985770889581488,0.9925437961488345,0.9925437961488345,0.9845245692405871,0.9843650287172941,0.9843650287172941,0.985687781606149,0.9843650287172941,0.9843650287172941,False,5.0,True,0.0,,,0.6888615570513327,False,"3,12",0.95,5.0,,
42,PSS-JMI,pair,True,5.0,-0.2310845268385162,1.0,0.9998674794593162,1.0685351528135312,-1.6117453378516358,0.9928333574634429,0.9927609671347908,0.9851627313337588,0.9850031908104658,0.9850031908104658,0.9879406307977736,0.9850031908104658,0.9850031908104658,False,5.0,True,0.0,,,0.6888615570513327,True,"3,13",0.95,5.0,,
42,PSS-JMI,pair,True,5.0,0.09879526179515308,0.9998552193426958,0.9998404594767071,1.0689037952355989,-1.0064584053913233,0.9933400897640076,0.9933400897640076,0.9832482450542438,0.982929164007658,0.982929164007658,0.9882056718791412,0.982929164007658,0.982929164007658,False,5.0,True,0.0,,,0.6888615570513327,False,"3,14",0.95,5.0,,
42,PSS-JMI,pair,True,5.0,-0.20255331825462242,1.0,1.0,1.0706354749423814,-1.3382684447062956,0.992905747792095,0.9928333574634429,0.9834077855775367,0.9834077855775367,0.9834077855775367,0.9867479459316194,0.9834077855775367,0.9834077855775367,False,5.0,True,0.0,,,0.6888615570513327,True,"3,15",0.95,5.0,,
42,PSS-JMI,pair,True,5.0,0.12357688091980701,1.0,0.9998404594767071,1.0669757666113802,-0.9922881548078375,0.9926885768061386,0.9926885768061386,0.9844950967399947,0.9838324940365757,0.9838324940365757,0.9838324940365757,0.98468410976388,0.9838324940365757,False,5.0,True,0.0,,,0.6888615570513327,False,"3,16",0.95,5.0,,
42,PSS-JMI,pair,False,5.0,-0.4899674604643196,0.9999276096713479,0.9998404594767071,1.0787744264576624,-2.2962024163350434,0.993702041407268,0.993702041407268,0.9851627313337588,0.9851627313337588,0.9851627313337588,0.9880731513384574,0.9851627313337588,0.9851627313337588,False,5.0,True,0.0,,,0.6888615570513327,True,"3,17",0.95,5.0,,
42,PSS-JMI,pair,True,4.0,0.02617457671702672,1.0,1.0,1.0583560067457618,-1.0758085773789487,0.9939916027218764,0.9939916027218764,0.9891512444160817,0.9891512444160817,0.9891512444160817,0.9904585210707659,0.9891512444160817,0.9891512444160817,False,5.0,True,0.0,,,0.6888615570513327,False,"3,18",0.95,5.0,,
42,PSS-JMI,pair,True,4.0,-0.12210614441073742,0.9999276096713479,0.9998404594767071,1.0497997795735274,-1.64985313096995,0.9950774576516578,0.9950050673230056,0.9907466496490108,0.9905871091257179,0.9905871091257179,0.991783726477604,0.9905871091257179,0.9905871091257179,False,5.0,True,0.0,,,0.6888615570513327,True,"3,19",0.95,5.0,,
42,PSS-JMI,pair,True,5.0,0.11788198256893079,1.0,0.9997349589186324,1.0692357043656113,-1.072003811799872,0.992181844505574,0.992181844505574,0.9830887045309509,0.9830887045309509,0.9830887045309509,0.9868804664723032,0.9830887045309509,0.9830887045309509,False,5.0,True,0.0,,,0.6888615570513327,False,"3,20",0.95,5.0,,
42,PSS-JMI,pair,True,5.0,-0.021164711836559214,1.0,0.9996809189534142,1.0618297080497694,-1.2625550872125137,0.9914579412190532,0.9910235992471406,0.9818123803446075,0.9814932992980216,0.9814932992980216,0.9838324940365757,0.9814932992980216,0.9814932992980216,False,5.0,True,0.0,,,0.6888615570513327,True,"3,21",0.95,5.0,,
42,PSS-JMI,pair,False,5.0,-0.2964146846175604,1.0,1.0,1.072259540302177,-3.8116465386547054,0.992181844505574,0.992181844505574,0.9818123803446075,0.9816528398213146,0.9816528398213146,0.9867479459316194,0.9816528398213146,0.9816528398213146,False,5.0,True,0.0,,,0.6888615570513327,True,"3,22",0.95,5.0,,
42,PSS-JMI,pair,True,5.0,-0.10541680260186315,1.0,0.9998674794593162,1.0666723694525206,-3.9730954040214885,0.992109454176922,0.9918922831909657,0.982769623484365,0.9819719208679004,0.9819719208679004,0.9868804664723032,0.9819719208679004,0.9819719208679004,False,5.0,True,0.0,,,0.6888615570513327,True,"3,23",0.95,5.0,,
42,PSS-JMI,pair,True,5.0,0.07108192454989859,1.0,1.0,1.065767841479226,-1.1141253697324736,0.9928333574634429,0.9928333574634429,0.9838864071474155,0.9838864071474155,0.9838864071474155,0.9872780280943546,0.9838864071474155,0.9838864071474155,False,5.0,True,0.0,,,0.6888615570513327,False,"3,24",0.95,5.0,,
42,PSS-JMI,pair,True,3.0,-0.4549216874883504,1.0,1.0,1.0477601123969595,-1.969084157107082,0.9971767771825684,0.9971767771825684,0.9934588385449904,0.9934588385449904,0.9934588385449904,0.9935064935064936,0.9934588385449904,0.9934588385449904,False,5.0,True,0.0,,,0.6888615570513327,True,"4,5",0.95,5.0,,
42,PSS-JMI,pair,True,5.0,0.08258878485961985,1.0,0.9998674794593162,1.0565210003655394,-1.7589799573420526,0.9934124800926596,0.9932676994353554,0.9850031908104658,0.98468410976388,0.98468410976388,0.9903260005300821,0.98468410976388,0.98468410976388,False,5.0,True,0.0,,,0.6888615570513327,False,"4,6",0.95,5.0,,
42,PSS-JMI,pair,False,4.0,-0.3633874088936879,1.0,1.0,1.0538399094092197,-1.709434595632365,0.995294628637614,0.995294628637614,0.9915443522654754,0.9915443522654754,0.9915443522654754,0.9919162470182878,0.9915443522654754,0.9915443522654754,False,5.0,True,0.0,,,0.6888615570513327,True,"4,7",0.95,5.0,,
42,PSS-JMI,pair,True,5.0,0.11299168437129525,0.9999276096713479,0.9997349589186324,1.056429000703913,-1.5959801029323815,0.9934124800926596,0.9933400897640076,0.9853222718570517,0.9853222718570517,0.9853222718570517,0.9883381924198251,0.9853222718570517,0.9853222718570517,False,5.0,True,0.0,,,0.6888615570513327,False,"4,8",0.95,5.0,,
42,PSS-JMI,pair,False,3.0,-0.688836812140359,1.0,1.0,1.0495939254783018,-2.1527839618215374,0.99688721586796,0.99688721586796,0.9928438908030744,0.9928438908030744,0.9928438908030744,0.9928438908030744,0.9932992980216975,0.9928438908030744,False,5.0,True,0.0,,,0.6888615570513327,True,"4,9",0.95,5.0,,
42,PSS-JMI,pair,True,5.0,0.08387609524699768,0.9998552193426958,0.9996809189534142,1.0547628389126715,-1.8175772675256896,0.9934124800926596,0.9934124800926596,0.987012987012987,0.9866154253909356,0.9866154253909356,0.9866154253909356,0.9873962986598596,0.9866154253909356,False,5.0,True,0.0,,,0.6888615570513327,False,"4,10",0.95,5.0,,
42,PSS-JMI,pair,True,5.0,0.11290376501988297,0.9999276096713479,0.9998404594767071,1.0593434910242088,-1.3925684341784572,0.9934848704213117,0.9934124800926596,0.9862795149968092,0.9861199744735163,0.9861199744735163,0.987012987012987,0.9861199744735163,0.9861199744735163,False,5.0,True,0.0,,,0.6888615570513327,False,"4,11",0.95,5.0,,
42,PSS-JMI,pair,True,5.0,0.11575898695072229,0.9999276096713479,0.9997349589186324,1.066749549939626,-1.802714214574623,0.9927609671347908,0.9926885768061386,0.9845245692405871,0.9845245692405871,0.9845245692405871,0.9860853432282004,0.9845245692405871,0.9845245692405871,False,5.0,True,0.0,,,0.6888615570513327,False,"4,12",0.95,5.0,,
42,PSS-JMI,pair,True,5.0,-0.2595134031324462,1.0,0.9998674794593162,1.0729340999160486,-1.8714662564519882,0.9933400897640076,0.992905747792095,0.9850031908104658,0.98468410976388,0.98468410976388,0.9874105486350384,0.98468410976388,0.98468410976388,False,5.0,True,0.0,,,0.6888615570513327,True,"4,13",0.95,5.0,,
42,PSS-JMI,pair,True,5.0,0.1063215902522503,0.9999276096713479,0.9996024383779486,1.0595562457568268,-1.5395361478890317,0.9943535543651368,0.9943535543651368,0.9864390555201021,0.9861199744735163,0.9861199744735163,0.9868804664723032,0.9861199744735163,0.9861199744735163,False,5.0,True,0.0,,,0.6888615570513327,False,"4,14",0.95,5.0,,
42,PSS-JMI,pair,True,5.0,-0.21088895403572305,1.0,1.0,1.0708209095718442,-1.4832219889420803,0.9937744317359201,0.9936296510786159,0.9861199744735163,0.9853222718570517,0.9853222718570517,0.9880731513384574,0.9853222718570517,0.9853222718570517,False,5.0,True,0.0,,,0.6888615570513327,True,"4,15",0.95,5.0,,
42,PSS-JMI,pair,True,5.0,0.11376521873553802,1.0,0.9994699178372648,1.0572757274073359,-1.5263657151705252,0.9943535543651368,0.9940639930505285,0.9872367581365666,0.9870772176132737,0.9870772176132737,0.9883381924198251,0.9870772176132737,0.9870772176132737,False,5.0,True,0.0,,,0.6888615570513327,False,"4,16",0.95,5.0,,
42,PSS-JMI,pair,False,4.0,-0.5662686076365331,1.0,0.9998404594767071,1.061379702160944,-2.4103859416104214,0.9949326769943535,0.9949326769943535,0.9910657306955967,0.9910657306955967,0.9910657306955967,0.991121123774185,0.9910657306955967,0.9910657306955967,False,5.0,True,0.0,,,0.6888615570513327,True,"4,17",0.95,5.0,,
42,PSS-JMI,pair,True,5.0,0.10162081259888289,1.0,1.0,1.0587261332334452,-1.586945063810972,0.9935572607499638,0.9935572607499638,0.9861199744735163,0.9861199744735163,0.9861199744735163,0.9868804664723032,0.9861199744735163,0.9861199744735163,False,5.0,True,0.0,,,0.6888615570513327,False,"4,18",0.95,5.0,,
42,PSS-JMI,pair,True,5.0,0.10290766987131073,0.9999276096713479,0.9997349589186324,1.059872988715742,-1.4288883048630499,0.9931953091067034,0.9930505284493991,0.9873962986598596,0.9872367581365666,0.9872367581365666,0.9886032335011927,0.9872367581365666,0.9872367581365666,False,5.0,True,0.0,,,0.6888615570513327,False,"4,19",0.95,5.0,,
42,PSS-JMI,pair,True,5.0,0.11262451680566876,1.0,1.0,1.0583341867635478,-1.3761340242890592,0.993702041407268,0.993702041407268,0.9869176770899809,0.9865985960433951,0.9865985960433951,0.9882056718791412,0.9865985960433951,0.9865985960433951,False,5.0,True,0.0,,,0.6888615570513327,False,"4,20",0.95,5.0,,
42,PSS-JMI,pair,True,4.0,-0.085322270597469,1.0,0.9998404594767071,1.0495760396543958,-1.6100815499036627,0.9961633125814391,0.9961633125814391,0.9897894065092534,0.9897894065092534,0.9897894065092534,0.993108931884442,0.9897894065092534,0.9897894065092534,False,5.0,True,0.0,,,0.6888615570513327,True,"4,21",0.95,5.0,,
42,PSS-JMI,pair,False,5.0,-0.425823102770055,0.9998552193426958,0.9996024383779486,1.0671548197131635,-4.24067102875807,0.9932676994353554,0.9929781381207471,0.9854818123803446,0.9850031908104658,0.9850031908104658,0.9880731513384574,0.9850031908104658,0.9850031908104658,False,5.0,True,0.0,,,0.6888615570513327,True,"4,22",0.95,5.0,,
42,PSS-JMI,pair,True,5.0,-0.053046613037909474,0.9999276096713479,0.9997349589186324,1.0616233347703194,-4.263630101659229,0.9923990154915303,0.9923990154915303,0.9859604339502234,0.9859604339502234,0.9859604339502234,0.9864829048502518,0.9859604339502234,0.9859604339502234,False,5.0,True,0.0,,,0.6888615570513327,True,"4,23",0.95,5.0,,
42,PSS-JMI,pair,True,5.0,0.09995160549905124,1.0,0.9998674794593162,1.0606288175908427,-1.373189045389232,0.9935572607499638,0.9935572607499638,0.9869176770899809,0.9869176770899809,0.9869176770899809,0.9875430691757222,0.9869176770899809,0.9869176770899809,False,5.0,True,0.0,,,0.6888615570513327,False,"4,24",0.95,5.0,,
42,PSS-JMI,pair,True,4.0,-0.17144945629763586,0.9999276096713479,0.9998404594767071,1.0579213463168757,-1.5395444762677062,0.9942811640364847,0.9942811640364847,0.9864390555201021,0.9864390555201021,0.9864390555201021,0.9883381924198251,0.9864390555201021,0.9864390555201021,False,5.0,True,0.0,,,0.6888615570513327,True,"5,6",0.95,5.0,,
42,PSS-JMI,pair,False,5.0,-0.8111558161276351,1.0,1.0,1.0721211326070197,-2.593042106458758,0.9950774576516578,0.9950774576516578,0.9883535417996171,0.9883535417996171,0.9883535417996171,0.9901934799893983,0.9883535417996171,0.9883535417996171,False,5.0,True,0.0,,,0.6888615570513327,True,"5,7",0.95,5.0,,
42,PSS-JMI,pair,True,5.0,-0.09918838977879374,1.0,1.0,1.0779079250251884,-1.3370594052796703,0.992109454176922,0.992109454176922,0.982769623484365,0.982769623484365,0.982769623484365,0.9854227405247813,0.982769623484365,0.982769623484365,False,5.0,True,0.0,,,0.6888615570513327,True,"5,8",0.95,5.0,,
42,PSS-JMI,pair,False,5.0,-0.9086719654309365,1.0,0.9997349589186324,1.0729050071253232,-3.4797853227693123,0.9943535543651368,0.9943535543651368,0.9873962986598596,0.9873962986598596,0.9873962986598596,0.9900609594487145,0.9873962986598596,0.9873962986598596,False,5.0,True,0.0,,,0.6888615570513327,True,"5,9",0.95,5.0,,
42,PSS-JMI,pair,True,5.0,-0.30000236696367133,1.0,0.9996024383779486,1.0693314033156678,-1.996097642074492,0.992109454176922,0.992109454176922,0.9821314613911933,0.9821314613911933,0.9821314613911933,0.9883381924198251,0.9821314613911933,0.9821314613911933,False,5.0,True,0.0,,,0.6888615570513327,True,"5,10",0.95,5.0,,
42,PSS-JMI,pair,True,5.0,-0.26197198200942484,1.0,0.9998674794593162,1.069609357698338,-1.6675903822237996,0.9943535543651368,0.9942811640364847,0.9858008934269304,0.9853222718570517,0.9853222718570517,0.9893983567452955,0.9853222718570517,0.9853222718570517,False,5.0,True,0.0,,,0.6888615570513327,True,"5,11",0.95,5.0,,
42,PSS-JMI,pair,True,4.0,-0.14896915919085418,1.0,1.0,1.0657860204406362,-1.8678471937066399,0.9946431156797452,0.9946431156797452,0.9880344607530313,0.9880344607530313,0.9880344607530313,0.9901934799893983,0.9880344607530313,0.9880344607530313,False,5.0,True,0.0,,,0.6888615570513327,True,"5,12",0.95,5.0,,
42,PSS-JMI,pair,True,4.0,-0.890614524898,1.0,0.9998674794593162,1.0600822087499115,-2.8783179560655032,0.9960909222527871,0.9960909222527871,0.9915443522654754,0.9915443522654754,0.9915443522654754,0.9933739729658096,0.9915443522654754,0.9915443522654754,False,5.0,True,0.0,,,0.6888615570513327,True,"5,13",0.95,5.0,,
42,PSS-JMI,pair,True,5.0,-0.030302462794007834,0.9999276096713479,0.9998404594767071,1.075010610236925,-1.2617766501141754,0.992905747792095,0.992905747792095,0.9834077855775367,0.9834077855775367,0.9834077855775367,0.9888682745825603,0.9834077855775367,0.9834077855775367,False,5.0,True,0.0,,,0.6888615570513327,True,"5,14",0.95,5.0,,
42,PSS-JMI,pair,True,5.0,-0.7431997063753939,0.9999276096713479,0.9997349589186324,1.072161767090703,-2.432964702788318,0.9928333574634429,0.9927609671347908,0.9835673261008296,0.9830887045309509,0.9830887045309509,0.9883381924198251,0.9830887045309509,0.9830887045309509,False,5.0,True,0.0,,,0.6888615570513327,True,"5,15",0.95,5.0,,
42,PSS-JMI,pair,True,4.0,-0.09655476925901052,1.0,0.9998404594767071,1.0633585266585206,-1.2421731814710824,0.9942811640364847,0.9942811640364847,0.9881940012763242,0.9881940012763242,0.9881940012763242,0.9891333156639279,0.9881940012763242,0.9881940012763242,False,5.0,True,0.0,,,0.6888615570513327,True,"5,16",0.95,5.0,,
42,PSS-JMI,pair,False,5.0,-0.8175197036032733,0.9999276096713479,0.9997349589186324,1.0745094768212136,-3.7673812741362322,0.9947878963370493,0.9946431156797452,0.9873962986598596,0.9870772176132737,0.9870772176132737,0.9923138086403392,0.9870772176132737,0.9870772176132737,False,5.0,True,0.0,,,0.6888615570513327,True,"5,17",0.95,5.0,,
42,PSS-JMI,pair,True,5.0,-0.16190749345498356,1.0,0.9998674794593162,1.0771595776815948,-1.3507091971001852,0.992181844505574,0.992181844505574,0.9819719208679004,0.9819719208679004,0.9819719208679004,0.9854227405247813,0.9819719208679004,0.9819719208679004,False,5.0,True,0.0,,,0.6888615570513327,True,"5,18",0.95,5.0,,
42,PSS-JMI,pair,True,5.0,-0.2433679771318047,1.0,0.9998404594767071,1.0727923192697169,-1.7145752997353154,0.9934848704213117,0.9934848704213117,0.9864390555201021,0.9864390555201021,0.9864390555201021,0.9899284389080307,0.9864390555201021,0.9864390555201021,False,5.0,True,0.0,,,0.6888615570513327,True,"5,19",0.95,5.0,,
42,PSS-JMI,pair,True,5.0,-0.09728402691661486,1.0,1.0,1.074659397453138,-1.359495866970157,0.9942811640364847,0.9942811640364847,0.986758136566688,0.986758136566688,0.986758136566688,0.987675589716406,0.986758136566688,0.986758136566688,False,5.0,True,0.0,,,0.6888615570513327,True,"5,20",0.95,5.0,,
42,PSS-JMI,pair,True,3.0,-0.24710529325004704,1.0,1.0,1.0426015193678917,-1.426132715939244,0.9967424352106559,0.9967424352106559,0.9929802169751116,0.9928206764518187,0.9928206764518187,0.994566657831964,0.9928206764518187,0.9928206764518187,False,5.0,True,0.0,,,0.6888615570513327,True,"5,21",0.95,5.0,,
42,PSS-JMI,pair,False,5.0,-0.4455928630654853,0.9998552193426958,1.0,1.0826498841017838,-3.9357533766143598,0.9918198928623136,0.9917475025336615,0.9824505424377792,0.9824505424377792,0.9824505424377792,0.9854227405247813,0.9824505424377792,0.9824505424377792,False,5.0,True,0.0,,,0.6888615570513327,True,"5,22",0.95,5.0,,
42,PSS-JMI,pair,True,3.0,-0.4489869680381071,1.0,1.0,1.048976731207526,-4.215881983040813,0.996814825539308,0.996814825539308,0.9932992980216975,0.9932992980216975,0.9932992980216975,0.9949642194540154,0.9932992980216975,0.9932992980216975,False,5.0,True,0.0,,,0.6888615570513327,True,"5,23",0.95,5.0,,
42,PSS-JMI,pair,True,5.0,-0.24187132722746574,1.0,0.9998404594767071,1.0690735114659566,-1.599683065467227,0.9937744317359201,0.9937744317359201,0.9851627313337588,0.9851627313337588,0.9851627313337588,0.9888682745825603,0.9851627313337588,0.9851627313337588,False,5.0,True,0.0,,,0.6888615570513327,True,"5,24",0.95,5.0,,
42,PSS-JMI,pair,False,4.0,-0.20211714027509853,1.0,1.0,1.064981334314904,-1.342307341387354,0.9946431156797452,0.9946431156797452,0.98851308232291,0.98851308232291,0.98851308232291,0.9897959183673469,0.98851308232291,0.98851308232291,False,5.0,True,0.0,,,0.6888615570513327,True,"6,7",0.95,5.0,,
42,PSS-JMI,pair,True,5.0,0.0778528509041565,1.0,0.9998674794593162,1.060371636741067,-1.7536845427590746,0.9946431156797452,0.994498335022441,0.9870772176132737,0.9864390555201021,0.9864390555201021,0.9899284389080307,0.9864390555201021,0.9864390555201021,False,5.0,True,0.0,,,0.6888615570513327,False,"6,8",0.95,5.0,,
42,PSS-JMI,pair,False,4.0,-0.2412958369601721,1.0,1.0,1.0662671059233986,-1.743814515499875,0.9943535543651368,0.9943535543651368,0.9872367581365666,0.9872367581365666,0.9872367581365666,0.9888682745825603,0.9872367581365666,0.9872367581365666,False,5.0,True,0.0,,,0.6888615570513327,True,"6,9",0.95,5.0,,
42,PSS-JMI,pair,True,5.0,0.11137448068095068,1.0,0.9997349589186324,1.0630217825604464,-1.7470708520257323,0.9938468220645722,0.993702041407268,0.98468410976388,0.98468410976388,0.98468410976388,0.9880731513384574,0.98468410976388,0.98468410976388,False,5.0,True,0.0,,,0.6888615570513327,False,"6,10",0.95,5.0,,
42,PSS-JMI,pair,True,5.0,0.133757335337213,1.0,1.0,1.0699610078961317,-1.0992001295988152,0.9925437961488345,0.9924714058201825,0.9834077855775367,0.9832482450542438,0.9832482450542438,0.9866154253909356,0.9832482450542438,0.9832482450542438,False,5.0,True,0.0,,,0.6888615570513327,False,"6,11",0.95,5.0,,
42,PSS-JMI,pair,True,5.0,0.14013975076419571,0.9998552193426958,0.9998674794593162,1.0742420515952815,-1.6399827071799822,0.992181844505574,0.992181844505574,0.9842054881940012,0.9836999734958919,0.9836999734958919,0.9836999734958919,0.9842054881940012,0.9836999734958919,False,5.0,True,0.0,,,0.6888615570513327,False,"6,12",0.95,5.0,,
42,PSS-JMI,pair,True,5.0,-0.13925331756237913,1.0,1.0,1.0774785723124074,-1.6573070763489333,0.9924714058201825,0.9923266251628783,0.9832482450542438,0.9832482450542438,0.9832482450542438,0.9860853432282004,0.9832482450542438,0.9832482450542438,False,5.0,True,0.0,,,0.6888615570513327,True,"6,13",0.95,5.0,,
42,PSS-JMI,pair,True,5.0,0.13301741249251764,1.0,0.9998404594767071,1.058060291100659,-1.5395290439137401,0.9939916027218764,0.9937744317359201,0.9875558391831525,0.9869176770899809,0.9869176770899809,0.9883381924198251,0.9869176770899809,0.9869176770899809,False,5.0,True,0.0,,,0.6888615570513327,False,"6,14",0.95,5.0,,
42,PSS-JMI,pair,True,4.0,-0.18751784836574492,1.0,1.0,1.0615330851968299,-1.3797929006159375,0.9943535543651368,0.9943535543651368,0.9881940012763242,0.9881940012763242,0.9881940012763242,0.9891333156639279,0.9881940012763242,0.9881940012763242,False,5.0,True,0.0,,,0.6888615570513327,True,"6,15",0.95,5.0,,
42,PSS-JMI,pair,True,5.0,0.12455182156059297,1.0,0.9998404594767071,1.0595718795837716,-1.5236420859364526,0.9942087737078327,0.9942087737078327,0.9880344607530313,0.9877153797064454,0.9877153797064454,0.9882056718791412,0.9877153797064454,0.9877153797064454,False,5.0,True,0.0,,,0.6888615570513327,False,"6,16",0.95,5.0,,
42,PSS-JMI,pair,False,5.0,-0.3599610857813742,1.0,1.0,1.0786699588765603,-2.461472012197914,0.9926885768061386,0.9926161864774866,0.9860853432282004,0.9860853432282004,0.9860853432282004,0.9860853432282004,0.9861199744735163,0.9860853432282004,False,5.0,True,0.0,,,0.6888615570513327,True,"6,17",0.95,5.0,,
42,PSS-JMI,pair,True,5.0,0.11028844077632582,1.0,0.9997349589186324,1.0635219245989684,-1.64629649149193,0.9935572607499638,0.9933400897640076,0.9842054881940012,0.9832482450542438,0.9832482450542438,0.9890007951232441,0.9832482450542438,0.9832482450542438,False,5.0,True,0.0,,,0.6888615570513327,False,"6,18",0.95,5.0,,
42,PSS-JMI,pair,True,5.0,0.13575727110529368,1.0,1.0,1.0705222880868615,-1.126824232166193,0.9923990154915303,0.9923266251628783,0.9848436502871729,0.98468410976388,0.98468410976388,0.9859528226875166,0.98468410976388,0.98468410976388,False,5.0,True,0.0,,,0.6888615570513327,False,"6,19",0.95,5.0,,
42,PSS-JMI,pair,True,5.0,0.14118449123980548,1.0,1.0,1.0684143672254094,-1.2041599718458982,0.9924714058201825,0.9923990154915303,0.9845245692405871,0.9838864071474155,0.9838864071474155,0.9858203021468328,0.9838864071474155,0.9838864071474155,False,5.0,True,0.0,,,0.6888615570513327,False,"6,20",0.95,5.0,,
42,PSS-JMI,pair,True,5.0,0.06979243214726516,1.0,0.9998404594767071,1.0679202040856954,-1.195299098091208,0.9927609671347908,0.9927609671347908,0.9832482450542438,0.9830887045309509,0.9830887045309509,0.9874105486350384,0.9830887045309509,0.9830887045309509,False,5.0,True,0.0,,,0.6888615570513327,False,"6,21",0.95,5.0,,
42,PSS-JMI,pair,False,5.0,-0.32540372919883875,0.9999276096713479,0.9998674794593162,1.0737642432274728,-3.974272822779627,0.9923990154915303,0.9923990154915303,0.9834077855775367,0.9834077855775367,0.9834077855775367,0.9854227405247813,0.9834077855775367,0.9834077855775367,False,5.0,True,0.0,,,0.6888615570513327,True,"6,22",0.95,5.0,,
42,PSS-JMI,pair,True,5.0,-0.05889122096749855,0.9999276096713479,0.9998404594767071,1.06879133339424,-3.989359144460158,0.9927609671347908,0.9927609671347908,0.9839650145772595,0.9836999734958919,0.9836999734958919,0.9836999734958919,0.9858008934269304,0.9836999734958919,False,5.0,True,0.0,,,0.6888615570513327,True,"6,23",0.95,5.0,,
42,PSS-JMI,pair,True,5.0,0.13497566901588454,1.0,1.0,1.0681105167973015,-1.110330552489493,0.9934848704213117,0.9933400897640076,0.9859604339502234,0.9856413529036375,0.9856413529036375,0.9860853432282004,0.9856413529036375,0.9856413529036375,False,5.0,True,0.0,,,0.6888615570513327,False,"6,24",0.95,5.0,,
42,PSS-JMI,pair,False,4.0,-0.07843821329152512,1.0,1.0,1.0654642146472075,-0.9692908403181718,0.995222238308962,0.995222238308962,0.9896298659859605,0.9896298659859605,0.9896298659859605,0.9904585210707659,0.9896298659859605,0.9896298659859605,False,5.0,True,0.0,,,0.6888615570513327,True,"7,8",0.95,5.0,,
42,PSS-JMI,pair,False,5.0,-1.0371333980429482,0.9997828290140437,0.9995213784301212,1.0672072649167166,-3.0445785931339433,0.9934124800926596,0.9932676994353554,0.986758136566688,0.9861199744735163,0.9861199744735163,0.9896633978266631,0.9861199744735163,0.9861199744735163,False,5.0,True,0.0,,,0.6888615570513327,True,"7,9",0.95,5.0,,
42,PSS-JMI,pair,False,5.0,-0.4351817390784416,1.0,1.0,1.0729645377554686,-1.8036455780668146,0.9915303315477052,0.9914579412190532,0.9816528398213146,0.9811742182514359,0.9811742182514359,0.9842300556586271,0.9811742182514359,0.9811742182514359,False,5.0,True,0.0,,,0.6888615570513327,True,"7,10",0.95,5.0,,
42,PSS-JMI,pair,False,2.0,-0.43875760035970024,1.0,1.0,1.0368117328077853,-1.4520610561049712,0.9983350224410019,0.9983350224410019,0.9968091895341417,0.9968091895341417,0.9968091895341417,0.9968195070235887,0.9968091895341417,0.9968091895341417,False,5.0,True,0.0,,,0.6888615570513327,True,"7,11",0.95,5.0,,
42,PSS-JMI,pair,False,5.0,-0.029653667870298772,1.0,1.0,1.0792805224094961,-1.6062379521440129,0.9931229187780513,0.9931229187780513,0.9861199744735163,0.9861199744735163,0.9861199744735163,0.9872780280943546,0.9861199744735163,0.9861199744735163,False,5.0,True,0.0,,,0.6888615570513327,True,"7,12",0.95,5.0,,
42,PSS-JMI,pair,False,5.0,-0.8948179681128852,0.9998552193426958,0.9996809189534142,1.0714055266249045,-2.4513135905557286,0.9942811640364847,0.9942811640364847,0.9881940012763242,0.9881940012763242,0.9881940012763242,0.9908560826928174,0.9881940012763242,0.9881940012763242,False,5.0,True,0.0,,,0.6888615570513327,True,"7,13",0.95,5.0,,
42,PSS-JMI,pair,False,2.0,-0.24104242207255389,1.0,1.0,1.0400070228529372,-0.9250503071437558,0.9985521934269581,0.9985521934269581,0.9966496490108487,0.9966496490108487,0.9966496490108487,0.9969520275642725,0.9966496490108487,0.9966496490108487,False,5.0,True,0.0,,,0.6888615570513327,True,"7,14",0.95,5.0,,
42,PSS-JMI,pair,False,5.0,-0.5949670678236672,1.0,0.9996024383779486,1.072452732097477,-1.716223489778157,0.9934124800926596,0.9934124800926596,0.9869176770899809,0.9869176770899809,0.9869176770899809,0.9882056718791412,0.9869176770899809,0.9869176770899809,False,5.0,True,0.0,,,0.6888615570513327,True,"7,15",0.95,5.0,,
42,PSS-JMI,pair,False,2.0,-0.30002141669612525,1.0,1.0,1.0397756484679515,-0.9819458636379657,0.9986245837556103,0.9986245837556103,0.9966496490108487,0.9966496490108487,0.9966496490108487,0.9970845481049563,0.9966496490108487,0.9966496490108487,False,5.0,True,0.0,,,0.6888615570513327,True,"7,16",0.95,5.0,,
42,PSS-JMI,pair,False,5.0,-0.8919860605238155,1.0,0.9996809189534142,1.0807417939347208,-3.08704021478403,0.9944259446937889,0.9942811640364847,0.9883535417996171,0.9883535417996171,0.9883535417996171,0.9904585210707659,0.9883535417996171,0.9883535417996171,False,5.0,True,0.0,,,0.6888615570513327,True,"7,17",0.95,5.0,,
42,PSS-JMI,pair,False,5.0,-0.09137629220211951,0.9999276096713479,0.9998404594767071,1.0851545866616081,-1.0266978702106426,0.9918922831909657,0.9918922831909657,0.9822910019144863,0.9822910019144863,0.9822910019144863,0.9838324940365757,0.9822910019144863,0.9822910019144863,False,5.0,True,0.0,,,0.6888615570513327,True,"7,18",0.95,5.0,,
42,PSS-JMI,pair,False,2.0,-0.42320482043657237,1.0,1.0,1.0336047861872153,-1.5745817034713974,0.9984798030983061,0.9984798030983061,0.9970845481049563,0.9970845481049563,0.9970845481049563,0.9970845481049563,0.9974473516273133,0.9970845481049563,False,5.0,True,0.0,,,0.6888615570513327,True,"7,19",0.95,5.0,,
42,PSS-JMI,pair,False,5.0,-0.06542146473147792,1.0,0.9998674794593162,1.0809269635082734,-1.1190805438810083,0.9923266251628783,0.9923266251628783,0.9837268666241226,0.9837268666241226,0.9837268666241226,0.9839650145772595,0.9837268666241226,0.9837268666241226,False,5.0,True,0.0,,,0.6888615570513327,True,"7,20",0.95,5.0,,
42,PSS-JMI,pair,False,2.0,-0.495187532082225,1.0,1.0,1.0341483558510132,-1.333795027682968,0.9986969740842624,0.9986969740842624,0.9964901084875558,0.9964901084875558,0.9964901084875558,0.9977471508083753,0.9964901084875558,0.9964901084875558,False,5.0,True,0.0,,,0.6888615570513327,True,"7,21",0.95,5.0,,
42,PSS-JMI,pair,False,2.0,-0.608209164482922,1.0,1.0,1.034700513775189,-3.7495935787771093,0.9989141450702186,0.9989141450702186,0.9968091895341417,0.9968091895341417,0.9968091895341417,0.9976146302676915,0.9968091895341417,0.9968091895341417,False,5.0,True,0.0,,,0.6888615570513327,True,"7,22",0.95,5.0,,
42,PSS-JMI,pair,False,4.0,-0.23059836857531701,1.0,1.0,1.0672428932484108,-3.814279966809587,0.994498335022441,0.994498335022441,0.9894703254626676,0.9891512444160817,0.9891512444160817,0.9896633978266631,0.9891512444160817,0.9891512444160817,False,5.0,True,0.0,,,0.6888615570513327,True,"7,23",0.95,5.0,,
42,PSS-JMI,pair,False,4.0,-0.16838818177986137,1.0,1.0,1.0624039531461626,-1.1219560629154104,0.9953670189662661,0.9953670189662661,0.9891512444160817,0.9891512444160817,0.9891512444160817,0.9916512059369202,0.9891512444160817,0.9891512444160817,False,5.0,True,0.0,,,0.6888615570513327,True,"7,24",0.95,5.0,,
42,PSS-JMI,pair,False,5.0,-0.2266115389752157,1.0,0.9997349589186324,1.0804863297210912,-1.514240743473849,0.9901549153033155,0.9901549153033155,0.9798978940650925,0.9798978940650925,0.9798978940650925,0.9838324940365757,0.9798978940650925,0.9798978940650925,False,5.0,True,0.0,,,0.6888615570513327,True,"8,9",0.95,5.0,,
42,PSS-JMI,pair,True,5.0,0.09678126018769362,1.0,0.9998404594767071,1.063045744060255,-1.486403672047957,0.9923990154915303,0.9923990154915303,0.9838864071474155,0.9832482450542438,0.9832482450542438,0.9868804664723032,0.9832482450542438,0.9832482450542438,False,5.0,True,0.0,,,0.6888615570513327,False,"8,10",0.95,5.0,,
42,PSS-JMI,pair,True,5.0,0.13483053851716886,1.0,1.0,1.069874750129616,-0.9418905315905272,0.9916751122050094,0.9916751122050094,0.9822910019144863,0.9822910019144863,0.9822910019144863,0.9851576994434137,0.9822910019144863,0.9822910019144863,False,5.0,True,0.0,,,0.6888615570513327,False,"8,11",0.95,5.0,,
42,PSS-JMI,pair,True,5.0,0.13681707366305407,1.0,0.9998404594767071,1.0742174247204666,-1.4185338572693131,0.991385550890401,0.991385550890401,0.9808551372048501,0.9806955966815571,0.9806955966815571,0.9831698913331567,0.9806955966815571,0.9806955966815571,False,5.0,True,0.0,,,0.6888615570513327,False,"8,12",0.95,5.0,,
42,PSS-JMI,pair,True,5.0,-0.06496135413318882,1.0,1.0,1.083677094003909,-1.4114562694948507,0.9914579412190532,0.991385550890401,0.9795788130185067,0.9794192724952138,0.9794192724952138,0.9862178637688842,0.9794192724952138,0.9794192724952138,False,5.0,True,0.0,,,0.6888615570513327,True,"8,13",0.95,5.0,,
42,PSS-JMI,pair,True,5.0,0.11824918171422705,1.0,0.9998674794593162,1.0558362189298844,-1.5262424911523012,0.9945707253510931,0.9943535543651368,0.9888321633694959,0.98851308232291,0.98851308232291,0.9903260005300821,0.98851308232291,0.98851308232291,False,5.0,True,0.0,,,0.6888615570513327,False,"8,14",0.95,5.0,,
42,PSS-JMI,pair,True,5.0,-0.06462304867446322,1.0,1.0,1.0796259206783982,-1.0858404370239776,0.9916751122050094,0.9916751122050094,0.9819719208679004,0.9819719208679004,0.9819719208679004,0.9848926583620461,0.9819719208679004,0.9819719208679004,False,5.0,True,0.0,,,0.6888615570513327,True,"8,15",0.95,5.0,,
42,PSS-JMI,pair,True,5.0,0.14635822316637603,1.0,0.9998404594767071,1.0591095350805788,-1.392885609960909,0.9940639930505285,0.9940639930505285,0.98851308232291,0.9881940012763242,0.9881940012763242,0.9892658362046117,0.9881940012763242,0.9881940012763242,False,5.0,True,0.0,,,0.6888615570513327,False,"8,16",0.95,5.0,,
42,PSS-JMI,pair,False,5.0,-0.29813698804487165,1.0,1.0,1.0822998211694759,-2.030506308581195,0.9914579412190532,0.991385550890401,0.9811742182514359,0.9808551372048501,0.9808551372048501,0.985687781606149,0.9808551372048501,0.9808551372048501,False,5.0,True,0.0,,,0.6888615570513327,True,"8,17",0.95,5.0,,
42,PSS-JMI,pair,True,5.0,0.12881940050129903,1.0,0.9997349589186324,1.0601905187770693,-1.4583951436894977,0.993702041407268,0.9936296510786159,0.9861199744735163,0.9856413529036375,0.9856413529036375,0.9897959183673469,0.9856413529036375,0.9856413529036375,False,5.0,True,0.0,,,0.6888615570513327,False,"8,18",0.95,5.0,,
42,PSS-JMI,pair,True,5.0,0.14293163072807769,1.0,0.9998674794593162,1.0705914302191706,-0.9836778698533762,0.9910235992471406,0.9910235992471406,0.9837268666241226,0.9835673261008296,0.9835673261008296,0.9859528226875166,0.9835673261008296,0.9835673261008296,False,5.0,True,0.0,,,0.6888615570513327,False,"8,19",0.95,5.0,,
42,PSS-JMI,pair,True,5.0,0.13418908420753795,1.0,1.0,1.0674252498353634,-1.046204968085092,0.9922542348342261,0.9922542348342261,0.9844950967399947,0.9844950967399947,0.9844950967399947,0.9844950967399947,0.9851627313337588,0.9844950967399947,False,5.0,True,0.0,,,0.6888615570513327,False,"8,20",0.95,5.0,,
42,PSS-JMI,pair,True,5.0,0.11128811252980753,0.9999276096713479,0.9997349589186324,1.0669403313088888,-0.9633061214104802,0.9917475025336615,0.9916751122050094,0.982929164007658,0.982769623484365,0.982769623484365,0.9866154253909356,0.982769623484365,0.982769623484365,False,5.0,True,0.0,,,0.6888615570513327,False,"8,21",0.95,5.0,,
42,PSS-JMI,pair,False,5.0,-0.25036399879816207,0.9999276096713479,0.9998404594767071,1.0708961645798538,-3.6655327099945945,0.9924714058201825,0.9924714058201825,0.9837268666241226,0.9837268666241226,0.9837268666241226,0.9858203021468328,0.9837268666241226,0.9837268666241226,False,5.0,True,0.0,,,0.6888615570513327,True,"8,22",0.95,5.0,,
42,PSS-JMI,pair,True,5.0,-0.019887523452979394,1.0,0.9997349589186324,1.070413722188862,-3.7750255203979393,0.992905747792095,0.992905747792095,0.9830887045309509,0.9830887045309509,0.9830887045309509,0.9850251789027299,0.9830887045309509,0.9830887045309509,False,5.0,True,0.0,,,0.6888615570513327,True,"8,23",0.95,5.0,,
42,PSS-JMI,pair,True,5.0,0.11388255801642,1.0,0.9998674794593162,1.0668903903982965,-1.049567227178255,0.9923266251628783,0.9923266251628783,0.9848436502871729,0.9848436502871729,0.9848436502871729,0.9878081102570898,0.9848436502871729,0.9848436502871729,False,5.0,True,0.0,,,0.6888615570513327,False,"8,24",0.95,5.0,,
42,PSS-JMI,pair,False,5.0,-0.539602230873292,1.0,0.9998674794593162,1.069709063867652,-2.3618823760123155,0.9912407702330969,0.9911683799044447,0.9832482450542438,0.9830887045309509,0.9830887045309509,0.9864829048502518,0.9830887045309509,0.9830887045309509,False,5.0,True,0.0,,,0.6888615570513327,True,"9,10",0.95,5.0,,
42,PSS-JMI,pair,False,4.0,-0.28606990928367226,1.0,0.9998404594767071,1.0652696904804169,-1.739158006323016,0.9944259446937889,0.9944259446937889,0.9888321633694959,0.9888321633694959,0.9888321633694959,0.9908560826928174,0.9888321633694959,0.9888321633694959,False,5.0,True,0.0,,,0.6888615570513327,True,"9,11",0.95,5.0,,
42,PSS-JMI,pair,False,4.0,-0.13898125971129183,1.0,1.0,1.071547066865157,-1.9328227772963757,0.9948602866657015,0.9948602866657015,0.9873962986598596,0.9873962986598596,0.9873962986598596,0.9903260005300821,0.9873962986598596,0.9873962986598596,False,5.0,True,0.0,,,0.6888615570513327,True,"9,12",0.95,5.0,,
42,PSS-JMI,pair,False,5.0,-1.0148717453628602,1.0,0.9998674794593162,1.0710719290575206,-3.3084703019815693,0.9934848704213117,0.9934848704213117,0.9858008934269304,0.9858008934269304,0.9858008934269304,0.9888682745825603,0.9858008934269304,0.9858008934269304,False,5.0,True,0.0,,,0.6888615570513327,True,"9,13",0.95,5.0,,
42,PSS-JMI,pair,False,5.0,-0.18827204436723854,0.9998552193426958,1.0,1.0813053852346033,-1.444782566885819,0.9917475025336615,0.9917475025336615,0.9813337587747287,0.9808551372048501,0.9808551372048501,0.9872780280943546,0.9808551372048501,0.9808551372048501,False,5.0,True,0.0,,,0.6888615570513327,True,"9,14",0.95,5.0,,
42,PSS-JMI,pair,False,4.0,-0.8264120123305436,1.0,1.0,1.0620508035571337,-2.7713518484839637,0.9955841899522224,0.9955117996235703,0.9886726228462029,0.98851308232291,0.98851308232291,0.991783726477604,0.98851308232291,0.98851308232291,False,5.0,True,0.0,,,0.6888615570513327,True,"9,15",0.95,5.0,,
42,PSS-JMI,pair,False,4.0,-0.2051772779504022,1.0,1.0,1.0726494832216962,-1.4215270910888291,0.993702041407268,0.993702041407268,0.9869176770899809,0.9869176770899809,0.9869176770899809,0.9891333156639279,0.9869176770899809,0.9869176770899809,False,5.0,True,0.0,,,0.6888615570513327,True,"9,16",0.95,5.0,,
42,PSS-JMI,pair,False,5.0,-1.1043194515756887,1.0,0.9998404594767071,1.074834817745691,-4.347065479641785,0.9941363833791805,0.9939192123932242,0.9873962986598596,0.9870772176132737,0.9870772176132737,0.9904585210707659,0.9870772176132737,0.9870772176132737,False,5.0,True,0.0,,,0.6888615570513327,True,"9,17",0.95,5.0,,
42,PSS-JMI,pair,False,3.0,-0.4868021017613555,1.0,1.0,1.0471981949959686,-1.562810021085876,0.9973939481685247,0.9973939481685247,0.9934588385449904,0.9934588385449904,0.9934588385449904,0.9943016167505964,0.9934588385449904,0.9934588385449904,False,5.0,True,0.0,,,0.6888615570513327,True,"9,18",0.95,5.0,,
42,PSS-JMI,pair,False,4.0,-0.2816772159779233,1.0,0.9998674794593162,1.063571175158881,-1.7557021109436073,0.9946431156797452,0.9946431156797452,0.9889917038927888,0.9886726228462029,0.9886726228462029,0.9915186853962364,0.9886726228462029,0.9886726228462029,False,5.0,True,0.0,,,0.6888615570513327,True,"9,19",0.95,5.0,,
42,PSS-JMI,pair,False,4.0,-0.27255110966608864,1.0,1.0,1.0694174958851,-1.594940758569691,0.993702041407268,0.993702041407268,0.9865985960433951,0.9865985960433951,0.9865985960433951,0.9913861648555526,0.9865985960433951,0.9865985960433951,False,5.0,True,0.0,,,0.6888615570513327,True,"9,20",0.95,5.0,,
42,PSS-JMI,pair,False,3.0,-0.3733263918095371,1.0,1.0,1.048512669739817,-1.462866794451531,0.9967424352106559,0.9967424352106559,0.9926611359285259,0.9926611359285259,0.9926611359285259,0.9944341372912802,0.9926611359285259,0.9926611359285259,False,5.0,True,0.0,,,0.6888615570513327,True,"9,21",0.95,5.0,,
42,PSS-JMI,pair,False,5.0,-0.4771200973751535,1.0,0.9998674794593162,1.0881179020227894,-4.035979735548789,0.992109454176922,0.9918922831909657,0.9843650287172941,0.9838864071474155,0.9838864071474155,0.9854227405247813,0.9838864071474155,0.9838864071474155,False,5.0,True,0.0,,,0.6888615570513327,True,"9,22",0.95,5.0,,
42,PSS-JMI,pair,False,3.0,-0.6489201673366622,1.0,1.0,1.0528350038696355,-4.390683210119495,0.9967424352106559,0.9967424352106559,0.9932992980216975,0.9932992980216975,0.9932992980216975,0.9937715345878612,0.9932992980216975,0.9932992980216975,False,5.0,True,0.0,,,0.6888615570513327,True,"9,23",0.95,5.0,,
42,PSS-JMI,pair,False,5.0,-0.3322935064246355,0.9999276096713479,0.9996809189534142,1.0743733375835973,-1.7398652624773734,0.9925437961488345,0.9925437961488345,0.9845245692405871,0.9845245692405871,0.9845245692405871,0.9864829048502518,0.9845245692405871,0.9845245692405871,False,5.0,True,0.0,,,0.6888615570513327,True,"9,24",0.95,5.0,,
42,PSS-JMI,pair,True,5.0,0.12358616571538383,0.9999276096713479,0.9997349589186324,1.0650691610539138,-1.3428176251171975,0.9918922831909657,0.9918922831909657,0.9813337587747287,0.9811742182514359,0.9811742182514359,0.986350384309568,0.9811742182514359,0.9811742182514359,False,5.0,True,0.0,,,0.6888615570513327,False,"10,11",0.95,5.0,,
42,PSS-JMI,pair,True,5.0,0.11272432768092333,1.0,0.9998674794593162,1.0717790214382057,-1.7653336493657958,0.9908064282611843,0.9905892572752281,0.9816528398213146,0.9813337587747287,0.9813337587747287,0.9850251789027299,0.9813337587747287,0.9813337587747287,False,5.0,True,0.0,,,0.6888615570513327,False,"10,12",0.95,5.0,,
42,PSS-JMI,pair,True,5.0,-0.2987122862705076,1.0,1.0,1.0727614285982416,-1.9013580017914722,0.9905892572752281,0.9904444766179239,0.981014677728143,0.9806955966815571,0.9806955966815571,0.9862178637688842,0.9806955966815571,0.9806955966815571,False,5.0,True,0.0,,,0.6888615570513327,True,"10,13",0.95,5.0,,
42,PSS-JMI,pair,True,5.0,0.1078672435957182,1.0,0.9998674794593162,1.061578760703987,-1.4712971089018394,0.9922542348342261,0.9919646735196178,0.9838864071474155,0.9834077855775367,0.9834077855775367,0.9879406307977736,0.9834077855775367,0.9834077855775367,False,5.0,True,0.0,,,0.6888615570513327,False,"10,14",0.95,5.0,,
42,PSS-JMI,pair,True,5.0,-0.2816962926098381,1.0,0.9998674794593162,1.070625318981727,-1.698894954665625,0.9917475025336615,0.9916027218763573,0.9824505424377792,0.9819719208679004,0.9819719208679004,0.986350384309568,0.9819719208679004,0.9819719208679004,False,5.0,True,0.0,,,0.6888615570513327,True,"10,15",0.95,5.0,,
42,PSS-JMI,pair,True,5.0,0.10165993061185263,1.0,0.9996024383779486,1.0625208333264322,-1.5008094095372508,0.9918198928623136,0.9916027218763573,0.9843650287172941,0.9842054881940012,0.9842054881940012,0.9847601378213623,0.9842054881940012,0.9842054881940012,False,5.0,True,0.0,,,0.6888615570513327,False,"10,16",0.95,5.0,,
42,PSS-JMI,pair,False,5.0,-0.34442059237866296,1.0,1.0,1.0797466995493228,-2.3835429402782746,0.9910959895757927,0.9910959895757927,0.9818123803446075,0.9818123803446075,0.9818123803446075,0.987675589716406,0.9818123803446075,0.9818123803446075,False,5.0,True,0.0,,,0.6888615570513327,True,"10,17",0.95,5.0,,
42,PSS-JMI,pair,True,5.0,0.10270440866837727,1.0,0.9996024383779486,1.0661970862772256,-1.5369162467730335,0.9920370638482698,0.9920370638482698,0.9830887045309509,0.982769623484365,0.982769623484365,0.9850251789027299,0.982769623484365,0.982769623484365,False,5.0,True,0.0,,,0.6888615570513327,False,"10,18",0.95,5.0,,
42,PSS-JMI,pair,True,5.0,0.12153532182388216,1.0,0.9998674794593162,1.065807628827883,-1.3677371228451622,0.992109454176922,0.992109454176922,0.982769623484365,0.982769623484365,0.982769623484365,0.9872780280943546,0.982769623484365,0.982769623484365,False,5.0,True,0.0,,,0.6888615570513327,False,"10,19",0.95,5.0,,
42,PSS-JMI,pair,True,5.0,0.09558644502977653,1.0,0.9998674794593162,1.0627572662278342,-1.3931435056150234,0.9918198928623136,0.9915303315477052,0.9821314613911933,0.9819719208679004,0.9819719208679004,0.986350384309568,0.9819719208679004,0.9819719208679004,False,5.0,True,0.0,,,0.6888615570513327,False,"10,20",0.95,5.0,,
42,PSS-JMI,pair,True,5.0,-0.047037854947120206,0.9999276096713479,0.9997349589186324,1.0640649387531018,-1.5618979591829711,0.9910235992471406,0.9905892572752281,0.9826100829610721,0.9818123803446075,0.9818123803446075,0.9862178637688842,0.9818123803446075,0.9818123803446075,False,5.0,True,0.0,,,0.6888615570513327,True,"10,21",0.95,5.0,,
42,PSS-JMI,pair,False,5.0,-0.4890426318236969,0.9999276096713479,0.9994699178372648,1.072989909137509,-4.404104284627993,0.9919646735196178,0.9919646735196178,0.9821314613911933,0.9819719208679004,0.9819719208679004,0.9852902199840975,0.9819719208679004,0.9819719208679004,False,5.0,True,0.0,,,0.6888615570513327,True,"10,22",0.95,5.0,,
42,PSS-JMI,pair,True,5.0,-0.10316311755186458,0.9999276096713479,0.9998404594767071,1.0657501038311694,-4.337400528018384,0.991385550890401,0.9913131605617489,0.9824505424377792,0.9822910019144863,0.9822910019144863,0.9867479459316194,0.9822910019144863,0.9822910019144863,False,5.0,True,0.0,,,0.6888615570513327,True,"10,23",0.95,5.0,,
42,PSS-JMI,pair,True,5.0,0.09387921302377666,0.9998552193426958,0.9998674794593162,1.0648935065937544,-1.2822585760305194,0.9911683799044447,0.9909512089184885,0.9822910019144863,0.9819719208679004,0.9819719208679004,0.9868804664723032,0.9819719208679004,0.9819719208679004,False,5.0,True,0.0,,,0.6888615570513327,False,"10,24",0.95,5.0,,
42,PSS-JMI,pair,True,5.0,0.0951695597884965,1.0,1.0,1.070959739629556,-1.6118066213320135,0.9937744317359201,0.9937744317359201,0.9858008934269304,0.9858008934269304,0.9858008934269304,0.9880731513384574,0.9858008934269304,0.9858008934269304,False,5.0,True,0.0,,,0.6888615570513327,False,"11,12",0.95,5.0,,
42,PSS-JMI,pair,True,5.0,-0.08656735235100932,0.9999276096713479,0.9998404594767071,1.072989547574686,-1.4220850187214018,0.9937744317359201,0.9937744317359201,0.9851627313337588,0.9848436502871729,0.9848436502871729,0.987675589716406,0.9848436502871729,0.9848436502871729,False,5.0,True,0.0,,,0.6888615570513327,True,"11,13",0.95,5.0,,
42,PSS-JMI,pair,True,5.0,0.13550297077558615,1.0,0.9996809189534142,1.0704535508407267,-0.8901760476065773,0.9925437961488345,0.9925437961488345,0.9814932992980216,0.9814932992980216,0.9814932992980216,0.9862178637688842,0.9814932992980216,0.9814932992980216,False,5.0,True,0.0,,,0.6888615570513327,False,"11,14",0.95,5.0,,
42,PSS-JMI,pair,True,5.0,-0.08662014805017959,0.9999276096713479,0.9996809189534142,1.0720420572824758,-1.1257125697090333,0.9930505284493991,0.9930505284493991,0.9856413529036375,0.9853222718570517,0.9853222718570517,0.9878081102570898,0.9853222718570517,0.9853222718570517,False,5.0,True,0.0,,,0.6888615570513327,True,"11,15",0.95,5.0,,
42,PSS-JMI,pair,True,5.0,0.1299939478083283,1.0,0.9995213784301212,1.0692991388983244,-0.8805570331756335,0.992181844505574,0.992181844505574,0.9837268666241226,0.9835673261008296,0.9835673261008296,0.9859528226875166,0.9835673261008296,0.9835673261008296,False,5.0,True,0.0,,,0.6888615570513327,False,"11,16",0.95,5.0,,
42,PSS-JMI,pair,False,5.0,-0.3067220863527962,1.0,0.9996809189534142,1.0802923363787817,-2.099570471455713,0.9940639930505285,0.9940639930505285,0.9859604339502234,0.9859604339502234,0.9859604339502234,0.987675589716406,0.9859604339502234,0.9859604339502234,False,5.0,True,0.0,,,0.6888615570513327,True,"11,17",0.95,5.0,,
42,PSS-JMI,pair,True,5.0,0.13030927618742538,0.9999276096713479,0.9998404594767071,1.0688677878978217,-0.965254179183447,0.9923990154915303,0.9923990154915303,0.9821314613911933,0.9818123803446075,0.9818123803446075,0.9867479459316194,0.9818123803446075,0.9818123803446075,False,5.0,True,0.0,,,0.6888615570513327,False,"11,18",0.95,5.0,,
42,PSS-JMI,pair,True,5.0,0.07499232044657123,1.0,1.0,1.05289719985861,-1.9256824751482646,0.9953670189662661,0.9953670189662661,0.9897894065092534,0.9897894065092534,0.9897894065092534,0.9909886032335012,0.9897894065092534,0.9897894065092534,False,5.0,True,0.0,,,0.6888615570513327,False,"11,19",0.95,5.0,,
42,PSS-JMI,pair,True,5.0,0.10975778892781762,1.0,1.0,1.06703548544553,-1.0025192317116731,0.992109454176922,0.992109454176922,0.98468410976388,0.9845245692405871,0.9845245692405871,0.9864829048502518,0.9845245692405871,0.9845245692405871,False,5.0,True,0.0,,,0.6888615570513327,False,"11,20",0.95,5.0,,
42,PSS-JMI,pair,True,5.0,0.01826626682230792,1.0,1.0,1.0645115265544085,-1.1487535384730614,0.9930505284493991,0.9930505284493991,0.9835673261008296,0.9835673261008296,0.9835673261008296,0.9859528226875166,0.9835673261008296,0.9835673261008296,False,5.0,True,0.0,,,0.6888615570513327,False,"11,21",0.95,5.0,,
42,PSS-JMI,pair,False,5.0,-0.1928082677148475,1.0,0.9998404594767071,1.0715984828586664,-3.692680262069746,0.9931953091067034,0.9930505284493991,0.9822910019144863,0.9822910019144863,0.9822910019144863,0.987675589716406,0.9822910019144863,0.9822910019144863,False,5.0,True,0.0,,,0.6888615570513327,True,"11,22",0.95,5.0,,
42,PSS-JMI,pair,True,5.0,-0.0495367337759034,1.0,0.9998674794593162,1.0705725259714147,-3.8407081880861353,0.9929781381207471,0.9929781381207471,0.9850031908104658,0.9848436502871729,0.9848436502871729,0.9859528226875166,0.9848436502871729,0.9848436502871729,False,5.0,True,0.0,,,0.6888615570513327,True,"11,23",0.95,5.0,,
42,PSS-JMI,pair,True,5.0,0.11044433520454722,1.0,1.0,1.0626668664886423,-1.293280019346603,0.9943535543651368,0.9943535543651368,0.9865985960433951,0.9865985960433951,0.9865985960433951,0.9886032335011927,0.9865985960433951,0.9865985960433951,False,5.0,True,0.0,,,0.6888615570513327,False,"11,24",0.95,5.0,,
42,PSS-JMI,pair,True,4.0,-0.14570746043973637,1.0,1.0,1.0615563584732521,-1.969683676114331,0.9953670189662661,0.9953670189662661,0.9901084875558391,0.9901084875558391,0.9901084875558391,0.9905910416114497,0.9901084875558391,0.9901084875558391,False,5.0,True,0.0,,,0.6888615570513327,True,"12,13",0.95,5.0,,
42,PSS-JMI,pair,True,5.0,0.10519117603966399,1.0,0.9998404594767071,1.0802561123191328,-1.3437244794382794,0.991385550890401,0.991385550890401,0.9808551372048501,0.9806955966815571,0.9806955966815571,0.9848926583620461,0.9806955966815571,0.9806955966815571,False,5.0,True,0.0,,,0.6888615570513327,False,"12,14",0.95,5.0,,
42,PSS-JMI,pair,True,5.0,-0.007751904296205536,1.0,0.9996809189534142,1.080581827547844,-1.5740888343538468,0.9926161864774866,0.9924714058201825,0.9850031908104658,0.9850031908104658,0.9850031908104658,0.9859528226875166,0.9850031908104658,0.9850031908104658,False,5.0,True,0.0,,,0.6888615570513327,True,"12,15",0.95,5.0,,
42,PSS-JMI,pair,True,5.0,0.12323360575039688,1.0,1.0,1.0777969896435657,-1.3606678400143628,0.9916027218763573,0.9916027218763573,0.9832482450542438,0.982929164007658,0.982929164007658,0.9859528226875166,0.982929164007658,0.982929164007658,False,5.0,True,0.0,,,0.6888615570513327,False,"12,16",0.95,5.0,,
42,PSS-JMI,pair,False,4.0,-0.42875606332164873,1.0,1.0,1.0654622421990978,-2.602094789347053,0.995294628637614,0.995294628637614,0.990427568602425,0.990427568602425,0.990427568602425,0.992446329181023,0.990427568602425,0.990427568602425,False,5.0,True,0.0,,,0.6888615570513327,True,"12,17",0.95,5.0,,
42,PSS-JMI,pair,True,5.0,0.121904709841691,0.9999276096713479,0.9998404594767071,1.078858343993743,-1.3898007681437796,0.9916751122050094,0.9915303315477052,0.9818123803446075,0.9814932992980216,0.9814932992980216,0.985687781606149,0.9814932992980216,0.9814932992980216,False,5.0,True,0.0,,,0.6888615570513327,False,"12,18",0.95,5.0,,
42,PSS-JMI,pair,True,5.0,0.09859006869508358,0.9998552193426958,0.9997349589186324,1.0714080283440723,-1.6161695988434124,0.9931953091067034,0.9929781381207471,0.9861199744735163,0.9856413529036375,0.9856413529036375,0.9897959183673469,0.9856413529036375,0.9856413529036375,False,5.0,True,0.0,,,0.6888615570513327,False,"12,19",0.95,5.0,,
42,PSS-JMI,pair,True,5.0,0.1216218021175437,1.0,1.0,1.0774830122680787,-1.4182772859968695,0.9918198928623136,0.9918198928623136,0.9832482450542438,0.9832482450542438,0.9832482450542438,0.985687781606149,0.9832482450542438,0.9832482450542438,False,5.0,True,0.0,,,0.6888615570513327,False,"12,20",0.95,5.0,,
42,PSS-JMI,pair,True,5.0,0.05480947765048194,1.0,0.9998404594767071,1.0638990039536178,-1.6967986864228881,0.9933400897640076,0.9929781381207471,0.98468410976388,0.9845245692405871,0.9845245692405871,0.9855552610654651,0.9845245692405871,0.9845245692405871,False,5.0,True,0.0,,,0.6888615570513327,False,"12,21",0.95,5.0,,
42,PSS-JMI,pair,False,5.0,-0.15914899520197334,1.0,0.9997349589186324,1.0790495028171196,-3.9049076686146047,0.9910235992471406,0.9909512089184885,0.981014677728143,0.9806955966815571,0.9806955966815571,0.9844950967399947,0.9806955966815571,0.9806955966815571,False,5.0,True,0.0,,,0.6888615570513327,True,"12,22",0.95,5.0,,
42,PSS-JMI,pair,True,5.0,-0.03305174525490262,1.0,1.0,1.0762970079559684,-4.19489000695178,0.991385550890401,0.991385550890401,0.9840459476707084,0.9838864071474155,0.9838864071474155,0.9854227405247813,0.9838864071474155,0.9838864071474155,False,5.0,True,0.0,,,0.6888615570513327,True,"12,23",0.95,5.0,,
42,PSS-JMI,pair,True,5.0,0.09668534274641827,1.0,1.0,1.0783458010635258,-1.274735261347464,0.9924714058201825,0.9924714058201825,0.9838864071474155,0.9838864071474155,0.9838864071474155,0.9854227405247813,0.9838864071474155,0.9838864071474155,False,5.0,True,0.0,,,0.6888615570513327,False,"12,24",0.95,5.0,,
42,PSS-JMI,pair,True,5.0,-0.04406294979962144,0.9999276096713479,0.9998674794593162,1.0830723882107034,-1.3208078425362897,0.991385550890401,0.991385550890401,0.981014677728143,0.9806955966815571,0.9806955966815571,0.9859528226875166,0.9806955966815571,0.9806955966815571,False,5.0,True,0.0,,,0.6888615570513327,True,"13,14",0.95,5.0,,
42,PSS-JMI,pair,True,5.0,-0.7479275398597363,1.0,1.0,1.0700535718189743,-2.5326988689816807,0.9944259446937889,0.9944259446937889,0.9886726228462029,0.9883535417996171,0.9883535417996171,0.9903260005300821,0.9883535417996171,0.9883535417996171,False,5.0,True,0.0,,,0.6888615570513327,True,"13,15",0.95,5.0,,
42,PSS-JMI,pair,True,4.0,-0.2112936167672883,1.0,1.0,1.071286624725092,-1.3140043457673463,0.9947155060083973,0.9947155060083973,0.9881940012763242,0.9881940012763242,0.9881940012763242,0.9900609594487145,0.9881940012763242,0.9881940012763242,False,5.0,True,0.0,,,0.6888615570513327,True,"13,16",0.95,5.0,,
42,PSS-JMI,pair,False,4.0,-1.104513487980519,1.0,0.9998674794593162,1.0594778930772344,-3.823096289347667,0.9966700448820037,0.9966700448820037,0.9931397574984046,0.9931397574984046,0.9931397574984046,0.9932414524251258,0.9931397574984046,0.9931397574984046,False,5.0,True,0.0,,,0.6888615570513327,True,"13,17",0.95,5.0,,
42,PSS-JMI,pair,True,5.0,-0.1346606160461432,1.0,0.9997349589186324,1.0820792523262532,-1.30721371194247,0.9916027218763573,0.9916027218763573,0.9816528398213146,0.9816528398213146,0.9816528398213146,0.9840975351179433,0.9816528398213146,0.9816528398213146,False,5.0,True,0.0,,,0.6888615570513327,True,"13,18",0.95,5.0,,
42,PSS-JMI,pair,True,5.0,-0.11602089600965648,0.9999276096713479,0.9993618379068283,1.0727591873982514,-1.5041914515656492,0.9932676994353554,0.9931229187780513,0.9872367581365666,0.9872367581365666,0.9872367581365666,0.9891333156639279,0.9872367581365666,0.9872367581365666,False,5.0,True,0.0,,,0.6888615570513327,True,"13,19",0.95,5.0,,
42,PSS-JMI,pair,True,5.0,-0.060461685821493916,1.0,1.0,1.0762634481550934,-1.442534661852756,0.9919646735196178,0.9919646735196178,0.9837268666241226,0.9837268666241226,0.9837268666241226,0.9848926583620461,0.9837268666241226,0.9837268666241226,False,5.0,True,0.0,,,0.6888615570513327,True,"13,20",0.95,5.0,,
42,PSS-JMI,pair,True,5.0,-0.18481538973660716,0.9999276096713479,0.9997349589186324,1.0778965979201562,-1.288748393290509,0.991385550890401,0.991385550890401,0.981014677728143,0.981014677728143,0.981014677728143,0.986350384309568,0.981014677728143,0.981014677728143,False,5.0,True,0.0,,,0.6888615570513327,True,"13,21",0.95,5.0,,
42,PSS-JMI,pair,False,5.0,-0.41232734679019867,1.0,0.9997349589186324,1.0871874696163222,-3.8708670002412937,0.9917475025336615,0.9917475025336615,0.9821314613911933,0.9821314613911933,0.9821314613911933,0.9846276172806785,0.9821314613911933,0.9821314613911933,False,5.0,True,0.0,,,0.6888615570513327,True,"13,22",0.95,5.0,,
42,PSS-JMI,pair,True,4.0,-0.2660351991322951,1.0,0.9998404594767071,1.0683773343858793,-3.9316770858312036,0.9935572607499638,0.9934848704213117,0.9880344607530313,0.9878749202297383,0.9878749202297383,0.9887357540418765,0.9878749202297383,0.9878749202297383,False,5.0,True,0.0,,,0.6888615570513327,True,"13,23",0.95,5.0,,
42,PSS-JMI,pair,True,5.0,-0.13868605417850954,1.0,1.0,1.079090483759841,-1.3924168907640808,0.9934124800926596,0.9934124800926596,0.9838864071474155,0.9838864071474155,0.9838864071474155,0.9859528226875166,0.9838864071474155,0.9838864071474155,False,5.0,True,0.0,,,0.6888615570513327,True,"13,24",0.95,5.0,,
42,PSS-JMI,pair,True,5.0,-0.08429617728649252,1.0,1.0,1.0782937235720882,-1.0109489085961396,0.9918198928623136,0.9918198928623136,0.9835673261008296,0.9835673261008296,0.9835673261008296,0.987012987012987,0.9835673261008296,0.9835673261008296,False,5.0,True,0.0,,,0.6888615570513327,True,"14,15",0.95,5.0,,
42,PSS-JMI,pair,True,5.0,0.13142130140380126,1.0,1.0,1.0587003543565432,-1.4763995540595793,0.9951498479803098,0.9951498479803098,0.9896633978266631,0.9896633978266631,0.9896633978266631,0.9896633978266631,0.9902680280791321,0.9896633978266631,False,5.0,True,0.0,,,0.6888615570513327,False,"14,16",0.95,5.0,,
42,PSS-JMI,pair,False,5.0,-0.23629516698859465,1.0,1.0,1.0818237633902015,-1.906194294142262,0.9916751122050094,0.9916751122050094,0.9822910019144863,0.9822910019144863,0.9822910019144863,0.9875430691757222,0.9822910019144863,0.9822910019144863,False,5.0,True,0.0,,,0.6888615570513327,True,"14,17",0.95,5.0,,
42,PSS-JMI,pair,True,5.0,0.10294596969742287,1.0,1.0,1.0610410573842397,-1.4611725762012615,0.9942087737078327,0.9942087737078327,0.9877153797064454,0.9877153797064454,0.9877153797064454,0.9893983567452955,0.9877153797064454,0.9877153797064454,False,5.0,True,0.0,,,0.6888615570513327,False,"14,18",0.95,5.0,,
42,PSS-JMI,pair,True,5.0,0.13117651767094785,0.9999276096713479,1.0,1.0694422685194431,-0.9347837539173415,0.991385550890401,0.991385550890401,0.9818123803446075,0.9814932992980216,0.9814932992980216,0.9858203021468328,0.9814932992980216,0.9814932992980216,False,5.0,True,0.0,,,0.6888615570513327,False,"14,19",0.95,5.0,,
42,PSS-JMI,pair,True,5.0,0.12727035909150697,0.9999276096713479,0.9996809189534142,1.066544968016686,-0.9988787695416893,0.9924714058201825,0.9923266251628783,0.9850031908104658,0.98468410976388,0.98468410976388,0.9875430691757222,0.98468410976388,0.98468410976388,False,5.0,True,0.0,,,0.6888615570513327,False,"14,20",0.95,5.0,,
42,PSS-JMI,pair,True,5.0,0.07341176657109005,0.9998552193426958,0.9998404594767071,1.0664572855520897,-0.992488820775396,0.992181844505574,0.9919646735196178,0.9843650287172941,0.9840459476707084,0.9840459476707084,0.9875430691757222,0.9840459476707084,0.9840459476707084,False,5.0,True,0.0,,,0.6888615570513327,False,"14,21",0.95,5.0,,
42,PSS-JMI,pair,False,5.0,-0.23297449136551585,1.0,1.0,1.0752255002941857,-3.646686159838773,0.9920370638482698,0.9920370638482698,0.9837268666241226,0.9837268666241226,0.9837268666241226,0.987675589716406,0.9837268666241226,0.9837268666241226,False,5.0,True,0.0,,,0.6888615570513327,True,"14,22",0.95,5.0,,
42,PSS-JMI,pair,True,5.0,-0.001231408900767672,0.9999276096713479,0.9998674794593162,1.0716010626596073,-3.75279545265772,0.9918922831909657,0.9918922831909657,0.9842300556586271,0.9842300556586271,0.9842300556586271,0.9842300556586271,0.9848436502871729,0.9842300556586271,False,5.0,True,0.0,,,0.6888615570513327,True,"14,23",0.95,5.0,,
42,PSS-JMI,pair,True,5.0,0.10211649329665429,1.0,1.0,1.0640308170990593,-1.0547583287861773,0.9939192123932242,0.9939192123932242,0.9870772176132737,0.9870772176132737,0.9870772176132737,0.9891333156639279,0.9870772176132737,0.9870772176132737,False,5.0,True,0.0,,,0.6888615570513327,False,"14,24",0.95,5.0,,
42,PSS-JMI,pair,True,5.0,-0.08281665789778381,1.0,1.0,1.0786665139726752,-1.0097571268673118,0.9916027218763573,0.9916027218763573,0.9838864071474155,0.9837268666241226,0.9837268666241226,0.9852902199840975,0.9837268666241226,0.9837268666241226,False,5.0,True,0.0,,,0.6888615570513327,True,"15,16",0.95,5.0,,
42,PSS-JMI,pair,False,5.0,-0.7133647240439789,1.0,1.0,1.0744064376228366,-3.0619221574595916,0.9941363833791805,0.9941363833791805,0.9872367581365666,0.9872367581365666,0.9872367581365666,0.9900609594487145,0.9872367581365666,0.9872367581365666,False,5.0,True,0.0,,,0.6888615570513327,True,"15,17",0.95,5.0,,
42,PSS-JMI,pair,True,4.0,-0.13755300458588082,1.0,1.0,1.0623460285827837,-1.1169513618328304,0.9953670189662661,0.9953670189662661,0.9889917038927888,0.9889917038927888,0.9889917038927888,0.9899284389080307,0.9889917038927888,0.9889917038927888,False,5.0,True,0.0,,,0.6888615570513327,True,"15,18",0.95,5.0,,
42,PSS-JMI,pair,True,5.0,-0.13860907351164276,1.0,0.9998404594767071,1.0708726454293502,-1.201484198995751,0.9936296510786159,0.9936296510786159,0.986758136566688,0.9865985960433951,0.9865985960433951,0.987675589716406,0.9865985960433951,0.9865985960433951,False,5.0,True,0.0,,,0.6888615570513327,True,"15,19",0.95,5.0,,
42,PSS-JMI,pair,True,5.0,-0.032513731263518864,1.0,0.9998674794593162,1.0796916278791036,-1.0271387274514143,0.9916027218763573,0.9916027218763573,0.9806955966815571,0.9806955966815571,0.9806955966815571,0.9851576994434137,0.9806955966815571,0.9806955966815571,False,5.0,True,0.0,,,0.6888615570513327,True,"15,20",0.95,5.0,,
42,PSS-JMI,pair,True,5.0,-0.1114498157477557,1.0,1.0,1.0739063231565913,-1.0424678885290737,0.9924714058201825,0.9924714058201825,0.9840459476707084,0.9840459476707084,0.9840459476707084,0.9859528226875166,0.9840459476707084,0.9840459476707084,False,5.0,True,0.0,,,0.6888615570513327,True,"15,21",0.95,5.0,,
42,PSS-JMI,pair,False,5.0,-0.3918202080086526,1.0,0.9998674794593162,1.0853257185723835,-3.644759893232902,0.9916751122050094,0.9916027218763573,0.9833024118738405,0.9833024118738405,0.9833024118738405,0.9833024118738405,0.9840459476707084,0.9833024118738405,False,5.0,True,0.0,,,0.6888615570513327,True,"15,22",0.95,5.0,,
42,PSS-JMI,pair,True,3.0,-0.2535756048322817,1.0,1.0,1.0475664603853665,-3.847859668366725,0.9971043868539163,0.9971043868539163,0.9931397574984046,0.9931397574984046,0.9931397574984046,0.9940365756692288,0.9931397574984046,0.9931397574984046,False,5.0,True,0.0,,,0.6888615570513327,True,"15,23",0.95,5.0,,
42,PSS-JMI,pair,True,5.0,-0.07124852158843797,1.0,1.0,1.0733878748444143,-1.035949027832025,0.992905747792095,0.992905747792095,0.9838864071474155,0.9838864071474155,0.9838864071474155,0.9859528226875166,0.9838864071474155,0.9838864071474155,False,5.0,True,0.0,,,0.6888615570513327,True,"15,24",0.95,5.0,,
42,PSS-JMI,pair,False,4.0,-0.31658694229687856,1.0,1.0,1.0668570873783783,-1.7907998843055917,0.9937744317359201,0.9937744317359201,0.9889917038927888,0.9886726228462029,0.9886726228462029,0.9895308772859793,0.9886726228462029,0.9886726228462029,False,5.0,True,0.0,,,0.6888615570513327,True,"16,17",0.95,5.0,,
42,PSS-JMI,pair,True,5.0,0.10007594705709222,1.0,1.0,1.0583667443306963,-1.4848487662057877,0.994498335022441,0.994498335022441,0.9893107849393746,0.9893107849393746,0.9893107849393746,0.9901934799893983,0.9893107849393746,0.9893107849393746,False,5.0,True,0.0,,,0.6888615570513327,False,"16,18",0.95,5.0,,
42,PSS-JMI,pair,True,5.0,0.13072972345975342,1.0,0.9996809189534142,1.0712494378688513,-0.9115761379268646,0.9914579412190532,0.9914579412190532,0.9843650287172941,0.9843650287172941,0.9843650287172941,0.9852902199840975,0.9843650287172941,0.9843650287172941,False,5.0,True,0.0,,,0.6888615570513327,False,"16,19",0.95,5.0,,
42,PSS-JMI,pair,True,5.0,0.14101093678635668,1.0,1.0,1.067844625558913,-0.9390101159526792,0.992109454176922,0.992109454176922,0.9830887045309509,0.9821314613911933,0.9821314613911933,0.9839650145772595,0.9821314613911933,0.9821314613911933,False,5.0,True,0.0,,,0.6888615570513327,False,"16,20",0.95,5.0,,
42,PSS-JMI,pair,True,5.0,0.050143991948529365,1.0,0.9995213784301212,1.063980130086394,-1.0564804889005623,0.9927609671347908,0.9927609671347908,0.9848436502871729,0.9848436502871729,0.9848436502871729,0.9872780280943546,0.9848436502871729,0.9848436502871729,False,5.0,True,0.0,,,0.6888615570513327,False,"16,21",0.95,5.0,,
42,PSS-JMI,pair,False,5.0,-0.2570491383858746,0.9999276096713479,1.0,1.0735995366975488,-3.632321224545188,0.9914579412190532,0.991385550890401,0.9840459476707084,0.9840459476707084,0.9840459476707084,0.9850251789027299,0.9840459476707084,0.9840459476707084,False,5.0,True,0.0,,,0.6888615570513327,True,"16,22",0.95,5.0,,
42,PSS-JMI,pair,True,5.0,0.006003165783504905,0.9999276096713479,0.9998674794593162,1.0684745310742978,-3.752933041235986,0.992109454176922,0.992109454176922,0.98468410976388,0.98468410976388,0.98468410976388,0.9850251789027299,0.98468410976388,0.98468410976388,False,5.0,True,0.0,,,0.6888615570513327,False,"16,23",0.95,5.0,,
42,PSS-JMI,pair,True,5.0,0.11671257103003674,0.9999276096713479,0.9995213784301212,1.0689382032381722,-0.9310235451444397,0.992905747792095,0.9928333574634429,0.9870772176132737,0.9870772176132737,0.9870772176132737,0.9875430691757222,0.9870772176132737,0.9870772176132737,False,5.0,True,0.0,,,0.6888615570513327,False,"16,24",0.95,5.0,,
42,PSS-JMI,pair,False,5.0,-0.27796184272170876,1.0,1.0,1.0813597513291646,-2.0283511961406098,0.9928333574634429,0.9928333574634429,0.9819719208679004,0.9814932992980216,0.9814932992980216,0.9847601378213623,0.9814932992980216,0.9814932992980216,False,5.0,True,0.0,,,0.6888615570513327,True,"17,18",0.95,5.0,,
42,PSS-JMI,pair,False,5.0,-0.2731397585932367,1.0,1.0,1.0782575139441437,-2.1615268273448156,0.993702041407268,0.993702041407268,0.9870772176132737,0.9870772176132737,0.9870772176132737,0.9886032335011927,0.9870772176132737,0.9870772176132737,False,5.0,True,0.0,,,0.6888615570513327,True,"17,19",0.95,5.0,,
42,PSS-JMI,pair,False,5.0,-0.21690781360788947,0.9998552193426958,0.9996024383779486,1.0818947063926065,-2.0971389275264656,0.993702041407268,0.993702041407268,0.9848436502871729,0.9848436502871729,0.9848436502871729,0.9866154253909356,0.9848436502871729,0.9848436502871729,False,5.0,True,0.0,,,0.6888615570513327,True,"17,20",0.95,5.0,,
42,PSS-JMI,pair,False,5.0,-0.2656906242853765,1.0,0.9998404594767071,1.079337120222106,-1.7050892697345756,0.9916027218763573,0.9915303315477052,0.982769623484365,0.9826100829610721,0.9826100829610721,0.9842300556586271,0.9826100829610721,0.9826100829610721,False,5.0,True,0.0,,,0.6888615570513327,True,"17,21",0.95,5.0,,
42,PSS-JMI,pair,False,5.0,-0.5728469114545067,1.0,0.9998674794593162,1.093951909109996,-4.275104804069726,0.9917475025336615,0.9917475025336615,0.9830887045309509,0.9830887045309509,0.9830887045309509,0.9854227405247813,0.9830887045309509,0.9830887045309509,False,5.0,True,0.0,,,0.6888615570513327,True,"17,22",0.95,5.0,,
42,PSS-JMI,pair,False,4.0,-0.5494312750613659,1.0,1.0,1.0667781784287316,-4.485357566003127,0.9945707253510931,0.9945707253510931,0.9893107849393746,0.9889917038927888,0.9889917038927888,0.9903260005300821,0.9889917038927888,0.9889917038927888,False,5.0,True,0.0,,,0.6888615570513327,True,"17,23",0.95,5.0,,
42,PSS-JMI,pair,False,5.0,-0.379426183101621,1.0,1.0,1.078287665583144,-2.136063766006918,0.9935572607499638,0.9934124800926596,0.9843650287172941,0.9840459476707084,0.9840459476707084,0.987675589716406,0.9840459476707084,0.9840459476707084,False,5.0,True,0.0,,,0.6888615570513327,True,"17,24",0.95,5.0,,
42,PSS-JMI,pair,True,5.0,0.12501084021838604,0.9998552193426958,0.9996809189534142,1.0686125747001758,-1.0144908229384118,0.9920370638482698,0.9920370638482698,0.9840459476707084,0.9840459476707084,0.9840459476707084,0.9879406307977736,0.9840459476707084,0.9840459476707084,False,5.0,True,0.0,,,0.6888615570513327,False,"18,19",0.95,5.0,,
42,PSS-JMI,pair,True,5.0,0.11618936184565731,1.0,1.0,1.070910445907828,-1.0418480890167015,0.9913131605617489,0.9913131605617489,0.9816528398213146,0.9816528398213146,0.9816528398213146,0.9843625761993109,0.9816528398213146,0.9816528398213146,False,5.0,True,0.0,,,0.6888615570513327,False,"18,20",0.95,5.0,,
42,PSS-JMI,pair,True,5.0,0.07021498344651134,1.0,0.9997349589186324,1.0662655921399102,-1.0265944246602368,0.992905747792095,0.9928333574634429,0.9851627313337588,0.9851627313337588,0.9851627313337588,0.9883381924198251,0.9851627313337588,0.9851627313337588,False,5.0,True,0.0,,,0.6888615570513327,False,"18,21",0.95,5.0,,
42,PSS-JMI,pair,False,5.0,-0.20934358565049926,1.0,0.9997349589186324,1.0753192244408427,-3.6974773849578426,0.9918922831909657,0.9918922831909657,0.9834077855775367,0.9834077855775367,0.9834077855775367,0.985687781606149,0.9834077855775367,0.9834077855775367,False,5.0,True,0.0,,,0.6888615570513327,True,"18,22",0.95,5.0,,
42,PSS-JMI,pair,True,5.0,-0.012216229816080393,0.9997828290140437,0.9996024383779486,1.071333700035807,-3.8447277795079975,0.9924714058201825,0.9924714058201825,0.9850031908104658,0.9848436502871729,0.9848436502871729,0.9851576994434137,0.9848436502871729,0.9848436502871729,False,5.0,True,0.0,,,0.6888615570513327,True,"18,23",0.95,5.0,,
42,PSS-JMI,pair,True,5.0,0.10517671696852049,1.0,0.9998404594767071,1.0677194399286734,-1.0135948723589847,0.9931953091067034,0.9927609671347908,0.9842054881940012,0.9838864071474155,0.9838864071474155,0.9887357540418765,0.9838864071474155,0.9838864071474155,False,5.0,True,0.0,,,0.6888615570513327,False,"18,24",0.95,5.0,,
42,PSS-JMI,pair,True,5.0,0.11553117608311525,1.0,0.9998404594767071,1.068250754613185,-1.0393511121116985,0.9918922831909657,0.9918198928623136,0.9851627313337588,0.9850031908104658,0.9850031908104658,0.9858203021468328,0.9850031908104658,0.9850031908104658,False,5.0,True,0.0,,,0.6888615570513327,False,"19,20",0.95,5.0,,
42,PSS-JMI,pair,True,5.0,0.015269561885665306,1.0,1.0,1.064102456675192,-1.195383898430499,0.9926161864774866,0.9925437961488345,0.9853222718570517,0.9850031908104658,0.9850031908104658,0.9874105486350384,0.9850031908104658,0.9850031908104658,False,5.0,True,0.0,,,0.6888615570513327,False,"19,21",0.95,5.0,,
42,PSS-JMI,pair,False,5.0,-0.2061438368005759,0.9999276096713479,0.9997349589186324,1.073204003761278,-3.7461567223076786,0.9926161864774866,0.9924714058201825,0.9837268666241226,0.982929164007658,0.982929164007658,0.9874105486350384,0.982929164007658,0.982929164007658,False,5.0,True,0.0,,,0.6888615570513327,True,"19,22",0.95,5.0,,
42,PSS-JMI,pair,True,5.0,-0.054730204948428174,1.0,1.0,1.0701352264400492,-3.907533786285423,0.9926885768061386,0.9926885768061386,0.9835673261008296,0.9832482450542438,0.9832482450542438,0.9866154253909356,0.9832482450542438,0.9832482450542438,False,5.0,True,0.0,,,0.6888615570513327,True,"19,23",0.95,5.0,,
42,PSS-JMI,pair,True,5.0,0.09347408626177378,1.0,1.0,1.0616747717092079,-1.407980752274424,0.9939916027218764,0.9939916027218764,0.9875558391831525,0.9875558391831525,0.9875558391831525,0.9904585210707659,0.9875558391831525,0.9875558391831525,False,5.0,True,0.0,,,0.6888615570513327,False,"19,24",0.95,5.0,,
42,PSS-JMI,pair,True,5.0,0.09361610385426111,0.9999276096713479,0.9998404594767071,1.0658501251120187,-0.9508652090807406,0.9924714058201825,0.9924714058201825,0.9835673261008296,0.9834077855775367,0.9834077855775367,0.987012987012987,0.9834077855775367,0.9834077855775367,False,5.0,True,0.0,,,0.6888615570513327,False,"20,21",0.95,5.0,,
42,PSS-JMI,pair,False,5.0,-0.2429378789679233,1.0,1.0,1.071619778328383,-3.6738579279424544,0.9910235992471406,0.9908064282611843,0.982929164007658,0.982929164007658,0.982929164007658,0.9843625761993109,0.982929164007658,0.982929164007658,False,5.0,True,0.0,,,0.6888615570513327,True,"20,22",0.95,5.0,,
42,PSS-JMI,pair,True,5.0,-0.044925312902390324,0.9999276096713479,0.9996809189534142,1.0702867846899295,-3.8414571648556812,0.9914579412190532,0.9914579412190532,0.9835673261008296,0.9830887045309509,0.9830887045309509,0.9855552610654651,0.9830887045309509,0.9830887045309509,False,5.0,True,0.0,,,0.6888615570513327,True,"20,23",0.95,5.0,,
42,PSS-JMI,pair,True,5.0,0.09373788327092236,1.0,0.9998674794593162,1.0673189545218291,-0.9934902529371279,0.9926161864774866,0.9926161864774866,0.9856413529036375,0.9856413529036375,0.9856413529036375,0.9872780280943546,0.9856413529036375,0.9856413529036375,False,5.0,True,0.0,,,0.6888615570513327,False,"20,24",0.95,5.0,,
42,PSS-JMI,pair,False,5.0,-0.3277895475666277,1.0,0.9996809189534142,1.0702226180578547,-3.786820744997578,0.9916751122050094,0.9916027218763573,0.9819719208679004,0.9816528398213146,0.9816528398213146,0.9844950967399947,0.9816528398213146,0.9816528398213146,False,5.0,True,0.0,,,0.6888615570513327,True,"21,22",0.95,5.0,,
42,PSS-JMI,pair,True,5.0,-0.06633574951338606,1.0,0.9998404594767071,1.0662131402780508,-4.037017441429492,0.9933400897640076,0.9933400897640076,0.9856413529036375,0.9856413529036375,0.9856413529036375,0.987012987012987,0.9856413529036375,0.9856413529036375,False,5.0,True,0.0,,,0.6888615570513327,True,"21,23",0.95,5.0,,
42,PSS-JMI,pair,True,5.0,0.10659131371377906,1.0,1.0,1.0653570552541884,-0.8546113252522755,0.9918198928623136,0.9918198928623136,0.9826100829610721,0.9826100829610721,0.9826100829610721,0.9840975351179433,0.9826100829610721,0.9826100829610721,False,5.0,True,0.0,,,0.6888615570513327,False,"21,24",0.95,5.0,,
42,PSS-JMI,pair,False,3.0,-0.549195734037454,1.0,1.0,1.0458571763025966,-6.66082125040517,0.9971043868539163,0.9969596061966122,0.994256541161455,0.9941690962099126,0.9941690962099126,0.9941690962099126,0.994256541161455,0.9941690962099126,False,5.0,True,0.0,,,0.6888615570513327,True,"22,23",0.95,5.0,,
42,PSS-JMI,pair,False,5.0,-0.23654184440432857,1.0,0.9993618379068283,1.0764391679486647,-3.509113591180782,0.9930505284493991,0.9929781381207471,0.9853222718570517,0.9851627313337588,0.9851627313337588,0.9854227405247813,0.9851627313337588,0.9851627313337588,False,5.0,True,0.0,,,0.6888615570513327,True,"22,24",0.95,5.0,,
42,PSS-JMI,pair,True,5.0,-0.0254555081226151,1.0,0.9998404594767071,1.0701672122909969,-3.7024384504254897,0.9926885768061386,0.9926885768061386,0.9851627313337588,0.9850031908104658,0.9850031908104658,0.9871455075536708,0.9850031908104658,0.9850031908104658,False,5.0,True,0.0,,,0.6888615570513327,True,"23,24",0.95,5.0,,
42,KL-JMI,singleton,True,,0.04229630005333007,,,,,,,,,,,,,,,,,,,0.6888615570513327,False,0,,,20.0,
42,KL-JMI,singleton,False,,-0.4373543503270181,,,,,,,,,,,,,,,,,,,0.6888615570513327,True,1,,,20.0,
42,KL-JMI,singleton,False,,-0.6558721211877527,,,,,,,,,,,,,,,,,,,0.6888615570513327,True,2,,,20.0,
42,KL-JMI,singleton,False,,-0.5574794297351953,,,,,,,,,,,,,,,,,,,0.6888615570513327,True,3,,,20.0,
42,KL-JMI,singleton,False,,-0.792147586523505,,,,,,,,,,,,,,,,,,,0.6888615570513327,True,4,,,20.0,
42,KL-JMI,singleton,False,,-0.5068340471154436,,,,,,,,,,,,,,,,,,,0.6888615570513327,True,5,,,20.0,
42,KL-JMI,singleton,False,,-0.6284683296168536,,,,,,,,,,,,,,,,,,,0.6888615570513327,True,6,,,20.0,
42,KL-JMI,singleton,False,,-0.4874475870375017,,,,,,,,,,,,,,,,,,,0.6888615570513327,True,7,,,20.0,
42,KL-JMI,singleton,False,,-0.6919062754111998,,,,,,,,,,,,,,,,,,,0.6888615570513327,True,8,,,20.0,
42,KL-JMI,singleton,False,,-0.24595119898025875,,,,,,,,,,,,,,,,,,,0.6888615570513327,True,9,,,20.0,
42,KL-JMI,singleton,False,,-0.2730768807922206,,,,,,,,,,,,,,,,,,,0.6888615570513327,True,10,,,20.0,
42,KL-JMI,singleton,False,,-0.7740651660460324,,,,,,,,,,,,,,,,,,,0.6888615570513327,True,11,,,20.0,
42,KL-JMI,singleton,False,,0.0388790378817071,,,,,,,,,,,,,,,,,,,0.6888615570513327,False,12,,,20.0,
42,KL-JMI,singleton,False,,-0.15122374575384523,,,,,,,,,,,,,,,,,,,0.6888615570513327,True,13,,,20.0,
42,KL-JMI,singleton,False,,-0.45784037770144037,,,,,,,,,,,,,,,,,,,0.6888615570513327,True,14,,,20.0,
42,KL-JMI,singleton,False,,-0.34673790366969026,,,,,,,,,,,,,,,,,,,0.6888615570513327,True,15,,,20.0,
42,KL-JMI,singleton,False,,-0.5141618209722133,,,,,,,,,,,,,,,,,,,0.6888615570513327,True,16,,,20.0,
42,KL-JMI,singleton,False,,-0.33948307872543726,,,,,,,,,,,,,,,,,,,0.6888615570513327,True,17,,,20.0,
42,KL-JMI,singleton,False,,-0.823286003631182,,,,,,,,,,,,,,,,,,,0.6888615570513327,True,18,,,20.0,
42,KL-JMI,singleton,False,,-0.6007458998453832,,,,,,,,,,,,,,,,,,,0.6888615570513327,True,19,,,20.0,
42,KL-JMI,singleton,False,,-0.41468682603755824,,,,,,,,,,,,,,,,,,,0.6888615570513327,True,20,,,20.0,
42,KL-JMI,singleton,False,,-0.699961723966672,,,,,,,,,,,,,,,,,,,0.6888615570513327,True,21,,,20.0,
42,KL-JMI,singleton,False,,-0.08876708602285266,,,,,,,,,,,,,,,,,,,0.6888615570513327,True,22,,,20.0,
42,KL-JMI,singleton,False,,-0.4726160039719156,,,,,,,,,,,,,,,,,,,0.6888615570513327,True,23,,,20.0,
42,KL-JMI,singleton,False,,-0.7724010050104286,,,,,,,,,,,,,,,,,,,0.6888615570513327,True,24,,,20.0,
42,KL-JMI,pair,False,,-1.3068691240009471,,,,,,,,,,,,,,,,,,,0.6888615570513327,True,"0,1",,,20.0,
42,KL-JMI,pair,True,,-1.1309577548142151,,,,,,,,,,,,,,,,,,,0.6888615570513327,True,"0,2",,,20.0,
42,KL-JMI,pair,True,,-1.519012379938431,,,,,,,,,,,,,,,,,,,0.6888615570513327,True,"0,3",,,20.0,
42,KL-JMI,pair,True,,-1.3998146416925286,,,,,,,,,,,,,,,,,,,0.6888615570513327,True,"0,4",,,20.0,
42,KL-JMI,pair,True,,-1.223707927181767,,,,,,,,,,,,,,,,,,,0.6888615570513327,True,"0,5",,,20.0,
42,KL-JMI,pair,True,,-1.2657715015527522,,,,,,,,,,,,,,,,,,,0.6888615570513327,True,"0,6",,,20.0,
42,KL-JMI,pair,True,,-1.3066265992075579,,,,,,,,,,,,,,,,,,,0.6888615570513327,True,"0,7",,,20.0,
42,KL-JMI,pair,True,,-1.2878154346951485,,,,,,,,,,,,,,,,,,,0.6888615570513327,True,"0,8",,,20.0,
42,KL-JMI,pair,False,,-1.0200121238854258,,,,,,,,,,,,,,,,,,,0.6888615570513327,True,"0,9",,,20.0,
42,KL-JMI,pair,True,,-0.9233102592573994,,,,,,,,,,,,,,,,,,,0.6888615570513327,True,"0,10",,,20.0,
42,KL-JMI,pair,True,,-1.0659300278234838,,,,,,,,,,,,,,,,,,,0.6888615570513327,True,"0,11",,,20.0,
42,KL-JMI,pair,True,,-0.4684371399259444,,,,,,,,,,,,,,,,,,,0.6888615570513327,True,"0,12",,,20.0,
42,KL-JMI,pair,True,,-0.8199820441868386,,,,,,,,,,,,,,,,,,,0.6888615570513327,True,"0,13",,,20.0,
42,KL-JMI,pair,True,,-1.1284404719834509,,,,,,,,,,,,,,,,,,,0.6888615570513327,True,"0,14",,,20.0,
42,KL-JMI,pair,True,,-1.095598493886893,,,,,,,,,,,,,,,,,,,0.6888615570513327,True,"0,15",,,20.0,
42,KL-JMI,pair,True,,-1.1790426759479642,,,,,,,,,,,,,,,,,,,0.6888615570513327,True,"0,16",,,20.0,
42,KL-JMI,pair,False,,-1.067796785101896,,,,,,,,,,,,,,,,,,,0.6888615570513327,True,"0,17",,,20.0,
42,KL-JMI,pair,True,,-1.4411064343451656,,,,,,,,,,,,,,,,,,,0.6888615570513327,True,"0,18",,,20.0,
42,KL-JMI,pair,True,,-1.1653889124278756,,,,,,,,,,,,,,,,,,,0.6888615570513327,True,"0,19",,,20.0,
42,KL-JMI,pair,True,,-0.9812194923044384,,,,,,,,,,,,,,,,,,,0.6888615570513327,True,"0,20",,,20.0,
42,KL-JMI,pair,True,,-1.800444497088474,,,,,,,,,,,,,,,,,,,0.6888615570513327,True,"0,21",,,20.0,
42,KL-JMI,pair,False,,-0.6943405475238613,,,,,,,,,,,,,,,,,,,0.6888615570513327,True,"0,22",,,20.0,
42,KL-JMI,pair,False,,-0.9591125903744047,,,,,,,,,,,,,,,,,,,0.6888615570513327,True,"0,23",,,20.0,
42,KL-JMI,pair,True,,-1.3679820475871685,,,,,,,,,,,,,,,,,,,0.6888615570513327,True,"0,24",,,20.0,
42,KL-JMI,pair,False,,0.06298572722071505,,,,,,,,,,,,,,,,,,,0.6888615570513327,False,"1,2",,,20.0,
42,KL-JMI,pair,False,,0.024025710282645107,,,,,,,,,,,,,,,,,,,0.6888615570513327,False,"1,3",,,20.0,
42,KL-JMI,pair,False,,0.047832535133750964,,,,,,,,,,,,,,,,,,,0.6888615570513327,False,"1,4",,,20.0,
42,KL-JMI,pair,False,,-0.20668176840811103,,,,,,,,,,,,,,,,,,,0.6888615570513327,True,"1,5",,,20.0,
42,KL-JMI,pair,False,,0.0715707603349498,,,,,,,,,,,,,,,,,,,0.6888615570513327,False,"1,6",,,20.0,
42,KL-JMI,pair,False,,-0.0813575764830139,,,,,,,,,,,,,,,,,,,0.6888615570513327,True,"1,7",,,20.0,
42,KL-JMI,pair,False,,0.07062096918924343,,,,,,,,,,,,,,,,,,,0.6888615570513327,False,"1,8",,,20.0,
42,KL-JMI,pair,False,,-0.3066035704747836,,,,,,,,,,,,,,,,,,,0.6888615570513327,True,"1,9",,,20.0,
42,KL-JMI,pair,False,,0.029077505788573266,,,,,,,,,,,,,,,,,,,0.6888615570513327,False,"1,10",,,20.0,
42,KL-JMI,pair,False,,0.09419342812252829,,,,,,,,,,,,,,,,,,,0.6888615570513327,False,"1,11",,,20.0,
42,KL-JMI,pair,False,,-0.12515109884183984,,,,,,,,,,,,,,,,,,,0.6888615570513327,True,"1,12",,,20.0,
42,KL-JMI,pair,False,,-0.1250955681909085,,,,,,,,,,,,,,,,,,,0.6888615570513327,True,"1,13",,,20.0,
42,KL-JMI,pair,False,,0.08618910727431195,,,,,,,,,,,,,,,,,,,0.6888615570513327,False,"1,14",,,20.0,
42,KL-JMI,pair,False,,-0.040427590341759245,,,,,,,,,,,,,,,,,,,0.6888615570513327,True,"1,15",,,20.0,
42,KL-JMI,pair,False,,0.09978969078359201,,,,,,,,,,,,,,,,,,,0.6888615570513327,False,"1,16",,,20.0,
42,KL-JMI,pair,False,,-0.288999163741698,,,,,,,,,,,,,,,,,,,0.6888615570513327,True,"1,17",,,20.0,
42,KL-JMI,pair,False,,0.08590684819921846,,,,,,,,,,,,,,,,,,,0.6888615570513327,False,"1,18",,,20.0,
42,KL-JMI,pair,False,,0.07246450877877786,,,,,,,,,,,,,,,,,,,0.6888615570513327,False,"1,19",,,20.0,
42,KL-JMI,pair,False,,0.05904621413415834,,,,,,,,,,,,,,,,,,,0.6888615570513327,False,"1,20",,,20.0,
42,KL-JMI,pair,False,,0.08333380243841448,,,,,,,,,,,,,,,,,,,0.6888615570513327,False,"1,21",,,20.0,
42,KL-JMI,pair,False,,-1.0291531269426177,,,,,,,,,,,,,,,,,,,0.6888615570513327,True,"1,22",,,20.0,
42,KL-JMI,pair,False,,-0.4789338814240329,,,,,,,,,,,,,,,,,,,0.6888615570513327,True,"1,23",,,20.0,
42,KL-JMI,pair,False,,0.06684243986047278,,,,,,,,,,,,,,,,,,,0.6888615570513327,False,"1,24",,,20.0,
42,KL-JMI,pair,True,,0.11144563350842196,,,,,,,,,,,,,,,,,,,0.6888615570513327,False,"2,3",,,20.0,
42,KL-JMI,pair,True,,0.11477879453178996,,,,,,,,,,,,,,,,,,,0.6888615570513327,False,"2,4",,,20.0,
42,KL-JMI,pair,True,,0.09789258295185377,,,,,,,,,,,,,,,,,,,0.6888615570513327,False,"2,5",,,20.0,
42,KL-JMI,pair,True,,0.10272165977848768,,,,,,,,,,,,,,,,,,,0.6888615570513327,False,"2,6",,,20.0,
42,KL-JMI,pair,True,,0.08588042945370367,,,,,,,,,,,,,,,,,,,0.6888615570513327,False,"2,7",,,20.0,
42,KL-JMI,pair,True,,0.09740884517221282,,,,,,,,,,,,,,,,,,,0.6888615570513327,False,"2,8",,,20.0,
42,KL-JMI,pair,False,,0.08057669825116309,,,,,,,,,,,,,,,,,,,0.6888615570513327,False,"2,9",,,20.0,
42,KL-JMI,pair,True,,0.08031687775465102,,,,,,,,,,,,,,,,,,,0.6888615570513327,False,"2,10",,,20.0,
42,KL-JMI,pair,True,,0.07467235233846625,,,,,,,,,,,,,,,,,,,0.6888615570513327,False,"2,11",,,20.0,
42,KL-JMI,pair,True,,0.03994425646881661,,,,,,,,,,,,,,,,,,,0.6888615570513327,False,"2,12",,,20.0,
42,KL-JMI,pair,True,,0.09124525356815294,,,,,,,,,,,,,,,,,,,0.6888615570513327,False,"2,13",,,20.0,
42,KL-JMI,pair,True,,0.10324415632951167,,,,,,,,,,,,,,,,,,,0.6888615570513327,False,"2,14",,,20.0,
42,KL-JMI,pair,True,,0.09180460493048859,,,,,,,,,,,,,,,,,,,0.6888615570513327,False,"2,15",,,20.0,
42,KL-JMI,pair,True,,0.13265702512282074,,,,,,,,,,,,,,,,,,,0.6888615570513327,False,"2,16",,,20.0,
42,KL-JMI,pair,False,,0.032690159387745554,,,,,,,,,,,,,,,,,,,0.6888615570513327,False,"2,17",,,20.0,
42,KL-JMI,pair,True,,0.11391953099535312,,,,,,,,,,,,,,,,,,,0.6888615570513327,False,"2,18",,,20.0,
42,KL-JMI,pair,True,,0.08608276610472654,,,,,,,,,,,,,,,,,,,0.6888615570513327,False,"2,19",,,20.0,
42,KL-JMI,pair,True,,0.06692938448076058,,,,,,,,,,,,,,,,,,,0.6888615570513327,False,"2,20",,,20.0,
42,KL-JMI,pair,True,,0.07803400989528964,,,,,,,,,,,,,,,,,,,0.6888615570513327,False,"2,21",,,20.0,
42,KL-JMI,pair,False,,-0.1763129350457966,,,,,,,,,,,,,,,,,,,0.6888615570513327,True,"2,22",,,20.0,
42,KL-JMI,pair,False,,-0.4234946923322349,,,,,,,,,,,,,,,,,,,0.6888615570513327,True,"2,23",,,20.0,
42,KL-JMI,pair,True,,0.06139393480177602,,,,,,,,,,,,,,,,,,,0.6888615570513327,False,"2,24",,,20.0,
42,KL-JMI,pair,True,,0.11441677570776676,,,,,,,,,,,,,,,,,,,0.6888615570513327,False,"3,4",,,20.0,
42,KL-JMI,pair,True,,0.08242993736464044,,,,,,,,,,,,,,,,,,,0.6888615570513327,False,"3,5",,,20.0,
42,KL-JMI,pair,True,,0.1083624194232864,,,,,,,,,,,,,,,,,,,0.6888615570513327,False,"3,6",,,20.0,
42,KL-JMI,pair,True,,0.11061580510005986,,,,,,,,,,,,,,,,,,,0.6888615570513327,False,"3,7",,,20.0,
42,KL-JMI,pair,True,,0.10224498231279511,,,,,,,,,,,,,,,,,,,0.6888615570513327,False,"3,8",,,20.0,
42,KL-JMI,pair,False,,0.09809624270655304,,,,,,,,,,,,,,,,,,,0.6888615570513327,False,"3,9",,,20.0,
42,KL-JMI,pair,True,,0.10415589835949746,,,,,,,,,,,,,,,,,,,0.6888615570513327,False,"3,10",,,20.0,
42,KL-JMI,pair,True,,0.10038916066096126,,,,,,,,,,,,,,,,,,,0.6888615570513327,False,"3,11",,,20.0,
42,KL-JMI,pair,True,,0.032752901876855756,,,,,,,,,,,,,,,,,,,0.6888615570513327,False,"3,12",,,20.0,
42,KL-JMI,pair,True,,0.11191779553192172,,,,,,,,,,,,,,,,,,,0.6888615570513327,False,"3,13",,,20.0,
42,KL-JMI,pair,True,,0.10515671725180331,,,,,,,,,,,,,,,,,,,0.6888615570513327,False,"3,14",,,20.0,
42,KL-JMI,pair,True,,0.09352094014053947,,,,,,,,,,,,,,,,,,,0.6888615570513327,False,"3,15",,,20.0,
42,KL-JMI,pair,True,,0.11837161124293272,,,,,,,,,,,,,,,,,,,0.6888615570513327,False,"3,16",,,20.0,
42,KL-JMI,pair,False,,0.09671085292169757,,,,,,,,,,,,,,,,,,,0.6888615570513327,False,"3,17",,,20.0,
42,KL-JMI,pair,True,,0.10742834120003275,,,,,,,,,,,,,,,,,,,0.6888615570513327,False,"3,18",,,20.0,
42,KL-JMI,pair,True,,0.10132376786468855,,,,,,,,,,,,,,,,,,,0.6888615570513327,False,"3,19",,,20.0,
42,KL-JMI,pair,True,,0.09451965126020534,,,,,,,,,,,,,,,,,,,0.6888615570513327,False,"3,20",,,20.0,
42,KL-JMI,pair,True,,0.09356327739161019,,,,,,,,,,,,,,,,,,,0.6888615570513327,False,"3,21",,,20.0,
42,KL-JMI,pair,False,,-0.5414706845403385,,,,,,,,,,,,,,,,,,,0.6888615570513327,True,"3,22",,,20.0,
42,KL-JMI,pair,False,,-0.4705385272095466,,,,,,,,,,,,,,,,,,,0.6888615570513327,True,"3,23",,,20.0,
42,KL-JMI,pair,True,,0.09518262713727887,,,,,,,,,,,,,,,,,,,0.6888615570513327,False,"3,24",,,20.0,
42,KL-JMI,pair,True,,0.08910381301010784,,,,,,,,,,,,,,,,,,,0.6888615570513327,False,"4,5",,,20.0,
42,KL-JMI,pair,True,,0.08559866644827885,,,,,,,,,,,,,,,,,,,0.6888615570513327,False,"4,6",,,20.0,
42,KL-JMI,pair,True,,0.07103664488605821,,,,,,,,,,,,,,,,,,,0.6888615570513327,False,"4,7",,,20.0,
42,KL-JMI,pair,True,,0.07828569847867417,,,,,,,,,,,,,,,,,,,0.6888615570513327,False,"4,8",,,20.0,
42,KL-JMI,pair,False,,0.0595898500291685,,,,,,,,,,,,,,,,,,,0.6888615570513327,False,"4,9",,,20.0,
42,KL-JMI,pair,True,,0.07312735011550409,,,,,,,,,,,,,,,,,,,0.6888615570513327,False,"4,10",,,20.0,
42,KL-JMI,pair,True,,0.07628169313392208,,,,,,,,,,,,,,,,,,,0.6888615570513327,False,"4,11",,,20.0,
42,KL-JMI,pair,True,,0.04040014269732617,,,,,,,,,,,,,,,,,,,0.6888615570513327,False,"4,12",,,20.0,
42,KL-JMI,pair,True,,0.058740582166624256,,,,,,,,,,,,,,,,,,,0.6888615570513327,False,"4,13",,,20.0,
42,KL-JMI,pair,True,,0.07221131159069061,,,,,,,,,,,,,,,,,,,0.6888615570513327,False,"4,14",,,20.0,
42,KL-JMI,pair,True,,0.08398737683076773,,,,,,,,,,,,,,,,,,,0.6888615570513327,False,"4,15",,,20.0,
42,KL-JMI,pair,True,,0.08045670224091639,,,,,,,,,,,,,,,,,,,0.6888615570513327,False,"4,16",,,20.0,
42,KL-JMI,pair,False,,0.07073240385086343,,,,,,,,,,,,,,,,,,,0.6888615570513327,False,"4,17",,,20.0,
42,KL-JMI,pair,True,,0.06364741513205918,,,,,,,,,,,,,,,,,,,0.6888615570513327,False,"4,18",,,20.0,
42,KL-JMI,pair,True,,0.08256487869227058,,,,,,,,,,,,,,,,,,,0.6888615570513327,False,"4,19",,,20.0,
42,KL-JMI,pair,True,,0.07431384703550004,,,,,,,,,,,,,,,,,,,0.6888615570513327,False,"4,20",,,20.0,
42,KL-JMI,pair,True,,0.05838167379519876,,,,,,,,,,,,,,,,,,,0.6888615570513327,False,"4,21",,,20.0,
42,KL-JMI,pair,False,,-0.14960122984441426,,,,,,,,,,,,,,,,,,,0.6888615570513327,True,"4,22",,,20.0,
42,KL-JMI,pair,False,,-0.3229535472090159,,,,,,,,,,,,,,,,,,,0.6888615570513327,True,"4,23",,,20.0,
42,KL-JMI,pair,True,,0.058797992792838816,,,,,,,,,,,,,,,,,,,0.6888615570513327,False,"4,24",,,20.0,
42,KL-JMI,pair,True,,0.08909767682133429,,,,,,,,,,,,,,,,,,,0.6888615570513327,False,"5,6",,,20.0,
42,KL-JMI,pair,True,,0.0779939780801635,,,,,,,,,,,,,,,,,,,0.6888615570513327,False,"5,7",,,20.0,
42,KL-JMI,pair,True,,0.10505054118119639,,,,,,,,,,,,,,,,,,,0.6888615570513327,False,"5,8",,,20.0,
42,KL-JMI,pair,False,,-0.2470191580817378,,,,,,,,,,,,,,,,,,,0.6888615570513327,True,"5,9",,,20.0,
42,KL-JMI,pair,True,,0.0788450984649911,,,,,,,,,,,,,,,,,,,0.6888615570513327,False,"5,10",,,20.0,
42,KL-JMI,pair,True,,0.08753134280646857,,,,,,,,,,,,,,,,,,,0.6888615570513327,False,"5,11",,,20.0,
42,KL-JMI,pair,True,,-0.11187756777022306,,,,,,,,,,,,,,,,,,,0.6888615570513327,True,"5,12",,,20.0,
42,KL-JMI,pair,True,,-0.12125270465158922,,,,,,,,,,,,,,,,,,,0.6888615570513327,True,"5,13",,,20.0,
42,KL-JMI,pair,True,,0.1150011403828235,,,,,,,,,,,,,,,,,,,0.6888615570513327,False,"5,14",,,20.0,
42,KL-JMI,pair,True,,0.10213977201435331,,,,,,,,,,,,,,,,,,,0.6888615570513327,False,"5,15",,,20.0,
42,KL-JMI,pair,True,,0.12034734118937251,,,,,,,,,,,,,,,,,,,0.6888615570513327,False,"5,16",,,20.0,
42,KL-JMI,pair,False,,-0.6041169105900037,,,,,,,,,,,,,,,,,,,0.6888615570513327,True,"5,17",,,20.0,
42,KL-JMI,pair,True,,0.11394229353429086,,,,,,,,,,,,,,,,,,,0.6888615570513327,False,"5,18",,,20.0,
42,KL-JMI,pair,True,,0.10291200654063326,,,,,,,,,,,,,,,,,,,0.6888615570513327,False,"5,19",,,20.0,
42,KL-JMI,pair,True,,0.10583305732469506,,,,,,,,,,,,,,,,,,,0.6888615570513327,False,"5,20",,,20.0,
42,KL-JMI,pair,True,,0.0819303080584235,,,,,,,,,,,,,,,,,,,0.6888615570513327,False,"5,21",,,20.0,
42,KL-JMI,pair,False,,-0.835595315222696,,,,,,,,,,,,,,,,,,,0.6888615570513327,True,"5,22",,,20.0,
42,KL-JMI,pair,False,,-0.38511035552585327,,,,,,,,,,,,,,,,,,,0.6888615570513327,True,"5,23",,,20.0,
42,KL-JMI,pair,True,,0.09354948754761794,,,,,,,,,,,,,,,,,,,0.6888615570513327,False,"5,24",,,20.0,
42,KL-JMI,pair,True,,0.07437487369866802,,,,,,,,,,,,,,,,,,,0.6888615570513327,False,"6,7",,,20.0,
42,KL-JMI,pair,True,,0.09396207444584093,,,,,,,,,,,,,,,,,,,0.6888615570513327,False,"6,8",,,20.0,
42,KL-JMI,pair,False,,0.08971857630432423,,,,,,,,,,,,,,,,,,,0.6888615570513327,False,"6,9",,,20.0,
42,KL-JMI,pair,True,,0.09019668198141484,,,,,,,,,,,,,,,,,,,0.6888615570513327,False,"6,10",,,20.0,
42,KL-JMI,pair,True,,0.0782817397226454,,,,,,,,,,,,,,,,,,,0.6888615570513327,False,"6,11",,,20.0,
42,KL-JMI,pair,True,,0.029888963287262982,,,,,,,,,,,,,,,,,,,0.6888615570513327,False,"6,12",,,20.0,
42,KL-JMI,pair,True,,0.095564334166367,,,,,,,,,,,,,,,,,,,0.6888615570513327,False,"6,13",,,20.0,
42,KL-JMI,pair,True,,0.09468718685275701,,,,,,,,,,,,,,,,,,,0.6888615570513327,False,"6,14",,,20.0,
42,KL-JMI,pair,True,,0.08337312900138683,,,,,,,,,,,,,,,,,,,0.6888615570513327,False,"6,15",,,20.0,
42,KL-JMI,pair,True,,0.09995750760007827,,,,,,,,,,,,,,,,,,,0.6888615570513327,False,"6,16",,,20.0,
42,KL-JMI,pair,False,,0.03687076041749093,,,,,,,,,,,,,,,,,,,0.6888615570513327,False,"6,17",,,20.0,
42,KL-JMI,pair,True,,0.09941440706732818,,,,,,,,,,,,,,,,,,,0.6888615570513327,False,"6,18",,,20.0,
42,KL-JMI,pair,True,,0.08063735363043967,,,,,,,,,,,,,,,,,,,0.6888615570513327,False,"6,19",,,20.0,
42,KL-JMI,pair,True,,0.09125519097999191,,,,,,,,,,,,,,,,,,,0.6888615570513327,False,"6,20",,,20.0,
42,KL-JMI,pair,True,,0.08806606232825875,,,,,,,,,,,,,,,,,,,0.6888615570513327,False,"6,21",,,20.0,
42,KL-JMI,pair,False,,-0.2505100670980407,,,,,,,,,,,,,,,,,,,0.6888615570513327,True,"6,22",,,20.0,
42,KL-JMI,pair,False,,-0.6770153319824668,,,,,,,,,,,,,,,,,,,0.6888615570513327,True,"6,23",,,20.0,
42,KL-JMI,pair,True,,0.07715565706840577,,,,,,,,,,,,,,,,,,,0.6888615570513327,False,"6,24",,,20.0,
42,KL-JMI,pair,True,,0.09259267819428962,,,,,,,,,,,,,,,,,,,0.6888615570513327,False,"7,8",,,20.0,
42,KL-JMI,pair,False,,-0.04511065106083878,,,,,,,,,,,,,,,,,,,0.6888615570513327,True,"7,9",,,20.0,
42,KL-JMI,pair,True,,0.05636108688194286,,,,,,,,,,,,,,,,,,,0.6888615570513327,False,"7,10",,,20.0,
42,KL-JMI,pair,True,,0.10091525887453301,,,,,,,,,,,,,,,,,,,0.6888615570513327,False,"7,11",,,20.0,
42,KL-JMI,pair,True,,-0.03936896914578547,,,,,,,,,,,,,,,,,,,0.6888615570513327,True,"7,12",,,20.0,
42,KL-JMI,pair,True,,-0.011020094990995322,,,,,,,,,,,,,,,,,,,0.6888615570513327,True,"7,13",,,20.0,
42,KL-JMI,pair,True,,0.10537157444706935,,,,,,,,,,,,,,,,,,,0.6888615570513327,False,"7,14",,,20.0,
42,KL-JMI,pair,True,,0.1024559567928025,,,,,,,,,,,,,,,,,,,0.6888615570513327,False,"7,15",,,20.0,
42,KL-JMI,pair,True,,0.09435268644684802,,,,,,,,,,,,,,,,,,,0.6888615570513327,False,"7,16",,,20.0,
42,KL-JMI,pair,False,,-0.15184088961904907,,,,,,,,,,,,,,,,,,,0.6888615570513327,True,"7,17",,,20.0,
42,KL-JMI,pair,True,,0.09545604808398389,,,,,,,,,,,,,,,,,,,0.6888615570513327,False,"7,18",,,20.0,
42,KL-JMI,pair,True,,0.09446634418201727,,,,,,,,,,,,,,,,,,,0.6888615570513327,False,"7,19",,,20.0,
42,KL-JMI,pair,True,,0.08190107563785531,,,,,,,,,,,,,,,,,,,0.6888615570513327,False,"7,20",,,20.0,
42,KL-JMI,pair,True,,0.0884977729649159,,,,,,,,,,,,,,,,,,,0.6888615570513327,False,"7,21",,,20.0,
42,KL-JMI,pair,False,,-0.7131435034804157,,,,,,,,,,,,,,,,,,,0.6888615570513327,True,"7,22",,,20.0,
42,KL-JMI,pair,False,,-0.39181107715900865,,,,,,,,,,,,,,,,,,,0.6888615570513327,True,"7,23",,,20.0,
42,KL-JMI,pair,True,,0.0853275554441244,,,,,,,,,,,,,,,,,,,0.6888615570513327,False,"7,24",,,20.0,
42,KL-JMI,pair,False,,0.10512063416408823,,,,,,,,,,,,,,,,,,,0.6888615570513327,False,"8,9",,,20.0,
42,KL-JMI,pair,True,,0.07747465956103472,,,,,,,,,,,,,,,,,,,0.6888615570513327,False,"8,10",,,20.0,
42,KL-JMI,pair,True,,0.08361155404345033,,,,,,,,,,,,,,,,,,,0.6888615570513327,False,"8,11",,,20.0,
42,KL-JMI,pair,True,,0.048632897932701535,,,,,,,,,,,,,,,,,,,0.6888615570513327,False,"8,12",,,20.0,
42,KL-JMI,pair,True,,0.09805653599874198,,,,,,,,,,,,,,,,,,,0.6888615570513327,False,"8,13",,,20.0,
42,KL-JMI,pair,True,,0.10192146510793121,,,,,,,,,,,,,,,,,,,0.6888615570513327,False,"8,14",,,20.0,
42,KL-JMI,pair,True,,0.08710226119815911,,,,,,,,,,,,,,,,,,,0.6888615570513327,False,"8,15",,,20.0,
42,KL-JMI,pair,True,,0.12101095385653249,,,,,,,,,,,,,,,,,,,0.6888615570513327,False,"8,16",,,20.0,
42,KL-JMI,pair,False,,0.08024002224498483,,,,,,,,,,,,,,,,,,,0.6888615570513327,False,"8,17",,,20.0,
42,KL-JMI,pair,True,,0.0990001598920498,,,,,,,,,,,,,,,,,,,0.6888615570513327,False,"8,18",,,20.0,
42,KL-JMI,pair,True,,0.07863674491512196,,,,,,,,,,,,,,,,,,,0.6888615570513327,False,"8,19",,,20.0,
42,KL-JMI,pair,True,,0.08871923644650748,,,,,,,,,,,,,,,,,,,0.6888615570513327,False,"8,20",,,20.0,
42,KL-JMI,pair,True,,0.08167514167830925,,,,,,,,,,,,,,,,,,,0.6888615570513327,False,"8,21",,,20.0,
42,KL-JMI,pair,False,,-0.1802272759273349,,,,,,,,,,,,,,,,,,,0.6888615570513327,True,"8,22",,,20.0,
42,KL-JMI,pair,False,,-0.547285131156487,,,,,,,,,,,,,,,,,,,0.6888615570513327,True,"8,23",,,20.0,
42,KL-JMI,pair,True,,0.06973077461686605,,,,,,,,,,,,,,,,,,,0.6888615570513327,False,"8,24",,,20.0,
42,KL-JMI,pair,False,,0.035590198171863374,,,,,,,,,,,,,,,,,,,0.6888615570513327,False,"9,10",,,20.0,
42,KL-JMI,pair,False,,0.11484960933612731,,,,,,,,,,,,,,,,,,,0.6888615570513327,False,"9,11",,,20.0,
42,KL-JMI,pair,False,,-0.09849215625422447,,,,,,,,,,,,,,,,,,,0.6888615570513327,True,"9,12",,,20.0,
42,KL-JMI,pair,False,,-0.23738170943616543,,,,,,,,,,,,,,,,,,,0.6888615570513327,True,"9,13",,,20.0,
42,KL-JMI,pair,False,,0.08923035914695454,,,,,,,,,,,,,,,,,,,0.6888615570513327,False,"9,14",,,20.0,
42,KL-JMI,pair,False,,0.012396565431697315,,,,,,,,,,,,,,,,,,,0.6888615570513327,False,"9,15",,,20.0,
42,KL-JMI,pair,False,,0.09997303995767304,,,,,,,,,,,,,,,,,,,0.6888615570513327,False,"9,16",,,20.0,
42,KL-JMI,pair,False,,-0.8414284817180553,,,,,,,,,,,,,,,,,,,0.6888615570513327,True,"9,17",,,20.0,
42,KL-JMI,pair,False,,0.08576097634237567,,,,,,,,,,,,,,,,,,,0.6888615570513327,False,"9,18",,,20.0,
42,KL-JMI,pair,False,,0.10494512047414428,,,,,,,,,,,,,,,,,,,0.6888615570513327,False,"9,19",,,20.0,
42,KL-JMI,pair,False,,0.07595245805651629,,,,,,,,,,,,,,,,,,,0.6888615570513327,False,"9,20",,,20.0,
42,KL-JMI,pair,False,,0.07933952172724124,,,,,,,,,,,,,,,,,,,0.6888615570513327,False,"9,21",,,20.0,
42,KL-JMI,pair,False,,-0.9378317496947028,,,,,,,,,,,,,,,,,,,0.6888615570513327,True,"9,22",,,20.0,
42,KL-JMI,pair,False,,-0.36831240791636244,,,,,,,,,,,,,,,,,,,0.6888615570513327,True,"9,23",,,20.0,
42,KL-JMI,pair,False,,0.08056938363321908,,,,,,,,,,,,,,,,,,,0.6888615570513327,False,"9,24",,,20.0,
42,KL-JMI,pair,True,,0.07308008374565755,,,,,,,,,,,,,,,,,,,0.6888615570513327,False,"10,11",,,20.0,
42,KL-JMI,pair,True,,0.056290571364678854,,,,,,,,,,,,,,,,,,,0.6888615570513327,False,"10,12",,,20.0,
42,KL-JMI,pair,True,,0.08873548630956796,,,,,,,,,,,,,,,,,,,0.6888615570513327,False,"10,13",,,20.0,
42,KL-JMI,pair,True,,0.0794565116678061,,,,,,,,,,,,,,,,,,,0.6888615570513327,False,"10,14",,,20.0,
42,KL-JMI,pair,True,,0.08114469296577242,,,,,,,,,,,,,,,,,,,0.6888615570513327,False,"10,15",,,20.0,
42,KL-JMI,pair,True,,0.09860693011720523,,,,,,,,,,,,,,,,,,,0.6888615570513327,False,"10,16",,,20.0,
42,KL-JMI,pair,False,,0.03657488016383348,,,,,,,,,,,,,,,,,,,0.6888615570513327,False,"10,17",,,20.0,
42,KL-JMI,pair,True,,0.07640891231294744,,,,,,,,,,,,,,,,,,,0.6888615570513327,False,"10,18",,,20.0,
42,KL-JMI,pair,True,,0.09231302735192948,,,,,,,,,,,,,,,,,,,0.6888615570513327,False,"10,19",,,20.0,
42,KL-JMI,pair,True,,0.07829812765592381,,,,,,,,,,,,,,,,,,,0.6888615570513327,False,"10,20",,,20.0,
42,KL-JMI,pair,True,,0.07316132666162733,,,,,,,,,,,,,,,,,,,0.6888615570513327,False,"10,21",,,20.0,
42,KL-JMI,pair,False,,-0.14068771357523557,,,,,,,,,,,,,,,,,,,0.6888615570513327,True,"10,22",,,20.0,
42,KL-JMI,pair,False,,-0.2830527609371982,,,,,,,,,,,,,,,,,,,0.6888615570513327,True,"10,23",,,20.0,
42,KL-JMI,pair,True,,0.06761614140788508,,,,,,,,,,,,,,,,,,,0.6888615570513327,False,"10,24",,,20.0,
42,KL-JMI,pair,True,,0.03193108296536051,,,,,,,,,,,,,,,,,,,0.6888615570513327,False,"11,12",,,20.0,
42,KL-JMI,pair,True,,0.10996556500295629,,,,,,,,,,,,,,,,,,,0.6888615570513327,False,"11,13",,,20.0,
42,KL-JMI,pair,True,,0.08586547134431544,,,,,,,,,,,,,,,,,,,0.6888615570513327,False,"11,14",,,20.0,
42,KL-JMI,pair,True,,0.09894520803498064,,,,,,,,,,,,,,,,,,,0.6888615570513327,False,"11,15",,,20.0,
42,KL-JMI,pair,True,,0.09086736058583122,,,,,,,,,,,,,,,,,,,0.6888615570513327,False,"11,16",,,20.0,
42,KL-JMI,pair,False,,0.08976793648173631,,,,,,,,,,,,,,,,,,,0.6888615570513327,False,"11,17",,,20.0,
42,KL-JMI,pair,True,,0.09688073152594234,,,,,,,,,,,,,,,,,,,0.6888615570513327,False,"11,18",,,20.0,
42,KL-JMI,pair,True,,0.07798101471795249,,,,,,,,,,,,,,,,,,,0.6888615570513327,False,"11,19",,,20.0,
42,KL-JMI,pair,True,,0.09447754121167917,,,,,,,,,,,,,,,,,,,0.6888615570513327,False,"11,20",,,20.0,
42,KL-JMI,pair,True,,0.06605069943252873,,,,,,,,,,,,,,,,,,,0.6888615570513327,False,"11,21",,,20.0,
42,KL-JMI,pair,False,,-0.13632261384649613,,,,,,,,,,,,,,,,,,,0.6888615570513327,True,"11,22",,,20.0,
42,KL-JMI,pair,False,,-0.23977056655460327,,,,,,,,,,,,,,,,,,,0.6888615570513327,True,"11,23",,,20.0,
42,KL-JMI,pair,True,,0.08094068810599486,,,,,,,,,,,,,,,,,,,0.6888615570513327,False,"11,24",,,20.0,
42,KL-JMI,pair,True,,-0.03406436415235303,,,,,,,,,,,,,,,,,,,0.6888615570513327,True,"12,13",,,20.0,
42,KL-JMI,pair,True,,0.040848061746135755,,,,,,,,,,,,,,,,,,,0.6888615570513327,False,"12,14",,,20.0,
42,KL-JMI,pair,True,,-0.07330372335287727,,,,,,,,,,,,,,,,,,,0.6888615570513327,True,"12,15",,,20.0,
42,KL-JMI,pair,True,,0.0667693799454726,,,,,,,,,,,,,,,,,,,0.6888615570513327,False,"12,16",,,20.0,
42,KL-JMI,pair,False,,-0.14059664451489584,,,,,,,,,,,,,,,,,,,0.6888615570513327,True,"12,17",,,20.0,
42,KL-JMI,pair,True,,0.033893070119167534,,,,,,,,,,,,,,,,,,,0.6888615570513327,False,"12,18",,,20.0,
42,KL-JMI,pair,True,,0.0354313767637322,,,,,,,,,,,,,,,,,,,0.6888615570513327,False,"12,19",,,20.0,
42,KL-JMI,pair,True,,0.029401058572636307,,,,,,,,,,,,,,,,,,,0.6888615570513327,False,"12,20",,,20.0,
42,KL-JMI,pair,True,,0.0054039396068874535,,,,,,,,,,,,,,,,,,,0.6888615570513327,False,"12,21",,,20.0,
42,KL-JMI,pair,False,,-0.2961334516236438,,,,,,,,,,,,,,,,,,,0.6888615570513327,True,"12,22",,,20.0,
42,KL-JMI,pair,False,,-0.27615563274999566,,,,,,,,,,,,,,,,,,,0.6888615570513327,True,"12,23",,,20.0,
42,KL-JMI,pair,True,,0.008667139409583302,,,,,,,,,,,,,,,,,,,0.6888615570513327,False,"12,24",,,20.0,
42,KL-JMI,pair,True,,0.07018268135863193,,,,,,,,,,,,,,,,,,,0.6888615570513327,False,"13,14",,,20.0,
42,KL-JMI,pair,True,,0.024302234043560578,,,,,,,,,,,,,,,,,,,0.6888615570513327,False,"13,15",,,20.0,
42,KL-JMI,pair,True,,0.10510226497807929,,,,,,,,,,,,,,,,,,,0.6888615570513327,False,"13,16",,,20.0,
42,KL-JMI,pair,False,,-0.7125022387440083,,,,,,,,,,,,,,,,,,,0.6888615570513327,True,"13,17",,,20.0,
42,KL-JMI,pair,True,,0.09481929619489904,,,,,,,,,,,,,,,,,,,0.6888615570513327,False,"13,18",,,20.0,
42,KL-JMI,pair,True,,0.11085104999437068,,,,,,,,,,,,,,,,,,,0.6888615570513327,False,"13,19",,,20.0,
42,KL-JMI,pair,True,,0.07693795892182242,,,,,,,,,,,,,,,,,,,0.6888615570513327,False,"13,20",,,20.0,
42,KL-JMI,pair,True,,0.06368193798417332,,,,,,,,,,,,,,,,,,,0.6888615570513327,False,"13,21",,,20.0,
42,KL-JMI,pair,False,,-0.8301911895382661,,,,,,,,,,,,,,,,,,,0.6888615570513327,True,"13,22",,,20.0,
42,KL-JMI,pair,False,,-0.5041194424631756,,,,,,,,,,,,,,,,,,,0.6888615570513327,True,"13,23",,,20.0,
42,KL-JMI,pair,True,,0.08730036196251367,,,,,,,,,,,,,,,,,,,0.6888615570513327,False,"13,24",,,20.0,
42,KL-JMI,pair,True,,0.08240834661966034,,,,,,,,,,,,,,,,,,,0.6888615570513327,False,"14,15",,,20.0,
42,KL-JMI,pair,True,,0.10263096201110744,,,,,,,,,,,,,,,,,,,0.6888615570513327,False,"14,16",,,20.0,
42,KL-JMI,pair,False,,0.07326027519180567,,,,,,,,,,,,,,,,,,,0.6888615570513327,False,"14,17",,,20.0,
42,KL-JMI,pair,True,,0.07185630315918634,,,,,,,,,,,,,,,,,,,0.6888615570513327,False,"14,18",,,20.0,
42,KL-JMI,pair,True,,0.09461074171999462,,,,,,,,,,,,,,,,,,,0.6888615570513327,False,"14,19",,,20.0,
42,KL-JMI,pair,True,,0.0904447627336995,,,,,,,,,,,,,,,,,,,0.6888615570513327,False,"14,20",,,20.0,
42,KL-JMI,pair,True,,0.06830008135145293,,,,,,,,,,,,,,,,,,,0.6888615570513327,False,"14,21",,,20.0,
42,KL-JMI,pair,False,,-0.1629150047113994,,,,,,,,,,,,,,,,,,,0.6888615570513327,True,"14,22",,,20.0,
42,KL-JMI,pair,False,,-0.35930363948416977,,,,,,,,,,,,,,,,,,,0.6888615570513327,True,"14,23",,,20.0,
42,KL-JMI,pair,True,,0.06397191115064471,,,,,,,,,,,,,,,,,,,0.6888615570513327,False,"14,24",,,20.0,
42,KL-JMI,pair,True,,0.09086545264104795,,,,,,,,,,,,,,,,,,,0.6888615570513327,False,"15,16",,,20.0,
42,KL-JMI,pair,False,,0.016618323432017412,,,,,,,,,,,,,,,,,,,0.6888615570513327,False,"15,17",,,20.0,
42,KL-JMI,pair,True,,0.08895447848275406,,,,,,,,,,,,,,,,,,,0.6888615570513327,False,"15,18",,,20.0,
42,KL-JMI,pair,True,,0.090113710103908,,,,,,,,,,,,,,,,,,,0.6888615570513327,False,"15,19",,,20.0,
42,KL-JMI,pair,True,,0.06397477634909432,,,,,,,,,,,,,,,,,,,0.6888615570513327,False,"15,20",,,20.0,
42,KL-JMI,pair,True,,0.10720433415528041,,,,,,,,,,,,,,,,,,,0.6888615570513327,False,"15,21",,,20.0,
42,KL-JMI,pair,False,,-0.8018682109657791,,,,,,,,,,,,,,,,,,,0.6888615570513327,True,"15,22",,,20.0,
42,KL-JMI,pair,False,,-0.343089496370661,,,,,,,,,,,,,,,,,,,0.6888615570513327,True,"15,23",,,20.0,
42,KL-JMI,pair,True,,0.06904932986537604,,,,,,,,,,,,,,,,,,,0.6888615570513327,False,"15,24",,,20.0,
42,KL-JMI,pair,False,,0.11106622263937238,,,,,,,,,,,,,,,,,,,0.6888615570513327,False,"16,17",,,20.0,
42,KL-JMI,pair,True,,0.0589780539698912,,,,,,,,,,,,,,,,,,,0.6888615570513327,False,"16,18",,,20.0,
42,KL-JMI,pair,True,,0.09306044635991584,,,,,,,,,,,,,,,,,,,0.6888615570513327,False,"16,19",,,20.0,
42,KL-JMI,pair,True,,0.10375467816086958,,,,,,,,,,,,,,,,,,,0.6888615570513327,False,"16,20",,,20.0,
42,KL-JMI,pair,True,,0.07970749284436196,,,,,,,,,,,,,,,,,,,0.6888615570513327,False,"16,21",,,20.0,
42,KL-JMI,pair,False,,-0.1078798586381633,,,,,,,,,,,,,,,,,,,0.6888615570513327,True,"16,22",,,20.0,
42,KL-JMI,pair,False,,-0.2578727801012137,,,,,,,,,,,,,,,,,,,0.6888615570513327,True,"16,23",,,20.0,
42,KL-JMI,pair,True,,0.08856208200833637,,,,,,,,,,,,,,,,,,,0.6888615570513327,False,"16,24",,,20.0,
42,KL-JMI,pair,False,,0.08050771987802174,,,,,,,,,,,,,,,,,,,0.6888615570513327,False,"17,18",,,20.0,
42,KL-JMI,pair,False,,0.06504529342598309,,,,,,,,,,,,,,,,,,,0.6888615570513327,False,"17,19",,,20.0,
42,KL-JMI,pair,False,,0.043007974155512496,,,,,,,,,,,,,,,,,,,0.6888615570513327,False,"17,20",,,20.0,
42,KL-JMI,pair,False,,0.033409527808001105,,,,,,,,,,,,,,,,,,,0.6888615570513327,False,"17,21",,,20.0,
42,KL-JMI,pair,False,,-1.0248791995552908,,,,,,,,,,,,,,,,,,,0.6888615570513327,True,"17,22",,,20.0,
42,KL-JMI,pair,False,,-0.47870086784975996,,,,,,,,,,,,,,,,,,,0.6888615570513327,True,"17,23",,,20.0,
42,KL-JMI,pair,False,,0.06225696784666601,,,,,,,,,,,,,,,,,,,0.6888615570513327,False,"17,24",,,20.0,
42,KL-JMI,pair,True,,0.08639794274813539,,,,,,,,,,,,,,,,,,,0.6888615570513327,False,"18,19",,,20.0,
42,KL-JMI,pair,True,,0.08172802114704014,,,,,,,,,,,,,,,,,,,0.6888615570513327,False,"18,20",,,20.0,
42,KL-JMI,pair,True,,0.07873484698178501,,,,,,,,,,,,,,,,,,,0.6888615570513327,False,"18,21",,,20.0,
42,KL-JMI,pair,False,,-0.11309889942837836,,,,,,,,,,,,,,,,,,,0.6888615570513327,True,"18,22",,,20.0,
42,KL-JMI,pair,False,,-0.3927791942970016,,,,,,,,,,,,,,,,,,,0.6888615570513327,True,"18,23",,,20.0,
42,KL-JMI,pair,True,,0.07585476623098586,,,,,,,,,,,,,,,,,,,0.6888615570513327,False,"18,24",,,20.0,
42,KL-JMI,pair,True,,0.0774139765732782,,,,,,,,,,,,,,,,,,,0.6888615570513327,False,"19,20",,,20.0,
42,KL-JMI,pair,True,,0.055978237455946545,,,,,,,,,,,,,,,,,,,0.6888615570513327,False,"19,21",,,20.0,
42,KL-JMI,pair,False,,-0.14188134801302654,,,,,,,,,,,,,,,,,,,0.6888615570513327,True,"19,22",,,20.0,
42,KL-JMI,pair,False,,-0.4183897967678938,,,,,,,,,,,,,,,,,,,0.6888615570513327,True,"19,23",,,20.0,
42,KL-JMI,pair,True,,0.08337495048289312,,,,,,,,,,,,,,,,,,,0.6888615570513327,False,"19,24",,,20.0,
42,KL-JMI,pair,True,,0.07663236568146914,,,,,,,,,,,,,,,,,,,0.6888615570513327,False,"20,21",,,20.0,
42,KL-JMI,pair,False,,-0.18913107189032186,,,,,,,,,,,,,,,,,,,0.6888615570513327,True,"20,22",,,20.0,
42,KL-JMI,pair,False,,-0.3235244661021408,,,,,,,,,,,,,,,,,,,0.6888615570513327,True,"20,23",,,20.0,
42,KL-JMI,pair,True,,0.0511800878319022,,,,,,,,,,,,,,,,,,,0.6888615570513327,False,"20,24",,,20.0,
42,KL-JMI,pair,False,,-0.49932509227087696,,,,,,,,,,,,,,,,,,,0.6888615570513327,True,"21,22",,,20.0,
42,KL-JMI,pair,False,,-0.8429347764169552,,,,,,,,,,,,,,,,,,,0.6888615570513327,True,"21,23",,,20.0,
42,KL-JMI,pair,True,,0.06934959086425174,,,,,,,,,,,,,,,,,,,0.6888615570513327,False,"21,24",,,20.0,
42,KL-JMI,pair,False,,-0.8887944296533234,,,,,,,,,,,,,,,,,,,0.6888615570513327,True,"22,23",,,20.0,
42,KL-JMI,pair,False,,-0.14465449305943556,,,,,,,,,,,,,,,,,,,0.6888615570513327,True,"22,24",,,20.0,
42,KL-JMI,pair,False,,-0.6831385585958678,,,,,,,,,,,,,,,,,,,0.6888615570513327,True,"23,24",,,20.0,
42,PSS ell=1,subset,True,1.0,0.037186771400345486,1.0,1.0,1.0106310485673924,-0.4162586974970284,0.9998552193426958,0.9998552193426958,0.9995213784301212,0.9995213784301212,0.9995213784301212,0.9997349589186324,0.9995213784301212,,,,,,1.0,18.0,0.6888615570513327,False,18,,3.0,,3.0
42,PSS ell=1,subset,True,1.0,0.07121717323602683,1.0,1.0,1.0207331365806784,-0.7795715783459752,0.9997104386853917,0.9997104386853917,0.9992022973835354,0.9992022973835354,0.9992022973835354,0.9994699178372648,0.9992022973835354,,,,,,2.0,11.0,0.6888615570513327,False,"18,11",,3.0,,3.0
42,PSS ell=1,subset,True,1.0,0.10473477552197963,1.0,1.0,1.0345344501261795,-1.333087602588835,0.9994932676994354,0.9994932676994354,0.9987236758136566,0.9987236758136566,0.9987236758136566,0.9992048767558972,0.9987236758136566,,,,,,3.0,6.0,0.6888615570513327,False,"18,11,6",,3.0,,3.0
42,PSS ell=1,subset,True,1.0,0.13654606656140533,1.0,1.0,1.0459401733774232,-1.6828347459037327,0.9993484870421312,0.9993484870421312,0.9985641352903637,0.9985641352903637,0.9985641352903637,0.9989398356745296,0.9985641352903637,,,,,,4.0,16.0,0.6888615570513327,False,"18,11,6,16",,3.0,,3.0
42,PSS ell=1,subset,True,1.0,0.16586026652511965,1.0,1.0,1.0591700397152675,-2.3979525892586735,0.9991313160561749,0.9991313160561749,0.998245054243778,0.998245054243778,0.998245054243778,0.9985422740524781,0.998245054243778,,,,,,5.0,12.0,0.6888615570513327,False,"18,11,6,16,12",,3.0,,3.0
42,PSS ell=1,subset,True,1.0,0.19492991455003583,1.0,1.0,1.0702964057767128,-2.7884757366817534,0.9989865353988707,0.9989865353988707,0.9977664326738992,0.9977664326738992,0.9977664326738992,0.9982772329711105,0.9977664326738992,,,,,,6.0,19.0,0.6888615570513327,False,"18,11,6,16,12,19",,3.0,,3.0
42,PSS ell=1,subset,True,1.0,0.22368768453016763,1.0,1.0,1.0838846378051046,-3.5586039900604036,0.9988417547415666,0.9988417547415666,0.9974473516273133,0.9974473516273133,0.9974473516273133,0.9980121918897429,0.9974473516273133,,,,,,7.0,4.0,0.6888615570513327,False,"18,11,6,16,12,19,4",,3.0,,3.0
42,PSS ell=1,subset,True,1.0,0.249114322697364,1.0,1.0,1.0972070055560759,-3.9152763108915325,0.9986245837556103,0.9986245837556103,0.9969687300574346,0.9969687300574346,0.9969687300574346,0.9978796713490591,0.9969687300574346,,,,,,8.0,8.0,0.6888615570513327,False,"18,11,6,16,12,19,4,8",,3.0,,3.0
42,PSS ell=1,subset,True,1.0,0.26931209496870157,1.0,1.0,1.1098857217088158,-4.20319837078797,0.9984798030983061,0.9984798030983061,0.9968091895341417,0.9968091895341417,0.9968091895341417,0.9976146302676915,0.9968091895341417,,,,,,9.0,24.0,0.6888615570513327,False,"18,11,6,16,12,19,4,8,24",,3.0,,3.0
42,PSS ell=1,subset,True,1.0,0.28843197753538163,1.0,1.0,1.1247059164063236,-5.030290988796947,0.9981902417836978,0.9981902417836978,0.99617102744097,0.99617102744097,0.99617102744097,0.9974821097270077,0.99617102744097,,,,,,10.0,2.0,0.6888615570513327,False,"18,11,6,16,12,19,4,8,24,2",,3.0,,3.0
42,PSS ell=1,subset,True,1.0,0.30249397651557164,1.0,1.0,1.138877041040998,-5.853806871922898,0.9979730707977414,0.9979730707977414,0.9958519463943841,0.9958519463943841,0.9958519463943841,0.9969520275642725,0.9958519463943841,,,,,,11.0,10.0,0.6888615570513327,False,"18,11,6,16,12,19,4,8,24,2,10",,3.0,,3.0
42,PSS ell=1,subset,True,1.0,0.31405091969140564,1.0,1.0,1.151275068697059,-6.242833465606,0.9978282901404373,0.9978282901404373,0.9955328653477984,0.9955328653477984,0.9955328653477984,0.9964219454015373,0.9955328653477984,,,,,,12.0,20.0,0.6888615570513327,False,"18,11,6,16,12,19,4,8,24,2,10,20",,3.0,,3.0
42,PSS ell=1,subset,True,1.0,0.32209734655546285,1.0,1.0,1.1632765624448511,-6.584004910109036,0.997683509483133,0.997683509483133,0.9953733248245055,0.9953733248245055,0.9953733248245055,0.9962894248608535,0.9953733248245055,,,,,,13.0,14.0,0.6888615570513327,False,"18,11,6,16,12,19,4,8,24,2,10,20,14",,3.0,,3.0
42,PSS ell=1,subset,True,1.0,0.32849252471150336,1.0,1.0,1.175249542652102,-7.074886116869465,0.9974663384971768,0.9974663384971768,0.9948947032546267,0.9948947032546267,0.9948947032546267,0.9960243837794858,0.9948947032546267,,,,,,14.0,3.0,0.6888615570513327,False,"18,11,6,16,12,19,4,8,24,2,10,20,14,3",,3.0,,3.0
42,PSS ell=1,subset,True,1.0,0.32334785429332946,1.0,1.0,1.1842684688739777,-7.499259586146501,0.9972491675112205,0.9972491675112205,0.994256541161455,0.994256541161455,0.994256541161455,0.9956268221574344,0.994256541161455,,,,,,15.0,21.0,0.6888615570513327,False,"18,11,6,16,12,19,4,8,24,2,10,20,14,3,21",,3.0,,3.0
42,PSS ell=1,subset,True,1.0,0.2837150687844172,1.0,1.0,1.1985213816493543,-10.78213119165077,0.9971043868539163,0.9971043868539163,0.9939374601148692,0.9939374601148692,0.9939374601148692,0.9946991783726478,0.9939374601148692,,,,,,16.0,23.0,0.6888615570513327,False,"18,11,6,16,12,19,4,8,24,2,10,20,14,3,21,23",,3.0,,3.0
42,PSS ell=1,subset,True,1.0,0.22652660669167446,1.0,1.0,1.2096532004986915,-11.114309037451381,0.9969596061966122,0.9969596061966122,0.9936183790682833,0.9936183790682833,0.9936183790682833,0.9943016167505964,0.9936183790682833,,,,,,17.0,7.0,0.6888615570513327,False,"18,11,6,16,12,19,4,8,24,2,10,20,14,3,21,23,7",,3.0,,3.0
42,PSS ell=1,subset,True,1.0,0.13989749340579039,1.0,1.0,1.222817014680566,-11.423153348989379,0.9967424352106559,0.9967424352106559,0.9931397574984046,0.9931397574984046,0.9931397574984046,0.9937715345878612,0.9931397574984046,,,,,,18.0,15.0,0.6888615570513327,False,"18,11,6,16,12,19,4,8,24,2,10,20,14,3,21,23,7,15",,3.0,,3.0
42,PSS ell=1,subset,True,1.0,0.043957593429823305,1.0,1.0,1.239325536600415,-20.161492801244687,0.9965976545533517,0.9965976545533517,0.9928206764518187,0.9928206764518187,0.9928206764518187,0.9933739729658096,0.9928206764518187,,,,,,19.0,0.0,0.6888615570513327,False,"18,11,6,16,12,19,4,8,24,2,10,20,14,3,21,23,7,15,0",,3.0,,3.0
42,PSS ell=1,subset,True,1.0,-0.11078491628650156,1.0,1.0,1.253622739065194,-20.464097042779894,0.9963804835673954,0.9963804835673954,0.99234205488194,0.99234205488194,0.99234205488194,0.993108931884442,0.99234205488194,,,,,,20.0,13.0,0.6888615570513327,True,"18,11,6,16,12,19,4,8,24,2,10,20,14,3,21,23,7,15,0,13",,3.0,,3.0
43,PSS class-aware SC-CV,subset,True,5.0,0.04525926488208287,1.0,1.0,1.0201274270968697,-0.7523061214252028,0.9991313160561749,0.9991313160561749,0.9979256422530717,0.9979256422530717,0.9979256422530717,0.9986749701868292,0.9979256422530717,0.9979256422530717,False,5.0,True,0.0,1.0,12.0,0.6888481137091511,False,12,0.85,5.0,,
43,PSS class-aware SC-CV,subset,True,5.0,0.15181318595193183,0.9998552193426958,0.9993617360778682,1.0667229019056645,-9.775046228147971,0.9942811640364847,0.9942087737078327,0.9875538535184298,0.9875538535184298,0.9875538535184298,0.9879422287001458,0.9875538535184298,0.9875538535184298,False,5.0,True,0.0,2.0,0.0,0.6888481137091511,False,"12,0",0.85,5.0,,
43,PSS class-aware SC-CV,subset,True,5.0,0.4137340874118145,0.9994932676994354,0.9980124552802438,1.1784430546469484,-10.210350870515947,0.9702475749239902,0.9699580136093818,0.9380883995532152,0.9372905696505505,0.9372905696505505,0.9432887239962899,0.9372905696505505,0.9372905696505505,False,5.0,True,0.0,3.0,18.0,0.6888481137091511,False,"12,0,18",0.85,5.0,,
43,PSS class-aware SC-CV,subset,True,5.0,0.7131332586259749,0.9969596061966122,0.9929773419901948,1.3420424145218803,-11.587661504533223,0.9310120167945563,0.9302881135080353,0.8584649752672731,0.8568693154619436,0.8568693154619436,0.8763747184311647,0.8568693154619436,0.8568693154619436,False,5.0,True,0.0,4.0,4.0,0.6888481137091511,True,"12,0,18,4",0.85,5.0,,
43,PSS class-aware SC-CV,subset,True,3.0,0.4365548603086058,0.9991313160561749,0.9982447742141376,1.3100583753012613,-12.353608684242337,0.9555523382076154,0.955190386564355,0.9085686931546194,0.9080899952130206,0.9080899952130206,0.9279183781635086,0.9080899952130206,0.9080899952130206,False,3.0,True,0.0,5.0,6.0,0.6888481137091511,False,"12,0,18,4,6",0.85,5.0,,
43,PSS class-aware SC-CV,subset,True,3.0,0.7347641625735459,0.9981178514550456,0.9948938886229456,1.5225471283818792,-13.813019345145165,0.9228319096568699,0.9223251773563051,0.8506462422211585,0.8500079782990266,0.8500079782990266,0.8788922750761892,0.8500079782990266,0.8500079782990266,False,3.0,True,0.0,6.0,8.0,0.6888481137091511,True,"12,0,18,4,6,8",0.85,5.0,,
43,PSS class-aware SC-CV,subset,True,2.0,0.4473070087669768,0.999203706384827,0.9973499403736584,1.466482361010998,-13.944910898102934,0.9452729115390184,0.9452729115390184,0.8865485878410723,0.8863890218605394,0.8863890218605394,0.9177156486020935,0.8863890218605394,0.8863890218605394,False,2.0,True,0.0,7.0,20.0,0.6888481137091511,False,"12,0,18,4,6,8,20",0.85,5.0,,
43,PSS class-aware SC-CV,subset,True,2.0,0.6097263136677107,0.998407412769654,0.9961574135418046,1.662203803578067,-15.894355861226034,0.9282611843057768,0.9279716229911684,0.8539971278123504,0.8533588638902186,0.8533588638902186,0.896912680535312,0.8533588638902186,0.8533588638902186,False,2.0,True,0.0,8.0,2.0,0.6888481137091511,False,"12,0,18,4,6,8,20,2",0.85,5.0,,
43,PSS class-aware SC-CV,subset,True,1.0,0.12036679090967084,1.0,1.0,1.1133244756289185,-13.10646569226859,0.9985521934269581,0.9985521934269581,0.996649114408808,0.996649114408808,0.996649114408808,0.9969524314297071,0.996649114408808,0.996649114408808,False,1.0,True,0.0,9.0,11.0,0.6888481137091511,False,"12,0,18,4,6,8,20,2,11",0.85,5.0,,
43,PSS class-aware SC-CV,subset,True,1.0,0.1503634750714884,1.0,1.0,1.1255877974731239,-13.458772061464481,0.998407412769654,0.998407412769654,0.9964895484282751,0.9964895484282751,0.9964895484282751,0.996687425467073,0.9964895484282751,0.9964895484282751,False,1.0,True,0.0,10.0,16.0,0.6888481137091511,False,"12,0,18,4,6,8,20,2,11,16",0.85,5.0,,
43,PSS class-aware SC-CV,subset,True,1.0,0.17885080247521046,1.0,1.0,1.1377764264730748,-13.857591593684903,0.9981178514550456,0.9981178514550456,0.9961704164672092,0.9961704164672092,0.9961704164672092,0.9962899165231218,0.9961704164672092,0.9961704164672092,False,1.0,True,0.0,11.0,19.0,0.6888481137091511,False,"12,0,18,4,6,8,20,2,11,16,19",0.85,5.0,,
43,PSS class-aware SC-CV,subset,True,1.0,0.1969507863353055,1.0,1.0,1.1504770850097037,-14.144932438780382,0.9979730707977414,0.9979730707977414,0.9960108504866763,0.9960108504866763,0.9960108504866763,0.9960249105604876,0.9960108504866763,0.9960108504866763,False,1.0,True,0.0,12.0,24.0,0.6888481137091511,False,"12,0,18,4,6,8,20,2,11,16,19,24",0.85,5.0,,
43,PSS class-aware SC-CV,subset,True,1.0,0.21446365069384932,1.0,1.0,1.1649659353214223,-14.981168603471648,0.9978282901404373,0.9978282901404373,0.9956917185256103,0.9956917185256103,0.9956917185256103,0.9957599045978535,0.9956917185256103,0.9956917185256103,False,1.0,True,0.0,13.0,10.0,0.6888481137091511,False,"12,0,18,4,6,8,20,2,11,16,19,24,10",0.85,5.0,,
43,PSS class-aware SC-CV,subset,True,1.0,0.2239711957861381,1.0,1.0,1.1776873608567409,-15.324118148423477,0.997611119154481,0.997611119154481,0.9954948986352193,0.9954948986352193,0.9954948986352193,0.9954948986352193,0.9955321525450774,0.9954948986352193,False,1.0,True,0.0,14.0,14.0,0.6888481137091511,False,"12,0,18,4,6,8,20,2,11,16,19,24,10,14",0.85,5.0,,
43,PSS class-aware SC-CV,subset,True,1.0,0.2149390406103695,1.0,1.0,1.1875035619648575,-15.77866180991991,0.9973215578398726,0.9973215578398726,0.995097389691268,0.995097389691268,0.995097389691268,0.995097389691268,0.9952130205840115,0.995097389691268,False,1.0,True,0.0,15.0,21.0,0.6888481137091511,False,"12,0,18,4,6,8,20,2,11,16,19,24,10,14,21",0.85,5.0,,
43,PSS class-aware SC-CV,subset,True,1.0,0.20151588256015884,1.0,1.0,1.199169991405087,-16.246435684692173,0.9971767771825684,0.9971767771825684,0.9948323837286339,0.9948323837286339,0.9948323837286339,0.9948323837286339,0.9948938886229456,0.9948323837286339,False,1.0,True,0.0,16.0,3.0,0.6888481137091511,False,"12,0,18,4,6,8,20,2,11,16,19,24,10,14,21,3",0.85,5.0,,
43,PSS class-aware SC-CV,subset,True,1.0,0.14873239022380247,1.0,1.0,1.212698513436812,-19.56929112322488,0.9969596061966122,0.9969596061966122,0.9942556247008137,0.9942556247008137,0.9942556247008137,0.9945673777659997,0.9942556247008137,0.9942556247008137,False,1.0,True,0.0,17.0,23.0,0.6888481137091511,False,"12,0,18,4,6,8,20,2,11,16,19,24,10,14,21,3,23",0.85,5.0,,
43,PSS class-aware SC-CV,subset,True,1.0,0.049365998356069696,1.0,1.0,1.225910272616812,-19.927717262082286,0.996814825539308,0.996814825539308,0.9939364927397479,0.9939364927397479,0.9939364927397479,0.9940373658407314,0.9939364927397479,0.9939364927397479,False,1.0,True,0.0,18.0,15.0,0.6888481137091511,False,"12,0,18,4,6,8,20,2,11,16,19,24,10,14,21,3,23,15",0.85,5.0,,
43,PSS class-aware SC-CV,subset,True,1.0,-0.07583331718561936,1.0,1.0,1.2367602982650976,-20.272388651936,0.9966700448820037,0.9966700448820037,0.993617360778682,0.993617360778682,0.993617360778682,0.9937723598780973,0.993617360778682,0.993617360778682,False,1.0,True,0.0,19.0,7.0,0.6888481137091511,True,"12,0,18,4,6,8,20,2,11,16,19,24,10,14,21,3,23,15,7",0.85,5.0,,
43,PSS class-aware SC-CV,subset,True,1.0,-0.23750737066171013,1.0,1.0,1.251572534516344,-20.627717088760733,0.9962357029100912,0.9962357029100912,0.9926599648954842,0.9926599648954842,0.9926599648954842,0.9935073539154631,0.9926599648954842,0.9926599648954842,False,1.0,True,0.0,20.0,13.0,0.6888481137091511,True,"12,0,18,4,6,8,20,2,11,16,19,24,10,14,21,3,23,15,7,13",0.85,5.0,,
43,PSS-JMI,singleton,False,5.0,0.01876654819028012,0.9999276096713479,0.9996808680389341,1.018418390894009,-9.169355056220944,0.9990589257275228,0.9989141450702186,0.9982447742141376,0.9982447742141376,0.9982447742141376,0.9985424672055121,0.9982447742141376,0.9982447742141376,False,5.0,True,0.0,,,0.6888481137091511,False,0,0.99,10.0,,
43,PSS-JMI,singleton,False,5.0,-0.5611582207576242,1.0,1.0,1.0230877484392562,-1.9240663903730173,0.999203706384827,0.999203706384827,0.9980852082336046,0.9980852082336046,0.9980852082336046,0.9986749701868292,0.9980852082336046,0.9980852082336046,False,5.0,True,0.0,,,0.6888481137091511,True,1,0.99,10.0,,
43,PSS-JMI,singleton,False,4.0,0.027364079338632608,1.0,1.0,1.0124760193613351,-0.8294603327168443,0.9992760967134791,0.9992760967134791,0.9985639061752034,0.9985639061752034,0.9985639061752034,0.9990724791307805,0.9985639061752034,0.9985639061752034,False,5.0,True,0.0,,,0.6888481137091511,False,2,0.99,10.0,,
43,PSS-JMI,singleton,False,5.0,-0.3426150582841311,1.0,1.0,1.019908362721146,-0.9987951324969357,0.9991313160561749,0.9991313160561749,0.9979256422530717,0.9979256422530717,0.9979256422530717,0.9988074731681463,0.9979256422530717,0.9979256422530717,False,5.0,True,0.0,,,0.6888481137091511,True,3,0.99,10.0,,
43,PSS-JMI,singleton,False,5.0,0.028606652342692773,1.0,1.0,1.0171564884140074,-0.7265551826754504,0.9989865353988707,0.9989865353988707,0.9980852082336046,0.9980852082336046,0.9980852082336046,0.9981449582615609,0.9980852082336046,0.9980852082336046,False,5.0,True,0.0,,,0.6888481137091511,False,4,0.99,10.0,,
43,PSS-JMI,singleton,False,5.0,-0.5268551794952594,1.0,1.0,1.0247358084494822,-1.5961075435303809,0.9989865353988707,0.9989865353988707,0.9979256422530717,0.9979256422530717,0.9979256422530717,0.998277461242878,0.9979256422530717,0.9979256422530717,False,5.0,True,0.0,,,0.6888481137091511,True,5,0.99,10.0,,
43,PSS-JMI,singleton,False,5.0,0.035117706754375644,1.0,1.0,1.0169452783612642,-0.5830818340956971,0.9993484870421312,0.9993484870421312,0.9984043401946705,0.9984043401946705,0.9984043401946705,0.998409964224195,0.9984043401946705,0.9984043401946705,False,5.0,True,0.0,,,0.6888481137091511,False,6,0.99,10.0,,
43,PSS-JMI,singleton,False,5.0,-0.6776315016297245,1.0,1.0,1.0223562410373241,-1.3784541145486546,0.9992760967134791,0.9992760967134791,0.9982447742141376,0.9982447742141376,0.9982447742141376,0.9985424672055121,0.9982447742141376,0.9982447742141376,False,5.0,True,0.0,,,0.6888481137091511,True,7,0.99,10.0,,
43,PSS-JMI,singleton,False,1.0,0.02175015958655091,1.0,1.0,1.011905669384903,-0.34778232457924024,0.9998552193426958,0.9998552193426958,0.9996808680389341,0.9996808680389341,0.9996808680389341,0.9997349940373659,0.9996808680389341,0.9996808680389341,False,5.0,True,0.0,,,0.6888481137091511,False,8,0.99,10.0,,
43,PSS-JMI,singleton,False,5.0,-0.6936322411498377,1.0,1.0,1.0202525568849006,-1.9660759434342139,0.9992760967134791,0.9992760967134791,0.998277461242878,0.998277461242878,0.998277461242878,0.998277461242878,0.9984043401946705,0.998277461242878,False,5.0,True,0.0,,,0.6888481137091511,True,9,0.99,10.0,,
43,PSS-JMI,singleton,False,5.0,0.029947069008385507,1.0,1.0,1.0165297623576859,-0.85200601996215,0.9991313160561749,0.9991313160561749,0.9979256422530717,0.9979256422530717,0.9979256422530717,0.9989399761494634,0.9979256422530717,0.9979256422530717,False,5.0,True,0.0,,,0.6888481137091511,False,10,0.99,10.0,,
43,PSS-JMI,singleton,False,5.0,0.04310747516821689,1.0,1.0,1.0179159664677881,-0.38212167292973936,0.9992760967134791,0.9992760967134791,0.9980852082336046,0.9980852082336046,0.9980852082336046,0.9985424672055121,0.9980852082336046,0.9980852082336046,False,5.0,True,0.0,,,0.6888481137091511,False,11,0.99,10.0,,
43,PSS-JMI,singleton,True,5.0,0.04525926488208287,1.0,1.0,1.0201274270968697,-0.7528556595496716,0.999203706384827,0.999203706384827,0.9982447742141376,0.9982447742141376,0.9982447742141376,0.9986749701868292,0.9982447742141376,0.9982447742141376,False,5.0,True,0.0,,,0.6888481137091511,False,12,0.99,10.0,,
43,PSS-JMI,singleton,False,5.0,-0.6177685230556005,1.0,1.0,1.0247179918334794,-1.4453668634314403,0.9991313160561749,0.9991313160561749,0.9985424672055121,0.9985424672055121,0.9985424672055121,0.9985424672055121,0.9985639061752034,0.9985424672055121,False,5.0,True,0.0,,,0.6888481137091511,True,13,0.99,10.0,,
43,PSS-JMI,singleton,False,1.0,0.009507545092287073,1.0,1.0,1.0109199978725631,-0.3401993342187907,0.9997828290140437,0.9997828290140437,0.9996024910560488,0.9996024910560488,0.9996024910560488,0.9996024910560488,0.9996808680389341,0.9996024910560488,False,5.0,True,0.0,,,0.6888481137091511,False,14,0.99,10.0,,
43,PSS-JMI,singleton,False,5.0,-0.6259358356528513,1.0,1.0,1.0233072397567964,-1.2940300151463213,0.9992760967134791,0.9992760967134791,0.998409964224195,0.998409964224195,0.998409964224195,0.998409964224195,0.9987234721557364,0.998409964224195,False,5.0,True,0.0,,,0.6888481137091511,True,15,0.99,10.0,,
43,PSS-JMI,singleton,False,5.0,0.04059364018517497,1.0,1.0,1.0175528048230378,-0.35730809901235816,0.9993484870421312,0.9993484870421312,0.9985639061752034,0.9985639061752034,0.9985639061752034,0.9988074731681463,0.9985639061752034,0.9985639061752034,False,5.0,True,0.0,,,0.6888481137091511,False,16,0.99,10.0,,
43,PSS-JMI,singleton,False,5.0,-0.5289520195463586,1.0,1.0,1.0283446317188532,-2.091900196465796,0.999203706384827,0.999203706384827,0.9984043401946705,0.9984043401946705,0.9984043401946705,0.9986749701868292,0.9984043401946705,0.9984043401946705,False,5.0,True,0.0,,,0.6888481137091511,True,17,0.99,10.0,,
43,PSS-JMI,singleton,False,5.0,0.024945259252715568,1.0,1.0,1.0182973461479603,-0.425498031094138,0.9994208773707832,0.9994208773707832,0.9988830381362693,0.9988830381362693,0.9988830381362693,0.9990724791307805,0.9988830381362693,0.9988830381362693,False,5.0,True,0.0,,,0.6888481137091511,False,18,0.99,10.0,,
43,PSS-JMI,singleton,False,5.0,0.03892091428412853,1.0,1.0,1.0187101766435227,-0.40463219816224905,0.9992760967134791,0.9992760967134791,0.9985639061752034,0.9985639061752034,0.9985639061752034,0.9988074731681463,0.9985639061752034,0.9985639061752034,False,5.0,True,0.0,,,0.6888481137091511,False,19,0.99,10.0,,
43,PSS-JMI,singleton,False,5.0,0.023297489570088814,1.0,1.0,1.0185409204388358,-0.41649109697129916,0.9989141450702186,0.9989141450702186,0.9980124552802438,0.9980124552802438,0.9980124552802438,0.9980124552802438,0.9980852082336046,0.9980124552802438,False,5.0,True,0.0,,,0.6888481137091511,False,20,0.99,10.0,,
43,PSS-JMI,singleton,False,5.0,-0.1862568867670693,1.0,1.0,1.018831303504284,-0.7962610883018028,0.999203706384827,0.999203706384827,0.9985639061752034,0.9985639061752034,0.9985639061752034,0.9989399761494634,0.9985639061752034,0.9985639061752034,False,5.0,True,0.0,,,0.6888481137091511,True,21,0.99,10.0,,
43,PSS-JMI,singleton,False,5.0,-0.7072244540536103,1.0,1.0,1.0274710694107039,-4.282649089296864,0.9992760967134791,0.9992760967134791,0.9984043401946705,0.9984043401946705,0.9984043401946705,0.998409964224195,0.9984043401946705,0.9984043401946705,False,5.0,True,0.0,,,0.6888481137091511,True,22,0.99,10.0,,
43,PSS-JMI,singleton,False,5.0,-0.26866073224556164,1.0,1.0,1.0172574625607096,-3.7970186569799775,0.999203706384827,0.999203706384827,0.9982447742141376,0.9982447742141376,0.9982447742141376,0.9986749701868292,0.9982447742141376,0.9982447742141376,False,5.0,True,0.0,,,0.6888481137091511,True,23,0.99,10.0,,
43,PSS-JMI,singleton,False,5.0,0.015641564799637964,1.0,1.0,1.0160593361395072,-0.2916024662154459,0.9991313160561749,0.9991313160561749,0.9985424672055121,0.9985424672055121,0.9985424672055121,0.9985424672055121,0.9987234721557364,0.9985424672055121,False,5.0,True,0.0,,,0.6888481137091511,False,24,0.99,10.0,,
43,PSS-JMI,pair,False,4.0,-0.48847207809488147,0.9998552193426958,0.9996808680389341,1.0527208359400118,-10.496182928947526,0.9959461415954829,0.9957289706095266,0.9913834370512207,0.9909047391096218,0.9909047391096218,0.9927123360275606,0.9909047391096218,0.9909047391096218,False,4.0,True,0.0,,,0.6888481137091511,True,"0,1",0.99,10.0,,
43,PSS-JMI,pair,True,5.0,0.1064609751951977,0.9998552193426958,0.9995213020584012,1.0508487226534966,-9.935363326643275,0.9958013609381786,0.9953670189662661,0.9907247913078044,0.990426041168023,0.990426041168023,0.9905922883264874,0.990426041168023,0.990426041168023,False,5.0,True,0.0,,,0.6888481137091511,False,"0,2",0.99,10.0,,
43,PSS-JMI,pair,True,4.0,-0.21662587303071668,0.9998552193426958,0.9996808680389341,1.0478394435911766,-9.854463862595034,0.9965976545533517,0.9965252642246996,0.9931386628370832,0.9929790968565502,0.9929790968565502,0.993374850934146,0.9929790968565502,0.9929790968565502,False,4.0,True,0.0,,,0.6888481137091511,True,"0,3",0.99,10.0,,
43,PSS-JMI,pair,True,4.0,0.015133571432297543,0.9997104386853917,0.9993617360778682,1.0474586212506234,-9.790493946389295,0.9970319965252642,0.9970319965252642,0.9928448390088777,0.9923148270836094,0.9923148270836094,0.9923148270836094,0.993457794798149,0.9923148270836094,False,4.0,True,0.0,,,0.6888481137091511,False,"0,4",0.99,10.0,,
43,PSS-JMI,pair,True,4.0,-0.4128399982645856,0.9999276096713479,0.9998404340194671,1.0569570625917628,-10.215003513817189,0.9963804835673954,0.9963080932387433,0.9917025690122866,0.9915430030317536,0.9915430030317536,0.9921823241022923,0.9915430030317536,0.9915430030317536,False,4.0,True,0.0,,,0.6888481137091511,True,"0,5",0.99,10.0,,
43,PSS-JMI,pair,True,4.0,0.015098290665036984,0.9999276096713479,0.9998404340194671,1.0528292951890958,-9.618558617600609,0.996814825539308,0.9966700448820037,0.991784815158341,0.9915198091957069,0.9915198091957069,0.9915198091957069,0.9925003989149513,0.9915198091957069,False,4.0,True,0.0,,,0.6888481137091511,False,"0,6",0.99,10.0,,
43,PSS-JMI,pair,False,4.0,-0.44892739126117753,0.9998552193426958,0.9996808680389341,1.0533302031548983,-10.04264431826964,0.9963080932387433,0.9963080932387433,0.9923408329344183,0.9923408329344183,0.9923408329344183,0.9928448390088777,0.9923408329344183,0.9923408329344183,False,4.0,True,0.0,,,0.6888481137091511,True,"0,7",0.99,10.0,,
43,PSS-JMI,pair,True,4.0,0.020427538196392092,0.9998552193426958,0.9996808680389341,1.0571936154241852,-9.379159440126825,0.9958737512668308,0.9958737512668308,0.9913834370512207,0.9913834370512207,0.9913834370512207,0.9920498211209752,0.9913834370512207,0.9913834370512207,False,4.0,True,0.0,,,0.6888481137091511,False,"0,8",0.99,10.0,,
43,PSS-JMI,pair,False,4.0,-0.6418515333959238,0.9999276096713479,0.9996024910560488,1.0587842385474302,-10.629137615167247,0.9964528738960475,0.9963080932387433,0.9921812669538854,0.9918621349928195,0.9918621349928195,0.9927123360275606,0.9918621349928195,0.9918621349928195,False,4.0,True,0.0,,,0.6888481137091511,True,"0,9",0.99,10.0,,
43,PSS-JMI,pair,True,4.0,0.012377775098215693,0.9998552193426958,0.9998404340194671,1.0497619796051547,-9.901097060123714,0.9960185319241349,0.9958737512668308,0.9910643050901548,0.9905856071485559,0.9905856071485559,0.993374850934146,0.9905856071485559,0.9905856071485559,False,4.0,True,0.0,,,0.6888481137091511,False,"0,10",0.99,10.0,,
43,PSS-JMI,pair,True,4.0,0.03786426576075286,0.9998552193426958,0.9996024910560488,1.0509400835702196,-9.403497723657384,0.9965252642246996,0.9965252642246996,0.9926599648954842,0.9925003989149513,0.9925003989149513,0.993242347952829,0.9925003989149513,0.9925003989149513,False,4.0,True,0.0,,,0.6888481137091511,False,"0,11",0.99,10.0,,
43,PSS-JMI,pair,True,4.0,0.017820106834983918,0.9997828290140437,0.9995213020584012,1.0569650532165689,-9.760241944883704,0.9965252642246996,0.9964528738960475,0.9926599648954842,0.9925003989149513,0.9925003989149513,0.9928448390088777,0.9925003989149513,0.9925003989149513,False,4.0,True,0.0,,,0.6888481137091511,False,"0,12",0.99,10.0,,
43,PSS-JMI,pair,True,4.0,-0.48461361482411647,0.9997828290140437,0.9995213020584012,1.062109151301612,-10.148761812487935,0.9965976545533517,0.9965976545533517,0.9925003989149513,0.9923148270836094,0.9923148270836094,0.9923148270836094,0.9925003989149513,0.9923148270836094,False,4.0,True,0.0,,,0.6888481137091511,True,"0,13",0.99,10.0,,
43,PSS-JMI,pair,True,4.0,0.021866990200447134,0.9998552193426958,0.9996808680389341,1.0548927111119177,-9.362815791314983,0.9961633125814391,0.9961633125814391,0.991784815158341,0.9912548032330727,0.9912548032330727,0.9912548032330727,0.9923408329344183,0.9912548032330727,False,4.0,True,0.0,,,0.6888481137091511,False,"0,14",0.99,10.0,,
43,PSS-JMI,pair,True,4.0,-0.3946025045046664,0.9999276096713479,0.9998404340194671,1.0562699961152964,-9.861287943335036,0.9963080932387433,0.9963080932387433,0.9917025690122866,0.9917025690122866,0.9917025690122866,0.9921823241022923,0.9917025690122866,0.9917025690122866,False,4.0,True,0.0,,,0.6888481137091511,True,"0,15",0.99,10.0,,
43,PSS-JMI,pair,True,4.0,0.032424792851568185,0.9998552193426958,0.9994699880747316,1.0522832811942835,-9.384942639649168,0.9956565802808744,0.9955841899522224,0.9909047391096218,0.9909047391096218,0.9909047391096218,0.9913873062143899,0.9909047391096218,0.9909047391096218,False,4.0,True,0.0,,,0.6888481137091511,False,"0,16",0.99,10.0,,
43,PSS-JMI,pair,False,4.0,-0.5922028348741168,0.9998552193426958,0.9996808680389341,1.0610274929995596,-10.757925647529,0.9962357029100912,0.9962357029100912,0.9920217009733525,0.9920217009733525,0.9920217009733525,0.9924473300649265,0.9920217009733525,0.9920217009733525,False,4.0,True,0.0,,,0.6888481137091511,True,"0,17",0.99,10.0,,
43,PSS-JMI,pair,True,4.0,0.00836038854247434,0.9999276096713479,0.9998404340194671,1.0506137568283127,-9.458728640884488,0.9962357029100912,0.9962357029100912,0.9919173181396581,0.991652312177024,0.991652312177024,0.991652312177024,0.9920217009733525,0.991652312177024,False,4.0,True,0.0,,,0.6888481137091511,False,"0,18",0.99,10.0,,
43,PSS-JMI,pair,True,4.0,0.039942537487664964,0.9998552193426958,0.9996024910560488,1.0518923288710638,-9.429032864223176,0.9965976545533517,0.9965976545533517,0.9921812669538854,0.9921812669538854,0.9921812669538854,0.9924473300649265,0.9921812669538854,0.9921812669538854,False,4.0,True,0.0,,,0.6888481137091511,False,"0,19",0.99,10.0,,
43,PSS-JMI,pair,True,4.0,0.0132988679443784,0.9998552193426958,0.9996808680389341,1.0528634533407706,-9.444280149503332,0.9961633125814391,0.9960185319241349,0.9918621349928195,0.9915198091957069,0.9915198091957069,0.9915198091957069,0.9915430030317536,0.9915198091957069,False,4.0,True,0.0,,,0.6888481137091511,False,"0,20",0.99,10.0,,
43,PSS-JMI,pair,True,4.0,-0.08622093911992046,0.9999276096713479,0.9998404340194671,1.0487193736044413,-9.667163138354846,0.9964528738960475,0.9964528738960475,0.9931386628370832,0.9931386628370832,0.9931386628370832,0.9939048628594144,0.9931386628370832,0.9931386628370832,False,4.0,True,0.0,,,0.6888481137091511,True,"0,21",0.99,10.0,,
43,PSS-JMI,pair,False,4.0,-0.6006273979484273,0.9998552193426958,0.9996024910560488,1.0515703102526923,-12.728317451237082,0.9963804835673954,0.9963080932387433,0.9913834370512207,0.9913834370512207,0.9913834370512207,0.9931098449715119,0.9913834370512207,0.9913834370512207,False,4.0,True,0.0,,,0.6888481137091511,True,"0,22",0.99,10.0,,
43,PSS-JMI,pair,True,4.0,-0.187627573680599,0.9998552193426958,0.9996808680389341,1.0522147588147577,-12.58224712494838,0.9964528738960475,0.9963804835673954,0.9924473300649265,0.9919173181396581,0.9919173181396581,0.9919173181396581,0.9923408329344183,0.9919173181396581,False,4.0,True,0.0,,,0.6888481137091511,True,"0,23",0.99,10.0,,
43,PSS-JMI,pair,True,4.0,-0.0025010484877672212,0.9998552193426958,0.9995213020584012,1.0524529760411867,-9.328039116924554,0.9964528738960475,0.9963804835673954,0.9920217009733525,0.9920217009733525,0.9920217009733525,0.9935073539154631,0.9920217009733525,0.9920217009733525,False,4.0,True,0.0,,,0.6888481137091511,True,"0,24",0.99,10.0,,
43,PSS-JMI,pair,False,2.0,-0.544495955293173,1.0,1.0,1.037174905930966,-2.379339317357704,0.9987693644129144,0.9987693644129144,0.9971278123504069,0.9971278123504069,0.9971278123504069,0.9974824433549755,0.9971278123504069,0.9971278123504069,False,4.0,True,0.0,,,0.6888481137091511,True,"1,2",0.99,10.0,,
43,PSS-JMI,pair,False,5.0,-0.6226768786241688,0.9999276096713479,0.9998404340194671,1.0650066195048657,-2.7821576529598975,0.9956565802808744,0.9956565802808744,0.9901069092069571,0.9901069092069571,0.9901069092069571,0.9915198091957069,0.9901069092069571,0.9901069092069571,False,5.0,True,0.0,,,0.6888481137091511,True,"1,3",0.99,10.0,,
43,PSS-JMI,pair,False,4.0,-0.3331114216163553,1.0,1.0,1.0547179356411982,-2.058160076006442,0.9957289706095266,0.9957289706095266,0.9913834370512207,0.9913834370512207,0.9913834370512207,0.991652312177024,0.9913834370512207,0.9913834370512207,False,4.0,True,0.0,,,0.6888481137091511,True,"1,4",0.99,10.0,,
43,PSS-JMI,pair,False,3.0,-1.1076328198399756,1.0,1.0,1.0455629988294348,-3.514343131488133,0.997683509483133,0.997683509483133,0.9947343226424127,0.9945747566618797,0.9945747566618797,0.9960249105604876,0.9945747566618797,0.9945747566618797,False,4.0,True,0.0,,,0.6888481137091511,True,"1,5",0.99,10.0,,
43,PSS-JMI,pair,False,2.0,-0.322061851514283,1.0,1.0,1.0450778080337988,-1.6246109290841315,0.998407412769654,0.998407412769654,0.996808680389341,0.996808680389341,0.996808680389341,0.9977474493176096,0.996808680389341,0.996808680389341,False,3.0,True,0.0,,,0.6888481137091511,True,"1,6",0.99,10.0,,
43,PSS-JMI,pair,False,4.0,-0.9551608058955763,0.9999276096713479,0.9998404340194671,1.0555459929600812,-2.892665423959671,0.9959461415954829,0.9959461415954829,0.9913834370512207,0.9910643050901548,0.9910643050901548,0.993242347952829,0.9910643050901548,0.9910643050901548,False,4.0,True,0.0,,,0.6888481137091511,True,"1,7",0.99,10.0,,
43,PSS-JMI,pair,False,2.0,-0.36500917052103876,1.0,1.0,1.0423780171002934,-1.4687166692457423,0.9983350224410019,0.9983350224410019,0.996808680389341,0.996808680389341,0.996808680389341,0.9977474493176096,0.996808680389341,0.996808680389341,False,3.0,True,0.0,,,0.6888481137091511,True,"1,8",0.99,10.0,,
43,PSS-JMI,pair,False,4.0,-0.9592628282382583,1.0,0.9998674970186829,1.055916575469315,-3.7492072955164453,0.9960909222527871,0.9960909222527871,0.9910643050901548,0.9910643050901548,0.9910643050901548,0.993374850934146,0.9910643050901548,0.9910643050901548,False,4.0,True,0.0,,,0.6888481137091511,True,"1,9",0.99,10.0,,
43,PSS-JMI,pair,False,2.0,-0.41291137979902626,1.0,1.0,1.037559867750016,-2.2360666436474155,0.9985521934269581,0.9985521934269581,0.996649114408808,0.996649114408808,0.996649114408808,0.9973499403736584,0.996649114408808,0.996649114408808,False,3.0,True,0.0,,,0.6888481137091511,True,"1,10",0.99,10.0,,
43,PSS-JMI,pair,False,2.0,-0.32117611905528687,1.0,1.0,1.0375407607750682,-1.901397535903233,0.9989141450702186,0.9989141450702186,0.9971278123504069,0.9971278123504069,0.9971278123504069,0.9981449582615609,0.9971278123504069,0.9971278123504069,False,4.0,True,0.0,,,0.6888481137091511,True,"1,11",0.99,10.0,,
43,PSS-JMI,pair,False,2.0,-0.4163141396431902,1.0,1.0,1.0412858960721452,-2.0683457872027113,0.9986969740842624,0.9986969740842624,0.9972873783309398,0.9972873783309398,0.9972873783309398,0.9978799522989267,0.9972873783309398,0.9972873783309398,False,4.0,True,0.0,,,0.6888481137091511,True,"1,12",0.99,10.0,,
43,PSS-JMI,pair,False,4.0,-0.7819734036201536,1.0,1.0,1.0609154850682525,-2.8647278059090984,0.9961633125814391,0.9961633125814391,0.9920217009733525,0.9920217009733525,0.9920217009733525,0.993242347952829,0.9920217009733525,0.9920217009733525,False,4.0,True,0.0,,,0.6888481137091511,True,"1,13",0.99,10.0,,
43,PSS-JMI,pair,False,2.0,-0.38107893242407553,1.0,1.0,1.0392333972299246,-1.5491441686746767,0.9986969740842624,0.9986969740842624,0.996649114408808,0.996649114408808,0.996649114408808,0.9974824433549755,0.996649114408808,0.996649114408808,False,3.0,True,0.0,,,0.6888481137091511,True,"1,14",0.99,10.0,,
43,PSS-JMI,pair,False,3.0,-0.7381422533136932,1.0,1.0,1.045600958884994,-2.4000133537105124,0.9973939481685247,0.9973939481685247,0.9944151906813468,0.9944151906813468,0.9944151906813468,0.9954948986352193,0.9944151906813468,0.9944151906813468,False,3.0,True,0.0,,,0.6888481137091511,True,"1,15",0.99,10.0,,
43,PSS-JMI,pair,False,2.0,-0.362514106503802,1.0,1.0,1.0420092114874993,-1.4686245193338188,0.9983350224410019,0.9983350224410019,0.9964895484282751,0.9964895484282751,0.9964895484282751,0.9976149463362926,0.9964895484282751,0.9964895484282751,False,3.0,True,0.0,,,0.6888481137091511,True,"1,16",0.99,10.0,,
43,PSS-JMI,pair,False,4.0,-0.9417327740507746,1.0,0.9997349940373659,1.0607373895421348,-3.4899696536426195,0.9960909222527871,0.9960909222527871,0.9907451731290888,0.9907451731290888,0.9907451731290888,0.9931098449715119,0.9907451731290888,0.9907451731290888,False,4.0,True,0.0,,,0.6888481137091511,True,"1,17",0.99,10.0,,
43,PSS-JMI,pair,False,2.0,-0.3677925856698032,1.0,1.0,1.040292220822618,-1.446327489153424,0.9985521934269581,0.9985521934269581,0.996649114408808,0.996649114408808,0.996649114408808,0.9973499403736584,0.996649114408808,0.996649114408808,False,3.0,True,0.0,,,0.6888481137091511,True,"1,18",0.99,10.0,,
43,PSS-JMI,pair,False,2.0,-0.31438264838685703,1.0,1.0,1.0365657689457097,-2.0276103050946537,0.9986969740842624,0.9986969740842624,0.996808680389341,0.996808680389341,0.996808680389341,0.9974824433549755,0.996808680389341,0.996808680389341,False,4.0,True,0.0,,,0.6888481137091511,True,"1,19",0.99,10.0,,
43,PSS-JMI,pair,False,2.0,-0.3031595503971731,1.0,1.0,1.038111174660824,-1.543080897279218,0.9989141450702186,0.9989141450702186,0.9974469443114727,0.9974469443114727,0.9974469443114727,0.9977474493176096,0.9974469443114727,0.9974469443114727,False,4.0,True,0.0,,,0.6888481137091511,True,"1,20",0.99,10.0,,
43,PSS-JMI,pair,False,2.0,-0.36929241310416083,1.0,1.0,1.036268963258386,-1.839483458390357,0.998407412769654,0.998407412769654,0.9972873783309398,0.9972873783309398,0.9972873783309398,0.9973499403736584,0.9972873783309398,0.9972873783309398,False,3.0,True,0.0,,,0.6888481137091511,True,"1,21",0.99,10.0,,
43,PSS-JMI,pair,False,2.0,-0.7478020403285166,1.0,1.0,1.040729732969754,-4.3192613241546525,0.9986969740842624,0.9986969740842624,0.996808680389341,0.996808680389341,0.996808680389341,0.9974824433549755,0.996808680389341,0.996808680389341,False,3.0,True,0.0,,,0.6888481137091511,True,"1,22",0.99,10.0,,
43,PSS-JMI,pair,False,2.0,-0.49079706372969056,1.0,1.0,1.0402956584535972,-4.492565593054244,0.9988417547415666,0.9988417547415666,0.9969682463698739,0.9969682463698739,0.9969682463698739,0.9976149463362926,0.9969682463698739,0.9969682463698739,False,4.0,True,0.0,,,0.6888481137091511,True,"1,23",0.99,10.0,,
43,PSS-JMI,pair,False,2.0,-0.38802033632538624,1.0,1.0,1.0401157077419718,-1.5936532863849175,0.9984798030983061,0.9984798030983061,0.9964895484282751,0.9964895484282751,0.9964895484282751,0.9977474493176096,0.9964895484282751,0.9964895484282751,False,3.0,True,0.0,,,0.6888481137091511,True,"1,24",0.99,10.0,,
43,PSS-JMI,pair,True,4.0,-0.16852861271821662,0.9997828290140437,0.9997349940373659,1.0522009589454069,-1.6704378571130514,0.9955117996235703,0.9955117996235703,0.9915430030317536,0.9915430030317536,0.9915430030317536,0.9931098449715119,0.9915430030317536,0.9915430030317536,False,4.0,True,0.0,,,0.6888481137091511,True,"2,3",0.99,10.0,,
43,PSS-JMI,pair,True,3.0,0.10493391980247946,1.0,1.0,1.0367411764566485,-2.0062048986047336,0.9977558998117851,0.9977558998117851,0.9948323837286339,0.9947343226424127,0.9947343226424127,0.9948323837286339,0.9947343226424127,0.9947343226424127,False,4.0,True,0.0,,,0.6888481137091511,False,"2,4",0.99,10.0,,
43,PSS-JMI,pair,True,4.0,-0.24852066911334947,0.9997828290140437,0.9993617360778682,1.0524837985387663,-2.000448978982614,0.9954394092949183,0.9953670189662661,0.9905856071485559,0.990426041168023,0.990426041168023,0.991784815158341,0.990426041168023,0.990426041168023,False,4.0,True,0.0,,,0.6888481137091511,True,"2,5",0.99,10.0,,
43,PSS-JMI,pair,True,5.0,0.11892089895977076,0.9997828290140437,0.9993617360778682,1.0533155652351522,-2.0547208019703467,0.9954394092949183,0.9954394092949183,0.9901069092069571,0.9901069092069571,0.9901069092069571,0.991784815158341,0.9901069092069571,0.9901069092069571,False,5.0,True,0.0,,,0.6888481137091511,False,"2,6",0.99,10.0,,
43,PSS-JMI,pair,False,2.0,-0.4828189189161838,1.0,1.0,1.036857320186075,-1.8195499966370696,0.9988417547415666,0.9988417547415666,0.9974469443114727,0.9974469443114727,0.9974469443114727,0.9977474493176096,0.9974469443114727,0.9974469443114727,False,4.0,True,0.0,,,0.6888481137091511,True,"2,7",0.99,10.0,,
43,PSS-JMI,pair,True,4.0,0.09527270297503221,0.9999276096713479,0.9997349940373659,1.0507620966837634,-1.902516009728981,0.9966700448820037,0.9965976545533517,0.9926599648954842,0.9917025690122866,0.9917025690122866,0.9946998807473169,0.9917025690122866,0.9917025690122866,False,4.0,True,0.0,,,0.6888481137091511,False,"2,8",0.99,10.0,,
43,PSS-JMI,pair,False,4.0,-0.376918151611342,1.0,0.9998674970186829,1.0609066605291653,-2.2881056663534056,0.9956565802808744,0.9955117996235703,0.9909047391096218,0.990426041168023,0.990426041168023,0.9921823241022923,0.990426041168023,0.990426041168023,False,4.0,True,0.0,,,0.6888481137091511,True,"2,9",0.99,10.0,,
43,PSS-JMI,pair,True,3.0,0.08986276067686894,0.9998552193426958,0.9996808680389341,1.0435314642434703,-1.846072214002911,0.9972491675112205,0.9972491675112205,0.9932982288176161,0.9932982288176161,0.9932982288176161,0.9958924075791705,0.9932982288176161,0.9932982288176161,False,3.0,True,0.0,,,0.6888481137091511,False,"2,10",0.99,10.0,,
43,PSS-JMI,pair,True,3.0,0.09024558527437065,1.0,1.0,1.043298650708365,-1.3602013287914734,0.9967424352106559,0.9966700448820037,0.993617360778682,0.993457794798149,0.993457794798149,0.994964886709951,0.993457794798149,0.993457794798149,False,3.0,True,0.0,,,0.6888481137091511,False,"2,11",0.99,10.0,,
43,PSS-JMI,pair,True,4.0,0.08526802552809887,0.9997828290140437,0.9995213020584012,1.0578093649671718,-1.7671289430351906,0.9955841899522224,0.9955841899522224,0.9910643050901548,0.9910643050901548,0.9910643050901548,0.9919173181396581,0.9910643050901548,0.9910643050901548,False,4.0,True,0.0,,,0.6888481137091511,False,"2,12",0.99,10.0,,
43,PSS-JMI,pair,True,4.0,-0.3188835170493385,0.9997828290140437,0.9995213020584012,1.0576446123105518,-2.017536032072825,0.9955117996235703,0.9954394092949183,0.990426041168023,0.99026647518749,0.99026647518749,0.9915198091957069,0.99026647518749,0.99026647518749,False,4.0,True,0.0,,,0.6888481137091511,True,"2,13",0.99,10.0,,
43,PSS-JMI,pair,True,4.0,0.11864762799985229,0.9997104386853917,0.9996024910560488,1.0481812912250659,-1.6929421393469395,0.9960185319241349,0.9960185319241349,0.9915430030317536,0.9913834370512207,0.9913834370512207,0.9941698688220485,0.9913834370512207,0.9913834370512207,False,4.0,True,0.0,,,0.6888481137091511,False,"2,14",0.99,10.0,,
43,PSS-JMI,pair,True,2.0,-0.41797960069729445,1.0,1.0,1.038142392298709,-1.750663603467569,0.9985521934269581,0.9985521934269581,0.996808680389341,0.996808680389341,0.996808680389341,0.9973499403736584,0.996808680389341,0.996808680389341,False,3.0,True,0.0,,,0.6888481137091511,True,"2,15",0.99,10.0,,
43,PSS-JMI,pair,True,4.0,0.12255251668331368,0.9999276096713479,0.9996808680389341,1.0487083954601732,-1.6287758092658042,0.995294628637614,0.995294628637614,0.9909047391096218,0.9907451731290888,0.9907451731290888,0.9943023718033656,0.9907451731290888,0.9907451731290888,False,4.0,True,0.0,,,0.6888481137091511,False,"2,16",0.99,10.0,,
43,PSS-JMI,pair,False,2.0,-0.506953790276186,1.0,1.0,1.0382685455645329,-2.432860386479654,0.9989141450702186,0.9989141450702186,0.9976065102920058,0.9976065102920058,0.9976065102920058,0.9976149463362926,0.9976065102920058,0.9976065102920058,False,3.0,True,0.0,,,0.6888481137091511,True,"2,17",0.99,10.0,,
43,PSS-JMI,pair,True,4.0,0.12098224446190065,0.9999276096713479,0.9997349940373659,1.0463797177751335,-1.696554830313569,0.9965252642246996,0.9964528738960475,0.9923408329344183,0.9921812669538854,0.9921812669538854,0.993374850934146,0.9921812669538854,0.9921812669538854,False,4.0,True,0.0,,,0.6888481137091511,False,"2,18",0.99,10.0,,
43,PSS-JMI,pair,True,3.0,0.09287264039768894,1.0,1.0,1.0447155715509013,-1.3914624231891441,0.9969596061966122,0.9967424352106559,0.9945673777659997,0.9944348747846826,0.9944348747846826,0.9944348747846826,0.9945747566618797,0.9944348747846826,False,3.0,True,0.0,,,0.6888481137091511,False,"2,19",0.99,10.0,,
43,PSS-JMI,pair,True,4.0,0.06701802669249801,0.9997104386853917,0.9993617360778682,1.0523815719100598,-1.4058017253435129,0.9961633125814391,0.9961633125814391,0.9909047391096218,0.9909047391096218,0.9909047391096218,0.9924473300649265,0.9909047391096218,0.9909047391096218,False,4.0,True,0.0,,,0.6888481137091511,False,"2,20",0.99,10.0,,
43,PSS-JMI,pair,True,4.0,-0.06714415270292551,0.9999276096713479,0.9998404340194671,1.0487228580381676,-1.5572439405507035,0.9957289706095266,0.9957289706095266,0.9907451731290888,0.9907451731290888,0.9907451731290888,0.9928448390088777,0.9907451731290888,0.9907451731290888,False,4.0,True,0.0,,,0.6888481137091511,True,"2,21",0.99,10.0,,
43,PSS-JMI,pair,False,4.0,-0.3535727863828493,0.9998552193426958,1.0,1.0513419415906093,-4.288870574565572,0.9955841899522224,0.9954394092949183,0.9909047391096218,0.9905856071485559,0.9905856071485559,0.9923148270836094,0.9905856071485559,0.9905856071485559,False,4.0,True,0.0,,,0.6888481137091511,True,"2,22",0.99,10.0,,
43,PSS-JMI,pair,True,4.0,-0.08304516017093455,1.0,0.9998404340194671,1.0535495956696506,-4.355843184034026,0.9955841899522224,0.9953670189662661,0.9918621349928195,0.9917025690122866,0.9917025690122866,0.9921823241022923,0.9917025690122866,0.9917025690122866,False,4.0,True,0.0,,,0.6888481137091511,True,"2,23",0.99,10.0,,
43,PSS-JMI,pair,True,4.0,0.07087838087651765,0.9999276096713479,0.9998404340194671,1.0491444498740712,-1.4645744848605469,0.9958013609381786,0.9955841899522224,0.9912238710706878,0.990426041168023,0.990426041168023,0.9931098449715119,0.990426041168023,0.990426041168023,False,4.0,True,0.0,,,0.6888481137091511,False,"2,24",0.99,10.0,,
43,PSS-JMI,pair,True,4.0,-0.17314878554345525,1.0,0.9997349940373659,1.053442079130465,-1.5848551524860373,0.9960909222527871,0.9960909222527871,0.9912238710706878,0.9912238710706878,0.9912238710706878,0.9928448390088777,0.9912238710706878,0.9912238710706878,False,4.0,True,0.0,,,0.6888481137091511,True,"3,4",0.99,10.0,,
43,PSS-JMI,pair,True,3.0,-0.4525962400203256,1.0,1.0,1.0432963754285922,-1.9939254856506015,0.9974663384971768,0.9973939481685247,0.9944151906813468,0.9944151906813468,0.9944151906813468,0.9957599045978535,0.9944151906813468,0.9944151906813468,False,4.0,True,0.0,,,0.6888481137091511,True,"3,5",0.99,10.0,,
43,PSS-JMI,pair,True,3.0,0.05737530550188974,1.0,1.0,1.0529495205789616,-1.1196408141888612,0.9971767771825684,0.9971767771825684,0.9940960587202808,0.9940960587202808,0.9940960587202808,0.9956274016165364,0.9940960587202808,0.9940960587202808,False,3.0,True,0.0,,,0.6888481137091511,False,"3,6",0.99,10.0,,
43,PSS-JMI,pair,False,2.0,-0.4421486113835704,1.0,1.0,1.0308631426368238,-1.8062353801183004,0.9989141450702186,0.9989141450702186,0.9976149463362926,0.9976149463362926,0.9976149463362926,0.9976149463362926,0.9977660762725387,0.9976149463362926,False,4.0,True,0.0,,,0.6888481137091511,True,"3,7",0.99,10.0,,
43,PSS-JMI,pair,True,3.0,0.08882290522806413,1.0,1.0,1.0522733266947046,-0.9147720473393736,0.9972491675112205,0.9972491675112205,0.993457794798149,0.993457794798149,0.993457794798149,0.994964886709951,0.993457794798149,0.993457794798149,False,3.0,True,0.0,,,0.6888481137091511,False,"3,8",0.99,10.0,,
43,PSS-JMI,pair,False,4.0,-0.5244294446878037,1.0,1.0,1.0652788631558479,-2.151754468432865,0.9962357029100912,0.9962357029100912,0.9913834370512207,0.9913834370512207,0.9913834370512207,0.9920498211209752,0.9913834370512207,0.9913834370512207,False,4.0,True,0.0,,,0.6888481137091511,True,"3,9",0.99,10.0,,
43,PSS-JMI,pair,True,3.0,0.04079749290784007,1.0,0.9998674970186829,1.047931353822686,-1.4122336556658992,0.9973215578398726,0.9973215578398726,0.9929790968565502,0.9929790968565502,0.9929790968565502,0.9957599045978535,0.9929790968565502,0.9929790968565502,False,3.0,True,0.0,,,0.6888481137091511,False,"3,10",0.99,10.0,,
43,PSS-JMI,pair,True,4.0,-0.15678339952394493,1.0,1.0,1.0483877107815878,-1.6599705593209269,0.9965976545533517,0.9965976545533517,0.9920217009733525,0.9920217009733525,0.9920217009733525,0.993374850934146,0.9920217009733525,0.9920217009733525,False,4.0,True,0.0,,,0.6888481137091511,True,"3,11",0.99,10.0,,
43,PSS-JMI,pair,True,4.0,0.04696556700316323,1.0,0.9997349940373659,1.060431529557007,-1.5543534965796104,0.9958013609381786,0.9958013609381786,0.9912238710706878,0.9912238710706878,0.9912238710706878,0.9924473300649265,0.9912238710706878,0.9912238710706878,False,4.0,True,0.0,,,0.6888481137091511,False,"3,12",0.99,10.0,,
43,PSS-JMI,pair,True,4.0,-0.3355079321383563,1.0,1.0,1.0587063592923538,-1.6895343512417886,0.9963804835673954,0.9963804835673954,0.9923408329344183,0.9923408329344183,0.9923408329344183,0.9936398568967801,0.9923408329344183,0.9923408329344183,False,4.0,True,0.0,,,0.6888481137091511,True,"3,13",0.99,10.0,,
43,PSS-JMI,pair,True,4.0,0.0826025035410114,1.0,1.0,1.0608854167017163,-0.9722903726082432,0.9953670189662661,0.9953670189662661,0.9909047391096218,0.99026647518749,0.99026647518749,0.9907247913078044,0.99026647518749,0.99026647518749,False,4.0,True,0.0,,,0.6888481137091511,False,"3,14",0.99,10.0,,
43,PSS-JMI,pair,True,2.0,-0.38767088141034756,1.0,1.0,1.0322651298266667,-1.364561969045324,0.9988417547415666,0.9988417547415666,0.9969682463698739,0.9969682463698739,0.9969682463698739,0.9980124552802438,0.9969682463698739,0.9969682463698739,False,4.0,True,0.0,,,0.6888481137091511,True,"3,15",0.99,10.0,,
43,PSS-JMI,pair,True,3.0,0.1026321015102375,1.0,1.0,1.052522075218758,-0.8935613380206855,0.9973939481685247,0.9973939481685247,0.9932982288176161,0.9932982288176161,0.9932982288176161,0.9956274016165364,0.9932982288176161,0.9932982288176161,False,3.0,True,0.0,,,0.6888481137091511,False,"3,16",0.99,10.0,,
43,PSS-JMI,pair,False,4.0,-0.5231258249243105,0.9999276096713479,0.9998404340194671,1.0633841129186548,-2.372173507566671,0.9961633125814391,0.9961633125814391,0.9912238710706878,0.9912238710706878,0.9912238710706878,0.993242347952829,0.9912238710706878,0.9912238710706878,False,4.0,True,0.0,,,0.6888481137091511,True,"3,17",0.99,10.0,,
43,PSS-JMI,pair,True,4.0,0.022828597135574613,1.0,1.0,1.0593415572116014,-1.0685498747208344,0.9954394092949183,0.9954394092949183,0.9901069092069571,0.9901069092069571,0.9901069092069571,0.991652312177024,0.9901069092069571,0.9901069092069571,False,4.0,True,0.0,,,0.6888481137091511,False,"3,18",0.99,10.0,,
43,PSS-JMI,pair,True,4.0,-0.17379935824655002,0.9999276096713479,0.9998404340194671,1.0488648399207248,-1.6712434020134235,0.9958737512668308,0.9958737512668308,0.9913834370512207,0.9913834370512207,0.9913834370512207,0.993374850934146,0.9913834370512207,0.9913834370512207,False,4.0,True,0.0,,,0.6888481137091511,True,"3,19",0.99,10.0,,
43,PSS-JMI,pair,True,4.0,0.05580598107853896,1.0,0.9998674970186829,1.0595072345333525,-1.0431602603958179,0.9957289706095266,0.9957289706095266,0.9907451731290888,0.9907451731290888,0.9907451731290888,0.9923148270836094,0.9907451731290888,0.9907451731290888,False,4.0,True,0.0,,,0.6888481137091511,False,"3,20",0.99,10.0,,
43,PSS-JMI,pair,True,4.0,-0.1532475114229317,1.0,0.9998674970186829,1.0563587231285168,-1.2311460847798603,0.9954394092949183,0.9954394092949183,0.99026647518749,0.99026647518749,0.99026647518749,0.9915198091957069,0.99026647518749,0.99026647518749,False,4.0,True,0.0,,,0.6888481137091511,True,"3,21",0.99,10.0,,
43,PSS-JMI,pair,False,4.0,-0.29912342613337817,1.0,1.0,1.0563101588189072,-3.728420182699163,0.9955841899522224,0.9955841899522224,0.990426041168023,0.990426041168023,0.990426041168023,0.9925798330462435,0.990426041168023,0.990426041168023,False,4.0,True,0.0,,,0.6888481137091511,True,"3,22",0.99,10.0,,
43,PSS-JMI,pair,True,3.0,-0.15497227812025782,1.0,1.0,1.0447784961446884,-4.025322575362112,0.9973215578398726,0.9973215578398726,0.9928195308760173,0.9928195308760173,0.9928195308760173,0.994964886709951,0.9928195308760173,0.9928195308760173,False,4.0,True,0.0,,,0.6888481137091511,True,"3,23",0.99,10.0,,
43,PSS-JMI,pair,True,4.0,-0.0031116765026486526,0.9999276096713479,0.9996024910560488,1.056915805404324,-1.1157607345192047,0.9953670189662661,0.9953670189662661,0.9910643050901548,0.9910643050901548,0.9910643050901548,0.9927123360275606,0.9910643050901548,0.9910643050901548,False,4.0,True,0.0,,,0.6888481137091511,True,"3,24",0.99,10.0,,
43,PSS-JMI,pair,True,4.0,-0.3242999697784219,1.0,0.9998404340194671,1.058948842919177,-1.9396997244258036,0.9958013609381786,0.9958013609381786,0.9912548032330727,0.9908572942891215,0.9908572942891215,0.9908572942891215,0.9913834370512207,0.9908572942891215,False,4.0,True,0.0,,,0.6888481137091511,True,"4,5",0.99,10.0,,
43,PSS-JMI,pair,True,4.0,0.10846115305008275,1.0,1.0,1.0507206115209666,-1.6388026392134873,0.9965976545533517,0.9965976545533517,0.9921812669538854,0.9921812669538854,0.9921812669538854,0.9927123360275606,0.9921812669538854,0.9921812669538854,False,4.0,True,0.0,,,0.6888481137091511,False,"4,6",0.99,10.0,,
43,PSS-JMI,pair,False,4.0,-0.34686456276723376,1.0,1.0,1.0546956907817884,-1.722310354568701,0.9956565802808744,0.9956565802808744,0.9915430030317536,0.9915430030317536,0.9915430030317536,0.9919173181396581,0.9915430030317536,0.9915430030317536,False,4.0,True,0.0,,,0.6888481137091511,True,"4,7",0.99,10.0,,
43,PSS-JMI,pair,True,4.0,0.1089051206757552,1.0,0.9998674970186829,1.0539690062353861,-1.4779474194060536,0.9963080932387433,0.9963080932387433,0.9925003989149513,0.9925003989149513,0.9925003989149513,0.9931098449715119,0.9925003989149513,0.9925003989149513,False,4.0,True,0.0,,,0.6888481137091511,False,"4,8",0.99,10.0,,
43,PSS-JMI,pair,False,3.0,-0.6055574782831563,1.0,1.0,1.0463902574339274,-2.1523824905362154,0.9972491675112205,0.9972491675112205,0.9929790968565502,0.9929790968565502,0.9929790968565502,0.9944348747846826,0.9929790968565502,0.9929790968565502,False,4.0,True,0.0,,,0.6888481137091511,True,"4,9",0.99,10.0,,
43,PSS-JMI,pair,True,4.0,0.09126494888756276,1.0,1.0,1.0501737807546174,-1.7583604636055121,0.9954394092949183,0.9954394092949183,0.9901069092069571,0.9901069092069571,0.9901069092069571,0.9919173181396581,0.9901069092069571,0.9901069092069571,False,4.0,True,0.0,,,0.6888481137091511,False,"4,10",0.99,10.0,,
43,PSS-JMI,pair,True,4.0,0.10957403606664418,0.9998552193426958,1.0,1.053976353382421,-1.3047122739202979,0.9960909222527871,0.9960909222527871,0.9915430030317536,0.9915430030317536,0.9915430030317536,0.9921823241022923,0.9915430030317536,0.9915430030317536,False,4.0,True,0.0,,,0.6888481137091511,False,"4,11",0.99,10.0,,
43,PSS-JMI,pair,True,4.0,0.08723100951470975,1.0,1.0,1.059153726964629,-1.7159447548163107,0.9961633125814391,0.9961633125814391,0.9910643050901548,0.9910643050901548,0.9910643050901548,0.9913873062143899,0.9910643050901548,0.9910643050901548,False,4.0,True,0.0,,,0.6888481137091511,False,"4,12",0.99,10.0,,
43,PSS-JMI,pair,True,4.0,-0.38390792887353453,1.0,1.0,1.0616088368049916,-1.8471568215645933,0.9958737512668308,0.9958737512668308,0.9912238710706878,0.9910643050901548,0.9910643050901548,0.9911223002517556,0.9910643050901548,0.9910643050901548,False,4.0,True,0.0,,,0.6888481137091511,True,"4,13",0.99,10.0,,
43,PSS-JMI,pair,True,4.0,0.10527390568646822,1.0,0.9998404340194671,1.0524522564305068,-1.4539962898421583,0.9962357029100912,0.9962357029100912,0.9923148270836094,0.9923148270836094,0.9923148270836094,0.9923148270836094,0.9923408329344183,0.9923148270836094,False,4.0,True,0.0,,,0.6888481137091511,False,"4,14",0.99,10.0,,
43,PSS-JMI,pair,True,4.0,-0.17589553476984654,1.0,1.0,1.054689646784321,-1.461359469556236,0.9958013609381786,0.9958013609381786,0.9909047391096218,0.9909047391096218,0.9909047391096218,0.9923148270836094,0.9909047391096218,0.9909047391096218,False,4.0,True,0.0,,,0.6888481137091511,True,"4,15",0.99,10.0,,
43,PSS-JMI,pair,True,4.0,0.09443876403544227,1.0,0.9998674970186829,1.0513532702216726,-1.4472372916280785,0.9965252642246996,0.9965252642246996,0.9921812669538854,0.9921812669538854,0.9921812669538854,0.993242347952829,0.9921812669538854,0.9921812669538854,False,4.0,True,0.0,,,0.6888481137091511,False,"4,16",0.99,10.0,,
43,PSS-JMI,pair,False,4.0,-0.5790970910158477,1.0,1.0,1.0592039122669288,-2.5441930341043943,0.9956565802808744,0.9956565802808744,0.9905856071485559,0.9905856071485559,0.9905856071485559,0.9919173181396581,0.9905856071485559,0.9905856071485559,False,4.0,True,0.0,,,0.6888481137091511,True,"4,17",0.99,10.0,,
43,PSS-JMI,pair,True,4.0,0.09770128477845441,1.0,1.0,1.0501498455920686,-1.4992583856127892,0.9963804835673954,0.9963804835673954,0.9923148270836094,0.9920498211209752,0.9920498211209752,0.9920498211209752,0.9926599648954842,0.9920498211209752,False,4.0,True,0.0,,,0.6888481137091511,False,"4,18",0.99,10.0,,
43,PSS-JMI,pair,True,4.0,0.11687326425412725,1.0,0.9997349940373659,1.0540669637348754,-1.3325254958706934,0.9953670189662661,0.9953670189662661,0.9909047391096218,0.9909047391096218,0.9909047391096218,0.9924473300649265,0.9909047391096218,0.9909047391096218,False,4.0,True,0.0,,,0.6888481137091511,False,"4,19",0.99,10.0,,
43,PSS-JMI,pair,True,4.0,0.08488235930787735,0.9999276096713479,0.9998404340194671,1.0533492937079374,-1.2847704921585192,0.9963804835673954,0.9963804835673954,0.9915430030317536,0.9913834370512207,0.9913834370512207,0.9923148270836094,0.9913834370512207,0.9913834370512207,False,4.0,True,0.0,,,0.6888481137091511,False,"4,20",0.99,10.0,,
43,PSS-JMI,pair,True,4.0,-0.09459143851355534,0.9999276096713479,0.9998404340194671,1.049505005166896,-1.624594151175146,0.9962357029100912,0.9962357029100912,0.9923408329344183,0.9923408329344183,0.9923408329344183,0.9929773419901948,0.9923408329344183,0.9923408329344183,False,4.0,True,0.0,,,0.6888481137091511,True,"4,21",0.99,10.0,,
43,PSS-JMI,pair,False,4.0,-0.34052247283379167,0.9999276096713479,0.9997349940373659,1.0509172842567918,-4.132359644313013,0.9966700448820037,0.9966700448820037,0.9911223002517556,0.9911223002517556,0.9911223002517556,0.9911223002517556,0.9918621349928195,0.9911223002517556,False,4.0,True,0.0,,,0.6888481137091511,True,"4,22",0.99,10.0,,
43,PSS-JMI,pair,True,4.0,-0.08182032530265637,1.0,0.9998404340194671,1.0535523176334183,-4.24693871361974,0.9958737512668308,0.9956565802808744,0.9913873062143899,0.9913873062143899,0.9913873062143899,0.9913873062143899,0.9917025690122866,0.9913873062143899,False,4.0,True,0.0,,,0.6888481137091511,True,"4,23",0.99,10.0,,
43,PSS-JMI,pair,True,4.0,0.09159606387449903,1.0,1.0,1.0551590827566324,-1.2915846519119683,0.9958013609381786,0.9958013609381786,0.9917025690122866,0.9917025690122866,0.9917025690122866,0.9929773419901948,0.9917025690122866,0.9917025690122866,False,4.0,True,0.0,,,0.6888481137091511,False,"4,24",0.99,10.0,,
43,PSS-JMI,pair,True,3.0,-0.3032265417665223,1.0,1.0,1.0538011621083438,-1.5919844511932295,0.9971043868539163,0.9971043868539163,0.9937769267592149,0.9937769267592149,0.9937769267592149,0.9946998807473169,0.9937769267592149,0.9937769267592149,False,3.0,True,0.0,,,0.6888481137091511,True,"5,6",0.99,10.0,,
43,PSS-JMI,pair,False,4.0,-0.718878406733201,1.0,0.9998674970186829,1.0527995286428742,-2.71774358511663,0.9966700448820037,0.9966700448820037,0.9926599648954842,0.9926599648954842,0.9926599648954842,0.9937723598780973,0.9926599648954842,0.9926599648954842,False,4.0,True,0.0,,,0.6888481137091511,True,"5,7",0.99,10.0,,
43,PSS-JMI,pair,True,3.0,-0.20214075952345922,1.0,1.0,1.053022680179069,-1.2952018955470175,0.9970319965252642,0.9970319965252642,0.9932982288176161,0.9932982288176161,0.9932982288176161,0.994964886709951,0.9932982288176161,0.9932982288176161,False,3.0,True,0.0,,,0.6888481137091511,True,"5,8",0.99,10.0,,
43,PSS-JMI,pair,False,4.0,-0.9023080678463038,0.9997828290140437,0.9995213020584012,1.0635756093938744,-3.4074051933542853,0.9960185319241349,0.9960185319241349,0.9909047391096218,0.9907451731290888,0.9907451731290888,0.993374850934146,0.9907451731290888,0.9907451731290888,False,4.0,True,0.0,,,0.6888481137091511,True,"5,9",0.99,10.0,,
43,PSS-JMI,pair,True,3.0,-0.22702903876121838,1.0,1.0,1.0489722951851432,-1.8263271029910495,0.9972491675112205,0.9972491675112205,0.9929790968565502,0.9929790968565502,0.9929790968565502,0.9946998807473169,0.9929790968565502,0.9929790968565502,False,3.0,True,0.0,,,0.6888481137091511,True,"5,10",0.99,10.0,,
43,PSS-JMI,pair,True,3.0,-0.2962542317053749,1.0,0.9997349940373659,1.0450528542297595,-1.696196755640558,0.997611119154481,0.997611119154481,0.9944151906813468,0.9944151906813468,0.9944151906813468,0.9956274016165364,0.9944151906813468,0.9944151906813468,False,4.0,True,0.0,,,0.6888481137091511,True,"5,11",0.99,10.0,,
43,PSS-JMI,pair,True,3.0,-0.21696984362220184,1.0,1.0,1.0494682063496255,-1.937960872752754,0.9975387288258288,0.9974663384971768,0.9942556247008137,0.9940960587202808,0.9940960587202808,0.9957599045978535,0.9940960587202808,0.9940960587202808,False,3.0,True,0.0,,,0.6888481137091511,True,"5,12",0.99,10.0,,
43,PSS-JMI,pair,True,4.0,-0.8584872050410257,1.0,0.9998674970186829,1.0608977520399536,-3.0825794638080763,0.9961633125814391,0.9961633125814391,0.9913834370512207,0.9910643050901548,0.9910643050901548,0.993374850934146,0.9910643050901548,0.9910643050901548,False,4.0,True,0.0,,,0.6888481137091511,True,"5,13",0.99,10.0,,
43,PSS-JMI,pair,True,3.0,-0.15474858237686928,1.0,1.0,1.0491193340154232,-1.2398791267289748,0.9969596061966122,0.9969596061966122,0.9940960587202808,0.9940960587202808,0.9940960587202808,0.9948323837286339,0.9940960587202808,0.9940960587202808,False,3.0,True,0.0,,,0.6888481137091511,True,"5,14",0.99,10.0,,
43,PSS-JMI,pair,True,3.0,-0.7215125339254425,1.0,1.0,1.0505397482853067,-2.3740704976795275,0.9973215578398726,0.9972491675112205,0.9939364927397479,0.9937769267592149,0.9937769267592149,0.9956274016165364,0.9937769267592149,0.9937769267592149,False,3.0,True,0.0,,,0.6888481137091511,True,"5,15",0.99,10.0,,
43,PSS-JMI,pair,True,3.0,-0.144848311678617,1.0,1.0,1.0498606250251667,-1.2064920128370225,0.9975387288258288,0.9975387288258288,0.993617360778682,0.993617360778682,0.993617360778682,0.9948323837286339,0.993617360778682,0.993617360778682,False,3.0,True,0.0,,,0.6888481137091511,True,"5,16",0.99,10.0,,
43,PSS-JMI,pair,False,4.0,-0.9358458833504866,1.0,0.9997349940373659,1.05515727179471,-3.802180846213396,0.9966700448820037,0.9966700448820037,0.9923408329344183,0.9918621349928195,0.9918621349928195,0.9945673777659997,0.9918621349928195,0.9918621349928195,False,4.0,True,0.0,,,0.6888481137091511,True,"5,17",0.99,10.0,,
43,PSS-JMI,pair,True,3.0,-0.21346599909967434,1.0,1.0,1.0447904771878014,-1.4058141428985187,0.9972491675112205,0.9972491675112205,0.9932982288176161,0.9932982288176161,0.9932982288176161,0.994964886709951,0.9932982288176161,0.9932982288176161,False,3.0,True,0.0,,,0.6888481137091511,True,"5,18",0.99,10.0,,
43,PSS-JMI,pair,True,4.0,-0.21186872739226414,1.0,0.9998674970186829,1.0582796970320556,-1.7881105721516939,0.9960909222527871,0.9960909222527871,0.9918621349928195,0.9918621349928195,0.9918621349928195,0.9928448390088777,0.9918621349928195,0.9918621349928195,False,4.0,True,0.0,,,0.6888481137091511,True,"5,19",0.99,10.0,,
43,PSS-JMI,pair,True,4.0,-0.08419759045049657,1.0,0.9997349940373659,1.0618505611544964,-1.4218671266278389,0.9958013609381786,0.9958013609381786,0.9910643050901548,0.9910643050901548,0.9910643050901548,0.9919173181396581,0.9910643050901548,0.9910643050901548,False,4.0,True,0.0,,,0.6888481137091511,True,"5,20",0.99,10.0,,
43,PSS-JMI,pair,True,3.0,-0.3052055181614799,1.0,1.0,1.0440229252834259,-1.5007861963075986,0.9973215578398726,0.9973215578398726,0.9937769267592149,0.993617360778682,0.993617360778682,0.994964886709951,0.993617360778682,0.993617360778682,False,3.0,True,0.0,,,0.6888481137091511,True,"5,21",0.99,10.0,,
43,PSS-JMI,pair,False,3.0,-0.6279526885240951,1.0,1.0,1.0440161267185517,-3.9370987650822973,0.997611119154481,0.997611119154481,0.9942556247008137,0.9937769267592149,0.9937769267592149,0.9958924075791705,0.9937769267592149,0.9937769267592149,False,3.0,True,0.0,,,0.6888481137091511,True,"5,22",0.99,10.0,,
43,PSS-JMI,pair,True,3.0,-0.4759272307157394,1.0,1.0,1.048053837844657,-4.377227297346578,0.9971767771825684,0.9971767771825684,0.9931386628370832,0.9931386628370832,0.9931386628370832,0.9945673777659997,0.9931386628370832,0.9931386628370832,False,3.0,True,0.0,,,0.6888481137091511,True,"5,23",0.99,10.0,,
43,PSS-JMI,pair,True,4.0,-0.19503739246404939,1.0,0.9998404340194671,1.0596684509265133,-1.593086143050056,0.9955117996235703,0.9955117996235703,0.9910643050901548,0.9910643050901548,0.9910643050901548,0.991784815158341,0.9910643050901548,0.9910643050901548,False,4.0,True,0.0,,,0.6888481137091511,True,"5,24",0.99,10.0,,
43,PSS-JMI,pair,False,4.0,-0.1972063344608579,1.0,1.0,1.061860227659584,-1.3643639942792332,0.9953670189662661,0.9953670189662661,0.9905856071485559,0.9905856071485559,0.9905856071485559,0.9915198091957069,0.9905856071485559,0.9905856071485559,False,4.0,True,0.0,,,0.6888481137091511,True,"6,7",0.99,10.0,,
43,PSS-JMI,pair,True,4.0,0.13068376107736435,0.9999276096713479,0.9998404340194671,1.0562000498286508,-1.6451662131770726,0.9963080932387433,0.9960909222527871,0.9917025690122866,0.9915430030317536,0.9915430030317536,0.9929773419901948,0.9915430030317536,0.9915430030317536,False,4.0,True,0.0,,,0.6888481137091511,False,"6,8",0.99,10.0,,
43,PSS-JMI,pair,False,3.0,-0.4940660425167782,1.0,1.0,1.059050364677587,-1.8130092793314538,0.9970319965252642,0.9970319965252642,0.993457794798149,0.993457794798149,0.993457794798149,0.9953623956539022,0.993457794798149,0.993457794798149,False,3.0,True,0.0,,,0.6888481137091511,True,"6,9",0.99,10.0,,
43,PSS-JMI,pair,True,3.0,0.07644659722257674,1.0,1.0,1.0523322559460455,-1.6447188742393517,0.9969596061966122,0.9969596061966122,0.9939364927397479,0.9939364927397479,0.9939364927397479,0.9952298926725851,0.9939364927397479,0.9939364927397479,False,3.0,True,0.0,,,0.6888481137091511,False,"6,10",0.99,10.0,,
43,PSS-JMI,pair,True,3.0,0.09008163297722271,1.0,1.0,1.0523395075864568,-1.0236967824251948,0.9973215578398726,0.9973215578398726,0.9937769267592149,0.9937769267592149,0.9937769267592149,0.9952298926725851,0.9937769267592149,0.9937769267592149,False,3.0,True,0.0,,,0.6888481137091511,False,"6,11",0.99,10.0,,
43,PSS-JMI,pair,True,4.0,0.12177653024603519,1.0,0.9998404340194671,1.0620913069265885,-1.617052572696275,0.9958013609381786,0.9958013609381786,0.9909897972704386,0.9909897972704386,0.9909897972704386,0.9909897972704386,0.9912238710706878,0.9909897972704386,False,4.0,True,0.0,,,0.6888481137091511,False,"6,12",0.99,10.0,,
43,PSS-JMI,pair,True,3.0,-0.2599897028535081,1.0,1.0,1.0556869758556142,-1.5519785214305257,0.9971043868539163,0.9971043868539163,0.9944151906813468,0.9944151906813468,0.9944151906813468,0.995097389691268,0.9944151906813468,0.9944151906813468,False,3.0,True,0.0,,,0.6888481137091511,True,"6,13",0.99,10.0,,
43,PSS-JMI,pair,True,4.0,0.11728531954730892,1.0,0.9996024910560488,1.052641915291829,-1.4859110604251942,0.9961633125814391,0.9961633125814391,0.9913834370512207,0.9909047391096218,0.9909047391096218,0.9928448390088777,0.9909047391096218,0.9909047391096218,False,4.0,True,0.0,,,0.6888481137091511,False,"6,14",0.99,10.0,,
43,PSS-JMI,pair,True,3.0,-0.21310449458702707,1.0,1.0,1.0521841883096756,-1.3472442484719054,0.9972491675112205,0.9972491675112205,0.9945747566618797,0.9945747566618797,0.9945747566618797,0.9952298926725851,0.9945747566618797,0.9945747566618797,False,3.0,True,0.0,,,0.6888481137091511,True,"6,15",0.99,10.0,,
43,PSS-JMI,pair,True,4.0,0.12475784835100079,1.0,0.9996808680389341,1.0520554917476006,-1.4823017443759599,0.9965976545533517,0.9965976545533517,0.9907451731290888,0.9907451731290888,0.9907451731290888,0.9928448390088777,0.9907451731290888,0.9907451731290888,False,4.0,True,0.0,,,0.6888481137091511,False,"6,16",0.99,10.0,,
43,PSS-JMI,pair,False,4.0,-0.4212061118188122,1.0,1.0,1.0653671082050105,-2.4405864040168828,0.9955841899522224,0.9955841899522224,0.9901069092069571,0.9901069092069571,0.9901069092069571,0.9913873062143899,0.9901069092069571,0.9901069092069571,False,4.0,True,0.0,,,0.6888481137091511,True,"6,17",0.99,10.0,,
43,PSS-JMI,pair,True,4.0,0.08972196017716771,1.0,1.0,1.0560663969244626,-1.5682353953965373,0.9963080932387433,0.9963080932387433,0.9923408329344183,0.9923408329344183,0.9923408329344183,0.9929773419901948,0.9923408329344183,0.9923408329344183,False,4.0,True,0.0,,,0.6888481137091511,False,"6,18",0.99,10.0,,
43,PSS-JMI,pair,True,4.0,0.12535796231735996,1.0,0.9998404340194671,1.060629393197612,-1.0798785772204242,0.9950774576516578,0.9950774576516578,0.99026647518749,0.99026647518749,0.99026647518749,0.9911223002517556,0.99026647518749,0.99026647518749,False,4.0,True,0.0,,,0.6888481137091511,False,"6,19",0.99,10.0,,
43,PSS-JMI,pair,True,4.0,0.12804718705784213,1.0,1.0,1.0609428545366446,-1.1488990071657248,0.9956565802808744,0.9956565802808744,0.9905856071485559,0.9905856071485559,0.9905856071485559,0.9909897972704386,0.9905856071485559,0.9905856071485559,False,4.0,True,0.0,,,0.6888481137091511,False,"6,20",0.99,10.0,,
43,PSS-JMI,pair,True,4.0,0.08230687262351166,1.0,1.0,1.056445242797616,-1.1541993794329328,0.9957289706095266,0.9957289706095266,0.99026647518749,0.99026647518749,0.99026647518749,0.9921823241022923,0.99026647518749,0.99026647518749,False,4.0,True,0.0,,,0.6888481137091511,False,"6,21",0.99,10.0,,
43,PSS-JMI,pair,False,3.0,-0.2688278938452817,0.9999276096713479,0.9998404340194671,1.0456266641718643,-3.772219858375375,0.9973215578398726,0.9973215578398726,0.9942556247008137,0.9942556247008137,0.9942556247008137,0.9953623956539022,0.9942556247008137,0.9942556247008137,False,3.0,True,0.0,,,0.6888481137091511,True,"6,22",0.99,10.0,,
43,PSS-JMI,pair,True,3.0,-0.09297188280330682,1.0,1.0,1.0506196242770856,-3.983591234763523,0.9971767771825684,0.9971767771825684,0.9929790968565502,0.9929790968565502,0.9929790968565502,0.994964886709951,0.9929790968565502,0.9929790968565502,False,3.0,True,0.0,,,0.6888481137091511,True,"6,23",0.99,10.0,,
43,PSS-JMI,pair,True,3.0,0.09675427489255695,1.0,1.0,1.0515651282580143,-1.0230262428994643,0.9970319965252642,0.9970319965252642,0.9945747566618797,0.9945747566618797,0.9945747566618797,0.9954948986352193,0.9945747566618797,0.9945747566618797,False,3.0,True,0.0,,,0.6888481137091511,False,"6,24",0.99,10.0,,
43,PSS-JMI,pair,False,2.0,-0.16759259750212818,1.0,1.0,1.0428746943549443,-0.9457506345845261,0.9985521934269581,0.9985521934269581,0.9976065102920058,0.9976065102920058,0.9976065102920058,0.9980124552802438,0.9976065102920058,0.9976065102920058,False,3.0,True,0.0,,,0.6888481137091511,True,"7,8",0.99,10.0,,
43,PSS-JMI,pair,False,4.0,-0.9086372833019012,1.0,0.9997349940373659,1.0573240297879891,-3.187142340282543,0.9962357029100912,0.9962357029100912,0.9923408329344183,0.9923408329344183,0.9923408329344183,0.993374850934146,0.9923408329344183,0.9923408329344183,False,4.0,True,0.0,,,0.6888481137091511,True,"7,9",0.99,10.0,,
43,PSS-JMI,pair,False,2.0,-0.38816088957215067,1.0,1.0,1.034937883342305,-1.7119701497310804,0.9985521934269581,0.9985521934269581,0.9971278123504069,0.9971278123504069,0.9971278123504069,0.9978799522989267,0.9971278123504069,0.9971278123504069,False,3.0,True,0.0,,,0.6888481137091511,True,"7,10",0.99,10.0,,
43,PSS-JMI,pair,False,2.0,-0.40084783851825034,1.0,1.0,1.0341543318500175,-1.536987749850197,0.9989865353988707,0.9989865353988707,0.9969682463698739,0.9969682463698739,0.9969682463698739,0.9978799522989267,0.9969682463698739,0.9969682463698739,False,4.0,True,0.0,,,0.6888481137091511,True,"7,11",0.99,10.0,,
43,PSS-JMI,pair,False,4.0,-0.05900954803297154,0.9998552193426958,1.0,1.0618991833830362,-1.622915846425491,0.9960909222527871,0.9960909222527871,0.9920217009733525,0.9920217009733525,0.9920217009733525,0.9923148270836094,0.9920217009733525,0.9920217009733525,False,4.0,True,0.0,,,0.6888481137091511,True,"7,12",0.99,10.0,,
43,PSS-JMI,pair,False,4.0,-0.9214603868431106,0.9998552193426958,1.0,1.0590665917741702,-2.5615580903617396,0.9965976545533517,0.9965976545533517,0.993374850934146,0.993374850934146,0.993374850934146,0.993374850934146,0.993457794798149,0.993374850934146,False,4.0,True,0.0,,,0.6888481137091511,True,"7,13",0.99,10.0,,
43,PSS-JMI,pair,False,2.0,-0.21905817714154652,1.0,1.0,1.0392058981948569,-0.9942022825780521,0.9987693644129144,0.9987693644129144,0.9976065102920058,0.9976065102920058,0.9976065102920058,0.9977474493176096,0.9976065102920058,0.9976065102920058,False,3.0,True,0.0,,,0.6888481137091511,True,"7,14",0.99,10.0,,
43,PSS-JMI,pair,False,4.0,-0.5184539452419283,0.9998552193426958,1.0,1.0607801228347475,-1.8236808281961008,0.9960185319241349,0.9960185319241349,0.9913834370512207,0.9912238710706878,0.9912238710706878,0.9927123360275606,0.9912238710706878,0.9912238710706878,False,4.0,True,0.0,,,0.6888481137091511,True,"7,15",0.99,10.0,,
43,PSS-JMI,pair,False,2.0,-0.26555597225295513,1.0,1.0,1.0407468912920936,-1.0661145941048027,0.9986245837556103,0.9986245837556103,0.9972873783309398,0.9972873783309398,0.9972873783309398,0.9977474493176096,0.9972873783309398,0.9972873783309398,False,3.0,True,0.0,,,0.6888481137091511,True,"7,16",0.99,10.0,,
43,PSS-JMI,pair,False,4.0,-0.9712075980542476,0.9999276096713479,1.0,1.0615071693043994,-3.3037671356047817,0.9960185319241349,0.9960185319241349,0.9920217009733525,0.9920217009733525,0.9920217009733525,0.9935073539154631,0.9920217009733525,0.9920217009733525,False,4.0,True,0.0,,,0.6888481137091511,True,"7,17",0.99,10.0,,
43,PSS-JMI,pair,False,4.0,-0.08856721013420077,1.0,1.0,1.060536757559209,-1.0590897083920707,0.9949326769943535,0.9949326769943535,0.9905922883264874,0.9905922883264874,0.9905922883264874,0.9905922883264874,0.9907451731290888,0.9905922883264874,False,4.0,True,0.0,,,0.6888481137091511,True,"7,18",0.99,10.0,,
43,PSS-JMI,pair,False,2.0,-0.38812071764100997,1.0,1.0,1.034577888240555,-1.624257616380372,0.9989141450702186,0.9989141450702186,0.9974469443114727,0.9974469443114727,0.9974469443114727,0.9976149463362926,0.9974469443114727,0.9974469443114727,False,4.0,True,0.0,,,0.6888481137091511,True,"7,19",0.99,10.0,,
43,PSS-JMI,pair,False,2.0,-0.2696385002139787,1.0,1.0,1.0388242511372168,-1.1558730751898207,0.9989141450702186,0.9989141450702186,0.9976149463362926,0.9976149463362926,0.9976149463362926,0.9976149463362926,0.9979256422530717,0.9976149463362926,False,4.0,True,0.0,,,0.6888481137091511,True,"7,20",0.99,10.0,,
43,PSS-JMI,pair,False,2.0,-0.4735330183142945,1.0,1.0,1.033752293810201,-1.4167557465900857,0.9985521934269581,0.9985521934269581,0.9969524314297071,0.9969524314297071,0.9969524314297071,0.9969524314297071,0.9976065102920058,0.9969524314297071,False,4.0,True,0.0,,,0.6888481137091511,True,"7,21",0.99,10.0,,
43,PSS-JMI,pair,False,2.0,-0.5899376534582541,1.0,1.0,1.0368011114278202,-3.8146149297647116,0.9990589257275228,0.9990589257275228,0.9974469443114727,0.9974469443114727,0.9974469443114727,0.9976149463362926,0.9974469443114727,0.9974469443114727,False,4.0,True,0.0,,,0.6888481137091511,True,"7,22",0.99,10.0,,
43,PSS-JMI,pair,False,3.0,-0.3078717180495243,1.0,1.0,1.0515431036802587,-3.9432982053563403,0.9971767771825684,0.9971767771825684,0.9928195308760173,0.9928195308760173,0.9928195308760173,0.995097389691268,0.9928195308760173,0.9928195308760173,False,3.0,True,0.0,,,0.6888481137091511,True,"7,23",0.99,10.0,,
43,PSS-JMI,pair,False,4.0,-0.2079328833937104,1.0,1.0,1.060991766538901,-1.1869618500895767,0.9955841899522224,0.9955841899522224,0.9909047391096218,0.9909047391096218,0.9909047391096218,0.9921823241022923,0.9909047391096218,0.9909047391096218,False,4.0,True,0.0,,,0.6888481137091511,True,"7,24",0.99,10.0,,
43,PSS-JMI,pair,False,3.0,-0.29982733209760615,1.0,1.0,1.0584705657993785,-1.4265678717746169,0.9974663384971768,0.9974663384971768,0.9931386628370832,0.9931386628370832,0.9931386628370832,0.9946998807473169,0.9931386628370832,0.9931386628370832,False,3.0,True,0.0,,,0.6888481137091511,True,"8,9",0.99,10.0,,
43,PSS-JMI,pair,True,3.0,0.07651077910043291,1.0,1.0,1.052042918071769,-1.4139729355119426,0.9969596061966122,0.9969596061966122,0.9937769267592149,0.9937769267592149,0.9937769267592149,0.9948323837286339,0.9937769267592149,0.9937769267592149,False,3.0,True,0.0,,,0.6888481137091511,False,"8,10",0.99,10.0,,
43,PSS-JMI,pair,True,3.0,0.09543161049196203,1.0,1.0,1.0516579996153077,-0.8556363222025617,0.9973939481685247,0.9973939481685247,0.993617360778682,0.993617360778682,0.993617360778682,0.9943023718033656,0.993617360778682,0.993617360778682,False,3.0,True,0.0,,,0.6888481137091511,False,"8,11",0.99,10.0,,
43,PSS-JMI,pair,True,3.0,0.09257340762297317,1.0,1.0,1.0539954761148582,-1.2998816339393182,0.9971767771825684,0.9971767771825684,0.9929790968565502,0.9929790968565502,0.9929790968565502,0.9948323837286339,0.9929790968565502,0.9929790968565502,False,3.0,True,0.0,,,0.6888481137091511,False,"8,12",0.99,10.0,,
43,PSS-JMI,pair,True,3.0,-0.17758546391687258,1.0,1.0,1.0570322913765677,-1.2450070892701206,0.9970319965252642,0.9970319965252642,0.993617360778682,0.993617360778682,0.993617360778682,0.994964886709951,0.993617360778682,0.993617360778682,False,3.0,True,0.0,,,0.6888481137091511,True,"8,13",0.99,10.0,,
43,PSS-JMI,pair,True,4.0,0.12173403894443169,1.0,1.0,1.0552627247582271,-1.46708222512351,0.9960185319241349,0.9960185319241349,0.9923408329344183,0.9920217009733525,0.9920217009733525,0.9937723598780973,0.9920217009733525,0.9920217009733525,False,4.0,True,0.0,,,0.6888481137091511,False,"8,14",0.99,10.0,,
43,PSS-JMI,pair,True,2.0,-0.1252140087283684,1.0,1.0,1.0429276219190913,-1.0319039179080798,0.9985521934269581,0.9985521934269581,0.9971278123504069,0.9971278123504069,0.9971278123504069,0.9980124552802438,0.9971278123504069,0.9971278123504069,False,3.0,True,0.0,,,0.6888481137091511,True,"8,15",0.99,10.0,,
43,PSS-JMI,pair,True,4.0,0.10968645672011368,1.0,0.9998674970186829,1.0554284906705769,-1.3516102211041734,0.9959461415954829,0.9959461415954829,0.9917025690122866,0.9915430030317536,0.9915430030317536,0.9929773419901948,0.9915430030317536,0.9915430030317536,False,4.0,True,0.0,,,0.6888481137091511,False,"8,16",0.99,10.0,,
43,PSS-JMI,pair,False,2.0,-0.3782611482480336,1.0,1.0,1.0397366659280227,-1.7968108826120721,0.9989141450702186,0.9989141450702186,0.9976065102920058,0.9976065102920058,0.9976065102920058,0.9976149463362926,0.9976065102920058,0.9976065102920058,False,3.0,True,0.0,,,0.6888481137091511,True,"8,17",0.99,10.0,,
43,PSS-JMI,pair,True,4.0,0.11174181883596246,1.0,0.9997349940373659,1.0504212967456164,-1.4072703902834642,0.9963080932387433,0.9962357029100912,0.9925003989149513,0.9925003989149513,0.9925003989149513,0.993374850934146,0.9925003989149513,0.9925003989149513,False,4.0,True,0.0,,,0.6888481137091511,False,"8,18",0.99,10.0,,
43,PSS-JMI,pair,True,3.0,0.10195118740244469,1.0,1.0,1.0506201053981445,-0.8830365304872713,0.9974663384971768,0.9974663384971768,0.993617360778682,0.993617360778682,0.993617360778682,0.9939048628594144,0.993617360778682,0.993617360778682,False,3.0,True,0.0,,,0.6888481137091511,False,"8,19",0.99,10.0,,
43,PSS-JMI,pair,True,3.0,0.08691364754949038,1.0,1.0,1.0498023503527587,-0.928372012434268,0.99688721586796,0.99688721586796,0.9925003989149513,0.9925003989149513,0.9925003989149513,0.9941698688220485,0.9925003989149513,0.9925003989149513,False,3.0,True,0.0,,,0.6888481137091511,False,"8,20",0.99,10.0,,
43,PSS-JMI,pair,True,3.0,0.057197958775189406,1.0,1.0,1.0460578410079484,-0.9154707476568109,0.9973939481685247,0.9972491675112205,0.9942556247008137,0.9942556247008137,0.9942556247008137,0.9948323837286339,0.9942556247008137,0.9942556247008137,False,3.0,True,0.0,,,0.6888481137091511,False,"8,21",0.99,10.0,,
43,PSS-JMI,pair,False,3.0,-0.2041704049208377,1.0,1.0,1.0484435319454162,-3.4934793989971222,0.9973215578398726,0.9973215578398726,0.9921812669538854,0.9921812669538854,0.9921812669538854,0.994964886709951,0.9921812669538854,0.9921812669538854,False,3.0,True,0.0,,,0.6888481137091511,True,"8,22",0.99,10.0,,
43,PSS-JMI,pair,True,4.0,-0.037642146705433976,1.0,0.9996808680389341,1.0615921374514552,-3.7862770527806,0.9946431156797452,0.9946431156797452,0.99026647518749,0.99026647518749,0.99026647518749,0.9909897972704386,0.99026647518749,0.99026647518749,False,4.0,True,0.0,,,0.6888481137091511,True,"8,23",0.99,10.0,,
43,PSS-JMI,pair,True,3.0,0.09477695445780443,1.0,1.0,1.0486122108128315,-0.9322863947088458,0.9973939481685247,0.9973939481685247,0.9942556247008137,0.9940960587202808,0.9940960587202808,0.9948323837286339,0.9940960587202808,0.9940960587202808,False,3.0,True,0.0,,,0.6888481137091511,False,"8,24",0.99,10.0,,
43,PSS-JMI,pair,False,3.0,-0.4988530965212219,1.0,1.0,1.055885468322067,-2.1553325412317115,0.9973215578398726,0.9973215578398726,0.9926599648954842,0.9926599648954842,0.9926599648954842,0.9946998807473169,0.9926599648954842,0.9926599648954842,False,3.0,True,0.0,,,0.6888481137091511,True,"9,10",0.99,10.0,,
43,PSS-JMI,pair,False,4.0,-0.33657228204407974,1.0,0.9998404340194671,1.0652278324008542,-1.8479639962568852,0.9955117996235703,0.9955117996235703,0.9907451731290888,0.9907451731290888,0.9907451731290888,0.9912548032330727,0.9907451731290888,0.9907451731290888,False,4.0,True,0.0,,,0.6888481137091511,True,"9,11",0.99,10.0,,
43,PSS-JMI,pair,False,3.0,-0.24936761701430266,0.9998552193426958,0.9998404340194671,1.0532772779138522,-1.9600680831419577,0.9972491675112205,0.9972491675112205,0.9939364927397479,0.9939364927397479,0.9939364927397479,0.994964886709951,0.9939364927397479,0.9939364927397479,False,3.0,True,0.0,,,0.6888481137091511,True,"9,12",0.99,10.0,,
43,PSS-JMI,pair,False,4.0,-0.9777980095024303,1.0,0.9998674970186829,1.0632700578151775,-3.4053377250266577,0.9959461415954829,0.9959461415954829,0.9918621349928195,0.9918621349928195,0.9918621349928195,0.9927123360275606,0.9918621349928195,0.9918621349928195,False,4.0,True,0.0,,,0.6888481137091511,True,"9,13",0.99,10.0,,
43,PSS-JMI,pair,False,3.0,-0.31915323265310014,1.0,1.0,1.0552977811987376,-1.3821016955206276,0.9971767771825684,0.9971767771825684,0.993457794798149,0.993457794798149,0.993457794798149,0.9943023718033656,0.993457794798149,0.993457794798149,False,3.0,True,0.0,,,0.6888481137091511,True,"9,14",0.99,10.0,,
43,PSS-JMI,pair,False,3.0,-0.8623706967341991,1.0,1.0,1.050420602455025,-2.672374829959296,0.997683509483133,0.997683509483133,0.9948938886229456,0.9948938886229456,0.9948938886229456,0.9957599045978535,0.9948938886229456,0.9948938886229456,False,3.0,True,0.0,,,0.6888481137091511,True,"9,15",0.99,10.0,,
43,PSS-JMI,pair,False,3.0,-0.31823183927311915,1.0,1.0,1.0543228864387588,-1.346899543323121,0.9973939481685247,0.9973939481685247,0.9931386628370832,0.9931386628370832,0.9931386628370832,0.9943023718033656,0.9931386628370832,0.9931386628370832,False,3.0,True,0.0,,,0.6888481137091511,True,"9,16",0.99,10.0,,
43,PSS-JMI,pair,False,4.0,-1.1721920501269087,1.0,0.9996024910560488,1.0606653476489696,-4.3451253683612965,0.9960909222527871,0.9960909222527871,0.9918621349928195,0.9918621349928195,0.9918621349928195,0.993374850934146,0.9918621349928195,0.9918621349928195,False,4.0,True,0.0,,,0.6888481137091511,True,"9,17",0.99,10.0,,
43,PSS-JMI,pair,False,3.0,-0.4675686028957937,1.0,1.0,1.0490997897434606,-1.6385226367991934,0.9971043868539163,0.9971043868539163,0.9923408329344183,0.9923408329344183,0.9923408329344183,0.9945673777659997,0.9923408329344183,0.9923408329344183,False,3.0,True,0.0,,,0.6888481137091511,True,"9,18",0.99,10.0,,
43,PSS-JMI,pair,False,3.0,-0.36537698489049353,1.0,0.9998404340194671,1.0524478514385813,-1.7583069349780909,0.9973215578398726,0.9973215578398726,0.9947343226424127,0.9947343226424127,0.9947343226424127,0.994964886709951,0.9947343226424127,0.9947343226424127,False,3.0,True,0.0,,,0.6888481137091511,True,"9,19",0.99,10.0,,
43,PSS-JMI,pair,False,4.0,-0.2615030022465674,1.0,1.0,1.0689011947264626,-1.7067168282858967,0.9959461415954829,0.9959461415954829,0.9905856071485559,0.9905856071485559,0.9905856071485559,0.9925798330462435,0.9905856071485559,0.9905856071485559,False,4.0,True,0.0,,,0.6888481137091511,True,"9,20",0.99,10.0,,
43,PSS-JMI,pair,False,3.0,-0.40631335283139913,1.0,1.0,1.0490526122168335,-1.578870463455485,0.99688721586796,0.99688721586796,0.9928195308760173,0.9928195308760173,0.9928195308760173,0.9946998807473169,0.9928195308760173,0.9928195308760173,False,3.0,True,0.0,,,0.6888481137091511,True,"9,21",0.99,10.0,,
43,PSS-JMI,pair,False,3.0,-0.7180244428088081,1.0,0.9998674970186829,1.0489783930847258,-4.085152083878668,0.9973939481685247,0.9973939481685247,0.993457794798149,0.993457794798149,0.993457794798149,0.9954948986352193,0.993457794798149,0.993457794798149,False,3.0,True,0.0,,,0.6888481137091511,True,"9,22",0.99,10.0,,
43,PSS-JMI,pair,False,3.0,-0.6603286902657546,1.0,1.0,1.050997484225939,-4.592021126658518,0.9972491675112205,0.9972491675112205,0.993617360778682,0.993617360778682,0.993617360778682,0.9948323837286339,0.993617360778682,0.993617360778682,False,3.0,True,0.0,,,0.6888481137091511,True,"9,23",0.99,10.0,,
43,PSS-JMI,pair,False,3.0,-0.5121899539903167,1.0,1.0,1.0556663209648671,-1.7256623745372075,0.9973939481685247,0.9972491675112205,0.9939364927397479,0.993617360778682,0.993617360778682,0.9956274016165364,0.993617360778682,0.993617360778682,False,3.0,True,0.0,,,0.6888481137091511,True,"9,24",0.99,10.0,,
43,PSS-JMI,pair,True,3.0,0.08498519596670873,1.0,1.0,1.0466278831001272,-1.2864881406929671,0.99688721586796,0.99688721586796,0.9925003989149513,0.9925003989149513,0.9925003989149513,0.9946998807473169,0.9925003989149513,0.9925003989149513,False,3.0,True,0.0,,,0.6888481137091511,False,"10,11",0.99,10.0,,
43,PSS-JMI,pair,True,3.0,0.08883669281656603,1.0,1.0,1.0492673452729964,-1.695862065802591,0.9967424352106559,0.9967424352106559,0.9939364927397479,0.9939364927397479,0.9939364927397479,0.994964886709951,0.9939364927397479,0.9939364927397479,False,3.0,True,0.0,,,0.6888481137091511,False,"10,12",0.99,10.0,,
43,PSS-JMI,pair,True,2.0,-0.307769892846784,1.0,1.0,1.0386790410687556,-1.6409533027640488,0.9986245837556103,0.9986245837556103,0.996649114408808,0.996649114408808,0.996649114408808,0.9973499403736584,0.996649114408808,0.996649114408808,False,3.0,True,0.0,,,0.6888481137091511,True,"10,13",0.99,10.0,,
43,PSS-JMI,pair,True,3.0,0.08479652955092742,1.0,0.9998674970186829,1.0476465472448575,-1.3795932103476907,0.9973939481685247,0.9973939481685247,0.993457794798149,0.993457794798149,0.993457794798149,0.9948323837286339,0.993457794798149,0.993457794798149,False,3.0,True,0.0,,,0.6888481137091511,False,"10,14",0.99,10.0,,
43,PSS-JMI,pair,True,2.0,-0.29193134286098865,1.0,1.0,1.0362494950102563,-1.5645204894554965,0.9985521934269581,0.9985521934269581,0.9964895484282751,0.9964895484282751,0.9964895484282751,0.9974824433549755,0.9964895484282751,0.9964895484282751,False,3.0,True,0.0,,,0.6888481137091511,True,"10,15",0.99,10.0,,
43,PSS-JMI,pair,True,3.0,0.09001494519193765,1.0,1.0,1.0485046117887071,-1.4183652694945317,0.9971767771825684,0.9971767771825684,0.9929790968565502,0.9929790968565502,0.9929790968565502,0.994964886709951,0.9929790968565502,0.9929790968565502,False,3.0,True,0.0,,,0.6888481137091511,False,"10,16",0.99,10.0,,
43,PSS-JMI,pair,False,3.0,-0.42898578506624885,1.0,1.0,1.0538371540896412,-2.2779863399249227,0.9970319965252642,0.9970319965252642,0.9931386628370832,0.9931386628370832,0.9931386628370832,0.9952298926725851,0.9931386628370832,0.9931386628370832,False,3.0,True,0.0,,,0.6888481137091511,True,"10,17",0.99,10.0,,
43,PSS-JMI,pair,True,3.0,0.0793830518366836,1.0,1.0,1.0457132746098077,-1.4657942983989025,0.997611119154481,0.997611119154481,0.9932982288176161,0.9932982288176161,0.9932982288176161,0.9953623956539022,0.9932982288176161,0.9932982288176161,False,3.0,True,0.0,,,0.6888481137091511,False,"10,18",0.99,10.0,,
43,PSS-JMI,pair,True,3.0,0.09223173947858765,1.0,1.0,1.048171824683411,-1.3162970982899695,0.9969596061966122,0.9969596061966122,0.9931386628370832,0.9931386628370832,0.9931386628370832,0.9948323837286339,0.9931386628370832,0.9931386628370832,False,3.0,True,0.0,,,0.6888481137091511,False,"10,19",0.99,10.0,,
43,PSS-JMI,pair,True,3.0,0.07112891698545076,1.0,1.0,1.0487434949336227,-1.322921669122247,0.996814825539308,0.996814825539308,0.9929790968565502,0.9929790968565502,0.9929790968565502,0.9952298926725851,0.9929790968565502,0.9929790968565502,False,3.0,True,0.0,,,0.6888481137091511,False,"10,20",0.99,10.0,,
43,PSS-JMI,pair,True,2.0,0.01327630837296856,1.0,1.0,1.0287935611975438,-1.3982914068156915,0.9983350224410019,0.9983350224410019,0.996649114408808,0.996649114408808,0.996649114408808,0.9969524314297071,0.996649114408808,0.996649114408808,False,3.0,True,0.0,,,0.6888481137091511,False,"10,21",0.99,10.0,,
43,PSS-JMI,pair,False,2.0,-0.3817738602541123,1.0,1.0,1.0353095941972221,-4.10610016210183,0.9988417547415666,0.9988417547415666,0.996649114408808,0.996649114408808,0.996649114408808,0.9976149463362926,0.996649114408808,0.996649114408808,False,3.0,True,0.0,,,0.6888481137091511,True,"10,22",0.99,10.0,,
43,PSS-JMI,pair,True,2.0,-0.09580014745732868,1.0,1.0,1.0376078678307885,-4.315843075662833,0.9986245837556103,0.9986245837556103,0.9963299824477422,0.9963299824477422,0.9963299824477422,0.9969524314297071,0.9963299824477422,0.9963299824477422,False,3.0,True,0.0,,,0.6888481137091511,True,"10,23",0.99,10.0,,
43,PSS-JMI,pair,True,3.0,0.06775632412528476,1.0,1.0,1.0497066074772983,-1.2353433491530281,0.9973215578398726,0.9973215578398726,0.9937769267592149,0.9937769267592149,0.9937769267592149,0.994964886709951,0.9937769267592149,0.9937769267592149,False,3.0,True,0.0,,,0.6888481137091511,False,"10,24",0.99,10.0,,
43,PSS-JMI,pair,True,4.0,0.08500908571284405,1.0,1.0,1.0590776190346727,-1.5856969584596954,0.9962357029100912,0.9962357029100912,0.9915430030317536,0.9915430030317536,0.9915430030317536,0.993242347952829,0.9915430030317536,0.9915430030317536,False,4.0,True,0.0,,,0.6888481137091511,False,"11,12",0.99,10.0,,
43,PSS-JMI,pair,True,4.0,-0.1577416646372911,1.0,1.0,1.0619176904146725,-1.4363758525756578,0.9955841899522224,0.9953670189662661,0.9913834370512207,0.9913834370512207,0.9913834370512207,0.9923148270836094,0.9913834370512207,0.9913834370512207,False,4.0,True,0.0,,,0.6888481137091511,True,"11,13",0.99,10.0,,
43,PSS-JMI,pair,True,4.0,0.11613150187171006,1.0,0.9998404340194671,1.058321600687777,-0.8625447774730023,0.9956565802808744,0.9956565802808744,0.9912238710706878,0.9912238710706878,0.9912238710706878,0.991652312177024,0.9912238710706878,0.9912238710706878,False,4.0,True,0.0,,,0.6888481137091511,False,"11,14",0.99,10.0,,
43,PSS-JMI,pair,True,2.0,-0.20965232274881673,1.0,1.0,1.0359598356378732,-1.1504505208051277,0.9988417547415666,0.9988417547415666,0.9971278123504069,0.9971278123504069,0.9971278123504069,0.9980124552802438,0.9971278123504069,0.9971278123504069,False,4.0,True,0.0,,,0.6888481137091511,True,"11,15",0.99,10.0,,
43,PSS-JMI,pair,True,4.0,0.11803311245115133,1.0,1.0,1.0570936645840556,-0.8579645201690622,0.9951498479803098,0.9951498479803098,0.99026647518749,0.99026647518749,0.99026647518749,0.9923148270836094,0.99026647518749,0.99026647518749,False,4.0,True,0.0,,,0.6888481137091511,False,"11,16",0.99,10.0,,
43,PSS-JMI,pair,False,4.0,-0.4654131916865545,1.0,1.0,1.0618435479160988,-2.194003591044083,0.9955841899522224,0.9955841899522224,0.9907451731290888,0.9907451731290888,0.9907451731290888,0.9919173181396581,0.9907451731290888,0.9907451731290888,False,4.0,True,0.0,,,0.6888481137091511,True,"11,17",0.99,10.0,,
43,PSS-JMI,pair,True,3.0,0.11035262964505343,1.0,1.0,1.0444404279732444,-0.9043542591663636,0.9973215578398726,0.9973215578398726,0.9923408329344183,0.9923408329344183,0.9923408329344183,0.9952298926725851,0.9923408329344183,0.9923408329344183,False,3.0,True,0.0,,,0.6888481137091511,False,"11,18",0.99,10.0,,
43,PSS-JMI,pair,True,5.0,0.07818413954739589,1.0,1.0,1.0538266146688156,-1.9351419010772886,0.9962357029100912,0.9962357029100912,0.9905856071485559,0.9905856071485559,0.9905856071485559,0.9928448390088777,0.9905856071485559,0.9905856071485559,False,5.0,True,0.0,,,0.6888481137091511,False,"11,19",0.99,10.0,,
43,PSS-JMI,pair,True,4.0,0.10094200786459584,1.0,1.0,1.0583914908536314,-0.9647183168396174,0.9954394092949183,0.9954394092949183,0.9909047391096218,0.9909047391096218,0.9909047391096218,0.9923148270836094,0.9909047391096218,0.9909047391096218,False,4.0,True,0.0,,,0.6888481137091511,False,"11,20",0.99,10.0,,
43,PSS-JMI,pair,True,4.0,0.02124028382575993,1.0,1.0,1.0551151721524794,-1.112683582937918,0.9954394092949183,0.9954394092949183,0.9905856071485559,0.9905856071485559,0.9905856071485559,0.9915198091957069,0.9905856071485559,0.9905856071485559,False,4.0,True,0.0,,,0.6888481137091511,False,"11,21",0.99,10.0,,
43,PSS-JMI,pair,False,4.0,-0.2464114916472222,1.0,1.0,1.058364000548372,-3.69112844427501,0.9956565802808744,0.9955841899522224,0.99026647518749,0.99026647518749,0.99026647518749,0.9909897972704386,0.99026647518749,0.99026647518749,False,4.0,True,0.0,,,0.6888481137091511,True,"11,22",0.99,10.0,,
43,PSS-JMI,pair,True,3.0,-0.07348400846698544,1.0,1.0,1.0455171014890583,-3.86037740968901,0.9972491675112205,0.9972491675112205,0.9926599648954842,0.9926599648954842,0.9926599648954842,0.995097389691268,0.9926599648954842,0.9926599648954842,False,3.0,True,0.0,,,0.6888481137091511,True,"11,23",0.99,10.0,,
43,PSS-JMI,pair,True,4.0,0.09563994827963218,1.0,1.0,1.0566430350596663,-1.2458554173834258,0.9962357029100912,0.9962357029100912,0.9912238710706878,0.9912238710706878,0.9912238710706878,0.9931098449715119,0.9912238710706878,0.9912238710706878,False,4.0,True,0.0,,,0.6888481137091511,False,"11,24",0.99,10.0,,
43,PSS-JMI,pair,True,4.0,-0.16170213193990612,1.0,1.0,1.0613182409577535,-2.0208050578996724,0.9958013609381786,0.9958013609381786,0.9907451731290888,0.9907451731290888,0.9907451731290888,0.991784815158341,0.9907451731290888,0.9907451731290888,False,4.0,True,0.0,,,0.6888481137091511,True,"12,13",0.99,10.0,,
43,PSS-JMI,pair,True,3.0,0.08750252606975173,1.0,1.0,1.0516552475623269,-1.2730023661380412,0.9973939481685247,0.9973939481685247,0.9942556247008137,0.9942556247008137,0.9942556247008137,0.9945673777659997,0.9942556247008137,0.9942556247008137,False,3.0,True,0.0,,,0.6888481137091511,False,"12,14",0.99,10.0,,
43,PSS-JMI,pair,True,4.0,-0.020081678106778522,1.0,1.0,1.0624444406374067,-1.547871658750186,0.9954394092949183,0.9954394092949183,0.9907451731290888,0.9907451731290888,0.9907451731290888,0.9925798330462435,0.9907451731290888,0.9907451731290888,False,4.0,True,0.0,,,0.6888481137091511,True,"12,15",0.99,10.0,,
43,PSS-JMI,pair,True,3.0,0.08971346231177235,1.0,1.0,1.0514654956052658,-1.2968152790500926,0.9971767771825684,0.9971767771825684,0.9937769267592149,0.9937769267592149,0.9937769267592149,0.9946998807473169,0.9937769267592149,0.9937769267592149,False,3.0,True,0.0,,,0.6888481137091511,False,"12,16",0.99,10.0,,
43,PSS-JMI,pair,False,4.0,-0.45695535148571853,1.0,1.0,1.0622989112757302,-2.7242228453965587,0.9956565802808744,0.9956565802808744,0.9913834370512207,0.9913834370512207,0.9913834370512207,0.9919173181396581,0.9913834370512207,0.9913834370512207,False,4.0,True,0.0,,,0.6888481137091511,True,"12,17",0.99,10.0,,
43,PSS-JMI,pair,True,3.0,0.09014002843130209,1.0,1.0,1.0475089192426699,-1.3156586551960552,0.9971767771825684,0.9971767771825684,0.9931386628370832,0.9931386628370832,0.9931386628370832,0.994964886709951,0.9931386628370832,0.9931386628370832,False,3.0,True,0.0,,,0.6888481137091511,False,"12,18",0.99,10.0,,
43,PSS-JMI,pair,True,4.0,0.08885527273884675,1.0,0.9997349940373659,1.0597659733591864,-1.5759919837073681,0.9963080932387433,0.9963080932387433,0.9907451731290888,0.9907451731290888,0.9907451731290888,0.993374850934146,0.9907451731290888,0.9907451731290888,False,4.0,True,0.0,,,0.6888481137091511,False,"12,19",0.99,10.0,,
43,PSS-JMI,pair,True,4.0,0.09672248980292686,0.9998552193426958,0.9996808680389341,1.0647413598101045,-1.3852157981396755,0.9955117996235703,0.9955117996235703,0.99026647518749,0.99026647518749,0.99026647518749,0.9913873062143899,0.99026647518749,0.99026647518749,False,4.0,True,0.0,,,0.6888481137091511,False,"12,20",0.99,10.0,,
43,PSS-JMI,pair,True,4.0,0.024738106586091435,1.0,1.0,1.0544875745127271,-1.6675104339622628,0.9955117996235703,0.9955117996235703,0.9901069092069571,0.9901069092069571,0.9901069092069571,0.9924473300649265,0.9901069092069571,0.9901069092069571,False,4.0,True,0.0,,,0.6888481137091511,False,"12,21",0.99,10.0,,
43,PSS-JMI,pair,False,1.0,-0.4001206008345495,1.0,1.0,1.025143399002359,-3.8350737459761013,0.9997104386853917,0.9997104386853917,0.9993617360778682,0.9993617360778682,0.9993617360778682,0.9994699880747316,0.9993617360778682,0.9993617360778682,False,3.0,True,0.0,,,0.6888481137091511,True,"12,22",0.99,10.0,,
43,PSS-JMI,pair,True,4.0,-0.0522454237987402,1.0,0.9998404340194671,1.0639387644741123,-4.233318647585042,0.9947878963370493,0.9947878963370493,0.99026647518749,0.99026647518749,0.99026647518749,0.991652312177024,0.99026647518749,0.99026647518749,False,4.0,True,0.0,,,0.6888481137091511,True,"12,23",0.99,10.0,,
43,PSS-JMI,pair,True,3.0,0.07421840880796671,1.0,1.0,1.054674629709163,-1.183383582174384,0.9972491675112205,0.9972491675112205,0.9942556247008137,0.9942556247008137,0.9942556247008137,0.9946998807473169,0.9942556247008137,0.9942556247008137,False,3.0,True,0.0,,,0.6888481137091511,False,"12,24",0.99,10.0,,
43,PSS-JMI,pair,True,3.0,-0.20465808204719838,1.0,1.0,1.052338853631252,-1.2084462425677531,0.9973215578398726,0.9973215578398726,0.9946998807473169,0.9946998807473169,0.9946998807473169,0.9946998807473169,0.9947343226424127,0.9946998807473169,False,3.0,True,0.0,,,0.6888481137091511,True,"13,14",0.99,10.0,,
43,PSS-JMI,pair,True,5.0,-0.7330156354269053,1.0,0.9998674970186829,1.0701899875986078,-2.7259579338864404,0.9951498479803098,0.9951498479803098,0.9905856071485559,0.9905856071485559,0.9905856071485559,0.9915198091957069,0.9905856071485559,0.9905856071485559,False,5.0,True,0.0,,,0.6888481137091511,True,"13,15",0.99,10.0,,
43,PSS-JMI,pair,True,2.0,-0.28945590260656484,1.0,1.0,1.0397871240015304,-1.179206908389361,0.9985521934269581,0.9985521934269581,0.9971278123504069,0.9971278123504069,0.9971278123504069,0.9977474493176096,0.9971278123504069,0.9971278123504069,False,3.0,True,0.0,,,0.6888481137091511,True,"13,16",0.99,10.0,,
43,PSS-JMI,pair,False,4.0,-1.1602029254805895,1.0,1.0,1.0565755922292137,-4.2039078659657765,0.996814825539308,0.996814825539308,0.9929790968565502,0.9929790968565502,0.9929790968565502,0.9940373658407314,0.9929790968565502,0.9929790968565502,False,5.0,True,0.0,,,0.6888481137091511,True,"13,17",0.99,10.0,,
43,PSS-JMI,pair,True,3.0,-0.24125803970955673,1.0,1.0,1.0496328982987022,-1.267724549803118,0.9971767771825684,0.9971767771825684,0.9931386628370832,0.9931386628370832,0.9931386628370832,0.9956274016165364,0.9931386628370832,0.9931386628370832,False,3.0,True,0.0,,,0.6888481137091511,True,"13,18",0.99,10.0,,
43,PSS-JMI,pair,True,4.0,-0.186926977247849,1.0,1.0,1.0625693212423566,-1.530410257711312,0.9961633125814391,0.9961633125814391,0.9918621349928195,0.9917025690122866,0.9917025690122866,0.9931098449715119,0.9917025690122866,0.9917025690122866,False,4.0,True,0.0,,,0.6888481137091511,True,"13,19",0.99,10.0,,
43,PSS-JMI,pair,True,4.0,-0.16709705469602,1.0,1.0,1.0651386659929019,-1.3561921203400378,0.9954394092949183,0.9954394092949183,0.99026647518749,0.99026647518749,0.99026647518749,0.991784815158341,0.99026647518749,0.99026647518749,False,4.0,True,0.0,,,0.6888481137091511,True,"13,20",0.99,10.0,,
43,PSS-JMI,pair,True,2.0,-0.3976110173846097,1.0,1.0,1.034287191366182,-1.4447216381342916,0.9986245837556103,0.9986245837556103,0.9974469443114727,0.9974469443114727,0.9974469443114727,0.9976149463362926,0.9974469443114727,0.9974469443114727,False,3.0,True,0.0,,,0.6888481137091511,True,"13,21",0.99,10.0,,
43,PSS-JMI,pair,False,2.0,-0.6002698303424951,1.0,1.0,1.0413645077095828,-3.8140069853180885,0.9986969740842624,0.9986969740842624,0.9972873783309398,0.9972873783309398,0.9972873783309398,0.9977474493176096,0.9972873783309398,0.9972873783309398,False,3.0,True,0.0,,,0.6888481137091511,True,"13,22",0.99,10.0,,
43,PSS-JMI,pair,True,3.0,-0.4162562161457304,1.0,1.0,1.052314905173086,-4.109012739278846,0.9973215578398726,0.9973215578398726,0.9929790968565502,0.9929790968565502,0.9929790968565502,0.9954948986352193,0.9929790968565502,0.9929790968565502,False,3.0,True,0.0,,,0.6888481137091511,True,"13,23",0.99,10.0,,
43,PSS-JMI,pair,True,4.0,-0.22064158657088107,1.0,1.0,1.0651352010281032,-1.41329933106138,0.9958737512668308,0.9958737512668308,0.990426041168023,0.990426041168023,0.990426041168023,0.9920498211209752,0.990426041168023,0.990426041168023,False,4.0,True,0.0,,,0.6888481137091511,True,"13,24",0.99,10.0,,
43,PSS-JMI,pair,True,2.0,-0.1641991937517444,1.0,1.0,1.0375670390940464,-0.9994724504333995,0.9986969740842624,0.9986969740842624,0.996808680389341,0.996808680389341,0.996808680389341,0.9976149463362926,0.996808680389341,0.996808680389341,False,3.0,True,0.0,,,0.6888481137091511,True,"14,15",0.99,10.0,,
43,PSS-JMI,pair,True,5.0,0.1247327797927591,0.9999276096713479,0.9998674970186829,1.0580375184350084,-1.4733203134674615,0.995294628637614,0.995294628637614,0.9909897972704386,0.9909047391096218,0.9909047391096218,0.9909897972704386,0.9909047391096218,0.9909047391096218,False,5.0,True,0.0,,,0.6888481137091511,False,"14,16",0.99,10.0,,
43,PSS-JMI,pair,False,3.0,-0.31882042870752203,1.0,1.0,1.0522520272392306,-1.7665945871464068,0.9970319965252642,0.9970319965252642,0.9940960587202808,0.9940960587202808,0.9940960587202808,0.9946998807473169,0.9940960587202808,0.9940960587202808,False,3.0,True,0.0,,,0.6888481137091511,True,"14,17",0.99,10.0,,
43,PSS-JMI,pair,True,4.0,0.0938029920035679,1.0,1.0,1.0511770346769005,-1.4052880259307148,0.9965976545533517,0.9964528738960475,0.9923408329344183,0.9921812669538854,0.9921812669538854,0.9931098449715119,0.9921812669538854,0.9921812669538854,False,4.0,True,0.0,,,0.6888481137091511,False,"14,18",0.99,10.0,,
43,PSS-JMI,pair,True,4.0,0.11429007855993034,1.0,1.0,1.0602393496935036,-0.8996341817746462,0.9955117996235703,0.9955117996235703,0.9912238710706878,0.9912238710706878,0.9912238710706878,0.9915198091957069,0.9912238710706878,0.9912238710706878,False,4.0,True,0.0,,,0.6888481137091511,False,"14,19",0.99,10.0,,
43,PSS-JMI,pair,True,3.0,0.08873929626640598,1.0,1.0,1.0475953207699706,-0.9000772566580194,0.9971767771825684,0.9971767771825684,0.9940960587202808,0.9940960587202808,0.9940960587202808,0.9946998807473169,0.9940960587202808,0.9940960587202808,False,3.0,True,0.0,,,0.6888481137091511,False,"14,20",0.99,10.0,,
43,PSS-JMI,pair,True,4.0,0.08785610259089327,1.0,1.0,1.0577048167683645,-0.9360968848391895,0.9956565802808744,0.9956565802808744,0.9907451731290888,0.9907451731290888,0.9907451731290888,0.9913873062143899,0.9907451731290888,0.9907451731290888,False,4.0,True,0.0,,,0.6888481137091511,False,"14,21",0.99,10.0,,
43,PSS-JMI,pair,False,4.0,-0.23630983207498168,1.0,1.0,1.055442034898236,-3.5416862741786344,0.9961633125814391,0.9961633125814391,0.9901069092069571,0.9901069092069571,0.9901069092069571,0.9912548032330727,0.9901069092069571,0.9901069092069571,False,4.0,True,0.0,,,0.6888481137091511,True,"14,22",0.99,10.0,,
43,PSS-JMI,pair,True,4.0,-0.01572352551643119,1.0,0.9996808680389341,1.064135725337734,-3.774530304969715,0.9950050673230056,0.9950050673230056,0.99026647518749,0.99026647518749,0.99026647518749,0.9912548032330727,0.99026647518749,0.99026647518749,False,4.0,True,0.0,,,0.6888481137091511,True,"14,23",0.99,10.0,,
43,PSS-JMI,pair,True,4.0,0.10578871560077863,1.0,1.0,1.0611701737272647,-1.010259638011305,0.9955117996235703,0.9955117996235703,0.9911223002517556,0.9911223002517556,0.9911223002517556,0.9911223002517556,0.9913834370512207,0.9911223002517556,False,4.0,True,0.0,,,0.6888481137091511,False,"14,24",0.99,10.0,,
43,PSS-JMI,pair,True,2.0,-0.18483022872841115,1.0,1.0,1.0375388125476457,-1.0550165765312962,0.9984798030983061,0.9984798030983061,0.996649114408808,0.996649114408808,0.996649114408808,0.9977474493176096,0.996649114408808,0.996649114408808,False,3.0,True,0.0,,,0.6888481137091511,True,"15,16",0.99,10.0,,
43,PSS-JMI,pair,False,4.0,-0.82653334585412,1.0,0.9998674970186829,1.0608109687522032,-3.1424628249771547,0.9957289706095266,0.9957289706095266,0.990426041168023,0.990426041168023,0.990426041168023,0.9929773419901948,0.990426041168023,0.990426041168023,False,4.0,True,0.0,,,0.6888481137091511,True,"15,17",0.99,10.0,,
43,PSS-JMI,pair,True,3.0,-0.1365911638514381,1.0,1.0,1.044497279916865,-1.1194303170908468,0.9972491675112205,0.9972491675112205,0.9929790968565502,0.9929790968565502,0.9929790968565502,0.9948323837286339,0.9929790968565502,0.9929790968565502,False,3.0,True,0.0,,,0.6888481137091511,True,"15,18",0.99,10.0,,
43,PSS-JMI,pair,True,2.0,-0.2557354318975502,1.0,1.0,1.0368511710017763,-1.266768660413722,0.9986969740842624,0.9986969740842624,0.9969682463698739,0.9969682463698739,0.9969682463698739,0.9978799522989267,0.9969682463698739,0.9969682463698739,False,3.0,True,0.0,,,0.6888481137091511,True,"15,19",0.99,10.0,,
43,PSS-JMI,pair,True,2.0,-0.17923575461221586,1.0,1.0,1.0392695345043461,-0.9739386010066955,0.9987693644129144,0.9987693644129144,0.9974469443114727,0.9974469443114727,0.9974469443114727,0.9974824433549755,0.9974469443114727,0.9974469443114727,False,3.0,True,0.0,,,0.6888481137091511,True,"15,20",0.99,10.0,,
43,PSS-JMI,pair,True,2.0,-0.26642893506657694,1.0,1.0,1.0338496288581518,-1.10999958959355,0.9984798030983061,0.9984798030983061,0.9971278123504069,0.9971278123504069,0.9971278123504069,0.9977474493176096,0.9971278123504069,0.9971278123504069,False,3.0,True,0.0,,,0.6888481137091511,True,"15,21",0.99,10.0,,
43,PSS-JMI,pair,False,2.0,-0.5949358620312486,1.0,1.0,1.0388119816285626,-3.7773864387094895,0.9986245837556103,0.9986245837556103,0.9972873783309398,0.9972873783309398,0.9972873783309398,0.9976149463362926,0.9972873783309398,0.9972873783309398,False,3.0,True,0.0,,,0.6888481137091511,True,"15,22",0.99,10.0,,
43,PSS-JMI,pair,True,3.0,-0.2628774432835179,1.0,1.0,1.0484914943877006,-3.9517233932014872,0.9971767771825684,0.9971767771825684,0.9926599648954842,0.9926599648954842,0.9926599648954842,0.9954948986352193,0.9926599648954842,0.9926599648954842,False,3.0,True,0.0,,,0.6888481137091511,True,"15,23",0.99,10.0,,
43,PSS-JMI,pair,True,4.0,-0.09943785735081478,1.0,1.0,1.0629678328803647,-1.0750535844044193,0.9955841899522224,0.9955841899522224,0.99026647518749,0.99026647518749,0.99026647518749,0.9924473300649265,0.99026647518749,0.99026647518749,False,4.0,True,0.0,,,0.6888481137091511,True,"15,24",0.99,10.0,,
43,PSS-JMI,pair,False,2.0,-0.4528788933634158,1.0,1.0,1.0386094747343282,-1.7388604179504084,0.9986969740842624,0.9986969740842624,0.9969682463698739,0.9969682463698739,0.9969682463698739,0.9977474493176096,0.9969682463698739,0.9969682463698739,False,3.0,True,0.0,,,0.6888481137091511,True,"16,17",0.99,10.0,,
43,PSS-JMI,pair,True,5.0,0.09856339265834846,1.0,1.0,1.0579101202559675,-1.477121463229976,0.9948602866657015,0.9948602866657015,0.99026647518749,0.99026647518749,0.99026647518749,0.9907247913078044,0.99026647518749,0.99026647518749,False,5.0,True,0.0,,,0.6888481137091511,False,"16,18",0.99,10.0,,
43,PSS-JMI,pair,True,4.0,0.12025852250126912,0.9998552193426958,1.0,1.0591429261430783,-0.8835075099067582,0.9951498479803098,0.9951498479803098,0.9907451731290888,0.9907451731290888,0.9907451731290888,0.9921823241022923,0.9907451731290888,0.9907451731290888,False,4.0,True,0.0,,,0.6888481137091511,False,"16,19",0.99,10.0,,
43,PSS-JMI,pair,True,3.0,0.09386275449563986,1.0,1.0,1.048439847251166,-0.8532041797183525,0.9974663384971768,0.9974663384971768,0.9939364927397479,0.9939364927397479,0.9939364927397479,0.9946998807473169,0.9939364927397479,0.9939364927397479,False,3.0,True,0.0,,,0.6888481137091511,False,"16,20",0.99,10.0,,
43,PSS-JMI,pair,True,3.0,0.03998828839926438,0.9999276096713479,1.0,1.043842375346951,-0.9957618269267565,0.9977558998117851,0.9977558998117851,0.9937769267592149,0.9937769267592149,0.9937769267592149,0.9954948986352193,0.9937769267592149,0.9937769267592149,False,3.0,True,0.0,,,0.6888481137091511,False,"16,21",0.99,10.0,,
43,PSS-JMI,pair,False,4.0,-0.31444928481991896,0.9999276096713479,1.0,1.0581378684657488,-3.6204871933127216,0.9948602866657015,0.9948602866657015,0.99026647518749,0.9901069092069571,0.9901069092069571,0.9905922883264874,0.9901069092069571,0.9901069092069571,False,4.0,True,0.0,,,0.6888481137091511,True,"16,22",0.99,10.0,,
43,PSS-JMI,pair,True,3.0,-0.038900470818915345,1.0,1.0,1.0499922108451671,-3.7846221831615128,0.9973215578398726,0.9973215578398726,0.9929790968565502,0.9929790968565502,0.9929790968565502,0.9958924075791705,0.9929790968565502,0.9929790968565502,False,3.0,True,0.0,,,0.6888481137091511,True,"16,23",0.99,10.0,,
43,PSS-JMI,pair,True,3.0,0.09735468228134225,1.0,1.0,1.048946419855007,-0.8619142832103244,0.9974663384971768,0.9974663384971768,0.9931386628370832,0.9931386628370832,0.9931386628370832,0.994964886709951,0.9931386628370832,0.9931386628370832,False,3.0,True,0.0,,,0.6888481137091511,False,"16,24",0.99,10.0,,
43,PSS-JMI,pair,False,3.0,-0.38132397229757453,1.0,1.0,1.0492727792456227,-1.9535427259566576,0.99688721586796,0.99688721586796,0.9926599648954842,0.9926599648954842,0.9926599648954842,0.9946998807473169,0.9926599648954842,0.9926599648954842,False,3.0,True,0.0,,,0.6888481137091511,True,"17,18",0.99,10.0,,
43,PSS-JMI,pair,False,4.0,-0.42591484561973725,1.0,1.0,1.0606748457612152,-2.253767905198027,0.9959461415954829,0.9959461415954829,0.9907451731290888,0.9907451731290888,0.9907451731290888,0.9928448390088777,0.9907451731290888,0.9907451731290888,False,4.0,True,0.0,,,0.6888481137091511,True,"17,19",0.99,10.0,,
43,PSS-JMI,pair,False,3.0,-0.3642267609075631,1.0,1.0,1.050374869693486,-1.870928010961407,0.9972491675112205,0.9972491675112205,0.9939364927397479,0.9939364927397479,0.9939364927397479,0.9946998807473169,0.9939364927397479,0.9939364927397479,False,3.0,True,0.0,,,0.6888481137091511,True,"17,20",0.99,10.0,,
43,PSS-JMI,pair,False,2.0,-0.48100891498070375,1.0,1.0,1.032925931079248,-1.817753486103563,0.9986245837556103,0.9986245837556103,0.9974469443114727,0.9974469443114727,0.9974469443114727,0.9976149463362926,0.9974469443114727,0.9974469443114727,False,3.0,True,0.0,,,0.6888481137091511,True,"17,21",0.99,10.0,,
43,PSS-JMI,pair,False,2.0,-0.7022866862205879,1.0,1.0,1.039568575715918,-4.347340240615222,0.9988417547415666,0.9988417547415666,0.9972873783309398,0.9972873783309398,0.9972873783309398,0.9980124552802438,0.9972873783309398,0.9972873783309398,False,3.0,True,0.0,,,0.6888481137091511,True,"17,22",0.99,10.0,,
43,PSS-JMI,pair,False,3.0,-0.5921580531319552,1.0,1.0,1.051463932536107,-4.653250209669139,0.9969596061966122,0.9969596061966122,0.9929790968565502,0.9929790968565502,0.9929790968565502,0.9944348747846826,0.9929790968565502,0.9929790968565502,False,3.0,True,0.0,,,0.6888481137091511,True,"17,23",0.99,10.0,,
43,PSS-JMI,pair,False,3.0,-0.4031181003866551,1.0,1.0,1.0506122103455926,-1.8579784429042703,0.9971767771825684,0.9970319965252642,0.9942556247008137,0.9939364927397479,0.9939364927397479,0.9956274016165364,0.9939364927397479,0.9939364927397479,False,3.0,True,0.0,,,0.6888481137091511,True,"17,24",0.99,10.0,,
43,PSS-JMI,pair,True,4.0,0.1245109294006852,1.0,1.0,1.0576588827375513,-0.9604956793902232,0.9958013609381786,0.9958013609381786,0.9905856071485559,0.99026647518749,0.99026647518749,0.9905922883264874,0.99026647518749,0.99026647518749,False,4.0,True,0.0,,,0.6888481137091511,False,"18,19",0.99,10.0,,
43,PSS-JMI,pair,True,4.0,0.10652815056511122,1.0,1.0,1.0581902981975004,-0.9955429281881188,0.9955841899522224,0.9955841899522224,0.990426041168023,0.99026647518749,0.99026647518749,0.9904597853451703,0.99026647518749,0.99026647518749,False,4.0,True,0.0,,,0.6888481137091511,False,"18,20",0.99,10.0,,
43,PSS-JMI,pair,True,4.0,0.06462415475731653,1.0,0.9998404340194671,1.0531205716202956,-1.0087468326181863,0.9958737512668308,0.9958737512668308,0.99026647518749,0.9901069092069571,0.9901069092069571,0.9909897972704386,0.9901069092069571,0.9901069092069571,False,4.0,True,0.0,,,0.6888481137091511,False,"18,21",0.99,10.0,,
43,PSS-JMI,pair,False,4.0,-0.32465903687292075,1.0,1.0,1.055853743568044,-3.6880430967481734,0.9957289706095266,0.9957289706095266,0.990426041168023,0.9901069092069571,0.9901069092069571,0.9912548032330727,0.9901069092069571,0.9901069092069571,False,4.0,True,0.0,,,0.6888481137091511,True,"18,22",0.99,10.0,,
43,PSS-JMI,pair,True,4.0,-0.04752363227241574,0.9999276096713479,1.0,1.0579460186067495,-3.8703205141038115,0.9955841899522224,0.9955841899522224,0.9910643050901548,0.9907451731290888,0.9907451731290888,0.9912548032330727,0.9907451731290888,0.9907451731290888,False,4.0,True,0.0,,,0.6888481137091511,True,"18,23",0.99,10.0,,
43,PSS-JMI,pair,True,4.0,0.10800914171762943,1.0,0.9998674970186829,1.0572516849819495,-0.9719110004768334,0.9955117996235703,0.9953670189662661,0.9909047391096218,0.9909047391096218,0.9909047391096218,0.9915198091957069,0.9909047391096218,0.9909047391096218,False,4.0,True,0.0,,,0.6888481137091511,False,"18,24",0.99,10.0,,
43,PSS-JMI,pair,True,4.0,0.09684344049495719,1.0,0.9998674970186829,1.058404340047999,-0.9964147068796446,0.9958013609381786,0.9958013609381786,0.9910643050901548,0.9910643050901548,0.9910643050901548,0.9924473300649265,0.9910643050901548,0.9910643050901548,False,4.0,True,0.0,,,0.6888481137091511,False,"19,20",0.99,10.0,,
43,PSS-JMI,pair,True,4.0,0.033560519821101975,1.0,1.0,1.0549993972657292,-1.1472096363766018,0.9955841899522224,0.9955841899522224,0.9909047391096218,0.9909047391096218,0.9909047391096218,0.9923148270836094,0.9909047391096218,0.9909047391096218,False,4.0,True,0.0,,,0.6888481137091511,False,"19,21",0.99,10.0,,
43,PSS-JMI,pair,False,4.0,-0.2491863327484074,1.0,0.9998674970186829,1.0581822774035403,-3.7454531442081755,0.995294628637614,0.995222238308962,0.9915430030317536,0.9915430030317536,0.9915430030317536,0.991652312177024,0.9915430030317536,0.9915430030317536,False,4.0,True,0.0,,,0.6888481137091511,True,"19,22",0.99,10.0,,
43,PSS-JMI,pair,True,4.0,-0.057677629091263505,1.0,1.0,1.0596558222897166,-3.952801095961397,0.9955841899522224,0.9955841899522224,0.9909047391096218,0.9905856071485559,0.9905856071485559,0.9924473300649265,0.9905856071485559,0.9905856071485559,False,4.0,True,0.0,,,0.6888481137091511,True,"19,23",0.99,10.0,,
43,PSS-JMI,pair,True,4.0,0.08870326905025472,1.0,1.0,1.0542872131225116,-1.3284731501555418,0.9960185319241349,0.9958737512668308,0.990426041168023,0.9901069092069571,0.9901069092069571,0.9935073539154631,0.9901069092069571,0.9901069092069571,False,4.0,True,0.0,,,0.6888481137091511,False,"19,24",0.99,10.0,,
43,PSS-JMI,pair,True,4.0,0.06440136902392024,1.0,1.0,1.0560065338565947,-0.9471152299549791,0.995294628637614,0.995294628637614,0.9907451731290888,0.9905856071485559,0.9905856071485559,0.9920498211209752,0.9905856071485559,0.9905856071485559,False,4.0,True,0.0,,,0.6888481137091511,False,"20,21",0.99,10.0,,
43,PSS-JMI,pair,False,3.0,-0.2026910032197895,1.0,1.0,1.0470614015640418,-3.5180942254772436,0.9973215578398726,0.9973215578398726,0.9937769267592149,0.9937769267592149,0.9937769267592149,0.9952298926725851,0.9937769267592149,0.9937769267592149,False,3.0,True,0.0,,,0.6888481137091511,True,"20,22",0.99,10.0,,
43,PSS-JMI,pair,True,4.0,-0.053148642507387045,0.9999276096713479,0.9998674970186829,1.0621491822750546,-3.8674943540222375,0.9950050673230056,0.9950050673230056,0.9903272823638531,0.9903272823638531,0.9903272823638531,0.9903272823638531,0.9905856071485559,0.9903272823638531,False,4.0,True,0.0,,,0.6888481137091511,True,"20,23",0.99,10.0,,
43,PSS-JMI,pair,True,4.0,0.08361025791145227,1.0,1.0,1.0576759563297309,-0.9190532744108753,0.9960909222527871,0.9960909222527871,0.9909047391096218,0.9909047391096218,0.9909047391096218,0.9921823241022923,0.9909047391096218,0.9909047391096218,False,4.0,True,0.0,,,0.6888481137091511,False,"20,24",0.99,10.0,,
43,PSS-JMI,pair,False,3.0,-0.33701553730347644,1.0,1.0,1.0415135311496273,-3.735746102145062,0.9971043868539163,0.9970319965252642,0.993617360778682,0.993617360778682,0.993617360778682,0.9957599045978535,0.993617360778682,0.993617360778682,False,3.0,True,0.0,,,0.6888481137091511,True,"21,22",0.99,10.0,,
43,PSS-JMI,pair,True,3.0,-0.09593219935049646,1.0,1.0,1.0433688384778121,-4.0557366675540845,0.9978282901404373,0.9978282901404373,0.9950534546034785,0.9950534546034785,0.9950534546034785,0.996687425467073,0.9950534546034785,0.9950534546034785,False,4.0,True,0.0,,,0.6888481137091511,True,"21,23",0.99,10.0,,
43,PSS-JMI,pair,True,3.0,0.03261536436565193,1.0,1.0,1.0473195041651198,-0.799286725386683,0.9971043868539163,0.9971043868539163,0.9944348747846826,0.9944348747846826,0.9944348747846826,0.9944348747846826,0.9945747566618797,0.9944348747846826,False,3.0,True,0.0,,,0.6888481137091511,False,"21,24",0.99,10.0,,
43,PSS-JMI,pair,False,3.0,-0.5314902787907156,0.9998552193426958,1.0,1.0458224648717627,-6.751726443456853,0.9971043868539163,0.9971043868539163,0.9940960587202808,0.9940960587202808,0.9940960587202808,0.995097389691268,0.9940960587202808,0.9940960587202808,False,4.0,True,0.0,,,0.6888481137091511,True,"22,23",0.99,10.0,,
43,PSS-JMI,pair,False,4.0,-0.21109494492115832,1.0,1.0,1.0596140426036926,-3.4851907179117965,0.9958737512668308,0.9958737512668308,0.9909047391096218,0.9908572942891215,0.9908572942891215,0.9908572942891215,0.9909047391096218,0.9908572942891215,False,4.0,True,0.0,,,0.6888481137091511,True,"22,24",0.99,10.0,,
43,PSS-JMI,pair,True,3.0,-0.07858539414807009,1.0,1.0,1.050331510859137,-3.713598820733236,0.9972491675112205,0.9972491675112205,0.9929790968565502,0.9929790968565502,0.9929790968565502,0.9944348747846826,0.9929790968565502,0.9929790968565502,False,3.0,True,0.0,,,0.6888481137091511,True,"23,24",0.99,10.0,,
43,KL-JMI,singleton,True,,0.045916839836696255,,,,,,,,,,,,,,,,,,,0.6888481137091511,False,0,,,7.0,
43,KL-JMI,singleton,False,,-0.09396932858118401,,,,,,,,,,,,,,,,,,,0.6888481137091511,True,1,,,7.0,
43,KL-JMI,singleton,False,,-0.15589790082603283,,,,,,,,,,,,,,,,,,,0.6888481137091511,True,2,,,7.0,
43,KL-JMI,singleton,False,,-0.07121980849198373,,,,,,,,,,,,,,,,,,,0.6888481137091511,True,3,,,7.0,
43,KL-JMI,singleton,False,,-0.11575162733745614,,,,,,,,,,,,,,,,,,,0.6888481137091511,True,4,,,7.0,
43,KL-JMI,singleton,False,,-0.05015649068044681,,,,,,,,,,,,,,,,,,,0.6888481137091511,True,5,,,7.0,
43,KL-JMI,singleton,False,,-0.1351889881409578,,,,,,,,,,,,,,,,,,,0.6888481137091511,True,6,,,7.0,
43,KL-JMI,singleton,False,,-0.07153749187545433,,,,,,,,,,,,,,,,,,,0.6888481137091511,True,7,,,7.0,
43,KL-JMI,singleton,False,,-0.25442202595920227,,,,,,,,,,,,,,,,,,,0.6888481137091511,True,8,,,7.0,
43,KL-JMI,singleton,False,,-0.024673247409670473,,,,,,,,,,,,,,,,,,,0.6888481137091511,True,9,,,7.0,
43,KL-JMI,singleton,False,,-0.12349381189633979,,,,,,,,,,,,,,,,,,,0.6888481137091511,True,10,,,7.0,
43,KL-JMI,singleton,False,,-0.27313822779013086,,,,,,,,,,,,,,,,,,,0.6888481137091511,True,11,,,7.0,
43,KL-JMI,singleton,False,,-0.038207178462866365,,,,,,,,,,,,,,,,,,,0.6888481137091511,True,12,,,7.0,
43,KL-JMI,singleton,False,,-0.07655457989129566,,,,,,,,,,,,,,,,,,,0.6888481137091511,True,13,,,7.0,
43,KL-JMI,singleton,False,,-0.20713901463206374,,,,,,,,,,,,,,,,,,,0.6888481137091511,True,14,,,7.0,
43,KL-JMI,singleton,False,,-0.024816188699259722,,,,,,,,,,,,,,,,,,,0.6888481137091511,True,15,,,7.0,
43,KL-JMI,singleton,False,,-0.22653576815859244,,,,,,,,,,,,,,,,,,,0.6888481137091511,True,16,,,7.0,
43,KL-JMI,singleton,False,,-0.05059962657165151,,,,,,,,,,,,,,,,,,,0.6888481137091511,True,17,,,7.0,
43,KL-JMI,singleton,False,,-0.21912793921250673,,,,,,,,,,,,,,,,,,,0.6888481137091511,True,18,,,7.0,
43,KL-JMI,singleton,False,,-0.5555598062063836,,,,,,,,,,,,,,,,,,,0.6888481137091511,True,19,,,7.0,
43,KL-JMI,singleton,False,,-0.5706276047172918,,,,,,,,,,,,,,,,,,,0.6888481137091511,True,20,,,7.0,
43,KL-JMI,singleton,False,,-0.17589545467235368,,,,,,,,,,,,,,,,,,,0.6888481137091511,True,21,,,7.0,
43,KL-JMI,singleton,False,,0.0023301205605665842,,,,,,,,,,,,,,,,,,,0.6888481137091511,False,22,,,7.0,
43,KL-JMI,singleton,False,,-0.1355874225004987,,,,,,,,,,,,,,,,,,,0.6888481137091511,True,23,,,7.0,
43,KL-JMI,singleton,False,,-0.5926876351703365,,,,,,,,,,,,,,,,,,,0.6888481137091511,True,24,,,7.0,
43,KL-JMI,pair,False,,-0.5446948691360429,,,,,,,,,,,,,,,,,,,0.6888481137091511,True,"0,1",,,7.0,
43,KL-JMI,pair,True,,-0.7721078382857325,,,,,,,,,,,,,,,,,,,0.6888481137091511,True,"0,2",,,7.0,
43,KL-JMI,pair,True,,-0.7174840014477883,,,,,,,,,,,,,,,,,,,0.6888481137091511,True,"0,3",,,7.0,
43,KL-JMI,pair,True,,-0.6948689364927905,,,,,,,,,,,,,,,,,,,0.6888481137091511,True,"0,4",,,7.0,
43,KL-JMI,pair,True,,-0.5549595634953235,,,,,,,,,,,,,,,,,,,0.6888481137091511,True,"0,5",,,7.0,
43,KL-JMI,pair,True,,-0.7087694897125836,,,,,,,,,,,,,,,,,,,0.6888481137091511,True,"0,6",,,7.0,
43,KL-JMI,pair,True,,-0.6197824781068775,,,,,,,,,,,,,,,,,,,0.6888481137091511,True,"0,7",,,7.0,
43,KL-JMI,pair,True,,-0.9328739773484216,,,,,,,,,,,,,,,,,,,0.6888481137091511,True,"0,8",,,7.0,
43,KL-JMI,pair,False,,-0.4458970649846119,,,,,,,,,,,,,,,,,,,0.6888481137091511,True,"0,9",,,7.0,
43,KL-JMI,pair,True,,-0.7015463150201082,,,,,,,,,,,,,,,,,,,0.6888481137091511,True,"0,10",,,7.0,
43,KL-JMI,pair,True,,-0.9983012020821,,,,,,,,,,,,,,,,,,,0.6888481137091511,True,"0,11",,,7.0,
43,KL-JMI,pair,True,,-0.45548194921840146,,,,,,,,,,,,,,,,,,,0.6888481137091511,True,"0,12",,,7.0,
43,KL-JMI,pair,False,,-0.5337163061561458,,,,,,,,,,,,,,,,,,,0.6888481137091511,True,"0,13",,,7.0,
43,KL-JMI,pair,True,,-0.7729088935404622,,,,,,,,,,,,,,,,,,,0.6888481137091511,True,"0,14",,,7.0,
43,KL-JMI,pair,True,,-0.630997056467935,,,,,,,,,,,,,,,,,,,0.6888481137091511,True,"0,15",,,7.0,
43,KL-JMI,pair,True,,-0.8183856095936299,,,,,,,,,,,,,,,,,,,0.6888481137091511,True,"0,16",,,7.0,
43,KL-JMI,pair,False,,-0.46022689288604823,,,,,,,,,,,,,,,,,,,0.6888481137091511,True,"0,17",,,7.0,
43,KL-JMI,pair,True,,-0.8320730331916373,,,,,,,,,,,,,,,,,,,0.6888481137091511,True,"0,18",,,7.0,
43,KL-JMI,pair,True,,-1.3272301515983163,,,,,,,,,,,,,,,,,,,0.6888481137091511,True,"0,19",,,7.0,
43,KL-JMI,pair,True,,-1.1814105011822846,,,,,,,,,,,,,,,,,,,0.6888481137091511,True,"0,20",,,7.0,
43,KL-JMI,pair,True,,-0.7946880069802464,,,,,,,,,,,,,,,,,,,0.6888481137091511,True,"0,21",,,7.0,
43,KL-JMI,pair,True,,-0.29976363105405035,,,,,,,,,,,,,,,,,,,0.6888481137091511,True,"0,22",,,7.0,
43,KL-JMI,pair,False,,-0.5792948307035015,,,,,,,,,,,,,,,,,,,0.6888481137091511,True,"0,23",,,7.0,
43,KL-JMI,pair,True,,-1.3443610771704169,,,,,,,,,,,,,,,,,,,0.6888481137091511,True,"0,24",,,7.0,
43,KL-JMI,pair,False,,-0.08714701880971032,,,,,,,,,,,,,,,,,,,0.6888481137091511,True,"1,2",,,7.0,
43,KL-JMI,pair,False,,-0.8287515775557512,,,,,,,,,,,,,,,,,,,0.6888481137091511,True,"1,3",,,7.0,
43,KL-JMI,pair,False,,-0.06575348832729544,,,,,,,,,,,,,,,,,,,0.6888481137091511,True,"1,4",,,7.0,
43,KL-JMI,pair,False,,-1.1097959114058682,,,,,,,,,,,,,,,,,,,0.6888481137091511,True,"1,5",,,7.0,
43,KL-JMI,pair,False,,-0.12598480157580694,,,,,,,,,,,,,,,,,,,0.6888481137091511,True,"1,6",,,7.0,
43,KL-JMI,pair,False,,-1.0904785234467917,,,,,,,,,,,,,,,,,,,0.6888481137091511,True,"1,7",,,7.0,
43,KL-JMI,pair,False,,-0.051172150859876364,,,,,,,,,,,,,,,,,,,0.6888481137091511,True,"1,8",,,7.0,
43,KL-JMI,pair,False,,-1.2140686444070523,,,,,,,,,,,,,,,,,,,0.6888481137091511,True,"1,9",,,7.0,
43,KL-JMI,pair,False,,-0.046628439777860464,,,,,,,,,,,,,,,,,,,0.6888481137091511,True,"1,10",,,7.0,
43,KL-JMI,pair,False,,-0.0057702994436930055,,,,,,,,,,,,,,,,,,,0.6888481137091511,True,"1,11",,,7.0,
43,KL-JMI,pair,False,,-0.1147679251840632,,,,,,,,,,,,,,,,,,,0.6888481137091511,True,"1,12",,,7.0,
43,KL-JMI,pair,False,,-1.0871011412366514,,,,,,,,,,,,,,,,,,,0.6888481137091511,True,"1,13",,,7.0,
43,KL-JMI,pair,False,,0.0030458973871567707,,,,,,,,,,,,,,,,,,,0.6888481137091511,False,"1,14",,,7.0,
43,KL-JMI,pair,False,,-1.003659231728249,,,,,,,,,,,,,,,,,,,0.6888481137091511,True,"1,15",,,7.0,
43,KL-JMI,pair,False,,0.036830309842274866,,,,,,,,,,,,,,,,,,,0.6888481137091511,False,"1,16",,,7.0,
43,KL-JMI,pair,False,,-1.292174285097289,,,,,,,,,,,,,,,,,,,0.6888481137091511,True,"1,17",,,7.0,
43,KL-JMI,pair,False,,-0.050071242778505054,,,,,,,,,,,,,,,,,,,0.6888481137091511,True,"1,18",,,7.0,
43,KL-JMI,pair,False,,-0.05954508868177544,,,,,,,,,,,,,,,,,,,0.6888481137091511,True,"1,19",,,7.0,
43,KL-JMI,pair,False,,-0.05967736238318744,,,,,,,,,,,,,,,,,,,0.6888481137091511,True,"1,20",,,7.0,
43,KL-JMI,pair,False,,-0.1745725924371424,,,,,,,,,,,,,,,,,,,0.6888481137091511,True,"1,21",,,7.0,
43,KL-JMI,pair,False,,-1.0699462139114821,,,,,,,,,,,,,,,,,,,0.6888481137091511,True,"1,22",,,7.0,
43,KL-JMI,pair,False,,-0.40594053054271306,,,,,,,,,,,,,,,,,,,0.6888481137091511,True,"1,23",,,7.0,
43,KL-JMI,pair,False,,-0.04130362460244541,,,,,,,,,,,,,,,,,,,0.6888481137091511,True,"1,24",,,7.0,
43,KL-JMI,pair,True,,0.058693756746625025,,,,,,,,,,,,,,,,,,,0.6888481137091511,False,"2,3",,,7.0,
43,KL-JMI,pair,True,,0.13704242612882656,,,,,,,,,,,,,,,,,,,0.6888481137091511,False,"2,4",,,7.0,
43,KL-JMI,pair,True,,-0.014961868583204474,,,,,,,,,,,,,,,,,,,0.6888481137091511,True,"2,5",,,7.0,
43,KL-JMI,pair,True,,0.097636904024482,,,,,,,,,,,,,,,,,,,0.6888481137091511,False,"2,6",,,7.0,
43,KL-JMI,pair,True,,-0.028331086320842136,,,,,,,,,,,,,,,,,,,0.6888481137091511,True,"2,7",,,7.0,
43,KL-JMI,pair,True,,0.10605487807603131,,,,,,,,,,,,,,,,,,,0.6888481137091511,False,"2,8",,,7.0,
43,KL-JMI,pair,False,,-0.04192922030739643,,,,,,,,,,,,,,,,,,,0.6888481137091511,True,"2,9",,,7.0,
43,KL-JMI,pair,True,,0.12116922053206469,,,,,,,,,,,,,,,,,,,0.6888481137091511,False,"2,10",,,7.0,
43,KL-JMI,pair,True,,0.11207071079919384,,,,,,,,,,,,,,,,,,,0.6888481137091511,False,"2,11",,,7.0,
43,KL-JMI,pair,True,,0.05563013427436325,,,,,,,,,,,,,,,,,,,0.6888481137091511,False,"2,12",,,7.0,
43,KL-JMI,pair,False,,-0.04316688050698758,,,,,,,,,,,,,,,,,,,0.6888481137091511,True,"2,13",,,7.0,
43,KL-JMI,pair,True,,0.11498774712584225,,,,,,,,,,,,,,,,,,,0.6888481137091511,False,"2,14",,,7.0,
43,KL-JMI,pair,True,,0.02182897202310885,,,,,,,,,,,,,,,,,,,0.6888481137091511,False,"2,15",,,7.0,
43,KL-JMI,pair,True,,0.15259353794386854,,,,,,,,,,,,,,,,,,,0.6888481137091511,False,"2,16",,,7.0,
43,KL-JMI,pair,False,,-0.09466641498220163,,,,,,,,,,,,,,,,,,,0.6888481137091511,True,"2,17",,,7.0,
43,KL-JMI,pair,True,,0.12684111019168043,,,,,,,,,,,,,,,,,,,0.6888481137091511,False,"2,18",,,7.0,
43,KL-JMI,pair,True,,0.12422436801007963,,,,,,,,,,,,,,,,,,,0.6888481137091511,False,"2,19",,,7.0,
43,KL-JMI,pair,True,,0.12858176790611742,,,,,,,,,,,,,,,,,,,0.6888481137091511,False,"2,20",,,7.0,
43,KL-JMI,pair,True,,0.08577613620825941,,,,,,,,,,,,,,,,,,,0.6888481137091511,False,"2,21",,,7.0,
43,KL-JMI,pair,True,,-0.5547737399436716,,,,,,,,,,,,,,,,,,,0.6888481137091511,True,"2,22",,,7.0,
43,KL-JMI,pair,False,,-0.5686879652236119,,,,,,,,,,,,,,,,,,,0.6888481137091511,True,"2,23",,,7.0,
43,KL-JMI,pair,True,,0.11153486186974115,,,,,,,,,,,,,,,,,,,0.6888481137091511,False,"2,24",,,7.0,
43,KL-JMI,pair,True,,0.07819783686361204,,,,,,,,,,,,,,,,,,,0.6888481137091511,False,"3,4",,,7.0,
43,KL-JMI,pair,True,,-0.3477567572544169,,,,,,,,,,,,,,,,,,,0.6888481137091511,True,"3,5",,,7.0,
43,KL-JMI,pair,True,,0.11284448723266571,,,,,,,,,,,,,,,,,,,0.6888481137091511,False,"3,6",,,7.0,
43,KL-JMI,pair,True,,-0.22840663436607933,,,,,,,,,,,,,,,,,,,0.6888481137091511,True,"3,7",,,7.0,
43,KL-JMI,pair,True,,0.0983405951517895,,,,,,,,,,,,,,,,,,,0.6888481137091511,False,"3,8",,,7.0,
43,KL-JMI,pair,False,,-0.324739478991936,,,,,,,,,,,,,,,,,,,0.6888481137091511,True,"3,9",,,7.0,
43,KL-JMI,pair,True,,0.08711632952584258,,,,,,,,,,,,,,,,,,,0.6888481137091511,False,"3,10",,,7.0,
43,KL-JMI,pair,True,,0.06154250412606865,,,,,,,,,,,,,,,,,,,0.6888481137091511,False,"3,11",,,7.0,
43,KL-JMI,pair,True,,-0.030009899055871925,,,,,,,,,,,,,,,,,,,0.6888481137091511,True,"3,12",,,7.0,
43,KL-JMI,pair,False,,-0.2099929682474755,,,,,,,,,,,,,,,,,,,0.6888481137091511,True,"3,13",,,7.0,
43,KL-JMI,pair,True,,0.13195689733935945,,,,,,,,,,,,,,,,,,,0.6888481137091511,False,"3,14",,,7.0,
43,KL-JMI,pair,True,,-0.13380728350708715,,,,,,,,,,,,,,,,,,,0.6888481137091511,True,"3,15",,,7.0,
43,KL-JMI,pair,True,,0.1474823412139834,,,,,,,,,,,,,,,,,,,0.6888481137091511,False,"3,16",,,7.0,
43,KL-JMI,pair,False,,-0.6447641828473656,,,,,,,,,,,,,,,,,,,0.6888481137091511,True,"3,17",,,7.0,
43,KL-JMI,pair,True,,0.13372741520590403,,,,,,,,,,,,,,,,,,,0.6888481137091511,False,"3,18",,,7.0,
43,KL-JMI,pair,True,,0.06922270440005929,,,,,,,,,,,,,,,,,,,0.6888481137091511,False,"3,19",,,7.0,
43,KL-JMI,pair,True,,0.10198419869175224,,,,,,,,,,,,,,,,,,,0.6888481137091511,False,"3,20",,,7.0,
43,KL-JMI,pair,True,,-0.0015454309079467876,,,,,,,,,,,,,,,,,,,0.6888481137091511,True,"3,21",,,7.0,
43,KL-JMI,pair,True,,-0.9381606240454774,,,,,,,,,,,,,,,,,,,0.6888481137091511,True,"3,22",,,7.0,
43,KL-JMI,pair,False,,-0.41567847229508015,,,,,,,,,,,,,,,,,,,0.6888481137091511,True,"3,23",,,7.0,
43,KL-JMI,pair,True,,0.11202641945611047,,,,,,,,,,,,,,,,,,,0.6888481137091511,False,"3,24",,,7.0,
43,KL-JMI,pair,True,,0.007983010380431033,,,,,,,,,,,,,,,,,,,0.6888481137091511,False,"4,5",,,7.0,
43,KL-JMI,pair,True,,0.12380256700458858,,,,,,,,,,,,,,,,,,,0.6888481137091511,False,"4,6",,,7.0,
43,KL-JMI,pair,True,,0.0062539160506536184,,,,,,,,,,,,,,,,,,,0.6888481137091511,False,"4,7",,,7.0,
43,KL-JMI,pair,True,,0.12053578983062607,,,,,,,,,,,,,,,,,,,0.6888481137091511,False,"4,8",,,7.0,
43,KL-JMI,pair,False,,-0.009538882680664829,,,,,,,,,,,,,,,,,,,0.6888481137091511,True,"4,9",,,7.0,
43,KL-JMI,pair,True,,0.11504540622038739,,,,,,,,,,,,,,,,,,,0.6888481137091511,False,"4,10",,,7.0,
43,KL-JMI,pair,True,,0.12087456907807415,,,,,,,,,,,,,,,,,,,0.6888481137091511,False,"4,11",,,7.0,
43,KL-JMI,pair,True,,0.03166119725587402,,,,,,,,,,,,,,,,,,,0.6888481137091511,False,"4,12",,,7.0,
43,KL-JMI,pair,False,,-0.020329111459171045,,,,,,,,,,,,,,,,,,,0.6888481137091511,True,"4,13",,,7.0,
43,KL-JMI,pair,True,,0.11070959531566649,,,,,,,,,,,,,,,,,,,0.6888481137091511,False,"4,14",,,7.0,
43,KL-JMI,pair,True,,0.03922089090447378,,,,,,,,,,,,,,,,,,,0.6888481137091511,False,"4,15",,,7.0,
43,KL-JMI,pair,True,,0.11356998720524603,,,,,,,,,,,,,,,,,,,0.6888481137091511,False,"4,16",,,7.0,
43,KL-JMI,pair,False,,-0.04439587249722665,,,,,,,,,,,,,,,,,,,0.6888481137091511,True,"4,17",,,7.0,
43,KL-JMI,pair,True,,0.0942029405918543,,,,,,,,,,,,,,,,,,,0.6888481137091511,False,"4,18",,,7.0,
43,KL-JMI,pair,True,,0.13570492548942203,,,,,,,,,,,,,,,,,,,0.6888481137091511,False,"4,19",,,7.0,
43,KL-JMI,pair,True,,0.12537923437099452,,,,,,,,,,,,,,,,,,,0.6888481137091511,False,"4,20",,,7.0,
43,KL-JMI,pair,True,,0.0749126498462811,,,,,,,,,,,,,,,,,,,0.6888481137091511,False,"4,21",,,7.0,
43,KL-JMI,pair,True,,-0.4767752251499564,,,,,,,,,,,,,,,,,,,0.6888481137091511,True,"4,22",,,7.0,
43,KL-JMI,pair,False,,-0.5907262260515962,,,,,,,,,,,,,,,,,,,0.6888481137091511,True,"4,23",,,7.0,
43,KL-JMI,pair,True,,0.10809206776216529,,,,,,,,,,,,,,,,,,,0.6888481137091511,False,"4,24",,,7.0,
43,KL-JMI,pair,True,,-0.11073011477642591,,,,,,,,,,,,,,,,,,,0.6888481137091511,True,"5,6",,,7.0,
43,KL-JMI,pair,True,,-0.7599361522721573,,,,,,,,,,,,,,,,,,,0.6888481137091511,True,"5,7",,,7.0,
43,KL-JMI,pair,True,,0.04349401544029696,,,,,,,,,,,,,,,,,,,0.6888481137091511,False,"5,8",,,7.0,
43,KL-JMI,pair,False,,-0.8405120879677535,,,,,,,,,,,,,,,,,,,0.6888481137091511,True,"5,9",,,7.0,
43,KL-JMI,pair,True,,0.02067491440551361,,,,,,,,,,,,,,,,,,,0.6888481137091511,False,"5,10",,,7.0,
43,KL-JMI,pair,True,,0.04520548663440005,,,,,,,,,,,,,,,,,,,0.6888481137091511,False,"5,11",,,7.0,
43,KL-JMI,pair,True,,-0.017791818085919786,,,,,,,,,,,,,,,,,,,0.6888481137091511,True,"5,12",,,7.0,
43,KL-JMI,pair,False,,-0.8559834136493611,,,,,,,,,,,,,,,,,,,0.6888481137091511,True,"5,13",,,7.0,
43,KL-JMI,pair,True,,0.07772267928001098,,,,,,,,,,,,,,,,,,,0.6888481137091511,False,"5,14",,,7.0,
43,KL-JMI,pair,True,,-0.6209476359496935,,,,,,,,,,,,,,,,,,,0.6888481137091511,True,"5,15",,,7.0,
43,KL-JMI,pair,True,,0.08515365863324265,,,,,,,,,,,,,,,,,,,0.6888481137091511,False,"5,16",,,7.0,
43,KL-JMI,pair,False,,-0.9146461910701023,,,,,,,,,,,,,,,,,,,0.6888481137091511,True,"5,17",,,7.0,
43,KL-JMI,pair,True,,0.048963843754966874,,,,,,,,,,,,,,,,,,,0.6888481137091511,False,"5,18",,,7.0,
43,KL-JMI,pair,True,,0.039256494499858796,,,,,,,,,,,,,,,,,,,0.6888481137091511,False,"5,19",,,7.0,
43,KL-JMI,pair,True,,0.04532989063877135,,,,,,,,,,,,,,,,,,,0.6888481137091511,False,"5,20",,,7.0,
43,KL-JMI,pair,True,,-0.08515144866322277,,,,,,,,,,,,,,,,,,,0.6888481137091511,True,"5,21",,,7.0,
43,KL-JMI,pair,True,,-0.9019018597309101,,,,,,,,,,,,,,,,,,,0.6888481137091511,True,"5,22",,,7.0,
43,KL-JMI,pair,False,,-0.27743887314683136,,,,,,,,,,,,,,,,,,,0.6888481137091511,True,"5,23",,,7.0,
43,KL-JMI,pair,True,,0.03281338113906296,,,,,,,,,,,,,,,,,,,0.6888481137091511,False,"5,24",,,7.0,
43,KL-JMI,pair,True,,-0.057243576782837646,,,,,,,,,,,,,,,,,,,0.6888481137091511,True,"6,7",,,7.0,
43,KL-JMI,pair,True,,0.10017435275281938,,,,,,,,,,,,,,,,,,,0.6888481137091511,False,"6,8",,,7.0,
43,KL-JMI,pair,False,,-0.10304314188302355,,,,,,,,,,,,,,,,,,,0.6888481137091511,True,"6,9",,,7.0,
43,KL-JMI,pair,True,,0.11193650009948097,,,,,,,,,,,,,,,,,,,0.6888481137091511,False,"6,10",,,7.0,
43,KL-JMI,pair,True,,0.13015470046590938,,,,,,,,,,,,,,,,,,,0.6888481137091511,False,"6,11",,,7.0,
43,KL-JMI,pair,True,,-0.018889033653582743,,,,,,,,,,,,,,,,,,,0.6888481137091511,True,"6,12",,,7.0,
43,KL-JMI,pair,False,,-0.04584475006604061,,,,,,,,,,,,,,,,,,,0.6888481137091511,True,"6,13",,,7.0,
43,KL-JMI,pair,True,,0.11469291039918073,,,,,,,,,,,,,,,,,,,0.6888481137091511,False,"6,14",,,7.0,
43,KL-JMI,pair,True,,0.010930494413409209,,,,,,,,,,,,,,,,,,,0.6888481137091511,False,"6,15",,,7.0,
43,KL-JMI,pair,True,,0.1158672438001438,,,,,,,,,,,,,,,,,,,0.6888481137091511,False,"6,16",,,7.0,
43,KL-JMI,pair,False,,-0.23181646298848957,,,,,,,,,,,,,,,,,,,0.6888481137091511,True,"6,17",,,7.0,
43,KL-JMI,pair,True,,0.08823238537563549,,,,,,,,,,,,,,,,,,,0.6888481137091511,False,"6,18",,,7.0,
43,KL-JMI,pair,True,,0.13386559980161783,,,,,,,,,,,,,,,,,,,0.6888481137091511,False,"6,19",,,7.0,
43,KL-JMI,pair,True,,0.1434772506858124,,,,,,,,,,,,,,,,,,,0.6888481137091511,False,"6,20",,,7.0,
43,KL-JMI,pair,True,,0.07684867297764297,,,,,,,,,,,,,,,,,,,0.6888481137091511,False,"6,21",,,7.0,
43,KL-JMI,pair,True,,-0.6852502293881848,,,,,,,,,,,,,,,,,,,0.6888481137091511,True,"6,22",,,7.0,
43,KL-JMI,pair,False,,-0.391970074117455,,,,,,,,,,,,,,,,,,,0.6888481137091511,True,"6,23",,,7.0,
43,KL-JMI,pair,True,,0.12791950261496376,,,,,,,,,,,,,,,,,,,0.6888481137091511,False,"6,24",,,7.0,
43,KL-JMI,pair,True,,0.019067788666558894,,,,,,,,,,,,,,,,,,,0.6888481137091511,False,"7,8",,,7.0,
43,KL-JMI,pair,False,,-0.9584320819022922,,,,,,,,,,,,,,,,,,,0.6888481137091511,True,"7,9",,,7.0,
43,KL-JMI,pair,True,,-0.026491058079855634,,,,,,,,,,,,,,,,,,,0.6888481137091511,True,"7,10",,,7.0,
43,KL-JMI,pair,True,,0.0594684720246863,,,,,,,,,,,,,,,,,,,0.6888481137091511,False,"7,11",,,7.0,
43,KL-JMI,pair,True,,-0.02453607055525109,,,,,,,,,,,,,,,,,,,0.6888481137091511,True,"7,12",,,7.0,
43,KL-JMI,pair,False,,-0.8574559310176157,,,,,,,,,,,,,,,,,,,0.6888481137091511,True,"7,13",,,7.0,
43,KL-JMI,pair,True,,0.06241941368332249,,,,,,,,,,,,,,,,,,,0.6888481137091511,False,"7,14",,,7.0,
43,KL-JMI,pair,True,,-0.548954528661473,,,,,,,,,,,,,,,,,,,0.6888481137091511,True,"7,15",,,7.0,
43,KL-JMI,pair,True,,0.08303678230982747,,,,,,,,,,,,,,,,,,,0.6888481137091511,False,"7,16",,,7.0,
43,KL-JMI,pair,False,,-1.2812657384921269,,,,,,,,,,,,,,,,,,,0.6888481137091511,True,"7,17",,,7.0,
43,KL-JMI,pair,True,,0.023279340031489903,,,,,,,,,,,,,,,,,,,0.6888481137091511,False,"7,18",,,7.0,
43,KL-JMI,pair,True,,0.05130659681551153,,,,,,,,,,,,,,,,,,,0.6888481137091511,False,"7,19",,,7.0,
43,KL-JMI,pair,True,,0.03210792396479056,,,,,,,,,,,,,,,,,,,0.6888481137091511,False,"7,20",,,7.0,
43,KL-JMI,pair,True,,-0.07683072180978145,,,,,,,,,,,,,,,,,,,0.6888481137091511,True,"7,21",,,7.0,
43,KL-JMI,pair,True,,-1.012334948039996,,,,,,,,,,,,,,,,,,,0.6888481137091511,True,"7,22",,,7.0,
43,KL-JMI,pair,False,,-0.3670377280465207,,,,,,,,,,,,,,,,,,,0.6888481137091511,True,"7,23",,,7.0,
43,KL-JMI,pair,True,,0.04291755757686655,,,,,,,,,,,,,,,,,,,0.6888481137091511,False,"7,24",,,7.0,
43,KL-JMI,pair,False,,-0.0004977139334025882,,,,,,,,,,,,,,,,,,,0.6888481137091511,True,"8,9",,,7.0,
43,KL-JMI,pair,True,,0.10914477782787757,,,,,,,,,,,,,,,,,,,0.6888481137091511,False,"8,10",,,7.0,
43,KL-JMI,pair,True,,0.12629263896739462,,,,,,,,,,,,,,,,,,,0.6888481137091511,False,"8,11",,,7.0,
43,KL-JMI,pair,True,,0.04794247526130446,,,,,,,,,,,,,,,,,,,0.6888481137091511,False,"8,12",,,7.0,
43,KL-JMI,pair,False,,0.035347548985113164,,,,,,,,,,,,,,,,,,,0.6888481137091511,False,"8,13",,,7.0,
43,KL-JMI,pair,True,,0.11886174083165191,,,,,,,,,,,,,,,,,,,0.6888481137091511,False,"8,14",,,7.0,
43,KL-JMI,pair,True,,0.05233750575157048,,,,,,,,,,,,,,,,,,,0.6888481137091511,False,"8,15",,,7.0,
43,KL-JMI,pair,True,,0.15532084298820603,,,,,,,,,,,,,,,,,,,0.6888481137091511,False,"8,16",,,7.0,
43,KL-JMI,pair,False,,-0.10273989291497632,,,,,,,,,,,,,,,,,,,0.6888481137091511,True,"8,17",,,7.0,
43,KL-JMI,pair,True,,0.11617839303257749,,,,,,,,,,,,,,,,,,,0.6888481137091511,False,"8,18",,,7.0,
43,KL-JMI,pair,True,,0.13254727284361256,,,,,,,,,,,,,,,,,,,0.6888481137091511,False,"8,19",,,7.0,
43,KL-JMI,pair,True,,0.14873696311603046,,,,,,,,,,,,,,,,,,,0.6888481137091511,False,"8,20",,,7.0,
43,KL-JMI,pair,True,,0.10019155280970105,,,,,,,,,,,,,,,,,,,0.6888481137091511,False,"8,21",,,7.0,
43,KL-JMI,pair,True,,-0.47212000441433055,,,,,,,,,,,,,,,,,,,0.6888481137091511,True,"8,22",,,7.0,
43,KL-JMI,pair,False,,-0.5271293750626422,,,,,,,,,,,,,,,,,,,0.6888481137091511,True,"8,23",,,7.0,
43,KL-JMI,pair,True,,0.12125742378291315,,,,,,,,,,,,,,,,,,,0.6888481137091511,False,"8,24",,,7.0,
43,KL-JMI,pair,False,,-0.020827949649990796,,,,,,,,,,,,,,,,,,,0.6888481137091511,True,"9,10",,,7.0,
43,KL-JMI,pair,False,,0.039956014908485216,,,,,,,,,,,,,,,,,,,0.6888481137091511,False,"9,11",,,7.0,
43,KL-JMI,pair,False,,-0.03333587924602144,,,,,,,,,,,,,,,,,,,0.6888481137091511,True,"9,12",,,7.0,
43,KL-JMI,pair,False,,-0.8549358651924015,,,,,,,,,,,,,,,,,,,0.6888481137091511,True,"9,13",,,7.0,
43,KL-JMI,pair,False,,0.006230052618049653,,,,,,,,,,,,,,,,,,,0.6888481137091511,False,"9,14",,,7.0,
43,KL-JMI,pair,False,,-0.8048729261731857,,,,,,,,,,,,,,,,,,,0.6888481137091511,True,"9,15",,,7.0,
43,KL-JMI,pair,False,,0.07543967379438232,,,,,,,,,,,,,,,,,,,0.6888481137091511,False,"9,16",,,7.0,
43,KL-JMI,pair,False,,-0.9545802722603689,,,,,,,,,,,,,,,,,,,0.6888481137091511,True,"9,17",,,7.0,
43,KL-JMI,pair,False,,-0.00045855345951562043,,,,,,,,,,,,,,,,,,,0.6888481137091511,True,"9,18",,,7.0,
43,KL-JMI,pair,False,,0.030236571003938062,,,,,,,,,,,,,,,,,,,0.6888481137091511,False,"9,19",,,7.0,
43,KL-JMI,pair,False,,0.009139941821738606,,,,,,,,,,,,,,,,,,,0.6888481137091511,False,"9,20",,,7.0,
43,KL-JMI,pair,False,,-0.12911004668674897,,,,,,,,,,,,,,,,,,,0.6888481137091511,True,"9,21",,,7.0,
43,KL-JMI,pair,False,,-0.8546702306210525,,,,,,,,,,,,,,,,,,,0.6888481137091511,True,"9,22",,,7.0,
43,KL-JMI,pair,False,,-0.27687314171040533,,,,,,,,,,,,,,,,,,,0.6888481137091511,True,"9,23",,,7.0,
43,KL-JMI,pair,False,,-0.004823460076679886,,,,,,,,,,,,,,,,,,,0.6888481137091511,True,"9,24",,,7.0,
43,KL-JMI,pair,True,,0.12028964067835601,,,,,,,,,,,,,,,,,,,0.6888481137091511,False,"10,11",,,7.0,
43,KL-JMI,pair,True,,0.08844600354261534,,,,,,,,,,,,,,,,,,,0.6888481137091511,False,"10,12",,,7.0,
43,KL-JMI,pair,False,,0.02592852538477075,,,,,,,,,,,,,,,,,,,0.6888481137091511,False,"10,13",,,7.0,
43,KL-JMI,pair,True,,0.12352689099620706,,,,,,,,,,,,,,,,,,,0.6888481137091511,False,"10,14",,,7.0,
43,KL-JMI,pair,True,,0.010817610957564394,,,,,,,,,,,,,,,,,,,0.6888481137091511,False,"10,15",,,7.0,
43,KL-JMI,pair,True,,0.12530884562586042,,,,,,,,,,,,,,,,,,,0.6888481137091511,False,"10,16",,,7.0,
43,KL-JMI,pair,False,,-0.010278201203450799,,,,,,,,,,,,,,,,,,,0.6888481137091511,True,"10,17",,,7.0,
43,KL-JMI,pair,True,,0.11494452824771173,,,,,,,,,,,,,,,,,,,0.6888481137091511,False,"10,18",,,7.0,
43,KL-JMI,pair,True,,0.12730423173449434,,,,,,,,,,,,,,,,,,,0.6888481137091511,False,"10,19",,,7.0,
43,KL-JMI,pair,True,,0.13961617480652277,,,,,,,,,,,,,,,,,,,0.6888481137091511,False,"10,20",,,7.0,
43,KL-JMI,pair,True,,0.0702306226523064,,,,,,,,,,,,,,,,,,,0.6888481137091511,False,"10,21",,,7.0,
43,KL-JMI,pair,True,,-0.4105131777481379,,,,,,,,,,,,,,,,,,,0.6888481137091511,True,"10,22",,,7.0,
43,KL-JMI,pair,False,,-0.36339266435761797,,,,,,,,,,,,,,,,,,,0.6888481137091511,True,"10,23",,,7.0,
43,KL-JMI,pair,True,,0.11347710629813768,,,,,,,,,,,,,,,,,,,0.6888481137091511,False,"10,24",,,7.0,
43,KL-JMI,pair,True,,0.031054427618489644,,,,,,,,,,,,,,,,,,,0.6888481137091511,False,"11,12",,,7.0,
43,KL-JMI,pair,False,,0.06554369833874718,,,,,,,,,,,,,,,,,,,0.6888481137091511,False,"11,13",,,7.0,
43,KL-JMI,pair,True,,0.1455343938192406,,,,,,,,,,,,,,,,,,,0.6888481137091511,False,"11,14",,,7.0,
43,KL-JMI,pair,True,,0.08796063733809922,,,,,,,,,,,,,,,,,,,0.6888481137091511,False,"11,15",,,7.0,
43,KL-JMI,pair,True,,0.1345272323511839,,,,,,,,,,,,,,,,,,,0.6888481137091511,False,"11,16",,,7.0,
43,KL-JMI,pair,False,,-0.01475539884089061,,,,,,,,,,,,,,,,,,,0.6888481137091511,True,"11,17",,,7.0,
43,KL-JMI,pair,True,,0.1330789730333155,,,,,,,,,,,,,,,,,,,0.6888481137091511,False,"11,18",,,7.0,
43,KL-JMI,pair,True,,0.07260170829149004,,,,,,,,,,,,,,,,,,,0.6888481137091511,False,"11,19",,,7.0,
43,KL-JMI,pair,True,,0.13886072179145081,,,,,,,,,,,,,,,,,,,0.6888481137091511,False,"11,20",,,7.0,
43,KL-JMI,pair,True,,0.07488180411377465,,,,,,,,,,,,,,,,,,,0.6888481137091511,False,"11,21",,,7.0,
43,KL-JMI,pair,True,,-0.28849081839268775,,,,,,,,,,,,,,,,,,,0.6888481137091511,True,"11,22",,,7.0,
43,KL-JMI,pair,False,,-0.5836849954174457,,,,,,,,,,,,,,,,,,,0.6888481137091511,True,"11,23",,,7.0,
43,KL-JMI,pair,True,,0.10697314500818766,,,,,,,,,,,,,,,,,,,0.6888481137091511,False,"11,24",,,7.0,
43,KL-JMI,pair,False,,-0.0015027343050091346,,,,,,,,,,,,,,,,,,,0.6888481137091511,True,"12,13",,,7.0,
43,KL-JMI,pair,True,,0.08838869599275156,,,,,,,,,,,,,,,,,,,0.6888481137091511,False,"12,14",,,7.0,
43,KL-JMI,pair,True,,-0.005055598182367671,,,,,,,,,,,,,,,,,,,0.6888481137091511,True,"12,15",,,7.0,
43,KL-JMI,pair,True,,0.0956186602507354,,,,,,,,,,,,,,,,,,,0.6888481137091511,False,"12,16",,,7.0,
43,KL-JMI,pair,False,,-0.02257647380506933,,,,,,,,,,,,,,,,,,,0.6888481137091511,True,"12,17",,,7.0,
43,KL-JMI,pair,True,,0.04996102975199257,,,,,,,,,,,,,,,,,,,0.6888481137091511,False,"12,18",,,7.0,
43,KL-JMI,pair,True,,0.07306675480266334,,,,,,,,,,,,,,,,,,,0.6888481137091511,False,"12,19",,,7.0,
43,KL-JMI,pair,True,,0.10815483921413582,,,,,,,,,,,,,,,,,,,0.6888481137091511,False,"12,20",,,7.0,
43,KL-JMI,pair,True,,-0.09799988475527943,,,,,,,,,,,,,,,,,,,0.6888481137091511,True,"12,21",,,7.0,
43,KL-JMI,pair,True,,-0.30710202100625406,,,,,,,,,,,,,,,,,,,0.6888481137091511,True,"12,22",,,7.0,
43,KL-JMI,pair,False,,-0.233741693123104,,,,,,,,,,,,,,,,,,,0.6888481137091511,True,"12,23",,,7.0,
43,KL-JMI,pair,True,,0.04046725058773504,,,,,,,,,,,,,,,,,,,0.6888481137091511,False,"12,24",,,7.0,
43,KL-JMI,pair,False,,0.031489939620832574,,,,,,,,,,,,,,,,,,,0.6888481137091511,False,"13,14",,,7.0,
43,KL-JMI,pair,False,,-0.7655915831466586,,,,,,,,,,,,,,,,,,,0.6888481137091511,True,"13,15",,,7.0,
43,KL-JMI,pair,False,,0.08215177396076068,,,,,,,,,,,,,,,,,,,0.6888481137091511,False,"13,16",,,7.0,
43,KL-JMI,pair,False,,-0.8144593205564945,,,,,,,,,,,,,,,,,,,0.6888481137091511,True,"13,17",,,7.0,
43,KL-JMI,pair,False,,0.01203307775486362,,,,,,,,,,,,,,,,,,,0.6888481137091511,False,"13,18",,,7.0,
43,KL-JMI,pair,False,,0.07691116209482107,,,,,,,,,,,,,,,,,,,0.6888481137091511,False,"13,19",,,7.0,
43,KL-JMI,pair,False,,0.0048026911279670514,,,,,,,,,,,,,,,,,,,0.6888481137091511,False,"13,20",,,7.0,
43,KL-JMI,pair,False,,-0.09968983671053433,,,,,,,,,,,,,,,,,,,0.6888481137091511,True,"13,21",,,7.0,
43,KL-JMI,pair,False,,-0.9111415165324974,,,,,,,,,,,,,,,,,,,0.6888481137091511,True,"13,22",,,7.0,
43,KL-JMI,pair,False,,-0.3025510607906785,,,,,,,,,,,,,,,,,,,0.6888481137091511,True,"13,23",,,7.0,
43,KL-JMI,pair,False,,0.06381014303613197,,,,,,,,,,,,,,,,,,,0.6888481137091511,False,"13,24",,,7.0,
43,KL-JMI,pair,True,,0.07986438551961816,,,,,,,,,,,,,,,,,,,0.6888481137091511,False,"14,15",,,7.0,
43,KL-JMI,pair,True,,0.1245293269563108,,,,,,,,,,,,,,,,,,,0.6888481137091511,False,"14,16",,,7.0,
43,KL-JMI,pair,False,,-0.02225611270518746,,,,,,,,,,,,,,,,,,,0.6888481137091511,True,"14,17",,,7.0,
43,KL-JMI,pair,True,,0.09993767208076054,,,,,,,,,,,,,,,,,,,0.6888481137091511,False,"14,18",,,7.0,
43,KL-JMI,pair,True,,0.14573990415989768,,,,,,,,,,,,,,,,,,,0.6888481137091511,False,"14,19",,,7.0,
43,KL-JMI,pair,True,,0.1575036624222741,,,,,,,,,,,,,,,,,,,0.6888481137091511,False,"14,20",,,7.0,
43,KL-JMI,pair,True,,0.09742478778965857,,,,,,,,,,,,,,,,,,,0.6888481137091511,False,"14,21",,,7.0,
43,KL-JMI,pair,True,,-0.3889729270772193,,,,,,,,,,,,,,,,,,,0.6888481137091511,True,"14,22",,,7.0,
43,KL-JMI,pair,False,,-0.4390774482282094,,,,,,,,,,,,,,,,,,,0.6888481137091511,True,"14,23",,,7.0,
43,KL-JMI,pair,True,,0.1251054543793173,,,,,,,,,,,,,,,,,,,0.6888481137091511,False,"14,24",,,7.0,
43,KL-JMI,pair,True,,0.07476251190788097,,,,,,,,,,,,,,,,,,,0.6888481137091511,False,"15,16",,,7.0,
43,KL-JMI,pair,False,,-1.0815337535623515,,,,,,,,,,,,,,,,,,,0.6888481137091511,True,"15,17",,,7.0,
43,KL-JMI,pair,True,,0.05761264243040465,,,,,,,,,,,,,,,,,,,0.6888481137091511,False,"15,18",,,7.0,
43,KL-JMI,pair,True,,0.06898213055774405,,,,,,,,,,,,,,,,,,,0.6888481137091511,False,"15,19",,,7.0,
43,KL-JMI,pair,True,,0.04363129987864656,,,,,,,,,,,,,,,,,,,0.6888481137091511,False,"15,20",,,7.0,
43,KL-JMI,pair,True,,-0.0006377198422480301,,,,,,,,,,,,,,,,,,,0.6888481137091511,True,"15,21",,,7.0,
43,KL-JMI,pair,True,,-0.8306814660038011,,,,,,,,,,,,,,,,,,,0.6888481137091511,True,"15,22",,,7.0,
43,KL-JMI,pair,False,,-0.2711607056275156,,,,,,,,,,,,,,,,,,,0.6888481137091511,True,"15,23",,,7.0,
43,KL-JMI,pair,True,,0.0526897271607798,,,,,,,,,,,,,,,,,,,0.6888481137091511,False,"15,24",,,7.0,
43,KL-JMI,pair,False,,0.057535106774511124,,,,,,,,,,,,,,,,,,,0.6888481137091511,False,"16,17",,,7.0,
43,KL-JMI,pair,True,,0.09850324135903565,,,,,,,,,,,,,,,,,,,0.6888481137091511,False,"16,18",,,7.0,
43,KL-JMI,pair,True,,0.1394161922000019,,,,,,,,,,,,,,,,,,,0.6888481137091511,False,"16,19",,,7.0,
43,KL-JMI,pair,True,,0.14898894410256958,,,,,,,,,,,,,,,,,,,0.6888481137091511,False,"16,20",,,7.0,
43,KL-JMI,pair,True,,0.09292478494343004,,,,,,,,,,,,,,,,,,,0.6888481137091511,False,"16,21",,,7.0,
43,KL-JMI,pair,True,,-0.2767923515637216,,,,,,,,,,,,,,,,,,,0.6888481137091511,True,"16,22",,,7.0,
43,KL-JMI,pair,False,,-0.4535740868447178,,,,,,,,,,,,,,,,,,,0.6888481137091511,True,"16,23",,,7.0,
43,KL-JMI,pair,True,,0.126700108239441,,,,,,,,,,,,,,,,,,,0.6888481137091511,False,"16,24",,,7.0,
43,KL-JMI,pair,False,,-0.09974022339641486,,,,,,,,,,,,,,,,,,,0.6888481137091511,True,"17,18",,,7.0,
43,KL-JMI,pair,False,,-0.02850733604338407,,,,,,,,,,,,,,,,,,,0.6888481137091511,True,"17,19",,,7.0,
43,KL-JMI,pair,False,,-0.06619064285325393,,,,,,,,,,,,,,,,,,,0.6888481137091511,True,"17,20",,,7.0,
43,KL-JMI,pair,False,,-0.12609479574950067,,,,,,,,,,,,,,,,,,,0.6888481137091511,True,"17,21",,,7.0,
43,KL-JMI,pair,False,,-0.9222697806505575,,,,,,,,,,,,,,,,,,,0.6888481137091511,True,"17,22",,,7.0,
43,KL-JMI,pair,False,,-0.3522814350985417,,,,,,,,,,,,,,,,,,,0.6888481137091511,True,"17,23",,,7.0,
43,KL-JMI,pair,False,,-0.05818995849386366,,,,,,,,,,,,,,,,,,,0.6888481137091511,True,"17,24",,,7.0,
43,KL-JMI,pair,True,,0.12828520663094856,,,,,,,,,,,,,,,,,,,0.6888481137091511,False,"18,19",,,7.0,
43,KL-JMI,pair,True,,0.12570225531943624,,,,,,,,,,,,,,,,,,,0.6888481137091511,False,"18,20",,,7.0,
43,KL-JMI,pair,True,,0.07735503269596133,,,,,,,,,,,,,,,,,,,0.6888481137091511,False,"18,21",,,7.0,
43,KL-JMI,pair,True,,-0.48324352549926886,,,,,,,,,,,,,,,,,,,0.6888481137091511,True,"18,22",,,7.0,
43,KL-JMI,pair,False,,-0.5962782917755094,,,,,,,,,,,,,,,,,,,0.6888481137091511,True,"18,23",,,7.0,
43,KL-JMI,pair,True,,0.11636171777372484,,,,,,,,,,,,,,,,,,,0.6888481137091511,False,"18,24",,,7.0,
43,KL-JMI,pair,True,,0.12314988134014282,,,,,,,,,,,,,,,,,,,0.6888481137091511,False,"19,20",,,7.0,
43,KL-JMI,pair,True,,0.040405156221211325,,,,,,,,,,,,,,,,,,,0.6888481137091511,False,"19,21",,,7.0,
43,KL-JMI,pair,True,,-0.4797456924689967,,,,,,,,,,,,,,,,,,,0.6888481137091511,True,"19,22",,,7.0,
43,KL-JMI,pair,False,,-0.5915535474958404,,,,,,,,,,,,,,,,,,,0.6888481137091511,True,"19,23",,,7.0,
43,KL-JMI,pair,True,,0.11341421368979399,,,,,,,,,,,,,,,,,,,0.6888481137091511,False,"19,24",,,7.0,
43,KL-JMI,pair,True,,0.08034719352427766,,,,,,,,,,,,,,,,,,,0.6888481137091511,False,"20,21",,,7.0,
43,KL-JMI,pair,True,,-0.37975982422284993,,,,,,,,,,,,,,,,,,,0.6888481137091511,True,"20,22",,,7.0,
43,KL-JMI,pair,False,,-0.42997701178667613,,,,,,,,,,,,,,,,,,,0.6888481137091511,True,"20,23",,,7.0,
43,KL-JMI,pair,True,,0.13298516423200546,,,,,,,,,,,,,,,,,,,0.6888481137091511,False,"20,24",,,7.0,
43,KL-JMI,pair,True,,-0.9177132184389958,,,,,,,,,,,,,,,,,,,0.6888481137091511,True,"21,22",,,7.0,
43,KL-JMI,pair,False,,-0.6473133720456712,,,,,,,,,,,,,,,,,,,0.6888481137091511,True,"21,23",,,7.0,
43,KL-JMI,pair,True,,0.05072799198145228,,,,,,,,,,,,,,,,,,,0.6888481137091511,False,"21,24",,,7.0,
43,KL-JMI,pair,False,,-0.7185265739187479,,,,,,,,,,,,,,,,,,,0.6888481137091511,True,"22,23",,,7.0,
43,KL-JMI,pair,True,,-0.5242180660876263,,,,,,,,,,,,,,,,,,,0.6888481137091511,True,"22,24",,,7.0,
43,KL-JMI,pair,False,,-0.6439392620480335,,,,,,,,,,,,,,,,,,,0.6888481137091511,True,"23,24",,,7.0,
43,PSS ell=1,subset,True,1.0,0.03555197288770312,1.0,1.0,1.0104014662303333,-0.4094230134638855,0.9998552193426958,0.9998552193426958,0.9996808680389341,0.9996808680389341,0.9996808680389341,0.9997349940373659,0.9996808680389341,,,,,,1.0,18.0,0.6888481137091511,False,18,,3.0,,3.0
43,PSS ell=1,subset,True,1.0,0.07106082341351838,1.0,1.0,1.0242941270121368,-0.9493184712775399,0.9996380483567395,0.9996380483567395,0.9992021700973353,0.9992021700973353,0.9992021700973353,0.9993374850934146,0.9992021700973353,,,,,,2.0,6.0,0.6888481137091511,False,"18,6",,3.0,,3.0
43,PSS ell=1,subset,True,1.0,0.10300310881328034,1.0,1.0,1.0344077177262756,-1.320348132533577,0.9994932676994354,0.9994932676994354,0.9988830381362693,0.9988830381362693,0.9988830381362693,0.9990724791307805,0.9988830381362693,,,,,,3.0,11.0,0.6888481137091511,False,"18,6,11",,3.0,,3.0
43,PSS ell=1,subset,True,1.0,0.13299979297509767,1.0,1.0,1.0458017677434026,-1.6694035323107372,0.9992760967134791,0.9992760967134791,0.9986749701868292,0.9986749701868292,0.9986749701868292,0.9986749701868292,0.9987234721557364,,,,,,4.0,16.0,0.6888481137091511,False,"18,6,11,16",,3.0,,3.0
43,PSS ell=1,subset,True,1.0,0.16228179760996309,1.0,1.0,1.0585837922343677,-2.3944425437675823,0.9991313160561749,0.9991313160561749,0.998277461242878,0.998277461242878,0.998277461242878,0.998277461242878,0.9984043401946705,,,,,,5.0,4.0,0.6888481137091511,False,"18,6,11,16,4",,3.0,,3.0
43,PSS ell=1,subset,True,1.0,0.19076912501368604,1.0,1.0,1.0700468563666117,-2.7918399333412305,0.9989865353988707,0.9989865353988707,0.9979256422530717,0.9979256422530717,0.9979256422530717,0.9980124552802438,0.9979256422530717,,,,,,6.0,19.0,0.6888481137091511,False,"18,6,11,16,4,19",,3.0,,3.0
43,PSS ell=1,subset,True,1.0,0.21380757982594867,1.0,1.0,1.0830776332251948,-3.504806320412561,0.9986245837556103,0.9986245837556103,0.9976065102920058,0.9976065102920058,0.9976065102920058,0.9976149463362926,0.9976065102920058,,,,,,7.0,12.0,0.6888481137091511,False,"18,6,11,16,4,19,12",,3.0,,3.0
43,PSS ell=1,subset,True,1.0,0.23555773941250058,1.0,1.0,1.0959723974445574,-3.8588640570833723,0.9981902417836978,0.9981902417836978,0.996649114408808,0.996649114408808,0.996649114408808,0.9970849344110242,0.996649114408808,,,,,,8.0,8.0,0.6888481137091511,False,"18,6,11,16,4,19,12,8",,3.0,,3.0
43,PSS ell=1,subset,True,1.0,0.25365772327259695,1.0,1.0,1.1082064100867972,-4.151847429338005,0.9980454611263935,0.9980454611263935,0.9964895484282751,0.9964895484282751,0.9964895484282751,0.996687425467073,0.9964895484282751,,,,,,9.0,24.0,0.6888481137091511,False,"18,6,11,16,4,19,12,8,24",,3.0,,3.0
43,PSS ell=1,subset,True,1.0,0.271170587631139,1.0,1.0,1.1221629130014983,-4.987252023771852,0.9977558998117851,0.9977558998117851,0.9961574135418046,0.9961574135418046,0.9961574135418046,0.9961574135418046,0.9963299824477422,,,,,,10.0,10.0,0.6888481137091511,False,"18,6,11,16,4,19,12,8,24,10",,3.0,,3.0
43,PSS ell=1,subset,True,1.0,0.2859567508173111,1.0,1.0,1.1373921626540533,-5.814885114694678,0.9974663384971768,0.9974663384971768,0.9956917185256103,0.9956917185256103,0.9956917185256103,0.9958924075791705,0.9956917185256103,,,,,,11.0,2.0,0.6888481137091511,False,"18,6,11,16,4,19,12,8,24,10,2",,3.0,,3.0
43,PSS ell=1,subset,True,1.0,0.2974386746530726,1.0,1.0,1.1490499935919634,-6.202177159219041,0.9971043868539163,0.9971043868539163,0.9948938886229456,0.9948938886229456,0.9948938886229456,0.9954948986352193,0.9948938886229456,,,,,,12.0,20.0,0.6888481137091511,False,"18,6,11,16,4,19,12,8,24,10,2,20",,3.0,,3.0
43,PSS ell=1,subset,True,1.0,0.3069462197453605,1.0,1.0,1.1615976170774565,-6.540269827695638,0.9969596061966122,0.9969596061966122,0.9947343226424127,0.9947343226424127,0.9947343226424127,0.9953623956539022,0.9947343226424127,,,,,,13.0,14.0,0.6888481137091511,False,"18,6,11,16,4,19,12,8,24,10,2,20,14",,3.0,,3.0
43,PSS ell=1,subset,True,1.0,0.2979140645695937,1.0,1.0,1.1712797077535815,-6.952083574900549,0.9967424352106559,0.9967424352106559,0.9944151906813468,0.9944151906813468,0.9944151906813468,0.994964886709951,0.9944151906813468,,,,,,14.0,21.0,0.6888481137091511,False,"18,6,11,16,4,19,12,8,24,10,2,20,14,21",,3.0,,3.0
43,PSS ell=1,subset,True,1.0,0.2844909065193857,1.0,1.0,1.1827867486610373,-7.407562469056842,0.9965976545533517,0.9965976545533517,0.9940960587202808,0.9940960587202808,0.9940960587202808,0.9946998807473169,0.9940960587202808,,,,,,15.0,3.0,0.6888481137091511,False,"18,6,11,16,4,19,12,8,24,10,2,20,14,21,3",,3.0,,3.0
43,PSS ell=1,subset,True,1.0,0.23170741418302576,1.0,1.0,1.1961304419678922,-10.722284699975836,0.9962357029100912,0.9962357029100912,0.993617360778682,0.993617360778682,0.993617360778682,0.9944348747846826,0.993617360778682,,,,,,16.0,23.0,0.6888481137091511,False,"18,6,11,16,4,19,12,8,24,10,2,20,14,21,3,23",,3.0,,3.0
43,PSS ell=1,subset,True,1.0,0.14873239022380247,1.0,1.0,1.212698513436812,-19.479813915780838,0.9959461415954829,0.9959461415954829,0.9932982288176161,0.9932982288176161,0.9932982288176161,0.9940373658407314,0.9932982288176161,,,,,,17.0,0.0,0.6888481137091511,False,"18,6,11,16,4,19,12,8,24,10,2,20,14,21,3,23,0",,3.0,,3.0
43,PSS ell=1,subset,True,1.0,0.049365998356069696,1.0,1.0,1.225910272616812,-19.786636742494366,0.9955841899522224,0.9955841899522224,0.9925003989149513,0.9925003989149513,0.9925003989149513,0.9937723598780973,0.9925003989149513,,,,,,18.0,15.0,0.6888481137091511,False,"18,6,11,16,4,19,12,8,24,10,2,20,14,21,3,23,0,15",,3.0,,3.0
43,PSS ell=1,subset,True,1.0,-0.07583331718561936,1.0,1.0,1.2367602982650976,-20.10922637588791,0.9954394092949183,0.9954394092949183,0.9921812669538854,0.9921812669538854,0.9921812669538854,0.9935073539154631,0.9921812669538854,,,,,,19.0,7.0,0.6888481137091511,True,"18,6,11,16,4,19,12,8,24,10,2,20,14,21,3,23,0,15,7",,3.0,,3.0
43,PSS ell=1,subset,True,1.0,-0.23750737066171013,1.0,1.0,1.251572534516344,-20.41602527758547,0.995294628637614,0.995294628637614,0.9918621349928195,0.9918621349928195,0.9918621349928195,0.993242347952829,0.9918621349928195,,,,,,20.0,13.0,0.6888481137091511,True,"18,6,11,16,4,19,12,8,24,10,2,20,14,21,3,23,0,15,7,13",,3.0,,3.0
44,PSS class-aware SC-CV,subset,True,5.0,0.045467401052365686,1.0,1.0,1.016795486418113,-0.389055656634669,0.9994208773707832,0.9994208773707832,0.9980897803247374,0.9980897803247374,0.9980897803247374,0.9982740308019118,0.9980897803247374,0.9980897803247374,False,5.0,True,0.0,1.0,11.0,0.689047544148698,False,11,0.85,10.0,,
44,PSS class-aware SC-CV,subset,True,5.0,0.14505468112514652,1.0,1.0,1.0712505174867502,-1.1010174284388863,0.9932676994353554,0.9931953091067034,0.9850366125437758,0.9848774275708373,0.9848774275708373,0.987254381306426,0.9848774275708373,0.9848774275708373,False,5.0,True,0.0,2.0,6.0,0.689047544148698,False,"11,6",0.85,10.0,,
44,PSS class-aware SC-CV,subset,True,5.0,0.398187673970678,0.9996380483567395,0.9984081502706145,1.1973285235953086,-2.1844361303413167,0.9711162588678153,0.9709714782105111,0.9404648201209805,0.9393505253104107,0.9393505253104107,0.9425119490175252,0.9393505253104107,0.9393505253104107,False,5.0,True,0.0,3.0,20.0,0.689047544148698,False,"11,6,20",0.85,10.0,,
44,PSS class-aware SC-CV,subset,True,5.0,0.9458381995612406,0.9986245837556103,0.9963387456224132,1.4160497828608412,-4.217359165935217,0.9239901549153033,0.9234110322860866,0.852753900031837,0.85132123527539,0.85132123527539,0.8713489113117366,0.85132123527539,0.85132123527539,False,5.0,True,0.0,4.0,5.0,0.689047544148698,True,"11,6,20,5",0.85,10.0,,
44,PSS class-aware SC-CV,subset,True,3.0,0.8763596023396314,0.9995656580280875,0.9976101964949549,1.4459025455820178,-4.8656675543258565,0.9367308527580716,0.9364412914434631,0.8751989812161732,0.874880611270296,0.874880611270296,0.9060010621348912,0.874880611270296,0.874880611270296,False,3.0,True,0.0,5.0,16.0,0.689047544148698,True,"11,6,20,5,16",0.85,10.0,,
44,PSS class-aware SC-CV,subset,True,2.0,0.688617156425062,0.9997828290140437,0.9993632601082458,1.3640558928165905,-5.158425687771179,0.9561314608368322,0.9561314608368322,0.9143584845590577,0.9138809296402419,0.9138809296402419,0.9425119490175252,0.9138809296402419,0.9138809296402419,False,2.0,True,0.0,6.0,9.0,0.689047544148698,False,"11,6,20,5,16,9",0.85,10.0,,
44,PSS class-aware SC-CV,subset,True,2.0,0.9833301613441776,0.9986969740842624,0.997134670487106,1.5394627863916253,-6.953455369901689,0.9377443173592008,0.9375995367018967,0.8794969754855142,0.8790194205666985,0.8790194205666985,0.9219330855018587,0.8790194205666985,0.8790194205666985,False,2.0,True,0.0,7.0,2.0,0.689047544148698,True,"11,6,20,5,16,9,2",0.85,10.0,,
44,PSS class-aware SC-CV,subset,True,2.0,0.9327578877063107,0.9983350224410019,0.995618693574084,1.7137897521989234,-14.89431085644735,0.9267409874040828,0.9265962067467787,0.8568927093282395,0.8565743393823623,0.8565743393823623,0.9028146574614976,0.8565743393823623,0.8565743393823623,False,2.0,True,0.0,8.0,0.0,0.689047544148698,True,"11,6,20,5,16,9,2,0",0.85,10.0,,
44,PSS class-aware SC-CV,subset,True,1.0,-0.5818608094384548,1.0,1.0,1.1086369722621554,-13.061456422054334,0.998407412769654,0.998407412769654,0.997134670487106,0.997134670487106,0.997134670487106,0.997344662772172,0.997134670487106,0.997134670487106,False,1.0,True,0.0,9.0,18.0,0.689047544148698,True,"11,6,20,5,16,9,2,0,18",0.85,10.0,,
44,PSS class-aware SC-CV,subset,True,1.0,-0.5499921434559525,1.0,1.0,1.1224361472653066,-13.8200401557446,0.9982626321123498,0.9982626321123498,0.9968163005412289,0.9968163005412289,0.9968163005412289,0.9970791290493892,0.9968163005412289,0.9968163005412289,False,1.0,True,0.0,10.0,4.0,0.689047544148698,True,"11,6,20,5,16,9,2,0,18,4",0.85,10.0,,
44,PSS class-aware SC-CV,subset,True,1.0,-0.5227869521491453,1.0,1.0,1.1346988434608263,-14.23033387108311,0.9981178514550456,0.9981178514550456,0.9964979305953517,0.9964979305953517,0.9964979305953517,0.9968135953266065,0.9964979305953517,0.9964979305953517,False,1.0,True,0.0,11.0,19.0,0.689047544148698,True,"11,6,20,5,16,9,2,0,18,4,19",0.85,10.0,,
44,PSS class-aware SC-CV,subset,True,1.0,-0.49997899283224534,1.0,1.0,1.1480894042226046,-14.553654972369648,0.9979006804690893,0.9979006804690893,0.9960203756765361,0.9960203756765361,0.9960203756765361,0.9965480616038237,0.9960203756765361,0.9960203756765361,False,1.0,True,0.0,12.0,8.0,0.689047544148698,True,"11,6,20,5,16,9,2,0,18,4,19,8",0.85,10.0,,
44,PSS class-aware SC-CV,subset,True,1.0,-0.47875048917995855,1.0,1.0,1.1620393320719704,-15.28142010260153,0.9977558998117851,0.9977558998117851,0.995702005730659,0.995702005730659,0.995702005730659,0.9962825278810409,0.995702005730659,0.995702005730659,False,1.0,True,0.0,13.0,12.0,0.689047544148698,True,"11,6,20,5,16,9,2,0,18,4,19,8,12",0.85,10.0,,
44,PSS class-aware SC-CV,subset,True,1.0,-0.4590959864123203,1.0,1.0,1.1752072260067796,-15.567803782532353,0.997611119154481,0.997611119154481,0.9955428207577205,0.9955428207577205,0.9955428207577205,0.9960169941582581,0.9955428207577205,0.9955428207577205,False,1.0,True,0.0,14.0,24.0,0.689047544148698,True,"11,6,20,5,16,9,2,0,18,4,19,8,12,24",0.85,10.0,,
44,PSS class-aware SC-CV,subset,True,1.0,-0.4441693829769662,1.0,1.0,1.1901000094804275,-16.397839755690487,0.9974663384971768,0.9974663384971768,0.995383635784782,0.995383635784782,0.995383635784782,0.9958842272968667,0.995383635784782,0.995383635784782,False,1.0,True,0.0,15.0,10.0,0.689047544148698,True,"11,6,20,5,16,9,2,0,18,4,19,8,12,24,10",0.85,10.0,,
44,PSS class-aware SC-CV,subset,True,1.0,-0.4351258579578179,1.0,1.0,1.2020080634612298,-16.73257967675808,0.9973215578398726,0.9973215578398726,0.9952244508118434,0.9952244508118434,0.9952244508118434,0.9957514604354754,0.9952244508118434,0.9952244508118434,False,1.0,True,0.0,16.0,14.0,0.689047544148698,True,"11,6,20,5,16,9,2,0,18,4,19,8,12,24,10,14",0.85,10.0,,
44,PSS class-aware SC-CV,subset,True,1.0,-0.44674674076483356,1.0,1.0,1.2141304286080112,-17.23431893167282,0.9971767771825684,0.9971767771825684,0.9949060808659662,0.9949060808659662,0.9949060808659662,0.9953531598513011,0.9949060808659662,0.9949060808659662,False,1.0,True,0.0,17.0,3.0,0.689047544148698,True,"11,6,20,5,16,9,2,0,18,4,19,8,12,24,10,14,3",0.85,10.0,,
44,PSS class-aware SC-CV,subset,True,1.0,-0.4680521986282322,1.0,1.0,1.2242052443211318,-17.73051408554025,0.9970319965252642,0.9970319965252642,0.9945877109200891,0.9945877109200891,0.9945877109200891,0.9950876261285183,0.9945877109200891,0.9945877109200891,False,1.0,True,0.0,18.0,21.0,0.689047544148698,True,"11,6,20,5,16,9,2,0,18,4,19,8,12,24,10,14,3,21",0.85,10.0,,
44,PSS class-aware SC-CV,subset,True,1.0,-0.515761827029948,1.0,1.0,1.23885780424525,-20.993049536552103,0.99688721586796,0.99688721586796,0.994269340974212,0.994269340974212,0.994269340974212,0.9946893255443441,0.994269340974212,0.994269340974212,False,1.0,True,0.0,19.0,23.0,0.689047544148698,True,"11,6,20,5,16,9,2,0,18,4,19,8,12,24,10,14,3,21,23",0.85,10.0,,
44,PSS class-aware SC-CV,subset,True,1.0,-0.6025232820091979,1.0,1.0,1.2528464060178548,-21.370830447822822,0.9967424352106559,0.9967424352106559,0.993950971028335,0.993950971028335,0.993950971028335,0.9944237918215614,0.993950971028335,0.993950971028335,False,1.0,True,0.0,20.0,15.0,0.689047544148698,True,"11,6,20,5,16,9,2,0,18,4,19,8,12,24,10,14,3,21,23,15",0.85,10.0,,
44,PSS-JMI,singleton,False,5.0,0.008646892465137057,0.9999276096713479,0.9998408150270615,1.0180851439686236,-9.192146859273508,0.9989865353988707,0.9987693644129144,0.9972118959107806,0.9972118959107806,0.9972118959107806,0.9972118959107806,0.9976122254059216,0.9972118959107806,False,5.0,True,0.0,,,0.689047544148698,False,0,0.95,5.0,,
44,PSS-JMI,singleton,False,5.0,-0.5987226112738218,1.0,1.0,1.0237799681820288,-1.836482074737926,0.9987693644129144,0.9987693644129144,0.9976122254059216,0.9976122254059216,0.9976122254059216,0.9985395645246946,0.9976122254059216,0.9976122254059216,False,5.0,True,0.0,,,0.689047544148698,True,1,0.95,5.0,,
44,PSS-JMI,singleton,False,4.0,0.028138193764610353,1.0,1.0,1.0170283336619712,-0.8467465504851812,0.999203706384827,0.999203706384827,0.9984081502706145,0.9984081502706145,0.9984081502706145,0.9989378651088688,0.9984081502706145,0.9984081502706145,False,5.0,True,0.0,,,0.689047544148698,False,2,0.95,5.0,,
44,PSS-JMI,singleton,False,5.0,-0.3118376400637809,1.0,1.0,1.0182585697172986,-0.8852378962332208,0.9991313160561749,0.9991313160561749,0.9980897803247374,0.9980897803247374,0.9980897803247374,0.9984067976633032,0.9980897803247374,0.9980897803247374,False,5.0,True,0.0,,,0.689047544148698,True,3,0.95,5.0,,
44,PSS-JMI,singleton,False,4.0,0.023729379640612724,1.0,1.0,1.0166764636825374,-0.7748789273107372,0.9992760967134791,0.9992760967134791,0.9982740308019118,0.9982740308019118,0.9982740308019118,0.9982740308019118,0.9984081502706145,0.9982740308019118,False,5.0,True,0.0,,,0.689047544148698,False,4,0.95,5.0,,
44,PSS-JMI,singleton,False,5.0,-0.5278592394641657,1.0,1.0,1.0183785674339463,-1.4958251370167004,0.9989865353988707,0.9989865353988707,0.9979305953517988,0.9979305953517988,0.9979305953517988,0.9984067976633032,0.9979305953517988,0.9979305953517988,False,5.0,True,0.0,,,0.689047544148698,True,5,0.95,5.0,,
44,PSS-JMI,singleton,False,5.0,0.01993014207430066,1.0,1.0,1.0184554788654747,-0.6036305593331899,0.9991313160561749,0.9991313160561749,0.9979305953517988,0.9979305953517988,0.9979305953517988,0.9984067976633032,0.9979305953517988,0.9979305953517988,False,5.0,True,0.0,,,0.689047544148698,False,6,0.95,5.0,,
44,PSS-JMI,singleton,False,5.0,-0.6755625724451881,1.0,1.0,1.0220908956762336,-1.2938989164035566,0.9991313160561749,0.9991313160561749,0.9980897803247374,0.9980897803247374,0.9980897803247374,0.998672331386086,0.9980897803247374,0.9980897803247374,False,5.0,True,0.0,,,0.689047544148698,True,7,0.95,5.0,,
44,PSS-JMI,singleton,False,1.0,0.022807959316905546,1.0,1.0,1.0118009821186886,-0.3192980927531672,0.9997828290140437,0.9997828290140437,0.9995224450811844,0.9995224450811844,0.9995224450811844,0.9997344662772172,0.9995224450811844,0.9995224450811844,False,5.0,True,0.0,,,0.689047544148698,False,8,0.95,5.0,,
44,PSS-JMI,singleton,False,5.0,-0.7466120749339897,1.0,1.0,1.020394744208301,-1.8310135754234669,0.9989865353988707,0.9989865353988707,0.9977714103788602,0.9977714103788602,0.9977714103788602,0.9980084970791291,0.9977714103788602,0.9977714103788602,False,5.0,True,0.0,,,0.689047544148698,True,9,0.95,5.0,,
44,PSS-JMI,singleton,False,5.0,0.02711274018889176,1.0,1.0,1.016687688328431,-0.8446497189421808,0.9992760967134791,0.9992760967134791,0.9976122254059216,0.9976122254059216,0.9976122254059216,0.9977429633563463,0.9976122254059216,0.9976122254059216,False,5.0,True,0.0,,,0.689047544148698,False,10,0.95,5.0,,
44,PSS-JMI,singleton,True,5.0,0.045467401052365686,1.0,1.0,1.016795486418113,-0.3905809874863785,0.9993484870421312,0.9993484870421312,0.9977429633563463,0.9977429633563463,0.9977429633563463,0.9977429633563463,0.9980897803247374,0.9977429633563463,False,5.0,True,0.0,,,0.689047544148698,False,11,0.95,5.0,,
44,PSS-JMI,singleton,False,5.0,0.04450845392538427,1.0,1.0,1.0204159768331245,-0.7633671056676374,0.999203706384827,0.999203706384827,0.9980897803247374,0.9980897803247374,0.9980897803247374,0.9982740308019118,0.9980897803247374,0.9980897803247374,False,5.0,True,0.0,,,0.689047544148698,False,12,0.95,5.0,,
44,PSS-JMI,singleton,False,5.0,-0.5977371905986752,1.0,1.0,1.024274044121967,-1.2766426588053483,0.9992760967134791,0.9992760967134791,0.9984081502706145,0.9984081502706145,0.9984081502706145,0.9985395645246946,0.9984081502706145,0.9984081502706145,False,5.0,True,0.0,,,0.689047544148698,True,13,0.95,5.0,,
44,PSS-JMI,singleton,False,2.0,0.028994117034004452,1.0,1.0,1.0126632633470107,-0.3349536949937908,0.9995656580280875,0.9995656580280875,0.9992040751353072,0.9992040751353072,0.9992040751353072,0.9993361656930431,0.9992040751353072,0.9992040751353072,False,5.0,True,0.0,,,0.689047544148698,False,14,0.95,5.0,,
44,PSS-JMI,singleton,False,5.0,-0.5993802718519396,1.0,1.0,1.0223560178402864,-1.1001182306290742,0.9991313160561749,0.9991313160561749,0.998567335243553,0.998567335243553,0.998567335243553,0.998672331386086,0.998567335243553,0.998567335243553,False,5.0,True,0.0,,,0.689047544148698,True,15,0.95,5.0,,
44,PSS-JMI,singleton,False,5.0,0.04052490403343845,1.0,1.0,1.0166835303491508,-0.3486078427605078,0.9989865353988707,0.9989865353988707,0.9980897803247374,0.9980897803247374,0.9980897803247374,0.9985395645246946,0.9980897803247374,0.9980897803247374,False,5.0,True,0.0,,,0.689047544148698,False,16,0.95,5.0,,
44,PSS-JMI,singleton,False,5.0,-0.5281904569594411,1.0,1.0,1.027562071216722,-1.9651650993745724,0.9990589257275228,0.9990589257275228,0.9982489652976759,0.9982489652976759,0.9982489652976759,0.9982740308019118,0.9982489652976759,0.9982489652976759,False,5.0,True,0.0,,,0.689047544148698,True,17,0.95,5.0,,
44,PSS-JMI,singleton,False,5.0,0.04055502074616485,1.0,1.0,1.0176972048624582,-0.4206777125173711,0.9990589257275228,0.9990589257275228,0.9977714103788602,0.9977714103788602,0.9977714103788602,0.9978757302177377,0.9977714103788602,0.9977714103788602,False,5.0,True,0.0,,,0.689047544148698,False,18,0.95,5.0,,
44,PSS-JMI,singleton,False,4.0,0.04211935007291323,1.0,1.0,1.0159485099340853,-0.41571411686815035,0.9992760967134791,0.9992760967134791,0.998567335243553,0.998567335243553,0.998567335243553,0.9992033988316517,0.998567335243553,0.998567335243553,False,5.0,True,0.0,,,0.689047544148698,False,19,0.95,5.0,,
44,PSS-JMI,singleton,False,5.0,0.02317882783654579,1.0,1.0,1.0179772122777235,-0.41578406649047506,0.9995656580280875,0.9995656580280875,0.9980084970791291,0.9980084970791291,0.9980084970791291,0.9980084970791291,0.9987265202164916,0.9980084970791291,False,5.0,True,0.0,,,0.689047544148698,False,20,0.95,5.0,,
44,PSS-JMI,singleton,False,5.0,-0.18900984179491076,1.0,1.0,1.021818036559594,-0.7711085390650804,0.999203706384827,0.999203706384827,0.9981412639405205,0.9981412639405205,0.9981412639405205,0.9981412639405205,0.9982489652976759,0.9981412639405205,False,5.0,True,0.0,,,0.689047544148698,True,21,0.95,5.0,,
44,PSS-JMI,singleton,False,5.0,-0.7093227655337131,1.0,1.0,1.0282461179583662,-4.176480770919956,0.9990589257275228,0.9990589257275228,0.9976122254059216,0.9976122254059216,0.9976122254059216,0.9984067976633032,0.9976122254059216,0.9976122254059216,False,5.0,True,0.0,,,0.689047544148698,True,22,0.95,5.0,,
44,PSS-JMI,singleton,False,5.0,-0.2142723901442367,1.0,1.0,1.0165990226484838,-3.571689429430319,0.9989865353988707,0.9989865353988707,0.9980897803247374,0.9980897803247374,0.9980897803247374,0.9981412639405205,0.9980897803247374,0.9980897803247374,False,5.0,True,0.0,,,0.689047544148698,True,23,0.95,5.0,,
44,PSS-JMI,singleton,False,5.0,0.016291474193808997,1.0,1.0,1.0180483270641643,-0.2999780687265481,0.999203706384827,0.999203706384827,0.9979305953517988,0.9979305953517988,0.9979305953517988,0.9985395645246946,0.9979305953517988,0.9979305953517988,False,5.0,True,0.0,,,0.689047544148698,False,24,0.95,5.0,,
44,PSS-JMI,pair,False,5.0,-0.5142215767260527,0.9997828290140437,0.9996816300541229,1.0662512921647238,-10.61394623205211,0.9929781381207471,0.9927609671347908,0.985354982489653,0.9850366125437758,0.9850366125437758,0.9863250132766861,0.9850366125437758,0.9850366125437758,False,5.0,True,0.0,,,0.689047544148698,True,"0,1",0.95,5.0,,
44,PSS-JMI,pair,True,5.0,0.09190400807900723,0.9996380483567395,0.9990448901623686,1.0488664331073432,-9.96490134297042,0.9955117996235703,0.9954394092949183,0.9888475836431226,0.9888475836431226,0.9888475836431226,0.9888475836431226,0.9891754218401783,0.9888475836431226,False,5.0,True,0.0,,,0.689047544148698,False,"0,2",0.95,5.0,,
44,PSS-JMI,pair,True,5.0,-0.1649141590291805,0.9997828290140437,0.9993632601082458,1.0561907713797865,-9.889573464901458,0.9942811640364847,0.9940639930505285,0.9869468322190386,0.9864692773002228,0.9864692773002228,0.9880509824747743,0.9864692773002228,0.9864692773002228,False,5.0,True,0.0,,,0.689047544148698,True,"0,3",0.95,5.0,,
44,PSS-JMI,pair,True,5.0,0.08961036998970151,0.9995656580280875,0.9988857051894301,1.0537946853083509,-9.909674401328818,0.995222238308962,0.9950774576516578,0.9891131173659055,0.9891131173659055,0.9891131173659055,0.9891131173659055,0.9891754218401783,0.9891131173659055,False,5.0,True,0.0,,,0.689047544148698,False,"0,4",0.95,5.0,,
44,PSS-JMI,pair,True,5.0,-0.43714615326377704,0.9997828290140437,0.9996816300541229,1.0583552324340664,-10.336389026965282,0.9936296510786159,0.9935572607499638,0.9875835721107927,0.9873871481678174,0.9873871481678174,0.9873871481678174,0.9875835721107927,0.9873871481678174,False,5.0,True,0.0,,,0.689047544148698,True,"0,5",0.95,5.0,,
44,PSS-JMI,pair,True,5.0,0.09191774558348165,0.9997828290140437,0.9993632601082458,1.0577880639658237,-9.71964111154276,0.9943535543651368,0.9943535543651368,0.985926712692512,0.985926712692512,0.985926712692512,0.985926712692512,0.988220312002547,0.985926712692512,False,5.0,True,0.0,,,0.689047544148698,False,"0,6",0.95,5.0,,
44,PSS-JMI,pair,False,5.0,-0.4780199162160095,0.9997828290140437,0.9996816300541229,1.0658867892848625,-10.129677180686162,0.993702041407268,0.9935572607499638,0.9859917223814072,0.9858325374084687,0.9858325374084687,0.987254381306426,0.9858325374084687,0.9858325374084687,False,5.0,True,0.0,,,0.689047544148698,True,"0,7",0.95,5.0,,
44,PSS-JMI,pair,True,5.0,0.1308902824005429,0.9995656580280875,0.9992040751353072,1.0623601560389877,-9.402717393109013,0.9943535543651368,0.9943535543651368,0.9869468322190386,0.9868560807222517,0.9868560807222517,0.9868560807222517,0.9869468322190386,0.9868560807222517,False,5.0,True,0.0,,,0.689047544148698,False,"0,8",0.95,5.0,,
44,PSS-JMI,pair,False,5.0,-0.6326723631705669,0.9997104386853917,0.9995224450811844,1.0633218230113906,-10.61767050807263,0.9941363833791805,0.9941363833791805,0.9861509073543457,0.9861509073543457,0.9861509073543457,0.9869888475836431,0.9861509073543457,0.9861509073543457,False,5.0,True,0.0,,,0.689047544148698,True,"0,9",0.95,5.0,,
44,PSS-JMI,pair,True,5.0,0.09241913410234126,0.9998552193426958,0.9993632601082458,1.0548961652249436,-9.971087410110364,0.9939916027218764,0.9938468220645722,0.9857939458311206,0.9856611789697292,0.9856611789697292,0.9856611789697292,0.9874243871378542,0.9856611789697292,False,5.0,True,0.0,,,0.689047544148698,False,"0,10",0.95,5.0,,
44,PSS-JMI,pair,True,5.0,0.13089648960564126,0.9996380483567395,0.9993632601082458,1.0567132374026322,-9.501147585694484,0.9937744317359201,0.993702041407268,0.9873871481678174,0.9871216144450345,0.9871216144450345,0.9871216144450345,0.9877427570837313,0.9871216144450345,False,5.0,True,0.0,,,0.689047544148698,False,"0,11",0.95,5.0,,
44,PSS-JMI,pair,True,5.0,0.138457685207781,0.9997828290140437,0.9993632601082458,1.0676457241373847,-9.83221051409694,0.9938468220645722,0.9938468220645722,0.9857939458311206,0.9856611789697292,0.9856611789697292,0.9856611789697292,0.9867876472461,0.9856611789697292,False,5.0,True,0.0,,,0.689047544148698,False,"0,12",0.95,5.0,,
44,PSS-JMI,pair,True,5.0,-0.44143789281780776,0.9997104386853917,0.9993632601082458,1.0691592201314777,-10.130950727039616,0.9936296510786159,0.9936296510786159,0.9866284622731614,0.9860594795539034,0.9860594795539034,0.9860594795539034,0.9866284622731614,0.9860594795539034,False,5.0,True,0.0,,,0.689047544148698,True,"0,13",0.95,5.0,,
44,PSS-JMI,pair,True,5.0,0.13187807631905102,0.9994932676994354,0.9992040751353072,1.0607483131989497,-9.424634549647083,0.9939192123932242,0.9939192123932242,0.985354982489653,0.9851957975167144,0.9851957975167144,0.9853956452469463,0.9851957975167144,0.9851957975167144,False,5.0,True,0.0,,,0.689047544148698,False,"0,14",0.95,5.0,,
44,PSS-JMI,pair,True,5.0,-0.46158479487882076,0.9995656580280875,0.9993632601082458,1.0643999996641833,-9.947495311827163,0.9932676994353554,0.9932676994353554,0.9855141674625916,0.9855141674625916,0.9855141674625916,0.9873871481678174,0.9855141674625916,0.9855141674625916,False,5.0,True,0.0,,,0.689047544148698,True,"0,15",0.95,5.0,,
44,PSS-JMI,pair,True,5.0,0.13465195313314204,0.9994932676994354,0.9992040751353072,1.0581069784116695,-9.414496068742743,0.9946431156797452,0.9946431156797452,0.987254381306426,0.9867233138608603,0.9867233138608603,0.9867233138608603,0.9879019420566698,0.9867233138608603,False,5.0,True,0.0,,,0.689047544148698,False,"0,16",0.95,5.0,,
44,PSS-JMI,pair,False,5.0,-0.46492627455046254,0.9996380483567395,0.9995224450811844,1.0709632552544406,-10.75827258770663,0.9935572607499638,0.9934848704213117,0.9861509073543457,0.9859917223814072,0.9859917223814072,0.9863250132766861,0.9859917223814072,0.9859917223814072,False,5.0,True,0.0,,,0.689047544148698,True,"0,17",0.95,5.0,,
44,PSS-JMI,pair,True,5.0,0.12609459849038096,0.9996380483567395,0.9995224450811844,1.059613699335234,-9.510263578770624,0.9936296510786159,0.9935572607499638,0.9867876472461,0.9864577801380775,0.9864577801380775,0.9864577801380775,0.9864692773002228,0.9864577801380775,False,5.0,True,0.0,,,0.689047544148698,False,"0,18",0.95,5.0,,
44,PSS-JMI,pair,True,5.0,0.1276211977431565,0.9996380483567395,0.9993632601082458,1.0586809834364608,-9.511414616571141,0.9939916027218764,0.9938468220645722,0.9879182156133829,0.9876526818906001,0.9876526818906001,0.9876526818906001,0.9879019420566698,0.9876526818906001,False,5.0,True,0.0,,,0.689047544148698,False,"0,19",0.95,5.0,,
44,PSS-JMI,pair,True,5.0,0.10757962174848323,0.9995656580280875,0.9992040751353072,1.0591229273407772,-9.504695271132917,0.9947155060083973,0.9946431156797452,0.9848645778013808,0.984599044078598,0.984599044078598,0.984599044078598,0.9875835721107927,0.984599044078598,False,5.0,True,0.0,,,0.689047544148698,False,"0,20",0.95,5.0,,
44,PSS-JMI,pair,True,5.0,-0.07173839045091235,0.9997828290140437,0.9993632601082458,1.0566755241030537,-9.786266503024736,0.9947155060083973,0.9942811640364847,0.9879019420566698,0.9871060171919771,0.9871060171919771,0.988980350504514,0.9871060171919771,0.9871060171919771,False,5.0,True,0.0,,,0.689047544148698,True,"0,21",0.95,5.0,,
44,PSS-JMI,pair,False,5.0,-0.70618401843738,0.9997828290140437,0.9996816300541229,1.0692024607647612,-12.83618309050699,0.9943535543651368,0.9942811640364847,0.9856611789697292,0.9856611789697292,0.9856611789697292,0.9856611789697292,0.9872652021649156,0.9856611789697292,False,5.0,True,0.0,,,0.689047544148698,True,"0,22",0.95,5.0,,
44,PSS-JMI,pair,True,5.0,-0.11371842831999146,0.9997104386853917,0.9995224450811844,1.057708903314771,-12.564211337196749,0.9943535543651368,0.9942087737078327,0.9872652021649156,0.9871216144450345,0.9871216144450345,0.9871216144450345,0.9872652021649156,0.9871216144450345,False,5.0,True,0.0,,,0.689047544148698,True,"0,23",0.95,5.0,,
44,PSS-JMI,pair,True,5.0,0.11400917727940119,0.9997828290140437,0.9996816300541229,1.061673124850447,-9.394070945667151,0.9934124800926596,0.9933400897640076,0.9863250132766861,0.9857939458311206,0.9857939458311206,0.9857939458311206,0.9863100923272843,0.9857939458311206,False,5.0,True,0.0,,,0.689047544148698,False,"0,24",0.95,5.0,,
44,PSS-JMI,pair,False,2.0,-0.5490334993497035,1.0,1.0,1.0395057516548123,-2.288308401273149,0.9981178514550456,0.9981178514550456,0.9964979305953517,0.9964979305953517,0.9964979305953517,0.9976101964949549,0.9964979305953517,0.9964979305953517,False,5.0,True,0.0,,,0.689047544148698,True,"1,2",0.95,5.0,,
44,PSS-JMI,pair,False,5.0,-0.6696666394725708,0.9999276096713479,1.0,1.0653975519772472,-2.680882447503796,0.9938468220645722,0.9938468220645722,0.9883794969754855,0.9883794969754855,0.9883794969754855,0.9905735528412108,0.9883794969754855,0.9883794969754855,False,5.0,True,0.0,,,0.689047544148698,True,"1,3",0.95,5.0,,
44,PSS-JMI,pair,False,4.0,-0.33221592200240035,1.0,1.0,1.054384801514212,-2.0129698997009577,0.9950774576516578,0.9950774576516578,0.9894937917860553,0.9894937917860553,0.9894937917860553,0.9907063197026023,0.9894937917860553,0.9894937917860553,False,5.0,True,0.0,,,0.689047544148698,True,"1,4",0.95,5.0,,
44,PSS-JMI,pair,False,5.0,-0.9355277266253887,0.9998552193426958,0.9996816300541229,1.060084014312438,-3.5459995152969523,0.9939192123932242,0.9939192123932242,0.9871060171919771,0.9867876472461,0.9867876472461,0.9900424853956452,0.9867876472461,0.9867876472461,False,5.0,True,0.0,,,0.689047544148698,True,"1,5",0.95,5.0,,
44,PSS-JMI,pair,False,4.0,-0.38110830262044604,1.0,1.0,1.0633519513396936,-1.6962108446614725,0.9946431156797452,0.9946431156797452,0.9891754218401783,0.9891754218401783,0.9891754218401783,0.9897769516728625,0.9891754218401783,0.9891754218401783,False,5.0,True,0.0,,,0.689047544148698,True,"1,6",0.95,5.0,,
44,PSS-JMI,pair,False,5.0,-0.9773197274673766,0.9999276096713479,0.9998408150270615,1.0686715756120582,-3.036491698833867,0.9942811640364847,0.9942087737078327,0.9875835721107927,0.9875835721107927,0.9875835721107927,0.9895114179500797,0.9875835721107927,0.9875835721107927,False,5.0,True,0.0,,,0.689047544148698,True,"1,7",0.95,5.0,,
44,PSS-JMI,pair,False,2.0,-0.3466553288696026,1.0,1.0,1.0434383577864381,-1.3474442735144545,0.9981902417836978,0.9981902417836978,0.9964979305953517,0.9964979305953517,0.9964979305953517,0.9978757302177377,0.9964979305953517,0.9964979305953517,False,5.0,True,0.0,,,0.689047544148698,True,"1,8",0.95,5.0,,
44,PSS-JMI,pair,False,5.0,-1.1598493339403126,0.9998552193426958,0.9996816300541229,1.0676380375973105,-3.8017546911115283,0.9938468220645722,0.9938468220645722,0.9867876472461,0.9866284622731614,0.9866284622731614,0.9895114179500797,0.9866284622731614,0.9866284622731614,False,5.0,True,0.0,,,0.689047544148698,True,"1,9",0.95,5.0,,
44,PSS-JMI,pair,False,5.0,-0.38330448608210244,0.9998552193426958,0.9996816300541229,1.0725368854641282,-2.170581213808602,0.9917475025336615,0.9917475025336615,0.9826488379496976,0.9823304680038204,0.9823304680038204,0.9848645778013808,0.9823304680038204,0.9823304680038204,False,5.0,True,0.0,,,0.689047544148698,True,"1,10",0.95,5.0,,
44,PSS-JMI,pair,False,2.0,-0.3637702956680724,1.0,1.0,1.0366846221259498,-1.851077862678818,0.9986245837556103,0.9986245837556103,0.9961795606494747,0.9961795606494747,0.9961795606494747,0.9976101964949549,0.9961795606494747,0.9961795606494747,False,5.0,True,0.0,,,0.689047544148698,True,"1,11",0.95,5.0,,
44,PSS-JMI,pair,False,2.0,-0.4229204656145029,1.0,1.0,1.0413287282487367,-1.951466522633989,0.9984798030983061,0.9984798030983061,0.9966571155682904,0.9966571155682904,0.9966571155682904,0.9974774296335635,0.9966571155682904,0.9966571155682904,False,5.0,True,0.0,,,0.689047544148698,True,"1,12",0.95,5.0,,
44,PSS-JMI,pair,False,5.0,-1.0552064914168806,1.0,1.0,1.0695656677716057,-2.8699354432317077,0.9942811640364847,0.9941363833791805,0.9885386819484241,0.988220312002547,0.988220312002547,0.990308019118428,0.988220312002547,0.988220312002547,False,5.0,True,0.0,,,0.689047544148698,True,"1,13",0.95,5.0,,
44,PSS-JMI,pair,False,2.0,-0.3875568748718883,1.0,1.0,1.0386623306407776,-1.4239910561239235,0.9982626321123498,0.9982626321123498,0.9963387456224132,0.9963387456224132,0.9963387456224132,0.9974774296335635,0.9963387456224132,0.9963387456224132,False,5.0,True,0.0,,,0.689047544148698,True,"1,14",0.95,5.0,,
44,PSS-JMI,pair,False,5.0,-0.8621993531675267,1.0,0.9997344662772172,1.0717968627981478,-2.7044044707820376,0.9941363833791805,0.9941363833791805,0.9863100923272843,0.9863100923272843,0.9863100923272843,0.9895114179500797,0.9863100923272843,0.9863100923272843,False,5.0,True,0.0,,,0.689047544148698,True,"1,15",0.95,5.0,,
44,PSS-JMI,pair,False,2.0,-0.36941633363609294,1.0,1.0,1.0410294847916148,-1.3456771136585342,0.9982626321123498,0.9982626321123498,0.9966571155682904,0.9966571155682904,0.9966571155682904,0.9974774296335635,0.9966571155682904,0.9966571155682904,False,5.0,True,0.0,,,0.689047544148698,True,"1,16",0.95,5.0,,
44,PSS-JMI,pair,False,5.0,-0.9180683347662515,0.9999276096713479,0.9996816300541229,1.0764607283952388,-3.518290024415458,0.9941363833791805,0.9937744317359201,0.988220312002547,0.988220312002547,0.988220312002547,0.9904407859798194,0.988220312002547,0.988220312002547,False,5.0,True,0.0,,,0.689047544148698,True,"1,17",0.95,5.0,,
44,PSS-JMI,pair,False,4.0,-0.2946177565654766,1.0,0.9998672331386086,1.0607751331793793,-1.412173321610574,0.9951498479803098,0.9951498479803098,0.9890162368672397,0.9890162368672397,0.9890162368672397,0.9901752522570366,0.9890162368672397,0.9890162368672397,False,5.0,True,0.0,,,0.689047544148698,True,"1,18",0.95,5.0,,
44,PSS-JMI,pair,False,2.0,-0.3364375580299792,1.0,1.0,1.036928709790123,-1.9616357056616378,0.9981178514550456,0.9981178514550456,0.997134670487106,0.997134670487106,0.997134670487106,0.9974774296335635,0.997134670487106,0.997134670487106,False,5.0,True,0.0,,,0.689047544148698,True,"1,19",0.95,5.0,,
44,PSS-JMI,pair,False,2.0,-0.36342640549618244,1.0,1.0,1.0365525029312217,-1.4850337264799094,0.9986245837556103,0.9986245837556103,0.9968163005412289,0.9968163005412289,0.9968163005412289,0.9969463621879979,0.9968163005412289,0.9968163005412289,False,5.0,True,0.0,,,0.689047544148698,True,"1,20",0.95,5.0,,
44,PSS-JMI,pair,False,2.0,-0.3805811475181815,1.0,1.0,1.0369729060098625,-1.7566838429482627,0.9984798030983061,0.9984798030983061,0.9963387456224132,0.9963387456224132,0.9963387456224132,0.9976101964949549,0.9963387456224132,0.9963387456224132,False,5.0,True,0.0,,,0.689047544148698,True,"1,21",0.95,5.0,,
44,PSS-JMI,pair,False,2.0,-0.6665508584520015,1.0,1.0,1.0395980962903333,-4.185164420315085,0.9986969740842624,0.9986969740842624,0.9970791290493892,0.9970791290493892,0.9970791290493892,0.9970791290493892,0.9976122254059216,0.9970791290493892,False,5.0,True,0.0,,,0.689047544148698,True,"1,22",0.95,5.0,,
44,PSS-JMI,pair,False,2.0,-0.511812349634094,1.0,1.0,1.0402299162162736,-4.2716850476518715,0.9981178514550456,0.9981178514550456,0.9960203756765361,0.9960203756765361,0.9960203756765361,0.9969463621879979,0.9960203756765361,0.9960203756765361,False,5.0,True,0.0,,,0.689047544148698,True,"1,23",0.95,5.0,,
44,PSS-JMI,pair,False,4.0,-0.3294304469042404,1.0,0.9998672331386086,1.0609300035967535,-1.6328721465112361,0.9947155060083973,0.9947155060083973,0.9893346068131168,0.9893346068131168,0.9893346068131168,0.9904407859798194,0.9893346068131168,0.9893346068131168,False,5.0,True,0.0,,,0.689047544148698,True,"1,24",0.95,5.0,,
44,PSS-JMI,pair,True,4.0,-0.12968835167439918,0.9997828290140437,0.9994689325544344,1.0533297221341087,-1.6395248849906285,0.9942811640364847,0.9942087737078327,0.9890162368672397,0.9890162368672397,0.9890162368672397,0.9912373871481678,0.9890162368672397,0.9890162368672397,False,5.0,True,0.0,,,0.689047544148698,True,"2,3",0.95,5.0,,
44,PSS-JMI,pair,True,5.0,0.13972725616618886,0.9997104386853917,0.9992040751353072,1.0517488664454335,-2.1477567578358983,0.9946431156797452,0.9946431156797452,0.989652976758994,0.989652976758994,0.989652976758994,0.9911046202867764,0.989652976758994,0.989652976758994,False,5.0,True,0.0,,,0.689047544148698,False,"2,4",0.95,5.0,,
44,PSS-JMI,pair,True,5.0,-0.33893814253636334,0.9996380483567395,0.9992040751353072,1.058180439420801,-2.019269821093103,0.9934124800926596,0.9934124800926596,0.9840815027061446,0.9839223177332059,0.9839223177332059,0.9887148167817312,0.9839223177332059,0.9839223177332059,False,5.0,True,0.0,,,0.689047544148698,True,"2,5",0.95,5.0,,
44,PSS-JMI,pair,True,5.0,0.06167391751664786,0.9996380483567395,0.9992040751353072,1.0522173258309508,-2.103801236057493,0.993702041407268,0.9935572607499638,0.9858325374084687,0.9856733524355301,0.9856733524355301,0.990308019118428,0.9856733524355301,0.9856733524355301,False,5.0,True,0.0,,,0.689047544148698,False,"2,6",0.95,5.0,,
44,PSS-JMI,pair,False,4.0,-0.33116582852280163,0.9999276096713479,0.9998408150270615,1.0600045850618935,-1.7547301692260096,0.9954394092949183,0.9954394092949183,0.9907672715695638,0.9907672715695638,0.9907672715695638,0.9926978226234732,0.9907672715695638,0.9907672715695638,False,5.0,True,0.0,,,0.689047544148698,True,"2,7",0.95,5.0,,
44,PSS-JMI,pair,True,5.0,0.13972750094958886,0.9997828290140437,0.9996816300541229,1.0554677961744396,-1.92552855157046,0.9945707253510931,0.994498335022441,0.9875835721107927,0.9874243871378542,0.9874243871378542,0.9904407859798194,0.9874243871378542,0.9874243871378542,False,5.0,True,0.0,,,0.689047544148698,False,"2,8",0.95,5.0,,
44,PSS-JMI,pair,False,5.0,-0.4302018409778139,0.9998552193426958,0.9994689325544344,1.0652318885265935,-2.2551568265520556,0.9926885768061386,0.9923990154915303,0.9836039477873288,0.9829672078955747,0.9829672078955747,0.9876526818906001,0.9829672078955747,0.9829672078955747,False,5.0,True,0.0,,,0.689047544148698,True,"2,9",0.95,5.0,,
44,PSS-JMI,pair,True,5.0,0.1138577587738352,0.9998552193426958,0.9995224450811844,1.0531519850084332,-1.8957434855250845,0.9933400897640076,0.9933400897640076,0.9871060171919771,0.9861509073543457,0.9861509073543457,0.987254381306426,0.9861509073543457,0.9861509073543457,False,5.0,True,0.0,,,0.689047544148698,False,"2,10",0.95,5.0,,
44,PSS-JMI,pair,True,5.0,0.12369844398232277,0.9999276096713479,0.9998408150270615,1.0593285794971967,-1.441244356159616,0.9928333574634429,0.9928333574634429,0.9836039477873288,0.9836039477873288,0.9836039477873288,0.9865905469994689,0.9836039477873288,0.9836039477873288,False,5.0,True,0.0,,,0.689047544148698,False,"2,11",0.95,5.0,,
44,PSS-JMI,pair,True,5.0,0.11912371013989431,0.9998552193426958,0.9996016994158258,1.065912220167371,-1.8297478747738252,0.9918922831909657,0.9918198928623136,0.9824896529767589,0.9821712830308819,0.9821712830308819,0.9869888475836431,0.9821712830308819,0.9821712830308819,False,5.0,True,0.0,,,0.689047544148698,False,"2,12",0.95,5.0,,
44,PSS-JMI,pair,True,5.0,-0.2775056111161711,0.9999276096713479,0.9998408150270615,1.0709503166109986,-1.9684115894071188,0.992905747792095,0.9928333574634429,0.9847182425978988,0.9845590576249602,0.9845590576249602,0.9887148167817312,0.9845590576249602,0.9845590576249602,False,5.0,True,0.0,,,0.689047544148698,True,"2,13",0.95,5.0,,
44,PSS-JMI,pair,True,5.0,0.11840728582241455,0.9997104386853917,0.9988857051894301,1.0575496145641967,-1.7535484439680367,0.9933400897640076,0.9933400897640076,0.9874243871378542,0.9872652021649156,0.9872652021649156,0.9909718534253851,0.9872652021649156,0.9872652021649156,False,5.0,True,0.0,,,0.689047544148698,False,"2,14",0.95,5.0,,
44,PSS-JMI,pair,True,5.0,-0.41188146206596055,0.9998552193426958,0.9998408150270615,1.0713818076625394,-1.6839088885310043,0.9927609671347908,0.9927609671347908,0.9845590576249602,0.9845590576249602,0.9845590576249602,0.9879182156133829,0.9845590576249602,0.9845590576249602,False,5.0,True,0.0,,,0.689047544148698,True,"2,15",0.95,5.0,,
44,PSS-JMI,pair,True,5.0,0.14586200076182432,0.9998552193426958,0.9995224450811844,1.0547108685596904,-1.6614704465764003,0.9934124800926596,0.9934124800926596,0.9871060171919771,0.9871060171919771,0.9871060171919771,0.9891131173659055,0.9871060171919771,0.9871060171919771,False,5.0,True,0.0,,,0.689047544148698,False,"2,16",0.95,5.0,,
44,PSS-JMI,pair,False,5.0,-0.4295219828698773,0.9997104386853917,0.9993632601082458,1.0703225356555728,-2.780947752462039,0.9926161864774866,0.9926161864774866,0.9842406876790831,0.9842406876790831,0.9842406876790831,0.9871216144450345,0.9842406876790831,0.9842406876790831,False,5.0,True,0.0,,,0.689047544148698,True,"2,17",0.95,5.0,,
44,PSS-JMI,pair,True,5.0,0.1327107043868827,0.9999276096713479,0.9998408150270615,1.0552399039018685,-1.751799851652499,0.9941363833791805,0.9941363833791805,0.9856733524355301,0.9856733524355301,0.9856733524355301,0.9905735528412108,0.9856733524355301,0.9856733524355301,False,5.0,True,0.0,,,0.689047544148698,False,"2,18",0.95,5.0,,
44,PSS-JMI,pair,True,5.0,0.1107901835355487,0.9999276096713479,0.9998408150270615,1.0581990892781723,-1.4828045939697785,0.9923266251628783,0.9923266251628783,0.9850366125437758,0.9850366125437758,0.9850366125437758,0.988980350504514,0.9850366125437758,0.9850366125437758,False,5.0,True,0.0,,,0.689047544148698,False,"2,19",0.95,5.0,,
44,PSS-JMI,pair,True,5.0,0.10381619332670322,0.9997828290140437,0.9996816300541229,1.0596900524314083,-1.4537211641577232,0.9934124800926596,0.9933400897640076,0.9859917223814072,0.9859917223814072,0.9859917223814072,0.9864577801380775,0.9859917223814072,0.9859917223814072,False,5.0,True,0.0,,,0.689047544148698,False,"2,20",0.95,5.0,,
44,PSS-JMI,pair,True,4.0,-0.07052928293573046,0.9998552193426958,0.9996816300541229,1.0488364764489864,-1.5415766338938786,0.9955117996235703,0.9955117996235703,0.9901305316778096,0.9901305316778096,0.9901305316778096,0.9924322889006904,0.9901305316778096,0.9901305316778096,False,5.0,True,0.0,,,0.689047544148698,True,"2,21",0.95,5.0,,
44,PSS-JMI,pair,False,5.0,-0.4623481021566498,0.9998552193426958,0.9998408150270615,1.0678311811691479,-4.3495150039074755,0.9930505284493991,0.9928333574634429,0.9859917223814072,0.9851957975167144,0.9851957975167144,0.9868560807222517,0.9851957975167144,0.9851957975167144,False,5.0,True,0.0,,,0.689047544148698,True,"2,22",0.95,5.0,,
44,PSS-JMI,pair,True,5.0,-0.10819590874281282,0.9998552193426958,0.9998408150270615,1.0583445058553365,-4.275231812221399,0.9941363833791805,0.9939916027218764,0.9861509073543457,0.9855141674625916,0.9855141674625916,0.9871216144450345,0.9855141674625916,0.9855141674625916,False,5.0,True,0.0,,,0.689047544148698,True,"2,23",0.95,5.0,,
44,PSS-JMI,pair,True,5.0,0.0980471677430459,0.9997828290140437,0.9994689325544344,1.0557285924425646,-1.505398028508218,0.9929781381207471,0.9927609671347908,0.9861509073543457,0.9856733524355301,0.9856733524355301,0.9896441848114711,0.9856733524355301,0.9856733524355301,False,5.0,True,0.0,,,0.689047544148698,False,"2,24",0.95,5.0,,
44,PSS-JMI,pair,True,4.0,-0.14394471667410436,1.0,0.9998672331386086,1.0488843100080094,-1.527433036864118,0.9950050673230056,0.9950050673230056,0.9898121617319325,0.989652976758994,0.989652976758994,0.9900424853956452,0.989652976758994,0.989652976758994,False,5.0,True,0.0,,,0.689047544148698,True,"3,4",0.95,5.0,,
44,PSS-JMI,pair,True,5.0,-0.4471260733403284,1.0,1.0,1.055176707425188,-1.9844388162951052,0.9940639930505285,0.9940639930505285,0.988220312002547,0.988220312002547,0.988220312002547,0.9897769516728625,0.988220312002547,0.988220312002547,False,5.0,True,0.0,,,0.689047544148698,True,"3,5",0.95,5.0,,
44,PSS-JMI,pair,True,5.0,0.09461382636559845,1.0,0.9996816300541229,1.0698407983921778,-1.2085468133550907,0.992181844505574,0.9918198928623136,0.9820120980579433,0.9818529130850048,0.9818529130850048,0.9856611789697292,0.9818529130850048,0.9818529130850048,False,5.0,True,0.0,,,0.689047544148698,False,"3,6",0.95,5.0,,
44,PSS-JMI,pair,False,2.0,-0.46544471067496285,1.0,1.0,1.0341948392306022,-1.8092139931744393,0.9986969740842624,0.9986969740842624,0.9972938554600446,0.9972938554600446,0.9972938554600446,0.9977429633563463,0.9972938554600446,0.9972938554600446,False,5.0,True,0.0,,,0.689047544148698,True,"3,7",0.95,5.0,,
44,PSS-JMI,pair,True,5.0,0.10955372808348884,1.0,0.9998672331386086,1.069181116262268,-1.0217263394164884,0.9916751122050094,0.9916751122050094,0.9839223177332059,0.9839223177332059,0.9839223177332059,0.9855284121083377,0.9839223177332059,0.9839223177332059,False,5.0,True,0.0,,,0.689047544148698,False,"3,8",0.95,5.0,,
44,PSS-JMI,pair,False,5.0,-0.4223230401538465,0.9999276096713479,0.9995224450811844,1.070329111615046,-2.0608214823762045,0.9924714058201825,0.9923990154915303,0.9848774275708373,0.9848774275708373,0.9848774275708373,0.9891131173659055,0.9848774275708373,0.9848774275708373,False,5.0,True,0.0,,,0.689047544148698,True,"3,9",0.95,5.0,,
44,PSS-JMI,pair,True,5.0,-0.06211507233238778,1.0,0.9996016994158258,1.0623022134760611,-1.657663036717252,0.9920370638482698,0.9920370638482698,0.9821712830308819,0.9816937281120662,0.9816937281120662,0.9861922464152948,0.9816937281120662,0.9816937281120662,False,5.0,True,0.0,,,0.689047544148698,True,"3,10",0.95,5.0,,
44,PSS-JMI,pair,True,4.0,-0.14723276721976086,1.0,1.0,1.049545287718491,-1.6186207491037166,0.9958737512668308,0.9958737512668308,0.9907672715695638,0.9906080865966252,0.9906080865966252,0.9926978226234732,0.9906080865966252,0.9906080865966252,False,5.0,True,0.0,,,0.689047544148698,True,"3,11",0.95,5.0,,
44,PSS-JMI,pair,True,5.0,0.06801255829342656,1.0,0.9998672331386086,1.0700989608265263,-1.6009104686156201,0.9924714058201825,0.9924714058201825,0.9847182425978988,0.9842406876790831,0.9842406876790831,0.9875199150292087,0.9842406876790831,0.9842406876790831,False,5.0,True,0.0,,,0.689047544148698,False,"3,12",0.95,5.0,,
44,PSS-JMI,pair,True,5.0,-0.2588029878513891,0.9999276096713479,0.9996816300541229,1.0687052999326072,-1.6158889772272533,0.9935572607499638,0.9935572607499638,0.9871060171919771,0.9871060171919771,0.9871060171919771,0.9895114179500797,0.9871060171919771,0.9871060171919771,False,5.0,True,0.0,,,0.689047544148698,True,"3,13",0.95,5.0,,
44,PSS-JMI,pair,True,5.0,0.13799718686910256,0.9999276096713479,1.0,1.0682465406112167,-0.9883550022547756,0.9925437961488345,0.9925437961488345,0.9812161731932506,0.981056988220312,0.981056988220312,0.9861922464152948,0.981056988220312,0.981056988220312,False,5.0,True,0.0,,,0.689047544148698,False,"3,14",0.95,5.0,,
44,PSS-JMI,pair,True,5.0,-0.18099770381722435,1.0,0.9998408150270615,1.0700752568777423,-1.3556117505175211,0.9938468220645722,0.9938468220645722,0.9856733524355301,0.9856733524355301,0.9856733524355301,0.9883165161975571,0.9856733524355301,0.9856733524355301,False,5.0,True,0.0,,,0.689047544148698,True,"3,15",0.95,5.0,,
44,PSS-JMI,pair,True,5.0,0.12812409664469393,1.0,1.0,1.0650999346279,-0.987065253418298,0.9925437961488345,0.9925437961488345,0.9842406876790831,0.9842406876790831,0.9842406876790831,0.9864577801380775,0.9842406876790831,0.9842406876790831,False,5.0,True,0.0,,,0.689047544148698,False,"3,16",0.95,5.0,,
44,PSS-JMI,pair,False,5.0,-0.5030129135795129,1.0,1.0,1.078583587845043,-2.3030256438208854,0.9928333574634429,0.9928333574634429,0.9855141674625916,0.9855141674625916,0.9855141674625916,0.9881837493361657,0.9855141674625916,0.9855141674625916,False,5.0,True,0.0,,,0.689047544148698,True,"3,17",0.95,5.0,,
44,PSS-JMI,pair,True,4.0,0.040791302896404424,1.0,1.0,1.057388906271846,-1.0765563545061685,0.9942087737078327,0.9942087737078327,0.9879019420566698,0.9879019420566698,0.9879019420566698,0.9892458842272969,0.9879019420566698,0.9879019420566698,False,5.0,True,0.0,,,0.689047544148698,False,"3,18",0.95,5.0,,
44,PSS-JMI,pair,True,4.0,-0.16455131740672035,0.9999276096713479,0.9998408150270615,1.0480873974566967,-1.6395445508426707,0.9953670189662661,0.995294628637614,0.9902897166507482,0.9899713467048711,0.9899713467048711,0.9921667551779076,0.9899713467048711,0.9899713467048711,False,5.0,True,0.0,,,0.689047544148698,True,"3,19",0.95,5.0,,
44,PSS-JMI,pair,True,5.0,0.1038704578738261,1.0,0.9998672331386086,1.0674643996080917,-1.0683502736953914,0.9930505284493991,0.9930505284493991,0.9855141674625916,0.9855141674625916,0.9855141674625916,0.9869888475836431,0.9855141674625916,0.9855141674625916,False,5.0,True,0.0,,,0.689047544148698,False,"3,20",0.95,5.0,,
44,PSS-JMI,pair,True,5.0,-0.04874960917591786,1.0,0.9996816300541229,1.0616841187594497,-1.2604288449393442,0.992181844505574,0.9919646735196178,0.9829672078955747,0.9829672078955747,0.9829672078955747,0.9863250132766861,0.9829672078955747,0.9829672078955747,False,5.0,True,0.0,,,0.689047544148698,True,"3,21",0.95,5.0,,
44,PSS-JMI,pair,False,5.0,-0.27499570202042456,0.9999276096713479,0.9998408150270615,1.0721490045613657,-3.7707880211957394,0.9927609671347908,0.9927609671347908,0.9836039477873288,0.9834447628143903,0.9834447628143903,0.9868560807222517,0.9834447628143903,0.9834447628143903,False,5.0,True,0.0,,,0.689047544148698,True,"3,22",0.95,5.0,,
44,PSS-JMI,pair,True,3.0,-0.14190399546037202,1.0,1.0,1.0465899193285877,-3.968007879039673,0.9964528738960475,0.9964528738960475,0.9926774912448265,0.9926774912448265,0.9926774912448265,0.9933616569304302,0.9926774912448265,0.9926774912448265,False,5.0,True,0.0,,,0.689047544148698,True,"3,23",0.95,5.0,,
44,PSS-JMI,pair,True,5.0,0.06172324426982523,1.0,1.0,1.062525504653353,-1.12594538083627,0.9927609671347908,0.9927609671347908,0.9834447628143903,0.9834447628143903,0.9834447628143903,0.9877854487519915,0.9834447628143903,0.9834447628143903,False,5.0,True,0.0,,,0.689047544148698,False,"3,24",0.95,5.0,,
44,PSS-JMI,pair,True,3.0,-0.4284572383758509,1.0,1.0,1.0399434584304856,-1.9633835442373377,0.9971043868539163,0.9971043868539163,0.9941101560012735,0.9941101560012735,0.9941101560012735,0.9950876261285183,0.9941101560012735,0.9941101560012735,False,5.0,True,0.0,,,0.689047544148698,True,"4,5",0.95,5.0,,
44,PSS-JMI,pair,True,5.0,0.08272344325220904,1.0,0.9997344662772172,1.0598194233829719,-1.758381110479556,0.994498335022441,0.994498335022441,0.988220312002547,0.988220312002547,0.988220312002547,0.9899097185342538,0.988220312002547,0.988220312002547,False,5.0,True,0.0,,,0.689047544148698,False,"4,6",0.95,5.0,,
44,PSS-JMI,pair,False,4.0,-0.32814696948652045,1.0,1.0,1.053979803626258,-1.7115890266173568,0.9951498479803098,0.9951498479803098,0.9890162368672397,0.9890162368672397,0.9890162368672397,0.9909718534253851,0.9890162368672397,0.9890162368672397,False,5.0,True,0.0,,,0.689047544148698,True,"4,7",0.95,5.0,,
44,PSS-JMI,pair,True,5.0,0.10559699704005454,0.9999276096713479,0.9998408150270615,1.0618805563331544,-1.5628546911832866,0.9935572607499638,0.9934848704213117,0.9858325374084687,0.9856733524355301,0.9856733524355301,0.9884492830589485,0.9856733524355301,0.9856733524355301,False,5.0,True,0.0,,,0.689047544148698,False,"4,8",0.95,5.0,,
44,PSS-JMI,pair,False,3.0,-0.6717162881253018,1.0,1.0,1.046207540733548,-2.1437311054856467,0.9972491675112205,0.9972491675112205,0.9928366762177651,0.9928366762177651,0.9928366762177651,0.9948220924057355,0.9928366762177651,0.9928366762177651,False,5.0,True,0.0,,,0.689047544148698,True,"4,9",0.95,5.0,,
44,PSS-JMI,pair,True,5.0,0.08870952562180712,0.9999276096713479,0.9994689325544344,1.0571391585093672,-1.819066832372567,0.9935572607499638,0.9935572607499638,0.9856733524355301,0.9855141674625916,0.9855141674625916,0.9855284121083377,0.9855141674625916,0.9855141674625916,False,5.0,True,0.0,,,0.689047544148698,False,"4,10",0.95,5.0,,
44,PSS-JMI,pair,True,5.0,0.11444716123606069,1.0,0.9998408150270615,1.0637306129687578,-1.403807434494438,0.9939916027218764,0.9939916027218764,0.985354982489653,0.985354982489653,0.985354982489653,0.987254381306426,0.985354982489653,0.985354982489653,False,5.0,True,0.0,,,0.689047544148698,False,"4,11",0.95,5.0,,
44,PSS-JMI,pair,True,5.0,0.11413647789222536,0.9997828290140437,0.9992040751353072,1.0675000630697205,-1.8011186018458716,0.9935572607499638,0.9934848704213117,0.9869468322190386,0.9869468322190386,0.9869468322190386,0.987254381306426,0.9869468322190386,0.9869468322190386,False,5.0,True,0.0,,,0.689047544148698,False,"4,12",0.95,5.0,,
44,PSS-JMI,pair,True,5.0,-0.27454057162840284,1.0,0.9998408150270615,1.0739015410726611,-1.8580639326069648,0.9937744317359201,0.9931953091067034,0.9868560807222517,0.9861509073543457,0.9861509073543457,0.9868560807222517,0.9861509073543457,0.9861509073543457,False,5.0,True,0.0,,,0.689047544148698,True,"4,13",0.95,5.0,,
44,PSS-JMI,pair,True,5.0,0.11536490235299857,0.9998552193426958,0.9997344662772172,1.0625117994797273,-1.5332358768987273,0.9942087737078327,0.9939192123932242,0.985354982489653,0.9847182425978988,0.9847182425978988,0.9888475836431226,0.9847182425978988,0.9847182425978988,False,5.0,True,0.0,,,0.689047544148698,False,"4,14",0.95,5.0,,
44,PSS-JMI,pair,True,4.0,-0.13140547180419326,1.0,1.0,1.0587340824016223,-1.4256156676629845,0.9948602866657015,0.9948602866657015,0.9898121617319325,0.9898121617319325,0.9898121617319325,0.9911046202867764,0.9898121617319325,0.9898121617319325,False,5.0,True,0.0,,,0.689047544148698,True,"4,15",0.95,5.0,,
44,PSS-JMI,pair,True,5.0,0.1276122786149294,0.9997104386853917,0.9994689325544344,1.05837442595237,-1.5143810031710625,0.9947878963370493,0.9946431156797452,0.9877427570837313,0.9875835721107927,0.9875835721107927,0.990308019118428,0.9875835721107927,0.9875835721107927,False,5.0,True,0.0,,,0.689047544148698,False,"4,16",0.95,5.0,,
44,PSS-JMI,pair,False,4.0,-0.5992623474429828,1.0,1.0,1.0579901873095128,-2.4434555124925907,0.995294628637614,0.995294628637614,0.9888570518943012,0.9888570518943012,0.9888570518943012,0.9917684545937334,0.9888570518943012,0.9888570518943012,False,5.0,True,0.0,,,0.689047544148698,True,"4,17",0.95,5.0,,
44,PSS-JMI,pair,True,5.0,0.1111657091917786,0.9998552193426958,0.9996816300541229,1.0591517326532585,-1.5823371450592698,0.9945707253510931,0.9944259446937889,0.9874243871378542,0.9874243871378542,0.9874243871378542,0.9885820499203399,0.9874243871378542,0.9874243871378542,False,5.0,True,0.0,,,0.689047544148698,False,"4,18",0.95,5.0,,
44,PSS-JMI,pair,True,5.0,0.11511513325164913,1.0,0.9997344662772172,1.063781791672264,-1.4425416164731824,0.9931953091067034,0.9931953091067034,0.9856733524355301,0.9856733524355301,0.9856733524355301,0.9888475836431226,0.9856733524355301,0.9856733524355301,False,5.0,True,0.0,,,0.689047544148698,False,"4,19",0.95,5.0,,
44,PSS-JMI,pair,True,5.0,0.11142828839661156,1.0,0.9998408150270615,1.061451037210531,-1.3661332155877897,0.9946431156797452,0.9946431156797452,0.985926712692512,0.985926712692512,0.985926712692512,0.985926712692512,0.9872652021649156,0.985926712692512,False,5.0,True,0.0,,,0.689047544148698,False,"4,20",0.95,5.0,,
44,PSS-JMI,pair,True,4.0,-0.12097419222753025,1.0,0.9998408150270615,1.0485065068856567,-1.6612747926081142,0.9963804835673954,0.9963804835673954,0.9901305316778096,0.9901305316778096,0.9901305316778096,0.9928305894848646,0.9901305316778096,0.9901305316778096,False,5.0,True,0.0,,,0.689047544148698,True,"4,21",0.95,5.0,,
44,PSS-JMI,pair,False,5.0,-0.3842735445446239,0.9998552193426958,0.9995224450811844,1.0735127664163386,-4.209477699383716,0.9934124800926596,0.9933400897640076,0.9864692773002228,0.9856733524355301,0.9856733524355301,0.9876526818906001,0.9856733524355301,0.9856733524355301,False,5.0,True,0.0,,,0.689047544148698,True,"4,22",0.95,5.0,,
44,PSS-JMI,pair,True,3.0,-0.12003431613673055,0.9999276096713479,0.9997344662772172,1.0379794767340556,-4.21043074957307,0.9974663384971768,0.9974663384971768,0.994269340974212,0.994269340974212,0.994269340974212,0.9949548592671269,0.994269340974212,0.994269340974212,False,5.0,True,0.0,,,0.689047544148698,True,"4,23",0.95,5.0,,
44,PSS-JMI,pair,True,5.0,0.10245013700879646,1.0,0.9998408150270615,1.0648987374923105,-1.3782570217958094,0.9941363833791805,0.9941363833791805,0.9850366125437758,0.9850366125437758,0.9850366125437758,0.9873871481678174,0.9850366125437758,0.9850366125437758,False,5.0,True,0.0,,,0.689047544148698,False,"4,24",0.95,5.0,,
44,PSS-JMI,pair,True,4.0,-0.13355132019872107,1.0,1.0,1.0529634479905643,-1.5222787138650309,0.9954394092949183,0.9954394092949183,0.9874243871378542,0.9874243871378542,0.9874243871378542,0.990308019118428,0.9874243871378542,0.9874243871378542,False,5.0,True,0.0,,,0.689047544148698,True,"5,6",0.95,5.0,,
44,PSS-JMI,pair,False,4.0,-0.7167270238173349,1.0,0.9998672331386086,1.04859093013834,-2.544321756169202,0.9963080932387433,0.9963080932387433,0.992518306271888,0.992518306271888,0.992518306271888,0.9928305894848646,0.992518306271888,0.992518306271888,False,5.0,True,0.0,,,0.689047544148698,True,"5,7",0.95,5.0,,
44,PSS-JMI,pair,True,5.0,-0.1159740559984157,1.0,1.0,1.0688573921204063,-1.2841365688527218,0.9919646735196178,0.9918922831909657,0.9834447628143903,0.9834447628143903,0.9834447628143903,0.9843335103558152,0.9834447628143903,0.9834447628143903,False,5.0,True,0.0,,,0.689047544148698,True,"5,8",0.95,5.0,,
44,PSS-JMI,pair,False,5.0,-0.9643206999306981,0.9999276096713479,0.9998408150270615,1.0624499131408898,-3.438814747621744,0.9939916027218764,0.9939916027218764,0.9874243871378542,0.9874243871378542,0.9874243871378542,0.9885820499203399,0.9874243871378542,0.9874243871378542,False,5.0,True,0.0,,,0.689047544148698,True,"5,9",0.95,5.0,,
44,PSS-JMI,pair,True,5.0,-0.2666775503467447,1.0,0.9997344662772172,1.0619301201929374,-1.9527792631790215,0.9916751122050094,0.9916027218763573,0.9816937281120662,0.9816937281120662,0.9816937281120662,0.9857939458311206,0.9816937281120662,0.9816937281120662,False,5.0,True,0.0,,,0.689047544148698,True,"5,10",0.95,5.0,,
44,PSS-JMI,pair,True,5.0,-0.25072139962663664,1.0,0.9998672331386086,1.0613082085722843,-1.6637043109917375,0.9931229187780513,0.9930505284493991,0.9843998726520217,0.9840815027061446,0.9840815027061446,0.9892458842272969,0.9840815027061446,0.9840815027061446,False,5.0,True,0.0,,,0.689047544148698,True,"5,11",0.95,5.0,,
44,PSS-JMI,pair,True,3.0,-0.18747004558578428,1.0,1.0,1.0469323742815184,-1.8251966605274093,0.9970319965252642,0.9970319965252642,0.9931550461636421,0.9931550461636421,0.9931550461636421,0.9952203929899097,0.9931550461636421,0.9931550461636421,False,5.0,True,0.0,,,0.689047544148698,True,"5,12",0.95,5.0,,
44,PSS-JMI,pair,True,4.0,-0.9102620113535163,1.0,0.9998672331386086,1.0535529510408277,-2.8317901173972233,0.996814825539308,0.996814825539308,0.9934734161095192,0.9932288900690388,0.9932288900690388,0.9932288900690388,0.9933142311365807,0.9932288900690388,False,5.0,True,0.0,,,0.689047544148698,True,"5,13",0.95,5.0,,
44,PSS-JMI,pair,True,5.0,-0.03749793749542851,1.0,0.9998408150270615,1.0656209201491114,-1.2267683358599646,0.9923990154915303,0.9923990154915303,0.981056988220312,0.981056988220312,0.981056988220312,0.9869888475836431,0.981056988220312,0.981056988220312,False,5.0,True,0.0,,,0.689047544148698,True,"5,14",0.95,5.0,,
44,PSS-JMI,pair,True,5.0,-0.6676329702385697,0.9999276096713479,0.9997344662772172,1.0648118059900062,-2.3791584215527157,0.9942087737078327,0.9941363833791805,0.9851957975167144,0.9848774275708373,0.9848774275708373,0.9891131173659055,0.9848774275708373,0.9848774275708373,False,5.0,True,0.0,,,0.689047544148698,True,"5,15",0.95,5.0,,
44,PSS-JMI,pair,True,4.0,-0.0668475217279878,1.0,0.9996816300541229,1.0522094238847566,-1.2074175118488508,0.9947878963370493,0.9947878963370493,0.9893346068131168,0.9893346068131168,0.9893346068131168,0.9896441848114711,0.9893346068131168,0.9893346068131168,False,5.0,True,0.0,,,0.689047544148698,True,"5,16",0.95,5.0,,
44,PSS-JMI,pair,False,5.0,-0.8417138768615295,0.9997828290140437,0.9995224450811844,1.0692803154179582,-3.7630650224808044,0.9941363833791805,0.9939916027218764,0.9867876472461,0.9864692773002228,0.9864692773002228,0.9905735528412108,0.9864692773002228,0.9864692773002228,False,5.0,True,0.0,,,0.689047544148698,True,"5,17",0.95,5.0,,
44,PSS-JMI,pair,True,5.0,-0.11888076442891138,1.0,0.9998672331386086,1.0642692451138558,-1.329322334007517,0.9920370638482698,0.9920370638482698,0.9836039477873288,0.9836039477873288,0.9836039477873288,0.9851301115241635,0.9836039477873288,0.9836039477873288,False,5.0,True,0.0,,,0.689047544148698,True,"5,18",0.95,5.0,,
44,PSS-JMI,pair,True,5.0,-0.2389315521299724,1.0,0.9998408150270615,1.064007607386508,-1.7213715712990025,0.9934124800926596,0.9934124800926596,0.9872652021649156,0.9872652021649156,0.9872652021649156,0.9887148167817312,0.9872652021649156,0.9872652021649156,False,5.0,True,0.0,,,0.689047544148698,True,"5,19",0.95,5.0,,
44,PSS-JMI,pair,True,5.0,-0.08790281096315478,1.0,1.0,1.0667316683700396,-1.3264224232492108,0.9942087737078327,0.9942087737078327,0.9864692773002228,0.9864692773002228,0.9864692773002228,0.9883165161975571,0.9864692773002228,0.9864692773002228,False,5.0,True,0.0,,,0.689047544148698,True,"5,20",0.95,5.0,,
44,PSS-JMI,pair,True,3.0,-0.280062224492146,1.0,1.0,1.038571626614488,-1.4410630524483792,0.9970319965252642,0.9970319965252642,0.9931550461636421,0.9931550461636421,0.9931550461636421,0.9944237918215614,0.9931550461636421,0.9931550461636421,False,5.0,True,0.0,,,0.689047544148698,True,"5,21",0.95,5.0,,
44,PSS-JMI,pair,False,5.0,-0.4447357710251225,0.9999276096713479,1.0,1.0778904218049707,-3.8778327672765966,0.9923266251628783,0.9923266251628783,0.9837631327602674,0.9837631327602674,0.9837631327602674,0.9853956452469463,0.9837631327602674,0.9837631327602674,False,5.0,True,0.0,,,0.689047544148698,True,"5,22",0.95,5.0,,
44,PSS-JMI,pair,True,3.0,-0.42509776147760014,1.0,1.0,1.0413389603663448,-4.174674869087607,0.9969596061966122,0.9969596061966122,0.9934734161095192,0.9934734161095192,0.9934734161095192,0.9945565586829528,0.9934734161095192,0.9934734161095192,False,5.0,True,0.0,,,0.689047544148698,True,"5,23",0.95,5.0,,
44,PSS-JMI,pair,True,5.0,-0.25388469337985886,1.0,0.9998408150270615,1.0599942457775513,-1.5994167443985243,0.9923266251628783,0.9922542348342261,0.9828080229226361,0.9828080229226361,0.9828080229226361,0.9888475836431226,0.9828080229226361,0.9828080229226361,False,5.0,True,0.0,,,0.689047544148698,True,"5,24",0.95,5.0,,
44,PSS-JMI,pair,False,4.0,-0.17817367390405559,1.0,1.0,1.064337483431571,-1.3202440353641722,0.9946431156797452,0.9946431156797452,0.9883794969754855,0.9883794969754855,0.9883794969754855,0.9911046202867764,0.9883794969754855,0.9883794969754855,False,5.0,True,0.0,,,0.689047544148698,True,"6,7",0.95,5.0,,
44,PSS-JMI,pair,True,5.0,0.06851201388709338,0.9997828290140437,0.9993632601082458,1.0613548111526938,-1.7337729491033398,0.9934848704213117,0.9934124800926596,0.9859917223814072,0.9858325374084687,0.9858325374084687,0.9896441848114711,0.9858325374084687,0.9858325374084687,False,5.0,True,0.0,,,0.689047544148698,False,"6,8",0.95,5.0,,
44,PSS-JMI,pair,False,4.0,-0.26763346901976637,1.0,1.0,1.0664778903268004,-1.7318712418649265,0.9942087737078327,0.9942087737078327,0.9869468322190386,0.9864692773002228,0.9864692773002228,0.9899097185342538,0.9864692773002228,0.9864692773002228,False,5.0,True,0.0,,,0.689047544148698,True,"6,9",0.95,5.0,,
44,PSS-JMI,pair,True,5.0,0.09273111912927523,1.0,0.9996016994158258,1.062581207919004,-1.7475694475745533,0.9926161864774866,0.9924714058201825,0.9840815027061446,0.9840815027061446,0.9840815027061446,0.9855284121083377,0.9840815027061446,0.9840815027061446,False,5.0,True,0.0,,,0.689047544148698,False,"6,10",0.95,5.0,,
44,PSS-JMI,pair,True,5.0,0.14505468112514652,1.0,1.0,1.0712505174867502,-1.107581861989466,0.9923990154915303,0.9923266251628783,0.9823304680038204,0.9820120980579433,0.9820120980579433,0.9863250132766861,0.9820120980579433,0.9820120980579433,False,5.0,True,0.0,,,0.689047544148698,False,"6,11",0.95,5.0,,
44,PSS-JMI,pair,True,5.0,0.13920472283976437,1.0,0.9998672331386086,1.0739359391246246,-1.6505552311917278,0.992109454176922,0.9919646735196178,0.9842406876790831,0.9839223177332059,0.9839223177332059,0.9852628783855549,0.9839223177332059,0.9839223177332059,False,5.0,True,0.0,,,0.689047544148698,False,"6,12",0.95,5.0,,
44,PSS-JMI,pair,True,5.0,-0.147254340942633,0.9999276096713479,0.9998408150270615,1.0762701714796998,-1.6524052091218993,0.992109454176922,0.9918922831909657,0.9847182425978988,0.9842406876790831,0.9842406876790831,0.9865905469994689,0.9842406876790831,0.9842406876790831,False,5.0,True,0.0,,,0.689047544148698,True,"6,13",0.95,5.0,,
44,PSS-JMI,pair,True,5.0,0.14054565815110887,0.9998552193426958,0.9996816300541229,1.0601363563977366,-1.5419628355900352,0.9932676994353554,0.9931229187780513,0.9856733524355301,0.9855141674625916,0.9855141674625916,0.9880509824747743,0.9855141674625916,0.9855141674625916,False,5.0,True,0.0,,,0.689047544148698,False,"6,14",0.95,5.0,,
44,PSS-JMI,pair,True,4.0,-0.21715961700551523,1.0,1.0,1.062439488511388,-1.350765227162631,0.9946431156797452,0.9946431156797452,0.9866284622731614,0.9866284622731614,0.9866284622731614,0.9912373871481678,0.9866284622731614,0.9866284622731614,False,5.0,True,0.0,,,0.689047544148698,True,"6,15",0.95,5.0,,
44,PSS-JMI,pair,True,5.0,0.12239055797101428,1.0,0.9995224450811844,1.0595196228882104,-1.5155131776167627,0.9938468220645722,0.9938468220645722,0.9874243871378542,0.9874243871378542,0.9874243871378542,0.9887148167817312,0.9874243871378542,0.9874243871378542,False,5.0,True,0.0,,,0.689047544148698,False,"6,16",0.95,5.0,,
44,PSS-JMI,pair,False,5.0,-0.4185550980334609,1.0,0.9998672331386086,1.0803870557486175,-2.488775482153644,0.9926161864774866,0.9926161864774866,0.9848774275708373,0.9848774275708373,0.9848774275708373,0.9857939458311206,0.9848774275708373,0.9848774275708373,False,5.0,True,0.0,,,0.689047544148698,True,"6,17",0.95,5.0,,
44,PSS-JMI,pair,True,5.0,0.11365446424602932,1.0,0.9998408150270615,1.060659704410455,-1.6533705772618656,0.9931953091067034,0.9930505284493991,0.9866284622731614,0.9863100923272843,0.9863100923272843,0.9885820499203399,0.9863100923272843,0.9863100923272843,False,5.0,True,0.0,,,0.689047544148698,False,"6,18",0.95,5.0,,
44,PSS-JMI,pair,True,5.0,0.14229025468428347,1.0,1.0,1.071356726560522,-1.1287352871181418,0.992109454176922,0.9918922831909657,0.9851957975167144,0.9847182425978988,0.9847182425978988,0.9865905469994689,0.9847182425978988,0.9847182425978988,False,5.0,True,0.0,,,0.689047544148698,False,"6,19",0.95,5.0,,
44,PSS-JMI,pair,True,5.0,0.12125337051612695,1.0,0.9997344662772172,1.0705343021437823,-1.1971244380428394,0.9934124800926596,0.9931953091067034,0.9842406876790831,0.9839223177332059,0.9839223177332059,0.9851301115241635,0.9839223177332059,0.9839223177332059,False,5.0,True,0.0,,,0.689047544148698,False,"6,20",0.95,5.0,,
44,PSS-JMI,pair,True,5.0,0.05213127470055556,1.0,0.9998408150270615,1.0673819102871847,-1.2006649470620334,0.9933400897640076,0.9931953091067034,0.9845590576249602,0.9843998726520217,0.9843998726520217,0.9877854487519915,0.9843998726520217,0.9843998726520217,False,5.0,True,0.0,,,0.689047544148698,False,"6,21",0.95,5.0,,
44,PSS-JMI,pair,False,5.0,-0.2768381919271281,0.9997828290140437,0.9996816300541229,1.0755045602765958,-3.9098244576551817,0.9930505284493991,0.9930505284493991,0.9847182425978988,0.9845590576249602,0.9845590576249602,0.9852628783855549,0.9845590576249602,0.9845590576249602,False,5.0,True,0.0,,,0.689047544148698,True,"6,22",0.95,5.0,,
44,PSS-JMI,pair,True,5.0,-0.04529376775302296,1.0,1.0,1.0658926318185693,-3.914059674170848,0.9923266251628783,0.9922542348342261,0.985354982489653,0.985354982489653,0.985354982489653,0.9853956452469463,0.985354982489653,0.985354982489653,False,5.0,True,0.0,,,0.689047544148698,True,"6,23",0.95,5.0,,
44,PSS-JMI,pair,True,5.0,0.1336722104039365,1.0,0.9998672331386086,1.069480009390373,-1.1168037536459423,0.9923266251628783,0.992109454176922,0.9848774275708373,0.9842406876790831,0.9842406876790831,0.9863250132766861,0.9842406876790831,0.9842406876790831,False,5.0,True,0.0,,,0.689047544148698,False,"6,24",0.95,5.0,,
44,PSS-JMI,pair,False,4.0,-0.07407762019528108,1.0,1.0,1.0647170393662446,-0.936585103611207,0.9946431156797452,0.9946431156797452,0.9883794969754855,0.9883794969754855,0.9883794969754855,0.9908390865639937,0.9883794969754855,0.9883794969754855,False,5.0,True,0.0,,,0.689047544148698,True,"7,8",0.95,5.0,,
44,PSS-JMI,pair,False,5.0,-1.0383420104354064,0.9997828290140437,0.9995224450811844,1.0670854146529474,-3.0781715497575988,0.9935572607499638,0.9933400897640076,0.9864692773002228,0.9859917223814072,0.9859917223814072,0.988980350504514,0.9859917223814072,0.9859917223814072,False,5.0,True,0.0,,,0.689047544148698,True,"7,9",0.95,5.0,,
44,PSS-JMI,pair,False,5.0,-0.44708888689320925,1.0,0.9998672331386086,1.0703135128314496,-1.8240519175312808,0.992181844505574,0.9919646735196178,0.9821712830308819,0.9816937281120662,0.9816937281120662,0.9856611789697292,0.9816937281120662,0.9816937281120662,False,5.0,True,0.0,,,0.689047544148698,True,"7,10",0.95,5.0,,
44,PSS-JMI,pair,False,2.0,-0.38932404946107635,1.0,1.0,1.0365310614373062,-1.4907330230804758,0.998407412769654,0.998407412769654,0.9968163005412289,0.9968163005412289,0.9968163005412289,0.997344662772172,0.9968163005412289,0.9968163005412289,False,5.0,True,0.0,,,0.689047544148698,True,"7,11",0.95,5.0,,
44,PSS-JMI,pair,False,5.0,-0.057769443572953216,1.0,1.0,1.0822118840998298,-1.622674278980189,0.9932676994353554,0.9931953091067034,0.9837631327602674,0.9837631327602674,0.9837631327602674,0.9883165161975571,0.9837631327602674,0.9837631327602674,False,5.0,True,0.0,,,0.689047544148698,True,"7,12",0.95,5.0,,
44,PSS-JMI,pair,False,5.0,-0.8842002636750128,0.9998552193426958,0.9996816300541229,1.0712317466727588,-2.472138731852353,0.995222238308962,0.9950774576516578,0.9888570518943012,0.9888570518943012,0.9888570518943012,0.9913701540095592,0.9888570518943012,0.9888570518943012,False,5.0,True,0.0,,,0.689047544148698,True,"7,13",0.95,5.0,,
44,PSS-JMI,pair,False,5.0,-0.03586528215047369,1.0,1.0,1.0811949685505713,-0.915137524235768,0.9933400897640076,0.9933400897640076,0.9818529130850048,0.9818529130850048,0.9818529130850048,0.9851301115241635,0.9818529130850048,0.9818529130850048,False,5.0,True,0.0,,,0.689047544148698,True,"7,14",0.95,5.0,,
44,PSS-JMI,pair,False,5.0,-0.5393577673062913,1.0,0.9998672331386086,1.0743717029450082,-1.7378329611078707,0.9940639930505285,0.9940639930505285,0.9871060171919771,0.9871060171919771,0.9871060171919771,0.9888475836431226,0.9871060171919771,0.9871060171919771,False,5.0,True,0.0,,,0.689047544148698,True,"7,15",0.95,5.0,,
44,PSS-JMI,pair,False,2.0,-0.2499785634478543,1.0,1.0,1.0389634447717364,-0.9893092302907673,0.9979006804690893,0.9979006804690893,0.9968163005412289,0.9968163005412289,0.9968163005412289,0.9972118959107806,0.9968163005412289,0.9968163005412289,False,5.0,True,0.0,,,0.689047544148698,True,"7,16",0.95,5.0,,
44,PSS-JMI,pair,False,5.0,-0.8423667086926918,0.9999276096713479,0.9998408150270615,1.0829249881752139,-3.189682467806401,0.9950050673230056,0.9949326769943535,0.9901305316778096,0.9901305316778096,0.9901305316778096,0.9907063197026023,0.9901305316778096,0.9901305316778096,False,5.0,True,0.0,,,0.689047544148698,True,"7,17",0.95,5.0,,
44,PSS-JMI,pair,False,5.0,-0.08872025345989987,0.9998552193426958,0.9997344662772172,1.0831547978303366,-1.0531260918443448,0.9919646735196178,0.9919646735196178,0.9829672078955747,0.9829672078955747,0.9829672078955747,0.985926712692512,0.9829672078955747,0.9829672078955747,False,5.0,True,0.0,,,0.689047544148698,True,"7,18",0.95,5.0,,
44,PSS-JMI,pair,False,2.0,-0.3995405600785309,1.0,1.0,1.034667988588216,-1.5847503603022257,0.9982626321123498,0.9982626321123498,0.9966571155682904,0.9966571155682904,0.9966571155682904,0.9978757302177377,0.9966571155682904,0.9966571155682904,False,5.0,True,0.0,,,0.689047544148698,True,"7,19",0.95,5.0,,
44,PSS-JMI,pair,False,2.0,-0.2739613264834775,1.0,1.0,1.040155573075947,-1.134753243050331,0.9986969740842624,0.9986969740842624,0.9974530404329831,0.9974530404329831,0.9974530404329831,0.9977429633563463,0.9974530404329831,0.9974530404329831,False,5.0,True,0.0,,,0.689047544148698,True,"7,20",0.95,5.0,,
44,PSS-JMI,pair,False,2.0,-0.46098509348448524,1.0,1.0,1.0347099565072315,-1.3825840642930034,0.9986969740842624,0.9986969740842624,0.9966571155682904,0.9966571155682904,0.9966571155682904,0.9976101964949549,0.9966571155682904,0.9966571155682904,False,5.0,True,0.0,,,0.689047544148698,True,"7,21",0.95,5.0,,
44,PSS-JMI,pair,False,2.0,-0.5536987425688795,1.0,1.0,1.037940862528164,-3.706665170950916,0.9985521934269581,0.9985521934269581,0.9972938554600446,0.9972938554600446,0.9972938554600446,0.9974774296335635,0.9972938554600446,0.9972938554600446,False,5.0,True,0.0,,,0.689047544148698,True,"7,22",0.95,5.0,,
44,PSS-JMI,pair,False,5.0,-0.37784932749556566,1.0,0.9998408150270615,1.0781742047682368,-3.841701322186004,0.991385550890401,0.991385550890401,0.9838024429102497,0.9838024429102497,0.9838024429102497,0.9838024429102497,0.9839223177332059,0.9838024429102497,False,5.0,True,0.0,,,0.689047544148698,True,"7,23",0.95,5.0,,
44,PSS-JMI,pair,False,4.0,-0.20972025859691934,1.0,1.0,1.0634506079905963,-1.1368395523373855,0.9951498479803098,0.9951498479803098,0.9894937917860553,0.9894937917860553,0.9894937917860553,0.9925650557620818,0.9894937917860553,0.9894937917860553,False,5.0,True,0.0,,,0.689047544148698,True,"7,24",0.95,5.0,,
44,PSS-JMI,pair,False,5.0,-0.18508919574039906,1.0,0.9998672331386086,1.0811632046931097,-1.4505007631905342,0.9906616476038801,0.9906616476038801,0.9788283985991723,0.9788283985991723,0.9788283985991723,0.9843335103558152,0.9788283985991723,0.9788283985991723,False,5.0,True,0.0,,,0.689047544148698,True,"8,9",0.95,5.0,,
44,PSS-JMI,pair,True,5.0,0.10152929614091355,1.0,0.9996016994158258,1.0648979884892744,-1.4450361975854147,0.9920370638482698,0.9920370638482698,0.9829672078955747,0.9823304680038204,0.9823304680038204,0.9849973446627722,0.9823304680038204,0.9823304680038204,False,5.0,True,0.0,,,0.689047544148698,False,"8,10",0.95,5.0,,
44,PSS-JMI,pair,True,5.0,0.12339671959086862,1.0,1.0,1.0727666202978352,-0.9214336701228872,0.9922542348342261,0.9922542348342261,0.9820120980579433,0.9816937281120662,0.9816937281120662,0.9848645778013808,0.9816937281120662,0.9816937281120662,False,5.0,True,0.0,,,0.689047544148698,False,"8,11",0.95,5.0,,
44,PSS-JMI,pair,True,5.0,0.12527495420854606,1.0,0.9998408150270615,1.0796750226439145,-1.3946571771356056,0.9915303315477052,0.9915303315477052,0.9813753581661891,0.9813753581661891,0.9813753581661891,0.983935209771641,0.9813753581661891,0.9813753581661891,False,5.0,True,0.0,,,0.689047544148698,False,"8,12",0.95,5.0,,
44,PSS-JMI,pair,True,5.0,-0.08205445450262405,1.0,1.0,1.0811464596170162,-1.3748851900476726,0.9918198928623136,0.9916027218763573,0.9831263928685132,0.9826488379496976,0.9826488379496976,0.984599044078598,0.9826488379496976,0.9826488379496976,False,5.0,True,0.0,,,0.689047544148698,True,"8,13",0.95,5.0,,
44,PSS-JMI,pair,True,5.0,0.11919674206279063,1.0,0.9996816300541229,1.061977179108326,-1.5005711031717213,0.9938468220645722,0.9935572607499638,0.9874243871378542,0.9869468322190386,0.9869468322190386,0.988980350504514,0.9869468322190386,0.9869468322190386,False,5.0,True,0.0,,,0.689047544148698,False,"8,14",0.95,5.0,,
44,PSS-JMI,pair,True,5.0,-0.04563920228134766,1.0,1.0,1.0789601085913088,-1.0246875643046371,0.9919646735196178,0.9919646735196178,0.9828080229226361,0.9828080229226361,0.9828080229226361,0.9840679766330324,0.9828080229226361,0.9828080229226361,False,5.0,True,0.0,,,0.689047544148698,True,"8,15",0.95,5.0,,
44,PSS-JMI,pair,True,5.0,0.15004522410186683,1.0,0.9998672331386086,1.0600463736141905,-1.351424618936948,0.9941363833791805,0.9940639930505285,0.9886978669213626,0.9886978669213626,0.9886978669213626,0.9904407859798194,0.9886978669213626,0.9886978669213626,False,5.0,True,0.0,,,0.689047544148698,False,"8,16",0.95,5.0,,
44,PSS-JMI,pair,False,5.0,-0.28174339396319414,1.0,1.0,1.08673578749611,-2.015454289386812,0.9917475025336615,0.9917475025336615,0.9824896529767589,0.9823304680038204,0.9823304680038204,0.9838024429102497,0.9823304680038204,0.9823304680038204,False,5.0,True,0.0,,,0.689047544148698,True,"8,17",0.95,5.0,,
44,PSS-JMI,pair,True,5.0,0.128975686397776,1.0,0.9997344662772172,1.0607068637496522,-1.4318450386333126,0.9937744317359201,0.9937744317359201,0.9866284622731614,0.9864692773002228,0.9864692773002228,0.9899097185342538,0.9864692773002228,0.9864692773002228,False,5.0,True,0.0,,,0.689047544148698,False,"8,18",0.95,5.0,,
44,PSS-JMI,pair,True,5.0,0.13816412144177215,1.0,0.9998672331386086,1.072268503192462,-0.9539321299985773,0.9922542348342261,0.992109454176922,0.9834447628143903,0.9831263928685132,0.9831263928685132,0.9855284121083377,0.9831263928685132,0.9831263928685132,False,5.0,True,0.0,,,0.689047544148698,False,"8,19",0.95,5.0,,
44,PSS-JMI,pair,True,5.0,0.1379747395615052,1.0,1.0,1.0707169399591316,-1.0010573288457303,0.9930505284493991,0.9930505284493991,0.9834447628143903,0.9834447628143903,0.9834447628143903,0.9864577801380775,0.9834447628143903,0.9834447628143903,False,5.0,True,0.0,,,0.689047544148698,False,"8,20",0.95,5.0,,
44,PSS-JMI,pair,True,5.0,0.10371443083819154,0.9999276096713479,0.9998408150270615,1.0632486763856739,-0.9318732456692812,0.9926161864774866,0.9926161864774866,0.9848774275708373,0.9848774275708373,0.9848774275708373,0.987254381306426,0.9848774275708373,0.9848774275708373,False,5.0,True,0.0,,,0.689047544148698,False,"8,21",0.95,5.0,,
44,PSS-JMI,pair,False,5.0,-0.25090427442562424,1.0,1.0,1.0756376402959664,-3.5694856516718274,0.9905892572752281,0.9905892572752281,0.9821712830308819,0.9821712830308819,0.9821712830308819,0.9860594795539034,0.9821712830308819,0.9821712830308819,False,5.0,True,0.0,,,0.689047544148698,True,"8,22",0.95,5.0,,
44,PSS-JMI,pair,True,5.0,-0.012919950886411513,1.0,0.9997344662772172,1.069948112438128,-3.6737935734616234,0.992181844505574,0.992181844505574,0.9829672078955747,0.9826488379496976,0.9826488379496976,0.9849973446627722,0.9826488379496976,0.9826488379496976,False,5.0,True,0.0,,,0.689047544148698,True,"8,23",0.95,5.0,,
44,PSS-JMI,pair,True,5.0,0.1070280683987408,1.0,0.9998672331386086,1.0692124564235248,-1.029187577359908,0.9928333574634429,0.9928333574634429,0.9851957975167144,0.9851957975167144,0.9851957975167144,0.9879182156133829,0.9851957975167144,0.9851957975167144,False,5.0,True,0.0,,,0.689047544148698,False,"8,24",0.95,5.0,,
44,PSS-JMI,pair,False,5.0,-0.5228633409975756,0.9999276096713479,0.9998408150270615,1.0684529013347455,-2.3413793563736833,0.992109454176922,0.992109454176922,0.9794651384909264,0.9794651384909264,0.9794651384909264,0.9861922464152948,0.9794651384909264,0.9794651384909264,False,5.0,True,0.0,,,0.689047544148698,True,"9,10",0.95,5.0,,
44,PSS-JMI,pair,False,4.0,-0.2986125653228924,1.0,0.9998408150270615,1.0645185882672064,-1.7584421106454033,0.9942087737078327,0.9942087737078327,0.9886978669213626,0.9886978669213626,0.9886978669213626,0.9905735528412108,0.9886978669213626,0.9886978669213626,False,5.0,True,0.0,,,0.689047544148698,True,"9,11",0.95,5.0,,
44,PSS-JMI,pair,False,4.0,-0.19188527340011197,1.0,1.0,1.071916684301909,-1.93720412258706,0.9945707253510931,0.9945707253510931,0.9874243871378542,0.9874243871378542,0.9874243871378542,0.990308019118428,0.9874243871378542,0.9874243871378542,False,5.0,True,0.0,,,0.689047544148698,True,"9,12",0.95,5.0,,
44,PSS-JMI,pair,False,5.0,-1.0820175167851676,1.0,0.9998672331386086,1.0733077461357114,-3.278894132369655,0.992905747792095,0.9925437961488345,0.9842406876790831,0.9834447628143903,0.9834447628143903,0.9884492830589485,0.9834447628143903,0.9834447628143903,False,5.0,True,0.0,,,0.689047544148698,True,"9,13",0.95,5.0,,
44,PSS-JMI,pair,False,5.0,-0.20230483086387663,0.9997828290140437,0.9996016994158258,1.0811534163059748,-1.3995534158949476,0.9924714058201825,0.9923990154915303,0.9812161731932506,0.981056988220312,0.981056988220312,0.9842007434944238,0.981056988220312,0.981056988220312,False,5.0,True,0.0,,,0.689047544148698,True,"9,14",0.95,5.0,,
44,PSS-JMI,pair,False,4.0,-0.8411213040238734,1.0,1.0,1.064472111477844,-2.7065679672510012,0.9949326769943535,0.9948602866657015,0.9894937917860553,0.9893346068131168,0.9893346068131168,0.9934944237918215,0.9893346068131168,0.9893346068131168,False,5.0,True,0.0,,,0.689047544148698,True,"9,15",0.95,5.0,,
44,PSS-JMI,pair,False,4.0,-0.20975351492584404,1.0,1.0,1.0704144836563398,-1.4290818314793476,0.993702041407268,0.993702041407268,0.9871060171919771,0.9871060171919771,0.9871060171919771,0.9893786510886883,0.9871060171919771,0.9871060171919771,False,5.0,True,0.0,,,0.689047544148698,True,"9,16",0.95,5.0,,
44,PSS-JMI,pair,False,5.0,-1.1464977764145035,1.0,1.0,1.072265050302868,-4.359440839540768,0.9934848704213117,0.9931229187780513,0.9874243871378542,0.9864692773002228,0.9864692773002228,0.9904407859798194,0.9864692773002228,0.9864692773002228,False,5.0,True,0.0,,,0.689047544148698,True,"9,17",0.95,5.0,,
44,PSS-JMI,pair,False,3.0,-0.4530267718167904,1.0,1.0,1.0489170015815164,-1.5413887248838154,0.99688721586796,0.99688721586796,0.9926774912448265,0.9926774912448265,0.9926774912448265,0.9941582580987786,0.9926774912448265,0.9926774912448265,False,5.0,True,0.0,,,0.689047544148698,True,"9,18",0.95,5.0,,
44,PSS-JMI,pair,False,4.0,-0.3122418378486984,1.0,0.9997344662772172,1.0638852271198356,-1.7805205365207772,0.9949326769943535,0.9949326769943535,0.9899713467048711,0.9898121617319325,0.9898121617319325,0.9921667551779076,0.9898121617319325,0.9898121617319325,False,5.0,True,0.0,,,0.689047544148698,True,"9,19",0.95,5.0,,
44,PSS-JMI,pair,False,4.0,-0.24497209314177604,1.0,1.0,1.06938227983383,-1.6028022552065007,0.9949326769943535,0.9949326769943535,0.9901305316778096,0.9901305316778096,0.9901305316778096,0.9904407859798194,0.9901305316778096,0.9901305316778096,False,5.0,True,0.0,,,0.689047544148698,True,"9,20",0.95,5.0,,
44,PSS-JMI,pair,False,3.0,-0.3869580563597417,1.0,1.0,1.0495543236720506,-1.532259502882272,0.9972491675112205,0.9972491675112205,0.9934734161095192,0.9934734161095192,0.9934734161095192,0.9948220924057355,0.9934734161095192,0.9934734161095192,False,5.0,True,0.0,,,0.689047544148698,True,"9,21",0.95,5.0,,
44,PSS-JMI,pair,False,5.0,-0.5514232278387832,1.0,0.9998672331386086,1.0856840586735845,-3.9718603805249217,0.992181844505574,0.992181844505574,0.9842406876790831,0.9842406876790831,0.9842406876790831,0.9844662772172066,0.9842406876790831,0.9842406876790831,False,5.0,True,0.0,,,0.689047544148698,True,"9,22",0.95,5.0,,
44,PSS-JMI,pair,False,3.0,-0.624847011914655,1.0,1.0,1.0518840486571026,-4.344388562070727,0.9964528738960475,0.9964528738960475,0.9918815663801337,0.9918815663801337,0.9918815663801337,0.9940254912373871,0.9918815663801337,0.9918815663801337,False,5.0,True,0.0,,,0.689047544148698,True,"9,23",0.95,5.0,,
44,PSS-JMI,pair,False,5.0,-0.32811247186377,0.9999276096713479,0.9996816300541229,1.0792023586552901,-1.7062697703583745,0.9923266251628783,0.9922542348342261,0.9826488379496976,0.9826488379496976,0.9826488379496976,0.9860594795539034,0.9826488379496976,0.9826488379496976,False,5.0,True,0.0,,,0.689047544148698,True,"9,24",0.95,5.0,,
44,PSS-JMI,pair,True,5.0,0.11359216586185372,1.0,0.9996016994158258,1.06505323054992,-1.3648554133451496,0.9912407702330969,0.9912407702330969,0.9802610633556192,0.9801018783826807,0.9801018783826807,0.9834041423260754,0.9801018783826807,0.9801018783826807,False,5.0,True,0.0,,,0.689047544148698,False,"10,11",0.95,5.0,,
44,PSS-JMI,pair,True,5.0,0.10967549171869684,1.0,0.9998672331386086,1.0697198648832247,-1.7685080012720813,0.9918922831909657,0.9918922831909657,0.9801018783826807,0.9801018783826807,0.9801018783826807,0.9830058417419012,0.9801018783826807,0.9801018783826807,False,5.0,True,0.0,,,0.689047544148698,False,"10,12",0.95,5.0,,
44,PSS-JMI,pair,True,5.0,-0.2824431873179143,1.0,0.9998672331386086,1.0724398864741254,-1.906740578200876,0.9918922831909657,0.9916751122050094,0.9831263928685132,0.9826488379496976,0.9826488379496976,0.9843335103558152,0.9826488379496976,0.9826488379496976,False,5.0,True,0.0,,,0.689047544148698,True,"10,13",0.95,5.0,,
44,PSS-JMI,pair,True,5.0,0.10655016324938749,1.0,0.9996016994158258,1.0648214523669384,-1.466507344805283,0.9922542348342261,0.992181844505574,0.9826488379496976,0.9826488379496976,0.9826488379496976,0.984599044078598,0.9826488379496976,0.9826488379496976,False,5.0,True,0.0,,,0.689047544148698,False,"10,14",0.95,5.0,,
44,PSS-JMI,pair,True,5.0,-0.22914218207586234,1.0,0.9996016994158258,1.0701960633794034,-1.6699526841827381,0.9913131605617489,0.9911683799044447,0.9829672078955747,0.9826488379496976,0.9826488379496976,0.9834041423260754,0.9826488379496976,0.9826488379496976,False,5.0,True,0.0,,,0.689047544148698,True,"10,15",0.95,5.0,,
44,PSS-JMI,pair,True,5.0,0.10082191691004017,1.0,0.9997344662772172,1.0635534838571319,-1.494763450746926,0.9916751122050094,0.9916751122050094,0.9816937281120662,0.9813753581661891,0.9813753581661891,0.9843335103558152,0.9813753581661891,0.9813753581661891,False,5.0,True,0.0,,,0.689047544148698,False,"10,16",0.95,5.0,,
44,PSS-JMI,pair,False,5.0,-0.3976403949597458,1.0,1.0,1.0799425044542559,-2.3805107626211806,0.9916027218763573,0.9916027218763573,0.9820120980579433,0.9820120980579433,0.9820120980579433,0.9834041423260754,0.9820120980579433,0.9820120980579433,False,5.0,True,0.0,,,0.689047544148698,True,"10,17",0.95,5.0,,
44,PSS-JMI,pair,True,5.0,0.1075255313824508,1.0,0.9997344662772172,1.0666091110043112,-1.5395000744291123,0.9915303315477052,0.9915303315477052,0.9823304680038204,0.9820120980579433,0.9820120980579433,0.9828730748805098,0.9820120980579433,0.9820120980579433,False,5.0,True,0.0,,,0.689047544148698,False,"10,18",0.95,5.0,,
44,PSS-JMI,pair,True,5.0,0.12135273044799022,0.9998552193426958,0.9997344662772172,1.0656364316388276,-1.3833196424730998,0.9919646735196178,0.9919646735196178,0.9813753581661891,0.9813753581661891,0.9813753581661891,0.9851301115241635,0.9813753581661891,0.9813753581661891,False,5.0,True,0.0,,,0.689047544148698,False,"10,19",0.95,5.0,,
44,PSS-JMI,pair,True,5.0,0.10050423599531211,0.9998552193426958,0.9998672331386086,1.0629240355735485,-1.384273843918788,0.9925437961488345,0.9925437961488345,0.9828080229226361,0.9826488379496976,0.9826488379496976,0.9860594795539034,0.9826488379496976,0.9826488379496976,False,5.0,True,0.0,,,0.689047544148698,False,"10,20",0.95,5.0,,
44,PSS-JMI,pair,True,5.0,-0.0449340755717591,0.9998552193426958,0.9996016994158258,1.0627433413469103,-1.574077907150823,0.991385550890401,0.9910959895757927,0.9824896529767589,0.9818529130850048,0.9818529130850048,0.9843335103558152,0.9818529130850048,0.9818529130850048,False,5.0,True,0.0,,,0.689047544148698,True,"10,21",0.95,5.0,,
44,PSS-JMI,pair,False,5.0,-0.5279187107269312,0.9999276096713479,0.9997344662772172,1.0718177154964648,-4.36328494561257,0.9924714058201825,0.9924714058201825,0.9813753581661891,0.981056988220312,0.981056988220312,0.9855284121083377,0.981056988220312,0.981056988220312,False,5.0,True,0.0,,,0.689047544148698,True,"10,22",0.95,5.0,,
44,PSS-JMI,pair,True,5.0,-0.08475148112352926,0.9999276096713479,0.9998408150270615,1.063090885798722,-4.2748248751238025,0.9922542348342261,0.9919646735196178,0.9837631327602674,0.983271375464684,0.983271375464684,0.983271375464684,0.9837631327602674,0.983271375464684,False,5.0,True,0.0,,,0.689047544148698,True,"10,23",0.95,5.0,,
44,PSS-JMI,pair,True,5.0,0.09754684144631942,0.9999276096713479,0.9998672331386086,1.0650034609591674,-1.295177122084543,0.9914579412190532,0.9913131605617489,0.9829672078955747,0.9823304680038204,0.9823304680038204,0.9843335103558152,0.9823304680038204,0.9823304680038204,False,5.0,True,0.0,,,0.689047544148698,False,"10,24",0.95,5.0,,
44,PSS-JMI,pair,True,5.0,0.08902296929923414,1.0,0.9996816300541229,1.0685631768917758,-1.6306218964884307,0.9931953091067034,0.9931229187780513,0.9871060171919771,0.9871060171919771,0.9871060171919771,0.9880509824747743,0.9871060171919771,0.9871060171919771,False,5.0,True,0.0,,,0.689047544148698,False,"11,12",0.95,5.0,,
44,PSS-JMI,pair,True,4.0,-0.17932476409345433,1.0,1.0,1.0606867456668498,-1.4090840951998194,0.9944259446937889,0.9944259446937889,0.9904407859798194,0.9904407859798194,0.9904407859798194,0.9904407859798194,0.9909264565425024,0.9904407859798194,False,5.0,True,0.0,,,0.689047544148698,True,"11,13",0.95,5.0,,
44,PSS-JMI,pair,True,5.0,0.12724906750884601,1.0,0.9995224450811844,1.071563948257447,-0.9015919671382303,0.9928333574634429,0.9928333574634429,0.9818529130850048,0.9818529130850048,0.9818529130850048,0.9860594795539034,0.9818529130850048,0.9818529130850048,False,5.0,True,0.0,,,0.689047544148698,False,"11,14",0.95,5.0,,
44,PSS-JMI,pair,True,5.0,-0.04459552479335982,0.9999276096713479,0.9995224450811844,1.0735298891635097,-1.1215390607939906,0.9931953091067034,0.9931953091067034,0.9858325374084687,0.9855141674625916,0.9855141674625916,0.9879182156133829,0.9855141674625916,0.9855141674625916,False,5.0,True,0.0,,,0.689047544148698,True,"11,15",0.95,5.0,,
44,PSS-JMI,pair,True,5.0,0.12563439093366324,1.0,0.9996816300541229,1.0692293090385545,-0.8944270596960728,0.992905747792095,0.992905747792095,0.9826488379496976,0.9824896529767589,0.9824896529767589,0.985926712692512,0.9824896529767589,0.9824896529767589,False,5.0,True,0.0,,,0.689047544148698,False,"11,16",0.95,5.0,,
44,PSS-JMI,pair,False,5.0,-0.3142942898416461,0.9999276096713479,0.9997344662772172,1.0816312800202708,-2.1473465266019107,0.9942087737078327,0.9942087737078327,0.9861509073543457,0.9861509073543457,0.9861509073543457,0.9881837493361657,0.9861509073543457,0.9861509073543457,False,5.0,True,0.0,,,0.689047544148698,True,"11,17",0.95,5.0,,
44,PSS-JMI,pair,True,5.0,0.1248044446615475,0.9998552193426958,0.9997344662772172,1.0691524421585117,-0.9785247253665592,0.9923266251628783,0.9923266251628783,0.9824896529767589,0.9818529130850048,0.9818529130850048,0.9865905469994689,0.9818529130850048,0.9818529130850048,False,5.0,True,0.0,,,0.689047544148698,False,"11,18",0.95,5.0,,
44,PSS-JMI,pair,True,5.0,0.07566775498035128,1.0,1.0,1.0528921348474052,-1.9523652288223075,0.995222238308962,0.995222238308962,0.9899713467048711,0.9899713467048711,0.9899713467048711,0.991635687732342,0.9899713467048711,0.9899713467048711,False,5.0,True,0.0,,,0.689047544148698,False,"11,19",0.95,5.0,,
44,PSS-JMI,pair,True,5.0,0.10833294344204214,1.0,1.0,1.0669995403861874,-1.0144126188637956,0.9931229187780513,0.9931229187780513,0.9855141674625916,0.9855141674625916,0.9855141674625916,0.9869888475836431,0.9855141674625916,0.9855141674625916,False,5.0,True,0.0,,,0.689047544148698,False,"11,20",0.95,5.0,,
44,PSS-JMI,pair,True,5.0,0.007350471717882945,1.0,0.9998408150270615,1.06394034537723,-1.1873348837620745,0.9928333574634429,0.9928333574634429,0.9836039477873288,0.9834447628143903,0.9834447628143903,0.9861922464152948,0.9834447628143903,0.9834447628143903,False,5.0,True,0.0,,,0.689047544148698,False,"11,21",0.95,5.0,,
44,PSS-JMI,pair,False,5.0,-0.19643918147442507,1.0,0.9998408150270615,1.0723907682723266,-3.6826624315961163,0.9930505284493991,0.9929781381207471,0.9834447628143903,0.9832855778414518,0.9832855778414518,0.9865905469994689,0.9832855778414518,0.9832855778414518,False,5.0,True,0.0,,,0.689047544148698,True,"11,22",0.95,5.0,,
44,PSS-JMI,pair,True,5.0,-0.04063232127616745,1.0,1.0,1.0674125786582456,-3.7961692558330538,0.9917475025336615,0.9917475025336615,0.9836039477873288,0.9828080229226361,0.9828080229226361,0.9848645778013808,0.9828080229226361,0.9828080229226361,False,5.0,True,0.0,,,0.689047544148698,True,"11,23",0.95,5.0,,
44,PSS-JMI,pair,True,5.0,0.1077505828534806,1.0,1.0,1.0634996993536587,-1.3189884082614174,0.9927609671347908,0.9927609671347908,0.9863100923272843,0.9863100923272843,0.9863100923272843,0.987254381306426,0.9863100923272843,0.9863100923272843,False,5.0,True,0.0,,,0.689047544148698,False,"11,24",0.95,5.0,,
44,PSS-JMI,pair,True,4.0,-0.14717657830554698,1.0,1.0,1.0624487128625963,-1.9816330990170055,0.995294628637614,0.995294628637614,0.9902897166507482,0.9902897166507482,0.9902897166507482,0.9908390865639937,0.9902897166507482,0.9902897166507482,False,5.0,True,0.0,,,0.689047544148698,True,"12,13",0.95,5.0,,
44,PSS-JMI,pair,True,5.0,0.10334662200243616,1.0,0.9997344662772172,1.079744638704852,-1.3363876886998818,0.9916751122050094,0.9915303315477052,0.9807386182744349,0.9805794333014963,0.9805794333014963,0.9848645778013808,0.9805794333014963,0.9805794333014963,False,5.0,True,0.0,,,0.689047544148698,False,"12,14",0.95,5.0,,
44,PSS-JMI,pair,True,5.0,0.03128351176576771,1.0,0.9998408150270615,1.076477827102205,-1.5620919154272097,0.992905747792095,0.992905747792095,0.9837631327602674,0.9837631327602674,0.9837631327602674,0.9871216144450345,0.9837631327602674,0.9837631327602674,False,5.0,True,0.0,,,0.689047544148698,False,"12,15",0.95,5.0,,
44,PSS-JMI,pair,True,5.0,0.12999484168074127,1.0,0.9998408150270615,1.0777204040776354,-1.3713035145062902,0.991385550890401,0.991385550890401,0.9816937281120662,0.9813753581661891,0.9813753581661891,0.9847318109399894,0.9813753581661891,0.9813753581661891,False,5.0,True,0.0,,,0.689047544148698,False,"12,16",0.95,5.0,,
44,PSS-JMI,pair,False,4.0,-0.43595453529438055,1.0,1.0,1.0657102110589873,-2.629333841946126,0.9955841899522224,0.9955841899522224,0.9898121617319325,0.9898121617319325,0.9898121617319325,0.9917684545937334,0.9898121617319325,0.9898121617319325,False,5.0,True,0.0,,,0.689047544148698,True,"12,17",0.95,5.0,,
44,PSS-JMI,pair,True,5.0,0.12159542845348925,0.9998552193426958,0.9997344662772172,1.0781299654185095,-1.3910435113245023,0.9919646735196178,0.9919646735196178,0.9813753581661891,0.9812161731932506,0.9812161731932506,0.9857939458311206,0.9812161731932506,0.9812161731932506,False,5.0,True,0.0,,,0.689047544148698,False,"12,18",0.95,5.0,,
44,PSS-JMI,pair,True,5.0,0.09450651598348347,0.9999276096713479,0.9998672331386086,1.0711293071698733,-1.6302310427135658,0.9930505284493991,0.9928333574634429,0.985354982489653,0.9848774275708373,0.9848774275708373,0.9893786510886883,0.9848774275708373,0.9848774275708373,False,5.0,True,0.0,,,0.689047544148698,False,"12,19",0.95,5.0,,
44,PSS-JMI,pair,True,5.0,0.12452815204508827,1.0,1.0,1.0766266680429566,-1.4118881726965975,0.9933400897640076,0.9933400897640076,0.9842406876790831,0.9842406876790831,0.9842406876790831,0.9861922464152948,0.9842406876790831,0.9842406876790831,False,5.0,True,0.0,,,0.689047544148698,False,"12,20",0.95,5.0,,
44,PSS-JMI,pair,True,5.0,0.012005420911215037,1.0,0.9998408150270615,1.0633473349311295,-1.7165001646770108,0.9937744317359201,0.993702041407268,0.9858325374084687,0.9856733524355301,0.9856733524355301,0.9871216144450345,0.9856733524355301,0.9856733524355301,False,5.0,True,0.0,,,0.689047544148698,False,"12,21",0.95,5.0,,
44,PSS-JMI,pair,False,5.0,-0.1640962362804803,1.0,0.9997344662772172,1.0815479545560107,-3.871151180348553,0.9918198928623136,0.9918198928623136,0.9820120980579433,0.9820120980579433,0.9820120980579433,0.9849973446627722,0.9820120980579433,0.9820120980579433,False,5.0,True,0.0,,,0.689047544148698,True,"12,22",0.95,5.0,,
44,PSS-JMI,pair,True,4.0,-0.034917621421810985,1.0,1.0,1.0669698451885272,-4.155404651975475,0.9944259446937889,0.9944259446937889,0.988220312002547,0.9880611270296084,0.9880611270296084,0.9905735528412108,0.9880611270296084,0.9880611270296084,False,5.0,True,0.0,,,0.689047544148698,True,"12,23",0.95,5.0,,
44,PSS-JMI,pair,True,5.0,0.09790105049766251,1.0,1.0,1.0769809837552935,-1.2766189685599485,0.9910959895757927,0.9910959895757927,0.9813753581661891,0.9813753581661891,0.9813753581661891,0.9853956452469463,0.9813753581661891,0.9813753581661891,False,5.0,True,0.0,,,0.689047544148698,False,"12,24",0.95,5.0,,
44,PSS-JMI,pair,True,5.0,-0.03669428466093394,0.9998552193426958,0.9997344662772172,1.0838709021852773,-1.2874464258209974,0.9924714058201825,0.9924714058201825,0.9820120980579433,0.9815345431391277,0.9815345431391277,0.9853956452469463,0.9815345431391277,0.9815345431391277,False,5.0,True,0.0,,,0.689047544148698,True,"13,14",0.95,5.0,,
44,PSS-JMI,pair,True,5.0,-0.7347129653882791,1.0,0.9998672331386086,1.069654970555714,-2.5128813373601306,0.9950774576516578,0.9950774576516578,0.9885386819484241,0.9885386819484241,0.9885386819484241,0.991635687732342,0.9885386819484241,0.9885386819484241,False,5.0,True,0.0,,,0.689047544148698,True,"13,15",0.95,5.0,,
44,PSS-JMI,pair,True,4.0,-0.20849533852085833,1.0,1.0,1.069813092805191,-1.2891290082952511,0.994498335022441,0.994498335022441,0.9886978669213626,0.9886978669213626,0.9886978669213626,0.9893786510886883,0.9886978669213626,0.9886978669213626,False,5.0,True,0.0,,,0.689047544148698,True,"13,16",0.95,5.0,,
44,PSS-JMI,pair,False,4.0,-1.1718153439870878,1.0,1.0,1.0599745402473273,-3.9294164191048995,0.9967424352106559,0.9967424352106559,0.9931550461636421,0.9931550461636421,0.9931550461636421,0.9936271906532129,0.9931550461636421,0.9931550461636421,False,5.0,True,0.0,,,0.689047544148698,True,"13,17",0.95,5.0,,
44,PSS-JMI,pair,True,4.0,-0.14883163189962256,1.0,1.0,1.0610029204917357,-1.2840594822421276,0.9943535543651368,0.9943535543651368,0.9875835721107927,0.9874243871378542,0.9874243871378542,0.9899097185342538,0.9874243871378542,0.9874243871378542,False,5.0,True,0.0,,,0.689047544148698,True,"13,18",0.95,5.0,,
44,PSS-JMI,pair,True,5.0,-0.0898196589156186,1.0,0.9995224450811844,1.0740475756732866,-1.5031974741520329,0.9939192123932242,0.9938468220645722,0.9859917223814072,0.9859917223814072,0.9859917223814072,0.9884492830589485,0.9859917223814072,0.9859917223814072,False,5.0,True,0.0,,,0.689047544148698,True,"13,19",0.95,5.0,,
44,PSS-JMI,pair,True,5.0,-0.08195947282216687,1.0,0.9998408150270615,1.0769118068562022,-1.4319403111173947,0.993702041407268,0.993702041407268,0.9850366125437758,0.9850366125437758,0.9850366125437758,0.9855284121083377,0.9850366125437758,0.9850366125437758,False,5.0,True,0.0,,,0.689047544148698,True,"13,20",0.95,5.0,,
44,PSS-JMI,pair,True,2.0,-0.42700322850708194,1.0,1.0,1.0359989377387162,-1.3391118205199128,0.9990589257275228,0.9990589257275228,0.9972938554600446,0.9972938554600446,0.9972938554600446,0.9977429633563463,0.9972938554600446,0.9972938554600446,False,5.0,True,0.0,,,0.689047544148698,True,"13,21",0.95,5.0,,
44,PSS-JMI,pair,False,5.0,-0.3405128398631714,1.0,0.9997344662772172,1.0864378186139094,-3.7925988858905995,0.9926161864774866,0.9926161864774866,0.9840679766330324,0.9840679766330324,0.9840679766330324,0.9840679766330324,0.9850366125437758,0.9840679766330324,False,5.0,True,0.0,,,0.689047544148698,True,"13,22",0.95,5.0,,
44,PSS-JMI,pair,True,5.0,-0.28749773105603715,1.0,1.0,1.0798776773718444,-3.929831419825828,0.9904444766179239,0.9904444766179239,0.9829672078955747,0.9821712830308819,0.9821712830308819,0.9847318109399894,0.9821712830308819,0.9821712830308819,False,5.0,True,0.0,,,0.689047544148698,True,"13,23",0.95,5.0,,
44,PSS-JMI,pair,True,5.0,-0.17682905038941277,1.0,1.0,1.080815994014995,-1.416077758767679,0.992181844505574,0.992181844505574,0.9847182425978988,0.9847182425978988,0.9847182425978988,0.9863250132766861,0.9847182425978988,0.9847182425978988,False,5.0,True,0.0,,,0.689047544148698,True,"13,24",0.95,5.0,,
44,PSS-JMI,pair,True,5.0,-0.018131985696098862,1.0,1.0,1.0811377828275721,-1.005037077192654,0.9925437961488345,0.9925437961488345,0.9812161731932506,0.9804202483285578,0.9804202483285578,0.9844662772172066,0.9804202483285578,0.9804202483285578,False,5.0,True,0.0,,,0.689047544148698,True,"14,15",0.95,5.0,,
44,PSS-JMI,pair,True,5.0,0.13028765199298054,0.9999276096713479,0.9998672331386086,1.0576134861126558,-1.4686506304317957,0.9941363833791805,0.9941363833791805,0.9879019420566698,0.9879019420566698,0.9879019420566698,0.9896441848114711,0.9879019420566698,0.9879019420566698,False,5.0,True,0.0,,,0.689047544148698,False,"14,16",0.95,5.0,,
44,PSS-JMI,pair,False,5.0,-0.2516965457082676,1.0,1.0,1.084877008060446,-1.907216634801134,0.992181844505574,0.992181844505574,0.9820120980579433,0.9816937281120662,0.9816937281120662,0.9856611789697292,0.9816937281120662,0.9816937281120662,False,5.0,True,0.0,,,0.689047544148698,True,"14,17",0.95,5.0,,
44,PSS-JMI,pair,True,5.0,0.10228514221607932,1.0,1.0,1.0597786127870608,-1.4608443120516108,0.9948602866657015,0.9948602866657015,0.9872652021649156,0.9872652021649156,0.9872652021649156,0.9891131173659055,0.9872652021649156,0.9872652021649156,False,5.0,True,0.0,,,0.689047544148698,False,"14,18",0.95,5.0,,
44,PSS-JMI,pair,True,5.0,0.13886490605339086,0.9999276096713479,1.0,1.0707237326827772,-0.9362837973720006,0.992109454176922,0.992109454176922,0.9836039477873288,0.9834447628143903,0.9834447628143903,0.9852628783855549,0.9834447628143903,0.9834447628143903,False,5.0,True,0.0,,,0.689047544148698,False,"14,19",0.95,5.0,,
44,PSS-JMI,pair,True,5.0,0.12547359984105055,1.0,0.9996816300541229,1.0690128025669687,-0.9960846206056059,0.9918922831909657,0.9918922831909657,0.9824896529767589,0.9818529130850048,0.9818529130850048,0.985926712692512,0.9818529130850048,0.9818529130850048,False,5.0,True,0.0,,,0.689047544148698,False,"14,20",0.95,5.0,,
44,PSS-JMI,pair,True,5.0,0.07074083643642082,0.9998552193426958,0.9998408150270615,1.0664929705096635,-0.9867855394119117,0.9920370638482698,0.9920370638482698,0.9829672078955747,0.9821712830308819,0.9821712830308819,0.9857939458311206,0.9821712830308819,0.9821712830308819,False,5.0,True,0.0,,,0.689047544148698,False,"14,21",0.95,5.0,,
44,PSS-JMI,pair,False,5.0,-0.22868222106673253,1.0,0.9998672331386086,1.0745820074379773,-3.5615371118023686,0.9910235992471406,0.9910235992471406,0.9823304680038204,0.9823304680038204,0.9823304680038204,0.9860594795539034,0.9823304680038204,0.9823304680038204,False,5.0,True,0.0,,,0.689047544148698,True,"14,22",0.95,5.0,,
44,PSS-JMI,pair,True,5.0,-0.0037829417262726928,1.0,1.0,1.0692182478404988,-3.685858596517051,0.9918922831909657,0.9918922831909657,0.9831263928685132,0.9831263928685132,0.9831263928685132,0.9848645778013808,0.9831263928685132,0.9831263928685132,False,5.0,True,0.0,,,0.689047544148698,True,"14,23",0.95,5.0,,
44,PSS-JMI,pair,True,5.0,0.11572612525076131,1.0,1.0,1.0643254352404818,-1.0555040143561123,0.9933400897640076,0.9933400897640076,0.9855141674625916,0.9855141674625916,0.9855141674625916,0.9880509824747743,0.9855141674625916,0.9855141674625916,False,5.0,True,0.0,,,0.689047544148698,False,"14,24",0.95,5.0,,
44,PSS-JMI,pair,True,5.0,-0.014535960155824368,1.0,1.0,1.0736938348074232,-0.9821397468370171,0.9912407702330969,0.9912407702330969,0.9828080229226361,0.9824896529767589,0.9824896529767589,0.9840679766330324,0.9824896529767589,0.9824896529767589,False,5.0,True,0.0,,,0.689047544148698,True,"15,16",0.95,5.0,,
44,PSS-JMI,pair,False,5.0,-0.7116903999638149,1.0,1.0,1.074561081302214,-3.091292056539552,0.9942087737078327,0.9942087737078327,0.9885386819484241,0.9885386819484241,0.9885386819484241,0.988980350504514,0.9885386819484241,0.9885386819484241,False,5.0,True,0.0,,,0.689047544148698,True,"15,17",0.95,5.0,,
44,PSS-JMI,pair,True,3.0,-0.14727765308217977,1.0,1.0,1.046310304297332,-1.0881791261504146,0.9964528738960475,0.9964528738960475,0.9933142311365807,0.9933142311365807,0.9933142311365807,0.9941582580987786,0.9933142311365807,0.9933142311365807,False,5.0,True,0.0,,,0.689047544148698,True,"15,18",0.95,5.0,,
44,PSS-JMI,pair,True,5.0,-0.08839413214730052,1.0,0.9998408150270615,1.0751800462376222,-1.1891712098933542,0.9931229187780513,0.9931229187780513,0.9851957975167144,0.9851957975167144,0.9851957975167144,0.9887148167817312,0.9851957975167144,0.9851957975167144,False,5.0,True,0.0,,,0.689047544148698,True,"15,19",0.95,5.0,,
44,PSS-JMI,pair,True,5.0,-0.0018377778972544778,1.0,0.9998672331386086,1.0809551467742224,-0.9885224074918653,0.9928333574634429,0.9926161864774866,0.9843998726520217,0.9843998726520217,0.9843998726520217,0.9852628783855549,0.9843998726520217,0.9843998726520217,False,5.0,True,0.0,,,0.689047544148698,True,"15,20",0.95,5.0,,
44,PSS-JMI,pair,True,5.0,-0.10247248136075471,1.0,1.0,1.075086822622909,-1.061422811693838,0.9936296510786159,0.9936296510786159,0.9856733524355301,0.985354982489653,0.985354982489653,0.9864577801380775,0.985354982489653,0.985354982489653,False,5.0,True,0.0,,,0.689047544148698,True,"15,21",0.95,5.0,,
44,PSS-JMI,pair,False,5.0,-0.4336933153214928,1.0,0.9998672331386086,1.0854468512549889,-3.5761941870215357,0.9918198928623136,0.9916751122050094,0.9836039477873288,0.9836039477873288,0.9836039477873288,0.9853956452469463,0.9836039477873288,0.9836039477873288,False,5.0,True,0.0,,,0.689047544148698,True,"15,22",0.95,5.0,,
44,PSS-JMI,pair,True,3.0,-0.2652214212773547,1.0,1.0,1.0498043814903013,-3.82702049119086,0.9971043868539163,0.9971043868539163,0.9929958611907036,0.9929958611907036,0.9929958611907036,0.9941582580987786,0.9929958611907036,0.9929958611907036,False,5.0,True,0.0,,,0.689047544148698,True,"15,23",0.95,5.0,,
44,PSS-JMI,pair,True,5.0,-0.05593377834265989,1.0,1.0,1.073274226973864,-1.035378792465991,0.9924714058201825,0.9924714058201825,0.9834447628143903,0.9832855778414518,0.9832855778414518,0.9871216144450345,0.9832855778414518,0.9832855778414518,False,5.0,True,0.0,,,0.689047544148698,True,"15,24",0.95,5.0,,
44,PSS-JMI,pair,False,5.0,-0.23827683433079416,1.0,1.0,1.0841982445804985,-1.8137055715731942,0.9915303315477052,0.9915303315477052,0.9824896529767589,0.9824896529767589,0.9824896529767589,0.9844662772172066,0.9824896529767589,0.9824896529767589,False,5.0,True,0.0,,,0.689047544148698,True,"16,17",0.95,5.0,,
44,PSS-JMI,pair,True,5.0,0.09662331044623906,1.0,1.0,1.0592909548464842,-1.475598157409524,0.9943535543651368,0.9943535543651368,0.9879019420566698,0.9879019420566698,0.9879019420566698,0.9899097185342538,0.9879019420566698,0.9879019420566698,False,5.0,True,0.0,,,0.689047544148698,False,"16,18",0.95,5.0,,
44,PSS-JMI,pair,True,5.0,0.13121628040762123,1.0,0.9996816300541229,1.0710840024652568,-0.9194928515998729,0.9913131605617489,0.9913131605617489,0.9832855778414518,0.9831263928685132,0.9831263928685132,0.985926712692512,0.9831263928685132,0.9831263928685132,False,5.0,True,0.0,,,0.689047544148698,False,"16,19",0.95,5.0,,
44,PSS-JMI,pair,True,5.0,0.1488365447390826,0.9999276096713479,1.0,1.0681333026577162,-0.9304804975526607,0.9916027218763573,0.9916027218763573,0.9853956452469463,0.9850366125437758,0.9850366125437758,0.9853956452469463,0.9850366125437758,0.9850366125437758,False,5.0,True,0.0,,,0.689047544148698,False,"16,20",0.95,5.0,,
44,PSS-JMI,pair,True,5.0,0.056087812032769024,1.0,0.9995224450811844,1.063472668712762,-1.073039061535403,0.9934848704213117,0.9934848704213117,0.9840815027061446,0.9839223177332059,0.9839223177332059,0.9880509824747743,0.9839223177332059,0.9839223177332059,False,5.0,True,0.0,,,0.689047544148698,False,"16,21",0.95,5.0,,
44,PSS-JMI,pair,False,5.0,-0.2797309650465727,0.9999276096713479,0.9998672331386086,1.072920522519296,-3.5605001535761596,0.9909512089184885,0.9909512089184885,0.9842406876790831,0.9842406876790831,0.9842406876790831,0.9843335103558152,0.9842406876790831,0.9842406876790831,False,5.0,True,0.0,,,0.689047544148698,True,"16,22",0.95,5.0,,
44,PSS-JMI,pair,True,4.0,-0.021856499783476924,0.9999276096713479,0.9998672331386086,1.0585433375660538,-3.7048021902553976,0.9950050673230056,0.9950050673230056,0.9883794969754855,0.9883794969754855,0.9883794969754855,0.9905735528412108,0.9883794969754855,0.9883794969754855,False,5.0,True,0.0,,,0.689047544148698,True,"16,23",0.95,5.0,,
44,PSS-JMI,pair,True,5.0,0.12186888854467781,0.9999276096713479,0.9998408150270615,1.0664671964818433,-0.9304341318491359,0.9915303315477052,0.9915303315477052,0.9850366125437758,0.9848774275708373,0.9848774275708373,0.987254381306426,0.9848774275708373,0.9848774275708373,False,5.0,True,0.0,,,0.689047544148698,False,"16,24",0.95,5.0,,
44,PSS-JMI,pair,False,5.0,-0.28207185467387186,0.9999276096713479,0.9998408150270615,1.0832061182342203,-2.0428801455157646,0.992109454176922,0.992109454176922,0.9840815027061446,0.9837631327602674,0.9837631327602674,0.9857939458311206,0.9837631327602674,0.9837631327602674,False,5.0,True,0.0,,,0.689047544148698,True,"17,18",0.95,5.0,,
44,PSS-JMI,pair,False,5.0,-0.2936369330669675,1.0,0.9998672331386086,1.0757507980673315,-2.2025993460630517,0.9935572607499638,0.9935572607499638,0.9866284622731614,0.9866284622731614,0.9866284622731614,0.9885820499203399,0.9866284622731614,0.9866284622731614,False,5.0,True,0.0,,,0.689047544148698,True,"17,19",0.95,5.0,,
44,PSS-JMI,pair,False,5.0,-0.25456904638275013,1.0,1.0,1.084614314658792,-2.1037453671769057,0.9940639930505285,0.9940639930505285,0.9856733524355301,0.9856733524355301,0.9856733524355301,0.9868560807222517,0.9856733524355301,0.9856733524355301,False,5.0,True,0.0,,,0.689047544148698,True,"17,20",0.95,5.0,,
44,PSS-JMI,pair,False,4.0,-0.3696043051949498,1.0,1.0,1.0667291161287111,-1.753035967010879,0.995222238308962,0.995222238308962,0.9888570518943012,0.9888570518943012,0.9888570518943012,0.9915029208709506,0.9888570518943012,0.9888570518943012,False,5.0,True,0.0,,,0.689047544148698,True,"17,21",0.95,5.0,,
44,PSS-JMI,pair,False,5.0,-0.5499481944235907,1.0,0.9998672331386086,1.0947830908582035,-4.221872179708767,0.9915303315477052,0.9915303315477052,0.9816937281120662,0.9815345431391277,0.9815345431391277,0.9848645778013808,0.9815345431391277,0.9815345431391277,False,5.0,True,0.0,,,0.689047544148698,True,"17,22",0.95,5.0,,
44,PSS-JMI,pair,False,4.0,-0.5703173339373482,1.0,0.9998408150270615,1.0649382942144545,-4.46634603694265,0.9942087737078327,0.9942087737078327,0.9886978669213626,0.9883794969754855,0.9883794969754855,0.9893786510886883,0.9883794969754855,0.9883794969754855,False,5.0,True,0.0,,,0.689047544148698,True,"17,23",0.95,5.0,,
44,PSS-JMI,pair,False,5.0,-0.406137390852352,1.0,1.0,1.079421291615654,-2.143408600704217,0.9923990154915303,0.9922542348342261,0.9839223177332059,0.9836039477873288,0.9836039477873288,0.9863250132766861,0.9836039477873288,0.9836039477873288,False,5.0,True,0.0,,,0.689047544148698,True,"17,24",0.95,5.0,,
44,PSS-JMI,pair,True,5.0,0.11987011317092722,0.9998552193426958,0.9997344662772172,1.0685792848789488,-1.0157503272223416,0.9923990154915303,0.9923266251628783,0.9824896529767589,0.9823304680038204,0.9823304680038204,0.9877854487519915,0.9823304680038204,0.9823304680038204,False,5.0,True,0.0,,,0.689047544148698,False,"18,19",0.95,5.0,,
44,PSS-JMI,pair,True,5.0,0.12170856962658383,1.0,1.0,1.070939225982843,-1.027197936012884,0.9928333574634429,0.9928333574634429,0.9837631327602674,0.9837631327602674,0.9837631327602674,0.9856611789697292,0.9837631327602674,0.9837631327602674,False,5.0,True,0.0,,,0.689047544148698,False,"18,20",0.95,5.0,,
44,PSS-JMI,pair,True,5.0,0.0599287589380153,1.0,0.9998672331386086,1.0659207538562319,-1.0473949422841533,0.9923990154915303,0.9923266251628783,0.9840815027061446,0.9839223177332059,0.9839223177332059,0.9883165161975571,0.9839223177332059,0.9839223177332059,False,5.0,True,0.0,,,0.689047544148698,False,"18,21",0.95,5.0,,
44,PSS-JMI,pair,False,5.0,-0.23160722980300008,1.0,0.9998408150270615,1.0756605412505755,-3.653186312805672,0.992109454176922,0.992109454176922,0.9842406876790831,0.9842406876790831,0.9842406876790831,0.9863250132766861,0.9842406876790831,0.9842406876790831,False,5.0,True,0.0,,,0.689047544148698,True,"18,22",0.95,5.0,,
44,PSS-JMI,pair,True,5.0,0.005060918195513242,0.9998552193426958,0.9996816300541229,1.068090176595452,-3.782393906189607,0.992181844505574,0.992181844505574,0.9829672078955747,0.9826488379496976,0.9826488379496976,0.9863250132766861,0.9826488379496976,0.9826488379496976,False,5.0,True,0.0,,,0.689047544148698,False,"18,23",0.95,5.0,,
44,PSS-JMI,pair,True,5.0,0.10017844121701636,1.0,0.9996016994158258,1.0669778043929952,-1.0275562084234633,0.9920370638482698,0.9918922831909657,0.9850366125437758,0.9843998726520217,0.9843998726520217,0.9871216144450345,0.9843998726520217,0.9843998726520217,False,5.0,True,0.0,,,0.689047544148698,False,"18,24",0.95,5.0,,
44,PSS-JMI,pair,True,5.0,0.1134232344619126,1.0,0.9998408150270615,1.068621054806669,-1.0504091977589287,0.9930505284493991,0.9929781381207471,0.9850366125437758,0.9850366125437758,0.9850366125437758,0.9856611789697292,0.9850366125437758,0.9850366125437758,False,5.0,True,0.0,,,0.689047544148698,False,"19,20",0.95,5.0,,
44,PSS-JMI,pair,True,5.0,0.0028103293765993076,0.9998552193426958,0.9998408150270615,1.0620791198750392,-1.224906476633273,0.9934124800926596,0.9934124800926596,0.985354982489653,0.985354982489653,0.985354982489653,0.9867233138608603,0.985354982489653,0.985354982489653,False,5.0,True,0.0,,,0.689047544148698,False,"19,21",0.95,5.0,,
44,PSS-JMI,pair,False,5.0,-0.20784194991078486,0.9998552193426958,0.9998672331386086,1.0724505112411111,-3.7402463088412166,0.9927609671347908,0.9927609671347908,0.9845590576249602,0.9843998726520217,0.9843998726520217,0.9868560807222517,0.9843998726520217,0.9843998726520217,False,5.0,True,0.0,,,0.689047544148698,True,"19,22",0.95,5.0,,
44,PSS-JMI,pair,True,4.0,-0.04833957717435711,0.9999276096713479,0.9998672331386086,1.058481398384521,-3.8690464544814356,0.9947878963370493,0.9946431156797452,0.9907672715695638,0.9904489016236867,0.9904489016236867,0.9913701540095592,0.9904489016236867,0.9904489016236867,False,5.0,True,0.0,,,0.689047544148698,True,"19,23",0.95,5.0,,
44,PSS-JMI,pair,True,5.0,0.09335830333342887,1.0,1.0,1.0620697849114178,-1.4292463877676047,0.9931953091067034,0.9931953091067034,0.9863100923272843,0.9863100923272843,0.9863100923272843,0.988980350504514,0.9863100923272843,0.9863100923272843,False,5.0,True,0.0,,,0.689047544148698,False,"19,24",0.95,5.0,,
44,PSS-JMI,pair,True,5.0,0.04894872869503786,1.0,0.9998408150270615,1.0667306939187322,-0.974121798095918,0.9933400897640076,0.9933400897640076,0.9863100923272843,0.9861509073543457,0.9861509073543457,0.9868560807222517,0.9861509073543457,0.9861509073543457,False,5.0,True,0.0,,,0.689047544148698,False,"20,21",0.95,5.0,,
44,PSS-JMI,pair,False,5.0,-0.2244652655254442,1.0,1.0,1.0745721270346504,-3.6111242680964475,0.9925437961488345,0.9925437961488345,0.9839223177332059,0.9839223177332059,0.9839223177332059,0.983935209771641,0.9839223177332059,0.9839223177332059,False,5.0,True,0.0,,,0.689047544148698,True,"20,22",0.95,5.0,,
44,PSS-JMI,pair,True,5.0,-0.03746909866800685,1.0,1.0,1.0706425428107378,-3.794559077001739,0.9926161864774866,0.9926161864774866,0.9834447628143903,0.9832855778414518,0.9832855778414518,0.9852628783855549,0.9832855778414518,0.9832855778414518,False,5.0,True,0.0,,,0.689047544148698,True,"20,23",0.95,5.0,,
44,PSS-JMI,pair,True,5.0,0.10015088354884405,1.0,1.0,1.068846228455793,-0.9957412845430275,0.9934848704213117,0.9934848704213117,0.9855284121083377,0.9855284121083377,0.9855284121083377,0.9855284121083377,0.9859917223814072,0.9855284121083377,False,5.0,True,0.0,,,0.689047544148698,False,"20,24",0.95,5.0,,
44,PSS-JMI,pair,False,5.0,-0.3146255393178805,0.9998552193426958,0.9993632601082458,1.0746583099790339,-3.748716951115602,0.9926885768061386,0.9926885768061386,0.9836039477873288,0.9832855778414518,0.9832855778414518,0.9855284121083377,0.9832855778414518,0.9832855778414518,False,5.0,True,0.0,,,0.689047544148698,True,"21,22",0.95,5.0,,
44,PSS-JMI,pair,True,5.0,-0.13631168871976573,0.9999276096713479,0.9996816300541229,1.0620794849271298,-4.015514634521623,0.9931953091067034,0.9931953091067034,0.9866284622731614,0.9866284622731614,0.9866284622731614,0.9879182156133829,0.9866284622731614,0.9866284622731614,False,5.0,True,0.0,,,0.689047544148698,True,"21,23",0.95,5.0,,
44,PSS-JMI,pair,True,5.0,0.0726611886750701,1.0,1.0,1.0638633207775805,-0.8687093516375878,0.9917475025336615,0.9917475025336615,0.9812161731932506,0.9812161731932506,0.9812161731932506,0.9847318109399894,0.9812161731932506,0.9812161731932506,False,5.0,True,0.0,,,0.689047544148698,False,"21,24",0.95,5.0,,
44,PSS-JMI,pair,False,5.0,-0.4642276307081197,1.0,0.9996816300541229,1.0794754614248183,-6.613816870640432,0.9923990154915303,0.992109454176922,0.9853956452469463,0.9853956452469463,0.9853956452469463,0.9853956452469463,0.9855141674625916,0.9853956452469463,False,5.0,True,0.0,,,0.689047544148698,True,"22,23",0.95,5.0,,
44,PSS-JMI,pair,False,5.0,-0.24212259129935765,1.0,0.9996816300541229,1.0742524307366212,-3.501683856130668,0.9920370638482698,0.9920370638482698,0.9848774275708373,0.9845590576249602,0.9845590576249602,0.9860594795539034,0.9845590576249602,0.9845590576249602,False,5.0,True,0.0,,,0.689047544148698,True,"22,24",0.95,5.0,,
44,PSS-JMI,pair,True,4.0,-0.02922367722702557,0.9999276096713479,0.9996816300541229,1.0589751911740877,-3.6586803999851374,0.9947878963370493,0.9945707253510931,0.9897769516728625,0.9896441848114711,0.9896441848114711,0.9896441848114711,0.9899713467048711,0.9896441848114711,False,5.0,True,0.0,,,0.689047544148698,True,"23,24",0.95,5.0,,
44,KL-JMI,singleton,True,,0.03732217455981868,,,,,,,,,,,,,,,,,,,0.689047544148698,False,0,,,20.0,
44,KL-JMI,singleton,False,,-0.3984056387222026,,,,,,,,,,,,,,,,,,,0.689047544148698,True,1,,,20.0,
44,KL-JMI,singleton,False,,-0.650676860435621,,,,,,,,,,,,,,,,,,,0.689047544148698,True,2,,,20.0,
44,KL-JMI,singleton,False,,-0.5300218847745191,,,,,,,,,,,,,,,,,,,0.689047544148698,True,3,,,20.0,
44,KL-JMI,singleton,False,,-0.7709606065544108,,,,,,,,,,,,,,,,,,,0.689047544148698,True,4,,,20.0,
44,KL-JMI,singleton,False,,-0.531949131415578,,,,,,,,,,,,,,,,,,,0.689047544148698,True,5,,,20.0,
44,KL-JMI,singleton,False,,-0.6236714821077598,,,,,,,,,,,,,,,,,,,0.689047544148698,True,6,,,20.0,
44,KL-JMI,singleton,False,,-0.45234393682476437,,,,,,,,,,,,,,,,,,,0.689047544148698,True,7,,,20.0,
44,KL-JMI,singleton,False,,-0.6308605877441078,,,,,,,,,,,,,,,,,,,0.689047544148698,True,8,,,20.0,
44,KL-JMI,singleton,False,,-0.24888174524224604,,,,,,,,,,,,,,,,,,,0.689047544148698,True,9,,,20.0,
44,KL-JMI,singleton,False,,-0.2745532822794805,,,,,,,,,,,,,,,,,,,0.689047544148698,True,10,,,20.0,
44,KL-JMI,singleton,False,,-0.7715727362178142,,,,,,,,,,,,,,,,,,,0.689047544148698,True,11,,,20.0,
44,KL-JMI,singleton,False,,0.036217178745441614,,,,,,,,,,,,,,,,,,,0.689047544148698,False,12,,,20.0,
44,KL-JMI,singleton,False,,-0.1635278052351521,,,,,,,,,,,,,,,,,,,0.689047544148698,True,13,,,20.0,
44,KL-JMI,singleton,False,,-0.44082945980791344,,,,,,,,,,,,,,,,,,,0.689047544148698,True,14,,,20.0,
44,KL-JMI,singleton,False,,-0.40299109368052477,,,,,,,,,,,,,,,,,,,0.689047544148698,True,15,,,20.0,
44,KL-JMI,singleton,False,,-0.5279937482133858,,,,,,,,,,,,,,,,,,,0.689047544148698,True,16,,,20.0,
44,KL-JMI,singleton,False,,-0.3165686593091115,,,,,,,,,,,,,,,,,,,0.689047544148698,True,17,,,20.0,
44,KL-JMI,singleton,False,,-0.8015863739510047,,,,,,,,,,,,,,,,,,,0.689047544148698,True,18,,,20.0,
44,KL-JMI,singleton,False,,-0.5732990394172726,,,,,,,,,,,,,,,,,,,0.689047544148698,True,19,,,20.0,
44,KL-JMI,singleton,False,,-0.39267247724825605,,,,,,,,,,,,,,,,,,,0.689047544148698,True,20,,,20.0,
44,KL-JMI,singleton,False,,-0.7336340407361281,,,,,,,,,,,,,,,,,,,0.689047544148698,True,21,,,20.0,
44,KL-JMI,singleton,False,,-0.03459839348731375,,,,,,,,,,,,,,,,,,,0.689047544148698,True,22,,,20.0,
44,KL-JMI,singleton,False,,-0.46124379871891286,,,,,,,,,,,,,,,,,,,0.689047544148698,True,23,,,20.0,
44,KL-JMI,singleton,False,,-0.6977834588068219,,,,,,,,,,,,,,,,,,,0.689047544148698,True,24,,,20.0,
44,KL-JMI,pair,False,,-1.3120318637055384,,,,,,,,,,,,,,,,,,,0.689047544148698,True,"0,1",,,20.0,
44,KL-JMI,pair,True,,-1.1991556743964722,,,,,,,,,,,,,,,,,,,0.689047544148698,True,"0,2",,,20.0,
44,KL-JMI,pair,True,,-1.6098794910567111,,,,,,,,,,,,,,,,,,,0.689047544148698,True,"0,3",,,20.0,
44,KL-JMI,pair,True,,-1.4475901528143087,,,,,,,,,,,,,,,,,,,0.689047544148698,True,"0,4",,,20.0,
44,KL-JMI,pair,True,,-1.2119802854078578,,,,,,,,,,,,,,,,,,,0.689047544148698,True,"0,5",,,20.0,
44,KL-JMI,pair,True,,-1.2657184317146815,,,,,,,,,,,,,,,,,,,0.689047544148698,True,"0,6",,,20.0,
44,KL-JMI,pair,True,,-1.2645658986012105,,,,,,,,,,,,,,,,,,,0.689047544148698,True,"0,7",,,20.0,
44,KL-JMI,pair,True,,-1.2631550251531074,,,,,,,,,,,,,,,,,,,0.689047544148698,True,"0,8",,,20.0,
44,KL-JMI,pair,False,,-1.0229299070233449,,,,,,,,,,,,,,,,,,,0.689047544148698,True,"0,9",,,20.0,
44,KL-JMI,pair,True,,-0.8979112930293311,,,,,,,,,,,,,,,,,,,0.689047544148698,True,"0,10",,,20.0,
44,KL-JMI,pair,True,,-1.137250159519307,,,,,,,,,,,,,,,,,,,0.689047544148698,True,"0,11",,,20.0,
44,KL-JMI,pair,True,,-0.47974269926139623,,,,,,,,,,,,,,,,,,,0.689047544148698,True,"0,12",,,20.0,
44,KL-JMI,pair,True,,-0.844996955668579,,,,,,,,,,,,,,,,,,,0.689047544148698,True,"0,13",,,20.0,
44,KL-JMI,pair,True,,-1.1421277286750193,,,,,,,,,,,,,,,,,,,0.689047544148698,True,"0,14",,,20.0,
44,KL-JMI,pair,True,,-1.1023373121872186,,,,,,,,,,,,,,,,,,,0.689047544148698,True,"0,15",,,20.0,
44,KL-JMI,pair,True,,-1.1576783090341323,,,,,,,,,,,,,,,,,,,0.689047544148698,True,"0,16",,,20.0,
44,KL-JMI,pair,False,,-1.0309698138599401,,,,,,,,,,,,,,,,,,,0.689047544148698,True,"0,17",,,20.0,
44,KL-JMI,pair,True,,-1.4597430613709417,,,,,,,,,,,,,,,,,,,0.689047544148698,True,"0,18",,,20.0,
44,KL-JMI,pair,True,,-1.1437145498507224,,,,,,,,,,,,,,,,,,,0.689047544148698,True,"0,19",,,20.0,
44,KL-JMI,pair,True,,-0.9468773751840445,,,,,,,,,,,,,,,,,,,0.689047544148698,True,"0,20",,,20.0,
44,KL-JMI,pair,True,,-1.6143008762650641,,,,,,,,,,,,,,,,,,,0.689047544148698,True,"0,21",,,20.0,
44,KL-JMI,pair,False,,-0.6302095054023766,,,,,,,,,,,,,,,,,,,0.689047544148698,True,"0,22",,,20.0,
44,KL-JMI,pair,False,,-1.0346692241173123,,,,,,,,,,,,,,,,,,,0.689047544148698,True,"0,23",,,20.0,
44,KL-JMI,pair,True,,-1.5031094132971248,,,,,,,,,,,,,,,,,,,0.689047544148698,True,"0,24",,,20.0,
44,KL-JMI,pair,False,,0.06260332959536985,,,,,,,,,,,,,,,,,,,0.689047544148698,False,"1,2",,,20.0,
44,KL-JMI,pair,False,,0.043425387217852496,,,,,,,,,,,,,,,,,,,0.689047544148698,False,"1,3",,,20.0,
44,KL-JMI,pair,False,,0.043357405983402764,,,,,,,,,,,,,,,,,,,0.689047544148698,False,"1,4",,,20.0,
44,KL-JMI,pair,False,,-0.1800439357396273,,,,,,,,,,,,,,,,,,,0.689047544148698,True,"1,5",,,20.0,
44,KL-JMI,pair,False,,0.0747986762013042,,,,,,,,,,,,,,,,,,,0.689047544148698,False,"1,6",,,20.0,
44,KL-JMI,pair,False,,-0.07763622859419561,,,,,,,,,,,,,,,,,,,0.689047544148698,True,"1,7",,,20.0,
44,KL-JMI,pair,False,,0.0761072620954586,,,,,,,,,,,,,,,,,,,0.689047544148698,False,"1,8",,,20.0,
44,KL-JMI,pair,False,,-0.3402338699349412,,,,,,,,,,,,,,,,,,,0.689047544148698,True,"1,9",,,20.0,
44,KL-JMI,pair,False,,0.04298300992053772,,,,,,,,,,,,,,,,,,,0.689047544148698,False,"1,10",,,20.0,
44,KL-JMI,pair,False,,0.0948131658562521,,,,,,,,,,,,,,,,,,,0.689047544148698,False,"1,11",,,20.0,
44,KL-JMI,pair,False,,-0.10752215548665456,,,,,,,,,,,,,,,,,,,0.689047544148698,True,"1,12",,,20.0,
44,KL-JMI,pair,False,,-0.14406771894909132,,,,,,,,,,,,,,,,,,,0.689047544148698,True,"1,13",,,20.0,
44,KL-JMI,pair,False,,0.09660389528153512,,,,,,,,,,,,,,,,,,,0.689047544148698,False,"1,14",,,20.0,
44,KL-JMI,pair,False,,-0.0013402793196233276,,,,,,,,,,,,,,,,,,,0.689047544148698,True,"1,15",,,20.0,
44,KL-JMI,pair,False,,0.11515341122779388,,,,,,,,,,,,,,,,,,,0.689047544148698,False,"1,16",,,20.0,
44,KL-JMI,pair,False,,-0.23300976840659948,,,,,,,,,,,,,,,,,,,0.689047544148698,True,"1,17",,,20.0,
44,KL-JMI,pair,False,,0.09815998083532773,,,,,,,,,,,,,,,,,,,0.689047544148698,False,"1,18",,,20.0,
44,KL-JMI,pair,False,,0.07006859237126628,,,,,,,,,,,,,,,,,,,0.689047544148698,False,"1,19",,,20.0,
44,KL-JMI,pair,False,,0.052316971564763115,,,,,,,,,,,,,,,,,,,0.689047544148698,False,"1,20",,,20.0,
44,KL-JMI,pair,False,,0.07181187359562458,,,,,,,,,,,,,,,,,,,0.689047544148698,False,"1,21",,,20.0,
44,KL-JMI,pair,False,,-1.2371433071622095,,,,,,,,,,,,,,,,,,,0.689047544148698,True,"1,22",,,20.0,
44,KL-JMI,pair,False,,-0.45581183028163785,,,,,,,,,,,,,,,,,,,0.689047544148698,True,"1,23",,,20.0,
44,KL-JMI,pair,False,,0.06746403497835662,,,,,,,,,,,,,,,,,,,0.689047544148698,False,"1,24",,,20.0,
44,KL-JMI,pair,True,,0.10497853332463136,,,,,,,,,,,,,,,,,,,0.689047544148698,False,"2,3",,,20.0,
44,KL-JMI,pair,True,,0.11055115864253295,,,,,,,,,,,,,,,,,,,0.689047544148698,False,"2,4",,,20.0,
44,KL-JMI,pair,True,,0.10177822355137423,,,,,,,,,,,,,,,,,,,0.689047544148698,False,"2,5",,,20.0,
44,KL-JMI,pair,True,,0.09415315113430278,,,,,,,,,,,,,,,,,,,0.689047544148698,False,"2,6",,,20.0,
44,KL-JMI,pair,True,,0.08490077555840903,,,,,,,,,,,,,,,,,,,0.689047544148698,False,"2,7",,,20.0,
44,KL-JMI,pair,True,,0.10026358949147696,,,,,,,,,,,,,,,,,,,0.689047544148698,False,"2,8",,,20.0,
44,KL-JMI,pair,False,,0.08141822220185535,,,,,,,,,,,,,,,,,,,0.689047544148698,False,"2,9",,,20.0,
44,KL-JMI,pair,True,,0.08389960247192052,,,,,,,,,,,,,,,,,,,0.689047544148698,False,"2,10",,,20.0,
44,KL-JMI,pair,True,,0.06965125643744696,,,,,,,,,,,,,,,,,,,0.689047544148698,False,"2,11",,,20.0,
44,KL-JMI,pair,True,,0.03999836948058966,,,,,,,,,,,,,,,,,,,0.689047544148698,False,"2,12",,,20.0,
44,KL-JMI,pair,True,,0.08750084171760619,,,,,,,,,,,,,,,,,,,0.689047544148698,False,"2,13",,,20.0,
44,KL-JMI,pair,True,,0.09864456873650962,,,,,,,,,,,,,,,,,,,0.689047544148698,False,"2,14",,,20.0,
44,KL-JMI,pair,True,,0.09778176952201223,,,,,,,,,,,,,,,,,,,0.689047544148698,False,"2,15",,,20.0,
44,KL-JMI,pair,True,,0.1369706393416923,,,,,,,,,,,,,,,,,,,0.689047544148698,False,"2,16",,,20.0,
44,KL-JMI,pair,False,,0.04291301151812554,,,,,,,,,,,,,,,,,,,0.689047544148698,False,"2,17",,,20.0,
44,KL-JMI,pair,True,,0.11321757625013484,,,,,,,,,,,,,,,,,,,0.689047544148698,False,"2,18",,,20.0,
44,KL-JMI,pair,True,,0.07270273101591762,,,,,,,,,,,,,,,,,,,0.689047544148698,False,"2,19",,,20.0,
44,KL-JMI,pair,True,,0.06852623191628382,,,,,,,,,,,,,,,,,,,0.689047544148698,False,"2,20",,,20.0,
44,KL-JMI,pair,True,,0.07217656767160441,,,,,,,,,,,,,,,,,,,0.689047544148698,False,"2,21",,,20.0,
44,KL-JMI,pair,False,,-0.1802637995928742,,,,,,,,,,,,,,,,,,,0.689047544148698,True,"2,22",,,20.0,
44,KL-JMI,pair,False,,-0.4171987839447997,,,,,,,,,,,,,,,,,,,0.689047544148698,True,"2,23",,,20.0,
44,KL-JMI,pair,True,,0.06509344378062965,,,,,,,,,,,,,,,,,,,0.689047544148698,False,"2,24",,,20.0,
44,KL-JMI,pair,True,,0.11535378096065951,,,,,,,,,,,,,,,,,,,0.689047544148698,False,"3,4",,,20.0,
44,KL-JMI,pair,True,,0.11223268555620214,,,,,,,,,,,,,,,,,,,0.689047544148698,False,"3,5",,,20.0,
44,KL-JMI,pair,True,,0.10506943084514386,,,,,,,,,,,,,,,,,,,0.689047544148698,False,"3,6",,,20.0,
44,KL-JMI,pair,True,,0.12120411823506583,,,,,,,,,,,,,,,,,,,0.689047544148698,False,"3,7",,,20.0,
44,KL-JMI,pair,True,,0.10647590027433873,,,,,,,,,,,,,,,,,,,0.689047544148698,False,"3,8",,,20.0,
44,KL-JMI,pair,False,,0.07771323526360918,,,,,,,,,,,,,,,,,,,0.689047544148698,False,"3,9",,,20.0,
44,KL-JMI,pair,True,,0.1016362755219169,,,,,,,,,,,,,,,,,,,0.689047544148698,False,"3,10",,,20.0,
44,KL-JMI,pair,True,,0.0997961022054219,,,,,,,,,,,,,,,,,,,0.689047544148698,False,"3,11",,,20.0,
44,KL-JMI,pair,True,,0.029416411277852106,,,,,,,,,,,,,,,,,,,0.689047544148698,False,"3,12",,,20.0,
44,KL-JMI,pair,True,,0.11512259008255654,,,,,,,,,,,,,,,,,,,0.689047544148698,False,"3,13",,,20.0,
44,KL-JMI,pair,True,,0.10718191885845774,,,,,,,,,,,,,,,,,,,0.689047544148698,False,"3,14",,,20.0,
44,KL-JMI,pair,True,,0.10798806248245274,,,,,,,,,,,,,,,,,,,0.689047544148698,False,"3,15",,,20.0,
44,KL-JMI,pair,True,,0.12235863571783923,,,,,,,,,,,,,,,,,,,0.689047544148698,False,"3,16",,,20.0,
44,KL-JMI,pair,False,,0.09214282994656742,,,,,,,,,,,,,,,,,,,0.689047544148698,False,"3,17",,,20.0,
44,KL-JMI,pair,True,,0.11048653316508661,,,,,,,,,,,,,,,,,,,0.689047544148698,False,"3,18",,,20.0,
44,KL-JMI,pair,True,,0.1044752100773172,,,,,,,,,,,,,,,,,,,0.689047544148698,False,"3,19",,,20.0,
44,KL-JMI,pair,True,,0.09690222583774899,,,,,,,,,,,,,,,,,,,0.689047544148698,False,"3,20",,,20.0,
44,KL-JMI,pair,True,,0.0991843812505604,,,,,,,,,,,,,,,,,,,0.689047544148698,False,"3,21",,,20.0,
44,KL-JMI,pair,False,,-0.5411190567009929,,,,,,,,,,,,,,,,,,,0.689047544148698,True,"3,22",,,20.0,
44,KL-JMI,pair,False,,-0.43444113444184307,,,,,,,,,,,,,,,,,,,0.689047544148698,True,"3,23",,,20.0,
44,KL-JMI,pair,True,,0.09753188236326427,,,,,,,,,,,,,,,,,,,0.689047544148698,False,"3,24",,,20.0,
44,KL-JMI,pair,True,,0.09105360076458568,,,,,,,,,,,,,,,,,,,0.689047544148698,False,"4,5",,,20.0,
44,KL-JMI,pair,True,,0.08645004387616506,,,,,,,,,,,,,,,,,,,0.689047544148698,False,"4,6",,,20.0,
44,KL-JMI,pair,True,,0.06978271743982978,,,,,,,,,,,,,,,,,,,0.689047544148698,False,"4,7",,,20.0,
44,KL-JMI,pair,True,,0.08256754604867167,,,,,,,,,,,,,,,,,,,0.689047544148698,False,"4,8",,,20.0,
44,KL-JMI,pair,False,,0.07246110660746385,,,,,,,,,,,,,,,,,,,0.689047544148698,False,"4,9",,,20.0,
44,KL-JMI,pair,True,,0.07269735809396938,,,,,,,,,,,,,,,,,,,0.689047544148698,False,"4,10",,,20.0,
44,KL-JMI,pair,True,,0.07351893426358003,,,,,,,,,,,,,,,,,,,0.689047544148698,False,"4,11",,,20.0,
44,KL-JMI,pair,True,,0.04384048996056977,,,,,,,,,,,,,,,,,,,0.689047544148698,False,"4,12",,,20.0,
44,KL-JMI,pair,True,,0.07437999492576264,,,,,,,,,,,,,,,,,,,0.689047544148698,False,"4,13",,,20.0,
44,KL-JMI,pair,True,,0.07481861276687951,,,,,,,,,,,,,,,,,,,0.689047544148698,False,"4,14",,,20.0,
44,KL-JMI,pair,True,,0.09076063397045742,,,,,,,,,,,,,,,,,,,0.689047544148698,False,"4,15",,,20.0,
44,KL-JMI,pair,True,,0.08165670837889039,,,,,,,,,,,,,,,,,,,0.689047544148698,False,"4,16",,,20.0,
44,KL-JMI,pair,False,,0.06162239690230242,,,,,,,,,,,,,,,,,,,0.689047544148698,False,"4,17",,,20.0,
44,KL-JMI,pair,True,,0.06910873766673609,,,,,,,,,,,,,,,,,,,0.689047544148698,False,"4,18",,,20.0,
44,KL-JMI,pair,True,,0.08483447593838811,,,,,,,,,,,,,,,,,,,0.689047544148698,False,"4,19",,,20.0,
44,KL-JMI,pair,True,,0.0719064172592796,,,,,,,,,,,,,,,,,,,0.689047544148698,False,"4,20",,,20.0,
44,KL-JMI,pair,True,,0.06072152330107916,,,,,,,,,,,,,,,,,,,0.689047544148698,False,"4,21",,,20.0,
44,KL-JMI,pair,False,,-0.14641012268132325,,,,,,,,,,,,,,,,,,,0.689047544148698,True,"4,22",,,20.0,
44,KL-JMI,pair,False,,-0.2927568762378705,,,,,,,,,,,,,,,,,,,0.689047544148698,True,"4,23",,,20.0,
44,KL-JMI,pair,True,,0.06610327968124063,,,,,,,,,,,,,,,,,,,0.689047544148698,False,"4,24",,,20.0,
44,KL-JMI,pair,True,,0.06822796398979847,,,,,,,,,,,,,,,,,,,0.689047544148698,False,"5,6",,,20.0,
44,KL-JMI,pair,True,,0.08038990204458174,,,,,,,,,,,,,,,,,,,0.689047544148698,False,"5,7",,,20.0,
44,KL-JMI,pair,True,,0.10489614491343291,,,,,,,,,,,,,,,,,,,0.689047544148698,False,"5,8",,,20.0,
44,KL-JMI,pair,False,,-0.258275274732517,,,,,,,,,,,,,,,,,,,0.689047544148698,True,"5,9",,,20.0,
44,KL-JMI,pair,True,,0.07523386395777454,,,,,,,,,,,,,,,,,,,0.689047544148698,False,"5,10",,,20.0,
44,KL-JMI,pair,True,,0.09568231006817207,,,,,,,,,,,,,,,,,,,0.689047544148698,False,"5,11",,,20.0,
44,KL-JMI,pair,True,,-0.05981731394112311,,,,,,,,,,,,,,,,,,,0.689047544148698,True,"5,12",,,20.0,
44,KL-JMI,pair,True,,-0.1782775376431074,,,,,,,,,,,,,,,,,,,0.689047544148698,True,"5,13",,,20.0,
44,KL-JMI,pair,True,,0.11288488579458056,,,,,,,,,,,,,,,,,,,0.689047544148698,False,"5,14",,,20.0,
44,KL-JMI,pair,True,,0.11567300185373064,,,,,,,,,,,,,,,,,,,0.689047544148698,False,"5,15",,,20.0,
44,KL-JMI,pair,True,,0.11916244320790459,,,,,,,,,,,,,,,,,,,0.689047544148698,False,"5,16",,,20.0,
44,KL-JMI,pair,False,,-0.6358763450965448,,,,,,,,,,,,,,,,,,,0.689047544148698,True,"5,17",,,20.0,
44,KL-JMI,pair,True,,0.1160678653348044,,,,,,,,,,,,,,,,,,,0.689047544148698,False,"5,18",,,20.0,
44,KL-JMI,pair,True,,0.10456130858622559,,,,,,,,,,,,,,,,,,,0.689047544148698,False,"5,19",,,20.0,
44,KL-JMI,pair,True,,0.10016220826467181,,,,,,,,,,,,,,,,,,,0.689047544148698,False,"5,20",,,20.0,
44,KL-JMI,pair,True,,0.0868092924764099,,,,,,,,,,,,,,,,,,,0.689047544148698,False,"5,21",,,20.0,
44,KL-JMI,pair,False,,-0.8465644707085596,,,,,,,,,,,,,,,,,,,0.689047544148698,True,"5,22",,,20.0,
44,KL-JMI,pair,False,,-0.44944605752366673,,,,,,,,,,,,,,,,,,,0.689047544148698,True,"5,23",,,20.0,
44,KL-JMI,pair,True,,0.091431389677336,,,,,,,,,,,,,,,,,,,0.689047544148698,False,"5,24",,,20.0,
44,KL-JMI,pair,True,,0.08036858930194057,,,,,,,,,,,,,,,,,,,0.689047544148698,False,"6,7",,,20.0,
44,KL-JMI,pair,True,,0.09232041285501102,,,,,,,,,,,,,,,,,,,0.689047544148698,False,"6,8",,,20.0,
44,KL-JMI,pair,False,,0.09177460422624018,,,,,,,,,,,,,,,,,,,0.689047544148698,False,"6,9",,,20.0,
44,KL-JMI,pair,True,,0.0875358747883015,,,,,,,,,,,,,,,,,,,0.689047544148698,False,"6,10",,,20.0,
44,KL-JMI,pair,True,,0.08029151382175925,,,,,,,,,,,,,,,,,,,0.689047544148698,False,"6,11",,,20.0,
44,KL-JMI,pair,True,,0.03387418266992981,,,,,,,,,,,,,,,,,,,0.689047544148698,False,"6,12",,,20.0,
44,KL-JMI,pair,True,,0.09337058419888322,,,,,,,,,,,,,,,,,,,0.689047544148698,False,"6,13",,,20.0,
44,KL-JMI,pair,True,,0.09297077544417998,,,,,,,,,,,,,,,,,,,0.689047544148698,False,"6,14",,,20.0,
44,KL-JMI,pair,True,,0.08631612104641517,,,,,,,,,,,,,,,,,,,0.689047544148698,False,"6,15",,,20.0,
44,KL-JMI,pair,True,,0.09734433892615524,,,,,,,,,,,,,,,,,,,0.689047544148698,False,"6,16",,,20.0,
44,KL-JMI,pair,False,,0.036997088178650106,,,,,,,,,,,,,,,,,,,0.689047544148698,False,"6,17",,,20.0,
44,KL-JMI,pair,True,,0.09861782795116847,,,,,,,,,,,,,,,,,,,0.689047544148698,False,"6,18",,,20.0,
44,KL-JMI,pair,True,,0.07906404548178192,,,,,,,,,,,,,,,,,,,0.689047544148698,False,"6,19",,,20.0,
44,KL-JMI,pair,True,,0.08631384200423131,,,,,,,,,,,,,,,,,,,0.689047544148698,False,"6,20",,,20.0,
44,KL-JMI,pair,True,,0.08183859156184048,,,,,,,,,,,,,,,,,,,0.689047544148698,False,"6,21",,,20.0,
44,KL-JMI,pair,False,,-0.21279610526330184,,,,,,,,,,,,,,,,,,,0.689047544148698,True,"6,22",,,20.0,
44,KL-JMI,pair,False,,-0.6670905598401387,,,,,,,,,,,,,,,,,,,0.689047544148698,True,"6,23",,,20.0,
44,KL-JMI,pair,True,,0.07383867230596719,,,,,,,,,,,,,,,,,,,0.689047544148698,False,"6,24",,,20.0,
44,KL-JMI,pair,True,,0.10254166097805162,,,,,,,,,,,,,,,,,,,0.689047544148698,False,"7,8",,,20.0,
44,KL-JMI,pair,False,,-0.12124193194122412,,,,,,,,,,,,,,,,,,,0.689047544148698,True,"7,9",,,20.0,
44,KL-JMI,pair,True,,0.07053820650724729,,,,,,,,,,,,,,,,,,,0.689047544148698,False,"7,10",,,20.0,
44,KL-JMI,pair,True,,0.10612833581829872,,,,,,,,,,,,,,,,,,,0.689047544148698,False,"7,11",,,20.0,
44,KL-JMI,pair,True,,-0.09506076662718344,,,,,,,,,,,,,,,,,,,0.689047544148698,True,"7,12",,,20.0,
44,KL-JMI,pair,True,,-0.02145284615567533,,,,,,,,,,,,,,,,,,,0.689047544148698,True,"7,13",,,20.0,
44,KL-JMI,pair,True,,0.10600877220992322,,,,,,,,,,,,,,,,,,,0.689047544148698,False,"7,14",,,20.0,
44,KL-JMI,pair,True,,0.11529662454849632,,,,,,,,,,,,,,,,,,,0.689047544148698,False,"7,15",,,20.0,
44,KL-JMI,pair,True,,0.10750605598582608,,,,,,,,,,,,,,,,,,,0.689047544148698,False,"7,16",,,20.0,
44,KL-JMI,pair,False,,-0.15914380639819647,,,,,,,,,,,,,,,,,,,0.689047544148698,True,"7,17",,,20.0,
44,KL-JMI,pair,True,,0.0947470505753989,,,,,,,,,,,,,,,,,,,0.689047544148698,False,"7,18",,,20.0,
44,KL-JMI,pair,True,,0.09712668080620102,,,,,,,,,,,,,,,,,,,0.689047544148698,False,"7,19",,,20.0,
44,KL-JMI,pair,True,,0.09182008971954936,,,,,,,,,,,,,,,,,,,0.689047544148698,False,"7,20",,,20.0,
44,KL-JMI,pair,True,,0.08582139935906241,,,,,,,,,,,,,,,,,,,0.689047544148698,False,"7,21",,,20.0,
44,KL-JMI,pair,False,,-0.7304355787442727,,,,,,,,,,,,,,,,,,,0.689047544148698,True,"7,22",,,20.0,
44,KL-JMI,pair,False,,-0.3280383692312485,,,,,,,,,,,,,,,,,,,0.689047544148698,True,"7,23",,,20.0,
44,KL-JMI,pair,True,,0.08582211623055347,,,,,,,,,,,,,,,,,,,0.689047544148698,False,"7,24",,,20.0,
44,KL-JMI,pair,False,,0.10008911049985048,,,,,,,,,,,,,,,,,,,0.689047544148698,False,"8,9",,,20.0,
44,KL-JMI,pair,True,,0.07902025679069746,,,,,,,,,,,,,,,,,,,0.689047544148698,False,"8,10",,,20.0,
44,KL-JMI,pair,True,,0.08704580643688287,,,,,,,,,,,,,,,,,,,0.689047544148698,False,"8,11",,,20.0,
44,KL-JMI,pair,True,,0.03522410736645698,,,,,,,,,,,,,,,,,,,0.689047544148698,False,"8,12",,,20.0,
44,KL-JMI,pair,True,,0.09604647874359173,,,,,,,,,,,,,,,,,,,0.689047544148698,False,"8,13",,,20.0,
44,KL-JMI,pair,True,,0.10570159828561865,,,,,,,,,,,,,,,,,,,0.689047544148698,False,"8,14",,,20.0,
44,KL-JMI,pair,True,,0.09648591587029953,,,,,,,,,,,,,,,,,,,0.689047544148698,False,"8,15",,,20.0,
44,KL-JMI,pair,True,,0.10991050284919401,,,,,,,,,,,,,,,,,,,0.689047544148698,False,"8,16",,,20.0,
44,KL-JMI,pair,False,,0.09142437778520618,,,,,,,,,,,,,,,,,,,0.689047544148698,False,"8,17",,,20.0,
44,KL-JMI,pair,True,,0.10380890081436567,,,,,,,,,,,,,,,,,,,0.689047544148698,False,"8,18",,,20.0,
44,KL-JMI,pair,True,,0.07532218355687759,,,,,,,,,,,,,,,,,,,0.689047544148698,False,"8,19",,,20.0,
44,KL-JMI,pair,True,,0.0845365505387079,,,,,,,,,,,,,,,,,,,0.689047544148698,False,"8,20",,,20.0,
44,KL-JMI,pair,True,,0.08875219934116196,,,,,,,,,,,,,,,,,,,0.689047544148698,False,"8,21",,,20.0,
44,KL-JMI,pair,False,,-0.2074913404340517,,,,,,,,,,,,,,,,,,,0.689047544148698,True,"8,22",,,20.0,
44,KL-JMI,pair,False,,-0.5849163188289253,,,,,,,,,,,,,,,,,,,0.689047544148698,True,"8,23",,,20.0,
44,KL-JMI,pair,True,,0.06387644407196635,,,,,,,,,,,,,,,,,,,0.689047544148698,False,"8,24",,,20.0,
44,KL-JMI,pair,False,,0.04050395737798862,,,,,,,,,,,,,,,,,,,0.689047544148698,False,"9,10",,,20.0,
44,KL-JMI,pair,False,,0.11349092639245217,,,,,,,,,,,,,,,,,,,0.689047544148698,False,"9,11",,,20.0,
44,KL-JMI,pair,False,,-0.0638358450204124,,,,,,,,,,,,,,,,,,,0.689047544148698,True,"9,12",,,20.0,
44,KL-JMI,pair,False,,-0.2947524677797033,,,,,,,,,,,,,,,,,,,0.689047544148698,True,"9,13",,,20.0,
44,KL-JMI,pair,False,,0.09807196970055809,,,,,,,,,,,,,,,,,,,0.689047544148698,False,"9,14",,,20.0,
44,KL-JMI,pair,False,,0.02161707755483322,,,,,,,,,,,,,,,,,,,0.689047544148698,False,"9,15",,,20.0,
44,KL-JMI,pair,False,,0.1092434010023351,,,,,,,,,,,,,,,,,,,0.689047544148698,False,"9,16",,,20.0,
44,KL-JMI,pair,False,,-0.8063992917075016,,,,,,,,,,,,,,,,,,,0.689047544148698,True,"9,17",,,20.0,
44,KL-JMI,pair,False,,0.08572205724436488,,,,,,,,,,,,,,,,,,,0.689047544148698,False,"9,18",,,20.0,
44,KL-JMI,pair,False,,0.09691021099448438,,,,,,,,,,,,,,,,,,,0.689047544148698,False,"9,19",,,20.0,
44,KL-JMI,pair,False,,0.06411875378021303,,,,,,,,,,,,,,,,,,,0.689047544148698,False,"9,20",,,20.0,
44,KL-JMI,pair,False,,0.07074408821755451,,,,,,,,,,,,,,,,,,,0.689047544148698,False,"9,21",,,20.0,
44,KL-JMI,pair,False,,-0.8792336422916951,,,,,,,,,,,,,,,,,,,0.689047544148698,True,"9,22",,,20.0,
44,KL-JMI,pair,False,,-0.3448770993892163,,,,,,,,,,,,,,,,,,,0.689047544148698,True,"9,23",,,20.0,
44,KL-JMI,pair,False,,0.07791915715783682,,,,,,,,,,,,,,,,,,,0.689047544148698,False,"9,24",,,20.0,
44,KL-JMI,pair,True,,0.07397279994383399,,,,,,,,,,,,,,,,,,,0.689047544148698,False,"10,11",,,20.0,
44,KL-JMI,pair,True,,0.05586658865415117,,,,,,,,,,,,,,,,,,,0.689047544148698,False,"10,12",,,20.0,
44,KL-JMI,pair,True,,0.08469263415429662,,,,,,,,,,,,,,,,,,,0.689047544148698,False,"10,13",,,20.0,
44,KL-JMI,pair,True,,0.08125111436306454,,,,,,,,,,,,,,,,,,,0.689047544148698,False,"10,14",,,20.0,
44,KL-JMI,pair,True,,0.08282395118854557,,,,,,,,,,,,,,,,,,,0.689047544148698,False,"10,15",,,20.0,
44,KL-JMI,pair,True,,0.10385748865865496,,,,,,,,,,,,,,,,,,,0.689047544148698,False,"10,16",,,20.0,
44,KL-JMI,pair,False,,0.03367071670041,,,,,,,,,,,,,,,,,,,0.689047544148698,False,"10,17",,,20.0,
44,KL-JMI,pair,True,,0.08459704734741536,,,,,,,,,,,,,,,,,,,0.689047544148698,False,"10,18",,,20.0,
44,KL-JMI,pair,True,,0.09146755183999167,,,,,,,,,,,,,,,,,,,0.689047544148698,False,"10,19",,,20.0,
44,KL-JMI,pair,True,,0.06901211813420627,,,,,,,,,,,,,,,,,,,0.689047544148698,False,"10,20",,,20.0,
44,KL-JMI,pair,True,,0.07401405875018652,,,,,,,,,,,,,,,,,,,0.689047544148698,False,"10,21",,,20.0,
44,KL-JMI,pair,False,,-0.15296692655443422,,,,,,,,,,,,,,,,,,,0.689047544148698,True,"10,22",,,20.0,
44,KL-JMI,pair,False,,-0.26259607027056564,,,,,,,,,,,,,,,,,,,0.689047544148698,True,"10,23",,,20.0,
44,KL-JMI,pair,True,,0.06859316383148162,,,,,,,,,,,,,,,,,,,0.689047544148698,False,"10,24",,,20.0,
44,KL-JMI,pair,True,,0.029713634921238574,,,,,,,,,,,,,,,,,,,0.689047544148698,False,"11,12",,,20.0,
44,KL-JMI,pair,True,,0.10801424167277185,,,,,,,,,,,,,,,,,,,0.689047544148698,False,"11,13",,,20.0,
44,KL-JMI,pair,True,,0.0826755169820026,,,,,,,,,,,,,,,,,,,0.689047544148698,False,"11,14",,,20.0,
44,KL-JMI,pair,True,,0.10222412154518601,,,,,,,,,,,,,,,,,,,0.689047544148698,False,"11,15",,,20.0,
44,KL-JMI,pair,True,,0.09669528472394284,,,,,,,,,,,,,,,,,,,0.689047544148698,False,"11,16",,,20.0,
44,KL-JMI,pair,False,,0.08833278916326881,,,,,,,,,,,,,,,,,,,0.689047544148698,False,"11,17",,,20.0,
44,KL-JMI,pair,True,,0.10083116494835753,,,,,,,,,,,,,,,,,,,0.689047544148698,False,"11,18",,,20.0,
44,KL-JMI,pair,True,,0.0778711966098431,,,,,,,,,,,,,,,,,,,0.689047544148698,False,"11,19",,,20.0,
44,KL-JMI,pair,True,,0.08929148418436306,,,,,,,,,,,,,,,,,,,0.689047544148698,False,"11,20",,,20.0,
44,KL-JMI,pair,True,,0.06545811757701636,,,,,,,,,,,,,,,,,,,0.689047544148698,False,"11,21",,,20.0,
44,KL-JMI,pair,False,,-0.1299045145024591,,,,,,,,,,,,,,,,,,,0.689047544148698,True,"11,22",,,20.0,
44,KL-JMI,pair,False,,-0.24370237314517995,,,,,,,,,,,,,,,,,,,0.689047544148698,True,"11,23",,,20.0,
44,KL-JMI,pair,True,,0.08209117097324703,,,,,,,,,,,,,,,,,,,0.689047544148698,False,"11,24",,,20.0,
44,KL-JMI,pair,True,,-0.02179730635539845,,,,,,,,,,,,,,,,,,,0.689047544148698,True,"12,13",,,20.0,
44,KL-JMI,pair,True,,0.0436132432756795,,,,,,,,,,,,,,,,,,,0.689047544148698,False,"12,14",,,20.0,
44,KL-JMI,pair,True,,-0.028461156312687086,,,,,,,,,,,,,,,,,,,0.689047544148698,True,"12,15",,,20.0,
44,KL-JMI,pair,True,,0.06881868391355339,,,,,,,,,,,,,,,,,,,0.689047544148698,False,"12,16",,,20.0,
44,KL-JMI,pair,False,,-0.12006481712544681,,,,,,,,,,,,,,,,,,,0.689047544148698,True,"12,17",,,20.0,
44,KL-JMI,pair,True,,0.025865742862193453,,,,,,,,,,,,,,,,,,,0.689047544148698,False,"12,18",,,20.0,
44,KL-JMI,pair,True,,0.028029479145121883,,,,,,,,,,,,,,,,,,,0.689047544148698,False,"12,19",,,20.0,
44,KL-JMI,pair,True,,0.03416854983468931,,,,,,,,,,,,,,,,,,,0.689047544148698,False,"12,20",,,20.0,
44,KL-JMI,pair,True,,0.00786842827021017,,,,,,,,,,,,,,,,,,,0.689047544148698,False,"12,21",,,20.0,
44,KL-JMI,pair,False,,-0.24640139032048203,,,,,,,,,,,,,,,,,,,0.689047544148698,True,"12,22",,,20.0,
44,KL-JMI,pair,False,,-0.24339519678662302,,,,,,,,,,,,,,,,,,,0.689047544148698,True,"12,23",,,20.0,
44,KL-JMI,pair,True,,0.0078070402736085676,,,,,,,,,,,,,,,,,,,0.689047544148698,False,"12,24",,,20.0,
44,KL-JMI,pair,True,,0.08762094944630583,,,,,,,,,,,,,,,,,,,0.689047544148698,False,"13,14",,,20.0,
44,KL-JMI,pair,True,,0.03405677574871646,,,,,,,,,,,,,,,,,,,0.689047544148698,False,"13,15",,,20.0,
44,KL-JMI,pair,True,,0.10895584484524523,,,,,,,,,,,,,,,,,,,0.689047544148698,False,"13,16",,,20.0,
44,KL-JMI,pair,False,,-0.7670499119848357,,,,,,,,,,,,,,,,,,,0.689047544148698,True,"13,17",,,20.0,
44,KL-JMI,pair,True,,0.09595013762513993,,,,,,,,,,,,,,,,,,,0.689047544148698,False,"13,18",,,20.0,
44,KL-JMI,pair,True,,0.10458958754199088,,,,,,,,,,,,,,,,,,,0.689047544148698,False,"13,19",,,20.0,
44,KL-JMI,pair,True,,0.04646968351102032,,,,,,,,,,,,,,,,,,,0.689047544148698,False,"13,20",,,20.0,
44,KL-JMI,pair,True,,0.06208717199177727,,,,,,,,,,,,,,,,,,,0.689047544148698,False,"13,21",,,20.0,
44,KL-JMI,pair,False,,-0.7865359685395514,,,,,,,,,,,,,,,,,,,0.689047544148698,True,"13,22",,,20.0,
44,KL-JMI,pair,False,,-0.5913069878053907,,,,,,,,,,,,,,,,,,,0.689047544148698,True,"13,23",,,20.0,
44,KL-JMI,pair,True,,0.08409739559781215,,,,,,,,,,,,,,,,,,,0.689047544148698,False,"13,24",,,20.0,
44,KL-JMI,pair,True,,0.08932476185526461,,,,,,,,,,,,,,,,,,,0.689047544148698,False,"14,15",,,20.0,
44,KL-JMI,pair,True,,0.11554972361374505,,,,,,,,,,,,,,,,,,,0.689047544148698,False,"14,16",,,20.0,
44,KL-JMI,pair,False,,0.0755487205383818,,,,,,,,,,,,,,,,,,,0.689047544148698,False,"14,17",,,20.0,
44,KL-JMI,pair,True,,0.07160024807080512,,,,,,,,,,,,,,,,,,,0.689047544148698,False,"14,18",,,20.0,
44,KL-JMI,pair,True,,0.0852773439138399,,,,,,,,,,,,,,,,,,,0.689047544148698,False,"14,19",,,20.0,
44,KL-JMI,pair,True,,0.08804817053058933,,,,,,,,,,,,,,,,,,,0.689047544148698,False,"14,20",,,20.0,
44,KL-JMI,pair,True,,0.06806791632405518,,,,,,,,,,,,,,,,,,,0.689047544148698,False,"14,21",,,20.0,
44,KL-JMI,pair,False,,-0.1660969151199665,,,,,,,,,,,,,,,,,,,0.689047544148698,True,"14,22",,,20.0,
44,KL-JMI,pair,False,,-0.33390005033617687,,,,,,,,,,,,,,,,,,,0.689047544148698,True,"14,23",,,20.0,
44,KL-JMI,pair,True,,0.07675087422663984,,,,,,,,,,,,,,,,,,,0.689047544148698,False,"14,24",,,20.0,
44,KL-JMI,pair,True,,0.09861282336140409,,,,,,,,,,,,,,,,,,,0.689047544148698,False,"15,16",,,20.0,
44,KL-JMI,pair,False,,-0.025513896506619504,,,,,,,,,,,,,,,,,,,0.689047544148698,True,"15,17",,,20.0,
44,KL-JMI,pair,True,,0.094917145336475,,,,,,,,,,,,,,,,,,,0.689047544148698,False,"15,18",,,20.0,
44,KL-JMI,pair,True,,0.09262049263678218,,,,,,,,,,,,,,,,,,,0.689047544148698,False,"15,19",,,20.0,
44,KL-JMI,pair,True,,0.07008517997285457,,,,,,,,,,,,,,,,,,,0.689047544148698,False,"15,20",,,20.0,
44,KL-JMI,pair,True,,0.1055512448023217,,,,,,,,,,,,,,,,,,,0.689047544148698,False,"15,21",,,20.0,
44,KL-JMI,pair,False,,-0.766627718388174,,,,,,,,,,,,,,,,,,,0.689047544148698,True,"15,22",,,20.0,
44,KL-JMI,pair,False,,-0.3371101652270272,,,,,,,,,,,,,,,,,,,0.689047544148698,True,"15,23",,,20.0,
44,KL-JMI,pair,True,,0.07417544075927207,,,,,,,,,,,,,,,,,,,0.689047544148698,False,"15,24",,,20.0,
44,KL-JMI,pair,False,,0.10911549474754256,,,,,,,,,,,,,,,,,,,0.689047544148698,False,"16,17",,,20.0,
44,KL-JMI,pair,True,,0.06462373465589821,,,,,,,,,,,,,,,,,,,0.689047544148698,False,"16,18",,,20.0,
44,KL-JMI,pair,True,,0.09393873791990304,,,,,,,,,,,,,,,,,,,0.689047544148698,False,"16,19",,,20.0,
44,KL-JMI,pair,True,,0.1052319183835202,,,,,,,,,,,,,,,,,,,0.689047544148698,False,"16,20",,,20.0,
44,KL-JMI,pair,True,,0.08063435759969417,,,,,,,,,,,,,,,,,,,0.689047544148698,False,"16,21",,,20.0,
44,KL-JMI,pair,False,,-0.10859721634225794,,,,,,,,,,,,,,,,,,,0.689047544148698,True,"16,22",,,20.0,
44,KL-JMI,pair,False,,-0.2567681618258897,,,,,,,,,,,,,,,,,,,0.689047544148698,True,"16,23",,,20.0,
44,KL-JMI,pair,True,,0.10062360584694119,,,,,,,,,,,,,,,,,,,0.689047544148698,False,"16,24",,,20.0,
44,KL-JMI,pair,False,,0.08380783547970072,,,,,,,,,,,,,,,,,,,0.689047544148698,False,"17,18",,,20.0,
44,KL-JMI,pair,False,,0.0721645789344898,,,,,,,,,,,,,,,,,,,0.689047544148698,False,"17,19",,,20.0,
44,KL-JMI,pair,False,,0.05381470077647443,,,,,,,,,,,,,,,,,,,0.689047544148698,False,"17,20",,,20.0,
44,KL-JMI,pair,False,,0.01277650179043821,,,,,,,,,,,,,,,,,,,0.689047544148698,False,"17,21",,,20.0,
44,KL-JMI,pair,False,,-1.1100840400905252,,,,,,,,,,,,,,,,,,,0.689047544148698,True,"17,22",,,20.0,
44,KL-JMI,pair,False,,-0.4692611113782821,,,,,,,,,,,,,,,,,,,0.689047544148698,True,"17,23",,,20.0,
44,KL-JMI,pair,False,,0.058412914845438646,,,,,,,,,,,,,,,,,,,0.689047544148698,False,"17,24",,,20.0,
44,KL-JMI,pair,True,,0.08740638370568088,,,,,,,,,,,,,,,,,,,0.689047544148698,False,"18,19",,,20.0,
44,KL-JMI,pair,True,,0.0902172057049655,,,,,,,,,,,,,,,,,,,0.689047544148698,False,"18,20",,,20.0,
44,KL-JMI,pair,True,,0.07972643903421628,,,,,,,,,,,,,,,,,,,0.689047544148698,False,"18,21",,,20.0,
44,KL-JMI,pair,False,,-0.12257991927265754,,,,,,,,,,,,,,,,,,,0.689047544148698,True,"18,22",,,20.0,
44,KL-JMI,pair,False,,-0.38939400762888887,,,,,,,,,,,,,,,,,,,0.689047544148698,True,"18,23",,,20.0,
44,KL-JMI,pair,True,,0.07780398036560543,,,,,,,,,,,,,,,,,,,0.689047544148698,False,"18,24",,,20.0,
44,KL-JMI,pair,True,,0.07658456191160923,,,,,,,,,,,,,,,,,,,0.689047544148698,False,"19,20",,,20.0,
44,KL-JMI,pair,True,,0.050967226588802594,,,,,,,,,,,,,,,,,,,0.689047544148698,False,"19,21",,,20.0,
44,KL-JMI,pair,False,,-0.13781396696978354,,,,,,,,,,,,,,,,,,,0.689047544148698,True,"19,22",,,20.0,
44,KL-JMI,pair,False,,-0.42108750397468375,,,,,,,,,,,,,,,,,,,0.689047544148698,True,"19,23",,,20.0,
44,KL-JMI,pair,True,,0.07903968751368806,,,,,,,,,,,,,,,,,,,0.689047544148698,False,"19,24",,,20.0,
44,KL-JMI,pair,True,,0.07776033874491839,,,,,,,,,,,,,,,,,,,0.689047544148698,False,"20,21",,,20.0,
44,KL-JMI,pair,False,,-0.18420507113015994,,,,,,,,,,,,,,,,,,,0.689047544148698,True,"20,22",,,20.0,
44,KL-JMI,pair,False,,-0.3163505563011899,,,,,,,,,,,,,,,,,,,0.689047544148698,True,"20,23",,,20.0,
44,KL-JMI,pair,True,,0.05269018819403781,,,,,,,,,,,,,,,,,,,0.689047544148698,False,"20,24",,,20.0,
44,KL-JMI,pair,False,,-0.5995481100752782,,,,,,,,,,,,,,,,,,,0.689047544148698,True,"21,22",,,20.0,
44,KL-JMI,pair,False,,-0.7621087886717106,,,,,,,,,,,,,,,,,,,0.689047544148698,True,"21,23",,,20.0,
44,KL-JMI,pair,True,,0.0614967511181721,,,,,,,,,,,,,,,,,,,0.689047544148698,False,"21,24",,,20.0,
44,KL-JMI,pair,False,,-0.9630065880256558,,,,,,,,,,,,,,,,,,,0.689047544148698,True,"22,23",,,20.0,
44,KL-JMI,pair,False,,-0.15173881478124107,,,,,,,,,,,,,,,,,,,0.689047544148698,True,"22,24",,,20.0,
44,KL-JMI,pair,False,,-0.6230637496265725,,,,,,,,,,,,,,,,,,,0.689047544148698,True,"23,24",,,20.0,
44,PSS ell=1,subset,True,1.0,0.03691709341759192,1.0,1.0,1.0103911772956053,-0.40672722976992337,0.9998552193426958,0.9998552193426958,0.9996816300541229,0.9996816300541229,0.9996816300541229,0.9997344662772172,0.9996816300541229,,,,,,1.0,18.0,0.689047544148698,False,18,,3.0,,3.0
44,PSS ell=1,subset,True,1.0,0.07373941076293644,1.0,1.0,1.0213177843894563,-0.7483313040656979,0.9997104386853917,0.9997104386853917,0.9994689325544344,0.9994689325544344,0.9994689325544344,0.9994689325544344,0.9995224450811844,,,,,,2.0,16.0,0.689047544148698,False,"18,16",,3.0,,3.0
44,PSS ell=1,subset,True,1.0,0.10670464890837739,1.0,1.0,1.0318201641233478,-1.128031263058309,0.9995656580280875,0.9995656580280875,0.998567335243553,0.998567335243553,0.998567335243553,0.9992033988316517,0.998567335243553,,,,,,3.0,11.0,0.689047544148698,False,"18,16,11",,3.0,,3.0
44,PSS ell=1,subset,True,1.0,0.13857331489087987,1.0,1.0,1.0446632023520523,-1.8974711415365308,0.9993484870421312,0.9993484870421312,0.9980897803247374,0.9980897803247374,0.9980897803247374,0.9989378651088688,0.9980897803247374,,,,,,4.0,4.0,0.689047544148698,False,"18,16,11,4",,3.0,,3.0
44,PSS ell=1,subset,True,1.0,0.16766565977284786,1.0,1.0,1.0589479781087594,-2.450386613924264,0.9989865353988707,0.9989865353988707,0.9972938554600446,0.9972938554600446,0.9972938554600446,0.9985395645246946,0.9972938554600446,,,,,,5.0,6.0,0.689047544148698,False,"18,16,11,4,6",,3.0,,3.0
44,PSS ell=1,subset,True,1.0,0.19487085107965463,1.0,1.0,1.0705170614584407,-2.857201232325757,0.9986969740842624,0.9986969740842624,0.9968163005412289,0.9968163005412289,0.9968163005412289,0.9978757302177377,0.9968163005412289,,,,,,6.0,19.0,0.689047544148698,False,"18,16,11,4,6,19",,3.0,,3.0
44,PSS ell=1,subset,True,1.0,0.21767881039656078,1.0,1.0,1.0831502141584626,-3.1812281518988397,0.9984798030983061,0.9984798030983061,0.9963387456224132,0.9963387456224132,0.9963387456224132,0.9974774296335635,0.9963387456224132,,,,,,7.0,8.0,0.689047544148698,False,"18,16,11,4,6,19,8",,3.0,,3.0
44,PSS ell=1,subset,True,1.0,0.2389073140488418,1.0,1.0,1.0963110945585106,-3.9033072505186173,0.9982626321123498,0.9982626321123498,0.995702005730659,0.995702005730659,0.995702005730659,0.9972118959107806,0.995702005730659,,,,,,8.0,12.0,0.689047544148698,False,"18,16,11,4,6,19,8,12",,3.0,,3.0
44,PSS ell=1,subset,True,1.0,0.2585618168164787,1.0,1.0,1.1087341750982722,-4.198126437223958,0.9981178514550456,0.9981178514550456,0.9955428207577205,0.9955428207577205,0.9955428207577205,0.9969463621879979,0.9955428207577205,,,,,,9.0,24.0,0.689047544148698,False,"18,16,11,4,6,19,8,12,24",,3.0,,3.0
44,PSS ell=1,subset,True,1.0,0.2738802036634089,1.0,1.0,1.1238118223600078,-5.032639115970698,0.9977558998117851,0.9977558998117851,0.9947468958930277,0.9947468958930277,0.9947468958930277,0.9966808284652151,0.9947468958930277,,,,,,10.0,2.0,0.689047544148698,False,"18,16,11,4,6,19,8,12,24,2",,3.0,,3.0
44,PSS ell=1,subset,True,1.0,0.28880680709876483,1.0,1.0,1.1380532988972163,-5.855758142791492,0.997611119154481,0.997611119154481,0.9945877109200891,0.9945877109200891,0.9945877109200891,0.9964152947424323,0.9945877109200891,,,,,,11.0,10.0,0.689047544148698,False,"18,16,11,4,6,19,8,12,24,2,10",,3.0,,3.0
44,PSS ell=1,subset,True,1.0,0.30312593262131937,1.0,1.0,1.1497566932179366,-6.2431924093885005,0.9971767771825684,0.9971767771825684,0.9936326010824578,0.9936326010824578,0.9936326010824578,0.9961497610196495,0.9936326010824578,,,,,,12.0,20.0,0.689047544148698,False,"18,16,11,4,6,19,8,12,24,2,10,20",,3.0,,3.0
44,PSS ell=1,subset,True,1.0,0.3121694576404712,1.0,1.0,1.1612610749157448,-6.571161949477053,0.9970319965252642,0.9970319965252642,0.9934734161095192,0.9934734161095192,0.9934734161095192,0.9960169941582581,0.9934734161095192,,,,,,13.0,14.0,0.689047544148698,False,"18,16,11,4,6,19,8,12,24,2,10,20,14",,3.0,,3.0
44,PSS ell=1,subset,True,1.0,0.3005485748334529,1.0,1.0,1.1729725028244204,-7.0684634750059905,0.996814825539308,0.996814825539308,0.9928366762177651,0.9928366762177651,0.9928366762177651,0.995618693574084,0.9928366762177651,,,,,,14.0,3.0,0.689047544148698,False,"18,16,11,4,6,19,8,12,24,2,10,20,14,3",,3.0,,3.0
44,PSS ell=1,subset,True,1.0,0.27924311697005333,1.0,1.0,1.1827057913773333,-7.5099743306051625,0.9966700448820037,0.9966700448820037,0.9923591212989494,0.9923591212989494,0.9923591212989494,0.9953531598513011,0.9923591212989494,,,,,,15.0,21.0,0.689047544148698,False,"18,16,11,4,6,19,8,12,24,2,10,20,14,3,21",,3.0,,3.0
44,PSS ell=1,subset,True,1.0,0.23153348856833134,1.0,1.0,1.1968616427438807,-10.747003046992539,0.9965252642246996,0.9965252642246996,0.9917223814071952,0.9917223814071952,0.9917223814071952,0.9950876261285183,0.9917223814071952,,,,,,16.0,23.0,0.689047544148698,False,"18,16,11,4,6,19,8,12,24,2,10,20,14,3,21,23",,3.0,,3.0
44,PSS ell=1,subset,True,1.0,0.14477203358908852,1.0,1.0,1.2103760435410327,-11.029899046413059,0.9963804835673954,0.9963804835673954,0.9914040114613181,0.9914040114613181,0.9914040114613181,0.9946893255443441,0.9914040114613181,,,,,,17.0,15.0,0.689047544148698,False,"18,16,11,4,6,19,8,12,24,2,10,20,14,3,21,23,15",,3.0,,3.0
44,PSS ell=1,subset,True,1.0,0.04509808564271012,1.0,1.0,1.2275339637626623,-19.803741584075283,0.9960909222527871,0.9960909222527871,0.991085641515441,0.991085641515441,0.991085641515441,0.99429102496017,0.991085641515441,,,,,,18.0,0.0,0.689047544148698,False,"18,16,11,4,6,19,8,12,24,2,10,20,14,3,21,23,15,0",,3.0,,3.0
44,PSS ell=1,subset,True,1.0,-0.10846206904417244,1.0,1.0,1.2419006945310145,-20.109376529408564,0.9957289706095266,0.9957289706095266,0.9902897166507482,0.9902897166507482,0.9902897166507482,0.9937599575146043,0.9902897166507482,,,,,,19.0,13.0,0.689047544148698,True,"18,16,11,4,6,19,8,12,24,2,10,20,14,3,21,23,15,0,13",,3.0,,3.0
44,PSS ell=1,subset,True,1.0,-0.27447567223963887,1.0,1.0,1.2535805767172425,-20.431369634620186,0.9957289706095266,0.9957289706095266,0.9902897166507482,0.9902897166507482,0.9902897166507482,0.9934944237918215,0.9902897166507482,,,,,,20.0,7.0,0.689047544148698,True,"18,16,11,4,6,19,8,12,24,2,10,20,14,3,21,23,15,0,13,7",,3.0,,3.0
